Date,Open,High,Low,Close,Adj Close,Volume
2016-09-22,675.0,705.0,670.0,675.0,507.1108093261719,127206700
2016-09-23,685.0,690.0,665.0,665.0,499.5980529785156,45387900
2016-09-26,660.0,680.0,640.0,645.0,484.5725402832031,40092100
2016-09-27,645.0,780.0,630.0,770.0,578.48193359375,504324900
2016-09-28,785.0,810.0,760.0,795.0,597.2637939453125,351019700
2016-09-29,810.0,850.0,810.0,830.0,623.5584106445312,441474400
2016-09-30,825.0,850.0,805.0,820.0,616.0457153320312,279351200
2016-10-03,830.0,835.0,805.0,805.0,604.7764892578125,126934100
2016-10-04,810.0,860.0,800.0,830.0,623.5584106445312,397881200
2016-10-05,825.0,845.0,790.0,795.0,597.2637939453125,220020500
2016-10-06,800.0,810.0,770.0,790.0,593.50732421875,102494300
2016-10-07,795.0,820.0,785.0,800.0,601.0202026367188,87401100
2016-10-10,805.0,810.0,785.0,790.0,593.50732421875,40937600
2016-10-11,800.0,835.0,790.0,830.0,623.5584106445312,378940600
2016-10-12,825.0,865.0,810.0,840.0,631.0711669921875,411468100
2016-10-13,845.0,850.0,825.0,830.0,623.5584106445312,116043400
2016-10-14,830.0,840.0,820.0,825.0,619.802001953125,96521300
2016-10-17,830.0,850.0,825.0,835.0,627.3148803710938,233367300
2016-10-18,840.0,845.0,820.0,830.0,623.5584106445312,101209600
2016-10-19,830.0,835.0,820.0,825.0,619.802001953125,47547700
2016-10-20,830.0,830.0,800.0,810.0,608.532958984375,58552300
2016-10-21,810.0,835.0,805.0,820.0,616.0457153320312,67782000
2016-10-24,820.0,840.0,820.0,840.0,631.0711669921875,95607700
2016-10-25,840.0,845.0,830.0,835.0,627.3148803710938,72098900
2016-10-26,835.0,845.0,825.0,840.0,631.0711669921875,104685700
2016-10-27,840.0,900.0,840.0,875.0,657.3657836914062,427882900
2016-10-28,880.0,890.0,860.0,865.0,649.8530883789062,74901000
2016-10-31,870.0,895.0,860.0,895.0,672.3912353515625,182704100
2016-11-01,895.0,930.0,885.0,900.0,676.1477661132812,182576500
2016-11-02,900.0,915.0,890.0,900.0,676.1477661132812,124615400
2016-11-03,895.0,925.0,875.0,890.0,668.6349487304688,221275500
2016-11-04,890.0,915.0,875.0,910.0,683.6604614257812,113935700
2016-11-07,915.0,920.0,890.0,910.0,683.6604614257812,142260400
2016-11-08,915.0,925.0,905.0,910.0,683.6604614257812,144103500
2016-11-09,915.0,915.0,865.0,890.0,668.6349487304688,168970200
2016-11-10,900.0,905.0,880.0,895.0,672.3912353515625,130109100
2016-11-11,885.0,910.0,865.0,900.0,676.1477661132812,133914300
2016-11-14,900.0,910.0,880.0,885.0,664.8785400390625,83387400
2016-11-15,885.0,910.0,880.0,885.0,664.8785400390625,130221700
2016-11-16,890.0,900.0,870.0,880.0,661.1221923828125,68695000
2016-11-17,880.0,925.0,880.0,900.0,676.1477661132812,127935600
2016-11-18,905.0,910.0,890.0,900.0,676.1477661132812,34541100
2016-11-21,900.0,910.0,890.0,890.0,668.6349487304688,30702600
2016-11-22,905.0,915.0,895.0,910.0,683.6604614257812,76454500
2016-11-23,915.0,990.0,910.0,975.0,732.4933471679688,540027600
2016-11-24,980.0,990.0,950.0,970.0,728.7369995117188,235396300
2016-11-25,970.0,980.0,960.0,965.0,724.9805908203125,52239300
2016-11-28,970.0,1005.0,960.0,985.0,740.0060424804688,184406700
2016-11-29,990.0,995.0,975.0,975.0,732.4933471679688,46960100
2016-11-30,975.0,980.0,965.0,970.0,728.7369995117188,77320900
2016-12-01,965.0,975.0,950.0,955.0,717.4678955078125,58240900
2016-12-02,940.0,965.0,940.0,965.0,724.9805908203125,58494500
2016-12-05,965.0,975.0,955.0,965.0,724.9805908203125,47397300
2016-12-06,970.0,970.0,960.0,960.0,721.2241821289062,20850600
2016-12-07,965.0,980.0,955.0,960.0,721.2241821289062,47380800
2016-12-08,965.0,975.0,945.0,950.0,713.71142578125,52673800
2016-12-09,945.0,965.0,940.0,945.0,709.955078125,46448400
2016-12-13,940.0,945.0,895.0,900.0,676.1477661132812,146916800
2016-12-14,900.0,905.0,875.0,880.0,661.1221923828125,67959800
2016-12-15,875.0,905.0,860.0,895.0,672.3912353515625,68821900
2016-12-16,905.0,905.0,880.0,885.0,664.8785400390625,91495400
2016-12-19,885.0,905.0,870.0,870.0,653.6094970703125,41865600
2016-12-20,870.0,890.0,860.0,865.0,649.8530883789062,33456000
2016-12-21,860.0,890.0,850.0,885.0,664.8785400390625,52606200
2016-12-22,885.0,890.0,850.0,860.0,646.0966796875,38139400
2016-12-23,860.0,880.0,855.0,855.0,642.3402709960938,28303600
2016-12-27,855.0,865.0,850.0,850.0,638.5838623046875,18819500
2016-12-28,860.0,895.0,855.0,890.0,668.6349487304688,43766900
2016-12-29,890.0,905.0,885.0,895.0,672.3912353515625,54890000
2016-12-30,905.0,905.0,890.0,895.0,672.3912353515625,56281600
2017-01-02,895.0,895.0,895.0,895.0,672.3912353515625,0
2017-01-03,895.0,895.0,875.0,885.0,664.8785400390625,3577900
2017-01-04,885.0,905.0,865.0,865.0,649.8530883789062,34615900
2017-01-05,875.0,885.0,865.0,870.0,653.6094970703125,22442900
2017-01-06,880.0,885.0,865.0,865.0,649.8530883789062,31596400
2017-01-09,870.0,875.0,850.0,855.0,642.3402709960938,28355600
2017-01-10,855.0,875.0,855.0,865.0,649.8530883789062,25951400
2017-01-11,875.0,880.0,865.0,875.0,657.3657836914062,54071100
2017-01-12,870.0,880.0,865.0,865.0,649.8530883789062,26714800
2017-01-13,885.0,920.0,885.0,920.0,691.1732177734375,249158500
2017-01-16,920.0,930.0,900.0,905.0,679.904052734375,94797700
2017-01-17,910.0,915.0,895.0,895.0,672.3912353515625,48280000
2017-01-18,895.0,905.0,890.0,895.0,672.3912353515625,31798300
2017-01-19,895.0,915.0,890.0,900.0,676.1477661132812,163836300
2017-01-20,905.0,910.0,885.0,885.0,664.8785400390625,65489900
2017-01-23,885.0,890.0,865.0,865.0,649.8530883789062,87451000
2017-01-24,865.0,870.0,800.0,805.0,604.7764892578125,274193800
2017-01-25,810.0,820.0,800.0,805.0,604.7764892578125,99975500
2017-01-26,810.0,815.0,795.0,810.0,608.532958984375,74909100
2017-01-27,800.0,810.0,795.0,805.0,604.7764892578125,57687700
2017-01-30,805.0,810.0,795.0,800.0,601.0202026367188,68393700
2017-01-31,805.0,820.0,795.0,800.0,601.0202026367188,101645300
2017-02-01,810.0,815.0,800.0,810.0,608.532958984375,69998700
2017-02-02,815.0,845.0,810.0,840.0,631.0711669921875,162025700
2017-02-03,850.0,860.0,830.0,830.0,623.5584106445312,73688300
2017-02-06,830.0,835.0,810.0,815.0,612.289306640625,36778500
2017-02-07,815.0,820.0,805.0,805.0,604.7764892578125,28704900
2017-02-08,810.0,815.0,795.0,805.0,604.7764892578125,31882400
2017-02-09,805.0,815.0,800.0,800.0,601.0202026367188,36337000
2017-02-10,805.0,815.0,800.0,810.0,608.532958984375,28055200
2017-02-13,820.0,820.0,810.0,810.0,608.532958984375,28476300
2017-02-14,815.0,815.0,800.0,800.0,601.0202026367188,36332700
2017-02-15,800.0,800.0,800.0,800.0,601.0202026367188,0
2017-02-16,805.0,810.0,800.0,800.0,601.0202026367188,26544400
2017-02-17,805.0,805.0,795.0,795.0,597.2637939453125,17888100
2017-02-20,795.0,800.0,780.0,785.0,589.7510375976562,45617300
2017-02-21,785.0,810.0,780.0,790.0,593.50732421875,63762800
2017-02-22,790.0,800.0,785.0,785.0,589.7510375976562,23326100
2017-02-23,790.0,790.0,780.0,785.0,589.7510375976562,19677800
2017-02-24,785.0,790.0,765.0,765.0,574.7255859375,25128900
2017-02-27,770.0,775.0,740.0,740.0,555.943603515625,58062400
2017-02-28,740.0,770.0,740.0,745.0,559.7000122070312,59062300
2017-03-01,760.0,765.0,745.0,750.0,563.4564819335938,47113700
2017-03-02,760.0,785.0,750.0,770.0,578.48193359375,65126800
2017-03-03,770.0,770.0,755.0,755.0,567.2127075195312,27159000
2017-03-06,755.0,770.0,750.0,760.0,570.9691162109375,31431800
2017-03-07,760.0,760.0,745.0,750.0,563.4564819335938,13194100
2017-03-08,745.0,750.0,725.0,730.0,548.4309692382812,29069300
2017-03-09,725.0,745.0,715.0,735.0,552.187255859375,70456200
2017-03-10,740.0,740.0,725.0,730.0,548.4309692382812,12387900
2017-03-13,730.0,740.0,725.0,725.0,544.6744384765625,17603800
2017-03-14,730.0,735.0,705.0,705.0,529.6489868164062,53558600
2017-03-15,705.0,710.0,690.0,695.0,522.1362915039062,35648700
2017-03-16,700.0,725.0,700.0,715.0,537.1617431640625,54707700
2017-03-17,720.0,780.0,720.0,760.0,570.9691162109375,141376300
2017-03-20,770.0,780.0,750.0,760.0,570.9691162109375,46958900
2017-03-21,765.0,765.0,740.0,750.0,563.4564819335938,22188200
2017-03-22,745.0,745.0,735.0,740.0,555.943603515625,15535300
2017-03-23,740.0,755.0,740.0,745.0,559.7000122070312,15433100
2017-03-24,750.0,750.0,730.0,730.0,548.4309692382812,16775200
2017-03-27,730.0,735.0,710.0,720.0,540.918212890625,13391800
2017-03-29,730.0,745.0,720.0,745.0,559.7000122070312,21848400
2017-03-30,750.0,750.0,725.0,725.0,544.6744384765625,16325800
2017-03-31,725.0,740.0,725.0,730.0,548.4309692382812,12350500
2017-04-03,735.0,740.0,715.0,715.0,537.1617431640625,22045400
2017-04-04,720.0,730.0,715.0,720.0,540.918212890625,24341900
2017-04-05,725.0,730.0,710.0,710.0,533.4053344726562,23488800
2017-04-06,720.0,720.0,710.0,715.0,537.1617431640625,11373700
2017-04-07,710.0,730.0,710.0,715.0,537.1617431640625,21113000
2017-04-10,715.0,725.0,705.0,705.0,529.6489868164062,14646900
2017-04-11,710.0,715.0,700.0,700.0,525.8926391601562,11258400
2017-04-12,705.0,730.0,700.0,725.0,544.6744384765625,40154800
2017-04-13,730.0,745.0,725.0,735.0,552.187255859375,32527700
2017-04-17,735.0,745.0,715.0,720.0,540.918212890625,16084400
2017-04-18,720.0,725.0,705.0,710.0,533.4053344726562,17214600
2017-04-19,710.0,710.0,710.0,710.0,533.4053344726562,0
2017-04-20,710.0,715.0,695.0,700.0,525.8926391601562,29325100
2017-04-21,700.0,705.0,695.0,700.0,525.8926391601562,23755000
2017-04-25,700.0,705.0,695.0,700.0,525.8926391601562,18629700
2017-04-26,700.0,705.0,695.0,700.0,525.8926391601562,17763500
2017-04-27,700.0,700.0,690.0,695.0,522.1362915039062,16444000
2017-04-28,695.0,715.0,695.0,695.0,522.1362915039062,44285700
2017-05-02,705.0,705.0,685.0,685.0,514.6235961914062,26785400
2017-05-03,685.0,700.0,660.0,665.0,499.5980529785156,39252200
2017-05-04,670.0,670.0,645.0,645.0,484.5725402832031,33320500
2017-05-05,640.0,640.0,625.0,630.0,473.3034362792969,32981900
2017-05-08,630.0,660.0,630.0,640.0,480.8161315917969,35290200
2017-05-09,645.0,655.0,630.0,630.0,473.3034362792969,17059800
2017-05-10,630.0,645.0,625.0,625.0,469.54705810546875,27182000
2017-05-12,625.0,630.0,610.0,620.0,465.7906494140625,16641100
2017-05-15,620.0,625.0,595.0,610.0,458.2778625488281,32166200
2017-05-16,615.0,705.0,605.0,700.0,525.8926391601562,133675800
2017-05-17,705.0,730.0,685.0,705.0,529.6489868164062,108904600
2017-05-18,690.0,715.0,690.0,695.0,522.1362915039062,30963400
2017-05-19,695.0,715.0,685.0,700.0,525.8926391601562,24996400
2017-05-22,710.0,725.0,690.0,695.0,522.1362915039062,61079400
2017-05-23,700.0,715.0,695.0,705.0,529.6489868164062,32925900
2017-05-24,705.0,715.0,700.0,705.0,529.6489868164062,14749300
2017-05-26,700.0,710.0,690.0,700.0,525.8926391601562,29798500
2017-05-29,700.0,750.0,700.0,750.0,563.4564819335938,141141200
2017-05-30,755.0,760.0,730.0,735.0,552.187255859375,64525500
2017-05-31,740.0,790.0,735.0,775.0,582.2383422851562,183754000
2017-06-01,775.0,775.0,775.0,775.0,582.2383422851562,0
2017-06-02,780.0,780.0,755.0,760.0,570.9691162109375,36832000
2017-06-05,770.0,780.0,725.0,725.0,544.6744384765625,115261500
2017-06-06,725.0,740.0,720.0,720.0,540.918212890625,35456100
2017-06-07,725.0,730.0,720.0,720.0,540.918212890625,25556500
2017-06-08,720.0,725.0,705.0,715.0,537.1617431640625,57808300
2017-06-09,720.0,720.0,710.0,715.0,537.1617431640625,15215200
2017-06-12,715.0,725.0,705.0,705.0,529.6489868164062,19076100
2017-06-13,705.0,735.0,705.0,725.0,544.6744384765625,36398000
2017-06-14,730.0,755.0,725.0,740.0,555.943603515625,43368600
2017-06-15,740.0,750.0,725.0,725.0,544.6744384765625,14858200
2017-06-16,725.0,735.0,705.0,720.0,540.918212890625,21389700
2017-06-19,720.0,725.0,705.0,705.0,529.6489868164062,17487600
2017-06-20,715.0,715.0,705.0,710.0,533.4053344726562,9263500
2017-06-21,715.0,715.0,690.0,695.0,522.1362915039062,20616500
2017-06-22,705.0,705.0,695.0,695.0,522.1362915039062,6431000
2017-06-23,695.0,695.0,695.0,695.0,522.1362915039062,0
2017-06-26,695.0,695.0,695.0,695.0,522.1362915039062,0
2017-06-27,695.0,695.0,695.0,695.0,522.1362915039062,0
2017-06-28,695.0,695.0,695.0,695.0,522.1362915039062,0
2017-06-29,695.0,695.0,695.0,695.0,522.1362915039062,0
2017-06-30,695.0,695.0,695.0,695.0,522.1362915039062,0
2017-07-03,705.0,715.0,695.0,700.0,525.8926391601562,15816300
2017-07-04,700.0,710.0,685.0,705.0,529.6489868164062,25412300
2017-07-05,705.0,710.0,695.0,700.0,525.8926391601562,25318300
2017-07-06,700.0,705.0,695.0,695.0,522.1362915039062,6155100
2017-07-07,695.0,720.0,695.0,710.0,533.4053344726562,22957900
2017-07-10,720.0,720.0,700.0,705.0,529.6489868164062,5487400
2017-07-11,710.0,710.0,695.0,695.0,522.1362915039062,11048100
2017-07-12,700.0,705.0,695.0,700.0,525.8926391601562,6873200
2017-07-13,705.0,705.0,695.0,700.0,525.8926391601562,4404900
2017-07-14,705.0,705.0,695.0,695.0,522.1362915039062,6158400
2017-07-17,705.0,735.0,700.0,720.0,540.918212890625,72311400
2017-07-18,720.0,740.0,715.0,715.0,537.1617431640625,37100300
2017-07-19,725.0,730.0,715.0,725.0,544.6744384765625,21032700
2017-07-20,725.0,725.0,715.0,715.0,537.1617431640625,8878600
2017-07-21,720.0,720.0,705.0,705.0,529.6489868164062,10171800
2017-07-24,715.0,715.0,695.0,700.0,525.8926391601562,13504500
2017-07-25,700.0,710.0,695.0,700.0,525.8926391601562,14167700
2017-07-26,710.0,730.0,705.0,720.0,540.918212890625,59653900
2017-07-27,725.0,730.0,710.0,715.0,537.1617431640625,26317600
2017-07-28,715.0,720.0,685.0,690.0,518.3798828125,109987400
2017-07-31,695.0,700.0,685.0,690.0,518.3798828125,19661600
2017-08-01,700.0,700.0,685.0,690.0,518.3798828125,29985500
2017-08-02,680.0,690.0,680.0,685.0,514.6235961914062,32474400
2017-08-03,690.0,700.0,680.0,680.0,510.86712646484375,25897800
2017-08-04,680.0,685.0,650.0,660.0,495.8416748046875,61558600
2017-08-07,660.0,660.0,645.0,650.0,488.3288269042969,33692700
2017-08-08,650.0,675.0,650.0,670.0,503.3543395996094,27776800
2017-08-09,680.0,700.0,680.0,695.0,522.1362915039062,50302900
2017-08-10,700.0,710.0,685.0,700.0,525.8926391601562,50850900
2017-08-11,700.0,705.0,685.0,690.0,518.3798828125,12102600
2017-08-14,695.0,695.0,685.0,685.0,514.6235961914062,7751500
2017-08-15,690.0,690.0,675.0,680.0,510.86712646484375,12460000
2017-08-16,680.0,685.0,670.0,680.0,510.86712646484375,10240400
2017-08-17,680.0,680.0,680.0,680.0,510.86712646484375,0
2017-08-18,680.0,695.0,670.0,685.0,514.6235961914062,18410200
2017-08-21,690.0,720.0,690.0,715.0,537.1617431640625,102629300
2017-08-22,720.0,735.0,715.0,725.0,544.6744384765625,182949100
2017-08-23,730.0,730.0,705.0,720.0,540.918212890625,42780700
2017-08-24,725.0,755.0,725.0,740.0,555.943603515625,177441400
2017-08-25,740.0,740.0,720.0,720.0,540.918212890625,34707600
2017-08-28,715.0,725.0,710.0,715.0,537.1617431640625,36112300
2017-08-29,725.0,745.0,715.0,730.0,548.4309692382812,122694300
2017-08-30,735.0,765.0,735.0,755.0,567.2127075195312,224928900
2017-08-31,760.0,760.0,735.0,740.0,555.943603515625,81253900
2017-09-01,740.0,740.0,740.0,740.0,555.943603515625,0
2017-09-04,740.0,755.0,705.0,710.0,533.4053344726562,107837600
2017-09-05,710.0,720.0,690.0,710.0,533.4053344726562,69302100
2017-09-06,710.0,720.0,700.0,705.0,529.6489868164062,23984600
2017-09-07,715.0,715.0,695.0,695.0,522.1362915039062,30548300
2017-09-08,700.0,715.0,695.0,700.0,525.8926391601562,31039600
2017-09-11,695.0,700.0,685.0,690.0,518.3798828125,30436400
2017-09-12,695.0,695.0,675.0,680.0,510.86712646484375,25738800
2017-09-13,680.0,685.0,660.0,670.0,503.3543395996094,37638600
2017-09-14,670.0,685.0,665.0,680.0,510.86712646484375,36698200
2017-09-15,690.0,695.0,680.0,680.0,510.86712646484375,22670800
2017-09-18,685.0,690.0,670.0,680.0,510.86712646484375,13545400
2017-09-19,680.0,685.0,670.0,675.0,507.1108093261719,19730200
2017-09-20,675.0,700.0,675.0,680.0,510.86712646484375,41602000
2017-09-21,680.0,680.0,680.0,680.0,510.86712646484375,0
2017-09-22,675.0,680.0,670.0,675.0,507.1108093261719,12778300
2017-09-25,680.0,680.0,645.0,650.0,488.3288269042969,78522200
2017-09-26,655.0,665.0,640.0,645.0,484.5725402832031,29735000
2017-09-27,645.0,650.0,625.0,625.0,469.54705810546875,18345200
2017-09-28,625.0,640.0,620.0,630.0,473.3034362792969,14424300
2017-09-29,635.0,660.0,625.0,640.0,480.8161315917969,24072600
2017-10-02,640.0,650.0,635.0,640.0,480.8161315917969,16530400
2017-10-03,650.0,655.0,635.0,645.0,484.5725402832031,17013200
2017-10-04,655.0,665.0,650.0,650.0,488.3288269042969,24907700
2017-10-05,650.0,660.0,645.0,645.0,484.5725402832031,8762500
2017-10-06,645.0,655.0,645.0,650.0,488.3288269042969,5793900
2017-10-09,650.0,660.0,645.0,650.0,488.3288269042969,12896700
2017-10-10,655.0,665.0,655.0,660.0,495.8416748046875,18229500
2017-10-11,660.0,665.0,640.0,640.0,480.8161315917969,10587800
2017-10-12,645.0,655.0,640.0,650.0,488.3288269042969,12507300
2017-10-13,650.0,660.0,645.0,645.0,484.5725402832031,11977700
2017-10-16,655.0,675.0,650.0,655.0,492.0852966308594,35225800
2017-10-17,660.0,660.0,650.0,650.0,488.3288269042969,6222200
2017-10-18,650.0,665.0,645.0,655.0,492.0852966308594,25437000
2017-10-19,660.0,665.0,650.0,660.0,495.8416748046875,14121600
2017-10-20,660.0,670.0,650.0,660.0,495.8416748046875,13645500
2017-10-23,660.0,665.0,645.0,645.0,484.5725402832031,12261700
2017-10-24,645.0,655.0,645.0,645.0,484.5725402832031,7100400
2017-10-25,650.0,655.0,640.0,645.0,484.5725402832031,26980900
2017-10-26,650.0,660.0,645.0,655.0,492.0852966308594,24938000
2017-10-27,655.0,660.0,645.0,645.0,484.5725402832031,23814100
2017-10-30,650.0,655.0,645.0,645.0,484.5725402832031,21423800
2017-10-31,650.0,655.0,640.0,645.0,484.5725402832031,20497400
2017-11-01,655.0,720.0,655.0,710.0,533.4053344726562,187604600
2017-11-02,720.0,720.0,665.0,670.0,503.3543395996094,256093000
2017-11-03,670.0,675.0,660.0,670.0,503.3543395996094,22853300
2017-11-06,670.0,675.0,660.0,670.0,503.3543395996094,28975500
2017-11-07,675.0,705.0,665.0,695.0,522.1362915039062,103506100
2017-11-08,700.0,710.0,685.0,705.0,529.6489868164062,63204500
2017-11-09,715.0,725.0,695.0,710.0,533.4053344726562,103690000
2017-11-10,705.0,715.0,700.0,705.0,529.6489868164062,38442300
2017-11-13,705.0,705.0,680.0,685.0,514.6235961914062,83549000
2017-11-14,695.0,700.0,675.0,680.0,510.86712646484375,42247300
2017-11-15,675.0,680.0,655.0,660.0,495.8416748046875,45943200
2017-11-16,660.0,670.0,655.0,660.0,495.8416748046875,25308500
2017-11-17,660.0,680.0,660.0,660.0,495.8416748046875,34187200
2017-11-20,665.0,670.0,660.0,665.0,499.5980529785156,14196200
2017-11-21,665.0,670.0,660.0,665.0,499.5980529785156,10088000
2017-11-22,665.0,670.0,655.0,660.0,495.8416748046875,20933300
2017-11-23,665.0,670.0,660.0,660.0,495.8416748046875,6915400
2017-11-24,660.0,665.0,650.0,660.0,495.8416748046875,14418800
2017-11-27,660.0,665.0,655.0,655.0,492.0852966308594,12238700
2017-11-28,655.0,660.0,645.0,650.0,488.3288269042969,23712100
2017-11-29,650.0,685.0,650.0,665.0,499.5980529785156,28563000
2017-11-30,665.0,675.0,655.0,665.0,499.5980529785156,12440800
2017-12-01,665.0,665.0,665.0,665.0,499.5980529785156,0
2017-12-04,655.0,665.0,650.0,650.0,488.3288269042969,12930500
2017-12-05,655.0,655.0,625.0,630.0,473.3034362792969,23577400
2017-12-06,630.0,640.0,610.0,610.0,458.2778625488281,26738900
2017-12-07,610.0,625.0,600.0,605.0,454.521484375,23986400
2017-12-08,605.0,635.0,605.0,625.0,469.54705810546875,45310200
2017-12-11,625.0,630.0,600.0,605.0,454.521484375,16493100
2017-12-12,605.0,615.0,600.0,605.0,454.521484375,11540300
2017-12-13,605.0,625.0,605.0,620.0,465.7906494140625,9749200
2017-12-14,620.0,640.0,620.0,635.0,477.05975341796875,16982600
2017-12-15,635.0,640.0,625.0,630.0,473.3034362792969,10841200
2017-12-18,640.0,645.0,630.0,635.0,477.05975341796875,9895500
2017-12-19,640.0,650.0,635.0,645.0,484.5725402832031,16647700
2017-12-20,645.0,650.0,625.0,630.0,473.3034362792969,9719700
2017-12-21,630.0,640.0,625.0,625.0,469.54705810546875,9024500
2017-12-22,630.0,640.0,625.0,630.0,473.3034362792969,7568100
2017-12-25,630.0,630.0,630.0,630.0,473.3034362792969,0
2017-12-26,630.0,630.0,630.0,630.0,473.3034362792969,0
2017-12-27,635.0,640.0,630.0,635.0,477.05975341796875,11145100
2017-12-28,635.0,640.0,620.0,620.0,465.7906494140625,30355400
2017-12-29,625.0,630.0,625.0,625.0,469.54705810546875,23985600
2018-01-01,625.0,625.0,625.0,625.0,469.54705810546875,0
2018-01-02,635.0,645.0,625.0,635.0,477.05975341796875,36621000
2018-01-03,635.0,655.0,630.0,630.0,473.3034362792969,43607600
2018-01-04,635.0,645.0,635.0,640.0,480.8161315917969,15064900
2018-01-05,645.0,660.0,645.0,655.0,492.0852966308594,49323700
2018-01-08,660.0,660.0,640.0,650.0,488.3288269042969,31920500
2018-01-09,655.0,680.0,650.0,655.0,492.0852966308594,51688900
2018-01-10,655.0,665.0,645.0,650.0,488.3288269042969,20774300
2018-01-11,655.0,660.0,645.0,650.0,488.3288269042969,14235700
2018-01-12,650.0,670.0,645.0,665.0,499.5980529785156,66859000
2018-01-15,670.0,680.0,660.0,660.0,495.8416748046875,52828200
2018-01-16,665.0,720.0,665.0,705.0,529.6489868164062,236009800
2018-01-17,705.0,740.0,690.0,730.0,548.4309692382812,242283100
2018-01-18,750.0,775.0,730.0,740.0,555.943603515625,276688800
2018-01-19,745.0,765.0,735.0,760.0,570.9691162109375,91891800
2018-01-22,765.0,790.0,765.0,775.0,582.2383422851562,142992100
2018-01-23,780.0,810.0,775.0,800.0,601.0202026367188,153083300
2018-01-24,805.0,815.0,780.0,780.0,585.9946899414062,93794700
2018-01-25,810.0,870.0,810.0,845.0,634.8275146484375,352356500
2018-01-26,860.0,875.0,855.0,855.0,642.3402709960938,136492700
2018-01-29,875.0,915.0,865.0,905.0,679.904052734375,289138600
2018-01-30,920.0,940.0,885.0,910.0,683.6604614257812,315950100
2018-01-31,900.0,925.0,890.0,915.0,687.4168090820312,144940600
2018-02-01,920.0,920.0,900.0,910.0,683.6604614257812,89292800
2018-02-02,920.0,930.0,905.0,905.0,679.904052734375,99715700
2018-02-05,880.0,890.0,860.0,870.0,653.6094970703125,81427400
2018-02-06,845.0,855.0,790.0,850.0,638.5838623046875,226942600
2018-02-07,865.0,880.0,845.0,870.0,653.6094970703125,135418800
2018-02-08,870.0,875.0,850.0,855.0,642.3402709960938,33518900
2018-02-09,835.0,840.0,825.0,830.0,623.5584106445312,56923900
2018-02-12,840.0,860.0,835.0,855.0,642.3402709960938,44170700
2018-02-13,870.0,880.0,860.0,875.0,657.3657836914062,58777900
2018-02-14,885.0,910.0,880.0,885.0,664.8785400390625,73143000
2018-02-15,910.0,920.0,900.0,910.0,683.6604614257812,122690300
2018-02-16,910.0,910.0,910.0,910.0,683.6604614257812,0
2018-02-19,910.0,925.0,900.0,920.0,691.1732177734375,70904500
2018-02-20,910.0,920.0,900.0,900.0,676.1477661132812,39191400
2018-02-21,895.0,915.0,890.0,910.0,683.6604614257812,53100700
2018-02-22,905.0,910.0,895.0,900.0,676.1477661132812,25720600
2018-02-23,910.0,915.0,880.0,895.0,672.3912353515625,45745800
2018-02-26,895.0,905.0,885.0,900.0,676.1477661132812,24513000
2018-02-27,905.0,955.0,900.0,945.0,709.955078125,291118200
2018-02-28,945.0,960.0,940.0,955.0,717.4678955078125,90085600
2018-03-01,955.0,955.0,925.0,940.0,706.1986694335938,69385900
2018-03-02,925.0,930.0,910.0,920.0,691.1732177734375,40085400
2018-03-05,920.0,940.0,905.0,910.0,683.6604614257812,36938600
2018-03-06,920.0,925.0,890.0,905.0,679.904052734375,35601300
2018-03-07,905.0,910.0,850.0,885.0,664.8785400390625,102570500
2018-03-08,885.0,895.0,860.0,875.0,657.3657836914062,33177200
2018-03-09,870.0,880.0,845.0,850.0,638.5838623046875,39720000
2018-03-12,880.0,900.0,880.0,900.0,676.1477661132812,57585600
2018-03-13,900.0,900.0,870.0,880.0,661.1221923828125,29402200
2018-03-14,880.0,885.0,865.0,880.0,661.1221923828125,27065400
2018-03-15,865.0,880.0,855.0,860.0,646.0966796875,28052000
2018-03-16,860.0,860.0,840.0,845.0,634.8275146484375,24534400
2018-03-19,845.0,860.0,820.0,820.0,616.0457153320312,24939800
2018-03-20,810.0,820.0,795.0,805.0,604.7764892578125,34026000
2018-03-21,805.0,850.0,805.0,835.0,627.3148803710938,37710400
2018-03-22,835.0,850.0,820.0,820.0,616.0457153320312,26026400
2018-03-23,795.0,800.0,780.0,790.0,593.50732421875,45850200
2018-03-26,800.0,820.0,785.0,785.0,589.7510375976562,54393300
2018-03-27,800.0,805.0,765.0,775.0,582.2383422851562,61345200
2018-03-28,765.0,785.0,765.0,770.0,578.48193359375,32011800
2018-03-29,770.0,790.0,770.0,775.0,582.2383422851562,204176400
2018-03-30,775.0,775.0,775.0,775.0,582.2383422851562,0
2018-04-02,785.0,805.0,785.0,795.0,597.2637939453125,45249700
2018-04-03,790.0,815.0,790.0,805.0,604.7764892578125,55993500
2018-04-04,810.0,815.0,775.0,775.0,582.2383422851562,71182400
2018-04-05,800.0,810.0,790.0,800.0,601.0202026367188,51596500
2018-04-06,795.0,810.0,795.0,805.0,604.7764892578125,66940200
2018-04-09,805.0,850.0,800.0,850.0,638.5838623046875,89643600
2018-04-10,855.0,865.0,845.0,850.0,638.5838623046875,58705500
2018-04-11,850.0,870.0,835.0,865.0,649.8530883789062,170456400
2018-04-12,880.0,890.0,855.0,865.0,649.8530883789062,137906400
2018-04-13,875.0,880.0,860.0,880.0,661.1221923828125,54329700
2018-04-16,875.0,880.0,865.0,865.0,649.8530883789062,34008800
2018-04-17,875.0,880.0,865.0,870.0,653.6094970703125,41694300
2018-04-18,870.0,890.0,860.0,885.0,664.8785400390625,65244700
2018-04-19,900.0,945.0,900.0,935.0,702.4423217773438,341606500
2018-04-20,920.0,925.0,900.0,905.0,681.354248046875,67632100
2018-04-23,900.0,910.0,885.0,895.0,673.825439453125,57180100
2018-04-24,885.0,885.0,850.0,860.0,647.4747314453125,124908400
2018-04-25,850.0,870.0,840.0,850.0,639.9459228515625,66736500
2018-04-26,855.0,860.0,820.0,830.0,624.888427734375,76732300
2018-04-27,855.0,865.0,825.0,830.0,624.888427734375,84351900
2018-04-30,825.0,845.0,815.0,845.0,636.1815795898438,40924600
2018-05-01,845.0,845.0,845.0,845.0,636.1815795898438,0
2018-05-02,845.0,865.0,830.0,865.0,651.2391357421875,44583500
2018-05-03,860.0,860.0,825.0,840.0,632.4171752929688,41029900
2018-05-04,840.0,840.0,820.0,830.0,624.888427734375,27663100
2018-05-07,830.0,845.0,810.0,810.0,609.8308715820312,34347200
2018-05-08,815.0,815.0,785.0,790.0,594.7732543945312,38955100
2018-05-09,800.0,810.0,775.0,805.0,606.0665283203125,31952100
2018-05-10,805.0,805.0,805.0,805.0,606.0665283203125,0
2018-05-11,815.0,820.0,800.0,810.0,609.8308715820312,21166000
2018-05-14,805.0,825.0,785.0,815.0,613.59521484375,52437900
2018-05-15,825.0,830.0,805.0,820.0,617.3596801757812,35206800
2018-05-16,815.0,825.0,805.0,810.0,609.8308715820312,43438700
2018-05-17,815.0,830.0,810.0,825.0,621.1240844726562,30909700
2018-05-18,835.0,865.0,825.0,850.0,639.9459228515625,68215100
2018-05-21,860.0,890.0,845.0,880.0,662.5322265625,90967600
2018-05-22,880.0,885.0,845.0,845.0,636.1815795898438,62235400
2018-05-23,840.0,860.0,835.0,845.0,636.1815795898438,28834200
2018-05-24,845.0,885.0,840.0,885.0,666.296630859375,63594700
2018-05-25,890.0,900.0,865.0,870.0,655.003662109375,50343600
2018-05-28,870.0,870.0,850.0,855.0,643.7103271484375,28157100
2018-05-29,855.0,855.0,855.0,855.0,643.7103271484375,0
2018-05-30,850.0,865.0,840.0,850.0,639.9459228515625,33098900
2018-05-31,860.0,870.0,850.0,865.0,651.2391357421875,43953700
2018-06-01,865.0,865.0,865.0,865.0,651.2391357421875,0
2018-06-04,895.0,895.0,870.0,880.0,662.5322265625,62291200
2018-06-05,880.0,895.0,870.0,885.0,666.296630859375,60110800
2018-06-06,895.0,1015.0,895.0,995.0,749.1132202148438,508895400
2018-06-07,1005.0,1005.0,935.0,945.0,711.4693603515625,275452400
2018-06-08,945.0,955.0,905.0,905.0,681.354248046875,200362500
2018-06-11,905.0,905.0,905.0,905.0,681.354248046875,0
2018-06-12,905.0,905.0,905.0,905.0,681.354248046875,0
2018-06-13,905.0,905.0,905.0,905.0,681.354248046875,0
2018-06-14,905.0,905.0,905.0,905.0,681.354248046875,0
2018-06-15,905.0,905.0,905.0,905.0,681.354248046875,0
2018-06-18,905.0,905.0,905.0,905.0,681.354248046875,0
2018-06-19,905.0,905.0,905.0,905.0,681.354248046875,0
2018-06-20,890.0,895.0,855.0,880.0,662.5322265625,64935900
2018-06-21,880.0,905.0,875.0,890.0,670.0610961914062,52368400
2018-06-22,900.0,910.0,880.0,910.0,685.1185913085938,42965100
2018-06-25,925.0,925.0,880.0,890.0,670.0610961914062,91154400
2018-06-26,880.0,895.0,865.0,870.0,655.003662109375,54919100
2018-06-27,875.0,880.0,825.0,840.0,632.4171752929688,66853300
2018-06-28,840.0,850.0,805.0,835.0,628.6527709960938,50855300
2018-06-29,850.0,890.0,825.0,890.0,670.0610961914062,46732000
2018-07-02,880.0,880.0,810.0,820.0,617.3596801757812,55488600
2018-07-03,830.0,835.0,795.0,800.0,602.3021240234375,56216500
2018-07-04,795.0,815.0,765.0,805.0,606.0665283203125,43947900
2018-07-05,805.0,805.0,775.0,800.0,602.3021240234375,47671200
2018-07-06,800.0,810.0,780.0,780.0,587.2445678710938,34218400
2018-07-09,790.0,810.0,790.0,800.0,602.3021240234375,39966000
2018-07-10,810.0,825.0,805.0,810.0,609.8308715820312,38359900
2018-07-11,800.0,865.0,795.0,845.0,636.1815795898438,123699500
2018-07-12,850.0,865.0,840.0,860.0,647.4747314453125,72284300
2018-07-13,880.0,945.0,875.0,910.0,685.1185913085938,172649900
2018-07-16,915.0,935.0,895.0,900.0,677.58984375,119203500
2018-07-17,905.0,905.0,875.0,880.0,662.5322265625,73995300
2018-07-18,885.0,910.0,875.0,885.0,666.296630859375,74310200
2018-07-19,895.0,900.0,870.0,875.0,658.7678833007812,62368900
2018-07-20,870.0,880.0,865.0,870.0,655.003662109375,48279400
2018-07-23,875.0,895.0,870.0,885.0,666.296630859375,62488300
2018-07-24,885.0,905.0,880.0,885.0,666.296630859375,65016400
2018-07-25,895.0,900.0,880.0,880.0,662.5322265625,44411000
2018-07-26,890.0,925.0,890.0,890.0,670.0610961914062,127167800
2018-07-27,895.0,905.0,885.0,900.0,677.58984375,47461800
2018-07-30,895.0,960.0,890.0,955.0,718.9981689453125,218292600
2018-07-31,955.0,960.0,910.0,915.0,688.8829956054688,118883000
2018-08-01,925.0,945.0,920.0,940.0,707.7049560546875,84475200
2018-08-02,925.0,940.0,910.0,915.0,688.8829956054688,58688100
2018-08-03,920.0,925.0,890.0,900.0,677.58984375,50570900
2018-08-06,905.0,940.0,905.0,935.0,703.9405517578125,69575600
2018-08-07,945.0,955.0,920.0,925.0,696.4118041992188,123380900
2018-08-08,935.0,940.0,915.0,920.0,692.6473999023438,48764400
2018-08-09,925.0,930.0,905.0,910.0,685.1185913085938,31836400
2018-08-10,915.0,915.0,895.0,895.0,673.825439453125,45945400
2018-08-13,890.0,890.0,850.0,855.0,643.7103271484375,64752100
2018-08-14,850.0,865.0,825.0,845.0,636.1815795898438,64021600
2018-08-15,835.0,865.0,830.0,865.0,651.2391357421875,47421900
2018-08-16,845.0,845.0,825.0,830.0,624.888427734375,59004900
2018-08-17,830.0,830.0,830.0,830.0,624.888427734375,0
2018-08-20,845.0,860.0,835.0,855.0,643.7103271484375,56120800
2018-08-21,860.0,865.0,835.0,835.0,628.6527709960938,54643400
2018-08-22,835.0,835.0,835.0,835.0,628.6527709960938,0
2018-08-23,845.0,880.0,840.0,870.0,655.003662109375,96147600
2018-08-24,870.0,880.0,855.0,875.0,658.7678833007812,63389000
2018-08-27,890.0,915.0,885.0,895.0,673.825439453125,140381500
2018-08-28,905.0,910.0,875.0,880.0,662.5322265625,57171900
2018-08-29,890.0,890.0,860.0,875.0,658.7678833007812,52790500
2018-08-30,895.0,895.0,860.0,865.0,651.2391357421875,79928200
2018-08-31,855.0,870.0,840.0,870.0,655.003662109375,34526100
2018-09-03,855.0,860.0,830.0,830.0,624.888427734375,67120100
2018-09-04,830.0,835.0,805.0,805.0,606.0665283203125,59449300
2018-09-05,800.0,800.0,755.0,775.0,583.4801025390625,87152200
2018-09-06,770.0,805.0,765.0,800.0,602.3021240234375,61378500
2018-09-07,810.0,815.0,785.0,795.0,598.5376586914062,66652400
2018-09-10,805.0,810.0,785.0,795.0,598.5376586914062,28979600
2018-09-11,795.0,795.0,795.0,795.0,598.5376586914062,0
2018-09-12,795.0,805.0,780.0,780.0,587.2445678710938,52060300
2018-09-13,800.0,815.0,785.0,805.0,606.0665283203125,71033800
2018-09-14,810.0,810.0,795.0,800.0,602.3021240234375,29160200
2018-09-17,800.0,805.0,780.0,790.0,594.7732543945312,38810700
2018-09-18,785.0,795.0,780.0,790.0,594.7732543945312,31323700
2018-09-19,800.0,805.0,785.0,790.0,594.7732543945312,53035200
2018-09-20,800.0,810.0,795.0,795.0,598.5376586914062,77237500
2018-09-21,800.0,820.0,795.0,820.0,617.3596801757812,90191400
2018-09-24,825.0,830.0,800.0,800.0,602.3021240234375,85676100
2018-09-25,795.0,810.0,790.0,805.0,606.0665283203125,33820000
2018-09-26,810.0,815.0,800.0,805.0,606.0665283203125,26522800
2018-09-27,805.0,845.0,800.0,835.0,628.6527709960938,121821300
2018-09-28,840.0,855.0,830.0,845.0,636.1815795898438,117168800
2018-10-01,845.0,845.0,820.0,825.0,621.1240844726562,46380400
2018-10-02,820.0,825.0,795.0,795.0,598.5376586914062,70836100
2018-10-03,805.0,815.0,795.0,810.0,609.8308715820312,33628000
2018-10-04,815.0,820.0,795.0,800.0,602.3021240234375,64982700
2018-10-05,790.0,805.0,790.0,800.0,602.3021240234375,32173200
2018-10-08,805.0,830.0,800.0,810.0,609.8308715820312,67517200
2018-10-09,810.0,820.0,800.0,810.0,609.8308715820312,21828100
2018-10-10,820.0,820.0,810.0,820.0,617.3596801757812,35832700
2018-10-11,800.0,800.0,785.0,785.0,591.0089111328125,60716400
2018-10-12,785.0,805.0,785.0,795.0,598.5376586914062,50812800
2018-10-15,800.0,800.0,760.0,765.0,575.951416015625,103162700
2018-10-16,770.0,775.0,755.0,760.0,572.1869506835938,33977500
2018-10-17,770.0,790.0,770.0,780.0,587.2445678710938,51076700
2018-10-18,775.0,780.0,755.0,765.0,575.951416015625,61519900
2018-10-19,760.0,780.0,755.0,765.0,575.951416015625,59274100
2018-10-22,765.0,775.0,760.0,765.0,575.951416015625,29023400
2018-10-23,765.0,770.0,750.0,755.0,568.4225463867188,36483800
2018-10-24,755.0,760.0,730.0,740.0,557.12939453125,51771700
2018-10-25,720.0,730.0,715.0,720.0,542.0718994140625,47540600
2018-10-26,725.0,730.0,720.0,725.0,545.836181640625,35077800
2018-10-29,725.0,730.0,705.0,705.0,530.7786865234375,30060300
2018-10-30,700.0,705.0,670.0,675.0,508.1924133300781,99346500
2018-10-31,680.0,685.0,665.0,680.0,511.956787109375,50382400
2018-11-01,680.0,705.0,680.0,685.0,515.72119140625,92372600
2018-11-02,700.0,705.0,685.0,695.0,523.2499389648438,63297900
2018-11-05,690.0,695.0,685.0,690.0,519.485595703125,17071600
2018-11-06,690.0,700.0,680.0,680.0,511.956787109375,28148600
2018-11-07,690.0,705.0,685.0,695.0,523.2499389648438,52473300
2018-11-08,700.0,720.0,695.0,710.0,534.5430297851562,84546900
2018-11-09,710.0,715.0,695.0,700.0,527.0142822265625,33748400
2018-11-12,695.0,700.0,685.0,685.0,515.72119140625,22863900
2018-11-13,675.0,695.0,665.0,690.0,519.485595703125,35992700
2018-11-14,690.0,695.0,670.0,670.0,504.427978515625,48399300
2018-11-15,670.0,680.0,660.0,670.0,504.427978515625,61467300
2018-11-16,675.0,695.0,670.0,680.0,511.956787109375,54547400
2018-11-19,690.0,690.0,670.0,675.0,508.1924133300781,25582600
2018-11-20,675.0,675.0,675.0,675.0,508.1924133300781,0
2018-11-21,670.0,675.0,640.0,645.0,485.6060485839844,72891500
2018-11-22,645.0,655.0,625.0,625.0,470.5485534667969,65660900
2018-11-23,630.0,635.0,620.0,625.0,470.5485534667969,46061900
2018-11-26,625.0,630.0,600.0,605.0,455.4909362792969,60427400
2018-11-27,605.0,615.0,595.0,595.0,447.962158203125,48074000
2018-11-28,600.0,610.0,595.0,600.0,451.7265319824219,38118700
2018-11-29,610.0,625.0,605.0,625.0,470.5485534667969,51894500
2018-11-30,625.0,635.0,615.0,615.0,463.0196533203125,44427900
2018-12-03,640.0,735.0,640.0,735.0,553.364990234375,319380300
2018-12-04,735.0,735.0,705.0,710.0,534.5430297851562,114477100
2018-12-05,690.0,745.0,690.0,740.0,557.12939453125,181244900
2018-12-06,735.0,750.0,725.0,735.0,553.364990234375,87724500
2018-12-07,740.0,740.0,720.0,725.0,545.836181640625,43586800
2018-12-10,715.0,725.0,710.0,720.0,542.0718994140625,39041000
2018-12-11,720.0,770.0,710.0,755.0,568.4225463867188,138590700
2018-12-12,765.0,770.0,745.0,755.0,568.4225463867188,49860000
2018-12-13,760.0,780.0,755.0,765.0,575.951416015625,82314700
2018-12-14,760.0,765.0,750.0,755.0,568.4225463867188,35617200
2018-12-17,760.0,765.0,730.0,730.0,549.6007080078125,44969700
2018-12-18,730.0,765.0,715.0,750.0,564.6582641601562,82577000
2018-12-19,755.0,765.0,740.0,760.0,572.1869506835938,47553700
2018-12-20,755.0,780.0,755.0,765.0,575.951416015625,85694000
2018-12-21,765.0,795.0,760.0,770.0,579.7157592773438,135346100
2018-12-24,770.0,770.0,770.0,770.0,579.7157592773438,0
2018-12-25,770.0,770.0,770.0,770.0,579.7157592773438,0
2018-12-26,760.0,790.0,760.0,770.0,579.7157592773438,71071800
2018-12-27,785.0,785.0,765.0,770.0,579.7157592773438,37337500
2018-12-28,775.0,775.0,760.0,765.0,575.951416015625,38070900
2018-12-31,765.0,765.0,765.0,765.0,575.951416015625,0
2019-01-01,765.0,765.0,765.0,765.0,575.951416015625,0
2019-01-02,770.0,775.0,735.0,740.0,557.12939453125,53128900
2019-01-03,750.0,755.0,740.0,750.0,564.6582641601562,34641100
2019-01-04,750.0,765.0,745.0,760.0,572.1869506835938,59878500
2019-01-07,775.0,785.0,765.0,770.0,579.7157592773438,65853100
2019-01-08,775.0,780.0,755.0,760.0,572.1869506835938,82485900
2019-01-09,770.0,790.0,765.0,780.0,587.2445678710938,105654500
2019-01-10,780.0,805.0,775.0,790.0,594.7732543945312,150289500
2019-01-11,795.0,800.0,780.0,790.0,594.7732543945312,56407400
2019-01-14,795.0,795.0,775.0,780.0,587.2445678710938,41648200
2019-01-15,780.0,830.0,780.0,820.0,617.3596801757812,165281200
2019-01-16,830.0,885.0,825.0,870.0,655.003662109375,245187100
2019-01-17,870.0,885.0,840.0,845.0,636.1815795898438,92137700
2019-01-18,850.0,870.0,840.0,850.0,639.9459228515625,73986800
2019-01-21,855.0,870.0,850.0,855.0,643.7103271484375,72190100
2019-01-22,855.0,860.0,820.0,830.0,624.888427734375,77107300
2019-01-23,830.0,885.0,825.0,860.0,647.4747314453125,141396200
2019-01-24,865.0,905.0,855.0,895.0,673.825439453125,196537400
2019-01-25,895.0,945.0,895.0,930.0,700.1761474609375,261090200
2019-01-28,945.0,950.0,910.0,910.0,685.1185913085938,132450700
2019-01-29,910.0,930.0,900.0,920.0,692.6473999023438,96595800
2019-01-30,935.0,960.0,935.0,950.0,715.233642578125,180203800
2019-01-31,965.0,980.0,955.0,965.0,726.5269165039062,133938100
2019-02-01,975.0,975.0,955.0,960.0,722.7625732421875,59971800
2019-02-04,970.0,1040.0,970.0,1010.0,760.4064331054688,303518900
2019-02-05,1010.0,1010.0,1010.0,1010.0,760.4064331054688,0
2019-02-06,1025.0,1100.0,1005.0,1095.0,824.4009399414062,285524200
2019-02-07,1080.0,1150.0,1050.0,1060.0,798.0502319335938,369835900
2019-02-08,1050.0,1080.0,1025.0,1025.0,771.6995239257812,179593300
2019-02-11,1025.0,1025.0,975.0,980.0,737.820068359375,222915600
2019-02-12,980.0,995.0,935.0,960.0,722.7625732421875,182840300
2019-02-13,975.0,1040.0,950.0,1010.0,760.4064331054688,277124100
2019-02-14,1020.0,1030.0,985.0,1000.0,752.8776245117188,139034400
2019-02-15,990.0,995.0,950.0,950.0,715.233642578125,142476600
2019-02-18,975.0,1020.0,970.0,995.0,749.1132202148438,173591600
2019-02-19,1000.0,1055.0,995.0,1025.0,771.6995239257812,255674400
2019-02-20,1040.0,1090.0,1040.0,1060.0,798.0502319335938,261788400
2019-02-21,1080.0,1085.0,1030.0,1035.0,779.228271484375,158909700
2019-02-22,1035.0,1060.0,1010.0,1055.0,794.285888671875,129281800
2019-02-25,1065.0,1090.0,1060.0,1085.0,816.872314453125,177237000
2019-02-26,1075.0,1075.0,1035.0,1045.0,786.7572021484375,148389300
2019-02-27,1055.0,1060.0,1030.0,1030.0,775.4639282226562,61838900
2019-02-28,1040.0,1045.0,980.0,1015.0,764.1707763671875,192898000
2019-03-01,1000.0,1055.0,1000.0,1055.0,794.285888671875,117661600
2019-03-04,1060.0,1075.0,1045.0,1050.0,790.5214233398438,100864600
2019-03-05,1040.0,1065.0,1015.0,1035.0,779.228271484375,126418900
2019-03-06,1050.0,1065.0,1040.0,1045.0,786.7572021484375,87855200
2019-03-07,1045.0,1045.0,1045.0,1045.0,786.7572021484375,0
2019-03-08,1010.0,1015.0,990.0,990.0,745.3487548828125,137044900
2019-03-11,1010.0,1025.0,990.0,995.0,749.1132202148438,133205500
2019-03-12,1010.0,1015.0,955.0,970.0,730.291259765625,144227600
2019-03-13,975.0,990.0,960.0,965.0,726.5269165039062,98820400
2019-03-14,975.0,975.0,960.0,965.0,726.5269165039062,65563000
2019-03-15,965.0,990.0,950.0,975.0,734.0556640625,72567000
2019-03-18,980.0,985.0,945.0,955.0,718.9981689453125,95086600
2019-03-19,960.0,975.0,955.0,960.0,722.7625732421875,69781500
2019-03-20,960.0,980.0,960.0,960.0,722.7625732421875,55325000
2019-03-21,970.0,980.0,960.0,965.0,726.5269165039062,42876300
2019-03-22,960.0,965.0,950.0,960.0,722.7625732421875,38781500
2019-03-25,940.0,945.0,910.0,920.0,692.6473999023438,105587900
2019-03-26,925.0,940.0,910.0,915.0,688.8829956054688,63741400
2019-03-27,925.0,925.0,890.0,900.0,677.58984375,59113200
2019-03-28,895.0,915.0,870.0,880.0,662.5322265625,101873800
2019-03-29,880.0,895.0,870.0,885.0,666.296630859375,73446700
2019-04-01,900.0,945.0,900.0,940.0,707.7049560546875,132618300
2019-04-02,940.0,950.0,920.0,920.0,692.6473999023438,102133500
2019-04-03,920.0,920.0,920.0,920.0,692.6473999023438,0
2019-04-04,935.0,945.0,910.0,915.0,688.8829956054688,49497700
2019-04-05,910.0,925.0,900.0,905.0,681.354248046875,33851900
2019-04-08,905.0,910.0,880.0,885.0,666.296630859375,70696700
2019-04-09,885.0,915.0,885.0,900.0,677.58984375,53409600
2019-04-10,900.0,910.0,890.0,895.0,673.825439453125,45347600
2019-04-11,900.0,905.0,890.0,895.0,673.825439453125,36952500
2019-04-12,885.0,890.0,875.0,880.0,662.5322265625,45356300
2019-04-15,880.0,890.0,880.0,885.0,666.296630859375,30757400
2019-04-16,880.0,900.0,880.0,895.0,673.825439453125,27035500
2019-04-17,895.0,895.0,895.0,895.0,673.825439453125,0
2019-04-18,905.0,910.0,885.0,885.0,666.296630859375,41688500
2019-04-19,885.0,885.0,885.0,885.0,666.296630859375,0
2019-04-22,880.0,890.0,850.0,855.0,643.7103271484375,75543000
2019-04-23,860.0,890.0,855.0,890.0,670.0610961914062,54820700
2019-04-24,890.0,890.0,875.0,880.0,662.5322265625,28625000
2019-04-25,880.0,885.0,865.0,870.0,655.003662109375,28515800
2019-04-26,865.0,880.0,865.0,875.0,658.7678833007812,33910900
2019-04-29,875.0,885.0,870.0,875.0,658.7678833007812,26437700
2019-04-30,875.0,880.0,855.0,865.0,651.2391357421875,47939900
2019-05-01,865.0,865.0,865.0,865.0,651.2391357421875,0
2019-05-02,865.0,870.0,815.0,820.0,617.3596801757812,105857000
2019-05-03,820.0,825.0,785.0,790.0,594.7732543945312,95259500
2019-05-06,780.0,780.0,745.0,760.0,581.5656127929688,83337600
2019-05-07,765.0,780.0,765.0,765.0,585.3917846679688,37394800
2019-05-08,755.0,770.0,750.0,765.0,585.3917846679688,38541800
2019-05-09,765.0,770.0,730.0,730.0,558.609130859375,55956100
2019-05-10,740.0,750.0,720.0,745.0,570.0873413085938,57424000
2019-05-13,745.0,750.0,725.0,730.0,558.609130859375,45550200
2019-05-14,720.0,720.0,700.0,710.0,543.3046875,66670300
2019-05-15,720.0,735.0,695.0,700.0,535.652587890625,100102600
2019-05-16,700.0,715.0,680.0,685.0,524.17431640625,52975400
2019-05-17,690.0,695.0,670.0,670.0,512.6959838867188,36307200
2019-05-20,675.0,690.0,660.0,685.0,524.17431640625,49978300
2019-05-21,690.0,725.0,690.0,710.0,543.3046875,65902900
2019-05-22,700.0,725.0,700.0,710.0,543.3046875,49193900
2019-05-23,710.0,740.0,710.0,740.0,566.26123046875,62518900
2019-05-24,740.0,755.0,720.0,730.0,558.609130859375,84783700
2019-05-27,740.0,760.0,735.0,740.0,566.26123046875,75187700
2019-05-28,750.0,750.0,720.0,720.0,550.9569702148438,56803700
2019-05-29,710.0,725.0,705.0,715.0,547.130859375,38469900
2019-05-30,715.0,715.0,715.0,715.0,547.130859375,0
2019-05-31,715.0,730.0,715.0,725.0,554.782958984375,33515000
2019-06-03,725.0,725.0,725.0,725.0,554.782958984375,0
2019-06-04,725.0,725.0,725.0,725.0,554.782958984375,0
2019-06-05,725.0,725.0,725.0,725.0,554.782958984375,0
2019-06-06,725.0,725.0,725.0,725.0,554.782958984375,0
2019-06-07,725.0,725.0,725.0,725.0,554.782958984375,0
2019-06-10,730.0,800.0,730.0,780.0,596.8699951171875,172262900
2019-06-11,785.0,815.0,770.0,795.0,608.3482666015625,116959700
2019-06-12,795.0,810.0,780.0,785.0,600.696044921875,54716300
2019-06-13,785.0,790.0,765.0,780.0,596.8699951171875,41048700
2019-06-14,785.0,795.0,775.0,790.0,604.5221557617188,51605300
2019-06-17,800.0,805.0,760.0,765.0,585.3917846679688,46657900
2019-06-18,765.0,780.0,765.0,775.0,593.0439453125,24803000
2019-06-19,790.0,800.0,785.0,795.0,608.3482666015625,48304200
2019-06-20,810.0,825.0,800.0,805.0,616.00048828125,91642200
2019-06-21,815.0,820.0,785.0,800.0,612.1744384765625,82014000
2019-06-24,805.0,815.0,795.0,795.0,608.3482666015625,37223500
2019-06-25,805.0,850.0,795.0,845.0,646.609130859375,242773400
2019-06-26,845.0,850.0,820.0,825.0,631.3048706054688,105044300
2019-06-27,830.0,845.0,820.0,830.0,635.130859375,64619500
2019-06-28,840.0,860.0,830.0,845.0,646.609130859375,131205700
2019-07-01,850.0,865.0,840.0,850.0,650.4352416992188,112441000
2019-07-02,845.0,850.0,835.0,840.0,642.7830810546875,34077600
2019-07-03,845.0,850.0,810.0,815.0,623.6526489257812,82796400
2019-07-04,825.0,830.0,815.0,820.0,627.4786987304688,42211300
2019-07-05,820.0,825.0,810.0,810.0,619.8265380859375,27266000
2019-07-08,810.0,835.0,800.0,825.0,631.3048706054688,47875600
2019-07-09,825.0,840.0,825.0,825.0,631.3048706054688,49279300
2019-07-10,830.0,840.0,815.0,820.0,627.4786987304688,33570400
2019-07-11,835.0,855.0,825.0,850.0,650.4352416992188,114504000
2019-07-12,850.0,855.0,835.0,845.0,646.609130859375,54953400
2019-07-15,855.0,885.0,855.0,880.0,673.3917236328125,192125200
2019-07-16,885.0,905.0,875.0,895.0,684.8700561523438,141194200
2019-07-17,900.0,930.0,885.0,900.0,688.6961669921875,238303800
2019-07-18,920.0,985.0,920.0,950.0,726.95703125,335413700
2019-07-19,970.0,985.0,935.0,940.0,719.304931640625,137797900
2019-07-22,940.0,960.0,915.0,960.0,734.6092529296875,119839200
2019-07-23,950.0,970.0,940.0,940.0,719.304931640625,82880700
2019-07-24,940.0,960.0,935.0,945.0,723.1309814453125,48601800
2019-07-25,955.0,965.0,925.0,930.0,711.6526489257812,78453700
2019-07-26,930.0,930.0,885.0,890.0,681.0440063476562,87812600
2019-07-29,895.0,915.0,880.0,895.0,684.8700561523438,63726900
2019-07-30,905.0,940.0,905.0,935.0,715.4786987304688,84114000
2019-07-31,940.0,945.0,925.0,935.0,715.4786987304688,48705800
2019-08-01,935.0,940.0,920.0,925.0,707.8265991210938,46309500
2019-08-02,905.0,920.0,890.0,900.0,688.6961669921875,100773500
2019-08-05,900.0,900.0,855.0,860.0,658.0874633789062,83532300
2019-08-06,850.0,945.0,830.0,940.0,719.304931640625,247604900
2019-08-07,945.0,1030.0,940.0,1005.0,769.0440063476562,487598800
2019-08-08,1050.0,1075.0,1010.0,1020.0,780.5223388671875,257680900
2019-08-09,1030.0,1080.0,1015.0,1065.0,814.9571533203125,240007000
2019-08-12,1070.0,1080.0,1030.0,1035.0,792.0005493164062,179863500
2019-08-13,1045.0,1085.0,1035.0,1065.0,814.9571533203125,175124700
2019-08-14,1070.0,1130.0,1050.0,1110.0,849.391845703125,323676500
2019-08-15,1090.0,1140.0,1085.0,1120.0,857.0440673828125,195784600
2019-08-16,1140.0,1150.0,1120.0,1120.0,857.0440673828125,141043100
2019-08-19,1130.0,1130.0,1085.0,1085.0,830.2615356445312,85735700
2019-08-20,1080.0,1080.0,1035.0,1050.0,803.4788208007812,117148500
2019-08-21,1055.0,1085.0,1025.0,1070.0,818.783203125,151189900
2019-08-22,1075.0,1080.0,1035.0,1040.0,795.8267211914062,65051200
2019-08-23,1045.0,1045.0,1015.0,1015.0,776.6962890625,87934800
2019-08-26,1020.0,1060.0,1015.0,1030.0,788.1744995117188,147239400
2019-08-27,1040.0,1045.0,1020.0,1020.0,780.5223388671875,69950500
2019-08-28,1030.0,1060.0,1025.0,1050.0,803.4788208007812,102409700
2019-08-29,1060.0,1085.0,1050.0,1055.0,807.3049926757812,161352000
2019-08-30,1075.0,1080.0,1045.0,1070.0,818.783203125,100688800
2019-09-02,1120.0,1175.0,1115.0,1170.0,895.3049926757812,380923500
2019-09-03,1170.0,1170.0,1105.0,1110.0,849.391845703125,184669600
2019-09-04,1120.0,1140.0,1090.0,1100.0,841.7398071289062,108867300
2019-09-05,1105.0,1115.0,1085.0,1100.0,841.7398071289062,109971500
2019-09-06,1090.0,1100.0,1075.0,1075.0,822.6092529296875,70609200
2019-09-09,1080.0,1135.0,1080.0,1120.0,857.0440673828125,153116500
2019-09-10,1130.0,1160.0,1110.0,1130.0,864.6962890625,202036800
2019-09-11,1125.0,1140.0,1115.0,1125.0,860.8700561523438,65474500
2019-09-12,1125.0,1140.0,1115.0,1120.0,857.0440673828125,59565600
2019-09-13,1120.0,1125.0,1055.0,1070.0,818.783203125,128241500
2019-09-16,1070.0,1085.0,1040.0,1050.0,803.4788208007812,95702700
2019-09-17,1045.0,1060.0,1040.0,1050.0,803.4788208007812,40393900
2019-09-18,1055.0,1080.0,1050.0,1065.0,814.9571533203125,77525900
2019-09-19,1065.0,1080.0,1045.0,1045.0,799.65283203125,46921500
2019-09-20,1050.0,1075.0,1045.0,1065.0,814.9571533203125,77305700
2019-09-23,1070.0,1075.0,1055.0,1055.0,807.3049926757812,50722600
2019-09-24,1050.0,1055.0,1010.0,1015.0,776.6962890625,104106400
2019-09-25,1015.0,1035.0,1005.0,1010.0,772.8701782226562,67498200
2019-09-26,1015.0,1030.0,1010.0,1015.0,776.6962890625,70656200
2019-09-27,1015.0,1020.0,985.0,990.0,757.5657958984375,65010900
2019-09-30,990.0,1000.0,965.0,975.0,746.0874633789062,73819000
2019-10-01,990.0,995.0,950.0,955.0,730.783203125,70031100
2019-10-02,965.0,975.0,915.0,920.0,704.00048828125,79407500
2019-10-03,920.0,970.0,915.0,965.0,738.4353637695312,77444800
2019-10-04,975.0,985.0,945.0,960.0,734.6092529296875,46452800
2019-10-07,965.0,980.0,945.0,955.0,730.783203125,45234500
2019-10-08,950.0,955.0,930.0,930.0,711.6526489257812,49179800
2019-10-09,935.0,995.0,935.0,990.0,757.5657958984375,139352700
2019-10-10,995.0,1015.0,990.0,995.0,761.391845703125,106467700
2019-10-11,995.0,1025.0,985.0,1015.0,776.6962890625,72275400
2019-10-14,1015.0,1020.0,990.0,1000.0,765.2179565429688,61701300
2019-10-15,990.0,995.0,980.0,985.0,753.7396240234375,34088600
2019-10-16,985.0,1005.0,960.0,960.0,734.6092529296875,85270100
2019-10-17,945.0,970.0,940.0,955.0,730.783203125,57845600
2019-10-18,955.0,970.0,920.0,935.0,715.4786987304688,125613800
2019-10-21,940.0,955.0,920.0,925.0,707.8265991210938,80512500
2019-10-22,920.0,940.0,915.0,930.0,711.6526489257812,50069600
2019-10-23,945.0,955.0,940.0,955.0,730.783203125,74596500
2019-10-24,960.0,980.0,950.0,975.0,746.0874633789062,108649300
2019-10-25,980.0,985.0,955.0,955.0,730.783203125,87426200
2019-10-28,950.0,950.0,910.0,915.0,700.1744384765625,177588400
2019-10-29,925.0,945.0,920.0,925.0,707.8265991210938,133909400
2019-10-30,930.0,940.0,925.0,930.0,711.6526489257812,69322000
2019-10-31,935.0,935.0,885.0,890.0,681.0440063476562,126383800
2019-11-01,900.0,905.0,850.0,855.0,654.2613525390625,118830800
2019-11-04,855.0,865.0,810.0,840.0,642.7830810546875,148393600
2019-11-05,830.0,850.0,820.0,835.0,638.9569702148438,80390400
2019-11-06,840.0,870.0,825.0,850.0,650.4352416992188,109181300
2019-11-07,855.0,860.0,830.0,845.0,646.609130859375,53514100
2019-11-08,840.0,855.0,825.0,835.0,638.9569702148438,41949800
2019-11-11,830.0,840.0,820.0,830.0,635.130859375,28520100
2019-11-12,815.0,825.0,800.0,820.0,627.4786987304688,66391100
2019-11-13,830.0,835.0,815.0,820.0,627.4786987304688,43113100
2019-11-14,820.0,830.0,800.0,815.0,623.6526489257812,49980300
2019-11-15,810.0,835.0,810.0,825.0,631.3048706054688,44594900
2019-11-18,825.0,830.0,815.0,820.0,627.4786987304688,24328500
2019-11-19,820.0,835.0,815.0,835.0,638.9569702148438,35948500
2019-11-20,840.0,845.0,820.0,825.0,631.3048706054688,38079700
2019-11-21,820.0,830.0,810.0,815.0,623.6526489257812,35867700
2019-11-22,820.0,825.0,805.0,810.0,619.8265380859375,27803700
2019-11-25,810.0,820.0,805.0,815.0,623.6526489257812,19463000
2019-11-26,820.0,820.0,800.0,810.0,619.8265380859375,35581900
2019-11-27,810.0,815.0,775.0,780.0,596.8699951171875,53831000
2019-11-28,780.0,780.0,745.0,750.0,573.91357421875,56329600
2019-11-29,750.0,765.0,735.0,750.0,573.91357421875,46034900
2019-12-02,740.0,805.0,740.0,790.0,604.5221557617188,68015300
2019-12-03,785.0,800.0,770.0,775.0,593.0439453125,51903700
2019-12-04,775.0,790.0,770.0,785.0,600.696044921875,36996800
2019-12-05,785.0,815.0,785.0,805.0,616.00048828125,71148200
2019-12-06,810.0,815.0,790.0,810.0,619.8265380859375,58178100
2019-12-09,810.0,835.0,805.0,825.0,631.3048706054688,97666600
2019-12-10,825.0,835.0,820.0,825.0,631.3048706054688,45785500
2019-12-11,830.0,835.0,825.0,825.0,631.3048706054688,24139700
2019-12-12,835.0,855.0,835.0,835.0,638.9569702148438,102156900
2019-12-13,845.0,855.0,835.0,850.0,650.4352416992188,73516800
2019-12-16,855.0,865.0,850.0,865.0,661.9135131835938,83127000
2019-12-17,870.0,870.0,845.0,860.0,658.0874633789062,42848800
2019-12-18,860.0,860.0,825.0,830.0,635.130859375,56603100
2019-12-19,830.0,845.0,825.0,835.0,638.9569702148438,43386700
2019-12-20,845.0,850.0,825.0,830.0,635.130859375,35549100
2019-12-23,835.0,845.0,825.0,825.0,631.3048706054688,38930900
2019-12-26,830.0,850.0,830.0,840.0,642.7830810546875,56216100
2019-12-27,850.0,850.0,830.0,835.0,638.9569702148438,34923000
2019-12-30,840.0,845.0,835.0,840.0,642.7830810546875,25759500
2020-01-02,845.0,850.0,825.0,840.0,642.7830810546875,26829200
2020-01-03,845.0,850.0,840.0,850.0,650.4352416992188,52105900
2020-01-06,860.0,890.0,855.0,885.0,677.2177734375,153322300
2020-01-07,885.0,895.0,865.0,875.0,669.565673828125,93750600
2020-01-08,895.0,920.0,890.0,905.0,692.5222778320312,217122000
2020-01-09,895.0,900.0,875.0,880.0,673.3917236328125,109423800
2020-01-10,880.0,885.0,865.0,885.0,677.2177734375,47623200
2020-01-13,885.0,890.0,870.0,870.0,665.7396850585938,47500600
2020-01-14,870.0,870.0,845.0,850.0,650.4352416992188,98284800
2020-01-15,850.0,865.0,830.0,835.0,638.9569702148438,73346600
2020-01-16,850.0,860.0,840.0,845.0,646.609130859375,52551000
2020-01-17,840.0,845.0,835.0,840.0,642.7830810546875,36767000
2020-01-20,840.0,850.0,785.0,795.0,608.3482666015625,164357600
2020-01-21,795.0,810.0,780.0,795.0,608.3482666015625,72996000
2020-01-22,800.0,805.0,755.0,770.0,589.2178344726562,129107000
2020-01-23,785.0,790.0,765.0,780.0,596.8699951171875,38416900
2020-01-24,780.0,790.0,775.0,785.0,600.696044921875,25277000
2020-01-27,790.0,790.0,745.0,750.0,573.91357421875,92354300
2020-01-28,750.0,760.0,730.0,750.0,573.91357421875,81359900
2020-01-29,760.0,765.0,750.0,750.0,573.91357421875,38092300
2020-01-30,750.0,760.0,740.0,740.0,566.26123046875,60227100
2020-01-31,745.0,745.0,715.0,720.0,550.9569702148438,65280900
2020-02-03,725.0,730.0,705.0,715.0,547.130859375,45970300
2020-02-04,725.0,735.0,715.0,730.0,558.609130859375,49024800
2020-02-05,730.0,735.0,715.0,725.0,554.782958984375,28225000
2020-02-06,730.0,735.0,715.0,735.0,562.4351196289062,28180200
2020-02-07,730.0,740.0,720.0,730.0,558.609130859375,27156200
2020-02-10,750.0,750.0,710.0,720.0,550.9569702148438,50506700
2020-02-11,730.0,730.0,715.0,720.0,550.9569702148438,21224000
2020-02-12,720.0,725.0,705.0,715.0,547.130859375,20699300
2020-02-13,715.0,720.0,680.0,680.0,520.3482055664062,48920800
2020-02-14,680.0,690.0,665.0,675.0,516.5221557617188,29968100
2020-02-17,675.0,690.0,670.0,680.0,520.3482055664062,33798800
2020-02-18,680.0,705.0,675.0,690.0,528.0003662109375,61588700
2020-02-19,700.0,720.0,700.0,705.0,539.4786376953125,94198000
2020-02-20,710.0,720.0,705.0,710.0,543.3046875,23540300
2020-02-21,715.0,715.0,695.0,700.0,535.652587890625,74636900
2020-02-24,710.0,715.0,680.0,685.0,524.17431640625,67340700
2020-02-25,685.0,685.0,655.0,660.0,505.04388427734375,97963600
2020-02-26,650.0,660.0,630.0,630.0,482.08734130859375,93935900
2020-02-27,630.0,650.0,595.0,600.0,459.1307067871094,104666900
2020-02-28,590.0,590.0,540.0,575.0,440.0003356933594,137409800
2020-03-02,580.0,600.0,570.0,585.0,447.6524963378906,117769700
2020-03-03,600.0,620.0,595.0,615.0,470.6090087890625,101217900
2020-03-04,615.0,635.0,610.0,630.0,482.08734130859375,93281500
2020-03-05,635.0,650.0,625.0,630.0,482.08734130859375,53646700
2020-03-06,625.0,630.0,605.0,610.0,466.7829284667969,49754200
2020-03-09,590.0,590.0,550.0,555.0,424.6959228515625,105445200
2020-03-10,555.0,585.0,555.0,575.0,440.0003356933594,76294500
2020-03-11,580.0,585.0,530.0,540.0,413.2176818847656,84825600
2020-03-12,520.0,520.0,488.0,490.0,374.956787109375,98610300
2020-03-13,470.0,490.0,456.0,478.0,365.7742004394531,117132200
2020-03-16,474.0,474.0,446.0,446.0,341.2872009277344,57292700
2020-03-17,446.0,446.0,416.0,416.0,318.3306579589844,45123800
2020-03-18,398.0,410.0,388.0,388.0,296.9045104980469,78790100
2020-03-19,362.0,364.0,362.0,362.0,277.0088806152344,8977100
2020-03-20,360.0,386.0,338.0,374.0,286.1915283203125,164706400
2020-03-23,370.0,370.0,348.0,348.0,266.29583740234375,90136700
2020-03-24,348.0,374.0,340.0,364.0,278.539306640625,155141100
2020-03-26,366.0,432.0,366.0,416.0,318.3306579589844,267248200
2020-03-27,432.0,505.0,426.0,460.0,352.000244140625,292787100
2020-03-30,450.0,460.0,428.0,432.0,330.57415771484375,74651200
2020-03-31,440.0,464.0,434.0,450.0,344.34808349609375,89306500
2020-04-01,450.0,462.0,434.0,436.0,333.635009765625,81224700
2020-04-02,436.0,454.0,424.0,452.0,345.8785400390625,83577100
2020-04-03,458.0,472.0,450.0,464.0,355.0611267089844,115728200
2020-04-06,466.0,540.0,466.0,540.0,413.2176818847656,224870500
2020-04-07,580.0,590.0,520.0,555.0,424.6959228515625,256413700
2020-04-08,555.0,555.0,520.0,520.0,397.9133605957031,90030300
2020-04-09,510.0,540.0,492.0,520.0,397.9133605957031,105623600
2020-04-13,520.0,555.0,510.0,535.0,409.3916015625,72240600
2020-04-14,550.0,560.0,540.0,555.0,424.6959228515625,84352000
2020-04-15,560.0,565.0,525.0,525.0,401.7394104003906,87961700
2020-04-16,535.0,535.0,494.0,505.0,386.4350891113281,100312000
2020-04-17,520.0,530.0,500.0,520.0,397.9133605957031,94759700
2020-04-20,515.0,520.0,496.0,500.0,382.6089782714844,80546300
2020-04-21,500.0,500.0,476.0,482.0,368.8350524902344,92065100
2020-04-22,476.0,496.0,466.0,492.0,376.4872131347656,74583700
2020-04-23,500.0,505.0,490.0,498.0,381.0785827636719,86760800
2020-04-24,496.0,515.0,486.0,494.0,378.0176696777344,86275300
2020-04-27,494.0,510.0,494.0,505.0,386.4350891113281,56062600
2020-04-28,505.0,510.0,490.0,492.0,376.4872131347656,45388100
2020-04-29,492.0,500.0,492.0,498.0,381.0785827636719,25492400
2020-04-30,500.0,525.0,500.0,510.0,390.26116943359375,85174700
2020-05-04,490.0,505.0,484.0,494.0,378.0176696777344,64158400
2020-05-05,500.0,505.0,494.0,500.0,382.6089782714844,37904200
2020-05-06,505.0,510.0,498.0,500.0,382.6089782714844,40511700
2020-05-08,505.0,540.0,500.0,535.0,409.3916015625,185061500
2020-05-11,545.0,555.0,530.0,530.0,405.56549072265625,113381700
2020-05-12,525.0,530.0,510.0,515.0,394.0872497558594,47048500
2020-05-13,515.0,540.0,505.0,535.0,409.3916015625,69026200
2020-05-14,530.0,550.0,510.0,515.0,394.0872497558594,81959800
2020-05-15,525.0,530.0,505.0,520.0,397.9133605957031,67020800
2020-05-18,525.0,535.0,520.0,525.0,401.7394104003906,46702500
2020-05-19,535.0,545.0,525.0,525.0,401.7394104003906,61033100
2020-05-20,530.0,535.0,510.0,520.0,397.9133605957031,41916400
2020-05-26,530.0,530.0,515.0,530.0,405.56549072265625,32358800
2020-05-27,530.0,535.0,515.0,520.0,397.9133605957031,43519100
2020-05-28,520.0,540.0,515.0,525.0,401.7394104003906,71853100
2020-05-29,525.0,535.0,520.0,535.0,409.3916015625,58928900
2020-06-02,540.0,570.0,535.0,555.0,424.6959228515625,137754600
2020-06-03,565.0,580.0,545.0,555.0,424.6959228515625,147855500
2020-06-04,565.0,590.0,550.0,570.0,436.1742248535156,214067000
2020-06-05,575.0,600.0,575.0,590.0,451.4786071777344,187740200
2020-06-08,595.0,645.0,595.0,630.0,482.08734130859375,246393600
2020-06-09,640.0,650.0,605.0,610.0,466.7829284667969,137515700
2020-06-10,615.0,620.0,580.0,595.0,455.3046569824219,78090100
2020-06-11,600.0,605.0,570.0,580.0,443.8264465332031,73061000
2020-06-12,560.0,580.0,545.0,580.0,443.8264465332031,58198800
2020-06-15,585.0,595.0,560.0,565.0,432.34814453125,44814200
2020-06-16,575.0,610.0,570.0,610.0,466.7829284667969,110517900
2020-06-17,620.0,645.0,605.0,635.0,485.9134216308594,195616600
2020-06-18,625.0,640.0,620.0,620.0,474.43511962890625,88492800
2020-06-19,625.0,630.0,605.0,610.0,466.7829284667969,59835400
2020-06-22,610.0,625.0,600.0,605.0,465.1070251464844,49752700
2020-06-23,600.0,615.0,590.0,595.0,457.4192810058594,31468100
2020-06-24,605.0,620.0,600.0,605.0,465.1070251464844,58104500
2020-06-25,595.0,605.0,595.0,600.0,461.2630920410156,18727500
2020-06-26,610.0,615.0,605.0,605.0,465.1070251464844,29811500
2020-06-29,610.0,610.0,595.0,595.0,457.4192810058594,25880900
2020-06-30,605.0,610.0,595.0,605.0,465.1070251464844,30619800
2020-07-01,610.0,615.0,595.0,600.0,461.2630920410156,21393300
2020-07-02,600.0,610.0,590.0,610.0,468.95086669921875,41575700
2020-07-03,615.0,615.0,600.0,600.0,461.2630920410156,30660200
2020-07-06,605.0,640.0,600.0,640.0,492.0140380859375,133412200
2020-07-07,645.0,670.0,640.0,650.0,499.7016906738281,234409300
2020-07-08,650.0,675.0,645.0,660.0,507.3894958496094,116131400
2020-07-09,660.0,670.0,650.0,650.0,499.7016906738281,66422900
2020-07-10,650.0,665.0,640.0,645.0,495.85791015625,44571600
2020-07-13,645.0,685.0,645.0,675.0,518.9210815429688,148923800
2020-07-14,670.0,680.0,660.0,660.0,507.3894958496094,77241200
2020-07-15,665.0,675.0,655.0,655.0,503.545654296875,38423500
2020-07-16,655.0,665.0,650.0,650.0,499.7016906738281,19244200
2020-07-17,655.0,660.0,645.0,660.0,507.3894958496094,21499000
2020-07-20,660.0,665.0,650.0,650.0,499.7016906738281,31533100
2020-07-21,655.0,690.0,650.0,685.0,526.6088256835938,158932500
2020-07-22,690.0,705.0,685.0,685.0,526.6088256835938,192426100
2020-07-23,695.0,705.0,685.0,690.0,530.45263671875,90668500
2020-07-24,705.0,705.0,685.0,685.0,526.6088256835938,134255200
2020-07-27,695.0,725.0,690.0,725.0,557.359619140625,197203700
2020-07-28,730.0,755.0,715.0,720.0,553.5158081054688,186698000
2020-07-29,720.0,740.0,710.0,730.0,561.2034912109375,79691500
2020-07-30,730.0,740.0,720.0,730.0,561.2034912109375,68996600
2020-08-03,740.0,750.0,680.0,700.0,538.1403198242188,110870200
2020-08-04,700.0,715.0,700.0,705.0,541.9841918945312,43434000
2020-08-05,730.0,750.0,715.0,750.0,576.5789794921875,182812800
2020-08-06,765.0,840.0,755.0,835.0,641.924560546875,446658400
2020-08-07,840.0,865.0,835.0,840.0,645.7684326171875,263824700
2020-08-10,840.0,840.0,800.0,825.0,634.2368774414062,100818900
2020-08-11,825.0,830.0,790.0,800.0,615.017578125,133787400
2020-08-12,795.0,795.0,750.0,770.0,591.9544067382812,188570300
2020-08-13,770.0,790.0,770.0,770.0,591.9544067382812,99028400
2020-08-14,780.0,805.0,775.0,785.0,603.4859619140625,209371300
2020-08-18,800.0,820.0,795.0,805.0,618.8613891601562,178541000
2020-08-19,810.0,815.0,795.0,795.0,611.1737060546875,88404200
2020-08-24,805.0,805.0,775.0,780.0,599.6421508789062,116065100
2020-08-25,780.0,795.0,775.0,790.0,607.3297119140625,69089200
2020-08-26,790.0,800.0,780.0,785.0,603.4859619140625,72181500
2020-08-27,790.0,805.0,785.0,795.0,611.1737060546875,87815900
2020-08-28,800.0,830.0,790.0,820.0,630.3929443359375,278492100
2020-08-31,830.0,855.0,810.0,820.0,630.3929443359375,229956400
2020-09-01,820.0,840.0,815.0,840.0,645.7684326171875,131125800
2020-09-02,840.0,855.0,830.0,850.0,653.4561157226562,126138900
2020-09-03,850.0,855.0,825.0,830.0,638.0806884765625,96483000
2020-09-04,820.0,830.0,800.0,825.0,634.2368774414062,93463300
2020-09-07,825.0,830.0,810.0,825.0,634.2368774414062,35138000
2020-09-08,825.0,840.0,820.0,825.0,634.2368774414062,60255800
2020-09-09,810.0,810.0,780.0,795.0,611.1737060546875,109624500
2020-09-10,785.0,790.0,740.0,740.0,568.8912353515625,121922400
2020-09-11,710.0,780.0,700.0,775.0,595.7982788085938,114696400
2020-09-14,780.0,805.0,780.0,800.0,615.017578125,61791200
2020-09-15,810.0,820.0,785.0,805.0,618.8613891601562,66313200
2020-09-16,805.0,810.0,785.0,795.0,611.1737060546875,31285000
2020-09-17,805.0,805.0,765.0,775.0,595.7982788085938,47543300
2020-09-18,780.0,795.0,775.0,790.0,607.3297119140625,28855300
2020-09-21,785.0,790.0,760.0,765.0,588.1105346679688,34817700
2020-09-22,750.0,755.0,725.0,735.0,565.0473022460938,52789600
2020-09-23,755.0,780.0,735.0,750.0,576.5789794921875,95405500
2020-09-24,750.0,750.0,705.0,720.0,553.5158081054688,69787900
2020-09-25,735.0,735.0,715.0,730.0,561.2034912109375,42231400
2020-09-28,730.0,740.0,715.0,725.0,557.359619140625,23365500
2020-09-29,735.0,740.0,715.0,715.0,549.6719360351562,47576900
2020-09-30,720.0,730.0,695.0,705.0,541.9841918945312,40688700
2020-10-01,710.0,740.0,710.0,735.0,565.0473022460938,45502700
2020-10-02,735.0,735.0,705.0,725.0,557.359619140625,56903300
2020-10-05,735.0,735.0,715.0,720.0,553.5158081054688,20089800
2020-10-06,730.0,735.0,715.0,720.0,553.5158081054688,39918300
2020-10-07,715.0,720.0,710.0,715.0,549.6719360351562,22001600
2020-10-08,720.0,730.0,715.0,720.0,553.5158081054688,28843100
2020-10-09,730.0,775.0,725.0,765.0,588.1105346679688,175465400
2020-10-12,780.0,790.0,765.0,780.0,599.6421508789062,108451600
2020-10-13,780.0,780.0,760.0,765.0,588.1105346679688,47798000
2020-10-14,775.0,955.0,775.0,955.0,734.1773071289062,1116793100
2020-10-15,1020.0,1180.0,920.0,935.0,718.8017578125,1510069900
2020-10-16,960.0,995.0,920.0,940.0,722.6456298828125,638756000
2020-10-19,970.0,1055.0,950.0,1055.0,811.054443359375,1158293800
2020-10-20,1055.0,1065.0,1020.0,1035.0,795.6788940429688,789265700
2020-10-21,1050.0,1145.0,1050.0,1100.0,845.649169921875,1370011500
2020-10-22,1100.0,1120.0,1075.0,1085.0,834.1175537109375,465407900
2020-10-23,1095.0,1120.0,1060.0,1085.0,834.1175537109375,392722300
2020-10-26,1090.0,1095.0,1060.0,1060.0,814.8982543945312,183290100
2020-10-27,1050.0,1095.0,1050.0,1055.0,811.054443359375,333734100
2020-11-02,1065.0,1125.0,1055.0,1100.0,845.649169921875,571253300
2020-11-03,1115.0,1130.0,1105.0,1110.0,853.3367919921875,317572700
2020-11-04,1125.0,1145.0,1100.0,1105.0,849.4930419921875,410216500
2020-11-05,1130.0,1145.0,1115.0,1125.0,864.8683471679688,240422000
2020-11-06,1140.0,1140.0,1115.0,1125.0,864.8683471679688,202159600
2020-11-09,1140.0,1245.0,1135.0,1240.0,953.2772216796875,846313500
2020-11-10,1250.0,1255.0,1195.0,1200.0,922.5261840820312,604934300
2020-11-11,1210.0,1240.0,1185.0,1195.0,918.6824340820312,628878500
2020-11-12,1190.0,1205.0,1165.0,1170.0,899.463134765625,200055900
2020-11-13,1160.0,1180.0,1155.0,1170.0,899.463134765625,172842400
2020-11-16,1200.0,1210.0,1180.0,1185.0,910.9946899414062,213486900
2020-11-17,1185.0,1215.0,1175.0,1190.0,914.8385620117188,300731400
2020-11-18,1220.0,1280.0,1215.0,1240.0,953.2772216796875,853419900
2020-11-19,1240.0,1245.0,1220.0,1235.0,949.4332885742188,286394100
2020-11-20,1235.0,1240.0,1200.0,1210.0,930.2140502929688,220936900
2020-11-23,1225.0,1255.0,1215.0,1255.0,964.8087158203125,371401400
2020-11-24,1255.0,1255.0,1220.0,1235.0,949.4332885742188,351292500
2020-11-25,1235.0,1240.0,1195.0,1205.0,926.3702392578125,303117600
2020-11-26,1200.0,1225.0,1195.0,1210.0,930.2140502929688,147126800
2020-11-27,1230.0,1250.0,1215.0,1230.0,945.58935546875,308954300
2020-11-30,1225.0,1225.0,1145.0,1145.0,880.2437744140625,446062400
2020-12-01,1150.0,1180.0,1105.0,1155.0,887.9315185546875,240765000
2020-12-02,1170.0,1260.0,1170.0,1245.0,957.1209106445312,803420400
2020-12-03,1245.0,1300.0,1235.0,1255.0,964.8087158203125,615002200
2020-12-04,1265.0,1270.0,1235.0,1245.0,957.1209106445312,155578400
2020-12-07,1270.0,1295.0,1260.0,1280.0,984.028076171875,367250700
2020-12-08,1295.0,1320.0,1285.0,1300.0,999.4033813476562,377826500
2020-12-10,1330.0,1425.0,1330.0,1395.0,1072.4368896484375,686885600
2020-12-11,1475.0,1500.0,1435.0,1450.0,1114.71923828125,487755900
2020-12-14,1500.0,1540.0,1490.0,1525.0,1172.3773193359375,417804400
2020-12-15,1525.0,1565.0,1495.0,1560.0,1199.2843017578125,462918300
2020-12-16,1595.0,1925.0,1590.0,1815.0,1395.321044921875,1272844700
2020-12-17,1840.0,1880.0,1775.0,1815.0,1395.321044921875,542949200
2020-12-18,1845.0,1960.0,1810.0,1950.0,1499.105224609375,1083731700
2020-12-21,1965.0,2020.0,1925.0,1965.0,1510.63671875,627035000
2020-12-22,1950.0,1960.0,1830.0,1835.0,1410.696533203125,678922000
2020-12-23,1830.0,1850.0,1720.0,1790.0,1376.1016845703125,659296400
2020-12-28,1825.0,2000.0,1780.0,2000.0,1537.5438232421875,992175000
2020-12-29,2050.0,2070.0,1935.0,1945.0,1495.261474609375,739754900
2020-12-30,1945.0,1985.0,1905.0,1935.0,1487.5736083984375,535943500
2021-01-04,1970.0,2200.0,1940.0,2190.0,1683.610595703125,1040753400
2021-01-05,2190.0,2340.0,2130.0,2230.0,1714.361328125,1139014700
2021-01-06,2270.0,2290.0,2130.0,2220.0,1706.673583984375,629211500
2021-01-07,2250.0,2740.0,2240.0,2600.0,1998.8067626953125,1982112200
2021-01-08,2640.0,2750.0,2560.0,2600.0,1998.8067626953125,1052618000
2021-01-11,2560.0,2650.0,2530.0,2580.0,1983.431640625,521301600
2021-01-12,2580.0,2780.0,2550.0,2770.0,2129.498291015625,1147172800
2021-01-13,2850.0,3130.0,2850.0,3120.0,2398.568603515625,1280852600
2021-01-14,3140.0,3440.0,3060.0,3180.0,2444.69482421875,1499058400
2021-01-15,3300.0,3380.0,3040.0,3120.0,2398.568603515625,915912100
2021-01-18,3000.0,3140.0,2910.0,2910.0,2237.12646484375,930618200
2021-01-19,2810.0,2850.0,2710.0,2710.0,2083.3720703125,360498600
2021-01-20,2540.0,3200.0,2530.0,3190.0,2452.382568359375,1983213100
2021-01-21,3290.0,3340.0,3030.0,3090.0,2375.505126953125,1273877400
2021-01-22,3090.0,3090.0,2880.0,2880.0,2214.063232421875,894766800
2021-01-25,2760.0,2960.0,2680.0,2870.0,2206.375244140625,1222991300
2021-01-26,2900.0,2930.0,2670.0,2670.0,2052.62109375,786819300
2021-01-27,2620.0,2740.0,2490.0,2550.0,1960.3685302734375,1341364800
2021-01-28,2470.0,2570.0,2380.0,2380.0,1829.6771240234375,731854900
2021-01-29,2370.0,2440.0,2220.0,2220.0,1706.673583984375,450321200
2021-02-01,2090.0,2640.0,2070.0,2600.0,1998.8067626953125,2186652700
2021-02-02,2600.0,2630.0,2420.0,2420.0,1860.4281005859375,942434300
2021-02-03,2390.0,2520.0,2290.0,2330.0,1791.238525390625,948031000
2021-02-04,2400.0,2520.0,2270.0,2400.0,1845.0523681640625,874173400
2021-02-05,2450.0,2690.0,2370.0,2660.0,2044.9334716796875,1157647700
2021-02-08,2770.0,2830.0,2700.0,2830.0,2175.625,977135300
2021-02-09,2850.0,2860.0,2640.0,2730.0,2098.7470703125,877784900
2021-02-10,2790.0,2970.0,2720.0,2930.0,2252.501708984375,1401720500
2021-02-11,2940.0,2960.0,2850.0,2870.0,2206.375244140625,620114900
2021-02-15,2900.0,2950.0,2880.0,2900.0,2229.4384765625,361594300
2021-02-16,2910.0,2940.0,2860.0,2870.0,2206.375244140625,349266100
2021-02-17,2870.0,2890.0,2720.0,2750.0,2114.122802734375,443154100
2021-02-18,2700.0,2820.0,2670.0,2780.0,2137.18603515625,349948000
2021-02-19,2800.0,2910.0,2730.0,2880.0,2214.063232421875,482821700
2021-02-22,2940.0,3040.0,2910.0,2950.0,2267.876953125,834610300
2021-02-23,2940.0,3010.0,2920.0,2940.0,2260.189208984375,327105100
2021-02-24,2930.0,2970.0,2820.0,2910.0,2237.12646484375,386381000
2021-02-25,2970.0,3010.0,2940.0,2960.0,2275.56494140625,346787800
2021-02-26,2840.0,2890.0,2780.0,2840.0,2183.312255859375,1305042600
2021-03-01,2850.0,2880.0,2810.0,2840.0,2183.312255859375,166782500
2021-03-02,2840.0,2850.0,2720.0,2730.0,2098.7470703125,298489400
2021-03-03,2770.0,2770.0,2670.0,2700.0,2075.684326171875,192152700
2021-03-04,2520.0,2590.0,2520.0,2520.0,1937.305419921875,466387000
2021-03-05,2370.0,2520.0,2350.0,2420.0,1860.4281005859375,745024700
2021-03-08,2490.0,2500.0,2270.0,2280.0,1752.7999267578125,476947100
2021-03-09,2280.0,2360.0,2180.0,2230.0,1714.361328125,515109500
2021-03-10,2260.0,2280.0,2170.0,2230.0,1714.361328125,193024600
2021-03-12,2280.0,2440.0,2280.0,2420.0,1860.4281005859375,537855700
2021-03-15,2430.0,2450.0,2280.0,2340.0,1798.92626953125,371987500
2021-03-16,2350.0,2350.0,2240.0,2270.0,1745.1124267578125,231241100
2021-03-17,2290.0,2330.0,2260.0,2300.0,1768.175537109375,147188700
2021-03-18,2350.0,2350.0,2270.0,2290.0,1760.487548828125,149549500
2021-03-19,2270.0,2280.0,2210.0,2250.0,1729.7366943359375,123414100
2021-03-22,2260.0,2340.0,2250.0,2260.0,1737.4246826171875,125924600
2021-03-23,2300.0,2310.0,2220.0,2270.0,1745.1124267578125,141239100
2021-03-24,2250.0,2250.0,2170.0,2170.0,1668.235107421875,156928900
2021-03-25,2170.0,2230.0,2100.0,2180.0,1675.9227294921875,191883200
2021-03-26,2230.0,2440.0,2200.0,2430.0,1868.11572265625,652293400
2021-03-29,2430.0,2430.0,2260.0,2260.0,1737.4246826171875,454909500
2021-03-30,2270.0,2320.0,2160.0,2210.0,1698.986083984375,282270900
2021-03-31,2180.0,2250.0,2130.0,2250.0,1729.7366943359375,268981300
2021-04-01,2290.0,2300.0,2200.0,2240.0,1722.049072265625,160897600
2021-04-05,2280.0,2280.0,2190.0,2200.0,1691.29833984375,107349400
2021-04-06,2250.0,2340.0,2210.0,2330.0,1791.238525390625,323980600
2021-04-07,2330.0,2370.0,2270.0,2360.0,1814.3018798828125,237921000
2021-04-08,2360.0,2480.0,2340.0,2470.0,1898.8665771484375,327839300
2021-04-09,2450.0,2490.0,2340.0,2340.0,1798.92626953125,264837100
2021-04-12,2310.0,2310.0,2210.0,2250.0,1729.7366943359375,194738500
2021-04-13,2250.0,2300.0,2220.0,2270.0,1745.1124267578125,111017700
2021-04-14,2280.0,2340.0,2280.0,2330.0,1791.238525390625,143891700
2021-04-15,2340.0,2350.0,2300.0,2320.0,1783.551025390625,109175800
2021-04-16,2340.0,2420.0,2310.0,2390.0,1850.71875,173387400
2021-04-19,2350.0,2370.0,2300.0,2340.0,1812.000732421875,91552300
2021-04-20,2330.0,2360.0,2300.0,2350.0,1819.744384765625,60372200
2021-04-21,2320.0,2400.0,2300.0,2370.0,1835.2314453125,112742900
2021-04-22,2380.0,2440.0,2350.0,2350.0,1819.744384765625,119644900
2021-04-23,2320.0,2340.0,2310.0,2320.0,1796.5137939453125,41022800
2021-04-26,2350.0,2420.0,2340.0,2390.0,1850.71875,139616000
2021-04-27,2410.0,2430.0,2360.0,2390.0,1850.71875,96606300
2021-04-28,2380.0,2430.0,2350.0,2430.0,1881.693115234375,138325400
2021-04-29,2460.0,2540.0,2460.0,2510.0,1943.6417236328125,325392600
2021-04-30,2490.0,2500.0,2440.0,2490.0,1928.1544189453125,124672100
2021-05-03,2500.0,2560.0,2480.0,2520.0,1951.3856201171875,171047200
2021-05-04,2540.0,2640.0,2500.0,2620.0,2028.821533203125,284137700
2021-05-05,2620.0,2640.0,2560.0,2630.0,2036.56494140625,180649900
2021-05-06,2610.0,2670.0,2580.0,2620.0,2028.821533203125,150793800
2021-05-07,2630.0,2650.0,2610.0,2620.0,2028.821533203125,133080200
2021-05-10,2640.0,2700.0,2620.0,2680.0,2075.282958984375,157887500
2021-05-11,2600.0,2690.0,2600.0,2670.0,2067.539306640625,164247600
2021-05-17,2670.0,2670.0,2500.0,2510.0,1943.6417236328125,185205000
2021-05-18,2560.0,2640.0,2540.0,2600.0,2013.333984375,179403400
2021-05-19,2580.0,2640.0,2530.0,2550.0,1974.6163330078125,111892800
2021-05-20,2510.0,2520.0,2420.0,2420.0,1873.9495849609375,214175900
2021-05-21,2420.0,2440.0,2310.0,2330.0,1804.2572021484375,147528900
2021-05-24,2360.0,2390.0,2250.0,2270.0,1757.7957763671875,128408600
2021-05-25,2310.0,2410.0,2310.0,2330.0,1804.2572021484375,186483800
2021-05-27,2340.0,2390.0,2330.0,2390.0,1850.71875,148943500
2021-05-28,2470.0,2500.0,2430.0,2460.0,1904.9237060546875,118544200
2021-05-31,2480.0,2480.0,2410.0,2450.0,1897.180419921875,57366900
2021-06-02,2460.0,2550.0,2440.0,2550.0,1974.6163330078125,125654300
2021-06-03,2540.0,2600.0,2500.0,2520.0,1951.3856201171875,131141700
2021-06-04,2480.0,2480.0,2410.0,2430.0,1881.693115234375,160479400
2021-06-07,2450.0,2450.0,2370.0,2380.0,1842.97509765625,62115900
2021-06-08,2390.0,2420.0,2350.0,2350.0,1819.744384765625,58838700
2021-06-09,2380.0,2480.0,2370.0,2460.0,1904.9237060546875,117338500
2021-06-10,2440.0,2480.0,2420.0,2420.0,1873.9495849609375,79751900
2021-06-11,2460.0,2500.0,2440.0,2480.0,1920.4111328125,94696000
2021-06-14,2470.0,2470.0,2400.0,2410.0,1866.2060546875,64557400
2021-06-15,2390.0,2390.0,2340.0,2360.0,1827.4881591796875,84189100
2021-06-16,2330.0,2360.0,2300.0,2320.0,1796.5137939453125,77248800
2021-06-17,2290.0,2350.0,2260.0,2330.0,1804.2572021484375,74868000
2021-06-18,2300.0,2320.0,2210.0,2230.0,1726.8211669921875,125507700
2021-06-21,2190.0,2250.0,2130.0,2200.0,1703.590576171875,100386700
2021-06-22,2250.0,2300.0,2220.0,2260.0,1750.0521240234375,97671600
2021-06-23,2280.0,2310.0,2240.0,2250.0,1742.308349609375,64275900
2021-06-24,2280.0,2290.0,2240.0,2250.0,1742.308349609375,59257500
2021-06-25,2310.0,2340.0,2280.0,2300.0,1781.0264892578125,90478300
2021-06-28,2310.0,2310.0,2230.0,2240.0,1734.5648193359375,65985000
2021-06-29,2230.0,2250.0,2210.0,2220.0,1719.07763671875,55524500
2021-06-30,2240.0,2310.0,2230.0,2300.0,1781.0264892578125,95174800
2021-07-01,2280.0,2310.0,2200.0,2230.0,1726.8211669921875,89606900
2021-07-02,2230.0,2250.0,2190.0,2220.0,1719.07763671875,57200500
2021-07-05,2230.0,2260.0,2220.0,2240.0,1734.5648193359375,60698700
2021-07-06,2250.0,2510.0,2240.0,2480.0,1920.4111328125,365880400
2021-07-07,2450.0,2470.0,2380.0,2460.0,1904.9237060546875,146473200
2021-07-08,2460.0,2610.0,2460.0,2550.0,1974.6163330078125,227835500
2021-07-09,2560.0,2630.0,2530.0,2590.0,2005.5908203125,185723500
2021-07-12,2610.0,2670.0,2520.0,2550.0,1974.6163330078125,176941700
2021-07-13,2560.0,2610.0,2500.0,2540.0,1966.872802734375,128321100
2021-07-14,2540.0,2600.0,2500.0,2590.0,2005.5908203125,73148100
2021-07-15,2580.0,2630.0,2560.0,2610.0,2021.0780029296875,107128500
2021-07-16,2630.0,2690.0,2610.0,2620.0,2028.821533203125,171972500
2021-07-19,2630.0,2670.0,2610.0,2640.0,2044.3087158203125,74138600
2021-07-21,2620.0,2640.0,2540.0,2560.0,1982.35986328125,99038100
2021-07-22,2560.0,2600.0,2560.0,2570.0,1990.103515625,59407500
2021-07-23,2600.0,2670.0,2600.0,2620.0,2028.821533203125,130437900
2021-07-26,2660.0,2730.0,2610.0,2630.0,2036.56494140625,223203900
2021-07-27,2670.0,2680.0,2510.0,2530.0,1959.129150390625,126951200
2021-07-28,2540.0,2590.0,2500.0,2520.0,1951.3856201171875,64034100
2021-07-29,2550.0,2600.0,2500.0,2590.0,2005.5908203125,90764300
2021-07-30,2590.0,2590.0,2510.0,2520.0,1951.3856201171875,90628600
2021-08-02,2520.0,2520.0,2440.0,2510.0,1943.6417236328125,79180000
2021-08-03,2490.0,2520.0,2440.0,2470.0,1912.66748046875,79440900
2021-08-04,2460.0,2460.0,2410.0,2420.0,1873.9495849609375,75331700
2021-08-05,2420.0,2430.0,2340.0,2370.0,1835.2314453125,105003300
2021-08-06,2380.0,2410.0,2320.0,2330.0,1804.2572021484375,73813800
2021-08-09,2300.0,2310.0,2250.0,2260.0,1750.0521240234375,118970000
2021-08-10,2270.0,2370.0,2240.0,2340.0,1812.000732421875,131980200
2021-08-12,2400.0,2430.0,2380.0,2400.0,1858.462158203125,127108900
2021-08-13,2410.0,2410.0,2350.0,2380.0,1842.97509765625,66587000
2021-08-16,2370.0,2400.0,2350.0,2390.0,1850.71875,48998000
2021-08-18,2390.0,2420.0,2360.0,2400.0,1858.462158203125,85335000
2021-08-19,2380.0,2380.0,2270.0,2270.0,1757.7957763671875,131304600
2021-08-20,2240.0,2320.0,2240.0,2280.0,1765.5391845703125,71969400
2021-08-23,2310.0,2330.0,2280.0,2290.0,1773.28271484375,65261800
2021-08-24,2330.0,2330.0,2270.0,2270.0,1757.7957763671875,43554200
2021-08-25,2290.0,2340.0,2280.0,2300.0,1781.0264892578125,61473600
2021-08-26,2300.0,2310.0,2270.0,2270.0,1757.7957763671875,30446800
2021-08-27,2270.0,2290.0,2250.0,2260.0,1750.0521240234375,31806000
2021-08-30,2280.0,2320.0,2280.0,2310.0,1788.7698974609375,37542900
2021-08-31,2350.0,2400.0,2320.0,2390.0,1850.71875,117729600
2021-09-01,2390.0,2430.0,2370.0,2390.0,1850.71875,81067300
2021-09-02,2390.0,2390.0,2320.0,2320.0,1796.5137939453125,44419100
2021-09-03,2320.0,2350.0,2300.0,2350.0,1819.744384765625,29176500
2021-09-06,2380.0,2400.0,2340.0,2380.0,1842.97509765625,65055100
2021-09-07,2400.0,2410.0,2350.0,2350.0,1819.744384765625,33406100
2021-09-08,2350.0,2380.0,2300.0,2320.0,1796.5137939453125,58229900
2021-09-09,2330.0,2450.0,2290.0,2440.0,1889.4366455078125,150815700
2021-09-10,2470.0,2630.0,2470.0,2590.0,2005.5908203125,423200100
2021-09-13,2570.0,2590.0,2480.0,2520.0,1951.3856201171875,131318700
2021-09-14,2500.0,2500.0,2440.0,2470.0,1912.66748046875,139289700
2021-09-15,2470.0,2530.0,2460.0,2490.0,1928.1544189453125,110525900
2021-09-16,2520.0,2550.0,2390.0,2410.0,1866.2060546875,163306000
2021-09-17,2370.0,2430.0,2370.0,2400.0,1858.462158203125,61535600
2021-09-20,2380.0,2390.0,2330.0,2350.0,1819.744384765625,82487500
2021-09-21,2350.0,2370.0,2300.0,2360.0,1827.4881591796875,66014000
2021-09-22,2370.0,2410.0,2330.0,2340.0,1812.000732421875,88209700
2021-09-23,2370.0,2370.0,2290.0,2290.0,1773.28271484375,153137400
2021-09-24,2290.0,2340.0,2280.0,2290.0,1773.28271484375,159085400
2021-09-27,2310.0,2330.0,2280.0,2290.0,1773.28271484375,52714300
2021-09-28,2310.0,2330.0,2260.0,2270.0,1757.7957763671875,99767900
2021-09-29,2260.0,2320.0,2250.0,2310.0,1788.7698974609375,97068300
2021-09-30,2310.0,2340.0,2270.0,2290.0,1773.28271484375,125415100
2021-10-01,2280.0,2280.0,2220.0,2220.0,1719.07763671875,199919600
2021-10-04,2230.0,2320.0,2230.0,2310.0,1788.7698974609375,143892700
2021-10-05,2290.0,2420.0,2290.0,2300.0,1781.0264892578125,297763700
2021-10-06,2320.0,2340.0,2300.0,2300.0,1781.0264892578125,98305700
2021-10-07,2320.0,2350.0,2300.0,2330.0,1804.2572021484375,106183800
2021-10-08,2380.0,2410.0,2330.0,2340.0,1812.000732421875,159593300
2021-10-11,2390.0,2430.0,2370.0,2420.0,1873.9495849609375,233370800
2021-10-12,2410.0,2410.0,2350.0,2370.0,1835.2314453125,131463700
2021-10-13,2360.0,2370.0,2330.0,2340.0,1812.000732421875,70802000
2021-10-14,2350.0,2420.0,2340.0,2420.0,1873.9495849609375,189624300
2021-10-15,2450.0,2480.0,2410.0,2470.0,1912.66748046875,260095700
2021-10-18,2500.0,2570.0,2500.0,2510.0,1943.6417236328125,237360500
2021-10-19,2530.0,2540.0,2460.0,2530.0,1959.129150390625,153636200
2021-10-21,2600.0,2630.0,2420.0,2450.0,1897.180419921875,346789000
2021-10-22,2400.0,2460.0,2370.0,2430.0,1881.693115234375,124149100
2021-10-25,2450.0,2460.0,2410.0,2420.0,1873.9495849609375,50651600
2021-10-26,2450.0,2460.0,2400.0,2400.0,1858.462158203125,64791500
2021-10-27,2400.0,2410.0,2340.0,2350.0,1819.744384765625,75548400
2021-10-28,2320.0,2340.0,2300.0,2320.0,1796.5137939453125,77309100
2021-10-29,2340.0,2370.0,2330.0,2340.0,1812.000732421875,52556000
2021-11-01,2360.0,2360.0,2320.0,2330.0,1804.2572021484375,34622200
2021-11-02,2340.0,2350.0,2310.0,2310.0,1788.7698974609375,27322900
2021-11-03,2320.0,2340.0,2310.0,2320.0,1796.5137939453125,21938100
2021-11-04,2320.0,2390.0,2320.0,2380.0,1842.97509765625,67025700
2021-11-05,2390.0,2400.0,2340.0,2360.0,1827.4881591796875,40241200
2021-11-08,2380.0,2400.0,2350.0,2370.0,1835.2314453125,46985500
2021-11-09,2380.0,2390.0,2330.0,2340.0,1812.000732421875,44444800
2021-11-10,2330.0,2350.0,2320.0,2340.0,1812.000732421875,38322000
2021-11-11,2350.0,2370.0,2340.0,2370.0,1835.2314453125,41526700
2021-11-12,2380.0,2420.0,2370.0,2400.0,1858.462158203125,80769500
2021-11-15,2420.0,2430.0,2340.0,2390.0,1850.71875,100184600
2021-11-16,2390.0,2410.0,2370.0,2380.0,1842.97509765625,47663300
2021-11-17,2380.0,2390.0,2340.0,2350.0,1819.744384765625,50176400
2021-11-18,2350.0,2370.0,2320.0,2330.0,1804.2572021484375,52679900
2021-11-19,2350.0,2400.0,2340.0,2390.0,1850.71875,93539700
2021-11-22,2400.0,2400.0,2350.0,2370.0,1835.2314453125,46485000
2021-11-23,2390.0,2460.0,2370.0,2400.0,1858.462158203125,159836400
2021-11-24,2400.0,2450.0,2380.0,2440.0,1889.4366455078125,73287900
2021-11-25,2470.0,2490.0,2430.0,2440.0,1889.4366455078125,109033700
2021-11-26,2410.0,2410.0,2330.0,2340.0,1812.000732421875,162294600
2021-11-29,2330.0,2360.0,2320.0,2330.0,1804.2572021484375,82567700
2021-11-30,2340.0,2370.0,2300.0,2300.0,1781.0264892578125,151186400
2021-12-01,2300.0,2320.0,2250.0,2270.0,1757.7957763671875,83612700
2021-12-02,2270.0,2370.0,2260.0,2340.0,1812.000732421875,89010800
2021-12-03,2350.0,2370.0,2320.0,2340.0,1812.000732421875,38757200
2021-12-06,2340.0,2360.0,2310.0,2320.0,1796.5137939453125,31951700
2021-12-07,2340.0,2350.0,2330.0,2340.0,1812.000732421875,21542900
2021-12-08,2360.0,2360.0,2320.0,2330.0,1804.2572021484375,24204300
2021-12-09,2330.0,2340.0,2320.0,2330.0,1804.2572021484375,20800100
2021-12-10,2330.0,2330.0,2310.0,2320.0,1796.5137939453125,13962600
2021-12-13,2330.0,2350.0,2320.0,2320.0,1796.5137939453125,15212500
2021-12-14,2320.0,2320.0,2280.0,2290.0,1773.28271484375,28618000
2021-12-15,2290.0,2300.0,2270.0,2280.0,1765.5391845703125,34080000
2021-12-16,2290.0,2300.0,2260.0,2290.0,1773.28271484375,35249800
2021-12-17,2310.0,2310.0,2250.0,2250.0,1742.308349609375,50857800
2021-12-20,2250.0,2260.0,2220.0,2220.0,1719.07763671875,53770200
2021-12-21,2220.0,2280.0,2220.0,2260.0,1750.0521240234375,37964200
2021-12-22,2270.0,2300.0,2250.0,2250.0,1742.308349609375,28786500
2021-12-23,2260.0,2270.0,2240.0,2240.0,1734.5648193359375,19005000
2021-12-24,2260.0,2300.0,2250.0,2280.0,1765.5391845703125,30712000
2021-12-27,2300.0,2300.0,2280.0,2300.0,1781.0264892578125,18193100
2021-12-28,2310.0,2320.0,2260.0,2260.0,1750.0521240234375,29787500
2021-12-29,2270.0,2290.0,2260.0,2270.0,1757.7957763671875,14304600
2021-12-30,2280.0,2300.0,2250.0,2250.0,1742.308349609375,27319000
2022-01-03,2260.0,2350.0,2260.0,2340.0,1812.000732421875,74416700
2022-01-04,2340.0,2350.0,2290.0,2300.0,1781.0264892578125,32222200
2022-01-05,2310.0,2340.0,2250.0,2270.0,1757.7957763671875,51315000
2022-01-06,2260.0,2270.0,2230.0,2230.0,1726.8211669921875,45325800
2022-01-07,2250.0,2260.0,2230.0,2230.0,1726.8211669921875,26661900
2022-01-10,2250.0,2250.0,2220.0,2220.0,1719.07763671875,35421200
2022-01-11,2220.0,2230.0,2080.0,2080.0,1610.66748046875,170397900
2022-01-12,2120.0,2150.0,1935.0,1935.0,1498.38525390625,394745900
2022-01-13,1935.0,1995.0,1840.0,1965.0,1521.615966796875,284219000
2022-01-14,1965.0,1975.0,1930.0,1950.0,1510.0006103515625,106442100
2022-01-17,1950.0,1955.0,1840.0,1855.0,1436.4365234375,183492900
2022-01-18,1850.0,1875.0,1765.0,1780.0,1378.359619140625,219496200
2022-01-19,1780.0,1810.0,1705.0,1725.0,1335.769775390625,230606700
2022-01-20,1765.0,1935.0,1750.0,1935.0,1498.38525390625,368848100
2022-01-21,1935.0,1965.0,1890.0,1945.0,1506.12890625,169331400
2022-01-24,1950.0,1955.0,1875.0,1885.0,1459.6673583984375,70289800
2022-01-25,1840.0,1840.0,1755.0,1760.0,1362.872314453125,201603100
2022-01-26,1780.0,1815.0,1735.0,1805.0,1397.7186279296875,162799900
2022-01-27,1775.0,1790.0,1750.0,1765.0,1366.7442626953125,133831800
2022-01-28,1770.0,1790.0,1755.0,1770.0,1370.615966796875,49925500
2022-01-31,1785.0,1810.0,1770.0,1770.0,1370.615966796875,81820500
2022-02-02,1805.0,1830.0,1775.0,1780.0,1378.359619140625,158843900
2022-02-03,1785.0,1860.0,1765.0,1840.0,1424.8211669921875,125115700
2022-02-04,1830.0,1835.0,1805.0,1810.0,1401.59033203125,80295500
2022-02-07,1810.0,1835.0,1805.0,1810.0,1401.59033203125,74469900
2022-02-08,1820.0,1825.0,1785.0,1790.0,1386.1031494140625,90880800
2022-02-09,1790.0,1800.0,1770.0,1780.0,1378.359619140625,73968100
2022-02-10,1795.0,1905.0,1790.0,1880.0,1455.7955322265625,255038700
2022-02-11,1890.0,1900.0,1830.0,1845.0,1428.69287109375,112845700
2022-02-14,1840.0,1900.0,1810.0,1890.0,1463.5390625,126046500
2022-02-15,1890.0,1910.0,1865.0,1880.0,1455.7955322265625,80643100
2022-02-16,1890.0,1895.0,1870.0,1880.0,1455.7955322265625,48783800
2022-02-17,1885.0,1945.0,1855.0,1945.0,1506.12890625,118149300
2022-02-18,1955.0,2140.0,1955.0,2090.0,1618.4110107421875,412835800
2022-02-21,2100.0,2190.0,2100.0,2170.0,1680.3597412109375,210845000
2022-02-22,2150.0,2200.0,2100.0,2180.0,1688.103271484375,215581800
2022-02-23,2200.0,2230.0,2170.0,2200.0,1703.590576171875,140926300
2022-02-24,2190.0,2240.0,2120.0,2220.0,1719.07763671875,303802600
2022-02-25,2220.0,2270.0,2200.0,2220.0,1719.07763671875,189907800
2022-03-01,2240.0,2300.0,2230.0,2260.0,1750.0521240234375,137694700
2022-03-02,2300.0,2340.0,2280.0,2290.0,1773.28271484375,152871500
2022-03-04,2350.0,2460.0,2340.0,2450.0,1897.180419921875,320796500
2022-03-07,2520.0,2830.0,2480.0,2820.0,2183.693115234375,642031000
2022-03-08,2990.0,3170.0,2830.0,2840.0,2199.180419921875,1404951500
2022-03-09,2650.0,2740.0,2650.0,2650.0,2052.05224609375,706107000
2022-03-10,2530.0,2660.0,2490.0,2570.0,1990.103515625,489605600
2022-03-11,2590.0,2660.0,2520.0,2520.0,1951.3856201171875,359113700
2022-03-14,2520.0,2540.0,2360.0,2400.0,1858.462158203125,394132400
2022-03-15,2400.0,2460.0,2350.0,2370.0,1835.2314453125,170695100
2022-03-16,2370.0,2410.0,2270.0,2390.0,1850.71875,235835100
2022-03-17,2400.0,2410.0,2330.0,2350.0,1819.744384765625,153546800
2022-03-18,2350.0,2400.0,2320.0,2390.0,1850.71875,173667600
2022-03-21,2380.0,2390.0,2330.0,2360.0,1827.4881591796875,92728200
2022-03-22,2380.0,2560.0,2370.0,2550.0,1974.6163330078125,321561500
2022-03-23,2550.0,2560.0,2460.0,2500.0,1935.8984375,177608500
2022-03-24,2600.0,2650.0,2540.0,2640.0,2044.3087158203125,269047800
2022-03-25,2660.0,2690.0,2610.0,2660.0,2059.7958984375,200436800
2022-03-28,2650.0,2660.0,2590.0,2630.0,2036.56494140625,121087900
2022-03-29,2590.0,2600.0,2510.0,2530.0,1959.129150390625,144731100
2022-03-30,2530.0,2570.0,2470.0,2510.0,1943.6417236328125,131170000
2022-03-31,2530.0,2540.0,2430.0,2440.0,1889.4366455078125,97395700
2022-04-01,2450.0,2550.0,2420.0,2510.0,1943.6417236328125,107947200
2022-04-04,2530.0,2650.0,2520.0,2640.0,2044.3087158203125,138741900
2022-04-05,2630.0,2700.0,2610.0,2670.0,2067.539306640625,141698900
2022-04-06,2670.0,2690.0,2640.0,2650.0,2052.05224609375,98442600
2022-04-07,2670.0,2820.0,2660.0,2760.0,2137.231689453125,286617900
2022-04-08,2790.0,2820.0,2740.0,2800.0,2168.2060546875,189362100
2022-04-11,2800.0,2810.0,2630.0,2630.0,2036.56494140625,163864600
2022-04-12,2620.0,2680.0,2580.0,2670.0,2067.539306640625,88390900
2022-04-13,2690.0,2800.0,2670.0,2790.0,2160.462646484375,143822800
2022-04-14,2790.0,2870.0,2750.0,2780.0,2152.718994140625,201698200
2022-04-18,2800.0,2930.0,2790.0,2900.0,2245.641845703125,190855400
2022-04-19,2910.0,2940.0,2830.0,2850.0,2206.923828125,190460400
2022-04-20,2880.0,2880.0,2740.0,2820.0,2183.693115234375,137086000
2022-04-21,2830.0,2840.0,2760.0,2790.0,2160.462646484375,69884500
2022-04-22,2770.0,2810.0,2740.0,2740.0,2121.744873046875,82088900
2022-04-25,2690.0,2700.0,2600.0,2620.0,2028.821533203125,171951100
2022-04-26,2630.0,2640.0,2450.0,2500.0,1935.8984375,229686600
2022-04-27,2500.0,2610.0,2500.0,2560.0,1982.35986328125,161589400
2022-04-28,2580.0,2650.0,2570.0,2600.0,2013.333984375,115518800
2022-05-09,2500.0,2550.0,2460.0,2530.0,1959.129150390625,165439100
2022-05-10,2470.0,2490.0,2360.0,2420.0,1873.9495849609375,146403900
2022-05-11,2420.0,2530.0,2400.0,2400.0,1858.462158203125,110097300
2022-05-12,2400.0,2460.0,2290.0,2330.0,1804.2572021484375,183788200
2022-05-13,2360.0,2380.0,2300.0,2330.0,1804.2572021484375,81842400
2022-05-17,2350.0,2410.0,2340.0,2390.0,1850.71875,94097400
2022-05-18,2420.0,2420.0,2360.0,2400.0,1858.462158203125,79223300
2022-05-19,2380.0,2490.0,2340.0,2460.0,1904.9237060546875,122968900
2022-05-20,2520.0,2520.0,2460.0,2490.0,1928.1544189453125,125630800
2022-05-23,2560.0,2670.0,2520.0,2530.0,1959.129150390625,244871700
2022-05-24,2550.0,2600.0,2530.0,2570.0,1990.103515625,110538500
2022-05-25,2560.0,2580.0,2460.0,2490.0,1928.1544189453125,115849600
2022-05-27,2510.0,2530.0,2460.0,2470.0,1912.66748046875,76174000
2022-05-30,2500.0,2570.0,2470.0,2560.0,1982.35986328125,125203400
2022-05-31,2570.0,2570.0,2500.0,2510.0,1943.6417236328125,168242000
2022-06-02,2500.0,2560.0,2470.0,2510.0,1943.6417236328125,116209300
2022-06-03,2520.0,2550.0,2500.0,2500.0,1935.8984375,71245700
2022-06-06,2460.0,2490.0,2400.0,2450.0,1927.039306640625,93793800
2022-06-07,2450.0,2470.0,2420.0,2420.0,1903.4427490234375,64431900
2022-06-08,2430.0,2440.0,2400.0,2420.0,1903.4427490234375,57669200
2022-06-09,2420.0,2450.0,2380.0,2400.0,1887.711669921875,59980800
2022-06-10,2370.0,2380.0,2280.0,2290.0,1801.1917724609375,131007700
2022-06-13,2240.0,2280.0,2200.0,2260.0,1777.5953369140625,113102900
2022-06-14,2240.0,2260.0,2160.0,2180.0,1714.671630859375,140882200
2022-06-15,2180.0,2240.0,2120.0,2170.0,1706.8060302734375,94872500
2022-06-16,2200.0,2230.0,2140.0,2150.0,1691.0751953125,99487000
2022-06-17,2120.0,2140.0,2100.0,2110.0,1659.61328125,70818600
2022-06-20,2110.0,2130.0,2050.0,2070.0,1628.1513671875,78282700
2022-06-21,2080.0,2150.0,2070.0,2150.0,1691.0751953125,83298700
2022-06-22,2140.0,2140.0,2020.0,2020.0,1588.8240966796875,171508200
2022-06-23,2020.0,2020.0,1955.0,1965.0,1545.56396484375,127468500
2022-06-24,1950.0,2000.0,1950.0,1970.0,1549.496826171875,73717900
2022-06-27,1970.0,1970.0,1885.0,1890.0,1486.5728759765625,172003400
2022-06-28,1890.0,1905.0,1860.0,1865.0,1466.909423828125,106446700
2022-06-29,1855.0,1890.0,1835.0,1835.0,1443.31298828125,118684300
2022-06-30,1850.0,1860.0,1800.0,1800.0,1415.7838134765625,77824200
2022-07-01,1795.0,1810.0,1750.0,1750.0,1376.45654296875,114976000
2022-07-04,1750.0,1770.0,1700.0,1720.0,1352.860107421875,101952600
2022-07-05,1740.0,1820.0,1740.0,1790.0,1407.9183349609375,123382000
2022-07-06,1775.0,1780.0,1710.0,1720.0,1352.860107421875,96872200
2022-07-07,1715.0,1735.0,1700.0,1720.0,1352.860107421875,73058900
2022-07-08,1725.0,1755.0,1710.0,1715.0,1348.9273681640625,83303200
2022-07-11,1720.0,1730.0,1705.0,1720.0,1352.860107421875,49575300
2022-07-12,1720.0,1770.0,1720.0,1740.0,1368.5909423828125,88165200
2022-07-13,1740.0,1755.0,1715.0,1720.0,1352.860107421875,50792800
2022-07-14,1720.0,1725.0,1640.0,1650.0,1297.8017578125,165952800
2022-07-15,1600.0,1605.0,1535.0,1540.0,1211.2816162109375,227657100
2022-07-18,1575.0,1595.0,1550.0,1560.0,1227.0126953125,137279400
2022-07-19,1580.0,1665.0,1575.0,1655.0,1301.734619140625,159974800
2022-07-20,1680.0,1700.0,1670.0,1695.0,1333.1964111328125,110080500
2022-07-21,1695.0,1710.0,1665.0,1675.0,1317.465576171875,49659100
2022-07-22,1690.0,1785.0,1690.0,1780.0,1400.052978515625,129865600
2022-07-25,1800.0,1825.0,1735.0,1755.0,1380.3892822265625,105812300
2022-07-26,1755.0,1800.0,1755.0,1790.0,1407.9183349609375,63350000
2022-07-27,1780.0,1790.0,1770.0,1785.0,1403.985595703125,33964700
2022-07-28,1815.0,2030.0,1805.0,2000.0,1573.0931396484375,342364100
2022-07-29,2020.0,2070.0,1945.0,1955.0,1537.69873046875,152840800
2022-08-01,2030.0,2100.0,1990.0,2080.0,1636.0169677734375,243188600
2022-08-02,2080.0,2080.0,1990.0,1995.0,1569.160400390625,150196700
2022-08-03,1975.0,1990.0,1915.0,1970.0,1549.496826171875,102367400
2022-08-04,1980.0,2020.0,1950.0,1970.0,1549.496826171875,76571800
2022-08-05,2000.0,2030.0,1970.0,2020.0,1588.8240966796875,85399300
2022-08-08,2010.0,2070.0,1985.0,2060.0,1620.285888671875,130808300
2022-08-09,2080.0,2230.0,2070.0,2180.0,1714.671630859375,405818700
2022-08-10,2180.0,2180.0,2110.0,2120.0,1667.478759765625,148697800
2022-08-11,2200.0,2270.0,2180.0,2240.0,1761.8642578125,278414000
2022-08-12,2240.0,2270.0,2210.0,2220.0,1746.1334228515625,121265600
2022-08-15,2230.0,2240.0,2120.0,2130.0,1675.34423828125,111112000
2022-08-16,2130.0,2140.0,2070.0,2080.0,1636.0169677734375,117043800
2022-08-18,2070.0,2110.0,2030.0,2050.0,1612.4205322265625,116651400
2022-08-19,2050.0,2090.0,2030.0,2060.0,1620.285888671875,101507400
2022-08-22,2060.0,2070.0,1980.0,1985.0,1561.294921875,140299600
2022-08-23,1985.0,2050.0,1965.0,2030.0,1596.6895751953125,87682800
2022-08-24,2020.0,2040.0,2000.0,2010.0,1580.9586181640625,54617900
2022-08-25,2010.0,2040.0,1985.0,1995.0,1569.160400390625,90209100
2022-08-26,1995.0,2000.0,1955.0,1955.0,1537.69873046875,135647800
2022-08-29,1920.0,1925.0,1865.0,1900.0,1494.4385986328125,117016500
2022-08-30,1920.0,2010.0,1910.0,1985.0,1561.294921875,139215000
2022-08-31,1985.0,1990.0,1925.0,1990.0,1565.2276611328125,134229100
2022-09-01,1985.0,1985.0,1930.0,1935.0,1521.967529296875,63085900
2022-09-02,1930.0,1930.0,1900.0,1900.0,1494.4385986328125,105457000
2022-09-05,1880.0,1985.0,1870.0,1970.0,1549.496826171875,131398400
2022-09-06,2010.0,2040.0,1975.0,1990.0,1565.2276611328125,138906100
2022-09-07,1975.0,1990.0,1940.0,1950.0,1533.7657470703125,81794000
2022-09-08,1970.0,1975.0,1920.0,1920.0,1510.1693115234375,78962000
2022-09-09,1940.0,1985.0,1920.0,1975.0,1553.429443359375,75063600
2022-09-12,2010.0,2020.0,1980.0,1980.0,1557.3621826171875,96249700
2022-09-13,2030.0,2100.0,2030.0,2070.0,1628.1513671875,282112800
2022-09-14,2010.0,2120.0,1990.0,2120.0,1667.478759765625,230625300
2022-09-15,2130.0,2150.0,2060.0,2070.0,1628.1513671875,147893600
2022-09-16,2030.0,2050.0,2000.0,2040.0,1604.554931640625,97988100
2022-09-19,2080.0,2090.0,2020.0,2050.0,1612.4205322265625,80428100
2022-09-20,2080.0,2080.0,2040.0,2050.0,1612.4205322265625,46000700
2022-09-21,2060.0,2100.0,2020.0,2080.0,1636.0169677734375,122337200
2022-09-22,2050.0,2090.0,2040.0,2080.0,1636.0169677734375,56857200
2022-09-23,2080.0,2090.0,2030.0,2040.0,1604.554931640625,54897400
2022-09-26,1995.0,2000.0,1970.0,1970.0,1549.496826171875,95293700
2022-09-27,1955.0,1975.0,1930.0,1965.0,1545.56396484375,75589600
2022-09-28,1945.0,1950.0,1925.0,1925.0,1514.102294921875,70315600
2022-09-29,1945.0,1960.0,1910.0,1920.0,1510.1693115234375,48688700
2022-09-30,1925.0,1940.0,1885.0,1940.0,1525.900390625,61879600
2022-10-03,1900.0,1920.0,1890.0,1890.0,1486.5728759765625,57708700
2022-10-04,1920.0,1935.0,1910.0,1925.0,1514.102294921875,73564600
2022-10-05,1945.0,1975.0,1940.0,1940.0,1525.900390625,84847500
2022-10-06,1955.0,1965.0,1925.0,1930.0,1518.034912109375,46688800
2022-10-07,1935.0,1950.0,1925.0,1935.0,1521.967529296875,28671100
2022-10-10,1920.0,1925.0,1895.0,1910.0,1502.303955078125,29237400
2022-10-11,1910.0,1915.0,1890.0,1895.0,1490.505859375,23307600
2022-10-12,1895.0,1915.0,1860.0,1880.0,1478.7076416015625,45420900
2022-10-13,1890.0,1895.0,1820.0,1830.0,1439.3802490234375,61806000
2022-10-14,1855.0,1865.0,1820.0,1820.0,1431.5147705078125,35742200
2022-10-17,1810.0,1810.0,1765.0,1805.0,1419.716552734375,44920200
2022-10-18,1810.0,1830.0,1790.0,1795.0,1411.85107421875,29114900
2022-10-19,1800.0,1840.0,1765.0,1825.0,1435.447509765625,50663500
2022-10-20,1815.0,1835.0,1805.0,1820.0,1431.5147705078125,55821200
2022-10-21,1825.0,1830.0,1795.0,1800.0,1415.7838134765625,53313900
2022-10-24,1805.0,1825.0,1790.0,1795.0,1411.85107421875,42005500
2022-10-25,1800.0,1810.0,1760.0,1770.0,1392.1873779296875,61312200
2022-10-26,1775.0,1830.0,1775.0,1810.0,1423.6492919921875,93571200
2022-10-27,1820.0,1880.0,1815.0,1840.0,1447.2457275390625,117436400
2022-10-28,1845.0,1850.0,1805.0,1835.0,1443.31298828125,48489400
2022-10-31,1840.0,1850.0,1825.0,1845.0,1451.1783447265625,32276200
2022-11-01,1845.0,1845.0,1805.0,1810.0,1423.6492919921875,27067000
2022-11-02,1865.0,1895.0,1850.0,1865.0,1466.909423828125,112301800
2022-11-03,1865.0,1875.0,1825.0,1830.0,1439.3802490234375,55063600
2022-11-04,1830.0,1915.0,1805.0,1915.0,1506.236572265625,94024700
2022-11-07,1930.0,2010.0,1930.0,2000.0,1573.0931396484375,213462800
2022-11-08,2010.0,2040.0,1970.0,1985.0,1561.294921875,102934900
2022-11-09,2010.0,2060.0,1995.0,2000.0,1573.0931396484375,109456900
2022-11-10,2000.0,2020.0,1985.0,2000.0,1573.0931396484375,111703400
2022-11-11,2080.0,2130.0,2050.0,2120.0,1667.478759765625,262785800
2022-11-14,2150.0,2170.0,2100.0,2120.0,1667.478759765625,148342000
2022-11-15,2160.0,2220.0,2130.0,2160.0,1698.9405517578125,165401200
2022-11-16,2180.0,2180.0,2020.0,2030.0,1596.6895751953125,174441800
2022-11-17,1985.0,1995.0,1940.0,1975.0,1553.429443359375,149717300
2022-11-18,1955.0,1985.0,1950.0,1960.0,1541.6312255859375,59274700
2022-11-21,1980.0,2000.0,1955.0,1960.0,1541.6312255859375,54986700
2022-11-22,1960.0,1970.0,1930.0,1935.0,1521.967529296875,56464900
2022-11-23,1970.0,1985.0,1955.0,1975.0,1553.429443359375,55881800
2022-11-24,1975.0,1990.0,1960.0,1970.0,1549.496826171875,35329400
2022-11-25,1970.0,1975.0,1945.0,1950.0,1533.7657470703125,30261700
2022-11-28,1945.0,1945.0,1910.0,1915.0,1506.236572265625,64871100
2022-11-29,1935.0,1965.0,1925.0,1965.0,1545.56396484375,56748100
2022-11-30,1980.0,1990.0,1965.0,1985.0,1561.294921875,119645000
2022-12-01,2000.0,2060.0,1985.0,2040.0,1604.554931640625,119554800
2022-12-02,2050.0,2060.0,2020.0,2040.0,1604.554931640625,71325000
2022-12-05,2070.0,2080.0,2040.0,2060.0,1620.285888671875,61782900
2022-12-06,2050.0,2050.0,1945.0,1965.0,1545.56396484375,67396800
2022-12-07,1965.0,1985.0,1900.0,1920.0,1510.1693115234375,81990800
2022-12-08,1960.0,1995.0,1920.0,1990.0,1565.2276611328125,67037700
2022-12-09,1960.0,1980.0,1930.0,1935.0,1521.967529296875,49685200
2022-12-12,1930.0,1960.0,1915.0,1950.0,1533.7657470703125,31247700
2022-12-13,1960.0,1965.0,1930.0,1930.0,1518.034912109375,57151100
2022-12-14,1930.0,1945.0,1915.0,1940.0,1525.900390625,47643500
2022-12-15,1940.0,1940.0,1920.0,1935.0,1521.967529296875,33879300
2022-12-16,1915.0,2030.0,1915.0,2020.0,1588.8240966796875,96998400
2022-12-19,2030.0,2060.0,2000.0,2040.0,1604.554931640625,84860900
2022-12-20,2030.0,2030.0,1985.0,2010.0,1580.9586181640625,52011600
2022-12-21,2020.0,2070.0,2020.0,2040.0,1604.554931640625,63043600
2022-12-22,2070.0,2080.0,2020.0,2030.0,1596.6895751953125,38430500
2022-12-23,2030.0,2030.0,1995.0,2000.0,1573.0931396484375,33726500
2022-12-26,2010.0,2030.0,1995.0,2000.0,1573.0931396484375,15934600
2022-12-27,2010.0,2040.0,1985.0,1990.0,1565.2276611328125,36854400
2022-12-28,1990.0,2010.0,1940.0,2010.0,1580.9586181640625,62750900
2022-12-29,2000.0,2020.0,1970.0,2010.0,1580.9586181640625,43604000
2022-12-30,2010.0,2020.0,1985.0,1985.0,1561.294921875,23123000
2023-01-02,1990.0,2010.0,1975.0,1980.0,1557.3621826171875,15045200
2023-01-03,1980.0,2020.0,1975.0,2000.0,1573.0931396484375,45001200
2023-01-04,2020.0,2100.0,2010.0,2050.0,1612.4205322265625,142169900
2023-01-05,2020.0,2050.0,1935.0,1965.0,1545.56396484375,130118600
2023-01-06,1950.0,1985.0,1930.0,1985.0,1561.294921875,55673400
2023-01-09,2010.0,2070.0,2010.0,2060.0,1620.285888671875,118054500
2023-01-10,2040.0,2060.0,2000.0,2040.0,1604.554931640625,57625700
2023-01-11,2050.0,2070.0,2020.0,2070.0,1628.1513671875,48480600
2023-01-12,2060.0,2140.0,2040.0,2130.0,1675.34423828125,185136300
2023-01-13,2150.0,2170.0,2090.0,2150.0,1691.0751953125,148853000
2023-01-16,2160.0,2200.0,2150.0,2180.0,1714.671630859375,92259000
2023-01-17,2200.0,2290.0,2180.0,2270.0,1785.460693359375,242582700
2023-01-18,2260.0,2270.0,2210.0,2260.0,1777.5953369140625,122109900
2023-01-19,2290.0,2320.0,2270.0,2270.0,1785.460693359375,132011300
2023-01-20,2300.0,2340.0,2280.0,2320.0,1824.7882080078125,113403800
2023-01-24,2320.0,2350.0,2280.0,2320.0,1824.7882080078125,65599100
2023-01-25,2340.0,2350.0,2250.0,2290.0,1801.1917724609375,55275800
2023-01-26,2330.0,2370.0,2300.0,2320.0,1824.7882080078125,91463800
2023-01-27,2330.0,2330.0,2290.0,2300.0,1809.05712890625,36469600
2023-01-30,2300.0,2310.0,2250.0,2290.0,1801.1917724609375,58533200
2023-01-31,2300.0,2340.0,2290.0,2310.0,1816.9224853515625,56896100
2023-02-01,2340.0,2390.0,2320.0,2370.0,1864.115478515625,134564600
2023-02-02,2350.0,2380.0,2320.0,2350.0,1848.384521484375,55219600
2023-02-03,2380.0,2380.0,2280.0,2330.0,1832.653564453125,69916100
2023-02-06,2280.0,2320.0,2260.0,2270.0,1785.460693359375,60509800
2023-02-07,2250.0,2260.0,2190.0,2250.0,1769.7298583984375,130229800
2023-02-08,2260.0,2280.0,2220.0,2240.0,1761.8642578125,52970000
2023-02-09,2240.0,2260.0,2220.0,2220.0,1746.1334228515625,50507500
2023-02-10,2250.0,2250.0,2180.0,2220.0,1746.1334228515625,77590000
2023-02-13,2210.0,2240.0,2200.0,2240.0,1761.8642578125,27137900
2023-02-14,2240.0,2250.0,2200.0,2210.0,1738.267822265625,47466500
2023-02-15,2200.0,2230.0,2160.0,2200.0,1730.4024658203125,66560400
2023-02-16,2200.0,2210.0,2100.0,2110.0,1659.61328125,130493400
2023-02-17,2100.0,2140.0,2060.0,2090.0,1643.88232421875,90798900
2023-02-20,2080.0,2090.0,2020.0,2080.0,1636.0169677734375,99587300
2023-02-21,2110.0,2130.0,2070.0,2080.0,1636.0169677734375,70008500
2023-02-22,2080.0,2090.0,2030.0,2050.0,1612.4205322265625,74407800
2023-02-23,2050.0,2060.0,2000.0,2030.0,1596.6895751953125,74657800
2023-02-24,2020.0,2040.0,2000.0,2000.0,1573.0931396484375,48747500
2023-02-27,2000.0,2040.0,1985.0,2010.0,1580.9586181640625,60281100
2023-02-28,2030.0,2040.0,1990.0,1990.0,1565.2276611328125,99649100
2023-03-01,1990.0,2020.0,1975.0,2000.0,1573.0931396484375,49985200
2023-03-02,2010.0,2040.0,2000.0,2010.0,1580.9586181640625,57745800
2023-03-03,2010.0,2040.0,1985.0,1995.0,1569.160400390625,63901300
2023-03-06,2000.0,2020.0,1955.0,1960.0,1541.6312255859375,74031000
2023-03-07,1960.0,1970.0,1930.0,1940.0,1525.900390625,76557300
2023-03-08,1920.0,1930.0,1870.0,1885.0,1482.6402587890625,144493200
2023-03-09,1885.0,1910.0,1870.0,1875.0,1474.7747802734375,75244200
2023-03-10,1865.0,1895.0,1850.0,1880.0,1478.7076416015625,96320400
2023-03-13,1890.0,1890.0,1850.0,1850.0,1455.1112060546875,60375200
2023-03-14,1865.0,1885.0,1810.0,1815.0,1427.58203125,107452200
2023-03-15,1825.0,1865.0,1825.0,1855.0,1459.0439453125,67314600
2023-03-16,1850.0,1855.0,1770.0,1795.0,1411.85107421875,98076300
2023-03-17,1815.0,1895.0,1810.0,1895.0,1490.505859375,109506100
2023-03-20,1905.0,1930.0,1875.0,1900.0,1494.4385986328125,60151400
2023-03-21,1910.0,1915.0,1885.0,1885.0,1482.6402587890625,36252300
2023-03-24,1895.0,1940.0,1885.0,1895.0,1490.505859375,78590800
2023-03-27,1935.0,2010.0,1935.0,1960.0,1541.6312255859375,128759700
2023-03-28,1970.0,2010.0,1970.0,1995.0,1569.160400390625,71821100
2023-03-29,2000.0,2090.0,2000.0,2080.0,1636.0169677734375,147076200
2023-03-30,2070.0,2090.0,2040.0,2090.0,1643.88232421875,83062700
2023-03-31,2080.0,2100.0,2050.0,2090.0,1643.88232421875,63907600
2023-04-03,2100.0,2110.0,2070.0,2090.0,1643.88232421875,48072300
2023-04-04,2090.0,2100.0,2040.0,2050.0,1612.4205322265625,64915300
2023-04-05,2070.0,2150.0,2070.0,2100.0,1651.747802734375,112473600
2023-04-06,2100.0,2120.0,2080.0,2100.0,1651.747802734375,73515100
2023-04-10,2100.0,2100.0,2010.0,2020.0,1588.8240966796875,50599000
2023-04-11,2030.0,2110.0,2030.0,2110.0,1659.61328125,86677500
2023-04-12,2120.0,2140.0,2100.0,2110.0,1659.61328125,61352700
2023-04-13,2110.0,2130.0,2100.0,2130.0,1675.34423828125,46749000
2023-04-14,2140.0,2160.0,2110.0,2110.0,1659.61328125,96329700
2023-04-17,2130.0,2140.0,2100.0,2120.0,1667.478759765625,45802200
2023-04-18,2120.0,2130.0,2080.0,2100.0,1651.747802734375,41960600
2023-04-26,2080.0,2110.0,2060.0,2110.0,1659.61328125,53065900
2023-04-27,2120.0,2120.0,2080.0,2080.0,1636.0169677734375,24606800
2023-04-28,2090.0,2110.0,2070.0,2100.0,1651.747802734375,38485900
2023-05-02,2090.0,2100.0,2030.0,2060.0,1620.285888671875,45566000
2023-05-03,2110.0,2150.0,2100.0,2120.0,1667.478759765625,84879600
2023-05-04,2140.0,2150.0,2110.0,2130.0,1675.34423828125,56925500
2023-05-05,2130.0,2130.0,2020.0,2040.0,1604.554931640625,65433100
2023-05-08,2060.0,2090.0,2040.0,2070.0,1628.1513671875,29706800
2023-05-09,2080.0,2120.0,2070.0,2110.0,1659.61328125,38860300
2023-05-10,2110.0,2120.0,2070.0,2100.0,1651.747802734375,29596100
2023-05-11,2080.0,2080.0,2030.0,2040.0,1604.554931640625,60984800
2023-05-12,2030.0,2030.0,1990.0,2000.0,1573.0931396484375,55827200
2023-05-15,2000.0,2020.0,1970.0,1990.0,1565.2276611328125,52156000
2023-05-16,1990.0,2000.0,1955.0,1970.0,1549.496826171875,46780700
2023-05-17,1960.0,1965.0,1915.0,1935.0,1521.967529296875,57535100
2023-05-19,1935.0,1970.0,1920.0,1955.0,1537.69873046875,45974800
2023-05-22,1960.0,1990.0,1935.0,1940.0,1525.900390625,51978000
2023-05-23,1940.0,1970.0,1940.0,1945.0,1529.8330078125,50066400
2023-05-24,1950.0,1960.0,1945.0,1950.0,1533.7657470703125,25578300
2023-05-25,1950.0,1965.0,1940.0,1945.0,1529.8330078125,30649800
2023-05-26,1945.0,1950.0,1920.0,1920.0,1510.1693115234375,35480500
2023-05-29,1920.0,1935.0,1905.0,1935.0,1521.967529296875,33236600
2023-05-30,1935.0,1960.0,1930.0,1940.0,1525.900390625,20104800
2023-05-31,1940.0,1945.0,1895.0,1895.0,1490.505859375,112564800
2023-06-05,1905.0,1995.0,1905.0,1975.0,1553.429443359375,65371800
2023-06-06,1985.0,2030.0,1985.0,2010.0,1580.9586181640625,49988100
2023-06-07,2010.0,2030.0,1990.0,2020.0,1588.8240966796875,33846900
2023-06-08,2040.0,2040.0,1985.0,1985.0,1561.294921875,36123800
2023-06-09,1985.0,1995.0,1970.0,1975.0,1553.429443359375,24991800
2023-06-12,1980.0,2000.0,1975.0,1995.0,1569.160400390625,23090500
2023-06-13,1995.0,2020.0,1980.0,2010.0,1580.9586181640625,27907100
2023-06-14,2040.0,2050.0,2010.0,2030.0,1596.6895751953125,54535600
2023-06-15,2040.0,2050.0,2010.0,2040.0,1604.554931640625,44386500
2023-06-16,2060.0,2060.0,2020.0,2060.0,1620.285888671875,34334100
2023-06-19,2060.0,2060.0,2020.0,2030.0,1596.6895751953125,11742200
2023-06-20,2030.0,2040.0,2010.0,2020.0,1588.8240966796875,16397800
2023-06-21,2010.0,2030.0,2000.0,2010.0,1580.9586181640625,19148800
2023-06-22,2010.0,2060.0,2010.0,2010.0,1580.9586181640625,40103700
2023-06-23,2020.0,2030.0,2000.0,2010.0,1580.9586181640625,30401200
2023-06-26,1950.0,1975.0,1935.0,1950.0,1596.92919921875,42017600
2023-06-27,1955.0,1965.0,1950.0,1950.0,1596.92919921875,18194100
2023-07-03,1955.0,1990.0,1955.0,1965.0,1609.2132568359375,20374900
2023-07-04,1970.0,1980.0,1960.0,1970.0,1613.30810546875,16313500
2023-07-05,1970.0,1990.0,1960.0,1985.0,1625.592041015625,35622000
2023-07-06,1995.0,2050.0,1990.0,2020.0,1654.2548828125,88546800
2023-07-07,2020.0,2020.0,1975.0,1975.0,1617.4027099609375,40420700
2023-07-10,1985.0,1995.0,1980.0,1980.0,1621.497314453125,14134300
2023-07-11,1985.0,2000.0,1980.0,2000.0,1637.8760986328125,19295300
2023-07-12,2010.0,2010.0,1990.0,1990.0,1629.686767578125,21168800
2023-07-13,2010.0,2030.0,1990.0,1990.0,1629.686767578125,36336200
2023-07-14,1995.0,2020.0,1995.0,2000.0,1637.8760986328125,21060000
2023-07-17,2010.0,2020.0,1990.0,1990.0,1629.686767578125,21903600
2023-07-18,2000.0,2010.0,1975.0,1990.0,1629.686767578125,25067900
2023-07-20,2000.0,2010.0,1980.0,1990.0,1629.686767578125,31137300
2023-07-21,2000.0,2000.0,1975.0,1975.0,1617.4027099609375,30200700
2023-07-24,1975.0,1990.0,1975.0,1975.0,1617.4027099609375,19326300
2023-07-25,1985.0,2000.0,1975.0,1975.0,1617.4027099609375,25532000
2023-07-26,1995.0,2010.0,1980.0,1985.0,1625.592041015625,35649600
2023-07-27,1985.0,1990.0,1970.0,1970.0,1613.30810546875,21145100
2023-07-28,1970.0,1975.0,1955.0,1960.0,1605.1185302734375,36810200
2023-07-31,1965.0,1990.0,1960.0,1985.0,1625.592041015625,33449700
2023-08-01,2000.0,2060.0,1990.0,2040.0,1670.6336669921875,136288500
2023-08-02,2050.0,2050.0,1990.0,2010.0,1646.0655517578125,78406600
2023-08-03,2000.0,2020.0,1990.0,2010.0,1646.0655517578125,38816800
2023-08-04,2010.0,2040.0,2000.0,2020.0,1654.2548828125,40798600
2023-08-07,2030.0,2050.0,2020.0,2040.0,1670.6336669921875,41290300
2023-08-08,2050.0,2050.0,2000.0,2010.0,1646.0655517578125,22252100
2023-08-09,2010.0,2020.0,1990.0,2010.0,1646.0655517578125,28570200
2023-08-10,2000.0,2020.0,1990.0,1990.0,1629.686767578125,25992700
2023-08-11,1995.0,2000.0,1980.0,1990.0,1629.686767578125,24628600
2023-08-14,1990.0,2000.0,1970.0,2000.0,1637.8760986328125,28640500
2023-08-15,1995.0,2000.0,1985.0,1990.0,1629.686767578125,23413100
2023-08-16,1985.0,1990.0,1960.0,1960.0,1605.1185302734375,62356300
2023-08-18,1960.0,1970.0,1945.0,1950.0,1596.92919921875,42360900
2023-08-21,1950.0,1965.0,1950.0,1950.0,1596.92919921875,18371900
2023-08-22,1950.0,1960.0,1935.0,1945.0,1592.83447265625,36188400
2023-08-23,1950.0,1965.0,1950.0,1955.0,1601.0240478515625,35653600
2023-08-24,1975.0,2020.0,1975.0,1995.0,1633.781494140625,81402400
2023-08-25,1995.0,2010.0,1980.0,1990.0,1629.686767578125,34868200
2023-08-28,1995.0,2010.0,1980.0,1995.0,1633.781494140625,20521600
2023-08-29,1995.0,2000.0,1980.0,1995.0,1633.781494140625,23010600
2023-08-30,2010.0,2010.0,1995.0,1995.0,1633.781494140625,31964100
2023-08-31,1995.0,2010.0,1975.0,1990.0,1629.686767578125,34775700
2023-09-01,1925.0,1970.0,1925.0,1955.0,1601.0240478515625,89347300
2023-09-04,1975.0,1980.0,1950.0,1950.0,1596.92919921875,50595200
2023-09-05,1950.0,1970.0,1945.0,1950.0,1596.92919921875,30663500
2023-09-06,1950.0,1965.0,1945.0,1945.0,1592.83447265625,46818400
2023-09-07,1945.0,1955.0,1940.0,1955.0,1601.0240478515625,29131200
2023-09-08,1955.0,1960.0,1940.0,1945.0,1592.83447265625,28062400
2023-09-11,1945.0,1955.0,1930.0,1955.0,1601.0240478515625,28507500
2023-09-12,1960.0,1960.0,1940.0,1945.0,1592.83447265625,19270100
2023-09-13,1950.0,1950.0,1910.0,1915.0,1568.266357421875,42991700
2023-09-14,1920.0,1935.0,1895.0,1900.0,1555.982421875,53126700
2023-09-15,1900.0,1920.0,1895.0,1900.0,1555.982421875,46983300
2023-09-18,1900.0,1910.0,1845.0,1845.0,1510.940673828125,55122100
2023-09-19,1835.0,1870.0,1815.0,1840.0,1506.8460693359375,50949200
2023-09-20,1845.0,1875.0,1845.0,1860.0,1523.2247314453125,30863900
2023-09-21,1860.0,1875.0,1830.0,1835.0,1502.7513427734375,39716700
2023-09-22,1835.0,1865.0,1835.0,1850.0,1515.035400390625,20902800
2023-09-25,1855.0,1865.0,1845.0,1850.0,1515.035400390625,15640300
2023-09-26,1850.0,1855.0,1830.0,1840.0,1506.8460693359375,23825200
2023-09-27,1840.0,1845.0,1820.0,1820.0,1490.46728515625,17418400
2023-09-29,1820.0,1830.0,1815.0,1815.0,1486.37255859375,23052100
2023-10-02,1815.0,1825.0,1800.0,1805.0,1478.1832275390625,25415600
2023-10-03,1805.0,1810.0,1765.0,1765.0,1445.4256591796875,42107800
2023-10-04,1780.0,1780.0,1735.0,1740.0,1424.9522705078125,34753800
2023-10-05,1745.0,1760.0,1705.0,1705.0,1396.289306640625,44516900
2023-10-06,1705.0,1740.0,1705.0,1715.0,1404.4788818359375,33650000
2023-10-09,1735.0,1835.0,1735.0,1810.0,1482.2779541015625,63728500
2023-10-10,1830.0,1860.0,1815.0,1815.0,1486.37255859375,36959900
2023-10-11,1825.0,1850.0,1815.0,1815.0,1486.37255859375,27092400
2023-10-12,1825.0,1835.0,1775.0,1775.0,1453.6151123046875,41983500
2023-10-13,1775.0,1775.0,1750.0,1755.0,1437.236328125,32334300
2023-10-16,1785.0,1820.0,1785.0,1805.0,1478.1832275390625,47543000
2023-10-17,1810.0,1820.0,1790.0,1810.0,1482.2779541015625,22543800
2023-10-18,1815.0,1850.0,1815.0,1850.0,1515.035400390625,28110900
2023-10-19,1850.0,1850.0,1795.0,1815.0,1486.37255859375,32542000
2023-10-20,1825.0,1845.0,1805.0,1825.0,1494.56201171875,17059500
2023-10-23,1825.0,1825.0,1745.0,1750.0,1433.1416015625,37513800
2023-10-24,1745.0,1780.0,1735.0,1765.0,1445.4256591796875,18292500
2023-10-25,1770.0,1780.0,1730.0,1730.0,1416.762939453125,30552900
2023-10-26,1735.0,1755.0,1730.0,1730.0,1416.762939453125,16159400
2023-10-27,1735.0,1745.0,1725.0,1725.0,1412.6680908203125,11293000
2023-10-30,1730.0,1745.0,1715.0,1725.0,1412.6680908203125,14473600
2023-10-31,1725.0,1740.0,1705.0,1705.0,1396.289306640625,34363300
2023-11-01,1705.0,1715.0,1650.0,1650.0,1351.247802734375,43647900
2023-11-02,1655.0,1685.0,1650.0,1650.0,1351.247802734375,31660400
2023-11-03,1660.0,1675.0,1650.0,1655.0,1355.342529296875,27879000
2023-11-06,1665.0,1700.0,1660.0,1700.0,1392.19482421875,36428600
2023-11-07,1710.0,1715.0,1675.0,1690.0,1384.00537109375,22153500
2023-11-08,1680.0,1685.0,1650.0,1660.0,1359.437255859375,29121500
2023-11-09,1660.0,1670.0,1650.0,1655.0,1355.342529296875,15805800
2023-11-10,1655.0,1665.0,1625.0,1625.0,1330.7744140625,22031500
2023-11-13,1625.0,1635.0,1610.0,1620.0,1326.6796875,25305600
2023-11-14,1620.0,1640.0,1610.0,1620.0,1326.6796875,22911400
2023-11-15,1630.0,1675.0,1630.0,1640.0,1343.0584716796875,63104500
2023-11-16,1640.0,1655.0,1625.0,1650.0,1351.247802734375,18218200
2023-11-17,1645.0,1650.0,1620.0,1635.0,1338.963623046875,26463700
2023-11-20,1635.0,1640.0,1600.0,1610.0,1318.4903564453125,32144100
2023-11-21,1615.0,1640.0,1610.0,1620.0,1326.6796875,23501100
2023-11-22,1635.0,1635.0,1605.0,1605.0,1314.3956298828125,24708100
2023-11-23,1600.0,1615.0,1580.0,1600.0,1310.3009033203125,24227300
2023-11-24,1600.0,1620.0,1600.0,1605.0,1314.3956298828125,13563500
2023-11-27,1610.0,1625.0,1610.0,1620.0,1326.6796875,23279700
2023-11-28,1630.0,1670.0,1620.0,1655.0,1355.342529296875,42651500
2023-11-29,1680.0,1735.0,1680.0,1700.0,1392.19482421875,89761900
2023-11-30,1705.0,1740.0,1675.0,1740.0,1424.9522705078125,75641800
2023-12-01,1710.0,1725.0,1695.0,1705.0,1396.289306640625,41222800
2023-12-04,1740.0,1810.0,1735.0,1750.0,1433.1416015625,108764700
2023-12-05,1745.0,1745.0,1720.0,1745.0,1429.0469970703125,36711700
2023-12-06,1740.0,1740.0,1700.0,1700.0,1392.19482421875,38302400
2023-12-07,1700.0,1705.0,1635.0,1635.0,1338.963623046875,50450100
2023-12-08,1650.0,1690.0,1645.0,1685.0,1379.9107666015625,41337300
2023-12-11,1675.0,1675.0,1640.0,1655.0,1355.342529296875,29210100
2023-12-12,1655.0,1655.0,1610.0,1625.0,1330.7744140625,29865200
2023-12-13,1625.0,1625.0,1590.0,1595.0,1306.2061767578125,33258000
2023-12-14,1625.0,1650.0,1625.0,1640.0,1343.0584716796875,42144600
2023-12-15,1650.0,1670.0,1640.0,1670.0,1367.6265869140625,34436800
2023-12-18,1670.0,1675.0,1620.0,1665.0,1363.5318603515625,34081200
2023-12-19,1650.0,1650.0,1625.0,1640.0,1343.0584716796875,10954000
2023-12-20,1640.0,1665.0,1635.0,1635.0,1338.963623046875,33524500
2023-12-21,1635.0,1645.0,1625.0,1635.0,1338.963623046875,14967800
2023-12-22,1640.0,1665.0,1640.0,1665.0,1363.5318603515625,24415400
2023-12-27,1675.0,1745.0,1675.0,1735.0,1420.8575439453125,86013100
2023-12-28,1750.0,1800.0,1705.0,1715.0,1404.4788818359375,115723900
2023-12-29,1720.0,1785.0,1705.0,1705.0,1396.289306640625,83597900
2024-01-02,1715.0,1735.0,1710.0,1735.0,1420.8575439453125,24718300
2024-01-03,1735.0,1735.0,1700.0,1700.0,1392.19482421875,37300200
2024-01-04,1700.0,1725.0,1680.0,1685.0,1379.9107666015625,50670900
2024-01-05,1690.0,1695.0,1675.0,1675.0,1371.7213134765625,27724900
2024-01-08,1680.0,1710.0,1650.0,1650.0,1351.247802734375,38882100
2024-01-09,1650.0,1670.0,1630.0,1645.0,1347.1531982421875,35557300
2024-01-10,1650.0,1670.0,1635.0,1655.0,1355.342529296875,23255700
2024-01-11,1660.0,1670.0,1635.0,1635.0,1338.963623046875,23738400
2024-01-12,1635.0,1645.0,1620.0,1625.0,1330.7744140625,37633100
2024-01-15,1630.0,1640.0,1605.0,1605.0,1314.3956298828125,41059100
2024-01-16,1610.0,1625.0,1600.0,1605.0,1314.3956298828125,28690900
2024-01-17,1620.0,1620.0,1600.0,1605.0,1314.3956298828125,22340500
2024-01-18,1605.0,1635.0,1600.0,1620.0,1326.6796875,42791800
2024-01-19,1670.0,1705.0,1640.0,1645.0,1347.1531982421875,138276200
2024-01-22,1645.0,1665.0,1640.0,1645.0,1347.1531982421875,40064300
2024-01-23,1645.0,1650.0,1605.0,1610.0,1318.4903564453125,45771000
2024-01-24,1610.0,1620.0,1525.0,1535.0,1257.070068359375,100907600
2024-01-25,1535.0,1590.0,1535.0,1555.0,1273.44873046875,53174200
2024-01-26,1560.0,1580.0,1555.0,1575.0,1289.8275146484375,36596700
2024-01-29,1575.0,1595.0,1550.0,1565.0,1281.6380615234375,25068100
2024-01-30,1565.0,1570.0,1560.0,1565.0,1281.6380615234375,21896800
2024-01-31,1565.0,1585.0,1550.0,1550.0,1269.35400390625,23365800
2024-02-01,1550.0,1570.0,1535.0,1535.0,1257.070068359375,21202800
2024-02-02,1535.0,1550.0,1525.0,1525.0,1248.8804931640625,46157600
2024-02-05,1525.0,1540.0,1440.0,1440.0,1179.270751953125,109746600
2024-02-06,1445.0,1470.0,1410.0,1425.0,1166.9866943359375,59462600
2024-02-07,1430.0,1440.0,1405.0,1410.0,1154.70263671875,51571600
2024-02-12,1415.0,1470.0,1415.0,1465.0,1199.744384765625,38567300
2024-02-13,1515.0,1580.0,1485.0,1545.0,1265.25927734375,140446400
2024-02-15,1570.0,1580.0,1535.0,1540.0,1261.1646728515625,62446100
2024-02-16,1545.0,1560.0,1530.0,1530.0,1252.9752197265625,27133500
2024-02-19,1545.0,1545.0,1505.0,1515.0,1240.691162109375,25251500
2024-02-20,1515.0,1525.0,1505.0,1505.0,1232.5018310546875,29689600
2024-02-21,1505.0,1515.0,1455.0,1470.0,1203.8388671875,49738700
2024-02-22,1480.0,1520.0,1480.0,1500.0,1228.4071044921875,46945600
2024-02-23,1525.0,1550.0,1505.0,1550.0,1269.35400390625,58962900
2024-02-26,1555.0,1565.0,1510.0,1515.0,1240.691162109375,26407900
2024-02-27,1515.0,1515.0,1470.0,1480.0,1212.0283203125,45781700
2024-02-28,1490.0,1500.0,1470.0,1490.0,1220.2177734375,22569900
2024-02-29,1495.0,1505.0,1460.0,1460.0,1195.649658203125,48482200
2024-03-01,1465.0,1490.0,1465.0,1480.0,1212.0283203125,27751500
2024-03-04,1495.0,1500.0,1460.0,1460.0,1195.649658203125,31713700
2024-03-05,1470.0,1485.0,1460.0,1460.0,1195.649658203125,37549800
2024-03-06,1465.0,1540.0,1465.0,1525.0,1248.8804931640625,81197000
2024-03-07,1535.0,1580.0,1535.0,1575.0,1289.8275146484375,84824100
2024-03-08,1595.0,1600.0,1550.0,1565.0,1281.6380615234375,52659100
2024-03-13,1575.0,1635.0,1575.0,1620.0,1326.6796875,116310700
2024-03-14,1630.0,1645.0,1610.0,1645.0,1347.1531982421875,69006400
2024-03-15,1645.0,1645.0,1610.0,1615.0,1322.5849609375,51840100
2024-03-18,1615.0,1675.0,1605.0,1655.0,1355.342529296875,66602000
2024-03-19,1665.0,1690.0,1660.0,1660.0,1359.437255859375,49266200
2024-03-20,1660.0,1670.0,1645.0,1660.0,1359.437255859375,38425600
2024-03-21,1685.0,1720.0,1680.0,1700.0,1392.19482421875,85481500
2024-03-22,1700.0,1700.0,1660.0,1670.0,1367.6265869140625,42163600
2024-03-25,1685.0,1685.0,1650.0,1660.0,1359.437255859375,51279200
2024-03-26,1675.0,1675.0,1650.0,1665.0,1363.5318603515625,35072600
2024-03-27,1665.0,1675.0,1625.0,1635.0,1338.963623046875,34509200
2024-03-28,1640.0,1655.0,1580.0,1600.0,1310.3009033203125,62687900
2024-04-01,1615.0,1635.0,1545.0,1580.0,1293.922119140625,61273100
2024-04-02,1580.0,1640.0,1575.0,1640.0,1343.0584716796875,46410200
2024-04-03,1650.0,1660.0,1630.0,1645.0,1347.1531982421875,55402400
2024-04-04,1660.0,1675.0,1650.0,1660.0,1359.437255859375,47280700
2024-04-05,1665.0,1675.0,1645.0,1670.0,1367.6265869140625,35349900
2024-04-16,1685.0,1810.0,1680.0,1810.0,1482.2779541015625,201068200
2024-04-17,1815.0,1845.0,1775.0,1795.0,1469.993896484375,97314200
2024-04-18,1800.0,1815.0,1710.0,1725.0,1412.6680908203125,105257300
2024-04-19,1765.0,1770.0,1725.0,1760.0,1441.3310546875,86892700
2024-04-22,1780.0,1800.0,1760.0,1770.0,1449.5203857421875,70463000
2024-04-23,1770.0,1775.0,1730.0,1740.0,1424.9522705078125,53092100
2024-04-24,1745.0,1750.0,1680.0,1680.0,1375.81591796875,42661100
2024-04-25,1680.0,1695.0,1585.0,1590.0,1302.111572265625,77798400
2024-04-26,1600.0,1615.0,1575.0,1595.0,1306.2061767578125,45105100
2024-04-29,1600.0,1620.0,1570.0,1615.0,1322.5849609375,44759600
2024-04-30,1625.0,1640.0,1600.0,1640.0,1343.0584716796875,42746700
2024-05-02,1605.0,1610.0,1510.0,1510.0,1236.596435546875,100915200
2024-05-03,1515.0,1535.0,1475.0,1490.0,1220.2177734375,70316700
2024-05-06,1505.0,1530.0,1490.0,1515.0,1240.691162109375,41690800
2024-05-07,1530.0,1540.0,1500.0,1505.0,1232.5018310546875,40340300
2024-05-08,1505.0,1575.0,1480.0,1535.0,1257.070068359375,109109000
2024-05-13,1540.0,1550.0,1515.0,1525.0,1248.8804931640625,36491800
2024-05-14,1520.0,1545.0,1515.0,1525.0,1248.8804931640625,31675400
2024-05-15,1535.0,1575.0,1535.0,1565.0,1281.6380615234375,51245200
2024-05-16,1585.0,1590.0,1560.0,1565.0,1281.6380615234375,52891500
2024-05-17,1585.0,1635.0,1585.0,1620.0,1326.6796875,88081100
2024-05-20,1645.0,1670.0,1645.0,1655.0,1355.342529296875,113540600
2024-05-21,1545.0,1595.0,1545.0,1565.0,1389.135498046875,58009600
2024-05-22,1565.0,1580.0,1520.0,1525.0,1353.63037109375,42177500
2024-05-27,1525.0,1535.0,1490.0,1495.0,1327.001708984375,34506000
2024-05-28,1500.0,1535.0,1500.0,1515.0,1344.7542724609375,33679300
2024-05-29,1525.0,1540.0,1505.0,1525.0,1353.63037109375,27076800
2024-05-30,1525.0,1525.0,1490.0,1490.0,1322.5634765625,38241900
2024-05-31,1490.0,1510.0,1465.0,1465.0,1300.3729248046875,81505200
2024-06-03,1465.0,1490.0,1465.0,1470.0,1304.81103515625,29619200
2024-06-04,1470.0,1485.0,1435.0,1440.0,1278.1822509765625,60287600
2024-06-05,1440.0,1445.0,1340.0,1340.0,1189.4195556640625,104191600
2024-06-06,1345.0,1380.0,1305.0,1315.0,1167.2288818359375,73528000
2024-06-07,1320.0,1350.0,1300.0,1300.0,1153.9144287109375,77512800
2024-06-10,1290.0,1300.0,1215.0,1240.0,1100.656982421875,98034100
2024-06-11,1240.0,1280.0,1240.0,1255.0,1113.9713134765625,64084300
2024-06-12,1255.0,1270.0,1240.0,1270.0,1127.2857666015625,35959900
2024-06-13,1270.0,1285.0,1255.0,1255.0,1113.9713134765625,40672000
2024-06-14,1255.0,1260.0,1205.0,1210.0,1074.028076171875,48922900
2024-06-19,1215.0,1225.0,1175.0,1215.0,1078.4661865234375,36744000
2024-06-20,1215.0,1225.0,1200.0,1215.0,1078.4661865234375,33480600
2024-06-21,1220.0,1255.0,1220.0,1230.0,1091.7806396484375,55789200
2024-06-24,1235.0,1260.0,1235.0,1250.0,1109.5330810546875,22559600
2024-06-25,1255.0,1260.0,1220.0,1225.0,1087.342529296875,29652400
2024-06-26,1230.0,1235.0,1210.0,1215.0,1078.4661865234375,29664300
2024-06-27,1200.0,1230.0,1200.0,1230.0,1091.7806396484375,24220600
2024-06-28,1235.0,1265.0,1230.0,1250.0,1109.5330810546875,54955600
2024-07-01,1255.0,1305.0,1250.0,1305.0,1158.3526611328125,69300100
2024-07-02,1310.0,1315.0,1280.0,1295.0,1149.476318359375,58443100
2024-07-03,1295.0,1315.0,1280.0,1315.0,1167.2288818359375,40057600
2024-07-04,1325.0,1335.0,1320.0,1325.0,1176.1051025390625,46070600
2024-07-05,1325.0,1330.0,1305.0,1310.0,1162.790771484375,21984500
2024-07-08,1315.0,1365.0,1315.0,1365.0,1211.6102294921875,61088000
2024-07-09,1365.0,1375.0,1340.0,1345.0,1193.857666015625,39832500
2024-07-10,1350.0,1365.0,1345.0,1345.0,1193.857666015625,25808000
2024-07-11,1345.0,1365.0,1320.0,1360.0,1207.172119140625,36563500
2024-07-12,1365.0,1380.0,1350.0,1360.0,1207.172119140625,34695000
2024-07-15,1360.0,1370.0,1330.0,1350.0,1198.2958984375,27711000
2024-07-16,1350.0,1365.0,1335.0,1340.0,1189.4195556640625,30321900
2024-07-17,1360.0,1395.0,1355.0,1380.0,1224.924560546875,65083200
2024-07-18,1395.0,1405.0,1375.0,1375.0,1220.4864501953125,53937000
2024-07-19,1375.0,1380.0,1330.0,1350.0,1198.2958984375,60206400
2024-07-22,1350.0,1360.0,1330.0,1340.0,1189.4195556640625,35890600
2024-07-23,1340.0,1350.0,1305.0,1315.0,1167.2288818359375,48954700
2024-07-24,1315.0,1325.0,1305.0,1310.0,1162.790771484375,28205300
2024-07-25,1305.0,1310.0,1275.0,1280.0,1136.1619873046875,44789300
2024-07-26,1285.0,1300.0,1280.0,1295.0,1149.476318359375,33791400
2024-07-29,1325.0,1350.0,1310.0,1310.0,1162.790771484375,62519500
2024-07-30,1320.0,1330.0,1300.0,1300.0,1153.9144287109375,30531700
2024-07-31,1310.0,1325.0,1305.0,1315.0,1167.2288818359375,34840100
2024-08-01,1340.0,1355.0,1325.0,1345.0,1193.857666015625,54534700
2024-08-02,1335.0,1350.0,1320.0,1345.0,1193.857666015625,32243400
2024-08-05,1330.0,1330.0,1265.0,1285.0,1140.60009765625,65319000
2024-08-06,1290.0,1305.0,1280.0,1295.0,1149.476318359375,27910200
2024-08-07,1295.0,1315.0,1295.0,1295.0,1149.476318359375,20663100
2024-08-08,1295.0,1300.0,1270.0,1270.0,1127.2857666015625,46868600
2024-08-09,1285.0,1300.0,1280.0,1285.0,1140.60009765625,26308700
2024-08-12,1290.0,1310.0,1290.0,1310.0,1162.790771484375,38054700
2024-08-13,1320.0,1330.0,1280.0,1310.0,1162.790771484375,109937300
2024-08-14,1310.0,1320.0,1290.0,1305.0,1158.3526611328125,46923100
2024-08-15,1310.0,1390.0,1305.0,1385.0,1229.36279296875,177044200
2024-08-16,1405.0,1510.0,1400.0,1460.0,1295.9346923828125,377536100
2024-08-19,1475.0,1510.0,1460.0,1470.0,1304.81103515625,179600100
2024-08-20,1480.0,1495.0,1455.0,1475.0,1309.2491455078125,88428900
2024-08-21,1485.0,1525.0,1465.0,1470.0,1304.81103515625,133225200
2024-08-22,1470.0,1475.0,1430.0,1440.0,1278.1822509765625,73634500
2024-08-23,1445.0,1465.0,1445.0,1450.0,1287.0584716796875,45814100
2024-08-26,1460.0,1480.0,1450.0,1480.0,1313.687255859375,75022900
2024-08-27,1480.0,1485.0,1450.0,1470.0,1304.81103515625,37690700
2024-08-28,1480.0,1485.0,1450.0,1450.0,1287.0584716796875,41278000
2024-08-29,1450.0,1455.0,1400.0,1410.0,1251.5533447265625,111056900
2024-08-30,1415.0,1420.0,1390.0,1390.0,1233.8009033203125,764070300
2024-09-02,1400.0,1415.0,1385.0,1395.0,1238.239013671875,116937200
2024-09-03,1400.0,1405.0,1365.0,1370.0,1216.04833984375,87618500
2024-09-04,1350.0,1370.0,1340.0,1345.0,1193.857666015625,98870900
2024-09-05,1350.0,1370.0,1330.0,1345.0,1193.857666015625,106245300
2024-09-06,1345.0,1360.0,1330.0,1335.0,1184.9814453125,77347000
2024-09-09,1335.0,1340.0,1305.0,1320.0,1171.6671142578125,92572800
2024-09-10,1320.0,1335.0,1305.0,1320.0,1171.6671142578125,61469800
2024-09-11,1320.0,1345.0,1315.0,1315.0,1167.2288818359375,95724000
2024-09-12,1325.0,1360.0,1315.0,1345.0,1193.857666015625,104507600
2024-09-13,1365.0,1370.0,1330.0,1335.0,1184.9814453125,101550200
2024-09-17,1350.0,1390.0,1345.0,1380.0,1224.924560546875,153082200
2024-09-18,1380.0,1380.0,1365.0,1365.0,1211.6102294921875,54056600
2024-09-19,1365.0,1380.0,1360.0,1375.0,1220.4864501953125,64130700
2024-09-20,1380.0,1385.0,1365.0,1370.0,1216.04833984375,66852400
2024-09-23,1380.0,1410.0,1380.0,1395.0,1238.239013671875,124951500
2024-09-24,1400.0,1410.0,1385.0,1410.0,1251.5533447265625,99822100
2024-09-25,1420.0,1445.0,1405.0,1440.0,1278.1822509765625,213527100
2024-09-26,1450.0,1450.0,1415.0,1425.0,1264.8677978515625,119737300
2024-09-27,1430.0,1480.0,1425.0,1470.0,1304.81103515625,146334800
2024-09-30,1480.0,1490.0,1435.0,1480.0,1313.687255859375,131933000
2024-10-01,1490.0,1510.0,1480.0,1500.0,1331.4398193359375,123533000
2024-10-02,1510.0,1570.0,1480.0,1535.0,1362.5067138671875,254461600
2024-10-03,1550.0,1590.0,1535.0,1535.0,1362.5067138671875,199006700
2024-10-04,1535.0,1545.0,1500.0,1525.0,1353.63037109375,75683200
2024-10-07,1530.0,1555.0,1525.0,1545.0,1371.383056640625,85637900
2024-10-08,1545.0,1575.0,1505.0,1525.0,1353.63037109375,137208800
2024-10-09,1515.0,1525.0,1490.0,1515.0,1344.7542724609375,73795700
2024-10-10,1515.0,1540.0,1515.0,1535.0,1362.5067138671875,59202600
2024-10-11,1545.0,1565.0,1535.0,1565.0,1389.135498046875,86316100
2024-10-14,1575.0,1640.0,1565.0,1630.0,1446.831298828125,173551800
2024-10-15,1630.0,1630.0,1590.0,1600.0,1420.202392578125,131950900
2024-10-16,1600.0,1600.0,1570.0,1570.0,1393.5736083984375,89196200
2024-10-17,1585.0,1625.0,1570.0,1620.0,1437.9549560546875,103812400
2024-10-18,1630.0,1635.0,1605.0,1625.0,1442.3931884765625,83020900
2024-10-21,1645.0,1765.0,1640.0,1690.0,1500.0888671875,243375700
2024-10-22,1695.0,1700.0,1660.0,1670.0,1482.3363037109375,87540600
2024-10-23,1680.0,1685.0,1640.0,1650.0,1464.583740234375,66120100
2024-10-24,1640.0,1650.0,1620.0,1620.0,1437.9549560546875,55964600
2024-10-25,1620.0,1655.0,1585.0,1585.0,1406.8880615234375,84326300
2024-10-28,1590.0,1640.0,1590.0,1610.0,1429.0787353515625,75462300
2024-10-29,1620.0,1625.0,1595.0,1615.0,1433.516845703125,50332700
2024-10-30,1620.0,1650.0,1610.0,1630.0,1446.831298828125,114888200
2024-10-31,1605.0,1605.0,1540.0,1600.0,1420.202392578125,219900400
2024-11-01,1590.0,1590.0,1515.0,1520.0,1349.1922607421875,86562200
2024-11-04,1520.0,1560.0,1480.0,1525.0,1353.63037109375,90822600
2024-11-05,1525.0,1575.0,1525.0,1575.0,1398.0118408203125,113169500
2024-11-06,1575.0,1590.0,1530.0,1540.0,1366.94482421875,70410300
2024-11-07,1520.0,1580.0,1480.0,1575.0,1398.0118408203125,119230900
2024-11-08,1595.0,1610.0,1565.0,1585.0,1406.8880615234375,61159000
2024-11-11,1580.0,1580.0,1515.0,1530.0,1358.068603515625,49021500
2024-11-12,1510.0,1565.0,1510.0,1565.0,1389.135498046875,50902500
2024-11-13,1560.0,1560.0,1495.0,1500.0,1331.4398193359375,52007900
2024-11-14,1500.0,1500.0,1455.0,1480.0,1313.687255859375,63863000
2024-11-15,1470.0,1480.0,1385.0,1400.0,1242.67724609375,99868300
2024-11-18,1405.0,1425.0,1395.0,1395.0,1238.239013671875,32739700
2024-11-19,1410.0,1485.0,1410.0,1475.0,1309.2491455078125,82940100
2024-11-20,1490.0,1510.0,1460.0,1470.0,1304.81103515625,63724300
2024-11-21,1475.0,1500.0,1465.0,1490.0,1322.5634765625,47253500
2024-11-22,1495.0,1495.0,1450.0,1450.0,1287.0584716796875,33202000
2024-11-25,1460.0,1485.0,1435.0,1485.0,1318.1253662109375,68021900
2024-11-26,1485.0,1485.0,1445.0,1450.0,1287.0584716796875,30282300
2024-11-28,1455.0,1475.0,1420.0,1420.0,1260.4296875,30730300
2024-11-29,1420.0,1445.0,1395.0,1430.0,1269.3060302734375,44703300
2024-12-02,1410.0,1435.0,1410.0,1410.0,1251.5533447265625,28640700
2024-12-03,1410.0,1470.0,1410.0,1450.0,1287.0584716796875,61191200
2024-12-04,1445.0,1470.0,1440.0,1465.0,1300.3729248046875,46067800
2024-12-05,1470.0,1495.0,1450.0,1490.0,1322.5634765625,57649600
2024-12-06,1490.0,1495.0,1465.0,1485.0,1318.1253662109375,33502500
2024-12-09,1485.0,1510.0,1480.0,1490.0,1322.5634765625,42618200
2024-12-10,1500.0,1630.0,1500.0,1625.0,1442.3931884765625,158162400
2024-12-11,1625.0,1655.0,1580.0,1600.0,1420.202392578125,72947100
2024-12-12,1605.0,1635.0,1585.0,1615.0,1433.516845703125,62213000
2024-12-13,1615.0,1615.0,1575.0,1585.0,1406.8880615234375,42789500
2024-12-16,1570.0,1585.0,1545.0,1560.0,1384.6973876953125,28443900
2024-12-17,1565.0,1565.0,1500.0,1510.0,1340.3160400390625,45849900
2024-12-18,1510.0,1535.0,1495.0,1515.0,1344.7542724609375,25835100
2024-12-19,1495.0,1495.0,1445.0,1470.0,1304.81103515625,40890300
2024-12-20,1465.0,1475.0,1420.0,1420.0,1260.4296875,31468500
2024-12-23,1425.0,1455.0,1425.0,1455.0,1291.49658203125,31957000
2024-12-24,1460.0,1465.0,1435.0,1435.0,1273.744140625,19521500
2024-12-27,1440.0,1535.0,1440.0,1525.0,1353.63037109375,51044700
2024-12-30,1525.0,1545.0,1490.0,1525.0,1353.63037109375,42238300
2025-01-02,1530.0,1560.0,1520.0,1545.0,1371.383056640625,33508800
2025-01-03,1560.0,1560.0,1520.0,1520.0,1349.1922607421875,18198800
2025-01-06,1525.0,1540.0,1460.0,1465.0,1300.3729248046875,28169500
2025-01-07,1470.0,1480.0,1430.0,1435.0,1273.744140625,36008100
2025-01-08,1445.0,1465.0,1425.0,1430.0,1269.3060302734375,34414800
2025-01-09,1435.0,1440.0,1410.0,1420.0,1260.4296875,30949900
2025-01-10,1425.0,1480.0,1425.0,1465.0,1300.3729248046875,43730900
2025-01-13,1475.0,1495.0,1455.0,1480.0,1313.687255859375,40835000
2025-01-14,1480.0,1535.0,1465.0,1520.0,1349.1922607421875,59977600
2025-01-15,1520.0,1530.0,1505.0,1530.0,1358.068603515625,28123600
2025-01-16,1535.0,1550.0,1510.0,1520.0,1349.1922607421875,32746500
2025-01-17,1530.0,1540.0,1505.0,1520.0,1349.1922607421875,14490400
2025-01-20,1515.0,1535.0,1500.0,1510.0,1340.3160400390625,19484000
2025-01-21,1510.0,1525.0,1500.0,1510.0,1340.3160400390625,22004000
2025-01-22,1515.0,1540.0,1510.0,1520.0,1349.1922607421875,23644500
2025-01-23,1525.0,1525.0,1480.0,1490.0,1322.5634765625,30835200
2025-01-24,1490.0,1505.0,1475.0,1490.0,1322.5634765625,19564100
2025-01-30,1490.0,1490.0,1385.0,1395.0,1238.239013671875,92858400
2025-01-31,1405.0,1420.0,1385.0,1390.0,1233.8009033203125,61882500
2025-02-03,1395.0,1405.0,1355.0,1380.0,1224.924560546875,49107900
2025-02-04,1395.0,1420.0,1395.0,1400.0,1242.67724609375,67722800
2025-02-05,1410.0,1450.0,1395.0,1450.0,1287.0584716796875,87360400
2025-02-06,1450.0,1455.0,1385.0,1400.0,1242.67724609375,60107000
2025-02-07,1400.0,1435.0,1365.0,1430.0,1269.3060302734375,54097100
2025-02-10,1435.0,1435.0,1380.0,1385.0,1229.36279296875,40971800
2025-02-11,1405.0,1420.0,1380.0,1400.0,1242.67724609375,52510000
2025-02-12,1405.0,1405.0,1380.0,1395.0,1238.239013671875,33267100
2025-02-13,1395.0,1470.0,1395.0,1470.0,1304.81103515625,90550900
2025-02-14,1475.0,1535.0,1475.0,1530.0,1358.068603515625,121036100
2025-02-17,1530.0,1560.0,1515.0,1555.0,1380.25927734375,67708700
2025-02-18,1555.0,1570.0,1535.0,1550.0,1375.8211669921875,33927800
2025-02-19,1565.0,1595.0,1560.0,1575.0,1398.0118408203125,64348100
2025-02-20,1575.0,1690.0,1570.0,1685.0,1495.650634765625,167232000
2025-02-21,1685.0,1685.0,1620.0,1620.0,1437.9549560546875,75344800
2025-02-24,1630.0,1675.0,1630.0,1640.0,1455.70751953125,52458900
2025-02-25,1650.0,1665.0,1600.0,1635.0,1451.2694091796875,60916100
2025-02-26,1635.0,1640.0,1605.0,1630.0,1446.831298828125,51465900
2025-02-27,1630.0,1650.0,1610.0,1625.0,1442.3931884765625,44544100
2025-02-28,1615.0,1615.0,1505.0,1585.0,1406.8880615234375,88545000
2025-03-03,1580.0,1610.0,1555.0,1585.0,1406.8880615234375,88386800
2025-03-04,1595.0,1615.0,1530.0,1540.0,1366.94482421875,45571400
2025-03-05,1545.0,1630.0,1545.0,1620.0,1437.9549560546875,64897700
2025-03-06,1620.0,1645.0,1615.0,1625.0,1442.3931884765625,34278000
2025-03-07,1625.0,1655.0,1615.0,1630.0,1446.831298828125,36726500
2025-03-10,1600.0,1610.0,1475.0,1490.0,1322.5634765625,102645500
2025-03-11,1490.0,1525.0,1465.0,1520.0,1349.1922607421875,39764400
2025-03-12,1545.0,1585.0,1530.0,1545.0,1371.383056640625,66399100
2025-03-13,1550.0,1570.0,1520.0,1535.0,1362.5067138671875,47350400
2025-03-14,1560.0,1615.0,1560.0,1590.0,1411.326171875,64294500
2025-03-17,1620.0,1690.0,1615.0,1655.0,1469.0218505859375,101971200
2025-03-18,1660.0,1670.0,1545.0,1635.0,1451.2694091796875,72950300
2025-03-19,1640.0,1670.0,1620.0,1660.0,1473.4600830078125,60532100
2025-03-20,1660.0,1685.0,1640.0,1645.0,1460.1456298828125,59817400
2025-03-21,1645.0,1650.0,1580.0,1585.0,1406.8880615234375,40953200
2025-03-24,1585.0,1620.0,1535.0,1590.0,1411.326171875,46998300
2025-03-25,1595.0,1615.0,1555.0,1600.0,1420.202392578125,24572800
2025-03-26,1620.0,1660.0,1615.0,1650.0,1464.583740234375,39601200
2025-03-27,1650.0,1650.0,1610.0,1635.0,1451.2694091796875,32277300
2025-04-08,1450.0,1480.0,1390.0,1400.0,1242.67724609375,133964900
2025-04-09,1415.0,1580.0,1415.0,1475.0,1309.2491455078125,160024000
2025-04-10,1575.0,1680.0,1575.0,1630.0,1446.831298828125,175844900
2025-04-11,1660.0,1745.0,1650.0,1690.0,1500.0888671875,187903400
2025-04-14,1740.0,1850.0,1740.0,1830.0,1624.3565673828125,190556900
2025-04-15,1865.0,1960.0,1820.0,1860.0,1650.9853515625,300016300
2025-04-16,1910.0,1940.0,1860.0,1925.0,1708.6810302734375,255794800
2025-04-17,1950.0,1970.0,1925.0,1945.0,1726.43359375,208479100
2025-04-21,1980.0,2090.0,1965.0,2090.0,1855.139404296875,319927200
2025-04-22,2130.0,2210.0,2130.0,2190.0,1943.902099609375,360805600
2025-04-23,2160.0,2160.0,2030.0,2070.0,1837.386962890625,297133100
2025-04-24,2110.0,2150.0,2090.0,2150.0,1908.3970947265625,252026600
2025-04-25,2180.0,2190.0,2120.0,2140.0,1899.520751953125,151595100
2025-04-28,2140.0,2160.0,2090.0,2130.0,1890.64453125,145265800
2025-04-29,2150.0,2180.0,2140.0,2180.0,1935.0257568359375,162278000
2025-04-30,2190.0,2300.0,2160.0,2170.0,1926.1495361328125,320158300
2025-05-02,2270.0,2340.0,2240.0,2290.0,2032.664794921875,357918800
2025-05-05,2280.0,2340.0,2270.0,2320.0,2059.293701171875,152617900
2025-05-06,2360.0,2540.0,2360.0,2540.0,2254.571533203125,333198600
2025-05-07,2560.0,2780.0,2550.0,2750.0,2440.972900390625,617628300
2025-05-08,2780.0,2860.0,2600.0,2610.0,2316.705322265625,522454300
2025-05-09,2600.0,2690.0,2590.0,2680.0,2378.839111328125,218194600
2025-05-14,2620.0,2630.0,2460.0,2550.0,2263.44775390625,356244400
2025-05-15,2530.0,2660.0,2500.0,2550.0,2263.44775390625,332822200
2025-05-16,2660.0,2670.0,2600.0,2640.0,2343.334228515625,174863200
2025-05-19,2670.0,2730.0,2640.0,2720.0,2414.34423828125,210292700
2025-05-20,2720.0,2740.0,2660.0,2730.0,2423.220458984375,163229300
2025-05-21,2780.0,2920.0,2770.0,2910.0,2582.9931640625,329772300
2025-05-22,2990.0,3080.0,2930.0,2960.0,2627.37451171875,367750100
2025-05-23,2980.0,3130.0,2980.0,3130.0,2778.27099609375,209432100
2025-05-26,3170.0,3280.0,3030.0,3110.0,2760.5185546875,305568000
2025-05-27,3110.0,3120.0,3010.0,3030.0,2689.508544921875,193424600
2025-05-28,3030.0,3220.0,3030.0,3110.0,2760.5185546875,285387300
2025-06-02,3170.0,3330.0,3160.0,3320.0,2946.920166015625,324002700
2025-06-03,3350.0,3390.0,3260.0,3360.0,2982.425048828125,278458600
2025-06-04,3400.0,3660.0,3390.0,3550.0,3151.07421875,422549000
2025-06-05,3590.0,3620.0,3430.0,3450.0,3062.3115234375,193549500
2025-06-10,3350.0,3420.0,3230.0,3260.0,2893.66259765625,437510400
2025-06-11,3260.0,3370.0,3210.0,3280.0,2911.4150390625,237081700
2025-06-12,3320.0,3330.0,3130.0,3170.0,2813.776123046875,249105300
2025-06-13,3270.0,3340.0,3240.0,3300.0,2929.16748046875,224736200
2025-06-16,3330.0,3370.0,3230.0,3280.0,2911.4150390625,177098300
2025-06-17,3280.0,3490.0,3240.0,3470.0,3080.06396484375,289461100
2025-06-18,3500.0,3590.0,3470.0,3550.0,3151.07421875,242733200
2025-06-19,3560.0,3580.0,3300.0,3330.0,2955.79638671875,230240300
2025-06-20,3330.0,3340.0,3160.0,3200.0,2840.40478515625,223744600
2025-06-23,3070.0,3290.0,3060.0,3190.0,2972.51171875,210462500
2025-06-24,3190.0,3240.0,3070.0,3090.0,2879.32958984375,144315500
2025-06-25,3100.0,3140.0,2900.0,2930.0,2730.238037109375,220301500
2025-06-26,2930.0,2970.0,2830.0,2940.0,2739.556396484375,230140900
2025-06-30,2910.0,3070.0,2830.0,3040.0,2832.738525390625,264452100
2025-07-01,3070.0,3100.0,3010.0,3070.0,2860.693115234375,166923600
2025-07-02,3060.0,3070.0,2960.0,2990.0,2786.1474609375,98971800
2025-07-03,2990.0,3160.0,2990.0,3120.0,2907.2841796875,151677300
2025-07-04,3120.0,3120.0,3000.0,3000.0,2795.465576171875,159485200
2025-07-07,2980.0,2980.0,2870.0,2910.0,2711.6015625,100132700
2025-07-08,2950.0,2990.0,2900.0,2930.0,2730.238037109375,114484400
2025-07-09,2940.0,2960.0,2880.0,2920.0,2720.919921875,97849400
2025-07-10,2960.0,3070.0,2940.0,2990.0,2786.1474609375,188109100
2025-07-11,3000.0,3020.0,2960.0,2990.0,2786.1474609375,97432200
2025-07-14,3030.0,3060.0,2960.0,3030.0,2823.42041015625,170174900
2025-07-15,3030.0,3030.0,2960.0,3000.0,2795.465576171875,77789300
2025-07-16,2990.0,3010.0,2940.0,2990.0,2786.1474609375,126818600
2025-07-17,3010.0,3070.0,2990.0,3010.0,2804.783935546875,149618400
2025-07-18,3020.0,3030.0,2940.0,2970.0,2767.510986328125,116561200
2025-07-21,2990.0,3210.0,2950.0,3190.0,2972.51171875,222853800
2025-07-22,3250.0,3270.0,2950.0,2960.0,2758.19287109375,426088000
2025-07-23,3010.0,3040.0,2870.0,3040.0,2832.738525390625,195644700
2025-07-24,3020.0,3070.0,2980.0,3030.0,2823.42041015625,97755800
2025-07-25,3040.0,3040.0,2950.0,2970.0,2767.510986328125,61092600
2025-07-28,2970.0,3030.0,2950.0,2970.0,2767.510986328125,85126700
2025-07-29,2970.0,3020.0,2970.0,3000.0,2795.465576171875,53886500
2025-07-30,3010.0,3050.0,2970.0,2990.0,2786.1474609375,58846000
2025-07-31,2950.0,2970.0,2770.0,2850.0,2655.6923828125,235205600
2025-08-01,2860.0,2920.0,2830.0,2880.0,2683.64697265625,102024200
2025-08-04,2920.0,2970.0,2890.0,2910.0,2711.6015625,75538900
2025-08-05,2930.0,3050.0,2910.0,2940.0,2739.556396484375,151094800
2025-08-06,2970.0,3100.0,2970.0,3080.0,2870.011474609375,192180500
2025-08-07,3100.0,3250.0,3070.0,3150.0,2935.239013671875,222004300
2025-08-08,3160.0,3170.0,3020.0,3090.0,2879.32958984375,102084600
2025-08-11,3060.0,3070.0,2930.0,2940.0,2739.556396484375,141894900
2025-08-12,2940.0,2950.0,2870.0,2900.0,2702.283447265625,111654300
2025-08-13,2930.0,2960.0,2880.0,2910.0,2711.6015625,112931000
2025-08-14,2920.0,2940.0,2890.0,2890.0,2692.96533203125,109598600
2025-08-15,2900.0,2920.0,2860.0,2900.0,2702.283447265625,59231900
2025-08-19,2900.0,2910.0,2810.0,2810.0,2618.41943359375,111569000
2025-08-20,2810.0,2840.0,2790.0,2840.0,2646.374267578125,67288600
2025-08-21,2860.0,2880.0,2810.0,2830.0,2637.055908203125,66397100
2025-08-22,2840.0,2870.0,2820.0,2820.0,2627.73779296875,29415000
2025-08-25,2850.0,2900.0,2840.0,2870.0,2674.328857421875,72067200
2025-08-26,2890.0,2920.0,2880.0,2880.0,2683.64697265625,84364800
2025-08-27,2920.0,2990.0,2890.0,2960.0,2758.19287109375,135734500
2025-08-28,3000.0,3020.0,2920.0,2980.0,2776.8291015625,121877400
2025-08-29,2960.0,3050.0,2880.0,3040.0,2832.738525390625,222596200
2025-09-01,2950.0,3280.0,2950.0,3200.0,2981.830078125,545677100
2025-09-02,3300.0,3480.0,3290.0,3470.0,3233.421875,441940600
2025-09-03,3520.0,3580.0,3360.0,3480.0,3242.740234375,393011500
2025-09-04,3470.0,3470.0,3370.0,3390.0,3158.876220703125,142473100
2025-09-08,3470.0,3710.0,3450.0,3610.0,3363.876953125,400454400
2025-09-09,3680.0,3930.0,3590.0,3660.0,3410.468017578125,514308300
2025-09-10,3580.0,3600.0,3470.0,3510.0,3270.69482421875,192134400
2025-09-11,3520.0,3570.0,3380.0,3390.0,3158.876220703125,174842200
2025-09-12,3430.0,3520.0,3420.0,3490.0,3252.058349609375,126314000
2025-09-15,3490.0,3530.0,3430.0,3490.0,3252.058349609375,104996600
2025-09-16,3550.0,3600.0,3500.0,3600.0,3354.558837890625,150013900
2025-09-17,3570.0,3580.0,3450.0,3460.0,3224.103759765625,138761900
2025-09-18,3490.0,3490.0,3400.0,3420.0,3186.830810546875,117203300
2025-09-19,3420.0,3580.0,3420.0,3450.0,3214.785400390625,164297600
2025-09-22,3520.0,3580.0,3500.0,3580.0,3335.92236328125,128254500
2025-09-23,3650.0,3730.0,3600.0,3670.0,3419.786376953125,212809600
2025-09-24,3610.0,3620.0,3460.0,3470.0,3233.421875,173507600
2025-09-25,3350.0,3400.0,3150.0,3170.0,2953.87548828125,400098200
2025-09-26,3180.0,3220.0,3110.0,3210.0,2991.148193359375,164732500
2025-09-29,3250.0,3330.0,3220.0,3300.0,3075.01220703125,148733800
2025-09-30,3340.0,3350.0,3150.0,3160.0,2944.55712890625,209921800
2025-10-01,3200.0,3230.0,3160.0,3210.0,2991.148193359375,125660700
2025-10-02,3190.0,3200.0,3100.0,3110.0,2897.966064453125,133099000
2025-10-03,3120.0,3220.0,3110.0,3200.0,2981.830078125,98382600
2025-10-06,3260.0,3300.0,3180.0,3190.0,2972.51171875,111584900
2025-10-07,3220.0,3250.0,3130.0,3140.0,2925.920654296875,114789800
2025-10-08,3170.0,3380.0,3150.0,3330.0,3102.966796875,303472900
2025-10-09,3340.0,3350.0,3190.0,3220.0,3000.466552734375,173139700
2025-10-10,3200.0,3340.0,3190.0,3310.0,3084.330322265625,127536400
2025-10-13,3310.0,3430.0,3290.0,3370.0,3140.23974609375,199311000
2025-10-14,3440.0,3500.0,3230.0,3350.0,3121.603271484375,322581200
2025-10-15,3410.0,3460.0,3310.0,3400.0,3168.1943359375,198843300
2025-10-16,3450.0,3540.0,3400.0,3430.0,3196.149169921875,256647500
2025-10-17,3470.0,3530.0,3370.0,3450.0,3214.785400390625,216427700
2025-10-20,3450.0,3450.0,3270.0,3270.0,3047.0576171875,160783200
2025-10-21,3340.0,3350.0,3270.0,3290.0,3065.694091796875,96567900
2025-10-22,3150.0,3230.0,3120.0,3170.0,2953.87548828125,114865300
2025-10-23,3180.0,3210.0,3170.0,3190.0,2972.51171875,66747300
2025-10-24,3190.0,3210.0,3120.0,3130.0,2916.6025390625,84454900
2025-10-27,3150.0,3210.0,3100.0,3150.0,2935.239013671875,84512600
2025-10-28,3120.0,3130.0,3020.0,3100.0,2888.64794921875,101193900
2025-10-29,3110.0,3220.0,3110.0,3200.0,2981.830078125,91690700
2025-10-30,3200.0,3210.0,3120.0,3120.0,2907.2841796875,93691300
2025-10-31,3160.0,3180.0,3100.0,3100.0,2888.64794921875,92327900
2025-11-03,3100.0,3130.0,3080.0,3110.0,2897.966064453125,56974500
2025-11-04,3110.0,3110.0,2960.0,2960.0,2758.19287109375,173682100
2025-11-05,2950.0,3000.0,2910.0,2980.0,2776.8291015625,115174300
2025-11-06,2980.0,2980.0,2920.0,2930.0,2730.238037109375,73006600
2025-11-07,2930.0,2940.0,2900.0,2900.0,2702.283447265625,91022900
2025-11-10,2930.0,2960.0,2870.0,2910.0,2711.6015625,156986000
2025-11-11,2940.0,2960.0,2880.0,2880.0,2683.64697265625,102211800
2025-11-12,2900.0,2910.0,2860.0,2880.0,2683.64697265625,70551600
2025-11-13,2910.0,2920.0,2880.0,2890.0,2692.96533203125,69463700
2025-11-14,2900.0,3060.0,2860.0,3040.0,2832.738525390625,247808900
2025-11-17,3040.0,3130.0,2960.0,3060.0,2851.375,258066200
2025-11-18,3060.0,3100.0,3010.0,3010.0,2804.783935546875,160550100
2025-11-19,3010.0,3050.0,3000.0,3000.0,2795.465576171875,72939900
2025-11-20,3010.0,3030.0,2980.0,2980.0,2776.8291015625,60338300
2025-11-21,2980.0,2990.0,2910.0,2910.0,2711.6015625,70438500
2025-11-24,2940.0,2970.0,2890.0,2930.0,2730.238037109375,77562700
2025-11-25,2960.0,3050.0,2930.0,3000.0,2795.465576171875,96478900
2025-11-26,3020.0,3070.0,2980.0,3030.0,2823.42041015625,115088600
2025-11-27,3040.0,3060.0,3000.0,3000.0,2795.465576171875,59437500
2025-11-28,3010.0,3030.0,2900.0,2910.0,2711.6015625,131327000
2025-12-01,2940.0,3020.0,2940.0,2990.0,2786.1474609375,66998800
2025-12-02,2990.0,3000.0,2950.0,2980.0,2776.8291015625,62836100
2025-12-03,2990.0,3000.0,2920.0,2920.0,2720.919921875,64422400
2025-12-04,2930.0,2950.0,2900.0,2900.0,2702.283447265625,51907700
2025-12-05,2910.0,2940.0,2900.0,2910.0,2711.6015625,45650000
2025-12-08,2920.0,2990.0,2920.0,2970.0,2767.510986328125,59521000
2025-12-09,2980.0,2990.0,2910.0,2920.0,2720.919921875,48402900
2025-12-10,2950.0,2950.0,2910.0,2930.0,2730.238037109375,50602100
2025-12-11,2950.0,2980.0,2870.0,2890.0,2692.96533203125,95234500
2025-12-12,2910.0,3130.0,2900.0,3050.0,2842.056640625,304157500
2025-12-15,3110.0,3130.0,2980.0,3030.0,2823.42041015625,211858600
2025-12-16,3030.0,3040.0,2960.0,2970.0,2767.510986328125,91357800
2025-12-17,2990.0,3090.0,2990.0,3020.0,2814.10205078125,107358300
2025-12-18,3040.0,3110.0,3020.0,3110.0,2897.966064453125,143068000
2025-12-19,3120.0,3230.0,3050.0,3070.0,2860.693115234375,272901900
2025-12-22,3110.0,3220.0,3110.0,3190.0,2972.51171875,263625800
2025-12-23,3250.0,3260.0,3170.0,3190.0,2972.51171875,178083800
2025-12-24,3240.0,3290.0,3180.0,3220.0,3000.466552734375,219895200
2025-12-29,3240.0,3420.0,3240.0,3300.0,3075.01220703125,283900400
2025-12-30,3270.0,3270.0,3130.0,3150.0,2935.239013671875,209417500
2026-01-02,3170.0,3230.0,3160.0,3210.0,2991.148193359375,80535600
2026-01-05,3280.0,3400.0,3260.0,3390.0,3158.876220703125,203158600
2026-01-06,3410.0,3460.0,3350.0,3450.0,3214.785400390625,194028600
2026-01-07,3490.0,3930.0,3480.0,3850.0,3587.51416015625,607319400
2026-01-08,3810.0,3820.0,3470.0,3490.0,3252.058349609375,354486100
2026-01-09,3500.0,3690.0,3460.0,3630.0,3382.513427734375,268748100
2026-01-12,3840.0,3980.0,3670.0,3830.0,3568.8779296875,465569800
2026-01-13,3830.0,3930.0,3820.0,3880.0,3615.468994140625,211536700
2026-01-14,3960.0,4180.0,3950.0,4090.0,3811.151611328125,271845900
2026-01-15,4170.0,4180.0,4010.0,4050.0,3773.878662109375,174954300
2026-01-19,4100.0,4140.0,3920.0,4000.0,3727.28759765625,187759300
2026-01-20,4000.0,4120.0,3950.0,4120.0,3839.106201171875,159637300
2026-01-21,4160.0,4350.0,4130.0,4270.0,3978.87939453125,325128500
2026-01-22,4270.0,4270.0,4090.0,4220.0,3932.288330078125,184847000
2026-01-23,4320.0,4400.0,4250.0,4290.0,3997.515869140625,203511600
2026-01-26,4400.0,4970.0,4400.0,4760.0,4435.47216796875,491662800
2026-01-27,4760.0,4760.0,4550.0,4610.0,4295.69873046875,225492900
2026-01-28,4600.0,4710.0,4250.0,4420.0,4118.65283203125,589421400
2026-01-29,4510.0,4570.0,3760.0,4320.0,4025.470458984375,818266300
2026-01-30,4300.0,4350.0,4030.0,4210.0,3922.97021484375,259289200
2026-02-02,3800.0,3920.0,3610.0,3810.0,3550.241455078125,388915700
2026-02-03,4000.0,4050.0,3810.0,3930.0,3662.06005859375,203197400
2026-02-04,3980.0,4130.0,3960.0,3990.0,3717.96923828125,215322600
2026-02-05,3980.0,4000.0,3810.0,3810.0,3550.241455078125,201930600
2026-02-06,3730.0,3840.0,3680.0,3710.0,3457.05908203125,182489100
2026-02-09,3800.0,3900.0,3790.0,3890.0,3624.787109375,146110600
2026-02-10,3900.0,3950.0,3850.0,3890.0,3624.787109375,114039900
2026-02-11,3890.0,4020.0,3870.0,3990.0,3717.96923828125,143161900
2026-02-12,4030.0,4280.0,4000.0,4120.0,3839.106201171875,225356100
2026-02-13,4050.0,4140.0,4000.0,4050.0,3773.878662109375,140456700
2026-02-18,4030.0,4100.0,3950.0,4050.0,3773.878662109375,73672200
2026-02-19,4050.0,4300.0,4050.0,4230.0,3941.6064453125,181438200
2026-02-20,4260.0,4330.0,4170.0,4220.0,3932.288330078125,123609900
2026-02-23,4320.0,4440.0,4290.0,4390.0,4090.697998046875,153052900
2026-02-24,4440.0,4550.0,4370.0,4380.0,4081.3798828125,166385100
2026-02-25,4400.0,4500.0,4340.0,4460.0,4155.92578125,103583700
2026-02-26,4470.0,4480.0,4270.0,4330.0,4034.788818359375,99948100
2026-02-27,4330.0,4370.0,4230.0,4350.0,4053.42529296875,80407900
2026-03-02,4500.0,4650.0,4480.0,4610.0,4295.69873046875,212481100
2026-03-03,4610.0,4630.0,4400.0,4410.0,4109.33447265625,149780600
2026-03-04,4340.0,4340.0,3970.0,4050.0,3773.878662109375,227497200
2026-03-05,4150.0,4230.0,4110.0,4130.0,3848.42431640625,71419500
2026-03-06,4130.0,4150.0,4000.0,4040.0,3764.560302734375,59681800
2026-03-09,3920.0,3920.0,3660.0,3820.0,3559.5595703125,173997700
2026-03-10,3950.0,4080.0,3900.0,4020.0,3745.924072265625,97669800
2026-03-11,4040.0,4090.0,3950.0,3970.0,3699.332763671875,48115500
2026-03-12,3920.0,3930.0,3830.0,3890.0,3624.787109375,73154200
2026-03-13,3820.0,3930.0,3770.0,3810.0,3550.241455078125,64088000
2026-03-16,3690.0,3730.0,3590.0,3640.0,3391.83154296875,111081300
2026-03-17,3670.0,3900.0,3670.0,3750.0,3494.33203125,114095000
2026-03-25,3660.0,3720.0,3580.0,3620.0,3373.1953125,151532000
2026-03-26,3620.0,3660.0,3420.0,3430.0,3196.149169921875,119229100
2026-03-27,3350.0,3590.0,3350.0,3500.0,3261.376708984375,91494700
2026-03-30,3450.0,3550.0,3390.0,3500.0,3261.376708984375,60550100
2026-03-31,3540.0,3620.0,3430.0,3500.0,3261.376708984375,99833000
2026-04-01,3620.0,3760.0,3570.0,3710.0,3457.05908203125,140581600
2026-04-02,3680.0,3690.0,3590.0,3640.0,3391.83154296875,71715300
2026-04-06,3640.0,3650.0,3570.0,3650.0,3401.14990234375,41205300
2026-04-07,3620.0,3630.0,3450.0,3470.0,3233.421875,129402200
2026-04-08,3630.0,3750.0,3580.0,3740.0,3485.013916015625,157473100
2026-04-09,3680.0,3800.0,3630.0,3750.0,3494.33203125,129289900
2026-04-10,3780.0,3790.0,3700.0,3710.0,3457.05908203125,65131200
2026-04-13,3690.0,3780.0,3630.0,3750.0,3494.33203125,88027100
2026-04-14,3770.0,3940.0,3730.0,3900.0,3634.105224609375,125422900
2026-04-15,3990.0,4000.0,3890.0,3940.0,3671.378173828125,96315100
2026-04-16,3980.0,4140.0,3940.0,4060.0,3783.19677734375,139830400
2026-04-17,4060.0,4090.0,3970.0,4070.0,3792.51513671875,69561300
2026-04-20,4060.0,4150.0,4000.0,4010.0,3736.605712890625,57759300
2026-04-21,4010.0,4090.0,3980.0,4030.0,3755.2421875,48530300
2026-04-22,4030.0,4150.0,4030.0,4100.0,3820.4697265625,81890600
2026-04-23,4150.0,4160.0,4000.0,4020.0,3745.924072265625,65595800
2026-04-24,3990.0,4080.0,3960.0,4050.0,3773.878662109375,79334000
2026-04-27,4100.0,4180.0,4060.0,4120.0,3839.106201171875,97987200
2026-04-28,4120.0,4290.0,3940.0,4040.0,3764.560302734375,171366200
2026-04-29,4000.0,4000.0,3880.0,3880.0,3615.468994140625,93317900
2026-04-30,3900.0,3910.0,3600.0,3740.0,3485.013916015625,212842500
2026-05-04,3750.0,3850.0,3740.0,3800.0,3540.923095703125,81668400
2026-05-05,3760.0,3760.0,3640.0,3690.0,3438.4228515625,111553900
2026-05-06,3720.0,3800.0,3720.0,3800.0,3540.923095703125,97302500
2026-05-07,3900.0,3950.0,3810.0,3880.0,3615.468994140625,147286400
2026-05-08,3830.0,3840.0,3630.0,3630.0,3382.513427734375,147682400
2026-05-11,3630.0,3810.0,3530.0,3700.0,3447.740966796875,182583700
2026-05-12,3700.0,3750.0,3510.0,3570.0,3326.60400390625,129829300
2026-05-13,3420.0,3610.0,3360.0,3500.0,3261.376708984375,183268100
2026-05-14,3500.0,3500.0,3500.0,3500.0,3261.376708984375,0
2026-05-15,3500.0,3500.0,3500.0,3500.0,3261.376708984375,0
2026-05-18,3230.0,3310.0,3040.0,3160.0,2944.55712890625,304786400
2026-05-19,3230.0,3230.0,2920.0,3060.0,2851.375,328516700
2026-05-20,3000.0,3200.0,2940.0,3100.0,2888.64794921875,249846500
2026-05-21,3160.0,3170.0,2950.0,2970.0,2767.510986328125,161809600
2026-05-22,2920.0,3150.0,2910.0,3090.0,2879.32958984375,223541100
2026-05-25,3130.0,3140.0,2990.0,3070.0,2860.693115234375,151195300
2026-05-26,3070.0,3150.0,2960.0,2960.0,2758.19287109375,164671000
2026-05-27,2960.0,2960.0,2960.0,2960.0,2758.19287109375,0
2026-05-28,2960.0,2960.0,2960.0,2960.0,2758.19287109375,0
2026-05-29,2960.0,2990.0,2880.0,2900.0,2702.283447265625,401178500
2026-06-02,2950.0,3060.0,2900.0,2960.0,2758.19287109375,203427800
2026-06-03,2960.0,2980.0,2530.0,2610.0,2432.05517578125,438971300
2026-06-04,2580.0,2780.0,2450.0,2760.0,2571.828369140625,327693500
2026-06-05,2850.0,2910.0,2710.0,2750.0,2562.51025390625,263284100
2026-06-08,2670.0,2780.0,2520.0,2530.0,2357.50927734375,272942900
2026-06-09,2570.0,2910.0,2530.0,2880.0,2683.64697265625,291597400
2026-06-10,2880.0,2960.0,2750.0,2750.0,2562.51025390625,397843000
2026-06-11,2750.0,2790.0,2640.0,2720.0,2534.555419921875,276318200
2026-06-12,2800.0,2910.0,2760.0,2850.0,2655.6923828125,174808500
2026-06-15,2950.0,3230.0,2950.0,3130.0,2916.6025390625,378696400
2026-06-17,3230.0,3270.0,3140.0,3160.0,2944.55712890625,172876200
2026-06-18,3170.0,3190.0,3080.0,3170.0,2953.87548828125,113192200
2026-06-19,3140.0,3140.0,3080.0,3080.0,2870.011474609375,148007500
2026-06-22,2890.0,3020.0,2880.0,2960.0,2960.0,158864000
2026-06-23,2960.0,2960.0,2820.0,2870.0,2870.0,124924800
2026-06-24,2880.0,2910.0,2740.0,2750.0,2750.0,130253500
2026-06-25,2690.0,2790.0,2610.0,2740.0,2740.0,146277100
2026-06-26,2750.0,2790.0,2650.0,2710.0,2710.0,114300800
2026-06-29,2730.0,2810.0,2710.0,2720.0,2720.0,72627000
2026-06-30,2700.0,2700.0,2580.0,2590.0,2590.0,101996000
2026-07-01,2600.0,2650.0,2550.0,2610.0,2610.0,70203300
2026-07-02,2640.0,2800.0,2640.0,2760.0,2760.0,107845500
2026-07-03,2850.0,2950.0,2850.0,2930.0,2930.0,103473600
2026-07-06,3000.0,3040.0,2930.0,2940.0,2940.0,70223700
2026-07-07,2940.0,2970.0,2920.0,2930.0,2930.0,38269200
2026-07-08,2920.0,2920.0,2770.0,2790.0,2790.0,75494400
2026-07-09,2790.0,2860.0,2740.0,2850.0,2850.0,60437300
2026-07-10,2870.0,2930.0,2860.0,2900.0,2900.0,60196300
2026-07-13,2900.0,2920.0,2830.0,2920.0,2920.0,56479200
2026-07-14,2880.0,2950.0,2850.0,2920.0,2920.0,101305400
2026-07-15,2970.0,3090.0,2960.0,3040.0,3040.0,154583300
2026-07-16,3070.0,3090.0,3040.0,3080.0,3080.0,91739100
2026-07-17,3000.0,3070.0,3000.0,3070.0,3070.0,80284500
2026-07-20,3050.0,3070.0,2990.0,3000.0,3000.0,109006600
2026-07-21,3020.0,3100.0,3010.0,3060.0,3060.0,134948200
2026-07-22,3110.0,3190.0,3090.0,3120.0,3120.0,164522700
2026-07-23,3130.0,3160.0,3050.0,3080.0,3080.0,133197300
2026-07-24,3030.0,3040.0,2960.0,2990.0,2990.0,75686900
2026-07-27,3020.0,3050.0,2940.0,2970.0,2970.0,98598300
2026-07-28,2950.0,2960.0,2870.0,2890.0,2890.0,87944700
2026-07-29,2890.0,2900.0,2800.0,2840.0,2840.0,66694800
2026-07-30,2860.0,2900.0,2820.0,2860.0,2860.0,76364900
2026-07-31,2880.0,2900.0,2860.0,2880.0,2880.0,98459300
2026-08-03,2920.0,2920.0,2860.0,2870.0,2870.0,46158100
2026-08-04,2880.0,2920.0,2880.0,2890.0,2890.0,70023600
2026-08-05,2930.0,3080.0,2920.0,3070.0,3070.0,187572000
2026-08-06,3170.0,3180.0,3070.0,3080.0,3080.0,172099500
2026-08-07,3090.0,3170.0,3080.0,3160.0,3160.0,108524600
2026-08-10,3180.0,3220.0,3130.0,3140.0,3140.0,107393800
2026-08-11,3190.0,3210.0,3060.0,3090.0,3090.0,110426400
2026-08-12,3100.0,3120.0,3070.0,3090.0,3090.0,57409700
2026-08-13,3120.0,3120.0,2980.0,3000.0,3000.0,86077700
2026-08-14,3000.0,3090.0,2970.0,3070.0,3070.0,83223900
2026-08-18,3150.0,3160.0,3080.0,3100.0,3100.0,90263100
2026-08-19,3100.0,3110.0,3010.0,3030.0,3030.0,93004300
2026-08-20,3120.0,3170.0,3110.0,3140.0,3140.0,141884600
2026-08-21,3160.0,3190.0,3120.0,3170.0,3170.0,114077500
2026-08-24,3190.0,3250.0,3180.0,3190.0,3190.0,114351200
2026-08-25,3190.0,3190.0,3190.0,3190.0,3190.0,0
2026-08-26,3200.0,3290.0,3140.0,3160.0,3160.0,125424800
2026-08-27,3100.0,3200.0,3100.0,3180.0,3180.0,71295100
2026-08-28,3180.0,3180.0,3140.0,3160.0,3160.0,62500400
2026-08-31,3110.0,3130.0,3090.0,3100.0,3100.0,88604100
2026-09-01,3110.0,3150.0,3080.0,3080.0,3080.0,87778200
2026-09-02,3070.0,3080.0,3020.0,3030.0,3030.0,97962500
2026-09-03,3060.0,3150.0,3060.0,3150.0,3150.0,136685600
2026-09-04,3170.0,3180.0,3100.0,3120.0,3120.0,83943400
2026-09-07,3120.0,3120.0,3070.0,3080.0,3080.0,72342200
2026-09-08,3080.0,3110.0,3060.0,3080.0,3080.0,96926900
2026-09-09,3080.0,3210.0,3070.0,3200.0,3200.0,205956800
2026-09-10,3230.0,3330.0,3220.0,3270.0,3270.0,255111300
2026-09-11,3230.0,3270.0,3140.0,3270.0,3270.0,135708200
2026-09-14,3240.0,3250.0,3100.0,3190.0,3190.0,153989700
2026-09-15,3190.0,3290.0,3160.0,3270.0,3270.0,136346800
2026-09-16,3260.0,3340.0,3200.0,3220.0,3220.0,142697700
2026-09-17,3250.0,3290.0,3190.0,3280.0,3280.0,71211300
2026-09-18,3310.0,3350.0,3250.0,3340.0,3340.0,135669000
2026-09-21,3340.0,3370.0,3230.0,3240.0,3240.0,108664300
2026-09-22,3250.0,3270.0,3140.0,3170.0,3170.0,80058600
