Date,Open,High,Low,Close,Adj Close,Volume
2016-09-22,8750.0,8850.0,8675.0,8775.0,5189.04296875,39805500.0
2016-09-23,8600.0,8800.0,8450.0,8600.0,5085.55859375,35593100.0
2016-09-26,8475.0,8475.0,8375.0,8425.0,4982.07275390625,24364400.0
2016-09-27,8350.0,8700.0,8300.0,8700.0,5178.49853515625,41810600.0
2016-09-28,8700.0,8800.0,8650.0,8725.0,5193.3798828125,28727300.0
2016-09-29,8775.0,8875.0,8675.0,8675.0,5163.6181640625,32973700.0
2016-09-30,8500.0,8650.0,8225.0,8250.0,4910.6455078125,53471300.0
2016-10-03,8425.0,8525.0,8350.0,8475.0,5044.572265625,23741300.0
2016-10-04,8525.0,8600.0,8450.0,8600.0,5118.97607421875,30866100.0
2016-10-05,8575.0,8575.0,8375.0,8425.0,5014.810546875,15212400.0
2016-10-06,8425.0,8525.0,8350.0,8350.0,4970.16796875,12990900.0
2016-10-07,8400.0,8425.0,8200.0,8200.0,4880.88427734375,25228600.0
2016-10-10,8200.0,8300.0,8200.0,8275.0,4925.52685546875,9528300.0
2016-10-11,8300.0,8400.0,8250.0,8325.0,4955.28662109375,43085200.0
2016-10-12,8400.0,8400.0,8300.0,8300.0,4940.40771484375,27172600.0
2016-10-13,8300.0,8300.0,8075.0,8200.0,4880.88427734375,26352300.0
2016-10-14,8175.0,8350.0,8075.0,8325.0,4955.28662109375,42981500.0
2016-10-17,8325.0,8350.0,8225.0,8225.0,4895.7646484375,18988500.0
2016-10-18,8325.0,8500.0,8300.0,8475.0,5044.572265625,49669800.0
2016-10-19,8450.0,8500.0,8325.0,8375.0,4985.04931640625,32308300.0
2016-10-20,8425.0,8450.0,8350.0,8375.0,4985.04931640625,17963700.0
2016-10-21,8425.0,8425.0,8350.0,8375.0,4985.04931640625,11044900.0
2016-10-24,8425.0,8425.0,8250.0,8300.0,4940.40771484375,20644900.0
2016-10-25,8300.0,8300.0,8175.0,8175.0,4866.00341796875,29964900.0
2016-10-26,8150.0,8225.0,8100.0,8200.0,4880.88427734375,34332500.0
2016-10-27,8200.0,8275.0,8125.0,8250.0,4910.6455078125,37049100.0
2016-10-28,8200.0,8275.0,8125.0,8175.0,4866.00341796875,17564500.0
2016-10-31,8175.0,8275.0,8150.0,8225.0,4895.7646484375,24458400.0
2016-11-01,8250.0,8350.0,8175.0,8325.0,4955.28662109375,20065900.0
2016-11-02,8275.0,8400.0,8200.0,8325.0,4955.28662109375,32143000.0
2016-11-03,8250.0,8375.0,8125.0,8125.0,4836.24072265625,60106500.0
2016-11-04,8050.0,8200.0,8050.0,8125.0,4836.24072265625,45768800.0
2016-11-07,8175.0,8250.0,8075.0,8225.0,4895.7646484375,36417500.0
2016-11-08,8250.0,8400.0,8175.0,8375.0,4985.04931640625,31162900.0
2016-11-09,8375.0,8400.0,8100.0,8250.0,4910.6455078125,60972000.0
2016-11-10,8300.0,8350.0,8225.0,8300.0,4940.40771484375,24768700.0
2016-11-11,8050.0,8075.0,7700.0,7700.0,4583.26904296875,104109100.0
2016-11-14,7700.0,7775.0,7300.0,7625.0,4538.626953125,85211400.0
2016-11-15,7675.0,7800.0,7575.0,7625.0,4538.626953125,35039200.0
2016-11-16,7775.0,7850.0,7725.0,7825.0,4657.67333984375,46434900.0
2016-11-17,7825.0,7875.0,7725.0,7850.0,4672.55322265625,27155400.0
2016-11-18,7850.0,7875.0,7750.0,7850.0,4672.55322265625,23176400.0
2016-11-21,7750.0,7900.0,7725.0,7900.0,4702.314453125,27592100.0
2016-11-22,7850.0,7900.0,7725.0,7750.0,4613.03076171875,29573500.0
2016-11-23,7750.0,7825.0,7725.0,7775.0,4627.91162109375,24919700.0
2016-11-24,7725.0,7725.0,7450.0,7525.0,4479.103515625,24274400.0
2016-11-25,7450.0,7625.0,7450.0,7625.0,4538.626953125,14112800.0
2016-11-28,7675.0,7900.0,7650.0,7825.0,4657.67333984375,30602500.0
2016-11-29,7825.0,7975.0,7700.0,7700.0,4583.26904296875,26501300.0
2016-11-30,7750.0,7875.0,7550.0,7550.0,4493.98486328125,41566100.0
2016-12-01,7650.0,7750.0,7650.0,7700.0,4583.26904296875,25469700.0
2016-12-02,7800.0,7875.0,7725.0,7850.0,4672.55322265625,25896900.0
2016-12-05,7825.0,7950.0,7800.0,7875.0,4687.43359375,13664000.0
2016-12-06,7875.0,7950.0,7725.0,7850.0,4672.55322265625,28645900.0
2016-12-07,7825.0,7825.0,7750.0,7775.0,4627.91162109375,17371800.0
2016-12-08,7825.0,7825.0,7750.0,7800.0,4642.7919921875,29145400.0
2016-12-09,7800.0,7875.0,7750.0,7825.0,4657.67333984375,34361400.0
2016-12-13,7900.0,7900.0,7650.0,7850.0,4672.55322265625,31561800.0
2016-12-14,7825.0,7825.0,7750.0,7775.0,4627.91162109375,26827000.0
2016-12-15,7725.0,7800.0,7650.0,7750.0,4613.03076171875,32915000.0
2016-12-16,7750.0,7775.0,7575.0,7575.0,4508.865234375,38768700.0
2016-12-19,7675.0,7700.0,7575.0,7625.0,4538.626953125,20215200.0
2016-12-20,7575.0,7650.0,7500.0,7550.0,4493.98486328125,14635800.0
2016-12-21,7650.0,7750.0,7625.0,7700.0,4583.26904296875,21196600.0
2016-12-22,7750.0,7750.0,7525.0,7525.0,4479.103515625,21018100.0
2016-12-23,7525.0,7575.0,7325.0,7325.0,4360.05810546875,16161800.0
2016-12-27,7325.0,7700.0,7325.0,7625.0,4538.626953125,12811500.0
2016-12-28,7750.0,7825.0,7650.0,7825.0,4657.67333984375,14942500.0
2016-12-29,7825.0,8150.0,7800.0,8125.0,4836.24072265625,55270000.0
2016-12-30,8175.0,8275.0,8050.0,8275.0,4925.52685546875,58357800.0
2017-01-02,8275.0,8275.0,8275.0,8275.0,4925.52685546875,0.0
2017-01-03,8150.0,8225.0,8050.0,8200.0,4880.88427734375,24401500.0
2017-01-04,8150.0,8175.0,7925.0,8000.0,4761.83740234375,40244000.0
2017-01-05,8050.0,8125.0,8000.0,8125.0,4836.24072265625,30992200.0
2017-01-06,8175.0,8250.0,8125.0,8175.0,4866.00341796875,16866600.0
2017-01-09,8250.0,8250.0,8125.0,8150.0,4851.1220703125,14383700.0
2017-01-10,8175.0,8225.0,8100.0,8200.0,4880.88427734375,21384600.0
2017-01-11,8200.0,8200.0,8025.0,8025.0,4776.71826171875,14060000.0
2017-01-12,8025.0,8100.0,7925.0,7925.0,4717.19580078125,25391700.0
2017-01-13,7925.0,8125.0,7925.0,8000.0,4761.83740234375,30164500.0
2017-01-16,8075.0,8075.0,7975.0,7975.0,4746.95703125,12032400.0
2017-01-17,7950.0,8075.0,7950.0,8050.0,4791.599609375,5848500.0
2017-01-18,8100.0,8175.0,8050.0,8125.0,4836.24072265625,17112300.0
2017-01-19,8125.0,8150.0,8050.0,8150.0,4851.1220703125,15267800.0
2017-01-20,8150.0,8150.0,8000.0,8000.0,4761.83740234375,11094700.0
2017-01-23,8050.0,8100.0,7950.0,8025.0,4776.71826171875,9106800.0
2017-01-24,8100.0,8100.0,8025.0,8050.0,4791.599609375,16250900.0
2017-01-25,8100.0,8100.0,8050.0,8100.0,4821.36083984375,25295000.0
2017-01-26,8150.0,8150.0,8050.0,8075.0,4806.47998046875,22812200.0
2017-01-27,8100.0,8125.0,8025.0,8100.0,4821.36083984375,12243700.0
2017-01-30,8100.0,8125.0,7900.0,7900.0,4702.314453125,17179100.0
2017-01-31,7950.0,8050.0,7950.0,7950.0,4732.076171875,22016600.0
2017-02-01,8000.0,8100.0,7975.0,8050.0,4791.599609375,20593800.0
2017-02-02,8025.0,8100.0,8000.0,8100.0,4821.36083984375,19035500.0
2017-02-03,8125.0,8200.0,8100.0,8100.0,4821.36083984375,20891200.0
2017-02-06,8175.0,8200.0,8100.0,8125.0,4836.24072265625,18280300.0
2017-02-07,8150.0,8150.0,8075.0,8125.0,4836.24072265625,14697600.0
2017-02-08,8150.0,8175.0,8050.0,8050.0,4791.599609375,21574700.0
2017-02-09,8050.0,8150.0,8050.0,8075.0,4806.47998046875,30856800.0
2017-02-10,8050.0,8125.0,8050.0,8050.0,4791.599609375,26024600.0
2017-02-13,8050.0,8125.0,8000.0,8100.0,4821.36083984375,20576800.0
2017-02-14,8100.0,8125.0,8050.0,8075.0,4806.47998046875,23611200.0
2017-02-15,8075.0,8075.0,8075.0,8075.0,4806.47998046875,0.0
2017-02-16,8100.0,8150.0,8050.0,8100.0,4821.36083984375,38036600.0
2017-02-17,7975.0,8000.0,7850.0,7900.0,4702.314453125,53666200.0
2017-02-20,7900.0,7975.0,7875.0,7950.0,4732.076171875,13073400.0
2017-02-21,7950.0,7975.0,7900.0,7925.0,4717.19580078125,30564700.0
2017-02-22,7975.0,8050.0,7950.0,7975.0,4746.95703125,23042300.0
2017-02-23,7950.0,8050.0,7925.0,8050.0,4791.599609375,15700700.0
2017-02-24,8000.0,8150.0,7975.0,8125.0,4836.24072265625,26949200.0
2017-02-27,8150.0,8150.0,8025.0,8025.0,4776.71826171875,21673600.0
2017-02-28,8125.0,8425.0,8125.0,8200.0,4880.88427734375,93601900.0
2017-03-01,8225.0,8350.0,8175.0,8325.0,4955.28662109375,38356600.0
2017-03-02,8400.0,8550.0,8375.0,8475.0,5044.572265625,62638300.0
2017-03-03,8500.0,8550.0,8375.0,8400.0,4999.93017578125,19648000.0
2017-03-06,8450.0,8550.0,8400.0,8550.0,5089.21484375,47114500.0
2017-03-07,8575.0,8575.0,8500.0,8500.0,5059.4521484375,40699100.0
2017-03-08,8550.0,8550.0,8350.0,8400.0,4999.93017578125,19314600.0
2017-03-09,8250.0,8375.0,8250.0,8250.0,4910.6455078125,15842000.0
2017-03-10,8275.0,8275.0,8100.0,8150.0,4851.1220703125,14405300.0
2017-03-13,8175.0,8250.0,8175.0,8250.0,4910.6455078125,20977300.0
2017-03-14,8250.0,8275.0,8175.0,8200.0,4880.88427734375,21438000.0
2017-03-15,8225.0,8250.0,8150.0,8175.0,4866.00341796875,16327000.0
2017-03-16,8250.0,8575.0,8250.0,8575.0,5104.09423828125,56153700.0
2017-03-17,8600.0,8800.0,8425.0,8475.0,5044.572265625,54184000.0
2017-03-20,8500.0,8600.0,8350.0,8500.0,5059.4521484375,17509900.0
2017-03-21,8550.0,8550.0,8425.0,8475.0,5044.572265625,28519700.0
2017-03-22,8425.0,8450.0,8325.0,8400.0,4999.93017578125,47467800.0
2017-03-23,8450.0,8475.0,8375.0,8450.0,5029.69091796875,30401200.0
2017-03-24,8425.0,8575.0,8425.0,8525.0,5074.33447265625,27602200.0
2017-03-27,8525.0,8525.0,8475.0,8525.0,5074.33447265625,27343500.0
2017-03-29,8550.0,8800.0,8550.0,8725.0,5193.3798828125,58758000.0
2017-03-30,8675.0,8725.0,8500.0,8675.0,5163.6181640625,37527000.0
2017-03-31,8725.0,8800.0,8625.0,8625.0,5133.85595703125,51447000.0
2017-04-03,8700.0,8800.0,8650.0,8775.0,5223.14111328125,20295500.0
2017-04-04,8800.0,8925.0,8750.0,8775.0,5223.14111328125,33188800.0
2017-04-05,8775.0,8775.0,8775.0,8775.0,5223.14111328125,0.0
2017-04-06,8675.0,8750.0,8625.0,8750.0,5208.2607421875,15591900.0
2017-04-07,8750.0,8750.0,8550.0,8575.0,5104.09423828125,28337200.0
2017-04-10,8600.0,8625.0,8500.0,8600.0,5118.97607421875,17526600.0
2017-04-11,8575.0,8600.0,8550.0,8575.0,5104.09423828125,27937100.0
2017-04-12,8600.0,8650.0,8525.0,8575.0,5104.09423828125,12732300.0
2017-04-13,8575.0,8650.0,8500.0,8500.0,5059.4521484375,21574000.0
2017-04-17,8575.0,8575.0,8375.0,8375.0,4985.04931640625,14593900.0
2017-04-18,8375.0,8525.0,8350.0,8375.0,4985.04931640625,33899000.0
2017-04-19,8375.0,8375.0,8375.0,8375.0,4985.04931640625,0.0
2017-04-20,8425.0,8600.0,8375.0,8575.0,5104.09423828125,37608900.0
2017-04-21,8600.0,9150.0,8575.0,9150.0,5446.35205078125,74209300.0
2017-04-25,9250.0,9350.0,8975.0,9025.0,5371.9482421875,34514400.0
2017-04-26,9050.0,9100.0,8925.0,9025.0,5371.9482421875,33994900.0
2017-04-27,9000.0,9050.0,8925.0,9000.0,5357.0673828125,34402800.0
2017-04-28,9025.0,9075.0,8925.0,8950.0,5327.3056640625,29155000.0
2017-05-02,9000.0,9025.0,8900.0,9000.0,5425.5703125,31580900.0
2017-05-03,9050.0,9050.0,8850.0,8850.0,5335.142578125,17435900.0
2017-05-04,8850.0,8900.0,8675.0,8800.0,5305.0009765625,26140500.0
2017-05-05,8750.0,8775.0,8700.0,8700.0,5244.716796875,29628000.0
2017-05-08,8850.0,8900.0,8800.0,8800.0,5305.0009765625,37860400.0
2017-05-09,8900.0,8900.0,8700.0,8700.0,5244.716796875,19822400.0
2017-05-10,8625.0,8675.0,8575.0,8600.0,5184.43310546875,43704700.0
2017-05-12,8675.0,8750.0,8650.0,8675.0,5229.64599609375,30361100.0
2017-05-15,8700.0,8700.0,8525.0,8700.0,5244.716796875,30796400.0
2017-05-16,8700.0,8750.0,8600.0,8600.0,5184.43310546875,25436100.0
2017-05-17,8675.0,8675.0,8325.0,8350.0,5033.72216796875,48442000.0
2017-05-18,8350.0,8500.0,8325.0,8500.0,5124.1494140625,53502800.0
2017-05-19,8525.0,9000.0,8450.0,8750.0,5274.8583984375,52777500.0
2017-05-22,8825.0,8950.0,8700.0,8775.0,5289.9306640625,50711500.0
2017-05-23,8700.0,8800.0,8650.0,8700.0,5244.716796875,40611000.0
2017-05-24,8575.0,8725.0,8550.0,8725.0,5259.787109375,28548100.0
2017-05-26,8725.0,8775.0,8675.0,8750.0,5274.8583984375,21515800.0
2017-05-29,8725.0,8750.0,8625.0,8700.0,5244.716796875,17837200.0
2017-05-30,8625.0,8725.0,8625.0,8675.0,5229.64599609375,18482400.0
2017-05-31,8625.0,8750.0,8625.0,8750.0,5274.8583984375,40011500.0
2017-06-01,8750.0,8750.0,8750.0,8750.0,5274.8583984375,0.0
2017-06-02,8750.0,9000.0,8725.0,9000.0,5425.5703125,34516200.0
2017-06-05,9000.0,9050.0,8925.0,9000.0,5425.5703125,26482300.0
2017-06-06,8975.0,9025.0,8825.0,8875.0,5350.2138671875,31668900.0
2017-06-07,8950.0,8950.0,8850.0,8900.0,5365.28515625,13672900.0
2017-06-08,8850.0,8900.0,8825.0,8825.0,5320.06982421875,12097300.0
2017-06-09,8750.0,8750.0,8650.0,8650.0,5214.57470703125,20044400.0
2017-06-12,8675.0,8850.0,8675.0,8725.0,5259.787109375,12909000.0
2017-06-13,8725.0,8825.0,8725.0,8800.0,5305.0009765625,16459600.0
2017-06-14,8850.0,9150.0,8775.0,9150.0,5515.99462890625,21545600.0
2017-06-15,8900.0,8925.0,8850.0,8900.0,5365.28515625,23078400.0
2017-06-16,8900.0,8925.0,8725.0,8725.0,5259.787109375,53399700.0
2017-06-19,8725.0,8800.0,8725.0,8725.0,5259.787109375,19307300.0
2017-06-20,8725.0,8975.0,8700.0,8950.0,5395.42626953125,37530000.0
2017-06-21,8725.0,9025.0,8725.0,8900.0,5365.28515625,45981300.0
2017-06-22,8950.0,8975.0,8750.0,8925.0,5380.35595703125,45673700.0
2017-06-23,8925.0,8925.0,8925.0,8925.0,5380.35595703125,0.0
2017-06-26,8925.0,8925.0,8925.0,8925.0,5380.35595703125,0.0
2017-06-27,8925.0,8925.0,8925.0,8925.0,5380.35595703125,0.0
2017-06-28,8925.0,8925.0,8925.0,8925.0,5380.35595703125,0.0
2017-06-29,8925.0,8925.0,8925.0,8925.0,5380.35595703125,0.0
2017-06-30,8925.0,8925.0,8925.0,8925.0,5380.35595703125,0.0
2017-07-03,8950.0,9025.0,8725.0,8775.0,5289.9306640625,60820600.0
2017-07-04,8825.0,8825.0,8700.0,8775.0,5289.9306640625,27327700.0
2017-07-05,8800.0,8825.0,8750.0,8800.0,5305.0009765625,49131100.0
2017-07-06,8750.0,8825.0,8750.0,8800.0,5305.0009765625,33107000.0
2017-07-07,8800.0,8850.0,8725.0,8775.0,5289.9306640625,31017800.0
2017-07-10,8775.0,8825.0,8725.0,8775.0,5289.9306640625,27066400.0
2017-07-11,8775.0,8800.0,8700.0,8725.0,5259.787109375,28895800.0
2017-07-12,8700.0,8750.0,8650.0,8725.0,5259.787109375,36580200.0
2017-07-13,8800.0,8800.0,8700.0,8725.0,5259.787109375,65107500.0
2017-07-14,8750.0,8750.0,8700.0,8725.0,5259.787109375,34370300.0
2017-07-17,8725.0,8750.0,8675.0,8725.0,5259.787109375,20377100.0
2017-07-18,8700.0,8725.0,8650.0,8675.0,5229.64599609375,26018200.0
2017-07-19,8675.0,8675.0,8450.0,8475.0,5109.0771484375,86130500.0
2017-07-20,8500.0,8550.0,8475.0,8550.0,5154.2900390625,22992700.0
2017-07-21,8525.0,8525.0,8200.0,8200.0,4943.29638671875,46991000.0
2017-07-24,8200.0,8225.0,8000.0,8225.0,4958.36767578125,61331300.0
2017-07-25,8250.0,8250.0,8050.0,8100.0,4883.0126953125,71959500.0
2017-07-26,8200.0,8200.0,8050.0,8100.0,4883.0126953125,42348400.0
2017-07-27,8050.0,8150.0,8050.0,8075.0,4867.94140625,33556800.0
2017-07-28,8075.0,8075.0,7900.0,7950.0,4792.58642578125,96029800.0
2017-07-31,7925.0,8100.0,7900.0,7975.0,4807.6572265625,57540900.0
2017-08-01,7975.0,7975.0,7800.0,7850.0,4732.30224609375,75196300.0
2017-08-02,7825.0,7900.0,7725.0,7825.0,4717.23095703125,61600300.0
2017-08-03,7825.0,7825.0,7725.0,7775.0,4687.0888671875,39479300.0
2017-08-04,7750.0,7800.0,7650.0,7775.0,4687.0888671875,62576700.0
2017-08-07,7800.0,7950.0,7775.0,7900.0,4762.44384765625,58213100.0
2017-08-08,7925.0,8000.0,7900.0,8000.0,4822.72802734375,49160800.0
2017-08-09,8000.0,8000.0,7900.0,8000.0,4822.72802734375,30630400.0
2017-08-10,7975.0,8000.0,7850.0,7925.0,4777.5146484375,32682600.0
2017-08-11,7900.0,7900.0,7725.0,7775.0,4687.0888671875,40834900.0
2017-08-14,7800.0,7925.0,7775.0,7850.0,4732.30224609375,27663800.0
2017-08-15,7875.0,7900.0,7800.0,7825.0,4717.23095703125,25118000.0
2017-08-16,7800.0,7875.0,7775.0,7850.0,4732.30224609375,23947900.0
2017-08-17,7850.0,7850.0,7850.0,7850.0,4732.30224609375,0.0
2017-08-18,7825.0,7975.0,7800.0,7900.0,4762.44384765625,69231100.0
2017-08-21,7900.0,7950.0,7775.0,7875.0,4747.373046875,39339900.0
2017-08-22,7825.0,7950.0,7825.0,7925.0,4777.5146484375,21229100.0
2017-08-23,7975.0,8000.0,7900.0,7975.0,4807.6572265625,22579300.0
2017-08-24,7900.0,8050.0,7900.0,7975.0,4807.6572265625,33232300.0
2017-08-25,8000.0,8000.0,7950.0,8000.0,4822.72802734375,14260900.0
2017-08-28,7975.0,8025.0,7950.0,8000.0,4822.72802734375,13320400.0
2017-08-29,7925.0,7950.0,7825.0,7900.0,4762.44384765625,23577800.0
2017-08-30,7900.0,7950.0,7850.0,7875.0,4747.373046875,19964000.0
2017-08-31,7850.0,7925.0,7850.0,7875.0,4747.373046875,16196800.0
2017-09-01,7875.0,7875.0,7875.0,7875.0,4747.373046875,0.0
2017-09-04,7925.0,7925.0,7750.0,7750.0,4672.017578125,25464400.0
2017-09-05,7650.0,7825.0,7650.0,7800.0,4702.15966796875,32642400.0
2017-09-06,7725.0,7850.0,7725.0,7825.0,4717.23095703125,21294500.0
2017-09-07,7725.0,7725.0,7625.0,7650.0,4611.7333984375,66835400.0
2017-09-08,7700.0,7850.0,7700.0,7825.0,4717.23095703125,21174500.0
2017-09-11,7900.0,7950.0,7875.0,7900.0,4762.44384765625,23092100.0
2017-09-12,7900.0,7925.0,7875.0,7900.0,4762.44384765625,20592600.0
2017-09-13,7900.0,7925.0,7875.0,7900.0,4762.44384765625,18785000.0
2017-09-14,7900.0,7950.0,7875.0,7900.0,4762.44384765625,23106600.0
2017-09-15,7850.0,7900.0,7800.0,7850.0,4732.30224609375,68407700.0
2017-09-18,7900.0,7900.0,7825.0,7850.0,4732.30224609375,13151900.0
2017-09-19,7850.0,7925.0,7775.0,7925.0,4777.5146484375,29776800.0
2017-09-20,7900.0,7925.0,7775.0,7825.0,4717.23095703125,29674000.0
2017-09-21,7825.0,7825.0,7825.0,7825.0,4717.23095703125,0.0
2017-09-22,7750.0,7825.0,7725.0,7775.0,4687.0888671875,26283500.0
2017-09-25,7775.0,7825.0,7725.0,7800.0,4702.15966796875,11458400.0
2017-09-26,7750.0,7850.0,7750.0,7800.0,4702.15966796875,24368000.0
2017-09-27,7825.0,7850.0,7775.0,7825.0,4717.23095703125,26298600.0
2017-09-28,7800.0,7850.0,7700.0,7700.0,4641.87548828125,39139000.0
2017-09-29,7725.0,7950.0,7725.0,7900.0,4762.44384765625,46487800.0
2017-10-02,7900.0,7950.0,7875.0,7925.0,4777.5146484375,9926400.0
2017-10-03,7900.0,8025.0,7800.0,8000.0,4856.43115234375,21948000.0
2017-10-04,8000.0,8050.0,7975.0,8000.0,4856.43115234375,13975000.0
2017-10-05,8025.0,8025.0,7925.0,7950.0,4826.080078125,14579200.0
2017-10-06,8025.0,8025.0,7950.0,7975.0,4841.25634765625,22631900.0
2017-10-09,8000.0,8025.0,7975.0,7975.0,4841.25634765625,6730400.0
2017-10-10,7950.0,8025.0,7950.0,7975.0,4841.25634765625,20537300.0
2017-10-11,7975.0,8025.0,7900.0,8025.0,4871.6083984375,21573000.0
2017-10-12,8050.0,8200.0,8025.0,8200.0,4977.84326171875,22737500.0
2017-10-13,8175.0,8475.0,8150.0,8475.0,5144.78271484375,41940300.0
2017-10-16,8475.0,8525.0,8275.0,8375.0,5084.07763671875,26598000.0
2017-10-17,8300.0,8325.0,8100.0,8250.0,5008.1953125,37010200.0
2017-10-18,8150.0,8200.0,8025.0,8050.0,4886.78515625,32143300.0
2017-10-19,8050.0,8100.0,7925.0,7925.0,4810.9033203125,32412000.0
2017-10-20,8000.0,8150.0,7950.0,8000.0,4856.43115234375,24764300.0
2017-10-23,8000.0,8150.0,8000.0,8050.0,4886.78515625,12519500.0
2017-10-24,8000.0,8200.0,8000.0,8175.0,4962.6669921875,14194000.0
2017-10-25,8200.0,8200.0,8050.0,8150.0,4947.4892578125,31668600.0
2017-10-26,8150.0,8150.0,7975.0,8000.0,4856.43115234375,21507300.0
2017-10-27,7975.0,8075.0,7900.0,7900.0,4795.7265625,25414900.0
2017-10-30,7950.0,8025.0,7900.0,8000.0,4856.43115234375,20373600.0
2017-10-31,8075.0,8075.0,8000.0,8000.0,4856.43115234375,20477100.0
2017-11-01,8000.0,8100.0,8000.0,8075.0,4901.96142578125,20372200.0
2017-11-02,8100.0,8200.0,8075.0,8150.0,4947.4892578125,27319900.0
2017-11-03,8150.0,8150.0,8025.0,8100.0,4917.13818359375,18109000.0
2017-11-06,8075.0,8125.0,8050.0,8075.0,4901.96142578125,13226900.0
2017-11-07,8075.0,8200.0,8050.0,8200.0,4977.84326171875,14733300.0
2017-11-08,8150.0,8300.0,8100.0,8300.0,5038.54736328125,17351000.0
2017-11-09,8300.0,8325.0,8225.0,8275.0,5023.3720703125,19154200.0
2017-11-10,8225.0,8425.0,8200.0,8350.0,5068.900390625,21907200.0
2017-11-13,8350.0,8375.0,8300.0,8350.0,5068.900390625,19112700.0
2017-11-14,8350.0,8375.0,8275.0,8300.0,5038.54736328125,30370500.0
2017-11-15,8300.0,8300.0,8150.0,8175.0,4962.6669921875,27970500.0
2017-11-16,8200.0,8300.0,8175.0,8250.0,5008.1953125,18888400.0
2017-11-17,8300.0,8325.0,8200.0,8200.0,4977.84326171875,18047300.0
2017-11-20,8300.0,8300.0,8200.0,8200.0,4977.84326171875,15859900.0
2017-11-21,8175.0,8250.0,8075.0,8125.0,4932.31396484375,20031300.0
2017-11-22,8150.0,8450.0,8150.0,8450.0,5129.60595703125,44718900.0
2017-11-23,8500.0,8500.0,8400.0,8475.0,5144.78271484375,22538000.0
2017-11-24,8400.0,8550.0,8375.0,8550.0,5190.31103515625,16053600.0
2017-11-27,8475.0,8600.0,8450.0,8525.0,5175.1357421875,29480600.0
2017-11-28,8450.0,8450.0,8350.0,8375.0,5084.07763671875,37782300.0
2017-11-29,8375.0,8400.0,8325.0,8350.0,5068.900390625,20756600.0
2017-11-30,8300.0,8350.0,7975.0,7975.0,4841.25634765625,66309200.0
2017-12-01,7975.0,7975.0,7975.0,7975.0,4841.25634765625,0.0
2017-12-04,8175.0,8300.0,8100.0,8100.0,4917.13818359375,42133200.0
2017-12-05,8125.0,8300.0,8125.0,8200.0,4977.84326171875,28286400.0
2017-12-06,8150.0,8475.0,8150.0,8350.0,5068.900390625,35433100.0
2017-12-07,8350.0,8375.0,8275.0,8300.0,5038.54736328125,13232000.0
2017-12-08,8250.0,8325.0,8225.0,8250.0,5008.1953125,10274500.0
2017-12-11,8250.0,8450.0,8250.0,8400.0,5099.25341796875,16605000.0
2017-12-12,8450.0,8450.0,8175.0,8200.0,4977.84326171875,35361100.0
2017-12-13,8175.0,8200.0,8075.0,8100.0,4917.13818359375,29885700.0
2017-12-14,8200.0,8350.0,8150.0,8325.0,5053.72509765625,32461700.0
2017-12-15,8325.0,8325.0,8200.0,8300.0,5038.54736328125,27656800.0
2017-12-18,8200.0,8275.0,8075.0,8175.0,4962.6669921875,24673600.0
2017-12-19,8150.0,8200.0,8125.0,8175.0,4962.6669921875,18550800.0
2017-12-20,8150.0,8175.0,7975.0,8000.0,4856.43115234375,38299700.0
2017-12-21,8050.0,8175.0,8025.0,8100.0,4917.13818359375,15656700.0
2017-12-22,8100.0,8200.0,8075.0,8200.0,4977.84326171875,15451000.0
2017-12-25,8200.0,8200.0,8200.0,8200.0,4977.84326171875,0.0
2017-12-26,8200.0,8200.0,8200.0,8200.0,4977.84326171875,0.0
2017-12-27,8200.0,8225.0,8125.0,8150.0,4947.4892578125,28066200.0
2017-12-28,8200.0,8200.0,8025.0,8050.0,4886.78515625,43106600.0
2017-12-29,8150.0,8350.0,8100.0,8300.0,5038.54736328125,89127600.0
2018-01-01,8300.0,8300.0,8300.0,8300.0,5038.54736328125,0.0
2018-01-02,8300.0,8400.0,8150.0,8200.0,4977.84326171875,24661300.0
2018-01-03,8250.0,8250.0,8000.0,8050.0,4886.78515625,40976100.0
2018-01-04,8075.0,8225.0,8050.0,8225.0,4993.01904296875,30604400.0
2018-01-05,8150.0,8300.0,8125.0,8300.0,5038.54736328125,18885300.0
2018-01-08,8300.0,8325.0,8200.0,8300.0,5038.54736328125,17178400.0
2018-01-09,8300.0,8300.0,8150.0,8175.0,4962.6669921875,23323800.0
2018-01-10,8275.0,8300.0,8175.0,8275.0,5023.3720703125,29616100.0
2018-01-11,8275.0,8275.0,8125.0,8250.0,5008.1953125,19294700.0
2018-01-12,8200.0,8250.0,8175.0,8175.0,4962.6669921875,15456000.0
2018-01-15,8175.0,8200.0,8125.0,8175.0,4962.6669921875,12912900.0
2018-01-16,8200.0,8250.0,8125.0,8225.0,4993.01904296875,25472200.0
2018-01-17,8150.0,8300.0,8125.0,8200.0,4977.84326171875,44342900.0
2018-01-18,8275.0,8300.0,8200.0,8300.0,5038.54736328125,41790200.0
2018-01-19,8300.0,8350.0,8250.0,8350.0,5068.900390625,28789700.0
2018-01-22,8350.0,8350.0,8200.0,8250.0,5008.1953125,40680600.0
2018-01-23,8300.0,8525.0,8250.0,8525.0,5175.1357421875,39074200.0
2018-01-24,8525.0,8750.0,8450.0,8725.0,5296.5458984375,36840200.0
2018-01-25,8675.0,8750.0,8625.0,8725.0,5296.5458984375,27585500.0
2018-01-26,8725.0,8725.0,8500.0,8625.0,5235.8408203125,24505100.0
2018-01-29,8650.0,8675.0,8500.0,8650.0,5251.017578125,17150200.0
2018-01-30,8650.0,8650.0,8400.0,8425.0,5114.4306640625,23643200.0
2018-01-31,8400.0,8700.0,8375.0,8500.0,5159.95947265625,29112000.0
2018-02-01,8525.0,8750.0,8525.0,8575.0,5205.48876953125,31700800.0
2018-02-02,8700.0,8750.0,8625.0,8700.0,5281.37060546875,24482800.0
2018-02-05,8500.0,8650.0,8450.0,8525.0,5175.1357421875,23045600.0
2018-02-06,8350.0,8475.0,8350.0,8425.0,5114.4306640625,33410900.0
2018-02-07,8500.0,8600.0,8375.0,8450.0,5129.60595703125,31215400.0
2018-02-08,8500.0,8525.0,8350.0,8375.0,5084.07763671875,28406900.0
2018-02-09,8250.0,8350.0,8175.0,8200.0,4977.84326171875,64748600.0
2018-02-12,8300.0,8300.0,8200.0,8200.0,4977.84326171875,20368800.0
2018-02-13,8200.0,8300.0,8200.0,8275.0,5023.3720703125,30608200.0
2018-02-14,8275.0,8375.0,8275.0,8375.0,5084.07763671875,24033700.0
2018-02-15,8425.0,8425.0,8275.0,8275.0,5023.3720703125,14832000.0
2018-02-16,8275.0,8275.0,8275.0,8275.0,5023.3720703125,0.0
2018-02-19,8350.0,8425.0,8300.0,8425.0,5114.4306640625,22998500.0
2018-02-20,8350.0,8375.0,8250.0,8300.0,5038.54736328125,17276200.0
2018-02-21,8325.0,8350.0,8125.0,8175.0,4962.6669921875,43896000.0
2018-02-22,8200.0,8225.0,8000.0,8000.0,4856.43115234375,33253700.0
2018-02-23,8125.0,8250.0,8100.0,8200.0,4977.84326171875,29457600.0
2018-02-26,8200.0,8225.0,8050.0,8100.0,4917.13818359375,23816800.0
2018-02-27,8100.0,8200.0,8075.0,8200.0,4977.84326171875,23718200.0
2018-02-28,8175.0,8175.0,8075.0,8075.0,4901.96142578125,45102600.0
2018-03-01,8100.0,8175.0,8075.0,8075.0,4901.96142578125,25963100.0
2018-03-02,8075.0,8150.0,8025.0,8150.0,4947.4892578125,15833800.0
2018-03-05,8175.0,8175.0,8075.0,8150.0,4947.4892578125,19421500.0
2018-03-06,8200.0,8200.0,8025.0,8050.0,4886.78515625,29864500.0
2018-03-07,8000.0,8025.0,7775.0,7825.0,4750.1982421875,56371600.0
2018-03-08,7925.0,7925.0,7775.0,7850.0,4765.37451171875,45172700.0
2018-03-09,7900.0,7900.0,7750.0,7775.0,4719.8447265625,26855700.0
2018-03-12,7850.0,7875.0,7775.0,7800.0,4735.02099609375,34352400.0
2018-03-13,7775.0,7775.0,7675.0,7700.0,4674.3154296875,29718200.0
2018-03-14,7650.0,7725.0,7575.0,7575.0,4598.4345703125,25878500.0
2018-03-15,7525.0,7575.0,7425.0,7450.0,4522.55322265625,38893700.0
2018-03-16,7450.0,7525.0,7350.0,7450.0,4522.55322265625,93558800.0
2018-03-19,7450.0,7475.0,7250.0,7275.0,4416.3173828125,44260000.0
2018-03-20,7225.0,7350.0,7200.0,7300.0,4431.494140625,53047800.0
2018-03-21,7350.0,7350.0,7275.0,7300.0,4431.494140625,41451100.0
2018-03-22,7350.0,7450.0,7325.0,7350.0,4461.84765625,40302400.0
2018-03-23,7050.0,7275.0,7050.0,7275.0,4416.3173828125,38206300.0
2018-03-26,7275.0,7275.0,7175.0,7225.0,4385.96484375,22640900.0
2018-03-27,7300.0,7375.0,7250.0,7300.0,4431.494140625,24060300.0
2018-03-28,7225.0,7250.0,7075.0,7100.0,4310.08349609375,32341200.0
2018-03-29,7175.0,7325.0,7050.0,7300.0,4431.494140625,40859700.0
2018-03-30,7300.0,7300.0,7300.0,7300.0,4431.494140625,0.0
2018-04-02,7350.0,7600.0,7300.0,7550.0,4583.2578125,30899400.0
2018-04-03,7500.0,7750.0,7450.0,7675.0,4659.14013671875,30007800.0
2018-04-04,7675.0,7675.0,7475.0,7575.0,4598.4345703125,22563400.0
2018-04-05,7625.0,7650.0,7475.0,7600.0,4613.61083984375,16561500.0
2018-04-06,7600.0,7600.0,7525.0,7525.0,4568.08154296875,8268700.0
2018-04-09,7550.0,7750.0,7550.0,7750.0,4704.6689453125,17097200.0
2018-04-10,7700.0,7850.0,7675.0,7825.0,4750.1982421875,27654600.0
2018-04-11,7875.0,7975.0,7850.0,7950.0,4826.080078125,34716800.0
2018-04-12,7850.0,7925.0,7700.0,7725.0,4689.4921875,26558600.0
2018-04-13,7750.0,7825.0,7525.0,7525.0,4568.08154296875,17816300.0
2018-04-16,7525.0,7525.0,7525.0,7525.0,4568.08154296875,0.0
2018-04-17,7525.0,7525.0,7525.0,7525.0,4568.08154296875,0.0
2018-04-18,7625.0,7625.0,7475.0,7525.0,4568.08154296875,23356500.0
2018-04-19,7525.0,7525.0,7525.0,7525.0,4568.08154296875,0.0
2018-04-20,7525.0,7525.0,7525.0,7525.0,4568.08154296875,0.0
2018-04-23,7600.0,7600.0,7475.0,7475.0,4537.72900390625,12648900.0
2018-04-24,7400.0,7475.0,7300.0,7325.0,4446.6708984375,33995200.0
2018-04-25,7325.0,7325.0,7325.0,7325.0,4446.6708984375,0.0
2018-04-26,7325.0,7325.0,7325.0,7325.0,4446.6708984375,0.0
2018-04-27,7325.0,7325.0,7325.0,7325.0,4446.6708984375,0.0
2018-04-30,7275.0,7300.0,7150.0,7150.0,4340.4365234375,20489400.0
2018-05-01,7150.0,7150.0,7150.0,7150.0,4340.4365234375,0.0
2018-05-02,7200.0,7375.0,7150.0,7375.0,4477.0234375,28029500.0
2018-05-03,7375.0,7400.0,7275.0,7275.0,4416.3173828125,38116700.0
2018-05-04,7200.0,7300.0,7125.0,7250.0,4481.2177734375,20155100.0
2018-05-07,7300.0,7300.0,7050.0,7075.0,4373.05078125,24167400.0
2018-05-08,7075.0,7100.0,6825.0,6950.0,4295.7890625,45877500.0
2018-05-09,6800.0,7125.0,6800.0,7100.0,4388.5029296875,51249600.0
2018-05-10,7100.0,7100.0,7100.0,7100.0,4388.5029296875,0.0
2018-05-11,7150.0,7200.0,7050.0,7050.0,4357.59814453125,21370800.0
2018-05-14,6950.0,7100.0,6950.0,7025.0,4342.14599609375,28081600.0
2018-05-15,7025.0,7100.0,6925.0,6925.0,4280.3359375,30656400.0
2018-05-16,6900.0,6925.0,6650.0,6900.0,4264.88330078125,39298500.0
2018-05-17,6900.0,6925.0,6725.0,6725.0,4156.716796875,31996300.0
2018-05-18,6800.0,6800.0,6525.0,6525.0,4033.096435546875,32946300.0
2018-05-21,6600.0,6675.0,6525.0,6525.0,4033.096435546875,19666000.0
2018-05-22,6575.0,7000.0,6550.0,6950.0,4295.7890625,52564600.0
2018-05-23,7000.0,7225.0,6950.0,7000.0,4326.693359375,46432300.0
2018-05-24,7150.0,7300.0,7125.0,7225.0,4465.765625,31517700.0
2018-05-25,7275.0,7275.0,7050.0,7250.0,4481.2177734375,23149300.0
2018-05-28,7100.0,7300.0,7100.0,7175.0,4434.85986328125,20768800.0
2018-05-29,7175.0,7175.0,7175.0,7175.0,4434.85986328125,0.0
2018-05-30,7125.0,7200.0,6950.0,7000.0,4326.693359375,38264900.0
2018-05-31,7075.0,7150.0,6850.0,6900.0,4264.88330078125,99330400.0
2018-06-01,6900.0,6900.0,6900.0,6900.0,4264.88330078125,0.0
2018-06-04,7050.0,7100.0,6975.0,7000.0,4326.693359375,29071700.0
2018-06-05,6950.0,7050.0,6950.0,7000.0,4326.693359375,32973400.0
2018-06-06,7000.0,7025.0,6950.0,6975.0,4311.2412109375,27978000.0
2018-06-07,7000.0,7025.0,6950.0,6975.0,4311.2412109375,34005400.0
2018-06-08,6875.0,6975.0,6875.0,6900.0,4264.88330078125,82723800.0
2018-06-11,6900.0,6900.0,6900.0,6900.0,4264.88330078125,0.0
2018-06-12,6900.0,6900.0,6900.0,6900.0,4264.88330078125,0.0
2018-06-13,6900.0,6900.0,6900.0,6900.0,4264.88330078125,0.0
2018-06-14,6900.0,6900.0,6900.0,6900.0,4264.88330078125,0.0
2018-06-15,6900.0,6900.0,6900.0,6900.0,4264.88330078125,0.0
2018-06-18,6900.0,6900.0,6900.0,6900.0,4264.88330078125,0.0
2018-06-19,6900.0,6900.0,6900.0,6900.0,4264.88330078125,0.0
2018-06-20,6850.0,6950.0,6625.0,6950.0,4295.7890625,94750500.0
2018-06-21,7100.0,7100.0,6675.0,6675.0,4125.8115234375,40710000.0
2018-06-22,6675.0,6675.0,6575.0,6600.0,4079.454345703125,30220100.0
2018-06-25,6700.0,6725.0,6575.0,6600.0,4079.454345703125,35216300.0
2018-06-26,6550.0,6800.0,6550.0,6700.0,4141.263671875,21592800.0
2018-06-27,6725.0,6750.0,6425.0,6425.0,3971.287109375,26041600.0
2018-06-28,6425.0,6475.0,6275.0,6350.0,3924.9287109375,47122000.0
2018-06-29,6400.0,6600.0,6375.0,6600.0,4079.454345703125,44077400.0
2018-07-02,6650.0,6650.0,6250.0,6250.0,3863.118896484375,30044400.0
2018-07-03,6250.0,6400.0,6100.0,6100.0,3770.404052734375,31918600.0
2018-07-04,6175.0,6425.0,6125.0,6250.0,3863.118896484375,26706500.0
2018-07-05,6200.0,6375.0,6200.0,6300.0,3894.023681640625,10071000.0
2018-07-06,6375.0,6375.0,6250.0,6300.0,3894.023681640625,12516100.0
2018-07-09,6350.0,6400.0,6250.0,6325.0,3909.4765625,17337000.0
2018-07-10,6450.0,6550.0,6350.0,6350.0,3924.9287109375,36086900.0
2018-07-11,6300.0,6625.0,6275.0,6625.0,4094.906494140625,29415100.0
2018-07-12,6575.0,6700.0,6550.0,6675.0,4125.8115234375,22465500.0
2018-07-13,6750.0,6825.0,6650.0,6800.0,4203.07421875,27647800.0
2018-07-16,6700.0,6725.0,6550.0,6700.0,4141.263671875,16831500.0
2018-07-17,6550.0,6675.0,6500.0,6625.0,4094.906494140625,15901500.0
2018-07-18,6700.0,6750.0,6575.0,6650.0,4110.359375,19002100.0
2018-07-19,6650.0,6750.0,6650.0,6700.0,4141.263671875,27562100.0
2018-07-20,6700.0,6750.0,6575.0,6675.0,4125.8115234375,22005400.0
2018-07-23,6750.0,6750.0,6675.0,6675.0,4125.8115234375,13735600.0
2018-07-24,6625.0,6750.0,6625.0,6650.0,4110.359375,8932500.0
2018-07-25,6725.0,6900.0,6650.0,6875.0,4249.43017578125,15946900.0
2018-07-26,6925.0,6950.0,6650.0,6675.0,4125.8115234375,20823800.0
2018-07-27,6700.0,7000.0,6700.0,6975.0,4311.2412109375,31156700.0
2018-07-30,7000.0,7100.0,6900.0,7100.0,4388.5029296875,21379900.0
2018-07-31,7050.0,7150.0,6975.0,7150.0,4419.40869140625,25841400.0
2018-08-01,7150.0,7475.0,7150.0,7475.0,4620.2900390625,53935800.0
2018-08-02,7500.0,7500.0,7300.0,7300.0,4512.12255859375,19141400.0
2018-08-03,7275.0,7300.0,7050.0,7125.0,4403.95654296875,24035700.0
2018-08-06,7250.0,7475.0,7200.0,7425.0,4589.3857421875,37077600.0
2018-08-07,7475.0,7475.0,7325.0,7375.0,4558.48095703125,23222200.0
2018-08-08,7400.0,7450.0,7325.0,7425.0,4589.3857421875,16794100.0
2018-08-09,7300.0,7525.0,7300.0,7500.0,4635.7431640625,17331500.0
2018-08-10,7450.0,7475.0,7325.0,7400.0,4573.93359375,16288400.0
2018-08-13,7275.0,7275.0,7075.0,7100.0,4388.5029296875,25732900.0
2018-08-14,7075.0,7225.0,6825.0,6825.0,4218.5263671875,34274000.0
2018-08-15,6900.0,7050.0,6600.0,6975.0,4311.2412109375,44615000.0
2018-08-16,6975.0,7250.0,6850.0,7100.0,4388.5029296875,21705200.0
2018-08-17,7100.0,7100.0,7100.0,7100.0,4388.5029296875,0.0
2018-08-20,7250.0,7400.0,7150.0,7400.0,4573.93359375,44690500.0
2018-08-21,7400.0,7475.0,7325.0,7475.0,4620.2900390625,20659500.0
2018-08-22,7475.0,7475.0,7475.0,7475.0,4620.2900390625,0.0
2018-08-23,7475.0,7525.0,7300.0,7425.0,4589.3857421875,30246600.0
2018-08-24,7375.0,7450.0,7275.0,7375.0,4558.48095703125,15617800.0
2018-08-27,7375.0,7600.0,7350.0,7575.0,4682.1005859375,32820400.0
2018-08-28,7575.0,7600.0,7350.0,7350.0,4543.0283203125,17798200.0
2018-08-29,7450.0,7550.0,7375.0,7475.0,4620.2900390625,26083000.0
2018-08-30,7500.0,7500.0,7350.0,7475.0,4620.2900390625,15151400.0
2018-08-31,7400.0,7400.0,7200.0,7250.0,4481.2177734375,40829300.0
2018-09-03,7275.0,7275.0,7075.0,7100.0,4388.5029296875,25016000.0
2018-09-04,7100.0,7100.0,7000.0,7075.0,4373.05078125,30739500.0
2018-09-05,6900.0,6950.0,6725.0,6775.0,4187.62158203125,52098900.0
2018-09-06,6675.0,6875.0,6600.0,6800.0,4203.07421875,60188600.0
2018-09-07,6900.0,7175.0,6825.0,7175.0,4434.85986328125,42928600.0
2018-09-10,7125.0,7175.0,6975.0,7175.0,4434.85986328125,21884300.0
2018-09-11,7175.0,7175.0,7175.0,7175.0,4434.85986328125,0.0
2018-09-12,7175.0,7275.0,7125.0,7125.0,4403.95654296875,27126400.0
2018-09-13,7275.0,7275.0,7000.0,7075.0,4373.05078125,22644700.0
2018-09-14,7075.0,7225.0,7050.0,7225.0,4465.765625,17697900.0
2018-09-17,7125.0,7125.0,6950.0,6950.0,4295.7890625,15380700.0
2018-09-18,6925.0,7125.0,6875.0,7025.0,4342.14599609375,31839500.0
2018-09-19,7100.0,7400.0,7100.0,7400.0,4573.93359375,28048600.0
2018-09-20,7400.0,7575.0,7325.0,7500.0,4635.7431640625,37420600.0
2018-09-21,7475.0,7475.0,7225.0,7250.0,4481.2177734375,48533000.0
2018-09-24,7200.0,7225.0,7075.0,7125.0,4403.95654296875,24764900.0
2018-09-25,7100.0,7200.0,7075.0,7200.0,4450.3125,14404300.0
2018-09-26,7200.0,7425.0,7200.0,7350.0,4543.0283203125,25803300.0
2018-09-27,7225.0,7375.0,7200.0,7375.0,4558.48095703125,29349300.0
2018-09-28,7275.0,7450.0,7275.0,7350.0,4543.0283203125,31995300.0
2018-10-01,7225.0,7475.0,7225.0,7325.0,4527.576171875,14131300.0
2018-10-02,7450.0,7450.0,7125.0,7200.0,4450.3125,19915100.0
2018-10-03,7250.0,7275.0,7175.0,7200.0,4450.3125,16575900.0
2018-10-04,7125.0,7150.0,7025.0,7075.0,4373.05078125,19705600.0
2018-10-05,6975.0,7050.0,6900.0,6950.0,4332.53125,25996300.0
2018-10-08,6900.0,6975.0,6850.0,6850.0,4270.19189453125,19133100.0
2018-10-09,6975.0,7025.0,6850.0,7025.0,4379.28466796875,17361000.0
2018-10-10,7000.0,7050.0,6900.0,6950.0,4332.53125,17102700.0
2018-10-11,6800.0,6825.0,6700.0,6725.0,4192.27001953125,40456500.0
2018-10-12,6775.0,6925.0,6775.0,6850.0,4270.19189453125,28756200.0
2018-10-15,6850.0,6925.0,6825.0,6850.0,4270.19189453125,18822300.0
2018-10-16,6900.0,6975.0,6825.0,6975.0,4348.11474609375,18553300.0
2018-10-17,7075.0,7100.0,6975.0,7025.0,4379.28466796875,23333900.0
2018-10-18,7025.0,7025.0,6950.0,7025.0,4379.28466796875,12591900.0
2018-10-19,7000.0,7350.0,6975.0,7300.0,4550.7158203125,48440500.0
2018-10-22,7275.0,7300.0,7200.0,7275.0,4535.13037109375,22418400.0
2018-10-23,7200.0,7375.0,7125.0,7350.0,4581.88525390625,38954800.0
2018-10-24,7350.0,7450.0,7300.0,7300.0,4550.7158203125,36406600.0
2018-10-25,7100.0,7375.0,7100.0,7375.0,4597.470703125,26522600.0
2018-10-26,7375.0,7425.0,7275.0,7425.0,4628.638671875,22297400.0
2018-10-29,7475.0,7625.0,7450.0,7500.0,4675.3935546875,50786300.0
2018-10-30,7500.0,7750.0,7450.0,7700.0,4800.07080078125,39056900.0
2018-10-31,7725.0,7900.0,7700.0,7900.0,4924.748046875,46586400.0
2018-11-01,7925.0,8050.0,7900.0,8050.0,5018.2548828125,59367100.0
2018-11-02,8150.0,8200.0,8050.0,8175.0,5096.17822265625,58720200.0
2018-11-05,8150.0,8250.0,8050.0,8250.0,5142.93212890625,32945600.0
2018-11-06,8250.0,8250.0,7975.0,8100.0,5049.4248046875,40294600.0
2018-11-07,8125.0,8325.0,8050.0,8225.0,5127.34716796875,44005500.0
2018-11-08,8300.0,8425.0,8150.0,8200.0,5111.7626953125,48031900.0
2018-11-09,8200.0,8250.0,8100.0,8175.0,5096.17822265625,26391600.0
2018-11-12,8050.0,8125.0,7875.0,7875.0,4909.1630859375,27601900.0
2018-11-13,7850.0,8100.0,7825.0,8000.0,4987.08544921875,40483500.0
2018-11-14,8200.0,8300.0,8100.0,8175.0,5096.17822265625,35668500.0
2018-11-15,8325.0,8525.0,8275.0,8525.0,5314.36376953125,59979400.0
2018-11-16,8500.0,8575.0,8400.0,8550.0,5329.94775390625,45617600.0
2018-11-19,8550.0,8550.0,8400.0,8500.0,5298.7783203125,26364000.0
2018-11-20,8500.0,8500.0,8500.0,8500.0,5298.7783203125,0.0
2018-11-21,8300.0,8575.0,8275.0,8450.0,5267.60888671875,27715700.0
2018-11-22,8250.0,8475.0,8250.0,8450.0,5267.60888671875,21296200.0
2018-11-23,8400.0,8425.0,8300.0,8400.0,5236.43994140625,7150800.0
2018-11-26,8375.0,8425.0,8325.0,8325.0,5189.6865234375,18712300.0
2018-11-27,8225.0,8450.0,8225.0,8400.0,5236.43994140625,21522600.0
2018-11-28,8400.0,8400.0,8175.0,8400.0,5236.43994140625,40728200.0
2018-11-29,8450.0,8575.0,8400.0,8475.0,5283.19287109375,46667000.0
2018-11-30,8575.0,8625.0,8375.0,8550.0,5329.94775390625,69165200.0
2018-12-03,8700.0,8775.0,8525.0,8600.0,5361.1171875,44652600.0
2018-12-04,8600.0,8600.0,8425.0,8525.0,5314.36376953125,50127600.0
2018-12-05,8400.0,8475.0,8250.0,8325.0,5189.6865234375,28909900.0
2018-12-06,8200.0,8250.0,8050.0,8100.0,5049.4248046875,55894200.0
2018-12-07,8100.0,8275.0,8075.0,8225.0,5127.34716796875,58677800.0
2018-12-10,8075.0,8175.0,8050.0,8150.0,5080.59423828125,23912000.0
2018-12-11,8150.0,8250.0,8150.0,8150.0,5080.59423828125,34673200.0
2018-12-12,8275.0,8275.0,8200.0,8250.0,5142.93212890625,23533500.0
2018-12-13,8300.0,8625.0,8275.0,8450.0,5267.60888671875,57420600.0
2018-12-14,8500.0,8500.0,8400.0,8450.0,5267.60888671875,36739100.0
2018-12-17,8450.0,8450.0,8250.0,8300.0,5174.10205078125,37179000.0
2018-12-18,8200.0,8375.0,8200.0,8375.0,5220.85546875,27136700.0
2018-12-19,8350.0,8450.0,8325.0,8425.0,5252.02490234375,29886700.0
2018-12-20,8325.0,8525.0,8325.0,8475.0,5283.19287109375,24652800.0
2018-12-21,8450.0,8450.0,8300.0,8425.0,5252.02490234375,31157200.0
2018-12-24,8425.0,8425.0,8425.0,8425.0,5252.02490234375,0.0
2018-12-25,8425.0,8425.0,8425.0,8425.0,5252.02490234375,0.0
2018-12-26,8250.0,8300.0,8125.0,8125.0,5065.00927734375,19355100.0
2018-12-27,8300.0,8325.0,8175.0,8225.0,5127.34716796875,25748300.0
2018-12-28,8275.0,8400.0,8225.0,8225.0,5127.34716796875,24480400.0
2018-12-31,8225.0,8225.0,8225.0,8225.0,5127.34716796875,0.0
2019-01-01,8225.0,8225.0,8225.0,8225.0,5127.34716796875,0.0
2019-01-02,8200.0,8275.0,8125.0,8200.0,5111.7626953125,14014100.0
2019-01-03,8100.0,8400.0,8100.0,8375.0,5220.85546875,25148400.0
2019-01-04,8400.0,8450.0,8200.0,8350.0,5205.27099609375,32475900.0
2019-01-07,8450.0,8475.0,8150.0,8150.0,5080.59423828125,32649700.0
2019-01-08,8150.0,8225.0,8125.0,8175.0,5096.17822265625,29130800.0
2019-01-09,8225.0,8275.0,8150.0,8200.0,5111.7626953125,42977800.0
2019-01-10,8175.0,8200.0,7950.0,8200.0,5111.7626953125,76803900.0
2019-01-11,8300.0,8300.0,8225.0,8300.0,5174.10205078125,32212200.0
2019-01-14,8225.0,8225.0,8050.0,8150.0,5080.59423828125,40449800.0
2019-01-15,8150.0,8150.0,8050.0,8150.0,5080.59423828125,56524700.0
2019-01-16,8175.0,8250.0,8125.0,8250.0,5142.93212890625,33593600.0
2019-01-17,8250.0,8325.0,8200.0,8275.0,5158.51708984375,38888100.0
2019-01-18,8300.0,8475.0,8275.0,8475.0,5283.19287109375,45180500.0
2019-01-21,8475.0,8550.0,8300.0,8325.0,5189.6865234375,39949600.0
2019-01-22,8375.0,8375.0,8150.0,8200.0,5111.7626953125,33129500.0
2019-01-23,8200.0,8275.0,8175.0,8175.0,5096.17822265625,26554900.0
2019-01-24,8225.0,8450.0,8225.0,8425.0,5252.02490234375,56764700.0
2019-01-25,8475.0,8475.0,8275.0,8425.0,5252.02490234375,27967500.0
2019-01-28,8450.0,8450.0,8275.0,8375.0,5220.85546875,25672700.0
2019-01-29,8375.0,8400.0,8275.0,8375.0,5220.85546875,34675500.0
2019-01-30,8275.0,8375.0,8225.0,8350.0,5205.27099609375,40835000.0
2019-01-31,8375.0,8450.0,8325.0,8450.0,5267.60888671875,49304900.0
2019-02-01,8475.0,8500.0,8350.0,8450.0,5267.60888671875,23915300.0
2019-02-04,8450.0,8475.0,8175.0,8200.0,5111.7626953125,27634200.0
2019-02-05,8200.0,8200.0,8200.0,8200.0,5111.7626953125,0.0
2019-02-06,8275.0,8350.0,8225.0,8225.0,5127.34716796875,28617900.0
2019-02-07,8225.0,8275.0,8150.0,8200.0,5111.7626953125,27500100.0
2019-02-08,8150.0,8225.0,8100.0,8150.0,5080.59423828125,36834100.0
2019-02-11,8125.0,8150.0,8000.0,8000.0,4987.08544921875,34439900.0
2019-02-12,8000.0,8000.0,7650.0,7650.0,4768.9013671875,84655500.0
2019-02-13,7700.0,7775.0,7550.0,7675.0,4784.4853515625,60065900.0
2019-02-14,7775.0,7775.0,7550.0,7600.0,4737.7314453125,37462300.0
2019-02-15,7650.0,7650.0,7525.0,7600.0,4737.7314453125,51353000.0
2019-02-18,7725.0,7925.0,7700.0,7875.0,4909.1630859375,39041200.0
2019-02-19,7800.0,7875.0,7725.0,7775.0,4846.82421875,24292900.0
2019-02-20,7850.0,7875.0,7625.0,7775.0,4846.82421875,46538800.0
2019-02-21,7700.0,7725.0,7650.0,7700.0,4800.07080078125,41248700.0
2019-02-22,7650.0,7700.0,7575.0,7625.0,4753.31640625,32076500.0
2019-02-25,7625.0,7800.0,7575.0,7650.0,4768.9013671875,34983600.0
2019-02-26,7625.0,7675.0,7600.0,7600.0,4737.7314453125,29923400.0
2019-02-27,7650.0,7650.0,7525.0,7600.0,4737.7314453125,38903200.0
2019-02-28,7550.0,7550.0,7150.0,7150.0,4457.2080078125,119005400.0
2019-03-01,7250.0,7400.0,7225.0,7225.0,4503.9619140625,56265500.0
2019-03-04,7200.0,7275.0,7150.0,7150.0,4457.2080078125,31484700.0
2019-03-05,7125.0,7375.0,7025.0,7300.0,4550.7158203125,60708500.0
2019-03-06,7400.0,7400.0,7275.0,7325.0,4566.30029296875,35643300.0
2019-03-07,7325.0,7325.0,7325.0,7325.0,4566.30029296875,0.0
2019-03-08,7200.0,7225.0,7150.0,7150.0,4457.2080078125,86989800.0
2019-03-11,7300.0,7300.0,7175.0,7225.0,4503.9619140625,33829300.0
2019-03-12,7250.0,7350.0,7175.0,7175.0,4472.79248046875,36724200.0
2019-03-13,7100.0,7150.0,7100.0,7125.0,4441.62353515625,35882400.0
2019-03-14,7125.0,7250.0,7125.0,7200.0,4488.376953125,29057900.0
2019-03-15,7200.0,7375.0,7200.0,7325.0,4566.30029296875,39356200.0
2019-03-18,7300.0,7375.0,7275.0,7325.0,4566.30029296875,32558100.0
2019-03-19,7300.0,7325.0,7225.0,7275.0,4535.13037109375,40585700.0
2019-03-20,7300.0,7350.0,7225.0,7275.0,4535.13037109375,30377700.0
2019-03-21,7300.0,7325.0,7225.0,7250.0,4519.54638671875,31066900.0
2019-03-22,7275.0,7300.0,7225.0,7225.0,4503.9619140625,13387300.0
2019-03-25,7175.0,7175.0,7000.0,7050.0,4394.869140625,51758500.0
2019-03-26,7100.0,7175.0,7075.0,7100.0,4426.0380859375,23711700.0
2019-03-27,7175.0,7200.0,7100.0,7175.0,4472.79248046875,12546100.0
2019-03-28,7150.0,7150.0,7050.0,7100.0,4426.0380859375,17584700.0
2019-03-29,7100.0,7300.0,7100.0,7300.0,4550.7158203125,30122900.0
2019-04-01,7375.0,7400.0,7275.0,7350.0,4581.88525390625,13152600.0
2019-04-02,7325.0,7450.0,7300.0,7425.0,4628.638671875,28647700.0
2019-04-03,7425.0,7425.0,7425.0,7425.0,4628.638671875,0.0
2019-04-04,7500.0,7625.0,7500.0,7550.0,4706.5625,38598100.0
2019-04-05,7575.0,7650.0,7500.0,7650.0,4768.9013671875,21303800.0
2019-04-08,7600.0,7625.0,7375.0,7525.0,4690.97705078125,23973800.0
2019-04-09,7475.0,7700.0,7475.0,7675.0,4784.4853515625,31230600.0
2019-04-10,7725.0,7725.0,7625.0,7650.0,4768.9013671875,18506200.0
2019-04-11,7675.0,7675.0,7475.0,7525.0,4690.97705078125,17082800.0
2019-04-12,7450.0,7575.0,7450.0,7525.0,4690.97705078125,12332300.0
2019-04-15,7575.0,7625.0,7475.0,7600.0,4737.7314453125,30002000.0
2019-04-16,7550.0,7800.0,7550.0,7750.0,4831.2392578125,37600500.0
2019-04-17,7750.0,7750.0,7750.0,7750.0,4831.2392578125,0.0
2019-04-18,7925.0,8025.0,7775.0,7850.0,4893.578125,88459900.0
2019-04-19,7850.0,7850.0,7850.0,7850.0,4893.578125,0.0
2019-04-22,7850.0,7850.0,7500.0,7525.0,4690.97705078125,33999600.0
2019-04-23,7625.0,7675.0,7550.0,7650.0,4768.9013671875,30486900.0
2019-04-24,7625.0,7675.0,7600.0,7650.0,4768.9013671875,22044600.0
2019-04-25,7550.0,7600.0,7400.0,7550.0,4706.5625,34998300.0
2019-04-26,7475.0,7650.0,7475.0,7650.0,4768.9013671875,31531100.0
2019-04-29,7525.0,7700.0,7500.0,7600.0,4737.7314453125,33169300.0
2019-04-30,7650.0,7675.0,7575.0,7625.0,4753.31640625,29569700.0
2019-05-01,7625.0,7625.0,7625.0,7625.0,4753.31640625,0.0
2019-05-02,7600.0,7675.0,7450.0,7475.0,4659.80859375,37010600.0
2019-05-03,7475.0,7500.0,7400.0,7425.0,4628.638671875,30801100.0
2019-05-06,7350.0,7450.0,7300.0,7425.0,4628.638671875,22291100.0
2019-05-07,7400.0,7550.0,7375.0,7525.0,4790.41796875,22700800.0
2019-05-08,7450.0,7475.0,7375.0,7400.0,4710.84375,22454500.0
2019-05-09,7325.0,7350.0,7125.0,7150.0,4551.693359375,42585100.0
2019-05-10,7200.0,7225.0,7075.0,7175.0,4567.60791015625,37086400.0
2019-05-13,7100.0,7150.0,6975.0,7025.0,4472.1181640625,26992400.0
2019-05-14,6900.0,7050.0,6825.0,7000.0,4456.203125,47782200.0
2019-05-15,7075.0,7075.0,6875.0,6950.0,4424.37353515625,30786000.0
2019-05-16,6900.0,6950.0,6725.0,6775.0,4312.96826171875,47245500.0
2019-05-17,6900.0,6925.0,6700.0,6700.0,4265.22314453125,25102800.0
2019-05-20,6650.0,6925.0,6625.0,6900.0,4392.54345703125,28865800.0
2019-05-21,6925.0,7050.0,6925.0,7000.0,4456.203125,35020100.0
2019-05-22,7000.0,7025.0,6850.0,7000.0,4456.203125,22967500.0
2019-05-23,7000.0,7125.0,6975.0,7100.0,4519.86279296875,26460200.0
2019-05-24,7125.0,7200.0,7050.0,7175.0,4567.60791015625,22372000.0
2019-05-27,7175.0,7225.0,7100.0,7125.0,4535.77880859375,20859100.0
2019-05-28,7200.0,7200.0,7050.0,7075.0,4503.9482421875,77066000.0
2019-05-29,7075.0,7275.0,7050.0,7200.0,4583.52294921875,28805600.0
2019-05-30,7200.0,7200.0,7200.0,7200.0,4583.52294921875,0.0
2019-05-31,7250.0,7450.0,7175.0,7450.0,4742.673828125,46478800.0
2019-06-03,7450.0,7450.0,7450.0,7450.0,4742.673828125,0.0
2019-06-04,7450.0,7450.0,7450.0,7450.0,4742.673828125,0.0
2019-06-05,7450.0,7450.0,7450.0,7450.0,4742.673828125,0.0
2019-06-06,7450.0,7450.0,7450.0,7450.0,4742.673828125,0.0
2019-06-07,7450.0,7450.0,7450.0,7450.0,4742.673828125,0.0
2019-06-10,7575.0,7700.0,7550.0,7675.0,4885.908203125,50332200.0
2019-06-11,7525.0,7675.0,7450.0,7625.0,4854.078125,37387000.0
2019-06-12,7500.0,7575.0,7450.0,7500.0,4774.50390625,27570300.0
2019-06-13,7450.0,7525.0,7375.0,7500.0,4774.50390625,33860400.0
2019-06-14,7500.0,7575.0,7400.0,7425.0,4726.7578125,28282900.0
2019-06-17,7425.0,7450.0,7375.0,7375.0,4694.92919921875,11239700.0
2019-06-18,7425.0,7500.0,7400.0,7500.0,4774.50390625,17393200.0
2019-06-20,7575.0,7625.0,7500.0,7600.0,4838.16357421875,26961500.0
2019-06-21,7625.0,7625.0,7350.0,7450.0,4742.673828125,72597200.0
2019-06-24,7375.0,7450.0,7300.0,7350.0,4679.013671875,23779400.0
2019-06-25,7275.0,7400.0,7275.0,7350.0,4679.013671875,23606900.0
2019-06-26,7375.0,7375.0,7225.0,7250.0,4615.35302734375,20215500.0
2019-06-27,7250.0,7425.0,7250.0,7375.0,4694.92919921875,24916300.0
2019-06-28,7400.0,7475.0,7350.0,7450.0,4742.673828125,22286100.0
2019-07-01,7475.0,7500.0,7300.0,7375.0,4694.92919921875,28466100.0
2019-07-02,7400.0,7400.0,7250.0,7300.0,4647.18310546875,30466600.0
2019-07-03,7275.0,7350.0,7225.0,7275.0,4631.267578125,30525700.0
2019-07-04,7300.0,7300.0,7200.0,7250.0,4615.35302734375,25196500.0
2019-07-05,7200.0,7250.0,7150.0,7150.0,4551.693359375,17084700.0
2019-07-08,7225.0,7325.0,7175.0,7300.0,4647.18310546875,20878100.0
2019-07-09,7325.0,7325.0,7225.0,7275.0,4631.267578125,21689700.0
2019-07-10,7325.0,7450.0,7300.0,7450.0,4742.673828125,39466400.0
2019-07-11,7475.0,7525.0,7425.0,7525.0,4790.41796875,33821300.0
2019-07-12,7500.0,7500.0,7400.0,7450.0,4742.673828125,31711400.0
2019-07-15,7500.0,7500.0,7400.0,7425.0,4726.7578125,26628700.0
2019-07-16,7450.0,7475.0,7400.0,7450.0,4742.673828125,18188000.0
2019-07-17,7400.0,7400.0,7100.0,7100.0,4519.86279296875,56668400.0
2019-07-18,7100.0,7200.0,7075.0,7150.0,4551.693359375,22334900.0
2019-07-19,7175.0,7200.0,7075.0,7100.0,4519.86279296875,28008400.0
2019-07-22,7100.0,7150.0,7050.0,7100.0,4519.86279296875,18040600.0
2019-07-23,7150.0,7200.0,7125.0,7150.0,4551.693359375,25156100.0
2019-07-24,7225.0,7250.0,7175.0,7175.0,4567.60791015625,25597700.0
2019-07-25,7225.0,7300.0,7175.0,7300.0,4647.18310546875,35643500.0
2019-07-26,7175.0,7175.0,7075.0,7075.0,4503.9482421875,26627900.0
2019-07-29,7075.0,7175.0,7050.0,7175.0,4567.60791015625,18841000.0
2019-07-30,7175.0,7275.0,7175.0,7275.0,4631.267578125,30765800.0
2019-07-31,7150.0,7200.0,7000.0,7000.0,4456.203125,61515300.0
2019-08-01,7000.0,7075.0,6975.0,7025.0,4472.1181640625,37270900.0
2019-08-02,6950.0,7100.0,6950.0,7075.0,4503.9482421875,40942800.0
2019-08-05,6975.0,7025.0,6900.0,6925.0,4408.45751953125,44819000.0
2019-08-06,6800.0,6900.0,6750.0,6750.0,4297.0537109375,55429900.0
2019-08-07,6750.0,6850.0,6725.0,6725.0,4281.13818359375,31631500.0
2019-08-08,6750.0,6950.0,6750.0,6900.0,4392.54345703125,31521500.0
2019-08-09,6900.0,6950.0,6775.0,6775.0,4312.96826171875,22712900.0
2019-08-12,6850.0,6850.0,6725.0,6750.0,4297.0537109375,17186100.0
2019-08-13,6750.0,6750.0,6600.0,6675.0,4249.3076171875,34123600.0
2019-08-14,6725.0,6750.0,6600.0,6675.0,4249.3076171875,36012100.0
2019-08-15,6600.0,6625.0,6500.0,6525.0,4153.8173828125,36960700.0
2019-08-16,6575.0,6600.0,6500.0,6500.0,4137.90283203125,24416100.0
2019-08-19,6600.0,6600.0,6425.0,6425.0,4090.158447265625,31718800.0
2019-08-20,6475.0,6500.0,6375.0,6425.0,4090.158447265625,29465900.0
2019-08-21,6425.0,6500.0,6350.0,6350.0,4042.412353515625,21306900.0
2019-08-22,6375.0,6400.0,6250.0,6325.0,4026.49755859375,53070300.0
2019-08-23,6350.0,6575.0,6275.0,6575.0,4185.6484375,35340800.0
2019-08-26,6475.0,6650.0,6425.0,6575.0,4185.6484375,24275700.0
2019-08-27,6625.0,6625.0,6500.0,6525.0,4153.8173828125,79684000.0
2019-08-28,6525.0,6575.0,6425.0,6450.0,4106.07275390625,28499000.0
2019-08-29,6475.0,6500.0,6425.0,6425.0,4090.158447265625,18028100.0
2019-08-30,6500.0,6750.0,6475.0,6675.0,4249.3076171875,53158400.0
2019-09-02,6725.0,6725.0,6550.0,6550.0,4169.73291015625,18009100.0
2019-09-03,6600.0,6600.0,6400.0,6475.0,4121.98828125,26812500.0
2019-09-04,6475.0,6500.0,6375.0,6500.0,4137.90283203125,25562700.0
2019-09-05,6575.0,6700.0,6525.0,6700.0,4265.22314453125,26551900.0
2019-09-06,6725.0,6750.0,6650.0,6750.0,4297.0537109375,21425300.0
2019-09-09,6750.0,6750.0,6625.0,6650.0,4233.3935546875,21619600.0
2019-09-10,6675.0,6725.0,6600.0,6675.0,4249.3076171875,20241600.0
2019-09-11,6700.0,6925.0,6675.0,6925.0,4408.45751953125,29449700.0
2019-09-12,6900.0,6925.0,6750.0,6750.0,4297.0537109375,18842400.0
2019-09-13,6850.0,6875.0,6725.0,6750.0,4297.0537109375,13398000.0
2019-09-16,6750.0,6775.0,6575.0,6700.0,4265.22314453125,25529200.0
2019-09-17,6700.0,6725.0,6475.0,6475.0,4121.98828125,27745300.0
2019-09-18,6525.0,6700.0,6500.0,6700.0,4265.22314453125,24627700.0
2019-09-19,6725.0,6725.0,6575.0,6600.0,4201.56298828125,13478800.0
2019-09-20,6575.0,6600.0,6525.0,6575.0,4185.6484375,45888900.0
2019-09-23,6575.0,6625.0,6550.0,6625.0,4217.4775390625,14044900.0
2019-09-24,6575.0,6625.0,6450.0,6475.0,4121.98828125,29738600.0
2019-09-25,6400.0,6500.0,6400.0,6500.0,4137.90283203125,17781500.0
2019-09-26,6575.0,6700.0,6525.0,6700.0,4265.22314453125,37979500.0
2019-09-27,6700.0,6700.0,6600.0,6650.0,4233.3935546875,9831000.0
2019-09-30,6650.0,6675.0,6575.0,6600.0,4201.56298828125,21089600.0
2019-10-01,6550.0,6625.0,6550.0,6550.0,4169.73291015625,7452500.0
2019-10-02,6500.0,6550.0,6450.0,6450.0,4106.07275390625,11128500.0
2019-10-03,6400.0,6500.0,6300.0,6475.0,4121.98828125,20769800.0
2019-10-04,6550.0,6550.0,6400.0,6425.0,4090.158447265625,10680600.0
2019-10-07,6400.0,6450.0,6300.0,6325.0,4062.538818359375,13250100.0
2019-10-08,6325.0,6400.0,6275.0,6350.0,4078.59619140625,25385900.0
2019-10-09,6300.0,6350.0,6250.0,6275.0,4030.424072265625,15376200.0
2019-10-10,6275.0,6350.0,6250.0,6275.0,4030.424072265625,12172600.0
2019-10-11,6275.0,6475.0,6275.0,6475.0,4158.88427734375,16181100.0
2019-10-14,6550.0,6600.0,6375.0,6425.0,4126.76953125,21236100.0
2019-10-15,6400.0,6425.0,6350.0,6400.0,4110.7119140625,20590600.0
2019-10-16,6400.0,6425.0,6300.0,6375.0,4094.654052734375,32586000.0
2019-10-17,6350.0,6625.0,6325.0,6625.0,4255.228515625,49979500.0
2019-10-18,6650.0,6750.0,6550.0,6700.0,4303.4013671875,38012800.0
2019-10-21,6700.0,6750.0,6600.0,6725.0,4319.458984375,12245000.0
2019-10-22,6750.0,6750.0,6550.0,6750.0,4335.5166015625,32099000.0
2019-10-23,6700.0,6775.0,6650.0,6750.0,4335.5166015625,28015600.0
2019-10-24,6800.0,6975.0,6750.0,6950.0,4463.97607421875,44294700.0
2019-10-25,6950.0,6975.0,6775.0,6800.0,4367.6318359375,25245600.0
2019-10-28,6800.0,6900.0,6775.0,6900.0,4431.861328125,12206400.0
2019-10-29,6875.0,6975.0,6875.0,6975.0,4480.0322265625,32681600.0
2019-10-30,7000.0,7000.0,6875.0,6950.0,4463.97607421875,22319800.0
2019-10-31,6950.0,6975.0,6825.0,6950.0,4463.97607421875,26502100.0
2019-11-01,6975.0,6975.0,6725.0,6800.0,4367.6318359375,17213000.0
2019-11-04,6800.0,6825.0,6700.0,6700.0,4303.4013671875,19339100.0
2019-11-05,6775.0,6950.0,6750.0,6900.0,4431.861328125,42041800.0
2019-11-06,6975.0,6975.0,6825.0,6850.0,4399.74609375,29565500.0
2019-11-07,6925.0,6925.0,6650.0,6725.0,4319.458984375,29891900.0
2019-11-08,6700.0,6700.0,6550.0,6625.0,4255.228515625,34878600.0
2019-11-11,6650.0,6650.0,6550.0,6650.0,4271.28662109375,19373700.0
2019-11-12,6650.0,6800.0,6550.0,6775.0,4351.57373046875,29633100.0
2019-11-13,6775.0,6775.0,6675.0,6725.0,4319.458984375,20566300.0
2019-11-14,6675.0,6700.0,6550.0,6575.0,4223.1142578125,18695900.0
2019-11-15,6650.0,6650.0,6475.0,6525.0,4190.99853515625,30343300.0
2019-11-18,6525.0,6600.0,6525.0,6600.0,4239.17138671875,27729100.0
2019-11-19,6650.0,6700.0,6575.0,6650.0,4271.28662109375,18139800.0
2019-11-20,6600.0,6675.0,6550.0,6625.0,4255.228515625,24083000.0
2019-11-21,6550.0,6650.0,6525.0,6600.0,4239.17138671875,19675100.0
2019-11-22,6600.0,6650.0,6575.0,6625.0,4255.228515625,23600000.0
2019-11-25,6600.0,6600.0,6475.0,6500.0,4174.94140625,24848800.0
2019-11-26,6575.0,6575.0,6350.0,6350.0,4078.59619140625,79166300.0
2019-11-27,6400.0,6475.0,6350.0,6425.0,4126.76953125,37566700.0
2019-11-28,6425.0,6425.0,6350.0,6400.0,4110.7119140625,17353400.0
2019-11-29,6400.0,6575.0,6375.0,6500.0,4174.94140625,33440400.0
2019-12-02,6500.0,6650.0,6500.0,6650.0,4271.28662109375,22114700.0
2019-12-03,6650.0,6675.0,6525.0,6525.0,4190.99853515625,15510600.0
2019-12-04,6500.0,6575.0,6475.0,6550.0,4207.05615234375,16154100.0
2019-12-05,6600.0,6700.0,6550.0,6700.0,4303.4013671875,26468200.0
2019-12-06,6675.0,6775.0,6625.0,6775.0,4351.57373046875,27395100.0
2019-12-09,6775.0,6775.0,6625.0,6675.0,4287.34326171875,16336900.0
2019-12-10,6625.0,6750.0,6625.0,6650.0,4271.28662109375,19229100.0
2019-12-11,6675.0,6675.0,6550.0,6550.0,4207.05615234375,22787600.0
2019-12-12,6575.0,6600.0,6550.0,6550.0,4207.05615234375,16626700.0
2019-12-13,6700.0,6900.0,6700.0,6850.0,4399.74609375,66943600.0
2019-12-16,6900.0,7025.0,6875.0,6975.0,4480.0322265625,43517600.0
2019-12-17,6975.0,7000.0,6875.0,6950.0,4463.97607421875,29835500.0
2019-12-18,6875.0,6925.0,6750.0,6900.0,4431.861328125,31614900.0
2019-12-19,6875.0,6900.0,6775.0,6850.0,4399.74609375,17259400.0
2019-12-20,6850.0,6925.0,6750.0,6925.0,4447.91796875,38886700.0
2019-12-23,7000.0,7000.0,6775.0,6900.0,4431.861328125,23654800.0
2019-12-26,6800.0,6950.0,6800.0,6875.0,4415.80224609375,18685200.0
2019-12-27,6925.0,6925.0,6850.0,6925.0,4447.91796875,13714400.0
2019-12-30,6925.0,6950.0,6850.0,6925.0,4447.91796875,25494000.0
2020-01-02,6925.0,6925.0,6775.0,6875.0,4415.80224609375,15008600.0
2020-01-03,6925.0,6950.0,6825.0,6950.0,4463.97607421875,19068800.0
2020-01-06,6900.0,6900.0,6750.0,6750.0,4335.5166015625,22261900.0
2020-01-07,6800.0,6825.0,6675.0,6775.0,4351.57373046875,27963000.0
2020-01-08,6700.0,6825.0,6700.0,6775.0,4351.57373046875,15150400.0
2020-01-09,6800.0,6875.0,6750.0,6875.0,4415.80224609375,19691200.0
2020-01-10,6900.0,6925.0,6825.0,6825.0,4383.68896484375,17687600.0
2020-01-13,6850.0,6925.0,6825.0,6925.0,4447.91796875,29585200.0
2020-01-14,6975.0,7175.0,6925.0,7175.0,4608.49267578125,41214400.0
2020-01-15,7150.0,7250.0,7025.0,7200.0,4624.55029296875,38535100.0
2020-01-16,7125.0,7200.0,7075.0,7125.0,4576.37890625,38504400.0
2020-01-17,7075.0,7150.0,7000.0,7075.0,4544.26318359375,26714800.0
2020-01-20,7100.0,7125.0,6975.0,7000.0,4496.0908203125,22389100.0
2020-01-21,7025.0,7025.0,6925.0,7025.0,4512.1484375,12520300.0
2020-01-22,7025.0,7075.0,6975.0,7000.0,4496.0908203125,20100300.0
2020-01-23,7050.0,7100.0,7000.0,7050.0,4528.205078125,18020200.0
2020-01-24,7000.0,7050.0,6975.0,6975.0,4480.0322265625,13710000.0
2020-01-27,6975.0,6975.0,6700.0,6725.0,4319.458984375,17470800.0
2020-01-28,6675.0,6825.0,6650.0,6825.0,4383.68896484375,23466100.0
2020-01-29,6850.0,6850.0,6750.0,6825.0,4383.68896484375,12646100.0
2020-01-30,6775.0,6800.0,6625.0,6625.0,4255.228515625,25324800.0
2020-01-31,6650.0,6675.0,6350.0,6350.0,4078.59619140625,66460400.0
2020-02-03,6275.0,6425.0,6250.0,6275.0,4030.424072265625,34538400.0
2020-02-04,6350.0,6450.0,6300.0,6400.0,4110.7119140625,46272800.0
2020-02-05,6450.0,6500.0,6300.0,6400.0,4110.7119140625,32227100.0
2020-02-06,6500.0,6525.0,6425.0,6500.0,4174.94140625,26015800.0
2020-02-07,6550.0,6550.0,6400.0,6400.0,4110.7119140625,13918700.0
2020-02-10,6400.0,6400.0,6175.0,6200.0,3982.251953125,45366900.0
2020-02-11,6300.0,6300.0,6050.0,6100.0,3918.021240234375,54325000.0
2020-02-12,6075.0,6100.0,5925.0,5975.0,3837.734375,51100700.0
2020-02-13,5975.0,6025.0,5925.0,5950.0,3821.6767578125,33021700.0
2020-02-14,5975.0,6100.0,5925.0,6100.0,3918.021240234375,60901000.0
2020-02-17,6150.0,6175.0,6050.0,6100.0,3918.021240234375,16567600.0
2020-02-18,6050.0,6200.0,6050.0,6100.0,3918.021240234375,27960300.0
2020-02-19,6175.0,6250.0,6150.0,6250.0,4014.366455078125,35186100.0
2020-02-20,6275.0,6275.0,6125.0,6275.0,4030.424072265625,37995400.0
2020-02-21,6275.0,6300.0,6150.0,6200.0,3982.251953125,33804700.0
2020-02-24,6050.0,6150.0,6025.0,6100.0,3918.021240234375,34190600.0
2020-02-25,6000.0,6275.0,5975.0,6225.0,3998.30908203125,40723200.0
2020-02-26,6100.0,6150.0,6050.0,6050.0,3885.9072265625,34453700.0
2020-02-27,6100.0,6100.0,5950.0,5950.0,3821.6767578125,44801100.0
2020-02-28,5850.0,5850.0,5525.0,5525.0,3548.700439453125,100693900.0
2020-03-02,5700.0,5850.0,5625.0,5700.0,3661.101806640625,63765800.0
2020-03-03,5850.0,5975.0,5775.0,5900.0,3789.562255859375,53817300.0
2020-03-04,5900.0,6025.0,5875.0,5975.0,3837.734375,43566600.0
2020-03-05,6025.0,6050.0,5875.0,6050.0,3885.9072265625,40537300.0
2020-03-06,5950.0,5950.0,5675.0,5675.0,3645.045166015625,31282500.0
2020-03-09,5500.0,5500.0,5025.0,5025.0,3227.550537109375,87904100.0
2020-03-10,5100.0,5325.0,5100.0,5150.0,3307.83837890625,86444600.0
2020-03-11,5150.0,5175.0,5050.0,5125.0,3291.78076171875,45134700.0
2020-03-12,5000.0,5025.0,4820.0,4910.0,3153.686279296875,64824200.0
2020-03-13,4910.0,4910.0,4910.0,4910.0,3153.686279296875,0.0
2020-03-16,4770.0,4770.0,4530.0,4590.0,2948.150634765625,55655900.0
2020-03-17,4590.0,4600.0,4270.0,4270.0,2742.61572265625,67166600.0
2020-03-18,4290.0,4350.0,3980.0,4150.0,2665.539794921875,61972000.0
2020-03-19,4020.0,4020.0,3860.0,3860.0,2479.273193359375,27066700.0
2020-03-20,3890.0,3900.0,3590.0,3780.0,2427.88916015625,141147800.0
2020-03-23,3780.0,3780.0,3520.0,3520.0,2260.891845703125,40318500.0
2020-03-24,3570.0,3610.0,3280.0,3280.0,2106.739990234375,89502100.0
2020-03-26,3220.0,3680.0,3220.0,3620.0,2325.121337890625,180290700.0
2020-03-27,3650.0,4360.0,3650.0,4080.0,2620.57861328125,150312000.0
2020-03-30,4080.0,4080.0,3800.0,3800.0,2440.735107421875,45490800.0
2020-03-31,3880.0,3980.0,3740.0,3900.0,2504.964599609375,62534800.0
2020-04-01,3880.0,4090.0,3650.0,3770.0,2421.4658203125,78042900.0
2020-04-02,3670.0,3930.0,3580.0,3930.0,2524.233642578125,39717300.0
2020-04-03,3990.0,4050.0,3860.0,3900.0,2504.964599609375,42577100.0
2020-04-06,3920.0,4040.0,3880.0,4030.0,2588.4638671875,71205800.0
2020-04-07,4060.0,4250.0,3960.0,4060.0,2607.732421875,79018000.0
2020-04-08,4000.0,4030.0,3810.0,3850.0,2472.85009765625,55980400.0
2020-04-09,3870.0,4120.0,3870.0,4090.0,2627.001708984375,53526100.0
2020-04-13,4090.0,4150.0,3920.0,3960.0,2543.502685546875,27520900.0
2020-04-14,3960.0,4030.0,3920.0,3960.0,2543.502685546875,64571400.0
2020-04-15,4000.0,4000.0,3800.0,3820.0,2453.580810546875,86149800.0
2020-04-16,3780.0,3780.0,3620.0,3620.0,2325.121337890625,61494300.0
2020-04-17,3680.0,3840.0,3680.0,3800.0,2440.735107421875,78593000.0
2020-04-20,3800.0,3830.0,3710.0,3720.0,2389.35107421875,50406600.0
2020-04-21,3710.0,3740.0,3610.0,3640.0,2337.9677734375,36590700.0
2020-04-22,3600.0,3660.0,3450.0,3640.0,2337.9677734375,76750500.0
2020-04-23,3700.0,3790.0,3650.0,3760.0,2415.04296875,85068700.0
2020-04-24,3760.0,3760.0,3610.0,3630.0,2331.544189453125,49597000.0
2020-04-27,3670.0,3760.0,3570.0,3710.0,2382.927978515625,45682200.0
2020-04-28,3750.0,3790.0,3630.0,3740.0,2402.197021484375,53532700.0
2020-04-29,3770.0,3780.0,3650.0,3690.0,2370.08203125,40557200.0
2020-04-30,3750.0,3860.0,3720.0,3850.0,2472.85009765625,92257000.0
2020-05-04,3750.0,3750.0,3610.0,3610.0,2318.6982421875,71301800.0
2020-05-05,3630.0,3660.0,3580.0,3610.0,2318.6982421875,54983300.0
2020-05-06,3610.0,3680.0,3580.0,3640.0,2337.9677734375,70425000.0
2020-05-08,3690.0,3740.0,3600.0,3740.0,2402.197021484375,63346500.0
2020-05-11,3760.0,3920.0,3750.0,3920.0,2517.81103515625,79511800.0
2020-05-12,3920.0,3920.0,3780.0,3820.0,2453.580810546875,58347900.0
2020-05-13,3820.0,3820.0,3710.0,3730.0,2395.774169921875,44974600.0
2020-05-14,3700.0,3710.0,3530.0,3570.0,2293.006103515625,80570900.0
2020-05-15,3590.0,3720.0,3560.0,3710.0,2382.927978515625,65284900.0
2020-05-18,3720.0,3950.0,3710.0,3910.0,2511.387939453125,88368200.0
2020-05-19,4000.0,4040.0,3940.0,3950.0,2537.080078125,77238800.0
2020-05-20,3950.0,3980.0,3870.0,3970.0,2549.92578125,38965700.0
2020-05-26,3970.0,4360.0,3970.0,4330.0,2781.1533203125,116041900.0
2020-05-27,4350.0,4390.0,4220.0,4350.0,2793.999755859375,68841200.0
2020-05-28,4370.0,4580.0,4350.0,4540.0,2916.035888671875,86825700.0
2020-05-29,4520.0,4770.0,4470.0,4770.0,3063.764404296875,164786500.0
2020-06-02,4760.0,4950.0,4630.0,4730.0,3038.072509765625,72425900.0
2020-06-03,4750.0,4950.0,4680.0,4890.0,3140.84033203125,76654100.0
2020-06-04,4950.0,4960.0,4740.0,4760.0,3057.341552734375,82711000.0
2020-06-05,4780.0,5025.0,4670.0,5000.0,3211.493408203125,63578800.0
2020-06-08,5250.0,5250.0,4990.0,5025.0,3227.550537109375,53808200.0
2020-06-09,5100.0,5125.0,4980.0,5000.0,3211.493408203125,43049500.0
2020-06-10,5025.0,5025.0,4650.0,4850.0,3115.148681640625,39812900.0
2020-06-11,4840.0,4840.0,4660.0,4700.0,3018.803955078125,53920100.0
2020-06-12,4590.0,4820.0,4400.0,4790.0,3076.6103515625,45837700.0
2020-06-15,4800.0,4850.0,4700.0,4740.0,3044.49609375,42880500.0
2020-06-16,4800.0,5000.0,4800.0,4970.0,3192.224365234375,38736700.0
2020-06-17,4990.0,5000.0,4910.0,4970.0,3192.224365234375,24744500.0
2020-06-18,4970.0,4970.0,4800.0,4800.0,3083.0341796875,40331900.0
2020-06-19,4830.0,4910.0,4800.0,4890.0,3140.84033203125,62874800.0
2020-06-22,4930.0,4940.0,4850.0,4890.0,3140.84033203125,25097200.0
2020-06-23,4890.0,4940.0,4850.0,4900.0,3147.263671875,29490500.0
2020-06-24,4920.0,5050.0,4900.0,5000.0,3211.493408203125,55421700.0
2020-06-25,4840.0,4920.0,4800.0,4900.0,3249.291748046875,34952700.0
2020-06-26,4950.0,4950.0,4900.0,4900.0,3249.291748046875,24019200.0
2020-06-29,4900.0,4900.0,4750.0,4800.0,3182.97900390625,29368700.0
2020-06-30,4840.0,4880.0,4800.0,4800.0,3182.97900390625,25197000.0
2020-07-01,4800.0,4860.0,4770.0,4810.0,3189.610107421875,22586000.0
2020-07-02,4830.0,4890.0,4810.0,4870.0,3229.39794921875,26575000.0
2020-07-03,4880.0,4910.0,4840.0,4850.0,3216.13525390625,20400200.0
2020-07-06,4860.0,4900.0,4840.0,4840.0,3209.504150390625,17783800.0
2020-07-07,4900.0,4910.0,4800.0,4830.0,3202.873046875,46178600.0
2020-07-08,4840.0,4930.0,4770.0,4910.0,3255.92236328125,45246000.0
2020-07-09,4930.0,5000.0,4880.0,4900.0,3249.291748046875,33377800.0
2020-07-10,4880.0,4920.0,4830.0,4830.0,3202.873046875,23181700.0
2020-07-13,4850.0,4910.0,4850.0,4900.0,3249.291748046875,22481400.0
2020-07-14,4900.0,4950.0,4880.0,4950.0,3282.447509765625,22418400.0
2020-07-15,4990.0,5200.0,4970.0,5150.0,3415.07177734375,64249400.0
2020-07-16,5150.0,5350.0,5150.0,5250.0,3481.38330078125,72113500.0
2020-07-17,5300.0,5300.0,5200.0,5200.0,3448.227783203125,46235300.0
2020-07-20,5200.0,5225.0,5025.0,5100.0,3381.916015625,24829000.0
2020-07-21,5100.0,5450.0,5100.0,5375.0,3564.273193359375,51878900.0
2020-07-22,5375.0,5400.0,5200.0,5300.0,3514.5400390625,29493500.0
2020-07-23,5300.0,5325.0,5125.0,5175.0,3431.64990234375,27787400.0
2020-07-24,5175.0,5175.0,5000.0,5050.0,3348.75927734375,32338100.0
2020-07-27,5075.0,5150.0,5025.0,5125.0,3398.4931640625,17645200.0
2020-07-28,5175.0,5225.0,5100.0,5175.0,3431.64990234375,30210400.0
2020-07-29,5175.0,5225.0,5050.0,5075.0,3365.337646484375,32010100.0
2020-07-30,5025.0,5225.0,5000.0,5150.0,3415.07177734375,32720500.0
2020-08-03,5100.0,5150.0,4860.0,4880.0,3236.029541015625,66053200.0
2020-08-04,4900.0,4960.0,4900.0,4960.0,3289.078857421875,32307000.0
2020-08-05,4970.0,5100.0,4950.0,5050.0,3348.75927734375,22883900.0
2020-08-06,5075.0,5225.0,5050.0,5225.0,3464.805908203125,45906700.0
2020-08-07,5225.0,5300.0,5100.0,5275.0,3497.9619140625,35036700.0
2020-08-10,5275.0,5275.0,5125.0,5125.0,3398.4931640625,30588200.0
2020-08-11,5175.0,5250.0,5150.0,5225.0,3464.805908203125,19877700.0
2020-08-12,5225.0,5400.0,5175.0,5400.0,3580.851806640625,31304300.0
2020-08-13,5450.0,5550.0,5375.0,5400.0,3580.851806640625,36344700.0
2020-08-14,5400.0,5450.0,5350.0,5375.0,3564.273193359375,15337700.0
2020-08-18,5325.0,5450.0,5300.0,5375.0,3564.273193359375,34974800.0
2020-08-19,5425.0,5425.0,5250.0,5300.0,3514.5400390625,24870200.0
2020-08-24,5300.0,5350.0,5250.0,5300.0,3514.5400390625,20000900.0
2020-08-25,5325.0,5375.0,5300.0,5300.0,3514.5400390625,27807900.0
2020-08-26,5400.0,5400.0,5275.0,5350.0,3547.695556640625,29957700.0
2020-08-27,5375.0,5400.0,5250.0,5300.0,3514.5400390625,27491500.0
2020-08-28,5300.0,5325.0,5275.0,5325.0,3531.11767578125,20347900.0
2020-08-31,5325.0,5350.0,5100.0,5100.0,3381.916015625,42240600.0
2020-09-01,5175.0,5250.0,5100.0,5250.0,3481.38330078125,20881000.0
2020-09-02,5300.0,5350.0,5200.0,5300.0,3514.5400390625,19074500.0
2020-09-03,5350.0,5350.0,5125.0,5175.0,3431.64990234375,38323300.0
2020-09-04,5100.0,5150.0,5025.0,5050.0,3348.75927734375,47966200.0
2020-09-07,5050.0,5075.0,4950.0,5025.0,3332.181640625,37120700.0
2020-09-08,5025.0,5125.0,5025.0,5125.0,3398.4931640625,22790200.0
2020-09-09,5025.0,5025.0,4900.0,4900.0,3249.291748046875,62626200.0
2020-09-10,4560.0,4610.0,4560.0,4560.0,3023.830078125,142910700.0
2020-09-11,4350.0,4700.0,4310.0,4630.0,3070.248291015625,76725700.0
2020-09-14,4780.0,4830.0,4700.0,4790.0,3176.34765625,57904800.0
2020-09-15,4850.0,4870.0,4770.0,4820.0,3196.24169921875,35809700.0
2020-09-16,4850.0,4860.0,4780.0,4780.0,3169.717041015625,21529200.0
2020-09-17,4770.0,4880.0,4770.0,4860.0,3222.766357421875,26234600.0
2020-09-18,4840.0,4870.0,4760.0,4780.0,3169.717041015625,46011300.0
2020-09-21,4790.0,4800.0,4620.0,4670.0,3096.7734375,23388100.0
2020-09-22,4600.0,4740.0,4590.0,4670.0,3096.7734375,22893300.0
2020-09-23,4680.0,4730.0,4590.0,4630.0,3070.248291015625,15696100.0
2020-09-24,4620.0,4650.0,4560.0,4600.0,3050.35546875,24393300.0
2020-09-25,4610.0,4920.0,4610.0,4860.0,3222.766357421875,40064600.0
2020-09-28,4870.0,4910.0,4740.0,4740.0,3143.19189453125,28967600.0
2020-09-29,4760.0,4800.0,4560.0,4570.0,3030.461669921875,31707100.0
2020-09-30,4560.0,4570.0,4450.0,4460.0,2957.5185546875,40490200.0
2020-10-01,4490.0,4640.0,4490.0,4610.0,3056.986328125,32822900.0
2020-10-02,4630.0,4640.0,4520.0,4590.0,3043.72412109375,33355000.0
2020-10-05,4600.0,4630.0,4540.0,4560.0,3023.830078125,20624400.0
2020-10-06,4650.0,4660.0,4600.0,4620.0,3063.617431640625,23682500.0
2020-10-07,4590.0,4630.0,4560.0,4630.0,3088.297119140625,21814000.0
2020-10-08,4640.0,4770.0,4630.0,4750.0,3168.339599609375,32946600.0
2020-10-09,4720.0,4760.0,4700.0,4740.0,3161.6689453125,19525000.0
2020-10-12,4790.0,4810.0,4700.0,4700.0,3134.98876953125,23749400.0
2020-10-13,4700.0,4750.0,4650.0,4740.0,3161.6689453125,25032100.0
2020-10-14,4710.0,4860.0,4710.0,4820.0,3215.031005859375,50174100.0
2020-10-15,4820.0,4820.0,4740.0,4740.0,3161.6689453125,29382300.0
2020-10-16,4740.0,4930.0,4700.0,4930.0,3288.40234375,37775400.0
2020-10-19,4930.0,5075.0,4880.0,5000.0,3335.093505859375,38057900.0
2020-10-20,4990.0,5175.0,4960.0,5175.0,3451.82275390625,68915600.0
2020-10-21,5200.0,5250.0,5175.0,5250.0,3501.848876953125,52567200.0
2020-10-22,5200.0,5275.0,5200.0,5250.0,3501.848876953125,75883000.0
2020-10-23,5300.0,5400.0,5250.0,5400.0,3601.902587890625,46040700.0
2020-10-26,5400.0,5450.0,5300.0,5400.0,3601.902587890625,33055000.0
2020-10-27,5300.0,5500.0,5300.0,5425.0,3618.57666015625,45393900.0
2020-11-02,5325.0,5425.0,5275.0,5400.0,3601.902587890625,48772200.0
2020-11-03,5450.0,5500.0,5425.0,5500.0,3668.60400390625,44789800.0
2020-11-04,5475.0,5500.0,5350.0,5400.0,3601.902587890625,22433700.0
2020-11-05,5500.0,5550.0,5425.0,5500.0,3668.60400390625,25384200.0
2020-11-06,5525.0,5875.0,5525.0,5825.0,3885.38427734375,62036900.0
2020-11-09,5800.0,5850.0,5600.0,5600.0,3735.305908203125,53921900.0
2020-11-10,5775.0,5850.0,5700.0,5750.0,3835.358154296875,60062700.0
2020-11-11,5850.0,6025.0,5850.0,6000.0,4002.113525390625,56581600.0
2020-11-12,5875.0,6025.0,5775.0,6000.0,4002.113525390625,67819100.0
2020-11-13,5900.0,5925.0,5850.0,5900.0,3935.4111328125,24090900.0
2020-11-16,5925.0,6000.0,5900.0,5925.0,3952.08740234375,62526400.0
2020-11-17,5950.0,5975.0,5800.0,5800.0,3868.709228515625,28012800.0
2020-11-18,5825.0,5875.0,5750.0,5775.0,3852.033935546875,25384700.0
2020-11-19,5750.0,5775.0,5725.0,5725.0,3818.68310546875,35427800.0
2020-11-20,5725.0,5825.0,5700.0,5725.0,3818.68310546875,33703300.0
2020-11-23,5725.0,5850.0,5725.0,5800.0,3868.709228515625,40933800.0
2020-11-24,5875.0,5875.0,5800.0,5800.0,3868.709228515625,33117500.0
2020-11-25,5825.0,5875.0,5550.0,5550.0,3701.9541015625,117614100.0
2020-11-26,5525.0,5675.0,5500.0,5650.0,3768.656494140625,89572000.0
2020-11-27,5650.0,5700.0,5525.0,5550.0,3701.9541015625,98376500.0
2020-11-30,5550.0,5575.0,5200.0,5300.0,3535.200439453125,311402400.0
2020-12-01,5425.0,5550.0,5400.0,5550.0,3701.9541015625,119445500.0
2020-12-02,5600.0,5750.0,5575.0,5725.0,3818.68310546875,94220300.0
2020-12-03,5725.0,5750.0,5600.0,5625.0,3751.980712890625,54407800.0
2020-12-04,5625.0,5725.0,5550.0,5700.0,3802.00732421875,52405500.0
2020-12-07,5800.0,5900.0,5725.0,5850.0,3902.060302734375,92859500.0
2020-12-08,5850.0,5875.0,5675.0,5700.0,3802.00732421875,77339200.0
2020-12-10,5800.0,5875.0,5750.0,5825.0,3885.38427734375,92988900.0
2020-12-11,5825.0,5875.0,5650.0,5675.0,3785.33251953125,53669200.0
2020-12-14,5725.0,5750.0,5650.0,5675.0,3785.33251953125,43821600.0
2020-12-15,5675.0,5975.0,5650.0,5950.0,3968.762451171875,128853200.0
2020-12-16,6000.0,6200.0,6000.0,6125.0,4085.490966796875,98362500.0
2020-12-17,6125.0,6200.0,6050.0,6200.0,4135.5166015625,76361900.0
2020-12-18,6250.0,6275.0,6175.0,6200.0,4135.5166015625,81878000.0
2020-12-21,6200.0,6225.0,6100.0,6150.0,4102.166015625,54800500.0
2020-12-22,6100.0,6250.0,5950.0,6075.0,4052.1396484375,94394100.0
2020-12-23,6025.0,6100.0,5825.0,6000.0,4002.113525390625,73880100.0
2020-12-28,6175.0,6175.0,5950.0,6075.0,4052.1396484375,32572200.0
2020-12-29,6100.0,6175.0,6000.0,6050.0,4035.464599609375,40341500.0
2020-12-30,6100.0,6125.0,6025.0,6025.0,4018.788330078125,39615400.0
2021-01-04,6100.0,6250.0,6025.0,6225.0,4152.19189453125,34840200.0
2021-01-05,6225.0,6250.0,6150.0,6175.0,4118.84228515625,27318400.0
2021-01-06,6175.0,6225.0,5950.0,6150.0,4102.166015625,42778200.0
2021-01-07,6175.0,6200.0,6075.0,6075.0,4052.1396484375,33536400.0
2021-01-08,6150.0,6475.0,6100.0,6425.0,4285.5966796875,88590400.0
2021-01-11,6500.0,6600.0,6475.0,6525.0,4352.2978515625,57622400.0
2021-01-12,6425.0,6650.0,6400.0,6525.0,4352.2978515625,38226200.0
2021-01-13,6600.0,6800.0,6500.0,6775.0,4519.052734375,56171600.0
2021-01-14,6850.0,6925.0,6775.0,6775.0,4519.052734375,48209800.0
2021-01-15,6800.0,6850.0,6525.0,6575.0,4385.64892578125,45722300.0
2021-01-18,6575.0,6700.0,6525.0,6675.0,4452.35107421875,48444700.0
2021-01-19,6775.0,6775.0,6575.0,6675.0,4452.35107421875,37236400.0
2021-01-20,6625.0,6775.0,6625.0,6675.0,4452.35107421875,27403000.0
2021-01-21,6800.0,6800.0,6725.0,6800.0,4535.7275390625,32219700.0
2021-01-22,6825.0,6850.0,6600.0,6700.0,4469.0263671875,34960500.0
2021-01-25,6650.0,6650.0,6325.0,6475.0,4318.947265625,73391700.0
2021-01-26,6475.0,6575.0,6300.0,6350.0,4235.5703125,39158300.0
2021-01-27,6350.0,6350.0,6150.0,6275.0,4185.54296875,56444100.0
2021-01-28,6150.0,6450.0,6150.0,6275.0,4185.54296875,54596400.0
2021-01-29,6300.0,6375.0,5950.0,6100.0,4068.814453125,71886200.0
2021-02-01,5850.0,6075.0,5750.0,6025.0,4018.788330078125,57416200.0
2021-02-02,6150.0,6150.0,5875.0,5975.0,3985.437744140625,42421400.0
2021-02-03,6075.0,6275.0,5950.0,6150.0,4102.166015625,76420800.0
2021-02-04,6225.0,6225.0,6125.0,6200.0,4135.5166015625,29508100.0
2021-02-05,6250.0,6250.0,6050.0,6100.0,4068.814453125,34366600.0
2021-02-08,6200.0,6200.0,6075.0,6100.0,4068.814453125,28817400.0
2021-02-09,6100.0,6200.0,5825.0,5825.0,3885.38427734375,113795000.0
2021-02-10,5850.0,5975.0,5825.0,5900.0,3935.4111328125,43492200.0
2021-02-11,5875.0,5950.0,5825.0,5850.0,3902.060302734375,37890700.0
2021-02-15,6100.0,6250.0,5950.0,5950.0,3968.762451171875,178642200.0
2021-02-16,5975.0,6000.0,5900.0,5925.0,3952.08740234375,35796600.0
2021-02-17,5900.0,5925.0,5750.0,5800.0,3868.709228515625,56517500.0
2021-02-18,5750.0,5875.0,5725.0,5725.0,3818.68310546875,56765900.0
2021-02-19,5725.0,5850.0,5725.0,5775.0,3852.033935546875,42627800.0
2021-02-22,5825.0,5850.0,5700.0,5700.0,3802.00732421875,55230300.0
2021-02-23,5700.0,5825.0,5700.0,5725.0,3818.68310546875,60745000.0
2021-02-24,5775.0,5850.0,5600.0,5625.0,3751.980712890625,73050200.0
2021-02-25,5700.0,5700.0,5475.0,5575.0,3718.63037109375,123672200.0
2021-02-26,5450.0,5525.0,5350.0,5400.0,3601.902587890625,146271500.0
2021-03-01,5500.0,5600.0,5450.0,5600.0,3735.305908203125,118418900.0
2021-03-02,5650.0,5675.0,5550.0,5575.0,3718.63037109375,87061500.0
2021-03-03,5625.0,5700.0,5525.0,5675.0,3785.33251953125,49030200.0
2021-03-04,5675.0,5700.0,5525.0,5575.0,3718.63037109375,70766800.0
2021-03-05,5525.0,5575.0,5475.0,5500.0,3668.60400390625,48034400.0
2021-03-08,5550.0,5625.0,5475.0,5550.0,3701.9541015625,55652900.0
2021-03-09,5550.0,5650.0,5400.0,5525.0,3685.27978515625,66908800.0
2021-03-10,5500.0,5525.0,5400.0,5425.0,3618.57666015625,66154200.0
2021-03-12,5550.0,5575.0,5450.0,5475.0,3651.927978515625,87065000.0
2021-03-15,5525.0,5625.0,5500.0,5525.0,3685.27978515625,48489500.0
2021-03-16,5600.0,5725.0,5550.0,5550.0,3701.9541015625,64804400.0
2021-03-17,5625.0,5650.0,5550.0,5575.0,3718.63037109375,61881600.0
2021-03-18,5675.0,5800.0,5625.0,5725.0,3818.68310546875,90338700.0
2021-03-19,5725.0,5775.0,5625.0,5775.0,3852.033935546875,80429800.0
2021-03-22,5750.0,5775.0,5550.0,5575.0,3718.63037109375,57320300.0
2021-03-23,5550.0,5675.0,5550.0,5575.0,3718.63037109375,46973100.0
2021-03-24,5575.0,5600.0,5450.0,5450.0,3635.253662109375,40065300.0
2021-03-25,5450.0,5525.0,5400.0,5450.0,3635.253662109375,49497900.0
2021-03-26,5525.0,5600.0,5475.0,5600.0,3735.305908203125,24880300.0
2021-03-29,5600.0,5650.0,5525.0,5525.0,3685.27978515625,25164100.0
2021-03-30,5475.0,5550.0,5400.0,5400.0,3601.902587890625,55842300.0
2021-03-31,5450.0,5450.0,5225.0,5275.0,3518.524658203125,89835200.0
2021-04-01,5350.0,5400.0,5325.0,5350.0,3568.550537109375,33323600.0
2021-04-05,5425.0,5450.0,5350.0,5350.0,3568.550537109375,29142200.0
2021-04-06,5375.0,5400.0,5300.0,5350.0,3568.550537109375,26040800.0
2021-04-07,5300.0,5350.0,5275.0,5325.0,3551.875732421875,33361900.0
2021-04-08,5375.0,5375.0,5300.0,5300.0,3535.200439453125,43680100.0
2021-04-09,5300.0,5400.0,5275.0,5275.0,3518.524658203125,59348800.0
2021-04-12,5250.0,5275.0,5050.0,5075.0,3385.12109375,68211200.0
2021-04-13,5025.0,5175.0,5025.0,5075.0,3385.12109375,53505400.0
2021-04-14,5150.0,5275.0,5100.0,5250.0,3501.848876953125,39277800.0
2021-04-15,5250.0,5275.0,5175.0,5250.0,3501.848876953125,34533700.0
2021-04-16,5300.0,5325.0,5200.0,5250.0,3501.848876953125,38151200.0
2021-04-19,5225.0,5250.0,5200.0,5200.0,3468.498291015625,30832600.0
2021-04-20,5150.0,5300.0,5150.0,5300.0,3535.200439453125,46601200.0
2021-04-21,5225.0,5275.0,5200.0,5225.0,3485.17333984375,47261000.0
2021-04-22,5225.0,5500.0,5225.0,5450.0,3635.253662109375,86785100.0
2021-04-23,5500.0,5650.0,5475.0,5625.0,3751.980712890625,95175600.0
2021-04-26,5625.0,5675.0,5600.0,5625.0,3751.980712890625,65428000.0
2021-04-27,5625.0,5650.0,5475.0,5525.0,3685.27978515625,41552600.0
2021-04-28,5400.0,5575.0,5325.0,5350.0,3568.550537109375,72011700.0
2021-04-29,5350.0,5475.0,5350.0,5425.0,3618.57666015625,43203100.0
2021-04-30,5450.0,5550.0,5375.0,5500.0,3668.60400390625,56668600.0
2021-05-03,5450.0,5500.0,5400.0,5425.0,3676.73583984375,29451000.0
2021-05-04,5500.0,5575.0,5425.0,5500.0,3727.567138671875,39860400.0
2021-05-05,5525.0,5600.0,5475.0,5525.0,3744.5107421875,27270000.0
2021-05-06,5600.0,5600.0,5400.0,5425.0,3676.73583984375,34361400.0
2021-05-07,5450.0,5475.0,5275.0,5325.0,3608.962646484375,30771700.0
2021-05-10,5350.0,5425.0,5350.0,5375.0,3642.849365234375,25429700.0
2021-05-11,5400.0,5425.0,5175.0,5225.0,3541.1884765625,49162600.0
2021-05-17,5300.0,5325.0,5125.0,5175.0,3507.302001953125,47623100.0
2021-05-18,5150.0,5200.0,5100.0,5150.0,3490.3583984375,45784300.0
2021-05-19,5100.0,5125.0,5025.0,5050.0,3422.584228515625,47008800.0
2021-05-20,5050.0,5200.0,5025.0,5175.0,3507.302001953125,49746900.0
2021-05-21,5175.0,5225.0,5050.0,5050.0,3422.584228515625,43416900.0
2021-05-24,5100.0,5150.0,5025.0,5100.0,3456.4716796875,33540000.0
2021-05-25,5100.0,5150.0,5050.0,5075.0,3439.528076171875,45393500.0
2021-05-27,5100.0,5225.0,5075.0,5150.0,3490.3583984375,99709500.0
2021-05-28,5175.0,5225.0,5125.0,5150.0,3490.3583984375,24346700.0
2021-05-31,5175.0,5300.0,5150.0,5250.0,3558.132080078125,41498000.0
2021-06-02,5350.0,5350.0,5275.0,5325.0,3608.962646484375,43217400.0
2021-06-03,5350.0,5350.0,5275.0,5350.0,3625.90625,49012700.0
2021-06-04,5325.0,5350.0,5200.0,5225.0,3541.1884765625,35211100.0
2021-06-07,5225.0,5300.0,5200.0,5250.0,3558.132080078125,31693200.0
2021-06-08,5300.0,5325.0,5200.0,5275.0,3575.075927734375,35402300.0
2021-06-09,5275.0,5350.0,5225.0,5325.0,3608.962646484375,24331300.0
2021-06-10,5400.0,5425.0,5325.0,5400.0,3659.79345703125,42924200.0
2021-06-11,5400.0,5425.0,5250.0,5275.0,3575.075927734375,44421700.0
2021-06-14,5350.0,5350.0,5150.0,5175.0,3507.302001953125,40699500.0
2021-06-15,5175.0,5200.0,5125.0,5150.0,3490.3583984375,35915800.0
2021-06-16,5200.0,5200.0,5125.0,5150.0,3490.3583984375,29144900.0
2021-06-17,5125.0,5150.0,5075.0,5100.0,3456.4716796875,38074600.0
2021-06-18,5075.0,5125.0,4900.0,5000.0,3388.69677734375,112157600.0
2021-06-21,4920.0,4970.0,4760.0,4920.0,3334.478515625,48183300.0
2021-06-22,4920.0,5025.0,4900.0,4920.0,3334.478515625,47156200.0
2021-06-23,4980.0,5025.0,4920.0,4930.0,3341.255126953125,46351900.0
2021-06-24,4930.0,4980.0,4910.0,4940.0,3348.032958984375,24665200.0
2021-06-25,4940.0,4980.0,4910.0,4920.0,3334.478515625,33125300.0
2021-06-28,4920.0,4930.0,4710.0,4710.0,3192.153076171875,53083400.0
2021-06-29,4730.0,4920.0,4710.0,4840.0,3280.259521484375,70425700.0
2021-06-30,4830.0,5000.0,4820.0,4940.0,3348.032958984375,34641700.0
2021-07-01,4990.0,5100.0,4950.0,5025.0,3405.640869140625,42856900.0
2021-07-02,5025.0,5075.0,4980.0,5000.0,3388.69677734375,22436900.0
2021-07-05,5050.0,5075.0,4920.0,4940.0,3348.032958984375,27554100.0
2021-07-06,4970.0,4970.0,4890.0,4900.0,3320.923828125,31280100.0
2021-07-07,4900.0,4990.0,4860.0,4900.0,3320.923828125,35907800.0
2021-07-08,4930.0,4960.0,4850.0,4880.0,3307.368896484375,40566600.0
2021-07-09,4880.0,4920.0,4870.0,4910.0,3327.700927734375,21088500.0
2021-07-12,4910.0,4950.0,4880.0,4920.0,3334.478515625,26816600.0
2021-07-13,4950.0,4960.0,4850.0,4900.0,3320.923828125,28998600.0
2021-07-14,4920.0,4920.0,4730.0,4730.0,3205.707275390625,43408700.0
2021-07-15,4730.0,4840.0,4640.0,4810.0,3259.926513671875,50750700.0
2021-07-16,4840.0,4910.0,4820.0,4880.0,3307.368896484375,32544000.0
2021-07-19,4850.0,4870.0,4780.0,4780.0,3239.5947265625,25106100.0
2021-07-21,4780.0,4930.0,4780.0,4870.0,3300.591064453125,41716000.0
2021-07-22,4930.0,5025.0,4900.0,4980.0,3375.142578125,36287300.0
2021-07-23,5000.0,5000.0,4910.0,4950.0,3354.810302734375,26847700.0
2021-07-26,4950.0,4970.0,4770.0,4770.0,3232.817138671875,43373400.0
2021-07-27,4770.0,4830.0,4730.0,4760.0,3226.040283203125,42635500.0
2021-07-28,4780.0,4790.0,4710.0,4710.0,3192.153076171875,24083000.0
2021-07-29,4720.0,4740.0,4650.0,4650.0,3151.488037109375,50238500.0
2021-07-30,4710.0,4840.0,4670.0,4720.0,3198.93017578125,65379500.0
2021-08-02,4730.0,4820.0,4730.0,4820.0,3266.7041015625,39192600.0
2021-08-03,4840.0,4970.0,4830.0,4940.0,3348.032958984375,46414100.0
2021-08-04,4970.0,4970.0,4870.0,4900.0,3320.923828125,25646900.0
2021-08-05,4900.0,4930.0,4860.0,4890.0,3314.145751953125,31304900.0
2021-08-06,4940.0,4980.0,4880.0,4940.0,3348.032958984375,45454600.0
2021-08-09,4940.0,4950.0,4830.0,4860.0,3293.813720703125,31858700.0
2021-08-10,4900.0,4930.0,4840.0,4910.0,3327.700927734375,41920300.0
2021-08-12,4940.0,4960.0,4880.0,4940.0,3348.032958984375,22191700.0
2021-08-13,4960.0,5075.0,4960.0,5025.0,3405.640869140625,62673300.0
2021-08-16,5050.0,5075.0,4990.0,5075.0,3439.528076171875,46949700.0
2021-08-18,5100.0,5300.0,5075.0,5225.0,3541.1884765625,102560600.0
2021-08-19,5225.0,5275.0,5075.0,5150.0,3490.3583984375,53594900.0
2021-08-20,5150.0,5150.0,5000.0,5100.0,3456.4716796875,32878200.0
2021-08-23,5100.0,5150.0,5050.0,5100.0,3456.4716796875,30921500.0
2021-08-24,5175.0,5175.0,5050.0,5075.0,3439.528076171875,32783500.0
2021-08-25,5150.0,5200.0,5075.0,5150.0,3490.3583984375,26870400.0
2021-08-26,5200.0,5200.0,5050.0,5100.0,3456.4716796875,28757400.0
2021-08-27,5100.0,5100.0,5050.0,5050.0,3422.584228515625,26966100.0
2021-08-30,5100.0,5275.0,5100.0,5275.0,3575.075927734375,51914600.0
2021-08-31,5275.0,5300.0,5200.0,5225.0,3541.1884765625,45649200.0
2021-09-01,5225.0,5275.0,5100.0,5175.0,3507.302001953125,26732500.0
2021-09-02,5200.0,5250.0,5175.0,5250.0,3558.132080078125,17335000.0
2021-09-03,5250.0,5350.0,5200.0,5350.0,3625.90625,28004500.0
2021-09-06,5375.0,5450.0,5325.0,5425.0,3676.73583984375,28315200.0
2021-09-07,5425.0,5450.0,5300.0,5350.0,3625.90625,23685800.0
2021-09-08,5375.0,5375.0,5250.0,5250.0,3558.132080078125,44076000.0
2021-09-09,5250.0,5450.0,5250.0,5450.0,3693.68017578125,49118000.0
2021-09-10,5450.0,5475.0,5375.0,5425.0,3676.73583984375,31997100.0
2021-09-13,5425.0,5500.0,5350.0,5450.0,3693.68017578125,29796400.0
2021-09-14,5500.0,5550.0,5450.0,5525.0,3744.5107421875,34356900.0
2021-09-15,5525.0,5550.0,5375.0,5400.0,3659.79345703125,61522300.0
2021-09-16,5425.0,5475.0,5350.0,5375.0,3642.849365234375,27187700.0
2021-09-17,5375.0,5425.0,5275.0,5425.0,3676.73583984375,44004000.0
2021-09-20,5425.0,5425.0,5225.0,5300.0,3592.019775390625,46896100.0
2021-09-21,5275.0,5275.0,5150.0,5225.0,3541.1884765625,23656300.0
2021-09-22,5225.0,5350.0,5200.0,5275.0,3575.075927734375,21750800.0
2021-09-23,5275.0,5325.0,5150.0,5150.0,3490.3583984375,27178400.0
2021-09-24,5150.0,5225.0,5125.0,5150.0,3490.3583984375,29394300.0
2021-09-27,5150.0,5225.0,5125.0,5175.0,3507.302001953125,25252300.0
2021-09-28,5175.0,5200.0,5075.0,5075.0,3439.528076171875,35640900.0
2021-09-29,5075.0,5350.0,5050.0,5325.0,3608.962646484375,42995900.0
2021-09-30,5375.0,5500.0,5300.0,5500.0,3727.567138671875,44723000.0
2021-10-01,5450.0,5500.0,5400.0,5450.0,3693.68017578125,27484100.0
2021-10-04,5500.0,5625.0,5475.0,5575.0,3778.397705078125,52074900.0
2021-10-05,5575.0,5650.0,5500.0,5550.0,3761.45361328125,27128000.0
2021-10-06,5600.0,6100.0,5575.0,5975.0,4049.493408203125,168237500.0
2021-10-07,5975.0,6000.0,5700.0,5700.0,3863.11474609375,97516000.0
2021-10-08,5700.0,5975.0,5625.0,5900.0,4030.482177734375,91094200.0
2021-10-11,5925.0,5950.0,5775.0,5775.0,3945.09130859375,38994500.0
2021-10-12,5800.0,5950.0,5775.0,5875.0,4013.403564453125,68823100.0
2021-10-13,5950.0,6300.0,5925.0,6275.0,4286.65673828125,143652900.0
2021-10-14,6300.0,6450.0,6125.0,6225.0,4252.5009765625,104502800.0
2021-10-15,6275.0,6300.0,6125.0,6250.0,4269.5791015625,82896700.0
2021-10-18,6275.0,6350.0,6200.0,6225.0,4252.5009765625,61419000.0
2021-10-19,6275.0,6375.0,6200.0,6350.0,4337.89208984375,52117000.0
2021-10-21,6350.0,6350.0,6125.0,6150.0,4201.26611328125,132905200.0
2021-10-22,6150.0,6225.0,6125.0,6175.0,4218.3447265625,26886400.0
2021-10-25,6200.0,6225.0,6025.0,6050.0,4132.95263671875,51872000.0
2021-10-26,6050.0,6175.0,6050.0,6150.0,4201.26611328125,25950500.0
2021-10-27,6100.0,6125.0,6000.0,6000.0,4098.79541015625,40588700.0
2021-10-28,6000.0,6175.0,5950.0,6000.0,4098.79541015625,50046900.0
2021-10-29,6225.0,6250.0,6025.0,6025.0,4115.87451171875,82397400.0
2021-11-01,6050.0,6150.0,6025.0,6025.0,4115.87451171875,37254100.0
2021-11-02,6025.0,6100.0,5900.0,5900.0,4030.482177734375,25293400.0
2021-11-03,5900.0,6025.0,5825.0,5975.0,4081.7177734375,90495000.0
2021-11-04,6075.0,6075.0,5950.0,5975.0,4081.7177734375,41774200.0
2021-11-05,5900.0,5975.0,5850.0,5925.0,4047.561279296875,80775400.0
2021-11-08,5925.0,6000.0,5900.0,5925.0,4047.561279296875,23177300.0
2021-11-09,5900.0,5950.0,5850.0,5850.0,3996.326171875,41112200.0
2021-11-10,5925.0,6250.0,5875.0,6175.0,4218.3447265625,104312600.0
2021-11-11,6200.0,6250.0,6150.0,6175.0,4218.3447265625,51111700.0
2021-11-12,6200.0,6225.0,6075.0,6150.0,4201.26611328125,26920800.0
2021-11-15,6150.0,6175.0,6050.0,6125.0,4184.18701171875,22148900.0
2021-11-16,6125.0,6250.0,6100.0,6175.0,4218.3447265625,42681000.0
2021-11-17,6225.0,6250.0,6175.0,6250.0,4269.5791015625,49120900.0
2021-11-18,6250.0,6250.0,6175.0,6200.0,4235.4228515625,29629900.0
2021-11-19,6225.0,6250.0,6200.0,6225.0,4252.5009765625,37505200.0
2021-11-22,6250.0,6375.0,6125.0,6200.0,4235.4228515625,62612600.0
2021-11-23,6250.0,6300.0,6175.0,6250.0,4269.5791015625,31557400.0
2021-11-24,6275.0,6275.0,6200.0,6225.0,4252.5009765625,25645300.0
2021-11-25,6250.0,6300.0,6175.0,6225.0,4252.5009765625,32763500.0
2021-11-26,6200.0,6225.0,5875.0,5900.0,4030.482177734375,93634100.0
2021-11-29,5900.0,6000.0,5750.0,5975.0,4081.7177734375,87367400.0
2021-11-30,5950.0,5975.0,5750.0,5775.0,3945.09130859375,97592700.0
2021-12-01,5825.0,5850.0,5625.0,5650.0,3859.699462890625,102412800.0
2021-12-02,5650.0,5875.0,5600.0,5850.0,3996.326171875,48422300.0
2021-12-03,5900.0,5925.0,5725.0,5750.0,3928.0126953125,31882900.0
2021-12-06,5750.0,5800.0,5650.0,5650.0,3859.699462890625,53112400.0
2021-12-07,5700.0,5925.0,5700.0,5925.0,4047.561279296875,39679500.0
2021-12-08,5925.0,5950.0,5775.0,5800.0,3962.1689453125,44189500.0
2021-12-09,5900.0,6000.0,5800.0,6000.0,4098.79541015625,35386900.0
2021-12-10,5950.0,5950.0,5800.0,5925.0,4047.561279296875,55629400.0
2021-12-13,5925.0,5975.0,5875.0,5900.0,4030.482177734375,30655800.0
2021-12-14,5925.0,5925.0,5850.0,5875.0,4013.403564453125,17233700.0
2021-12-15,5900.0,6050.0,5875.0,6000.0,4098.79541015625,51113700.0
2021-12-16,6025.0,6050.0,5800.0,5800.0,3962.1689453125,56929600.0
2021-12-17,5800.0,5825.0,5725.0,5800.0,3962.1689453125,55854900.0
2021-12-20,5750.0,5775.0,5675.0,5675.0,3876.77734375,26290000.0
2021-12-21,5675.0,5750.0,5650.0,5650.0,3859.699462890625,29127800.0
2021-12-22,5700.0,5775.0,5625.0,5625.0,3842.62060546875,33727100.0
2021-12-23,5650.0,5750.0,5625.0,5725.0,3910.93408203125,21744100.0
2021-12-24,5725.0,5750.0,5650.0,5675.0,3876.77734375,16203800.0
2021-12-27,5725.0,5750.0,5650.0,5675.0,3876.77734375,20426700.0
2021-12-28,5675.0,5750.0,5650.0,5725.0,3910.93408203125,21833300.0
2021-12-29,5750.0,5775.0,5675.0,5750.0,3928.0126953125,14260000.0
2021-12-30,5775.0,5775.0,5700.0,5700.0,3893.855712890625,17144000.0
2022-01-03,5675.0,5750.0,5625.0,5725.0,3910.93408203125,27052300.0
2022-01-04,5750.0,5875.0,5725.0,5775.0,3945.09130859375,29770700.0
2022-01-05,5725.0,5775.0,5550.0,5575.0,3808.464111328125,50423900.0
2022-01-06,5600.0,5675.0,5575.0,5675.0,3876.77734375,32155800.0
2022-01-07,5725.0,5750.0,5650.0,5700.0,3893.855712890625,25014800.0
2022-01-10,5675.0,5725.0,5650.0,5650.0,3859.699462890625,15379400.0
2022-01-11,5700.0,5700.0,5650.0,5700.0,3893.855712890625,21800300.0
2022-01-12,5725.0,5725.0,5650.0,5725.0,3910.93408203125,21283700.0
2022-01-13,5725.0,5775.0,5675.0,5775.0,3945.09130859375,18618100.0
2022-01-14,5775.0,5800.0,5700.0,5725.0,3910.93408203125,17719100.0
2022-01-17,5775.0,5775.0,5650.0,5675.0,3876.77734375,15859100.0
2022-01-18,5675.0,5725.0,5575.0,5650.0,3859.699462890625,28165300.0
2022-01-19,5650.0,5675.0,5575.0,5600.0,3825.54296875,38051800.0
2022-01-20,5600.0,5625.0,5500.0,5525.0,3774.30810546875,46564600.0
2022-01-21,5525.0,5625.0,5500.0,5600.0,3825.54296875,40709600.0
2022-01-24,5600.0,5625.0,5525.0,5525.0,3774.30810546875,27127800.0
2022-01-25,5500.0,5500.0,5375.0,5450.0,3723.073486328125,56709200.0
2022-01-26,5500.0,5500.0,5425.0,5450.0,3723.073486328125,27985700.0
2022-01-27,5425.0,5525.0,5400.0,5475.0,3740.151123046875,34574800.0
2022-01-28,5475.0,5525.0,5450.0,5475.0,3740.151123046875,27378500.0
2022-01-31,5475.0,5550.0,5450.0,5475.0,3740.151123046875,32006300.0
2022-02-02,5500.0,5525.0,5425.0,5500.0,3757.229736328125,33450400.0
2022-02-03,5500.0,5550.0,5450.0,5500.0,3757.229736328125,38565600.0
2022-02-04,5525.0,5525.0,5475.0,5500.0,3757.229736328125,16052500.0
2022-02-07,5500.0,5525.0,5450.0,5475.0,3740.151123046875,46685400.0
2022-02-08,5525.0,5700.0,5500.0,5550.0,3791.385986328125,95691000.0
2022-02-09,5550.0,5650.0,5475.0,5550.0,3791.385986328125,80244900.0
2022-02-10,5575.0,5625.0,5450.0,5450.0,3723.073486328125,93265400.0
2022-02-11,5450.0,5475.0,5400.0,5450.0,3723.073486328125,36376700.0
2022-02-14,5400.0,5425.0,5250.0,5300.0,3620.603515625,74307400.0
2022-02-15,5300.0,5525.0,5300.0,5500.0,3757.229736328125,77964800.0
2022-02-16,5550.0,5600.0,5475.0,5475.0,3740.151123046875,46730000.0
2022-02-17,5500.0,5525.0,5425.0,5475.0,3740.151123046875,47572000.0
2022-02-18,5450.0,5625.0,5425.0,5600.0,3825.54296875,53981400.0
2022-02-21,5625.0,5650.0,5550.0,5575.0,3808.464111328125,27509200.0
2022-02-22,5525.0,5575.0,5450.0,5575.0,3808.464111328125,49233600.0
2022-02-23,5575.0,5650.0,5525.0,5650.0,3859.699462890625,44299100.0
2022-02-24,5625.0,5775.0,5525.0,5700.0,3893.855712890625,76492000.0
2022-02-25,5700.0,5800.0,5650.0,5800.0,3962.1689453125,97598000.0
2022-03-01,5800.0,5950.0,5700.0,5700.0,3893.855712890625,101227600.0
2022-03-02,5650.0,5700.0,5500.0,5525.0,3774.30810546875,80565600.0
2022-03-04,5575.0,5675.0,5525.0,5625.0,3842.62060546875,50348400.0
2022-03-07,5600.0,5825.0,5550.0,5800.0,3962.1689453125,59978000.0
2022-03-08,6000.0,6550.0,5975.0,6250.0,4269.5791015625,256655000.0
2022-03-09,6500.0,6500.0,6225.0,6300.0,4303.7353515625,107853200.0
2022-03-10,6300.0,6300.0,6150.0,6250.0,4269.5791015625,56584100.0
2022-03-11,6175.0,6300.0,6125.0,6275.0,4286.65673828125,32940500.0
2022-03-14,6350.0,6425.0,6300.0,6375.0,4354.97021484375,61811900.0
2022-03-15,6425.0,6450.0,6275.0,6300.0,4303.7353515625,57193600.0
2022-03-16,6325.0,6400.0,6300.0,6400.0,4372.048828125,55776300.0
2022-03-17,6400.0,6475.0,6350.0,6425.0,4389.126953125,53844700.0
2022-03-18,6450.0,6450.0,6325.0,6400.0,4372.048828125,69493500.0
2022-03-21,6450.0,6600.0,6450.0,6600.0,4508.67529296875,72452300.0
2022-03-22,6600.0,6600.0,6500.0,6575.0,4491.59716796875,39260600.0
2022-03-23,6575.0,6575.0,6450.0,6475.0,4423.28369140625,27348900.0
2022-03-24,6425.0,6575.0,6425.0,6575.0,4491.59716796875,37635100.0
2022-03-25,6550.0,6575.0,6375.0,6400.0,4372.048828125,42984300.0
2022-03-28,6400.0,6775.0,6400.0,6700.0,4576.98876953125,68545500.0
2022-03-29,6600.0,6700.0,6550.0,6550.0,4474.5185546875,24901500.0
2022-03-30,6550.0,6650.0,6500.0,6650.0,4542.8330078125,34320500.0
2022-03-31,6675.0,6675.0,6575.0,6575.0,4491.59716796875,41346500.0
2022-04-01,6775.0,6775.0,6625.0,6700.0,4576.98876953125,35365600.0
2022-04-04,6775.0,6825.0,6675.0,6825.0,4662.38037109375,29374100.0
2022-04-05,6825.0,6900.0,6725.0,6900.0,4713.615234375,28581200.0
2022-04-06,6825.0,7000.0,6800.0,7000.0,4781.92822265625,48854700.0
2022-04-07,6950.0,7000.0,6850.0,6900.0,4713.615234375,41492600.0
2022-04-08,7000.0,7075.0,6900.0,7000.0,4781.92822265625,55006300.0
2022-04-11,6975.0,7000.0,6750.0,6850.0,4679.45849609375,51481700.0
2022-04-12,6875.0,6950.0,6825.0,6950.0,4747.77197265625,41879800.0
2022-04-13,6950.0,7000.0,6875.0,6975.0,4764.85009765625,52818100.0
2022-04-14,6975.0,7050.0,6875.0,6875.0,4696.537109375,23891600.0
2022-04-18,6900.0,7050.0,6900.0,7000.0,4781.92822265625,32962100.0
2022-04-19,7050.0,7050.0,6800.0,6900.0,4713.615234375,29237600.0
2022-04-20,6900.0,6975.0,6825.0,6900.0,4713.615234375,39881900.0
2022-04-21,6925.0,7100.0,6900.0,7000.0,4781.92822265625,51438900.0
2022-04-22,6975.0,7100.0,6875.0,7050.0,4816.08544921875,39795300.0
2022-04-25,7050.0,7150.0,6875.0,7075.0,4833.1630859375,52305700.0
2022-04-26,7100.0,7200.0,7000.0,7200.0,4918.5546875,39223700.0
2022-04-27,7175.0,7200.0,7050.0,7125.0,4867.31982421875,34988500.0
2022-04-28,7250.0,7700.0,7225.0,7575.0,5174.72998046875,118152200.0
2022-05-09,7425.0,7425.0,7050.0,7050.0,4942.66943359375,81089600.0
2022-05-10,6650.0,7000.0,6625.0,7000.0,4907.61474609375,118477400.0
2022-05-11,7025.0,7225.0,6900.0,6900.0,4837.50634765625,71287600.0
2022-05-12,6900.0,7025.0,6725.0,6850.0,4802.45166015625,45587500.0
2022-05-13,6900.0,7225.0,6850.0,7125.0,4995.25146484375,73260300.0
2022-05-17,7250.0,7300.0,7000.0,7000.0,4907.61474609375,40279200.0
2022-05-18,6975.0,7200.0,6925.0,7100.0,4977.72412109375,44859900.0
2022-05-19,6925.0,7125.0,6850.0,7000.0,4907.61474609375,27558300.0
2022-05-20,7050.0,7200.0,7050.0,7125.0,4995.25146484375,37674800.0
2022-05-23,7125.0,7175.0,6825.0,6950.0,4872.560546875,46368600.0
2022-05-24,7025.0,7200.0,7025.0,7150.0,5012.779296875,52177200.0
2022-05-25,7100.0,7175.0,7050.0,7100.0,4977.72412109375,51200500.0
2022-05-27,7200.0,7300.0,7150.0,7225.0,5065.35986328125,34766600.0
2022-05-30,7275.0,7275.0,7125.0,7250.0,5082.88720703125,37147800.0
2022-05-31,7250.0,7475.0,7250.0,7350.0,5152.99560546875,90800300.0
2022-06-02,7300.0,7500.0,7250.0,7325.0,5135.46923828125,72733400.0
2022-06-03,7350.0,7475.0,7300.0,7300.0,5117.94189453125,43947400.0
2022-06-06,7200.0,7250.0,7075.0,7225.0,5065.35986328125,53388400.0
2022-06-07,7300.0,7400.0,7200.0,7200.0,5047.8330078125,54814500.0
2022-06-08,7150.0,7350.0,7150.0,7175.0,5030.30615234375,33478600.0
2022-06-09,7150.0,7350.0,7150.0,7200.0,5047.8330078125,37787500.0
2022-06-10,7100.0,7175.0,6925.0,6925.0,4855.033203125,57621000.0
2022-06-13,6900.0,7100.0,6725.0,7025.0,4925.14208984375,59781700.0
2022-06-14,6875.0,7000.0,6875.0,6975.0,4890.087890625,38001800.0
2022-06-15,6975.0,6975.0,6700.0,6700.0,4697.2890625,50804600.0
2022-06-16,6850.0,6950.0,6750.0,6850.0,4802.45166015625,74982600.0
2022-06-17,6675.0,6950.0,6675.0,6950.0,4872.560546875,63931400.0
2022-06-20,6950.0,6975.0,6750.0,6925.0,4855.033203125,44263700.0
2022-06-21,6900.0,6975.0,6850.0,6850.0,4802.45166015625,31247000.0
2022-06-22,6850.0,6925.0,6775.0,6800.0,4767.3974609375,35536800.0
2022-06-23,6850.0,6875.0,6750.0,6875.0,4819.978515625,30137200.0
2022-06-24,6900.0,6900.0,6650.0,6675.0,4679.76220703125,42386000.0
2022-06-27,6700.0,6750.0,6550.0,6650.0,4662.23486328125,48277300.0
2022-06-28,6650.0,6700.0,6600.0,6700.0,4697.2890625,36838200.0
2022-06-29,6625.0,6700.0,6500.0,6500.0,4557.0712890625,46682700.0
2022-06-30,6525.0,6650.0,6500.0,6625.0,4644.70751953125,52839200.0
2022-07-01,6675.0,6675.0,6500.0,6525.0,4574.5986328125,52387100.0
2022-07-04,6500.0,6575.0,6300.0,6500.0,4557.0712890625,43087400.0
2022-07-05,6500.0,6525.0,6325.0,6325.0,4434.38134765625,39700000.0
2022-07-06,6300.0,6400.0,6050.0,6075.0,4259.10888671875,67773900.0
2022-07-07,6025.0,6125.0,5900.0,5950.0,4171.47265625,62871600.0
2022-07-08,6025.0,6075.0,5950.0,5975.0,4189.00048828125,78131700.0
2022-07-11,5975.0,6075.0,5925.0,6050.0,4241.58154296875,49946600.0
2022-07-12,6050.0,6150.0,6050.0,6100.0,4276.63623046875,22900800.0
2022-07-13,6100.0,6100.0,5825.0,5825.0,4083.836669921875,56747900.0
2022-07-14,5825.0,6100.0,5825.0,6100.0,4276.63623046875,59847700.0
2022-07-15,6000.0,6075.0,5925.0,5950.0,4171.47265625,32403800.0
2022-07-18,5975.0,6025.0,5950.0,6025.0,4224.0546875,27618400.0
2022-07-19,6025.0,6150.0,6025.0,6075.0,4259.10888671875,50725600.0
2022-07-20,6175.0,6275.0,6100.0,6275.0,4399.32666015625,70493600.0
2022-07-21,6200.0,6250.0,6050.0,6175.0,4329.2177734375,55415500.0
2022-07-22,6175.0,6175.0,6050.0,6075.0,4259.10888671875,37583800.0
2022-07-25,6050.0,6150.0,6050.0,6075.0,4259.10888671875,24674200.0
2022-07-26,6100.0,6125.0,6075.0,6100.0,4276.63623046875,21937400.0
2022-07-27,6125.0,6125.0,6000.0,6100.0,4276.63623046875,35066000.0
2022-07-28,6125.0,6150.0,6025.0,6050.0,4241.58154296875,51909300.0
2022-07-29,6150.0,6425.0,6125.0,6325.0,4434.38134765625,150285200.0
2022-08-01,6425.0,6550.0,6350.0,6475.0,4539.5439453125,55511700.0
2022-08-02,6475.0,6475.0,6275.0,6475.0,4539.5439453125,53235100.0
2022-08-03,6450.0,6600.0,6375.0,6600.0,4627.1806640625,40666300.0
2022-08-04,6700.0,6700.0,6450.0,6600.0,4627.1806640625,66966300.0
2022-08-05,6600.0,6650.0,6475.0,6625.0,4644.70751953125,46702100.0
2022-08-08,6625.0,6700.0,6525.0,6700.0,4697.2890625,32971000.0
2022-08-09,6725.0,6825.0,6700.0,6750.0,4732.3427734375,61001700.0
2022-08-10,6775.0,6850.0,6600.0,6850.0,4802.45166015625,37086500.0
2022-08-11,6975.0,7000.0,6900.0,6950.0,4872.560546875,42007400.0
2022-08-12,6950.0,7000.0,6850.0,6950.0,4872.560546875,58469000.0
2022-08-15,6925.0,6950.0,6800.0,6875.0,4819.978515625,35283300.0
2022-08-16,6875.0,7050.0,6875.0,6975.0,4890.087890625,61907800.0
2022-08-18,6975.0,7000.0,6850.0,6975.0,4890.087890625,25190000.0
2022-08-19,6975.0,7000.0,6900.0,6975.0,4890.087890625,32914500.0
2022-08-22,6875.0,6925.0,6800.0,6925.0,4855.033203125,48266600.0
2022-08-23,6900.0,7025.0,6850.0,6975.0,4890.087890625,56381000.0
2022-08-24,6925.0,7050.0,6900.0,7050.0,4942.66943359375,30605000.0
2022-08-25,7050.0,7050.0,6950.0,6975.0,4890.087890625,22793800.0
2022-08-26,6975.0,7025.0,6850.0,6875.0,4819.978515625,31120500.0
2022-08-29,6800.0,6900.0,6750.0,6825.0,4784.9248046875,29722100.0
2022-08-30,6850.0,7025.0,6850.0,6900.0,4837.50634765625,45566100.0
2022-08-31,6875.0,6975.0,6775.0,6975.0,4890.087890625,55714900.0
2022-09-01,6975.0,7025.0,6900.0,6925.0,4855.033203125,36691900.0
2022-09-02,6950.0,7000.0,6875.0,6925.0,4855.033203125,26077700.0
2022-09-05,6900.0,6925.0,6850.0,6875.0,4819.978515625,24953800.0
2022-09-06,6875.0,6950.0,6850.0,6900.0,4837.50634765625,18626800.0
2022-09-07,6800.0,6875.0,6625.0,6650.0,4662.23486328125,77218400.0
2022-09-08,6650.0,6750.0,6625.0,6650.0,4662.23486328125,39405200.0
2022-09-09,6675.0,6775.0,6625.0,6775.0,4749.8701171875,31904200.0
2022-09-12,6775.0,6975.0,6725.0,6975.0,4890.087890625,51563200.0
2022-09-13,7025.0,7225.0,6950.0,7200.0,5047.8330078125,70555900.0
2022-09-14,7100.0,7300.0,7050.0,7150.0,5012.779296875,56832100.0
2022-09-15,7125.0,7225.0,7050.0,7050.0,4942.66943359375,63346200.0
2022-09-16,7000.0,7050.0,6900.0,6900.0,4837.50634765625,65885100.0
2022-09-19,6950.0,7225.0,6925.0,7125.0,4995.25146484375,52232700.0
2022-09-20,7150.0,7250.0,7100.0,7175.0,5030.30615234375,47337700.0
2022-09-21,7125.0,7200.0,7100.0,7150.0,5012.779296875,26007500.0
2022-09-22,7025.0,7225.0,7000.0,7175.0,5030.30615234375,26295200.0
2022-09-23,7100.0,7175.0,7050.0,7150.0,5012.779296875,22258800.0
2022-09-26,7000.0,7025.0,6850.0,6975.0,4890.087890625,61422800.0
2022-09-27,7000.0,7050.0,6950.0,6950.0,4872.560546875,42809400.0
2022-09-28,6950.0,7000.0,6800.0,6800.0,4767.3974609375,50825400.0
2022-09-29,6850.0,6900.0,6700.0,6775.0,4749.8701171875,36653400.0
2022-09-30,6700.0,6750.0,6600.0,6625.0,4644.70751953125,71017400.0
2022-10-03,6650.0,6700.0,6600.0,6625.0,4644.70751953125,27280600.0
2022-10-04,6725.0,6800.0,6700.0,6725.0,4714.8154296875,33322400.0
2022-10-05,6800.0,6825.0,6675.0,6675.0,4679.76220703125,31019300.0
2022-10-06,6675.0,6750.0,6600.0,6600.0,4627.1806640625,37002600.0
2022-10-07,6550.0,6575.0,6450.0,6475.0,4539.5439453125,54850200.0
2022-10-10,6425.0,6525.0,6375.0,6500.0,4557.0712890625,34319700.0
2022-10-11,6400.0,6575.0,6400.0,6525.0,4574.5986328125,35320000.0
2022-10-12,6450.0,6475.0,6350.0,6350.0,4512.77001953125,72794100.0
2022-10-13,6375.0,6400.0,6275.0,6350.0,4512.77001953125,44281200.0
2022-10-14,6500.0,6500.0,6350.0,6350.0,4512.77001953125,45496900.0
2022-10-17,6325.0,6525.0,6200.0,6425.0,4566.0703125,50710300.0
2022-10-18,6450.0,6500.0,6350.0,6350.0,4512.77001953125,42600400.0
2022-10-19,6425.0,6525.0,6400.0,6525.0,4637.1376953125,25542800.0
2022-10-20,6500.0,6525.0,6400.0,6425.0,4566.0703125,32226200.0
2022-10-21,6475.0,6675.0,6450.0,6575.0,4672.6708984375,52148500.0
2022-10-24,6575.0,6700.0,6575.0,6650.0,4725.9716796875,37202900.0
2022-10-25,6700.0,6700.0,6600.0,6700.0,4761.50537109375,37836000.0
2022-10-26,6700.0,6700.0,6575.0,6575.0,4672.6708984375,36289700.0
2022-10-27,6575.0,6675.0,6525.0,6650.0,4725.9716796875,30429800.0
2022-10-28,6650.0,6650.0,6500.0,6550.0,4654.9052734375,28492900.0
2022-10-31,6550.0,6650.0,6550.0,6650.0,4725.9716796875,45774000.0
2022-11-01,6650.0,6675.0,6475.0,6575.0,4672.6708984375,59240700.0
2022-11-02,6525.0,6550.0,6375.0,6425.0,4566.0703125,59695600.0
2022-11-03,6375.0,6425.0,6350.0,6375.0,4530.537109375,29905800.0
2022-11-04,6350.0,6425.0,6350.0,6425.0,4566.0703125,60465200.0
2022-11-07,6425.0,6500.0,6425.0,6500.0,4619.37060546875,41824000.0
2022-11-08,6500.0,6525.0,6450.0,6525.0,4637.1376953125,35241500.0
2022-11-09,6525.0,6550.0,6475.0,6550.0,4654.9052734375,45144800.0
2022-11-10,6550.0,6550.0,6450.0,6525.0,4637.1376953125,33770400.0
2022-11-11,6600.0,6625.0,6450.0,6450.0,4583.8369140625,50938200.0
2022-11-14,6450.0,6475.0,6300.0,6300.0,4477.23583984375,46011200.0
2022-11-15,6300.0,6350.0,6200.0,6225.0,4423.93603515625,65536000.0
2022-11-16,6175.0,6200.0,6100.0,6175.0,4388.40234375,60298900.0
2022-11-17,6200.0,6300.0,6050.0,6300.0,4477.23583984375,35165100.0
2022-11-18,6275.0,6300.0,6200.0,6225.0,4423.93603515625,29302300.0
2022-11-21,6275.0,6350.0,6250.0,6325.0,4495.0029296875,19074900.0
2022-11-22,6325.0,6350.0,6225.0,6225.0,4423.93603515625,33102700.0
2022-11-23,6275.0,6300.0,6200.0,6200.0,4406.1689453125,30863200.0
2022-11-24,6200.0,6275.0,6200.0,6200.0,4406.1689453125,21534300.0
2022-11-25,6175.0,6200.0,6125.0,6175.0,4388.40234375,40948100.0
2022-11-28,6175.0,6275.0,6150.0,6225.0,4423.93603515625,37901700.0
2022-11-29,6125.0,6150.0,6025.0,6050.0,4299.568359375,121505900.0
2022-11-30,6050.0,6200.0,6025.0,6050.0,4299.568359375,191276100.0
2022-12-01,6100.0,6200.0,6100.0,6175.0,4388.40234375,88307900.0
2022-12-02,6175.0,6175.0,6050.0,6125.0,4352.8681640625,51843800.0
2022-12-05,6075.0,6100.0,6000.0,6025.0,4281.8017578125,64357800.0
2022-12-06,6000.0,6025.0,5800.0,5875.0,4175.20068359375,69873000.0
2022-12-07,5800.0,5900.0,5700.0,5725.0,4068.599609375,116677600.0
2022-12-08,5650.0,5800.0,5550.0,5675.0,4033.066162109375,161238600.0
2022-12-09,5700.0,5750.0,5650.0,5675.0,4033.066162109375,55355700.0
2022-12-12,5675.0,5725.0,5625.0,5675.0,4033.066162109375,92687900.0
2022-12-13,5700.0,5900.0,5675.0,5825.0,4139.6669921875,113893000.0
2022-12-14,5925.0,5950.0,5775.0,5825.0,4139.6669921875,78775300.0
2022-12-15,5825.0,5850.0,5750.0,5800.0,4121.900390625,61581800.0
2022-12-16,5775.0,5800.0,5700.0,5775.0,4104.13330078125,95271600.0
2022-12-19,5850.0,5850.0,5650.0,5700.0,4050.832763671875,57531200.0
2022-12-20,5675.0,5750.0,5675.0,5700.0,4050.832763671875,25876100.0
2022-12-21,5700.0,5725.0,5650.0,5700.0,4050.832763671875,34940600.0
2022-12-22,5700.0,5775.0,5675.0,5775.0,4104.13330078125,32103400.0
2022-12-23,5750.0,5775.0,5650.0,5675.0,4033.066162109375,31969000.0
2022-12-26,5675.0,5725.0,5625.0,5650.0,4015.299072265625,13540500.0
2022-12-27,5700.0,5750.0,5650.0,5675.0,4033.066162109375,13680300.0
2022-12-28,5725.0,5725.0,5575.0,5625.0,3997.53271484375,29919100.0
2022-12-29,5600.0,5675.0,5550.0,5650.0,4015.299072265625,32241500.0
2022-12-30,5675.0,5750.0,5650.0,5700.0,4050.832763671875,36384500.0
2023-01-02,5725.0,5725.0,5625.0,5700.0,4050.832763671875,12068800.0
2023-01-03,5675.0,5700.0,5625.0,5650.0,4015.299072265625,22854400.0
2023-01-04,5650.0,5700.0,5625.0,5675.0,4033.066162109375,32578900.0
2023-01-05,5650.0,5700.0,5375.0,5375.0,3819.864501953125,106047000.0
2023-01-06,5400.0,5525.0,5350.0,5450.0,3873.1650390625,59754600.0
2023-01-09,5500.0,5500.0,5275.0,5350.0,3802.09716796875,63437700.0
2023-01-10,5375.0,5375.0,5275.0,5325.0,3784.3310546875,62964600.0
2023-01-11,5325.0,5350.0,5200.0,5225.0,3713.26318359375,45514800.0
2023-01-12,5200.0,5375.0,5200.0,5350.0,3802.09716796875,61374300.0
2023-01-13,5375.0,5500.0,5300.0,5450.0,3873.1650390625,52039800.0
2023-01-16,5525.0,5600.0,5475.0,5600.0,3979.765380859375,48458700.0
2023-01-17,5600.0,5650.0,5500.0,5550.0,3944.23193359375,66999600.0
2023-01-18,5550.0,5650.0,5550.0,5650.0,4015.299072265625,28120700.0
2023-01-19,5650.0,5875.0,5650.0,5850.0,4157.43359375,95543300.0
2023-01-20,5875.0,5900.0,5775.0,5900.0,4192.966796875,54173000.0
2023-01-24,5900.0,5950.0,5850.0,5925.0,4210.73388671875,26217800.0
2023-01-25,5900.0,5950.0,5850.0,5950.0,4228.50048828125,18115800.0
2023-01-26,5925.0,5950.0,5850.0,5900.0,4192.966796875,40168400.0
2023-01-27,5925.0,5950.0,5875.0,5875.0,4175.20068359375,31869800.0
2023-01-30,5875.0,5900.0,5775.0,5875.0,4175.20068359375,34817500.0
2023-01-31,5925.0,6025.0,5900.0,6000.0,4264.03466796875,89064100.0
2023-02-01,6000.0,6000.0,5925.0,6000.0,4264.03466796875,35355300.0
2023-02-02,5950.0,5975.0,5875.0,5925.0,4210.73388671875,30039900.0
2023-02-03,5975.0,5975.0,5875.0,5875.0,4175.20068359375,24629700.0
2023-02-06,5875.0,5900.0,5825.0,5850.0,4157.43359375,31033700.0
2023-02-07,5825.0,5925.0,5825.0,5875.0,4175.20068359375,29536700.0
2023-02-08,5875.0,5900.0,5775.0,5800.0,4121.900390625,27235100.0
2023-02-09,5825.0,5850.0,5675.0,5675.0,4033.066162109375,48263600.0
2023-02-10,5600.0,5700.0,5550.0,5700.0,4050.832763671875,71158200.0
2023-02-13,5700.0,5750.0,5675.0,5725.0,4068.599609375,22154800.0
2023-02-14,5750.0,5800.0,5700.0,5725.0,4068.599609375,31292000.0
2023-02-15,5725.0,5725.0,5575.0,5675.0,4033.066162109375,38862100.0
2023-02-16,5700.0,5700.0,5625.0,5700.0,4050.832763671875,19014100.0
2023-02-17,5700.0,5725.0,5625.0,5675.0,4033.066162109375,31273200.0
2023-02-20,5675.0,5700.0,5575.0,5600.0,3979.765380859375,29576500.0
2023-02-21,5600.0,5650.0,5550.0,5575.0,3961.998779296875,26985200.0
2023-02-22,5550.0,5650.0,5550.0,5625.0,3997.53271484375,24822300.0
2023-02-23,5650.0,5700.0,5575.0,5650.0,4015.299072265625,33406700.0
2023-02-24,5675.0,5800.0,5650.0,5750.0,4086.3662109375,30869400.0
2023-02-27,5725.0,5800.0,5700.0,5800.0,4121.900390625,28650400.0
2023-02-28,6200.0,6275.0,6100.0,6100.0,4335.10205078125,154669700.0
2023-03-01,6100.0,6175.0,6050.0,6150.0,4370.634765625,49851200.0
2023-03-02,6150.0,6175.0,6075.0,6150.0,4370.634765625,26943600.0
2023-03-03,6150.0,6150.0,6025.0,6050.0,4299.568359375,32818500.0
2023-03-06,6100.0,6125.0,6050.0,6075.0,4317.3349609375,22141000.0
2023-03-07,6050.0,6075.0,5900.0,5950.0,4228.50048828125,41630000.0
2023-03-08,5900.0,5975.0,5875.0,5925.0,4210.73388671875,40374900.0
2023-03-09,5975.0,6050.0,5950.0,6025.0,4281.8017578125,23104400.0
2023-03-10,5975.0,6000.0,5900.0,5975.0,4246.26806640625,33330500.0
2023-03-13,5900.0,5975.0,5850.0,5925.0,4210.73388671875,28402600.0
2023-03-14,5900.0,5925.0,5750.0,5775.0,4104.13330078125,56988600.0
2023-03-15,5850.0,5875.0,5775.0,5775.0,4104.13330078125,40170800.0
2023-03-16,5775.0,5875.0,5675.0,5850.0,4157.43359375,33947700.0
2023-03-17,5875.0,5925.0,5850.0,5850.0,4157.43359375,74811900.0
2023-03-20,5850.0,5900.0,5800.0,5875.0,4175.20068359375,22146000.0
2023-03-21,5850.0,5975.0,5850.0,5875.0,4175.20068359375,40671600.0
2023-03-24,5925.0,6000.0,5900.0,5950.0,4228.50048828125,60721800.0
2023-03-27,5950.0,5975.0,5875.0,5875.0,4175.20068359375,32493100.0
2023-03-28,5900.0,5925.0,5850.0,5850.0,4157.43359375,42944400.0
2023-03-29,5850.0,6050.0,5850.0,5950.0,4228.50048828125,81945000.0
2023-03-30,5975.0,5975.0,5900.0,5900.0,4192.966796875,40174400.0
2023-03-31,5950.0,6025.0,5925.0,6000.0,4264.03466796875,40364100.0
2023-04-03,6050.0,6100.0,5975.0,6000.0,4264.03466796875,44636200.0
2023-04-04,6025.0,6050.0,5950.0,6025.0,4281.8017578125,35612700.0
2023-04-05,6025.0,6050.0,5975.0,6000.0,4264.03466796875,27556300.0
2023-04-06,6000.0,6000.0,5925.0,5925.0,4210.73388671875,32964500.0
2023-04-10,5950.0,5975.0,5875.0,5975.0,4246.26806640625,40039500.0
2023-04-11,5950.0,6100.0,5925.0,6075.0,4317.3349609375,37545800.0
2023-04-12,6150.0,6300.0,6125.0,6250.0,4441.7021484375,126817700.0
2023-04-13,6225.0,6275.0,6175.0,6250.0,4441.7021484375,35138600.0
2023-04-14,6275.0,6300.0,6200.0,6200.0,4406.1689453125,45556300.0
2023-04-17,6200.0,6275.0,6200.0,6225.0,4423.93603515625,33965200.0
2023-04-18,6275.0,6475.0,6275.0,6425.0,4566.0703125,101792500.0
2023-04-26,6625.0,6700.0,6500.0,6700.0,4761.50537109375,182919200.0
2023-04-27,6675.0,6725.0,6625.0,6700.0,4761.50537109375,45762900.0
2023-04-28,6700.0,6750.0,6675.0,6750.0,4797.03955078125,64976400.0
2023-05-02,6775.0,6775.0,6600.0,6675.0,4743.73779296875,62972600.0
2023-05-03,6700.0,6725.0,6550.0,6625.0,4708.2041015625,106341300.0
2023-05-04,6600.0,6625.0,6550.0,6600.0,4690.4384765625,132167800.0
2023-05-05,6150.0,6150.0,6150.0,6150.0,4769.54248046875,82270600.0
2023-05-08,6150.0,6175.0,6050.0,6125.0,4750.154296875,95087500.0
2023-05-09,6125.0,6325.0,6075.0,6325.0,4905.26123046875,96938100.0
2023-05-10,6350.0,6425.0,6300.0,6325.0,4905.26123046875,52404700.0
2023-05-11,6350.0,6350.0,6175.0,6250.0,4847.09619140625,39596900.0
2023-05-12,6225.0,6275.0,6175.0,6225.0,4827.7080078125,67576500.0
2023-05-15,6275.0,6350.0,6175.0,6350.0,4924.64990234375,42039400.0
2023-05-16,6350.0,6400.0,6250.0,6275.0,4866.484375,19445400.0
2023-05-17,6350.0,6350.0,6275.0,6325.0,4905.26123046875,29480000.0
2023-05-19,6400.0,6550.0,6350.0,6475.0,5021.59130859375,75548600.0
2023-05-22,6525.0,6650.0,6425.0,6600.0,5118.53369140625,63793800.0
2023-05-23,6600.0,6650.0,6550.0,6600.0,5118.53369140625,49261900.0
2023-05-24,6575.0,6675.0,6500.0,6675.0,5176.69921875,54136600.0
2023-05-25,6700.0,6700.0,6525.0,6600.0,5118.53369140625,43564900.0
2023-05-26,6600.0,6600.0,6525.0,6600.0,5118.53369140625,25356200.0
2023-05-29,6625.0,6625.0,6475.0,6600.0,5118.53369140625,27939400.0
2023-05-30,6575.0,6600.0,6500.0,6500.0,5040.97998046875,23340800.0
2023-05-31,6500.0,6600.0,6450.0,6450.0,5002.20263671875,154796300.0
2023-06-05,6525.0,7000.0,6500.0,6825.0,5293.02880859375,200252000.0
2023-06-06,6800.0,6925.0,6750.0,6800.0,5273.640625,65282100.0
2023-06-07,6800.0,6850.0,6675.0,6800.0,5273.640625,81991400.0
2023-06-08,6725.0,6775.0,6700.0,6775.0,5254.25146484375,32704900.0
2023-06-09,6750.0,6800.0,6700.0,6800.0,5273.640625,24893400.0
2023-06-12,6800.0,6800.0,6675.0,6775.0,5254.25146484375,37558000.0
2023-06-13,6775.0,6825.0,6750.0,6750.0,5234.86376953125,23911800.0
2023-06-14,6750.0,6900.0,6750.0,6900.0,5351.1943359375,34146100.0
2023-06-15,6900.0,6900.0,6825.0,6875.0,5331.80517578125,16414000.0
2023-06-16,6850.0,6875.0,6775.0,6850.0,5312.4169921875,63892800.0
2023-06-19,6800.0,6875.0,6775.0,6875.0,5331.80517578125,12514200.0
2023-06-20,6825.0,6850.0,6775.0,6800.0,5273.640625,24394300.0
2023-06-21,6775.0,6975.0,6750.0,6925.0,5370.58251953125,37629300.0
2023-06-22,6875.0,6900.0,6775.0,6775.0,5254.25146484375,51199300.0
2023-06-23,6775.0,6825.0,6700.0,6775.0,5254.25146484375,32156800.0
2023-06-26,6800.0,6900.0,6775.0,6800.0,5273.640625,31726400.0
2023-06-27,6800.0,6850.0,6775.0,6775.0,5254.25146484375,36422700.0
2023-07-03,6775.0,6825.0,6750.0,6825.0,5293.02880859375,37348600.0
2023-07-04,6825.0,6825.0,6700.0,6775.0,5254.25146484375,20047800.0
2023-07-05,6775.0,6775.0,6700.0,6775.0,5254.25146484375,34751800.0
2023-07-06,6775.0,6800.0,6750.0,6800.0,5273.640625,35473800.0
2023-07-07,6775.0,6825.0,6750.0,6825.0,5293.02880859375,28755500.0
2023-07-10,6825.0,6825.0,6775.0,6775.0,5254.25146484375,15301300.0
2023-07-11,6775.0,6800.0,6750.0,6800.0,5273.640625,32949200.0
2023-07-12,6775.0,6825.0,6750.0,6775.0,5254.25146484375,29210200.0
2023-07-13,6775.0,6825.0,6750.0,6800.0,5273.640625,31298400.0
2023-07-14,6775.0,6825.0,6700.0,6750.0,5234.86376953125,56060600.0
2023-07-17,6750.0,6775.0,6675.0,6675.0,5176.69921875,41698600.0
2023-07-18,6675.0,6700.0,6475.0,6575.0,5099.14501953125,68904700.0
2023-07-20,6575.0,6575.0,6450.0,6525.0,5060.3681640625,64069100.0
2023-07-21,6500.0,6525.0,6375.0,6450.0,5002.20263671875,64037700.0
2023-07-24,6400.0,6600.0,6400.0,6550.0,5079.7568359375,40830500.0
2023-07-25,6600.0,6625.0,6500.0,6500.0,5040.97998046875,23958900.0
2023-07-26,6575.0,6625.0,6500.0,6600.0,5118.53369140625,38599800.0
2023-07-27,6600.0,6600.0,6500.0,6525.0,5060.3681640625,27816700.0
2023-07-28,6500.0,6625.0,6475.0,6625.0,5137.921875,28288300.0
2023-07-31,6750.0,6950.0,6725.0,6850.0,5312.4169921875,87828900.0
2023-08-01,6875.0,6900.0,6800.0,6875.0,5331.80517578125,29425300.0
2023-08-02,6825.0,6850.0,6775.0,6850.0,5312.4169921875,29463700.0
2023-08-03,6800.0,6900.0,6775.0,6825.0,5293.02880859375,29272000.0
2023-08-04,6825.0,6850.0,6750.0,6800.0,5273.640625,16646300.0
2023-08-07,6825.0,6900.0,6750.0,6875.0,5331.80517578125,32608000.0
2023-08-08,6850.0,6900.0,6825.0,6850.0,5312.4169921875,16515100.0
2023-08-09,6850.0,6875.0,6825.0,6875.0,5331.80517578125,13781700.0
2023-08-10,6850.0,6875.0,6750.0,6750.0,5234.86376953125,32076700.0
2023-08-11,6750.0,6775.0,6650.0,6750.0,5234.86376953125,42320900.0
2023-08-14,6700.0,6800.0,6700.0,6800.0,5273.640625,27616200.0
2023-08-15,6725.0,6775.0,6675.0,6725.0,5215.47509765625,32385400.0
2023-08-16,6675.0,6750.0,6650.0,6750.0,5234.86376953125,24913200.0
2023-08-18,6675.0,6700.0,6500.0,6525.0,5060.3681640625,69001300.0
2023-08-21,6525.0,6550.0,6425.0,6475.0,5021.59130859375,34702500.0
2023-08-22,6450.0,6600.0,6450.0,6550.0,5079.7568359375,37704700.0
2023-08-23,6550.0,6600.0,6525.0,6550.0,5079.7568359375,27624900.0
2023-08-24,6550.0,6600.0,6475.0,6475.0,5021.59130859375,33278500.0
2023-08-25,6475.0,6500.0,6400.0,6450.0,5002.20263671875,35673300.0
2023-08-28,6500.0,6500.0,6400.0,6425.0,4982.814453125,14871100.0
2023-08-29,6450.0,6450.0,6375.0,6400.0,4963.42578125,29937800.0
2023-08-30,6450.0,6525.0,6400.0,6450.0,5002.20263671875,41993300.0
2023-08-31,6450.0,6475.0,6400.0,6450.0,5002.20263671875,44502000.0
2023-09-01,6475.0,6575.0,6475.0,6550.0,5079.7568359375,26069500.0
2023-09-04,6575.0,6600.0,6525.0,6600.0,5118.53369140625,17384000.0
2023-09-05,6600.0,6650.0,6550.0,6600.0,5118.53369140625,23070700.0
2023-09-06,6575.0,6625.0,6525.0,6525.0,5060.3681640625,18421300.0
2023-09-07,6475.0,6500.0,6350.0,6400.0,4963.42578125,49921600.0
2023-09-08,6450.0,6450.0,6350.0,6400.0,4963.42578125,32416900.0
2023-09-11,6400.0,6425.0,6300.0,6375.0,4944.0380859375,33422100.0
2023-09-12,6375.0,6375.0,6300.0,6300.0,4885.87255859375,30225600.0
2023-09-13,6325.0,6325.0,6225.0,6300.0,4885.87255859375,40040900.0
2023-09-14,6325.0,6375.0,6250.0,6325.0,4905.26123046875,40259300.0
2023-09-15,6250.0,6325.0,6200.0,6300.0,4885.87255859375,132198700.0
2023-09-18,6275.0,6325.0,6250.0,6300.0,4885.87255859375,35517300.0
2023-09-19,6300.0,6375.0,6275.0,6350.0,4924.64990234375,31439200.0
2023-09-20,6350.0,6400.0,6300.0,6300.0,4885.87255859375,39764900.0
2023-09-21,6300.0,6325.0,6200.0,6200.0,4808.3193359375,46231100.0
2023-09-22,6200.0,6275.0,6175.0,6200.0,4808.3193359375,30610900.0
2023-09-25,6225.0,6275.0,6200.0,6250.0,4847.09619140625,32700500.0
2023-09-26,6225.0,6300.0,6200.0,6200.0,4808.3193359375,43217400.0
2023-09-27,6200.0,6250.0,6125.0,6150.0,4769.54248046875,31688400.0
2023-09-29,6250.0,6275.0,6200.0,6225.0,4827.7080078125,20902300.0
2023-10-02,6275.0,6350.0,6250.0,6275.0,4866.484375,23884400.0
2023-10-03,6275.0,6275.0,6200.0,6200.0,4808.3193359375,25350100.0
2023-10-04,6175.0,6200.0,6050.0,6075.0,4711.37646484375,55496200.0
2023-10-05,6125.0,6175.0,6025.0,6025.0,4672.6005859375,55924900.0
2023-10-06,6050.0,6150.0,6050.0,6075.0,4711.37646484375,18104300.0
2023-10-09,6150.0,6225.0,6100.0,6125.0,4750.154296875,43718300.0
2023-10-10,6175.0,6175.0,6050.0,6050.0,4691.98876953125,36797700.0
2023-10-11,6075.0,6125.0,6050.0,6050.0,4691.98876953125,45959600.0
2023-10-12,6000.0,6025.0,5950.0,5950.0,4690.412109375,71954600.0
2023-10-13,6000.0,6025.0,5950.0,5975.0,4710.11962890625,32794800.0
2023-10-16,5925.0,5975.0,5825.0,5850.0,4611.58203125,52414600.0
2023-10-17,5875.0,5925.0,5850.0,5850.0,4611.58203125,40295600.0
2023-10-18,5850.0,6000.0,5825.0,5825.0,4591.8740234375,53751300.0
2023-10-19,5825.0,5850.0,5700.0,5725.0,4513.0439453125,60258300.0
2023-10-20,5675.0,5750.0,5650.0,5700.0,4493.3359375,56606100.0
2023-10-23,5725.0,5750.0,5600.0,5600.0,4414.50537109375,57516800.0
2023-10-24,5600.0,5850.0,5600.0,5800.0,4572.1669921875,57283100.0
2023-10-25,5825.0,5925.0,5775.0,5775.0,4552.458984375,51542400.0
2023-10-26,5775.0,5800.0,5675.0,5725.0,4513.0439453125,18969800.0
2023-10-27,5750.0,5775.0,5725.0,5725.0,4513.0439453125,35328800.0
2023-10-30,5750.0,5825.0,5675.0,5800.0,4572.1669921875,17820800.0
2023-10-31,5850.0,5900.0,5775.0,5775.0,4552.458984375,46118000.0
2023-11-01,5900.0,6000.0,5800.0,5800.0,4572.1669921875,91836500.0
2023-11-02,5850.0,5900.0,5800.0,5800.0,4572.1669921875,46166200.0
2023-11-03,5850.0,5925.0,5825.0,5900.0,4650.9970703125,43395900.0
2023-11-06,5925.0,5950.0,5900.0,5925.0,4670.70458984375,29757300.0
2023-11-07,5925.0,5950.0,5775.0,5825.0,4591.8740234375,30298200.0
2023-11-08,5800.0,5825.0,5675.0,5725.0,4513.0439453125,38367700.0
2023-11-09,5775.0,5825.0,5725.0,5750.0,4532.75146484375,20420100.0
2023-11-10,5725.0,5775.0,5725.0,5775.0,4552.458984375,15229800.0
2023-11-13,5825.0,5825.0,5650.0,5650.0,4453.92041015625,24673700.0
2023-11-14,5675.0,5725.0,5650.0,5675.0,4473.62841796875,12066000.0
2023-11-15,5750.0,5850.0,5700.0,5750.0,4532.75146484375,34814300.0
2023-11-16,5750.0,5825.0,5725.0,5825.0,4591.8740234375,17422800.0
2023-11-17,5800.0,5825.0,5700.0,5700.0,4493.3359375,27116700.0
2023-11-20,5725.0,5850.0,5700.0,5800.0,4572.1669921875,22940000.0
2023-11-21,5800.0,5850.0,5750.0,5775.0,4552.458984375,17153300.0
2023-11-22,5775.0,5775.0,5650.0,5675.0,4473.62841796875,36329500.0
2023-11-23,5675.0,5725.0,5675.0,5700.0,4493.3359375,43425400.0
2023-11-24,5700.0,5750.0,5700.0,5725.0,4513.0439453125,9347300.0
2023-11-27,5725.0,5750.0,5600.0,5625.0,4434.21337890625,63360900.0
2023-11-28,5675.0,5675.0,5550.0,5550.0,4375.0908203125,86907600.0
2023-11-29,5600.0,5650.0,5525.0,5525.0,4355.3828125,75070800.0
2023-11-30,5575.0,5575.0,5400.0,5400.0,4256.84521484375,161684600.0
2023-12-01,5450.0,5750.0,5450.0,5750.0,4532.75146484375,145374400.0
2023-12-04,5750.0,5825.0,5725.0,5750.0,4532.75146484375,57590700.0
2023-12-05,5775.0,5800.0,5675.0,5725.0,4513.0439453125,25787200.0
2023-12-06,5700.0,5825.0,5700.0,5725.0,4513.0439453125,41363700.0
2023-12-07,5750.0,5750.0,5600.0,5675.0,4473.62841796875,40599000.0
2023-12-08,5675.0,5700.0,5625.0,5675.0,4473.62841796875,26972000.0
2023-12-11,5650.0,5675.0,5525.0,5600.0,4414.50537109375,39510200.0
2023-12-12,5675.0,5675.0,5550.0,5575.0,4394.7978515625,19272900.0
2023-12-13,5550.0,5600.0,5525.0,5525.0,4355.3828125,31196600.0
2023-12-14,5600.0,5650.0,5575.0,5625.0,4434.21337890625,65510200.0
2023-12-15,5625.0,5700.0,5600.0,5650.0,4453.92041015625,93580400.0
2023-12-18,5650.0,5650.0,5550.0,5600.0,4414.50537109375,39134200.0
2023-12-19,5625.0,5650.0,5600.0,5625.0,4434.21337890625,33668300.0
2023-12-20,5650.0,5700.0,5625.0,5625.0,4434.21337890625,27178500.0
2023-12-21,5600.0,5600.0,5475.0,5550.0,4375.0908203125,114749900.0
2023-12-22,5550.0,5600.0,5500.0,5550.0,4375.0908203125,38055800.0
2023-12-27,5550.0,5575.0,5500.0,5550.0,4375.0908203125,34332400.0
2023-12-28,5575.0,5600.0,5550.0,5600.0,4414.50537109375,31643200.0
2023-12-29,5600.0,5675.0,5575.0,5650.0,4453.92041015625,36245000.0
2024-01-02,5625.0,5700.0,5575.0,5700.0,4493.3359375,36479600.0
2024-01-03,5700.0,5700.0,5600.0,5600.0,4414.50537109375,37187300.0
2024-01-04,5600.0,5750.0,5600.0,5700.0,4493.3359375,52008000.0
2024-01-05,5725.0,5750.0,5625.0,5625.0,4434.21337890625,39167600.0
2024-01-08,5625.0,5675.0,5550.0,5575.0,4394.7978515625,39614600.0
2024-01-09,5600.0,5600.0,5525.0,5575.0,4394.7978515625,36777600.0
2024-01-10,5500.0,5575.0,5450.0,5525.0,4355.3828125,75423900.0
2024-01-11,5550.0,5625.0,5525.0,5550.0,4375.0908203125,39941000.0
2024-01-12,5550.0,5625.0,5550.0,5600.0,4414.50537109375,28821000.0
2024-01-15,5600.0,5600.0,5500.0,5525.0,4355.3828125,79502600.0
2024-01-16,5525.0,5525.0,5475.0,5500.0,4335.67529296875,44840900.0
2024-01-17,5500.0,5525.0,5350.0,5400.0,4256.84521484375,114587100.0
2024-01-18,5400.0,5400.0,5325.0,5375.0,4237.13720703125,71517600.0
2024-01-19,5375.0,5400.0,5300.0,5350.0,4217.4296875,52865000.0
2024-01-22,5350.0,5425.0,5225.0,5225.0,4118.8916015625,169967200.0
2024-01-23,5150.0,5200.0,5075.0,5125.0,4040.06103515625,176612600.0
2024-01-24,5150.0,5175.0,4980.0,5075.0,4000.64599609375,246293300.0
2024-01-25,5075.0,5150.0,5025.0,5050.0,3980.9384765625,81025300.0
2024-01-26,5050.0,5075.0,4990.0,5075.0,4000.64599609375,71861600.0
2024-01-29,5075.0,5075.0,4910.0,4930.0,3886.341552734375,132819200.0
2024-01-30,4920.0,5175.0,4900.0,5100.0,4020.353515625,165689300.0
2024-01-31,5125.0,5150.0,5050.0,5125.0,4040.06103515625,79343600.0
2024-02-01,5100.0,5175.0,5075.0,5125.0,4040.06103515625,55358600.0
2024-02-02,5150.0,5325.0,5125.0,5325.0,4197.7216796875,104840200.0
2024-02-05,5325.0,5350.0,5150.0,5175.0,4079.476318359375,88826000.0
2024-02-06,5175.0,5275.0,5150.0,5250.0,4138.5986328125,46257400.0
2024-02-07,5250.0,5325.0,5250.0,5325.0,4197.7216796875,68376900.0
2024-02-12,5300.0,5350.0,5225.0,5300.0,4178.0146484375,80552600.0
2024-02-13,5300.0,5300.0,5150.0,5200.0,4099.18359375,63689100.0
2024-02-15,5325.0,5325.0,5075.0,5125.0,4040.06103515625,124120800.0
2024-02-16,5125.0,5200.0,5100.0,5200.0,4099.18359375,75502700.0
2024-02-19,5200.0,5250.0,5075.0,5125.0,4040.06103515625,89709800.0
2024-02-20,5125.0,5250.0,5125.0,5200.0,4099.18359375,41623800.0
2024-02-21,5200.0,5300.0,5175.0,5250.0,4138.5986328125,68374800.0
2024-02-22,5275.0,5300.0,5275.0,5275.0,4158.306640625,41938600.0
2024-02-23,5250.0,5275.0,5100.0,5125.0,4040.06103515625,81214600.0
2024-02-26,5150.0,5200.0,5075.0,5125.0,4040.06103515625,50291500.0
2024-02-27,5125.0,5175.0,5050.0,5175.0,4079.476318359375,46555200.0
2024-02-28,5325.0,5425.0,5200.0,5225.0,4118.8916015625,216020000.0
2024-02-29,5250.0,5300.0,5200.0,5225.0,4118.8916015625,85412900.0
2024-03-01,5225.0,5275.0,5150.0,5225.0,4118.8916015625,64835200.0
2024-03-04,5250.0,5275.0,5175.0,5200.0,4099.18359375,57118400.0
2024-03-05,5225.0,5225.0,5100.0,5100.0,4020.353515625,53172900.0
2024-03-06,5125.0,5200.0,5100.0,5175.0,4079.476318359375,29210000.0
2024-03-07,5175.0,5200.0,5100.0,5125.0,4040.06103515625,55244400.0
2024-03-08,5150.0,5175.0,5125.0,5150.0,4059.7685546875,39983000.0
2024-03-13,5150.0,5200.0,5125.0,5150.0,4059.7685546875,63672300.0
2024-03-14,5175.0,5300.0,5150.0,5275.0,4158.306640625,79465800.0
2024-03-15,5300.0,5300.0,5175.0,5175.0,4079.476318359375,164222200.0
2024-03-18,5200.0,5250.0,5150.0,5150.0,4059.7685546875,50943600.0
2024-03-19,5150.0,5250.0,5150.0,5225.0,4118.8916015625,48398600.0
2024-03-20,5225.0,5275.0,5225.0,5275.0,4158.306640625,56191300.0
2024-03-21,5300.0,5400.0,5275.0,5350.0,4217.4296875,67351800.0
2024-03-22,5375.0,5375.0,5325.0,5375.0,4237.13720703125,46341000.0
2024-03-25,5425.0,5425.0,5325.0,5350.0,4217.4296875,39759600.0
2024-03-26,5375.0,5375.0,5250.0,5300.0,4178.0146484375,57175300.0
2024-03-27,5300.0,5325.0,5250.0,5275.0,4158.306640625,47174800.0
2024-03-28,5275.0,5275.0,5100.0,5150.0,4059.7685546875,107123600.0
2024-04-01,5175.0,5225.0,5150.0,5200.0,4099.18359375,42828200.0
2024-04-02,5225.0,5275.0,5175.0,5275.0,4158.306640625,41029100.0
2024-04-03,5275.0,5275.0,5200.0,5250.0,4138.5986328125,39260600.0
2024-04-04,5250.0,5250.0,5150.0,5175.0,4079.476318359375,48395600.0
2024-04-05,5150.0,5325.0,5150.0,5275.0,4158.306640625,59190300.0
2024-04-16,5175.0,5225.0,5100.0,5100.0,4020.353515625,137258300.0
2024-04-17,5150.0,5175.0,5100.0,5125.0,4040.06103515625,47211000.0
2024-04-18,5150.0,5150.0,5050.0,5100.0,4020.353515625,81583700.0
2024-04-19,5050.0,5075.0,4870.0,4900.0,3862.692626953125,185008500.0
2024-04-22,4940.0,4990.0,4940.0,4950.0,3902.107421875,57689200.0
2024-04-23,4990.0,5075.0,4990.0,5025.0,3961.23046875,49438000.0
2024-04-24,5000.0,5050.0,4910.0,4910.0,3870.575439453125,65796800.0
2024-04-25,4910.0,4980.0,4910.0,4950.0,3902.107421875,52139300.0
2024-04-26,4980.0,4980.0,4880.0,4880.0,3846.926513671875,70877700.0
2024-04-29,4920.0,5050.0,4900.0,5025.0,3961.23046875,68303100.0
2024-04-30,5050.0,5225.0,4980.0,5150.0,4059.7685546875,142632100.0
2024-05-02,5225.0,5275.0,5175.0,5175.0,4079.476318359375,100889100.0
2024-05-03,5225.0,5250.0,5200.0,5225.0,4118.8916015625,44094400.0
2024-05-06,5250.0,5250.0,5075.0,5100.0,4020.353515625,70400000.0
2024-05-07,5100.0,5125.0,5025.0,5050.0,3980.9384765625,58780600.0
2024-05-08,5075.0,5150.0,5000.0,5125.0,4040.06103515625,86738900.0
2024-05-13,5150.0,5175.0,5075.0,5075.0,4000.64599609375,143316000.0
2024-05-14,4680.0,4690.0,4580.0,4580.0,3937.03466796875,264535600.0
2024-05-15,4570.0,4620.0,4530.0,4530.0,3894.05322265625,109962400.0
2024-05-16,4590.0,4720.0,4540.0,4710.0,4048.784423828125,149039700.0
2024-05-17,4710.0,4810.0,4690.0,4800.0,4126.1494140625,101492400.0
2024-05-20,4800.0,4830.0,4730.0,4740.0,4074.57275390625,58021800.0
2024-05-21,4750.0,4770.0,4700.0,4700.0,4040.187744140625,57558000.0
2024-05-22,4720.0,4730.0,4700.0,4710.0,4048.784423828125,25932300.0
2024-05-27,4700.0,4720.0,4550.0,4550.0,3911.245849609375,86050000.0
2024-05-28,4560.0,4600.0,4510.0,4510.0,3876.86083984375,42542400.0
2024-05-29,4800.0,4800.0,4370.0,4460.0,3833.880615234375,148814900.0
2024-05-30,4450.0,4450.0,4310.0,4320.0,3713.534423828125,112636300.0
2024-05-31,4340.0,4370.0,4290.0,4290.0,3687.746337890625,144592700.0
2024-06-03,4330.0,4530.0,4330.0,4500.0,3868.264892578125,77444200.0
2024-06-04,4510.0,4630.0,4480.0,4580.0,3937.03466796875,92676800.0
2024-06-05,4560.0,4640.0,4550.0,4600.0,3954.226806640625,65856400.0
2024-06-06,4620.0,4620.0,4530.0,4560.0,3919.841796875,43632400.0
2024-06-07,4550.0,4570.0,4530.0,4560.0,3919.841796875,34027900.0
2024-06-10,4560.0,4560.0,4500.0,4510.0,3876.86083984375,19932200.0
2024-06-11,4500.0,4500.0,4350.0,4350.0,3739.322998046875,71234400.0
2024-06-12,4350.0,4410.0,4290.0,4360.0,3747.918701171875,65665400.0
2024-06-13,4410.0,4480.0,4400.0,4460.0,3833.880615234375,55824400.0
2024-06-14,4480.0,4530.0,4410.0,4420.0,3799.49609375,57967500.0
2024-06-19,4450.0,4510.0,4420.0,4450.0,3825.284423828125,48727600.0
2024-06-20,4440.0,4470.0,4360.0,4450.0,3825.284423828125,35160300.0
2024-06-21,4450.0,4530.0,4410.0,4490.0,3859.668701171875,98313200.0
2024-06-24,4480.0,4500.0,4410.0,4430.0,3808.092041015625,36677200.0
2024-06-25,4440.0,4440.0,4360.0,4400.0,3782.303955078125,50385000.0
2024-06-26,4400.0,4450.0,4370.0,4420.0,3799.49609375,38397100.0
2024-06-27,4430.0,4440.0,4400.0,4430.0,3808.092041015625,21784700.0
2024-06-28,4430.0,4560.0,4430.0,4460.0,3833.880615234375,127293900.0
2024-07-01,4490.0,4620.0,4490.0,4620.0,3971.4189453125,141627300.0
2024-07-02,4610.0,4620.0,4510.0,4530.0,3894.05322265625,72229800.0
2024-07-03,4550.0,4580.0,4520.0,4570.0,3928.43798828125,30743200.0
2024-07-04,4580.0,4610.0,4550.0,4550.0,3911.245849609375,44755400.0
2024-07-05,4570.0,4610.0,4540.0,4580.0,3937.03466796875,53196500.0
2024-07-08,4600.0,4640.0,4560.0,4640.0,3988.610595703125,69535000.0
2024-07-09,4620.0,4620.0,4540.0,4560.0,3919.841796875,84784500.0
2024-07-10,4570.0,4580.0,4520.0,4540.0,3902.649658203125,44563900.0
2024-07-11,4550.0,4600.0,4500.0,4510.0,3876.86083984375,71140800.0
2024-07-12,4510.0,4570.0,4500.0,4540.0,3902.649658203125,54299700.0
2024-07-15,4540.0,4550.0,4460.0,4470.0,3842.4765625,53234000.0
2024-07-16,4480.0,4490.0,4380.0,4380.0,3765.111083984375,83814800.0
2024-07-17,4420.0,4470.0,4400.0,4460.0,3833.880615234375,49379700.0
2024-07-18,4470.0,4540.0,4460.0,4540.0,3902.649658203125,54184300.0
2024-07-19,4520.0,4540.0,4480.0,4530.0,3894.05322265625,40785800.0
2024-07-22,4530.0,4540.0,4480.0,4520.0,3885.45751953125,33128600.0
2024-07-23,4510.0,4530.0,4450.0,4450.0,3825.284423828125,46427300.0
2024-07-24,4470.0,4560.0,4460.0,4530.0,3894.05322265625,50741700.0
2024-07-25,4530.0,4530.0,4450.0,4490.0,3859.668701171875,40364400.0
2024-07-26,4500.0,4620.0,4500.0,4610.0,3962.82275390625,92236800.0
2024-07-29,4620.0,4630.0,4580.0,4610.0,3962.82275390625,42232800.0
2024-07-30,4610.0,4610.0,4520.0,4540.0,3902.649658203125,40995800.0
2024-07-31,4620.0,4730.0,4590.0,4720.0,4057.38037109375,170406600.0
2024-08-01,4700.0,4740.0,4660.0,4740.0,4074.57275390625,50775700.0
2024-08-02,4710.0,4740.0,4670.0,4690.0,4031.592041015625,47509800.0
2024-08-05,4640.0,4650.0,4520.0,4560.0,3919.841796875,93952300.0
2024-08-06,4600.0,4620.0,4540.0,4610.0,3962.82275390625,56748800.0
2024-08-07,4600.0,4630.0,4560.0,4630.0,3980.015625,72464900.0
2024-08-08,4620.0,4750.0,4600.0,4740.0,4074.57275390625,116387300.0
2024-08-09,4760.0,4790.0,4730.0,4760.0,4091.764892578125,44489500.0
2024-08-12,4760.0,4780.0,4720.0,4760.0,4091.764892578125,34027600.0
2024-08-13,4800.0,4800.0,4740.0,4760.0,4091.764892578125,43904800.0
2024-08-14,4800.0,4930.0,4770.0,4890.0,4203.5146484375,91874600.0
2024-08-15,4890.0,4920.0,4840.0,4890.0,4203.5146484375,46694800.0
2024-08-16,4900.0,4990.0,4900.0,4970.0,4272.28369140625,65502100.0
2024-08-19,4970.0,5050.0,4940.0,5025.0,4319.5625,54296700.0
2024-08-20,5050.0,5150.0,5025.0,5125.0,4405.5244140625,94493800.0
2024-08-21,5150.0,5225.0,5075.0,5075.0,4362.54345703125,94502800.0
2024-08-22,5025.0,5050.0,4990.0,5000.0,4298.072265625,63177200.0
2024-08-23,5050.0,5175.0,5050.0,5100.0,4384.03369140625,52275100.0
2024-08-26,5125.0,5200.0,5125.0,5150.0,4427.0146484375,30540900.0
2024-08-27,5150.0,5175.0,5075.0,5150.0,4427.0146484375,30475700.0
2024-08-28,5150.0,5150.0,5000.0,5025.0,4319.5625,64090900.0
2024-08-29,5050.0,5075.0,5000.0,5075.0,4362.54345703125,42502100.0
2024-08-30,5075.0,5125.0,5025.0,5100.0,4384.03369140625,74429400.0
2024-09-02,5100.0,5225.0,5100.0,5200.0,4469.9951171875,84858600.0
2024-09-03,5225.0,5225.0,5125.0,5125.0,4405.5244140625,34864300.0
2024-09-04,5050.0,5100.0,5025.0,5050.0,4341.0537109375,45331200.0
2024-09-05,5075.0,5125.0,5050.0,5075.0,4362.54345703125,34711100.0
2024-09-06,5050.0,5125.0,5050.0,5050.0,4341.0537109375,32014300.0
2024-09-09,5050.0,5100.0,5000.0,5025.0,4319.5625,55466500.0
2024-09-10,5075.0,5100.0,5000.0,5025.0,4319.5625,58871700.0
2024-09-11,5025.0,5050.0,5000.0,5025.0,4319.5625,27381100.0
2024-09-12,5025.0,5075.0,5025.0,5025.0,4319.5625,24718300.0
2024-09-13,5025.0,5075.0,5025.0,5075.0,4362.54345703125,24921900.0
2024-09-17,5075.0,5100.0,5025.0,5075.0,4362.54345703125,35574000.0
2024-09-18,5100.0,5275.0,5075.0,5250.0,4512.9755859375,123540100.0
2024-09-19,5275.0,5275.0,5200.0,5275.0,4534.46630859375,57254000.0
2024-09-20,5275.0,5275.0,5200.0,5225.0,4491.48583984375,47509500.0
2024-09-23,5250.0,5275.0,5225.0,5225.0,4491.48583984375,23362800.0
2024-09-24,5250.0,5275.0,5225.0,5275.0,4534.46630859375,43482600.0
2024-09-25,5300.0,5300.0,5150.0,5225.0,4491.48583984375,63437200.0
2024-09-26,5250.0,5275.0,5175.0,5250.0,4512.9755859375,56030300.0
2024-09-27,5275.0,5275.0,5050.0,5100.0,4384.03369140625,57476200.0
2024-09-30,5100.0,5100.0,5000.0,5050.0,4341.0537109375,66737800.0
2024-10-01,5100.0,5175.0,5075.0,5175.0,4448.5048828125,39024000.0
2024-10-02,5150.0,5150.0,5050.0,5150.0,4427.0146484375,39888600.0
2024-10-03,5175.0,5250.0,5100.0,5250.0,4512.9755859375,56763900.0
2024-10-04,5250.0,5250.0,5100.0,5150.0,4427.0146484375,35939300.0
2024-10-07,5150.0,5175.0,5075.0,5100.0,4384.03369140625,27889100.0
2024-10-08,5100.0,5225.0,5075.0,5225.0,4491.48583984375,42347600.0
2024-10-09,5225.0,5225.0,5075.0,5075.0,4362.54345703125,33544900.0
2024-10-10,5100.0,5125.0,5075.0,5125.0,4405.5244140625,27734400.0
2024-10-11,5125.0,5150.0,5075.0,5075.0,4362.54345703125,39320000.0
2024-10-14,5025.0,5025.0,4920.0,4930.0,4321.34619140625,71369100.0
2024-10-15,4930.0,4970.0,4900.0,4930.0,4321.34619140625,61263600.0
2024-10-16,4950.0,4960.0,4900.0,4960.0,4347.642578125,80530100.0
2024-10-17,4950.0,4970.0,4930.0,4950.0,4338.876953125,54164800.0
2024-10-18,4960.0,4960.0,4920.0,4920.0,4312.58056640625,39805400.0
2024-10-21,4950.0,5100.0,4930.0,5100.0,4470.3583984375,88954300.0
2024-10-22,5125.0,5275.0,5100.0,5275.0,4623.75244140625,132222000.0
2024-10-23,5275.0,5300.0,5175.0,5300.0,4645.66650390625,64519100.0
2024-10-24,5300.0,5300.0,5200.0,5275.0,4623.75244140625,50777100.0
2024-10-25,5275.0,5275.0,5200.0,5225.0,4579.92578125,27247500.0
2024-10-28,5250.0,5250.0,5125.0,5250.0,4601.8388671875,40165900.0
2024-10-29,5250.0,5250.0,5125.0,5125.0,4492.271484375,45247600.0
2024-10-30,5125.0,5200.0,5050.0,5200.0,4558.01220703125,33200300.0
2024-10-31,5300.0,5300.0,5100.0,5100.0,4470.3583984375,77263000.0
2024-11-01,5125.0,5175.0,5050.0,5075.0,4448.4443359375,54219100.0
2024-11-04,5075.0,5125.0,4980.0,5125.0,4492.271484375,52362100.0
2024-11-05,5125.0,5200.0,5075.0,5175.0,4536.0986328125,31165800.0
2024-11-06,5175.0,5175.0,5025.0,5050.0,4426.53076171875,32975900.0
2024-11-07,5050.0,5075.0,5000.0,5000.0,4382.70361328125,46053500.0
2024-11-08,5050.0,5075.0,4950.0,4960.0,4347.642578125,32828900.0
2024-11-11,4960.0,4990.0,4850.0,4970.0,4356.4072265625,49885000.0
2024-11-12,5000.0,5000.0,4930.0,4970.0,4356.4072265625,43239600.0
2024-11-13,5000.0,5025.0,4950.0,5025.0,4404.61767578125,24479600.0
2024-11-14,5025.0,5025.0,4930.0,4950.0,4338.876953125,38255700.0
2024-11-15,4940.0,4960.0,4920.0,4940.0,4330.11181640625,14867600.0
2024-11-18,4950.0,4970.0,4910.0,4930.0,4321.34619140625,17408700.0
2024-11-19,4930.0,4970.0,4900.0,4970.0,4356.4072265625,36816800.0
2024-11-20,4970.0,5025.0,4950.0,5000.0,4382.70361328125,18634300.0
2024-11-21,4990.0,4990.0,4890.0,4890.0,4286.2841796875,27662900.0
2024-11-22,4900.0,4960.0,4860.0,4910.0,4303.8154296875,21241800.0
2024-11-25,4950.0,5175.0,4940.0,5175.0,4536.0986328125,84518400.0
2024-11-26,5150.0,5200.0,5100.0,5150.0,4514.18505859375,45059300.0
2024-11-28,5200.0,5225.0,5125.0,5125.0,4492.271484375,30554200.0
2024-11-29,5125.0,5125.0,5025.0,5100.0,4470.3583984375,48756800.0
2024-12-02,5100.0,5150.0,4900.0,4940.0,4330.11181640625,47373200.0
2024-12-03,4980.0,5125.0,4970.0,5125.0,4492.271484375,46752800.0
2024-12-04,5100.0,5225.0,5075.0,5225.0,4579.92578125,51733400.0
2024-12-05,5225.0,5225.0,5125.0,5200.0,4558.01220703125,21948400.0
2024-12-06,5150.0,5175.0,5050.0,5150.0,4514.18505859375,36599600.0
2024-12-09,5150.0,5225.0,5100.0,5225.0,4579.92578125,37208600.0
2024-12-10,5200.0,5225.0,5150.0,5225.0,4579.92578125,41536400.0
2024-12-11,5175.0,5250.0,5175.0,5250.0,4601.8388671875,41090000.0
2024-12-12,5150.0,5225.0,5050.0,5100.0,4470.3583984375,37254100.0
2024-12-13,5100.0,5150.0,5050.0,5125.0,4492.271484375,27732300.0
2024-12-16,5075.0,5150.0,5000.0,5125.0,4492.271484375,35937800.0
2024-12-17,5100.0,5150.0,4950.0,4980.0,4365.1728515625,48682400.0
2024-12-18,4980.0,5050.0,4960.0,5000.0,4382.70361328125,27412000.0
2024-12-19,4950.0,4950.0,4860.0,4880.0,4277.51904296875,39151900.0
2024-12-20,4880.0,4900.0,4850.0,4870.0,4268.75390625,44851200.0
2024-12-23,4900.0,4950.0,4870.0,4950.0,4338.876953125,29678900.0
2024-12-24,4940.0,4980.0,4880.0,4880.0,4277.51904296875,22600500.0
2024-12-27,4890.0,4940.0,4880.0,4930.0,4321.34619140625,14456700.0
2024-12-30,4930.0,4940.0,4880.0,4900.0,4295.05029296875,23926400.0
2025-01-02,4910.0,4970.0,4900.0,4950.0,4338.876953125,17924000.0
2025-01-03,4950.0,4970.0,4920.0,4950.0,4338.876953125,12711800.0
2025-01-06,4950.0,5000.0,4860.0,4860.0,4259.98828125,18412500.0
2025-01-07,4860.0,4920.0,4850.0,4920.0,4312.58056640625,20452200.0
2025-01-08,4880.0,4910.0,4810.0,4810.0,4216.1611328125,23739400.0
2025-01-09,4830.0,4950.0,4830.0,4930.0,4321.34619140625,23802600.0
2025-01-10,4940.0,4960.0,4860.0,4900.0,4295.05029296875,31951800.0
2025-01-13,4910.0,4920.0,4720.0,4750.0,4163.568359375,46247300.0
2025-01-14,4770.0,4850.0,4750.0,4750.0,4163.568359375,28096700.0
2025-01-15,4790.0,4940.0,4780.0,4940.0,4330.11181640625,27497200.0
2025-01-16,5025.0,5025.0,4880.0,4880.0,4277.51904296875,30520200.0
2025-01-17,4860.0,4970.0,4840.0,4940.0,4330.11181640625,23691900.0
2025-01-20,4940.0,4960.0,4900.0,4910.0,4303.8154296875,11873200.0
2025-01-21,4930.0,4970.0,4900.0,4910.0,4303.8154296875,21762200.0
2025-01-22,4920.0,4980.0,4880.0,4960.0,4347.642578125,33116700.0
2025-01-23,4960.0,4980.0,4900.0,4900.0,4295.05029296875,17049700.0
2025-01-24,4900.0,4960.0,4870.0,4870.0,4268.75390625,19663900.0
2025-01-30,4870.0,4870.0,4780.0,4780.0,4189.86474609375,28147100.0
2025-01-31,4790.0,4840.0,4790.0,4800.0,4207.3955078125,27064100.0
2025-02-03,4800.0,4800.0,4740.0,4760.0,4172.333984375,33116100.0
2025-02-04,4770.0,4840.0,4760.0,4800.0,4207.3955078125,20631500.0
2025-02-05,4850.0,4850.0,4730.0,4740.0,4154.80322265625,20436200.0
2025-02-06,4740.0,4740.0,4520.0,4550.0,3988.260498046875,61645400.0
2025-02-07,4610.0,4670.0,4530.0,4650.0,4075.9150390625,33223300.0
2025-02-10,4610.0,4650.0,4520.0,4570.0,4005.79150390625,40230000.0
2025-02-11,4590.0,4650.0,4570.0,4610.0,4040.853271484375,32956400.0
2025-02-12,4680.0,4680.0,4620.0,4640.0,4067.149169921875,30762900.0
2025-02-13,4640.0,4670.0,4580.0,4660.0,4084.68017578125,21320200.0
2025-02-14,4660.0,4730.0,4640.0,4680.0,4102.2109375,31409000.0
2025-02-17,4680.0,4780.0,4670.0,4740.0,4154.80322265625,30270200.0
2025-02-18,4740.0,4840.0,4740.0,4800.0,4207.3955078125,31828200.0
2025-02-19,4820.0,4840.0,4610.0,4700.0,4119.7421875,47951400.0
2025-02-20,4700.0,4740.0,4650.0,4720.0,4137.2724609375,23653800.0
2025-02-21,4740.0,4800.0,4600.0,4750.0,4163.568359375,31937400.0
2025-02-24,4750.0,4770.0,4660.0,4700.0,4119.7421875,22303600.0
2025-02-25,4710.0,4750.0,4550.0,4560.0,3997.025634765625,42728600.0
2025-02-26,4560.0,4600.0,4520.0,4580.0,4014.556884765625,19351300.0
2025-02-27,4550.0,4590.0,4480.0,4590.0,4023.322021484375,37731000.0
2025-02-28,4650.0,4650.0,4370.0,4530.0,3970.729736328125,70620000.0
2025-03-03,4530.0,4720.0,4500.0,4680.0,4102.2109375,65345600.0
2025-03-04,4680.0,4700.0,4590.0,4690.0,4110.9765625,40873900.0
2025-03-05,4700.0,4900.0,4690.0,4900.0,4295.05029296875,86703900.0
2025-03-06,4900.0,4960.0,4860.0,4900.0,4295.05029296875,51276300.0
2025-03-07,4900.0,4970.0,4790.0,4930.0,4321.34619140625,59830500.0
2025-03-10,4900.0,4900.0,4750.0,4770.0,4181.099609375,53139600.0
2025-03-11,4720.0,4800.0,4700.0,4800.0,4207.3955078125,35571600.0
2025-03-12,4760.0,4830.0,4740.0,4810.0,4216.1611328125,29264500.0
2025-03-13,4790.0,4810.0,4680.0,4730.0,4146.0380859375,41066600.0
2025-03-14,4730.0,4730.0,4610.0,4620.0,4049.618408203125,35967600.0
2025-03-17,4660.0,4670.0,4610.0,4620.0,4049.618408203125,23856300.0
2025-03-18,4630.0,4650.0,4460.0,4650.0,4075.9150390625,66583100.0
2025-03-19,4650.0,4700.0,4610.0,4690.0,4110.9765625,37556400.0
2025-03-20,4690.0,4750.0,4640.0,4710.0,4128.50732421875,23310500.0
2025-03-21,4720.0,4840.0,4630.0,4840.0,4242.45703125,57730500.0
2025-03-24,4780.0,4780.0,4540.0,4690.0,4110.9765625,29695400.0
2025-03-25,4700.0,4700.0,4610.0,4650.0,4075.9150390625,26320300.0
2025-03-26,4660.0,4840.0,4660.0,4800.0,4207.3955078125,30508200.0
2025-03-27,4800.0,4920.0,4790.0,4920.0,4312.58056640625,44551200.0
2025-04-08,4800.0,4800.0,4450.0,4480.0,3926.90283203125,94752400.0
2025-04-09,4480.0,4660.0,4470.0,4620.0,4049.618408203125,46086300.0
2025-04-10,4750.0,4840.0,4690.0,4710.0,4128.50732421875,43115600.0
2025-04-11,4660.0,4740.0,4620.0,4710.0,4128.50732421875,31446100.0
2025-04-14,4740.0,4930.0,4710.0,4930.0,4321.34619140625,39843200.0
2025-04-15,4930.0,4950.0,4800.0,4870.0,4268.75390625,56488100.0
2025-04-16,4850.0,4860.0,4690.0,4780.0,4189.86474609375,44479500.0
2025-04-17,4770.0,4770.0,4710.0,4750.0,4163.568359375,28099700.0
2025-04-21,4750.0,4810.0,4740.0,4790.0,4198.63037109375,14313200.0
2025-04-22,4750.0,4780.0,4720.0,4740.0,4154.80322265625,29906300.0
2025-04-23,4770.0,4840.0,4770.0,4820.0,4224.9267578125,38609800.0
2025-04-24,4830.0,4840.0,4770.0,4770.0,4181.099609375,42307000.0
2025-04-25,4790.0,4910.0,4790.0,4860.0,4259.98828125,45465200.0
2025-04-28,4880.0,4930.0,4870.0,4890.0,4286.2841796875,22380800.0
2025-04-29,4910.0,4910.0,4800.0,4800.0,4207.3955078125,46881000.0
2025-04-30,4800.0,4840.0,4780.0,4800.0,4207.3955078125,46038900.0
2025-05-02,4810.0,4860.0,4760.0,4790.0,4198.63037109375,61301400.0
2025-05-05,4800.0,4810.0,4770.0,4780.0,4189.86474609375,30747900.0
2025-05-06,4780.0,4800.0,4750.0,4750.0,4163.568359375,53222000.0
2025-05-07,4780.0,4840.0,4770.0,4830.0,4233.69189453125,47790800.0
2025-05-08,4860.0,4930.0,4780.0,4780.0,4189.86474609375,92459500.0
2025-05-09,4790.0,4830.0,4780.0,4780.0,4189.86474609375,38964000.0
2025-05-14,4860.0,4880.0,4800.0,4810.0,4216.1611328125,92389200.0
2025-05-15,4820.0,4850.0,4810.0,4820.0,4224.9267578125,69701600.0
2025-05-16,4840.0,4880.0,4810.0,4880.0,4277.51904296875,64271600.0
2025-05-19,4890.0,4960.0,4880.0,4940.0,4330.11181640625,97782400.0
2025-05-20,4960.0,4960.0,4860.0,4860.0,4259.98828125,127610600.0
2025-05-21,4600.0,4690.0,4570.0,4670.0,4370.41845703125,115335300.0
2025-05-22,4680.0,4710.0,4630.0,4630.0,4332.984375,52032700.0
2025-05-23,4770.0,4780.0,4730.0,4740.0,4435.927734375,42300400.0
2025-05-26,4770.0,4780.0,4690.0,4730.0,4426.5693359375,40971400.0
2025-05-27,4710.0,4730.0,4660.0,4700.0,4398.494140625,38680100.0
2025-05-28,4710.0,4850.0,4660.0,4850.0,4538.87158203125,188036300.0
2025-06-02,4780.0,4800.0,4730.0,4780.0,4473.36181640625,115876200.0
2025-06-03,4750.0,4760.0,4650.0,4700.0,4398.494140625,51574100.0
2025-06-04,4760.0,4760.0,4610.0,4610.0,4314.267578125,55901000.0
2025-06-05,4640.0,4670.0,4610.0,4610.0,4314.267578125,38381400.0
2025-06-10,4670.0,4670.0,4600.0,4600.0,4304.90869140625,60469600.0
2025-06-11,4610.0,4630.0,4580.0,4610.0,4314.267578125,50550100.0
2025-06-12,4610.0,4620.0,4560.0,4560.0,4267.474609375,54629900.0
2025-06-13,4580.0,4600.0,4560.0,4570.0,4276.83349609375,38510500.0
2025-06-16,4570.0,4630.0,4560.0,4610.0,4314.267578125,29939400.0
2025-06-17,4640.0,4640.0,4590.0,4600.0,4304.90869140625,29978400.0
2025-06-18,4610.0,4620.0,4590.0,4590.0,4295.55029296875,19386900.0
2025-06-19,4590.0,4600.0,4500.0,4530.0,4239.3994140625,30832700.0
2025-06-20,4530.0,4530.0,4480.0,4490.0,4201.96533203125,50116600.0
2025-06-23,4470.0,4470.0,4400.0,4430.0,4145.814453125,28820000.0
2025-06-24,4470.0,4500.0,4430.0,4470.0,4183.24853515625,37523200.0
2025-06-25,4530.0,4530.0,4420.0,4470.0,4183.24853515625,33217200.0
2025-06-26,4440.0,4450.0,4410.0,4450.0,4164.53173828125,26909800.0
2025-06-30,4470.0,4520.0,4450.0,4500.0,4211.32373046875,41865200.0
2025-07-01,4490.0,4510.0,4440.0,4450.0,4164.53173828125,27410600.0
2025-07-02,4450.0,4550.0,4440.0,4540.0,4248.7578125,34231600.0
2025-07-03,4540.0,4590.0,4530.0,4570.0,4276.83349609375,24120100.0
2025-07-04,4600.0,4650.0,4570.0,4620.0,4323.6259765625,25298100.0
2025-07-07,4620.0,4680.0,4590.0,4680.0,4379.77685546875,20181800.0
2025-07-08,4670.0,4670.0,4620.0,4660.0,4361.06005859375,21173700.0
2025-07-09,4680.0,4720.0,4670.0,4720.0,4417.2109375,32577400.0
2025-07-10,4720.0,4730.0,4680.0,4680.0,4379.77685546875,21464100.0
2025-07-11,4720.0,4720.0,4680.0,4710.0,4407.8525390625,19382400.0
2025-07-14,4710.0,4750.0,4650.0,4700.0,4398.494140625,32985800.0
2025-07-15,4700.0,4700.0,4630.0,4700.0,4398.494140625,25045900.0
2025-07-16,4700.0,4810.0,4690.0,4750.0,4445.2861328125,53394000.0
2025-07-17,4750.0,4820.0,4730.0,4790.0,4482.72021484375,37859000.0
2025-07-18,4810.0,4840.0,4750.0,4750.0,4445.2861328125,23680400.0
2025-07-21,4810.0,4810.0,4720.0,4760.0,4454.64453125,17018900.0
2025-07-22,4760.0,4760.0,4680.0,4690.0,4389.1357421875,47232600.0
2025-07-23,4740.0,4950.0,4720.0,4950.0,4632.45654296875,94669900.0
2025-07-24,4990.0,5075.0,4980.0,5050.0,4726.041015625,72459700.0
2025-07-25,5000.0,5050.0,4950.0,5000.0,4679.24853515625,28079000.0
2025-07-28,5025.0,5100.0,4990.0,5100.0,4772.833984375,59414600.0
2025-07-29,5100.0,5125.0,5025.0,5100.0,4772.833984375,36861000.0
2025-07-30,5100.0,5150.0,5075.0,5150.0,4819.62646484375,53075600.0
2025-07-31,5150.0,5175.0,5100.0,5100.0,4772.833984375,44048400.0
2025-08-01,5125.0,5150.0,4960.0,5000.0,4679.24853515625,33392000.0
2025-08-04,5000.0,5050.0,4940.0,5025.0,4702.64501953125,21561700.0
2025-08-05,5050.0,5050.0,4990.0,5025.0,4702.64501953125,20210600.0
2025-08-06,5025.0,5025.0,4900.0,4900.0,4585.6640625,24786300.0
2025-08-07,4920.0,5025.0,4920.0,4960.0,4641.81494140625,25930000.0
2025-08-08,4950.0,4990.0,4920.0,4920.0,4604.380859375,20639400.0
2025-08-11,4920.0,4930.0,4870.0,4900.0,4585.6640625,21955000.0
2025-08-12,4900.0,5025.0,4890.0,4990.0,4669.89013671875,22725500.0
2025-08-13,5100.0,5250.0,5025.0,5175.0,4843.0224609375,103458500.0
2025-08-14,5125.0,5150.0,5075.0,5100.0,4772.833984375,31796500.0
2025-08-15,5100.0,5125.0,5025.0,5025.0,4702.64501953125,16434700.0
2025-08-19,5275.0,5575.0,5200.0,5525.0,5170.56982421875,260942000.0
2025-08-20,5525.0,5550.0,5450.0,5525.0,5170.56982421875,74517000.0
2025-08-21,5525.0,5650.0,5500.0,5625.0,5264.15478515625,76746200.0
2025-08-22,5650.0,5775.0,5600.0,5700.0,5334.34326171875,73126900.0
2025-08-25,5750.0,5775.0,5675.0,5750.0,5381.13623046875,60737900.0
2025-08-26,5725.0,5725.0,5475.0,5625.0,5264.15478515625,79136200.0
2025-08-27,5650.0,5725.0,5500.0,5500.0,5147.17333984375,33172600.0
2025-08-28,5525.0,5650.0,5525.0,5575.0,5217.3623046875,18032900.0
2025-08-29,5450.0,5625.0,5425.0,5500.0,5147.17333984375,62869000.0
2025-09-01,5200.0,5500.0,5200.0,5450.0,5100.38134765625,67904000.0
2025-09-02,5500.0,5550.0,5400.0,5475.0,5123.77734375,21623300.0
2025-09-03,5525.0,5650.0,5450.0,5500.0,5147.17333984375,45471600.0
2025-09-04,5500.0,5500.0,5400.0,5500.0,5147.17333984375,26987400.0
2025-09-08,5600.0,5600.0,5350.0,5425.0,5076.9853515625,57081800.0
2025-09-09,5400.0,5600.0,5350.0,5525.0,5170.56982421875,49240100.0
2025-09-10,5525.0,5525.0,5400.0,5475.0,5123.77734375,22964700.0
2025-09-11,5475.0,5600.0,5450.0,5550.0,5193.96630859375,28151500.0
2025-09-12,5625.0,5700.0,5600.0,5675.0,5310.94775390625,30653500.0
2025-09-15,5675.0,5700.0,5600.0,5625.0,5264.15478515625,26368000.0
2025-09-16,5650.0,5675.0,5600.0,5650.0,5287.55126953125,15987900.0
2025-09-17,5650.0,5700.0,5600.0,5700.0,5334.34326171875,23879700.0
2025-09-18,5700.0,5725.0,5550.0,5575.0,5217.3623046875,27261300.0
2025-09-19,5575.0,5750.0,5575.0,5725.0,5357.73974609375,52162200.0
2025-09-22,5725.0,5725.0,5625.0,5700.0,5334.34326171875,35106300.0
2025-09-23,5675.0,5950.0,5650.0,5900.0,5521.513671875,41044200.0
2025-09-24,5950.0,5950.0,5850.0,5900.0,5521.513671875,61167600.0
2025-09-25,5900.0,5900.0,5750.0,5775.0,5404.5322265625,35805100.0
2025-09-26,5875.0,6000.0,5775.0,5875.0,5498.11767578125,42677800.0
2025-09-29,5875.0,5900.0,5750.0,5775.0,5404.5322265625,20892700.0
2025-09-30,5750.0,5825.0,5700.0,5775.0,5404.5322265625,41266900.0
2025-10-01,5825.0,5850.0,5650.0,5675.0,5310.94775390625,26508200.0
2025-10-02,5750.0,5750.0,5625.0,5700.0,5334.34326171875,29346300.0
2025-10-03,5750.0,5850.0,5750.0,5825.0,5451.32470703125,27951100.0
2025-10-06,5900.0,5925.0,5800.0,5825.0,5451.32470703125,21809400.0
2025-10-07,5925.0,6050.0,5725.0,5750.0,5381.13623046875,43328700.0
2025-10-08,5825.0,5875.0,5650.0,5725.0,5357.73974609375,30080700.0
2025-10-09,5775.0,5925.0,5750.0,5925.0,5544.91015625,27699300.0
2025-10-10,5925.0,5950.0,5850.0,5900.0,5521.513671875,27133800.0
2025-10-13,5850.0,5925.0,5775.0,5800.0,5427.9287109375,29034500.0
2025-10-14,5800.0,6025.0,5800.0,5825.0,5545.0166015625,53096200.0
2025-10-15,5950.0,5950.0,5750.0,5775.0,5497.419921875,96604500.0
2025-10-16,5850.0,5850.0,5750.0,5750.0,5473.62158203125,15044500.0
2025-10-17,5725.0,5800.0,5575.0,5625.0,5354.6298828125,31793700.0
2025-10-20,5625.0,5925.0,5625.0,5925.0,5640.2099609375,29959700.0
2025-10-21,6000.0,6050.0,5900.0,6000.0,5711.60498046875,46181700.0
2025-10-22,6050.0,6300.0,6000.0,6175.0,5878.193359375,98615300.0
2025-10-23,6075.0,6400.0,6075.0,6325.0,6020.9833984375,60009000.0
2025-10-24,6375.0,6675.0,6350.0,6575.0,6258.96728515625,93344500.0
2025-10-27,6600.0,6725.0,6375.0,6600.0,6282.765625,64262300.0
2025-10-28,6600.0,6600.0,6275.0,6325.0,6020.9833984375,37953500.0
2025-10-29,6250.0,6500.0,6225.0,6475.0,6163.7734375,39818900.0
2025-10-30,6425.0,6450.0,6250.0,6275.0,5973.38671875,28976800.0
2025-10-31,6250.0,6300.0,6125.0,6150.0,5854.39501953125,64790000.0
2025-11-03,6150.0,6450.0,6150.0,6350.0,6044.78173828125,59085000.0
2025-11-04,6300.0,6375.0,6250.0,6300.0,5997.18505859375,62249200.0
2025-11-05,6250.0,6325.0,6175.0,6250.0,5949.58837890625,43439100.0
2025-11-06,6300.0,6350.0,6200.0,6325.0,6020.9833984375,48979900.0
2025-11-07,6325.0,6450.0,6300.0,6425.0,6116.1767578125,42960800.0
2025-11-10,6500.0,6500.0,6400.0,6425.0,6116.1767578125,45533400.0
2025-11-11,6550.0,6600.0,6450.0,6525.0,6211.37060546875,43529600.0
2025-11-12,6550.0,6575.0,6400.0,6450.0,6139.97509765625,37083400.0
2025-11-13,6425.0,6425.0,6350.0,6375.0,6068.580078125,21200000.0
2025-11-14,6375.0,6450.0,6325.0,6400.0,6092.37841796875,23431700.0
2025-11-17,6400.0,6500.0,6375.0,6450.0,6139.97509765625,40681500.0
2025-11-18,6475.0,6550.0,6400.0,6425.0,6116.1767578125,27510900.0
2025-11-19,6425.0,6475.0,6275.0,6400.0,6092.37841796875,45476700.0
2025-11-20,6450.0,6500.0,6375.0,6425.0,6116.1767578125,30547700.0
2025-11-21,6400.0,6425.0,6325.0,6425.0,6116.1767578125,43653200.0
2025-11-24,6500.0,6525.0,6425.0,6475.0,6163.7734375,71721700.0
2025-11-25,6425.0,6475.0,6375.0,6450.0,6139.97509765625,20954400.0
2025-11-26,6500.0,6600.0,6425.0,6600.0,6282.765625,29331000.0
2025-11-27,6600.0,6600.0,6450.0,6575.0,6258.96728515625,23737100.0
2025-11-28,6600.0,6600.0,6500.0,6550.0,6235.1689453125,38378700.0
2025-12-01,6375.0,6500.0,6325.0,6375.0,6068.580078125,38669000.0
2025-12-02,6575.0,6625.0,6500.0,6625.0,6306.56396484375,53567600.0
2025-12-03,6600.0,6650.0,6550.0,6600.0,6282.765625,24386200.0
2025-12-04,6575.0,6725.0,6550.0,6725.0,6401.75732421875,38510600.0
2025-12-05,6725.0,6900.0,6700.0,6700.0,6377.958984375,67707300.0
2025-12-08,6825.0,6825.0,6625.0,6725.0,6401.75732421875,38776000.0
2025-12-09,6775.0,6775.0,6450.0,6600.0,6282.765625,38482800.0
2025-12-10,6700.0,6725.0,6550.0,6625.0,6306.56396484375,34524000.0
2025-12-11,6650.0,6675.0,6350.0,6450.0,6139.97509765625,42116700.0
2025-12-12,6550.0,6600.0,6425.0,6600.0,6282.765625,28841900.0
2025-12-15,6725.0,6725.0,6525.0,6600.0,6282.765625,38096700.0
2025-12-16,6575.0,6600.0,6500.0,6600.0,6282.765625,34723600.0
2025-12-17,6550.0,6600.0,6500.0,6600.0,6282.765625,32681400.0
2025-12-18,6600.0,6600.0,6475.0,6500.0,6187.572265625,20454400.0
2025-12-19,6575.0,6575.0,6425.0,6525.0,6211.37060546875,61201100.0
2025-12-22,6450.0,6600.0,6450.0,6575.0,6258.96728515625,30755900.0
2025-12-23,6500.0,6575.0,6450.0,6500.0,6187.572265625,13756700.0
2025-12-24,6450.0,6675.0,6450.0,6625.0,6306.56396484375,20273000.0
2025-12-29,6625.0,6725.0,6600.0,6675.0,6354.16064453125,20982300.0
2025-12-30,6675.0,6725.0,6600.0,6700.0,6377.958984375,23486000.0
2026-01-02,6600.0,6800.0,6600.0,6800.0,6473.15234375,19569100.0
2026-01-05,6775.0,6875.0,6675.0,6875.0,6544.54736328125,30633400.0
2026-01-06,6875.0,6900.0,6700.0,6900.0,6568.345703125,33964700.0
2026-01-07,6800.0,7075.0,6800.0,7025.0,6687.33740234375,55249800.0
2026-01-08,7025.0,7100.0,6975.0,7000.0,6663.5390625,30845500.0
2026-01-09,7000.0,7100.0,6825.0,6875.0,6544.54736328125,29171000.0
2026-01-12,6925.0,7000.0,6900.0,7000.0,6663.5390625,24915100.0
2026-01-13,7075.0,7300.0,7025.0,7300.0,6949.119140625,65659900.0
2026-01-14,7200.0,7225.0,7025.0,7125.0,6782.53076171875,40658400.0
2026-01-15,7200.0,7200.0,7000.0,7050.0,6711.1357421875,26410300.0
2026-01-19,7200.0,7475.0,7175.0,7400.0,7044.31298828125,51590900.0
2026-01-20,7350.0,7375.0,7225.0,7275.0,6925.32080078125,21167100.0
2026-01-21,6300.0,6800.0,6300.0,6600.0,6282.765625,269454100.0
2026-01-22,6700.0,6850.0,6625.0,6775.0,6449.35400390625,70220500.0
2026-01-23,6800.0,6900.0,6650.0,6825.0,6496.95068359375,52227800.0
2026-01-26,6850.0,6875.0,6700.0,6875.0,6544.54736328125,55468700.0
2026-01-27,6775.0,6800.0,6225.0,6300.0,5997.18505859375,145465800.0
2026-01-28,6200.0,6475.0,5775.0,6175.0,5878.193359375,200262500.0
2026-01-29,6200.0,6475.0,5725.0,6475.0,6163.7734375,136295200.0
2026-01-30,6525.0,6550.0,6300.0,6350.0,6044.78173828125,101087200.0
2026-02-02,6350.0,6400.0,6175.0,6275.0,5973.38671875,71571500.0
2026-02-03,6375.0,6800.0,6325.0,6800.0,6473.15234375,63526500.0
2026-02-04,6800.0,6825.0,6625.0,6675.0,6354.16064453125,58211100.0
2026-02-05,6725.0,7000.0,6725.0,6950.0,6615.9423828125,72792600.0
2026-02-06,6800.0,6800.0,6575.0,6700.0,6377.958984375,49547300.0
2026-02-09,6750.0,6750.0,6525.0,6650.0,6330.3623046875,34797900.0
2026-02-10,6700.0,6850.0,6650.0,6850.0,6520.7490234375,45371100.0
2026-02-11,6800.0,6825.0,6700.0,6750.0,6425.5556640625,41050100.0
2026-02-12,6775.0,6900.0,6750.0,6775.0,6449.35400390625,26536900.0
2026-02-13,6775.0,6775.0,6575.0,6650.0,6330.3623046875,31212900.0
2026-02-18,6750.0,6750.0,6650.0,6700.0,6377.958984375,25858200.0
2026-02-19,6700.0,6775.0,6550.0,6600.0,6282.765625,46704000.0
2026-02-20,6600.0,6650.0,6550.0,6550.0,6235.1689453125,28160900.0
2026-02-23,6625.0,6650.0,6550.0,6625.0,6306.56396484375,38075400.0
2026-02-24,6650.0,6725.0,6550.0,6550.0,6235.1689453125,51297100.0
2026-02-25,6600.0,6675.0,6575.0,6650.0,6330.3623046875,45214100.0
2026-02-26,6700.0,6725.0,6575.0,6725.0,6401.75732421875,30901600.0
2026-02-27,6725.0,6750.0,6575.0,6675.0,6354.16064453125,68396400.0
2026-03-02,6600.0,6625.0,6275.0,6300.0,5997.18505859375,60477400.0
2026-03-03,6400.0,6425.0,6250.0,6275.0,5973.38671875,31573300.0
2026-03-04,6275.0,6325.0,6000.0,6150.0,5854.39501953125,49747800.0
2026-03-05,6300.0,6350.0,6200.0,6325.0,6020.9833984375,38471400.0
2026-03-06,6300.0,6300.0,6050.0,6125.0,5830.5966796875,38071100.0
2026-03-09,5900.0,5900.0,5800.0,5850.0,5568.81494140625,46625500.0
2026-03-10,5900.0,6150.0,5900.0,6000.0,5711.60498046875,33964900.0
2026-03-11,6000.0,6050.0,5875.0,5950.0,5664.00830078125,18403300.0
2026-03-12,5975.0,6050.0,5900.0,5950.0,5664.00830078125,20628100.0
2026-03-13,5900.0,5950.0,5775.0,5825.0,5545.0166015625,27856000.0
2026-03-16,5875.0,5900.0,5675.0,5850.0,5568.81494140625,37696400.0
2026-03-17,5925.0,5925.0,5750.0,5800.0,5521.21826171875,89895700.0
2026-03-25,6300.0,6600.0,6100.0,6600.0,6282.765625,134276600.0
2026-03-26,6575.0,6575.0,6225.0,6250.0,5949.58837890625,45012000.0
2026-03-27,6200.0,6225.0,6050.0,6125.0,5830.5966796875,32993200.0
2026-03-30,6100.0,6400.0,6000.0,6350.0,6044.78173828125,48246100.0
2026-03-31,6350.0,6350.0,6175.0,6250.0,5949.58837890625,31516100.0
2026-04-01,6275.0,6350.0,6125.0,6250.0,5949.58837890625,37708800.0
2026-04-02,6150.0,6300.0,6025.0,6075.0,5783.0,37842500.0
2026-04-06,6075.0,6125.0,6025.0,6100.0,5806.79833984375,15705000.0
2026-04-07,6075.0,6075.0,5875.0,5900.0,5616.41162109375,22912400.0
2026-04-08,6050.0,6250.0,6025.0,6200.0,5901.99169921875,28419500.0
2026-04-09,6150.0,6175.0,6050.0,6175.0,5878.193359375,25785600.0
2026-04-10,6225.0,6350.0,6200.0,6300.0,5997.18505859375,37451300.0
2026-04-13,6275.0,6275.0,6150.0,6175.0,5878.193359375,35616700.0
2026-04-14,6250.0,6275.0,6100.0,6150.0,5854.39501953125,35499900.0
2026-04-15,6250.0,6400.0,6225.0,6300.0,5997.18505859375,54204700.0
2026-04-16,6350.0,6375.0,6175.0,6200.0,5901.99169921875,28237100.0
2026-04-17,6275.0,6475.0,6250.0,6375.0,6068.580078125,25291100.0
2026-04-20,6375.0,6450.0,6275.0,6350.0,6044.78173828125,18307400.0
2026-04-21,6450.0,6450.0,6300.0,6325.0,6020.9833984375,25696400.0
2026-04-22,6425.0,6625.0,6375.0,6600.0,6282.765625,42250100.0
2026-04-23,6600.0,6625.0,6325.0,6325.0,6020.9833984375,31725300.0
2026-04-24,6400.0,6475.0,6275.0,6325.0,6020.9833984375,27751700.0
2026-04-27,6375.0,6375.0,6125.0,6125.0,5830.5966796875,19496400.0
2026-04-28,6150.0,6200.0,6025.0,6025.0,5735.4033203125,36965000.0
2026-04-29,6125.0,6250.0,6025.0,6050.0,5759.20166015625,26325800.0
2026-04-30,6075.0,6075.0,5975.0,5975.0,5687.806640625,47690300.0
2026-05-04,6050.0,6125.0,6025.0,6075.0,5783.0,33999000.0
2026-05-05,5825.0,5950.0,5725.0,5875.0,5875.0,38038400.0
2026-05-06,5950.0,5975.0,5750.0,5750.0,5750.0,27273500.0
2026-05-07,5800.0,5900.0,5775.0,5850.0,5850.0,37017100.0
2026-05-08,5875.0,6000.0,5800.0,5825.0,5825.0,36425000.0
2026-05-11,5925.0,6050.0,5825.0,6050.0,6050.0,26376000.0
2026-05-12,6050.0,6100.0,5850.0,5850.0,5850.0,25658100.0
2026-05-13,5850.0,5900.0,5750.0,5750.0,5750.0,32026500.0
2026-05-14,5750.0,5750.0,5750.0,5750.0,5750.0,0.0
2026-05-15,5750.0,5750.0,5750.0,5750.0,5750.0,0.0
2026-05-18,5825.0,6000.0,5775.0,6000.0,6000.0,54305300.0
2026-05-19,6000.0,6050.0,5925.0,5950.0,5950.0,34901400.0
2026-05-20,5950.0,6100.0,5900.0,5975.0,5975.0,37175000.0
2026-05-21,6000.0,6025.0,5600.0,5600.0,5600.0,57790800.0
2026-05-22,5625.0,5650.0,5300.0,5400.0,5400.0,65064200.0
2026-05-25,5425.0,5625.0,5325.0,5600.0,5600.0,92115700.0
2026-05-26,5575.0,5600.0,5125.0,5125.0,5125.0,82648100.0
2026-05-27,5125.0,5125.0,5125.0,5125.0,5125.0,0.0
2026-05-28,5125.0,5125.0,5125.0,5125.0,5125.0,0.0
2026-05-29,4800.0,5200.0,4800.0,5000.0,5000.0,481573900.0
2026-06-02,5000.0,5050.0,4840.0,4900.0,4900.0,156532600.0
2026-06-03,4900.0,4920.0,4670.0,4840.0,4840.0,101108500.0
2026-06-04,4810.0,4840.0,4570.0,4630.0,4630.0,160423900.0
2026-06-05,4600.0,4620.0,4530.0,4570.0,4570.0,64364700.0
2026-06-08,4550.0,4550.0,4350.0,4360.0,4360.0,85460100.0
2026-06-09,4360.0,4680.0,4360.0,4670.0,4670.0,84193600.0
2026-06-10,4650.0,4750.0,4530.0,4700.0,4700.0,91880000.0
2026-06-11,4700.0,4950.0,4680.0,4700.0,4700.0,85205900.0
2026-06-12,4760.0,4810.0,4720.0,4740.0,4740.0,66162000.0
2026-06-15,4900.0,4980.0,4880.0,4890.0,4890.0,89864300.0
2026-06-17,4880.0,4910.0,4790.0,4800.0,4800.0,72821600.0
2026-06-18,4800.0,4830.0,4710.0,4770.0,4770.0,60565200.0
2026-06-19,4770.0,4830.0,4750.0,4810.0,4810.0,229098200.0
2026-06-22,4880.0,4880.0,4710.0,4730.0,4730.0,46627400.0
2026-06-23,4730.0,4780.0,4650.0,4680.0,4680.0,57376700.0
2026-06-24,4830.0,4830.0,4630.0,4640.0,4640.0,53683100.0
2026-06-25,4640.0,4950.0,4640.0,4920.0,4920.0,88497000.0
2026-06-26,4920.0,4930.0,4710.0,4760.0,4760.0,64841400.0
2026-06-29,4770.0,4770.0,4680.0,4710.0,4710.0,25237300.0
2026-06-30,4710.0,4720.0,4470.0,4520.0,4520.0,81706000.0
2026-07-01,4530.0,4650.0,4500.0,4600.0,4600.0,30899300.0
2026-07-02,4620.0,4680.0,4580.0,4580.0,4580.0,52263400.0
2026-07-03,4600.0,4830.0,4600.0,4810.0,4810.0,24908400.0
2026-07-06,4810.0,4810.0,4690.0,4780.0,4780.0,31139400.0
2026-07-07,4790.0,4980.0,4780.0,4930.0,4930.0,44556600.0
2026-07-08,4930.0,4980.0,4870.0,4890.0,4890.0,44811600.0
2026-07-09,4900.0,4900.0,4760.0,4880.0,4880.0,43391100.0
2026-07-10,4850.0,4870.0,4770.0,4810.0,4810.0,24557100.0
2026-07-13,4810.0,4860.0,4730.0,4850.0,4850.0,43780800.0
2026-07-14,4850.0,4910.0,4810.0,4880.0,4880.0,50811200.0
2026-07-15,4880.0,4930.0,4850.0,4850.0,4850.0,37729500.0
2026-07-16,4850.0,5150.0,4840.0,5100.0,5100.0,72624500.0
2026-07-17,5125.0,5200.0,5025.0,5100.0,5100.0,65960600.0
2026-07-20,5125.0,5250.0,5050.0,5050.0,5050.0,67793400.0
2026-07-21,5100.0,5150.0,5050.0,5100.0,5100.0,40894600.0
2026-07-22,5150.0,5300.0,5100.0,5150.0,5150.0,93334100.0
2026-07-23,5150.0,5175.0,5000.0,5000.0,5000.0,66257200.0
2026-07-24,4980.0,4980.0,4900.0,4980.0,4980.0,73314000.0
2026-07-27,4950.0,4950.0,4900.0,4910.0,4910.0,21049300.0
2026-07-28,4920.0,5025.0,4920.0,4970.0,4970.0,34388400.0
2026-07-29,5000.0,5025.0,4950.0,4960.0,4960.0,23808100.0
2026-07-30,4920.0,4950.0,4870.0,4950.0,4950.0,33910100.0
2026-07-31,5000.0,5175.0,5000.0,5100.0,5100.0,46139800.0
2026-08-03,5275.0,5275.0,5000.0,5050.0,5050.0,30943600.0
2026-08-04,5050.0,5125.0,5000.0,5125.0,5125.0,39489500.0
2026-08-05,5150.0,5175.0,5000.0,5025.0,5025.0,49014700.0
2026-08-06,5050.0,5125.0,5025.0,5100.0,5100.0,53209500.0
2026-08-07,5050.0,5175.0,5025.0,5100.0,5100.0,34507300.0
2026-08-10,5100.0,5100.0,4960.0,5000.0,5000.0,70515600.0
2026-08-11,5000.0,5025.0,4860.0,4870.0,4870.0,49228200.0
2026-08-12,4870.0,4920.0,4810.0,4860.0,4860.0,62946100.0
2026-08-13,4880.0,4890.0,4780.0,4800.0,4800.0,48407300.0
2026-08-14,4800.0,4820.0,4760.0,4780.0,4780.0,31883200.0
2026-08-18,4800.0,4820.0,4760.0,4790.0,4790.0,59420100.0
2026-08-19,4790.0,4800.0,4720.0,4730.0,4730.0,44815500.0
2026-08-20,4750.0,4790.0,4730.0,4790.0,4790.0,40700200.0
2026-08-21,4840.0,4850.0,4780.0,4780.0,4780.0,48756800.0
2026-08-24,4800.0,4800.0,4730.0,4790.0,4790.0,35455200.0
2026-08-25,4790.0,4790.0,4790.0,4790.0,4790.0,0.0
2026-08-26,4800.0,4810.0,4740.0,4780.0,4780.0,47671400.0
2026-08-27,4780.0,4810.0,4740.0,4790.0,4790.0,37802400.0
2026-08-28,4790.0,4860.0,4760.0,4800.0,4800.0,53631000.0
2026-08-31,4800.0,4830.0,4770.0,4800.0,4800.0,79688700.0
2026-09-01,4800.0,4930.0,4790.0,4920.0,4920.0,72626100.0
2026-09-02,4930.0,4940.0,4830.0,4840.0,4840.0,46788800.0
2026-09-03,4860.0,5050.0,4850.0,5050.0,5050.0,84978900.0
2026-09-04,5050.0,5050.0,4880.0,4900.0,4900.0,50573000.0
2026-09-07,4770.0,4910.0,4770.0,4910.0,4910.0,41646800.0
2026-09-08,4900.0,4930.0,4860.0,4930.0,4930.0,40418500.0
2026-09-09,4900.0,4920.0,4830.0,4850.0,4850.0,35658000.0
2026-09-10,4860.0,4910.0,4850.0,4870.0,4870.0,36057400.0
2026-09-11,4870.0,4910.0,4810.0,4910.0,4910.0,42109400.0
2026-09-14,4910.0,4990.0,4850.0,4980.0,4980.0,51166200.0
2026-09-15,4980.0,4980.0,4890.0,4890.0,4890.0,30001800.0
2026-09-16,4910.0,4910.0,4830.0,4850.0,4850.0,35084600.0
2026-09-17,4870.0,4920.0,4860.0,4900.0,4900.0,20770400.0
2026-09-18,4920.0,4940.0,4820.0,4820.0,4820.0,63499200.0
2026-09-21,4830.0,4870.0,4810.0,4820.0,4820.0,23075000.0
2026-09-22,4830.0,4880.0,4770.0,4780.0,4780.0,31702600.0
