Date,Open,High,Low,Close,Adj Close,Volume
2016-09-22,3070.0,3120.0,3065.0,3070.0,2434.920166015625,112772500.0
2016-09-23,3095.0,3120.0,3075.0,3095.0,2454.748046875,111259000.0
2016-09-26,3095.0,3095.0,3050.0,3070.0,2434.920166015625,56087500.0
2016-09-27,3020.0,3200.0,3000.0,3200.0,2538.027587890625,121486000.0
2016-09-28,3115.0,3135.0,3080.0,3085.0,2446.8173828125,104262000.0
2016-09-29,3100.0,3180.0,3100.0,3145.0,2494.40478515625,131983000.0
2016-09-30,3195.0,3200.0,3100.0,3140.0,2490.439208984375,146694500.0
2016-10-03,3190.0,3240.0,3190.0,3195.0,2534.0615234375,78715000.0
2016-10-04,3240.0,3240.0,3180.0,3190.0,2530.095703125,81285000.0
2016-10-05,3150.0,3200.0,3150.0,3160.0,2506.3017578125,63367500.0
2016-10-06,3200.0,3210.0,3150.0,3155.0,2502.33544921875,58324500.0
2016-10-07,3200.0,3200.0,3150.0,3160.0,2506.3017578125,46006500.0
2016-10-10,3140.0,3185.0,3130.0,3140.0,2490.439208984375,24959000.0
2016-10-11,3185.0,3185.0,3145.0,3160.0,2506.3017578125,72176500.0
2016-10-12,3160.0,3170.0,3075.0,3120.0,2474.576904296875,78936000.0
2016-10-13,3120.0,3135.0,3070.0,3090.0,2450.7822265625,57745000.0
2016-10-14,3095.0,3210.0,3075.0,3160.0,2506.3017578125,107271500.0
2016-10-17,3160.0,3185.0,3160.0,3180.0,2522.164306640625,114630500.0
2016-10-18,3200.0,3215.0,3190.0,3210.0,2545.958984375,160526000.0
2016-10-19,3195.0,3230.0,3165.0,3195.0,2534.0615234375,43748000.0
2016-10-20,3170.0,3190.0,3150.0,3150.0,2498.3701171875,38996000.0
2016-10-21,3170.0,3170.0,3155.0,3160.0,2506.3017578125,52681000.0
2016-10-24,3175.0,3175.0,3110.0,3135.0,2486.4736328125,64539500.0
2016-10-25,3125.0,3140.0,3095.0,3100.0,2458.7138671875,105666000.0
2016-10-26,3120.0,3120.0,3095.0,3100.0,2458.7138671875,61653500.0
2016-10-27,3100.0,3115.0,3095.0,3105.0,2462.6796875,79667000.0
2016-10-28,3105.0,3120.0,3085.0,3120.0,2474.576904296875,72105000.0
2016-10-31,3100.0,3120.0,3085.0,3105.0,2462.6796875,65543500.0
2016-11-01,3100.0,3130.0,3090.0,3090.0,2450.7822265625,77657500.0
2016-11-02,3090.0,3105.0,3065.0,3095.0,2454.748046875,101446000.0
2016-11-03,3100.0,3100.0,3060.0,3085.0,2446.8173828125,68455000.0
2016-11-04,3070.0,3100.0,3060.0,3100.0,2458.7138671875,62182500.0
2016-11-07,3050.0,3105.0,3020.0,3080.0,2442.850830078125,110497000.0
2016-11-08,3080.0,3120.0,3080.0,3100.0,2458.7138671875,106514500.0
2016-11-09,3100.0,3115.0,3050.0,3060.0,2426.988525390625,126875000.0
2016-11-10,3060.0,3085.0,3045.0,3045.0,2415.091796875,69882500.0
2016-11-11,3000.0,3000.0,2900.0,2935.0,2327.84716796875,222566500.0
2016-11-14,2880.0,2880.0,2790.0,2875.0,2280.2587890625,156689000.0
2016-11-15,2860.0,2975.0,2820.0,2910.0,2308.01904296875,135474500.0
2016-11-16,2915.0,2985.0,2915.0,2945.0,2335.778076171875,129035500.0
2016-11-17,2950.0,2970.0,2940.0,2950.0,2339.744140625,120499000.0
2016-11-18,2940.0,2950.0,2925.0,2945.0,2335.778076171875,80701500.0
2016-11-21,2940.0,2955.0,2925.0,2945.0,2335.778076171875,87375000.0
2016-11-22,2900.0,2945.0,2900.0,2930.0,2323.881591796875,129317000.0
2016-11-23,2930.0,2950.0,2925.0,2940.0,2331.812744140625,51143500.0
2016-11-24,2900.0,2940.0,2880.0,2910.0,2308.01904296875,83313000.0
2016-11-25,2900.0,2910.0,2890.0,2905.0,2304.052978515625,71262500.0
2016-11-28,2890.0,2905.0,2865.0,2875.0,2280.2587890625,75786000.0
2016-11-29,2865.0,2885.0,2825.0,2870.0,2276.293212890625,101969000.0
2016-11-30,2870.0,2880.0,2855.0,2860.0,2268.361572265625,163078500.0
2016-12-01,2860.0,2915.0,2855.0,2900.0,2311.40185546875,107127500.0
2016-12-02,2930.0,3025.0,2915.0,2935.0,2339.29833984375,137411500.0
2016-12-05,2935.0,2965.0,2900.0,2930.0,2335.312744140625,64879000.0
2016-12-06,2940.0,2950.0,2920.0,2935.0,2339.29833984375,59009500.0
2016-12-07,2940.0,2945.0,2920.0,2930.0,2335.312744140625,69524500.0
2016-12-08,2900.0,2975.0,2900.0,2940.0,2343.283203125,121795500.0
2016-12-09,2960.0,2960.0,2930.0,2940.0,2343.283203125,86596000.0
2016-12-13,2935.0,2955.0,2900.0,2940.0,2343.283203125,121360000.0
2016-12-14,2940.0,3000.0,2940.0,2950.0,2351.253662109375,128356000.0
2016-12-15,2945.0,2965.0,2940.0,2955.0,2355.23876953125,125417000.0
2016-12-16,2940.0,3000.0,2930.0,2960.0,2359.2236328125,105628500.0
2016-12-19,2900.0,2965.0,2900.0,2945.0,2347.268310546875,53658000.0
2016-12-20,2910.0,2960.0,2910.0,2955.0,2355.23876953125,37145000.0
2016-12-21,2960.0,2960.0,2925.0,2935.0,2339.29833984375,97165000.0
2016-12-22,2900.0,2915.0,2880.0,2910.0,2319.372314453125,75773000.0
2016-12-23,2880.0,2920.0,2855.0,2890.0,2303.431396484375,73656500.0
2016-12-27,2860.0,2970.0,2825.0,2960.0,2359.2236328125,41749000.0
2016-12-28,2980.0,3005.0,2945.0,2945.0,2347.268310546875,70098000.0
2016-12-29,2960.0,3085.0,2945.0,3070.0,2446.897705078125,122316500.0
2016-12-30,3070.0,3110.0,3065.0,3100.0,2470.80908203125,235500500.0
2017-01-02,3100.0,3100.0,3100.0,3100.0,2470.80908203125,0.0
2017-01-03,3100.0,3155.0,3045.0,3155.0,2514.6455078125,46748000.0
2017-01-04,3170.0,3175.0,3130.0,3140.0,2502.690673828125,85216500.0
2017-01-05,3140.0,3155.0,3125.0,3135.0,2498.705078125,97909000.0
2017-01-06,3090.0,3140.0,3090.0,3120.0,2486.749267578125,36603000.0
2017-01-09,3110.0,3120.0,3030.0,3070.0,2446.897705078125,88087500.0
2017-01-10,3090.0,3100.0,3065.0,3080.0,2454.867919921875,52004500.0
2017-01-11,3110.0,3115.0,3060.0,3060.0,2438.927490234375,43772500.0
2017-01-12,3060.0,3090.0,3055.0,3065.0,2442.91259765625,30781000.0
2017-01-13,3040.0,3115.0,3040.0,3055.0,2434.942138671875,69512500.0
2017-01-16,3040.0,3050.0,3000.0,3035.0,2419.00146484375,62039500.0
2017-01-17,3035.0,3050.0,3030.0,3035.0,2419.00146484375,22368500.0
2017-01-18,3055.0,3060.0,3030.0,3060.0,2438.927490234375,93410500.0
2017-01-19,3070.0,3080.0,3050.0,3075.0,2450.8828125,34360500.0
2017-01-20,3050.0,3055.0,3010.0,3050.0,2430.957763671875,44242500.0
2017-01-23,3040.0,3060.0,3010.0,3010.0,2399.076171875,21962000.0
2017-01-24,3040.0,3050.0,3010.0,3010.0,2399.076171875,36251000.0
2017-01-25,3055.0,3055.0,2990.0,2990.0,2383.135009765625,33161500.0
2017-01-26,3000.0,3085.0,3000.0,3060.0,2438.927490234375,53606000.0
2017-01-27,3030.0,3110.0,3030.0,3080.0,2454.867919921875,37555500.0
2017-01-30,3115.0,3115.0,3065.0,3090.0,2462.838623046875,33673000.0
2017-01-31,3060.0,3110.0,3050.0,3060.0,2438.927490234375,36946500.0
2017-02-01,3100.0,3100.0,3085.0,3085.0,2458.853515625,43359000.0
2017-02-02,3065.0,3095.0,3055.0,3090.0,2462.838623046875,61584000.0
2017-02-03,3090.0,3100.0,3085.0,3095.0,2466.823486328125,44754000.0
2017-02-06,3115.0,3135.0,3100.0,3120.0,2486.749267578125,63275000.0
2017-02-07,3085.0,3125.0,3085.0,3125.0,2490.73486328125,47873500.0
2017-02-08,3125.0,3130.0,3105.0,3120.0,2486.749267578125,73968000.0
2017-02-09,3120.0,3130.0,3120.0,3125.0,2490.73486328125,134806500.0
2017-02-10,3125.0,3140.0,3000.0,3000.0,2391.10498046875,82921000.0
2017-02-13,3100.0,3130.0,3070.0,3105.0,2474.7939453125,98775500.0
2017-02-14,3090.0,3110.0,3075.0,3100.0,2470.80908203125,68492000.0
2017-02-15,3100.0,3100.0,3100.0,3100.0,2470.80908203125,0.0
2017-02-16,3120.0,3120.0,3075.0,3100.0,2470.80908203125,109934500.0
2017-02-17,3090.0,3115.0,3070.0,3095.0,2466.823486328125,54111500.0
2017-02-20,3120.0,3120.0,3080.0,3090.0,2462.838623046875,49225000.0
2017-02-21,3080.0,3105.0,3080.0,3100.0,2470.80908203125,47016500.0
2017-02-22,3080.0,3115.0,3080.0,3100.0,2470.80908203125,47767500.0
2017-02-23,3080.0,3115.0,3080.0,3100.0,2470.80908203125,81655500.0
2017-02-24,3105.0,3120.0,3100.0,3100.0,2470.80908203125,33280500.0
2017-02-27,3100.0,3105.0,3080.0,3100.0,2470.80908203125,28618000.0
2017-02-28,3100.0,3110.0,3080.0,3090.0,2462.838623046875,110184500.0
2017-03-01,3080.0,3105.0,3080.0,3100.0,2470.80908203125,102209000.0
2017-03-02,3130.0,3135.0,3095.0,3100.0,2470.80908203125,78309500.0
2017-03-03,3090.0,3110.0,3085.0,3095.0,2466.823486328125,88454000.0
2017-03-06,3080.0,3095.0,3070.0,3095.0,2466.823486328125,44661500.0
2017-03-07,3080.0,3100.0,3080.0,3090.0,2462.838623046875,52582000.0
2017-03-08,3100.0,3105.0,3090.0,3100.0,2470.80908203125,87391500.0
2017-03-09,3125.0,3140.0,3100.0,3125.0,2490.73486328125,47322000.0
2017-03-10,3140.0,3140.0,3095.0,3125.0,2490.73486328125,34386000.0
2017-03-13,3120.0,3130.0,3095.0,3110.0,2478.779052734375,24933000.0
2017-03-14,3140.0,3180.0,3130.0,3135.0,2498.705078125,62225000.0
2017-03-15,3155.0,3155.0,3105.0,3130.0,2494.719482421875,70286000.0
2017-03-16,3180.0,3200.0,3160.0,3175.0,2530.58642578125,186021500.0
2017-03-17,3200.0,3240.0,3175.0,3190.0,2542.542236328125,223808500.0
2017-03-20,3220.0,3245.0,3190.0,3215.0,2562.467529296875,191276500.0
2017-03-21,3245.0,3255.0,3230.0,3250.0,2590.3642578125,133231500.0
2017-03-22,3210.0,3270.0,3210.0,3265.0,2602.31982421875,178821000.0
2017-03-23,3280.0,3350.0,3275.0,3320.0,2646.156494140625,195774000.0
2017-03-24,3360.0,3360.0,3290.0,3310.0,2638.186279296875,86403000.0
2017-03-27,3310.0,3325.0,3300.0,3310.0,2638.186279296875,74524000.0
2017-03-29,3335.0,3365.0,3325.0,3340.0,2662.09716796875,112645500.0
2017-03-30,3365.0,3375.0,3340.0,3365.0,2682.0234375,96488000.0
2017-03-31,3365.0,3400.0,3310.0,3310.0,2638.186279296875,81642500.0
2017-04-03,3315.0,3390.0,3315.0,3315.0,2642.171630859375,186889000.0
2017-04-04,3350.0,3380.0,3330.0,3350.0,2670.067626953125,74096500.0
2017-04-05,3350.0,3350.0,3350.0,3350.0,2670.067626953125,0.0
2017-04-06,3440.0,3475.0,3440.0,3465.0,2761.72607421875,117034500.0
2017-04-07,3495.0,3495.0,3440.0,3470.0,2765.711669921875,133337000.0
2017-04-10,3525.0,3550.0,3450.0,3470.0,2765.711669921875,79805500.0
2017-04-11,3500.0,3520.0,3450.0,3490.0,2781.65234375,88702000.0
2017-04-12,3490.0,3540.0,3485.0,3530.0,2813.533203125,56825500.0
2017-04-13,3540.0,3540.0,3440.0,3470.0,2765.711669921875,52786000.0
2017-04-17,3470.0,3470.0,3340.0,3385.0,2718.331787109375,93984000.0
2017-04-18,3395.0,3410.0,3370.0,3385.0,2718.331787109375,102219500.0
2017-04-19,3385.0,3385.0,3385.0,3385.0,2718.331787109375,0.0
2017-04-20,3440.0,3530.0,3425.0,3465.0,2782.575439453125,146846500.0
2017-04-21,3415.0,3500.0,3405.0,3495.0,2806.667236328125,86655500.0
2017-04-25,3530.0,3530.0,3460.0,3480.0,2794.62158203125,111180500.0
2017-04-26,3530.0,3600.0,3460.0,3600.0,2890.988037109375,82166000.0
2017-04-27,3480.0,3525.0,3480.0,3505.0,2814.69775390625,68316500.0
2017-04-28,3505.0,3555.0,3505.0,3550.0,2850.835205078125,68971000.0
2017-05-02,3550.0,3590.0,3550.0,3580.0,2874.92724609375,138473000.0
2017-05-03,3560.0,3570.0,3550.0,3550.0,2850.835205078125,43521500.0
2017-05-04,3560.0,3600.0,3555.0,3565.0,2862.881103515625,123050500.0
2017-05-05,3550.0,3565.0,3515.0,3555.0,2854.8505859375,33583500.0
2017-05-08,3575.0,3630.0,3565.0,3590.0,2882.9580078125,64042500.0
2017-05-09,3660.0,3670.0,3570.0,3600.0,2890.988037109375,50148500.0
2017-05-10,3550.0,3615.0,3550.0,3585.0,2878.942138671875,78922000.0
2017-05-12,3705.0,3710.0,3570.0,3600.0,2890.988037109375,141996500.0
2017-05-15,3600.0,3650.0,3600.0,3650.0,2931.140625,41290500.0
2017-05-16,3580.0,3590.0,3445.0,3480.0,2794.62158203125,237774500.0
2017-05-17,3480.0,3485.0,3385.0,3390.0,2722.346923828125,166786000.0
2017-05-18,3360.0,3490.0,3360.0,3480.0,2794.62158203125,203136500.0
2017-05-19,3480.0,3615.0,3420.0,3580.0,2874.92724609375,182948000.0
2017-05-22,3630.0,3650.0,3485.0,3530.0,2834.774169921875,81751500.0
2017-05-23,3530.0,3550.0,3465.0,3540.0,2842.8046875,87609500.0
2017-05-24,3490.0,3495.0,3475.0,3495.0,2806.667236328125,97663500.0
2017-05-26,3500.0,3545.0,3490.0,3515.0,2822.728759765625,126066500.0
2017-05-29,3535.0,3590.0,3505.0,3555.0,2854.8505859375,103340500.0
2017-05-30,3540.0,3560.0,3520.0,3520.0,2826.743896484375,56862000.0
2017-05-31,3520.0,3530.0,3430.0,3430.0,2754.46875,1062861500.0
2017-06-01,3430.0,3430.0,3430.0,3430.0,2754.46875,0.0
2017-06-02,3485.0,3530.0,3465.0,3510.0,2818.7138671875,241656500.0
2017-06-05,3560.0,3565.0,3495.0,3545.0,2846.820068359375,102575000.0
2017-06-06,3500.0,3535.0,3500.0,3510.0,2818.7138671875,87003500.0
2017-06-07,3530.0,3570.0,3520.0,3560.0,2858.86572265625,74324000.0
2017-06-08,3570.0,3610.0,3570.0,3585.0,2878.942138671875,92743000.0
2017-06-09,3620.0,3620.0,3505.0,3540.0,2842.8046875,101066500.0
2017-06-12,3540.0,3580.0,3520.0,3550.0,2850.835205078125,38489500.0
2017-06-13,3550.0,3590.0,3545.0,3575.0,2870.912109375,49797000.0
2017-06-14,3540.0,3595.0,3540.0,3595.0,2886.972412109375,79121500.0
2017-06-15,3600.0,3620.0,3575.0,3610.0,2899.018310546875,116159000.0
2017-06-16,3630.0,3630.0,3560.0,3560.0,2858.86572265625,607322000.0
2017-06-19,3600.0,3610.0,3575.0,3585.0,2878.942138671875,56511500.0
2017-06-20,3585.0,3635.0,3585.0,3620.0,2907.048828125,87824500.0
2017-06-21,3620.0,3645.0,3610.0,3640.0,2923.110107421875,68809000.0
2017-06-22,3650.0,3665.0,3595.0,3630.0,2915.079833984375,82107500.0
2017-06-23,3630.0,3630.0,3630.0,3630.0,2915.079833984375,0.0
2017-06-26,3630.0,3630.0,3630.0,3630.0,2915.079833984375,0.0
2017-06-27,3630.0,3630.0,3630.0,3630.0,2915.079833984375,0.0
2017-06-28,3630.0,3630.0,3630.0,3630.0,2915.079833984375,0.0
2017-06-29,3630.0,3630.0,3630.0,3630.0,2915.079833984375,0.0
2017-06-30,3630.0,3630.0,3630.0,3630.0,2915.079833984375,0.0
2017-07-03,3680.0,3700.0,3615.0,3700.0,2971.29345703125,213038500.0
2017-07-04,3700.0,3745.0,3685.0,3710.0,2979.323486328125,64599000.0
2017-07-05,3710.0,3735.0,3660.0,3670.0,2947.201416015625,56981000.0
2017-07-06,3640.0,3670.0,3620.0,3645.0,2927.125244140625,89306500.0
2017-07-07,3670.0,3710.0,3665.0,3700.0,2971.29345703125,82260000.0
2017-07-10,3700.0,3730.0,3650.0,3660.0,2939.17041015625,40506000.0
2017-07-11,3665.0,3690.0,3650.0,3665.0,2943.1865234375,61603500.0
2017-07-12,3640.0,3695.0,3620.0,3685.0,2959.24755859375,89196500.0
2017-07-13,3700.0,3705.0,3655.0,3700.0,2971.29345703125,64456000.0
2017-07-14,3710.0,3710.0,3660.0,3680.0,2955.232421875,41700000.0
2017-07-17,3650.0,3680.0,3650.0,3660.0,2939.17041015625,61702000.0
2017-07-18,3640.0,3670.0,3635.0,3670.0,2947.201416015625,39056500.0
2017-07-19,3670.0,3695.0,3660.0,3695.0,2967.27783203125,45057500.0
2017-07-20,3695.0,3700.0,3670.0,3690.0,2963.2626953125,59790000.0
2017-07-21,3690.0,3695.0,3645.0,3645.0,2927.125244140625,25438500.0
2017-07-24,3670.0,3725.0,3640.0,3715.0,2983.339111328125,91781000.0
2017-07-25,3730.0,3735.0,3680.0,3715.0,2983.339111328125,64479500.0
2017-07-26,3730.0,3780.0,3710.0,3755.0,3015.4609375,118081000.0
2017-07-27,3755.0,3770.0,3740.0,3760.0,3019.476318359375,63409500.0
2017-07-28,3800.0,3800.0,3740.0,3760.0,3019.476318359375,84735000.0
2017-07-31,3720.0,3765.0,3715.0,3740.0,3003.4150390625,65311000.0
2017-08-01,3775.0,3795.0,3745.0,3785.0,3039.552001953125,88810000.0
2017-08-02,3785.0,3795.0,3765.0,3785.0,3039.552001953125,62681500.0
2017-08-03,3810.0,3810.0,3710.0,3750.0,3011.4453125,43917500.0
2017-08-04,3750.0,3750.0,3710.0,3715.0,2983.339111328125,70007000.0
2017-08-07,3750.0,3750.0,3715.0,3725.0,2991.369384765625,57609000.0
2017-08-08,3740.0,3810.0,3740.0,3800.0,3051.597900390625,58013000.0
2017-08-09,3805.0,3805.0,3750.0,3795.0,3047.582763671875,62335500.0
2017-08-10,3810.0,3810.0,3745.0,3765.0,3023.49169921875,38466500.0
2017-08-11,3745.0,3765.0,3715.0,3735.0,2999.3994140625,68837000.0
2017-08-14,3735.0,3765.0,3730.0,3750.0,3011.4453125,32254000.0
2017-08-15,3740.0,3760.0,3700.0,3735.0,2999.3994140625,42814000.0
2017-08-16,3745.0,3785.0,3730.0,3780.0,3035.53759765625,54188500.0
2017-08-17,3780.0,3780.0,3780.0,3780.0,3035.53759765625,0.0
2017-08-18,3750.0,3780.0,3725.0,3740.0,3003.4150390625,54443500.0
2017-08-21,3760.0,3765.0,3740.0,3760.0,3019.476318359375,20734000.0
2017-08-22,3760.0,3775.0,3760.0,3760.0,3019.476318359375,35817000.0
2017-08-23,3780.0,3830.0,3770.0,3830.0,3075.689453125,48576500.0
2017-08-24,3830.0,3830.0,3775.0,3790.0,3043.567626953125,57641000.0
2017-08-25,3820.0,3840.0,3795.0,3820.0,3067.65966796875,43855500.0
2017-08-28,3780.0,3820.0,3775.0,3815.0,3063.643798828125,28840500.0
2017-08-29,3810.0,3815.0,3780.0,3815.0,3063.643798828125,32155000.0
2017-08-30,3840.0,3840.0,3785.0,3820.0,3067.65966796875,42254000.0
2017-08-31,3790.0,3840.0,3790.0,3790.0,3043.567626953125,65610500.0
2017-09-01,3790.0,3790.0,3790.0,3790.0,3043.567626953125,0.0
2017-09-04,3795.0,3800.0,3740.0,3775.0,3031.521728515625,37213500.0
2017-09-05,3800.0,3800.0,3735.0,3800.0,3051.597900390625,73701500.0
2017-09-06,3800.0,3805.0,3760.0,3780.0,3035.53759765625,59771000.0
2017-09-07,3820.0,3820.0,3750.0,3790.0,3043.567626953125,44964000.0
2017-09-08,3745.0,3805.0,3740.0,3770.0,3027.5068359375,51583000.0
2017-09-11,3795.0,3805.0,3780.0,3780.0,3035.53759765625,36496500.0
2017-09-12,3790.0,3820.0,3785.0,3805.0,3055.61376953125,52225000.0
2017-09-13,3770.0,3825.0,3770.0,3810.0,3059.628662109375,29835000.0
2017-09-14,3825.0,3830.0,3810.0,3820.0,3067.65966796875,37754000.0
2017-09-15,3800.0,3805.0,3765.0,3775.0,3031.521728515625,163473500.0
2017-09-18,3800.0,3800.0,3765.0,3795.0,3047.582763671875,30903500.0
2017-09-19,3770.0,3835.0,3765.0,3815.0,3063.643798828125,59579500.0
2017-09-20,3820.0,3820.0,3795.0,3810.0,3059.628662109375,76382000.0
2017-09-21,3810.0,3810.0,3810.0,3810.0,3059.628662109375,0.0
2017-09-22,3820.0,3995.0,3805.0,3975.0,3192.132568359375,125871000.0
2017-09-25,3950.0,3960.0,3925.0,3935.0,3160.010498046875,97549500.0
2017-09-26,3935.0,3955.0,3920.0,3930.0,3155.9951171875,99934500.0
2017-09-27,3960.0,3960.0,3930.0,3950.0,3172.056396484375,122173500.0
2017-09-28,3965.0,3970.0,3930.0,3965.0,3184.1015625,101703500.0
2017-09-29,3995.0,4075.0,3965.0,4060.0,3260.3916015625,188602500.0
2017-10-02,4110.0,4120.0,4045.0,4065.0,3264.406982421875,52865500.0
2017-10-03,4065.0,4100.0,4040.0,4070.0,3268.422119140625,48209500.0
2017-10-04,4110.0,4110.0,4055.0,4065.0,3264.406982421875,101610500.0
2017-10-05,4065.0,4065.0,4015.0,4055.0,3256.37646484375,120569000.0
2017-10-06,4050.0,4105.0,4020.0,4090.0,3284.48388671875,100290500.0
2017-10-09,4060.0,4080.0,4050.0,4070.0,3268.422119140625,65156500.0
2017-10-10,4040.0,4080.0,4040.0,4075.0,3272.4375,55606000.0
2017-10-11,4040.0,4085.0,4040.0,4075.0,3272.4375,67298000.0
2017-10-12,4075.0,4165.0,4075.0,4160.0,3340.697265625,103676500.0
2017-10-13,4160.0,4190.0,4110.0,4135.0,3320.62060546875,55690000.0
2017-10-16,4160.0,4210.0,4135.0,4145.0,3328.651123046875,54328000.0
2017-10-17,4150.0,4150.0,4010.0,4100.0,3292.51416015625,115934500.0
2017-10-18,4140.0,4140.0,4015.0,4040.0,3244.3310546875,124576000.0
2017-10-19,4040.0,4070.0,4030.0,4065.0,3264.406982421875,68639000.0
2017-10-20,4100.0,4190.0,4070.0,4070.0,3268.422119140625,60758000.0
2017-10-23,4130.0,4275.0,4130.0,4200.0,3372.819091796875,62843500.0
2017-10-24,4200.0,4250.0,4120.0,4120.0,3308.57470703125,65380000.0
2017-10-25,4120.0,4210.0,4080.0,4210.0,3380.849853515625,69421500.0
2017-10-26,4160.0,4200.0,4120.0,4155.0,3336.681640625,41336000.0
2017-10-27,4150.0,4150.0,4040.0,4060.0,3260.3916015625,101701000.0
2017-10-30,4065.0,4095.0,4060.0,4085.0,3280.468505859375,55210500.0
2017-10-31,4165.0,4185.0,4105.0,4180.0,3356.758056640625,78009000.0
2017-11-01,4200.0,4275.0,4200.0,4265.0,3425.017822265625,103776500.0
2017-11-02,4300.0,4325.0,4280.0,4295.0,3449.10888671875,95839000.0
2017-11-03,4300.0,4300.0,4140.0,4205.0,3376.834716796875,70070000.0
2017-11-06,4240.0,4240.0,4200.0,4200.0,3372.819091796875,38234000.0
2017-11-07,4170.0,4215.0,4150.0,4210.0,3380.849853515625,49234500.0
2017-11-08,4180.0,4225.0,4160.0,4160.0,3340.697265625,61518000.0
2017-11-09,4190.0,4210.0,4155.0,4160.0,3340.697265625,51541000.0
2017-11-10,4160.0,4180.0,4120.0,4130.0,3316.60546875,79178500.0
2017-11-13,4105.0,4140.0,4080.0,4095.0,3288.498779296875,56963000.0
2017-11-14,4100.0,4110.0,4085.0,4095.0,3288.498779296875,54986000.0
2017-11-15,4120.0,4230.0,4100.0,4205.0,3376.834716796875,94253500.0
2017-11-16,4240.0,4240.0,4190.0,4205.0,3376.834716796875,61512500.0
2017-11-17,4230.0,4240.0,4165.0,4235.0,3400.92529296875,126881500.0
2017-11-20,4235.0,4255.0,4205.0,4205.0,3376.834716796875,90902500.0
2017-11-21,4245.0,4245.0,4175.0,4225.0,3392.895751953125,63695000.0
2017-11-22,4200.0,4245.0,4200.0,4235.0,3400.92529296875,86719000.0
2017-11-23,4250.0,4250.0,4170.0,4200.0,3372.819091796875,66003500.0
2017-11-24,4175.0,4210.0,4155.0,4200.0,3372.819091796875,60888000.0
2017-11-27,4165.0,4260.0,4165.0,4260.0,3421.001708984375,78146500.0
2017-11-28,4260.0,4260.0,4210.0,4260.0,3421.001708984375,77432000.0
2017-11-29,4260.0,4265.0,4185.0,4235.0,3413.747314453125,103370500.0
2017-11-30,4260.0,4260.0,4070.0,4070.0,3280.744140625,205897500.0
2017-12-01,4070.0,4070.0,4070.0,4070.0,3280.744140625,0.0
2017-12-04,4165.0,4230.0,4130.0,4160.0,3353.291748046875,128402500.0
2017-12-05,4210.0,4225.0,4180.0,4200.0,3385.534912109375,62670500.0
2017-12-06,4230.0,4275.0,4200.0,4260.0,3433.899658203125,106299500.0
2017-12-07,4260.0,4260.0,4175.0,4195.0,3381.504638671875,69664000.0
2017-12-08,4220.0,4245.0,4205.0,4225.0,3405.6865234375,40480000.0
2017-12-11,4250.0,4250.0,4200.0,4215.0,3397.625732421875,32973500.0
2017-12-12,4235.0,4250.0,4170.0,4250.0,3425.83837890625,67854000.0
2017-12-13,4235.0,4235.0,4185.0,4185.0,3373.44384765625,61131000.0
2017-12-14,4185.0,4230.0,4175.0,4220.0,3401.656494140625,75550000.0
2017-12-15,4180.0,4220.0,4180.0,4220.0,3401.656494140625,64630500.0
2017-12-18,4180.0,4220.0,4170.0,4220.0,3401.656494140625,76474000.0
2017-12-19,4190.0,4250.0,4190.0,4220.0,3401.656494140625,76553500.0
2017-12-20,4210.0,4210.0,4175.0,4185.0,3373.44384765625,102963500.0
2017-12-21,4190.0,4230.0,4190.0,4220.0,3401.656494140625,61100000.0
2017-12-22,4235.0,4335.0,4195.0,4300.0,3466.14306640625,94573000.0
2017-12-25,4300.0,4300.0,4300.0,4300.0,3466.14306640625,0.0
2017-12-26,4300.0,4300.0,4300.0,4300.0,3466.14306640625,0.0
2017-12-27,4300.0,4340.0,4280.0,4305.0,3470.173583984375,86689000.0
2017-12-28,4300.0,4400.0,4295.0,4385.0,3534.659423828125,106501000.0
2017-12-29,4410.0,4550.0,4330.0,4380.0,3530.62939453125,81347000.0
2018-01-01,4380.0,4380.0,4380.0,4380.0,3530.62939453125,0.0
2018-01-02,4380.0,4505.0,4365.0,4380.0,3530.62939453125,82303500.0
2018-01-03,4385.0,4390.0,4265.0,4380.0,3530.62939453125,68214000.0
2018-01-04,4380.0,4445.0,4380.0,4445.0,3583.024169921875,76567000.0
2018-01-05,4460.0,4480.0,4435.0,4450.0,3587.0546875,65268000.0
2018-01-08,4450.0,4515.0,4445.0,4470.0,3603.17626953125,57928000.0
2018-01-09,4500.0,4510.0,4490.0,4505.0,3631.388916015625,61213000.0
2018-01-10,4505.0,4545.0,4465.0,4490.0,3619.297607421875,47292000.0
2018-01-11,4490.0,4540.0,4460.0,4540.0,3659.6015625,57569000.0
2018-01-12,4540.0,4545.0,4465.0,4485.0,3615.266845703125,66590500.0
2018-01-15,4490.0,4500.0,4460.0,4495.0,3623.32861328125,41875000.0
2018-01-16,4490.0,4535.0,4490.0,4520.0,3643.480224609375,50055000.0
2018-01-17,4540.0,4540.0,4430.0,4430.0,3570.93359375,183003000.0
2018-01-18,4450.0,4520.0,4450.0,4515.0,3639.44970703125,84980500.0
2018-01-19,4525.0,4530.0,4480.0,4490.0,3619.297607421875,50450500.0
2018-01-22,4510.0,4515.0,4485.0,4495.0,3623.32861328125,81367500.0
2018-01-23,4530.0,4540.0,4505.0,4530.0,3651.541259765625,68752000.0
2018-01-24,4525.0,4525.0,4500.0,4515.0,3639.44970703125,94254500.0
2018-01-25,4510.0,4530.0,4490.0,4515.0,3639.44970703125,53653500.0
2018-01-26,4525.0,4570.0,4505.0,4540.0,3659.6015625,58121000.0
2018-01-29,4560.0,4565.0,4510.0,4560.0,3675.723876953125,114814500.0
2018-01-30,4540.0,4690.0,4530.0,4560.0,3675.723876953125,114055000.0
2018-01-31,4560.0,4580.0,4540.0,4545.0,3663.631591796875,106803000.0
2018-02-01,4570.0,4685.0,4570.0,4675.0,3768.422607421875,138208000.0
2018-02-02,4725.0,4940.0,4720.0,4795.0,3865.15234375,98474000.0
2018-02-05,4750.0,4805.0,4700.0,4760.0,3836.939453125,49501500.0
2018-02-06,4690.0,4735.0,4660.0,4705.0,3792.605224609375,117589500.0
2018-02-07,4730.0,4795.0,4695.0,4700.0,3788.57470703125,121947000.0
2018-02-08,4710.0,4760.0,4700.0,4740.0,3820.81884765625,68461000.0
2018-02-09,4680.0,4745.0,4670.0,4715.0,3800.666015625,71076500.0
2018-02-12,4760.0,4760.0,4700.0,4700.0,3788.57470703125,38409500.0
2018-02-13,4760.0,4785.0,4750.0,4760.0,3836.939453125,59406000.0
2018-02-14,4745.0,4775.0,4710.0,4740.0,3820.81884765625,75553000.0
2018-02-15,4780.0,4785.0,4690.0,4690.0,3780.51416015625,52958500.0
2018-02-16,4690.0,4690.0,4690.0,4690.0,3780.51416015625,0.0
2018-02-19,4735.0,4850.0,4730.0,4850.0,3909.486572265625,50185500.0
2018-02-20,4820.0,4840.0,4775.0,4805.0,3873.212646484375,34830000.0
2018-02-21,4790.0,4835.0,4745.0,4805.0,3873.212646484375,62499000.0
2018-02-22,4820.0,4835.0,4750.0,4780.0,3853.061279296875,47217000.0
2018-02-23,4805.0,4895.0,4790.0,4850.0,3909.486572265625,82233000.0
2018-02-26,4830.0,4845.0,4700.0,4705.0,3792.605224609375,85227500.0
2018-02-27,4745.0,4755.0,4660.0,4710.0,3796.63525390625,87429500.0
2018-02-28,4680.0,4690.0,4615.0,4635.0,3736.180419921875,132869000.0
2018-03-01,4620.0,4645.0,4620.0,4635.0,3736.180419921875,125474500.0
2018-03-02,4615.0,4625.0,4550.0,4575.0,3687.814208984375,151511000.0
2018-03-05,4630.0,4660.0,4575.0,4575.0,3687.814208984375,87744000.0
2018-03-06,4635.0,4640.0,4545.0,4555.0,3671.693359375,75907000.0
2018-03-07,4620.0,4630.0,4505.0,4520.0,3643.480224609375,106152000.0
2018-03-08,4600.0,4680.0,4550.0,4660.0,3756.33251953125,102994500.0
2018-03-09,4660.0,4660.0,4595.0,4660.0,3756.33251953125,66797000.0
2018-03-12,4680.0,4730.0,4670.0,4725.0,3808.7265625,111180500.0
2018-03-13,4720.0,4740.0,4655.0,4690.0,3780.51416015625,80643000.0
2018-03-14,4695.0,4720.0,4645.0,4680.0,3772.452880859375,54505500.0
2018-03-15,4680.0,4685.0,4650.0,4675.0,3768.422607421875,60774500.0
2018-03-16,4730.0,4735.0,4600.0,4670.0,3764.391845703125,193122000.0
2018-03-19,4660.0,4675.0,4640.0,4670.0,3764.391845703125,74200000.0
2018-03-20,4655.0,4660.0,4600.0,4655.0,3752.30029296875,89683500.0
2018-03-21,4670.0,4705.0,4655.0,4675.0,3768.422607421875,67617500.0
2018-03-22,4695.0,4700.0,4670.0,4690.0,3780.51416015625,60791500.0
2018-03-23,4600.0,4760.0,4600.0,4760.0,3836.939453125,62978000.0
2018-03-26,4680.0,4690.0,4640.0,4655.0,3752.30029296875,100407000.0
2018-03-27,4730.0,4755.0,4685.0,4690.0,3780.51416015625,66088000.0
2018-03-28,4690.0,4690.0,4630.0,4665.0,3760.3623046875,36212500.0
2018-03-29,4630.0,4665.0,4565.0,4660.0,3756.33251953125,77650500.0
2018-03-30,4660.0,4660.0,4660.0,4660.0,3756.33251953125,0.0
2018-04-02,4690.0,4695.0,4620.0,4680.0,3772.452880859375,37162500.0
2018-04-03,4675.0,4700.0,4665.0,4680.0,3772.452880859375,56261000.0
2018-04-04,4700.0,4700.0,4605.0,4660.0,3756.33251953125,49877000.0
2018-04-05,4700.0,4700.0,4610.0,4610.0,3716.027099609375,22521500.0
2018-04-06,4625.0,4625.0,4520.0,4545.0,3663.631591796875,47941500.0
2018-04-09,4570.0,4580.0,4515.0,4555.0,3671.693359375,51013000.0
2018-04-10,4575.0,4690.0,4560.0,4660.0,3756.33251953125,79533500.0
2018-04-11,4700.0,4730.0,4660.0,4665.0,3760.3623046875,41891500.0
2018-04-12,4665.0,4665.0,4610.0,4630.0,3732.14892578125,45957000.0
2018-04-13,4620.0,4630.0,4580.0,4580.0,3719.9658203125,70179500.0
2018-04-16,4580.0,4580.0,4580.0,4580.0,3719.9658203125,0.0
2018-04-17,4580.0,4580.0,4580.0,4580.0,3719.9658203125,0.0
2018-04-18,4565.0,4595.0,4545.0,4595.0,3732.148193359375,43716000.0
2018-04-19,4595.0,4595.0,4595.0,4595.0,3732.148193359375,0.0
2018-04-20,4595.0,4595.0,4595.0,4595.0,3732.148193359375,0.0
2018-04-23,4640.0,4640.0,4585.0,4600.0,3736.20947265625,46236000.0
2018-04-24,4620.0,4625.0,4575.0,4585.0,3724.02685546875,72223500.0
2018-04-25,4585.0,4585.0,4585.0,4585.0,3724.02685546875,0.0
2018-04-26,4585.0,4585.0,4585.0,4585.0,3724.02685546875,0.0
2018-04-27,4585.0,4585.0,4585.0,4585.0,3724.02685546875,0.0
2018-04-30,4300.0,4480.0,4290.0,4420.0,3590.010498046875,90414000.0
2018-05-01,4420.0,4420.0,4420.0,4420.0,3590.010498046875,0.0
2018-05-02,4420.0,4580.0,4420.0,4580.0,3719.9658203125,82346000.0
2018-05-03,4560.0,4575.0,4460.0,4460.0,3622.498779296875,138704500.0
2018-05-04,4460.0,4465.0,4400.0,4405.0,3577.82763671875,74133500.0
2018-05-07,4410.0,4460.0,4360.0,4460.0,3622.498779296875,49054500.0
2018-05-08,4400.0,4405.0,4340.0,4405.0,3577.82763671875,70739000.0
2018-05-09,4305.0,4580.0,4305.0,4580.0,3719.9658203125,72094000.0
2018-05-10,4580.0,4580.0,4580.0,4580.0,3719.9658203125,0.0
2018-05-11,4550.0,4610.0,4510.0,4550.0,3695.599365234375,80000500.0
2018-05-14,4490.0,4595.0,4465.0,4595.0,3732.148193359375,57370500.0
2018-05-15,4535.0,4540.0,4400.0,4440.0,3606.255126953125,130583000.0
2018-05-16,4380.0,4480.0,4380.0,4475.0,3634.682373046875,87185000.0
2018-05-17,4440.0,4455.0,4400.0,4400.0,3573.76708984375,84030500.0
2018-05-18,4400.0,4405.0,4340.0,4340.0,3525.03271484375,88681000.0
2018-05-21,4310.0,4345.0,4295.0,4330.0,3516.9111328125,82237000.0
2018-05-22,4390.0,4420.0,4340.0,4400.0,3573.76708984375,62761000.0
2018-05-23,4420.0,4470.0,4400.0,4400.0,3573.76708984375,79515500.0
2018-05-24,4460.0,4525.0,4455.0,4490.0,3646.86572265625,77697000.0
2018-05-25,4485.0,4535.0,4475.0,4510.0,3663.11083984375,63913500.0
2018-05-28,4500.0,4600.0,4480.0,4570.0,3711.843505859375,64104500.0
2018-05-29,4570.0,4570.0,4570.0,4570.0,3711.843505859375,0.0
2018-05-30,4570.0,4595.0,4490.0,4540.0,3687.47705078125,109761500.0
2018-05-31,4575.0,4590.0,4490.0,4540.0,3687.47705078125,178023000.0
2018-06-01,4540.0,4540.0,4540.0,4540.0,3687.47705078125,0.0
2018-06-04,4590.0,4595.0,4560.0,4585.0,3724.02685546875,89585000.0
2018-06-05,4560.0,4585.0,4480.0,4545.0,3691.537353515625,77233000.0
2018-06-06,4545.0,4630.0,4525.0,4605.0,3740.271484375,57913500.0
2018-06-07,4630.0,4630.0,4580.0,4595.0,3732.148193359375,40681500.0
2018-06-08,4570.0,4600.0,4420.0,4450.0,3614.376953125,170845000.0
2018-06-11,4450.0,4450.0,4450.0,4450.0,3614.376953125,0.0
2018-06-12,4450.0,4450.0,4450.0,4450.0,3614.376953125,0.0
2018-06-13,4450.0,4450.0,4450.0,4450.0,3614.376953125,0.0
2018-06-14,4450.0,4450.0,4450.0,4450.0,3614.376953125,0.0
2018-06-15,4450.0,4450.0,4450.0,4450.0,3614.376953125,0.0
2018-06-18,4450.0,4450.0,4450.0,4450.0,3614.376953125,0.0
2018-06-19,4450.0,4450.0,4450.0,4450.0,3614.376953125,0.0
2018-06-20,4400.0,4405.0,4230.0,4300.0,3492.544921875,253439000.0
2018-06-21,4325.0,4390.0,4230.0,4230.0,3435.688720703125,90593500.0
2018-06-22,4280.0,4385.0,4220.0,4385.0,3561.5830078125,96509500.0
2018-06-25,4385.0,4495.0,4365.0,4440.0,3606.255126953125,62513000.0
2018-06-26,4420.0,4460.0,4275.0,4275.0,3472.239013671875,54763500.0
2018-06-27,4280.0,4340.0,4270.0,4270.0,3468.177734375,67309500.0
2018-06-28,4275.0,4275.0,4185.0,4190.0,3403.200439453125,118098500.0
2018-06-29,4190.0,4295.0,4165.0,4295.0,3488.483154296875,119188000.0
2018-07-02,4330.0,4330.0,4285.0,4290.0,3484.42236328125,59441500.0
2018-07-03,4320.0,4325.0,4120.0,4120.0,3346.3447265625,73038000.0
2018-07-04,4195.0,4280.0,4140.0,4245.0,3447.8720703125,61994500.0
2018-07-05,4210.0,4260.0,4200.0,4245.0,3447.8720703125,34144000.0
2018-07-06,4195.0,4210.0,4185.0,4185.0,3399.13916015625,37609000.0
2018-07-09,4240.0,4400.0,4215.0,4380.0,3557.522216796875,80049500.0
2018-07-10,4370.0,4400.0,4280.0,4380.0,3557.522216796875,116639500.0
2018-07-11,4300.0,4490.0,4300.0,4465.0,3626.560546875,95570000.0
2018-07-12,4440.0,4580.0,4435.0,4565.0,3707.78173828125,79008000.0
2018-07-13,4600.0,4615.0,4560.0,4605.0,3740.271484375,73936000.0
2018-07-16,4610.0,4625.0,4580.0,4625.0,3756.515625,71571000.0
2018-07-17,4585.0,4600.0,4505.0,4545.0,3691.537353515625,30322000.0
2018-07-18,4590.0,4640.0,4590.0,4640.0,3768.69873046875,80090500.0
2018-07-19,4620.0,4640.0,4610.0,4640.0,3768.69873046875,76925500.0
2018-07-20,4630.0,4630.0,4585.0,4620.0,3752.45361328125,57104000.0
2018-07-23,4640.0,4700.0,4620.0,4670.0,3793.065185546875,70157500.0
2018-07-24,4700.0,4705.0,4660.0,4705.0,3821.493408203125,88291000.0
2018-07-25,4705.0,4715.0,4685.0,4715.0,3829.615478515625,50131500.0
2018-07-26,4645.0,4725.0,4645.0,4665.0,3789.005126953125,54317500.0
2018-07-27,4660.0,4670.0,4625.0,4645.0,3772.76025390625,46642500.0
2018-07-30,4680.0,4680.0,4600.0,4655.0,3780.88134765625,40096500.0
2018-07-31,4640.0,4660.0,4530.0,4655.0,3780.88134765625,66803000.0
2018-08-01,4680.0,4695.0,4650.0,4695.0,3813.37109375,56594000.0
2018-08-02,4720.0,4780.0,4690.0,4690.0,3809.310302734375,79333000.0
2018-08-03,4690.0,4730.0,4670.0,4690.0,3809.310302734375,41404000.0
2018-08-06,4680.0,4760.0,4680.0,4760.0,3866.16552734375,63000500.0
2018-08-07,4740.0,4775.0,4740.0,4760.0,3866.16552734375,114379000.0
2018-08-08,4780.0,4790.0,4710.0,4785.0,3886.470947265625,64702500.0
2018-08-09,4800.0,4820.0,4780.0,4820.0,3914.89794921875,65947500.0
2018-08-10,4800.0,4815.0,4740.0,4775.0,3878.34912109375,80348000.0
2018-08-13,4705.0,4710.0,4610.0,4665.0,3789.005126953125,80184000.0
2018-08-14,4690.0,4780.0,4605.0,4700.0,3817.43212890625,85527500.0
2018-08-15,4720.0,4720.0,4660.0,4690.0,3809.310302734375,57330500.0
2018-08-16,4690.0,4695.0,4640.0,4675.0,3797.126953125,52903500.0
2018-08-17,4675.0,4675.0,4675.0,4675.0,3797.126953125,0.0
2018-08-20,4700.0,4780.0,4685.0,4780.0,3882.410400390625,96832000.0
2018-08-21,4770.0,4795.0,4770.0,4775.0,3878.34912109375,67938000.0
2018-08-22,4775.0,4775.0,4775.0,4775.0,3878.34912109375,0.0
2018-08-23,4760.0,4930.0,4755.0,4915.0,3992.059814453125,145868000.0
2018-08-24,4920.0,5095.0,4915.0,5015.0,4073.281005859375,103975000.0
2018-08-27,5020.0,5070.0,4935.0,4955.0,4024.54736328125,91285000.0
2018-08-28,5020.0,5020.0,4910.0,4995.0,4057.037109375,63353500.0
2018-08-29,4900.0,4960.0,4895.0,4960.0,4028.60888671875,87695500.0
2018-08-30,4995.0,5030.0,4985.0,5015.0,4073.281005859375,96273500.0
2018-08-31,5000.0,5010.0,4960.0,4960.0,4028.60888671875,111563000.0
2018-09-03,5010.0,5015.0,4920.0,4955.0,4024.54736328125,38489500.0
2018-09-04,4965.0,4980.0,4900.0,4950.0,4020.48779296875,42271500.0
2018-09-05,4900.0,4900.0,4730.0,4800.0,3898.654541015625,95608500.0
2018-09-06,4805.0,5040.0,4720.0,4940.0,4012.364013671875,95265000.0
2018-09-07,4965.0,4970.0,4875.0,4970.0,4036.732177734375,72551500.0
2018-09-10,4920.0,4950.0,4830.0,4950.0,4020.48779296875,66696500.0
2018-09-11,4950.0,4950.0,4950.0,4950.0,4020.48779296875,0.0
2018-09-12,4950.0,4965.0,4765.0,4780.0,3882.410400390625,87900500.0
2018-09-13,4840.0,4875.0,4780.0,4800.0,3898.654541015625,94051000.0
2018-09-14,4780.0,4840.0,4740.0,4795.0,3894.5927734375,72473500.0
2018-09-17,4750.0,4795.0,4750.0,4785.0,3886.470947265625,39478000.0
2018-09-18,4740.0,4850.0,4740.0,4800.0,3898.654541015625,75119500.0
2018-09-19,4815.0,4845.0,4765.0,4800.0,3898.654541015625,111558500.0
2018-09-20,4840.0,4845.0,4780.0,4790.0,3890.531982421875,60786000.0
2018-09-21,4780.0,4830.0,4740.0,4740.0,3849.921630859375,152052000.0
2018-09-24,4780.0,4815.0,4760.0,4785.0,3886.470947265625,59902000.0
2018-09-25,4800.0,4800.0,4765.0,4785.0,3886.470947265625,42771000.0
2018-09-26,4760.0,4860.0,4760.0,4840.0,3931.143310546875,71715500.0
2018-09-27,4780.0,4825.0,4770.0,4800.0,3898.654541015625,71001000.0
2018-09-28,4780.0,4830.0,4780.0,4830.0,3923.020263671875,96975000.0
2018-10-01,4800.0,4840.0,4790.0,4790.0,3890.531982421875,36388000.0
2018-10-02,4815.0,4840.0,4750.0,4790.0,3890.531982421875,50639500.0
2018-10-03,4750.0,4795.0,4745.0,4785.0,3886.470947265625,33524500.0
2018-10-04,4785.0,4785.0,4700.0,4720.0,3833.6767578125,67869500.0
2018-10-05,4710.0,4710.0,4595.0,4610.0,3744.332275390625,98249500.0
2018-10-08,4615.0,4790.0,4615.0,4690.0,3809.310302734375,57250000.0
2018-10-09,4700.0,4750.0,4680.0,4750.0,3858.04345703125,36940000.0
2018-10-10,4780.0,4825.0,4650.0,4675.0,3797.126953125,59394500.0
2018-10-11,4600.0,4660.0,4495.0,4545.0,3691.537353515625,102336000.0
2018-10-12,4600.0,4695.0,4600.0,4650.0,3776.8212890625,82574500.0
2018-10-15,4700.0,4770.0,4695.0,4770.0,3874.28759765625,65950000.0
2018-10-16,4770.0,4820.0,4700.0,4820.0,3914.89794921875,47449000.0
2018-10-17,4830.0,4835.0,4755.0,4805.0,3902.715087890625,38359000.0
2018-10-18,4760.0,4775.0,4720.0,4720.0,3833.6767578125,29360500.0
2018-10-19,4660.0,4730.0,4645.0,4675.0,3797.126953125,45219500.0
2018-10-22,4675.0,4720.0,4630.0,4630.0,3760.57666015625,63484000.0
2018-10-23,4680.0,4685.0,4575.0,4590.0,3728.088134765625,62162500.0
2018-10-24,4600.0,4630.0,4530.0,4530.0,3679.354736328125,59493500.0
2018-10-25,4435.0,4635.0,4435.0,4580.0,3719.9658203125,87732500.0
2018-10-26,4620.0,4720.0,4600.0,4720.0,3833.6767578125,83994000.0
2018-10-29,4660.0,4710.0,4625.0,4625.0,3756.515625,34553000.0
2018-10-30,4625.0,4730.0,4620.0,4700.0,3817.43212890625,68882500.0
2018-10-31,4750.0,4775.0,4700.0,4730.0,3841.797607421875,128908500.0
2018-11-01,4770.0,4810.0,4745.0,4760.0,3866.16552734375,117906500.0
2018-11-02,4800.0,4835.0,4760.0,4800.0,3898.654541015625,114054500.0
2018-11-05,4800.0,4850.0,4790.0,4835.0,3927.08251953125,76754500.0
2018-11-06,4860.0,4945.0,4850.0,4880.0,3963.631103515625,94410500.0
2018-11-07,4920.0,4920.0,4780.0,4820.0,3914.89794921875,83875500.0
2018-11-08,4880.0,4900.0,4780.0,4800.0,3898.654541015625,99739000.0
2018-11-09,4800.0,4810.0,4785.0,4800.0,3898.654541015625,62938500.0
2018-11-12,4830.0,4835.0,4740.0,4740.0,3849.921630859375,65125000.0
2018-11-13,4740.0,4820.0,4670.0,4815.0,3910.837646484375,61231500.0
2018-11-14,4815.0,4850.0,4780.0,4810.0,3906.776611328125,68511500.0
2018-11-15,4855.0,4870.0,4790.0,4835.0,3927.08251953125,87085500.0
2018-11-16,4870.0,4980.0,4860.0,4965.0,4032.670654296875,134145500.0
2018-11-19,5000.0,5080.0,4980.0,5020.0,4077.3427734375,103822500.0
2018-11-20,5020.0,5020.0,5020.0,5020.0,4077.3427734375,0.0
2018-11-21,5000.0,5010.0,4955.0,4960.0,4028.60888671875,107889000.0
2018-11-22,4940.0,5040.0,4940.0,5020.0,4077.3427734375,87270000.0
2018-11-23,5060.0,5090.0,4975.0,5020.0,4077.3427734375,57460000.0
2018-11-26,4960.0,5080.0,4960.0,5045.0,4097.64794921875,64336500.0
2018-11-27,5040.0,5100.0,5000.0,5100.0,4142.3203125,73989000.0
2018-11-28,5125.0,5125.0,5080.0,5090.0,4134.19775390625,90687500.0
2018-11-29,5100.0,5240.0,5100.0,5240.0,4256.0302734375,113847500.0
2018-11-30,5240.0,5240.0,5155.0,5210.0,4231.6640625,178034500.0
2018-12-03,5215.0,5395.0,5100.0,5160.0,4204.77294921875,100923000.0
2018-12-04,5160.0,5295.0,5155.0,5240.0,4269.962890625,119232500.0
2018-12-05,5120.0,5230.0,5115.0,5230.0,4261.814453125,74994000.0
2018-12-06,5170.0,5260.0,5120.0,5260.0,4286.26025390625,75450000.0
2018-12-07,5190.0,5210.0,5160.0,5190.0,4229.21923828125,71070000.0
2018-12-10,5120.0,5205.0,5120.0,5180.0,4221.06982421875,81221000.0
2018-12-11,5130.0,5200.0,5125.0,5160.0,4204.77294921875,93017000.0
2018-12-12,5190.0,5190.0,5130.0,5165.0,4208.84716796875,121623000.0
2018-12-13,5200.0,5205.0,5145.0,5165.0,4208.84716796875,84280500.0
2018-12-14,5160.0,5180.0,5140.0,5165.0,4208.84716796875,184435000.0
2018-12-17,5185.0,5200.0,5150.0,5165.0,4208.84716796875,101438500.0
2018-12-18,5100.0,5115.0,4980.0,5065.0,4127.3603515625,132039000.0
2018-12-19,5040.0,5230.0,5040.0,5230.0,4261.814453125,102220500.0
2018-12-20,5120.0,5170.0,5070.0,5115.0,4168.103515625,94455000.0
2018-12-21,5040.0,5175.0,5040.0,5170.0,4212.921875,89979500.0
2018-12-24,5170.0,5170.0,5170.0,5170.0,4212.921875,0.0
2018-12-25,5170.0,5170.0,5170.0,5170.0,4212.921875,0.0
2018-12-26,5170.0,5225.0,5140.0,5225.0,4257.740234375,66511500.0
2018-12-27,5240.0,5255.0,5180.0,5195.0,4233.29443359375,50265500.0
2018-12-28,5195.0,5240.0,5180.0,5200.0,4237.36865234375,54467500.0
2018-12-31,5200.0,5200.0,5200.0,5200.0,4237.36865234375,0.0
2019-01-01,5200.0,5200.0,5200.0,5200.0,4237.36865234375,0.0
2019-01-02,5200.0,5245.0,5200.0,5240.0,4269.962890625,35956000.0
2019-01-03,5200.0,5220.0,5115.0,5180.0,4221.06982421875,72358000.0
2019-01-04,5175.0,5205.0,5125.0,5205.0,4241.443359375,51465000.0
2019-01-07,5265.0,5325.0,5245.0,5245.0,4274.037109375,73438000.0
2019-01-08,5230.0,5320.0,5205.0,5240.0,4269.962890625,66247500.0
2019-01-09,5300.0,5320.0,5225.0,5255.0,4282.185546875,84871000.0
2019-01-10,5300.0,5300.0,5190.0,5255.0,4282.185546875,114314500.0
2019-01-11,5280.0,5300.0,5235.0,5250.0,4278.11181640625,84826500.0
2019-01-14,5220.0,5235.0,5150.0,5200.0,4237.36865234375,87547500.0
2019-01-15,5230.0,5260.0,5190.0,5260.0,4286.26025390625,87763000.0
2019-01-16,5260.0,5285.0,5245.0,5285.0,4306.6328125,94972500.0
2019-01-17,5290.0,5330.0,5285.0,5330.0,4343.302734375,91654000.0
2019-01-18,5340.0,5425.0,5315.0,5425.0,4420.71630859375,100873500.0
2019-01-21,5425.0,5600.0,5390.0,5545.0,4518.50146484375,87118000.0
2019-01-22,5600.0,5620.0,5450.0,5600.0,4563.31982421875,91907000.0
2019-01-23,5600.0,5600.0,5475.0,5500.0,4481.83203125,98512500.0
2019-01-24,5430.0,5485.0,5355.0,5460.0,4449.2373046875,106781000.0
2019-01-25,5400.0,5520.0,5400.0,5500.0,4481.83203125,68944000.0
2019-01-28,5515.0,5515.0,5475.0,5495.0,4477.75732421875,69704000.0
2019-01-29,5445.0,5550.0,5440.0,5540.0,4514.42724609375,77679000.0
2019-01-30,5560.0,5560.0,5495.0,5520.0,4498.12939453125,76285000.0
2019-01-31,5520.0,5640.0,5520.0,5635.0,4591.83935546875,135904500.0
2019-02-01,5680.0,5750.0,5560.0,5635.0,4591.83935546875,57719500.0
2019-02-04,5635.0,5635.0,5500.0,5500.0,4481.83203125,113846500.0
2019-02-05,5500.0,5500.0,5500.0,5500.0,4481.83203125,0.0
2019-02-06,5500.0,5540.0,5495.0,5535.0,4510.35302734375,121996500.0
2019-02-07,5535.0,5535.0,5505.0,5530.0,4506.2783203125,63697500.0
2019-02-08,5530.0,5535.0,5500.0,5520.0,4498.12939453125,65268500.0
2019-02-11,5520.0,5530.0,5460.0,5495.0,4477.75732421875,37639000.0
2019-02-12,5530.0,5530.0,5450.0,5460.0,4449.2373046875,95883500.0
2019-02-13,5460.0,5490.0,5410.0,5420.0,4416.64208984375,103115500.0
2019-02-14,5405.0,5405.0,5380.0,5380.0,4384.04638671875,108738500.0
2019-02-15,5360.0,5410.0,5335.0,5360.0,4367.7490234375,81340000.0
2019-02-18,5410.0,5500.0,5410.0,5480.0,4465.53466796875,62991000.0
2019-02-19,5420.0,5480.0,5380.0,5380.0,4384.04638671875,64469000.0
2019-02-20,5450.0,5595.0,5440.0,5500.0,4481.83203125,89583000.0
2019-02-21,5540.0,5560.0,5470.0,5505.0,4485.9072265625,54561500.0
2019-02-22,5475.0,5525.0,5460.0,5490.0,4473.68359375,48271500.0
2019-02-25,5490.0,5500.0,5455.0,5490.0,4473.68359375,47887000.0
2019-02-26,5500.0,5555.0,5495.0,5555.0,4526.650390625,98446000.0
2019-02-27,5565.0,5570.0,5545.0,5565.0,4534.7998046875,78519500.0
2019-02-28,5570.0,5580.0,5510.0,5515.0,4494.05517578125,99366000.0
2019-03-01,5565.0,5600.0,5535.0,5540.0,4514.42724609375,72589500.0
2019-03-04,5520.0,5540.0,5515.0,5535.0,4510.35302734375,63910500.0
2019-03-05,5500.0,5505.0,5440.0,5495.0,4477.75732421875,46499500.0
2019-03-06,5555.0,5555.0,5490.0,5490.0,4473.68359375,37777000.0
2019-03-07,5490.0,5490.0,5490.0,5490.0,4473.68359375,0.0
2019-03-08,5545.0,5570.0,5440.0,5440.0,4432.9384765625,61126000.0
2019-03-11,5530.0,5530.0,5460.0,5505.0,4485.9072265625,32469000.0
2019-03-12,5540.0,5540.0,5450.0,5500.0,4481.83203125,40178500.0
2019-03-13,5450.0,5505.0,5450.0,5500.0,4481.83203125,17722000.0
2019-03-14,5450.0,5495.0,5450.0,5480.0,4465.53466796875,41096000.0
2019-03-15,5520.0,5545.0,5485.0,5540.0,4514.42724609375,41759500.0
2019-03-18,5555.0,5560.0,5535.0,5550.0,4522.576171875,42791000.0
2019-03-19,5540.0,5545.0,5485.0,5490.0,4473.68359375,51527000.0
2019-03-20,5540.0,5555.0,5465.0,5470.0,4457.38525390625,42388500.0
2019-03-21,5490.0,5520.0,5465.0,5475.0,4461.4599609375,39866000.0
2019-03-22,5465.0,5500.0,5465.0,5485.0,4469.60888671875,29601000.0
2019-03-25,5440.0,5500.0,5440.0,5455.0,4445.1630859375,23054500.0
2019-03-26,5480.0,5510.0,5455.0,5470.0,4457.38525390625,19895500.0
2019-03-27,5510.0,5510.0,5460.0,5485.0,4469.60888671875,17804500.0
2019-03-28,5460.0,5485.0,5425.0,5470.0,4457.38525390625,32187500.0
2019-03-29,5515.0,5530.0,5460.0,5510.0,4489.98095703125,36234000.0
2019-04-01,5550.0,5550.0,5480.0,5500.0,4481.83203125,21786000.0
2019-04-02,5530.0,5570.0,5480.0,5500.0,4481.83203125,36853000.0
2019-04-03,5500.0,5500.0,5500.0,5500.0,4481.83203125,0.0
2019-04-04,5540.0,5560.0,5490.0,5540.0,4514.42724609375,48112000.0
2019-04-05,5560.0,5560.0,5525.0,5530.0,4506.2783203125,21913500.0
2019-04-08,5505.0,5540.0,5450.0,5480.0,4465.53466796875,39910000.0
2019-04-09,5535.0,5550.0,5515.0,5535.0,4510.35302734375,29447000.0
2019-04-10,5550.0,5555.0,5515.0,5525.0,4502.20263671875,19508500.0
2019-04-11,5560.0,5560.0,5480.0,5480.0,4465.53466796875,25356000.0
2019-04-12,5460.0,5510.0,5460.0,5500.0,4481.83203125,18577000.0
2019-04-15,5560.0,5570.0,5490.0,5505.0,4485.9072265625,68152000.0
2019-04-16,5495.0,5505.0,5475.0,5495.0,4477.75732421875,71017000.0
2019-04-17,5495.0,5495.0,5495.0,5495.0,4477.75732421875,0.0
2019-04-18,5600.0,5805.0,5580.0,5625.0,4583.69140625,129332500.0
2019-04-19,5625.0,5625.0,5625.0,5625.0,4583.69140625,0.0
2019-04-22,5625.0,5680.0,5585.0,5625.0,4583.69140625,62837500.0
2019-04-23,5680.0,5710.0,5595.0,5630.0,4587.76708984375,48654000.0
2019-04-24,5640.0,5640.0,5600.0,5630.0,4629.70458984375,46975000.0
2019-04-25,5535.0,5620.0,5525.0,5595.0,4600.923828125,61482500.0
2019-04-26,5585.0,5645.0,5570.0,5620.0,4621.4814453125,66204500.0
2019-04-29,5610.0,5695.0,5595.0,5685.0,4674.93310546875,65480500.0
2019-04-30,5670.0,5760.0,5670.0,5750.0,4728.3837890625,107607500.0
2019-05-01,5750.0,5750.0,5750.0,5750.0,4728.3837890625,0.0
2019-05-02,5800.0,5810.0,5675.0,5685.0,4674.93310546875,80879500.0
2019-05-03,5680.0,5750.0,5615.0,5675.0,4666.7099609375,58244500.0
2019-05-06,5600.0,5660.0,5595.0,5620.0,4621.4814453125,36649500.0
2019-05-07,5675.0,5710.0,5650.0,5660.0,4654.37451171875,59177000.0
2019-05-08,5600.0,5700.0,5595.0,5700.0,4687.26611328125,59062000.0
2019-05-09,5700.0,5700.0,5625.0,5630.0,4629.70458984375,126636500.0
2019-05-10,5610.0,5680.0,5600.0,5610.0,4613.2578125,76130500.0
2019-05-13,5680.0,5695.0,5600.0,5610.0,4613.2578125,63720500.0
2019-05-14,5560.0,5630.0,5495.0,5495.0,4518.6904296875,114800500.0
2019-05-15,5555.0,5555.0,5445.0,5460.0,4489.90966796875,72065000.0
2019-05-16,5460.0,5480.0,5280.0,5280.0,4341.8896484375,87939000.0
2019-05-17,5280.0,5310.0,5180.0,5180.0,4259.65673828125,74207000.0
2019-05-20,5180.0,5390.0,5140.0,5380.0,4424.123046875,54764500.0
2019-05-21,5470.0,5495.0,5400.0,5460.0,4489.90966796875,97371000.0
2019-05-22,5530.0,5530.0,5400.0,5460.0,4489.90966796875,38519000.0
2019-05-23,5440.0,5605.0,5340.0,5605.0,4609.146484375,54926000.0
2019-05-24,5610.0,5630.0,5605.0,5610.0,4613.2578125,37402000.0
2019-05-27,5535.0,5700.0,5530.0,5685.0,4674.93310546875,68564000.0
2019-05-28,5655.0,5770.0,5655.0,5735.0,4716.04931640625,209923000.0
2019-05-29,5800.0,5895.0,5730.0,5740.0,4720.16162109375,133044500.0
2019-05-30,5740.0,5740.0,5740.0,5740.0,4720.16162109375,0.0
2019-05-31,5740.0,5870.0,5735.0,5820.0,4785.94677734375,96875000.0
2019-06-03,5820.0,5820.0,5820.0,5820.0,4785.94677734375,0.0
2019-06-04,5820.0,5820.0,5820.0,5820.0,4785.94677734375,0.0
2019-06-05,5820.0,5820.0,5820.0,5820.0,4785.94677734375,0.0
2019-06-06,5820.0,5820.0,5820.0,5820.0,4785.94677734375,0.0
2019-06-07,5820.0,5820.0,5820.0,5820.0,4785.94677734375,0.0
2019-06-10,6000.0,6190.0,5810.0,5880.0,4835.28662109375,179238000.0
2019-06-11,5900.0,5960.0,5845.0,5910.0,4859.9560546875,72901000.0
2019-06-12,5840.0,5900.0,5820.0,5845.0,4806.5048828125,69255500.0
2019-06-13,5885.0,5885.0,5790.0,5805.0,4773.61181640625,78802500.0
2019-06-14,5845.0,5845.0,5790.0,5800.0,4769.50048828125,57220500.0
2019-06-17,5810.0,5840.0,5790.0,5795.0,4765.38916015625,83624000.0
2019-06-18,5795.0,5900.0,5795.0,5900.0,4851.73388671875,78788000.0
2019-06-19,5900.0,5960.0,5890.0,5940.0,4884.62646484375,66944500.0
2019-06-20,5900.0,5940.0,5805.0,5910.0,4859.9560546875,59504500.0
2019-06-21,5910.0,5935.0,5840.0,5880.0,4835.28662109375,144149000.0
2019-06-24,5895.0,5900.0,5865.0,5875.0,4831.1748046875,30084000.0
2019-06-25,5930.0,5960.0,5875.0,5910.0,4859.9560546875,40561500.0
2019-06-26,5940.0,5940.0,5860.0,5865.0,4822.9521484375,59334500.0
2019-06-27,5850.0,5935.0,5805.0,5935.0,4880.51513671875,77525000.0
2019-06-28,5980.0,5995.0,5960.0,5995.0,4929.85400390625,80919000.0
2019-07-01,5995.0,6025.0,5965.0,5990.0,4925.74267578125,56612500.0
2019-07-02,5990.0,6000.0,5950.0,6000.0,4933.96630859375,48563500.0
2019-07-03,5950.0,6000.0,5940.0,6000.0,4933.96630859375,43640000.0
2019-07-04,6000.0,6010.0,5965.0,5990.0,4925.74267578125,28224500.0
2019-07-05,6020.0,6020.0,5970.0,5970.0,4909.2958984375,32722500.0
2019-07-08,5935.0,5960.0,5865.0,5880.0,4835.28662109375,38361000.0
2019-07-09,5870.0,6000.0,5870.0,6000.0,4933.96630859375,47740500.0
2019-07-10,6000.0,6040.0,5995.0,6000.0,4933.96630859375,52183500.0
2019-07-11,6020.0,6025.0,5980.0,6025.0,4954.52490234375,34279500.0
2019-07-12,6000.0,6030.0,5995.0,6010.0,4942.189453125,29838000.0
2019-07-15,6060.0,6115.0,6035.0,6105.0,5020.31005859375,61453500.0
2019-07-16,6080.0,6105.0,6070.0,6085.0,5003.86376953125,38075000.0
2019-07-17,6080.0,6150.0,6045.0,6150.0,5057.3154296875,45487000.0
2019-07-18,6100.0,6170.0,6055.0,6145.0,5053.2041015625,43625500.0
2019-07-19,6195.0,6210.0,6150.0,6200.0,5098.43115234375,43973500.0
2019-07-22,6260.0,6290.0,6200.0,6290.0,5172.4404296875,37314500.0
2019-07-23,6240.0,6290.0,6205.0,6235.0,5127.21142578125,39129500.0
2019-07-24,6260.0,6265.0,6165.0,6250.0,5139.54833984375,51343500.0
2019-07-25,6270.0,6275.0,6200.0,6250.0,5139.54833984375,53477500.0
2019-07-26,6250.0,6250.0,6190.0,6195.0,5094.3203125,51797500.0
2019-07-29,6220.0,6230.0,6160.0,6190.0,5090.2080078125,68509500.0
2019-07-30,6205.0,6250.0,6190.0,6220.0,5114.8779296875,38225500.0
2019-07-31,6190.0,6240.0,6180.0,6190.0,5090.2080078125,64129000.0
2019-08-01,6190.0,6270.0,6185.0,6210.0,5106.65478515625,78228000.0
2019-08-02,6160.0,6205.0,6160.0,6165.0,5069.64990234375,62989500.0
2019-08-05,6215.0,6215.0,6000.0,6000.0,4933.96630859375,90924000.0
2019-08-06,5880.0,5955.0,5765.0,5880.0,4835.28662109375,183296000.0
2019-08-07,5975.0,6050.0,5905.0,6010.0,4942.189453125,92102000.0
2019-08-08,6010.0,6080.0,5980.0,6005.0,4938.07763671875,58295500.0
2019-08-09,6055.0,6120.0,6055.0,6065.0,4987.4169921875,48118500.0
2019-08-12,6070.0,6080.0,6000.0,6040.0,4966.85888671875,52705000.0
2019-08-13,6000.0,6040.0,6000.0,6015.0,4946.30126953125,84406000.0
2019-08-14,6040.0,6060.0,5980.0,6010.0,4942.189453125,81942000.0
2019-08-15,5920.0,6000.0,5860.0,6000.0,4933.96630859375,52561500.0
2019-08-16,6040.0,6040.0,5960.0,5960.0,4901.07275390625,49821500.0
2019-08-19,6030.0,6030.0,5965.0,6015.0,4946.30126953125,30619000.0
2019-08-20,6035.0,6035.0,5985.0,5985.0,4921.63037109375,58393500.0
2019-08-21,6000.0,6005.0,5975.0,5975.0,4913.4072265625,55927500.0
2019-08-22,5925.0,6000.0,5920.0,6000.0,4933.96630859375,65888000.0
2019-08-23,5920.0,5995.0,5905.0,5995.0,4929.85400390625,33083500.0
2019-08-26,5940.0,6000.0,5860.0,5990.0,4925.74267578125,41388500.0
2019-08-27,6040.0,6040.0,5950.0,6005.0,4938.07763671875,123780000.0
2019-08-28,6000.0,6020.0,5985.0,5995.0,4929.85400390625,55688000.0
2019-08-29,5990.0,6025.0,5985.0,6005.0,4938.07763671875,51525500.0
2019-08-30,6080.0,6100.0,6005.0,6100.0,5016.19873046875,73650000.0
2019-09-02,6100.0,6100.0,6000.0,6000.0,4933.96630859375,42429000.0
2019-09-03,6000.0,6055.0,6000.0,6055.0,4979.193359375,42743500.0
2019-09-04,6060.0,6060.0,6005.0,6020.0,4950.412109375,41979000.0
2019-09-05,6085.0,6085.0,6015.0,6040.0,4966.85888671875,53650500.0
2019-09-06,6060.0,6060.0,6025.0,6025.0,4954.52490234375,54349000.0
2019-09-09,6050.0,6055.0,5980.0,6035.0,4962.7470703125,25912000.0
2019-09-10,6020.0,6055.0,5985.0,6055.0,4979.193359375,40291000.0
2019-09-11,6050.0,6100.0,6010.0,6100.0,5016.19873046875,45243500.0
2019-09-12,6100.0,6105.0,6010.0,6020.0,4950.412109375,40034000.0
2019-09-13,6080.0,6090.0,6010.0,6030.0,4958.6357421875,28419500.0
2019-09-16,6000.0,6015.0,5985.0,6005.0,4938.07763671875,77289000.0
2019-09-17,5990.0,6035.0,5985.0,6030.0,4958.6357421875,92037500.0
2019-09-18,5990.0,6040.0,5990.0,6040.0,4966.85888671875,28667000.0
2019-09-19,6015.0,6045.0,6000.0,6030.0,4958.6357421875,61988500.0
2019-09-20,6050.0,6050.0,5990.0,5990.0,4925.74267578125,133433000.0
2019-09-23,6030.0,6030.0,6000.0,6025.0,4954.52490234375,47231500.0
2019-09-24,5980.0,6000.0,5940.0,5945.0,4888.73828125,79718500.0
2019-09-25,5900.0,5935.0,5780.0,5935.0,4880.51513671875,88620000.0
2019-09-26,6000.0,6060.0,5970.0,6060.0,4983.3046875,109859000.0
2019-09-27,6005.0,6075.0,6000.0,6070.0,4991.529296875,48010000.0
2019-09-30,6070.0,6070.0,6005.0,6070.0,4991.529296875,73391000.0
2019-10-01,6010.0,6065.0,6010.0,6040.0,4966.85888671875,40057000.0
2019-10-02,6010.0,6070.0,6010.0,6050.0,4975.08203125,52376500.0
2019-10-03,6010.0,6045.0,5950.0,6040.0,4966.85888671875,50269000.0
2019-10-04,5980.0,6065.0,5980.0,6045.0,4970.970703125,56890500.0
2019-10-07,6070.0,6080.0,6050.0,6070.0,4991.529296875,56705500.0
2019-10-08,6080.0,6100.0,6015.0,6100.0,5016.19873046875,46997500.0
2019-10-09,6100.0,6100.0,6050.0,6070.0,4991.529296875,41496500.0
2019-10-10,6020.0,6110.0,6020.0,6110.0,5024.42138671875,65806500.0
2019-10-11,6080.0,6155.0,6080.0,6125.0,5036.75732421875,40863500.0
2019-10-14,6130.0,6200.0,6130.0,6200.0,5098.43115234375,37514500.0
2019-10-15,6190.0,6190.0,6145.0,6175.0,5077.873046875,40935000.0
2019-10-16,6200.0,6215.0,6175.0,6215.0,5110.7666015625,65776500.0
2019-10-17,6185.0,6210.0,6105.0,6115.0,5028.53271484375,45666500.0
2019-10-18,6160.0,6170.0,6140.0,6160.0,5065.5380859375,41008500.0
2019-10-21,6200.0,6255.0,6185.0,6220.0,5114.8779296875,59971500.0
2019-10-22,6270.0,6300.0,6225.0,6300.0,5180.6640625,67259500.0
2019-10-23,6300.0,6305.0,6260.0,6275.0,5160.1064453125,62219000.0
2019-10-24,6290.0,6320.0,6270.0,6300.0,5180.6640625,73101000.0
2019-10-25,6320.0,6325.0,6175.0,6200.0,5098.43115234375,61929500.0
2019-10-28,6200.0,6250.0,6200.0,6205.0,5102.5419921875,43249500.0
2019-10-29,6205.0,6240.0,6150.0,6220.0,5114.8779296875,79861500.0
2019-10-30,6280.0,6285.0,6200.0,6265.0,5151.88427734375,60738000.0
2019-10-31,6270.0,6300.0,6250.0,6290.0,5172.4404296875,58420500.0
2019-11-01,6300.0,6325.0,6275.0,6325.0,5201.22216796875,42080500.0
2019-11-04,6350.0,6380.0,6260.0,6275.0,5160.1064453125,43794500.0
2019-11-05,6350.0,6360.0,6270.0,6360.0,5230.00439453125,66161500.0
2019-11-06,6380.0,6380.0,6295.0,6295.0,5176.55322265625,63393000.0
2019-11-07,6335.0,6335.0,6250.0,6285.0,5168.3291015625,61972000.0
2019-11-08,6315.0,6315.0,6250.0,6280.0,5164.2177734375,90040500.0
2019-11-11,6335.0,6340.0,6265.0,6295.0,5176.55322265625,70207000.0
2019-11-12,6220.0,6280.0,6220.0,6265.0,5151.88427734375,47635500.0
2019-11-13,6265.0,6285.0,6265.0,6280.0,5164.2177734375,40083500.0
2019-11-14,6265.0,6280.0,6210.0,6270.0,5155.99462890625,37862000.0
2019-11-15,6280.0,6290.0,6255.0,6275.0,5160.1064453125,47138000.0
2019-11-18,6245.0,6285.0,6210.0,6280.0,5164.2177734375,65599000.0
2019-11-19,6330.0,6350.0,6300.0,6315.0,5192.99853515625,60115000.0
2019-11-20,6255.0,6350.0,6255.0,6350.0,5221.78173828125,43229500.0
2019-11-21,6350.0,6350.0,6300.0,6300.0,5180.6640625,57523500.0
2019-11-22,6280.0,6310.0,6270.0,6305.0,5184.77490234375,56035000.0
2019-11-25,6330.0,6335.0,6275.0,6275.0,5160.1064453125,55133500.0
2019-11-26,6330.0,6330.0,6270.0,6285.0,5168.3291015625,192783500.0
2019-11-27,6270.0,6300.0,6240.0,6300.0,5180.6640625,58833500.0
2019-11-28,6295.0,6295.0,6245.0,6250.0,5139.54833984375,44248000.0
2019-11-29,6230.0,6295.0,6225.0,6280.0,5164.2177734375,52954500.0
2019-12-02,6280.0,6425.0,6270.0,6425.0,5283.455078125,49909000.0
2019-12-03,6420.0,6420.0,6345.0,6375.0,5242.33837890625,42823000.0
2019-12-04,6360.0,6400.0,6355.0,6365.0,5234.1162109375,37552000.0
2019-12-05,6360.0,6385.0,6330.0,6340.0,5213.55712890625,54168000.0
2019-12-06,6340.0,6395.0,6320.0,6395.0,5275.4267578125,69920500.0
2019-12-09,6370.0,6395.0,6360.0,6395.0,5275.4267578125,51667500.0
2019-12-10,6395.0,6400.0,6360.0,6365.0,5250.67919921875,57654000.0
2019-12-11,6365.0,6385.0,6350.0,6380.0,5263.0537109375,48469000.0
2019-12-12,6400.0,6405.0,6340.0,6340.0,5230.05615234375,79198500.0
2019-12-13,6395.0,6420.0,6350.0,6360.0,5246.5546875,70822500.0
2019-12-16,6340.0,6395.0,6340.0,6360.0,5246.5546875,78684000.0
2019-12-17,6395.0,6500.0,6365.0,6500.0,5362.04443359375,102914500.0
2019-12-18,6500.0,6800.0,6440.0,6755.0,5572.40087890625,181804000.0
2019-12-19,6700.0,6720.0,6590.0,6600.0,5444.537109375,74171000.0
2019-12-20,6680.0,6740.0,6610.0,6660.0,5494.03369140625,99453000.0
2019-12-23,6680.0,6730.0,6650.0,6660.0,5494.03369140625,46558500.0
2019-12-26,6660.0,6725.0,6660.0,6680.0,5510.5322265625,38188500.0
2019-12-27,6670.0,6700.0,6670.0,6695.0,5522.90576171875,29945000.0
2019-12-30,6680.0,6720.0,6670.0,6685.0,5514.65625,61168000.0
2020-01-02,6695.0,6780.0,6680.0,6690.0,5518.78173828125,49445000.0
2020-01-03,6750.0,6800.0,6725.0,6800.0,5609.52392578125,47755500.0
2020-01-06,6720.0,6750.0,6690.0,6735.0,5555.90234375,27300000.0
2020-01-07,6735.0,6770.0,6730.0,6740.0,5560.0283203125,45022500.0
2020-01-08,6670.0,6745.0,6670.0,6680.0,5510.5322265625,53692500.0
2020-01-09,6740.0,6755.0,6730.0,6740.0,5560.0283203125,40363500.0
2020-01-10,6765.0,6825.0,6710.0,6725.0,5547.654296875,73362000.0
2020-01-13,6740.0,6760.0,6735.0,6745.0,5564.15234375,67855000.0
2020-01-14,6745.0,6885.0,6740.0,6870.0,5667.2685546875,93582000.0
2020-01-15,6870.0,7060.0,6800.0,6835.0,5638.39697265625,75623500.0
2020-01-16,6805.0,6890.0,6795.0,6850.0,5650.77001953125,88931500.0
2020-01-17,6840.0,6890.0,6800.0,6875.0,5671.39306640625,38249500.0
2020-01-20,6950.0,6975.0,6830.0,6835.0,5638.39697265625,93554500.0
2020-01-21,6885.0,6895.0,6825.0,6830.0,5634.271484375,103984500.0
2020-01-22,6855.0,6895.0,6835.0,6840.0,5642.52099609375,94311500.0
2020-01-23,6885.0,6895.0,6830.0,6840.0,5642.52099609375,87728000.0
2020-01-24,6820.0,6880.0,6810.0,6810.0,5617.77294921875,69653500.0
2020-01-27,6865.0,6940.0,6815.0,6840.0,5642.52099609375,39679000.0
2020-01-28,6835.0,6845.0,6755.0,6790.0,5601.27392578125,82615000.0
2020-01-29,6800.0,6845.0,6770.0,6785.0,5597.14990234375,43821000.0
2020-01-30,6845.0,6845.0,6730.0,6740.0,5560.0283203125,71990000.0
2020-01-31,6800.0,6805.0,6480.0,6480.0,5345.546875,163136500.0
2020-02-03,6480.0,6585.0,6370.0,6440.0,5312.54833984375,149797000.0
2020-02-04,6570.0,6620.0,6520.0,6600.0,5444.537109375,113316500.0
2020-02-05,6780.0,6780.0,6650.0,6730.0,5551.7783203125,123002500.0
2020-02-06,6740.0,6780.0,6680.0,6740.0,5560.0283203125,154693500.0
2020-02-07,6710.0,6780.0,6705.0,6760.0,5576.52685546875,82609000.0
2020-02-10,6760.0,6785.0,6630.0,6785.0,5597.14990234375,66578500.0
2020-02-11,6785.0,6785.0,6745.0,6780.0,5593.0244140625,77526500.0
2020-02-12,6800.0,6800.0,6760.0,6800.0,5609.52392578125,69971500.0
2020-02-13,6820.0,6820.0,6740.0,6790.0,5601.27392578125,49737000.0
2020-02-14,6780.0,6795.0,6675.0,6680.0,5510.5322265625,147028500.0
2020-02-17,6680.0,6750.0,6680.0,6720.0,5543.52880859375,115319000.0
2020-02-18,6685.0,6720.0,6670.0,6695.0,5522.90576171875,98436500.0
2020-02-19,6665.0,6760.0,6665.0,6695.0,5522.90576171875,74594000.0
2020-02-20,6690.0,6695.0,6565.0,6595.0,5440.41357421875,136724500.0
2020-02-21,6600.0,6660.0,6595.0,6615.0,5456.91162109375,98261000.0
2020-02-24,6565.0,6600.0,6510.0,6525.0,5382.66748046875,84910000.0
2020-02-25,6550.0,6560.0,6510.0,6530.0,5386.79248046875,86446500.0
2020-02-26,6500.0,6535.0,6420.0,6420.0,5296.05078125,92824500.0
2020-02-27,6470.0,6475.0,6200.0,6290.0,5188.80908203125,129254500.0
2020-02-28,6200.0,6290.0,6035.0,6290.0,5188.80908203125,169946500.0
2020-03-02,6290.0,6290.0,6035.0,6080.0,5015.57421875,144871500.0
2020-03-03,6200.0,6350.0,6200.0,6320.0,5213.55712890625,114663500.0
2020-03-04,6315.0,6500.0,6260.0,6440.0,5312.54833984375,83025000.0
2020-03-05,6540.0,6540.0,6340.0,6435.0,5308.4248046875,77583000.0
2020-03-06,6350.0,6350.0,6200.0,6200.0,5114.56591796875,77835500.0
2020-03-09,6000.0,6040.0,5785.0,5785.0,4772.21923828125,140889500.0
2020-03-10,5840.0,6010.0,5840.0,5925.0,4887.7099609375,133667000.0
2020-03-11,5950.0,5980.0,5790.0,5850.0,4825.83984375,93204500.0
2020-03-12,5600.0,5640.0,5460.0,5560.0,4586.61083984375,129845500.0
2020-03-13,5560.0,5560.0,5560.0,5560.0,4586.61083984375,0.0
2020-03-16,5560.0,5560.0,5560.0,5560.0,4586.61083984375,0.0
2020-03-17,5495.0,5505.0,5120.0,5120.0,4223.6416015625,212200000.0
2020-03-18,5120.0,5380.0,4765.0,5000.0,4124.65087890625,180053500.0
2020-03-19,4995.0,4995.0,4650.0,4650.0,3835.923828125,264419000.0
2020-03-20,4600.0,5385.0,4325.0,4735.0,3906.043701171875,335132000.0
2020-03-23,4760.0,5000.0,4405.0,4430.0,3654.43994140625,217843500.0
2020-03-24,4450.0,4995.0,4450.0,4500.0,3712.184326171875,253971000.0
2020-03-26,4650.0,5395.0,4650.0,5280.0,4355.63037109375,331633000.0
2020-03-27,5360.0,5895.0,5355.0,5510.0,4545.36474609375,269683000.0
2020-03-30,5480.0,5555.0,5155.0,5495.0,4532.990234375,159964500.0
2020-03-31,5660.0,5710.0,5485.0,5525.0,4557.73876953125,182638500.0
2020-04-01,5560.0,5750.0,5425.0,5480.0,4520.6162109375,152831500.0
2020-04-02,5470.0,5470.0,5360.0,5410.0,4462.87109375,136623500.0
2020-04-03,5460.0,5530.0,5365.0,5495.0,4532.990234375,110506000.0
2020-04-06,5520.0,5740.0,5495.0,5735.0,4730.97265625,78184000.0
2020-04-07,5735.0,6100.0,5580.0,5655.0,4664.978515625,149153500.0
2020-04-08,5655.0,5660.0,5480.0,5635.0,4648.48046875,106111500.0
2020-04-09,5600.0,5695.0,5500.0,5595.0,4615.4833984375,89997000.0
2020-04-13,5540.0,5615.0,5480.0,5500.0,4537.11474609375,58043000.0
2020-04-14,5505.0,5590.0,5445.0,5515.0,4549.4892578125,95796000.0
2020-04-15,5515.0,5630.0,5445.0,5485.0,4524.74072265625,95342000.0
2020-04-16,5485.0,5520.0,5185.0,5240.0,4322.63232421875,176990500.0
2020-04-17,5300.0,5445.0,5280.0,5425.0,4475.2451171875,160935500.0
2020-04-20,5430.0,5500.0,5330.0,5355.0,4417.5,90744000.0
2020-04-21,5355.0,5355.0,5160.0,5160.0,4330.22412109375,73431000.0
2020-04-22,5160.0,5235.0,5045.0,5145.0,4317.63623046875,107263500.0
2020-04-23,5180.0,5245.0,5120.0,5120.0,4296.6572265625,105419500.0
2020-04-24,5120.0,5140.0,4920.0,4920.0,4128.818359375,131149500.0
2020-04-27,4940.0,5020.0,4855.0,4960.0,4162.38525390625,151103500.0
2020-04-28,4960.0,4975.0,4805.0,4830.0,4053.292236328125,180488000.0
2020-04-29,4825.0,4850.0,4800.0,4850.0,4070.074462890625,121161000.0
2020-04-30,4880.0,5250.0,4880.0,5170.0,4338.6162109375,174081000.0
2020-05-04,5150.0,5300.0,5000.0,5220.0,4380.57568359375,114497500.0
2020-05-05,5220.0,5340.0,5200.0,5285.0,4435.12353515625,118643500.0
2020-05-06,5315.0,5370.0,5300.0,5355.0,4493.86572265625,86395500.0
2020-05-08,5345.0,5400.0,5150.0,5245.0,4401.55517578125,123028000.0
2020-05-11,5245.0,5325.0,5245.0,5295.0,4443.5146484375,40615500.0
2020-05-12,5340.0,5340.0,5030.0,5220.0,4380.57568359375,118660000.0
2020-05-13,5160.0,5170.0,5085.0,5110.0,4288.26513671875,94973000.0
2020-05-14,5070.0,5110.0,4905.0,4920.0,4128.818359375,131268000.0
2020-05-15,4920.0,4995.0,4680.0,4785.0,4015.52734375,205790000.0
2020-05-18,4800.0,4845.0,4750.0,4765.0,3998.743408203125,139997500.0
2020-05-19,4840.0,4960.0,4680.0,4680.0,3927.413330078125,128504500.0
2020-05-20,4720.0,4800.0,4690.0,4765.0,3998.743408203125,119158000.0
2020-05-26,4775.0,5000.0,4775.0,4970.0,4170.7783203125,176076500.0
2020-05-27,4970.0,5000.0,4855.0,4965.0,4166.58154296875,151753500.0
2020-05-28,5000.0,5320.0,5000.0,5295.0,4443.5146484375,229233000.0
2020-05-29,5295.0,5295.0,5190.0,5190.0,4355.3994140625,399414000.0
2020-06-02,5260.0,5500.0,5240.0,5360.0,4498.0625,181369500.0
2020-06-03,5410.0,5780.0,5400.0,5780.0,4850.52197265625,279673500.0
2020-06-04,5780.0,5990.0,5600.0,5790.0,4858.91455078125,236158500.0
2020-06-05,5790.0,5855.0,5585.0,5725.0,4804.3662109375,88157500.0
2020-06-08,5755.0,5925.0,5755.0,5900.0,4951.224609375,173557500.0
2020-06-09,5940.0,5995.0,5795.0,5805.0,4871.501953125,100110000.0
2020-06-10,5800.0,5865.0,5595.0,5800.0,4867.30615234375,115382500.0
2020-06-11,5750.0,5810.0,5605.0,5680.0,4766.603515625,85187500.0
2020-06-12,5680.0,5680.0,5480.0,5670.0,4758.2109375,96044000.0
2020-06-15,5680.0,5710.0,5500.0,5500.0,4615.54833984375,100844500.0
2020-06-16,5580.0,5795.0,5580.0,5760.0,4833.73828125,91518500.0
2020-06-17,5800.0,5800.0,5680.0,5720.0,4800.17041015625,79800000.0
2020-06-18,5720.0,5740.0,5585.0,5585.0,4686.8798828125,68032000.0
2020-06-19,5600.0,5650.0,5545.0,5575.0,4678.48828125,110071000.0
2020-06-22,5595.0,5660.0,5530.0,5540.0,4649.1162109375,51590500.0
2020-06-23,5570.0,5660.0,5520.0,5620.0,4716.251953125,69954000.0
2020-06-24,5650.0,5760.0,5640.0,5705.0,4787.5830078125,57333000.0
2020-06-25,5700.0,5745.0,5640.0,5725.0,4804.3662109375,51415000.0
2020-06-26,5720.0,5760.0,5640.0,5645.0,4737.232421875,57467500.0
2020-06-29,5640.0,5695.0,5585.0,5675.0,4762.4072265625,48796500.0
2020-06-30,5700.0,5740.0,5660.0,5695.0,4779.19091796875,74474000.0
2020-07-01,5700.0,5800.0,5675.0,5800.0,4867.30615234375,63959000.0
2020-07-02,5775.0,5870.0,5760.0,5870.0,4926.048828125,75585500.0
2020-07-03,5870.0,5905.0,5840.0,5870.0,4926.048828125,52219000.0
2020-07-06,5860.0,5935.0,5850.0,5935.0,4980.5966796875,67800000.0
2020-07-07,5940.0,5995.0,5900.0,5990.0,5026.7529296875,74168000.0
2020-07-08,5990.0,6265.0,5980.0,6200.0,5202.98291015625,106444500.0
2020-07-09,6210.0,6240.0,6030.0,6100.0,5119.0634765625,93543500.0
2020-07-10,6100.0,6240.0,6080.0,6200.0,5202.98291015625,67224000.0
2020-07-13,6230.0,6240.0,6140.0,6175.0,5182.0029296875,86006000.0
2020-07-14,6175.0,6200.0,6110.0,6200.0,5202.98291015625,45616500.0
2020-07-15,6200.0,6240.0,6150.0,6150.0,5161.02294921875,61468000.0
2020-07-16,6150.0,6200.0,6140.0,6180.0,5186.19921875,66520500.0
2020-07-17,6135.0,6180.0,6040.0,6120.0,5135.84716796875,73348000.0
2020-07-20,6120.0,6160.0,6060.0,6140.0,5152.630859375,59794500.0
2020-07-21,6100.0,6235.0,6100.0,6200.0,5202.98291015625,84159500.0
2020-07-22,6210.0,6250.0,6130.0,6180.0,5186.19921875,44725500.0
2020-07-23,6180.0,6215.0,6140.0,6200.0,5202.98291015625,84026500.0
2020-07-24,6200.0,6200.0,6100.0,6100.0,5119.0634765625,58366500.0
2020-07-27,6100.0,6140.0,6000.0,6100.0,5119.0634765625,41972500.0
2020-07-28,6120.0,6200.0,6060.0,6185.0,5190.39453125,65279000.0
2020-07-29,6185.0,6185.0,6100.0,6135.0,5148.4345703125,50262500.0
2020-07-30,6135.0,6240.0,6055.0,6240.0,5236.54931640625,80533500.0
2020-08-03,6220.0,6235.0,5825.0,6130.0,5144.23876953125,137079000.0
2020-08-04,6155.0,6220.0,6130.0,6210.0,5211.3740234375,79357000.0
2020-08-05,6200.0,6220.0,6100.0,6205.0,5207.177734375,49393000.0
2020-08-06,6215.0,6295.0,6185.0,6260.0,5253.33349609375,55258500.0
2020-08-07,6265.0,6285.0,6160.0,6180.0,5186.19921875,43621000.0
2020-08-10,6180.0,6200.0,6105.0,6120.0,5135.84716796875,37774500.0
2020-08-11,6140.0,6200.0,6130.0,6175.0,5182.0029296875,38795500.0
2020-08-12,6175.0,6260.0,6160.0,6260.0,5253.33349609375,35612000.0
2020-08-13,6260.0,6300.0,6180.0,6300.0,5286.90087890625,48581000.0
2020-08-14,6300.0,6405.0,6240.0,6405.0,5375.01708984375,57316000.0
2020-08-18,6405.0,6425.0,6300.0,6360.0,5337.25341796875,81563500.0
2020-08-19,6360.0,6410.0,6310.0,6330.0,5312.07763671875,58793500.0
2020-08-24,6340.0,6380.0,6280.0,6315.0,5299.48876953125,66882500.0
2020-08-25,6320.0,6380.0,6305.0,6365.0,5341.44921875,49211000.0
2020-08-26,6385.0,6390.0,6305.0,6340.0,5320.46875,42983000.0
2020-08-27,6365.0,6600.0,6340.0,6600.0,5538.658203125,68326000.0
2020-08-28,6560.0,6600.0,6425.0,6495.0,5450.5439453125,52292500.0
2020-08-31,6500.0,6540.0,6275.0,6275.0,5265.92138671875,97032000.0
2020-09-01,6280.0,6520.0,6240.0,6520.0,5471.52392578125,67446000.0
2020-09-02,6520.0,6560.0,6365.0,6435.0,5400.19287109375,66065000.0
2020-09-03,6465.0,6500.0,6300.0,6500.0,5454.7392578125,68208500.0
2020-09-04,6450.0,6450.0,6265.0,6380.0,5354.03759765625,80613500.0
2020-09-07,6335.0,6360.0,6200.0,6285.0,5274.31298828125,64249500.0
2020-09-08,6285.0,6360.0,6285.0,6335.0,5316.2724609375,39649000.0
2020-09-09,6300.0,6320.0,6210.0,6245.0,5240.74658203125,49285000.0
2020-09-10,6220.0,6220.0,5810.0,5810.0,4875.6982421875,175735000.0
2020-09-11,5800.0,5975.0,5620.0,5905.0,4955.4208984375,403032500.0
2020-09-14,6000.0,6115.0,5985.0,6050.0,5077.1044921875,138115000.0
2020-09-15,6040.0,6100.0,5860.0,5860.0,4917.6572265625,170087000.0
2020-09-16,5860.0,5870.0,5745.0,5750.0,4825.34619140625,158565500.0
2020-09-17,5750.0,5855.0,5665.0,5755.0,4829.54248046875,138796000.0
2020-09-18,5700.0,5735.0,5570.0,5630.0,4724.6435546875,316912000.0
2020-09-21,5640.0,5735.0,5595.0,5605.0,4703.6630859375,112443000.0
2020-09-22,5520.0,5565.0,5430.0,5450.0,4573.58984375,163442500.0
2020-09-23,5450.0,5585.0,5425.0,5505.0,4619.74560546875,100517000.0
2020-09-24,5430.0,5535.0,5390.0,5445.0,4569.392578125,88618500.0
2020-09-25,5480.0,5625.0,5460.0,5610.0,4707.8603515625,100705000.0
2020-09-28,5650.0,5695.0,5500.0,5515.0,4628.13720703125,93522000.0
2020-09-29,5575.0,5635.0,5460.0,5505.0,4619.74560546875,117778500.0
2020-09-30,5565.0,5565.0,5420.0,5420.0,4548.4130859375,107377000.0
2020-10-01,5485.0,5570.0,5480.0,5570.0,4674.29296875,56893000.0
2020-10-02,5560.0,5565.0,5440.0,5505.0,4619.74560546875,66848000.0
2020-10-05,5515.0,5560.0,5460.0,5520.0,4632.33251953125,58291000.0
2020-10-06,5630.0,5715.0,5600.0,5700.0,4783.38671875,141955500.0
2020-10-07,5600.0,5755.0,5580.0,5755.0,4829.54248046875,89937500.0
2020-10-08,5790.0,5800.0,5710.0,5780.0,4850.52197265625,77384500.0
2020-10-09,5750.0,5775.0,5720.0,5775.0,4846.326171875,54250500.0
2020-10-12,5840.0,5875.0,5830.0,5855.0,4913.4619140625,82918500.0
2020-10-13,5840.0,5860.0,5770.0,5855.0,4913.4619140625,48250500.0
2020-10-14,5840.0,5900.0,5810.0,5900.0,4951.224609375,83117500.0
2020-10-15,5875.0,5880.0,5760.0,5785.0,4854.7177734375,82067000.0
2020-10-16,5785.0,5790.0,5730.0,5760.0,4833.73828125,89051500.0
2020-10-19,5750.0,5900.0,5710.0,5900.0,4951.224609375,56871500.0
2020-10-20,5880.0,5880.0,5785.0,5805.0,4871.501953125,74995500.0
2020-10-21,5860.0,5865.0,5730.0,5780.0,4850.52197265625,77944000.0
2020-10-22,5740.0,5800.0,5705.0,5800.0,4867.30615234375,96872500.0
2020-10-23,5840.0,5840.0,5750.0,5770.0,4842.12939453125,66328000.0
2020-10-26,5725.0,5835.0,5725.0,5815.0,4879.89453125,70452500.0
2020-10-27,5815.0,5830.0,5755.0,5790.0,4858.91455078125,89482000.0
2020-11-02,5760.0,5825.0,5720.0,5820.0,4884.08984375,151006500.0
2020-11-03,5840.0,5895.0,5835.0,5890.0,4942.8330078125,78152000.0
2020-11-04,5900.0,5940.0,5785.0,5820.0,4884.08984375,78626000.0
2020-11-05,5900.0,6180.0,5900.0,6150.0,5161.02294921875,161090000.0
2020-11-06,6160.0,6300.0,6060.0,6300.0,5286.90087890625,137303500.0
2020-11-09,6300.0,6400.0,6215.0,6285.0,5274.31298828125,82739500.0
2020-11-10,6395.0,6600.0,6380.0,6480.0,5437.95654296875,191073500.0
2020-11-11,6540.0,6565.0,6480.0,6540.0,5488.30712890625,131383500.0
2020-11-12,6410.0,6495.0,6405.0,6420.0,5387.60498046875,83082500.0
2020-11-13,6420.0,6450.0,6320.0,6390.0,5362.4287109375,82374500.0
2020-11-16,6485.0,6485.0,6385.0,6480.0,5437.95654296875,54905000.0
2020-11-17,6500.0,6565.0,6490.0,6550.0,5496.69873046875,119784000.0
2020-11-18,6550.0,6575.0,6540.0,6570.0,5513.4833984375,99789000.0
2020-11-19,6520.0,6640.0,6515.0,6615.0,5551.24658203125,147346500.0
2020-11-20,6640.0,6650.0,6550.0,6600.0,5538.658203125,68468500.0
2020-11-23,6600.0,6610.0,6550.0,6600.0,5538.658203125,75265500.0
2020-11-24,6600.0,6600.0,6545.0,6565.0,5509.2861328125,72349500.0
2020-11-25,6580.0,6585.0,6380.0,6410.0,5379.21240234375,170140500.0
2020-11-26,6350.0,6490.0,6300.0,6480.0,5437.95654296875,64339000.0
2020-11-27,6480.0,6490.0,6380.0,6385.0,5358.2333984375,87361500.0
2020-11-30,6385.0,6400.0,6135.0,6205.0,5207.177734375,393091500.0
2020-12-01,6220.0,6435.0,6220.0,6395.0,5366.62451171875,114563500.0
2020-12-02,6460.0,6485.0,6340.0,6450.0,5412.77978515625,93897500.0
2020-12-03,6500.0,6525.0,6425.0,6460.0,5421.171875,98210000.0
2020-12-04,6460.0,6465.0,6360.0,6390.0,5362.4287109375,64995500.0
2020-12-07,6500.0,6580.0,6480.0,6520.0,5471.52392578125,96636000.0
2020-12-08,6520.0,6520.0,6425.0,6490.0,5462.84619140625,70561500.0
2020-12-10,6590.0,6600.0,6540.0,6575.0,5534.39306640625,151420500.0
2020-12-11,6600.0,6780.0,6595.0,6735.0,5669.0703125,214160000.0
2020-12-14,6800.0,6830.0,6795.0,6820.0,5740.6171875,179785500.0
2020-12-15,6830.0,6900.0,6605.0,6790.0,5715.36572265625,164024500.0
2020-12-16,6860.0,6950.0,6840.0,6950.0,5850.04296875,138674000.0
2020-12-17,6965.0,7000.0,6820.0,6935.0,5837.4169921875,91920000.0
2020-12-18,6935.0,6935.0,6755.0,6800.0,5723.783203125,147238500.0
2020-12-21,6890.0,6890.0,6800.0,6830.0,5749.0341796875,93692500.0
2020-12-22,6740.0,6820.0,6710.0,6715.0,5652.23583984375,61790500.0
2020-12-23,6905.0,6905.0,6620.0,6725.0,5660.65283203125,76948000.0
2020-12-28,6790.0,6820.0,6660.0,6780.0,5706.94873046875,60234000.0
2020-12-29,6775.0,6810.0,6740.0,6765.0,5694.32177734375,34212500.0
2020-12-30,6800.0,6800.0,6700.0,6770.0,5698.5302734375,52675500.0
2021-01-04,6800.0,6855.0,6720.0,6835.0,5753.24365234375,47937000.0
2021-01-05,6860.0,7090.0,6850.0,7090.0,5967.8857421875,104831000.0
2021-01-06,7050.0,7075.0,6880.0,6945.0,5845.833984375,89753500.0
2021-01-07,7000.0,7050.0,6910.0,6965.0,5862.66845703125,71360000.0
2021-01-08,7035.0,7080.0,6975.0,7050.0,5934.21630859375,75033500.0
2021-01-11,7150.0,7360.0,7145.0,7345.0,6182.52734375,169034500.0
2021-01-12,7345.0,7380.0,7160.0,7160.0,6026.80712890625,95235000.0
2021-01-13,7245.0,7275.0,7070.0,7120.0,5993.13818359375,76581500.0
2021-01-14,7050.0,7090.0,6995.0,7020.0,5908.96337890625,89319500.0
2021-01-15,7095.0,7100.0,6840.0,6955.0,5854.251953125,89853500.0
2021-01-18,6955.0,7125.0,6845.0,7120.0,5993.13818359375,86343000.0
2021-01-19,7120.0,7120.0,7005.0,7095.0,5972.09423828125,73777000.0
2021-01-20,7165.0,7295.0,7070.0,7095.0,5972.09423828125,107216000.0
2021-01-21,7280.0,7300.0,7060.0,7075.0,5955.2587890625,66428000.0
2021-01-22,7075.0,7160.0,7075.0,7080.0,5959.46728515625,80829000.0
2021-01-25,7200.0,7200.0,7000.0,7035.0,5921.59033203125,76836500.0
2021-01-26,6955.0,7000.0,6820.0,6820.0,5740.6171875,98658000.0
2021-01-27,6820.0,6930.0,6705.0,6790.0,5715.36572265625,97920000.0
2021-01-28,6790.0,6925.0,6790.0,6900.0,5807.9560546875,104627000.0
2021-01-29,6900.0,7000.0,6760.0,6760.0,5690.11328125,132762500.0
2021-02-01,6760.0,6920.0,6595.0,6820.0,5740.6171875,113129000.0
2021-02-02,6965.0,6980.0,6800.0,6800.0,5723.783203125,86741000.0
2021-02-03,7000.0,7000.0,6825.0,6825.0,5744.826171875,67291000.0
2021-02-04,6920.0,7000.0,6835.0,6855.0,5770.07861328125,80950500.0
2021-02-05,6870.0,6950.0,6855.0,6915.0,5820.58203125,51602000.0
2021-02-08,7050.0,7055.0,6880.0,6920.0,5824.791015625,45604000.0
2021-02-09,7000.0,7030.0,6955.0,6980.0,5875.29443359375,75574000.0
2021-02-10,7050.0,7050.0,6900.0,6920.0,5824.791015625,44984500.0
2021-02-11,6985.0,6985.0,6840.0,6880.0,5791.12109375,36926000.0
2021-02-15,6830.0,6890.0,6720.0,6800.0,5723.783203125,83922000.0
2021-02-16,6880.0,6945.0,6830.0,6940.0,5841.62548828125,47221000.0
2021-02-17,6890.0,6960.0,6850.0,6900.0,5807.9560546875,66011500.0
2021-02-18,6850.0,6900.0,6735.0,6735.0,5669.0703125,91204000.0
2021-02-19,6780.0,6850.0,6760.0,6825.0,5744.826171875,70487500.0
2021-02-22,6900.0,6940.0,6790.0,6790.0,5715.36572265625,68913000.0
2021-02-23,6820.0,6845.0,6775.0,6825.0,5744.826171875,58360000.0
2021-02-24,6825.0,6835.0,6725.0,6725.0,5660.65283203125,71869000.0
2021-02-25,6740.0,6770.0,6680.0,6705.0,5643.8173828125,78688000.0
2021-02-26,6705.0,6810.0,6645.0,6710.0,5648.0263671875,173631500.0
2021-03-01,6830.0,7045.0,6800.0,7045.0,5930.0078125,205539000.0
2021-03-02,7120.0,7160.0,7000.0,7015.0,5904.75634765625,81446500.0
2021-03-03,7065.0,7085.0,7000.0,7000.0,5892.1298828125,84470000.0
2021-03-04,6905.0,7000.0,6720.0,6720.0,5656.44482421875,120802500.0
2021-03-05,6720.0,6925.0,6720.0,6800.0,5723.783203125,111871500.0
2021-03-08,6950.0,6950.0,6720.0,6720.0,5656.44482421875,90883000.0
2021-03-09,6700.0,6715.0,6600.0,6605.0,5559.64599609375,135582000.0
2021-03-10,6720.0,6720.0,6620.0,6705.0,5643.8173828125,50302000.0
2021-03-12,6875.0,6880.0,6715.0,6765.0,5694.32177734375,74328000.0
2021-03-15,6815.0,6820.0,6665.0,6665.0,5610.1494140625,57416000.0
2021-03-16,6710.0,6710.0,6620.0,6625.0,5576.4794921875,70755500.0
2021-03-17,6650.0,6665.0,6605.0,6610.0,5563.853515625,71474500.0
2021-03-18,6620.0,6720.0,6610.0,6705.0,5643.8173828125,70067500.0
2021-03-19,6770.0,6770.0,6625.0,6760.0,5690.11328125,125853000.0
2021-03-22,6640.0,6680.0,6610.0,6620.0,5572.27099609375,67523500.0
2021-03-23,6720.0,6720.0,6555.0,6565.0,5525.9755859375,127762500.0
2021-03-24,6515.0,6550.0,6420.0,6440.0,5420.759765625,152050000.0
2021-03-25,6400.0,6440.0,6330.0,6370.0,5361.837890625,119101500.0
2021-03-26,6370.0,6445.0,6300.0,6415.0,5399.7158203125,134467500.0
2021-03-29,6410.0,6515.0,6360.0,6360.0,5353.42041015625,113370500.0
2021-03-30,6370.0,6455.0,6370.0,6395.0,5382.880859375,83115500.0
2021-03-31,6390.0,6395.0,6145.0,6215.0,5231.369140625,223390500.0
2021-04-01,6215.0,6270.0,6155.0,6225.0,5239.78662109375,112286000.0
2021-04-05,6250.0,6290.0,6155.0,6155.0,5180.8662109375,73311500.0
2021-04-06,6135.0,6170.0,6080.0,6165.0,5189.28271484375,80215000.0
2021-04-07,6155.0,6275.0,6135.0,6250.0,5260.82958984375,107908000.0
2021-04-08,6200.0,6215.0,6125.0,6135.0,5236.4189453125,123697500.0
2021-04-09,6315.0,6320.0,6145.0,6200.0,5291.8974609375,116961000.0
2021-04-12,6295.0,6295.0,6060.0,6065.0,5176.67138671875,110411500.0
2021-04-13,6050.0,6060.0,5980.0,6000.0,5121.19189453125,119211500.0
2021-04-14,6105.0,6305.0,6060.0,6305.0,5381.5185546875,135519500.0
2021-04-15,6305.0,6310.0,6180.0,6280.0,5360.1806640625,102686500.0
2021-04-16,6370.0,6370.0,6215.0,6275.0,5355.9130859375,79293500.0
2021-04-19,6275.0,6280.0,6230.0,6270.0,5351.646484375,47095000.0
2021-04-20,6200.0,6250.0,6185.0,6235.0,5321.771484375,72721000.0
2021-04-21,6200.0,6225.0,6165.0,6165.0,5262.02490234375,68397000.0
2021-04-22,6200.0,6275.0,6180.0,6215.0,5304.701171875,63758000.0
2021-04-23,6280.0,6395.0,6225.0,6390.0,5454.06982421875,108498500.0
2021-04-26,6395.0,6400.0,6280.0,6285.0,5364.44873046875,108742000.0
2021-04-27,6370.0,6435.0,6355.0,6405.0,5466.8720703125,132650000.0
2021-04-28,6400.0,6405.0,6315.0,6320.0,5394.3232421875,87660000.0
2021-04-29,6460.0,6460.0,6360.0,6410.0,5471.14013671875,57355000.0
2021-04-30,6450.0,6450.0,6380.0,6405.0,5466.8720703125,65829500.0
2021-05-03,6480.0,6480.0,6345.0,6390.0,5454.06982421875,42065500.0
2021-05-04,6350.0,6430.0,6340.0,6400.0,5462.6044921875,50123500.0
2021-05-05,6420.0,6430.0,6400.0,6425.0,5483.94384765625,51685000.0
2021-05-06,6400.0,6450.0,6400.0,6425.0,5483.94384765625,38115500.0
2021-05-07,6460.0,6460.0,6385.0,6400.0,5462.6044921875,48864000.0
2021-05-10,6400.0,6420.0,6395.0,6420.0,5479.67431640625,68180500.0
2021-05-11,6400.0,6480.0,6305.0,6480.0,5530.8876953125,70680000.0
2021-05-17,6500.0,6500.0,6375.0,6500.0,5547.9580078125,129058500.0
2021-05-18,6400.0,6455.0,6365.0,6390.0,5454.06982421875,73563000.0
2021-05-19,6380.0,6400.0,6335.0,6345.0,5415.66064453125,64912500.0
2021-05-20,6390.0,6435.0,6350.0,6380.0,5445.5341796875,64950000.0
2021-05-21,6450.0,6450.0,6260.0,6360.0,5428.46337890625,92620000.0
2021-05-24,6355.0,6380.0,6290.0,6325.0,5398.59033203125,59210000.0
2021-05-25,6300.0,6440.0,6300.0,6355.0,5424.1953125,87470000.0
2021-05-27,6440.0,6480.0,6270.0,6270.0,5351.646484375,537971500.0
2021-05-28,6330.0,6370.0,6330.0,6340.0,5411.39208984375,102108500.0
2021-05-31,6360.0,6390.0,6325.0,6375.0,5441.2666015625,101442000.0
2021-06-02,6500.0,6515.0,6420.0,6465.0,5518.083984375,141732500.0
2021-06-03,6495.0,6600.0,6430.0,6600.0,5633.310546875,133810500.0
2021-06-04,6620.0,6620.0,6500.0,6580.0,5616.240234375,62108500.0
2021-06-07,6560.0,6570.0,6430.0,6530.0,5573.564453125,62576000.0
2021-06-08,6575.0,6575.0,6430.0,6430.0,5488.2109375,64348000.0
2021-06-09,6360.0,6535.0,6360.0,6530.0,5573.564453125,77198000.0
2021-06-10,6555.0,6620.0,6490.0,6620.0,5650.3818359375,73262500.0
2021-06-11,6570.0,6580.0,6460.0,6470.0,5522.35107421875,72780500.0
2021-06-14,6520.0,6520.0,6400.0,6410.0,5471.14013671875,61478500.0
2021-06-15,6445.0,6470.0,6405.0,6470.0,5522.35107421875,87799000.0
2021-06-16,6420.0,6435.0,6360.0,6385.0,5449.802734375,48984000.0
2021-06-17,6390.0,6390.0,6275.0,6330.0,5402.85791015625,68448500.0
2021-06-18,6300.0,6345.0,6280.0,6325.0,5398.59033203125,118043000.0
2021-06-21,6300.0,6300.0,6210.0,6250.0,5334.57470703125,60823500.0
2021-06-22,6250.0,6390.0,6240.0,6340.0,5411.39208984375,65824000.0
2021-06-23,6295.0,6340.0,6230.0,6230.0,5317.50390625,52451000.0
2021-06-24,6310.0,6310.0,6200.0,6210.0,5300.43408203125,56010000.0
2021-06-25,6230.0,6260.0,6190.0,6190.0,5283.36328125,68939500.0
2021-06-28,6100.0,6150.0,6055.0,6055.0,5168.1357421875,84420500.0
2021-06-29,6050.0,6090.0,6040.0,6045.0,5159.60009765625,53704000.0
2021-06-30,6000.0,6070.0,6000.0,6025.0,5142.52978515625,65795000.0
2021-07-01,6060.0,6075.0,6000.0,6025.0,5142.52978515625,58153000.0
2021-07-02,6070.0,6140.0,6040.0,6100.0,5206.544921875,67392500.0
2021-07-05,6100.0,6130.0,6070.0,6110.0,5215.0810546875,39710500.0
2021-07-06,6110.0,6110.0,6055.0,6055.0,5168.1357421875,34279500.0
2021-07-07,6180.0,6180.0,6030.0,6065.0,5176.67138671875,35595000.0
2021-07-08,6000.0,6040.0,5980.0,6015.0,5133.9951171875,47297000.0
2021-07-09,6010.0,6020.0,5990.0,6020.0,5138.26318359375,40707500.0
2021-07-12,6070.0,6180.0,6020.0,6170.0,5266.29248046875,65981500.0
2021-07-13,6170.0,6175.0,6015.0,6045.0,5159.60009765625,65946500.0
2021-07-14,6020.0,6030.0,5980.0,5990.0,5112.65625,59321000.0
2021-07-15,6000.0,6115.0,5995.0,6115.0,5219.3486328125,49724000.0
2021-07-16,6170.0,6170.0,6055.0,6110.0,5215.0810546875,47998500.0
2021-07-19,6110.0,6110.0,6005.0,6005.0,5125.45947265625,47119000.0
2021-07-21,6050.0,6120.0,6010.0,6010.0,5129.7275390625,55009500.0
2021-07-22,6115.0,6155.0,6050.0,6155.0,5253.490234375,60792000.0
2021-07-23,6180.0,6190.0,6025.0,6035.0,5151.0654296875,79938000.0
2021-07-26,6040.0,6060.0,6005.0,6005.0,5125.45947265625,48171500.0
2021-07-27,6005.0,6060.0,6000.0,6005.0,5125.45947265625,53107500.0
2021-07-28,6005.0,6010.0,5970.0,5980.0,5104.12158203125,74133000.0
2021-07-29,6055.0,6085.0,5980.0,6040.0,5155.3330078125,84605000.0
2021-07-30,6040.0,6100.0,5960.0,5970.0,5095.58642578125,105685000.0
2021-08-02,6060.0,6065.0,5905.0,5960.0,5087.05126953125,119981500.0
2021-08-03,6025.0,6180.0,5985.0,6145.0,5244.9541015625,110071500.0
2021-08-04,6145.0,6150.0,6060.0,6120.0,5223.61572265625,41112000.0
2021-08-05,6170.0,6310.0,6140.0,6300.0,5377.25146484375,93768000.0
2021-08-06,6360.0,6360.0,6135.0,6160.0,5257.75634765625,67285000.0
2021-08-09,6135.0,6200.0,6105.0,6200.0,5291.8974609375,52858500.0
2021-08-10,6250.0,6300.0,6115.0,6300.0,5377.25146484375,60446000.0
2021-08-12,6120.0,6320.0,6120.0,6300.0,5377.25146484375,118325500.0
2021-08-13,6350.0,6435.0,6325.0,6410.0,5471.14013671875,86929000.0
2021-08-16,6420.0,6420.0,6305.0,6420.0,5479.67431640625,69282000.0
2021-08-18,6520.0,6760.0,6460.0,6600.0,5633.310546875,186354500.0
2021-08-19,6600.0,6600.0,6530.0,6600.0,5633.310546875,100926000.0
2021-08-20,6600.0,6600.0,6510.0,6600.0,5633.310546875,120163500.0
2021-08-23,6515.0,6590.0,6515.0,6590.0,5624.7763671875,68253000.0
2021-08-24,6570.0,6600.0,6500.0,6600.0,5633.310546875,59561500.0
2021-08-25,6600.0,6605.0,6585.0,6600.0,5633.310546875,80751500.0
2021-08-26,6560.0,6580.0,6470.0,6560.0,5599.169921875,74337000.0
2021-08-27,6490.0,6530.0,6490.0,6510.0,5556.49267578125,71572500.0
2021-08-30,6530.0,6580.0,6520.0,6565.0,5603.4375,74564500.0
2021-08-31,6520.0,6570.0,6515.0,6550.0,5590.63427734375,115373500.0
2021-09-01,6550.0,6600.0,6535.0,6565.0,5603.4375,67362500.0
2021-09-02,6525.0,6575.0,6455.0,6540.0,5582.09912109375,53257000.0
2021-09-03,6560.0,6600.0,6515.0,6600.0,5633.310546875,35764500.0
2021-09-06,6600.0,6605.0,6550.0,6575.0,5611.97265625,36780000.0
2021-09-07,6595.0,6605.0,6570.0,6570.0,5607.705078125,53902000.0
2021-09-08,6550.0,6595.0,6420.0,6440.0,5496.74658203125,77888000.0
2021-09-09,6410.0,6570.0,6410.0,6570.0,5607.705078125,110074000.0
2021-09-10,6495.0,6565.0,6495.0,6520.0,5565.02880859375,41483500.0
2021-09-13,6560.0,6560.0,6525.0,6555.0,5594.90283203125,29929000.0
2021-09-14,6590.0,6595.0,6495.0,6545.0,5586.36669921875,51990500.0
2021-09-15,6545.0,6550.0,6485.0,6495.0,5543.6904296875,44514000.0
2021-09-16,6580.0,6580.0,6480.0,6500.0,5547.9580078125,58672500.0
2021-09-17,6490.0,6535.0,6480.0,6520.0,5565.02880859375,117540000.0
2021-09-20,6570.0,6590.0,6510.0,6585.0,5620.5087890625,73157500.0
2021-09-21,6510.0,6535.0,6470.0,6490.0,5539.4228515625,57115500.0
2021-09-22,6500.0,6580.0,6500.0,6555.0,5594.90283203125,68722000.0
2021-09-23,6555.0,6590.0,6545.0,6580.0,5616.240234375,60998500.0
2021-09-24,6500.0,6585.0,6500.0,6585.0,5620.5087890625,60539500.0
2021-09-27,6585.0,6595.0,6555.0,6580.0,5616.240234375,55052500.0
2021-09-28,6540.0,6560.0,6500.0,6520.0,5565.02880859375,80186000.0
2021-09-29,6520.0,6580.0,6515.0,6580.0,5616.240234375,74079000.0
2021-09-30,6600.0,7000.0,6595.0,7000.0,5974.724609375,156848000.0
2021-10-01,6900.0,6900.0,6710.0,6760.0,5769.8759765625,103954500.0
2021-10-04,6740.0,6960.0,6740.0,6960.0,5940.58203125,74719000.0
2021-10-05,6910.0,6945.0,6860.0,6945.0,5927.779296875,54986500.0
2021-10-06,6980.0,7180.0,6970.0,7180.0,6128.359375,174312000.0
2021-10-07,7175.0,7175.0,7080.0,7160.0,6111.28955078125,107263500.0
2021-10-08,7200.0,7300.0,7175.0,7290.0,6222.248046875,94643500.0
2021-10-11,7240.0,7290.0,7230.0,7255.0,6192.37451171875,47201000.0
2021-10-12,7255.0,7320.0,7245.0,7320.0,6247.8544921875,91067000.0
2021-10-13,7400.0,8250.0,7400.0,7525.0,6422.82861328125,210893300.0
2021-10-14,7600.0,7900.0,7600.0,7750.0,6614.87255859375,138811900.0
2021-10-15,7800.0,7875.0,7450.0,7650.0,6529.5205078125,142378200.0
2021-10-18,7650.0,7675.0,7475.0,7525.0,6422.82861328125,116644300.0
2021-10-19,7475.0,7525.0,7350.0,7500.0,6401.4892578125,134601200.0
2021-10-21,7500.0,7550.0,7350.0,7400.0,6316.13671875,106120100.0
2021-10-22,7450.0,7550.0,7425.0,7525.0,6422.82861328125,96730700.0
2021-10-25,7400.0,7525.0,7400.0,7525.0,6422.82861328125,60329800.0
2021-10-26,7600.0,7600.0,7500.0,7525.0,6422.82861328125,70103000.0
2021-10-27,7575.0,7575.0,7425.0,7450.0,6358.81298828125,57067000.0
2021-10-28,7350.0,7425.0,7350.0,7375.0,6294.798828125,75271900.0
2021-10-29,7450.0,7475.0,7375.0,7475.0,6380.15185546875,60639200.0
2021-11-01,7550.0,7550.0,7400.0,7400.0,6316.13671875,38593400.0
2021-11-02,7375.0,7425.0,7250.0,7300.0,6230.783203125,90535400.0
2021-11-03,7300.0,7400.0,7250.0,7350.0,6273.4599609375,61621500.0
2021-11-04,7425.0,7475.0,7375.0,7375.0,6294.798828125,61081400.0
2021-11-05,7475.0,7475.0,7375.0,7450.0,6358.81298828125,43120400.0
2021-11-08,7500.0,7600.0,7450.0,7575.0,6465.50537109375,85441700.0
2021-11-09,7600.0,7675.0,7575.0,7675.0,6550.85791015625,101785800.0
2021-11-10,7675.0,7675.0,7575.0,7650.0,6529.5205078125,47503900.0
2021-11-11,7700.0,7750.0,7600.0,7675.0,6550.85791015625,55790000.0
2021-11-12,7750.0,7750.0,7525.0,7525.0,6422.82861328125,52590100.0
2021-11-15,7625.0,7625.0,7500.0,7500.0,6401.4892578125,67344200.0
2021-11-16,7400.0,7475.0,7325.0,7475.0,6380.15185546875,98616900.0
2021-11-17,7500.0,7575.0,7425.0,7575.0,6487.20166015625,61968100.0
2021-11-18,7425.0,7500.0,7400.0,7400.0,6337.33203125,78839600.0
2021-11-19,7425.0,7450.0,7375.0,7425.0,6358.74169921875,68203700.0
2021-11-22,7425.0,7525.0,7400.0,7475.0,6401.56201171875,66328300.0
2021-11-23,7400.0,7500.0,7400.0,7475.0,6401.56201171875,43477500.0
2021-11-24,7575.0,7575.0,7425.0,7475.0,6401.56201171875,35181400.0
2021-11-25,7450.0,7525.0,7425.0,7425.0,6358.74169921875,40216100.0
2021-11-26,7400.0,7450.0,7250.0,7275.0,6230.2822265625,113288400.0
2021-11-29,7275.0,7425.0,7175.0,7400.0,6337.33203125,87907900.0
2021-11-30,7325.0,7425.0,7275.0,7275.0,6230.2822265625,144923700.0
2021-12-01,7275.0,7450.0,7275.0,7300.0,6251.69140625,76538100.0
2021-12-02,7375.0,7500.0,7300.0,7500.0,6422.970703125,66831000.0
2021-12-03,7525.0,7525.0,7350.0,7375.0,6315.92236328125,63283700.0
2021-12-06,7450.0,7475.0,7350.0,7350.0,6294.51171875,56944100.0
2021-12-07,7450.0,7475.0,7350.0,7350.0,6294.51171875,51258200.0
2021-12-08,7450.0,7475.0,7400.0,7425.0,6358.74169921875,74775000.0
2021-12-09,7400.0,7450.0,7350.0,7350.0,6294.51171875,54886400.0
2021-12-10,7325.0,7375.0,7275.0,7375.0,6315.92236328125,91092400.0
2021-12-13,7375.0,7400.0,7300.0,7300.0,6251.69140625,59977100.0
2021-12-14,7300.0,7375.0,7275.0,7300.0,6251.69140625,49763600.0
2021-12-15,7300.0,7375.0,7275.0,7300.0,6251.69140625,52477600.0
2021-12-16,7375.0,7400.0,7275.0,7275.0,6230.2822265625,95171400.0
2021-12-17,7325.0,7500.0,7300.0,7500.0,6422.970703125,107096800.0
2021-12-20,7350.0,7400.0,7325.0,7375.0,6315.92236328125,74753000.0
2021-12-21,7325.0,7400.0,7325.0,7375.0,6315.92236328125,52386100.0
2021-12-22,7425.0,7425.0,7325.0,7325.0,6273.10205078125,33232000.0
2021-12-23,7325.0,7350.0,7300.0,7300.0,6251.69140625,37136400.0
2021-12-24,7300.0,7350.0,7300.0,7300.0,6251.69140625,30802100.0
2021-12-27,7300.0,7350.0,7300.0,7350.0,6294.51171875,20722100.0
2021-12-28,7375.0,7400.0,7325.0,7350.0,6294.51171875,39343800.0
2021-12-29,7350.0,7375.0,7300.0,7300.0,6251.69140625,42079500.0
2021-12-30,7350.0,7350.0,7300.0,7300.0,6251.69140625,49954700.0
2022-01-03,7325.0,7400.0,7300.0,7325.0,6273.10205078125,54287400.0
2022-01-04,7325.0,7450.0,7325.0,7400.0,6337.33203125,70624000.0
2022-01-05,7450.0,7525.0,7375.0,7450.0,6380.1513671875,76164900.0
2022-01-06,7500.0,7525.0,7425.0,7475.0,6401.56201171875,63657100.0
2022-01-07,7550.0,7700.0,7500.0,7650.0,6551.43115234375,143433300.0
2022-01-10,7575.0,7650.0,7550.0,7600.0,6508.611328125,45351900.0
2022-01-11,7650.0,7700.0,7625.0,7700.0,6594.25048828125,110334600.0
2022-01-12,7700.0,7700.0,7650.0,7700.0,6594.25048828125,62606000.0
2022-01-13,7700.0,7750.0,7650.0,7700.0,6594.25048828125,50025200.0
2022-01-14,7700.0,7850.0,7650.0,7850.0,6722.71044921875,65898700.0
2022-01-17,7900.0,7900.0,7700.0,7750.0,6637.0703125,63902600.0
2022-01-18,7775.0,7775.0,7550.0,7675.0,6572.8408203125,71476300.0
2022-01-19,7650.0,7725.0,7575.0,7675.0,6572.8408203125,60389700.0
2022-01-20,7725.0,7775.0,7625.0,7775.0,6658.48046875,59925500.0
2022-01-21,7775.0,7950.0,7700.0,7950.0,6808.35009765625,63370500.0
2022-01-24,7825.0,7850.0,7775.0,7800.0,6679.890625,40278300.0
2022-01-25,7675.0,7775.0,7625.0,7775.0,6658.48046875,106796900.0
2022-01-26,7700.0,7750.0,7650.0,7700.0,6594.25048828125,53350200.0
2022-01-27,7625.0,7800.0,7625.0,7800.0,6679.890625,71945100.0
2022-01-28,7800.0,7825.0,7700.0,7775.0,6658.48046875,70595000.0
2022-01-31,7775.0,7775.0,7625.0,7625.0,6530.02099609375,68122000.0
2022-02-02,7775.0,7800.0,7675.0,7800.0,6679.890625,65308100.0
2022-02-03,7800.0,7825.0,7700.0,7725.0,6615.66015625,35100600.0
2022-02-04,7750.0,7800.0,7700.0,7725.0,6615.66015625,39324700.0
2022-02-07,7775.0,7800.0,7700.0,7800.0,6679.890625,56813200.0
2022-02-08,7750.0,7850.0,7725.0,7725.0,6615.66015625,61883100.0
2022-02-09,7850.0,7950.0,7800.0,7950.0,6808.35009765625,108922200.0
2022-02-10,7950.0,7950.0,7750.0,7750.0,6637.0703125,93277000.0
2022-02-11,7675.0,7825.0,7650.0,7825.0,6701.30078125,71968800.0
2022-02-14,7750.0,7775.0,7700.0,7700.0,6594.25048828125,57710700.0
2022-02-15,7750.0,7875.0,7725.0,7875.0,6744.1201171875,55617000.0
2022-02-16,7850.0,7975.0,7825.0,7975.0,6829.7587890625,77055100.0
2022-02-17,7850.0,7925.0,7800.0,7900.0,6765.5302734375,48704600.0
2022-02-18,7950.0,7950.0,7850.0,7925.0,6786.93896484375,56813400.0
2022-02-21,7925.0,7975.0,7900.0,7950.0,6808.35009765625,43821700.0
2022-02-22,7900.0,7950.0,7850.0,7900.0,6765.5302734375,80095500.0
2022-02-23,7900.0,8100.0,7875.0,8050.0,6893.9892578125,99240300.0
2022-02-24,8125.0,8150.0,7925.0,8000.0,6851.169921875,124947700.0
2022-02-25,7950.0,8175.0,7925.0,8050.0,6893.9892578125,135899900.0
2022-03-01,8000.0,8175.0,8000.0,8050.0,6893.9892578125,136616800.0
2022-03-02,8225.0,8225.0,7975.0,7975.0,6829.7587890625,100301000.0
2022-03-04,7975.0,8025.0,7900.0,7900.0,6765.5302734375,132983400.0
2022-03-07,7800.0,7850.0,7700.0,7700.0,6594.25048828125,130990900.0
2022-03-08,7700.0,7850.0,7650.0,7650.0,6551.43115234375,119256500.0
2022-03-09,7700.0,7950.0,7650.0,7850.0,6722.71044921875,132814500.0
2022-03-10,7925.0,7975.0,7800.0,7925.0,6786.93896484375,86484000.0
2022-03-11,7725.0,7950.0,7725.0,7950.0,6808.35009765625,61053900.0
2022-03-14,8050.0,8100.0,7950.0,8075.0,6915.39892578125,78432100.0
2022-03-15,8150.0,8200.0,8075.0,8150.0,6979.6298828125,111214500.0
2022-03-16,8275.0,8275.0,8075.0,8200.0,7022.44921875,149761300.0
2022-03-17,8300.0,8300.0,8000.0,8000.0,6851.169921875,132439400.0
2022-03-18,8000.0,8100.0,7900.0,7900.0,6765.5302734375,143981700.0
2022-03-21,7800.0,7950.0,7800.0,7900.0,6765.5302734375,85485500.0
2022-03-22,7900.0,7950.0,7875.0,7925.0,6786.93896484375,60010900.0
2022-03-23,7925.0,7950.0,7825.0,7900.0,6765.5302734375,82208000.0
2022-03-24,7850.0,7950.0,7800.0,7925.0,6786.93896484375,95245100.0
2022-03-25,7900.0,7950.0,7900.0,7950.0,6808.35009765625,85101200.0
2022-03-28,7825.0,7900.0,7800.0,7900.0,6869.21630859375,83911500.0
2022-03-29,7875.0,7900.0,7825.0,7850.0,6825.74072265625,62180600.0
2022-03-30,7900.0,7900.0,7825.0,7875.0,6847.478515625,71430600.0
2022-03-31,7925.0,8000.0,7875.0,7975.0,6934.4296875,112691900.0
2022-04-01,8075.0,8075.0,7850.0,7925.0,6890.95361328125,105575400.0
2022-04-04,7925.0,7925.0,7825.0,7900.0,6869.21630859375,57321200.0
2022-04-05,7900.0,7900.0,7850.0,7900.0,6869.21630859375,48528300.0
2022-04-06,7825.0,7850.0,7750.0,7750.0,6738.78759765625,119263000.0
2022-04-07,7725.0,7825.0,7700.0,7750.0,6738.78759765625,68619400.0
2022-04-08,7800.0,7875.0,7775.0,7850.0,6825.74072265625,69791600.0
2022-04-11,7825.0,7875.0,7725.0,7725.0,6717.0498046875,62776200.0
2022-04-12,7725.0,7800.0,7700.0,7800.0,6782.26416015625,73471300.0
2022-04-13,7800.0,7850.0,7750.0,7800.0,6782.26416015625,57622100.0
2022-04-14,7800.0,7800.0,7700.0,7700.0,6695.31201171875,93342900.0
2022-04-18,7700.0,7725.0,7625.0,7700.0,6695.31201171875,68464700.0
2022-04-19,7700.0,7700.0,7625.0,7625.0,6630.09814453125,98632000.0
2022-04-20,7725.0,7725.0,7625.0,7650.0,6651.83642578125,124388800.0
2022-04-21,7800.0,7925.0,7750.0,7925.0,6890.95361328125,129323400.0
2022-04-22,7850.0,7925.0,7800.0,7875.0,6847.478515625,85956100.0
2022-04-25,7875.0,8000.0,7825.0,8000.0,6956.16845703125,91279600.0
2022-04-26,7925.0,8125.0,7925.0,8125.0,7064.8583984375,128360900.0
2022-04-27,8075.0,8200.0,8075.0,8200.0,7130.07275390625,89463100.0
2022-04-28,8250.0,8250.0,8075.0,8125.0,7064.8583984375,133730600.0
2022-05-09,7875.0,7900.0,7600.0,7600.0,6608.3603515625,456796600.0
2022-05-10,7250.0,7600.0,7250.0,7525.0,6543.14599609375,268445700.0
2022-05-11,7525.0,7700.0,7450.0,7650.0,6651.83642578125,156535200.0
2022-05-12,7525.0,7550.0,7275.0,7275.0,6325.76513671875,240529600.0
2022-05-13,7250.0,7475.0,7250.0,7325.0,6369.2412109375,212968600.0
2022-05-17,7275.0,7475.0,7275.0,7400.0,6434.4560546875,159657600.0
2022-05-18,7500.0,7575.0,7375.0,7575.0,6586.6220703125,153514300.0
2022-05-19,7400.0,7475.0,7375.0,7450.0,6477.931640625,140908900.0
2022-05-20,7425.0,7475.0,7400.0,7400.0,6434.4560546875,86520200.0
2022-05-23,7450.0,7475.0,7350.0,7375.0,6412.71826171875,71603500.0
2022-05-24,7325.0,7475.0,7325.0,7350.0,6390.9794921875,108710800.0
2022-05-25,7400.0,7450.0,7350.0,7375.0,6412.71826171875,76747400.0
2022-05-27,7525.0,7575.0,7475.0,7575.0,6586.6220703125,84336900.0
2022-05-30,7575.0,7600.0,7475.0,7575.0,6586.6220703125,105411400.0
2022-05-31,7600.0,7750.0,7525.0,7750.0,6738.78759765625,286292700.0
2022-06-02,7625.0,7675.0,7525.0,7575.0,6586.6220703125,149226300.0
2022-06-03,7600.0,7675.0,7575.0,7600.0,6608.3603515625,80563100.0
2022-06-06,7550.0,7575.0,7425.0,7450.0,6477.931640625,81140300.0
2022-06-07,7300.0,7475.0,7300.0,7375.0,6412.71826171875,129242500.0
2022-06-08,7500.0,7600.0,7425.0,7600.0,6608.3603515625,108910500.0
2022-06-09,7500.0,7575.0,7500.0,7500.0,6521.4072265625,107828300.0
2022-06-10,7400.0,7450.0,7350.0,7350.0,6390.9794921875,111768600.0
2022-06-13,7300.0,7400.0,7275.0,7350.0,6390.9794921875,85539500.0
2022-06-14,7300.0,7400.0,7250.0,7400.0,6434.4560546875,80865100.0
2022-06-15,7300.0,7375.0,7300.0,7325.0,6369.2412109375,130367100.0
2022-06-16,7400.0,7600.0,7375.0,7575.0,6586.6220703125,132666300.0
2022-06-17,7425.0,7550.0,7425.0,7500.0,6521.4072265625,117839400.0
2022-06-20,7600.0,7650.0,7500.0,7625.0,6630.09814453125,88138700.0
2022-06-21,7600.0,7650.0,7550.0,7650.0,6651.83642578125,44295700.0
2022-06-22,7625.0,7650.0,7500.0,7500.0,6521.4072265625,53041800.0
2022-06-23,7450.0,7575.0,7450.0,7525.0,6543.14599609375,60443000.0
2022-06-24,7600.0,7600.0,7475.0,7475.0,6499.669921875,57956600.0
2022-06-27,7475.0,7500.0,7350.0,7350.0,6390.9794921875,76354100.0
2022-06-28,7300.0,7400.0,7300.0,7300.0,6347.5029296875,146078100.0
2022-06-29,7325.0,7400.0,7275.0,7275.0,6325.76513671875,98517800.0
2022-06-30,7300.0,7400.0,7250.0,7250.0,6304.02783203125,101343900.0
2022-07-01,7300.0,7325.0,7250.0,7250.0,6304.02783203125,68738800.0
2022-07-04,7250.0,7275.0,7000.0,7050.0,6130.12353515625,102238600.0
2022-07-05,7100.0,7325.0,7100.0,7250.0,6304.02783203125,69172900.0
2022-07-06,7300.0,7325.0,7175.0,7300.0,6347.5029296875,66801100.0
2022-07-07,7225.0,7250.0,7100.0,7100.0,6173.59912109375,86126800.0
2022-07-08,7125.0,7175.0,7075.0,7150.0,6217.0751953125,64312400.0
2022-07-11,7200.0,7200.0,7125.0,7125.0,6195.33740234375,36830800.0
2022-07-12,7175.0,7250.0,7150.0,7175.0,6238.81396484375,34269000.0
2022-07-13,7100.0,7125.0,7000.0,7000.0,6086.64794921875,71988200.0
2022-07-14,7025.0,7100.0,7000.0,7025.0,6108.38525390625,83316300.0
2022-07-15,7100.0,7100.0,7000.0,7000.0,6086.64794921875,57419900.0
2022-07-18,7025.0,7150.0,7025.0,7150.0,6217.0751953125,60077700.0
2022-07-19,7100.0,7175.0,7100.0,7175.0,6238.81396484375,59641000.0
2022-07-20,7200.0,7400.0,7175.0,7400.0,6434.4560546875,105792900.0
2022-07-21,7400.0,7400.0,7250.0,7400.0,6434.4560546875,64337100.0
2022-07-22,7400.0,7400.0,7300.0,7325.0,6369.2412109375,38956500.0
2022-07-25,7350.0,7375.0,7300.0,7300.0,6347.5029296875,31247600.0
2022-07-26,7250.0,7375.0,7250.0,7300.0,6347.5029296875,44379900.0
2022-07-27,7325.0,7350.0,7275.0,7325.0,6369.2412109375,58465500.0
2022-07-28,7375.0,7450.0,7325.0,7350.0,6390.9794921875,86909700.0
2022-07-29,7400.0,7475.0,7350.0,7350.0,6390.9794921875,131553000.0
2022-08-01,7350.0,7500.0,7350.0,7500.0,6521.4072265625,104841600.0
2022-08-02,7600.0,7625.0,7500.0,7600.0,6608.3603515625,106466900.0
2022-08-03,7625.0,7625.0,7575.0,7625.0,6630.09814453125,60170600.0
2022-08-04,7675.0,7800.0,7650.0,7800.0,6782.26416015625,164221000.0
2022-08-05,7825.0,7875.0,7725.0,7875.0,6847.478515625,118734200.0
2022-08-08,7875.0,7925.0,7750.0,7875.0,6847.478515625,84328900.0
2022-08-09,7875.0,7975.0,7875.0,7900.0,6869.21630859375,92875800.0
2022-08-10,7800.0,7900.0,7725.0,7900.0,6869.21630859375,104376300.0
2022-08-11,7850.0,7950.0,7825.0,7950.0,6912.6923828125,73204700.0
2022-08-12,7925.0,7975.0,7850.0,7925.0,6890.95361328125,59381200.0
2022-08-15,7950.0,7975.0,7900.0,7950.0,6912.6923828125,81411000.0
2022-08-16,7950.0,7975.0,7850.0,7975.0,6934.4296875,83556700.0
2022-08-18,7900.0,8025.0,7875.0,8000.0,6956.16845703125,86136900.0
2022-08-19,8050.0,8050.0,7900.0,7900.0,6869.21630859375,58194900.0
2022-08-22,7850.0,8000.0,7825.0,8000.0,6956.16845703125,97293300.0
2022-08-23,8000.0,8000.0,7900.0,7900.0,6869.21630859375,71671800.0
2022-08-24,7950.0,8025.0,7900.0,7950.0,6912.6923828125,108892400.0
2022-08-25,8000.0,8100.0,7900.0,8075.0,7021.38232421875,99503500.0
2022-08-26,8025.0,8125.0,8000.0,8000.0,6956.16845703125,80472400.0
2022-08-29,8000.0,8150.0,7950.0,8150.0,7086.59716796875,57762100.0
2022-08-30,8100.0,8275.0,8075.0,8175.0,7108.33447265625,124467000.0
2022-08-31,8075.0,8225.0,8050.0,8200.0,7130.07275390625,137659900.0
2022-09-01,8150.0,8250.0,8125.0,8150.0,7086.59716796875,74960800.0
2022-09-02,8150.0,8225.0,8150.0,8225.0,7151.810546875,71430600.0
2022-09-05,8225.0,8300.0,8200.0,8275.0,7195.28662109375,62906000.0
2022-09-06,8300.0,8350.0,8250.0,8275.0,7195.28662109375,67079900.0
2022-09-07,8250.0,8375.0,8250.0,8375.0,7282.2392578125,117931700.0
2022-09-08,8400.0,8500.0,8350.0,8350.0,7260.50048828125,132777400.0
2022-09-09,8500.0,8500.0,8275.0,8375.0,7282.2392578125,91234600.0
2022-09-12,8325.0,8425.0,8325.0,8375.0,7282.2392578125,52395300.0
2022-09-13,8375.0,8575.0,8375.0,8525.0,7412.6669921875,124485200.0
2022-09-14,8375.0,8650.0,8375.0,8500.0,7390.927734375,116642400.0
2022-09-15,8500.0,8875.0,8500.0,8750.0,7608.30810546875,190404800.0
2022-09-16,8700.0,8725.0,8450.0,8450.0,7347.4521484375,363127600.0
2022-09-19,8475.0,8750.0,8450.0,8650.0,7521.35693359375,102530600.0
2022-09-20,8550.0,8650.0,8550.0,8550.0,7434.40576171875,89238400.0
2022-09-21,8525.0,8600.0,8425.0,8475.0,7369.19091796875,90933700.0
2022-09-22,8375.0,8525.0,8375.0,8475.0,7369.19091796875,61908500.0
2022-09-23,8375.0,8475.0,8375.0,8375.0,7282.2392578125,60567600.0
2022-09-26,8200.0,8500.0,8200.0,8425.0,7325.71533203125,106228200.0
2022-09-27,8375.0,8450.0,8300.0,8300.0,7217.0244140625,89567100.0
2022-09-28,8250.0,8425.0,8250.0,8325.0,7238.76318359375,89153400.0
2022-09-29,8325.0,8450.0,8325.0,8375.0,7282.2392578125,62643700.0
2022-09-30,8375.0,8575.0,8275.0,8550.0,7434.40576171875,176524800.0
2022-10-03,8450.0,8525.0,8450.0,8500.0,7390.927734375,115079600.0
2022-10-04,8525.0,8625.0,8525.0,8550.0,7434.40576171875,80524500.0
2022-10-05,8525.0,8550.0,8425.0,8450.0,7347.4521484375,63788000.0
2022-10-06,8475.0,8500.0,8425.0,8425.0,7325.71533203125,43967400.0
2022-10-07,8325.0,8375.0,8200.0,8200.0,7130.07275390625,112043400.0
2022-10-10,8150.0,8375.0,8125.0,8300.0,7217.0244140625,80238200.0
2022-10-11,8200.0,8300.0,8150.0,8250.0,7173.548828125,64060000.0
2022-10-12,8200.0,8325.0,8175.0,8325.0,7238.76318359375,47569700.0
2022-10-13,8275.0,8375.0,8275.0,8275.0,7195.28662109375,62282800.0
2022-10-14,8300.0,8350.0,8250.0,8250.0,7173.548828125,70642900.0
2022-10-17,8250.0,8300.0,8175.0,8250.0,7173.548828125,56387500.0
2022-10-18,8275.0,8475.0,8250.0,8300.0,7217.0244140625,85665300.0
2022-10-19,8250.0,8350.0,8225.0,8275.0,7195.28662109375,66753500.0
2022-10-20,8250.0,8500.0,8250.0,8500.0,7390.927734375,91812300.0
2022-10-21,8450.0,8725.0,8450.0,8650.0,7521.35693359375,122777800.0
2022-10-24,8750.0,8900.0,8725.0,8900.0,7738.73828125,89416500.0
2022-10-25,8825.0,8875.0,8700.0,8700.0,7564.83349609375,84696300.0
2022-10-26,8625.0,8650.0,8550.0,8550.0,7434.40576171875,98962100.0
2022-10-27,8550.0,8700.0,8550.0,8700.0,7564.83349609375,77003400.0
2022-10-28,8650.0,8750.0,8650.0,8750.0,7608.30810546875,84980600.0
2022-10-31,8850.0,8850.0,8775.0,8800.0,7651.78564453125,138922800.0
2022-11-01,9000.0,9000.0,8725.0,8800.0,7651.78564453125,118118400.0
2022-11-02,8800.0,8825.0,8725.0,8750.0,7608.30810546875,68323600.0
2022-11-03,8700.0,8825.0,8700.0,8800.0,7651.78564453125,81856300.0
2022-11-04,8775.0,8800.0,8675.0,8775.0,7630.04638671875,84458300.0
2022-11-07,8725.0,8850.0,8675.0,8850.0,7695.2607421875,94794000.0
2022-11-08,8850.0,8875.0,8725.0,8750.0,7608.30810546875,42525500.0
2022-11-09,8675.0,8875.0,8675.0,8875.0,7716.99951171875,96599500.0
2022-11-10,8725.0,8800.0,8725.0,8800.0,7651.78564453125,89463000.0
2022-11-11,8900.0,8925.0,8825.0,8850.0,7695.2607421875,59597900.0
2022-11-14,8875.0,8900.0,8750.0,8750.0,7608.30810546875,49208200.0
2022-11-15,8775.0,8850.0,8750.0,8800.0,7651.78564453125,59092900.0
2022-11-16,8625.0,8675.0,8550.0,8600.0,7477.88134765625,143424800.0
2022-11-17,8625.0,8825.0,8600.0,8725.0,7586.57177734375,72679800.0
2022-11-18,8725.0,8900.0,8725.0,8825.0,7673.52392578125,83556900.0
2022-11-21,8875.0,8900.0,8725.0,8725.0,7586.57177734375,35901000.0
2022-11-22,8900.0,8950.0,8850.0,8900.0,7738.73828125,84684200.0
2022-11-23,8900.0,8975.0,8875.0,8875.0,7716.99951171875,84642100.0
2022-11-24,8975.0,9000.0,8950.0,9000.0,7825.68994140625,53520800.0
2022-11-25,9000.0,9000.0,8900.0,8975.0,7803.95068359375,75048300.0
2022-11-28,9050.0,9100.0,8975.0,9025.0,7847.42724609375,96209700.0
2022-11-29,8975.0,9075.0,8925.0,8975.0,7803.95068359375,91562100.0
2022-11-30,8875.0,9400.0,8850.0,9300.0,8086.54541015625,644359600.0
2022-12-01,9275.0,9350.0,9000.0,9000.0,7825.68994140625,155775400.0
2022-12-02,8900.0,8975.0,8900.0,8900.0,7768.94970703125,130982100.0
2022-12-05,8800.0,8900.0,8775.0,8775.0,7659.83642578125,114656300.0
2022-12-06,8725.0,8750.0,8575.0,8675.0,7572.544921875,180553800.0
2022-12-07,8500.0,8575.0,8450.0,8450.0,7376.13720703125,229308700.0
2022-12-08,8375.0,8575.0,8350.0,8500.0,7419.78369140625,172590100.0
2022-12-09,8500.0,8600.0,8450.0,8575.0,7485.2529296875,90851300.0
2022-12-12,8525.0,8700.0,8475.0,8700.0,7594.3662109375,102851800.0
2022-12-13,8625.0,8700.0,8550.0,8700.0,7594.3662109375,104580200.0
2022-12-14,8600.0,8700.0,8525.0,8625.0,7528.8984375,118164300.0
2022-12-15,8575.0,8600.0,8500.0,8500.0,7419.78369140625,113255700.0
2022-12-16,8425.0,8650.0,8400.0,8600.0,7507.07421875,181516700.0
2022-12-19,8650.0,8700.0,8600.0,8650.0,7550.72119140625,67482900.0
2022-12-20,8550.0,8650.0,8550.0,8575.0,7485.2529296875,41243700.0
2022-12-21,8600.0,8700.0,8575.0,8675.0,7572.544921875,33617700.0
2022-12-22,8650.0,8675.0,8575.0,8575.0,7485.2529296875,59591500.0
2022-12-23,8525.0,8575.0,8500.0,8500.0,7419.78369140625,47393000.0
2022-12-26,8500.0,8625.0,8500.0,8575.0,7485.2529296875,20495900.0
2022-12-27,8600.0,8650.0,8575.0,8600.0,7507.07421875,27193800.0
2022-12-28,8650.0,8650.0,8550.0,8650.0,7550.72119140625,40420200.0
2022-12-29,8525.0,8600.0,8500.0,8575.0,7485.2529296875,47020900.0
2022-12-30,8575.0,8650.0,8550.0,8550.0,7463.4296875,44681400.0
2023-01-02,8575.0,8600.0,8500.0,8550.0,7463.4296875,10653900.0
2023-01-03,8550.0,8600.0,8525.0,8550.0,7463.4296875,27399100.0
2023-01-04,8525.0,8575.0,8350.0,8350.0,7288.84619140625,90918800.0
2023-01-05,8350.0,8375.0,8150.0,8250.0,7201.55419921875,128838500.0
2023-01-06,8100.0,8325.0,8100.0,8300.0,7245.201171875,69286600.0
2023-01-09,8325.0,8450.0,8325.0,8450.0,7376.13720703125,86916900.0
2023-01-10,8400.0,8425.0,8150.0,8175.0,7136.08544921875,101759100.0
2023-01-11,8050.0,8150.0,8000.0,8125.0,7092.4404296875,96069100.0
2023-01-12,8150.0,8275.0,8125.0,8175.0,7136.08544921875,103804600.0
2023-01-13,8150.0,8175.0,8025.0,8050.0,7026.9716796875,119748200.0
2023-01-16,8050.0,8200.0,8050.0,8150.0,7114.26318359375,105710700.0
2023-01-17,8175.0,8375.0,8150.0,8325.0,7267.02392578125,88695900.0
2023-01-18,8200.0,8325.0,8175.0,8300.0,7245.201171875,96814600.0
2023-01-19,8350.0,8350.0,8250.0,8325.0,7267.02392578125,66391800.0
2023-01-20,8275.0,8325.0,8250.0,8300.0,7245.201171875,96859500.0
2023-01-24,8300.0,8350.0,8225.0,8225.0,7179.73193359375,42474500.0
2023-01-25,8300.0,8300.0,8200.0,8200.0,7157.9091796875,66124500.0
2023-01-26,8225.0,8475.0,8225.0,8475.0,7397.96044921875,77582300.0
2023-01-27,8700.0,8850.0,8550.0,8700.0,7594.3662109375,196804700.0
2023-01-30,8725.0,8775.0,8575.0,8700.0,7594.3662109375,68544300.0
2023-01-31,8625.0,8675.0,8475.0,8475.0,7397.96044921875,200589000.0
2023-02-01,8575.0,8575.0,8450.0,8500.0,7419.78369140625,77396200.0
2023-02-02,8425.0,8525.0,8400.0,8450.0,7376.13720703125,99109500.0
2023-02-03,8550.0,8700.0,8500.0,8700.0,7594.3662109375,71716700.0
2023-02-06,8750.0,8750.0,8650.0,8725.0,7616.189453125,117757700.0
2023-02-07,8775.0,8850.0,8750.0,8850.0,7725.3037109375,116014700.0
2023-02-08,8825.0,8850.0,8800.0,8825.0,7703.4814453125,54495500.0
2023-02-09,8825.0,8900.0,8800.0,8900.0,7768.94970703125,72381700.0
2023-02-10,8875.0,8900.0,8700.0,8825.0,7703.4814453125,62060900.0
2023-02-13,8875.0,8900.0,8775.0,8875.0,7747.126953125,63775000.0
2023-02-14,8850.0,8950.0,8825.0,8950.0,7812.595703125,81678200.0
2023-02-15,8875.0,8900.0,8750.0,8875.0,7747.126953125,38037000.0
2023-02-16,8825.0,8850.0,8700.0,8700.0,7594.3662109375,66040400.0
2023-02-17,8775.0,8850.0,8725.0,8725.0,7616.189453125,43588900.0
2023-02-20,8725.0,8825.0,8700.0,8750.0,7638.0126953125,40077000.0
2023-02-21,8775.0,8800.0,8700.0,8700.0,7594.3662109375,25390500.0
2023-02-22,8700.0,8750.0,8625.0,8675.0,7572.544921875,38671900.0
2023-02-23,8625.0,8750.0,8625.0,8725.0,7616.189453125,53412300.0
2023-02-24,8775.0,8850.0,8675.0,8675.0,7572.544921875,44123400.0
2023-02-27,8675.0,8775.0,8650.0,8775.0,7659.83642578125,59983900.0
2023-02-28,8775.0,8775.0,8675.0,8750.0,7638.0126953125,106349400.0
2023-03-01,8725.0,8750.0,8600.0,8600.0,7507.07421875,67034700.0
2023-03-02,8600.0,8700.0,8600.0,8625.0,7528.8984375,56672000.0
2023-03-03,8650.0,8675.0,8475.0,8475.0,7397.96044921875,95376900.0
2023-03-06,8550.0,8550.0,8400.0,8400.0,7332.49169921875,92652000.0
2023-03-07,8350.0,8475.0,8350.0,8425.0,7354.314453125,106115600.0
2023-03-08,8400.0,8575.0,8400.0,8575.0,7485.2529296875,79350900.0
2023-03-09,8650.0,8650.0,8550.0,8575.0,7485.2529296875,54201400.0
2023-03-10,8500.0,8550.0,8450.0,8450.0,7376.13720703125,59580100.0
2023-03-13,8450.0,8625.0,8450.0,8550.0,7463.4296875,82077700.0
2023-03-14,8425.0,8475.0,8325.0,8325.0,7267.02392578125,90495300.0
2023-03-15,8450.0,8475.0,8325.0,8325.0,7267.02392578125,86747400.0
2023-03-16,8300.0,8350.0,8250.0,8300.0,7245.201171875,105894000.0
2023-03-17,8375.0,8450.0,8325.0,8375.0,7310.6689453125,198558600.0
2023-03-20,8400.0,8475.0,8375.0,8400.0,7332.49169921875,37277900.0
2023-03-21,8400.0,8500.0,8375.0,8500.0,7419.78369140625,91617400.0
2023-03-24,8700.0,8825.0,8625.0,8825.0,7703.4814453125,145603600.0
2023-03-27,8825.0,8825.0,8700.0,8700.0,7594.3662109375,110692800.0
2023-03-28,8800.0,8800.0,8675.0,8675.0,7572.544921875,98296600.0
2023-03-29,8675.0,8800.0,8625.0,8800.0,7835.201171875,101068200.0
2023-03-30,8900.0,8900.0,8800.0,8825.0,7857.46044921875,118912100.0
2023-03-31,8825.0,8850.0,8725.0,8750.0,7790.68212890625,97146900.0
2023-04-03,8825.0,8825.0,8750.0,8800.0,7835.201171875,60288900.0
2023-04-04,8825.0,8825.0,8650.0,8775.0,7812.943359375,60975800.0
2023-04-05,8775.0,8800.0,8725.0,8725.0,7768.423828125,36922100.0
2023-04-06,8700.0,8775.0,8700.0,8750.0,7790.68212890625,45489400.0
2023-04-10,8725.0,8800.0,8700.0,8800.0,7835.201171875,32996000.0
2023-04-11,8825.0,8825.0,8750.0,8825.0,7857.46044921875,44554300.0
2023-04-12,8900.0,8900.0,8825.0,8900.0,7924.2373046875,91903600.0
2023-04-13,8950.0,8950.0,8875.0,8925.0,7946.49560546875,51726500.0
2023-04-14,9000.0,9000.0,8950.0,9000.0,8013.2744140625,110354200.0
2023-04-17,9025.0,9050.0,8900.0,9025.0,8035.533203125,83946900.0
2023-04-18,9050.0,9175.0,9025.0,9125.0,8124.5693359375,91178700.0
2023-04-26,9125.0,9200.0,9000.0,9200.0,8191.34716796875,186928200.0
2023-04-27,9100.0,9175.0,9075.0,9150.0,8146.828125,54842400.0
2023-04-28,9100.0,9125.0,9050.0,9050.0,8057.79150390625,145775300.0
2023-05-02,9100.0,9100.0,8900.0,9050.0,8057.79150390625,83645900.0
2023-05-03,9050.0,9050.0,8875.0,8925.0,7946.49560546875,83728800.0
2023-05-04,8925.0,9025.0,8875.0,9000.0,8013.2744140625,67565000.0
2023-05-05,9000.0,9050.0,8950.0,9000.0,8013.2744140625,64815100.0
2023-05-08,9000.0,9075.0,8950.0,9000.0,8013.2744140625,84754500.0
2023-05-09,8950.0,8975.0,8900.0,8925.0,7946.49560546875,40929600.0
2023-05-10,8925.0,8950.0,8900.0,8925.0,7946.49560546875,45322600.0
2023-05-11,8900.0,8900.0,8800.0,8825.0,7857.46044921875,81993900.0
2023-05-12,8750.0,8875.0,8725.0,8800.0,7835.201171875,96525600.0
2023-05-15,8875.0,8875.0,8725.0,8775.0,7812.943359375,64830300.0
2023-05-16,8800.0,8825.0,8700.0,8700.0,7746.1640625,49497000.0
2023-05-17,8775.0,8850.0,8750.0,8775.0,7812.943359375,69996100.0
2023-05-19,8900.0,9000.0,8825.0,9000.0,8013.2744140625,123592500.0
2023-05-22,9000.0,9075.0,8925.0,9000.0,8013.2744140625,91000000.0
2023-05-23,9050.0,9150.0,9025.0,9125.0,8124.5693359375,102980500.0
2023-05-24,9200.0,9200.0,9025.0,9025.0,8035.533203125,77392900.0
2023-05-25,9100.0,9150.0,9050.0,9050.0,8057.79150390625,76325700.0
2023-05-26,9175.0,9200.0,9100.0,9150.0,8146.828125,55675900.0
2023-05-29,9250.0,9250.0,9075.0,9150.0,8146.828125,79148200.0
2023-05-30,9200.0,9325.0,9150.0,9250.0,8235.865234375,97189500.0
2023-05-31,9300.0,9325.0,9050.0,9050.0,8057.79150390625,722827900.0
2023-06-05,9150.0,9325.0,9100.0,9200.0,8191.34716796875,163535600.0
2023-06-06,9050.0,9200.0,9050.0,9150.0,8146.828125,74872200.0
2023-06-07,9125.0,9175.0,9075.0,9100.0,8102.31103515625,87492200.0
2023-06-08,9075.0,9125.0,9075.0,9125.0,8124.5693359375,53188400.0
2023-06-09,9175.0,9175.0,9100.0,9100.0,8102.31103515625,44632400.0
2023-06-12,9150.0,9150.0,9100.0,9150.0,8146.828125,38082300.0
2023-06-13,9175.0,9175.0,9100.0,9150.0,8146.828125,45552600.0
2023-06-14,9100.0,9125.0,9050.0,9075.0,8080.05126953125,72223700.0
2023-06-15,9100.0,9100.0,9050.0,9050.0,8057.79150390625,59073000.0
2023-06-16,9100.0,9100.0,8975.0,9050.0,8057.79150390625,112769400.0
2023-06-19,9000.0,9050.0,9000.0,9000.0,8013.2744140625,32330600.0
2023-06-20,9025.0,9050.0,8950.0,9050.0,8057.79150390625,54990100.0
2023-06-21,9050.0,9125.0,9000.0,9125.0,8124.5693359375,42676300.0
2023-06-22,9125.0,9150.0,9050.0,9050.0,8057.79150390625,48291100.0
2023-06-23,9025.0,9150.0,9025.0,9050.0,8057.79150390625,47813500.0
2023-06-26,9025.0,9125.0,9025.0,9075.0,8080.05126953125,36389900.0
2023-06-27,9050.0,9150.0,9050.0,9150.0,8146.828125,36225100.0
2023-07-03,9025.0,9075.0,9025.0,9075.0,8080.05126953125,108855900.0
2023-07-04,9150.0,9150.0,9050.0,9050.0,8057.79150390625,35049300.0
2023-07-05,9050.0,9075.0,9025.0,9050.0,8057.79150390625,44609200.0
2023-07-06,9050.0,9100.0,9025.0,9075.0,8080.05126953125,52532400.0
2023-07-07,9025.0,9100.0,9025.0,9025.0,8035.533203125,37641300.0
2023-07-10,9100.0,9100.0,9050.0,9050.0,8057.79150390625,28981500.0
2023-07-11,9100.0,9100.0,9025.0,9025.0,8035.533203125,43703500.0
2023-07-12,9075.0,9175.0,9050.0,9175.0,8169.0869140625,61566500.0
2023-07-13,9200.0,9225.0,9125.0,9125.0,8124.5693359375,65230900.0
2023-07-14,9175.0,9200.0,9125.0,9200.0,8191.34716796875,55554500.0
2023-07-17,9200.0,9250.0,9175.0,9175.0,8169.0869140625,62550100.0
2023-07-18,9200.0,9250.0,9100.0,9150.0,8146.828125,52924600.0
2023-07-20,9200.0,9225.0,9125.0,9150.0,8146.828125,83476600.0
2023-07-21,9150.0,9175.0,9125.0,9150.0,8146.828125,42667800.0
2023-07-24,9200.0,9200.0,9100.0,9100.0,8102.31103515625,62061200.0
2023-07-25,9175.0,9300.0,9150.0,9150.0,8146.828125,122802700.0
2023-07-26,9175.0,9350.0,9125.0,9350.0,8324.9013671875,113868700.0
2023-07-27,9400.0,9400.0,9225.0,9225.0,8213.6064453125,77848400.0
2023-07-28,9200.0,9225.0,9125.0,9125.0,8124.5693359375,74510200.0
2023-07-31,9175.0,9200.0,9100.0,9125.0,8124.5693359375,80868000.0
2023-08-01,9175.0,9175.0,9100.0,9125.0,8124.5693359375,49756400.0
2023-08-02,9125.0,9200.0,9125.0,9200.0,8191.34716796875,60629900.0
2023-08-03,9150.0,9300.0,9150.0,9250.0,8235.865234375,64596100.0
2023-08-04,9250.0,9275.0,9125.0,9150.0,8146.828125,52675900.0
2023-08-07,9150.0,9275.0,9150.0,9275.0,8258.1240234375,55589300.0
2023-08-08,9275.0,9300.0,9200.0,9200.0,8191.34716796875,43373400.0
2023-08-09,9275.0,9400.0,9250.0,9400.0,8369.4189453125,77056800.0
2023-08-10,9400.0,9425.0,9350.0,9400.0,8369.4189453125,76738100.0
2023-08-11,9425.0,9450.0,9375.0,9400.0,8369.4189453125,68898600.0
2023-08-14,9325.0,9350.0,9225.0,9350.0,8324.9013671875,75495400.0
2023-08-15,9325.0,9375.0,9300.0,9300.0,8280.3828125,59303700.0
2023-08-16,9275.0,9325.0,9250.0,9300.0,8280.3828125,53440000.0
2023-08-18,9250.0,9350.0,9250.0,9250.0,8235.865234375,79328900.0
2023-08-21,9225.0,9250.0,9175.0,9175.0,8169.0869140625,73573000.0
2023-08-22,9150.0,9325.0,9150.0,9300.0,8280.3828125,65664600.0
2023-08-23,9300.0,9325.0,9275.0,9300.0,8280.3828125,63749800.0
2023-08-24,9250.0,9325.0,9200.0,9200.0,8191.34716796875,53725900.0
2023-08-25,9200.0,9275.0,9175.0,9275.0,8258.1240234375,50379000.0
2023-08-28,9250.0,9250.0,9200.0,9200.0,8191.34716796875,44423100.0
2023-08-29,9275.0,9300.0,9200.0,9250.0,8235.865234375,45428500.0
2023-08-30,9300.0,9300.0,9200.0,9200.0,8191.34716796875,56227000.0
2023-08-31,9200.0,9225.0,9100.0,9175.0,8169.0869140625,136107200.0
2023-09-01,9200.0,9275.0,9175.0,9225.0,8213.6064453125,42152700.0
2023-09-04,9225.0,9275.0,9175.0,9225.0,8213.6064453125,40610600.0
2023-09-05,9250.0,9250.0,9200.0,9225.0,8213.6064453125,42007200.0
2023-09-06,9200.0,9250.0,9150.0,9150.0,8146.828125,49318400.0
2023-09-07,9125.0,9175.0,9100.0,9175.0,8169.0869140625,61405200.0
2023-09-08,9100.0,9150.0,9050.0,9125.0,8124.5693359375,80732300.0
2023-09-11,9075.0,9125.0,9075.0,9125.0,8124.5693359375,53155900.0
2023-09-12,9100.0,9125.0,9075.0,9100.0,8102.31103515625,66479000.0
2023-09-13,9050.0,9075.0,9000.0,9075.0,8080.05126953125,69490200.0
2023-09-14,9000.0,9125.0,9000.0,9100.0,8102.31103515625,112757900.0
2023-09-15,9050.0,9100.0,9000.0,9000.0,8013.2744140625,121005300.0
2023-09-18,9050.0,9075.0,9000.0,9000.0,8013.2744140625,34272200.0
2023-09-19,9000.0,9075.0,8975.0,9075.0,8080.05126953125,33325800.0
2023-09-20,9125.0,9175.0,9075.0,9150.0,8146.828125,54305500.0
2023-09-21,9125.0,9150.0,9075.0,9125.0,8124.5693359375,40607000.0
2023-09-22,9125.0,9150.0,9075.0,9075.0,8080.05126953125,42445300.0
2023-09-25,9075.0,9075.0,9000.0,9000.0,8013.2744140625,56132200.0
2023-09-26,9000.0,9025.0,8950.0,8950.0,7968.75537109375,73544700.0
2023-09-27,8900.0,9000.0,8875.0,8875.0,7901.978515625,84345000.0
2023-09-29,8825.0,8900.0,8825.0,8825.0,7857.46044921875,118960000.0
2023-10-02,8900.0,9100.0,8875.0,9075.0,8080.05126953125,93663000.0
2023-10-03,9075.0,9200.0,9025.0,9200.0,8191.34716796875,98380200.0
2023-10-04,9200.0,9250.0,9125.0,9200.0,8191.34716796875,112582800.0
2023-10-05,9200.0,9200.0,9075.0,9075.0,8080.05126953125,72855700.0
2023-10-06,9100.0,9100.0,9025.0,9025.0,8035.533203125,53344400.0
2023-10-09,9025.0,9125.0,9025.0,9050.0,8057.79150390625,43774500.0
2023-10-10,9000.0,9000.0,8925.0,8925.0,7946.49560546875,71966100.0
2023-10-11,8925.0,9025.0,8925.0,8925.0,7946.49560546875,84305800.0
2023-10-12,9000.0,9100.0,9000.0,9050.0,8057.79150390625,71064500.0
2023-10-13,9100.0,9125.0,9025.0,9075.0,8080.05126953125,62941800.0
2023-10-16,9125.0,9125.0,9050.0,9100.0,8102.31103515625,29429200.0
2023-10-17,9050.0,9075.0,8950.0,8950.0,7968.75537109375,59606000.0
2023-10-18,8925.0,8950.0,8850.0,8850.0,7879.71826171875,50919200.0
2023-10-19,8825.0,8850.0,8750.0,8750.0,7790.68212890625,89509700.0
2023-10-20,8725.0,9025.0,8725.0,8975.0,7991.01513671875,64554500.0
2023-10-23,8875.0,8925.0,8850.0,8850.0,7879.71826171875,50633500.0
2023-10-24,8775.0,8875.0,8775.0,8775.0,7812.943359375,76963200.0
2023-10-25,8825.0,8925.0,8825.0,8875.0,7901.978515625,54748400.0
2023-10-26,8925.0,8950.0,8725.0,8725.0,7768.423828125,63199400.0
2023-10-27,8725.0,8800.0,8700.0,8700.0,7746.1640625,52450700.0
2023-10-30,8700.0,8850.0,8700.0,8850.0,7879.71826171875,51958200.0
2023-10-31,8800.0,8825.0,8725.0,8750.0,7790.68212890625,64907600.0
2023-11-01,8750.0,8775.0,8600.0,8600.0,7657.1279296875,67027600.0
2023-11-02,8725.0,8900.0,8725.0,8850.0,7879.71826171875,56050900.0
2023-11-03,8925.0,8950.0,8850.0,8900.0,7924.2373046875,60414100.0
2023-11-06,8975.0,9050.0,8950.0,9050.0,8057.79150390625,84994200.0
2023-11-07,9000.0,9025.0,8900.0,8975.0,7991.01513671875,60648200.0
2023-11-08,8950.0,9000.0,8900.0,9000.0,8013.2744140625,31829300.0
2023-11-09,8900.0,9050.0,8900.0,9000.0,8013.2744140625,46076800.0
2023-11-10,8950.0,9000.0,8825.0,8825.0,7857.46044921875,50754600.0
2023-11-13,8875.0,8925.0,8850.0,8875.0,7901.978515625,20827700.0
2023-11-14,8900.0,8950.0,8875.0,8925.0,7946.49560546875,37195700.0
2023-11-15,8975.0,9050.0,8950.0,9050.0,8057.79150390625,84977900.0
2023-11-16,9050.0,9075.0,8950.0,9075.0,8080.05126953125,48714300.0
2023-11-17,9025.0,9075.0,8975.0,9075.0,8080.05126953125,57050500.0
2023-11-20,8975.0,9025.0,8875.0,8875.0,7901.978515625,49216000.0
2023-11-21,8825.0,8900.0,8775.0,8775.0,7812.943359375,107614800.0
2023-11-22,8775.0,8875.0,8775.0,8875.0,7901.978515625,40364800.0
2023-11-23,8850.0,8975.0,8850.0,8925.0,7946.49560546875,55542100.0
2023-11-24,8925.0,8975.0,8900.0,8925.0,7946.49560546875,43631900.0
2023-11-27,8900.0,8950.0,8875.0,8875.0,7901.978515625,35679000.0
2023-11-28,8875.0,8950.0,8850.0,8875.0,7901.978515625,69070600.0
2023-11-29,8900.0,8950.0,8900.0,8900.0,7924.2373046875,54715600.0
2023-11-30,8925.0,8975.0,8900.0,8975.0,7991.01513671875,205312100.0
2023-12-01,8925.0,8975.0,8900.0,8950.0,7968.75537109375,80566400.0
2023-12-04,8950.0,9025.0,8925.0,8925.0,7984.40966796875,54747400.0
2023-12-05,8950.0,8950.0,8825.0,8900.0,7962.0458984375,94363900.0
2023-12-06,8850.0,8950.0,8800.0,8800.0,7872.58447265625,81852800.0
2023-12-07,8750.0,8825.0,8725.0,8825.0,7894.9501953125,91322500.0
2023-12-08,8800.0,8850.0,8750.0,8750.0,7827.85302734375,43891600.0
2023-12-11,8675.0,8775.0,8675.0,8750.0,7827.85302734375,78642800.0
2023-12-12,8700.0,8750.0,8700.0,8700.0,7783.123046875,87589300.0
2023-12-13,8700.0,8750.0,8675.0,8675.0,7760.7587890625,51560500.0
2023-12-14,8775.0,9050.0,8750.0,9050.0,8096.2373046875,115332800.0
2023-12-15,9125.0,9225.0,9075.0,9225.0,8252.794921875,275013500.0
2023-12-18,9200.0,9225.0,9150.0,9200.0,8230.4296875,111712200.0
2023-12-19,9125.0,9250.0,9125.0,9250.0,8275.16015625,65174500.0
2023-12-20,9250.0,9300.0,9225.0,9300.0,8319.890625,72938100.0
2023-12-21,9300.0,9325.0,9250.0,9325.0,8342.2568359375,88116700.0
2023-12-22,9275.0,9350.0,9275.0,9325.0,8342.2568359375,64449600.0
2023-12-27,9375.0,9400.0,9325.0,9375.0,8386.9853515625,64464700.0
2023-12-28,9325.0,9425.0,9325.0,9400.0,8409.3515625,70184600.0
2023-12-29,9425.0,9450.0,9350.0,9400.0,8409.3515625,79903400.0
2024-01-02,9400.0,9425.0,9350.0,9425.0,8431.7177734375,30545200.0
2024-01-03,9425.0,9425.0,9325.0,9350.0,8364.62109375,34603300.0
2024-01-04,9400.0,9475.0,9375.0,9475.0,8476.447265625,56501800.0
2024-01-05,9500.0,9600.0,9475.0,9575.0,8565.91015625,85290100.0
2024-01-08,9600.0,9625.0,9475.0,9575.0,8565.91015625,50896000.0
2024-01-09,9600.0,9625.0,9575.0,9625.0,8610.6396484375,59848600.0
2024-01-10,9650.0,9650.0,9550.0,9550.0,8543.5439453125,52774900.0
2024-01-11,9625.0,9650.0,9575.0,9575.0,8565.91015625,39381500.0
2024-01-12,9650.0,9700.0,9600.0,9700.0,8677.734375,68253400.0
2024-01-15,9750.0,9750.0,9650.0,9725.0,8700.1015625,88399500.0
2024-01-16,9700.0,9750.0,9675.0,9700.0,8677.734375,44869200.0
2024-01-17,9750.0,9750.0,9650.0,9750.0,8722.4658203125,107706100.0
2024-01-18,9675.0,9750.0,9625.0,9675.0,8655.3701171875,71048900.0
2024-01-19,9775.0,9775.0,9600.0,9625.0,8610.6396484375,63176500.0
2024-01-22,9600.0,9650.0,9525.0,9625.0,8610.6396484375,52868300.0
2024-01-23,9450.0,9600.0,9450.0,9600.0,8588.2734375,92348600.0
2024-01-24,9600.0,9600.0,9475.0,9525.0,8521.1787109375,84906000.0
2024-01-25,9450.0,9575.0,9450.0,9500.0,8498.8125,63212700.0
2024-01-26,9400.0,9450.0,9300.0,9350.0,8364.62109375,78977300.0
2024-01-29,9400.0,9550.0,9375.0,9550.0,8543.5439453125,73452800.0
2024-01-30,9500.0,9650.0,9475.0,9650.0,8633.0048828125,73136400.0
2024-01-31,9700.0,9700.0,9550.0,9550.0,8543.5439453125,102581200.0
2024-02-01,9650.0,9725.0,9575.0,9700.0,8677.734375,104208700.0
2024-02-02,9775.0,9800.0,9625.0,9700.0,8677.734375,99324000.0
2024-02-05,9675.0,9675.0,9525.0,9575.0,8565.91015625,57983300.0
2024-02-06,9750.0,9750.0,9625.0,9625.0,8610.6396484375,87651000.0
2024-02-07,9700.0,9725.0,9650.0,9700.0,8677.734375,92953500.0
2024-02-12,9750.0,9800.0,9700.0,9800.0,8767.1962890625,87949400.0
2024-02-13,9750.0,9800.0,9700.0,9725.0,8700.1015625,66072400.0
2024-02-15,9950.0,9975.0,9850.0,9850.0,8811.927734375,164748900.0
2024-02-16,9975.0,10000.0,9875.0,9950.0,8901.388671875,142277200.0
2024-02-19,9900.0,9975.0,9825.0,9875.0,8834.2919921875,53341300.0
2024-02-20,9850.0,10025.0,9850.0,10025.0,8968.484375,63997700.0
2024-02-21,9950.0,10000.0,9850.0,9975.0,8923.75390625,75371600.0
2024-02-22,9975.0,9975.0,9875.0,9875.0,8834.2919921875,66913000.0
2024-02-23,9900.0,9925.0,9800.0,9825.0,8789.5615234375,55192300.0
2024-02-26,9750.0,9875.0,9725.0,9800.0,8767.1962890625,41356000.0
2024-02-27,9750.0,9900.0,9750.0,9875.0,8834.2919921875,43735800.0
2024-02-28,9975.0,10000.0,9900.0,10000.0,8946.1181640625,54043100.0
2024-02-29,10000.0,10000.0,9850.0,9875.0,8834.2919921875,126671200.0
2024-03-01,9900.0,9925.0,9800.0,9825.0,8789.5615234375,51520600.0
2024-03-04,9800.0,9825.0,9750.0,9750.0,8722.4658203125,43822900.0
2024-03-05,9900.0,9900.0,9775.0,9800.0,8767.1962890625,61952900.0
2024-03-06,9900.0,10000.0,9775.0,9950.0,8901.388671875,70242200.0
2024-03-07,10050.0,10175.0,10000.0,10125.0,9057.9453125,118369300.0
2024-03-08,10250.0,10300.0,10125.0,10150.0,9080.310546875,100947200.0
2024-03-13,10400.0,10400.0,10000.0,10000.0,8946.1181640625,141622600.0
2024-03-14,10050.0,10325.0,10025.0,10325.0,9236.8681640625,110681100.0
2024-03-15,10200.0,10300.0,10050.0,10150.0,9080.310546875,154176800.0
2024-03-18,10175.0,10275.0,10150.0,10150.0,9080.310546875,62444100.0
2024-03-19,10150.0,10250.0,10150.0,10175.0,9102.6748046875,55004800.0
2024-03-20,10100.0,10150.0,10075.0,10125.0,9057.9453125,66269700.0
2024-03-21,10175.0,10225.0,10050.0,10125.0,9057.9453125,90279400.0
2024-03-22,10000.0,10125.0,9950.0,10100.0,9035.5810546875,91968200.0
2024-03-25,10075.0,10075.0,9925.0,10075.0,9220.9140625,66971000.0
2024-03-26,10050.0,10050.0,9950.0,10050.0,9198.0341796875,65742700.0
2024-03-27,10025.0,10075.0,10000.0,10075.0,9220.9140625,39514100.0
2024-03-28,10025.0,10100.0,9975.0,10075.0,9220.9140625,79229700.0
2024-04-01,10075.0,10100.0,9825.0,9850.0,9014.98828125,79248700.0
2024-04-02,9925.0,9950.0,9800.0,9900.0,9060.75,76763100.0
2024-04-03,9750.0,9800.0,9525.0,9525.0,8717.5390625,177418400.0
2024-04-04,9575.0,9850.0,9575.0,9850.0,9014.98828125,75993500.0
2024-04-05,9950.0,9950.0,9825.0,9825.0,8992.107421875,70428600.0
2024-04-16,9350.0,9575.0,9250.0,9475.0,8671.77734375,283265900.0
2024-04-17,9550.0,9675.0,9525.0,9525.0,8717.5390625,95620700.0
2024-04-18,9525.0,9575.0,9450.0,9475.0,8671.77734375,127134000.0
2024-04-19,9350.0,9500.0,9300.0,9475.0,8671.77734375,147784300.0
2024-04-22,9400.0,9425.0,9350.0,9350.0,8557.3740234375,128908000.0
2024-04-23,9400.0,9775.0,9400.0,9725.0,8900.583984375,178833000.0
2024-04-24,9825.0,9950.0,9750.0,9950.0,9106.5107421875,132832700.0
2024-04-25,10000.0,10000.0,9700.0,9775.0,8946.3466796875,104874100.0
2024-04-26,9700.0,9825.0,9625.0,9625.0,8809.0615234375,100932900.0
2024-04-29,9525.0,9850.0,9525.0,9800.0,8969.2255859375,90063500.0
2024-04-30,10050.0,10050.0,9800.0,9800.0,8969.2255859375,109623000.0
2024-05-02,9900.0,9900.0,9500.0,9550.0,8740.4189453125,97079400.0
2024-05-03,9750.0,9850.0,9675.0,9850.0,9014.98828125,81200400.0
2024-05-06,9850.0,9875.0,9775.0,9800.0,8969.2255859375,53076200.0
2024-05-07,9700.0,9750.0,9625.0,9700.0,8877.7021484375,66746800.0
2024-05-08,9600.0,9700.0,9375.0,9375.0,8580.25390625,112808900.0
2024-05-13,9200.0,9525.0,9200.0,9525.0,8717.5390625,145469900.0
2024-05-14,9625.0,9675.0,9525.0,9550.0,8740.4189453125,95363500.0
2024-05-15,9500.0,9600.0,9425.0,9500.0,8694.658203125,54741900.0
2024-05-16,9575.0,9675.0,9525.0,9600.0,8786.1806640625,61126000.0
2024-05-17,9600.0,9850.0,9575.0,9750.0,8923.4658203125,99848500.0
2024-05-20,9700.0,9800.0,9475.0,9475.0,8671.77734375,87890100.0
2024-05-21,9450.0,9575.0,9375.0,9375.0,8580.25390625,75311400.0
2024-05-22,9475.0,9575.0,9325.0,9425.0,8626.0166015625,121712700.0
2024-05-27,9300.0,9375.0,9275.0,9300.0,8511.61328125,128578500.0
2024-05-28,9300.0,9400.0,9300.0,9300.0,8511.61328125,73945700.0
2024-05-29,9275.0,9325.0,9150.0,9150.0,8374.3291015625,117351600.0
2024-05-30,9000.0,9250.0,8775.0,9000.0,8237.0458984375,207115100.0
2024-05-31,9100.0,9250.0,9025.0,9250.0,8465.8515625,756431600.0
2024-06-03,9350.0,9350.0,9225.0,9275.0,8488.732421875,72197700.0
2024-06-04,9525.0,9525.0,9350.0,9350.0,8557.3740234375,75353100.0
2024-06-05,9500.0,9500.0,9300.0,9450.0,8648.896484375,82087300.0
2024-06-06,9525.0,9525.0,9450.0,9475.0,8671.77734375,44991300.0
2024-06-07,9500.0,9500.0,9325.0,9325.0,8534.4931640625,51599800.0
2024-06-10,9500.0,9525.0,9450.0,9525.0,8717.5390625,45584700.0
2024-06-11,9550.0,9550.0,9300.0,9300.0,8511.61328125,68690900.0
2024-06-12,9300.0,9325.0,9250.0,9250.0,8465.8515625,49785700.0
2024-06-13,9475.0,9475.0,9200.0,9200.0,8420.0908203125,84652200.0
2024-06-14,9200.0,9250.0,9100.0,9200.0,8420.0908203125,52986300.0
2024-06-19,9250.0,9250.0,9050.0,9050.0,8282.806640625,100051000.0
2024-06-20,9150.0,9425.0,9100.0,9425.0,8626.0166015625,81474800.0
2024-06-21,9475.0,9675.0,9400.0,9600.0,8786.1806640625,166841200.0
2024-06-24,9600.0,9750.0,9575.0,9600.0,8786.1806640625,79592300.0
2024-06-25,9600.0,9600.0,9450.0,9600.0,8786.1806640625,80029000.0
2024-06-26,9525.0,9650.0,9450.0,9500.0,8694.658203125,77913200.0
2024-06-27,9575.0,9750.0,9550.0,9750.0,8923.4658203125,89150700.0
2024-06-28,9800.0,9975.0,9775.0,9925.0,9083.6298828125,166172300.0
2024-07-01,9850.0,9900.0,9825.0,9875.0,9037.8681640625,68634600.0
2024-07-02,10000.0,10000.0,9850.0,9900.0,9060.75,78848500.0
2024-07-03,9975.0,10000.0,9925.0,10000.0,9152.271484375,55860200.0
2024-07-04,9975.0,10000.0,9825.0,9825.0,8992.107421875,67054000.0
2024-07-05,9925.0,9975.0,9875.0,9950.0,9106.5107421875,36946900.0
2024-07-08,10000.0,10050.0,9950.0,10050.0,9198.0341796875,72903600.0
2024-07-09,10100.0,10150.0,10075.0,10075.0,9220.9140625,61853200.0
2024-07-10,10175.0,10225.0,10050.0,10100.0,9243.794921875,62325900.0
2024-07-11,10000.0,10125.0,10000.0,10075.0,9220.9140625,55908400.0
2024-07-12,10050.0,10100.0,10025.0,10075.0,9220.9140625,62646500.0
2024-07-15,10050.0,10075.0,9950.0,10050.0,9198.0341796875,36682600.0
2024-07-16,9975.0,10025.0,9950.0,9950.0,9106.5107421875,37192700.0
2024-07-17,9900.0,9950.0,9800.0,9800.0,8969.2255859375,90666000.0
2024-07-18,9800.0,10100.0,9800.0,10100.0,9243.794921875,65383200.0
2024-07-19,10050.0,10125.0,9975.0,10125.0,9266.6748046875,53880300.0
2024-07-22,10125.0,10150.0,10100.0,10100.0,9243.794921875,31285300.0
2024-07-23,10200.0,10200.0,10125.0,10175.0,9312.435546875,39321100.0
2024-07-24,10125.0,10175.0,10075.0,10075.0,9220.9140625,24658000.0
2024-07-25,10225.0,10300.0,10200.0,10300.0,9426.83984375,98088100.0
2024-07-26,10375.0,10400.0,10300.0,10325.0,9449.7197265625,75565800.0
2024-07-29,10400.0,10425.0,10175.0,10250.0,9381.078125,69092500.0
2024-07-30,10300.0,10300.0,10175.0,10175.0,9312.435546875,32122900.0
2024-07-31,10350.0,10350.0,10225.0,10275.0,9403.9599609375,82519900.0
2024-08-01,10200.0,10375.0,10200.0,10375.0,9495.482421875,61176200.0
2024-08-02,10275.0,10350.0,10200.0,10200.0,9335.318359375,55699900.0
2024-08-05,10000.0,10150.0,9875.0,9875.0,9037.8681640625,126328300.0
2024-08-06,10075.0,10075.0,9950.0,10000.0,9152.271484375,78473900.0
2024-08-07,10000.0,10100.0,10000.0,10100.0,9243.794921875,52327400.0
2024-08-08,10150.0,10225.0,10075.0,10225.0,9358.197265625,54162100.0
2024-08-09,10225.0,10250.0,10100.0,10150.0,9289.5556640625,47062400.0
2024-08-12,10100.0,10200.0,10075.0,10200.0,9335.318359375,40364100.0
2024-08-13,10250.0,10300.0,10175.0,10300.0,9426.83984375,55207100.0
2024-08-14,10300.0,10300.0,10200.0,10200.0,9335.318359375,47999100.0
2024-08-15,10200.0,10300.0,10175.0,10225.0,9358.197265625,33396600.0
2024-08-16,10300.0,10325.0,10250.0,10325.0,9449.7197265625,40731400.0
2024-08-19,10325.0,10425.0,10275.0,10375.0,9495.482421875,51054400.0
2024-08-20,10325.0,10450.0,10300.0,10425.0,9541.244140625,60304400.0
2024-08-21,10500.0,10500.0,10425.0,10425.0,9541.244140625,84848800.0
2024-08-22,10350.0,10400.0,10225.0,10325.0,9449.7197265625,56611600.0
2024-08-23,10325.0,10375.0,10300.0,10325.0,9449.7197265625,46651600.0
2024-08-26,10275.0,10375.0,10250.0,10325.0,9449.7197265625,35145600.0
2024-08-27,10275.0,10300.0,10175.0,10200.0,9335.318359375,60448400.0
2024-08-28,10300.0,10350.0,10250.0,10350.0,9472.6005859375,38489900.0
2024-08-29,10500.0,10500.0,10225.0,10225.0,9358.197265625,53004700.0
2024-08-30,10325.0,10325.0,10200.0,10325.0,9449.7197265625,158403700.0
2024-09-02,10375.0,10375.0,10200.0,10275.0,9403.9599609375,72008600.0
2024-09-03,10325.0,10325.0,10150.0,10175.0,9312.435546875,50950200.0
2024-09-04,10150.0,10300.0,10125.0,10300.0,9426.83984375,44817000.0
2024-09-05,10350.0,10350.0,10250.0,10250.0,9381.078125,39332900.0
2024-09-06,10225.0,10300.0,10225.0,10300.0,9426.83984375,31541800.0
2024-09-09,10300.0,10350.0,10200.0,10275.0,9403.9599609375,36185100.0
2024-09-10,10350.0,10350.0,10275.0,10350.0,9472.6005859375,55093100.0
2024-09-11,10425.0,10425.0,10350.0,10425.0,9541.244140625,64621300.0
2024-09-12,10450.0,10500.0,10375.0,10475.0,9587.00390625,70759100.0
2024-09-13,10400.0,10425.0,10325.0,10425.0,9541.244140625,70057100.0
2024-09-17,10450.0,10500.0,10350.0,10500.0,9609.884765625,89745000.0
2024-09-18,10500.0,10625.0,10450.0,10625.0,9724.2880859375,65420200.0
2024-09-19,10700.0,10900.0,10650.0,10900.0,9975.9765625,140886600.0
2024-09-20,10900.0,10900.0,10775.0,10775.0,9861.572265625,142194600.0
2024-09-23,10725.0,10950.0,10725.0,10950.0,10021.73828125,72553800.0
2024-09-24,10775.0,10950.0,10775.0,10800.0,9884.4541015625,105191100.0
2024-09-25,10675.0,10850.0,10525.0,10850.0,9930.2158203125,158369100.0
2024-09-26,10875.0,10875.0,10675.0,10700.0,9792.931640625,84960100.0
2024-09-27,10500.0,10750.0,10400.0,10650.0,9747.1689453125,93027400.0
2024-09-30,10475.0,10550.0,10325.0,10325.0,9449.7197265625,144692100.0
2024-10-01,10400.0,10550.0,10375.0,10550.0,9655.6455078125,59797700.0
2024-10-02,10325.0,10550.0,10325.0,10500.0,9609.884765625,86746200.0
2024-10-03,10450.0,10525.0,10400.0,10450.0,9564.123046875,60887000.0
2024-10-04,10400.0,10475.0,10350.0,10475.0,9587.00390625,58500400.0
2024-10-07,10350.0,10375.0,10250.0,10300.0,9426.83984375,91867900.0
2024-10-08,10200.0,10500.0,10150.0,10400.0,9518.3623046875,99622900.0
2024-10-09,10400.0,10525.0,10400.0,10425.0,9541.244140625,56835200.0
2024-10-10,10425.0,10500.0,10400.0,10500.0,9609.884765625,51080000.0
2024-10-11,10575.0,10575.0,10375.0,10375.0,9495.482421875,44632100.0
2024-10-14,10375.0,10500.0,10375.0,10500.0,9609.884765625,31738600.0
2024-10-15,10550.0,10625.0,10450.0,10625.0,9724.2880859375,66635200.0
2024-10-16,10700.0,10725.0,10475.0,10475.0,9587.00390625,63255900.0
2024-10-17,10550.0,10800.0,10500.0,10725.0,9815.8125,66993300.0
2024-10-18,10875.0,10875.0,10725.0,10750.0,9838.693359375,56299600.0
2024-10-21,10850.0,10850.0,10675.0,10675.0,9770.05078125,36472500.0
2024-10-22,10475.0,10600.0,10475.0,10500.0,9609.884765625,94799500.0
2024-10-23,10475.0,10650.0,10475.0,10650.0,9747.1689453125,48903000.0
2024-10-24,10725.0,10850.0,10700.0,10700.0,9792.931640625,85341200.0
2024-10-25,10650.0,10750.0,10625.0,10750.0,9838.693359375,34847500.0
2024-10-28,10825.0,10825.0,10600.0,10600.0,9701.4072265625,39061500.0
2024-10-29,10525.0,10575.0,10500.0,10500.0,9609.884765625,49680100.0
2024-10-30,10275.0,10400.0,10275.0,10350.0,9472.6005859375,114484100.0
2024-10-31,10325.0,10475.0,10250.0,10250.0,9381.078125,97553400.0
2024-11-01,10275.0,10425.0,10275.0,10425.0,9541.244140625,47710000.0
2024-11-04,10425.0,10500.0,10300.0,10375.0,9495.482421875,49275700.0
2024-11-05,10300.0,10575.0,10300.0,10500.0,9609.884765625,50296500.0
2024-11-06,10475.0,10500.0,10375.0,10450.0,9564.123046875,50324900.0
2024-11-07,10325.0,10450.0,10175.0,10175.0,9312.435546875,131579100.0
2024-11-08,10200.0,10225.0,10050.0,10075.0,9220.9140625,92166100.0
2024-11-11,9800.0,10050.0,9800.0,10050.0,9198.0341796875,128707600.0
2024-11-12,10100.0,10225.0,10000.0,10150.0,9289.5556640625,80378500.0
2024-11-13,10225.0,10250.0,10150.0,10150.0,9289.5556640625,62933100.0
2024-11-14,10125.0,10175.0,10050.0,10100.0,9243.794921875,56381400.0
2024-11-15,10050.0,10275.0,10050.0,10175.0,9312.435546875,63598200.0
2024-11-18,10075.0,10125.0,10000.0,10000.0,9152.271484375,65716200.0
2024-11-19,9900.0,10025.0,9900.0,9925.0,9083.6298828125,85295300.0
2024-11-20,10025.0,10150.0,10000.0,10075.0,9220.9140625,58584400.0
2024-11-21,10000.0,10000.0,9850.0,9850.0,9059.951171875,93181200.0
2024-11-22,9925.0,9950.0,9850.0,9850.0,9059.951171875,58396100.0
2024-11-25,9950.0,10200.0,9900.0,10175.0,9358.8818359375,165369400.0
2024-11-26,10250.0,10250.0,10000.0,10000.0,9197.9189453125,62310100.0
2024-11-28,9975.0,10075.0,9925.0,10000.0,9197.9189453125,57443500.0
2024-11-29,10000.0,10100.0,9950.0,10000.0,9197.9189453125,76886000.0
2024-12-02,10000.0,10050.0,9750.0,9750.0,8967.9716796875,87879600.0
2024-12-03,10025.0,10225.0,9900.0,10200.0,9381.87890625,126087100.0
2024-12-04,10175.0,10250.0,10050.0,10200.0,9381.87890625,97876300.0
2024-12-05,10250.0,10350.0,10225.0,10250.0,9427.8671875,96904400.0
2024-12-06,10100.0,10175.0,10050.0,10075.0,9266.904296875,68247200.0
2024-12-09,10025.0,10350.0,10000.0,10350.0,9519.845703125,64458400.0
2024-12-10,10325.0,10350.0,10275.0,10350.0,9519.845703125,61230400.0
2024-12-11,10225.0,10425.0,10225.0,10425.0,9588.8310546875,37934300.0
2024-12-12,10300.0,10375.0,10175.0,10175.0,9358.8818359375,44780100.0
2024-12-13,10125.0,10225.0,10025.0,10050.0,9243.9091796875,75126400.0
2024-12-16,10000.0,10125.0,10000.0,10100.0,9289.8994140625,57746100.0
2024-12-17,9950.0,10050.0,9900.0,9900.0,9105.9404296875,99845900.0
2024-12-18,9900.0,10025.0,9800.0,9800.0,9013.9599609375,84868500.0
2024-12-19,9700.0,9775.0,9550.0,9675.0,8898.986328125,104254100.0
2024-12-20,9650.0,9750.0,9625.0,9650.0,8875.9921875,91576900.0
2024-12-23,9700.0,9850.0,9700.0,9775.0,8990.966796875,43292100.0
2024-12-24,9850.0,9900.0,9750.0,9750.0,8967.9716796875,32415700.0
2024-12-27,9800.0,9825.0,9725.0,9800.0,9013.9599609375,24016700.0
2024-12-30,9800.0,9825.0,9675.0,9675.0,8898.986328125,56350100.0
2025-01-02,9650.0,9900.0,9650.0,9900.0,9105.9404296875,38124800.0
2025-01-03,9850.0,9925.0,9825.0,9850.0,9059.951171875,41916000.0
2025-01-06,9850.0,9875.0,9650.0,9675.0,8898.986328125,41593900.0
2025-01-07,9675.0,9725.0,9525.0,9525.0,8761.0185546875,71318600.0
2025-01-08,9675.0,9775.0,9575.0,9675.0,8898.986328125,55943100.0
2025-01-09,9750.0,9875.0,9725.0,9850.0,9059.951171875,42733800.0
2025-01-10,9800.0,9925.0,9725.0,9725.0,8944.9765625,72531300.0
2025-01-13,9625.0,9725.0,9625.0,9675.0,8898.986328125,88270100.0
2025-01-14,9600.0,9725.0,9525.0,9525.0,8761.0185546875,70942600.0
2025-01-15,9575.0,9800.0,9550.0,9800.0,9013.9599609375,77098000.0
2025-01-16,9850.0,9925.0,9750.0,9750.0,8967.9716796875,76979000.0
2025-01-17,9750.0,9900.0,9650.0,9900.0,9105.9404296875,71033100.0
2025-01-20,9850.0,9875.0,9625.0,9625.0,8852.998046875,112111200.0
2025-01-21,9600.0,9675.0,9550.0,9575.0,8807.0078125,124547900.0
2025-01-22,9650.0,9675.0,9575.0,9600.0,8830.001953125,90154800.0
2025-01-23,9600.0,9750.0,9600.0,9600.0,8830.001953125,120515400.0
2025-01-24,9625.0,9650.0,9350.0,9350.0,8600.0537109375,152057000.0
2025-01-30,9150.0,9275.0,9150.0,9150.0,8416.0966796875,154645800.0
2025-01-31,9250.0,9500.0,9225.0,9450.0,8692.033203125,112982800.0
2025-02-03,9400.0,9400.0,9225.0,9350.0,8600.0537109375,90439900.0
2025-02-04,9350.0,9400.0,9175.0,9175.0,8439.0908203125,94607700.0
2025-02-05,9100.0,9175.0,9100.0,9125.0,8393.1005859375,98229900.0
2025-02-06,9075.0,9100.0,8850.0,8950.0,8232.1376953125,171477800.0
2025-02-07,8950.0,9350.0,8825.0,9350.0,8600.0537109375,131162200.0
2025-02-10,9025.0,9250.0,9025.0,9150.0,8416.0966796875,76209100.0
2025-02-11,9025.0,9100.0,9000.0,9075.0,8347.111328125,71188300.0
2025-02-12,8950.0,9150.0,8950.0,9150.0,8416.0966796875,121172600.0
2025-02-13,9100.0,9150.0,9000.0,9000.0,8278.1279296875,90439700.0
2025-02-14,9000.0,9075.0,8950.0,8975.0,8255.1328125,116274500.0
2025-02-17,8975.0,9325.0,8975.0,9325.0,8577.0595703125,89096400.0
2025-02-18,9325.0,9575.0,9250.0,9300.0,8554.0654296875,107318300.0
2025-02-19,9225.0,9250.0,8950.0,8950.0,8232.1376953125,154438200.0
2025-02-20,8975.0,9025.0,8950.0,9000.0,8278.1279296875,119260800.0
2025-02-21,8950.0,9000.0,8925.0,9000.0,8278.1279296875,106054700.0
2025-02-24,8925.0,8975.0,8875.0,8925.0,8209.142578125,108530300.0
2025-02-25,8900.0,9000.0,8825.0,8825.0,8117.1640625,101592700.0
2025-02-26,8800.0,8900.0,8725.0,8775.0,8071.17529296875,117843500.0
2025-02-27,8800.0,8800.0,8500.0,8525.0,7841.2255859375,199991600.0
2025-02-28,8525.0,8675.0,8425.0,8425.0,7749.24658203125,293095000.0
2025-03-03,8600.0,8900.0,8550.0,8800.0,8094.16845703125,192944300.0
2025-03-04,8900.0,8925.0,8675.0,8850.0,8140.158203125,125418500.0
2025-03-05,8825.0,9175.0,8825.0,9000.0,8278.1279296875,155207900.0
2025-03-06,9200.0,9200.0,8975.0,8975.0,8255.1328125,96270100.0
2025-03-07,9000.0,9000.0,8925.0,8925.0,8209.142578125,82295300.0
2025-03-10,8750.0,8975.0,8725.0,8925.0,8209.142578125,97652100.0
2025-03-11,8950.0,9050.0,8875.0,8925.0,8209.142578125,109295600.0
2025-03-12,9025.0,9125.0,8975.0,9125.0,8393.1005859375,87968900.0
2025-03-13,9150.0,9175.0,8975.0,8975.0,8255.1328125,83030700.0
2025-03-14,8800.0,8925.0,8750.0,8750.0,8048.1787109375,111397800.0
2025-03-17,8750.0,8775.0,8550.0,8600.0,7910.2099609375,151365700.0
2025-03-18,8500.0,8550.0,8075.0,8300.0,7634.27392578125,417305700.0
2025-03-19,8300.0,8400.0,8225.0,8325.0,7657.26806640625,214108200.0
2025-03-20,8450.0,8475.0,8350.0,8375.0,7703.25732421875,152917300.0
2025-03-21,8275.0,8275.0,7900.0,7900.0,7489.9365234375,377916400.0
2025-03-24,7825.0,8100.0,7625.0,7950.0,7537.34130859375,331836800.0
2025-03-25,8075.0,8150.0,8000.0,8050.0,7632.150390625,136341700.0
2025-03-26,8300.0,8650.0,8275.0,8525.0,8082.494140625,283104600.0
2025-03-27,8425.0,8575.0,8375.0,8500.0,8058.79248046875,122943900.0
2025-04-08,7400.0,8000.0,7275.0,7775.0,7371.42431640625,533073600.0
2025-04-09,7700.0,7950.0,7675.0,7925.0,7513.638671875,136753900.0
2025-04-10,8500.0,8650.0,8175.0,8225.0,7798.06640625,144148600.0
2025-04-11,8200.0,8325.0,8050.0,8275.0,7845.470703125,82603000.0
2025-04-14,8250.0,8400.0,8250.0,8400.0,7963.98291015625,83319300.0
2025-04-15,8575.0,8600.0,8450.0,8575.0,8129.8994140625,83431800.0
2025-04-16,8500.0,8550.0,8425.0,8475.0,8035.08984375,76874900.0
2025-04-17,8450.0,8500.0,8350.0,8500.0,8058.79248046875,83540600.0
2025-04-21,8500.0,8500.0,8300.0,8300.0,7869.17431640625,40683800.0
2025-04-22,8325.0,8500.0,8325.0,8500.0,8058.79248046875,56537100.0
2025-04-23,8550.0,8725.0,8550.0,8725.0,8272.11328125,92329600.0
2025-04-24,8850.0,8850.0,8475.0,8475.0,8035.08984375,143675300.0
2025-04-25,8650.0,8650.0,8575.0,8600.0,8153.60107421875,58297000.0
2025-04-28,8750.0,8775.0,8650.0,8775.0,8319.5185546875,73235400.0
2025-04-29,8800.0,8825.0,8700.0,8725.0,8272.11328125,60315700.0
2025-04-30,8800.0,8925.0,8675.0,8825.0,8366.9228515625,164597500.0
2025-05-02,9000.0,9000.0,8850.0,8975.0,8509.13671875,92219000.0
2025-05-05,9000.0,9050.0,8975.0,8975.0,8509.13671875,86385600.0
2025-05-06,9050.0,9050.0,8975.0,9025.0,8556.541015625,48860500.0
2025-05-07,9075.0,9100.0,9000.0,9075.0,8603.9453125,77382000.0
2025-05-08,9075.0,9200.0,8925.0,8975.0,8509.13671875,99614500.0
2025-05-09,9050.0,9050.0,8975.0,9000.0,8532.8388671875,47167500.0
2025-05-14,9250.0,9300.0,9150.0,9275.0,8793.564453125,149002900.0
2025-05-15,9275.0,9400.0,9250.0,9275.0,8793.564453125,101401300.0
2025-05-16,9300.0,9325.0,9225.0,9300.0,8817.2666015625,63007500.0
2025-05-19,9275.0,9500.0,9250.0,9500.0,9006.884765625,111597200.0
2025-05-20,9500.0,9675.0,9475.0,9475.0,8983.18359375,160614800.0
2025-05-21,9700.0,9725.0,9550.0,9700.0,9196.5029296875,169739200.0
2025-05-22,9800.0,9800.0,9650.0,9650.0,9149.0986328125,103113000.0
2025-05-23,9675.0,9700.0,9625.0,9675.0,9172.8017578125,48521800.0
2025-05-26,9600.0,9650.0,9500.0,9625.0,9125.3974609375,56625300.0
2025-05-27,9550.0,9600.0,9450.0,9450.0,8959.48046875,93212000.0
2025-05-28,9450.0,9550.0,9400.0,9400.0,8912.0751953125,236950800.0
2025-06-02,9025.0,9175.0,9025.0,9100.0,8627.6484375,264428700.0
2025-06-03,9050.0,9125.0,8950.0,9050.0,8580.2431640625,128318100.0
2025-06-04,9100.0,9125.0,8950.0,8975.0,8509.13671875,93357200.0
2025-06-05,9000.0,9050.0,8900.0,8925.0,8461.7314453125,95529000.0
2025-06-10,8975.0,9100.0,8950.0,9100.0,8627.6484375,80406400.0
2025-06-11,9100.0,9125.0,9050.0,9050.0,8580.2431640625,56632600.0
2025-06-12,9000.0,9125.0,9000.0,9125.0,8651.3505859375,41337300.0
2025-06-13,9100.0,9125.0,8975.0,9025.0,8556.541015625,83318000.0
2025-06-16,8925.0,9000.0,8900.0,8925.0,8461.7314453125,57825000.0
2025-06-17,8975.0,9100.0,8975.0,9075.0,8603.9453125,54927900.0
2025-06-18,8950.0,9025.0,8900.0,8900.0,8438.0283203125,86270200.0
2025-06-19,8900.0,8925.0,8750.0,8775.0,8319.5185546875,78879500.0
2025-06-20,8700.0,8875.0,8625.0,8700.0,8248.41015625,445915100.0
2025-06-23,8575.0,8700.0,8500.0,8625.0,8177.3046875,87324500.0
2025-06-24,8725.0,8850.0,8700.0,8775.0,8319.5185546875,110158900.0
2025-06-25,8725.0,8775.0,8475.0,8600.0,8153.60107421875,117561000.0
2025-06-26,8525.0,8650.0,8525.0,8650.0,8201.005859375,117281700.0
2025-06-30,8575.0,8825.0,8550.0,8675.0,8224.708984375,185441800.0
2025-07-01,8750.0,8775.0,8600.0,8700.0,8248.41015625,82364500.0
2025-07-02,8575.0,8675.0,8575.0,8675.0,8224.708984375,68545100.0
2025-07-03,8700.0,8750.0,8600.0,8600.0,8153.60107421875,50370800.0
2025-07-04,8650.0,8700.0,8550.0,8650.0,8201.005859375,43593300.0
2025-07-07,8625.0,8650.0,8550.0,8625.0,8177.3046875,49936900.0
2025-07-08,8550.0,8600.0,8425.0,8500.0,8058.79248046875,215611000.0
2025-07-09,8500.0,8550.0,8450.0,8500.0,8058.79248046875,94459300.0
2025-07-10,8525.0,8650.0,8500.0,8600.0,8153.60107421875,111769400.0
2025-07-11,8575.0,8675.0,8575.0,8625.0,8177.3046875,135986500.0
2025-07-14,8650.0,8675.0,8450.0,8525.0,8082.494140625,125196000.0
2025-07-15,8600.0,8600.0,8475.0,8550.0,8106.19677734375,77219300.0
2025-07-16,8550.0,8600.0,8500.0,8525.0,8082.494140625,97475300.0
2025-07-17,8500.0,8550.0,8500.0,8525.0,8082.494140625,86016400.0
2025-07-18,8550.0,8575.0,8425.0,8425.0,7987.6845703125,80432200.0
2025-07-21,8450.0,8500.0,8375.0,8450.0,8011.38720703125,95383500.0
2025-07-22,8450.0,8475.0,8400.0,8400.0,7963.98291015625,77981700.0
2025-07-23,8450.0,8500.0,8400.0,8425.0,7987.6845703125,70969500.0
2025-07-24,8475.0,8550.0,8450.0,8500.0,8058.79248046875,138256800.0
2025-07-25,8500.0,8525.0,8450.0,8450.0,8011.38720703125,58682800.0
2025-07-28,8625.0,8625.0,8475.0,8500.0,8058.79248046875,99484300.0
2025-07-29,8500.0,8500.0,8375.0,8400.0,7963.98291015625,104240300.0
2025-07-30,8475.0,8475.0,8325.0,8375.0,7940.2802734375,98098100.0
2025-07-31,8350.0,8375.0,8250.0,8275.0,7845.470703125,206006300.0
2025-08-01,8400.0,8425.0,8300.0,8300.0,7869.17431640625,86196100.0
2025-08-04,8325.0,8350.0,8275.0,8275.0,7845.470703125,49054500.0
2025-08-05,8350.0,8450.0,8325.0,8425.0,7987.6845703125,69475900.0
2025-08-06,8425.0,8425.0,8300.0,8300.0,7869.17431640625,56325400.0
2025-08-07,8325.0,8350.0,8300.0,8300.0,7869.17431640625,43621300.0
2025-08-08,8325.0,8400.0,8300.0,8300.0,7869.17431640625,68378700.0
2025-08-11,8500.0,8550.0,8425.0,8550.0,8106.19677734375,128561300.0
2025-08-12,8625.0,8875.0,8575.0,8850.0,8390.6240234375,171015700.0
2025-08-13,8975.0,8975.0,8725.0,8925.0,8461.7314453125,129083900.0
2025-08-14,8925.0,8950.0,8750.0,8775.0,8319.5185546875,122930900.0
2025-08-15,8825.0,8850.0,8700.0,8700.0,8248.41015625,68754200.0
2025-08-19,8600.0,8600.0,8450.0,8500.0,8058.79248046875,128591700.0
2025-08-20,8375.0,8600.0,8350.0,8525.0,8082.494140625,202260200.0
2025-08-21,8550.0,8575.0,8500.0,8550.0,8106.19677734375,69470200.0
2025-08-22,8575.0,8575.0,8450.0,8450.0,8011.38720703125,66394100.0
2025-08-25,8525.0,8550.0,8475.0,8475.0,8035.08984375,64052700.0
2025-08-26,8450.0,8475.0,8250.0,8250.0,7821.7685546875,326794200.0
2025-08-27,8250.0,8350.0,8200.0,8300.0,7869.17431640625,111915700.0
2025-08-28,8350.0,8375.0,8275.0,8325.0,7892.8759765625,81281400.0
2025-08-29,8250.0,8275.0,8075.0,8075.0,7655.8525390625,236499300.0
2025-09-01,7650.0,8050.0,7600.0,8000.0,7584.74560546875,421127500.0
2025-09-02,8000.0,8175.0,8000.0,8000.0,7584.74560546875,155531500.0
2025-09-03,7900.0,8000.0,7900.0,7975.0,7561.04345703125,212372700.0
2025-09-04,7975.0,8000.0,7925.0,8000.0,7584.74560546875,103534800.0
2025-09-08,8025.0,8025.0,7700.0,7700.0,7300.3173828125,321191900.0
2025-09-09,7625.0,7725.0,7475.0,7525.0,7134.4013671875,595368700.0
2025-09-10,7550.0,7800.0,7550.0,7800.0,7395.126953125,246849600.0
2025-09-11,7900.0,7975.0,7850.0,7850.0,7442.53125,235173400.0
2025-09-12,7975.0,7975.0,7850.0,7925.0,7513.638671875,156084700.0
2025-09-15,8000.0,8100.0,7975.0,8025.0,7608.4482421875,142567700.0
2025-09-16,8050.0,8075.0,7900.0,7925.0,7513.638671875,129312900.0
2025-09-17,7850.0,7900.0,7800.0,7850.0,7442.53125,183725900.0
2025-09-18,7850.0,7900.0,7650.0,7700.0,7300.3173828125,275378700.0
2025-09-19,7650.0,7825.0,7650.0,7800.0,7395.126953125,149025300.0
2025-09-22,7800.0,7825.0,7725.0,7725.0,7324.02001953125,92588800.0
2025-09-23,7750.0,7900.0,7750.0,7875.0,7466.23388671875,102606200.0
2025-09-24,7950.0,7950.0,7725.0,7775.0,7371.42431640625,150428400.0
2025-09-25,7725.0,7775.0,7700.0,7700.0,7300.3173828125,147986600.0
2025-09-26,7575.0,7700.0,7575.0,7625.0,7229.21044921875,121657700.0
2025-09-29,7750.0,7800.0,7700.0,7775.0,7371.42431640625,116454700.0
2025-09-30,7700.0,7775.0,7625.0,7625.0,7229.21044921875,170666700.0
2025-10-01,7600.0,7675.0,7500.0,7500.0,7110.69921875,202433400.0
2025-10-02,7500.0,7600.0,7500.0,7500.0,7110.69921875,126952400.0
2025-10-03,7525.0,7550.0,7500.0,7525.0,7134.4013671875,76787500.0
2025-10-06,7500.0,7550.0,7450.0,7500.0,7110.69921875,104032400.0
2025-10-07,7550.0,7600.0,7500.0,7575.0,7181.80615234375,74282600.0
2025-10-08,7500.0,7525.0,7375.0,7375.0,6992.18701171875,168080800.0
2025-10-09,7375.0,7700.0,7300.0,7550.0,7158.10400390625,293567400.0
2025-10-10,7450.0,7450.0,7350.0,7400.0,7015.8896484375,107426000.0
2025-10-13,7300.0,7375.0,7300.0,7325.0,6944.78271484375,101847900.0
2025-10-14,7275.0,7350.0,7250.0,7250.0,6873.67578125,151862300.0
2025-10-15,7250.0,7350.0,7225.0,7250.0,6873.67578125,133206400.0
2025-10-16,7250.0,7325.0,7225.0,7300.0,6921.080078125,120611200.0
2025-10-17,7300.0,7525.0,7275.0,7500.0,7110.69921875,157334400.0
2025-10-20,7700.0,8000.0,7625.0,7875.0,7466.23388671875,393421800.0
2025-10-21,8100.0,8475.0,8100.0,8475.0,8035.08984375,529802600.0
2025-10-22,8700.0,8700.0,8200.0,8200.0,7774.3642578125,392957200.0
2025-10-23,8200.0,8350.0,8150.0,8325.0,7892.8759765625,187003900.0
2025-10-24,8300.0,8375.0,8275.0,8275.0,7845.470703125,133355100.0
2025-10-27,8325.0,8425.0,8200.0,8350.0,7916.57861328125,182275600.0
2025-10-28,8350.0,8400.0,8250.0,8275.0,7845.470703125,180270000.0
2025-10-29,8300.0,8600.0,8275.0,8600.0,8153.60107421875,239156800.0
2025-10-30,8575.0,8750.0,8475.0,8525.0,8082.494140625,259009800.0
2025-10-31,8550.0,8650.0,8525.0,8525.0,8082.494140625,177088000.0
2025-11-03,8650.0,8650.0,8525.0,8650.0,8201.005859375,115007100.0
2025-11-04,8650.0,8700.0,8625.0,8650.0,8201.005859375,155231500.0
2025-11-05,8625.0,8700.0,8600.0,8700.0,8248.41015625,125731500.0
2025-11-06,8625.0,8675.0,8550.0,8550.0,8106.19677734375,89756900.0
2025-11-07,8550.0,8675.0,8550.0,8675.0,8224.708984375,75241900.0
2025-11-10,8675.0,8675.0,8575.0,8575.0,8129.8994140625,79897700.0
2025-11-11,8575.0,8600.0,8400.0,8400.0,7963.98291015625,130897600.0
2025-11-12,8425.0,8550.0,8400.0,8500.0,8058.79248046875,85415600.0
2025-11-13,8400.0,8475.0,8375.0,8375.0,7940.2802734375,104113800.0
2025-11-14,8375.0,8500.0,8375.0,8425.0,7987.6845703125,89815300.0
2025-11-17,8500.0,8575.0,8475.0,8575.0,8129.8994140625,129411100.0
2025-11-18,8550.0,8575.0,8400.0,8400.0,7963.98291015625,119377900.0
2025-11-19,8350.0,8500.0,8325.0,8475.0,8035.08984375,114209700.0
2025-11-20,8475.0,8600.0,8400.0,8425.0,7987.6845703125,124087400.0
2025-11-21,8375.0,8425.0,8350.0,8400.0,7963.98291015625,103917100.0
2025-11-24,8400.0,8475.0,8350.0,8475.0,8035.08984375,279590600.0
2025-11-25,8475.0,8500.0,8375.0,8500.0,8058.79248046875,98807700.0
2025-11-26,8400.0,8450.0,8375.0,8425.0,7987.6845703125,77094400.0
2025-11-27,8425.0,8450.0,8325.0,8325.0,7892.8759765625,71051300.0
2025-11-28,8325.0,8350.0,8275.0,8275.0,7845.470703125,67559300.0
2025-12-01,8450.0,8450.0,8350.0,8400.0,7963.98291015625,76359200.0
2025-12-02,8350.0,8425.0,8350.0,8375.0,7940.2802734375,97044000.0
2025-12-03,8350.0,8400.0,8300.0,8300.0,7921.19384765625,103550900.0
2025-12-04,8325.0,8350.0,8225.0,8225.0,7849.6162109375,71410400.0
2025-12-05,8200.0,8300.0,8200.0,8300.0,7921.19384765625,71162300.0
2025-12-08,8350.0,8350.0,8250.0,8300.0,7921.19384765625,61745200.0
2025-12-09,8300.0,8300.0,8100.0,8100.0,7730.32080078125,113057200.0
2025-12-10,8100.0,8175.0,8025.0,8075.0,7706.46240234375,143418300.0
2025-12-11,8175.0,8200.0,7900.0,8000.0,7634.88525390625,140766000.0
2025-12-12,7900.0,8000.0,7850.0,8000.0,7634.88525390625,100006800.0
2025-12-15,7925.0,8300.0,7925.0,8300.0,7921.19384765625,143105700.0
2025-12-16,8375.0,8375.0,8025.0,8075.0,7706.46240234375,122332000.0
2025-12-17,8000.0,8125.0,7975.0,8025.0,7658.74462890625,89802700.0
2025-12-18,8025.0,8250.0,8025.0,8175.0,7801.89794921875,88497200.0
2025-12-19,8200.0,8225.0,8050.0,8050.0,7682.603515625,131069800.0
2025-12-22,8050.0,8175.0,8025.0,8175.0,7801.89794921875,72424200.0
2025-12-23,8100.0,8125.0,7975.0,8025.0,7658.74462890625,85044100.0
2025-12-24,8025.0,8075.0,8000.0,8025.0,7658.74462890625,71260500.0
2025-12-29,8025.0,8025.0,7950.0,8025.0,7658.74462890625,78399400.0
2025-12-30,7950.0,8175.0,7950.0,8075.0,7706.46240234375,101995600.0
2026-01-02,8075.0,8075.0,8000.0,8025.0,7658.74462890625,68612400.0
2026-01-05,8000.0,8100.0,8000.0,8075.0,7706.46240234375,73408800.0
2026-01-06,8175.0,8175.0,8075.0,8175.0,7801.89794921875,97624300.0
2026-01-07,8125.0,8175.0,8025.0,8150.0,7778.0390625,93152500.0
2026-01-08,8100.0,8150.0,8050.0,8050.0,7682.603515625,79823700.0
2026-01-09,8125.0,8175.0,8050.0,8125.0,7754.18017578125,79484700.0
2026-01-12,8075.0,8100.0,8000.0,8025.0,7658.74462890625,82935700.0
2026-01-13,8025.0,8075.0,8000.0,8075.0,7706.46240234375,80536300.0
2026-01-14,8025.0,8050.0,7950.0,8000.0,7634.88525390625,105724300.0
2026-01-15,8000.0,8175.0,7975.0,8075.0,7706.46240234375,151753100.0
2026-01-19,8075.0,8125.0,7975.0,8125.0,7754.18017578125,172100000.0
2026-01-20,8050.0,8125.0,8000.0,8000.0,7634.88525390625,82672500.0
2026-01-21,7925.0,7950.0,7700.0,7700.0,7348.57666015625,301825600.0
2026-01-22,7700.0,7775.0,7600.0,7650.0,7300.85888671875,268025900.0
2026-01-23,7600.0,7675.0,7550.0,7650.0,7300.85888671875,202878600.0
2026-01-26,7550.0,7675.0,7525.0,7650.0,7300.85888671875,213044100.0
2026-01-27,7575.0,7625.0,7500.0,7500.0,7157.705078125,259830900.0
2026-01-28,7050.0,7400.0,6925.0,7025.0,6704.3837890625,1027287500.0
2026-01-29,6675.0,7275.0,6375.0,7200.0,6871.396484375,1432993400.0
2026-01-30,7200.0,7600.0,7200.0,7400.0,7062.26904296875,528434900.0
2026-02-02,7600.0,7600.0,7325.0,7600.0,7253.140625,326948700.0
2026-02-03,7600.0,7650.0,7375.0,7650.0,7300.85888671875,206015400.0
2026-02-04,7650.0,7825.0,7600.0,7800.0,7444.01318359375,193370800.0
2026-02-05,7800.0,7925.0,7800.0,7800.0,7444.01318359375,142332400.0
2026-02-06,7700.0,7775.0,7600.0,7675.0,7324.7177734375,176352600.0
2026-02-09,7675.0,7725.0,7450.0,7500.0,7157.705078125,174758300.0
2026-02-10,7500.0,7550.0,7450.0,7475.0,7133.84619140625,127704200.0
2026-02-11,7475.0,7525.0,7400.0,7450.0,7109.98681640625,213505000.0
2026-02-12,7450.0,7475.0,7300.0,7325.0,6990.69189453125,237465300.0
2026-02-13,7325.0,7325.0,7200.0,7200.0,6871.396484375,356015300.0
2026-02-18,7225.0,7375.0,7225.0,7275.0,6942.9736328125,125301200.0
2026-02-19,7325.0,7325.0,7175.0,7175.0,6847.53759765625,133463400.0
2026-02-20,7175.0,7250.0,7150.0,7225.0,6895.25537109375,122959500.0
2026-02-23,7300.0,7350.0,7275.0,7300.0,6966.83251953125,100443800.0
2026-02-24,7275.0,7325.0,7225.0,7225.0,6895.25537109375,159225400.0
2026-02-25,7275.0,7375.0,7250.0,7325.0,6990.69189453125,133278000.0
2026-02-26,7350.0,7375.0,7200.0,7300.0,6966.83251953125,127811900.0
2026-02-27,7200.0,7275.0,7175.0,7175.0,6847.53759765625,193104700.0
2026-03-02,7075.0,7150.0,6975.0,7025.0,6704.3837890625,156182700.0
2026-03-03,7075.0,7125.0,7025.0,7075.0,6752.10205078125,103031100.0
2026-03-04,7075.0,7075.0,6825.0,6875.0,6561.2294921875,216518700.0
2026-03-05,6975.0,7125.0,6950.0,7100.0,6775.9609375,110256300.0
2026-03-06,7075.0,7100.0,7000.0,7000.0,6680.52490234375,102725700.0
2026-03-09,6900.0,6950.0,6825.0,6875.0,6561.2294921875,150426400.0
2026-03-10,6950.0,7050.0,6925.0,6975.0,6656.66552734375,129977900.0
2026-03-11,6975.0,7000.0,6825.0,6825.0,6513.51123046875,91723400.0
2026-03-12,6825.0,7025.0,6825.0,6900.0,6585.08837890625,98787400.0
2026-03-13,6850.0,7025.0,6850.0,6875.0,6561.2294921875,107940600.0
2026-03-16,6850.0,6875.0,6700.0,6750.0,6441.93408203125,127757500.0
2026-03-17,6750.0,6825.0,6750.0,6775.0,6465.79345703125,160903900.0
2026-03-25,6675.0,6925.0,6675.0,6900.0,6585.08837890625,314281100.0
2026-03-26,6900.0,6975.0,6850.0,6875.0,6561.2294921875,145934900.0
2026-03-27,6775.0,6850.0,6700.0,6700.0,6394.21630859375,283556500.0
2026-03-30,6400.0,6500.0,6350.0,6450.0,6425.0966796875,242278100.0
2026-03-31,6450.0,6550.0,6450.0,6450.0,6425.0966796875,150657800.0
2026-04-01,6550.0,6650.0,6500.0,6500.0,6474.9033203125,132798100.0
2026-04-02,6550.0,6600.0,6500.0,6575.0,6549.61376953125,72725400.0
2026-04-06,6600.0,6625.0,6450.0,6500.0,6474.9033203125,57914600.0
2026-04-07,6500.0,6525.0,6450.0,6500.0,6474.9033203125,65168700.0
2026-04-08,6650.0,6850.0,6625.0,6750.0,6723.93798828125,163594000.0
2026-04-09,6775.0,6800.0,6450.0,6475.0,6450.0,182409800.0
2026-04-10,6525.0,6700.0,6475.0,6700.0,6674.13134765625,167336100.0
2026-04-13,6650.0,6700.0,6575.0,6575.0,6549.61376953125,81955300.0
2026-04-14,6675.0,6800.0,6675.0,6750.0,6723.93798828125,105010900.0
2026-04-15,6775.0,6800.0,6550.0,6550.0,6524.71044921875,104880600.0
2026-04-16,6575.0,6650.0,6500.0,6525.0,6499.80712890625,122416100.0
2026-04-17,6500.0,6550.0,6425.0,6425.0,6400.19287109375,156827000.0
2026-04-20,6450.0,6575.0,6425.0,6475.0,6450.0,137435700.0
2026-04-21,6475.0,6525.0,6425.0,6500.0,6474.9033203125,112151900.0
2026-04-22,6475.0,6525.0,6450.0,6450.0,6425.0966796875,95673700.0
2026-04-23,6450.0,6550.0,6425.0,6425.0,6400.19287109375,95913400.0
2026-04-24,6400.0,6425.0,6050.0,6050.0,6026.64111328125,435004800.0
2026-04-27,6025.0,6050.0,5950.0,5975.0,5951.9306640625,273263100.0
2026-04-28,6025.0,6075.0,5950.0,6000.0,5976.833984375,174091200.0
2026-04-29,6000.0,6050.0,5950.0,5975.0,5951.9306640625,176050900.0
2026-04-30,5950.0,5975.0,5800.0,5850.0,5827.4130859375,303405400.0
2026-05-04,5800.0,5950.0,5800.0,5900.0,5877.22021484375,207566700.0
2026-05-05,5900.0,6075.0,5875.0,5950.0,5927.02685546875,179928300.0
2026-05-06,5950.0,6000.0,5900.0,5950.0,5927.02685546875,90843100.0
2026-05-07,6000.0,6325.0,6000.0,6225.0,6200.96533203125,238690900.0
2026-05-08,6225.0,6425.0,6175.0,6175.0,6151.158203125,201784700.0
2026-05-11,6225.0,6275.0,6100.0,6150.0,6126.2548828125,126301300.0
2026-05-12,6125.0,6150.0,6050.0,6125.0,6101.35107421875,107394400.0
2026-05-13,6125.0,6200.0,6025.0,6100.0,6076.44775390625,147339600.0
2026-05-14,6100.0,6100.0,6100.0,6100.0,6076.44775390625,0.0
2026-05-15,6100.0,6100.0,6100.0,6100.0,6076.44775390625,0.0
2026-05-18,5950.0,6125.0,5900.0,6125.0,6101.35107421875,208748400.0
2026-05-19,6050.0,6200.0,5950.0,5950.0,5927.02685546875,184830100.0
2026-05-20,5975.0,6100.0,5875.0,5975.0,5951.9306640625,195107100.0
2026-05-21,6000.0,6150.0,5925.0,5950.0,5927.02685546875,210976100.0
2026-05-22,5900.0,5975.0,5825.0,5900.0,5877.22021484375,288919700.0
2026-05-25,5950.0,6175.0,5925.0,6100.0,6076.44775390625,263179200.0
2026-05-26,6050.0,6100.0,5950.0,5975.0,5951.9306640625,225158700.0
2026-05-27,5975.0,5975.0,5975.0,5975.0,5951.9306640625,0.0
2026-05-28,5975.0,5975.0,5975.0,5975.0,5951.9306640625,0.0
2026-05-29,5750.0,5875.0,5700.0,5700.0,5677.9921875,1014028000.0
2026-06-02,5750.0,5875.0,5700.0,5825.0,5802.509765625,346305200.0
2026-06-03,5775.0,5825.0,5525.0,5525.0,5503.66796875,353332300.0
2026-06-04,5475.0,5600.0,5300.0,5425.0,5404.05419921875,550059500.0
2026-06-05,5325.0,5375.0,5075.0,5075.0,5055.4052734375,572612000.0
2026-06-08,4950.0,5050.0,4850.0,4850.0,4831.27392578125,705093300.0
2026-06-09,4850.0,5150.0,4820.0,5150.0,5130.11572265625,772898000.0
2026-06-10,5175.0,5700.0,5175.0,5650.0,5628.18505859375,747366000.0
2026-06-11,5650.0,5875.0,5550.0,5825.0,5802.509765625,543032300.0
2026-06-12,6000.0,6100.0,5900.0,5925.0,5902.12353515625,415872300.0
2026-06-15,6100.0,6425.0,6100.0,6275.0,6250.77197265625,480395000.0
2026-06-17,6400.0,6550.0,6275.0,6275.0,6250.77197265625,467494300.0
2026-06-18,6250.0,6275.0,6075.0,6075.0,6051.54443359375,232489300.0
2026-06-19,6050.0,6300.0,6050.0,6300.0,6275.67578125,366595500.0
2026-06-22,6400.0,6400.0,6125.0,6225.0,6200.96533203125,193401600.0
2026-06-23,6150.0,6200.0,6075.0,6125.0,6101.35107421875,144561900.0
2026-06-24,6125.0,6200.0,5925.0,5925.0,5902.12353515625,144928800.0
2026-06-25,5900.0,6175.0,5900.0,6025.0,6001.7373046875,197935000.0
2026-06-26,6050.0,6175.0,6025.0,6175.0,6151.158203125,163378700.0
2026-06-29,6175.0,6200.0,5925.0,5925.0,5902.12353515625,189886600.0
2026-06-30,5775.0,5825.0,5550.0,5550.0,5528.5712890625,440738300.0
2026-07-01,5550.0,5750.0,5550.0,5600.0,5578.37841796875,124123800.0
2026-07-02,5650.0,5875.0,5625.0,5800.0,5777.60595703125,145119400.0
2026-07-03,5925.0,6150.0,5900.0,6050.0,6026.64111328125,200465200.0
2026-07-06,6050.0,6175.0,5975.0,6125.0,6101.35107421875,148684900.0
2026-07-07,6200.0,6300.0,6150.0,6300.0,6275.67578125,183472100.0
2026-07-08,6300.0,6325.0,6175.0,6175.0,6151.158203125,181123400.0
2026-07-09,6100.0,6200.0,6050.0,6200.0,6176.0615234375,181155800.0
2026-07-10,6300.0,6300.0,6125.0,6175.0,6151.158203125,138050500.0
2026-07-13,6150.0,6250.0,6075.0,6225.0,6200.96533203125,180061600.0
2026-07-14,6225.0,6250.0,6075.0,6125.0,6101.35107421875,159868800.0
2026-07-15,6125.0,6200.0,6075.0,6125.0,6101.35107421875,140824900.0
2026-07-16,6125.0,6225.0,6100.0,6225.0,6200.96533203125,94235100.0
2026-07-17,6225.0,6500.0,6200.0,6475.0,6450.0,314564200.0
2026-07-20,6525.0,6625.0,6475.0,6475.0,6450.0,298183300.0
2026-07-21,6550.0,6550.0,6425.0,6525.0,6499.80712890625,146064700.0
2026-07-22,6525.0,6550.0,6400.0,6500.0,6474.9033203125,112178900.0
2026-07-23,6450.0,6475.0,6250.0,6275.0,6250.77197265625,207037900.0
2026-07-24,6200.0,6300.0,6125.0,6275.0,6250.77197265625,191428900.0
2026-07-27,6225.0,6325.0,6125.0,6300.0,6275.67578125,125142500.0
2026-07-28,6250.0,6300.0,6200.0,6225.0,6200.96533203125,122920300.0
2026-07-29,6175.0,6300.0,6175.0,6275.0,6250.77197265625,122379600.0
2026-07-30,6325.0,6450.0,6250.0,6450.0,6425.0966796875,152663200.0
2026-07-31,6425.0,6450.0,6325.0,6325.0,6300.5791015625,153174800.0
2026-08-03,6300.0,6325.0,6275.0,6300.0,6275.67578125,68143700.0
2026-08-04,6375.0,6500.0,6350.0,6500.0,6474.9033203125,138953100.0
2026-08-05,6500.0,6500.0,6425.0,6450.0,6425.0966796875,101666100.0
2026-08-06,6450.0,6475.0,6350.0,6350.0,6325.482421875,80734000.0
2026-08-07,6375.0,6450.0,6325.0,6375.0,6350.38623046875,111930800.0
2026-08-10,6400.0,6450.0,6350.0,6375.0,6350.38623046875,88666100.0
2026-08-11,6375.0,6400.0,6200.0,6300.0,6275.67578125,112490800.0
2026-08-12,6300.0,6350.0,6225.0,6350.0,6325.482421875,87177100.0
2026-08-13,6350.0,6375.0,6250.0,6375.0,6350.38623046875,83208000.0
2026-08-14,6300.0,6350.0,6275.0,6350.0,6325.482421875,56953500.0
2026-08-18,6375.0,6450.0,6300.0,6300.0,6275.67578125,114945500.0
2026-08-19,6300.0,6425.0,6300.0,6300.0,6275.67578125,68105000.0
2026-08-20,6350.0,6400.0,6300.0,6400.0,6375.28955078125,67749800.0
2026-08-21,6400.0,6475.0,6400.0,6450.0,6425.0966796875,100684300.0
2026-08-24,6450.0,6450.0,6350.0,6400.0,6375.28955078125,81295600.0
2026-08-26,6450.0,6450.0,6350.0,6350.0,6325.482421875,86115900.0
2026-08-27,6350.0,6425.0,6325.0,6400.0,6375.28955078125,60556000.0
2026-08-28,6425.0,6525.0,6400.0,6475.0,6450.0,156445200.0
2026-08-31,6450.0,6525.0,6400.0,6475.0,6475.0,230904500.0
2026-09-01,6450.0,6600.0,6425.0,6600.0,6600.0,117969900.0
2026-09-02,6650.0,6725.0,6600.0,6675.0,6675.0,100935400.0
2026-09-03,6700.0,6800.0,6625.0,6775.0,6775.0,112324100.0
2026-09-04,6800.0,6850.0,6675.0,6700.0,6700.0,93923500.0
2026-09-07,6750.0,6750.0,6600.0,6625.0,6625.0,65118000.0
2026-09-08,6600.0,6775.0,6575.0,6675.0,6675.0,108127600.0
2026-09-09,6700.0,6700.0,6500.0,6525.0,6525.0,193375100.0
2026-09-10,6575.0,6600.0,6425.0,6425.0,6425.0,196819200.0
2026-09-11,6400.0,6400.0,6250.0,6325.0,6325.0,187922700.0
2026-09-14,6325.0,6575.0,6275.0,6500.0,6500.0,218017200.0
2026-09-15,6500.0,6500.0,6350.0,6400.0,6400.0,95608200.0
2026-09-16,6350.0,6425.0,6325.0,6325.0,6325.0,72157400.0
2026-09-17,6400.0,6400.0,6325.0,6350.0,6350.0,61812000.0
2026-09-18,6325.0,6350.0,6225.0,6300.0,6300.0,176753700.0
2026-09-21,6300.0,6300.0,6225.0,6225.0,6225.0,69914100.0
2026-09-22,6225.0,6250.0,6175.0,6200.0,6200.0,93211200.0
