Date,Open,High,Low,Close,Adj Close,Volume
2016-09-22,2775.0,2800.0,2725.0,2787.5,1874.9781494140625,56785600
2016-09-23,2762.5,2787.5,2725.0,2762.5,1858.162353515625,56021000
2016-09-26,2787.5,2787.5,2750.0,2762.5,1858.162353515625,22779400
2016-09-27,2737.5,2812.5,2712.5,2800.0,1883.38623046875,75715400
2016-09-28,2800.0,2825.0,2775.0,2812.5,1891.794189453125,46971200
2016-09-29,2837.5,2837.5,2787.5,2800.0,1883.38623046875,22490200
2016-09-30,2800.0,2812.5,2750.0,2775.0,1866.5704345703125,46017000
2016-10-03,2800.0,2812.5,2775.0,2812.5,1891.794189453125,23626600
2016-10-04,2787.5,2812.5,2750.0,2787.5,1874.9781494140625,37721200
2016-10-05,2775.0,2787.5,2725.0,2762.5,1858.162353515625,46409400
2016-10-06,2762.5,2775.0,2675.0,2700.0,1816.12255859375,57628200
2016-10-07,2700.0,2700.0,2625.0,2650.0,1782.4903564453125,52964200
2016-10-10,2662.5,2675.0,2637.5,2650.0,1782.4903564453125,21297000
2016-10-11,2650.0,2675.0,2575.0,2600.0,1748.8587646484375,50950600
2016-10-12,2587.5,2600.0,2575.0,2587.5,1740.4508056640625,40623800
2016-10-13,2600.0,2712.5,2575.0,2687.5,1807.7144775390625,151527200
2016-10-14,2712.5,2750.0,2675.0,2737.5,1841.346435546875,71206000
2016-10-17,2725.0,2775.0,2712.5,2750.0,1849.7547607421875,48777400
2016-10-18,2737.5,2762.5,2687.5,2700.0,1816.12255859375,64476400
2016-10-19,2712.5,2725.0,2687.5,2700.0,1816.12255859375,38732400
2016-10-20,2725.0,2750.0,2712.5,2725.0,1832.9385986328125,28023800
2016-10-21,2712.5,2737.5,2712.5,2712.5,1824.5302734375,16972400
2016-10-24,2712.5,2750.0,2712.5,2725.0,1832.9385986328125,12904000
2016-10-25,2725.0,2750.0,2700.0,2737.5,1841.346435546875,26919200
2016-10-26,2737.5,2750.0,2712.5,2725.0,1832.9385986328125,39708800
2016-10-27,2737.5,2762.5,2700.0,2762.5,1858.162353515625,36726800
2016-10-28,2762.5,2775.0,2750.0,2762.5,1858.162353515625,25195200
2016-10-31,2775.0,2800.0,2762.5,2787.5,1874.9781494140625,27359600
2016-11-01,2800.0,2800.0,2750.0,2762.5,1858.162353515625,16872600
2016-11-02,2762.5,2762.5,2712.5,2762.5,1858.162353515625,20852000
2016-11-03,2737.5,2762.5,2725.0,2737.5,1841.346435546875,28545600
2016-11-04,2700.0,2812.5,2700.0,2800.0,1883.38623046875,40066000
2016-11-07,2775.0,2825.0,2750.0,2787.5,1874.9781494140625,42251400
2016-11-08,2812.5,2862.5,2787.5,2862.5,1925.4261474609375,50772000
2016-11-09,2850.0,2850.0,2700.0,2787.5,1874.9781494140625,80248800
2016-11-10,2812.5,2825.0,2775.0,2787.5,1874.9781494140625,39344400
2016-11-11,2725.0,2725.0,2512.5,2575.0,1732.0428466796875,147343200
2016-11-14,2525.0,2625.0,2405.0,2562.5,1723.6346435546875,77205800
2016-11-15,2562.5,2625.0,2500.0,2500.0,1681.5948486328125,94661400
2016-11-16,2537.5,2662.5,2537.5,2612.5,1757.2669677734375,85505200
2016-11-17,2612.5,2662.5,2600.0,2612.5,1757.2669677734375,47763000
2016-11-18,2650.0,2650.0,2600.0,2612.5,1757.2669677734375,27620400
2016-11-21,2650.0,2650.0,2600.0,2600.0,1748.8587646484375,46062400
2016-11-22,2600.0,2625.0,2575.0,2625.0,1765.674560546875,29017600
2016-11-23,2600.0,2612.5,2550.0,2562.5,1723.6346435546875,67469000
2016-11-24,2550.0,2587.5,2500.0,2500.0,1681.5948486328125,57387600
2016-11-25,2500.0,2575.0,2500.0,2512.5,1690.0028076171875,20519800
2016-11-28,2512.5,2550.0,2512.5,2537.5,1706.81884765625,15719400
2016-11-29,2537.5,2600.0,2537.5,2550.0,1715.2269287109375,21526000
2016-11-30,2575.0,2637.5,2562.5,2587.5,1740.4508056640625,52320200
2016-12-01,2600.0,2650.0,2600.0,2637.5,1774.0826416015625,40543400
2016-12-02,2650.0,2675.0,2625.0,2650.0,1782.4903564453125,20305200
2016-12-05,2637.5,2687.5,2637.5,2662.5,1790.898681640625,27042200
2016-12-06,2700.0,2700.0,2662.5,2687.5,1807.7144775390625,30842800
2016-12-07,2675.0,2712.5,2662.5,2675.0,1799.306640625,19935600
2016-12-08,2687.5,2712.5,2675.0,2712.5,1824.5302734375,24786400
2016-12-09,2750.0,2762.5,2700.0,2737.5,1841.346435546875,10871000
2016-12-13,2700.0,2762.5,2700.0,2737.5,1841.346435546875,42354800
2016-12-14,2775.0,2775.0,2725.0,2737.5,1841.346435546875,21261800
2016-12-15,2700.0,2737.5,2675.0,2700.0,1816.12255859375,24828000
2016-12-16,2750.0,2750.0,2675.0,2675.0,1799.306640625,41465400
2016-12-19,2712.5,2750.0,2687.5,2712.5,1824.5302734375,32474200
2016-12-20,2750.0,2750.0,2675.0,2700.0,1816.12255859375,17226400
2016-12-21,2725.0,2737.5,2675.0,2675.0,1799.306640625,32095000
2016-12-22,2712.5,2725.0,2637.5,2650.0,1782.4903564453125,16088400
2016-12-23,2637.5,2700.0,2612.5,2625.0,1765.674560546875,18293400
2016-12-27,2600.0,2650.0,2600.0,2625.0,1765.674560546875,7868400
2016-12-28,2625.0,2725.0,2625.0,2687.5,1807.7144775390625,27567000
2016-12-29,2687.5,2762.5,2687.5,2737.5,1841.346435546875,38823600
2016-12-30,2750.0,2825.0,2725.0,2762.5,1858.162353515625,56855600
2017-01-02,2762.5,2762.5,2762.5,2762.5,1858.162353515625,0
2017-01-03,2762.5,2762.5,2725.0,2737.5,1841.346435546875,13421000
2017-01-04,2750.0,2800.0,2737.5,2800.0,1883.38623046875,42813200
2017-01-05,2825.0,2825.0,2775.0,2812.5,1891.794189453125,21081800
2017-01-06,2800.0,2837.5,2787.5,2800.0,1883.38623046875,23327000
2017-01-09,2825.0,2837.5,2775.0,2775.0,1866.5704345703125,11181400
2017-01-10,2812.5,2812.5,2775.0,2800.0,1883.38623046875,18516800
2017-01-11,2812.5,2812.5,2787.5,2800.0,1883.38623046875,24233200
2017-01-12,2812.5,2812.5,2775.0,2775.0,1866.5704345703125,10459600
2017-01-13,2775.0,2800.0,2700.0,2737.5,1841.346435546875,21799800
2017-01-16,2762.5,2812.5,2737.5,2737.5,1841.346435546875,34845200
2017-01-17,2737.5,2775.0,2737.5,2762.5,1858.162353515625,36704400
2017-01-18,2787.5,2787.5,2762.5,2787.5,1874.9781494140625,41365400
2017-01-19,2787.5,2800.0,2725.0,2725.0,1832.9385986328125,24863600
2017-01-20,2737.5,2762.5,2725.0,2725.0,1832.9385986328125,22994600
2017-01-23,2750.0,2787.5,2725.0,2762.5,1858.162353515625,35973800
2017-01-24,2775.0,2787.5,2750.0,2775.0,1866.5704345703125,20096600
2017-01-25,2800.0,2800.0,2750.0,2750.0,1849.7547607421875,51693400
2017-01-26,2775.0,2812.5,2762.5,2800.0,1883.38623046875,65486200
2017-01-27,2800.0,2900.0,2787.5,2875.0,1933.83447265625,121405400
2017-01-30,2887.5,2900.0,2850.0,2862.5,1925.4261474609375,56967600
2017-01-31,2850.0,2862.5,2812.5,2850.0,1917.01806640625,39560600
2017-02-01,2850.0,2975.0,2837.5,2975.0,2001.09765625,139906000
2017-02-02,2987.5,3037.5,2975.0,3012.5,2026.3218994140625,86636200
2017-02-03,3000.0,3012.5,2975.0,2987.5,2009.505859375,36413600
2017-02-06,3025.0,3075.0,3000.0,3012.5,2026.3218994140625,49930600
2017-02-07,3012.5,3050.0,3012.5,3050.0,2051.545654296875,50780200
2017-02-08,3062.5,3087.5,3037.5,3062.5,2059.95361328125,104383600
2017-02-09,3087.5,3125.0,3075.0,3100.0,2085.177490234375,130720800
2017-02-10,3125.0,3137.5,3100.0,3125.0,2101.993896484375,88864600
2017-02-13,3150.0,3150.0,3125.0,3150.0,2118.8095703125,57634200
2017-02-14,3150.0,3162.5,3087.5,3150.0,2118.8095703125,46191600
2017-02-15,3150.0,3150.0,3150.0,3150.0,2118.8095703125,0
2017-02-16,3125.0,3137.5,3062.5,3100.0,2085.177490234375,88349000
2017-02-17,3150.0,3150.0,3100.0,3150.0,2118.8095703125,34119000
2017-02-20,3125.0,3150.0,3100.0,3137.5,2110.4013671875,32296800
2017-02-21,3150.0,3150.0,3100.0,3137.5,2110.4013671875,39851600
2017-02-22,3137.5,3150.0,3100.0,3137.5,2110.4013671875,41170800
2017-02-23,3125.0,3162.5,3112.5,3162.5,2127.2177734375,26113000
2017-02-24,3175.0,3187.5,3137.5,3175.0,2135.6259765625,37439800
2017-02-27,3175.0,3175.0,3062.5,3087.5,2076.769775390625,62320000
2017-02-28,3100.0,3137.5,3087.5,3125.0,2101.993896484375,37481000
2017-03-01,3075.0,3125.0,3075.0,3112.5,2093.585693359375,43642400
2017-03-02,3137.5,3175.0,3112.5,3112.5,2093.585693359375,40377000
2017-03-03,3150.0,3175.0,3125.0,3175.0,2135.6259765625,50498600
2017-03-06,3175.0,3175.0,3137.5,3150.0,2118.8095703125,28593800
2017-03-07,3175.0,3175.0,3125.0,3150.0,2118.8095703125,36690400
2017-03-08,3150.0,3150.0,3125.0,3137.5,2110.4013671875,26250000
2017-03-09,3200.0,3200.0,3137.5,3200.0,2152.44140625,22003000
2017-03-10,3200.0,3212.5,3150.0,3150.0,2118.8095703125,25122600
2017-03-13,3225.0,3225.0,3150.0,3175.0,2135.6259765625,40875000
2017-03-14,3200.0,3212.5,3162.5,3187.5,2144.03369140625,16369200
2017-03-15,3150.0,3212.5,3150.0,3200.0,2152.44140625,41721200
2017-03-16,3225.0,3300.0,3200.0,3300.0,2219.70556640625,87940800
2017-03-17,3325.0,3350.0,3287.5,3350.0,2253.3369140625,77644200
2017-03-20,3300.0,3387.5,3275.0,3300.0,2219.70556640625,43940200
2017-03-21,3300.0,3312.5,3225.0,3287.5,2211.297119140625,58168800
2017-03-22,3275.0,3300.0,3212.5,3300.0,2219.70556640625,94426200
2017-03-23,3337.5,3475.0,3325.0,3450.0,2320.601318359375,109918400
2017-03-24,3375.0,3412.5,3350.0,3400.0,2359.747314453125,40437600
2017-03-27,3262.5,3387.5,3237.5,3262.5,2264.316650390625,69825000
2017-03-29,3262.5,3375.0,3262.5,3300.0,2290.34326171875,70928600
2017-03-30,3187.5,3312.5,3175.0,3187.5,2212.263427734375,95210600
2017-03-31,3200.0,3237.5,3187.5,3237.5,2246.965576171875,98190600
2017-04-03,3200.0,3250.0,3200.0,3225.0,2238.289794921875,37513400
2017-04-04,3250.0,3300.0,3225.0,3275.0,2272.9921875,28773800
2017-04-05,3287.5,3300.0,3262.5,3287.5,2281.667236328125,34305400
2017-04-06,3287.5,3350.0,3262.5,3350.0,2325.045166015625,42290200
2017-04-07,3300.0,3312.5,3225.0,3237.5,2246.965576171875,69664000
2017-04-10,3237.5,3287.5,3212.5,3225.0,2238.289794921875,55668000
2017-04-11,3225.0,3225.0,3162.5,3187.5,2212.263427734375,43714200
2017-04-12,3200.0,3212.5,3150.0,3187.5,2212.263427734375,49709200
2017-04-13,3200.0,3212.5,3125.0,3137.5,2177.56103515625,107989600
2017-04-17,3137.5,3150.0,3087.5,3125.0,2168.885498046875,35810200
2017-04-18,3150.0,3187.5,3137.5,3175.0,2203.587646484375,44421200
2017-04-19,3175.0,3175.0,3175.0,3175.0,2203.587646484375,0
2017-04-20,3125.0,3125.0,3062.5,3125.0,2168.885498046875,99001000
2017-04-21,3125.0,3137.5,3037.5,3075.0,2134.183349609375,108255200
2017-04-25,3075.0,3125.0,3062.5,3100.0,2151.534423828125,114931600
2017-04-26,3125.0,3225.0,3125.0,3200.0,2220.93896484375,88643800
2017-04-27,3187.5,3212.5,3175.0,3187.5,2212.263427734375,30487600
2017-04-28,3162.5,3200.0,3162.5,3187.5,2212.263427734375,29885600
2017-05-02,3212.5,3225.0,3187.5,3212.5,2229.614501953125,25304000
2017-05-03,3225.0,3225.0,3187.5,3200.0,2220.93896484375,22819000
2017-05-04,3200.0,3312.5,3200.0,3312.5,2299.018798828125,53207000
2017-05-05,3287.5,3312.5,3275.0,3287.5,2281.667236328125,33947600
2017-05-08,3312.5,3400.0,3300.0,3362.5,2333.720947265625,52663600
2017-05-09,3400.0,3400.0,3312.5,3325.0,2307.694580078125,66973800
2017-05-10,3337.5,3375.0,3275.0,3287.5,2281.667236328125,62057000
2017-05-12,3362.5,3362.5,3287.5,3337.5,2316.369873046875,25568400
2017-05-15,3350.0,3350.0,3250.0,3262.5,2264.316650390625,16491800
2017-05-16,3300.0,3300.0,3225.0,3275.0,2272.9921875,38206000
2017-05-17,3275.0,3300.0,3200.0,3250.0,2255.640869140625,49303400
2017-05-18,3200.0,3300.0,3187.5,3262.5,2264.316650390625,70218600
2017-05-19,3250.0,3600.0,3250.0,3350.0,2325.045166015625,78460600
2017-05-22,3437.5,3475.0,3362.5,3412.5,2368.4228515625,86980000
2017-05-23,3350.0,3400.0,3275.0,3287.5,2281.667236328125,73723600
2017-05-24,3237.5,3325.0,3225.0,3262.5,2264.316650390625,39729400
2017-05-26,3300.0,3300.0,3225.0,3237.5,2246.965576171875,60636600
2017-05-29,3237.5,3262.5,3237.5,3262.5,2264.316650390625,22523800
2017-05-30,3287.5,3287.5,3237.5,3262.5,2264.316650390625,22183400
2017-05-31,3237.5,3275.0,3237.5,3275.0,2272.9921875,64066000
2017-06-01,3275.0,3275.0,3275.0,3275.0,2272.9921875,0
2017-06-02,3287.5,3300.0,3200.0,3225.0,2238.289794921875,66151400
2017-06-05,3200.0,3262.5,3200.0,3237.5,2246.965576171875,26167200
2017-06-06,3225.0,3262.5,3225.0,3250.0,2255.640869140625,15752200
2017-06-07,3212.5,3250.0,3212.5,3237.5,2246.965576171875,16201200
2017-06-08,3212.5,3237.5,3200.0,3225.0,2238.289794921875,41492000
2017-06-09,3200.0,3225.0,3175.0,3200.0,2220.93896484375,64262400
2017-06-12,3187.5,3225.0,3187.5,3225.0,2238.289794921875,17724600
2017-06-13,3200.0,3250.0,3200.0,3225.0,2238.289794921875,36639000
2017-06-14,3225.0,3250.0,3212.5,3250.0,2255.640869140625,29828400
2017-06-15,3237.5,3300.0,3237.5,3287.5,2281.667236328125,27510600
2017-06-16,3262.5,3325.0,3250.0,3250.0,2255.640869140625,54740000
2017-06-19,3250.0,3287.5,3250.0,3275.0,2272.9921875,23813000
2017-06-20,3287.5,3387.5,3275.0,3350.0,2325.045166015625,43861400
2017-06-21,3325.0,3325.0,3287.5,3312.5,2299.018798828125,50395400
2017-06-22,3337.5,3337.5,3262.5,3300.0,2290.34326171875,67970200
2017-06-23,3300.0,3300.0,3300.0,3300.0,2290.34326171875,0
2017-06-26,3300.0,3300.0,3300.0,3300.0,2290.34326171875,0
2017-06-27,3300.0,3300.0,3300.0,3300.0,2290.34326171875,0
2017-06-28,3300.0,3300.0,3300.0,3300.0,2290.34326171875,0
2017-06-29,3300.0,3300.0,3300.0,3300.0,2290.34326171875,0
2017-06-30,3300.0,3300.0,3300.0,3300.0,2290.34326171875,0
2017-07-03,3300.0,3350.0,3275.0,3300.0,2290.34326171875,78688000
2017-07-04,3312.5,3337.5,3275.0,3287.5,2281.667236328125,40810000
2017-07-05,3300.0,3325.0,3287.5,3325.0,2307.694580078125,32820000
2017-07-06,3312.5,3387.5,3312.5,3387.5,2351.072021484375,36769400
2017-07-07,3350.0,3412.5,3350.0,3362.5,2333.720947265625,46046200
2017-07-10,3350.0,3437.5,3312.5,3425.0,2377.098388671875,33435800
2017-07-11,3425.0,3487.5,3412.5,3450.0,2394.44970703125,56502800
2017-07-12,3450.0,3525.0,3437.5,3500.0,2429.15185546875,46648600
2017-07-13,3525.0,3550.0,3462.5,3512.5,2437.827392578125,41157200
2017-07-14,3512.5,3550.0,3500.0,3550.0,2463.85400390625,29511000
2017-07-17,3537.5,3550.0,3487.5,3512.5,2437.827392578125,27866400
2017-07-18,3487.5,3525.0,3462.5,3500.0,2429.15185546875,42780000
2017-07-19,3475.0,3525.0,3475.0,3500.0,2429.15185546875,9804400
2017-07-20,3500.0,3500.0,3462.5,3475.0,2411.80078125,34954600
2017-07-21,3450.0,3487.5,3437.5,3475.0,2411.80078125,14910000
2017-07-24,3500.0,3537.5,3475.0,3525.0,2446.503173828125,32003200
2017-07-25,3537.5,3550.0,3512.5,3550.0,2463.85400390625,18762400
2017-07-26,3512.5,3575.0,3512.5,3575.0,2481.205078125,17456600
2017-07-27,3587.5,3650.0,3550.0,3650.0,2533.258544921875,43950400
2017-07-28,3637.5,3675.0,3625.0,3675.0,2550.609375,31100000
2017-07-31,3675.0,3725.0,3637.5,3725.0,2585.311279296875,39497000
2017-08-01,3712.5,3712.5,3625.0,3625.0,2515.90771484375,34837800
2017-08-02,3637.5,3650.0,3575.0,3637.5,2524.582763671875,21540400
2017-08-03,3625.0,3650.0,3587.5,3587.5,2489.880615234375,12995800
2017-08-04,3625.0,3650.0,3612.5,3637.5,2524.582763671875,22174200
2017-08-07,3575.0,3650.0,3575.0,3587.5,2489.880615234375,19663600
2017-08-08,3587.5,3637.5,3562.5,3612.5,2507.231689453125,27112600
2017-08-09,3650.0,3650.0,3600.0,3637.5,2524.582763671875,30474600
2017-08-10,3650.0,3675.0,3625.0,3637.5,2524.582763671875,51320800
2017-08-11,3662.5,3662.5,3612.5,3637.5,2524.582763671875,32354600
2017-08-14,3662.5,3675.0,3637.5,3650.0,2533.258544921875,37100400
2017-08-15,3675.0,3725.0,3662.5,3700.0,2567.96044921875,41808200
2017-08-16,3725.0,3725.0,3662.5,3700.0,2567.96044921875,34834000
2017-08-17,3700.0,3700.0,3700.0,3700.0,2567.96044921875,0
2017-08-18,3675.0,3725.0,3662.5,3700.0,2567.96044921875,50459600
2017-08-21,3712.5,3725.0,3675.0,3700.0,2567.96044921875,35679000
2017-08-22,3662.5,3700.0,3662.5,3700.0,2567.96044921875,31880800
2017-08-23,3712.5,3725.0,3662.5,3700.0,2567.96044921875,20972400
2017-08-24,3725.0,3725.0,3687.5,3712.5,2576.6357421875,29051400
2017-08-25,3725.0,3725.0,3675.0,3712.5,2576.6357421875,15856800
2017-08-28,3687.5,3712.5,3675.0,3687.5,2559.28515625,14060200
2017-08-29,3700.0,3700.0,3650.0,3675.0,2550.609375,28986000
2017-08-30,3650.0,3687.5,3625.0,3675.0,2550.609375,34258200
2017-08-31,3650.0,3687.5,3650.0,3675.0,2550.609375,19382600
2017-09-01,3675.0,3675.0,3675.0,3675.0,2550.609375,0
2017-09-04,3650.0,3662.5,3562.5,3600.0,2498.55615234375,21464800
2017-09-05,3600.0,3612.5,3537.5,3612.5,2507.231689453125,21064200
2017-09-06,3575.0,3625.0,3537.5,3600.0,2498.55615234375,35728200
2017-09-07,3575.0,3650.0,3562.5,3650.0,2533.258544921875,28816600
2017-09-08,3575.0,3637.5,3575.0,3612.5,2507.231689453125,34090800
2017-09-11,3600.0,3625.0,3600.0,3612.5,2507.231689453125,10727800
2017-09-12,3637.5,3637.5,3600.0,3625.0,2515.90771484375,55121600
2017-09-13,3600.0,3637.5,3600.0,3625.0,2515.90771484375,15760000
2017-09-14,3625.0,3625.0,3587.5,3625.0,2515.90771484375,22083200
2017-09-15,3587.5,3650.0,3587.5,3637.5,2524.582763671875,58041000
2017-09-18,3650.0,3650.0,3612.5,3625.0,2515.90771484375,36413200
2017-09-19,3637.5,3675.0,3625.0,3675.0,2550.609375,22051400
2017-09-20,3675.0,3687.5,3650.0,3687.5,2559.28515625,24931800
2017-09-21,3687.5,3687.5,3687.5,3687.5,2559.28515625,0
2017-09-22,3687.5,3750.0,3662.5,3737.5,2593.9873046875,55570800
2017-09-25,3750.0,3787.5,3737.5,3750.0,2602.66259765625,19905000
2017-09-26,3787.5,3787.5,3700.0,3700.0,2567.96044921875,26820400
2017-09-27,3712.5,3712.5,3625.0,3637.5,2524.582763671875,45995600
2017-09-28,3625.0,3675.0,3612.5,3650.0,2533.258544921875,30117200
2017-09-29,3675.0,3725.0,3662.5,3700.0,2567.96044921875,36827000
2017-10-02,3750.0,3787.5,3700.0,3737.5,2593.9873046875,16754200
2017-10-03,3762.5,3875.0,3750.0,3825.0,2654.715576171875,44025600
2017-10-04,3850.0,3850.0,3787.5,3812.5,2646.0400390625,24178600
2017-10-05,3850.0,3850.0,3737.5,3750.0,2602.66259765625,36479800
2017-10-06,3775.0,3775.0,3712.5,3712.5,2576.6357421875,22916600
2017-10-09,3762.5,3762.5,3675.0,3687.5,2559.28515625,16586600
2017-10-10,3687.5,3725.0,3650.0,3650.0,2533.258544921875,33340000
2017-10-11,3650.0,3687.5,3637.5,3650.0,2533.258544921875,38843400
2017-10-12,3675.0,3775.0,3650.0,3750.0,2602.66259765625,84402000
2017-10-13,3787.5,3825.0,3775.0,3812.5,2646.0400390625,32849600
2017-10-16,3812.5,3812.5,3750.0,3762.5,2611.338134765625,30412000
2017-10-17,3787.5,3800.0,3750.0,3775.0,2620.013671875,24675600
2017-10-18,3812.5,3850.0,3787.5,3825.0,2654.715576171875,37451200
2017-10-19,3850.0,3850.0,3800.0,3837.5,2663.39111328125,26468400
2017-10-20,3825.0,3837.5,3787.5,3825.0,2654.715576171875,35181800
2017-10-23,3825.0,3850.0,3775.0,3775.0,2620.013671875,19664800
2017-10-24,3812.5,3812.5,3762.5,3775.0,2620.013671875,28144400
2017-10-25,3800.0,3825.0,3762.5,3800.0,2637.364990234375,31484200
2017-10-26,3825.0,3862.5,3800.0,3800.0,2637.364990234375,43112200
2017-10-27,3850.0,3875.0,3837.5,3850.0,2672.066650390625,51126400
2017-10-30,3875.0,3875.0,3800.0,3800.0,2637.364990234375,15308000
2017-10-31,3850.0,3850.0,3787.5,3800.0,2637.364990234375,28586200
2017-11-01,3825.0,3962.5,3825.0,3962.5,2750.146728515625,66702600
2017-11-02,3962.5,4000.0,3912.5,3912.5,2715.445068359375,22962000
2017-11-03,3925.0,3925.0,3875.0,3875.0,2689.418212890625,23064200
2017-11-06,3900.0,3925.0,3850.0,3850.0,2672.066650390625,32297000
2017-11-07,3887.5,3975.0,3887.5,3975.0,2758.822509765625,30663000
2017-11-08,3987.5,4000.0,3925.0,3937.5,2732.796142578125,24461600
2017-11-09,3937.5,3987.5,3925.0,3987.5,2767.498046875,24000400
2017-11-10,4000.0,4012.5,3962.5,3987.5,2767.498046875,18561000
2017-11-13,3987.5,3987.5,3912.5,3925.0,2724.120361328125,40349400
2017-11-14,3925.0,3950.0,3925.0,3937.5,2732.796142578125,29833400
2017-11-15,3925.0,3925.0,3825.0,3837.5,2663.39111328125,42070400
2017-11-16,3875.0,3987.5,3837.5,3937.5,2732.796142578125,33774000
2017-11-17,3937.5,4125.0,3937.5,4087.5,2836.90234375,32994200
2017-11-20,4087.5,4125.0,3987.5,3987.5,2767.498046875,22218200
2017-11-21,4025.0,4025.0,3950.0,3962.5,2750.146728515625,20395800
2017-11-22,3987.5,4125.0,3987.5,4125.0,2862.928955078125,56956400
2017-11-23,4100.0,4137.5,4100.0,4112.5,2854.253662109375,15367600
2017-11-24,4162.5,4162.5,4087.5,4112.5,2854.253662109375,16894600
2017-11-27,4137.5,4137.5,4050.0,4075.0,2828.2265625,19265800
2017-11-28,4050.0,4200.0,4025.0,4200.0,2914.982421875,39602200
2017-11-29,4187.5,4200.0,4125.0,4200.0,2914.982421875,27398000
2017-11-30,4162.5,4200.0,4050.0,4050.0,2810.8759765625,46617800
2017-12-01,4050.0,4050.0,4050.0,4050.0,2810.8759765625,0
2017-12-04,4137.5,4150.0,4100.0,4112.5,2854.253662109375,39724000
2017-12-05,4150.0,4225.0,4137.5,4225.0,2932.33349609375,29186000
2017-12-06,4237.5,4312.5,4200.0,4262.5,2958.360107421875,31801600
2017-12-07,4225.0,4300.0,4212.5,4262.5,2958.360107421875,19778000
2017-12-08,4287.5,4425.0,4275.0,4425.0,3071.1416015625,57970000
2017-12-11,4425.0,4450.0,4412.5,4450.0,3088.492919921875,37139000
2017-12-12,4400.0,4487.5,4400.0,4400.0,3053.790771484375,23971400
2017-12-13,4375.0,4587.5,4375.0,4550.0,3157.89697265625,35945600
2017-12-14,4550.0,4625.0,4550.0,4612.5,3201.27490234375,34487600
2017-12-15,4575.0,4687.5,4562.5,4687.5,3253.328125,45623800
2017-12-18,4650.0,4675.0,4550.0,4650.0,3227.302001953125,34211200
2017-12-19,4650.0,4825.0,4637.5,4762.5,3305.38134765625,24860400
2017-12-20,4700.0,4800.0,4675.0,4762.5,3305.38134765625,33156400
2017-12-21,4825.0,4962.5,4775.0,4925.0,3418.1640625,59538000
2017-12-22,4925.0,4987.5,4800.0,4925.0,3418.1640625,135247200
2017-12-25,4925.0,4925.0,4925.0,4925.0,3418.1640625,0
2017-12-26,4925.0,4925.0,4925.0,4925.0,3418.1640625,0
2017-12-27,4925.0,4975.0,4875.0,4950.0,3435.514892578125,30633200
2017-12-28,4975.0,4987.5,4925.0,4962.5,3444.190185546875,211920600
2017-12-29,4950.0,5000.0,4900.0,4950.0,3435.514892578125,88298600
2018-01-01,4950.0,4950.0,4950.0,4950.0,3435.514892578125,0
2018-01-02,4950.0,5000.0,4837.5,4887.5,3392.137451171875,24868000
2018-01-03,4887.5,4900.0,4687.5,4712.5,3270.679931640625,53786400
2018-01-04,4675.0,4712.5,4575.0,4700.0,3262.00390625,50780200
2018-01-05,4700.0,4725.0,4625.0,4650.0,3227.302001953125,46092600
2018-01-08,4650.0,4687.5,4637.5,4650.0,3227.302001953125,41349400
2018-01-09,4650.0,4662.5,4625.0,4650.0,3227.302001953125,28577200
2018-01-10,4650.0,4662.5,4612.5,4637.5,3218.626220703125,49823600
2018-01-11,4637.5,4675.0,4600.0,4637.5,3218.626220703125,53450000
2018-01-12,4637.5,4675.0,4637.5,4637.5,3218.626220703125,47965600
2018-01-15,4650.0,4812.5,4650.0,4750.0,3296.7060546875,58879800
2018-01-16,4775.0,4825.0,4762.5,4800.0,3331.408203125,40633200
2018-01-17,4800.0,4825.0,4762.5,4800.0,3331.408203125,51065400
2018-01-18,4825.0,4837.5,4700.0,4750.0,3296.7060546875,41036600
2018-01-19,4775.0,4775.0,4650.0,4712.5,3270.679931640625,48248000
2018-01-22,4700.0,4725.0,4662.5,4700.0,3262.00390625,48618200
2018-01-23,4725.0,4825.0,4712.5,4825.0,3348.75927734375,33345800
2018-01-24,4800.0,4875.0,4787.5,4862.5,3374.785888671875,31866000
2018-01-25,4875.0,4875.0,4775.0,4800.0,3331.408203125,31179800
2018-01-26,4800.0,4862.5,4800.0,4800.0,3331.408203125,18113800
2018-01-29,4800.0,4812.5,4650.0,4750.0,3296.7060546875,43650600
2018-01-30,4712.5,4725.0,4612.5,4612.5,3201.27490234375,52189600
2018-01-31,4600.0,4700.0,4562.5,4700.0,3262.00390625,48221400
2018-02-01,4675.0,4725.0,4650.0,4662.5,3235.976806640625,38814200
2018-02-02,4700.0,4700.0,4637.5,4650.0,3227.302001953125,28083000
2018-02-05,4550.0,4650.0,4525.0,4637.5,3218.626220703125,42141600
2018-02-06,4487.5,4587.5,4462.5,4537.5,3149.221923828125,66860400
2018-02-07,4562.5,4775.0,4562.5,4775.0,3314.056884765625,67478600
2018-02-08,4775.0,4775.0,4712.5,4750.0,3296.7060546875,50903000
2018-02-09,4675.0,4750.0,4625.0,4712.5,3270.679931640625,38761800
2018-02-12,4700.0,4762.5,4700.0,4762.5,3305.38134765625,20123800
2018-02-13,4787.5,4900.0,4787.5,4850.0,3366.1103515625,56807200
2018-02-14,4837.5,4862.5,4837.5,4850.0,3366.1103515625,27068800
2018-02-15,4850.0,4862.5,4775.0,4812.5,3340.08349609375,22594000
2018-02-16,4812.5,4812.5,4812.5,4812.5,3340.08349609375,0
2018-02-19,4812.5,4937.5,4812.5,4937.5,3426.8388671875,31345000
2018-02-20,4937.5,4975.0,4925.0,4962.5,3444.190185546875,36932000
2018-02-21,4962.5,5087.5,4950.0,5087.5,3530.94580078125,50223200
2018-02-22,5087.5,5087.5,4875.0,4887.5,3392.137451171875,33322000
2018-02-23,4937.5,4962.5,4900.0,4925.0,3418.1640625,30031800
2018-02-26,4925.0,4937.5,4875.0,4912.5,3409.48828125,15133000
2018-02-27,4912.5,4975.0,4912.5,4912.5,3409.48828125,23121200
2018-02-28,4875.0,4887.5,4787.5,4862.5,3374.785888671875,37228800
2018-03-01,4825.0,4937.5,4812.5,4812.5,3340.08349609375,29107800
2018-03-02,4812.5,4812.5,4750.0,4762.5,3305.38134765625,33001400
2018-03-05,4712.5,4787.5,4712.5,4775.0,3314.056884765625,30119000
2018-03-06,4775.0,4787.5,4575.0,4587.5,3183.923828125,38385800
2018-03-07,4625.0,4625.0,4412.5,4537.5,3149.221923828125,46561200
2018-03-08,4612.5,4675.0,4575.0,4675.0,3244.65283203125,44365200
2018-03-09,4687.5,4700.0,4587.5,4700.0,3262.00390625,18643400
2018-03-12,4725.0,4750.0,4662.5,4675.0,3244.65283203125,22744600
2018-03-13,4687.5,4725.0,4625.0,4625.0,3209.95068359375,34127400
2018-03-14,4575.0,4725.0,4562.5,4725.0,3279.3544921875,28243800
2018-03-15,4725.0,4725.0,4637.5,4700.0,3262.00390625,23676600
2018-03-16,4700.0,4762.5,4512.5,4762.5,3305.38134765625,56727000
2018-03-19,4775.0,4800.0,4712.5,4800.0,3331.408203125,16168000
2018-03-20,4800.0,4800.0,4600.0,4625.0,3209.95068359375,31426800
2018-03-21,4600.0,4662.5,4600.0,4637.5,3218.626220703125,53244600
2018-03-22,4662.5,4675.0,4437.5,4450.0,3088.492919921875,65698800
2018-03-23,4350.0,4387.5,4312.5,4362.5,3027.76416015625,53481400
2018-03-26,4362.5,4600.0,4362.5,4575.0,3175.248779296875,32974600
2018-03-27,4600.0,4675.0,4537.5,4600.0,3192.599609375,44409200
2018-03-28,4500.0,4500.0,4275.0,4325.0,3087.50146484375,49024600
2018-03-29,4387.5,4387.5,4212.5,4337.5,3096.425048828125,38270000
2018-03-30,4337.5,4337.5,4337.5,4337.5,3096.425048828125,0
2018-04-02,4362.5,4362.5,4312.5,4362.5,3114.271484375,13011400
2018-04-03,4337.5,4362.5,4300.0,4312.5,3078.577880859375,29600400
2018-04-04,4325.0,4350.0,4125.0,4137.5,2953.650146484375,45351800
2018-04-05,4200.0,4225.0,4075.0,4100.0,2926.8798828125,43163200
2018-04-06,4100.0,4200.0,4075.0,4150.0,2962.573974609375,29745000
2018-04-09,4150.0,4262.5,4150.0,4250.0,3033.9609375,22361400
2018-04-10,4275.0,4412.5,4262.5,4362.5,3114.271484375,39371400
2018-04-11,4425.0,4437.5,4287.5,4287.5,3060.731689453125,27757600
2018-04-12,4325.0,4362.5,4262.5,4325.0,3087.50146484375,16139400
2018-04-13,4350.0,4425.0,4337.5,4412.5,3149.965087890625,17638400
2018-04-16,4412.5,4412.5,4412.5,4412.5,3149.965087890625,0
2018-04-17,4412.5,4412.5,4412.5,4412.5,3149.965087890625,0
2018-04-18,4475.0,4500.0,4350.0,4387.5,3132.11865234375,42338600
2018-04-19,4387.5,4387.5,4387.5,4387.5,3132.11865234375,0
2018-04-20,4387.5,4387.5,4387.5,4387.5,3132.11865234375,0
2018-04-23,4362.5,4412.5,4312.5,4362.5,3114.271484375,44285800
2018-04-24,4362.5,4387.5,4175.0,4187.5,2989.343994140625,47569000
2018-04-25,4187.5,4187.5,4187.5,4187.5,2989.343994140625,0
2018-04-26,4187.5,4187.5,4187.5,4187.5,2989.343994140625,0
2018-04-27,4187.5,4187.5,4187.5,4187.5,2989.343994140625,0
2018-04-30,4075.0,4112.5,4025.0,4025.0,2873.33984375,46437600
2018-05-01,4025.0,4025.0,4025.0,4025.0,2873.33984375,0
2018-05-02,4025.0,4075.0,3962.5,4000.0,2855.49267578125,26325800
2018-05-03,3987.5,3987.5,3850.0,3862.5,2757.335205078125,32683400
2018-05-04,3775.0,3837.5,3650.0,3737.5,2668.100830078125,47915000
2018-05-07,3737.5,3775.0,3662.5,3662.5,2614.560546875,45072800
2018-05-08,3662.5,3687.5,3600.0,3662.5,2614.560546875,34080000
2018-05-09,3687.5,4037.5,3675.0,4025.0,2873.33984375,84378800
2018-05-10,4025.0,4025.0,4025.0,4025.0,2873.33984375,0
2018-05-11,4075.0,4275.0,4075.0,4137.5,2953.650146484375,59191400
2018-05-14,4025.0,4162.5,4025.0,4100.0,2926.8798828125,25569800
2018-05-15,4100.0,4137.5,4025.0,4037.5,2882.2626953125,25320200
2018-05-16,3987.5,4062.5,3800.0,4000.0,2855.49267578125,58816400
2018-05-17,4000.0,4050.0,3900.0,3900.0,2784.105224609375,40817200
2018-05-18,3912.5,3962.5,3787.5,3787.5,2703.794677734375,42973600
2018-05-21,3750.0,3750.0,3650.0,3650.0,2605.637451171875,43757400
2018-05-22,3650.0,3750.0,3562.5,3562.5,2543.17333984375,55586800
2018-05-23,3587.5,3787.5,3587.5,3600.0,2569.943603515625,94261400
2018-05-24,3650.0,3862.5,3650.0,3837.5,2739.48828125,53658400
2018-05-25,3850.0,3987.5,3812.5,3987.5,2846.5693359375,40285400
2018-05-28,3987.5,4337.5,3962.5,4287.5,3060.731689453125,86863600
2018-05-29,4287.5,4287.5,4287.5,4287.5,3060.731689453125,0
2018-05-30,4212.5,4400.0,4150.0,4325.0,3087.50146484375,95135200
2018-05-31,4375.0,4375.0,4187.5,4237.5,3025.037841796875,95773400
2018-06-01,4237.5,4237.5,4237.5,4237.5,3025.037841796875,0
2018-06-04,4125.0,4275.0,4125.0,4237.5,3025.037841796875,69138600
2018-06-05,4200.0,4212.5,4125.0,4137.5,2953.650146484375,48378400
2018-06-06,4100.0,4175.0,4075.0,4125.0,2944.72705078125,40252000
2018-06-07,4125.0,4237.5,4125.0,4225.0,3016.1142578125,28292200
2018-06-08,4175.0,4200.0,4025.0,4025.0,2873.33984375,69727800
2018-06-11,4025.0,4025.0,4025.0,4025.0,2873.33984375,0
2018-06-12,4025.0,4025.0,4025.0,4025.0,2873.33984375,0
2018-06-13,4025.0,4025.0,4025.0,4025.0,2873.33984375,0
2018-06-14,4025.0,4025.0,4025.0,4025.0,2873.33984375,0
2018-06-15,4025.0,4025.0,4025.0,4025.0,2873.33984375,0
2018-06-18,4025.0,4025.0,4025.0,4025.0,2873.33984375,0
2018-06-19,4025.0,4025.0,4025.0,4025.0,2873.33984375,0
2018-06-20,3900.0,3925.0,3762.5,3762.5,2685.947998046875,124367800
2018-06-21,3750.0,3825.0,3700.0,3700.0,2641.330810546875,38436200
2018-06-22,3687.5,3750.0,3637.5,3700.0,2641.330810546875,56812000
2018-06-25,3750.0,3750.0,3612.5,3650.0,2605.637451171875,47743200
2018-06-26,3600.0,3637.5,3575.0,3575.0,2552.096435546875,45583800
2018-06-27,3575.0,3625.0,3500.0,3525.0,2516.403076171875,45340600
2018-06-28,3500.0,3562.5,3400.0,3400.0,2427.1689453125,59204200
2018-06-29,3425.0,3537.5,3412.5,3525.0,2516.403076171875,63937600
2018-07-02,3562.5,3612.5,3500.0,3525.0,2516.403076171875,36233600
2018-07-03,3525.0,3550.0,3375.0,3475.0,2480.709716796875,43162800
2018-07-04,3512.5,3637.5,3400.0,3600.0,2569.943603515625,56031800
2018-07-05,3637.5,3637.5,3475.0,3550.0,2534.249755859375,36731000
2018-07-06,3575.0,3575.0,3450.0,3475.0,2480.709716796875,34994000
2018-07-09,3500.0,3650.0,3462.5,3600.0,2569.943603515625,51496800
2018-07-10,3650.0,3687.5,3550.0,3650.0,2605.637451171875,54029400
2018-07-11,3575.0,3600.0,3525.0,3587.5,2561.02001953125,36394400
2018-07-12,3550.0,3612.5,3512.5,3512.5,2507.479736328125,53100400
2018-07-13,3550.0,3650.0,3537.5,3625.0,2587.79052734375,50913800
2018-07-16,3650.0,3687.5,3612.5,3675.0,2623.484130859375,47717000
2018-07-17,3650.0,3725.0,3637.5,3712.5,2650.254150390625,48973600
2018-07-18,3700.0,3712.5,3625.0,3687.5,2632.4072265625,37139200
2018-07-19,3725.0,3775.0,3687.5,3687.5,2632.4072265625,87599600
2018-07-20,3662.5,3700.0,3600.0,3625.0,2587.79052734375,52653000
2018-07-23,3650.0,3737.5,3637.5,3650.0,2605.637451171875,38023200
2018-07-24,3650.0,3737.5,3650.0,3675.0,2623.484130859375,39779600
2018-07-25,3675.0,3700.0,3637.5,3650.0,2605.637451171875,34586400
2018-07-26,3675.0,3787.5,3675.0,3787.5,2703.794677734375,57461200
2018-07-27,3800.0,3800.0,3725.0,3725.0,2659.177490234375,26280400
2018-07-30,3725.0,3762.5,3700.0,3750.0,2677.0244140625,26875200
2018-07-31,3762.5,3762.5,3662.5,3700.0,2641.330810546875,51961200
2018-08-01,3700.0,3950.0,3687.5,3912.5,2793.029052734375,70371600
2018-08-02,3887.5,3962.5,3850.0,3900.0,2784.105224609375,45352400
2018-08-03,3900.0,3950.0,3850.0,3950.0,2819.798828125,40284200
2018-08-06,3962.5,4125.0,3950.0,4100.0,2926.8798828125,56627400
2018-08-07,4100.0,4112.5,4000.0,4050.0,2891.1865234375,54457200
2018-08-08,4137.5,4150.0,4025.0,4050.0,2891.1865234375,38430800
2018-08-09,4000.0,4050.0,3925.0,3975.0,2837.64599609375,63746200
2018-08-10,3950.0,4075.0,3950.0,3987.5,2846.5693359375,44564400
2018-08-13,3925.0,3937.5,3687.5,3700.0,2641.330810546875,76200600
2018-08-14,3675.0,3712.5,3600.0,3650.0,2605.637451171875,59987200
2018-08-15,3675.0,3712.5,3462.5,3687.5,2632.4072265625,91331800
2018-08-16,3637.5,3675.0,3525.0,3537.5,2525.326416015625,62182200
2018-08-17,3537.5,3537.5,3537.5,3537.5,2525.326416015625,0
2018-08-20,3637.5,3687.5,3575.0,3637.5,2596.713623046875,45915000
2018-08-21,3650.0,3700.0,3600.0,3687.5,2632.4072265625,32475600
2018-08-22,3687.5,3687.5,3687.5,3687.5,2632.4072265625,0
2018-08-23,3687.5,3775.0,3612.5,3775.0,2694.871337890625,53901400
2018-08-24,3725.0,3750.0,3662.5,3712.5,2650.254150390625,33672800
2018-08-27,3750.0,3837.5,3725.0,3837.5,2739.48828125,30290000
2018-08-28,3875.0,3950.0,3862.5,3937.5,2810.8759765625,54147200
2018-08-29,3937.5,3937.5,3837.5,3925.0,2801.952392578125,25725200
2018-08-30,3962.5,3962.5,3800.0,3812.5,2721.641357421875,35013400
2018-08-31,3750.0,3900.0,3712.5,3900.0,2784.105224609375,59789400
2018-09-03,3900.0,3925.0,3837.5,3925.0,2801.952392578125,29308200
2018-09-04,3875.0,3887.5,3750.0,3750.0,2677.0244140625,27216800
2018-09-05,3700.0,3700.0,3500.0,3537.5,2525.326416015625,64997600
2018-09-06,3500.0,3650.0,3475.0,3637.5,2596.713623046875,83033200
2018-09-07,3612.5,3700.0,3575.0,3675.0,2623.484130859375,35350000
2018-09-10,3600.0,3650.0,3562.5,3637.5,2596.713623046875,35205400
2018-09-11,3637.5,3637.5,3637.5,3637.5,2596.713623046875,0
2018-09-12,3662.5,3687.5,3550.0,3562.5,2543.17333984375,35547000
2018-09-13,3600.0,3675.0,3600.0,3675.0,2623.484130859375,44958800
2018-09-14,3700.0,3762.5,3675.0,3762.5,2685.947998046875,24322200
2018-09-17,3762.5,3762.5,3600.0,3612.5,2578.8671875,22685200
2018-09-18,3650.0,3650.0,3575.0,3612.5,2578.8671875,47723200
2018-09-19,3612.5,3662.5,3587.5,3587.5,2561.02001953125,34212400
2018-09-20,3600.0,3712.5,3600.0,3650.0,2605.637451171875,30649200
2018-09-21,3712.5,3837.5,3700.0,3825.0,2730.56494140625,84890600
2018-09-24,3800.0,3812.5,3662.5,3687.5,2632.4072265625,29753800
2018-09-25,3625.0,3700.0,3625.0,3675.0,2623.484130859375,12861400
2018-09-26,3650.0,3700.0,3650.0,3662.5,2614.560546875,21784800
2018-09-27,3687.5,3762.5,3675.0,3675.0,2623.484130859375,45618800
2018-09-28,3687.5,3762.5,3675.0,3700.0,2641.330810546875,27470800
2018-10-01,3712.5,3775.0,3700.0,3750.0,2677.0244140625,26562800
2018-10-02,3737.5,3750.0,3625.0,3637.5,2596.713623046875,34934600
2018-10-03,3650.0,3687.5,3625.0,3625.0,2587.79052734375,24585200
2018-10-04,3600.0,3600.0,3425.0,3450.0,2462.86279296875,123736000
2018-10-05,3450.0,3487.5,3400.0,3437.5,2453.939208984375,75743200
2018-10-08,3412.5,3462.5,3387.5,3412.5,2436.092041015625,48992200
2018-10-09,3412.5,3475.0,3412.5,3412.5,2436.092041015625,44143600
2018-10-10,3437.5,3487.5,3425.0,3475.0,2480.709716796875,41122000
2018-10-11,3375.0,3412.5,3337.5,3362.5,2400.398681640625,60893800
2018-10-12,3387.5,3550.0,3387.5,3462.5,2471.785888671875,69904800
2018-10-15,3475.0,3562.5,3450.0,3525.0,2516.403076171875,55786800
2018-10-16,3537.5,3625.0,3525.0,3625.0,2587.79052734375,54997800
2018-10-17,3675.0,3687.5,3637.5,3662.5,2614.560546875,34304800
2018-10-18,3662.5,3662.5,3575.0,3600.0,2569.943603515625,19334000
2018-10-19,3537.5,3625.0,3537.5,3587.5,2561.02001953125,31419600
2018-10-22,3600.0,3625.0,3575.0,3587.5,2561.02001953125,11799000
2018-10-23,3575.0,3612.5,3550.0,3562.5,2543.17333984375,17643000
2018-10-24,3550.0,3587.5,3487.5,3525.0,2516.403076171875,24047400
2018-10-25,3475.0,3562.5,3462.5,3537.5,2525.326416015625,34361200
2018-10-26,3537.5,3575.0,3525.0,3550.0,2534.249755859375,11779000
2018-10-29,3575.0,3587.5,3487.5,3537.5,2525.326416015625,9894000
2018-10-30,3537.5,3612.5,3512.5,3587.5,2561.02001953125,32280200
2018-10-31,3612.5,3687.5,3587.5,3662.5,2614.560546875,56326400
2018-11-01,3700.0,3737.5,3662.5,3712.5,2650.254150390625,64499800
2018-11-02,3750.0,3887.5,3737.5,3887.5,2775.181884765625,117606000
2018-11-05,3825.0,3850.0,3762.5,3800.0,2712.71826171875,39611800
2018-11-06,3837.5,3962.5,3837.5,3875.0,2766.25830078125,54707200
2018-11-07,3900.0,3900.0,3850.0,3900.0,2784.105224609375,44942000
2018-11-08,3950.0,4037.5,3937.5,3950.0,2819.798828125,86107000
2018-11-09,3987.5,4000.0,3925.0,4000.0,2855.49267578125,58920600
2018-11-12,3912.5,3925.0,3800.0,3800.0,2712.71826171875,62775800
2018-11-13,3750.0,3975.0,3737.5,3950.0,2819.798828125,61796000
2018-11-14,3950.0,4075.0,3950.0,4012.5,2864.416015625,77461200
2018-11-15,3962.5,4150.0,3962.5,4125.0,2944.72705078125,73903400
2018-11-16,4137.5,4275.0,4087.5,4150.0,2962.573974609375,56912600
2018-11-19,4137.5,4200.0,4125.0,4200.0,2998.267822265625,31995600
2018-11-20,4200.0,4200.0,4200.0,4200.0,2998.267822265625,0
2018-11-21,4075.0,4150.0,4075.0,4125.0,2944.72705078125,65909400
2018-11-22,4100.0,4225.0,4087.5,4200.0,2998.267822265625,46871200
2018-11-23,4212.5,4250.0,4175.0,4212.5,3007.19091796875,16390400
2018-11-26,4212.5,4250.0,4175.0,4212.5,3007.19091796875,29419800
2018-11-27,4162.5,4337.5,4162.5,4325.0,3087.50146484375,81898400
2018-11-28,4375.0,4375.0,4250.0,4275.0,3051.80810546875,54515400
2018-11-29,4325.0,4525.0,4325.0,4387.5,3132.11865234375,90010200
2018-11-30,4325.0,4387.5,4225.0,4250.0,3033.9609375,122445000
2018-12-03,4350.0,4425.0,4350.0,4375.0,3123.195068359375,72859800
2018-12-04,4275.0,4412.5,4275.0,4400.0,3141.0419921875,37438200
2018-12-05,4300.0,4387.5,4275.0,4375.0,3123.195068359375,36191200
2018-12-06,4325.0,4337.5,4262.5,4325.0,3087.50146484375,57573800
2018-12-07,4275.0,4312.5,4225.0,4287.5,3060.731689453125,39306200
2018-12-10,4225.0,4300.0,4212.5,4287.5,3060.731689453125,22645600
2018-12-11,4287.5,4300.0,4225.0,4225.0,3016.1142578125,36969600
2018-12-12,4250.0,4275.0,4212.5,4225.0,3016.1142578125,45196000
2018-12-13,4225.0,4362.5,4212.5,4275.0,3051.80810546875,68130200
2018-12-14,4250.0,4325.0,4237.5,4300.0,3069.654541015625,40382000
2018-12-17,4300.0,4300.0,4225.0,4287.5,3060.731689453125,42779800
2018-12-18,4275.0,4325.0,4237.5,4312.5,3078.577880859375,31801800
2018-12-19,4337.5,4362.5,4312.5,4350.0,3105.348388671875,48642800
2018-12-20,4325.0,4375.0,4312.5,4337.5,3096.425048828125,29529600
2018-12-21,4300.0,4350.0,4300.0,4337.5,3096.425048828125,32951600
2018-12-24,4337.5,4337.5,4337.5,4337.5,3096.425048828125,0
2018-12-25,4337.5,4337.5,4337.5,4337.5,3096.425048828125,0
2018-12-26,4300.0,4387.5,4287.5,4350.0,3105.348388671875,25778200
2018-12-27,4400.0,4400.0,4350.0,4400.0,3141.0419921875,31929800
2018-12-28,4412.5,4412.5,4375.0,4400.0,3141.0419921875,32431600
2018-12-31,4400.0,4400.0,4400.0,4400.0,3141.0419921875,0
2019-01-01,4400.0,4400.0,4400.0,4400.0,3141.0419921875,0
2019-01-02,4400.0,4400.0,4337.5,4362.5,3114.271484375,15681200
2019-01-03,4337.5,4387.5,4325.0,4362.5,3114.271484375,21416600
2019-01-04,4362.5,4400.0,4337.5,4362.5,3114.271484375,41078600
2019-01-07,4412.5,4462.5,4412.5,4437.5,3167.81201171875,48108200
2019-01-08,4437.5,4475.0,4400.0,4450.0,3176.73583984375,45945800
2019-01-09,4475.0,4475.0,4412.5,4425.0,3158.888671875,50484000
2019-01-10,4462.5,4462.5,4400.0,4425.0,3158.888671875,44421400
2019-01-11,4475.0,4487.5,4450.0,4462.5,3185.6591796875,47217000
2019-01-14,4487.5,4487.5,4425.0,4437.5,3167.81201171875,26702800
2019-01-15,4437.5,4550.0,4425.0,4500.0,3212.42919921875,49947400
2019-01-16,4525.0,4625.0,4500.0,4625.0,3301.663330078125,58089800
2019-01-17,4612.5,4662.5,4575.0,4625.0,3301.663330078125,47773600
2019-01-18,4650.0,4700.0,4600.0,4700.0,3355.204345703125,39366000
2019-01-21,4600.0,4687.5,4600.0,4612.5,3292.739990234375,33397400
2019-01-22,4612.5,4625.0,4587.5,4625.0,3301.663330078125,42127800
2019-01-23,4587.5,4612.5,4512.5,4525.0,3230.276123046875,51746000
2019-01-24,4525.0,4537.5,4487.5,4500.0,3212.42919921875,88315800
2019-01-25,4512.5,4562.5,4500.0,4550.0,3248.122802734375,51100800
2019-01-28,4550.0,4562.5,4525.0,4550.0,3248.122802734375,42198000
2019-01-29,4525.0,4550.0,4462.5,4512.5,3221.35302734375,38083600
2019-01-30,4450.0,4500.0,4450.0,4500.0,3212.42919921875,40402400
2019-01-31,4500.0,4587.5,4500.0,4537.5,3239.19970703125,72412200
2019-02-01,4550.0,4662.5,4537.5,4625.0,3301.663330078125,83559800
2019-02-04,4625.0,4637.5,4550.0,4562.5,3257.04638671875,45077600
2019-02-05,4562.5,4562.5,4562.5,4562.5,3257.04638671875,0
2019-02-06,4562.5,4612.5,4550.0,4550.0,3248.122802734375,39366200
2019-02-07,4550.0,4550.0,4512.5,4537.5,3239.19970703125,11857200
2019-02-08,4475.0,4525.0,4462.5,4487.5,3203.505859375,25850600
2019-02-11,4475.0,4525.0,4450.0,4525.0,3230.276123046875,29542600
2019-02-12,4525.0,4537.5,4450.0,4450.0,3176.73583984375,25694400
2019-02-13,4425.0,4450.0,4325.0,4325.0,3087.50146484375,57993000
2019-02-14,4325.0,4437.5,4325.0,4387.5,3132.11865234375,34647200
2019-02-15,4387.5,4387.5,4350.0,4387.5,3132.11865234375,25669400
2019-02-18,4400.0,4525.0,4400.0,4487.5,3203.505859375,32794600
2019-02-19,4487.5,4512.5,4412.5,4437.5,3167.81201171875,17644000
2019-02-20,4450.0,4450.0,4350.0,4412.5,3149.965087890625,30538000
2019-02-21,4450.0,4475.0,4387.5,4462.5,3185.6591796875,26466400
2019-02-22,4450.0,4450.0,4325.0,4362.5,3114.271484375,59643400
2019-02-25,4387.5,4425.0,4362.5,4400.0,3141.0419921875,31297800
2019-02-26,4400.0,4437.5,4350.0,4425.0,3158.888671875,32625400
2019-02-27,4375.0,4462.5,4362.5,4425.0,3158.888671875,19073600
2019-02-28,4462.5,4462.5,4362.5,4400.0,3141.0419921875,33411200
2019-03-01,4412.5,4487.5,4400.0,4487.5,3203.505859375,26656800
2019-03-04,4450.0,4500.0,4437.5,4475.0,3194.58251953125,28548200
2019-03-05,4462.5,4462.5,4362.5,4400.0,3141.0419921875,28743600
2019-03-06,4375.0,4437.5,4375.0,4400.0,3141.0419921875,23339600
2019-03-07,4400.0,4400.0,4400.0,4400.0,3141.0419921875,0
2019-03-08,4375.0,4387.5,4337.5,4337.5,3096.425048828125,37957000
2019-03-11,4400.0,4400.0,4337.5,4337.5,3096.425048828125,14711800
2019-03-12,4325.0,4362.5,4300.0,4337.5,3096.425048828125,20181600
2019-03-13,4287.5,4337.5,4262.5,4300.0,3069.654541015625,32738800
2019-03-14,4362.5,4412.5,4337.5,4412.5,3149.965087890625,13382000
2019-03-15,4462.5,4562.5,4450.0,4537.5,3239.19970703125,34814400
2019-03-18,4550.0,4675.0,4537.5,4675.0,3337.35693359375,38275600
2019-03-19,4662.5,4725.0,4650.0,4675.0,3337.35693359375,39436000
2019-03-20,4687.5,4687.5,4625.0,4650.0,3319.5107421875,23188800
2019-03-21,4725.0,4775.0,4712.5,4762.5,3399.821044921875,38604000
2019-03-22,4775.0,4825.0,4762.5,4800.0,3426.591552734375,33572000
2019-03-25,4650.0,4725.0,4575.0,4600.0,3283.81689453125,26670200
2019-03-26,4687.5,4700.0,4662.5,4687.5,3346.280029296875,6754600
2019-03-27,4575.0,4687.5,4575.0,4675.0,3337.35693359375,7113800
2019-03-28,4712.5,4725.0,4675.0,4712.5,3364.1279296875,22824600
2019-03-29,4687.5,4725.0,4687.5,4700.0,3355.204345703125,19813600
2019-04-01,4712.5,4750.0,4712.5,4725.0,3373.050537109375,9954200
2019-04-02,4750.0,4762.5,4700.0,4737.5,3381.974365234375,22445400
2019-04-03,4737.5,4737.5,4737.5,4737.5,3381.974365234375,0
2019-04-04,4762.5,4862.5,4762.5,4850.0,3462.284912109375,48871200
2019-04-05,4875.0,4925.0,4825.0,4862.5,3471.20849609375,11966400
2019-04-08,4800.0,4825.0,4712.5,4737.5,3381.974365234375,17860200
2019-04-09,4825.0,4850.0,4775.0,4837.5,3453.36181640625,14496600
2019-04-10,4837.5,4875.0,4800.0,4850.0,3462.284912109375,17295200
2019-04-11,4900.0,4900.0,4750.0,4812.5,3435.514404296875,31259200
2019-04-12,4775.0,4837.5,4750.0,4837.5,3453.36181640625,19171400
2019-04-15,4825.0,4850.0,4812.5,4825.0,3444.438232421875,22821200
2019-04-16,4825.0,4875.0,4825.0,4850.0,3462.284912109375,43281000
2019-04-17,4850.0,4850.0,4850.0,4850.0,3462.284912109375,0
2019-04-18,4962.5,5125.0,4875.0,4925.0,3515.82568359375,90501000
2019-04-19,4925.0,4925.0,4925.0,4925.0,3515.82568359375,0
2019-04-22,4912.5,4912.5,4812.5,4837.5,3453.36181640625,38719000
2019-04-23,4800.0,4912.5,4800.0,4900.0,3497.978515625,25165200
2019-04-24,4950.0,4962.5,4887.5,4900.0,3497.978515625,22612800
2019-04-25,4850.0,4862.5,4775.0,4800.0,3426.591552734375,61278200
2019-04-26,4812.5,4825.0,4750.0,4825.0,3444.438232421875,62720800
2019-04-29,4862.5,4862.5,4775.0,4812.5,3435.514404296875,26364400
2019-04-30,4812.5,4850.0,4762.5,4800.0,3426.591552734375,46762800
2019-05-01,4800.0,4800.0,4800.0,4800.0,3426.591552734375,0
2019-05-02,4762.5,4787.5,4650.0,4712.5,3364.1279296875,60074200
2019-05-03,4700.0,4700.0,4587.5,4625.0,3301.663330078125,59192200
2019-05-06,4550.0,4562.5,4375.0,4437.5,3167.81201171875,55552200
2019-05-07,4437.5,4525.0,4375.0,4475.0,3194.58251953125,61910000
2019-05-08,4387.5,4425.0,4350.0,4375.0,3123.195068359375,41682400
2019-05-09,4300.0,4337.5,4275.0,4287.5,3060.731689453125,69829800
2019-05-10,4325.0,4412.5,4287.5,4300.0,3069.654541015625,45151200
2019-05-13,4300.0,4337.5,4250.0,4250.0,3033.9609375,20710000
2019-05-14,4225.0,4275.0,4125.0,4225.0,3016.1142578125,68445400
2019-05-15,4237.5,4237.5,4062.5,4112.5,2935.8037109375,90706000
2019-05-16,4100.0,4175.0,4037.5,4087.5,2917.956787109375,36448400
2019-05-17,4237.5,4237.5,4025.0,4050.0,2891.1865234375,61447200
2019-05-20,4050.0,4225.0,3912.5,4212.5,3007.19091796875,43655000
2019-05-21,4225.0,4300.0,4187.5,4300.0,3069.654541015625,78310800
2019-05-22,4150.0,4237.5,4137.5,4150.0,3033.5771484375,40857000
2019-05-23,4137.5,4300.0,4137.5,4250.0,3106.675048828125,43215600
2019-05-24,4237.5,4400.0,4237.5,4325.0,3161.4990234375,48374800
2019-05-27,4325.0,4412.5,4325.0,4350.0,3179.7734375,32246800
2019-05-28,4325.0,4325.0,4050.0,4075.0,2978.75341796875,222512000
2019-05-29,4075.0,4112.5,4012.5,4075.0,2978.75341796875,78292800
2019-05-30,4075.0,4075.0,4075.0,4075.0,2978.75341796875,0
2019-05-31,4100.0,4212.5,4100.0,4200.0,3070.12646484375,89160800
2019-06-03,4200.0,4200.0,4200.0,4200.0,3070.12646484375,0
2019-06-04,4200.0,4200.0,4200.0,4200.0,3070.12646484375,0
2019-06-05,4200.0,4200.0,4200.0,4200.0,3070.12646484375,0
2019-06-06,4200.0,4200.0,4200.0,4200.0,3070.12646484375,0
2019-06-07,4200.0,4200.0,4200.0,4200.0,3070.12646484375,0
2019-06-10,4287.5,4362.5,4275.0,4337.5,3170.63623046875,101675200
2019-06-11,4300.0,4337.5,4237.5,4287.5,3134.08740234375,44879800
2019-06-12,4275.0,4325.0,4262.5,4300.0,3143.22412109375,39229000
2019-06-13,4300.0,4337.5,4262.5,4325.0,3161.4990234375,54401400
2019-06-14,4300.0,4325.0,4225.0,4250.0,3106.675048828125,40394600
2019-06-17,4250.0,4262.5,4212.5,4225.0,3088.400634765625,21955800
2019-06-18,4250.0,4375.0,4225.0,4362.5,3188.91064453125,62706200
2019-06-19,4412.5,4512.5,4412.5,4450.0,3252.871826171875,79746600
2019-06-20,4500.0,4500.0,4362.5,4400.0,3216.322509765625,54402200
2019-06-21,4437.5,4450.0,4400.0,4425.0,3234.596923828125,51525600
2019-06-24,4450.0,4487.5,4400.0,4437.5,3243.734130859375,32097800
2019-06-25,4475.0,4487.5,4450.0,4462.5,3262.009033203125,18337600
2019-06-26,4462.5,4475.0,4425.0,4425.0,3234.596923828125,28871200
2019-06-27,4475.0,4475.0,4437.5,4450.0,3252.871826171875,18194800
2019-06-28,4462.5,4612.5,4450.0,4600.0,3362.51904296875,81840600
2019-07-01,4650.0,4725.0,4650.0,4687.5,3426.4794921875,56506600
2019-07-02,4675.0,4687.5,4637.5,4675.0,3417.3427734375,33067800
2019-07-03,4675.0,4675.0,4625.0,4662.5,3408.205322265625,34549000
2019-07-04,4662.5,4700.0,4650.0,4687.5,3426.4794921875,24270400
2019-07-05,4637.5,4662.5,4550.0,4600.0,3362.51904296875,40019800
2019-07-08,4537.5,4587.5,4475.0,4487.5,3280.283447265625,39037200
2019-07-09,4487.5,4587.5,4487.5,4575.0,3344.24462890625,21892000
2019-07-10,4562.5,4625.0,4562.5,4575.0,3344.24462890625,34132000
2019-07-11,4600.0,4637.5,4575.0,4625.0,3380.79345703125,27475200
2019-07-12,4600.0,4625.0,4575.0,4600.0,3362.51904296875,27073600
2019-07-15,4625.0,4662.5,4587.5,4587.5,3353.3818359375,39008200
2019-07-16,4587.5,4600.0,4525.0,4537.5,3316.832763671875,34469200
2019-07-17,4487.5,4537.5,4487.5,4525.0,3307.6953125,21264800
2019-07-18,4525.0,4537.5,4425.0,4437.5,3243.734130859375,39663600
2019-07-19,4437.5,4487.5,4425.0,4450.0,3252.871826171875,29465600
2019-07-22,4437.5,4475.0,4387.5,4425.0,3234.596923828125,29243600
2019-07-23,4450.0,4462.5,4312.5,4312.5,3152.361572265625,82475600
2019-07-24,4275.0,4287.5,4212.5,4212.5,3079.263671875,86821600
2019-07-25,4212.5,4262.5,4212.5,4250.0,3106.675048828125,64678600
2019-07-26,4225.0,4237.5,4200.0,4212.5,3079.263671875,39358000
2019-07-29,4200.0,4225.0,4150.0,4175.0,3051.851318359375,40294600
2019-07-30,4150.0,4187.5,4112.5,4175.0,3051.851318359375,54556800
2019-07-31,4200.0,4250.0,4137.5,4237.5,3097.5380859375,43706400
2019-08-01,4225.0,4225.0,4125.0,4125.0,3015.302490234375,64720000
2019-08-02,4087.5,4087.5,4012.5,4050.0,2960.47900390625,78779000
2019-08-05,4012.5,4025.0,3950.0,3962.5,2896.517822265625,61291400
2019-08-06,3900.0,3975.0,3775.0,3912.5,2859.96875,69999200
2019-08-07,3950.0,4000.0,3912.5,3937.5,2878.243408203125,56503000
2019-08-08,3950.0,4075.0,3937.5,4062.5,2969.6162109375,52673200
2019-08-09,4075.0,4087.5,3962.5,3962.5,2896.517822265625,41206600
2019-08-12,3975.0,4000.0,3900.0,3962.5,2896.517822265625,26290000
2019-08-13,3937.5,3950.0,3912.5,3950.0,2887.38037109375,36218200
2019-08-14,4000.0,4062.5,3975.0,4050.0,2960.47900390625,53094000
2019-08-15,3950.0,4012.5,3925.0,4012.5,2933.066650390625,34110000
2019-08-16,4012.5,4050.0,3950.0,3962.5,2896.517822265625,25707800
2019-08-19,4000.0,4012.5,3912.5,3937.5,2878.243408203125,21047400
2019-08-20,3962.5,3962.5,3862.5,3875.0,2832.556640625,34351800
2019-08-21,3850.0,3887.5,3787.5,3787.5,2768.595703125,36213000
2019-08-22,3812.5,3862.5,3737.5,3800.0,2777.7333984375,62568600
2019-08-23,3800.0,3825.0,3725.0,3812.5,2786.8701171875,35492200
2019-08-26,3737.5,3762.5,3687.5,3750.0,2741.18408203125,30273800
2019-08-27,3725.0,3812.5,3725.0,3787.5,2768.595703125,46766400
2019-08-28,3800.0,3812.5,3762.5,3800.0,2777.7333984375,29902600
2019-08-29,3812.5,3812.5,3750.0,3762.5,2750.3212890625,42715800
2019-08-30,3787.5,3850.0,3787.5,3850.0,2814.2822265625,36471000
2019-09-02,3837.5,3862.5,3812.5,3812.5,2786.8701171875,20164000
2019-09-03,3825.0,3837.5,3662.5,3725.0,2722.909423828125,34817800
2019-09-04,3750.0,3750.0,3662.5,3712.5,2713.77197265625,49092600
2019-09-05,3750.0,3787.5,3725.0,3762.5,2750.3212890625,31491600
2019-09-06,3800.0,3825.0,3775.0,3800.0,2777.7333984375,37695400
2019-09-09,3800.0,3812.5,3750.0,3775.0,2759.458740234375,25346600
2019-09-10,3775.0,3887.5,3775.0,3875.0,2832.556640625,39409600
2019-09-11,3875.0,4000.0,3875.0,4000.0,2923.9296875,59184000
2019-09-12,4050.0,4062.5,3925.0,3937.5,2878.243408203125,48065600
2019-09-13,3975.0,3987.5,3912.5,3925.0,2869.10595703125,17730000
2019-09-16,3875.0,3900.0,3787.5,3837.5,2805.144775390625,35483200
2019-09-17,3787.5,3887.5,3787.5,3875.0,2832.556640625,28974800
2019-09-18,3900.0,3950.0,3887.5,3950.0,2887.38037109375,24518400
2019-09-19,3975.0,3975.0,3887.5,3887.5,2841.69384765625,25170600
2019-09-20,3862.5,3887.5,3812.5,3825.0,2796.0078125,53056600
2019-09-23,3800.0,3825.0,3762.5,3787.5,2768.595703125,34235800
2019-09-24,3787.5,3787.5,3700.0,3725.0,2722.909423828125,38873600
2019-09-25,3700.0,3762.5,3675.0,3737.5,2732.046630859375,26900200
2019-09-26,3762.5,3825.0,3750.0,3775.0,2759.458740234375,30615000
2019-09-27,3762.5,3775.0,3712.5,3712.5,2713.77197265625,30928400
2019-09-30,3687.5,3700.0,3575.0,3675.0,2686.360595703125,80081800
2019-10-01,3662.5,3700.0,3625.0,3637.5,2658.948486328125,32188800
2019-10-02,3612.5,3650.0,3450.0,3462.5,2531.026611328125,73132000
2019-10-03,3425.0,3500.0,3400.0,3450.0,2521.8896484375,42558800
2019-10-04,3450.0,3500.0,3425.0,3437.5,2512.751953125,26569200
2019-10-07,3462.5,3475.0,3325.0,3337.5,2439.65380859375,43606000
2019-10-08,3375.0,3412.5,3350.0,3412.5,2494.477294921875,41912800
2019-10-09,3400.0,3400.0,3362.5,3375.0,2467.065673828125,25237400
2019-10-10,3375.0,3425.0,3362.5,3375.0,2467.065673828125,23288400
2019-10-11,3400.0,3500.0,3400.0,3487.5,2549.30126953125,33226000
2019-10-14,3537.5,3537.5,3450.0,3462.5,2531.026611328125,51132400
2019-10-15,3475.0,3600.0,3412.5,3575.0,2613.261962890625,68801400
2019-10-16,3600.0,3625.0,3525.0,3625.0,2649.8115234375,65482600
2019-10-17,3625.0,3700.0,3612.5,3687.5,2695.49755859375,61564000
2019-10-18,3675.0,3750.0,3675.0,3737.5,2732.046630859375,38171800
2019-10-21,3737.5,3750.0,3662.5,3687.5,2695.49755859375,37392000
2019-10-22,3712.5,3737.5,3600.0,3662.5,2677.222900390625,44307200
2019-10-23,3650.0,3775.0,3612.5,3775.0,2759.458740234375,65670400
2019-10-24,3800.0,4037.5,3800.0,3950.0,2887.38037109375,149978000
2019-10-25,3962.5,3987.5,3862.5,3912.5,2859.96875,58625000
2019-10-28,3925.0,3937.5,3862.5,3887.5,2841.69384765625,21229200
2019-10-29,3887.5,3912.5,3825.0,3862.5,2823.41943359375,48916600
2019-10-30,3875.0,3925.0,3812.5,3875.0,2832.556640625,46691200
2019-10-31,3850.0,3887.5,3800.0,3837.5,2805.144775390625,28738000
2019-11-01,3862.5,3862.5,3812.5,3837.5,2805.144775390625,19296200
2019-11-04,3837.5,3875.0,3812.5,3812.5,2786.8701171875,33528400
2019-11-05,3800.0,3900.0,3787.5,3862.5,2823.41943359375,101298400
2019-11-06,3887.5,3887.5,3725.0,3750.0,2741.18408203125,73559600
2019-11-07,3750.0,3800.0,3637.5,3800.0,2777.7333984375,47956400
2019-11-08,3825.0,3850.0,3750.0,3837.5,2805.144775390625,34375400
2019-11-11,3800.0,3825.0,3750.0,3775.0,2759.458740234375,29695800
2019-11-12,3750.0,3800.0,3725.0,3800.0,2777.7333984375,43277200
2019-11-13,3800.0,3800.0,3675.0,3675.0,2686.360595703125,47613000
2019-11-14,3687.5,3712.5,3587.5,3650.0,2668.086181640625,59175600
2019-11-15,3675.0,3775.0,3650.0,3725.0,2722.909423828125,34211400
2019-11-18,3737.5,3762.5,3675.0,3712.5,2713.77197265625,41639200
2019-11-19,3737.5,3800.0,3687.5,3800.0,2777.7333984375,42106200
2019-11-20,3800.0,3837.5,3750.0,3825.0,2796.0078125,48311000
2019-11-21,3812.5,3862.5,3762.5,3850.0,2814.2822265625,42079800
2019-11-22,3850.0,3850.0,3812.5,3825.0,2796.0078125,21247000
2019-11-25,3812.5,3825.0,3737.5,3750.0,2741.18408203125,25178600
2019-11-26,3762.5,3787.5,3712.5,3750.0,2741.18408203125,73842800
2019-11-27,3725.0,3787.5,3712.5,3737.5,2732.046630859375,24769800
2019-11-28,3737.5,3787.5,3675.0,3700.0,2704.634765625,21981000
2019-11-29,3700.0,3762.5,3662.5,3750.0,2741.18408203125,20343400
2019-12-02,3725.0,3850.0,3725.0,3775.0,2759.458740234375,64660200
2019-12-03,3762.5,3825.0,3737.5,3775.0,2759.458740234375,41645000
2019-12-04,3750.0,3775.0,3712.5,3712.5,2713.77197265625,42196800
2019-12-05,3725.0,3762.5,3712.5,3725.0,2722.909423828125,53985800
2019-12-06,3750.0,3812.5,3737.5,3787.5,2768.595703125,29544800
2019-12-09,3812.5,3825.0,3762.5,3787.5,2768.595703125,36970600
2019-12-10,3787.5,3825.0,3762.5,3800.0,2777.7333984375,38381200
2019-12-11,3825.0,3825.0,3762.5,3762.5,2750.3212890625,31571800
2019-12-12,3775.0,3837.5,3762.5,3762.5,2750.3212890625,50870000
2019-12-13,3812.5,3850.0,3787.5,3825.0,2796.0078125,48904000
2019-12-16,3825.0,3875.0,3800.0,3850.0,2814.2822265625,59955600
2019-12-17,3850.0,3862.5,3825.0,3850.0,2814.2822265625,45188200
2019-12-18,3850.0,3925.0,3825.0,3912.5,2859.96875,84394000
2019-12-19,3912.5,3925.0,3875.0,3912.5,2859.96875,38600800
2019-12-20,3912.5,3912.5,3875.0,3900.0,2850.831298828125,37723600
2019-12-23,3925.0,3962.5,3900.0,3962.5,2896.517822265625,45834400
2019-12-26,3975.0,4000.0,3962.5,3975.0,2905.655029296875,35309200
2019-12-27,3975.0,3987.5,3925.0,3962.5,2896.517822265625,19371400
2019-12-30,3975.0,3987.5,3900.0,3925.0,2869.10595703125,35604600
2020-01-02,3937.5,3937.5,3887.5,3887.5,2841.69384765625,18602600
2020-01-03,3900.0,3937.5,3825.0,3900.0,2850.831298828125,32251400
2020-01-06,3875.0,3875.0,3800.0,3812.5,2786.8701171875,26249200
2020-01-07,3837.5,3850.0,3762.5,3775.0,2759.458740234375,38049800
2020-01-08,3750.0,3762.5,3700.0,3712.5,2713.77197265625,40926800
2020-01-09,3750.0,3850.0,3750.0,3850.0,2814.2822265625,43770600
2020-01-10,3850.0,3912.5,3837.5,3862.5,2823.41943359375,41985000
2020-01-13,3875.0,3900.0,3850.0,3887.5,2841.69384765625,24716600
2020-01-14,3912.5,3925.0,3862.5,3925.0,2869.10595703125,40286800
2020-01-15,3900.0,3937.5,3825.0,3837.5,2805.144775390625,35369800
2020-01-16,3837.5,3887.5,3812.5,3850.0,2814.2822265625,38027400
2020-01-17,3850.0,3887.5,3837.5,3887.5,2841.69384765625,33630000
2020-01-20,3862.5,3900.0,3762.5,3775.0,2759.458740234375,35184600
2020-01-21,3787.5,3825.0,3750.0,3787.5,2768.595703125,32903600
2020-01-22,3812.5,3850.0,3787.5,3812.5,2786.8701171875,44490400
2020-01-23,3812.5,3862.5,3775.0,3825.0,2796.0078125,44155400
2020-01-24,3800.0,3887.5,3800.0,3850.0,2814.2822265625,35702000
2020-01-27,3850.0,3850.0,3725.0,3725.0,2722.909423828125,28379600
2020-01-28,3700.0,3737.5,3650.0,3737.5,2732.046630859375,42985000
2020-01-29,3737.5,3762.5,3675.0,3675.0,2686.360595703125,33503800
2020-01-30,3675.0,3712.5,3625.0,3625.0,2649.8115234375,26904000
2020-01-31,3650.0,3650.0,3550.0,3600.0,2631.536865234375,54195000
2020-02-03,3550.0,3650.0,3537.5,3562.5,2604.125,40300400
2020-02-04,3612.5,3687.5,3587.5,3675.0,2686.360595703125,39320000
2020-02-05,3675.0,3712.5,3625.0,3712.5,2713.77197265625,32161400
2020-02-06,3750.0,3762.5,3675.0,3675.0,2686.360595703125,33597000
2020-02-07,3700.0,3700.0,3675.0,3675.0,2686.360595703125,39234200
2020-02-10,3662.5,3662.5,3612.5,3662.5,2677.222900390625,24158600
2020-02-11,3650.0,3687.5,3637.5,3650.0,2668.086181640625,17313800
2020-02-12,3650.0,3687.5,3637.5,3637.5,2658.948486328125,22518200
2020-02-13,3637.5,3712.5,3637.5,3700.0,2704.634765625,41031400
2020-02-14,3687.5,3800.0,3662.5,3762.5,2750.3212890625,51465800
2020-02-17,3800.0,3825.0,3762.5,3812.5,2786.8701171875,28980000
2020-02-18,3825.0,3875.0,3800.0,3850.0,2814.2822265625,46645800
2020-02-19,3837.5,3912.5,3812.5,3887.5,2841.69384765625,51704600
2020-02-20,3900.0,3975.0,3900.0,3962.5,2896.517822265625,71856200
2020-02-21,3937.5,3937.5,3862.5,3887.5,2841.69384765625,94446000
2020-02-24,3800.0,3850.0,3737.5,3787.5,2768.595703125,59512800
2020-02-25,3750.0,3812.5,3737.5,3750.0,2741.18408203125,33976200
2020-02-26,3700.0,3712.5,3650.0,3650.0,2668.086181640625,72455400
2020-02-27,3625.0,3650.0,3462.5,3537.5,2585.850341796875,59326400
2020-02-28,3400.0,3512.5,3337.5,3512.5,2567.575927734375,104295000
2020-03-02,3475.0,3487.5,3275.0,3375.0,2541.684814453125,82760000
2020-03-03,3425.0,3475.0,3350.0,3400.0,2560.511962890625,83411600
2020-03-04,3400.0,3500.0,3362.5,3475.0,2616.993896484375,77696400
2020-03-05,3500.0,3525.0,3375.0,3412.5,2569.925537109375,78261200
2020-03-06,3350.0,3350.0,3200.0,3200.0,2409.893798828125,85722600
2020-03-09,3012.5,3062.5,2800.0,2825.0,2127.484375,136122600
2020-03-10,2850.0,2962.5,2800.0,2837.5,2136.89794921875,164540600
2020-03-11,2837.5,2862.5,2637.5,2762.5,2080.416259765625,106587600
2020-03-12,2600.0,2687.5,2500.0,2512.5,1892.1431884765625,135371800
2020-03-13,2512.5,2512.5,2512.5,2512.5,1892.1431884765625,0
2020-03-16,2550.0,2625.0,2420.0,2420.0,1822.482177734375,98330000
2020-03-17,2415.0,2420.0,2255.0,2255.0,1698.2218017578125,137142000
2020-03-18,2295.0,2295.0,2100.0,2100.0,1581.4927978515625,144534400
2020-03-19,1960.0,1975.0,1955.0,1955.0,1472.29443359375,21906200
2020-03-20,1900.0,1900.0,1820.0,1820.0,1370.6270751953125,351439200
2020-03-23,1765.0,1765.0,1695.0,1695.0,1276.4906005859375,21148600
2020-03-24,1655.0,1715.0,1580.0,1580.0,1189.8848876953125,264178600
2020-03-26,1580.0,1845.0,1485.0,1795.0,1351.7996826171875,381513800
2020-03-27,1835.0,2120.0,1825.0,1995.0,1502.4180908203125,329983600
2020-03-30,1980.0,1980.0,1860.0,1860.0,1400.7508544921875,82145200
2020-03-31,1915.0,2010.0,1860.0,1910.0,1438.4053955078125,199220400
2020-04-01,1915.0,2000.0,1835.0,1840.0,1385.68896484375,172971000
2020-04-02,1845.0,1925.0,1735.0,1925.0,1449.70166015625,117968800
2020-04-03,1940.0,2020.0,1920.0,2005.0,1509.9490966796875,95169200
2020-04-06,2030.0,2150.0,2005.0,2145.0,1615.3818359375,122959600
2020-04-07,2245.0,2325.0,2060.0,2155.0,1622.9127197265625,163256600
2020-04-08,2100.0,2120.0,2005.0,2005.0,1509.9490966796875,123065400
2020-04-09,2050.0,2075.0,1935.0,1995.0,1502.4180908203125,73319200
2020-04-13,2000.0,2035.0,1950.0,1995.0,1502.4180908203125,41042600
2020-04-14,2000.0,2095.0,2000.0,2075.0,1562.6654052734375,57683200
2020-04-15,2080.0,2115.0,1995.0,2100.0,1581.4927978515625,75203600
2020-04-16,2050.0,2050.0,1975.0,1990.0,1498.652587890625,92763800
2020-04-17,2035.0,2085.0,2035.0,2080.0,1566.4310302734375,89041400
2020-04-20,2085.0,2120.0,2035.0,2050.0,1543.838134765625,69765600
2020-04-21,2040.0,2050.0,1995.0,2015.0,1517.47998046875,41715200
2020-04-22,1985.0,2035.0,1950.0,2010.0,1513.7147216796875,105656400
2020-04-23,2025.0,2035.0,1995.0,2010.0,1513.7147216796875,76382800
2020-04-24,2010.0,2010.0,1890.0,1900.0,1430.8743896484375,100645000
2020-04-27,1935.0,1960.0,1875.0,1900.0,1430.8743896484375,68610200
2020-04-28,1910.0,1915.0,1875.0,1910.0,1438.4053955078125,69997600
2020-04-29,1925.0,1925.0,1875.0,1880.0,1415.8125,65257600
2020-04-30,1910.0,2050.0,1900.0,2050.0,1543.838134765625,126389200
2020-05-04,2000.0,2000.0,1935.0,1960.0,1476.06005859375,66251600
2020-05-05,1980.0,2015.0,1890.0,1920.0,1445.936279296875,108560200
2020-05-06,1925.0,1945.0,1910.0,1915.0,1442.1707763671875,82511800
2020-05-08,1925.0,1935.0,1895.0,1900.0,1430.8743896484375,91046000
2020-05-11,1930.0,1930.0,1900.0,1900.0,1430.8743896484375,80701600
2020-05-12,1910.0,1910.0,1825.0,1830.0,1378.157958984375,164776400
2020-05-13,1820.0,1870.0,1790.0,1860.0,1400.7508544921875,78014600
2020-05-14,1835.0,1870.0,1755.0,1770.0,1332.972412109375,94613200
2020-05-15,1785.0,1795.0,1650.0,1670.0,1257.6632080078125,173916400
2020-05-18,1690.0,1705.0,1635.0,1665.0,1253.8978271484375,83620800
2020-05-19,1700.0,1790.0,1690.0,1760.0,1325.4415283203125,154163000
2020-05-20,1785.0,1820.0,1710.0,1800.0,1355.5653076171875,148603000
2020-05-26,1830.0,1830.0,1790.0,1815.0,1366.8616943359375,88906800
2020-05-27,1820.0,1850.0,1790.0,1815.0,1366.8616943359375,128476400
2020-05-28,1820.0,1895.0,1815.0,1830.0,1378.157958984375,233662000
2020-05-29,1830.0,1930.0,1795.0,1915.0,1442.1707763671875,294115600
2020-06-02,1950.0,2020.0,1925.0,1985.0,1494.8870849609375,263164400
2020-06-03,2010.0,2095.0,1940.0,2065.0,1555.134521484375,277008600
2020-06-04,2100.0,2180.0,2055.0,2070.0,1558.900146484375,227041600
2020-06-05,2100.0,2145.0,2015.0,2125.0,1600.3199462890625,145380800
2020-06-08,2175.0,2470.0,2170.0,2415.0,1818.7166748046875,311447600
2020-06-09,2450.0,2575.0,2425.0,2430.0,1830.0130615234375,285710200
2020-06-10,2425.0,2425.0,2260.0,2260.0,1701.9874267578125,303568800
2020-06-11,2255.0,2255.0,2105.0,2105.0,1585.25830078125,444085400
2020-06-12,2105.0,2235.0,1970.0,2235.0,1683.1602783203125,399567400
2020-06-15,2240.0,2250.0,2090.0,2100.0,1581.4927978515625,233304600
2020-06-16,2175.0,2305.0,2175.0,2305.0,1735.87646484375,263297600
2020-06-17,2340.0,2375.0,2255.0,2275.0,1713.28369140625,186268000
2020-06-18,2250.0,2285.0,2215.0,2250.0,1694.45654296875,104127000
2020-06-19,2275.0,2285.0,2225.0,2240.0,1686.9256591796875,82478400
2020-06-22,2240.0,2255.0,2220.0,2235.0,1683.1602783203125,51006800
2020-06-23,2235.0,2235.0,2160.0,2190.0,1649.2711181640625,83534400
2020-06-24,2205.0,2390.0,2205.0,2370.0,1784.827392578125,302121200
2020-06-25,2335.0,2345.0,2255.0,2275.0,1713.28369140625,235644400
2020-06-26,2325.0,2345.0,2275.0,2290.0,1724.580078125,133600200
2020-06-29,2275.0,2300.0,2245.0,2295.0,1728.3455810546875,69967400
2020-06-30,2335.0,2350.0,2275.0,2290.0,1724.580078125,123530000
2020-07-01,2300.0,2315.0,2255.0,2270.0,1709.5181884765625,74028600
2020-07-02,2270.0,2300.0,2270.0,2295.0,1728.3455810546875,57236400
2020-07-03,2300.0,2320.0,2275.0,2280.0,1717.0491943359375,47528000
2020-07-06,2295.0,2320.0,2290.0,2305.0,1735.87646484375,62036400
2020-07-07,2325.0,2330.0,2290.0,2300.0,1732.1112060546875,82084400
2020-07-08,2300.0,2415.0,2290.0,2400.0,1807.420166015625,230576800
2020-07-09,2410.0,2430.0,2360.0,2365.0,1781.06201171875,116501200
2020-07-10,2350.0,2365.0,2325.0,2335.0,1758.4693603515625,75306000
2020-07-13,2350.0,2385.0,2350.0,2375.0,1788.5928955078125,71091800
2020-07-14,2375.0,2390.0,2350.0,2360.0,1777.2967529296875,96113000
2020-07-15,2380.0,2390.0,2355.0,2355.0,1773.53125,84620000
2020-07-16,2355.0,2370.0,2340.0,2350.0,1769.7657470703125,86094200
2020-07-17,2340.0,2360.0,2335.0,2335.0,1758.4693603515625,37567000
2020-07-20,2345.0,2345.0,2255.0,2270.0,1709.5181884765625,135393000
2020-07-21,2285.0,2350.0,2280.0,2340.0,1762.2347412109375,121672800
2020-07-22,2350.0,2375.0,2330.0,2335.0,1758.4693603515625,96854200
2020-07-23,2345.0,2395.0,2335.0,2355.0,1773.53125,152124600
2020-07-24,2355.0,2355.0,2295.0,2305.0,1735.87646484375,109205600
2020-07-27,2320.0,2330.0,2300.0,2325.0,1750.9385986328125,54144000
2020-07-28,2330.0,2355.0,2325.0,2340.0,1762.2347412109375,70478400
2020-07-29,2330.0,2330.0,2290.0,2295.0,1728.3455810546875,128065400
2020-07-30,2305.0,2315.0,2285.0,2300.0,1732.1112060546875,96801600
2020-08-03,2325.0,2325.0,2150.0,2220.0,1671.8638916015625,146498200
2020-08-04,2235.0,2280.0,2225.0,2280.0,1717.0491943359375,66409200
2020-08-05,2285.0,2320.0,2255.0,2315.0,1743.407470703125,82299800
2020-08-06,2325.0,2335.0,2315.0,2320.0,1747.173095703125,64511600
2020-08-07,2320.0,2340.0,2300.0,2310.0,1739.6419677734375,56842400
2020-08-10,2310.0,2320.0,2305.0,2310.0,1739.6419677734375,29651200
2020-08-11,2315.0,2410.0,2315.0,2390.0,1799.8892822265625,192912200
2020-08-12,2400.0,2600.0,2380.0,2562.5,1929.7974853515625,362397000
2020-08-13,2600.0,2675.0,2512.5,2537.5,1910.970458984375,175205000
2020-08-14,2537.5,2550.0,2500.0,2500.0,1882.7293701171875,114290200
2020-08-18,2525.0,2612.5,2512.5,2525.0,1901.556640625,203541200
2020-08-19,2537.5,2600.0,2500.0,2525.0,1901.556640625,159091800
2020-08-24,2537.5,2575.0,2525.0,2550.0,1920.3841552734375,105466800
2020-08-25,2575.0,2675.0,2575.0,2637.5,1986.2796630859375,185542800
2020-08-26,2650.0,2675.0,2600.0,2662.5,2005.10693359375,145659800
2020-08-27,2662.5,2712.5,2625.0,2650.0,1995.693115234375,113335600
2020-08-28,2662.5,2675.0,2612.5,2625.0,1976.865966796875,83795800
2020-08-31,2650.0,2662.5,2500.0,2550.0,1920.3841552734375,251920000
2020-09-01,2575.0,2587.5,2512.5,2587.5,1948.6248779296875,108883800
2020-09-02,2625.0,2637.5,2562.5,2612.5,1967.4525146484375,92414800
2020-09-03,2637.5,2687.5,2625.0,2675.0,2014.5205078125,267877200
2020-09-04,2625.0,2625.0,2562.5,2612.5,1967.4525146484375,188192000
2020-09-07,2612.5,2637.5,2562.5,2625.0,1976.865966796875,81856400
2020-09-08,2650.0,2650.0,2612.5,2625.0,1976.865966796875,45193600
2020-09-09,2575.0,2587.5,2512.5,2512.5,1892.1431884765625,146843600
2020-09-10,2390.0,2395.0,2340.0,2340.0,1762.2347412109375,264205400
2020-09-11,2225.0,2440.0,2210.0,2435.0,1833.778564453125,242923200
2020-09-14,2490.0,2525.0,2455.0,2525.0,1901.556640625,155021200
2020-09-15,2525.0,2550.0,2455.0,2470.0,1860.1368408203125,98187400
2020-09-16,2495.0,2495.0,2435.0,2435.0,1833.778564453125,60506400
2020-09-17,2430.0,2445.0,2350.0,2360.0,1777.2967529296875,124173000
2020-09-18,2360.0,2405.0,2350.0,2370.0,1784.827392578125,87300200
2020-09-21,2380.0,2380.0,2275.0,2295.0,1728.3455810546875,88031200
2020-09-22,2250.0,2320.0,2230.0,2270.0,1709.5181884765625,96480800
2020-09-23,2285.0,2300.0,2180.0,2210.0,1664.3328857421875,111629000
2020-09-24,2180.0,2200.0,2155.0,2165.0,1630.4437255859375,101549000
2020-09-25,2180.0,2300.0,2180.0,2300.0,1732.1112060546875,109984600
2020-09-28,2325.0,2345.0,2250.0,2270.0,1709.5181884765625,62118800
2020-09-29,2300.0,2325.0,2235.0,2255.0,1698.2218017578125,84460000
2020-09-30,2275.0,2280.0,2185.0,2220.0,1671.8638916015625,63903400
2020-10-01,2245.0,2290.0,2235.0,2285.0,1720.814697265625,51766000
2020-10-02,2290.0,2295.0,2190.0,2255.0,1698.2218017578125,61431000
2020-10-05,2270.0,2310.0,2250.0,2310.0,1739.6419677734375,59714200
2020-10-06,2355.0,2370.0,2325.0,2335.0,1758.4693603515625,98068200
2020-10-07,2310.0,2345.0,2305.0,2335.0,1758.4693603515625,48203400
2020-10-08,2360.0,2360.0,2325.0,2335.0,1758.4693603515625,42166800
2020-10-09,2350.0,2350.0,2310.0,2320.0,1747.173095703125,51010400
2020-10-12,2345.0,2355.0,2330.0,2335.0,1758.4693603515625,63289000
2020-10-13,2335.0,2390.0,2310.0,2380.0,1792.3583984375,90512400
2020-10-14,2380.0,2475.0,2380.0,2475.0,1863.90234375,133840600
2020-10-15,2475.0,2475.0,2390.0,2390.0,1799.8892822265625,106439400
2020-10-16,2425.0,2430.0,2380.0,2405.0,1811.185791015625,54115000
2020-10-19,2425.0,2450.0,2410.0,2445.0,1841.3095703125,73015200
2020-10-20,2435.0,2445.0,2405.0,2405.0,1811.185791015625,57256800
2020-10-21,2425.0,2465.0,2425.0,2440.0,1837.5439453125,89392600
2020-10-22,2415.0,2440.0,2415.0,2430.0,1830.0130615234375,44578200
2020-10-23,2430.0,2450.0,2420.0,2425.0,1826.247802734375,46222200
2020-10-26,2435.0,2460.0,2415.0,2425.0,1826.247802734375,112967200
2020-10-27,2400.0,2425.0,2365.0,2370.0,1784.827392578125,176476000
2020-11-02,2350.0,2355.0,2295.0,2330.0,1754.7039794921875,145155000
2020-11-03,2350.0,2370.0,2330.0,2335.0,1758.4693603515625,89949600
2020-11-04,2350.0,2360.0,2300.0,2310.0,1739.6419677734375,70802200
2020-11-05,2360.0,2425.0,2340.0,2415.0,1818.7166748046875,180563400
2020-11-06,2430.0,2512.5,2385.0,2480.0,1867.6678466796875,240710000
2020-11-09,2525.0,2575.0,2500.0,2550.0,1920.3841552734375,166734000
2020-11-10,2625.0,2675.0,2600.0,2662.5,2005.10693359375,251065000
2020-11-11,2687.5,2762.5,2662.5,2737.5,2061.5888671875,214751400
2020-11-12,2775.0,2775.0,2650.0,2687.5,2023.933837890625,133987600
2020-11-13,2662.5,2850.0,2637.5,2825.0,2127.484375,198407400
2020-11-16,2875.0,2925.0,2825.0,2837.5,2136.89794921875,173760800
2020-11-17,2875.0,2900.0,2837.5,2875.0,2165.138916015625,126882200
2020-11-18,2875.0,2887.5,2825.0,2862.5,2155.72509765625,97499400
2020-11-19,2837.5,2900.0,2825.0,2875.0,2165.138916015625,122667200
2020-11-20,2850.0,2900.0,2825.0,2837.5,2136.89794921875,106282800
2020-11-23,2837.5,2987.5,2812.5,2950.0,2221.620849609375,165072200
2020-11-24,2987.5,2987.5,2950.0,2975.0,2240.447998046875,123975400
2020-11-25,3000.0,3087.5,3000.0,3025.0,2278.102783203125,202412800
2020-11-26,3025.0,3175.0,3012.5,3150.0,2372.239013671875,133546200
2020-11-27,3150.0,3187.5,3100.0,3175.0,2391.066650390625,129836400
2020-11-30,3175.0,3175.0,2975.0,3000.0,2259.275146484375,320814200
2020-12-01,3037.5,3125.0,2962.5,3125.0,2353.41162109375,199570600
2020-12-02,3150.0,3187.5,3100.0,3175.0,2391.066650390625,103987400
2020-12-03,3187.5,3250.0,3150.0,3175.0,2391.066650390625,128300400
2020-12-04,3162.5,3212.5,3100.0,3175.0,2391.066650390625,87823400
2020-12-07,3250.0,3337.5,3225.0,3325.0,2504.0302734375,121274800
2020-12-08,3325.0,3350.0,3275.0,3325.0,2504.0302734375,70337400
2020-12-10,3325.0,3350.0,3287.5,3300.0,2485.202880859375,97416000
2020-12-11,3325.0,3350.0,3275.0,3287.5,2475.7890625,62718600
2020-12-14,3287.5,3312.5,3225.0,3287.5,2475.7890625,118385600
2020-12-15,3262.5,3275.0,3225.0,3250.0,2447.54833984375,83508200
2020-12-16,3275.0,3337.5,3275.0,3337.5,2513.44384765625,98639200
2020-12-17,3350.0,3375.0,3300.0,3337.5,2513.44384765625,81480800
2020-12-18,3312.5,3350.0,3300.0,3325.0,2504.0302734375,56371400
2020-12-21,3337.5,3362.5,3287.5,3300.0,2485.202880859375,68494800
2020-12-22,3262.5,3287.5,3137.5,3150.0,2372.239013671875,127411600
2020-12-23,3150.0,3212.5,2975.0,3125.0,2353.41162109375,111054800
2020-12-28,3200.0,3225.0,3075.0,3225.0,2428.720947265625,61917400
2020-12-29,3225.0,3237.5,3125.0,3150.0,2372.239013671875,51736600
2020-12-30,3150.0,3175.0,3075.0,3087.5,2325.1708984375,76480000
2021-01-04,3125.0,3200.0,3050.0,3187.5,2400.480224609375,81711400
2021-01-05,3200.0,3250.0,3150.0,3250.0,2447.54833984375,68509200
2021-01-06,3262.5,3275.0,3100.0,3200.0,2409.893798828125,74299600
2021-01-07,3237.5,3250.0,3175.0,3212.5,2419.30712890625,74138800
2021-01-08,3212.5,3250.0,3187.5,3237.5,2438.135009765625,72826800
2021-01-11,3237.5,3300.0,3225.0,3262.5,2456.9619140625,149359200
2021-01-12,3300.0,3337.5,3237.5,3250.0,2447.54833984375,120481200
2021-01-13,3262.5,3300.0,3237.5,3262.5,2456.9619140625,84618200
2021-01-14,3262.5,3300.0,3212.5,3225.0,2428.720947265625,68392400
2021-01-15,3225.0,3250.0,3125.0,3162.5,2381.65283203125,105609800
2021-01-18,3150.0,3187.5,3100.0,3150.0,2372.239013671875,80840600
2021-01-19,3150.0,3187.5,3075.0,3112.5,2343.998046875,88881200
2021-01-20,3100.0,3237.5,3100.0,3212.5,2419.30712890625,109658000
2021-01-21,3250.0,3287.5,3212.5,3212.5,2419.30712890625,59591200
2021-01-22,3200.0,3225.0,3125.0,3137.5,2362.82568359375,89496000
2021-01-25,3137.5,3150.0,3062.5,3112.5,2343.998046875,62801600
2021-01-26,3112.5,3137.5,3000.0,3037.5,2287.5166015625,94759800
2021-01-27,3037.5,3050.0,2912.5,2987.5,2249.86181640625,121073600
2021-01-28,2900.0,2975.0,2850.0,2887.5,2174.552490234375,105682200
2021-01-29,2900.0,2987.5,2725.0,2775.0,2089.829833984375,155809200
2021-02-01,2775.0,2937.5,2625.0,2925.0,2202.79345703125,153317600
2021-02-02,2937.5,3025.0,2925.0,2950.0,2221.620849609375,113771800
2021-02-03,3025.0,3200.0,2987.5,3150.0,2372.239013671875,239553600
2021-02-04,3162.5,3175.0,3087.5,3137.5,2362.82568359375,100262200
2021-02-05,3175.0,3187.5,3112.5,3150.0,2372.239013671875,46060200
2021-02-08,3150.0,3187.5,3137.5,3150.0,2372.239013671875,44851400
2021-02-09,3137.5,3200.0,3100.0,3112.5,2343.998046875,86257400
2021-02-10,3112.5,3137.5,3075.0,3100.0,2334.58447265625,30024200
2021-02-11,3125.0,3125.0,3075.0,3100.0,2334.58447265625,26663000
2021-02-15,3125.0,3162.5,3087.5,3112.5,2343.998046875,53067000
2021-02-16,3125.0,3187.5,3087.5,3175.0,2391.066650390625,75821200
2021-02-17,3187.5,3200.0,3075.0,3075.0,2315.75732421875,89886200
2021-02-18,3050.0,3100.0,3000.0,3012.5,2268.688720703125,64395600
2021-02-19,3000.0,3025.0,2962.5,3000.0,2259.275146484375,51525600
2021-02-22,3000.0,3037.5,2962.5,2962.5,2231.034423828125,69472200
2021-02-23,2962.5,3000.0,2950.0,2975.0,2240.447998046875,38327600
2021-02-24,2987.5,3050.0,2987.5,3037.5,2287.5166015625,62323600
2021-02-25,3075.0,3100.0,3037.5,3037.5,2287.5166015625,68416400
2021-02-26,2975.0,3050.0,2962.5,2975.0,2240.447998046875,135017000
2021-03-01,3000.0,3112.5,2987.5,3112.5,2343.998046875,82388800
2021-03-02,3137.5,3150.0,3050.0,3075.0,2315.75732421875,57119200
2021-03-03,3075.0,3100.0,3012.5,3012.5,2268.688720703125,64855000
2021-03-04,3012.5,3037.5,2987.5,3000.0,2259.275146484375,35366800
2021-03-05,2950.0,3025.0,2937.5,3000.0,2259.275146484375,48207200
2021-03-08,3037.5,3050.0,3000.0,3000.0,2259.275146484375,24737800
2021-03-09,3037.5,3050.0,2962.5,2987.5,2249.86181640625,43320000
2021-03-10,3012.5,3050.0,2975.0,3025.0,2278.102783203125,30935000
2021-03-12,3062.5,3100.0,3025.0,3075.0,2315.75732421875,74997200
2021-03-15,3100.0,3175.0,3075.0,3162.5,2381.65283203125,133769600
2021-03-16,3162.5,3187.5,3100.0,3112.5,2343.998046875,56139400
2021-03-17,3112.5,3112.5,3050.0,3050.0,2296.93017578125,44703400
2021-03-18,3100.0,3162.5,3075.0,3137.5,2362.82568359375,88289600
2021-03-19,3125.0,3137.5,3075.0,3075.0,2315.75732421875,59625600
2021-03-22,3087.5,3112.5,3037.5,3050.0,2296.93017578125,40516200
2021-03-23,3050.0,3100.0,3037.5,3050.0,2296.93017578125,38971000
2021-03-24,3025.0,3050.0,2975.0,2975.0,2240.447998046875,64499200
2021-03-25,3000.0,3000.0,2937.5,2950.0,2221.620849609375,46671400
2021-03-26,2987.5,3050.0,2950.0,3025.0,2278.102783203125,37882400
2021-03-29,3025.0,3075.0,3000.0,3025.0,2278.102783203125,34467400
2021-03-30,3000.0,3025.0,2887.5,2900.0,2183.96630859375,80632200
2021-03-31,2900.0,2925.0,2775.0,2862.5,2155.72509765625,87859400
2021-04-01,2862.5,2912.5,2812.5,2837.5,2136.89794921875,42609800
2021-04-05,2887.5,2900.0,2837.5,2875.0,2165.138916015625,29858600
2021-04-06,2900.0,2950.0,2875.0,2912.5,2193.3798828125,36015000
2021-04-07,2950.0,2950.0,2862.5,2887.5,2174.552490234375,35170000
2021-04-08,2875.0,2912.5,2862.5,2900.0,2200.742431640625,32473000
2021-04-09,2925.0,3050.0,2912.5,3000.0,2276.6298828125,99272400
2021-04-12,3012.5,3025.0,2912.5,2925.0,2219.71435546875,43708800
2021-04-13,2925.0,2937.5,2862.5,2900.0,2200.742431640625,36617000
2021-04-14,2912.5,2975.0,2900.0,2950.0,2238.686279296875,42649600
2021-04-15,2975.0,3012.5,2950.0,2987.5,2267.14404296875,35951800
2021-04-16,3012.5,3025.0,2937.5,2975.0,2257.657958984375,35331800
2021-04-19,2950.0,2987.5,2912.5,2937.5,2229.2001953125,23835600
2021-04-20,2937.5,2962.5,2900.0,2962.5,2248.172119140625,16545000
2021-04-21,2937.5,2937.5,2875.0,2887.5,2191.25634765625,26455400
2021-04-22,2900.0,2912.5,2825.0,2837.5,2153.3125,57216600
2021-04-23,2837.5,2900.0,2837.5,2887.5,2191.25634765625,37571600
2021-04-26,2925.0,2925.0,2850.0,2862.5,2172.284423828125,29762200
2021-04-27,2900.0,2950.0,2875.0,2950.0,2238.686279296875,61601400
2021-04-28,2950.0,2950.0,2900.0,2912.5,2210.228271484375,34861800
2021-04-29,2937.5,2962.5,2912.5,2937.5,2229.2001953125,22594200
2021-04-30,2937.5,2937.5,2825.0,2850.0,2162.79833984375,51811400
2021-05-03,2850.0,2862.5,2775.0,2787.5,2115.368408203125,47424400
2021-05-04,2787.5,2812.5,2762.5,2812.5,2134.3408203125,34481200
2021-05-05,2825.0,2862.5,2800.0,2837.5,2153.3125,38031800
2021-05-06,2875.0,2887.5,2837.5,2850.0,2162.79833984375,30785200
2021-05-07,2875.0,2875.0,2800.0,2800.0,2124.854736328125,29105000
2021-05-10,2800.0,2825.0,2775.0,2787.5,2115.368408203125,28382000
2021-05-11,2787.5,2787.5,2750.0,2762.5,2096.39697265625,25122800
2021-05-17,2787.5,2825.0,2725.0,2750.0,2086.910888671875,53778600
2021-05-18,2750.0,2775.0,2700.0,2725.0,2067.939208984375,26061200
2021-05-19,2700.0,2712.5,2600.0,2625.0,1992.05126953125,58396200
2021-05-20,2600.0,2662.5,2587.5,2625.0,1992.05126953125,47329400
2021-05-21,2650.0,2700.0,2625.0,2662.5,2020.5091552734375,51714600
2021-05-24,2687.5,2687.5,2650.0,2650.0,2011.0230712890625,29090200
2021-05-25,2650.0,2750.0,2650.0,2662.5,2020.5091552734375,47884600
2021-05-27,2687.5,2750.0,2575.0,2575.0,1954.107666015625,161699000
2021-05-28,2637.5,2650.0,2600.0,2600.0,1973.0797119140625,43171200
2021-05-31,2612.5,2750.0,2600.0,2700.0,2048.967041015625,69536200
2021-06-02,2750.0,2787.5,2712.5,2775.0,2105.8828125,76636200
2021-06-03,2787.5,2875.0,2737.5,2875.0,2181.7705078125,54852600
2021-06-04,2850.0,2875.0,2800.0,2812.5,2134.3408203125,60249000
2021-06-07,2812.5,2825.0,2737.5,2762.5,2096.39697265625,29282200
2021-06-08,2775.0,2787.5,2737.5,2762.5,2096.39697265625,39074200
2021-06-09,2787.5,2825.0,2750.0,2812.5,2134.3408203125,31051200
2021-06-10,2825.0,2850.0,2800.0,2837.5,2153.3125,36977200
2021-06-11,2837.5,2850.0,2800.0,2837.5,2153.3125,37208800
2021-06-14,2837.5,2837.5,2762.5,2775.0,2105.8828125,37052800
2021-06-15,2775.0,2787.5,2750.0,2762.5,2096.39697265625,28499000
2021-06-16,2750.0,2762.5,2662.5,2687.5,2039.480712890625,41794200
2021-06-17,2675.0,2675.0,2612.5,2625.0,1992.05126953125,51324600
2021-06-18,2612.5,2612.5,2445.0,2470.0,1874.425537109375,309557000
2021-06-21,2445.0,2495.0,2390.0,2485.0,1885.80859375,106378400
2021-06-22,2500.0,2512.5,2455.0,2475.0,1878.219970703125,73577200
2021-06-23,2485.0,2485.0,2425.0,2425.0,1840.276123046875,79150800
2021-06-24,2425.0,2445.0,2395.0,2410.0,1828.8927001953125,58488200
2021-06-25,2410.0,2440.0,2380.0,2380.0,1806.12646484375,55871200
2021-06-28,2375.0,2375.0,2290.0,2290.0,1737.8275146484375,107955600
2021-06-29,2290.0,2330.0,2280.0,2290.0,1737.8275146484375,51061600
2021-06-30,2290.0,2340.0,2290.0,2315.0,1756.7994384765625,75289400
2021-07-01,2315.0,2390.0,2315.0,2350.0,1783.3602294921875,58895400
2021-07-02,2350.0,2430.0,2350.0,2415.0,1832.6871337890625,70071000
2021-07-05,2415.0,2420.0,2350.0,2360.0,1790.9490966796875,49599400
2021-07-06,2365.0,2375.0,2340.0,2355.0,1787.1546630859375,53836400
2021-07-07,2355.0,2380.0,2340.0,2365.0,1794.7432861328125,40015800
2021-07-08,2375.0,2415.0,2360.0,2380.0,1806.12646484375,50402000
2021-07-09,2380.0,2380.0,2310.0,2320.0,1760.593994140625,56642000
2021-07-12,2325.0,2355.0,2300.0,2350.0,1783.3602294921875,50318200
2021-07-13,2360.0,2375.0,2320.0,2335.0,1771.97705078125,35251400
2021-07-14,2310.0,2320.0,2280.0,2290.0,1737.8275146484375,47666600
2021-07-15,2290.0,2385.0,2290.0,2360.0,1790.9490966796875,69427000
2021-07-16,2375.0,2415.0,2370.0,2405.0,1825.098388671875,52095400
2021-07-19,2405.0,2425.0,2380.0,2410.0,1828.8927001953125,35613800
2021-07-21,2410.0,2480.0,2410.0,2450.0,1859.2479248046875,72049800
2021-07-22,2512.5,2625.0,2512.5,2575.0,1954.107666015625,121692000
2021-07-23,2575.0,2600.0,2525.0,2537.5,1925.649658203125,40381400
2021-07-26,2550.0,2562.5,2500.0,2525.0,1916.1634521484375,37694000
2021-07-27,2550.0,2550.0,2500.0,2512.5,1906.677734375,29688200
2021-07-28,2512.5,2525.0,2455.0,2480.0,1882.014404296875,49192200
2021-07-29,2475.0,2512.5,2455.0,2465.0,1870.6309814453125,29831400
2021-07-30,2450.0,2465.0,2385.0,2390.0,1813.7152099609375,84261600
2021-08-02,2390.0,2415.0,2375.0,2410.0,1828.8927001953125,27577000
2021-08-03,2410.0,2485.0,2400.0,2475.0,1878.219970703125,37556000
2021-08-04,2490.0,2537.5,2465.0,2525.0,1916.1634521484375,42847800
2021-08-05,2525.0,2612.5,2525.0,2600.0,1973.0797119140625,84034200
2021-08-06,2612.5,2625.0,2525.0,2562.5,1944.6212158203125,37009400
2021-08-09,2575.0,2575.0,2480.0,2490.0,1889.602783203125,33795000
2021-08-10,2500.0,2525.0,2475.0,2495.0,1893.397216796875,23582400
2021-08-12,2525.0,2550.0,2495.0,2537.5,1925.649658203125,20368000
2021-08-13,2562.5,2575.0,2525.0,2550.0,1935.1356201171875,17836000
2021-08-16,2575.0,2587.5,2512.5,2575.0,1954.107666015625,27000000
2021-08-18,2587.5,2712.5,2575.0,2712.5,2058.453125,125505200
2021-08-19,2700.0,2712.5,2587.5,2650.0,2011.0230712890625,95932200
2021-08-20,2650.0,2725.0,2600.0,2712.5,2058.453125,55731800
2021-08-23,2725.0,2737.5,2637.5,2675.0,2029.9951171875,40378000
2021-08-24,2675.0,2687.5,2625.0,2662.5,2020.5091552734375,32190600
2021-08-25,2662.5,2675.0,2612.5,2625.0,1992.05126953125,22969800
2021-08-26,2637.5,2650.0,2575.0,2612.5,1982.5655517578125,33832400
2021-08-27,2637.5,2675.0,2612.5,2650.0,2011.0230712890625,37452800
2021-08-30,2687.5,2712.5,2650.0,2700.0,2048.967041015625,47411800
2021-08-31,2700.0,2712.5,2650.0,2700.0,2048.967041015625,42541400
2021-09-01,2700.0,2712.5,2650.0,2662.5,2020.5091552734375,16831200
2021-09-02,2687.5,2687.5,2612.5,2625.0,1992.05126953125,32874400
2021-09-03,2637.5,2737.5,2625.0,2725.0,2067.939208984375,50949800
2021-09-06,2725.0,2750.0,2712.5,2725.0,2067.939208984375,38296400
2021-09-07,2737.5,2750.0,2687.5,2700.0,2048.967041015625,48409200
2021-09-08,2700.0,2700.0,2625.0,2662.5,2020.5091552734375,38505400
2021-09-09,2662.5,2712.5,2637.5,2700.0,2048.967041015625,39836600
2021-09-10,2700.0,2737.5,2675.0,2725.0,2067.939208984375,34009400
2021-09-13,2700.0,2712.5,2675.0,2700.0,2048.967041015625,17832600
2021-09-14,2700.0,2725.0,2700.0,2700.0,2048.967041015625,17803800
2021-09-15,2675.0,2687.5,2650.0,2675.0,2029.9951171875,32731600
2021-09-16,2675.0,2687.5,2625.0,2637.5,2001.537353515625,31792000
2021-09-17,2625.0,2662.5,2612.5,2650.0,2011.0230712890625,36439800
2021-09-20,2625.0,2637.5,2562.5,2575.0,1954.107666015625,44196800
2021-09-21,2550.0,2562.5,2512.5,2562.5,1944.6212158203125,54314200
2021-09-22,2562.5,2587.5,2525.0,2575.0,1954.107666015625,41978200
2021-09-23,2587.5,2600.0,2550.0,2562.5,1944.6212158203125,61940400
2021-09-24,2562.5,2587.5,2537.5,2550.0,1935.1356201171875,39455000
2021-09-27,2550.0,2562.5,2512.5,2537.5,1925.649658203125,26683200
2021-09-28,2537.5,2562.5,2525.0,2525.0,1916.1634521484375,27900800
2021-09-29,2512.5,2625.0,2512.5,2612.5,1982.5655517578125,42313400
2021-09-30,2612.5,2687.5,2600.0,2687.5,2039.480712890625,69114400
2021-10-01,2687.5,2687.5,2662.5,2675.0,2029.9951171875,28026800
2021-10-04,2675.0,2900.0,2675.0,2850.0,2162.79833984375,147876600
2021-10-05,2837.5,2875.0,2812.5,2850.0,2162.79833984375,65757000
2021-10-06,2875.0,3100.0,2850.0,3000.0,2276.6298828125,222205600
2021-10-07,3000.0,3037.5,2950.0,2987.5,2267.14404296875,84459800
2021-10-08,3025.0,3100.0,3012.5,3075.0,2333.5458984375,96927800
2021-10-11,3075.0,3212.5,3075.0,3200.0,2428.405517578125,146990800
2021-10-12,3200.0,3250.0,3162.5,3200.0,2428.405517578125,144795200
2021-10-13,3250.0,3400.0,3200.0,3337.5,2532.7509765625,297783800
2021-10-14,3337.5,3437.5,3337.5,3437.5,2608.638427734375,156735200
2021-10-15,3475.0,3487.5,3325.0,3375.0,2561.208740234375,118737200
2021-10-18,3437.5,3587.5,3412.5,3537.5,2684.526123046875,206314600
2021-10-19,3575.0,3612.5,3512.5,3612.5,2741.442138671875,128186800
2021-10-21,3675.0,3725.0,3625.0,3662.5,2779.385986328125,140777400
2021-10-22,3662.5,3737.5,3562.5,3725.0,2826.8154296875,95312000
2021-10-25,3737.5,3787.5,3675.0,3675.0,2788.871826171875,97000800
2021-10-26,3675.0,3700.0,3600.0,3637.5,2760.41357421875,52453800
2021-10-27,3612.5,3625.0,3525.0,3537.5,2684.526123046875,95347600
2021-10-28,3512.5,3537.5,3462.5,3525.0,2675.040283203125,78045400
2021-10-29,3587.5,3587.5,3425.0,3500.0,2656.068359375,118294800
2021-11-01,3512.5,3512.5,3412.5,3425.0,2599.152587890625,69669000
2021-11-02,3425.0,3475.0,3362.5,3400.0,2580.1806640625,60944600
2021-11-03,3400.0,3525.0,3362.5,3512.5,2665.554443359375,93339800
2021-11-04,3537.5,3562.5,3500.0,3500.0,2656.068359375,54733000
2021-11-05,3500.0,3512.5,3437.5,3475.0,2637.096435546875,32817000
2021-11-08,3500.0,3562.5,3462.5,3525.0,2675.040283203125,49871600
2021-11-09,3525.0,3537.5,3487.5,3525.0,2675.040283203125,24198600
2021-11-10,3500.0,3537.5,3462.5,3537.5,2684.526123046875,25594600
2021-11-11,3500.0,3562.5,3500.0,3512.5,2665.554443359375,31442200
2021-11-12,3512.5,3525.0,3450.0,3450.0,2618.12451171875,46965800
2021-11-15,3425.0,3462.5,3400.0,3400.0,2580.1806640625,49796800
2021-11-16,3400.0,3475.0,3375.0,3437.5,2608.638427734375,38494800
2021-11-17,3475.0,3500.0,3450.0,3500.0,2656.068359375,40673800
2021-11-18,3500.0,3500.0,3450.0,3462.5,2627.61083984375,21636600
2021-11-19,3475.0,3525.0,3462.5,3512.5,2665.554443359375,47973200
2021-11-22,3512.5,3600.0,3500.0,3587.5,2722.469970703125,105224000
2021-11-23,3587.5,3600.0,3500.0,3500.0,2656.068359375,64255400
2021-11-24,3537.5,3562.5,3512.5,3537.5,2684.526123046875,39856200
2021-11-25,3537.5,3637.5,3525.0,3587.5,2722.469970703125,94781000
2021-11-26,3562.5,3562.5,3425.0,3437.5,2608.638427734375,136419000
2021-11-29,3437.5,3512.5,3375.0,3475.0,2637.096435546875,110182000
2021-11-30,3500.0,3500.0,3400.0,3400.0,2580.1806640625,103074800
2021-12-01,3400.0,3450.0,3300.0,3325.0,2523.26513671875,102525600
2021-12-02,3325.0,3437.5,3275.0,3412.5,2589.66650390625,80505200
2021-12-03,3425.0,3437.5,3362.5,3362.5,2551.72314453125,25241800
2021-12-06,3362.5,3462.5,3362.5,3425.0,2599.152587890625,53587600
2021-12-07,3450.0,3525.0,3425.0,3525.0,2675.040283203125,52704600
2021-12-08,3525.0,3537.5,3425.0,3425.0,2599.152587890625,69263600
2021-12-09,3450.0,3450.0,3400.0,3412.5,2589.66650390625,22996000
2021-12-10,3400.0,3425.0,3375.0,3387.5,2570.69482421875,44792200
2021-12-13,3425.0,3475.0,3400.0,3425.0,2599.152587890625,44218400
2021-12-14,3425.0,3450.0,3387.5,3437.5,2608.638427734375,28209200
2021-12-15,3425.0,3487.5,3412.5,3437.5,2608.638427734375,39056400
2021-12-16,3462.5,3475.0,3375.0,3375.0,2561.208740234375,44312200
2021-12-17,3375.0,3425.0,3362.5,3375.0,2561.208740234375,46617600
2021-12-20,3375.0,3387.5,3325.0,3362.5,2551.72314453125,42364800
2021-12-21,3362.5,3400.0,3337.5,3350.0,2542.23681640625,27763600
2021-12-22,3375.0,3387.5,3300.0,3312.5,2513.77880859375,36773200
2021-12-23,3312.5,3337.5,3312.5,3325.0,2523.26513671875,20865200
2021-12-24,3325.0,3362.5,3287.5,3362.5,2551.72314453125,27466400
2021-12-27,3362.5,3375.0,3337.5,3375.0,2561.208740234375,21300600
2021-12-28,3375.0,3387.5,3350.0,3350.0,2542.23681640625,29432600
2021-12-29,3350.0,3375.0,3337.5,3362.5,2551.72314453125,16851800
2021-12-30,3362.5,3387.5,3337.5,3375.0,2561.208740234375,23619400
2022-01-03,3375.0,3400.0,3350.0,3362.5,2551.72314453125,23056600
2022-01-04,3400.0,3525.0,3387.5,3512.5,2665.554443359375,103142000
2022-01-05,3512.5,3525.0,3425.0,3475.0,2637.096435546875,71824800
2022-01-06,3475.0,3500.0,3412.5,3475.0,2637.096435546875,44384800
2022-01-07,3500.0,3550.0,3462.5,3537.5,2684.526123046875,67311600
2022-01-10,3537.5,3587.5,3512.5,3525.0,2675.040283203125,63924600
2022-01-11,3525.0,3562.5,3487.5,3512.5,2665.554443359375,38404400
2022-01-12,3525.0,3550.0,3487.5,3525.0,2675.040283203125,28322200
2022-01-13,3525.0,3537.5,3500.0,3512.5,2665.554443359375,25598400
2022-01-14,3512.5,3575.0,3487.5,3550.0,2694.012451171875,39342200
2022-01-17,3562.5,3600.0,3525.0,3600.0,2731.956298828125,92592800
2022-01-18,3600.0,3625.0,3462.5,3537.5,2684.526123046875,70206600
2022-01-19,3512.5,3550.0,3475.0,3550.0,2694.012451171875,44159000
2022-01-20,3550.0,3575.0,3487.5,3575.0,2712.98388671875,33241200
2022-01-21,3562.5,3587.5,3525.0,3587.5,2722.469970703125,21681400
2022-01-24,3562.5,3562.5,3512.5,3550.0,2694.012451171875,40845000
2022-01-25,3550.0,3550.0,3387.5,3400.0,2580.1806640625,144670400
2022-01-26,3437.5,3562.5,3425.0,3562.5,2703.498291015625,107417000
2022-01-27,3550.0,3650.0,3525.0,3600.0,2731.956298828125,97516000
2022-01-28,3600.0,3750.0,3600.0,3750.0,2845.78759765625,127578000
2022-01-31,3750.0,3762.5,3662.5,3662.5,2779.385986328125,60466600
2022-02-02,3662.5,3700.0,3650.0,3687.5,2798.357666015625,38728000
2022-02-03,3662.5,3675.0,3612.5,3650.0,2769.89990234375,32303800
2022-02-04,3637.5,3675.0,3612.5,3662.5,2779.385986328125,21974000
2022-02-07,3662.5,3712.5,3662.5,3687.5,2798.357666015625,57166000
2022-02-08,3712.5,3800.0,3700.0,3750.0,2845.78759765625,131125400
2022-02-09,3762.5,3812.5,3712.5,3787.5,2874.24560546875,110157800
2022-02-10,3825.0,3875.0,3787.5,3837.5,2912.189208984375,142626800
2022-02-11,3825.0,3887.5,3787.5,3850.0,2921.675048828125,70289600
2022-02-14,3837.5,3850.0,3800.0,3850.0,2921.675048828125,72269600
2022-02-15,3875.0,3975.0,3862.5,3962.5,3007.048828125,136495000
2022-02-16,3975.0,3987.5,3950.0,3975.0,3016.534912109375,93191200
2022-02-17,3975.0,3975.0,3887.5,3950.0,2997.562744140625,41691800
2022-02-18,3950.0,3987.5,3912.5,3987.5,3026.02099609375,39658800
2022-02-21,3950.0,4000.0,3925.0,3950.0,2997.562744140625,49586600
2022-02-22,3900.0,3925.0,3850.0,3875.0,2940.64697265625,62886200
2022-02-23,3887.5,3962.5,3887.5,3962.5,3007.048828125,71828400
2022-02-24,3950.0,4000.0,3850.0,3912.5,2969.10498046875,166483000
2022-02-25,3912.5,4000.0,3900.0,4000.0,3035.506591796875,94301200
2022-03-01,4100.0,4100.0,3962.5,3962.5,3007.048828125,74543000
2022-03-02,3925.0,3950.0,3875.0,3887.5,2950.133056640625,79796000
2022-03-04,3925.0,3962.5,3900.0,3950.0,2997.562744140625,60579000
2022-03-07,3900.0,3950.0,3850.0,3862.5,2931.1611328125,76482800
2022-03-08,3850.0,3912.5,3762.5,3800.0,2883.7314453125,86761000
2022-03-09,3775.0,3950.0,3775.0,3887.5,2950.133056640625,78102800
2022-03-10,3925.0,3950.0,3862.5,3887.5,2950.133056640625,38764200
2022-03-11,3925.0,3987.5,3887.5,3975.0,3016.534912109375,61069000
2022-03-14,3987.5,4100.0,3900.0,4050.0,3073.45068359375,107659400
2022-03-15,4050.0,4100.0,4012.5,4037.5,3063.96435546875,67142400
2022-03-16,4050.0,4200.0,4050.0,4175.0,3168.309814453125,129432200
2022-03-17,4225.0,4250.0,4100.0,4112.5,3120.88037109375,63973200
2022-03-18,4125.0,4175.0,4050.0,4150.0,3149.338134765625,117918600
2022-03-21,4162.5,4175.0,4025.0,4037.5,3063.96435546875,60900600
2022-03-22,4037.5,4050.0,4000.0,4012.5,3044.992431640625,44859000
2022-03-23,4000.0,4037.5,3987.5,4037.5,3063.96435546875,71597200
2022-03-24,4000.0,4125.0,3975.0,4112.5,3178.465576171875,91401400
2022-03-25,4112.5,4137.5,4050.0,4112.5,3178.465576171875,58910800
2022-03-28,4150.0,4262.5,4112.5,4250.0,3284.736328125,95596200
2022-03-29,4250.0,4275.0,4187.5,4187.5,3236.431396484375,37284800
2022-03-30,4225.0,4287.5,4162.5,4200.0,3246.092529296875,52844800
2022-03-31,4212.5,4225.0,4125.0,4125.0,3188.126220703125,53597400
2022-04-01,4125.0,4225.0,4062.5,4100.0,3168.804443359375,68466400
2022-04-04,4100.0,4262.5,4100.0,4212.5,3255.75341796875,69486600
2022-04-05,4212.5,4225.0,4150.0,4187.5,3236.431396484375,29250200
2022-04-06,4137.5,4150.0,4062.5,4075.0,3149.482421875,69207400
2022-04-07,4075.0,4150.0,4037.5,4150.0,3207.4482421875,53820600
2022-04-08,4162.5,4225.0,4125.0,4212.5,3255.75341796875,83823600
2022-04-11,4250.0,4250.0,4175.0,4200.0,3246.092529296875,71495400
2022-04-12,4200.0,4237.5,4137.5,4212.5,3255.75341796875,55549200
2022-04-13,4262.5,4262.5,4187.5,4225.0,3265.4140625,57121000
2022-04-14,4225.0,4250.0,4175.0,4200.0,3246.092529296875,35981200
2022-04-18,4200.0,4212.5,4175.0,4212.5,3255.75341796875,42492600
2022-04-19,4200.0,4225.0,4162.5,4200.0,3246.092529296875,44256000
2022-04-20,4250.0,4512.5,4225.0,4487.5,3468.294677734375,138547200
2022-04-21,4500.0,4700.0,4500.0,4687.5,3622.870849609375,132273800
2022-04-22,4650.0,4725.0,4625.0,4675.0,3613.2099609375,85603200
2022-04-25,4662.5,4950.0,4587.5,4750.0,3671.17578125,155795400
2022-04-26,4750.0,4850.0,4737.5,4800.0,3709.820068359375,79762000
2022-04-27,4800.0,4812.5,4700.0,4725.0,3651.853759765625,103426600
2022-04-28,4725.0,4775.0,4575.0,4612.5,3564.90478515625,140241600
2022-05-09,4500.0,4500.0,4325.0,4412.5,3410.3291015625,209052000
2022-05-10,4175.0,4450.0,4175.0,4450.0,3439.31201171875,166343000
2022-05-11,4475.0,4600.0,4375.0,4387.5,3391.007080078125,69604200
2022-05-12,4400.0,4400.0,4087.5,4100.0,3168.804443359375,219025000
2022-05-13,4100.0,4137.5,4025.0,4125.0,3188.126220703125,110677200
2022-05-17,4175.0,4325.0,4100.0,4225.0,3265.4140625,87783400
2022-05-18,4275.0,4437.5,4250.0,4375.0,3381.34619140625,106075600
2022-05-19,4275.0,4400.0,4225.0,4337.5,3352.36328125,64859200
2022-05-20,4350.0,4462.5,4350.0,4387.5,3391.007080078125,70372000
2022-05-23,4387.5,4487.5,4337.5,4425.0,3419.990234375,60898200
2022-05-24,4512.5,4587.5,4475.0,4537.5,3506.939208984375,58031400
2022-05-25,4487.5,4575.0,4437.5,4462.5,3448.973388671875,73700400
2022-05-27,4500.0,4687.5,4487.5,4600.0,3555.243896484375,119132800
2022-05-30,4600.0,4637.5,4512.5,4600.0,3555.243896484375,66577800
2022-05-31,4637.5,4675.0,4537.5,4587.5,3545.5830078125,173358200
2022-06-02,4525.0,4587.5,4412.5,4425.0,3419.990234375,69562600
2022-06-03,4475.0,4562.5,4450.0,4475.0,3458.63427734375,44234800
2022-06-06,4450.0,4487.5,4350.0,4450.0,3439.31201171875,70969000
2022-06-07,4550.0,4550.0,4412.5,4450.0,3439.31201171875,59999400
2022-06-08,4475.0,4500.0,4425.0,4500.0,3477.956298828125,36033000
2022-06-09,4425.0,4500.0,4337.5,4337.5,3352.36328125,104568600
2022-06-10,4237.5,4250.0,4125.0,4150.0,3207.4482421875,148581400
2022-06-13,4025.0,4137.5,3962.5,4125.0,3188.126220703125,168106400
2022-06-14,4137.5,4200.0,4075.0,4137.5,3197.78759765625,89451800
2022-06-15,4137.5,4150.0,4062.5,4137.5,3197.78759765625,50537200
2022-06-16,4200.0,4237.5,4125.0,4125.0,3188.126220703125,70161000
2022-06-17,4062.5,4125.0,4050.0,4087.5,3159.143310546875,85689800
2022-06-20,4100.0,4112.5,4025.0,4062.5,3139.8212890625,54511600
2022-06-21,4087.5,4225.0,4087.5,4225.0,3265.4140625,55051400
2022-06-22,4212.5,4225.0,4062.5,4075.0,3149.482421875,62430800
2022-06-23,4087.5,4112.5,4037.5,4075.0,3149.482421875,48869800
2022-06-24,4075.0,4100.0,4050.0,4075.0,3149.482421875,46945000
2022-06-27,4087.5,4100.0,4025.0,4025.0,3110.83837890625,43368800
2022-06-28,4012.5,4087.5,4000.0,4037.5,3120.49951171875,64516600
2022-06-29,4050.0,4062.5,3937.5,4012.5,3101.177490234375,80254600
2022-06-30,4012.5,4025.0,3925.0,3925.0,3033.550537109375,51193400
2022-07-01,3925.0,3975.0,3875.0,3925.0,3033.550537109375,47117800
2022-07-04,3862.5,3875.0,3700.0,3825.0,2956.2626953125,119435800
2022-07-05,3837.5,3975.0,3825.0,3875.0,2994.906494140625,44476000
2022-07-06,3825.0,3850.0,3750.0,3825.0,2956.2626953125,61698000
2022-07-07,3800.0,3875.0,3800.0,3800.0,2936.9404296875,53792800
2022-07-08,3837.5,3862.5,3775.0,3800.0,2936.9404296875,66599600
2022-07-11,3800.0,3825.0,3750.0,3750.0,2898.296875,38983600
2022-07-12,3750.0,3812.5,3712.5,3725.0,2878.974609375,91270400
2022-07-13,3725.0,3775.0,3612.5,3612.5,2792.02587890625,70323600
2022-07-14,3612.5,3700.0,3575.0,3637.5,2811.34765625,53467400
2022-07-15,3675.0,3687.5,3625.0,3637.5,2811.34765625,91881600
2022-07-18,3637.5,3712.5,3637.5,3662.5,2830.669677734375,33885200
2022-07-19,3662.5,3737.5,3637.5,3650.0,2821.0087890625,52625000
2022-07-20,3712.5,3862.5,3700.0,3837.5,2965.923828125,99752400
2022-07-21,3900.0,3912.5,3775.0,3862.5,2985.245361328125,91623800
2022-07-22,3875.0,3900.0,3825.0,3850.0,2975.5849609375,39950200
2022-07-25,3850.0,3862.5,3800.0,3800.0,2936.9404296875,22755600
2022-07-26,3825.0,3875.0,3812.5,3837.5,2965.923828125,40742800
2022-07-27,3875.0,3912.5,3862.5,3887.5,3004.567626953125,61470200
2022-07-28,3925.0,3975.0,3912.5,3912.5,3023.8896484375,90037400
2022-07-29,3937.5,3975.0,3912.5,3925.0,3033.550537109375,96026000
2022-08-01,4050.0,4050.0,3975.0,3975.0,3072.194580078125,141365800
2022-08-02,3987.5,4037.5,3937.5,4037.5,3120.49951171875,61474600
2022-08-03,4050.0,4062.5,4000.0,4062.5,3139.8212890625,39764400
2022-08-04,4050.0,4062.5,3975.0,4000.0,3091.516357421875,71928200
2022-08-05,4012.5,4137.5,3987.5,4125.0,3188.126220703125,50346600
2022-08-08,4125.0,4137.5,4087.5,4125.0,3188.126220703125,26413800
2022-08-09,4137.5,4250.0,4125.0,4225.0,3265.4140625,80592200
2022-08-10,4162.5,4237.5,4150.0,4237.5,3275.0751953125,49372400
2022-08-11,4287.5,4300.0,4200.0,4262.5,3294.397216796875,54002400
2022-08-12,4212.5,4275.0,4200.0,4262.5,3294.397216796875,34264400
2022-08-15,4287.5,4287.5,4225.0,4275.0,3304.058349609375,43855800
2022-08-16,4262.5,4287.5,4237.5,4287.5,3313.71923828125,36326200
2022-08-18,4287.5,4362.5,4275.0,4325.0,3342.7021484375,51415600
2022-08-19,4325.0,4337.5,4250.0,4250.0,3284.736328125,33229600
2022-08-22,4187.5,4212.5,4100.0,4150.0,3207.4482421875,80695200
2022-08-23,4150.0,4200.0,4137.5,4150.0,3207.4482421875,43109000
2022-08-24,4150.0,4200.0,4125.0,4150.0,3207.4482421875,31310600
2022-08-25,4175.0,4187.5,4125.0,4137.5,3197.78759765625,18239400
2022-08-26,4162.5,4200.0,4150.0,4150.0,3207.4482421875,27294200
2022-08-29,4100.0,4150.0,4062.5,4100.0,3168.804443359375,50521600
2022-08-30,4125.0,4250.0,4112.5,4212.5,3255.75341796875,64186600
2022-08-31,4200.0,4262.5,4150.0,4262.5,3294.397216796875,88222800
2022-09-01,4287.5,4300.0,4225.0,4262.5,3294.397216796875,24754600
2022-09-02,4275.0,4375.0,4262.5,4350.0,3362.024169921875,76147000
2022-09-05,4350.0,4437.5,4287.5,4425.0,3419.990234375,40541000
2022-09-06,4425.0,4450.0,4350.0,4375.0,3381.34619140625,39143800
2022-09-07,4362.5,4362.5,4275.0,4287.5,3313.71923828125,45680600
2022-09-08,4312.5,4400.0,4300.0,4387.5,3391.007080078125,48818600
2022-09-09,4387.5,4412.5,4375.0,4400.0,3400.668212890625,66122800
2022-09-12,4450.0,4450.0,4387.5,4400.0,3400.668212890625,33164600
2022-09-13,4425.0,4500.0,4400.0,4487.5,3468.294677734375,65135200
2022-09-14,4425.0,4475.0,4387.5,4450.0,3439.31201171875,46548200
2022-09-15,4500.0,4625.0,4487.5,4587.5,3545.5830078125,154342800
2022-09-16,4550.0,4587.5,4437.5,4475.0,3458.63427734375,90832000
2022-09-19,4525.0,4537.5,4425.0,4487.5,3468.294677734375,63689800
2022-09-20,4487.5,4500.0,4450.0,4487.5,3468.294677734375,35548200
2022-09-21,4462.5,4487.5,4400.0,4487.5,3468.294677734375,33158800
2022-09-22,4487.5,4512.5,4437.5,4500.0,3477.956298828125,25991400
2022-09-23,4525.0,4525.0,4487.5,4500.0,3477.956298828125,47123200
2022-09-26,4437.5,4500.0,4375.0,4500.0,3477.956298828125,77318600
2022-09-27,4525.0,4525.0,4412.5,4500.0,3477.956298828125,42385400
2022-09-28,4500.0,4550.0,4450.0,4500.0,3477.956298828125,74439000
2022-09-29,4500.0,4525.0,4462.5,4487.5,3468.294677734375,24479200
2022-09-30,4475.0,4525.0,4400.0,4487.5,3468.294677734375,45655600
2022-10-03,4487.5,4500.0,4412.5,4450.0,3439.31201171875,28349400
2022-10-04,4462.5,4500.0,4425.0,4425.0,3419.990234375,58380200
2022-10-05,4450.0,4487.5,4425.0,4425.0,3419.990234375,64983000
2022-10-06,4450.0,4475.0,4400.0,4450.0,3439.31201171875,23969000
2022-10-07,4425.0,4437.5,4375.0,4387.5,3391.007080078125,36556000
2022-10-10,4350.0,4387.5,4325.0,4375.0,3381.34619140625,32778000
2022-10-11,4375.0,4375.0,4300.0,4350.0,3362.024169921875,56959000
2022-10-12,4337.5,4387.5,4300.0,4325.0,3342.7021484375,46026200
2022-10-13,4350.0,4437.5,4337.5,4375.0,3381.34619140625,60923600
2022-10-14,4412.5,4425.0,4212.5,4212.5,3255.75341796875,49869400
2022-10-17,4212.5,4312.5,4175.0,4287.5,3313.71923828125,46023600
2022-10-18,4287.5,4350.0,4287.5,4337.5,3352.36328125,34089400
2022-10-19,4362.5,4400.0,4300.0,4387.5,3391.007080078125,26287200
2022-10-20,4350.0,4537.5,4350.0,4500.0,3477.956298828125,74454000
2022-10-21,4500.0,4587.5,4487.5,4500.0,3477.956298828125,67147400
2022-10-24,4512.5,4712.5,4512.5,4675.0,3613.2099609375,93991000
2022-10-25,4775.0,4837.5,4712.5,4712.5,3642.19287109375,79026600
2022-10-26,4750.0,4750.0,4612.5,4612.5,3564.90478515625,57301400
2022-10-27,4625.0,4737.5,4612.5,4675.0,3613.2099609375,32568200
2022-10-28,4675.0,4687.5,4562.5,4662.5,3603.548828125,67024200
2022-10-31,4700.0,4737.5,4675.0,4700.0,3632.53173828125,57043600
2022-11-01,4700.0,4750.0,4625.0,4700.0,3632.53173828125,41443800
2022-11-02,4700.0,4700.0,4575.0,4625.0,3574.56591796875,49775000
2022-11-03,4625.0,4700.0,4587.5,4650.0,3593.88818359375,47748600
2022-11-04,4637.5,4650.0,4612.5,4637.5,3584.226806640625,33068200
2022-11-07,4637.5,4675.0,4612.5,4637.5,3584.226806640625,43164600
2022-11-08,4650.0,4675.0,4600.0,4625.0,3574.56591796875,34329200
2022-11-09,4650.0,4675.0,4625.0,4650.0,3593.88818359375,44354400
2022-11-10,4637.5,4650.0,4550.0,4637.5,3584.226806640625,35056000
2022-11-11,4712.5,4737.5,4637.5,4650.0,3593.88818359375,76578200
2022-11-14,4650.0,4662.5,4537.5,4550.0,3516.599853515625,53046400
2022-11-15,4575.0,4600.0,4537.5,4562.5,3526.26123046875,32362600
2022-11-16,4562.5,4562.5,4437.5,4550.0,3516.599853515625,84179400
2022-11-17,4550.0,4650.0,4512.5,4637.5,3584.226806640625,42451400
2022-11-18,4650.0,4662.5,4587.5,4600.0,3555.243896484375,34503000
2022-11-21,4575.0,4637.5,4562.5,4587.5,3545.5830078125,24552400
2022-11-22,4612.5,4662.5,4587.5,4625.0,3574.56591796875,24036600
2022-11-23,4625.0,4662.5,4625.0,4625.0,3574.56591796875,26480000
2022-11-24,4625.0,4675.0,4625.0,4637.5,3584.226806640625,33691200
2022-11-25,4637.5,4650.0,4612.5,4650.0,3593.88818359375,28538800
2022-11-28,4650.0,4675.0,4625.0,4637.5,3584.226806640625,46613400
2022-11-29,4637.5,4712.5,4637.5,4687.5,3622.870849609375,59310800
2022-11-30,4700.0,4950.0,4687.5,4950.0,3825.751708984375,228769000
2022-12-01,4950.0,4975.0,4837.5,4850.0,3748.463623046875,60043200
2022-12-02,4825.0,4875.0,4775.0,4875.0,3767.785888671875,74888600
2022-12-05,4875.0,4912.5,4825.0,4875.0,3767.785888671875,46350800
2022-12-06,4850.0,4850.0,4750.0,4775.0,3690.497802734375,80960600
2022-12-07,4775.0,4800.0,4687.5,4750.0,3671.17578125,74967200
2022-12-08,4750.0,4775.0,4637.5,4750.0,3671.17578125,60297600
2022-12-09,4787.5,4787.5,4712.5,4775.0,3690.497802734375,58429600
2022-12-12,4775.0,4825.0,4712.5,4762.5,3680.836669921875,36690000
2022-12-13,4800.0,4825.0,4750.0,4825.0,3729.141845703125,44457600
2022-12-14,4837.5,4875.0,4737.5,4762.5,3680.836669921875,51313400
2022-12-15,4750.0,4800.0,4687.5,4737.5,3661.51513671875,45526000
2022-12-16,4700.0,4900.0,4675.0,4900.0,3787.107666015625,106781400
2022-12-19,4850.0,4875.0,4712.5,4712.5,3642.19287109375,60549800
2022-12-20,4725.0,4762.5,4662.5,4725.0,3651.853759765625,37995800
2022-12-21,4750.0,4750.0,4662.5,4675.0,3613.2099609375,40936600
2022-12-22,4700.0,4725.0,4675.0,4712.5,3642.19287109375,30139000
2022-12-23,4700.0,4725.0,4662.5,4662.5,3603.548828125,30492000
2022-12-26,4675.0,4700.0,4637.5,4662.5,3603.548828125,18889400
2022-12-27,4700.0,4700.0,4625.0,4650.0,3593.88818359375,30410200
2022-12-28,4662.5,4675.0,4575.0,4612.5,3564.90478515625,26057600
2022-12-29,4612.5,4625.0,4575.0,4612.5,3564.90478515625,22647000
2022-12-30,4612.5,4650.0,4612.5,4612.5,3564.90478515625,30472400
2023-01-02,4612.5,4612.5,4550.0,4612.5,3564.90478515625,13398400
2023-01-03,4600.0,4650.0,4575.0,4637.5,3584.226806640625,26463000
2023-01-04,4637.5,4650.0,4575.0,4587.5,3545.5830078125,48118400
2023-01-05,4575.0,4575.0,4412.5,4500.0,3477.956298828125,91135000
2023-01-06,4487.5,4525.0,4437.5,4450.0,3439.31201171875,47075000
2023-01-09,4475.0,4525.0,4437.5,4500.0,3477.956298828125,38714400
2023-01-10,4500.0,4500.0,4325.0,4362.5,3371.68505859375,66338200
2023-01-11,4362.5,4362.5,4212.5,4250.0,3284.736328125,97985200
2023-01-12,4337.5,4375.0,4250.0,4300.0,3323.38037109375,74713600
2023-01-13,4337.5,4337.5,4287.5,4337.5,3352.36328125,31492000
2023-01-16,4350.0,4400.0,4337.5,4387.5,3391.007080078125,27930400
2023-01-17,4387.5,4487.5,4375.0,4462.5,3448.973388671875,58844000
2023-01-18,4475.0,4512.5,4400.0,4437.5,3429.651123046875,42102800
2023-01-19,4450.0,4487.5,4412.5,4475.0,3458.63427734375,34502200
2023-01-20,4500.0,4550.0,4450.0,4512.5,3487.616943359375,36841800
2023-01-24,4537.5,4575.0,4487.5,4525.0,3497.278076171875,28496000
2023-01-25,4600.0,4625.0,4525.0,4537.5,3506.939208984375,72962200
2023-01-26,4562.5,4762.5,4537.5,4737.5,3661.51513671875,77131800
2023-01-27,4800.0,4800.0,4737.5,4775.0,3690.497802734375,89603000
2023-01-30,4775.0,4775.0,4625.0,4650.0,3593.88818359375,63021600
2023-01-31,4600.0,4650.0,4537.5,4575.0,3535.921875,139348400
2023-02-01,4600.0,4625.0,4537.5,4562.5,3526.26123046875,58539000
2023-02-02,4587.5,4600.0,4525.0,4550.0,3516.599853515625,47100600
2023-02-03,4600.0,4662.5,4575.0,4650.0,3593.88818359375,42774000
2023-02-06,4650.0,4675.0,4575.0,4675.0,3613.2099609375,38504200
2023-02-07,4675.0,4700.0,4625.0,4687.5,3622.870849609375,38887200
2023-02-08,4687.5,4750.0,4687.5,4737.5,3661.51513671875,34054800
2023-02-09,4725.0,4775.0,4712.5,4775.0,3690.497802734375,56866600
2023-02-10,4762.5,4762.5,4712.5,4762.5,3680.836669921875,24979400
2023-02-13,4787.5,4787.5,4725.0,4750.0,3671.17578125,30348000
2023-02-14,4750.0,4775.0,4700.0,4725.0,3651.853759765625,48802600
2023-02-15,4725.0,4737.5,4637.5,4712.5,3642.19287109375,38279800
2023-02-16,4725.0,4725.0,4650.0,4675.0,3613.2099609375,38386000
2023-02-17,4675.0,4687.5,4625.0,4637.5,3584.226806640625,27312200
2023-02-20,4637.5,4662.5,4562.5,4575.0,3535.921875,64976600
2023-02-21,4575.0,4600.0,4525.0,4525.0,3497.278076171875,72588200
2023-02-22,4500.0,4525.0,4400.0,4425.0,3419.990234375,92300400
2023-02-23,4425.0,4500.0,4400.0,4475.0,3458.63427734375,52724200
2023-02-24,4500.0,4562.5,4450.0,4450.0,3439.31201171875,53277000
2023-02-27,4450.0,4500.0,4425.0,4475.0,3458.63427734375,48120000
2023-02-28,4500.0,4500.0,4387.5,4387.5,3391.007080078125,108313400
2023-03-01,4387.5,4487.5,4387.5,4475.0,3458.63427734375,48204200
2023-03-02,4475.0,4475.0,4437.5,4437.5,3429.651123046875,49577200
2023-03-03,4437.5,4450.0,4375.0,4375.0,3381.34619140625,54989400
2023-03-06,4400.0,4437.5,4375.0,4400.0,3400.668212890625,42464200
2023-03-07,4400.0,4462.5,4400.0,4450.0,3439.31201171875,45285800
2023-03-08,4425.0,4437.5,4400.0,4437.5,3429.651123046875,33221200
2023-03-09,4500.0,4612.5,4500.0,4575.0,3535.921875,112172600
2023-03-10,4550.0,4562.5,4500.0,4512.5,3487.616943359375,72647400
2023-03-13,4512.5,4525.0,4437.5,4500.0,3477.956298828125,87385200
2023-03-14,4450.0,4450.0,4375.0,4387.5,3391.007080078125,124869200
2023-03-15,4450.0,4462.5,4387.5,4400.0,3400.668212890625,97799600
2023-03-16,4437.5,4550.0,4412.5,4475.0,3458.63427734375,109964600
2023-03-17,4500.0,4575.0,4487.5,4512.5,3487.616943359375,151227200
2023-03-20,4512.5,4562.5,4487.5,4500.0,3477.956298828125,32195200
2023-03-21,4525.0,4625.0,4487.5,4612.5,3564.90478515625,49801400
2023-03-24,4637.5,4862.5,4625.0,4812.5,3719.480712890625,161637200
2023-03-27,4837.5,4875.0,4750.0,4750.0,3671.17578125,99699200
2023-03-28,4600.0,4600.0,4500.0,4512.5,3638.032470703125,77714200
2023-03-29,4525.0,4625.0,4512.5,4600.0,3708.576171875,67383200
2023-03-30,4650.0,4700.0,4625.0,4675.0,3769.042236328125,67522400
2023-03-31,4675.0,4687.5,4612.5,4675.0,3769.042236328125,54065000
2023-04-03,4675.0,4700.0,4637.5,4675.0,3769.042236328125,29520600
2023-04-04,4675.0,4687.5,4600.0,4675.0,3769.042236328125,46922000
2023-04-05,4675.0,4725.0,4637.5,4662.5,3758.96435546875,50698800
2023-04-06,4662.5,4687.5,4662.5,4687.5,3779.11962890625,46209000
2023-04-10,4675.0,4687.5,4625.0,4662.5,3758.96435546875,37676400
2023-04-11,4650.0,4700.0,4650.0,4687.5,3779.11962890625,29357800
2023-04-12,4700.0,4700.0,4675.0,4675.0,3769.042236328125,46097000
2023-04-13,4725.0,4725.0,4675.0,4687.5,3779.11962890625,39924200
2023-04-14,4712.5,4750.0,4687.5,4700.0,3789.197265625,64999800
2023-04-17,4712.5,4725.0,4687.5,4725.0,3809.3525390625,28538400
2023-04-18,4725.0,4787.5,4700.0,4737.5,3819.4306640625,57641400
2023-04-26,4775.0,4787.5,4712.5,4787.5,3859.74072265625,93228000
2023-04-27,4775.0,4800.0,4737.5,4750.0,3829.5078125,26137000
2023-04-28,4787.5,4787.5,4712.5,4712.5,3799.275146484375,46132800
2023-05-02,4725.0,4775.0,4712.5,4775.0,3849.663330078125,28908400
2023-05-03,4775.0,4775.0,4700.0,4737.5,3819.4306640625,30178200
2023-05-04,4700.0,4712.5,4637.5,4650.0,3748.886962890625,44453400
2023-05-05,4650.0,4662.5,4575.0,4625.0,3728.7314453125,54129200
2023-05-08,4637.5,4650.0,4575.0,4575.0,3688.420654296875,33599400
2023-05-09,4562.5,4587.5,4525.0,4562.5,3678.343505859375,36728200
2023-05-10,4612.5,4637.5,4587.5,4600.0,3708.576171875,35383600
2023-05-11,4575.0,4575.0,4525.0,4575.0,3688.420654296875,38690600
2023-05-12,4562.5,4575.0,4487.5,4500.0,3627.955078125,50498800
2023-05-15,4500.0,4512.5,4425.0,4450.0,3587.644287109375,78164000
2023-05-16,4475.0,4487.5,4350.0,4375.0,3527.178466796875,101617400
2023-05-17,4362.5,4412.5,4325.0,4375.0,3527.178466796875,101667400
2023-05-19,4400.0,4450.0,4375.0,4412.5,3557.411376953125,96444800
2023-05-22,4412.5,4437.5,4387.5,4425.0,3567.489013671875,88480000
2023-05-23,4412.5,4500.0,4412.5,4475.0,3607.7998046875,107289400
2023-05-24,4450.0,4475.0,4400.0,4412.5,3557.411376953125,133024800
2023-05-25,4412.5,4512.5,4400.0,4500.0,3627.955078125,74127200
2023-05-26,4500.0,4537.5,4475.0,4475.0,3607.7998046875,43538600
2023-05-29,4500.0,4525.0,4475.0,4525.0,3648.1103515625,27492000
2023-05-30,4512.5,4550.0,4487.5,4512.5,3638.032470703125,41695200
2023-05-31,4550.0,4562.5,4512.5,4525.0,3648.1103515625,278133800
2023-06-05,4525.0,4562.5,4500.0,4500.0,3627.955078125,53155600
2023-06-06,4500.0,4625.0,4462.5,4600.0,3708.576171875,82211400
2023-06-07,4612.5,4625.0,4537.5,4575.0,3688.420654296875,62411600
2023-06-08,4575.0,4600.0,4537.5,4600.0,3708.576171875,34322400
2023-06-09,4600.0,4612.5,4575.0,4612.5,3718.653564453125,35863800
2023-06-12,4625.0,4650.0,4587.5,4650.0,3748.886962890625,34347200
2023-06-13,4650.0,4650.0,4550.0,4562.5,3678.343505859375,40190000
2023-06-14,4550.0,4550.0,4475.0,4487.5,3617.876953125,91447800
2023-06-15,4487.5,4550.0,4475.0,4550.0,3668.265380859375,35271200
2023-06-16,4537.5,4537.5,4475.0,4512.5,3638.032470703125,53221000
2023-06-19,4512.5,4525.0,4475.0,4525.0,3648.1103515625,28209000
2023-06-20,4525.0,4537.5,4500.0,4537.5,3658.18798828125,27112200
2023-06-21,4537.5,4550.0,4500.0,4550.0,3668.265380859375,21594600
2023-06-22,4550.0,4612.5,4525.0,4525.0,3648.1103515625,41779600
2023-06-23,4537.5,4550.0,4512.5,4512.5,3638.032470703125,22346200
2023-06-26,4512.5,4562.5,4487.5,4562.5,3678.343505859375,27723200
2023-06-27,4562.5,4587.5,4537.5,4575.0,3688.420654296875,33973200
2023-07-03,4600.0,4625.0,4575.0,4612.5,3718.653564453125,63091600
2023-07-04,4612.5,4612.5,4525.0,4550.0,3668.265380859375,31937600
2023-07-05,4562.5,4575.0,4537.5,4575.0,3688.420654296875,16724200
2023-07-06,4575.0,4600.0,4537.5,4550.0,3668.265380859375,48292600
2023-07-07,4550.0,4575.0,4537.5,4537.5,3658.18798828125,24713400
2023-07-10,4537.5,4562.5,4525.0,4525.0,3648.1103515625,19832600
2023-07-11,4512.5,4537.5,4487.5,4487.5,3617.876953125,46162800
2023-07-12,4500.0,4512.5,4462.5,4475.0,3607.7998046875,83926600
2023-07-13,4487.5,4512.5,4437.5,4450.0,3587.644287109375,115995200
2023-07-14,4462.5,4487.5,4450.0,4462.5,3597.72216796875,43596800
2023-07-17,4475.0,4512.5,4475.0,4475.0,3607.7998046875,60019400
2023-07-18,4475.0,4500.0,4450.0,4450.0,3587.644287109375,65080800
2023-07-20,4462.5,4525.0,4462.5,4525.0,3648.1103515625,62532400
2023-07-21,4525.0,4525.0,4500.0,4525.0,3648.1103515625,19578200
2023-07-24,4500.0,4537.5,4500.0,4512.5,3638.032470703125,37485400
2023-07-25,4525.0,4562.5,4512.5,4512.5,3638.032470703125,45959000
2023-07-26,4512.5,4525.0,4462.5,4475.0,3607.7998046875,104007400
2023-07-27,4462.5,4475.0,4450.0,4450.0,3587.644287109375,85572800
2023-07-28,4450.0,4462.5,4400.0,4437.5,3577.566650390625,81248000
2023-07-31,4450.0,4475.0,4412.5,4437.5,3577.566650390625,65017400
2023-08-01,4412.5,4425.0,4312.5,4337.5,3496.945556640625,136286600
2023-08-02,4350.0,4437.5,4350.0,4437.5,3577.566650390625,66452600
2023-08-03,4437.5,4500.0,4425.0,4475.0,3607.7998046875,82168800
2023-08-04,4475.0,4525.0,4462.5,4500.0,3627.955078125,56224800
2023-08-07,4500.0,4525.0,4500.0,4500.0,3627.955078125,35042800
2023-08-08,4500.0,4512.5,4450.0,4462.5,3597.72216796875,28001600
2023-08-09,4462.5,4550.0,4462.5,4537.5,3658.18798828125,67682000
2023-08-10,4550.0,4562.5,4525.0,4550.0,3668.265380859375,47185600
2023-08-11,4550.0,4562.5,4525.0,4550.0,3668.265380859375,33962600
2023-08-14,4562.5,4625.0,4550.0,4600.0,3708.576171875,90433400
2023-08-15,4600.0,4612.5,4550.0,4550.0,3668.265380859375,48732000
2023-08-16,4550.0,4562.5,4475.0,4550.0,3668.265380859375,54525000
2023-08-18,4537.5,4537.5,4487.5,4525.0,3648.1103515625,51664400
2023-08-21,4537.5,4562.5,4525.0,4562.5,3678.343505859375,35954600
2023-08-22,4562.5,4575.0,4537.5,4550.0,3668.265380859375,30726000
2023-08-23,4550.0,4562.5,4537.5,4537.5,3658.18798828125,27342600
2023-08-24,4537.5,4575.0,4537.5,4562.5,3678.343505859375,28494200
2023-08-25,4550.0,4562.5,4525.0,4550.0,3668.265380859375,27453200
2023-08-28,4550.0,4575.0,4537.5,4550.0,3668.265380859375,21944400
2023-08-29,4550.0,4600.0,4550.0,4575.0,3688.420654296875,49788000
2023-08-30,4587.5,4650.0,4587.5,4600.0,3708.576171875,83251800
2023-08-31,4600.0,4625.0,4587.5,4587.5,3698.49853515625,64007200
2023-09-01,4600.0,4612.5,4587.5,4587.5,3698.49853515625,16703400
2023-09-04,4625.0,4762.5,4600.0,4725.0,3809.3525390625,146903600
2023-09-05,4725.0,4850.0,4725.0,4812.5,3879.896240234375,100659200
2023-09-06,4837.5,4837.5,4787.5,4787.5,3859.74072265625,60567600
2023-09-07,4787.5,4787.5,4700.0,4750.0,3829.5078125,52556600
2023-09-08,4750.0,4750.0,4675.0,4687.5,3779.11962890625,49974400
2023-09-11,4687.5,4750.0,4650.0,4725.0,3809.3525390625,54934600
2023-09-12,4725.0,4725.0,4650.0,4650.0,3748.886962890625,53087200
2023-09-13,4662.5,4687.5,4637.5,4675.0,3769.042236328125,44955600
2023-09-14,4700.0,4750.0,4675.0,4725.0,3809.3525390625,57207600
2023-09-15,4725.0,4762.5,4712.5,4737.5,3819.4306640625,73345200
2023-09-18,4737.5,4750.0,4675.0,4675.0,3769.042236328125,32816000
2023-09-19,4687.5,4762.5,4675.0,4725.0,3809.3525390625,26575600
2023-09-20,4725.0,4837.5,4725.0,4787.5,3859.74072265625,82221800
2023-09-21,4787.5,4837.5,4775.0,4800.0,3869.81884765625,56156800
2023-09-22,4825.0,4937.5,4800.0,4875.0,3930.28466796875,93225000
2023-09-25,4875.0,5025.0,4875.0,5025.0,4051.216552734375,110954800
2023-09-26,5037.5,5050.0,4975.0,4987.5,4020.9833984375,127165000
2023-09-27,4987.5,5112.5,4975.0,5062.5,4081.448974609375,92088000
2023-09-29,5087.5,5212.5,5075.0,5162.5,4162.07080078125,76949400
2023-10-02,5162.5,5250.0,5150.0,5150.0,4151.99267578125,52562400
2023-10-03,5175.0,5225.0,5162.5,5212.5,4202.38134765625,49593400
2023-10-04,5225.0,5237.5,5125.0,5187.5,4182.2255859375,57958800
2023-10-05,5200.0,5200.0,5175.0,5187.5,4182.2255859375,69727000
2023-10-06,5225.0,5225.0,5175.0,5200.0,4192.3037109375,41840100
2023-10-09,5200.0,5200.0,5050.0,5100.0,4111.68212890625,55808900
2023-10-10,5175.0,5200.0,5150.0,5200.0,4192.3037109375,27090900
2023-10-11,5200.0,5200.0,5150.0,5175.0,4172.1484375,63713600
2023-10-12,5200.0,5425.0,5200.0,5325.0,4293.080078125,71485100
2023-10-13,5350.0,5375.0,5175.0,5175.0,4172.1484375,49138900
2023-10-16,5200.0,5275.0,5150.0,5200.0,4192.3037109375,35029400
2023-10-17,5200.0,5225.0,5150.0,5200.0,4192.3037109375,29834000
2023-10-18,5200.0,5225.0,5100.0,5125.0,4131.83740234375,46027500
2023-10-19,5100.0,5100.0,4900.0,4940.0,3982.68798828125,96750500
2023-10-20,4940.0,5025.0,4910.0,4970.0,4006.87451171875,48517500
2023-10-23,4970.0,5050.0,4950.0,4990.0,4022.9990234375,36582200
2023-10-24,5000.0,5075.0,4970.0,5000.0,4031.06103515625,43655100
2023-10-25,5050.0,5050.0,4960.0,4970.0,4006.87451171875,49108000
2023-10-26,4980.0,4990.0,4830.0,4880.0,3934.315673828125,77078100
2023-10-27,4880.0,4900.0,4850.0,4850.0,3910.129150390625,39350600
2023-10-30,4850.0,4860.0,4810.0,4850.0,3910.129150390625,34312600
2023-10-31,4850.0,4850.0,4720.0,4790.0,3861.75634765625,62061200
2023-11-01,4930.0,4930.0,4790.0,4820.0,3885.94287109375,58008400
2023-11-02,4820.0,4920.0,4810.0,4870.0,3926.253662109375,61528700
2023-11-03,4910.0,4940.0,4880.0,4890.0,3942.377685546875,37333500
2023-11-06,4980.0,5000.0,4940.0,4970.0,4006.87451171875,54278500
2023-11-07,4970.0,4970.0,4910.0,4940.0,3982.68798828125,38213600
2023-11-08,4940.0,4950.0,4860.0,4880.0,3934.315673828125,30691100
2023-11-09,4880.0,4950.0,4860.0,4860.0,3918.191650390625,32999400
2023-11-10,4860.0,4870.0,4820.0,4860.0,3918.191650390625,37753900
2023-11-13,4890.0,4910.0,4870.0,4890.0,3942.377685546875,17199700
2023-11-14,4910.0,4940.0,4880.0,4880.0,3934.315673828125,27961100
2023-11-15,4970.0,5025.0,4960.0,4980.0,4014.93701171875,93350800
2023-11-16,4970.0,4990.0,4910.0,4950.0,3990.75048828125,38121600
2023-11-17,4940.0,4990.0,4900.0,4980.0,4014.93701171875,48489500
2023-11-20,5000.0,5025.0,4970.0,4980.0,4014.93701171875,52108800
2023-11-21,5000.0,5100.0,4990.0,5075.0,4091.52685546875,129449900
2023-11-22,5100.0,5100.0,5025.0,5075.0,4091.52685546875,28872800
2023-11-23,5100.0,5175.0,5075.0,5150.0,4151.99267578125,80157000
2023-11-24,5175.0,5250.0,5175.0,5200.0,4192.3037109375,61211100
2023-11-27,5225.0,5350.0,5225.0,5275.0,4252.76904296875,79553000
2023-11-28,5350.0,5350.0,5175.0,5175.0,4172.1484375,43142000
2023-11-29,5125.0,5225.0,5100.0,5225.0,4212.458984375,48041400
2023-11-30,5150.0,5275.0,5150.0,5275.0,4252.76904296875,127524100
2023-12-01,5300.0,5300.0,5200.0,5250.0,4232.6142578125,31223300
2023-12-04,5275.0,5350.0,5250.0,5300.0,4272.92431640625,34104500
2023-12-05,5300.0,5325.0,5225.0,5300.0,4272.92431640625,29788300
2023-12-06,5300.0,5325.0,5225.0,5225.0,4212.458984375,32453700
2023-12-07,5225.0,5300.0,5150.0,5275.0,4252.76904296875,36511000
2023-12-08,5200.0,5225.0,5075.0,5075.0,4091.52685546875,47842200
2023-12-11,5075.0,5200.0,5050.0,5175.0,4172.1484375,36394800
2023-12-12,5250.0,5300.0,5225.0,5275.0,4252.76904296875,40554100
2023-12-13,5275.0,5275.0,5125.0,5175.0,4172.1484375,39240500
2023-12-14,5225.0,5400.0,5225.0,5350.0,4313.2353515625,85061100
2023-12-15,5425.0,5425.0,5275.0,5275.0,4252.76904296875,58451500
2023-12-18,5250.0,5300.0,5175.0,5200.0,4192.3037109375,51524600
2023-12-19,5200.0,5250.0,5175.0,5200.0,4192.3037109375,42678100
2023-12-20,5225.0,5250.0,5175.0,5200.0,4192.3037109375,54306000
2023-12-21,5225.0,5225.0,5125.0,5150.0,4151.99267578125,48767200
2023-12-22,5200.0,5250.0,5175.0,5250.0,4232.6142578125,35234900
2023-12-27,5300.0,5325.0,5250.0,5275.0,4252.76904296875,31289300
2023-12-28,5300.0,5400.0,5250.0,5350.0,4313.2353515625,37566900
2023-12-29,5375.0,5400.0,5325.0,5375.0,4333.39111328125,38423300
2024-01-02,5375.0,5375.0,5300.0,5375.0,4333.39111328125,20147500
2024-01-03,5375.0,5400.0,5325.0,5350.0,4313.2353515625,27547700
2024-01-04,5350.0,5675.0,5325.0,5600.0,4514.7880859375,77162400
2024-01-05,5675.0,5750.0,5575.0,5575.0,4494.63330078125,69463500
2024-01-08,5575.0,5650.0,5550.0,5575.0,4494.63330078125,60606600
2024-01-09,5600.0,5650.0,5600.0,5650.0,4555.09912109375,34897000
2024-01-10,5625.0,5675.0,5575.0,5600.0,4514.7880859375,37988500
2024-01-11,5650.0,5700.0,5575.0,5600.0,4514.7880859375,22855800
2024-01-12,5600.0,5650.0,5575.0,5600.0,4514.7880859375,40942900
2024-01-15,5650.0,5675.0,5600.0,5625.0,4534.943359375,51408800
2024-01-16,5625.0,5625.0,5575.0,5600.0,4514.7880859375,37795700
2024-01-17,5600.0,5625.0,5475.0,5550.0,4474.4775390625,61481200
2024-01-18,5550.0,5600.0,5475.0,5550.0,4474.4775390625,33241700
2024-01-19,5575.0,5575.0,5475.0,5500.0,4434.16748046875,29776100
2024-01-22,5525.0,5600.0,5450.0,5525.0,4454.32275390625,30949600
2024-01-23,5525.0,5525.0,5375.0,5425.0,4373.70068359375,48824300
2024-01-24,5450.0,5500.0,5400.0,5475.0,4414.01171875,42436800
2024-01-25,5500.0,5525.0,5400.0,5400.0,4353.54638671875,47955600
2024-01-26,5400.0,5425.0,5350.0,5425.0,4373.70068359375,30545600
2024-01-29,5450.0,5575.0,5450.0,5575.0,4494.63330078125,63056100
2024-01-30,5575.0,5675.0,5550.0,5650.0,4555.09912109375,55020500
2024-01-31,5700.0,5800.0,5675.0,5750.0,4635.72021484375,70045600
2024-02-01,5750.0,5750.0,5650.0,5725.0,4615.56494140625,49179400
2024-02-02,5750.0,5825.0,5750.0,5775.0,4655.87548828125,44074200
2024-02-05,5775.0,5825.0,5725.0,5750.0,4635.72021484375,47096400
2024-02-06,5775.0,5825.0,5750.0,5775.0,4655.87548828125,41834000
2024-02-07,5775.0,5825.0,5750.0,5750.0,4635.72021484375,39906900
2024-02-12,5775.0,6000.0,5750.0,5950.0,4796.96240234375,64615800
2024-02-13,5975.0,5975.0,5850.0,5875.0,4736.49658203125,74976200
2024-02-15,6150.0,6225.0,6000.0,6000.0,4837.27294921875,128792500
2024-02-16,6025.0,6125.0,6000.0,6000.0,4837.27294921875,62601000
2024-02-19,6025.0,6050.0,5875.0,5875.0,4736.49658203125,67950100
2024-02-20,5900.0,6025.0,5900.0,6025.0,4857.42822265625,37554100
2024-02-21,6025.0,6050.0,5925.0,6000.0,4837.27294921875,54476400
2024-02-22,6000.0,6025.0,5900.0,5950.0,4796.96240234375,37676100
2024-02-23,6000.0,6000.0,5825.0,5900.0,4756.65234375,50216600
2024-02-26,5900.0,5925.0,5800.0,5900.0,4756.65234375,27500000
2024-02-27,5900.0,6000.0,5850.0,6000.0,4837.27294921875,38645200
2024-02-28,5950.0,6000.0,5900.0,5975.0,4817.1181640625,27278600
2024-02-29,5975.0,6000.0,5900.0,6000.0,4837.27294921875,48736000
2024-03-01,5925.0,5975.0,5825.0,5900.0,4756.65234375,71774400
2024-03-04,5900.0,5925.0,5800.0,5875.0,4736.49658203125,35600700
2024-03-05,5875.0,5950.0,5850.0,5900.0,4756.65234375,49795500
2024-03-06,5900.0,5950.0,5875.0,5950.0,4796.96240234375,28923100
2024-03-07,5975.0,6025.0,5950.0,5975.0,4817.1181640625,47464200
2024-03-08,6000.0,6125.0,5975.0,6100.0,4917.89501953125,73185000
2024-03-13,6100.0,6250.0,6100.0,6225.0,5018.67138671875,87861700
2024-03-14,6225.0,6250.0,6075.0,6150.0,4958.20458984375,88145400
2024-03-15,5950.0,5950.0,5725.0,5800.0,4899.49169921875,144447600
2024-03-18,5825.0,5900.0,5800.0,5800.0,4899.49169921875,48979300
2024-03-19,5800.0,5875.0,5800.0,5850.0,4941.728515625,34162200
2024-03-20,5850.0,5900.0,5850.0,5875.0,4962.84716796875,32725900
2024-03-21,5900.0,5925.0,5800.0,5800.0,4899.49169921875,50976000
2024-03-22,5850.0,5875.0,5800.0,5850.0,4941.728515625,29927600
2024-03-25,5925.0,5925.0,5825.0,5925.0,5005.08447265625,43514000
2024-03-26,5950.0,5950.0,5850.0,5950.0,5026.20263671875,29383900
2024-03-27,5950.0,5975.0,5900.0,5925.0,5005.08447265625,19643200
2024-03-28,5950.0,5950.0,5850.0,5900.0,4983.9658203125,40077400
2024-04-01,5900.0,5900.0,5550.0,5650.0,4772.78076171875,100174400
2024-04-02,5625.0,5625.0,5425.0,5475.0,4624.951171875,121164600
2024-04-03,5450.0,5525.0,5225.0,5325.0,4498.240234375,126994500
2024-04-04,5250.0,5375.0,5250.0,5350.0,4519.35888671875,163113100
2024-04-05,5325.0,5375.0,5300.0,5300.0,4477.12158203125,36818200
2024-04-16,5075.0,5300.0,5050.0,5200.0,4392.64794921875,164123600
2024-04-17,5250.0,5350.0,5250.0,5250.0,4434.884765625,68948000
2024-04-18,5250.0,5350.0,5250.0,5300.0,4477.12158203125,57785900
2024-04-19,5250.0,5275.0,5175.0,5225.0,4413.7666015625,52519300
2024-04-22,5250.0,5350.0,5150.0,5350.0,4519.35888671875,62509300
2024-04-23,5375.0,5425.0,5250.0,5250.0,4434.884765625,45322700
2024-04-24,5300.0,5350.0,5200.0,5300.0,4477.12158203125,44771200
2024-04-25,5300.0,5325.0,5225.0,5300.0,4477.12158203125,35922300
2024-04-26,5200.0,5275.0,5100.0,5150.0,4350.41064453125,80482400
2024-04-29,5125.0,5225.0,5050.0,5225.0,4413.7666015625,41068600
2024-04-30,5325.0,5350.0,5225.0,5250.0,4434.884765625,73658500
2024-05-02,5200.0,5250.0,4810.0,4830.0,4080.093994140625,183458300
2024-05-03,4850.0,4880.0,4750.0,4830.0,4080.093994140625,89058400
2024-05-06,4880.0,4890.0,4800.0,4810.0,4063.19921875,81862000
2024-05-07,4790.0,4810.0,4680.0,4700.0,3970.277587890625,82580800
2024-05-08,4680.0,4770.0,4620.0,4670.0,3944.935302734375,58548300
2024-05-13,4600.0,4780.0,4600.0,4780.0,4037.85693359375,54329600
2024-05-14,4790.0,4940.0,4780.0,4930.0,4164.56787109375,70014900
2024-05-15,4880.0,5100.0,4850.0,5025.0,4244.818359375,85730700
2024-05-16,5125.0,5275.0,5100.0,5200.0,4392.64794921875,118382400
2024-05-17,5200.0,5275.0,5125.0,5175.0,4371.529296875,67679700
2024-05-20,5200.0,5250.0,4950.0,4980.0,4206.80517578125,76605300
2024-05-21,4980.0,4980.0,4760.0,4770.0,4029.40966796875,87501700
2024-05-22,4720.0,4800.0,4720.0,4760.0,4020.9619140625,60859500
2024-05-27,4770.0,4790.0,4630.0,4670.0,3944.935302734375,60499200
2024-05-28,4700.0,4790.0,4690.0,4710.0,3978.725341796875,25799600
2024-05-29,4680.0,4690.0,4500.0,4530.0,3826.672119140625,111830200
2024-05-30,4500.0,4560.0,4370.0,4490.0,3792.882080078125,81608700
2024-05-31,4540.0,4570.0,4400.0,4400.0,3716.855712890625,145978300
2024-06-03,4460.0,4640.0,4450.0,4620.0,3902.69873046875,53865700
2024-06-04,4650.0,4700.0,4600.0,4640.0,3919.59326171875,52885400
2024-06-05,4630.0,4660.0,4580.0,4610.0,3894.2509765625,46536400
2024-06-06,4670.0,4770.0,4630.0,4770.0,4029.40966796875,69154900
2024-06-07,4770.0,4780.0,4660.0,4700.0,3970.277587890625,45575300
2024-06-10,4650.0,4660.0,4550.0,4610.0,3894.2509765625,65704900
2024-06-11,4560.0,4630.0,4480.0,4480.0,3784.434814453125,95286400
2024-06-12,4430.0,4460.0,4410.0,4430.0,3742.197998046875,112781100
2024-06-13,4500.0,4520.0,4460.0,4480.0,3784.434814453125,47763900
2024-06-14,4480.0,4480.0,4310.0,4310.0,3640.8291015625,65046900
2024-06-19,4310.0,4390.0,4260.0,4300.0,3632.3818359375,60373800
2024-06-20,4320.0,4410.0,4300.0,4400.0,3716.855712890625,50579900
2024-06-21,4400.0,4610.0,4400.0,4540.0,3835.119384765625,108982500
2024-06-24,4540.0,4600.0,4460.0,4540.0,3835.119384765625,49112400
2024-06-25,4520.0,4530.0,4420.0,4480.0,3784.434814453125,44861500
2024-06-26,4480.0,4530.0,4420.0,4420.0,3733.75048828125,34063700
2024-06-27,4450.0,4610.0,4430.0,4580.0,3868.90869140625,85462100
2024-06-28,4590.0,4740.0,4590.0,4660.0,3936.488037109375,95384300
2024-07-01,4690.0,4720.0,4650.0,4710.0,3978.725341796875,43250900
2024-07-02,4710.0,4730.0,4670.0,4710.0,3978.725341796875,35142800
2024-07-03,4730.0,4740.0,4630.0,4650.0,3928.041015625,41531700
2024-07-04,4690.0,4770.0,4660.0,4710.0,3978.725341796875,61435900
2024-07-05,4730.0,4780.0,4690.0,4700.0,3970.277587890625,67585600
2024-07-08,4730.0,4740.0,4670.0,4670.0,3944.935302734375,36004700
2024-07-09,4670.0,4870.0,4670.0,4860.0,4105.4365234375,87456600
2024-07-10,4850.0,4900.0,4820.0,4820.0,4071.646484375,48700200
2024-07-11,4850.0,4880.0,4830.0,4870.0,4113.8837890625,37573700
2024-07-12,4920.0,5125.0,4920.0,5025.0,4244.818359375,151520700
2024-07-15,5050.0,5075.0,4980.0,5025.0,4244.818359375,94794900
2024-07-16,5050.0,5050.0,4980.0,4980.0,4206.80517578125,66371200
2024-07-17,5050.0,5075.0,5000.0,5000.0,4223.69970703125,59615300
2024-07-18,4990.0,5125.0,4990.0,5075.0,4287.05517578125,86127800
2024-07-19,5075.0,5100.0,5025.0,5100.0,4308.173828125,66907300
2024-07-22,5125.0,5150.0,5050.0,5100.0,4308.173828125,32378000
2024-07-23,5100.0,5125.0,5050.0,5050.0,4265.93701171875,30554100
2024-07-24,5050.0,5100.0,5000.0,5100.0,4308.173828125,23442100
2024-07-25,5050.0,5075.0,4980.0,5025.0,4244.818359375,52463300
2024-07-26,5000.0,5075.0,4990.0,5000.0,4223.69970703125,41982600
2024-07-29,5025.0,5050.0,5000.0,5025.0,4244.818359375,19854800
2024-07-30,5000.0,5000.0,4950.0,4950.0,4181.462890625,36234500
2024-07-31,4970.0,5025.0,4920.0,4970.0,4198.357421875,34106000
2024-08-01,4940.0,5075.0,4940.0,5075.0,4287.05517578125,54207300
2024-08-02,5050.0,5150.0,5025.0,5100.0,4308.173828125,75959300
2024-08-05,5025.0,5050.0,4880.0,4960.0,4189.91015625,65485300
2024-08-06,5000.0,5075.0,4940.0,5025.0,4244.818359375,51827100
2024-08-07,5025.0,5050.0,4980.0,5000.0,4223.69970703125,32547900
2024-08-08,5000.0,5100.0,4970.0,5025.0,4244.818359375,51493100
2024-08-09,5050.0,5200.0,5050.0,5125.0,4329.2919921875,33031700
2024-08-12,5150.0,5150.0,5075.0,5125.0,4329.2919921875,14296000
2024-08-13,5175.0,5200.0,5125.0,5175.0,4371.529296875,26196400
2024-08-14,5250.0,5375.0,5225.0,5275.0,4456.0029296875,93112500
2024-08-15,5300.0,5325.0,5225.0,5250.0,4434.884765625,33034700
2024-08-16,5300.0,5350.0,5275.0,5300.0,4477.12158203125,33604900
2024-08-19,5300.0,5450.0,5275.0,5350.0,4519.35888671875,55661900
2024-08-20,5375.0,5500.0,5375.0,5475.0,4624.951171875,69978300
2024-08-21,5475.0,5550.0,5425.0,5450.0,4603.83251953125,92703900
2024-08-22,5425.0,5425.0,5225.0,5275.0,4456.0029296875,72626600
2024-08-23,5300.0,5500.0,5300.0,5450.0,4603.83251953125,69905300
2024-08-26,5450.0,5550.0,5450.0,5525.0,4667.1884765625,68435700
2024-08-27,5525.0,5550.0,5350.0,5400.0,4561.59619140625,57135700
2024-08-28,5400.0,5425.0,5275.0,5375.0,4540.4775390625,48476500
2024-08-29,5425.0,5425.0,5300.0,5300.0,4477.12158203125,40749200
2024-08-30,5300.0,5400.0,5300.0,5350.0,4519.35888671875,86718500
2024-09-02,5350.0,5400.0,5325.0,5350.0,4519.35888671875,22988100
2024-09-03,5375.0,5400.0,5325.0,5375.0,4540.4775390625,20288700
2024-09-04,5325.0,5375.0,5300.0,5350.0,4519.35888671875,47278700
2024-09-05,5375.0,5450.0,5350.0,5450.0,4603.83251953125,62221800
2024-09-06,5500.0,5675.0,5475.0,5650.0,4772.78076171875,139365300
2024-09-09,5650.0,5750.0,5625.0,5725.0,4836.13623046875,78827500
2024-09-10,5750.0,5775.0,5700.0,5700.0,4815.017578125,55033900
2024-09-11,5700.0,5750.0,5650.0,5650.0,4772.78076171875,33792600
2024-09-12,5625.0,5650.0,5575.0,5600.0,4730.54345703125,43318600
2024-09-13,5600.0,5650.0,5575.0,5625.0,4751.662109375,34311700
2024-09-17,5600.0,5700.0,5600.0,5650.0,4772.78076171875,40776200
2024-09-18,5700.0,5700.0,5600.0,5700.0,4815.017578125,64489200
2024-09-19,5800.0,5850.0,5750.0,5825.0,4920.6103515625,93847800
2024-09-20,5825.0,5825.0,5750.0,5750.0,4857.2548828125,47673600
2024-09-23,5750.0,5850.0,5725.0,5800.0,4899.49169921875,48008700
2024-09-24,5800.0,5825.0,5750.0,5800.0,4899.49169921875,39900400
2024-09-25,5750.0,5750.0,5450.0,5600.0,4730.54345703125,120885200
2024-09-26,5600.0,5625.0,5450.0,5600.0,4730.54345703125,59306200
2024-09-27,5600.0,5600.0,5400.0,5450.0,4603.83251953125,79718100
2024-09-30,5400.0,5450.0,5325.0,5350.0,4519.35888671875,69417600
2024-10-01,5375.0,5450.0,5350.0,5375.0,4540.4775390625,40085600
2024-10-02,5325.0,5400.0,5300.0,5350.0,4519.35888671875,27716400
2024-10-03,5375.0,5400.0,5300.0,5375.0,4540.4775390625,42597000
2024-10-04,5400.0,5425.0,5250.0,5325.0,4498.240234375,35822100
2024-10-07,5325.0,5350.0,5200.0,5200.0,4392.64794921875,52624000
2024-10-08,5150.0,5400.0,5100.0,5350.0,4519.35888671875,90686900
2024-10-09,5350.0,5425.0,5275.0,5325.0,4498.240234375,70831500
2024-10-10,5350.0,5400.0,5325.0,5325.0,4498.240234375,25892500
2024-10-11,5425.0,5425.0,5325.0,5375.0,4540.4775390625,14488900
2024-10-14,5375.0,5450.0,5375.0,5425.0,4582.7138671875,36808100
2024-10-15,5450.0,5525.0,5425.0,5500.0,4646.06982421875,44248600
2024-10-16,5500.0,5500.0,5450.0,5475.0,4624.951171875,26629100
2024-10-17,5500.0,5575.0,5475.0,5500.0,4646.06982421875,48570900
2024-10-18,5550.0,5650.0,5550.0,5650.0,4772.78076171875,58870300
2024-10-21,5700.0,5750.0,5600.0,5625.0,4751.662109375,50980600
2024-10-22,5650.0,5675.0,5575.0,5650.0,4772.78076171875,59956900
2024-10-23,5675.0,5675.0,5600.0,5675.0,4793.8994140625,63163700
2024-10-24,5650.0,5700.0,5625.0,5625.0,4751.662109375,26445200
2024-10-25,5625.0,5650.0,5550.0,5650.0,4772.78076171875,20200300
2024-10-28,5650.0,5675.0,5425.0,5500.0,4646.06982421875,48523000
2024-10-29,5400.0,5500.0,5275.0,5300.0,4477.12158203125,77068500
2024-10-30,5300.0,5325.0,5200.0,5225.0,4413.7666015625,58411700
2024-10-31,5200.0,5300.0,5175.0,5250.0,4434.884765625,50040800
2024-11-01,5250.0,5250.0,5175.0,5200.0,4392.64794921875,21870200
2024-11-04,5225.0,5325.0,5150.0,5300.0,4477.12158203125,31669500
2024-11-05,5275.0,5450.0,5250.0,5400.0,4561.59619140625,32446400
2024-11-06,5425.0,5425.0,5100.0,5125.0,4329.2919921875,67214100
2024-11-07,5150.0,5175.0,5025.0,5025.0,4244.818359375,63745800
2024-11-08,5075.0,5125.0,4970.0,4980.0,4206.80517578125,51133100
2024-11-11,4950.0,5025.0,4800.0,4990.0,4215.25244140625,44028300
2024-11-12,4960.0,5000.0,4870.0,4930.0,4164.56787109375,70220900
2024-11-13,4930.0,5025.0,4910.0,4960.0,4189.91015625,64548800
2024-11-14,4960.0,4970.0,4910.0,4950.0,4181.462890625,33431400
2024-11-15,4920.0,4940.0,4870.0,4910.0,4147.6728515625,32785700
2024-11-18,4930.0,4930.0,4830.0,4870.0,4113.8837890625,22240200
2024-11-19,4860.0,4890.0,4800.0,4850.0,4096.98876953125,28214800
2024-11-20,4870.0,4900.0,4800.0,4850.0,4096.98876953125,24693600
2024-11-21,4820.0,4850.0,4710.0,4720.0,3987.172607421875,45727200
2024-11-22,4750.0,4860.0,4740.0,4840.0,4088.541259765625,50258400
2024-11-25,4850.0,5075.0,4840.0,4990.0,4215.25244140625,98405900
2024-11-26,5025.0,5050.0,4950.0,4950.0,4181.462890625,37322800
2024-11-28,5025.0,5075.0,4950.0,5025.0,4244.818359375,28337000
2024-11-29,5025.0,5050.0,4940.0,4980.0,4206.80517578125,48885400
2024-12-02,4980.0,5000.0,4710.0,4710.0,3978.725341796875,49318100
2024-12-03,4740.0,4840.0,4730.0,4780.0,4037.85693359375,60101100
2024-12-04,4800.0,4980.0,4790.0,4950.0,4181.462890625,46942200
2024-12-05,4950.0,4950.0,4810.0,4820.0,4071.646484375,33537600
2024-12-06,4820.0,4880.0,4780.0,4860.0,4105.4365234375,25735100
2024-12-09,4890.0,5050.0,4880.0,5000.0,4223.69970703125,43938100
2024-12-10,4990.0,5100.0,4930.0,5100.0,4308.173828125,39158900
2024-12-11,5050.0,5175.0,5050.0,5075.0,4287.05517578125,39770900
2024-12-12,5025.0,5025.0,4880.0,4880.0,4122.3310546875,45911900
2024-12-13,4800.0,4830.0,4720.0,4730.0,3995.619873046875,72851000
2024-12-16,4610.0,4720.0,4600.0,4640.0,3919.59326171875,83736700
2024-12-17,4620.0,4640.0,4430.0,4470.0,3775.98779296875,119873700
2024-12-18,4470.0,4530.0,4410.0,4430.0,3742.197998046875,56470100
2024-12-19,4360.0,4370.0,4300.0,4310.0,3640.8291015625,71247000
2024-12-20,4330.0,4360.0,4260.0,4260.0,3598.59228515625,83872500
2024-12-23,4320.0,4390.0,4320.0,4380.0,3699.961181640625,43668100
2024-12-24,4380.0,4400.0,4340.0,4380.0,3699.961181640625,21458900
2024-12-27,4380.0,4430.0,4360.0,4360.0,3683.066162109375,22838700
2024-12-30,4340.0,4380.0,4270.0,4350.0,3674.618896484375,43899600
2025-01-02,4360.0,4590.0,4360.0,4590.0,3877.3564453125,56985400
2025-01-03,4600.0,4630.0,4540.0,4540.0,3835.119384765625,76388000
2025-01-06,4550.0,4560.0,4410.0,4430.0,3742.197998046875,26008100
2025-01-07,4370.0,4410.0,4340.0,4360.0,3683.066162109375,36973900
2025-01-08,4350.0,4430.0,4350.0,4370.0,3691.513671875,39476000
2025-01-09,4360.0,4410.0,4350.0,4380.0,3699.961181640625,25545500
2025-01-10,4380.0,4420.0,4350.0,4350.0,3674.618896484375,28235300
2025-01-13,4320.0,4330.0,4200.0,4210.0,3556.355224609375,54029800
2025-01-14,4170.0,4240.0,4110.0,4130.0,3488.77587890625,71568000
2025-01-15,4150.0,4430.0,4150.0,4410.0,3725.30322265625,82038200
2025-01-16,4600.0,4600.0,4480.0,4500.0,3801.329833984375,113849300
2025-01-17,4450.0,4570.0,4380.0,4470.0,3775.98779296875,40130000
2025-01-20,4520.0,4660.0,4490.0,4620.0,3902.69873046875,67692300
2025-01-21,4690.0,4820.0,4650.0,4740.0,4004.0673828125,96008700
2025-01-22,4790.0,4810.0,4760.0,4790.0,4046.30419921875,55899500
2025-01-23,4790.0,4820.0,4650.0,4650.0,3928.041015625,86704800
2025-01-24,4660.0,4700.0,4610.0,4610.0,3894.2509765625,42140900
2025-01-30,4610.0,4670.0,4580.0,4640.0,3919.59326171875,23980100
2025-01-31,4660.0,4880.0,4660.0,4770.0,4029.40966796875,78958600
2025-02-03,4770.0,4800.0,4640.0,4780.0,4037.85693359375,63072700
2025-02-04,4770.0,4780.0,4700.0,4700.0,3970.277587890625,44266700
2025-02-05,4650.0,4680.0,4480.0,4500.0,3801.329833984375,52077600
2025-02-06,4500.0,4510.0,4260.0,4290.0,3623.9345703125,72520900
2025-02-07,4250.0,4350.0,4160.0,4270.0,3607.03955078125,69268900
2025-02-10,4270.0,4310.0,4150.0,4150.0,3505.670654296875,46856100
2025-02-11,4150.0,4170.0,4050.0,4070.0,3438.091552734375,52994400
2025-02-12,4130.0,4300.0,4100.0,4300.0,3632.3818359375,57782300
2025-02-13,4280.0,4300.0,4210.0,4250.0,3590.144775390625,38173200
2025-02-14,4310.0,4390.0,4300.0,4370.0,3691.513671875,61932800
2025-02-17,4370.0,4590.0,4350.0,4570.0,3860.46142578125,52492800
2025-02-18,4600.0,4750.0,4600.0,4750.0,4012.5146484375,73992700
2025-02-19,4750.0,4750.0,4480.0,4520.0,3818.224365234375,72328000
2025-02-20,4520.0,4550.0,4400.0,4460.0,3767.540283203125,49467500
2025-02-21,4410.0,4440.0,4300.0,4300.0,3632.3818359375,70115400
2025-02-24,4300.0,4320.0,4200.0,4200.0,3547.907958984375,61467000
2025-02-25,4230.0,4280.0,4110.0,4230.0,3573.25,45778400
2025-02-26,4250.0,4350.0,4210.0,4350.0,3674.618896484375,42114300
2025-02-27,4350.0,4370.0,4200.0,4340.0,3666.17138671875,58362900
2025-02-28,4270.0,4270.0,4010.0,4030.0,3404.302001953125,156574800
2025-03-03,4180.0,4310.0,4120.0,4260.0,3598.59228515625,156616300
2025-03-04,4240.0,4290.0,4170.0,4220.0,3564.802490234375,71340000
2025-03-05,4250.0,4540.0,4250.0,4460.0,3767.540283203125,101995600
2025-03-06,4550.0,4700.0,4540.0,4590.0,3877.3564453125,104226000
2025-03-07,4590.0,4590.0,4460.0,4540.0,3835.119384765625,61630700
2025-03-10,4540.0,4540.0,4410.0,4450.0,3759.0927734375,43038000
2025-03-11,4380.0,4460.0,4360.0,4450.0,3759.0927734375,44323600
2025-03-12,4490.0,4550.0,4480.0,4530.0,3826.672119140625,44656600
2025-03-13,4600.0,4600.0,4440.0,4530.0,3826.672119140625,48947400
2025-03-14,4470.0,4520.0,4400.0,4430.0,3742.197998046875,50335900
2025-03-17,4430.0,4460.0,4260.0,4330.0,3657.723876953125,60911900
2025-03-18,4300.0,4310.0,4030.0,4190.0,3539.46044921875,80141500
2025-03-19,4190.0,4250.0,4120.0,4170.0,3522.565673828125,110420100
2025-03-20,4240.0,4270.0,4050.0,4080.0,3446.5390625,109598400
2025-03-21,4080.0,4090.0,3770.0,3770.0,3184.669677734375,246727700
2025-03-24,3770.0,3830.0,3630.0,3720.0,3142.4326171875,135658700
2025-03-25,3770.0,3930.0,3740.0,3900.0,3294.48583984375,157671900
2025-03-26,4010.0,4280.0,4000.0,4250.0,3590.144775390625,229422000
2025-03-27,4250.0,4280.0,4110.0,4240.0,3581.697265625,101189600
2025-04-08,3680.0,4080.0,3610.0,4030.0,3404.302001953125,185281600
2025-04-09,4030.0,4140.0,3970.0,4040.0,3412.749267578125,81414200
2025-04-10,4380.0,4400.0,4220.0,4260.0,3598.59228515625,131182600
2025-04-11,4240.0,4400.0,4200.0,4390.0,3708.408447265625,90221600
2025-04-14,4450.0,4550.0,4440.0,4550.0,3843.566650390625,162128800
2025-04-15,4280.0,4350.0,4270.0,4280.0,3939.342041015625,156480600
2025-04-16,4280.0,4290.0,4090.0,4100.0,3773.668701171875,109735100
2025-04-17,4110.0,4150.0,4040.0,4040.0,3718.4443359375,68392500
2025-04-21,4040.0,4050.0,3950.0,3990.0,3672.423828125,67071400
2025-04-22,3990.0,4050.0,3960.0,4010.0,3690.83203125,84001100
2025-04-23,4080.0,4170.0,4030.0,4150.0,3819.68896484375,128948700
2025-04-24,4200.0,4250.0,4120.0,4170.0,3838.09716796875,145433700
2025-04-25,4200.0,4210.0,4140.0,4200.0,3865.70947265625,102065100
2025-04-28,4210.0,4250.0,4170.0,4190.0,3856.50537109375,68481300
2025-04-29,4210.0,4220.0,4120.0,4140.0,3810.48486328125,61824000
2025-04-30,4160.0,4180.0,4080.0,4180.0,3847.30126953125,85510000
2025-05-02,4220.0,4230.0,4160.0,4200.0,3865.70947265625,81966800
2025-05-05,4210.0,4280.0,4180.0,4210.0,3874.91357421875,60392100
2025-05-06,4220.0,4230.0,4170.0,4180.0,3847.30126953125,66444400
2025-05-07,4190.0,4200.0,4140.0,4160.0,3828.89306640625,57689300
2025-05-08,4160.0,4220.0,4080.0,4120.0,3792.076904296875,77995600
2025-05-09,4120.0,4140.0,4060.0,4100.0,3773.668701171875,37787800
2025-05-14,4180.0,4370.0,4160.0,4370.0,4022.178466796875,179465400
2025-05-15,4390.0,4530.0,4390.0,4500.0,4141.83154296875,120598100
2025-05-16,4530.0,4530.0,4360.0,4500.0,4141.83154296875,88956700
2025-05-19,4480.0,4520.0,4430.0,4460.0,4105.01513671875,60120200
2025-05-20,4460.0,4570.0,4420.0,4450.0,4095.81103515625,81048500
2025-05-21,4480.0,4580.0,4470.0,4520.0,4160.23974609375,79967600
2025-05-22,4520.0,4540.0,4470.0,4470.0,4114.21923828125,42314700
2025-05-23,4510.0,4520.0,4480.0,4510.0,4151.03564453125,21621500
2025-05-26,4510.0,4520.0,4420.0,4500.0,4141.83154296875,36713800
2025-05-27,4500.0,4530.0,4460.0,4530.0,4169.44384765625,40871300
2025-05-28,4520.0,4540.0,4470.0,4490.0,4132.62744140625,63745800
2025-06-02,4480.0,4480.0,4300.0,4370.0,4022.178466796875,68993300
2025-06-03,4350.0,4380.0,4260.0,4370.0,4022.178466796875,42954800
2025-06-04,4420.0,4420.0,4300.0,4300.0,3957.75,35499900
2025-06-05,4310.0,4420.0,4310.0,4420.0,4068.198974609375,36143400
2025-06-10,4470.0,4520.0,4450.0,4520.0,4160.23974609375,45818600
2025-06-11,4530.0,4540.0,4480.0,4540.0,4178.64794921875,35008700
2025-06-12,4530.0,4540.0,4480.0,4540.0,4178.64794921875,29571100
2025-06-13,4480.0,4540.0,4450.0,4540.0,4178.64794921875,30548300
2025-06-16,4490.0,4490.0,4360.0,4400.0,4049.790771484375,90223800
2025-06-17,4400.0,4420.0,4350.0,4360.0,4012.974609375,44876400
2025-06-18,4350.0,4360.0,4250.0,4300.0,3957.75,40711200
2025-06-19,4300.0,4300.0,4100.0,4130.0,3801.281005859375,87781700
2025-06-20,4120.0,4140.0,4050.0,4110.0,3782.872802734375,178503500
2025-06-23,4060.0,4100.0,3970.0,4060.0,3736.852294921875,53486300
2025-06-24,4160.0,4210.0,4140.0,4140.0,3810.48486328125,51925200
2025-06-25,4200.0,4200.0,4060.0,4110.0,3782.872802734375,33883900
2025-06-26,4110.0,4120.0,4050.0,4120.0,3792.076904296875,31912200
2025-06-30,4130.0,4130.0,4050.0,4120.0,3792.076904296875,53732100
2025-07-01,4120.0,4130.0,4000.0,4010.0,3690.83203125,55711200
2025-07-02,4010.0,4040.0,3970.0,4020.0,3700.0361328125,31192900
2025-07-03,4010.0,4060.0,3970.0,3970.0,3654.015869140625,49947500
2025-07-04,3970.0,4010.0,3950.0,4000.0,3681.6279296875,30396500
2025-07-07,4000.0,4010.0,3930.0,4000.0,3681.6279296875,28005400
2025-07-08,3980.0,4020.0,3950.0,3970.0,3654.015869140625,27867600
2025-07-09,3960.0,4000.0,3950.0,4000.0,3681.6279296875,27904300
2025-07-10,3980.0,4140.0,3980.0,4110.0,3782.872802734375,44060900
2025-07-11,4130.0,4220.0,4120.0,4180.0,3847.30126953125,48939300
2025-07-14,4190.0,4190.0,4000.0,4040.0,3718.4443359375,68377100
2025-07-15,4040.0,4070.0,4010.0,4050.0,3727.6484375,30497400
2025-07-16,4130.0,4150.0,4080.0,4130.0,3801.281005859375,66349800
2025-07-17,4140.0,4140.0,4090.0,4110.0,3782.872802734375,25818000
2025-07-18,4120.0,4150.0,4100.0,4120.0,3792.076904296875,35072000
2025-07-21,4140.0,4140.0,4070.0,4070.0,3746.056396484375,35004100
2025-07-22,4090.0,4090.0,4040.0,4050.0,3727.6484375,32607800
2025-07-23,4080.0,4100.0,4040.0,4100.0,3773.668701171875,23315700
2025-07-24,4100.0,4250.0,4080.0,4220.0,3884.117431640625,57276100
2025-07-25,4160.0,4180.0,4070.0,4090.0,3764.464599609375,48597600
2025-07-28,4110.0,4220.0,4090.0,4210.0,3874.91357421875,45451600
2025-07-29,4200.0,4200.0,4120.0,4150.0,3819.68896484375,27287100
2025-07-30,4150.0,4160.0,4090.0,4120.0,3792.076904296875,33919100
2025-07-31,4100.0,4110.0,4010.0,4010.0,3690.83203125,50384500
2025-08-01,4050.0,4070.0,4010.0,4010.0,3690.83203125,32295500
2025-08-04,4000.0,4030.0,3990.0,4010.0,3690.83203125,30440700
2025-08-05,4040.0,4230.0,4040.0,4220.0,3884.117431640625,93772600
2025-08-06,4220.0,4230.0,4100.0,4100.0,3773.668701171875,27975700
2025-08-07,4120.0,4140.0,4100.0,4120.0,3792.076904296875,21207800
2025-08-08,4090.0,4100.0,4070.0,4070.0,3746.056396484375,43531000
2025-08-11,4090.0,4220.0,4080.0,4200.0,3865.70947265625,61703500
2025-08-12,4220.0,4420.0,4210.0,4360.0,4012.974609375,120908000
2025-08-13,4390.0,4420.0,4310.0,4370.0,4022.178466796875,54042400
2025-08-14,4400.0,4400.0,4360.0,4390.0,4040.586669921875,43156900
2025-08-15,4370.0,4450.0,4370.0,4370.0,4022.178466796875,62301400
2025-08-19,4360.0,4360.0,4280.0,4330.0,3985.3623046875,34407300
2025-08-20,4290.0,4450.0,4290.0,4430.0,4077.403076171875,52897600
2025-08-21,4420.0,4490.0,4400.0,4490.0,4132.62744140625,60899400
2025-08-22,4500.0,4500.0,4380.0,4390.0,4040.586669921875,32633000
2025-08-25,4460.0,4520.0,4440.0,4450.0,4095.81103515625,53434200
2025-08-26,4430.0,4540.0,4370.0,4540.0,4178.64794921875,85603900
2025-08-27,4500.0,4500.0,4400.0,4450.0,4095.81103515625,45966700
2025-08-28,4480.0,4500.0,4450.0,4460.0,4105.01513671875,37274600
2025-08-29,4440.0,4460.0,4350.0,4380.0,4031.382568359375,60711900
2025-09-01,4170.0,4400.0,4150.0,4320.0,3976.158203125,60513100
2025-09-02,4340.0,4430.0,4290.0,4310.0,3966.9541015625,28513000
2025-09-03,4320.0,4410.0,4320.0,4410.0,4058.994873046875,29754100
2025-09-04,4410.0,4410.0,4340.0,4370.0,4022.178466796875,17346200
2025-09-08,4430.0,4440.0,4050.0,4180.0,3847.30126953125,55687200
2025-09-09,4160.0,4200.0,4020.0,4080.0,3755.260498046875,102884200
2025-09-10,4100.0,4140.0,4080.0,4100.0,3773.668701171875,64536400
2025-09-11,4210.0,4430.0,4210.0,4420.0,4068.198974609375,130159900
2025-09-12,4430.0,4530.0,4330.0,4520.0,4160.23974609375,109797000
2025-09-15,4550.0,4600.0,4410.0,4410.0,4058.994873046875,74523200
2025-09-16,4440.0,4450.0,4320.0,4370.0,4022.178466796875,52083500
2025-09-17,4390.0,4450.0,4330.0,4450.0,4095.81103515625,54546000
2025-09-18,4480.0,4490.0,4250.0,4340.0,3994.56640625,90929900
2025-09-19,4250.0,4290.0,4210.0,4270.0,3930.137939453125,100584800
2025-09-22,4270.0,4280.0,4170.0,4210.0,3874.91357421875,63520200
2025-09-23,4210.0,4240.0,4170.0,4200.0,3865.70947265625,39154400
2025-09-24,4220.0,4230.0,4170.0,4190.0,3856.50537109375,28653700
2025-09-25,4180.0,4190.0,4140.0,4190.0,3856.50537109375,35633900
2025-09-26,4150.0,4180.0,4110.0,4180.0,3847.30126953125,39380500
2025-09-29,4160.0,4170.0,4110.0,4170.0,3838.09716796875,41037000
2025-09-30,4170.0,4170.0,4100.0,4100.0,3773.668701171875,60162600
2025-10-01,4050.0,4120.0,4050.0,4050.0,3727.6484375,37812400
2025-10-02,4050.0,4100.0,4040.0,4040.0,3718.4443359375,34730200
2025-10-03,4060.0,4080.0,4010.0,4040.0,3718.4443359375,26763100
2025-10-06,4040.0,4090.0,4000.0,4000.0,3681.6279296875,35060200
2025-10-07,4030.0,4040.0,3970.0,3990.0,3672.423828125,41251900
2025-10-08,4000.0,4010.0,3930.0,3940.0,3626.403564453125,28812600
2025-10-09,3910.0,4150.0,3860.0,4100.0,3773.668701171875,106114200
2025-10-10,4090.0,4090.0,3950.0,3970.0,3654.015869140625,48778300
2025-10-13,3920.0,3940.0,3870.0,3900.0,3589.58740234375,38351600
2025-10-14,3910.0,3940.0,3800.0,3800.0,3497.546630859375,69452000
2025-10-15,3810.0,3840.0,3720.0,3770.0,3469.934326171875,84578200
2025-10-16,3790.0,3890.0,3760.0,3850.0,3543.56689453125,55980800
2025-10-17,3870.0,3900.0,3800.0,3800.0,3497.546630859375,60733400
2025-10-20,3870.0,4110.0,3860.0,4040.0,3718.4443359375,146203400
2025-10-21,4110.0,4130.0,4030.0,4050.0,3727.6484375,88064800
2025-10-22,4070.0,4150.0,4000.0,4030.0,3709.240234375,81226400
2025-10-23,4030.0,4250.0,4020.0,4240.0,3902.525634765625,130641200
2025-10-24,4220.0,4440.0,4210.0,4370.0,4022.178466796875,177603900
2025-10-27,4440.0,4450.0,4270.0,4370.0,4022.178466796875,102355700
2025-10-28,4390.0,4440.0,4340.0,4370.0,4022.178466796875,58463900
2025-10-29,4380.0,4440.0,4320.0,4440.0,4086.607177734375,71743700
2025-10-30,4420.0,4530.0,4370.0,4410.0,4058.994873046875,91042600
2025-10-31,4400.0,4450.0,4350.0,4380.0,4031.382568359375,69141700
2025-11-03,4390.0,4460.0,4380.0,4430.0,4077.403076171875,40455000
2025-11-04,4430.0,4510.0,4430.0,4450.0,4095.81103515625,73342900
2025-11-05,4400.0,4480.0,4380.0,4460.0,4105.01513671875,43447700
2025-11-06,4450.0,4480.0,4430.0,4440.0,4086.607177734375,31809500
2025-11-07,4440.0,4500.0,4440.0,4500.0,4141.83154296875,36148800
2025-11-10,4520.0,4520.0,4410.0,4420.0,4068.198974609375,45518800
2025-11-11,4450.0,4450.0,4370.0,4420.0,4068.198974609375,48792200
2025-11-12,4410.0,4480.0,4400.0,4460.0,4105.01513671875,35386800
2025-11-13,4470.0,4480.0,4420.0,4420.0,4068.198974609375,20207300
2025-11-14,4410.0,4450.0,4370.0,4390.0,4040.586669921875,34602500
2025-11-17,4390.0,4440.0,4380.0,4390.0,4040.586669921875,28453300
2025-11-18,4400.0,4470.0,4400.0,4460.0,4105.01513671875,36957300
2025-11-19,4470.0,4470.0,4410.0,4460.0,4105.01513671875,34300600
2025-11-20,4470.0,4560.0,4450.0,4460.0,4105.01513671875,54706000
2025-11-21,4450.0,4450.0,4370.0,4390.0,4040.586669921875,45565700
2025-11-24,4400.0,4440.0,4350.0,4390.0,4040.586669921875,76652700
2025-11-25,4420.0,4450.0,4370.0,4420.0,4068.198974609375,36142900
2025-11-26,4420.0,4420.0,4370.0,4410.0,4058.994873046875,31686100
2025-11-27,4420.0,4420.0,4300.0,4350.0,4003.7705078125,33618200
2025-11-28,4330.0,4350.0,4260.0,4260.0,3920.933837890625,40758200
2025-12-01,4240.0,4350.0,4240.0,4310.0,3966.9541015625,19335100
2025-12-02,4340.0,4360.0,4250.0,4270.0,3930.137939453125,39091800
2025-12-03,4270.0,4290.0,4240.0,4260.0,3920.933837890625,28263900
2025-12-04,4260.0,4320.0,4240.0,4310.0,3966.9541015625,23544900
2025-12-05,4330.0,4360.0,4290.0,4290.0,3948.5458984375,28877500
2025-12-08,4360.0,4360.0,4290.0,4310.0,3966.9541015625,28219300
2025-12-09,4310.0,4330.0,4260.0,4320.0,3976.158203125,34461400
2025-12-10,4350.0,4350.0,4270.0,4310.0,3966.9541015625,19908000
2025-12-11,4350.0,4390.0,4190.0,4230.0,3893.321533203125,43389300
2025-12-12,4290.0,4290.0,4170.0,4240.0,3902.525634765625,23240100
2025-12-15,4270.0,4450.0,4230.0,4440.0,4086.607177734375,57531500
2025-12-16,4440.0,4460.0,4330.0,4400.0,4049.790771484375,36287500
2025-12-17,4400.0,4420.0,4340.0,4370.0,4022.178466796875,27653900
2025-12-18,4360.0,4440.0,4360.0,4380.0,4031.382568359375,45694900
2025-12-19,4380.0,4410.0,4320.0,4340.0,3994.56640625,47290300
2025-12-22,4330.0,4360.0,4290.0,4330.0,3985.3623046875,28113800
2025-12-23,4290.0,4320.0,4250.0,4290.0,3948.5458984375,26801700
2025-12-24,4260.0,4330.0,4260.0,4270.0,3930.137939453125,18160600
2025-12-29,4270.0,4320.0,4260.0,4260.0,3920.933837890625,24490400
2025-12-30,4260.0,4380.0,4250.0,4370.0,4022.178466796875,44229200
2026-01-02,4340.0,4350.0,4260.0,4260.0,3920.933837890625,32693200
2026-01-05,4260.0,4270.0,4210.0,4230.0,3893.321533203125,48778200
2026-01-06,4230.0,4260.0,4200.0,4240.0,3902.525634765625,53908900
2026-01-07,4200.0,4240.0,4200.0,4200.0,3865.70947265625,39295200
2026-01-08,4200.0,4270.0,4200.0,4210.0,3874.91357421875,40059400
2026-01-09,4230.0,4240.0,4180.0,4180.0,3847.30126953125,35407500
2026-01-12,4190.0,4250.0,4190.0,4220.0,3884.117431640625,24965900
2026-01-13,4250.0,4340.0,4240.0,4340.0,3994.56640625,76022000
2026-01-14,4340.0,4390.0,4310.0,4360.0,4012.974609375,41778700
2026-01-15,4380.0,4600.0,4370.0,4540.0,4178.64794921875,132483000
2026-01-19,4540.0,4720.0,4510.0,4620.0,4252.2802734375,123397300
2026-01-20,4620.0,4640.0,4560.0,4570.0,4206.259765625,67785900
2026-01-21,4570.0,4590.0,4500.0,4590.0,4224.66796875,54281000
2026-01-22,4600.0,4670.0,4590.0,4590.0,4224.66796875,60255300
2026-01-23,4590.0,4610.0,4520.0,4600.0,4233.8720703125,37564400
2026-01-26,4590.0,4600.0,4520.0,4530.0,4169.44384765625,79139000
2026-01-27,4530.0,4540.0,4470.0,4500.0,4141.83154296875,40655600
2026-01-28,4380.0,4550.0,4270.0,4440.0,4086.607177734375,114151800
2026-01-29,4310.0,4460.0,3990.0,4420.0,4068.198974609375,242945800
2026-01-30,4450.0,4590.0,4430.0,4490.0,4132.62744140625,167017600
2026-02-02,4570.0,4580.0,4370.0,4500.0,4141.83154296875,85790700
2026-02-03,4570.0,4630.0,4380.0,4590.0,4224.66796875,82653800
2026-02-04,4590.0,4650.0,4570.0,4630.0,4261.484375,92915700
2026-02-05,4630.0,4730.0,4570.0,4570.0,4206.259765625,94551800
2026-02-06,4510.0,4560.0,4470.0,4530.0,4169.44384765625,59930200
2026-02-09,4570.0,4570.0,4450.0,4520.0,4160.23974609375,51513700
2026-02-10,4520.0,4540.0,4480.0,4510.0,4151.03564453125,38280100
2026-02-11,4500.0,4510.0,4460.0,4480.0,4123.42333984375,54082900
2026-02-12,4480.0,4510.0,4470.0,4510.0,4151.03564453125,27571700
2026-02-13,4510.0,4510.0,4470.0,4480.0,4123.42333984375,25116200
2026-02-18,4510.0,4540.0,4480.0,4490.0,4132.62744140625,38802300
2026-02-19,4520.0,4550.0,4450.0,4450.0,4095.81103515625,54011700
2026-02-20,4450.0,4500.0,4420.0,4470.0,4114.21923828125,48070400
2026-02-23,4470.0,4510.0,4460.0,4500.0,4141.83154296875,34453500
2026-02-24,4480.0,4490.0,4430.0,4450.0,4095.81103515625,58150200
2026-02-25,4470.0,4520.0,4440.0,4500.0,4141.83154296875,53012100
2026-02-26,4500.0,4510.0,4420.0,4460.0,4105.01513671875,53377800
2026-02-27,4460.0,4460.0,4400.0,4400.0,4049.790771484375,83010300
2026-03-02,4350.0,4380.0,4300.0,4300.0,3957.75,77493000
2026-03-03,4310.0,4360.0,4300.0,4300.0,3957.75,34412500
2026-03-04,4280.0,4290.0,4120.0,4150.0,3819.68896484375,101732000
2026-03-05,4220.0,4320.0,4200.0,4280.0,3939.342041015625,52177600
2026-03-06,4270.0,4300.0,4210.0,4270.0,3930.137939453125,47786400
2026-03-09,4150.0,4330.0,4130.0,4290.0,3948.5458984375,102376100
2026-03-10,4350.0,4370.0,4250.0,4260.0,3920.933837890625,66622300
2026-03-11,4300.0,4330.0,4280.0,4290.0,3948.5458984375,54719700
2026-03-12,4300.0,4350.0,4270.0,4280.0,3939.342041015625,87013000
2026-03-13,4290.0,4310.0,4220.0,4240.0,3902.525634765625,99440600
2026-03-16,4250.0,4340.0,4230.0,4320.0,3976.158203125,126138200
2026-03-17,4330.0,4390.0,4320.0,4390.0,4040.586669921875,209818800
2026-03-25,4050.0,4090.0,3980.0,4040.0,4040.0,247976300
2026-03-26,4050.0,4060.0,3970.0,4000.0,4000.0,90175900
2026-03-27,3980.0,3990.0,3900.0,3900.0,3900.0,76824500
2026-03-30,3860.0,3860.0,3780.0,3850.0,3850.0,82872100
2026-03-31,3850.0,3880.0,3760.0,3760.0,3760.0,76852900
2026-04-01,3830.0,3840.0,3720.0,3720.0,3720.0,88881000
2026-04-02,3730.0,3750.0,3690.0,3700.0,3700.0,53750100
2026-04-06,3700.0,3720.0,3630.0,3640.0,3640.0,45425200
2026-04-07,3640.0,3660.0,3510.0,3510.0,3510.0,101448300
2026-04-08,3650.0,3800.0,3630.0,3780.0,3780.0,112845200
2026-04-09,3760.0,3770.0,3680.0,3710.0,3710.0,55090400
2026-04-10,3730.0,3820.0,3700.0,3730.0,3730.0,58848500
2026-04-13,3710.0,3710.0,3660.0,3680.0,3680.0,36975400
2026-04-14,3740.0,3780.0,3710.0,3740.0,3740.0,51368500
2026-04-15,3770.0,3790.0,3660.0,3670.0,3670.0,57711000
2026-04-16,3700.0,3700.0,3660.0,3700.0,3700.0,30456000
2026-04-17,3690.0,3740.0,3690.0,3710.0,3710.0,22706000
2026-04-20,3710.0,3730.0,3660.0,3670.0,3670.0,36946800
2026-04-21,3670.0,3730.0,3660.0,3730.0,3730.0,30514900
2026-04-22,3750.0,3840.0,3740.0,3830.0,3830.0,58900700
2026-04-23,3850.0,3890.0,3820.0,3870.0,3870.0,56532500
2026-04-24,3850.0,3860.0,3720.0,3770.0,3770.0,53993700
2026-04-27,3790.0,3800.0,3720.0,3720.0,3720.0,27549200
2026-04-28,3750.0,3790.0,3680.0,3790.0,3790.0,31602700
2026-04-29,3810.0,3840.0,3770.0,3800.0,3800.0,27956600
2026-04-30,3790.0,3800.0,3720.0,3720.0,3720.0,57549500
2026-05-04,3780.0,3860.0,3760.0,3840.0,3840.0,39293500
2026-05-05,3840.0,3970.0,3810.0,3920.0,3920.0,52767900
2026-05-06,3920.0,3930.0,3800.0,3830.0,3830.0,41949100
2026-05-07,3880.0,3990.0,3860.0,3980.0,3980.0,56083300
2026-05-08,3980.0,3990.0,3860.0,3860.0,3860.0,58943300
2026-05-11,3890.0,3890.0,3800.0,3820.0,3820.0,31597700
2026-05-12,3820.0,3910.0,3770.0,3910.0,3910.0,44682300
2026-05-13,3890.0,3890.0,3820.0,3870.0,3870.0,24634300
2026-05-14,3870.0,3870.0,3870.0,3870.0,3870.0,0
2026-05-15,3870.0,3870.0,3870.0,3870.0,3870.0,0
2026-05-18,3830.0,3840.0,3730.0,3800.0,3800.0,37869300
2026-05-19,3810.0,3880.0,3770.0,3810.0,3810.0,42431700
2026-05-20,3830.0,3880.0,3770.0,3800.0,3800.0,54487000
2026-05-21,3810.0,3860.0,3780.0,3800.0,3800.0,29621700
2026-05-22,3800.0,3810.0,3750.0,3780.0,3780.0,25045300
2026-05-25,3810.0,3930.0,3800.0,3890.0,3890.0,56968300
2026-05-26,3890.0,3890.0,3810.0,3840.0,3840.0,25818200
2026-05-27,3840.0,3840.0,3840.0,3840.0,3840.0,0
2026-05-28,3840.0,3840.0,3840.0,3840.0,3840.0,0
2026-05-29,3820.0,3850.0,3700.0,3700.0,3700.0,160150400
2026-06-02,3760.0,3820.0,3710.0,3760.0,3760.0,50891200
2026-06-03,3770.0,3790.0,3560.0,3570.0,3570.0,60855300
2026-06-04,3570.0,3580.0,3350.0,3420.0,3420.0,107483200
2026-06-05,3400.0,3420.0,3210.0,3210.0,3210.0,87511600
2026-06-08,3150.0,3190.0,3010.0,3010.0,3010.0,146586500
2026-06-09,3000.0,3350.0,2990.0,3270.0,3270.0,182146000
2026-06-10,3320.0,3560.0,3300.0,3450.0,3450.0,213541800
2026-06-11,3490.0,3620.0,3400.0,3500.0,3500.0,135430000
2026-06-12,3570.0,3650.0,3520.0,3560.0,3560.0,74824100
2026-06-15,3650.0,3830.0,3650.0,3800.0,3800.0,110833800
2026-06-17,3810.0,3920.0,3670.0,3800.0,3800.0,90260200
2026-06-18,3780.0,3780.0,3660.0,3730.0,3730.0,70456300
2026-06-19,3720.0,3760.0,3640.0,3670.0,3670.0,95367400
2026-06-22,3720.0,3720.0,3490.0,3490.0,3490.0,56952800
2026-06-23,3490.0,3490.0,3390.0,3430.0,3430.0,69805600
2026-06-24,3430.0,3490.0,3290.0,3320.0,3320.0,102475500
2026-06-25,3320.0,3430.0,3300.0,3350.0,3350.0,51645300
2026-06-26,3330.0,3370.0,3230.0,3320.0,3320.0,75387100
2026-06-29,3340.0,3350.0,3260.0,3260.0,3260.0,30133200
2026-06-30,3250.0,3270.0,3160.0,3160.0,3160.0,68047800
2026-07-01,3160.0,3180.0,3090.0,3100.0,3100.0,68356600
2026-07-02,3110.0,3230.0,3110.0,3170.0,3170.0,56394800
2026-07-03,3210.0,3290.0,3210.0,3250.0,3250.0,28681500
2026-07-06,3250.0,3320.0,3210.0,3280.0,3280.0,29228500
2026-07-07,3300.0,3470.0,3290.0,3470.0,3470.0,60892800
2026-07-08,3430.0,3450.0,3380.0,3380.0,3380.0,55410800
2026-07-09,3370.0,3420.0,3320.0,3420.0,3420.0,24656200
2026-07-10,3430.0,3450.0,3380.0,3420.0,3420.0,29336200
2026-07-13,3420.0,3570.0,3370.0,3530.0,3530.0,51536900
2026-07-14,3550.0,3560.0,3460.0,3470.0,3470.0,48830900
2026-07-15,3490.0,3540.0,3460.0,3460.0,3460.0,34196500
2026-07-16,3460.0,3540.0,3460.0,3500.0,3500.0,49344600
2026-07-17,3510.0,3640.0,3470.0,3580.0,3580.0,102411200
2026-07-20,3600.0,3650.0,3580.0,3590.0,3590.0,71579400
2026-07-21,3620.0,3650.0,3570.0,3620.0,3620.0,61348500
2026-07-22,3640.0,3640.0,3550.0,3610.0,3610.0,45262500
2026-07-23,3610.0,3620.0,3560.0,3600.0,3600.0,42071600
2026-07-24,3540.0,3570.0,3490.0,3520.0,3520.0,38325800
2026-07-27,3460.0,3540.0,3450.0,3520.0,3520.0,62103400
2026-07-28,3520.0,3540.0,3480.0,3480.0,3480.0,21024300
2026-07-29,3480.0,3520.0,3450.0,3460.0,3460.0,34501600
2026-07-30,3470.0,3550.0,3460.0,3550.0,3550.0,42430600
2026-07-31,3570.0,3580.0,3510.0,3530.0,3530.0,48321300
2026-08-03,3570.0,3570.0,3500.0,3520.0,3520.0,19986000
2026-08-04,3530.0,3660.0,3530.0,3660.0,3660.0,65344400
2026-08-05,3660.0,3660.0,3600.0,3630.0,3630.0,40879400
2026-08-06,3640.0,3690.0,3610.0,3620.0,3620.0,37046200
2026-08-07,3640.0,3660.0,3620.0,3630.0,3630.0,22690800
2026-08-10,3640.0,3670.0,3620.0,3650.0,3650.0,22297300
2026-08-11,3650.0,3660.0,3550.0,3550.0,3550.0,29926000
2026-08-12,3560.0,3590.0,3550.0,3580.0,3580.0,23117900
2026-08-13,3600.0,3620.0,3580.0,3610.0,3610.0,25813700
2026-08-14,3610.0,3630.0,3590.0,3630.0,3630.0,19651900
2026-08-18,3630.0,3660.0,3590.0,3590.0,3590.0,26064000
2026-08-19,3600.0,3610.0,3560.0,3560.0,3560.0,21565300
2026-08-20,3570.0,3590.0,3550.0,3590.0,3590.0,33838500
2026-08-21,3600.0,3780.0,3590.0,3730.0,3730.0,92322200
2026-08-24,3730.0,3740.0,3650.0,3680.0,3680.0,33072400
2026-08-25,3680.0,3680.0,3680.0,3680.0,3680.0,0
2026-08-26,3680.0,3700.0,3630.0,3680.0,3680.0,38659400
2026-08-27,3670.0,3720.0,3620.0,3710.0,3710.0,47055500
2026-08-28,3710.0,3780.0,3710.0,3780.0,3780.0,48082900
2026-08-31,3780.0,3900.0,3760.0,3860.0,3860.0,115236500
2026-09-01,3860.0,3920.0,3860.0,3870.0,3870.0,31808400
2026-09-02,3880.0,3940.0,3870.0,3900.0,3900.0,22198300
2026-09-03,3920.0,4000.0,3890.0,3960.0,3960.0,44387300
2026-09-04,3960.0,4000.0,3940.0,3940.0,3940.0,27444800
2026-09-07,3900.0,3930.0,3880.0,3910.0,3910.0,21661900
2026-09-08,3890.0,3910.0,3850.0,3870.0,3870.0,44905000
2026-09-09,3880.0,3890.0,3790.0,3820.0,3820.0,52644400
2026-09-10,3830.0,3840.0,3770.0,3800.0,3800.0,37595400
2026-09-11,3800.0,3800.0,3720.0,3750.0,3750.0,27943800
2026-09-14,3740.0,3900.0,3640.0,3870.0,3870.0,88939600
2026-09-15,3870.0,3870.0,3740.0,3750.0,3750.0,39238000
2026-09-16,3750.0,3780.0,3730.0,3730.0,3730.0,20577300
2026-09-17,3740.0,3770.0,3720.0,3740.0,3740.0,24338700
2026-09-18,3730.0,3740.0,3640.0,3650.0,3650.0,45318800
2026-09-21,3660.0,3670.0,3600.0,3620.0,3620.0,24461400
2026-09-22,3610.0,3640.0,3550.0,3570.0,3570.0,33279300
