Date,Open,High,Low,Close,Adj Close,Volume
2016-09-22,2199.9619140625,2218.1435546875,2190.871337890625,2195.41650390625,1330.638671875,148067507
2016-09-23,2195.41650390625,2204.50732421875,2177.235107421875,2195.41650390625,1330.638671875,122425514
2016-09-26,2190.871337890625,2204.50732421875,2186.325927734375,2186.325927734375,1325.128662109375,79398821
2016-09-27,2159.0537109375,2209.052734375,2140.8720703125,2199.9619140625,1333.3935546875,132320735
2016-09-28,2199.9619140625,2213.59814453125,2190.871337890625,2199.9619140625,1333.3935546875,228429395
2016-09-29,2218.1435546875,2227.234375,2204.50732421875,2222.68896484375,1347.1683349609375,142713715
2016-09-30,2199.9619140625,2227.234375,2195.41650390625,2218.1435546875,1344.413330078125,123068475
2016-10-03,2218.1435546875,2240.870361328125,2218.1435546875,2231.779541015625,1352.677978515625,153450450
2016-10-04,2231.779541015625,2240.870361328125,2209.052734375,2231.779541015625,1352.677978515625,75091147
2016-10-05,2240.870361328125,2240.870361328125,2222.68896484375,2236.324951171875,1355.4327392578125,151006208
2016-10-06,2236.324951171875,2254.506591796875,2231.779541015625,2254.506591796875,1366.452880859375,115097738
2016-10-07,2254.506591796875,2254.506591796875,2172.689697265625,2177.235107421875,1319.618896484375,142339158
2016-10-10,2163.598876953125,2186.325927734375,2149.962890625,2154.50830078125,1305.843994140625,66738702
2016-10-11,2163.598876953125,2181.780517578125,2163.598876953125,2172.689697265625,1316.864013671875,174577415
2016-10-12,2168.144287109375,2204.50732421875,2149.962890625,2181.780517578125,1322.3739013671875,70169662
2016-10-13,2190.871337890625,2209.052734375,2154.50830078125,2177.235107421875,1319.618896484375,98899408
2016-10-14,2163.598876953125,2240.870361328125,2154.50830078125,2222.68896484375,1347.1683349609375,96902873
2016-10-17,2209.052734375,2231.779541015625,2209.052734375,2209.052734375,1338.9034423828125,110866514
2016-10-18,2231.779541015625,2231.779541015625,2209.052734375,2218.1435546875,1344.413330078125,75698907
2016-10-19,2231.779541015625,2231.779541015625,2199.9619140625,2209.052734375,1338.9034423828125,41200111
2016-10-20,2195.41650390625,2218.1435546875,2195.41650390625,2204.50732421875,1336.148681640625,67079708
2016-10-21,2213.59814453125,2222.68896484375,2204.50732421875,2222.68896484375,1347.1683349609375,48630189
2016-10-24,2222.68896484375,2231.779541015625,2209.052734375,2218.1435546875,1344.413330078125,55387606
2016-10-25,2236.324951171875,2236.324951171875,2209.052734375,2209.052734375,1338.9034423828125,60999353
2016-10-26,2181.780517578125,2222.68896484375,2181.780517578125,2195.41650390625,1330.638671875,124992408
2016-10-27,2195.41650390625,2218.1435546875,2186.325927734375,2218.1435546875,1344.413330078125,77750442
2016-10-28,2181.780517578125,2227.234375,2181.780517578125,2218.1435546875,1344.413330078125,73928426
2016-10-31,2236.324951171875,2236.324951171875,2195.41650390625,2218.1435546875,1344.413330078125,106301436
2016-11-01,2227.234375,2236.324951171875,2218.1435546875,2222.68896484375,1347.1683349609375,77841744
2016-11-02,2222.68896484375,2263.59716796875,2213.59814453125,2254.506591796875,1366.452880859375,107751261
2016-11-03,2254.506591796875,2254.506591796875,2227.234375,2240.870361328125,1358.1881103515625,79249218
2016-11-04,2218.1435546875,2254.506591796875,2209.052734375,2254.506591796875,1366.452880859375,52651309
2016-11-07,2254.506591796875,2277.2333984375,2236.324951171875,2263.59716796875,1371.9627685546875,107605508
2016-11-08,2272.68798828125,2359.050048828125,2272.68798828125,2340.86865234375,1418.796875,141713797
2016-11-09,2340.86865234375,2359.050048828125,2263.59716796875,2290.86962890625,1388.4923095703125,154245214
2016-11-10,2318.141845703125,2331.77783203125,2299.960205078125,2309.051025390625,1399.51220703125,96667469
2016-11-11,2254.506591796875,2254.506591796875,2168.144287109375,2177.235107421875,1319.618896484375,327442105
2016-11-14,2127.236083984375,2131.78125,2022.6923828125,2022.6923828125,1225.95068359375,418181573
2016-11-15,2036.3284912109375,2072.69140625,2004.5108642578125,2004.5108642578125,1214.9312744140625,245969198
2016-11-16,2036.3284912109375,2099.963623046875,2036.3284912109375,2090.873046875,1267.2750244140625,199883902
2016-11-17,2090.873046875,2109.054443359375,2068.14599609375,2090.873046875,1267.2750244140625,105917529
2016-11-18,2109.054443359375,2109.054443359375,2077.23681640625,2090.873046875,1267.2750244140625,106213984
2016-11-21,2077.23681640625,2086.32763671875,2063.600830078125,2081.7822265625,1261.7650146484375,80737544
2016-11-22,2063.600830078125,2090.873046875,2063.600830078125,2086.32763671875,1264.52001953125,112346590
2016-11-23,2086.32763671875,2099.963623046875,2072.69140625,2090.873046875,1267.2750244140625,96602568
2016-11-24,2063.600830078125,2081.7822265625,2040.873779296875,2054.510009765625,1245.2354736328125,124643702
2016-11-25,2009.05615234375,2031.7830810546875,1977.238525390625,1986.329345703125,1203.9110107421875,212318517
2016-11-28,1954.51171875,1972.6932373046875,1895.4217529296875,1904.5125732421875,1154.322265625,321262748
2016-11-29,1895.4217529296875,1940.8756103515625,1895.4217529296875,1918.148681640625,1162.5867919921875,187128632
2016-11-30,1940.8756103515625,1995.4200439453125,1936.3302001953125,1981.783935546875,1201.1561279296875,312543448
2016-12-01,1981.783935546875,2018.14697265625,1977.238525390625,2009.05615234375,1217.6859130859375,138604594
2016-12-02,2009.05615234375,2068.14599609375,1999.9654541015625,2054.510009765625,1245.2354736328125,122104309
2016-12-05,2036.3284912109375,2059.055419921875,2022.6923828125,2022.6923828125,1225.95068359375,98347198
2016-12-06,2027.2376708984375,2072.69140625,2018.14697265625,2059.055419921875,1247.990478515625,110179553
2016-12-07,2063.600830078125,2077.23681640625,2049.964599609375,2077.23681640625,1259.010009765625,55707712
2016-12-08,2068.14599609375,2090.873046875,2054.510009765625,2090.873046875,1267.2750244140625,80500490
2016-12-09,2086.32763671875,2090.873046875,2072.69140625,2086.32763671875,1264.52001953125,92402146
2016-12-13,2081.7822265625,2131.78125,2072.69140625,2131.78125,1292.0693359375,102773125
2016-12-14,2131.78125,2136.32666015625,2086.32763671875,2090.873046875,1267.2750244140625,114209472
2016-12-15,2027.2376708984375,2086.32763671875,1999.9654541015625,2072.69140625,1256.2550048828125,108499274
2016-12-16,2072.69140625,2072.69140625,2040.873779296875,2049.964599609375,1242.4803466796875,193178186
2016-12-19,2049.964599609375,2068.14599609375,2045.419189453125,2045.419189453125,1239.725341796875,78321352
2016-12-20,2045.419189453125,2054.510009765625,2027.2376708984375,2040.873779296875,1236.970458984375,83385290
2016-12-21,2077.23681640625,2081.7822265625,1999.9654541015625,1999.9654541015625,1212.1759033203125,104368702
2016-12-22,2004.5108642578125,2013.6015625,1972.6932373046875,1977.238525390625,1198.4012451171875,143815934
2016-12-23,1972.6932373046875,2004.5108642578125,1959.05712890625,1977.238525390625,1198.4012451171875,110680611
2016-12-27,1972.6932373046875,2013.6015625,1968.1478271484375,1999.9654541015625,1212.1759033203125,56481575
2016-12-28,2018.14697265625,2081.7822265625,2018.14697265625,2068.14599609375,1253.5001220703125,89001987
2016-12-29,2086.32763671875,2131.78125,2077.23681640625,2118.145263671875,1283.8045654296875,146719984
2016-12-30,2131.78125,2159.0537109375,2113.599853515625,2122.690673828125,1286.559814453125,213082480
2017-01-02,2122.690673828125,2122.690673828125,2122.690673828125,2122.690673828125,1286.559814453125,0
2017-01-03,2136.32666015625,2163.598876953125,2104.509033203125,2163.598876953125,1311.3538818359375,74339834
2017-01-04,2163.598876953125,2218.1435546875,2136.32666015625,2218.1435546875,1344.413330078125,87881617
2017-01-05,2236.324951171875,2240.870361328125,2186.325927734375,2199.9619140625,1333.3935546875,159895461
2017-01-06,2199.9619140625,2209.052734375,2177.235107421875,2199.9619140625,1333.3935546875,80566491
2017-01-09,2181.780517578125,2209.052734375,2136.32666015625,2136.32666015625,1294.8243408203125,79011614
2017-01-10,2154.50830078125,2172.689697265625,2140.8720703125,2145.41748046875,1300.334228515625,69075143
2017-01-11,2136.32666015625,2168.144287109375,2136.32666015625,2145.41748046875,1300.334228515625,75141197
2017-01-12,2163.598876953125,2168.144287109375,2159.0537109375,2159.0537109375,1308.5992431640625,72817407
2017-01-13,2172.689697265625,2181.780517578125,2159.0537109375,2172.689697265625,1316.864013671875,110485908
2017-01-16,2181.780517578125,2181.780517578125,2163.598876953125,2163.598876953125,1311.3538818359375,101515803
2017-01-17,2159.0537109375,2177.235107421875,2159.0537109375,2168.144287109375,1314.10888671875,43271447
2017-01-18,2163.598876953125,2177.235107421875,2154.50830078125,2172.689697265625,1316.864013671875,70248313
2017-01-19,2172.689697265625,2181.780517578125,2168.144287109375,2181.780517578125,1322.3739013671875,92075440
2017-01-20,2177.235107421875,2177.235107421875,2145.41748046875,2145.41748046875,1300.334228515625,40153443
2017-01-23,2136.32666015625,2163.598876953125,2136.32666015625,2145.41748046875,1300.334228515625,51390687
2017-01-24,2149.962890625,2163.598876953125,2145.41748046875,2149.962890625,1303.0889892578125,66106191
2017-01-25,2159.0537109375,2159.0537109375,2127.236083984375,2127.236083984375,1289.314453125,125776722
2017-01-26,2140.8720703125,2149.962890625,2131.78125,2136.32666015625,1294.8243408203125,94049974
2017-01-27,2127.236083984375,2136.32666015625,2122.690673828125,2131.78125,1292.0693359375,54107184
2017-01-30,2149.962890625,2154.50830078125,2136.32666015625,2136.32666015625,1294.8243408203125,65218476
2017-01-31,2131.78125,2149.962890625,2127.236083984375,2131.78125,1292.0693359375,75222599
2017-02-01,2145.41748046875,2177.235107421875,2140.8720703125,2172.689697265625,1316.864013671875,178441232
2017-02-02,2181.780517578125,2186.325927734375,2168.144287109375,2177.235107421875,1319.618896484375,129157080
2017-02-03,2181.780517578125,2190.871337890625,2177.235107421875,2181.780517578125,1322.3739013671875,135167034
2017-02-06,2195.41650390625,2204.50732421875,2181.780517578125,2190.871337890625,1327.884033203125,250986935
2017-02-07,2190.871337890625,2195.41650390625,2181.780517578125,2186.325927734375,1325.128662109375,85484676
2017-02-08,2177.235107421875,2181.780517578125,2149.962890625,2172.689697265625,1316.864013671875,147025239
2017-02-09,2177.235107421875,2186.325927734375,2168.144287109375,2177.235107421875,1319.618896484375,127802407
2017-02-10,2177.235107421875,2190.871337890625,2177.235107421875,2186.325927734375,1325.128662109375,95515199
2017-02-13,2195.41650390625,2204.50732421875,2181.780517578125,2195.41650390625,1330.638671875,96346814
2017-02-14,2181.780517578125,2195.41650390625,2163.598876953125,2181.780517578125,1322.3739013671875,69135094
2017-02-15,2181.780517578125,2181.780517578125,2181.780517578125,2181.780517578125,1322.3739013671875,0
2017-02-16,2181.780517578125,2181.780517578125,2140.8720703125,2181.780517578125,1322.3739013671875,128769324
2017-02-17,2154.50830078125,2168.144287109375,2127.236083984375,2127.236083984375,1289.314453125,98121144
2017-02-20,2145.41748046875,2154.50830078125,2118.145263671875,2136.32666015625,1294.8243408203125,83084435
2017-02-21,2154.50830078125,2181.780517578125,2149.962890625,2163.598876953125,1311.3538818359375,86270090
2017-02-22,2181.780517578125,2181.780517578125,2163.598876953125,2181.780517578125,1322.3739013671875,103578889
2017-02-23,2168.144287109375,2181.780517578125,2168.144287109375,2168.144287109375,1314.10888671875,65381829
2017-02-24,2159.0537109375,2181.780517578125,2154.50830078125,2172.689697265625,1316.864013671875,83788997
2017-02-27,2181.780517578125,2181.780517578125,2159.0537109375,2159.0537109375,1308.5992431640625,58183854
2017-02-28,2168.144287109375,2186.325927734375,2163.598876953125,2172.689697265625,1316.864013671875,149039374
2017-03-01,2154.50830078125,2172.689697265625,2154.50830078125,2172.689697265625,1316.864013671875,58873566
2017-03-02,2177.235107421875,2181.780517578125,2154.50830078125,2154.50830078125,1305.843994140625,87007102
2017-03-03,2163.598876953125,2177.235107421875,2154.50830078125,2154.50830078125,1305.843994140625,47146264
2017-03-06,2163.598876953125,2172.689697265625,2159.0537109375,2172.689697265625,1316.864013671875,54321138
2017-03-07,2181.780517578125,2181.780517578125,2168.144287109375,2181.780517578125,1322.3739013671875,103532138
2017-03-08,2190.871337890625,2204.50732421875,2181.780517578125,2181.780517578125,1322.3739013671875,89386993
2017-03-09,2195.41650390625,2209.052734375,2186.325927734375,2195.41650390625,1330.638671875,80096233
2017-03-10,2209.052734375,2209.052734375,2186.325927734375,2195.41650390625,1330.638671875,83685045
2017-03-13,2209.052734375,2209.052734375,2186.325927734375,2195.41650390625,1330.638671875,107761711
2017-03-14,2181.780517578125,2204.50732421875,2181.780517578125,2190.871337890625,1327.884033203125,59510477
2017-03-15,2190.871337890625,2222.68896484375,2190.871337890625,2209.052734375,1338.9034423828125,133583557
2017-03-16,2236.324951171875,2281.77880859375,2236.324951171875,2277.2333984375,1380.227294921875,297074431
2017-03-17,2309.051025390625,2363.595458984375,2309.051025390625,2363.595458984375,1432.5716552734375,408559706
2017-03-20,2381.777099609375,2409.04931640625,2345.4140625,2363.595458984375,1432.5716552734375,119646316
2017-03-21,2363.595458984375,2381.777099609375,2354.5048828125,2363.595458984375,1432.5716552734375,117868135
2017-03-22,2354.5048828125,2399.95849609375,2327.232421875,2399.95849609375,1454.6109619140625,261472316
2017-03-23,2363.595458984375,2395.4130859375,2345.4140625,2390.86767578125,1497.7327880859375,127782607
2017-03-24,2386.322509765625,2395.4130859375,2377.231689453125,2390.86767578125,1497.7327880859375,54328838
2017-03-27,2322.687255859375,2390.86767578125,2309.051025390625,2322.687255859375,1455.0218505859375,79188167
2017-03-29,2345.4140625,2359.050048828125,2327.232421875,2331.77783203125,1460.7166748046875,152638636
2017-03-30,2354.5048828125,2354.5048828125,2286.32421875,2354.5048828125,1474.95361328125,97370381
2017-03-31,2336.3232421875,2372.686279296875,2336.3232421875,2359.050048828125,1477.8009033203125,81472907
2017-04-03,2359.050048828125,2390.86767578125,2354.5048828125,2368.140869140625,1483.4959716796875,132470888
2017-04-04,2327.232421875,2386.322509765625,2327.232421875,2368.140869140625,1483.4959716796875,64004605
2017-04-05,2368.140869140625,2368.140869140625,2368.140869140625,2368.140869140625,1483.4959716796875,0
2017-04-06,2363.595458984375,2399.95849609375,2349.95947265625,2395.4130859375,1500.580322265625,69225295
2017-04-07,2395.4130859375,2404.50390625,2368.140869140625,2372.686279296875,1486.34326171875,155016877
2017-04-10,2381.777099609375,2409.04931640625,2349.95947265625,2381.777099609375,1492.0382080078125,112550094
2017-04-11,2381.777099609375,2381.777099609375,2331.77783203125,2345.4140625,1469.2587890625,43567352
2017-04-12,2345.4140625,2354.5048828125,2322.687255859375,2322.687255859375,1455.0218505859375,41581818
2017-04-13,2368.140869140625,2377.231689453125,2309.051025390625,2309.051025390625,1446.4796142578125,62858935
2017-04-17,2318.141845703125,2318.141845703125,2259.052001953125,2259.052001953125,1415.1583251953125,49219250
2017-04-18,2295.414794921875,2354.5048828125,2290.86962890625,2340.86865234375,1466.411376953125,69504150
2017-04-19,2340.86865234375,2340.86865234375,2340.86865234375,2340.86865234375,1466.411376953125,0
2017-04-20,2363.595458984375,2363.595458984375,2313.596435546875,2318.141845703125,1452.1744384765625,125882874
2017-04-21,2318.141845703125,2359.050048828125,2318.141845703125,2349.95947265625,1472.1063232421875,93732618
2017-04-25,2363.595458984375,2390.86767578125,2363.595458984375,2386.322509765625,1494.8853759765625,209825324
2017-04-26,2390.86767578125,2404.50390625,2377.231689453125,2404.50390625,1506.275146484375,174112107
2017-04-27,2390.86767578125,2399.95849609375,2349.95947265625,2363.595458984375,1480.6484375,74987745
2017-04-28,2390.86767578125,2390.86767578125,2345.4140625,2345.4140625,1469.2587890625,55645011
2017-05-02,2386.322509765625,2386.322509765625,2363.595458984375,2372.686279296875,1486.34326171875,146474679
2017-05-03,2386.322509765625,2413.5947265625,2377.231689453125,2399.95849609375,1503.4273681640625,168168154
2017-05-04,2413.5947265625,2531.7744140625,2413.5947265625,2531.7744140625,1586.0025634765625,221305122
2017-05-05,2545.41064453125,2545.41064453125,2495.411376953125,2531.7744140625,1586.0025634765625,90490862
2017-05-08,2518.138427734375,2581.773681640625,2518.138427734375,2563.592041015625,1605.93408203125,200488362
2017-05-09,2563.592041015625,2609.0458984375,2545.41064453125,2545.41064453125,1594.5443115234375,153557152
2017-05-10,2581.773681640625,2590.8642578125,2536.31982421875,2540.865234375,1591.6968994140625,113189205
2017-05-12,2549.9560546875,2572.682861328125,2495.411376953125,2549.9560546875,1597.3917236328125,132790993
2017-05-15,2590.8642578125,2599.955078125,2572.682861328125,2599.955078125,1628.7132568359375,134878279
2017-05-16,2609.0458984375,2645.408935546875,2549.9560546875,2549.9560546875,1597.3917236328125,125902674
2017-05-17,2572.682861328125,2599.955078125,2527.22900390625,2563.592041015625,1605.93408203125,139094102
2017-05-18,2499.956787109375,2568.137451171875,2486.32080078125,2563.592041015625,1605.93408203125,158054579
2017-05-19,2518.138427734375,2781.77001953125,2509.047607421875,2636.318115234375,1651.492431640625,199162840
2017-05-22,2690.862548828125,2772.679443359375,2654.49951171875,2659.044921875,1665.7294921875,178052925
2017-05-23,2763.588623046875,2763.588623046875,2613.59130859375,2631.772705078125,1648.6448974609375,110151502
2017-05-24,2613.59130859375,2613.59130859375,2563.592041015625,2572.682861328125,1611.6290283203125,124781205
2017-05-26,2572.682861328125,2599.955078125,2568.137451171875,2586.31884765625,1620.171142578125,151350514
2017-05-29,2599.955078125,2599.955078125,2563.592041015625,2581.773681640625,1617.323974609375,48242983
2017-05-30,2549.9560546875,2599.955078125,2549.9560546875,2581.773681640625,1617.323974609375,46155147
2017-05-31,2590.8642578125,2645.408935546875,2586.31884765625,2631.772705078125,1648.6448974609375,182778607
2017-06-01,2631.772705078125,2631.772705078125,2631.772705078125,2631.772705078125,1648.6448974609375,0
2017-06-02,2645.408935546875,2681.77197265625,2645.408935546875,2681.77197265625,1679.966552734375,97643186
2017-06-05,2686.317138671875,2731.77099609375,2659.044921875,2731.77099609375,1711.2877197265625,98219596
2017-06-06,2699.953369140625,2727.2255859375,2654.49951171875,2668.1357421875,1671.424072265625,90498013
2017-06-07,2699.953369140625,2713.589599609375,2681.77197265625,2713.589599609375,1699.898193359375,95703303
2017-06-08,2727.2255859375,2727.2255859375,2663.59033203125,2663.59033203125,1668.576904296875,73026411
2017-06-09,2636.318115234375,2645.408935546875,2599.955078125,2613.59130859375,1637.2554931640625,159540705
2017-06-12,2581.773681640625,2699.953369140625,2581.773681640625,2659.044921875,1665.7294921875,50916029
2017-06-13,2636.318115234375,2649.954345703125,2627.227294921875,2631.772705078125,1648.6448974609375,64995172
2017-06-14,2636.318115234375,2699.953369140625,2636.318115234375,2699.953369140625,1691.356201171875,88024620
2017-06-15,2654.49951171875,2681.77197265625,2654.49951171875,2668.1357421875,1671.424072265625,60059387
2017-06-16,2672.68115234375,2681.77197265625,2645.408935546875,2668.1357421875,1671.424072265625,182217047
2017-06-19,2654.49951171875,2690.862548828125,2654.49951171875,2690.862548828125,1685.661376953125,49042147
2017-06-20,2690.862548828125,2722.68017578125,2672.68115234375,2722.68017578125,1705.5931396484375,65427480
2017-06-21,2713.589599609375,2781.77001953125,2690.862548828125,2781.77001953125,1742.609130859375,125778922
2017-06-22,2754.497802734375,2772.679443359375,2736.31640625,2772.679443359375,1736.9146728515625,142911718
2017-06-23,2772.679443359375,2772.679443359375,2772.679443359375,2772.679443359375,1736.9146728515625,0
2017-06-26,2772.679443359375,2772.679443359375,2772.679443359375,2772.679443359375,1736.9146728515625,0
2017-06-27,2772.679443359375,2772.679443359375,2772.679443359375,2772.679443359375,1736.9146728515625,0
2017-06-28,2772.679443359375,2772.679443359375,2772.679443359375,2772.679443359375,1736.9146728515625,0
2017-06-29,2772.679443359375,2772.679443359375,2772.679443359375,2772.679443359375,1736.9146728515625,0
2017-06-30,2772.679443359375,2772.679443359375,2772.679443359375,2772.679443359375,1736.9146728515625,0
2017-07-03,2727.2255859375,2818.133056640625,2722.68017578125,2818.133056640625,1765.388671875,244610675
2017-07-04,2772.679443359375,2804.4970703125,2772.679443359375,2781.77001953125,1742.609130859375,160913529
2017-07-05,2772.679443359375,2781.77001953125,2749.952392578125,2763.588623046875,1731.2198486328125,130771358
2017-07-06,2745.4072265625,2763.588623046875,2736.31640625,2736.31640625,1714.1351318359375,129686189
2017-07-07,2727.2255859375,2772.679443359375,2727.2255859375,2736.31640625,1714.1351318359375,112193137
2017-07-10,2740.86181640625,2745.4072265625,2677.2265625,2677.2265625,1677.119140625,107130300
2017-07-11,2659.044921875,2704.498779296875,2659.044921875,2659.044921875,1665.7294921875,125045759
2017-07-12,2659.044921875,2709.044189453125,2654.49951171875,2695.407958984375,1688.5089111328125,81526258
2017-07-13,2709.044189453125,2709.044189453125,2686.317138671875,2709.044189453125,1697.0506591796875,91359878
2017-07-14,2690.862548828125,2704.498779296875,2659.044921875,2690.862548828125,1685.661376953125,172757433
2017-07-17,2690.862548828125,2727.2255859375,2686.317138671875,2727.2255859375,1708.4403076171875,74671489
2017-07-18,2681.77197265625,2709.044189453125,2663.59033203125,2709.044189453125,1697.0506591796875,112101286
2017-07-19,2709.044189453125,2709.044189453125,2672.68115234375,2677.2265625,1677.119140625,76411169
2017-07-20,2677.2265625,2686.317138671875,2668.1357421875,2677.2265625,1677.119140625,102125213
2017-07-21,2699.953369140625,2699.953369140625,2668.1357421875,2668.1357421875,1671.424072265625,43555802
2017-07-24,2636.318115234375,2690.862548828125,2636.318115234375,2668.1357421875,1671.424072265625,106487889
2017-07-25,2681.77197265625,2699.953369140625,2672.68115234375,2690.862548828125,1685.661376953125,95088392
2017-07-26,2695.407958984375,2709.044189453125,2672.68115234375,2686.317138671875,1682.8138427734375,134958581
2017-07-27,2686.317138671875,2686.317138671875,2672.68115234375,2672.68115234375,1674.271484375,84358807
2017-07-28,2663.59033203125,2677.2265625,2599.955078125,2636.318115234375,1651.492431640625,250806532
2017-07-31,2622.681884765625,2727.2255859375,2622.681884765625,2686.317138671875,1682.8138427734375,246660010
2017-08-01,2709.044189453125,2709.044189453125,2686.317138671875,2690.862548828125,1685.661376953125,95166493
2017-08-02,2718.134765625,2718.134765625,2686.317138671875,2718.134765625,1702.7457275390625,58345007
2017-08-03,2722.68017578125,2722.68017578125,2690.862548828125,2699.953369140625,1691.356201171875,111998984
2017-08-04,2699.953369140625,2718.134765625,2699.953369140625,2713.589599609375,1699.898193359375,63645449
2017-08-07,2713.589599609375,2722.68017578125,2699.953369140625,2709.044189453125,1697.0506591796875,77243334
2017-08-08,2718.134765625,2727.2255859375,2713.589599609375,2718.134765625,1702.7457275390625,83898999
2017-08-09,2727.2255859375,2745.4072265625,2718.134765625,2731.77099609375,1711.2877197265625,109413939
2017-08-10,2727.2255859375,2736.31640625,2718.134765625,2727.2255859375,1708.4403076171875,92427996
2017-08-11,2722.68017578125,2745.4072265625,2709.044189453125,2727.2255859375,1708.4403076171875,165214053
2017-08-14,2727.2255859375,2745.4072265625,2722.68017578125,2740.86181640625,1716.982666015625,89218141
2017-08-15,2731.77099609375,2745.4072265625,2727.2255859375,2736.31640625,1714.1351318359375,94434981
2017-08-16,2727.2255859375,2772.679443359375,2727.2255859375,2772.679443359375,1736.9146728515625,78198700
2017-08-17,2772.679443359375,2772.679443359375,2772.679443359375,2772.679443359375,1736.9146728515625,0
2017-08-18,2745.4072265625,2772.679443359375,2718.134765625,2754.497802734375,1725.524658203125,87112154
2017-08-21,2727.2255859375,2777.224853515625,2727.2255859375,2777.224853515625,1739.761962890625,105929629
2017-08-22,2754.497802734375,2790.86083984375,2754.497802734375,2781.77001953125,1742.609130859375,126503835
2017-08-23,2790.86083984375,2790.86083984375,2768.134033203125,2781.77001953125,1742.609130859375,64812019
2017-08-24,2777.224853515625,2790.86083984375,2754.497802734375,2768.134033203125,1734.06689453125,55936516
2017-08-25,2790.86083984375,2790.86083984375,2768.134033203125,2781.77001953125,1742.609130859375,69625152
2017-08-28,2781.77001953125,2781.77001953125,2754.497802734375,2768.134033203125,1734.06689453125,37006289
2017-08-29,2754.497802734375,2759.043212890625,2709.044189453125,2722.68017578125,1705.5931396484375,87108854
2017-08-30,2722.68017578125,2749.952392578125,2713.589599609375,2740.86181640625,1716.982666015625,59839933
2017-08-31,2749.952392578125,2759.043212890625,2736.31640625,2749.952392578125,1722.6773681640625,63930904
2017-09-01,2749.952392578125,2749.952392578125,2749.952392578125,2749.952392578125,1722.6773681640625,0
2017-09-04,2722.68017578125,2745.4072265625,2704.498779296875,2704.498779296875,1694.2037353515625,71365932
2017-09-05,2749.952392578125,2749.952392578125,2690.862548828125,2727.2255859375,1708.4403076171875,34966853
2017-09-06,2686.317138671875,2713.589599609375,2677.2265625,2699.953369140625,1691.356201171875,100974044
2017-09-07,2695.407958984375,2727.2255859375,2695.407958984375,2727.2255859375,1708.4403076171875,64340661
2017-09-08,2699.953369140625,2727.2255859375,2699.953369140625,2727.2255859375,1708.4403076171875,57494143
2017-09-11,2731.77099609375,2736.31640625,2713.589599609375,2718.134765625,1702.7457275390625,91614532
2017-09-12,2690.862548828125,2727.2255859375,2690.862548828125,2713.589599609375,1699.898193359375,108926631
2017-09-13,2690.862548828125,2722.68017578125,2690.862548828125,2709.044189453125,1697.0506591796875,47172664
2017-09-14,2690.862548828125,2709.044189453125,2690.862548828125,2695.407958984375,1688.5089111328125,53380622
2017-09-15,2709.044189453125,2727.2255859375,2690.862548828125,2699.953369140625,1691.356201171875,168131304
2017-09-18,2709.044189453125,2727.2255859375,2704.498779296875,2727.2255859375,1708.4403076171875,93380612
2017-09-19,2727.2255859375,2736.31640625,2718.134765625,2731.77099609375,1711.2877197265625,90070105
2017-09-20,2727.2255859375,2731.77099609375,2718.134765625,2731.77099609375,1711.2877197265625,64475413
2017-09-21,2731.77099609375,2731.77099609375,2731.77099609375,2731.77099609375,1711.2877197265625,0
2017-09-22,2745.4072265625,2854.49609375,2740.86181640625,2849.95068359375,1785.320556640625,200934970
2017-09-25,2849.95068359375,2863.5869140625,2845.405517578125,2849.95068359375,1785.320556640625,90188907
2017-09-26,2849.95068359375,2859.04150390625,2822.678466796875,2827.223876953125,1771.0833740234375,135448639
2017-09-27,2827.223876953125,2827.223876953125,2754.497802734375,2772.679443359375,1736.9146728515625,110312105
2017-09-28,2731.77099609375,2763.588623046875,2668.1357421875,2672.68115234375,1674.271484375,143143272
2017-09-29,2718.134765625,2786.3154296875,2704.498779296875,2777.224853515625,1739.761962890625,181632387
2017-10-02,2777.224853515625,2818.133056640625,2772.679443359375,2772.679443359375,1736.9146728515625,76614673
2017-10-03,2790.86083984375,2804.4970703125,2772.679443359375,2786.3154296875,1745.4566650390625,55486608
2017-10-04,2799.95166015625,2809.04248046875,2777.224853515625,2777.224853515625,1739.761962890625,54583492
2017-10-05,2799.95166015625,2799.95166015625,2749.952392578125,2786.3154296875,1745.4566650390625,75609255
2017-10-06,2818.133056640625,2818.133056640625,2754.497802734375,2795.40625,1751.1513671875,100901442
2017-10-09,2818.133056640625,2818.133056640625,2781.77001953125,2795.40625,1751.1513671875,110383056
2017-10-10,2772.679443359375,2795.40625,2772.679443359375,2777.224853515625,1739.761962890625,75044946
2017-10-11,2772.679443359375,2799.95166015625,2759.043212890625,2777.224853515625,1739.761962890625,69635052
2017-10-12,2781.77001953125,2813.587646484375,2772.679443359375,2795.40625,1751.1513671875,179268446
2017-10-13,2781.77001953125,2813.587646484375,2781.77001953125,2790.86083984375,1748.3040771484375,136602009
2017-10-16,2781.77001953125,2818.133056640625,2781.77001953125,2790.86083984375,1748.3040771484375,63029988
2017-10-17,2786.3154296875,2809.04248046875,2772.679443359375,2799.95166015625,1753.9990234375,79215118
2017-10-18,2799.95166015625,2813.587646484375,2781.77001953125,2799.95166015625,1753.9990234375,134680276
2017-10-19,2818.133056640625,2818.133056640625,2786.3154296875,2818.133056640625,1765.388671875,150718553
2017-10-20,2818.133056640625,2849.95068359375,2813.587646484375,2840.860107421875,1779.6256103515625,118719550
2017-10-23,2854.49609375,2859.04150390625,2827.223876953125,2840.860107421875,1779.6256103515625,90630565
2017-10-24,2854.49609375,2854.49609375,2809.04248046875,2813.587646484375,1762.5411376953125,63772501
2017-10-25,2813.587646484375,2854.49609375,2809.04248046875,2836.314697265625,1776.7781982421875,87973469
2017-10-26,2854.49609375,2863.5869140625,2836.314697265625,2840.860107421875,1779.6256103515625,124320297
2017-10-27,2840.860107421875,2854.49609375,2831.769287109375,2836.314697265625,1776.7781982421875,148027906
2017-10-30,2845.405517578125,2854.49609375,2822.678466796875,2827.223876953125,1771.0833740234375,127284848
2017-10-31,2854.49609375,2854.49609375,2827.223876953125,2836.314697265625,1776.7781982421875,136784612
2017-11-01,2831.769287109375,2854.49609375,2831.769287109375,2854.49609375,1788.167724609375,53466423
2017-11-02,2854.49609375,2899.949951171875,2849.95068359375,2899.949951171875,1816.641845703125,133842061
2017-11-03,2899.949951171875,2918.13134765625,2890.859130859375,2909.040771484375,1822.3367919921875,81419556
2017-11-06,2922.6767578125,2986.31201171875,2913.5859375,2954.494384765625,1850.8104248046875,174081306
2017-11-07,2954.494384765625,2977.22119140625,2936.31298828125,2945.403564453125,1845.11572265625,87061553
2017-11-08,2963.585205078125,3059.0380859375,2954.494384765625,2990.857421875,1873.5897216796875,218007815
2017-11-09,2990.857421875,3013.584228515625,2986.31201171875,2990.857421875,1873.5897216796875,205777254
2017-11-10,3018.129638671875,3063.58349609375,2972.676025390625,2981.7666015625,1867.894775390625,110164042
2017-11-13,2981.7666015625,3027.220458984375,2963.585205078125,2963.585205078125,1856.5057373046875,61585773
2017-11-14,2954.494384765625,2999.9482421875,2881.768310546875,2881.768310546875,1805.2520751953125,115708028
2017-11-15,2890.859130859375,2918.13134765625,2836.314697265625,2854.49609375,1788.167724609375,86956171
2017-11-16,2863.5869140625,2945.403564453125,2863.5869140625,2918.13134765625,1828.031494140625,85818202
2017-11-17,2954.494384765625,3009.038818359375,2918.13134765625,2990.857421875,1873.5897216796875,125462337
2017-11-20,2999.9482421875,3072.67431640625,2990.857421875,3036.311279296875,1902.064208984375,101541653
2017-11-21,3009.038818359375,3027.220458984375,2972.676025390625,2981.7666015625,1867.894775390625,120809256
2017-11-22,2990.857421875,3099.946533203125,2981.7666015625,3090.855712890625,1936.232421875,162404055
2017-11-23,3045.40185546875,3090.855712890625,3045.40185546875,3054.49267578125,1913.453125,54675014
2017-11-24,3054.49267578125,3054.49267578125,3036.311279296875,3045.40185546875,1907.7584228515625,90988291
2017-11-27,3009.038818359375,3045.40185546875,2981.7666015625,2999.9482421875,1879.2845458984375,117102632
2017-11-28,3018.129638671875,3072.67431640625,2981.7666015625,3072.67431640625,1924.843017578125,151327083
2017-11-29,3081.764892578125,3090.855712890625,2999.9482421875,2999.9482421875,1879.2845458984375,114279873
2017-11-30,2999.9482421875,3045.40185546875,2918.13134765625,2918.13134765625,1828.031494140625,221839511
2017-12-01,2918.13134765625,2918.13134765625,2918.13134765625,2918.13134765625,1828.031494140625,0
2017-12-04,3027.220458984375,3045.40185546875,2963.585205078125,2999.9482421875,1879.2845458984375,146562241
2017-12-05,3036.311279296875,3054.49267578125,3009.038818359375,3045.40185546875,1907.7584228515625,71912862
2017-12-06,3045.40185546875,3154.490966796875,3036.311279296875,3145.400146484375,1970.4013671875,183323556
2017-12-07,3145.400146484375,3154.490966796875,3072.67431640625,3072.67431640625,1924.843017578125,62940997
2017-12-08,3090.855712890625,3118.1279296875,3063.58349609375,3063.58349609375,1919.1483154296875,72219767
2017-12-11,3118.1279296875,3127.21875,3099.946533203125,3127.21875,1959.011962890625,73592811
2017-12-12,3136.3095703125,3145.400146484375,3099.946533203125,3136.3095703125,1964.7066650390625,67555576
2017-12-13,3136.3095703125,3136.3095703125,3109.037109375,3136.3095703125,1964.7066650390625,47317867
2017-12-14,3118.1279296875,3145.400146484375,3081.764892578125,3145.400146484375,1970.4013671875,105853068
2017-12-15,3145.400146484375,3145.400146484375,3072.67431640625,3081.764892578125,1930.5377197265625,125414486
2017-12-18,3081.764892578125,3090.855712890625,3045.40185546875,3081.764892578125,1930.5377197265625,76208216
2017-12-19,3118.1279296875,3127.21875,3081.764892578125,3127.21875,1959.011962890625,99956306
2017-12-20,3145.400146484375,3145.400146484375,3081.764892578125,3090.855712890625,1936.232421875,82864651
2017-12-21,3127.21875,3145.400146484375,3099.946533203125,3109.037109375,1947.622314453125,75601775
2017-12-22,3118.1279296875,3154.490966796875,3099.946533203125,3145.400146484375,1970.4013671875,72740626
2017-12-25,3145.400146484375,3145.400146484375,3145.400146484375,3145.400146484375,1970.4013671875,0
2017-12-26,3145.400146484375,3145.400146484375,3145.400146484375,3145.400146484375,1970.4013671875,0
2017-12-27,3154.490966796875,3227.217041015625,3145.400146484375,3227.217041015625,2021.654541015625,92024509
2017-12-28,3254.4892578125,3318.12451171875,3236.3076171875,3299.943115234375,2067.21337890625,102250066
2017-12-29,3318.12451171875,3381.759765625,3254.4892578125,3309.03369140625,2072.90771484375,118481396
2018-01-01,3309.03369140625,3309.03369140625,3309.03369140625,3309.03369140625,2072.90771484375,0
2018-01-02,3354.487548828125,3381.759765625,3281.761474609375,3299.943115234375,2067.21337890625,100241541
2018-01-03,3299.943115234375,3299.943115234375,3236.3076171875,3281.761474609375,2055.823486328125,77164902
2018-01-04,3281.761474609375,3281.761474609375,3145.400146484375,3227.217041015625,2021.654541015625,172049901
2018-01-05,3227.217041015625,3263.580078125,3199.94482421875,3263.580078125,2044.4337158203125,95806814
2018-01-08,3263.580078125,3263.580078125,3236.3076171875,3263.580078125,2044.4337158203125,60016046
2018-01-09,3272.670654296875,3272.670654296875,3209.035400390625,3245.3984375,2033.044189453125,99669091
2018-01-10,3254.4892578125,3263.580078125,3181.76318359375,3209.035400390625,2010.2650146484375,128052221
2018-01-11,3218.126220703125,3218.126220703125,3163.581787109375,3218.126220703125,2015.9598388671875,125818963
2018-01-12,3227.217041015625,3254.4892578125,3181.76318359375,3218.126220703125,2015.9598388671875,146792365
2018-01-15,3218.126220703125,3245.3984375,3218.126220703125,3227.217041015625,2021.654541015625,95279025
2018-01-16,3209.035400390625,3281.761474609375,3209.035400390625,3281.761474609375,2055.823486328125,101318790
2018-01-17,3290.852294921875,3299.943115234375,3254.4892578125,3299.943115234375,2067.21337890625,89613597
2018-01-18,3299.943115234375,3318.12451171875,3263.580078125,3290.852294921875,2061.51806640625,87056383
2018-01-19,3290.852294921875,3299.943115234375,3254.4892578125,3290.852294921875,2061.51806640625,87535331
2018-01-22,3290.852294921875,3336.305908203125,3281.761474609375,3318.12451171875,2078.602294921875,128524019
2018-01-23,3345.396728515625,3563.57470703125,3336.305908203125,3563.57470703125,2232.362060546875,186238386
2018-01-24,3545.393310546875,3545.393310546875,3472.667236328125,3481.758056640625,2181.10888671875,165077211
2018-01-25,3509.0302734375,3509.0302734375,3381.759765625,3427.213623046875,2146.940185546875,155403974
2018-01-26,3445.39501953125,3509.0302734375,3436.30419921875,3499.939453125,2192.498779296875,149193706
2018-01-29,3499.939453125,3499.939453125,3418.122802734375,3454.48583984375,2164.02490234375,134887519
2018-01-30,3454.48583984375,3454.48583984375,3372.6689453125,3381.759765625,2118.46630859375,197268607
2018-01-31,3363.578369140625,3381.759765625,3299.943115234375,3363.578369140625,2107.07666015625,289533250
2018-02-01,3390.8505859375,3418.122802734375,3363.578369140625,3363.578369140625,2107.07666015625,160147366
2018-02-02,3399.941162109375,3409.031982421875,3372.6689453125,3399.941162109375,2129.85595703125,125526688
2018-02-05,3318.12451171875,3445.39501953125,3318.12451171875,3436.30419921875,2152.635009765625,123946840
2018-02-06,3354.487548828125,3381.759765625,3327.21533203125,3345.396728515625,2095.686767578125,286316245
2018-02-07,3372.6689453125,3409.031982421875,3363.578369140625,3363.578369140625,2107.07666015625,151721770
2018-02-08,3345.396728515625,3390.8505859375,3345.396728515625,3381.759765625,2118.46630859375,122222231
2018-02-09,3354.487548828125,3390.8505859375,3345.396728515625,3372.6689453125,2112.771728515625,102455989
2018-02-12,3363.578369140625,3454.48583984375,3363.578369140625,3454.48583984375,2164.02490234375,89670248
2018-02-13,3463.576416015625,3536.302490234375,3463.576416015625,3527.2119140625,2209.583251953125,119062096
2018-02-14,3545.393310546875,3554.484130859375,3481.758056640625,3509.0302734375,2198.193359375,74433005
2018-02-15,3509.0302734375,3518.12109375,3472.667236328125,3490.848876953125,2186.8037109375,58183854
2018-02-16,3490.848876953125,3490.848876953125,3490.848876953125,3490.848876953125,2186.8037109375,0
2018-02-19,3499.939453125,3509.0302734375,3472.667236328125,3509.0302734375,2198.193359375,69751104
2018-02-20,3490.848876953125,3509.0302734375,3436.30419921875,3454.48583984375,2164.02490234375,100658888
2018-02-21,3454.48583984375,3454.48583984375,3409.031982421875,3454.48583984375,2164.02490234375,120299507
2018-02-22,3436.30419921875,3445.39501953125,3418.122802734375,3427.213623046875,2146.940185546875,114220142
2018-02-23,3418.122802734375,3463.576416015625,3418.122802734375,3445.39501953125,2158.329833984375,118526277
2018-02-26,3409.031982421875,3445.39501953125,3390.8505859375,3399.941162109375,2129.85595703125,107300693
2018-02-27,3399.941162109375,3445.39501953125,3390.8505859375,3427.213623046875,2146.940185546875,84161903
2018-02-28,3436.30419921875,3445.39501953125,3399.941162109375,3436.30419921875,2152.635009765625,138929979
2018-03-01,3454.48583984375,3472.667236328125,3436.30419921875,3445.39501953125,2158.329833984375,118792591
2018-03-02,3445.39501953125,3445.39501953125,3399.941162109375,3445.39501953125,2158.329833984375,68018134
2018-03-05,3454.48583984375,3454.48583984375,3427.213623046875,3427.213623046875,2146.940185546875,60785289
2018-03-06,3436.30419921875,3463.576416015625,3363.578369140625,3390.8505859375,2124.160888671875,100183130
2018-03-07,3381.759765625,3390.8505859375,3318.12451171875,3327.21533203125,2084.29736328125,155776220
2018-03-08,3390.8505859375,3427.213623046875,3354.487548828125,3427.213623046875,2146.940185546875,143707692
2018-03-09,3381.759765625,3409.031982421875,3345.396728515625,3354.487548828125,2101.38232421875,109099004
2018-03-12,3363.578369140625,3418.122802734375,3363.578369140625,3418.122802734375,2141.245361328125,158650900
2018-03-13,3418.122802734375,3427.213623046875,3381.759765625,3418.122802734375,2141.245361328125,140515107
2018-03-14,3409.031982421875,3409.031982421875,3363.578369140625,3409.031982421875,2135.55029296875,64433502
2018-03-15,3363.578369140625,3381.759765625,3309.03369140625,3309.03369140625,2072.90771484375,165019570
2018-03-16,3309.03369140625,3345.396728515625,3227.217041015625,3345.396728515625,2095.686767578125,249097762
2018-03-19,3354.487548828125,3381.759765625,3336.305908203125,3354.487548828125,2101.38232421875,99120072
2018-03-20,3381.759765625,3399.941162109375,3327.21533203125,3399.941162109375,2129.85595703125,115814840
2018-03-21,3409.031982421875,3472.667236328125,3399.941162109375,3463.576416015625,2169.71923828125,147523988
2018-03-22,3454.48583984375,3454.48583984375,3327.21533203125,3336.305908203125,2089.991943359375,159015446
2018-03-23,3236.3076171875,3272.670654296875,3136.3095703125,3272.670654296875,2050.12841796875,216369227
2018-03-26,3254.4892578125,3281.761474609375,3218.126220703125,3272.670654296875,2050.12841796875,98906118
2018-03-27,3327.21533203125,3336.305908203125,3245.3984375,3272.670654296875,2050.12841796875,112691006
2018-03-28,3309.03369140625,3318.12451171875,3181.76318359375,3227.217041015625,2021.654541015625,108206998
2018-03-29,3263.580078125,3272.670654296875,3199.94482421875,3272.670654296875,2050.12841796875,143949036
2018-03-30,3272.670654296875,3272.670654296875,3272.670654296875,3272.670654296875,2050.12841796875,0
2018-04-02,3181.76318359375,3272.670654296875,3172.67236328125,3272.670654296875,2112.776123046875,76216686
2018-04-03,3209.035400390625,3272.670654296875,3209.035400390625,3272.670654296875,2112.776123046875,50078034
2018-04-04,3272.670654296875,3272.670654296875,3145.400146484375,3172.67236328125,2048.219482421875,97768588
2018-04-05,3190.85400390625,3218.126220703125,3154.490966796875,3154.490966796875,2036.4814453125,88018240
2018-04-06,3154.490966796875,3172.67236328125,3136.3095703125,3163.581787109375,2042.3505859375,74313983
2018-04-09,3209.035400390625,3209.035400390625,3163.581787109375,3209.035400390625,2071.694580078125,53455753
2018-04-10,3218.126220703125,3299.943115234375,3209.035400390625,3254.4892578125,2101.038818359375,94237087
2018-04-11,3318.12451171875,3336.305908203125,3299.943115234375,3318.12451171875,2142.12060546875,96474306
2018-04-12,3336.305908203125,3336.305908203125,3245.3984375,3263.580078125,2106.9072265625,68189737
2018-04-13,3309.03369140625,3318.12451171875,3227.217041015625,3227.217041015625,2083.432373046875,64579915
2018-04-16,3227.217041015625,3227.217041015625,3227.217041015625,3227.217041015625,2083.432373046875,0
2018-04-17,3227.217041015625,3227.217041015625,3227.217041015625,3227.217041015625,2083.432373046875,0
2018-04-18,3309.03369140625,3327.21533203125,3290.852294921875,3327.21533203125,2147.989013671875,74694590
2018-04-19,3327.21533203125,3327.21533203125,3327.21533203125,3327.21533203125,2147.989013671875,0
2018-04-20,3327.21533203125,3327.21533203125,3327.21533203125,3327.21533203125,2147.989013671875,0
2018-04-23,3299.943115234375,3309.03369140625,3254.4892578125,3254.4892578125,2101.038818359375,96494986
2018-04-24,3245.3984375,3254.4892578125,3163.581787109375,3172.67236328125,2048.219482421875,111607927
2018-04-25,3172.67236328125,3172.67236328125,3172.67236328125,3172.67236328125,2048.219482421875,0
2018-04-26,3172.67236328125,3172.67236328125,3172.67236328125,3172.67236328125,2048.219482421875,0
2018-04-27,3172.67236328125,3172.67236328125,3172.67236328125,3172.67236328125,2048.219482421875,0
2018-04-30,2899.949951171875,2981.7666015625,2872.677734375,2927.22216796875,1889.760986328125,143226213
2018-05-01,2927.22216796875,2927.22216796875,2927.22216796875,2927.22216796875,1889.760986328125,0
2018-05-02,2936.31298828125,2945.403564453125,2899.949951171875,2936.31298828125,1895.630126953125,130874320
2018-05-03,2909.040771484375,2909.040771484375,2854.49609375,2863.5869140625,1848.67919921875,159331482
2018-05-04,2863.5869140625,2881.768310546875,2736.31640625,2754.497802734375,1778.2535400390625,200761167
2018-05-07,2799.95166015625,2818.133056640625,2718.134765625,2772.679443359375,1789.9910888671875,202507337
2018-05-08,2809.04248046875,2809.04248046875,2745.4072265625,2790.86083984375,1801.7286376953125,121509198
2018-05-09,2836.314697265625,2936.31298828125,2790.86083984375,2918.13134765625,1883.8919677734375,203973553
2018-05-10,2918.13134765625,2918.13134765625,2918.13134765625,2918.13134765625,1883.8919677734375,0
2018-05-11,2963.585205078125,2999.9482421875,2872.677734375,2872.677734375,1854.54833984375,177597297
2018-05-14,2863.5869140625,2899.949951171875,2818.133056640625,2899.949951171875,1872.155029296875,105848998
2018-05-15,2927.22216796875,2927.22216796875,2781.77001953125,2790.86083984375,1801.7286376953125,118834392
2018-05-16,2736.31640625,2790.86083984375,2681.77197265625,2790.86083984375,1801.7286376953125,328823179
2018-05-17,2790.86083984375,2818.133056640625,2718.134765625,2718.134765625,1754.7781982421875,190119473
2018-05-18,2727.2255859375,2763.588623046875,2654.49951171875,2672.68115234375,1725.43408203125,236572616
2018-05-21,2636.318115234375,2654.49951171875,2499.956787109375,2509.047607421875,1619.7952880859375,569723380
2018-05-22,2518.138427734375,2581.773681640625,2472.6845703125,2472.6845703125,1596.320068359375,365772377
2018-05-23,2527.22900390625,2654.49951171875,2518.138427734375,2618.136474609375,1690.22119140625,450918248
2018-05-24,2663.59033203125,2790.86083984375,2654.49951171875,2781.77001953125,1795.859619140625,277046605
2018-05-25,2809.04248046875,2845.405517578125,2745.4072265625,2836.314697265625,1831.072998046875,211478322
2018-05-28,2845.405517578125,2990.857421875,2836.314697265625,2954.494384765625,1907.367431640625,204653144
2018-05-29,2954.494384765625,2954.494384765625,2954.494384765625,2954.494384765625,1907.367431640625,0
2018-05-30,2954.494384765625,2981.7666015625,2854.49609375,2854.49609375,1842.810302734375,336856508
2018-05-31,2881.768310546875,2899.949951171875,2790.86083984375,2799.95166015625,1807.597412109375,343554524
2018-06-01,2799.95166015625,2799.95166015625,2799.95166015625,2799.95166015625,1807.597412109375,0
2018-06-04,2863.5869140625,2881.768310546875,2818.133056640625,2845.405517578125,1836.94189453125,233134066
2018-06-05,2863.5869140625,2872.677734375,2809.04248046875,2827.223876953125,1825.2042236328125,149580143
2018-06-06,2836.314697265625,2872.677734375,2809.04248046875,2863.5869140625,1848.67919921875,109462340
2018-06-07,2890.859130859375,2972.676025390625,2872.677734375,2972.676025390625,1919.1053466796875,202124311
2018-06-08,2918.13134765625,2954.494384765625,2827.223876953125,2854.49609375,1842.810302734375,289274526
2018-06-11,2854.49609375,2854.49609375,2854.49609375,2854.49609375,1842.810302734375,0
2018-06-12,2854.49609375,2854.49609375,2854.49609375,2854.49609375,1842.810302734375,0
2018-06-13,2854.49609375,2854.49609375,2854.49609375,2854.49609375,1842.810302734375,0
2018-06-14,2854.49609375,2854.49609375,2854.49609375,2854.49609375,1842.810302734375,0
2018-06-15,2854.49609375,2854.49609375,2854.49609375,2854.49609375,1842.810302734375,0
2018-06-18,2854.49609375,2854.49609375,2854.49609375,2854.49609375,1842.810302734375,0
2018-06-19,2854.49609375,2854.49609375,2854.49609375,2854.49609375,1842.810302734375,0
2018-06-20,2745.4072265625,2754.497802734375,2681.77197265625,2690.862548828125,1737.1717529296875,391042344
2018-06-21,2681.77197265625,2718.134765625,2645.408935546875,2645.408935546875,1707.82763671875,149165766
2018-06-22,2636.318115234375,2709.044189453125,2609.0458984375,2709.044189453125,1748.9091796875,232759070
2018-06-25,2709.044189453125,2727.2255859375,2609.0458984375,2627.227294921875,1696.0899658203125,157345947
2018-06-26,2554.501220703125,2645.408935546875,2554.501220703125,2563.592041015625,1655.00830078125,204397610
2018-06-27,2618.136474609375,2618.136474609375,2572.682861328125,2581.773681640625,1666.745849609375,146981678
2018-06-28,2563.592041015625,2590.8642578125,2490.865966796875,2499.956787109375,1613.9263916015625,217214701
2018-06-29,2545.41064453125,2636.318115234375,2527.22900390625,2581.773681640625,1666.745849609375,238570030
2018-07-02,2627.227294921875,2645.408935546875,2563.592041015625,2590.8642578125,1672.61474609375,166470935
2018-07-03,2590.8642578125,2599.955078125,2518.138427734375,2572.682861328125,1660.876953125,97720407
2018-07-04,2572.682861328125,2681.77197265625,2536.31982421875,2663.59033203125,1719.5653076171875,141800039
2018-07-05,2627.227294921875,2654.49951171875,2599.955078125,2645.408935546875,1707.82763671875,69844936
2018-07-06,2645.408935546875,2645.408935546875,2581.773681640625,2581.773681640625,1666.745849609375,84006801
2018-07-09,2599.955078125,2754.497802734375,2599.955078125,2736.31640625,1766.515869140625,140680769
2018-07-10,2763.588623046875,2799.95166015625,2709.044189453125,2772.679443359375,1789.9910888671875,144808151
2018-07-11,2727.2255859375,2727.2255859375,2681.77197265625,2718.134765625,1754.7781982421875,146347957
2018-07-12,2690.862548828125,2727.2255859375,2681.77197265625,2699.953369140625,1743.040283203125,100852711
2018-07-13,2690.862548828125,2754.497802734375,2690.862548828125,2699.953369140625,1743.040283203125,112109646
2018-07-16,2727.2255859375,2736.31640625,2627.227294921875,2699.953369140625,1743.040283203125,95277155
2018-07-17,2663.59033203125,2672.68115234375,2599.955078125,2609.0458984375,1684.35205078125,150798524
2018-07-18,2609.0458984375,2636.318115234375,2590.8642578125,2590.8642578125,1672.61474609375,125471907
2018-07-19,2636.318115234375,2690.862548828125,2609.0458984375,2627.227294921875,1696.0899658203125,156549643
2018-07-20,2627.227294921875,2709.044189453125,2609.0458984375,2709.044189453125,1748.9091796875,79807478
2018-07-23,2727.2255859375,2772.679443359375,2718.134765625,2763.588623046875,1784.1224365234375,97874520
2018-07-24,2781.77001953125,2790.86083984375,2736.31640625,2736.31640625,1766.515869140625,80259146
2018-07-25,2709.044189453125,2745.4072265625,2681.77197265625,2718.134765625,1754.7781982421875,79152417
2018-07-26,2772.679443359375,2790.86083984375,2754.497802734375,2763.588623046875,1784.1224365234375,93167319
2018-07-27,2781.77001953125,2809.04248046875,2745.4072265625,2809.04248046875,1813.4664306640625,60176759
2018-07-30,2818.133056640625,2827.223876953125,2790.86083984375,2799.95166015625,1807.597412109375,73543200
2018-07-31,2799.95166015625,2799.95166015625,2727.2255859375,2790.86083984375,1801.7286376953125,118206281
2018-08-01,2790.86083984375,2909.040771484375,2772.679443359375,2899.949951171875,1872.155029296875,161810924
2018-08-02,2909.040771484375,2963.585205078125,2899.949951171875,2954.494384765625,1907.367431640625,174250489
2018-08-03,2972.676025390625,3045.40185546875,2936.31298828125,3027.220458984375,1954.318359375,110650581
2018-08-06,3045.40185546875,3109.037109375,3036.311279296875,3099.946533203125,2001.268798828125,157644712
2018-08-07,3045.40185546875,3090.855712890625,3027.220458984375,3045.40185546875,1966.0557861328125,98346098
2018-08-08,3090.855712890625,3090.855712890625,3009.038818359375,3027.220458984375,1954.318359375,99782943
2018-08-09,3027.220458984375,3045.40185546875,2999.9482421875,3027.220458984375,1954.318359375,76621053
2018-08-10,3045.40185546875,3154.490966796875,3045.40185546875,3081.764892578125,1989.5311279296875,127559853
2018-08-13,2999.9482421875,3018.129638671875,2845.405517578125,2854.49609375,1842.810302734375,197264867
2018-08-14,2809.04248046875,2863.5869140625,2763.588623046875,2845.405517578125,1836.94189453125,170317811
2018-08-15,2863.5869140625,2927.22216796875,2745.4072265625,2918.13134765625,1883.8919677734375,152206658
2018-08-16,2890.859130859375,2890.859130859375,2772.679443359375,2772.679443359375,1789.9910888671875,180034939
2018-08-17,2772.679443359375,2772.679443359375,2772.679443359375,2772.679443359375,1789.9910888671875,0
2018-08-20,2799.95166015625,2899.949951171875,2799.95166015625,2890.859130859375,1866.2857666015625,111516626
2018-08-21,2845.405517578125,2890.859130859375,2836.314697265625,2863.5869140625,1848.67919921875,65465430
2018-08-22,2863.5869140625,2863.5869140625,2863.5869140625,2863.5869140625,1848.67919921875,0
2018-08-23,2890.859130859375,2972.676025390625,2845.405517578125,2972.676025390625,1919.1053466796875,171421680
2018-08-24,2972.676025390625,2990.857421875,2936.31298828125,2972.676025390625,1919.1053466796875,106494709
2018-08-27,3018.129638671875,3072.67431640625,2990.857421875,3072.67431640625,1983.662353515625,123606274
2018-08-28,3027.220458984375,3072.67431640625,2999.9482421875,3027.220458984375,1954.318359375,109603913
2018-08-29,2963.585205078125,2999.9482421875,2954.494384765625,2990.857421875,1930.8427734375,87007762
2018-08-30,2990.857421875,3009.038818359375,2899.949951171875,2899.949951171875,1872.155029296875,91898887
2018-08-31,2890.859130859375,2890.859130859375,2827.223876953125,2890.859130859375,1866.2857666015625,156934320
2018-09-03,2890.859130859375,2927.22216796875,2872.677734375,2881.768310546875,1860.4168701171875,70837593
2018-09-04,2909.040771484375,2909.040771484375,2809.04248046875,2827.223876953125,1825.2042236328125,83758086
2018-09-05,2790.86083984375,2790.86083984375,2636.318115234375,2663.59033203125,1719.5653076171875,233835878
2018-09-06,2645.408935546875,2718.134765625,2645.408935546875,2690.862548828125,1737.1717529296875,226602703
2018-09-07,2709.044189453125,2754.497802734375,2690.862548828125,2754.497802734375,1778.2535400390625,155714509
2018-09-10,2754.497802734375,2754.497802734375,2690.862548828125,2699.953369140625,1743.040283203125,95204004
2018-09-11,2699.953369140625,2699.953369140625,2699.953369140625,2699.953369140625,1743.040283203125,0
2018-09-12,2709.044189453125,2736.31640625,2645.408935546875,2645.408935546875,1707.82763671875,129887933
2018-09-13,2690.862548828125,2736.31640625,2690.862548828125,2727.2255859375,1760.64697265625,138077684
2018-09-14,2754.497802734375,2790.86083984375,2727.2255859375,2790.86083984375,1801.7286376953125,115639387
2018-09-17,2781.77001953125,2781.77001953125,2681.77197265625,2699.953369140625,1743.040283203125,100504005
2018-09-18,2699.953369140625,2709.044189453125,2654.49951171875,2672.68115234375,1725.43408203125,152222609
2018-09-19,2699.953369140625,2745.4072265625,2699.953369140625,2727.2255859375,1760.64697265625,115947612
2018-09-20,2772.679443359375,2836.314697265625,2745.4072265625,2809.04248046875,1813.4664306640625,170051827
2018-09-21,2863.5869140625,2899.949951171875,2836.314697265625,2836.314697265625,1831.072998046875,223538491
2018-09-24,2836.314697265625,2836.314697265625,2727.2255859375,2736.31640625,1766.515869140625,104783739
2018-09-25,2736.31640625,2754.497802734375,2709.044189453125,2754.497802734375,1778.2535400390625,121129032
2018-09-26,2754.497802734375,2781.77001953125,2718.134765625,2718.134765625,1754.7781982421875,73480719
2018-09-27,2727.2255859375,2799.95166015625,2727.2255859375,2790.86083984375,1801.7286376953125,135712644
2018-09-28,2809.04248046875,2881.768310546875,2799.95166015625,2863.5869140625,1848.67919921875,170043797
2018-10-01,2863.5869140625,2899.949951171875,2863.5869140625,2890.859130859375,1866.2857666015625,100581667
2018-10-02,2863.5869140625,2890.859130859375,2799.95166015625,2827.223876953125,1825.2042236328125,145599614
2018-10-03,2863.5869140625,2863.5869140625,2799.95166015625,2818.133056640625,1819.335205078125,77064031
2018-10-04,2781.77001953125,2781.77001953125,2709.044189453125,2727.2255859375,1760.64697265625,161892546
2018-10-05,2727.2255859375,2763.588623046875,2690.862548828125,2709.044189453125,1748.9091796875,160008103
2018-10-08,2699.953369140625,2736.31640625,2690.862548828125,2699.953369140625,1743.040283203125,71328312
2018-10-09,2699.953369140625,2754.497802734375,2699.953369140625,2745.4072265625,1772.3848876953125,56325372
2018-10-10,2754.497802734375,2763.588623046875,2736.31640625,2736.31640625,1766.515869140625,67385623
2018-10-11,2663.59033203125,2681.77197265625,2609.0458984375,2645.408935546875,1707.82763671875,193058944
2018-10-12,2663.59033203125,2718.134765625,2654.49951171875,2681.77197265625,1731.302734375,130162058
2018-10-15,2690.862548828125,2754.497802734375,2690.862548828125,2727.2255859375,1760.64697265625,94319479
2018-10-16,2727.2255859375,2745.4072265625,2690.862548828125,2727.2255859375,1760.64697265625,71567346
2018-10-17,2781.77001953125,2799.95166015625,2754.497802734375,2790.86083984375,1801.7286376953125,88091831
2018-10-18,2790.86083984375,2818.133056640625,2772.679443359375,2809.04248046875,1813.4664306640625,71647977
2018-10-19,2790.86083984375,2809.04248046875,2745.4072265625,2745.4072265625,1772.3848876953125,89090208
2018-10-22,2736.31640625,2799.95166015625,2736.31640625,2772.679443359375,1789.9910888671875,53687637
2018-10-23,2763.588623046875,2790.86083984375,2736.31640625,2745.4072265625,1772.3848876953125,64410732
2018-10-24,2727.2255859375,2763.588623046875,2681.77197265625,2681.77197265625,1731.302734375,93019806
2018-10-25,2645.408935546875,2727.2255859375,2645.408935546875,2727.2255859375,1760.64697265625,144333712
2018-10-26,2727.2255859375,2745.4072265625,2709.044189453125,2718.134765625,1754.7781982421875,72852718
2018-10-29,2727.2255859375,2745.4072265625,2681.77197265625,2681.77197265625,1731.302734375,56418764
2018-10-30,2690.862548828125,2754.497802734375,2681.77197265625,2754.497802734375,1778.2535400390625,79624985
2018-10-31,2772.679443359375,2863.5869140625,2754.497802734375,2863.5869140625,1848.67919921875,240391992
2018-11-01,2899.949951171875,2954.494384765625,2872.677734375,2909.040771484375,1878.0235595703125,216901746
2018-11-02,2945.403564453125,2990.857421875,2899.949951171875,2981.7666015625,1924.9737548828125,184006228
2018-11-05,2963.585205078125,2981.7666015625,2927.22216796875,2972.676025390625,1919.1053466796875,87555902
2018-11-06,2981.7666015625,3027.220458984375,2963.585205078125,3027.220458984375,1954.318359375,153414589
2018-11-07,3036.311279296875,3063.58349609375,3009.038818359375,3063.58349609375,1977.7933349609375,178995971
2018-11-08,3090.855712890625,3172.67236328125,3081.764892578125,3136.3095703125,2024.743896484375,220276054
2018-11-09,3118.1279296875,3118.1279296875,3027.220458984375,3036.311279296875,1960.1873779296875,126597116
2018-11-12,3018.129638671875,3054.49267578125,2981.7666015625,2981.7666015625,1924.9737548828125,84809154
2018-11-13,2981.7666015625,3054.49267578125,2936.31298828125,3045.40185546875,1966.0557861328125,112074555
2018-11-14,3045.40185546875,3109.037109375,3045.40185546875,3045.40185546875,1966.0557861328125,125174682
2018-11-15,3063.58349609375,3109.037109375,3027.220458984375,3099.946533203125,2001.268798828125,117577840
2018-11-16,3118.1279296875,3227.217041015625,3109.037109375,3172.67236328125,2048.219482421875,191148871
2018-11-19,3218.126220703125,3218.126220703125,3136.3095703125,3199.94482421875,2065.825927734375,86540804
2018-11-20,3199.94482421875,3199.94482421875,3199.94482421875,3199.94482421875,2065.825927734375,0
2018-11-21,3109.037109375,3154.490966796875,3045.40185546875,3118.1279296875,2013.0062255859375,151878633
2018-11-22,3118.1279296875,3227.217041015625,3118.1279296875,3227.217041015625,2083.432373046875,130140277
2018-11-23,3209.035400390625,3254.4892578125,3154.490966796875,3163.581787109375,2042.3505859375,85703360
2018-11-26,3136.3095703125,3227.217041015625,3136.3095703125,3218.126220703125,2077.563720703125,90217398
2018-11-27,3163.581787109375,3290.852294921875,3163.581787109375,3272.670654296875,2112.776123046875,190169964
2018-11-28,3318.12451171875,3327.21533203125,3254.4892578125,3318.12451171875,2142.12060546875,105678495
2018-11-29,3363.578369140625,3418.122802734375,3345.396728515625,3372.6689453125,2177.333740234375,152003595
2018-11-30,3327.21533203125,3354.487548828125,3281.761474609375,3290.852294921875,2124.513671875,233078735
2018-12-03,3381.759765625,3436.30419921875,3354.487548828125,3354.487548828125,2165.595947265625,150413738
2018-12-04,3354.487548828125,3409.031982421875,3345.396728515625,3372.6689453125,2177.333740234375,147855643
2018-12-05,3309.03369140625,3345.396728515625,3281.761474609375,3318.12451171875,2142.12060546875,154153142
2018-12-06,3309.03369140625,3345.396728515625,3281.761474609375,3318.12451171875,2142.12060546875,119712097
2018-12-07,3309.03369140625,3327.21533203125,3281.761474609375,3290.852294921875,2124.513671875,122365123
2018-12-10,3281.761474609375,3299.943115234375,3245.3984375,3281.761474609375,2118.6455078125,102384708
2018-12-11,3281.761474609375,3299.943115234375,3254.4892578125,3290.852294921875,2124.513671875,123936060
2018-12-12,3290.852294921875,3309.03369140625,3263.580078125,3290.852294921875,2124.513671875,97374011
2018-12-13,3354.487548828125,3354.487548828125,3318.12451171875,3345.396728515625,2159.72705078125,116914199
2018-12-14,3336.305908203125,3354.487548828125,3309.03369140625,3345.396728515625,2159.72705078125,135202785
2018-12-17,3318.12451171875,3345.396728515625,3272.670654296875,3272.670654296875,2112.776123046875,137139148
2018-12-18,3227.217041015625,3309.03369140625,3227.217041015625,3299.943115234375,2130.383056640625,130615046
2018-12-19,3272.670654296875,3336.305908203125,3272.670654296875,3336.305908203125,2153.858154296875,146409778
2018-12-20,3281.761474609375,3327.21533203125,3281.761474609375,3318.12451171875,2142.12060546875,74063179
2018-12-21,3281.761474609375,3299.943115234375,3272.670654296875,3290.852294921875,2124.513671875,191917014
2018-12-24,3290.852294921875,3290.852294921875,3290.852294921875,3290.852294921875,2124.513671875,0
2018-12-25,3290.852294921875,3290.852294921875,3290.852294921875,3290.852294921875,2124.513671875,0
2018-12-26,3227.217041015625,3299.943115234375,3199.94482421875,3272.670654296875,2112.776123046875,91749064
2018-12-27,3318.12451171875,3336.305908203125,3290.852294921875,3327.21533203125,2147.989013671875,78890942
2018-12-28,3345.396728515625,3345.396728515625,3318.12451171875,3327.21533203125,2147.989013671875,135242605
2018-12-31,3327.21533203125,3327.21533203125,3327.21533203125,3327.21533203125,2147.989013671875,0
2019-01-01,3327.21533203125,3327.21533203125,3327.21533203125,3327.21533203125,2147.989013671875,0
2019-01-02,3281.761474609375,3309.03369140625,3263.580078125,3281.761474609375,2118.6455078125,82441033
2019-01-03,3254.4892578125,3309.03369140625,3254.4892578125,3290.852294921875,2124.513671875,102805905
2019-01-04,3290.852294921875,3327.21533203125,3281.761474609375,3327.21533203125,2147.989013671875,125907734
2019-01-07,3363.578369140625,3372.6689453125,3327.21533203125,3327.21533203125,2147.989013671875,82106628
2019-01-08,3327.21533203125,3345.396728515625,3299.943115234375,3345.396728515625,2159.72705078125,89499635
2019-01-09,3372.6689453125,3399.941162109375,3354.487548828125,3381.759765625,2183.2021484375,131331598
2019-01-10,3399.941162109375,3409.031982421875,3372.6689453125,3409.031982421875,2200.80859375,156122176
2019-01-11,3418.122802734375,3427.213623046875,3363.578369140625,3390.8505859375,2189.071044921875,118649479
2019-01-14,3390.8505859375,3445.39501953125,3390.8505859375,3445.39501953125,2224.283935546875,126576436
2019-01-15,3427.213623046875,3445.39501953125,3399.941162109375,3436.30419921875,2218.414794921875,154948896
2019-01-16,3445.39501953125,3454.48583984375,3418.122802734375,3436.30419921875,2218.414794921875,114151831
2019-01-17,3445.39501953125,3490.848876953125,3436.30419921875,3463.576416015625,2236.021240234375,131847617
2019-01-18,3499.939453125,3499.939453125,3445.39501953125,3472.667236328125,2241.890380859375,105708085
2019-01-21,3454.48583984375,3481.758056640625,3454.48583984375,3454.48583984375,2230.15283203125,89020137
2019-01-22,3427.213623046875,3445.39501953125,3399.941162109375,3427.213623046875,2212.546630859375,131658634
2019-01-23,3418.122802734375,3463.576416015625,3390.8505859375,3427.213623046875,2212.546630859375,179807675
2019-01-24,3409.031982421875,3463.576416015625,3409.031982421875,3445.39501953125,2224.283935546875,193786497
2019-01-25,3472.667236328125,3472.667236328125,3436.30419921875,3436.30419921875,2218.414794921875,139857845
2019-01-28,3409.031982421875,3445.39501953125,3409.031982421875,3436.30419921875,2218.414794921875,102940988
2019-01-29,3436.30419921875,3472.667236328125,3318.12451171875,3354.487548828125,2165.595947265625,206378414
2019-01-30,3363.578369140625,3418.122802734375,3363.578369140625,3409.031982421875,2200.80859375,159225000
2019-01-31,3454.48583984375,3518.12109375,3454.48583984375,3499.939453125,2259.49658203125,277698146
2019-02-01,3527.2119140625,3572.66552734375,3518.12109375,3563.57470703125,2300.57861328125,154119152
2019-02-04,3590.84716796875,3590.84716796875,3536.302490234375,3545.393310546875,2288.84130859375,83552603
2019-02-05,3545.393310546875,3545.393310546875,3545.393310546875,3545.393310546875,2288.84130859375,0
2019-02-06,3563.57470703125,3581.75634765625,3554.484130859375,3563.57470703125,2300.57861328125,85882773
2019-02-07,3572.66552734375,3572.66552734375,3536.302490234375,3572.66552734375,2306.447509765625,91233705
2019-02-08,3509.0302734375,3554.484130859375,3499.939453125,3536.302490234375,2282.9716796875,86321790
2019-02-11,3536.302490234375,3563.57470703125,3509.0302734375,3518.12109375,2271.234619140625,61147416
2019-02-12,3545.393310546875,3545.393310546875,3472.667236328125,3499.939453125,2259.49658203125,104459344
2019-02-13,3536.302490234375,3536.302490234375,3436.30419921875,3445.39501953125,2224.283935546875,119001265
2019-02-14,3472.667236328125,3499.939453125,3409.031982421875,3454.48583984375,2230.15283203125,131498911
2019-02-15,3490.848876953125,3490.848876953125,3409.031982421875,3427.213623046875,2212.546630859375,96513687
2019-02-18,3445.39501953125,3509.0302734375,3445.39501953125,3490.848876953125,2253.628173828125,103030419
2019-02-19,3545.393310546875,3636.30078125,3527.2119140625,3554.484130859375,2294.709716796875,153943258
2019-02-20,3554.484130859375,3581.75634765625,3509.0302734375,3536.302490234375,2282.9716796875,136475507
2019-02-21,3481.758056640625,3581.75634765625,3481.758056640625,3554.484130859375,2294.709716796875,125997166
2019-02-22,3509.0302734375,3554.484130859375,3509.0302734375,3545.393310546875,2288.84130859375,89872212
2019-02-25,3581.75634765625,3609.028564453125,3545.393310546875,3599.937744140625,2324.053955078125,117405577
2019-02-26,3599.937744140625,3609.028564453125,3554.484130859375,3581.75634765625,2312.31640625,67561846
2019-02-27,3554.484130859375,3563.57470703125,3499.939453125,3518.12109375,2271.234619140625,96869983
2019-02-28,3499.939453125,3518.12109375,3490.848876953125,3499.939453125,2259.49658203125,117143553
2019-03-01,3518.12109375,3536.302490234375,3509.0302734375,3518.12109375,2271.234619140625,78576447
2019-03-04,3545.393310546875,3563.57470703125,3527.2119140625,3527.2119140625,2277.103271484375,62730673
2019-03-05,3545.393310546875,3545.393310546875,3509.0302734375,3509.0302734375,2265.365966796875,77678611
2019-03-06,3536.302490234375,3563.57470703125,3509.0302734375,3545.393310546875,2288.84130859375,62160643
2019-03-07,3545.393310546875,3545.393310546875,3545.393310546875,3545.393310546875,2288.84130859375,0
2019-03-08,3472.667236328125,3527.2119140625,3463.576416015625,3499.939453125,2259.49658203125,142765635
2019-03-11,3545.393310546875,3545.393310546875,3481.758056640625,3509.0302734375,2265.365966796875,51418628
2019-03-12,3527.2119140625,3536.302490234375,3463.576416015625,3490.848876953125,2253.628173828125,69851316
2019-03-13,3454.48583984375,3463.576416015625,3436.30419921875,3445.39501953125,2224.283935546875,51432598
2019-03-14,3436.30419921875,3499.939453125,3436.30419921875,3490.848876953125,2253.628173828125,99175072
2019-03-15,3545.393310546875,3590.84716796875,3536.302490234375,3590.84716796875,2318.184814453125,106867285
2019-03-18,3627.2099609375,3663.572998046875,3618.119384765625,3636.30078125,2347.529052734375,102196275
2019-03-19,3672.663818359375,3681.754638671875,3609.028564453125,3618.119384765625,2335.791748046875,63741150
2019-03-20,3599.937744140625,3645.3916015625,3599.937744140625,3627.2099609375,2341.66064453125,94567643
2019-03-21,3645.3916015625,3672.663818359375,3609.028564453125,3627.2099609375,2341.66064453125,121229463
2019-03-22,3663.572998046875,3699.93603515625,3636.30078125,3681.754638671875,2376.873779296875,104102388
2019-03-25,3663.572998046875,3672.663818359375,3627.2099609375,3645.3916015625,2353.3984375,90384491
2019-03-26,3681.754638671875,3709.02685546875,3645.3916015625,3690.845458984375,2382.7421875,75475383
2019-03-27,3709.02685546875,3709.02685546875,3672.663818359375,3681.754638671875,2376.873779296875,56170270
2019-03-28,3699.93603515625,3709.02685546875,3663.572998046875,3699.93603515625,2388.611083984375,67263631
2019-03-29,3681.754638671875,3763.5712890625,3681.754638671875,3736.299072265625,2412.086181640625,71215890
2019-04-01,3763.5712890625,3781.7529296875,3754.480712890625,3772.662109375,2435.5615234375,73530330
2019-04-02,3790.843505859375,3790.843505859375,3754.480712890625,3772.662109375,2435.5615234375,48845023
2019-04-03,3772.662109375,3772.662109375,3772.662109375,3772.662109375,2435.5615234375,0
2019-04-04,3799.934326171875,3890.841796875,3763.5712890625,3836.29736328125,2476.643310546875,69303837
2019-04-05,3872.660400390625,3899.9326171875,3863.569580078125,3881.751220703125,2505.987548828125,54041183
2019-04-08,3899.9326171875,3899.9326171875,3827.20654296875,3863.569580078125,2494.249755859375,82999953
2019-04-09,3890.841796875,3954.47705078125,3872.660400390625,3909.0234375,2523.59423828125,80659003
2019-04-10,3909.0234375,3927.204833984375,3872.660400390625,3918.1142578125,2529.463134765625,116840608
2019-04-11,3909.0234375,3927.204833984375,3890.841796875,3909.0234375,2523.59423828125,188618827
2019-04-12,3909.0234375,3927.204833984375,3890.841796875,3918.1142578125,2529.463134765625,84244625
2019-04-15,3954.47705078125,3963.56787109375,3918.1142578125,3954.47705078125,2552.93798828125,70577659
2019-04-16,3936.295654296875,3963.56787109375,3927.204833984375,3945.386474609375,2547.0693359375,99923195
2019-04-17,3945.386474609375,3945.386474609375,3945.386474609375,3945.386474609375,2547.0693359375,0
2019-04-18,4045.384765625,4299.92578125,3981.74951171875,4054.475341796875,2617.495361328125,200241958
2019-04-19,4054.475341796875,4054.475341796875,4054.475341796875,4054.475341796875,2617.495361328125,0
2019-04-22,4054.475341796875,4054.475341796875,4009.021728515625,4036.2939453125,2605.757568359375,112161787
2019-04-23,4009.021728515625,4045.384765625,4009.021728515625,4027.203125,2599.888671875,60325921
2019-04-24,4009.021728515625,4027.203125,3999.930908203125,3999.930908203125,2582.2822265625,190094393
2019-04-25,3981.74951171875,3990.840087890625,3872.660400390625,3936.295654296875,2541.2001953125,202913024
2019-04-26,3854.478759765625,3963.56787109375,3827.20654296875,3936.295654296875,2541.2001953125,146163924
2019-04-29,3899.9326171875,3954.47705078125,3890.841796875,3945.386474609375,2547.0693359375,84609831
2019-04-30,3990.840087890625,4009.021728515625,3945.386474609375,3972.65869140625,2564.67626953125,140586828
2019-05-01,3972.65869140625,3972.65869140625,3972.65869140625,3972.65869140625,2564.67626953125,0
2019-05-02,4018.1123046875,4018.1123046875,3945.386474609375,3972.65869140625,2564.67626953125,139594281
2019-05-03,3936.295654296875,3999.930908203125,3918.1142578125,3981.74951171875,2570.54443359375,120435690
2019-05-06,3909.0234375,3909.0234375,3809.025146484375,3845.38818359375,2482.511962890625,157313497
2019-05-07,3827.20654296875,3890.841796875,3827.20654296875,3863.569580078125,2494.249755859375,124070152
2019-05-08,3863.569580078125,3863.569580078125,3799.934326171875,3836.29736328125,2476.643310546875,132170032
2019-05-09,3763.5712890625,3781.7529296875,3745.389892578125,3745.389892578125,2417.955078125,179677103
2019-05-10,3727.208251953125,3781.7529296875,3718.11767578125,3745.389892578125,2417.955078125,132313475
2019-05-13,3754.480712890625,3763.5712890625,3727.208251953125,3727.208251953125,2406.21728515625,79066285
2019-05-14,3636.30078125,3718.11767578125,3609.028564453125,3681.754638671875,2376.873779296875,126601626
2019-05-15,3681.754638671875,3690.845458984375,3536.302490234375,3536.302490234375,2282.9716796875,184137240
2019-05-16,3581.75634765625,3627.2099609375,3472.667236328125,3509.0302734375,2265.365966796875,158507017
2019-05-17,3554.484130859375,3554.484130859375,3427.213623046875,3445.39501953125,2224.283935546875,170721848
2019-05-20,3454.48583984375,3499.939453125,3327.21533203125,3409.031982421875,2200.80859375,181806520
2019-05-21,3454.48583984375,3490.848876953125,3372.6689453125,3409.031982421875,2200.80859375,227189674
2019-05-22,3372.6689453125,3481.758056640625,3372.6689453125,3427.213623046875,2212.546630859375,130499434
2019-05-23,3472.667236328125,3536.302490234375,3454.48583984375,3499.939453125,2259.49658203125,230153565
2019-05-24,3436.30419921875,3572.66552734375,3427.213623046875,3499.939453125,2339.824951171875,165441097
2019-05-27,3545.393310546875,3609.028564453125,3509.0302734375,3563.57470703125,2382.367431640625,135938587
2019-05-28,3572.66552734375,3590.84716796875,3463.576416015625,3463.576416015625,2315.51513671875,414291135
2019-05-29,3536.302490234375,3590.84716796875,3509.0302734375,3581.75634765625,2394.5224609375,153687174
2019-05-30,3581.75634765625,3581.75634765625,3581.75634765625,3581.75634765625,2394.5224609375,0
2019-05-31,3627.2099609375,3745.389892578125,3618.119384765625,3727.208251953125,2491.761962890625,287219580
2019-06-03,3727.208251953125,3727.208251953125,3727.208251953125,3727.208251953125,2491.761962890625,0
2019-06-04,3727.208251953125,3727.208251953125,3727.208251953125,3727.208251953125,2491.761962890625,0
2019-06-05,3727.208251953125,3727.208251953125,3727.208251953125,3727.208251953125,2491.761962890625,0
2019-06-06,3727.208251953125,3727.208251953125,3727.208251953125,3727.208251953125,2491.761962890625,0
2019-06-07,3727.208251953125,3727.208251953125,3727.208251953125,3727.208251953125,2491.761962890625,0
2019-06-10,3836.29736328125,3881.751220703125,3818.115966796875,3845.38818359375,2570.768798828125,216423568
2019-06-11,3863.569580078125,3863.569580078125,3772.662109375,3845.38818359375,2570.768798828125,127900199
2019-06-12,3790.843505859375,3827.20654296875,3790.843505859375,3827.20654296875,2558.6142578125,102196275
2019-06-13,3863.569580078125,3863.569580078125,3799.934326171875,3818.115966796875,2552.537109375,128510489
2019-06-14,3790.843505859375,3854.478759765625,3790.843505859375,3845.38818359375,2570.768798828125,79530053
2019-06-17,3863.569580078125,3863.569580078125,3818.115966796875,3818.115966796875,2552.537109375,60714008
2019-06-18,3799.934326171875,3872.660400390625,3799.934326171875,3872.660400390625,2589.001220703125,174179428
2019-06-19,3927.204833984375,3945.386474609375,3890.841796875,3899.9326171875,2607.23388671875,183945837
2019-06-20,3936.295654296875,3936.295654296875,3890.841796875,3918.1142578125,2619.38916015625,118489316
2019-06-21,3899.9326171875,3963.56787109375,3872.660400390625,3963.56787109375,2649.776611328125,187213443
2019-06-24,3918.1142578125,3954.47705078125,3899.9326171875,3918.1142578125,2619.38916015625,90828128
2019-06-25,3954.47705078125,3954.47705078125,3899.9326171875,3936.295654296875,2631.54345703125,65402729
2019-06-26,3936.295654296875,3972.65869140625,3927.204833984375,3963.56787109375,2649.776611328125,113137174
2019-06-27,3981.74951171875,3990.840087890625,3954.47705078125,3981.74951171875,2661.931396484375,89922813
2019-06-28,3972.65869140625,3999.930908203125,3954.47705078125,3963.56787109375,2649.776611328125,112840719
2019-07-01,3999.930908203125,4018.1123046875,3981.74951171875,4018.1123046875,2686.2412109375,115331382
2019-07-02,4018.1123046875,4018.1123046875,3963.56787109375,4009.021728515625,2680.1630859375,147886774
2019-07-03,3990.840087890625,4018.1123046875,3963.56787109375,3999.930908203125,2674.086181640625,81810503
2019-07-04,3963.56787109375,3999.930908203125,3963.56787109375,3990.840087890625,2668.008544921875,42557425
2019-07-05,4018.1123046875,4018.1123046875,3981.74951171875,3999.930908203125,2674.086181640625,59149341
2019-07-08,3981.74951171875,4009.021728515625,3972.65869140625,3999.930908203125,2674.086181640625,50857398
2019-07-09,3972.65869140625,4009.021728515625,3972.65869140625,4009.021728515625,2680.1630859375,71191359
2019-07-10,4009.021728515625,4072.656982421875,3999.930908203125,4063.566162109375,2716.628173828125,89077008
2019-07-11,4081.74755859375,4127.20166015625,4072.656982421875,4099.92919921875,2740.938232421875,100559886
2019-07-12,4099.92919921875,4127.20166015625,4081.74755859375,4099.92919921875,2740.938232421875,71034166
2019-07-15,4127.20166015625,4145.3828125,4109.02001953125,4118.11083984375,2753.093017578125,75851590
2019-07-16,4090.83837890625,4136.2919921875,4090.83837890625,4136.2919921875,2765.248046875,92926745
2019-07-17,4109.02001953125,4136.2919921875,4090.83837890625,4109.02001953125,2747.015869140625,71834980
2019-07-18,4090.83837890625,4099.92919921875,4036.2939453125,4045.384765625,2704.473388671875,84732483
2019-07-19,4045.384765625,4081.74755859375,4036.2939453125,4072.656982421875,2722.7060546875,70769832
2019-07-22,4090.83837890625,4099.92919921875,4054.475341796875,4090.83837890625,2734.86083984375,46139636
2019-07-23,4090.83837890625,4090.83837890625,4063.566162109375,4081.74755859375,2728.783203125,47649853
2019-07-24,4109.02001953125,4109.02001953125,4036.2939453125,4045.384765625,2704.473388671875,58359418
2019-07-25,4063.566162109375,4072.656982421875,4045.384765625,4054.475341796875,2710.551025390625,66445547
2019-07-26,4009.021728515625,4063.566162109375,3999.930908203125,4036.2939453125,2698.396240234375,85121120
2019-07-29,4072.656982421875,4072.656982421875,4036.2939453125,4054.475341796875,2710.551025390625,101066445
2019-07-30,4090.83837890625,4090.83837890625,4054.475341796875,4090.83837890625,2734.86083984375,75632686
2019-07-31,4090.83837890625,4099.92919921875,4045.384765625,4072.656982421875,2722.7060546875,116420070
2019-08-01,4081.74755859375,4099.92919921875,4009.021728515625,4045.384765625,2704.473388671875,157991988
2019-08-02,3999.930908203125,4063.566162109375,3990.840087890625,4045.384765625,2704.473388671875,131279017
2019-08-05,4009.021728515625,4018.1123046875,3881.751220703125,3881.751220703125,2595.079345703125,165923785
2019-08-06,3727.208251953125,3827.20654296875,3654.482421875,3727.208251953125,2491.761962890625,272405185
2019-08-07,3763.5712890625,3899.9326171875,3763.5712890625,3863.569580078125,2582.924072265625,161676832
2019-08-08,3863.569580078125,3927.204833984375,3863.569580078125,3899.9326171875,2607.23388671875,102671923
2019-08-09,3936.295654296875,3954.47705078125,3909.0234375,3936.295654296875,2631.54345703125,90719996
2019-08-12,3981.74951171875,3981.74951171875,3899.9326171875,3909.0234375,2613.311767578125,56163890
2019-08-13,3936.295654296875,3936.295654296875,3863.569580078125,3890.841796875,2601.156494140625,88148482
2019-08-14,3936.295654296875,3954.47705078125,3918.1142578125,3936.295654296875,2631.54345703125,102602292
2019-08-15,3827.20654296875,3890.841796875,3799.934326171875,3863.569580078125,2582.924072265625,126758709
2019-08-16,3863.569580078125,3872.660400390625,3818.115966796875,3827.20654296875,2558.6142578125,102969368
2019-08-19,3754.480712890625,3836.29736328125,3754.480712890625,3799.934326171875,2540.3818359375,66407047
2019-08-20,3799.934326171875,3818.115966796875,3718.11767578125,3727.208251953125,2491.761962890625,112883069
2019-08-21,3727.208251953125,3790.843505859375,3672.663818359375,3681.754638671875,2461.374755859375,92826643
2019-08-22,3690.845458984375,3763.5712890625,3636.30078125,3699.93603515625,2473.530029296875,136489697
2019-08-23,3663.572998046875,3727.208251953125,3654.482421875,3709.02685546875,2479.607421875,64061696
2019-08-26,3654.482421875,3699.93603515625,3636.30078125,3699.93603515625,2473.530029296875,71268030
2019-08-27,3754.480712890625,3827.20654296875,3709.02685546875,3818.115966796875,2552.537109375,196025365
2019-08-28,3836.29736328125,3854.478759765625,3809.025146484375,3809.025146484375,2546.459228515625,109954819
2019-08-29,3836.29736328125,3836.29736328125,3781.7529296875,3818.115966796875,2552.537109375,74831102
2019-08-30,3809.025146484375,3881.751220703125,3745.389892578125,3881.751220703125,2595.079345703125,119899980
2019-09-02,3881.751220703125,3890.841796875,3827.20654296875,3836.29736328125,2564.69140625,75321490
2019-09-03,3799.934326171875,3881.751220703125,3754.480712890625,3772.662109375,2522.1494140625,83772936
2019-09-04,3799.934326171875,3799.934326171875,3727.208251953125,3781.7529296875,2528.22705078125,84356057
2019-09-05,3836.29736328125,3845.38818359375,3799.934326171875,3836.29736328125,2564.69140625,84846225
2019-09-06,3872.660400390625,3899.9326171875,3863.569580078125,3881.751220703125,2595.079345703125,125869894
2019-09-09,3899.9326171875,3899.9326171875,3790.843505859375,3790.843505859375,2534.30419921875,75150988
2019-09-10,3799.934326171875,3809.025146484375,3772.662109375,3809.025146484375,2546.459228515625,76217016
2019-09-11,3772.662109375,3872.660400390625,3772.662109375,3863.569580078125,2582.924072265625,125741191
2019-09-12,3909.0234375,3954.47705078125,3881.751220703125,3890.841796875,2601.156494140625,95813194
2019-09-13,3927.204833984375,3927.204833984375,3890.841796875,3918.1142578125,2619.38916015625,61703145
2019-09-16,3899.9326171875,3899.9326171875,3727.208251953125,3809.025146484375,2546.459228515625,145880779
2019-09-17,3781.7529296875,3863.569580078125,3754.480712890625,3863.569580078125,2582.924072265625,117840195
2019-09-18,3854.478759765625,3872.660400390625,3827.20654296875,3854.478759765625,2576.846435546875,84048931
2019-09-19,3818.115966796875,3845.38818359375,3818.115966796875,3836.29736328125,2564.69140625,101320660
2019-09-20,3818.115966796875,3836.29736328125,3754.480712890625,3781.7529296875,2528.22705078125,239258752
2019-09-23,3781.7529296875,3818.115966796875,3781.7529296875,3799.934326171875,2540.3818359375,93391943
2019-09-24,3781.7529296875,3781.7529296875,3736.299072265625,3736.299072265625,2497.83935546875,104585626
2019-09-25,3699.93603515625,3745.389892578125,3654.482421875,3709.02685546875,2479.607421875,91472409
2019-09-26,3736.299072265625,3827.20654296875,3727.208251953125,3827.20654296875,2558.6142578125,88134402
2019-09-27,3827.20654296875,3827.20654296875,3781.7529296875,3799.934326171875,2540.3818359375,63434135
2019-09-30,3818.115966796875,3818.115966796875,3736.299072265625,3745.389892578125,2503.9169921875,83981500
2019-10-01,3745.389892578125,3754.480712890625,3699.93603515625,3699.93603515625,2473.530029296875,87507501
2019-10-02,3681.754638671875,3718.11767578125,3563.57470703125,3572.66552734375,2388.445068359375,182983980
2019-10-03,3518.12109375,3536.302490234375,3463.576416015625,3463.576416015625,2315.51513671875,195391424
2019-10-04,3527.2119140625,3599.937744140625,3509.0302734375,3590.84716796875,2400.599853515625,103236563
2019-10-07,3609.028564453125,3627.2099609375,3509.0302734375,3545.393310546875,2370.212890625,139378677
2019-10-08,3599.937744140625,3599.937744140625,3536.302490234375,3572.66552734375,2388.445068359375,131777876
2019-10-09,3590.84716796875,3627.2099609375,3563.57470703125,3599.937744140625,2406.67724609375,129617548
2019-10-10,3609.028564453125,3627.2099609375,3527.2119140625,3536.302490234375,2364.135009765625,118644859
2019-10-11,3590.84716796875,3599.937744140625,3554.484130859375,3563.57470703125,2382.367431640625,112429201
2019-10-14,3590.84716796875,3618.119384765625,3554.484130859375,3563.57470703125,2382.367431640625,120763165
2019-10-15,3609.028564453125,3609.028564453125,3536.302490234375,3581.75634765625,2394.5224609375,140902423
2019-10-16,3599.937744140625,3627.2099609375,3581.75634765625,3627.2099609375,2424.909912109375,90212558
2019-10-17,3636.30078125,3681.754638671875,3627.2099609375,3681.754638671875,2461.374755859375,115003686
2019-10-18,3681.754638671875,3809.025146484375,3681.754638671875,3790.843505859375,2534.30419921875,113976708
2019-10-21,3790.843505859375,3809.025146484375,3736.299072265625,3745.389892578125,2503.9169921875,89234971
2019-10-22,3709.02685546875,3763.5712890625,3699.93603515625,3763.5712890625,2516.072021484375,90846609
2019-10-23,3772.662109375,3799.934326171875,3709.02685546875,3799.934326171875,2540.3818359375,139892606
2019-10-24,3799.934326171875,3909.0234375,3799.934326171875,3909.0234375,2613.311767578125,172727403
2019-10-25,3909.0234375,3927.204833984375,3836.29736328125,3845.38818359375,2570.768798828125,123528393
2019-10-28,3845.38818359375,3872.660400390625,3836.29736328125,3845.38818359375,2570.768798828125,42188588
2019-10-29,3854.478759765625,3863.569580078125,3799.934326171875,3845.38818359375,2570.768798828125,90745077
2019-10-30,3872.660400390625,3872.660400390625,3809.025146484375,3863.569580078125,2582.924072265625,52187101
2019-10-31,3827.20654296875,3854.478759765625,3781.7529296875,3827.20654296875,2558.6142578125,83146256
2019-11-01,3836.29736328125,3836.29736328125,3772.662109375,3799.934326171875,2540.3818359375,69610742
2019-11-04,3799.934326171875,3827.20654296875,3772.662109375,3781.7529296875,2528.22705078125,55300375
2019-11-05,3809.025146484375,3909.0234375,3790.843505859375,3909.0234375,2613.311767578125,145802018
2019-11-06,3936.295654296875,3936.295654296875,3781.7529296875,3781.7529296875,2528.22705078125,145752957
2019-11-07,3781.7529296875,3781.7529296875,3599.937744140625,3636.30078125,2430.987548828125,321561514
2019-11-08,3645.3916015625,3663.572998046875,3618.119384765625,3627.2099609375,2424.909912109375,148082467
2019-11-11,3590.84716796875,3636.30078125,3590.84716796875,3636.30078125,2430.987548828125,125489617
2019-11-12,3636.30078125,3663.572998046875,3618.119384765625,3636.30078125,2430.987548828125,120754695
2019-11-13,3636.30078125,3645.3916015625,3563.57470703125,3599.937744140625,2406.67724609375,165100201
2019-11-14,3590.84716796875,3609.028564453125,3545.393310546875,3581.75634765625,2394.5224609375,129874843
2019-11-15,3636.30078125,3727.208251953125,3599.937744140625,3718.11767578125,2485.684814453125,134210348
2019-11-18,3718.11767578125,3763.5712890625,3681.754638671875,3745.389892578125,2503.9169921875,102464019
2019-11-19,3772.662109375,3809.025146484375,3709.02685546875,3809.025146484375,2546.459228515625,155302002
2019-11-20,3790.843505859375,3872.660400390625,3772.662109375,3836.29736328125,2564.69140625,170292181
2019-11-21,3818.115966796875,3845.38818359375,3763.5712890625,3836.29736328125,2564.69140625,125613039
2019-11-22,3845.38818359375,3863.569580078125,3781.7529296875,3827.20654296875,2558.6142578125,82167459
2019-11-25,3772.662109375,3799.934326171875,3745.389892578125,3754.480712890625,2509.99462890625,62254255
2019-11-26,3772.662109375,3799.934326171875,3727.208251953125,3772.662109375,2522.1494140625,244288809
2019-11-27,3727.208251953125,3827.20654296875,3727.208251953125,3790.843505859375,2534.30419921875,72910799
2019-11-28,3754.480712890625,3790.843505859375,3681.754638671875,3681.754638671875,2461.374755859375,67893172
2019-11-29,3690.845458984375,3745.389892578125,3645.3916015625,3718.11767578125,2485.684814453125,70620339
2019-12-02,3772.662109375,3827.20654296875,3745.389892578125,3827.20654296875,2558.6142578125,60937642
2019-12-03,3827.20654296875,3836.29736328125,3781.7529296875,3790.843505859375,2534.30419921875,48090300
2019-12-04,3818.115966796875,3818.115966796875,3745.389892578125,3754.480712890625,2509.99462890625,55684281
2019-12-05,3818.115966796875,3845.38818359375,3790.843505859375,3836.29736328125,2564.69140625,80063892
2019-12-06,3863.569580078125,3863.569580078125,3790.843505859375,3790.843505859375,2534.30419921875,73924136
2019-12-09,3809.025146484375,3827.20654296875,3772.662109375,3799.934326171875,2540.3818359375,52623808
2019-12-10,3763.5712890625,3799.934326171875,3754.480712890625,3790.843505859375,2534.30419921875,88013950
2019-12-11,3809.025146484375,3827.20654296875,3781.7529296875,3827.20654296875,2558.6142578125,69260056
2019-12-12,3845.38818359375,3881.751220703125,3827.20654296875,3863.569580078125,2582.924072265625,138108485
2019-12-13,3890.841796875,3899.9326171875,3854.478759765625,3890.841796875,2601.156494140625,184381444
2019-12-16,3909.0234375,3954.47705078125,3899.9326171875,3936.295654296875,2631.54345703125,196854450
2019-12-17,3963.56787109375,3963.56787109375,3909.0234375,3954.47705078125,2643.69873046875,155154269
2019-12-18,3981.74951171875,3999.930908203125,3954.47705078125,3999.930908203125,2674.086181640625,174183278
2019-12-19,3954.47705078125,3972.65869140625,3927.204833984375,3954.47705078125,2643.69873046875,103421146
2019-12-20,3954.47705078125,3972.65869140625,3927.204833984375,3963.56787109375,2649.776611328125,171838258
2019-12-23,4045.384765625,4063.566162109375,3963.56787109375,4045.384765625,2704.473388671875,135606712
2019-12-26,4018.1123046875,4045.384765625,3999.930908203125,4009.021728515625,2680.1630859375,55258354
2019-12-27,3981.74951171875,4036.2939453125,3981.74951171875,4027.203125,2692.318359375,62113562
2019-12-30,4045.384765625,4045.384765625,3963.56787109375,3999.930908203125,2674.086181640625,73085482
2020-01-02,3999.930908203125,4009.021728515625,3963.56787109375,4009.021728515625,2680.1630859375,45886302
2020-01-03,4018.1123046875,4036.2939453125,3990.840087890625,4018.1123046875,2686.2412109375,91189705
2020-01-06,3963.56787109375,3990.840087890625,3927.204833984375,3972.65869140625,2655.854248046875,48648450
2020-01-07,4009.021728515625,4009.021728515625,3981.74951171875,3999.930908203125,2674.086181640625,114344885
2020-01-08,3981.74951171875,3999.930908203125,3945.386474609375,3981.74951171875,2661.931396484375,188929583
2020-01-09,3999.930908203125,4018.1123046875,3972.65869140625,3999.930908203125,2674.086181640625,79280569
2020-01-10,4027.203125,4027.203125,3990.840087890625,4009.021728515625,2680.1630859375,137292491
2020-01-13,4027.203125,4099.92919921875,4018.1123046875,4099.92919921875,2740.938232421875,122488655
2020-01-14,4127.20166015625,4181.74609375,4109.02001953125,4154.4736328125,2777.4033203125,174258629
2020-01-15,4154.4736328125,4163.564453125,4118.11083984375,4163.564453125,2783.480712890625,112825318
2020-01-16,4154.4736328125,4172.6552734375,4099.92919921875,4154.4736328125,2777.4033203125,147387255
2020-01-17,4199.92724609375,4218.10888671875,4181.74609375,4209.01806640625,2813.867919921875,133295352
2020-01-20,4263.5625,4263.5625,4209.01806640625,4236.29052734375,2832.1005859375,90022804
2020-01-21,4245.38134765625,4254.47216796875,4218.10888671875,4245.38134765625,2838.17822265625,81224962
2020-01-22,4254.47216796875,4281.744140625,4245.38134765625,4281.744140625,2862.487548828125,90609115
2020-01-23,4290.8349609375,4327.19775390625,4263.5625,4309.0166015625,2880.720458984375,153849977
2020-01-24,4299.92578125,4318.107421875,4254.47216796875,4309.0166015625,2880.720458984375,105620964
2020-01-27,4272.6533203125,4272.6533203125,4218.10888671875,4227.19970703125,2826.023193359375,103076840
2020-01-28,4163.564453125,4218.10888671875,4154.4736328125,4199.92724609375,2807.790283203125,104935872
2020-01-29,4199.92724609375,4236.29052734375,4181.74609375,4199.92724609375,2807.790283203125,214362682
2020-01-30,4272.6533203125,4272.6533203125,4163.564453125,4163.564453125,2783.480712890625,96500596
2020-01-31,4154.4736328125,4163.564453125,4054.475341796875,4054.475341796875,2710.551025390625,150763654
2020-02-03,4054.475341796875,4081.74755859375,4045.384765625,4054.475341796875,2710.551025390625,144745560
2020-02-04,4263.5625,4263.5625,4109.02001953125,4145.3828125,2771.325439453125,123617275
2020-02-05,4154.4736328125,4163.564453125,4099.92919921875,4145.3828125,2771.325439453125,100395764
2020-02-06,4172.6552734375,4172.6552734375,4118.11083984375,4136.2919921875,2765.248046875,104342852
2020-02-07,4163.564453125,4163.564453125,4127.20166015625,4136.2919921875,2765.248046875,146349277
2020-02-10,4090.83837890625,4118.11083984375,3999.930908203125,4090.83837890625,2734.86083984375,187982906
2020-02-11,4127.20166015625,4127.20166015625,4072.656982421875,4099.92919921875,2740.938232421875,93666727
2020-02-12,4109.02001953125,4145.3828125,4109.02001953125,4118.11083984375,2753.093017578125,143167912
2020-02-13,4163.564453125,4172.6552734375,4127.20166015625,4154.4736328125,2777.4033203125,87683284
2020-02-14,4118.11083984375,4172.6552734375,4118.11083984375,4136.2919921875,2765.248046875,139707803
2020-02-17,4072.656982421875,4127.20166015625,4063.566162109375,4063.566162109375,2716.628173828125,131738165
2020-02-18,4063.566162109375,4090.83837890625,3999.930908203125,3999.930908203125,2674.086181640625,97565635
2020-02-19,4054.475341796875,4072.656982421875,4045.384765625,4072.656982421875,2722.7060546875,110893685
2020-02-20,4109.02001953125,4163.564453125,4099.92919921875,4145.3828125,2771.325439453125,108000305
2020-02-21,4145.3828125,4145.3828125,4099.92919921875,4099.92919921875,2740.938232421875,117658802
2020-02-24,4127.20166015625,4127.20166015625,4063.566162109375,4081.74755859375,2728.783203125,113200755
2020-02-25,4054.475341796875,4136.2919921875,4054.475341796875,4090.83837890625,2734.86083984375,125324724
2020-02-26,4090.83837890625,4099.92919921875,4063.566162109375,4072.656982421875,2722.7060546875,164120194
2020-02-27,3981.74951171875,3981.74951171875,3745.389892578125,3754.480712890625,2607.908935546875,227877075
2020-02-28,3627.2099609375,3809.025146484375,3554.484130859375,3809.025146484375,2645.796142578125,211162617
2020-03-02,3809.025146484375,3818.115966796875,3618.119384765625,3618.119384765625,2513.190673828125,206428685
2020-03-03,3681.754638671875,3799.934326171875,3636.30078125,3727.208251953125,2588.965087890625,218258509
2020-03-04,3763.5712890625,3854.478759765625,3754.480712890625,3836.29736328125,2664.739501953125,127937929
2020-03-05,3899.9326171875,3909.0234375,3754.480712890625,3772.662109375,2620.537841796875,146949558
2020-03-06,3672.663818359375,3681.754638671875,3636.30078125,3645.3916015625,2532.134521484375,175334118
2020-03-09,3545.393310546875,3590.84716796875,3409.031982421875,3409.031982421875,2367.955810546875,163934401
2020-03-10,3436.30419921875,3663.572998046875,3436.30419921875,3554.484130859375,2468.98876953125,182576203
2020-03-11,3590.84716796875,3663.572998046875,3527.2119140625,3554.484130859375,2468.98876953125,195275262
2020-03-12,3472.667236328125,3490.848876953125,3272.670654296875,3281.761474609375,2279.552490234375,167137546
2020-03-13,3281.761474609375,3427.213623046875,3054.49267578125,3381.759765625,2349.012451171875,295725807
2020-03-16,3409.031982421875,3409.031982421875,3145.400146484375,3181.76318359375,2210.09228515625,196265939
2020-03-17,3181.76318359375,3245.3984375,2963.585205078125,2963.585205078125,2058.543212890625,229429422
2020-03-18,2972.676025390625,3127.21875,2809.04248046875,2854.49609375,1982.7681884765625,272919333
2020-03-19,2845.405517578125,2854.49609375,2663.59033203125,2663.59033203125,1850.162841796875,151744210
2020-03-20,2663.59033203125,2699.953369140625,2481.775390625,2554.501220703125,1774.388427734375,658210668
2020-03-23,2409.04931640625,2454.503173828125,2381.777099609375,2381.777099609375,1654.411865234375,180848183
2020-03-24,2345.4140625,2499.956787109375,2218.1435546875,2218.1435546875,1540.750244140625,544651637
2020-03-26,2272.68798828125,2727.2255859375,2272.68798828125,2672.68115234375,1856.4776611328125,698059077
2020-03-27,2727.2255859375,3336.305908203125,2727.2255859375,2936.31298828125,2039.5994873046875,529032687
2020-03-30,2863.5869140625,2863.5869140625,2736.31640625,2736.31640625,1900.6793212890625,239264252
2020-03-31,2818.133056640625,2909.040771484375,2699.953369140625,2745.4072265625,1906.9940185546875,346502244
2020-04-01,2736.31640625,2799.95166015625,2636.318115234375,2663.59033203125,1850.162841796875,298923123
2020-04-02,2590.8642578125,2636.318115234375,2545.41064453125,2609.0458984375,1812.2755126953125,329876337
2020-04-03,2663.59033203125,2681.77197265625,2572.682861328125,2627.227294921875,1824.9049072265625,322467159
2020-04-06,2681.77197265625,2754.497802734375,2645.408935546875,2745.4072265625,1906.9940185546875,313615306
2020-04-07,2818.133056640625,2945.403564453125,2681.77197265625,2754.497802734375,1913.3084716796875,445935822
2020-04-08,2727.2255859375,2763.588623046875,2563.592041015625,2563.592041015625,1780.7030029296875,322246825
2020-04-09,2599.955078125,2645.408935546875,2499.956787109375,2536.31982421875,1761.7591552734375,292370749
2020-04-13,2536.31982421875,2581.773681640625,2454.503173828125,2518.138427734375,1749.1300048828125,136106890
2020-04-14,2536.31982421875,2636.318115234375,2518.138427734375,2636.318115234375,1831.219482421875,241711574
2020-04-15,2636.318115234375,2718.134765625,2481.775390625,2509.047607421875,1742.815673828125,351010672
2020-04-16,2518.138427734375,2518.138427734375,2345.4140625,2372.686279296875,1648.0975341796875,404530667
2020-04-17,2427.230712890625,2581.773681640625,2418.14013671875,2572.682861328125,1787.0174560546875,442565694
2020-04-20,2618.136474609375,2636.318115234375,2509.047607421875,2527.22900390625,1755.444580078125,244213568
2020-04-21,2499.956787109375,2536.31982421875,2445.412353515625,2472.6845703125,1717.5576171875,146163154
2020-04-22,2454.503173828125,2572.682861328125,2409.04931640625,2536.31982421875,1761.7591552734375,197501041
2020-04-23,2572.682861328125,2618.136474609375,2536.31982421875,2545.41064453125,1768.0738525390625,237791877
2020-04-24,2545.41064453125,2545.41064453125,2390.86767578125,2390.86767578125,1660.7265625,323088010
2020-04-27,2436.321533203125,2454.503173828125,2372.686279296875,2418.14013671875,1679.6700439453125,200872709
2020-04-28,2436.321533203125,2445.412353515625,2336.3232421875,2354.5048828125,1635.46826171875,295130807
2020-04-29,2363.595458984375,2381.777099609375,2327.232421875,2345.4140625,1629.153564453125,230054013
2020-04-30,2381.777099609375,2490.865966796875,2372.686279296875,2481.775390625,1723.8721923828125,475289499
2020-05-04,2427.230712890625,2436.321533203125,2363.595458984375,2390.86767578125,1660.7265625,220673601
2020-05-05,2390.86767578125,2436.321533203125,2372.686279296875,2390.86767578125,1660.7265625,203241160
2020-05-06,2390.86767578125,2409.04931640625,2363.595458984375,2381.777099609375,1654.411865234375,190361478
2020-05-08,2399.95849609375,2418.14013671875,2345.4140625,2354.5048828125,1635.46826171875,226345299
2020-05-11,2390.86767578125,2399.95849609375,2363.595458984375,2381.777099609375,1654.411865234375,170062057
2020-05-12,2381.777099609375,2390.86767578125,2245.415771484375,2263.59716796875,1572.3226318359375,405546974
2020-05-13,2236.324951171875,2290.86962890625,2218.1435546875,2245.415771484375,1559.6937255859375,372457853
2020-05-14,2218.1435546875,2254.506591796875,2118.145263671875,2136.32666015625,1483.9190673828125,517300545
2020-05-15,2163.598876953125,2181.780517578125,2009.05615234375,2036.3284912109375,1414.4591064453125,654135428
2020-05-18,2045.419189453125,2063.600830078125,1963.6024169921875,1972.6932373046875,1370.2572021484375,501017513
2020-05-19,2045.419189453125,2199.9619140625,2045.419189453125,2154.50830078125,1496.5482177734375,584451204
2020-05-20,2145.41748046875,2272.68798828125,2109.054443359375,2254.506591796875,1566.0084228515625,433842983
2020-05-26,2318.141845703125,2318.141845703125,2245.415771484375,2290.86962890625,1591.2666015625,444514707
2020-05-27,2309.051025390625,2390.86767578125,2290.86962890625,2390.86767578125,1660.7265625,476102523
2020-05-28,2399.95849609375,2527.22900390625,2399.95849609375,2481.775390625,1723.8721923828125,498739044
2020-05-29,2454.503173828125,2681.77197265625,2454.503173828125,2681.77197265625,1862.7919921875,959884609
2020-06-02,2681.77197265625,2990.857421875,2681.77197265625,2890.859130859375,2008.026611328125,514215761
2020-06-03,2909.040771484375,2981.7666015625,2736.31640625,2818.133056640625,1957.51025390625,481917223
2020-06-04,2836.314697265625,2909.040771484375,2754.497802734375,2781.77001953125,1932.251953125,275162272
2020-06-05,2790.86083984375,2845.405517578125,2690.862548828125,2827.223876953125,1963.8250732421875,294137820
2020-06-08,2890.859130859375,3063.58349609375,2881.768310546875,2999.9482421875,2083.80126953125,422772612
2020-06-09,3045.40185546875,3054.49267578125,2918.13134765625,2918.13134765625,2026.97021484375,279951975
2020-06-10,2890.859130859375,2890.859130859375,2727.2255859375,2754.497802734375,1913.3084716796875,487562851
2020-06-11,2845.405517578125,2845.405517578125,2636.318115234375,2699.953369140625,1875.4210205078125,409589324
2020-06-12,2636.318115234375,2763.588623046875,2545.41064453125,2754.497802734375,1913.3084716796875,519350210
2020-06-15,2763.588623046875,2772.679443359375,2627.227294921875,2636.318115234375,1831.219482421875,253847754
2020-06-16,2699.953369140625,2863.5869140625,2690.862548828125,2845.405517578125,1976.4542236328125,372556634
2020-06-17,2909.040771484375,2909.040771484375,2799.95166015625,2818.133056640625,1957.51025390625,240003025
2020-06-18,2772.679443359375,2836.314697265625,2763.588623046875,2772.679443359375,1925.9376220703125,144039347
2020-06-19,2799.95166015625,2827.223876953125,2781.77001953125,2818.133056640625,1957.51025390625,183669732
2020-06-22,2818.133056640625,2827.223876953125,2754.497802734375,2781.77001953125,1932.251953125,104916512
2020-06-23,2745.4072265625,2781.77001953125,2709.044189453125,2736.31640625,1900.6793212890625,188566907
2020-06-24,2772.679443359375,2854.49609375,2736.31640625,2836.314697265625,1970.139404296875,339338591
2020-06-25,2818.133056640625,2827.223876953125,2763.588623046875,2781.77001953125,1932.251953125,174033235
2020-06-26,2818.133056640625,2836.314697265625,2745.4072265625,2754.497802734375,1913.3084716796875,162039618
2020-06-29,2763.588623046875,2781.77001953125,2709.044189453125,2763.588623046875,1919.623046875,130693147
2020-06-30,2790.86083984375,2827.223876953125,2754.497802734375,2754.497802734375,1913.3084716796875,147418716
2020-07-01,2763.588623046875,2790.86083984375,2754.497802734375,2781.77001953125,1932.251953125,111421694
2020-07-02,2809.04248046875,2809.04248046875,2763.588623046875,2781.77001953125,1932.251953125,186436280
2020-07-03,2781.77001953125,2809.04248046875,2763.588623046875,2772.679443359375,1925.9376220703125,54421019
2020-07-06,2790.86083984375,2818.133056640625,2754.497802734375,2763.588623046875,1919.623046875,148148028
2020-07-07,2790.86083984375,2799.95166015625,2754.497802734375,2754.497802734375,1913.3084716796875,228112810
2020-07-08,2763.588623046875,2909.040771484375,2754.497802734375,2899.949951171875,2014.341552734375,373640813
2020-07-09,2899.949951171875,2936.31298828125,2854.49609375,2854.49609375,1982.7681884765625,211404181
2020-07-10,2845.405517578125,2863.5869140625,2818.133056640625,2827.223876953125,1963.8250732421875,117829855
2020-07-13,2845.405517578125,2890.859130859375,2772.679443359375,2872.677734375,1995.3974609375,105451891
2020-07-14,2872.677734375,2954.494384765625,2845.405517578125,2881.768310546875,2001.712158203125,232365483
2020-07-15,2909.040771484375,2945.403564453125,2845.405517578125,2845.405517578125,1976.4542236328125,182296468
2020-07-16,2845.405517578125,2872.677734375,2845.405517578125,2854.49609375,1982.7681884765625,128809144
2020-07-17,2854.49609375,2863.5869140625,2818.133056640625,2818.133056640625,1957.51025390625,131548742
2020-07-20,2818.133056640625,2845.405517578125,2754.497802734375,2772.679443359375,1925.9376220703125,150206164
2020-07-21,2772.679443359375,2890.859130859375,2772.679443359375,2863.5869140625,1989.0828857421875,224576578
2020-07-22,2872.677734375,2881.768310546875,2809.04248046875,2818.133056640625,1957.51025390625,190916547
2020-07-23,2836.314697265625,2872.677734375,2818.133056640625,2854.49609375,1982.7681884765625,162646279
2020-07-24,2845.405517578125,2854.49609375,2809.04248046875,2809.04248046875,1951.1956787109375,104287961
2020-07-27,2809.04248046875,2863.5869140625,2809.04248046875,2863.5869140625,1989.0828857421875,103970385
2020-07-28,2872.677734375,2881.768310546875,2818.133056640625,2854.49609375,1982.7681884765625,113763744
2020-07-29,2854.49609375,2863.5869140625,2818.133056640625,2836.314697265625,1970.139404296875,73895646
2020-07-30,2845.405517578125,2881.768310546875,2827.223876953125,2872.677734375,1995.3974609375,86328061
2020-08-03,2881.768310546875,2890.859130859375,2699.953369140625,2718.134765625,1888.0501708984375,373214336
2020-08-04,2727.2255859375,2799.95166015625,2727.2255859375,2799.95166015625,1944.8812255859375,171919769
2020-08-05,2818.133056640625,2827.223876953125,2763.588623046875,2799.95166015625,1944.8812255859375,177648668
2020-08-06,2818.133056640625,2845.405517578125,2809.04248046875,2827.223876953125,1963.8250732421875,126064817
2020-08-07,2827.223876953125,2845.405517578125,2781.77001953125,2827.223876953125,1963.8250732421875,98910738
2020-08-10,2827.223876953125,2863.5869140625,2818.133056640625,2845.405517578125,1976.4542236328125,100613457
2020-08-11,2845.405517578125,2927.22216796875,2845.405517578125,2899.949951171875,2014.341552734375,189708286
2020-08-12,2899.949951171875,3063.58349609375,2899.949951171875,3045.40185546875,2115.3740234375,505369848
2020-08-13,3045.40185546875,3136.3095703125,2999.9482421875,3027.220458984375,2102.7451171875,235648930
2020-08-14,3027.220458984375,3045.40185546875,2981.7666015625,3036.311279296875,2109.0595703125,109069303
2020-08-18,3036.311279296875,3209.035400390625,3036.311279296875,3199.94482421875,2222.7216796875,288206078
2020-08-19,3199.94482421875,3309.03369140625,3199.94482421875,3236.3076171875,2247.979248046875,239290433
2020-08-24,3209.035400390625,3318.12451171875,3199.94482421875,3309.03369140625,2298.495849609375,214473234
2020-08-25,3336.305908203125,3454.48583984375,3309.03369140625,3454.48583984375,2399.52880859375,197233406
2020-08-26,3454.48583984375,3472.667236328125,3363.578369140625,3399.941162109375,2361.640869140625,178162157
2020-08-27,3399.941162109375,3436.30419921875,3327.21533203125,3363.578369140625,2336.38330078125,206786961
2020-08-28,3372.6689453125,3399.941162109375,3318.12451171875,3354.487548828125,2330.069091796875,85678499
2020-08-31,3363.578369140625,3399.941162109375,3181.76318359375,3190.85400390625,2216.40673828125,292651694
2020-09-01,3227.217041015625,3299.943115234375,3163.581787109375,3281.761474609375,2279.552490234375,216658972
2020-09-02,3290.852294921875,3327.21533203125,3263.580078125,3327.21533203125,2311.12451171875,117619091
2020-09-03,3327.21533203125,3354.487548828125,3227.217041015625,3254.4892578125,2260.608642578125,197577052
2020-09-04,3281.761474609375,3281.761474609375,3163.581787109375,3227.217041015625,2241.6650390625,148013826
2020-09-07,3227.217041015625,3245.3984375,3181.76318359375,3190.85400390625,2216.40673828125,104297421
2020-09-08,3190.85400390625,3245.3984375,3190.85400390625,3199.94482421875,2222.7216796875,89521636
2020-09-09,3163.581787109375,3172.67236328125,3072.67431640625,3099.946533203125,2153.26123046875,196282440
2020-09-10,2999.9482421875,2999.9482421875,2890.859130859375,2890.859130859375,2008.026611328125,305637969
2020-09-11,2745.4072265625,3009.038818359375,2736.31640625,2954.494384765625,2052.228515625,641858446
2020-09-14,2999.9482421875,3136.3095703125,2999.9482421875,3127.21875,2172.204833984375,303482811
2020-09-15,3127.21875,3145.400146484375,3009.038818359375,3027.220458984375,2102.7451171875,215087925
2020-09-16,3063.58349609375,3081.764892578125,2945.403564453125,2963.585205078125,2058.543212890625,152384862
2020-09-17,2972.676025390625,3009.038818359375,2881.768310546875,2909.040771484375,2020.65576171875,184375724
2020-09-18,2909.040771484375,2972.676025390625,2899.949951171875,2927.22216796875,2033.2847900390625,223172404
2020-09-21,2909.040771484375,2954.494384765625,2863.5869140625,2899.949951171875,2014.341552734375,125587849
2020-09-22,2827.223876953125,2899.949951171875,2818.133056640625,2845.405517578125,1976.4542236328125,148046607
2020-09-23,2881.768310546875,2890.859130859375,2772.679443359375,2799.95166015625,1944.8812255859375,132670981
2020-09-24,2754.497802734375,2799.95166015625,2736.31640625,2754.497802734375,1913.3084716796875,180569548
2020-09-25,2781.77001953125,2890.859130859375,2763.588623046875,2872.677734375,1995.3974609375,186363128
2020-09-28,2890.859130859375,2936.31298828125,2799.95166015625,2809.04248046875,1951.1956787109375,149014953
2020-09-29,2836.314697265625,2872.677734375,2745.4072265625,2763.588623046875,1919.623046875,200970281
2020-09-30,2781.77001953125,2799.95166015625,2727.2255859375,2763.588623046875,1919.623046875,184622458
2020-10-01,2809.04248046875,2881.768310546875,2781.77001953125,2872.677734375,1995.3974609375,143036570
2020-10-02,2890.859130859375,2918.13134765625,2781.77001953125,2818.133056640625,1957.51025390625,172772944
2020-10-05,2872.677734375,2881.768310546875,2827.223876953125,2872.677734375,1995.3974609375,101996951
2020-10-06,2927.22216796875,2945.403564453125,2890.859130859375,2899.949951171875,2014.341552734375,132900775
2020-10-07,2872.677734375,2881.768310546875,2799.95166015625,2836.314697265625,1970.139404296875,317619596
2020-10-08,2863.5869140625,2881.768310546875,2827.223876953125,2863.5869140625,1989.0828857421875,136318754
2020-10-09,2863.5869140625,2881.768310546875,2836.314697265625,2863.5869140625,1989.0828857421875,89241681
2020-10-12,2872.677734375,2918.13134765625,2863.5869140625,2899.949951171875,2014.341552734375,172174643
2020-10-13,2899.949951171875,2999.9482421875,2863.5869140625,2981.7666015625,2071.17236328125,224885904
2020-10-14,2999.9482421875,3072.67431640625,2990.857421875,3054.49267578125,2121.6884765625,213271353
2020-10-15,3054.49267578125,3072.67431640625,3009.038818359375,3009.038818359375,2090.11572265625,201627762
2020-10-16,3036.311279296875,3054.49267578125,2918.13134765625,2954.494384765625,2052.228515625,154490628
2020-10-19,2963.585205078125,2990.857421875,2936.31298828125,2981.7666015625,2071.17236328125,105821057
2020-10-20,2981.7666015625,2990.857421875,2918.13134765625,2954.494384765625,2052.228515625,147444676
2020-10-21,2981.7666015625,3009.038818359375,2936.31298828125,2945.403564453125,2045.9136962890625,128682202
2020-10-22,2927.22216796875,2999.9482421875,2909.040771484375,2999.9482421875,2083.80126953125,176153302
2020-10-23,3045.40185546875,3045.40185546875,2972.676025390625,2990.857421875,2077.48681640625,128973377
2020-10-26,2999.9482421875,3054.49267578125,2990.857421875,3036.311279296875,2109.0595703125,111346673
2020-10-27,3036.311279296875,3090.855712890625,3027.220458984375,3054.49267578125,2121.6884765625,201640192
2020-11-02,3054.49267578125,3081.764892578125,2999.9482421875,3072.67431640625,2134.31787109375,172465378
2020-11-03,3081.764892578125,3090.855712890625,3054.49267578125,3072.67431640625,2134.31787109375,133604017
2020-11-04,3109.037109375,3109.037109375,2990.857421875,2990.857421875,2077.48681640625,152055736
2020-11-05,3063.58349609375,3172.67236328125,3054.49267578125,3172.67236328125,2203.77783203125,258276321
2020-11-06,3190.85400390625,3272.670654296875,3154.490966796875,3236.3076171875,2247.979248046875,295649686
2020-11-09,3345.396728515625,3354.487548828125,3254.4892578125,3354.487548828125,2330.069091796875,283205831
2020-11-10,3454.48583984375,3645.3916015625,3427.213623046875,3636.30078125,2525.8193359375,622129055
2020-11-11,3609.028564453125,3809.025146484375,3590.84716796875,3745.389892578125,2601.594482421875,392814584
2020-11-12,3727.208251953125,3727.208251953125,3563.57470703125,3590.84716796875,2494.246826171875,366633582
2020-11-13,3609.028564453125,3709.02685546875,3599.937744140625,3636.30078125,2525.8193359375,261115910
2020-11-16,3681.754638671875,3699.93603515625,3572.66552734375,3599.937744140625,2500.561279296875,212327977
2020-11-17,3636.30078125,3654.482421875,3572.66552734375,3599.937744140625,2500.561279296875,198939646
2020-11-18,3618.119384765625,3681.754638671875,3609.028564453125,3672.663818359375,2551.07763671875,200926500
2020-11-19,3645.3916015625,3754.480712890625,3618.119384765625,3672.663818359375,2551.07763671875,219674674
2020-11-20,3672.663818359375,3709.02685546875,3627.2099609375,3654.482421875,2538.448974609375,137266310
2020-11-23,3645.3916015625,3727.208251953125,3645.3916015625,3709.02685546875,2576.336181640625,135864336
2020-11-24,3745.389892578125,3845.38818359375,3709.02685546875,3818.115966796875,2652.110595703125,226784757
2020-11-25,3927.204833984375,3990.840087890625,3863.569580078125,3927.204833984375,2727.884765625,311676963
2020-11-26,3836.29736328125,3927.204833984375,3836.29736328125,3899.9326171875,2708.941650390625,150181303
2020-11-27,3936.295654296875,3972.65869140625,3881.751220703125,3881.751220703125,2696.312744140625,126437063
2020-11-30,3863.569580078125,3890.841796875,3627.2099609375,3718.11767578125,2582.650634765625,493687757
2020-12-01,3754.480712890625,3872.660400390625,3699.93603515625,3854.478759765625,2677.36865234375,251258199
2020-12-02,3927.204833984375,3945.386474609375,3863.569580078125,3909.0234375,2715.256103515625,149985830
2020-12-03,3954.47705078125,3999.930908203125,3909.0234375,3999.930908203125,2778.401611328125,218887830
2020-12-04,3999.930908203125,3999.930908203125,3881.751220703125,3909.0234375,2715.256103515625,165420527
2020-12-07,3954.47705078125,4018.1123046875,3954.47705078125,3999.930908203125,2778.401611328125,154937236
2020-12-08,3999.930908203125,3999.930908203125,3945.386474609375,3999.930908203125,2778.401611328125,89400744
2020-12-10,4045.384765625,4045.384765625,3936.295654296875,3936.295654296875,2734.19970703125,212997338
2020-12-11,3999.930908203125,3999.930908203125,3872.660400390625,3890.841796875,2702.626953125,191894904
2020-12-14,3909.0234375,3918.1142578125,3881.751220703125,3890.841796875,2702.626953125,140126140
2020-12-15,3890.841796875,3899.9326171875,3854.478759765625,3890.841796875,2702.626953125,147085740
2020-12-16,3945.386474609375,3954.47705078125,3909.0234375,3927.204833984375,2727.884765625,143051750
2020-12-17,3963.56787109375,3963.56787109375,3918.1142578125,3936.295654296875,2734.19970703125,155902502
2020-12-18,3881.751220703125,3909.0234375,3881.751220703125,3890.841796875,2702.626953125,228155710
2020-12-21,3936.295654296875,3945.386474609375,3827.20654296875,3827.20654296875,2658.42529296875,240869950
2020-12-22,3854.478759765625,3890.841796875,3745.389892578125,3754.480712890625,2607.908935546875,188635658
2020-12-23,3772.662109375,3799.934326171875,3590.84716796875,3781.7529296875,2626.8525390625,187175822
2020-12-28,3863.569580078125,3872.660400390625,3781.7529296875,3863.569580078125,2683.683349609375,94730336
2020-12-29,3863.569580078125,3890.841796875,3790.843505859375,3799.934326171875,2639.4814453125,82725388
2020-12-30,3809.025146484375,3827.20654296875,3754.480712890625,3790.843505859375,2633.1669921875,99024700
2021-01-04,3772.662109375,3927.204833984375,3772.662109375,3918.1142578125,2721.57080078125,106226854
2021-01-05,3909.0234375,3909.0234375,3854.478759765625,3881.751220703125,2696.312744140625,106964857
2021-01-06,3890.841796875,3909.0234375,3781.7529296875,3818.115966796875,2652.110595703125,128299616
2021-01-07,3872.660400390625,3899.9326171875,3827.20654296875,3890.841796875,2702.626953125,141798389
2021-01-08,3936.295654296875,3990.840087890625,3909.0234375,3990.840087890625,2772.0869140625,205011531
2021-01-11,4018.1123046875,4236.29052734375,4009.021728515625,4227.19970703125,2936.265625,422093240
2021-01-12,4254.47216796875,4336.28857421875,4245.38134765625,4290.8349609375,2980.46728515625,260390447
2021-01-13,4336.28857421875,4399.923828125,4318.107421875,4354.47021484375,3024.669189453125,231181533
2021-01-14,4381.74267578125,4390.8330078125,4290.8349609375,4336.28857421875,3012.03955078125,146980798
2021-01-15,4336.28857421875,4336.28857421875,4136.2919921875,4163.564453125,2892.063720703125,225189839
2021-01-18,4163.564453125,4227.19970703125,4127.20166015625,4199.92724609375,2917.321533203125,182568723
2021-01-19,4272.6533203125,4272.6533203125,4190.8369140625,4199.92724609375,2917.321533203125,152430182
2021-01-20,4245.38134765625,4472.64990234375,4227.19970703125,4445.3779296875,3087.814697265625,277723446
2021-01-21,4472.64990234375,4499.92236328125,4336.28857421875,4354.47021484375,3024.669189453125,177275431
2021-01-22,4418.10546875,4418.10546875,4254.47216796875,4290.8349609375,2980.46728515625,183332136
2021-01-25,4354.47021484375,4354.47021484375,4190.8369140625,4345.37939453125,3018.3544921875,165278734
2021-01-26,4345.37939453125,4354.47021484375,4199.92724609375,4227.19970703125,2936.265625,163850580
2021-01-27,4227.19970703125,4290.8349609375,4090.83837890625,4199.92724609375,2917.321533203125,198692361
2021-01-28,4163.564453125,4227.19970703125,4018.1123046875,4063.566162109375,2822.603271484375,176270344
2021-01-29,4154.4736328125,4190.8369140625,3799.934326171875,3799.934326171875,2639.4814453125,308226863
2021-02-01,3799.934326171875,4036.2939453125,3599.937744140625,3999.930908203125,2778.401611328125,355113743
2021-02-02,4081.74755859375,4081.74755859375,3872.660400390625,3963.56787109375,2753.1435546875,167527833
2021-02-03,4072.656982421875,4072.656982421875,3963.56787109375,3981.74951171875,2765.772705078125,124241205
2021-02-04,4045.384765625,4163.564453125,3972.65869140625,4081.74755859375,2835.232421875,162519997
2021-02-05,4127.20166015625,4127.20166015625,4018.1123046875,4063.566162109375,2822.603271484375,99005120
2021-02-08,4118.11083984375,4118.11083984375,4045.384765625,4054.475341796875,2816.289306640625,120218986
2021-02-09,4090.83837890625,4336.28857421875,4090.83837890625,4199.92724609375,2917.321533203125,464366860
2021-02-10,4209.01806640625,4281.744140625,4181.74609375,4227.19970703125,2936.265625,202155881
2021-02-11,4272.6533203125,4281.744140625,4209.01806640625,4254.47216796875,2955.209228515625,99681961
2021-02-15,4281.744140625,4345.37939453125,4272.6533203125,4281.744140625,2974.15283203125,93158189
2021-02-16,4309.0166015625,4309.0166015625,4236.29052734375,4245.38134765625,2948.894775390625,71623667
2021-02-17,4281.744140625,4299.92578125,4199.92724609375,4209.01806640625,2923.63623046875,101529553
2021-02-18,4272.6533203125,4336.28857421875,4227.19970703125,4245.38134765625,2948.894775390625,152089286
2021-02-19,4181.74609375,4354.47021484375,4181.74609375,4354.47021484375,3024.669189453125,109884637
2021-02-22,4409.0146484375,4427.1962890625,4327.19775390625,4354.47021484375,3024.669189453125,157619632
2021-02-23,4372.65185546875,4390.8330078125,4309.0166015625,4354.47021484375,3024.669189453125,107810772
2021-02-24,4354.47021484375,4381.74267578125,4281.744140625,4299.92578125,2986.78173828125,105582023
2021-02-25,4336.28857421875,4336.28857421875,4245.38134765625,4299.92578125,2986.78173828125,131635423
2021-02-26,4299.92578125,4318.107421875,4272.6533203125,4281.744140625,2974.15283203125,161796404
2021-03-01,4363.56103515625,4390.8330078125,4290.8349609375,4390.8330078125,3049.927001953125,127020403
2021-03-02,4427.1962890625,4436.287109375,4363.56103515625,4363.56103515625,3030.98388671875,75195758
2021-03-03,4363.56103515625,4409.0146484375,4309.0166015625,4409.0146484375,3062.556396484375,85026738
2021-03-04,4409.0146484375,4409.0146484375,4299.92578125,4327.19775390625,3005.7255859375,117897176
2021-03-05,4309.0166015625,4336.28857421875,4272.6533203125,4336.28857421875,3012.03955078125,71188389
2021-03-08,4363.56103515625,4381.74267578125,4299.92578125,4299.92578125,2986.78173828125,69917647
2021-03-09,4318.107421875,4318.107421875,4145.3828125,4163.564453125,2892.063720703125,165527119
2021-03-10,4227.19970703125,4236.29052734375,4172.6552734375,4209.01806640625,2923.63623046875,77405916
2021-03-12,4263.5625,4263.5625,4127.20166015625,4163.564453125,2892.063720703125,152360111
2021-03-15,4163.564453125,4209.01806640625,4145.3828125,4154.4736328125,2885.749267578125,95483079
2021-03-16,4236.29052734375,4336.28857421875,4190.8369140625,4290.8349609375,2980.46728515625,151028868
2021-03-17,4254.47216796875,4272.6533203125,4181.74609375,4245.38134765625,2948.894775390625,116245827
2021-03-18,4281.744140625,4336.28857421875,4263.5625,4327.19775390625,3005.7255859375,95635541
2021-03-19,4318.107421875,4318.107421875,4245.38134765625,4245.38134765625,2948.894775390625,166398004
2021-03-22,4272.6533203125,4272.6533203125,4199.92724609375,4209.01806640625,2923.63623046875,67100278
2021-03-23,4290.8349609375,4290.8349609375,4227.19970703125,4245.38134765625,2948.894775390625,115036356
2021-03-24,4299.92578125,4299.92578125,4227.19970703125,4245.38134765625,2948.894775390625,120514341
2021-03-25,4272.6533203125,4272.6533203125,4163.564453125,4199.92724609375,2917.321533203125,95145043
2021-03-26,4209.01806640625,4290.8349609375,4199.92724609375,4290.8349609375,2980.46728515625,106978057
2021-03-29,4345.37939453125,4345.37939453125,4290.8349609375,4290.8349609375,2980.46728515625,106807554
2021-03-30,4272.6533203125,4272.6533203125,4072.656982421875,4090.83837890625,2841.547119140625,214898061
2021-03-31,4045.384765625,4072.656982421875,3872.660400390625,3999.930908203125,2778.401611328125,323139711
2021-04-01,3954.47705078125,3972.65869140625,3827.20654296875,3899.9326171875,2708.941650390625,340183845
2021-04-05,3927.204833984375,3936.295654296875,3781.7529296875,3818.115966796875,2652.110595703125,345533898
2021-04-06,3790.843505859375,3845.38818359375,3772.662109375,3818.115966796875,2716.071533203125,167319270
2021-04-07,3845.38818359375,3854.478759765625,3781.7529296875,3818.115966796875,2716.071533203125,116953800
2021-04-08,3863.569580078125,3963.56787109375,3845.38818359375,3954.47705078125,2813.073974609375,158572578
2021-04-09,3981.74951171875,3999.930908203125,3954.47705078125,3954.47705078125,2813.073974609375,125277643
2021-04-12,3990.840087890625,3990.840087890625,3818.115966796875,3827.20654296875,2722.5380859375,115119078
2021-04-13,3827.20654296875,3872.660400390625,3745.389892578125,3781.7529296875,2690.2041015625,120186645
2021-04-14,3890.841796875,3954.47705078125,3836.29736328125,3954.47705078125,2813.073974609375,113531640
2021-04-15,3990.840087890625,4009.021728515625,3890.841796875,4009.021728515625,2851.875,86272180
2021-04-16,4045.384765625,4054.475341796875,3918.1142578125,3945.386474609375,2806.60693359375,74495706
2021-04-19,3963.56787109375,3981.74951171875,3918.1142578125,3981.74951171875,2832.474609375,62185614
2021-04-20,3899.9326171875,3936.295654296875,3836.29736328125,3918.1142578125,2787.20654296875,98216076
2021-04-21,3854.478759765625,3899.9326171875,3845.38818359375,3845.38818359375,2735.471923828125,51954007
2021-04-22,3845.38818359375,3872.660400390625,3818.115966796875,3818.115966796875,2716.071533203125,118813822
2021-04-23,3818.115966796875,3890.841796875,3809.025146484375,3863.569580078125,2748.405517578125,120513461
2021-04-26,3854.478759765625,3863.569580078125,3754.480712890625,3763.5712890625,2677.2705078125,157367288
2021-04-27,3818.115966796875,3818.115966796875,3772.662109375,3790.843505859375,2696.6708984375,146082083
2021-04-28,3790.843505859375,3836.29736328125,3754.480712890625,3754.480712890625,2670.8037109375,126586116
2021-04-29,3809.025146484375,3818.115966796875,3763.5712890625,3781.7529296875,2690.2041015625,124711354
2021-04-30,3772.662109375,3781.7529296875,3681.754638671875,3681.754638671875,2619.06884765625,257497837
2021-05-03,3690.845458984375,3699.93603515625,3636.30078125,3645.3916015625,2593.201171875,124235705
2021-05-04,3654.482421875,3699.93603515625,3645.3916015625,3690.845458984375,2625.53564453125,84287635
2021-05-05,3736.299072265625,3754.480712890625,3709.02685546875,3718.11767578125,2644.936279296875,117321536
2021-05-06,3754.480712890625,3754.480712890625,3699.93603515625,3736.299072265625,2657.869873046875,86226199
2021-05-07,3763.5712890625,3763.5712890625,3672.663818359375,3681.754638671875,2619.06884765625,83358229
2021-05-10,3681.754638671875,3718.11767578125,3681.754638671875,3681.754638671875,2619.06884765625,81377755
2021-05-11,3663.572998046875,3672.663818359375,3618.119384765625,3627.2099609375,2580.267578125,167031505
2021-05-17,3599.937744140625,3636.30078125,3545.393310546875,3545.393310546875,2522.066162109375,214824800
2021-05-18,3599.937744140625,3599.937744140625,3536.302490234375,3545.393310546875,2522.066162109375,127276708
2021-05-19,3499.939453125,3581.75634765625,3499.939453125,3518.12109375,2502.666015625,135307947
2021-05-20,3490.848876953125,3572.66552734375,3472.667236328125,3527.2119140625,2509.1328125,164832677
2021-05-21,3563.57470703125,3590.84716796875,3509.0302734375,3536.302490234375,2515.599365234375,121124632
2021-05-24,3609.028564453125,3690.845458984375,3554.484130859375,3672.663818359375,2612.60205078125,147190132
2021-05-25,3699.93603515625,3763.5712890625,3672.663818359375,3690.845458984375,2625.53564453125,168676803
2021-05-27,3763.5712890625,3809.025146484375,3590.84716796875,3590.84716796875,2554.400390625,622692705
2021-05-28,3672.663818359375,3790.843505859375,3654.482421875,3699.93603515625,2632.002685546875,274099434
2021-05-31,3754.480712890625,3890.841796875,3736.299072265625,3872.660400390625,2754.872314453125,326538660
2021-06-02,3954.47705078125,3981.74951171875,3845.38818359375,3872.660400390625,2754.872314453125,312257333
2021-06-03,3881.751220703125,3963.56787109375,3836.29736328125,3963.56787109375,2819.540771484375,173444725
2021-06-04,3981.74951171875,3990.840087890625,3899.9326171875,3945.386474609375,2806.60693359375,138144236
2021-06-07,3945.386474609375,3954.47705078125,3827.20654296875,3863.569580078125,2748.405517578125,152755788
2021-06-08,3890.841796875,3890.841796875,3809.025146484375,3818.115966796875,2716.071533203125,108888570
2021-06-09,3727.208251953125,3881.751220703125,3727.208251953125,3836.29736328125,2729.0048828125,107433795
2021-06-10,3890.841796875,3927.204833984375,3872.660400390625,3909.0234375,2780.73974609375,106984877
2021-06-11,3954.47705078125,3954.47705078125,3890.841796875,3890.841796875,2767.805908203125,57809408
2021-06-14,3936.295654296875,3954.47705078125,3890.841796875,3954.47705078125,2813.073974609375,133363443
2021-06-15,3954.47705078125,3954.47705078125,3827.20654296875,3845.38818359375,2735.471923828125,200713646
2021-06-16,3772.662109375,3790.843505859375,3645.3916015625,3645.3916015625,2593.201171875,481002668
2021-06-17,3618.119384765625,3699.93603515625,3572.66552734375,3663.572998046875,2606.135009765625,336253477
2021-06-18,3690.845458984375,3690.845458984375,3554.484130859375,3554.484130859375,2528.533447265625,325605954
2021-06-21,3527.2119140625,3609.028564453125,3509.0302734375,3581.75634765625,2547.93359375,159544775
2021-06-22,3581.75634765625,3699.93603515625,3563.57470703125,3672.663818359375,2612.60205078125,132832794
2021-06-23,3681.754638671875,3699.93603515625,3581.75634765625,3581.75634765625,2547.93359375,178751767
2021-06-24,3636.30078125,3645.3916015625,3599.937744140625,3627.2099609375,2580.267578125,55421157
2021-06-25,3663.572998046875,3672.663818359375,3627.2099609375,3627.2099609375,2580.267578125,83150216
2021-06-28,3618.119384765625,3627.2099609375,3572.66552734375,3572.66552734375,2541.466796875,155357663
2021-06-29,3509.0302734375,3554.484130859375,3509.0302734375,3545.393310546875,2522.066162109375,133952393
2021-06-30,3545.393310546875,3609.028564453125,3536.302490234375,3581.75634765625,2547.93359375,124133954
2021-07-01,3581.75634765625,3609.028564453125,3554.484130859375,3581.75634765625,2547.93359375,105240907
2021-07-02,3636.30078125,3663.572998046875,3609.028564453125,3627.2099609375,2580.267578125,93832940
2021-07-05,3572.66552734375,3599.937744140625,3527.2119140625,3545.393310546875,2522.066162109375,93466744
2021-07-06,3590.84716796875,3590.84716796875,3536.302490234375,3536.302490234375,2515.599365234375,60849751
2021-07-07,3563.57470703125,3581.75634765625,3463.576416015625,3472.667236328125,2470.33154296875,163599005
2021-07-08,3536.302490234375,3545.393310546875,3472.667236328125,3518.12109375,2502.666015625,162349164
2021-07-09,3509.0302734375,3518.12109375,3436.30419921875,3454.48583984375,2457.397705078125,140611578
2021-07-12,3454.48583984375,3472.667236328125,3409.031982421875,3418.122802734375,2431.53076171875,131702194
2021-07-13,3454.48583984375,3454.48583984375,3418.122802734375,3436.30419921875,2444.46435546875,175683484
2021-07-14,3436.30419921875,3454.48583984375,3363.578369140625,3372.6689453125,2399.1962890625,115704508
2021-07-15,3409.031982421875,3490.848876953125,3390.8505859375,3463.576416015625,2463.86474609375,139855425
2021-07-16,3499.939453125,3509.0302734375,3463.576416015625,3490.848876953125,2483.265380859375,108336691
2021-07-19,3499.939453125,3499.939453125,3436.30419921875,3436.30419921875,2444.46435546875,69326497
2021-07-21,3499.939453125,3527.2119140625,3463.576416015625,3472.667236328125,2470.33154296875,111008747
2021-07-22,3518.12109375,3554.484130859375,3490.848876953125,3545.393310546875,2522.066162109375,93842180
2021-07-23,3581.75634765625,3590.84716796875,3481.758056640625,3518.12109375,2502.666015625,95960267
2021-07-26,3545.393310546875,3545.393310546875,3472.667236328125,3481.758056640625,2476.79833984375,90198037
2021-07-27,3509.0302734375,3509.0302734375,3427.213623046875,3454.48583984375,2457.397705078125,99741692
2021-07-28,3454.48583984375,3463.576416015625,3381.759765625,3390.8505859375,2412.130126953125,77777283
2021-07-29,3418.122802734375,3490.848876953125,3409.031982421875,3427.213623046875,2437.997314453125,102817895
2021-07-30,3481.758056640625,3481.758056640625,3372.6689453125,3372.6689453125,2399.1962890625,113633172
2021-08-02,3427.213623046875,3427.213623046875,3363.578369140625,3399.941162109375,2418.596923828125,105807637
2021-08-03,3399.941162109375,3436.30419921875,3381.759765625,3409.031982421875,2425.063720703125,87862477
2021-08-04,3445.39501953125,3499.939453125,3427.213623046875,3499.939453125,2489.732177734375,91847406
2021-08-05,3545.393310546875,3718.11767578125,3545.393310546875,3681.754638671875,2619.06884765625,294149590
2021-08-06,3681.754638671875,3690.845458984375,3545.393310546875,3572.66552734375,2541.466796875,152456913
2021-08-09,3581.75634765625,3590.84716796875,3472.667236328125,3499.939453125,2489.732177734375,102404178
2021-08-10,3536.302490234375,3536.302490234375,3463.576416015625,3472.667236328125,2470.33154296875,94349949
2021-08-12,3499.939453125,3499.939453125,3454.48583984375,3463.576416015625,2463.86474609375,94464021
2021-08-13,3472.667236328125,3527.2119140625,3472.667236328125,3518.12109375,2502.666015625,104829940
2021-08-16,3518.12109375,3572.66552734375,3490.848876953125,3572.66552734375,2541.466796875,70083530
2021-08-18,3627.2099609375,3718.11767578125,3572.66552734375,3699.93603515625,2632.002685546875,247351372
2021-08-19,3636.30078125,3654.482421875,3509.0302734375,3527.2119140625,2509.1328125,218214729
2021-08-20,3527.2119140625,3581.75634765625,3481.758056640625,3572.66552734375,2541.466796875,88330535
2021-08-23,3618.119384765625,3627.2099609375,3572.66552734375,3599.937744140625,2560.867431640625,68133856
2021-08-24,3590.84716796875,3599.937744140625,3481.758056640625,3536.302490234375,2515.599365234375,150882016
2021-08-25,3499.939453125,3545.393310546875,3499.939453125,3536.302490234375,2515.599365234375,86571495
2021-08-26,3536.302490234375,3545.393310546875,3490.848876953125,3518.12109375,2502.666015625,69144334
2021-08-27,3536.302490234375,3536.302490234375,3481.758056640625,3490.848876953125,2483.265380859375,79498923
2021-08-30,3499.939453125,3581.75634765625,3490.848876953125,3581.75634765625,2547.93359375,128539860
2021-08-31,3581.75634765625,3590.84716796875,3518.12109375,3572.66552734375,2541.466796875,134879489
2021-09-01,3572.66552734375,3572.66552734375,3527.2119140625,3536.302490234375,2515.599365234375,97691477
2021-09-02,3509.0302734375,3536.302490234375,3490.848876953125,3518.12109375,2502.666015625,81242343
2021-09-03,3499.939453125,3572.66552734375,3463.576416015625,3572.66552734375,2541.466796875,165056860
2021-09-06,3590.84716796875,3618.119384765625,3499.939453125,3499.939453125,2489.732177734375,188929693
2021-09-07,3536.302490234375,3563.57470703125,3518.12109375,3554.484130859375,2528.533447265625,140380354
2021-09-08,3820.0,3880.0,3720.0,3730.0,2653.388916015625,228087900
2021-09-09,3700.0,3770.0,3650.0,3730.0,2653.388916015625,306319600
2021-09-10,3710.0,3790.0,3670.0,3780.0,2688.956787109375,177033000
2021-09-13,3710.0,3750.0,3660.0,3700.0,2632.0478515625,169825000
2021-09-14,3720.0,3730.0,3660.0,3700.0,2632.0478515625,216363400
2021-09-15,3670.0,3670.0,3620.0,3660.0,2603.593505859375,263544000
2021-09-16,3650.0,3660.0,3610.0,3640.0,2589.3662109375,194782800
2021-09-17,3630.0,3640.0,3570.0,3610.0,2568.025146484375,346529100
2021-09-20,3590.0,3590.0,3510.0,3590.0,2553.798095703125,357971300
2021-09-21,3510.0,3580.0,3500.0,3570.0,2539.570556640625,410533900
2021-09-22,3520.0,3650.0,3520.0,3610.0,2568.025146484375,416087300
2021-09-23,3600.0,3770.0,3590.0,3770.0,2681.84326171875,432390800
2021-09-24,3790.0,3860.0,3770.0,3820.0,2717.411865234375,634549600
2021-09-27,3770.0,3800.0,3730.0,3750.0,2667.6162109375,380151200
2021-09-28,3770.0,3770.0,3690.0,3720.0,2646.275146484375,306827400
2021-09-29,3720.0,3750.0,3690.0,3740.0,2660.50244140625,143081800
2021-09-30,3760.0,3870.0,3750.0,3850.0,2738.7529296875,416099000
2021-10-01,3850.0,3920.0,3830.0,3900.0,2774.32080078125,359864700
2021-10-04,3900.0,4010.0,3890.0,3970.0,2824.1162109375,335762600
2021-10-05,3950.0,3980.0,3910.0,3930.0,2795.661376953125,236562700
2021-10-06,3920.0,4150.0,3920.0,4120.0,2930.82080078125,446708800
2021-10-07,4150.0,4170.0,4070.0,4120.0,2930.82080078125,264905400
2021-10-08,4190.0,4240.0,4130.0,4160.0,2959.275634765625,196631600
2021-10-11,4160.0,4200.0,4130.0,4180.0,2973.502685546875,146720100
2021-10-12,4180.0,4240.0,4180.0,4220.0,3001.957763671875,241196000
2021-10-13,4230.0,4300.0,4220.0,4280.0,3044.6396484375,264629400
2021-10-14,4280.0,4350.0,4230.0,4250.0,3023.29833984375,196989500
2021-10-15,4250.0,4330.0,4220.0,4320.0,3073.09375,318189600
2021-10-18,4350.0,4410.0,4340.0,4410.0,3137.11669921875,286829000
2021-10-19,4450.0,4450.0,4360.0,4400.0,3130.0029296875,161256300
2021-10-21,4450.0,4460.0,4320.0,4360.0,3101.548583984375,319230200
2021-10-22,4340.0,4400.0,4320.0,4400.0,3130.0029296875,160459300
2021-10-25,4330.0,4370.0,4300.0,4300.0,3058.866455078125,128240100
2021-10-26,4280.0,4370.0,4270.0,4350.0,3094.4345703125,108782400
2021-10-27,4330.0,4340.0,4260.0,4290.0,3051.752685546875,258038300
2021-10-28,4210.0,4300.0,4200.0,4240.0,3016.1845703125,159645200
2021-10-29,4300.0,4300.0,4220.0,4250.0,3023.29833984375,155011100
2021-11-01,4330.0,4330.0,4220.0,4230.0,3009.070556640625,102079300
2021-11-02,4270.0,4270.0,4210.0,4210.0,2994.843505859375,124799700
2021-11-03,4250.0,4300.0,4210.0,4290.0,3051.752685546875,100486300
2021-11-04,4330.0,4340.0,4250.0,4250.0,3023.29833984375,119591100
2021-11-05,4270.0,4270.0,4210.0,4240.0,3016.1845703125,74347000
2021-11-08,4250.0,4260.0,4220.0,4230.0,3009.070556640625,79465600
2021-11-09,4230.0,4250.0,4220.0,4250.0,3023.29833984375,92453200
2021-11-10,4230.0,4260.0,4210.0,4250.0,3023.29833984375,69475400
2021-11-11,4290.0,4300.0,4230.0,4250.0,3023.29833984375,149637700
2021-11-12,4270.0,4290.0,4210.0,4220.0,3001.957763671875,80234400
2021-11-15,4220.0,4220.0,4140.0,4160.0,2959.275634765625,220142300
2021-11-16,4120.0,4170.0,4120.0,4130.0,2937.93505859375,163555000
2021-11-17,4170.0,4200.0,4160.0,4200.0,2987.730224609375,126523700
2021-11-18,4150.0,4190.0,4140.0,4180.0,2973.502685546875,114881200
2021-11-19,4220.0,4290.0,4220.0,4280.0,3044.6396484375,182167700
2021-11-22,4310.0,4310.0,4250.0,4280.0,3044.6396484375,151514000
2021-11-23,4280.0,4280.0,4200.0,4210.0,2994.843505859375,104294200
2021-11-24,4200.0,4230.0,4190.0,4210.0,2994.843505859375,111072800
2021-11-25,4180.0,4250.0,4180.0,4220.0,3001.957763671875,123609400
2021-11-26,4190.0,4220.0,4150.0,4160.0,2959.275634765625,148652500
2021-11-29,4150.0,4190.0,4080.0,4170.0,2966.388916015625,164312800
2021-11-30,4150.0,4220.0,4090.0,4090.0,2909.480224609375,316653200
2021-12-01,4090.0,4180.0,4070.0,4080.0,2902.366455078125,163457900
2021-12-02,4060.0,4220.0,4060.0,4200.0,2987.730224609375,139281800
2021-12-03,4210.0,4220.0,4170.0,4170.0,2966.388916015625,93227100
2021-12-06,4200.0,4220.0,4110.0,4110.0,2923.70751953125,106610000
2021-12-07,4190.0,4230.0,4160.0,4230.0,3009.070556640625,182048000
2021-12-08,4250.0,4250.0,4170.0,4210.0,2994.843505859375,143230200
2021-12-09,4220.0,4220.0,4160.0,4190.0,2980.616455078125,90471500
2021-12-10,4130.0,4160.0,4130.0,4130.0,2937.93505859375,122999200
2021-12-13,4170.0,4200.0,4160.0,4160.0,2959.275634765625,86848900
2021-12-14,4150.0,4160.0,4130.0,4130.0,2937.93505859375,100110000
2021-12-15,4150.0,4230.0,4140.0,4200.0,2987.730224609375,124522800
2021-12-16,4220.0,4220.0,4120.0,4140.0,2945.048095703125,136646600
2021-12-17,4090.0,4140.0,4090.0,4110.0,2923.70751953125,153165400
2021-12-20,4070.0,4130.0,4060.0,4120.0,2930.82080078125,89198900
2021-12-21,4100.0,4120.0,4080.0,4080.0,2902.366455078125,109561800
2021-12-22,4100.0,4110.0,4050.0,4050.0,2881.02587890625,104738000
2021-12-23,4090.0,4110.0,4060.0,4100.0,2916.59375,72736800
2021-12-24,4100.0,4120.0,4050.0,4070.0,2895.2529296875,59795000
2021-12-27,4070.0,4110.0,4060.0,4060.0,2888.13916015625,65491200
2021-12-28,4090.0,4110.0,4070.0,4090.0,2909.480224609375,52952500
2021-12-29,4090.0,4100.0,4070.0,4080.0,2902.366455078125,27676500
2021-12-30,4080.0,4140.0,4060.0,4110.0,2923.70751953125,146989400
2022-01-03,4120.0,4190.0,4090.0,4180.0,2973.502685546875,90842500
2022-01-04,4200.0,4210.0,4160.0,4160.0,2959.275634765625,93950000
2022-01-05,4180.0,4230.0,4130.0,4210.0,2994.843505859375,174376400
2022-01-06,4240.0,4240.0,4140.0,4160.0,2959.275634765625,137280000
2022-01-07,4170.0,4200.0,4150.0,4190.0,2980.616455078125,101275000
2022-01-10,4190.0,4210.0,4180.0,4180.0,2973.502685546875,70722600
2022-01-11,4180.0,4180.0,4130.0,4150.0,2952.161865234375,99404900
2022-01-12,4170.0,4180.0,4130.0,4160.0,2959.275634765625,65907000
2022-01-13,4180.0,4190.0,4170.0,4190.0,2980.616455078125,103522400
2022-01-14,4190.0,4210.0,4160.0,4180.0,2973.502685546875,110213800
2022-01-17,4200.0,4210.0,4180.0,4210.0,2994.843505859375,102957100
2022-01-18,4240.0,4240.0,4140.0,4190.0,2980.616455078125,120275000
2022-01-19,4210.0,4210.0,4130.0,4130.0,2937.93505859375,109954700
2022-01-20,4130.0,4160.0,4110.0,4130.0,2937.93505859375,86394600
2022-01-21,4130.0,4170.0,4110.0,4170.0,2966.388916015625,84972500
2022-01-24,4140.0,4160.0,4100.0,4120.0,2930.82080078125,76709900
2022-01-25,4100.0,4110.0,4000.0,4070.0,2895.2529296875,185007800
2022-01-26,4030.0,4100.0,4030.0,4090.0,2909.480224609375,97589500
2022-01-27,4070.0,4140.0,4060.0,4140.0,2945.048095703125,80682900
2022-01-28,4170.0,4170.0,4090.0,4140.0,2945.048095703125,84812100
2022-01-31,4170.0,4170.0,4070.0,4070.0,2895.2529296875,78498500
2022-02-02,4120.0,4120.0,4060.0,4070.0,2895.2529296875,81546300
2022-02-03,4180.0,4180.0,4130.0,4130.0,2937.93505859375,157898800
2022-02-04,4170.0,4210.0,4150.0,4210.0,2994.843505859375,236602900
2022-02-07,4240.0,4410.0,4220.0,4400.0,3130.0029296875,468016600
2022-02-08,4450.0,4550.0,4400.0,4440.0,3158.457763671875,310878100
2022-02-09,4400.0,4500.0,4380.0,4450.0,3165.5712890625,149000100
2022-02-10,4500.0,4500.0,4450.0,4470.0,3179.799072265625,112521600
2022-02-11,4420.0,4450.0,4380.0,4450.0,3165.5712890625,103418200
2022-02-14,4450.0,4450.0,4380.0,4410.0,3137.11669921875,105260000
2022-02-15,4440.0,4450.0,4390.0,4430.0,3151.343994140625,96658500
2022-02-16,4470.0,4470.0,4410.0,4420.0,3144.230224609375,89636300
2022-02-17,4390.0,4410.0,4340.0,4400.0,3130.0029296875,118305100
2022-02-18,4400.0,4440.0,4370.0,4430.0,3151.343994140625,127058000
2022-02-21,4460.0,4490.0,4440.0,4490.0,3194.02587890625,133717300
2022-02-22,4440.0,4470.0,4420.0,4430.0,3151.343994140625,109060900
2022-02-23,4520.0,4520.0,4460.0,4480.0,3186.912109375,160827800
2022-02-24,4470.0,4470.0,4370.0,4390.0,3122.88916015625,217523600
2022-02-25,4450.0,4550.0,4410.0,4550.0,3236.70751953125,301346400
2022-03-01,4850.0,4860.0,4630.0,4630.0,3293.61669921875,494657800
2022-03-02,4680.0,4690.0,4550.0,4560.0,3243.8212890625,186635200
2022-03-04,4720.0,4730.0,4610.0,4670.0,3322.0712890625,292022600
2022-03-07,4580.0,4630.0,4520.0,4520.0,3215.366455078125,224515800
2022-03-08,4500.0,4560.0,4430.0,4430.0,3151.343994140625,214870200
2022-03-09,4530.0,4590.0,4500.0,4570.0,3250.934814453125,191967100
2022-03-10,4640.0,4640.0,4510.0,4570.0,3250.934814453125,225575800
2022-03-11,4400.0,4440.0,4370.0,4400.0,3254.0791015625,275965300
2022-03-14,4440.0,4540.0,4410.0,4520.0,3342.826904296875,212052100
2022-03-15,4550.0,4640.0,4530.0,4610.0,3409.387451171875,357755700
2022-03-16,4650.0,4660.0,4610.0,4650.0,3438.970458984375,226817000
2022-03-17,4690.0,4700.0,4610.0,4650.0,3438.970458984375,224068000
2022-03-18,4700.0,4700.0,4580.0,4580.0,3387.20068359375,257863400
2022-03-21,4600.0,4630.0,4560.0,4590.0,3394.596435546875,118791900
2022-03-22,4690.0,4710.0,4640.0,4640.0,3431.57421875,177758500
2022-03-23,4680.0,4690.0,4620.0,4650.0,3438.970458984375,146545100
2022-03-24,4640.0,4730.0,4620.0,4730.0,3498.13525390625,206271600
2022-03-25,4760.0,4760.0,4650.0,4710.0,3483.34375,137104800
2022-03-28,4730.0,4740.0,4670.0,4730.0,3498.13525390625,106801800
2022-03-29,4750.0,4750.0,4670.0,4690.0,3468.552490234375,93155100
2022-03-30,4740.0,4740.0,4690.0,4710.0,3483.34375,83364400
2022-03-31,4700.0,4750.0,4660.0,4660.0,3446.365478515625,158650000
2022-04-01,4690.0,4730.0,4630.0,4730.0,3498.13525390625,145105000
2022-04-04,4730.0,4730.0,4660.0,4700.0,3475.9482421875,103902000
2022-04-05,4730.0,4740.0,4670.0,4700.0,3475.9482421875,76154300
2022-04-06,4690.0,4690.0,4600.0,4600.0,3401.99169921875,111009800
2022-04-07,4670.0,4670.0,4620.0,4630.0,3424.1787109375,91942500
2022-04-08,4630.0,4650.0,4600.0,4610.0,3409.387451171875,125657900
2022-04-11,4600.0,4620.0,4570.0,4570.0,3379.804931640625,109861100
2022-04-12,4550.0,4610.0,4550.0,4610.0,3409.387451171875,96961200
2022-04-13,4640.0,4640.0,4590.0,4610.0,3409.387451171875,112327600
2022-04-14,4600.0,4610.0,4530.0,4540.0,3357.617919921875,150659600
2022-04-18,4550.0,4580.0,4540.0,4550.0,3365.013916015625,82795100
2022-04-19,4550.0,4600.0,4540.0,4570.0,3379.804931640625,148475600
2022-04-20,4610.0,4870.0,4600.0,4850.0,3586.8828125,404383100
2022-04-21,4850.0,4850.0,4760.0,4800.0,3549.904296875,208253300
2022-04-22,4750.0,4850.0,4720.0,4750.0,3512.9267578125,174349500
2022-04-25,4700.0,4850.0,4670.0,4840.0,3579.487060546875,235752400
2022-04-26,4840.0,4980.0,4830.0,4940.0,3653.443115234375,262734300
2022-04-27,4900.0,4930.0,4850.0,4850.0,3586.8828125,191955100
2022-04-28,4870.0,4930.0,4860.0,4870.0,3601.67431640625,193821200
2022-05-09,4750.0,4760.0,4530.0,4530.0,3350.222900390625,561600400
2022-05-10,4260.0,4530.0,4260.0,4530.0,3350.222900390625,435782800
2022-05-11,4550.0,4580.0,4480.0,4490.0,3320.640380859375,205233800
2022-05-12,4490.0,4490.0,4300.0,4320.0,3194.9140625,207373600
2022-05-13,4250.0,4360.0,4250.0,4250.0,3143.14453125,336711300
2022-05-17,4270.0,4520.0,4270.0,4450.0,3291.0576171875,272650400
2022-05-18,4500.0,4530.0,4430.0,4450.0,3291.0576171875,129716500
2022-05-19,4350.0,4460.0,4300.0,4440.0,3283.661865234375,132614900
2022-05-20,4440.0,4490.0,4410.0,4430.0,3276.266357421875,122101000
2022-05-23,4410.0,4440.0,4320.0,4330.0,3202.3095703125,175709000
2022-05-24,4320.0,4500.0,4320.0,4460.0,3298.452880859375,165758600
2022-05-25,4430.0,4450.0,4350.0,4350.0,3217.100830078125,138961700
2022-05-27,4500.0,4540.0,4440.0,4540.0,3357.617919921875,209962100
2022-05-30,4540.0,4540.0,4390.0,4430.0,3276.266357421875,193724500
2022-05-31,4470.0,4630.0,4450.0,4630.0,3424.1787109375,379626500
2022-06-02,4540.0,4600.0,4480.0,4480.0,3313.244140625,225697500
2022-06-03,4530.0,4570.0,4510.0,4520.0,3342.826904296875,117643300
2022-06-06,4470.0,4510.0,4400.0,4430.0,3276.266357421875,157277700
2022-06-07,4460.0,4460.0,4400.0,4400.0,3254.0791015625,133318000
2022-06-08,4400.0,4470.0,4380.0,4470.0,3305.84912109375,150604000
2022-06-09,4500.0,4520.0,4480.0,4490.0,3320.640380859375,161768800
2022-06-10,4470.0,4470.0,4360.0,4400.0,3254.0791015625,222410400
2022-06-13,4260.0,4350.0,4260.0,4340.0,3209.70556640625,164017200
2022-06-14,4300.0,4410.0,4300.0,4360.0,3224.496826171875,150381800
2022-06-15,4360.0,4450.0,4360.0,4450.0,3291.0576171875,160729900
2022-06-16,4420.0,4530.0,4410.0,4430.0,3276.266357421875,240023000
2022-06-17,4370.0,4400.0,4350.0,4370.0,3231.89208984375,185763100
2022-06-20,4400.0,4410.0,4340.0,4400.0,3254.0791015625,95058800
2022-06-21,4430.0,4430.0,4380.0,4380.0,3239.287841796875,103964600
2022-06-22,4410.0,4410.0,4310.0,4320.0,3194.9140625,106208500
2022-06-23,4300.0,4360.0,4300.0,4310.0,3187.5185546875,127600700
2022-06-24,4320.0,4350.0,4310.0,4340.0,3209.70556640625,66083900
2022-06-27,4310.0,4330.0,4270.0,4280.0,3165.33203125,152306100
2022-06-28,4320.0,4330.0,4280.0,4300.0,3180.122802734375,178535800
2022-06-29,4280.0,4310.0,4180.0,4180.0,3091.37548828125,228536100
2022-06-30,4120.0,4220.0,4120.0,4150.0,3069.188720703125,239939100
2022-07-01,4150.0,4200.0,4110.0,4140.0,3061.79248046875,154659500
2022-07-04,4090.0,4120.0,3960.0,4040.0,2987.836181640625,246853600
2022-07-05,4040.0,4160.0,4040.0,4090.0,3024.81494140625,180648400
2022-07-06,4050.0,4100.0,4020.0,4080.0,3017.4189453125,125309100
2022-07-07,4040.0,4110.0,4040.0,4050.0,2995.232421875,172127500
2022-07-08,4090.0,4200.0,4050.0,4200.0,3106.16650390625,112914000
2022-07-11,4150.0,4170.0,4100.0,4120.0,3047.00146484375,80867700
2022-07-12,4120.0,4140.0,4100.0,4110.0,3039.60595703125,56085200
2022-07-13,4110.0,4130.0,4030.0,4060.0,3002.627685546875,165745200
2022-07-14,4010.0,4090.0,4010.0,4070.0,3010.023193359375,188729700
2022-07-15,4060.0,4120.0,4050.0,4110.0,3039.60595703125,91362800
2022-07-18,4110.0,4140.0,4080.0,4140.0,3061.79248046875,135284500
2022-07-19,4150.0,4150.0,4110.0,4110.0,3039.60595703125,122905900
2022-07-20,4180.0,4300.0,4160.0,4300.0,3180.122802734375,220223600
2022-07-21,4300.0,4310.0,4230.0,4310.0,3187.5185546875,130405400
2022-07-22,4330.0,4330.0,4270.0,4270.0,3157.935546875,86561100
2022-07-25,4250.0,4300.0,4250.0,4250.0,3143.14453125,60952800
2022-07-26,4270.0,4350.0,4260.0,4330.0,3202.3095703125,97709800
2022-07-27,4380.0,4380.0,4300.0,4320.0,3194.9140625,88570800
2022-07-28,4340.0,4400.0,4340.0,4360.0,3224.496826171875,136421400
2022-07-29,4390.0,4430.0,4340.0,4360.0,3224.496826171875,228669400
2022-08-01,4390.0,4410.0,4330.0,4360.0,3224.496826171875,200791700
2022-08-02,4360.0,4400.0,4300.0,4400.0,3254.0791015625,173931000
2022-08-03,4410.0,4420.0,4350.0,4380.0,3239.287841796875,103412300
2022-08-04,4380.0,4390.0,4350.0,4360.0,3224.496826171875,120175700
2022-08-05,4360.0,4400.0,4320.0,4360.0,3224.496826171875,168879400
2022-08-08,4360.0,4400.0,4340.0,4370.0,3231.89208984375,107242600
2022-08-09,4400.0,4470.0,4390.0,4410.0,3261.474853515625,181747100
2022-08-10,4350.0,4370.0,4300.0,4310.0,3187.5185546875,205341100
2022-08-11,4380.0,4410.0,4340.0,4350.0,3217.100830078125,193329000
2022-08-12,4340.0,4350.0,4320.0,4320.0,3194.9140625,103916700
2022-08-15,4330.0,4350.0,4300.0,4300.0,3180.122802734375,135099400
2022-08-16,4350.0,4350.0,4270.0,4280.0,3165.33203125,205432400
2022-08-18,4330.0,4340.0,4310.0,4330.0,3202.3095703125,138795300
2022-08-19,4340.0,4340.0,4300.0,4300.0,3180.122802734375,84552100
2022-08-22,4320.0,4330.0,4270.0,4270.0,3157.935546875,121124400
2022-08-23,4260.0,4310.0,4260.0,4300.0,3180.122802734375,107799500
2022-08-24,4300.0,4330.0,4280.0,4290.0,3172.726806640625,75055900
2022-08-25,4280.0,4300.0,4270.0,4270.0,3157.935546875,117653800
2022-08-26,4280.0,4290.0,4270.0,4270.0,3157.935546875,87375200
2022-08-29,4250.0,4270.0,4220.0,4250.0,3143.14453125,88409800
2022-08-30,4250.0,4300.0,4250.0,4260.0,3150.540283203125,157219500
2022-08-31,4250.0,4350.0,4240.0,4340.0,3209.70556640625,191475700
2022-09-01,4320.0,4390.0,4310.0,4390.0,3246.68359375,139929300
2022-09-02,4410.0,4450.0,4380.0,4450.0,3291.0576171875,220616600
2022-09-05,4430.0,4600.0,4420.0,4590.0,3394.596435546875,261126600
2022-09-06,4670.0,4690.0,4550.0,4560.0,3372.409423828125,188042700
2022-09-07,4510.0,4550.0,4460.0,4460.0,3298.452880859375,231936700
2022-09-08,4480.0,4620.0,4480.0,4600.0,3401.99169921875,250373200
2022-09-09,4640.0,4640.0,4570.0,4610.0,3409.387451171875,119286700
2022-09-12,4610.0,4630.0,4560.0,4560.0,3372.409423828125,97988000
2022-09-13,4560.0,4640.0,4560.0,4580.0,3387.20068359375,141828800
2022-09-14,4520.0,4610.0,4510.0,4580.0,3387.20068359375,149960600
2022-09-15,4600.0,4700.0,4590.0,4610.0,3409.387451171875,295664100
2022-09-16,4610.0,4620.0,4500.0,4500.0,3328.03564453125,282492200
2022-09-19,4520.0,4600.0,4500.0,4570.0,3379.804931640625,134432000
2022-09-20,4570.0,4600.0,4490.0,4490.0,3320.640380859375,138695500
2022-09-21,4490.0,4550.0,4470.0,4550.0,3365.013916015625,159976900
2022-09-22,4500.0,4580.0,4500.0,4560.0,3372.409423828125,100425300
2022-09-23,4540.0,4560.0,4480.0,4480.0,3313.244140625,139074000
2022-09-26,4480.0,4540.0,4410.0,4540.0,3357.617919921875,280747500
2022-09-27,4500.0,4550.0,4480.0,4530.0,3350.222900390625,213704600
2022-09-28,4510.0,4560.0,4480.0,4520.0,3342.826904296875,161815300
2022-09-29,4520.0,4540.0,4460.0,4480.0,3313.244140625,169368600
2022-09-30,4450.0,4510.0,4410.0,4490.0,3320.640380859375,224229200
2022-10-03,4500.0,4550.0,4480.0,4530.0,3350.222900390625,159559600
2022-10-04,4560.0,4650.0,4560.0,4640.0,3431.57421875,256367100
2022-10-05,4660.0,4660.0,4540.0,4540.0,3357.617919921875,182246200
2022-10-06,4540.0,4570.0,4510.0,4510.0,3335.43115234375,123346200
2022-10-07,4480.0,4490.0,4430.0,4440.0,3283.661865234375,133678600
2022-10-10,4420.0,4430.0,4340.0,4370.0,3231.89208984375,193923600
2022-10-11,4390.0,4430.0,4370.0,4430.0,3276.266357421875,133742200
2022-10-12,4470.0,4470.0,4400.0,4400.0,3254.0791015625,128741800
2022-10-13,4390.0,4420.0,4350.0,4350.0,3217.100830078125,104269900
2022-10-14,4380.0,4390.0,4270.0,4270.0,3157.935546875,180841100
2022-10-17,4270.0,4320.0,4260.0,4300.0,3180.122802734375,145506000
2022-10-18,4280.0,4340.0,4280.0,4290.0,3172.726806640625,161444100
2022-10-19,4280.0,4340.0,4280.0,4300.0,3180.122802734375,81682300
2022-10-20,4280.0,4400.0,4280.0,4390.0,3246.68359375,149521700
2022-10-21,4360.0,4460.0,4360.0,4430.0,3276.266357421875,165052200
2022-10-24,4430.0,4540.0,4430.0,4500.0,3328.03564453125,186997700
2022-10-25,4560.0,4610.0,4550.0,4590.0,3394.596435546875,233948800
2022-10-26,4600.0,4610.0,4500.0,4530.0,3350.222900390625,178298500
2022-10-27,4550.0,4600.0,4530.0,4600.0,3401.99169921875,131385300
2022-10-28,4600.0,4630.0,4560.0,4630.0,3424.1787109375,227256400
2022-10-31,4630.0,4680.0,4630.0,4650.0,3438.970458984375,275184000
2022-11-01,4690.0,4700.0,4630.0,4660.0,3446.365478515625,230590200
2022-11-02,4680.0,4680.0,4570.0,4610.0,3409.387451171875,163816900
2022-11-03,4630.0,4660.0,4590.0,4650.0,3438.970458984375,174423000
2022-11-04,4650.0,4660.0,4610.0,4650.0,3438.970458984375,85292300
2022-11-07,4650.0,4690.0,4610.0,4690.0,3468.552490234375,112070500
2022-11-08,4690.0,4690.0,4610.0,4620.0,3416.783447265625,80916300
2022-11-09,4600.0,4650.0,4600.0,4650.0,3438.970458984375,126493900
2022-11-10,4560.0,4580.0,4520.0,4530.0,3350.222900390625,196277400
2022-11-11,4620.0,4650.0,4590.0,4650.0,3438.970458984375,153238500
2022-11-14,4620.0,4640.0,4550.0,4580.0,3387.20068359375,140187600
2022-11-15,4580.0,4610.0,4560.0,4580.0,3387.20068359375,87986300
2022-11-16,4590.0,4610.0,4490.0,4520.0,3342.826904296875,245789200
2022-11-17,4520.0,4670.0,4500.0,4670.0,3453.761474609375,214514600
2022-11-18,4670.0,4680.0,4610.0,4610.0,3409.387451171875,105313200
2022-11-21,4620.0,4630.0,4560.0,4590.0,3394.596435546875,82279300
2022-11-22,4570.0,4670.0,4570.0,4590.0,3394.596435546875,154866000
2022-11-23,4640.0,4670.0,4630.0,4670.0,3453.761474609375,147280600
2022-11-24,4700.0,4740.0,4670.0,4720.0,3490.739501953125,156735700
2022-11-25,4700.0,4750.0,4690.0,4750.0,3512.9267578125,177861100
2022-11-28,4730.0,4830.0,4730.0,4820.0,3564.695556640625,214611600
2022-11-29,4820.0,4860.0,4790.0,4850.0,3586.8828125,184916300
2022-11-30,4810.0,4980.0,4800.0,4980.0,3683.02587890625,560639800
2022-12-01,5000.0,5025.0,4900.0,4940.0,3653.443115234375,267382600
2022-12-02,4900.0,4930.0,4860.0,4890.0,3616.465087890625,199981400
2022-12-05,4910.0,4930.0,4860.0,4890.0,3616.465087890625,88463000
2022-12-06,4860.0,4890.0,4800.0,4860.0,3594.278076171875,151325300
2022-12-07,4840.0,4840.0,4740.0,4760.0,3520.32177734375,253330100
2022-12-08,4760.0,4840.0,4710.0,4840.0,3579.487060546875,154313900
2022-12-09,4830.0,4840.0,4760.0,4800.0,3549.904296875,203573100
2022-12-12,4800.0,4850.0,4760.0,4850.0,3586.8828125,139582400
2022-12-13,4870.0,4980.0,4840.0,4970.0,3675.630126953125,194233200
2022-12-14,5000.0,5000.0,4870.0,4980.0,3683.02587890625,201275800
2022-12-15,4900.0,4940.0,4880.0,4910.0,3631.256591796875,170702300
2022-12-16,4820.0,4980.0,4820.0,4980.0,3683.02587890625,594601900
2022-12-19,4970.0,4980.0,4920.0,4970.0,3675.630126953125,82959800
2022-12-20,4930.0,4970.0,4890.0,4910.0,3631.256591796875,78671600
2022-12-21,4910.0,4940.0,4870.0,4890.0,3616.465087890625,71277800
2022-12-22,4910.0,4970.0,4900.0,4960.0,3668.234619140625,87321400
2022-12-23,4920.0,4940.0,4880.0,4880.0,3609.069580078125,53350600
2022-12-26,4900.0,4930.0,4890.0,4930.0,3646.048095703125,43581100
2022-12-27,4930.0,4950.0,4860.0,4870.0,3601.67431640625,74123800
2022-12-28,4870.0,4880.0,4810.0,4820.0,3564.695556640625,117912500
2022-12-29,4820.0,4870.0,4800.0,4870.0,3601.67431640625,106690700
2022-12-30,4870.0,4950.0,4870.0,4940.0,3653.443115234375,182091500
2023-01-02,4910.0,4920.0,4820.0,4870.0,3601.67431640625,100200100
2023-01-03,4830.0,4900.0,4830.0,4850.0,3586.8828125,95136500
2023-01-04,4850.0,4850.0,4770.0,4770.0,3527.717529296875,188071000
2023-01-05,4750.0,4760.0,4570.0,4640.0,3431.57421875,292142000
2023-01-06,4550.0,4640.0,4550.0,4620.0,3416.783447265625,175932000
2023-01-09,4580.0,4640.0,4550.0,4590.0,3394.596435546875,166164900
2023-01-10,4550.0,4570.0,4410.0,4430.0,3317.463623046875,282510000
2023-01-11,4410.0,4430.0,4360.0,4380.0,3280.020751953125,211610100
2023-01-12,4480.0,4520.0,4410.0,4500.0,3369.8837890625,210887800
2023-01-13,4510.0,4530.0,4420.0,4480.0,3354.906494140625,134592100
2023-01-16,4430.0,4530.0,4420.0,4520.0,3384.861083984375,172170900
2023-01-17,4520.0,4580.0,4510.0,4560.0,3414.8154296875,150577400
2023-01-18,4560.0,4620.0,4560.0,4600.0,3444.770263671875,178026000
2023-01-19,4590.0,4630.0,4580.0,4610.0,3452.259033203125,117204100
2023-01-20,4630.0,4670.0,4620.0,4650.0,3482.21337890625,116038300
2023-01-24,4660.0,4680.0,4590.0,4620.0,3459.74755859375,81964700
2023-01-25,4620.0,4620.0,4550.0,4560.0,3414.8154296875,84009300
2023-01-26,4560.0,4620.0,4550.0,4590.0,3437.28173828125,113840400
2023-01-27,4600.0,4680.0,4600.0,4640.0,3474.724609375,178282600
2023-01-30,4650.0,4680.0,4570.0,4610.0,3452.259033203125,185972400
2023-01-31,4610.0,4620.0,4570.0,4580.0,3429.792724609375,280039200
2023-02-01,4630.0,4690.0,4620.0,4680.0,3504.67919921875,181849300
2023-02-02,4650.0,4680.0,4600.0,4600.0,3444.770263671875,145413400
2023-02-03,4650.0,4780.0,4630.0,4750.0,3557.099853515625,198479900
2023-02-06,4780.0,4810.0,4680.0,4740.0,3549.61083984375,141366300
2023-02-07,4740.0,4790.0,4720.0,4750.0,3557.099853515625,140923100
2023-02-08,4710.0,4790.0,4710.0,4790.0,3587.053955078125,168599500
2023-02-09,4790.0,4840.0,4770.0,4810.0,3602.031494140625,177400700
2023-02-10,4840.0,4880.0,4770.0,4860.0,3639.474609375,181146600
2023-02-13,4900.0,4900.0,4800.0,4800.0,3594.54296875,144569400
2023-02-14,4820.0,4870.0,4810.0,4870.0,3646.962890625,120995200
2023-02-15,4890.0,4890.0,4810.0,4870.0,3646.962890625,84568100
2023-02-16,4890.0,4890.0,4850.0,4870.0,3646.962890625,69966200
2023-02-17,4890.0,4890.0,4830.0,4880.0,3654.451904296875,104019300
2023-02-20,4900.0,4900.0,4840.0,4880.0,3654.451904296875,88432500
2023-02-21,4880.0,4880.0,4820.0,4820.0,3609.52001953125,59319100
2023-02-22,4790.0,4810.0,4730.0,4760.0,3564.588134765625,107327900
2023-02-23,4810.0,4810.0,4730.0,4800.0,3594.54296875,139144500
2023-02-24,4800.0,4840.0,4760.0,4760.0,3564.588134765625,46409300
2023-02-27,4780.0,4810.0,4760.0,4810.0,3602.031494140625,89918800
2023-02-28,4760.0,4790.0,4670.0,4670.0,3497.1904296875,273125500
2023-03-01,4730.0,4750.0,4700.0,4720.0,3534.6337890625,115578600
2023-03-02,4750.0,4780.0,4720.0,4780.0,3579.565673828125,59377900
2023-03-03,4800.0,4800.0,4730.0,4760.0,3564.588134765625,84777000
2023-03-06,4790.0,4800.0,4780.0,4790.0,3587.053955078125,78292000
2023-03-07,4770.0,4850.0,4770.0,4840.0,3624.497802734375,111953700
2023-03-08,4850.0,4850.0,4820.0,4840.0,3624.497802734375,125766100
2023-03-09,4860.0,4870.0,4810.0,4810.0,3602.031494140625,79549800
2023-03-10,4820.0,4830.0,4800.0,4820.0,3609.52001953125,125140500
2023-03-13,4810.0,4870.0,4770.0,4830.0,3617.0087890625,106769300
2023-03-14,4770.0,4790.0,4690.0,4710.0,3527.1455078125,192444400
2023-03-15,4760.0,4770.0,4700.0,4700.0,3519.656494140625,107761200
2023-03-16,4700.0,4750.0,4640.0,4730.0,3542.12255859375,155984500
2023-03-17,4770.0,4900.0,4750.0,4900.0,3669.429443359375,267753300
2023-03-20,4840.0,4880.0,4820.0,4880.0,3654.451904296875,113829400
2023-03-21,4870.0,4920.0,4840.0,4900.0,3669.429443359375,214639300
2023-03-24,4750.0,4820.0,4720.0,4770.0,3748.984130859375,266103900
2023-03-27,4750.0,4790.0,4720.0,4740.0,3725.406005859375,144925200
2023-03-28,4740.0,4780.0,4740.0,4770.0,3748.984130859375,105217100
2023-03-29,4800.0,4820.0,4770.0,4810.0,3780.421875,141800500
2023-03-30,4810.0,4810.0,4740.0,4750.0,3733.265625,98847200
2023-03-31,4730.0,4750.0,4710.0,4730.0,3717.54638671875,161561800
2023-04-03,4770.0,4800.0,4760.0,4800.0,3772.56298828125,133511700
2023-04-04,4800.0,4820.0,4760.0,4820.0,3788.28125,88097800
2023-04-05,4810.0,4880.0,4800.0,4830.0,3796.14111328125,119316500
2023-04-06,4860.0,4860.0,4820.0,4840.0,3804.000244140625,88012300
2023-04-10,4860.0,4860.0,4820.0,4860.0,3819.718994140625,58886800
2023-04-11,4860.0,4890.0,4830.0,4880.0,3835.4384765625,67275600
2023-04-12,4950.0,4950.0,4890.0,4930.0,3874.736328125,194839900
2023-04-13,4950.0,5000.0,4930.0,4980.0,3914.033935546875,141279800
2023-04-14,5050.0,5100.0,5000.0,5075.0,3988.699462890625,190097200
2023-04-17,5075.0,5075.0,4960.0,4990.0,3921.89306640625,121231300
2023-04-18,4990.0,5025.0,4950.0,4950.0,3890.455078125,95747700
2023-04-26,5150.0,5150.0,4930.0,5025.0,3949.4013671875,273336000
2023-04-27,4990.0,5150.0,4990.0,5150.0,4047.645263671875,125947200
2023-04-28,5175.0,5275.0,5100.0,5100.0,4008.347412109375,251912000
2023-05-02,5175.0,5175.0,5050.0,5150.0,4047.645263671875,84246100
2023-05-03,5225.0,5225.0,5050.0,5100.0,4008.347412109375,183524700
2023-05-04,5150.0,5175.0,5075.0,5150.0,4047.645263671875,140482000
2023-05-05,5225.0,5250.0,5125.0,5225.0,4106.591796875,182599600
2023-05-08,5250.0,5250.0,5050.0,5100.0,4008.347412109375,107804200
2023-05-09,5050.0,5125.0,5025.0,5125.0,4027.996337890625,102987300
2023-05-10,5075.0,5150.0,5050.0,5150.0,4047.645263671875,108369600
2023-05-11,5175.0,5175.0,5100.0,5150.0,4047.645263671875,85618800
2023-05-12,5100.0,5175.0,5100.0,5150.0,4047.645263671875,92625800
2023-05-15,5150.0,5175.0,5025.0,5150.0,4047.645263671875,163732600
2023-05-16,5175.0,5200.0,5100.0,5200.0,4086.943359375,73611200
2023-05-17,5250.0,5250.0,5175.0,5200.0,4086.943359375,115834500
2023-05-19,5225.0,5450.0,5200.0,5400.0,4244.1328125,185672200
2023-05-22,5300.0,5500.0,5300.0,5425.0,4263.78125,162655900
2023-05-23,5475.0,5600.0,5475.0,5500.0,4322.72802734375,255251600
2023-05-24,5525.0,5600.0,5450.0,5600.0,4401.3232421875,187436100
2023-05-25,5500.0,5575.0,5450.0,5475.0,4303.0791015625,224391900
2023-05-26,5425.0,5600.0,5425.0,5600.0,4401.3232421875,154003100
2023-05-29,5600.0,5625.0,5475.0,5550.0,4362.025390625,125049100
2023-05-30,5500.0,5600.0,5500.0,5500.0,4322.72802734375,67363200
2023-05-31,5575.0,5575.0,5375.0,5575.0,4381.67431640625,898453700
2023-06-05,5600.0,5600.0,5425.0,5425.0,4263.78125,255472600
2023-06-06,5400.0,5500.0,5350.0,5450.0,4283.43017578125,92019300
2023-06-07,5475.0,5475.0,5350.0,5400.0,4244.1328125,150377000
2023-06-08,5375.0,5475.0,5350.0,5475.0,4303.0791015625,92794100
2023-06-09,5425.0,5450.0,5375.0,5425.0,4263.78125,77251000
2023-06-12,5400.0,5400.0,5375.0,5400.0,4244.1328125,92314200
2023-06-13,5400.0,5550.0,5400.0,5550.0,4362.025390625,108831400
2023-06-14,5575.0,5575.0,5475.0,5550.0,4362.025390625,79137600
2023-06-15,5475.0,5525.0,5450.0,5525.0,4342.376953125,74388400
2023-06-16,5475.0,5550.0,5400.0,5550.0,4362.025390625,189062600
2023-06-19,5500.0,5525.0,5450.0,5525.0,4342.376953125,55144200
2023-06-20,5475.0,5550.0,5475.0,5550.0,4362.025390625,102926800
2023-06-21,5500.0,5575.0,5500.0,5575.0,4381.67431640625,84605400
2023-06-22,5550.0,5600.0,5475.0,5475.0,4303.0791015625,94143200
2023-06-23,5425.0,5475.0,5400.0,5400.0,4244.1328125,123350300
2023-06-26,5425.0,5475.0,5375.0,5450.0,4283.43017578125,85472100
2023-06-27,5450.0,5500.0,5425.0,5425.0,4263.78125,110716500
2023-07-03,5500.0,5550.0,5450.0,5475.0,4303.0791015625,168559800
2023-07-04,5500.0,5500.0,5425.0,5450.0,4283.43017578125,94462600
2023-07-05,5400.0,5450.0,5400.0,5450.0,4283.43017578125,109632800
2023-07-06,5450.0,5475.0,5400.0,5425.0,4263.78125,109446200
2023-07-07,5400.0,5425.0,5375.0,5375.0,4224.48388671875,114043800
2023-07-10,5425.0,5500.0,5400.0,5400.0,4244.1328125,78972100
2023-07-11,5375.0,5450.0,5375.0,5425.0,4263.78125,122094700
2023-07-12,5450.0,5475.0,5425.0,5450.0,4283.43017578125,104993700
2023-07-13,5425.0,5475.0,5425.0,5450.0,4283.43017578125,134905700
2023-07-14,5450.0,5525.0,5425.0,5525.0,4342.376953125,127814200
2023-07-17,5550.0,5625.0,5525.0,5575.0,4381.67431640625,166951300
2023-07-18,5625.0,5700.0,5600.0,5625.0,4420.9716796875,120810300
2023-07-20,5575.0,5650.0,5550.0,5625.0,4420.9716796875,111117300
2023-07-21,5600.0,5625.0,5575.0,5625.0,4420.9716796875,63094600
2023-07-24,5600.0,5650.0,5600.0,5600.0,4401.3232421875,62962500
2023-07-25,5625.0,5700.0,5625.0,5650.0,4440.62060546875,111248100
2023-07-26,5700.0,5700.0,5650.0,5675.0,4460.26953125,76200300
2023-07-27,5675.0,5750.0,5650.0,5650.0,4440.62060546875,109859200
2023-07-28,5625.0,5700.0,5625.0,5700.0,4479.91845703125,74036700
2023-07-31,5700.0,5700.0,5650.0,5650.0,4440.62060546875,186727400
2023-08-01,5650.0,5750.0,5650.0,5700.0,4479.91845703125,100137500
2023-08-02,5650.0,5725.0,5650.0,5700.0,4479.91845703125,90611300
2023-08-03,5675.0,5750.0,5650.0,5700.0,4479.91845703125,82775000
2023-08-04,5700.0,5725.0,5575.0,5575.0,4381.67431640625,150738500
2023-08-07,5600.0,5725.0,5575.0,5700.0,4479.91845703125,88104900
2023-08-08,5700.0,5750.0,5600.0,5625.0,4420.9716796875,89189600
2023-08-09,5650.0,5725.0,5625.0,5700.0,4479.91845703125,91930000
2023-08-10,5675.0,5725.0,5675.0,5700.0,4479.91845703125,85474200
2023-08-11,5675.0,5700.0,5650.0,5650.0,4440.62060546875,74321000
2023-08-14,5650.0,5675.0,5575.0,5650.0,4440.62060546875,127358400
2023-08-15,5650.0,5675.0,5575.0,5575.0,4381.67431640625,89597300
2023-08-16,5550.0,5575.0,5450.0,5525.0,4342.376953125,188191900
2023-08-18,5500.0,5600.0,5500.0,5575.0,4381.67431640625,121561200
2023-08-21,5550.0,5575.0,5500.0,5500.0,4322.72802734375,91640000
2023-08-22,5500.0,5625.0,5500.0,5575.0,4381.67431640625,101221500
2023-08-23,5600.0,5625.0,5575.0,5600.0,4401.3232421875,78686900
2023-08-24,5625.0,5625.0,5550.0,5550.0,4362.025390625,74407500
2023-08-25,5550.0,5600.0,5525.0,5600.0,4401.3232421875,65096500
2023-08-28,5600.0,5625.0,5550.0,5550.0,4362.025390625,37126600
2023-08-29,5525.0,5600.0,5525.0,5600.0,4401.3232421875,57547200
2023-08-30,5600.0,5600.0,5500.0,5525.0,4342.376953125,171282700
2023-08-31,5525.0,5550.0,5475.0,5550.0,4362.025390625,175088200
2023-09-01,5600.0,5600.0,5525.0,5575.0,4381.67431640625,87366100
2023-09-04,5600.0,5625.0,5575.0,5625.0,4420.9716796875,43898200
2023-09-05,5625.0,5650.0,5600.0,5625.0,4420.9716796875,72464300
2023-09-06,5625.0,5650.0,5575.0,5575.0,4381.67431640625,106367800
2023-09-07,5525.0,5550.0,5450.0,5450.0,4283.43017578125,157998600
2023-09-08,5425.0,5450.0,5300.0,5350.0,4204.83544921875,243324500
2023-09-11,5350.0,5425.0,5300.0,5425.0,4263.78125,80474100
2023-09-12,5450.0,5475.0,5375.0,5375.0,4224.48388671875,121654400
2023-09-13,5350.0,5425.0,5350.0,5400.0,4244.1328125,59408000
2023-09-14,5325.0,5425.0,5325.0,5425.0,4263.78125,76831700
2023-09-15,5400.0,5450.0,5375.0,5375.0,4224.48388671875,141455400
2023-09-18,5350.0,5400.0,5300.0,5325.0,4185.1865234375,61329000
2023-09-19,5325.0,5375.0,5300.0,5375.0,4224.48388671875,50612700
2023-09-20,5350.0,5450.0,5350.0,5375.0,4224.48388671875,98710100
2023-09-21,5425.0,5425.0,5350.0,5350.0,4204.83544921875,68584900
2023-09-22,5350.0,5425.0,5350.0,5350.0,4204.83544921875,83184100
2023-09-25,5325.0,5350.0,5200.0,5300.0,4165.5380859375,120196700
2023-09-26,5250.0,5275.0,5200.0,5200.0,4086.943359375,180280600
2023-09-27,5175.0,5300.0,5175.0,5225.0,4106.591796875,119774700
2023-09-29,5300.0,5325.0,5225.0,5225.0,4106.591796875,140331100
2023-10-02,5250.0,5300.0,5250.0,5250.0,4126.24072265625,81674600
2023-10-03,5250.0,5300.0,5250.0,5275.0,4145.88916015625,54462700
2023-10-04,5250.0,5275.0,5200.0,5250.0,4126.24072265625,121445000
2023-10-05,5250.0,5275.0,5175.0,5175.0,4067.29443359375,116814800
2023-10-06,5200.0,5250.0,5175.0,5175.0,4067.29443359375,70202300
2023-10-09,5200.0,5225.0,5125.0,5125.0,4027.996337890625,144477000
2023-10-10,5125.0,5250.0,5125.0,5175.0,4067.29443359375,98457000
2023-10-11,5150.0,5275.0,5150.0,5250.0,4126.24072265625,100394800
2023-10-12,5300.0,5375.0,5275.0,5300.0,4165.5380859375,174022400
2023-10-13,5275.0,5325.0,5250.0,5275.0,4145.88916015625,84648800
2023-10-16,5325.0,5325.0,5250.0,5250.0,4126.24072265625,45782300
2023-10-17,5250.0,5275.0,5150.0,5150.0,4047.645263671875,127287200
2023-10-18,5125.0,5225.0,5125.0,5150.0,4047.645263671875,77217600
2023-10-19,5100.0,5150.0,5000.0,5000.0,3929.75244140625,195831400
2023-10-20,4980.0,5100.0,4960.0,5050.0,3969.050537109375,173353600
2023-10-23,5000.0,5075.0,4990.0,5000.0,3929.75244140625,82756100
2023-10-24,5000.0,5100.0,4950.0,5100.0,4008.347412109375,104021500
2023-10-25,5100.0,5200.0,5100.0,5175.0,4067.29443359375,142215000
2023-10-26,5175.0,5175.0,4920.0,4920.0,3866.876220703125,330618800
2023-10-27,4950.0,5050.0,4940.0,5000.0,3929.75244140625,129599800
2023-10-30,4980.0,5025.0,4970.0,5000.0,3929.75244140625,108523700
2023-10-31,4980.0,5000.0,4960.0,4960.0,3898.314453125,106760300
2023-11-01,4920.0,4960.0,4830.0,4830.0,3796.14111328125,191567200
2023-11-02,4940.0,5075.0,4910.0,5000.0,3929.75244140625,208075400
2023-11-03,5025.0,5175.0,5025.0,5100.0,4008.347412109375,125504000
2023-11-06,5100.0,5200.0,5100.0,5200.0,4086.943359375,122333800
2023-11-07,5225.0,5275.0,5175.0,5250.0,4126.24072265625,137039400
2023-11-08,5200.0,5250.0,5175.0,5225.0,4106.591796875,86713700
2023-11-09,5225.0,5275.0,5200.0,5200.0,4086.943359375,66236400
2023-11-10,5150.0,5150.0,5050.0,5075.0,3988.699462890625,113811900
2023-11-13,5075.0,5125.0,5025.0,5025.0,3949.4013671875,63126900
2023-11-14,5075.0,5125.0,5050.0,5075.0,3988.699462890625,85419500
2023-11-15,5200.0,5300.0,5175.0,5250.0,4126.24072265625,193790400
2023-11-16,5275.0,5275.0,5175.0,5250.0,4126.24072265625,99488800
2023-11-17,5175.0,5250.0,5175.0,5225.0,4106.591796875,70727500
2023-11-20,5175.0,5275.0,5175.0,5250.0,4126.24072265625,54123600
2023-11-21,5225.0,5250.0,5175.0,5200.0,4086.943359375,104110500
2023-11-22,5175.0,5300.0,5175.0,5275.0,4145.88916015625,103585500
2023-11-23,5325.0,5400.0,5300.0,5350.0,4204.83544921875,174572400
2023-11-24,5400.0,5450.0,5375.0,5400.0,4244.1328125,92571400
2023-11-27,5425.0,5450.0,5350.0,5350.0,4204.83544921875,76019100
2023-11-28,5325.0,5425.0,5325.0,5350.0,4204.83544921875,147993400
2023-11-29,5350.0,5375.0,5300.0,5300.0,4165.5380859375,106197800
2023-11-30,5375.0,5375.0,5275.0,5275.0,4145.88916015625,224426400
2023-12-01,5275.0,5375.0,5275.0,5350.0,4204.83544921875,99499500
2023-12-04,5450.0,5575.0,5450.0,5500.0,4322.72802734375,235595700
2023-12-05,5425.0,5500.0,5425.0,5450.0,4283.43017578125,114689900
2023-12-06,5425.0,5450.0,5400.0,5425.0,4263.78125,119716700
2023-12-07,5400.0,5475.0,5400.0,5475.0,4303.0791015625,102126600
2023-12-08,5425.0,5450.0,5375.0,5375.0,4224.48388671875,130542600
2023-12-11,5325.0,5375.0,5300.0,5300.0,4165.5380859375,124468600
2023-12-12,5375.0,5400.0,5325.0,5325.0,4185.1865234375,134501600
2023-12-13,5300.0,5350.0,5275.0,5300.0,4165.5380859375,98881600
2023-12-14,5450.0,5550.0,5425.0,5550.0,4362.025390625,239261700
2023-12-15,5575.0,5600.0,5550.0,5550.0,4362.025390625,252448800
2023-12-18,5575.0,5575.0,5500.0,5500.0,4322.72802734375,102780900
2023-12-19,5450.0,5550.0,5450.0,5550.0,4362.025390625,135207300
2023-12-20,5700.0,5700.0,5550.0,5550.0,4362.025390625,138470900
2023-12-21,5550.0,5600.0,5525.0,5575.0,4381.67431640625,99049600
2023-12-22,5650.0,5700.0,5600.0,5675.0,4460.26953125,109411300
2023-12-27,5700.0,5725.0,5625.0,5625.0,4420.9716796875,122236700
2023-12-28,5700.0,5750.0,5675.0,5725.0,4499.56689453125,121434600
2023-12-29,5750.0,5750.0,5675.0,5725.0,4499.56689453125,93126000
2024-01-02,5650.0,5675.0,5625.0,5675.0,4526.68798828125,91143100
2024-01-03,5625.0,5650.0,5600.0,5600.0,4466.86328125,83659700
2024-01-04,5600.0,5700.0,5575.0,5700.0,4546.62890625,92683500
2024-01-05,5725.0,5850.0,5700.0,5750.0,4586.51123046875,134929600
2024-01-08,5750.0,5800.0,5625.0,5625.0,4486.8046875,152015000
2024-01-09,5625.0,5700.0,5625.0,5700.0,4546.62890625,105666200
2024-01-10,5625.0,5700.0,5625.0,5700.0,4546.62890625,82626400
2024-01-11,5750.0,5800.0,5700.0,5750.0,4586.51123046875,116804400
2024-01-12,5800.0,5850.0,5775.0,5850.0,4666.27685546875,109715700
2024-01-15,5850.0,5900.0,5775.0,5825.0,4646.33544921875,115126700
2024-01-16,5825.0,5875.0,5775.0,5825.0,4646.33544921875,97074300
2024-01-17,5825.0,5825.0,5750.0,5775.0,4606.45263671875,107941600
2024-01-18,5800.0,5800.0,5700.0,5750.0,4586.51123046875,87259100
2024-01-19,5750.0,5800.0,5700.0,5800.0,4626.39404296875,75370700
2024-01-22,5775.0,5800.0,5700.0,5775.0,4606.45263671875,97545600
2024-01-23,5700.0,5750.0,5650.0,5700.0,4546.62890625,122999700
2024-01-24,5675.0,5700.0,5575.0,5650.0,4506.74560546875,104225000
2024-01-25,5575.0,5650.0,5525.0,5525.0,4407.0390625,120478800
2024-01-26,5450.0,5475.0,5400.0,5425.0,4327.27392578125,185244400
2024-01-29,5400.0,5575.0,5400.0,5575.0,4446.92236328125,145629600
2024-01-30,5525.0,5650.0,5475.0,5625.0,4486.8046875,150513700
2024-01-31,5725.0,5775.0,5675.0,5700.0,4546.62890625,245117200
2024-02-01,5775.0,5800.0,5725.0,5750.0,4586.51123046875,156633900
2024-02-02,5800.0,5850.0,5750.0,5850.0,4666.27685546875,177209700
2024-02-05,5800.0,5825.0,5750.0,5775.0,4606.45263671875,113760000
2024-02-06,5900.0,5900.0,5800.0,5825.0,4646.33544921875,126704300
2024-02-07,5850.0,5900.0,5825.0,5850.0,4666.27685546875,147005300
2024-02-12,5875.0,6025.0,5850.0,6025.0,4805.8662109375,171514600
2024-02-13,6050.0,6050.0,5950.0,6000.0,4785.9248046875,145852200
2024-02-15,6275.0,6275.0,6100.0,6125.0,4885.6318359375,308685100
2024-02-16,6150.0,6200.0,6125.0,6150.0,4905.5732421875,130814400
2024-02-19,6125.0,6175.0,6075.0,6100.0,4865.68994140625,111382900
2024-02-20,6175.0,6300.0,6175.0,6300.0,5025.22119140625,160872600
2024-02-21,6325.0,6375.0,6225.0,6300.0,5025.22119140625,168423000
2024-02-22,6250.0,6300.0,6225.0,6250.0,4985.33837890625,100256000
2024-02-23,6125.0,6175.0,6050.0,6125.0,4885.6318359375,148643000
2024-02-26,6100.0,6200.0,6075.0,6175.0,4925.5146484375,98920800
2024-02-27,6125.0,6200.0,6125.0,6125.0,4885.6318359375,99187500
2024-02-28,6100.0,6225.0,6100.0,6225.0,4965.3974609375,97236700
2024-02-29,6150.0,6200.0,6125.0,6125.0,4885.6318359375,173774600
2024-03-01,6175.0,6175.0,6075.0,6125.0,4885.6318359375,76286400
2024-03-04,6125.0,6125.0,6050.0,6050.0,4825.80712890625,70354900
2024-03-05,6100.0,6175.0,6075.0,6125.0,4885.6318359375,115084600
2024-03-06,6100.0,6200.0,6100.0,6200.0,4945.45556640625,84108800
2024-03-07,6200.0,6275.0,6200.0,6225.0,4965.3974609375,117724700
2024-03-08,6275.0,6400.0,6250.0,6350.0,5065.10400390625,163060000
2024-03-13,6350.0,6450.0,6350.0,6400.0,5104.98681640625,195173100
2024-03-14,6175.0,6200.0,6050.0,6150.0,5092.56591796875,271254000
2024-03-15,6000.0,6075.0,5950.0,5975.0,4947.6552734375,305995800
2024-03-18,6000.0,6100.0,5975.0,6000.0,4968.3564453125,110564700
2024-03-19,6000.0,6050.0,5975.0,6000.0,4968.3564453125,114338600
2024-03-20,6000.0,6100.0,6000.0,6100.0,5051.162109375,120885400
2024-03-21,6175.0,6200.0,6100.0,6100.0,5051.162109375,136020000
2024-03-22,6050.0,6125.0,6050.0,6125.0,5071.8642578125,46529200
2024-03-25,6250.0,6250.0,6125.0,6250.0,5175.37158203125,115729600
2024-03-26,6300.0,6300.0,6200.0,6300.0,5216.7744140625,120748400
2024-03-27,6300.0,6325.0,6225.0,6250.0,5175.37158203125,73308900
2024-03-28,6100.0,6200.0,6025.0,6050.0,5009.75927734375,288926900
2024-04-01,6000.0,6025.0,5825.0,5925.0,4906.251953125,217207800
2024-04-02,5850.0,5950.0,5625.0,5675.0,4699.23779296875,412180900
2024-04-03,5575.0,5675.0,5525.0,5625.0,4657.83447265625,333518700
2024-04-04,5650.0,5750.0,5650.0,5700.0,4719.93896484375,131936100
2024-04-05,5625.0,5700.0,5625.0,5650.0,4678.53564453125,178817800
2024-04-16,5375.0,5575.0,5350.0,5350.0,4430.1181640625,600717500
2024-04-17,5475.0,5500.0,5300.0,5300.0,4388.71533203125,244002000
2024-04-18,5300.0,5500.0,5300.0,5475.0,4533.625,247410700
2024-04-19,5350.0,5375.0,5250.0,5275.0,4368.01318359375,258211500
2024-04-22,5200.0,5325.0,5150.0,5300.0,4388.71533203125,342282800
2024-04-23,5350.0,5400.0,5225.0,5300.0,4388.71533203125,281403100
2024-04-24,5250.0,5350.0,5150.0,5225.0,4326.6103515625,471241400
2024-04-25,5125.0,5200.0,5050.0,5150.0,4264.50634765625,479170900
2024-04-26,5050.0,5100.0,4830.0,4830.0,3999.52685546875,782589900
2024-04-29,4700.0,4890.0,4680.0,4770.0,3949.843505859375,700644800
2024-04-30,4850.0,5050.0,4820.0,4940.0,4090.61376953125,565609200
2024-05-02,4910.0,4920.0,4700.0,4760.0,3941.562744140625,636922100
2024-05-03,4760.0,4830.0,4710.0,4750.0,3933.28271484375,321697200
2024-05-06,4800.0,4840.0,4730.0,4790.0,3966.40478515625,262707400
2024-05-07,4770.0,4780.0,4670.0,4670.0,3867.03759765625,304013600
2024-05-08,4650.0,4740.0,4570.0,4680.0,3875.318603515625,572275800
2024-05-13,4650.0,4700.0,4630.0,4680.0,3875.318603515625,320067100
2024-05-14,4720.0,4810.0,4700.0,4730.0,3916.720947265625,341458900
2024-05-15,4780.0,4870.0,4760.0,4820.0,3991.2470703125,298990300
2024-05-16,4930.0,4960.0,4840.0,4840.0,4007.807861328125,371295000
2024-05-17,4840.0,4960.0,4820.0,4920.0,4074.052978515625,208991800
2024-05-20,4990.0,5050.0,4820.0,4820.0,3991.2470703125,335150700
2024-05-21,4810.0,4870.0,4680.0,4680.0,3875.318603515625,271568800
2024-05-22,4650.0,4770.0,4650.0,4720.0,3908.440673828125,215066000
2024-05-27,4700.0,4720.0,4550.0,4550.0,3767.670166015625,363719300
2024-05-28,4580.0,4630.0,4520.0,4530.0,3751.109375,258070200
2024-05-29,4480.0,4500.0,4400.0,4410.0,3651.7421875,465008500
2024-05-30,4400.0,4480.0,4310.0,4380.0,3626.900390625,502927800
2024-05-31,4430.0,4470.0,4330.0,4340.0,3593.77783203125,655144100
2024-06-03,4430.0,4560.0,4400.0,4530.0,3751.109375,345770100
2024-06-04,4560.0,4590.0,4450.0,4450.0,3684.864501953125,332902200
2024-06-05,4500.0,4500.0,4400.0,4400.0,3643.46142578125,240788500
2024-06-06,4450.0,4500.0,4390.0,4500.0,3726.267822265625,281534200
2024-06-07,4490.0,4500.0,4350.0,4350.0,3602.05859375,375439600
2024-06-10,4350.0,4430.0,4320.0,4400.0,3643.46142578125,181387000
2024-06-11,4380.0,4440.0,4340.0,4340.0,3593.77783203125,197854400
2024-06-12,4340.0,4360.0,4310.0,4350.0,3602.05859375,187332500
2024-06-13,4400.0,4420.0,4300.0,4310.0,3568.936279296875,238349600
2024-06-14,4300.0,4320.0,4170.0,4180.0,3461.288330078125,358893200
2024-06-19,4100.0,4240.0,4090.0,4100.0,3395.043701171875,410338400
2024-06-20,4130.0,4270.0,4130.0,4270.0,3535.81396484375,387133400
2024-06-21,4280.0,4490.0,4260.0,4440.0,3676.583740234375,532713300
2024-06-24,4440.0,4510.0,4400.0,4400.0,3643.46142578125,303830800
2024-06-25,4320.0,4400.0,4280.0,4380.0,3626.900390625,383572500
2024-06-26,4390.0,4430.0,4350.0,4370.0,3618.61962890625,150303400
2024-06-27,4410.0,4500.0,4380.0,4460.0,3693.145263671875,299430600
2024-06-28,4590.0,4640.0,4580.0,4600.0,3809.073486328125,581319300
2024-07-01,4630.0,4670.0,4560.0,4630.0,3833.9150390625,261421200
2024-07-02,4610.0,4630.0,4570.0,4570.0,3784.231689453125,234403100
2024-07-03,4630.0,4640.0,4560.0,4600.0,3809.073486328125,176310400
2024-07-04,4680.0,4830.0,4660.0,4790.0,3966.40478515625,422261500
2024-07-05,4850.0,4870.0,4790.0,4800.0,3974.685302734375,218278000
2024-07-08,4800.0,4830.0,4740.0,4750.0,3933.28271484375,222042100
2024-07-09,4780.0,4930.0,4750.0,4870.0,4032.6494140625,291320400
2024-07-10,4870.0,4920.0,4840.0,4850.0,4016.088623046875,167619700
2024-07-11,4910.0,4920.0,4840.0,4840.0,4007.807861328125,170461300
2024-07-12,4970.0,4980.0,4880.0,4900.0,4057.49169921875,301125400
2024-07-15,4920.0,4930.0,4810.0,4820.0,3991.2470703125,188713000
2024-07-16,4820.0,4840.0,4730.0,4730.0,3916.720947265625,189271400
2024-07-17,4750.0,4810.0,4720.0,4760.0,3941.562744140625,263325400
2024-07-18,4760.0,4890.0,4750.0,4890.0,4049.210693359375,296614900
2024-07-19,4870.0,4910.0,4850.0,4900.0,4057.49169921875,135104800
2024-07-22,4920.0,4940.0,4880.0,4910.0,4065.77197265625,140128300
2024-07-23,4900.0,4910.0,4780.0,4790.0,3966.40478515625,170919500
2024-07-24,4770.0,4800.0,4760.0,4780.0,3958.12451171875,116037600
2024-07-25,4760.0,4760.0,4660.0,4700.0,3891.87939453125,274397700
2024-07-26,4760.0,4810.0,4740.0,4760.0,3941.562744140625,192267300
2024-07-29,4800.0,4800.0,4760.0,4780.0,3958.12451171875,126109900
2024-07-30,4720.0,4740.0,4670.0,4670.0,3867.03759765625,201835700
2024-07-31,4650.0,4710.0,4650.0,4670.0,3867.03759765625,168490300
2024-08-01,4710.0,4750.0,4690.0,4750.0,3933.28271484375,169636700
2024-08-02,4730.0,4750.0,4690.0,4710.0,3900.16015625,113328400
2024-08-05,4660.0,4670.0,4510.0,4530.0,3751.109375,329430900
2024-08-06,4550.0,4650.0,4520.0,4600.0,3809.073486328125,238051800
2024-08-07,4640.0,4640.0,4590.0,4620.0,3825.63427734375,125937500
2024-08-08,4600.0,4690.0,4590.0,4660.0,3858.7568359375,131343400
2024-08-09,4700.0,4730.0,4670.0,4670.0,3867.03759765625,98730900
2024-08-12,4720.0,4720.0,4650.0,4680.0,3875.318603515625,83552800
2024-08-13,4700.0,4750.0,4690.0,4720.0,3908.440673828125,109533400
2024-08-14,4770.0,4840.0,4760.0,4820.0,3991.2470703125,262716500
2024-08-15,4850.0,4870.0,4790.0,4830.0,3999.52685546875,214394900
2024-08-16,4850.0,4870.0,4830.0,4830.0,3999.52685546875,149701700
2024-08-19,4820.0,4820.0,4750.0,4820.0,3991.2470703125,196203200
2024-08-20,4860.0,4950.0,4840.0,4950.0,4098.89404296875,310085500
2024-08-21,4990.0,5100.0,4980.0,5100.0,4223.10302734375,390307000
2024-08-22,5125.0,5150.0,5025.0,5050.0,4181.7001953125,474043100
2024-08-23,5150.0,5200.0,5125.0,5150.0,4264.50634765625,217759300
2024-08-26,5200.0,5325.0,5200.0,5300.0,4388.71533203125,361169800
2024-08-27,5250.0,5275.0,5100.0,5175.0,4285.2080078125,271088700
2024-08-28,5100.0,5175.0,5025.0,5150.0,4264.50634765625,277561700
2024-08-29,5125.0,5175.0,5100.0,5125.0,4243.8046875,160041900
2024-08-30,5175.0,5175.0,5125.0,5150.0,4264.50634765625,275298000
2024-09-02,5150.0,5225.0,5150.0,5175.0,4285.2080078125,136717200
2024-09-03,5225.0,5250.0,5150.0,5175.0,4285.2080078125,166033900
2024-09-04,5100.0,5175.0,5100.0,5100.0,4223.10302734375,141890400
2024-09-05,5125.0,5150.0,5075.0,5150.0,4264.50634765625,166436800
2024-09-06,5200.0,5250.0,5150.0,5225.0,4326.6103515625,170520700
2024-09-09,5275.0,5300.0,5150.0,5175.0,4285.2080078125,201448700
2024-09-10,5200.0,5250.0,5125.0,5250.0,4347.31201171875,202326400
2024-09-11,5225.0,5250.0,5125.0,5175.0,4285.2080078125,165284900
2024-09-12,5175.0,5225.0,5150.0,5175.0,4285.2080078125,138542100
2024-09-13,5200.0,5300.0,5175.0,5300.0,4388.71533203125,259722600
2024-09-17,5350.0,5350.0,5250.0,5300.0,4388.71533203125,201331600
2024-09-18,5350.0,5375.0,5325.0,5350.0,4430.1181640625,186877300
2024-09-19,5425.0,5500.0,5400.0,5400.0,4471.521484375,332941100
2024-09-20,5400.0,5450.0,5375.0,5375.0,4450.8193359375,260437400
2024-09-23,5350.0,5500.0,5350.0,5500.0,4554.3271484375,245292000
2024-09-24,5550.0,5575.0,5525.0,5525.0,4575.0283203125,195415700
2024-09-25,5400.0,5425.0,5200.0,5325.0,4409.41650390625,607065900
2024-09-26,5150.0,5200.0,5025.0,5050.0,4181.7001953125,855266800
2024-09-27,5050.0,5150.0,5000.0,5100.0,4223.10302734375,304694300
2024-09-30,5050.0,5050.0,4950.0,4950.0,4098.89404296875,539169900
2024-10-01,4970.0,5075.0,4970.0,5075.0,4202.40185546875,197069300
2024-10-02,5000.0,5075.0,4900.0,4940.0,4090.61376953125,307487600
2024-10-03,4900.0,4960.0,4860.0,4920.0,4074.052978515625,354814800
2024-10-04,4870.0,4920.0,4850.0,4860.0,4024.369140625,289960700
2024-10-07,4860.0,4930.0,4810.0,4820.0,3991.2470703125,308452200
2024-10-08,4800.0,5050.0,4760.0,5000.0,4140.296875,527474400
2024-10-09,5000.0,5075.0,4930.0,4930.0,4082.333251953125,309336600
2024-10-10,4920.0,4970.0,4860.0,4860.0,4024.369140625,226564700
2024-10-11,4910.0,4940.0,4890.0,4900.0,4057.49169921875,104875300
2024-10-14,4900.0,4930.0,4870.0,4900.0,4057.49169921875,125414400
2024-10-15,4930.0,4990.0,4920.0,4920.0,4074.052978515625,142372200
2024-10-16,4950.0,4970.0,4920.0,4950.0,4098.89404296875,118014300
2024-10-17,4960.0,5050.0,4940.0,4980.0,4123.73583984375,188127700
2024-10-18,5025.0,5050.0,4960.0,4970.0,4115.45556640625,157113000
2024-10-21,4980.0,5025.0,4970.0,4990.0,4132.0166015625,110708200
2024-10-22,4960.0,4970.0,4900.0,4900.0,4057.49169921875,199707500
2024-10-23,4830.0,4890.0,4810.0,4860.0,4024.369140625,222147300
2024-10-24,4820.0,4900.0,4810.0,4820.0,3991.2470703125,218162100
2024-10-25,4820.0,4860.0,4770.0,4770.0,3949.843505859375,195647800
2024-10-28,4770.0,4800.0,4710.0,4760.0,3941.562744140625,191211000
2024-10-29,4730.0,4780.0,4700.0,4700.0,3891.87939453125,203658600
2024-10-30,4630.0,4750.0,4630.0,4710.0,3900.16015625,296314500
2024-10-31,4710.0,4870.0,4710.0,4800.0,3974.685302734375,307110400
2024-11-01,4770.0,4820.0,4700.0,4700.0,3891.87939453125,235656400
2024-11-04,4710.0,4770.0,4650.0,4720.0,3908.440673828125,209831500
2024-11-05,4690.0,4740.0,4680.0,4710.0,3900.16015625,199499300
2024-11-06,4710.0,4730.0,4600.0,4600.0,3809.073486328125,249059500
2024-11-07,4610.0,4640.0,4550.0,4550.0,3767.670166015625,296218600
2024-11-08,4600.0,4640.0,4520.0,4520.0,3742.82861328125,198589900
2024-11-11,4470.0,4540.0,4370.0,4460.0,3693.145263671875,507192300
2024-11-12,4430.0,4520.0,4430.0,4500.0,3726.267822265625,252380100
2024-11-13,4470.0,4610.0,4460.0,4580.0,3792.51220703125,209627200
2024-11-14,4570.0,4590.0,4500.0,4500.0,3726.267822265625,159871800
2024-11-15,4450.0,4510.0,4450.0,4470.0,3701.425537109375,106365600
2024-11-18,4440.0,4460.0,4350.0,4350.0,3602.05859375,253272300
2024-11-19,4350.0,4410.0,4350.0,4360.0,3610.339111328125,294838700
2024-11-20,4400.0,4440.0,4330.0,4330.0,3585.49755859375,298734600
2024-11-21,4280.0,4320.0,4250.0,4250.0,3519.252685546875,376788400
2024-11-22,4250.0,4420.0,4250.0,4400.0,3643.46142578125,280188100
2024-11-25,4420.0,4530.0,4420.0,4470.0,3701.425537109375,401446400
2024-11-26,4450.0,4470.0,4380.0,4400.0,3643.46142578125,266677500
2024-11-28,4350.0,4390.0,4330.0,4330.0,3585.49755859375,277081800
2024-11-29,4280.0,4300.0,4250.0,4250.0,3519.252685546875,412519800
2024-12-02,4270.0,4280.0,4160.0,4170.0,3453.008056640625,337188900
2024-12-03,4240.0,4250.0,4210.0,4240.0,3510.97216796875,384146700
2024-12-04,4240.0,4370.0,4220.0,4350.0,3602.05859375,345762200
2024-12-05,4310.0,4340.0,4250.0,4260.0,3527.533447265625,183249300
2024-12-06,4250.0,4310.0,4220.0,4310.0,3568.936279296875,151433000
2024-12-09,4310.0,4390.0,4300.0,4390.0,3635.18115234375,158897200
2024-12-10,4360.0,4380.0,4290.0,4360.0,3610.339111328125,196160900
2024-12-11,4340.0,4430.0,4340.0,4380.0,3626.900390625,203980300
2024-12-12,4340.0,4360.0,4260.0,4260.0,3527.533447265625,226698900
2024-12-13,4230.0,4280.0,4170.0,4170.0,3453.008056640625,287838100
2024-12-16,4150.0,4280.0,4150.0,4250.0,3519.252685546875,325441900
2024-12-17,4250.0,4290.0,4150.0,4150.0,3436.44677734375,327919000
2024-12-18,4170.0,4210.0,4130.0,4150.0,3436.44677734375,205055500
2024-12-19,4090.0,4110.0,4050.0,4090.0,3386.76318359375,381986300
2024-12-20,4070.0,4120.0,4050.0,4060.0,3361.921142578125,252689600
2024-12-23,4130.0,4210.0,4110.0,4210.0,3486.13037109375,167689800
2024-12-24,4220.0,4250.0,4170.0,4200.0,3477.849609375,199536100
2024-12-27,4100.0,4120.0,4080.0,4100.0,3507.79443359375,143104400
2024-12-30,4080.0,4120.0,4070.0,4080.0,3490.68310546875,153934700
2025-01-02,4100.0,4220.0,4090.0,4210.0,3601.90576171875,181361700
2025-01-03,4220.0,4240.0,4150.0,4150.0,3550.572265625,134632300
2025-01-06,4180.0,4180.0,4100.0,4100.0,3507.79443359375,153048700
2025-01-07,4080.0,4090.0,4030.0,4030.0,3447.905029296875,171997400
2025-01-08,4030.0,4100.0,4030.0,4080.0,3490.68310546875,133655700
2025-01-09,4070.0,4100.0,4030.0,4030.0,3447.905029296875,99300400
2025-01-10,4030.0,4060.0,4010.0,4010.0,3430.7939453125,132774300
2025-01-13,3990.0,3990.0,3850.0,3850.0,3293.904541015625,413408100
2025-01-14,3820.0,3920.0,3800.0,3800.0,3251.12646484375,293621700
2025-01-15,3840.0,4090.0,3840.0,4090.0,3499.238525390625,407813500
2025-01-16,4210.0,4240.0,4130.0,4160.0,3559.127685546875,349387500
2025-01-17,4150.0,4190.0,4080.0,4090.0,3499.238525390625,268758600
2025-01-20,4130.0,4220.0,4130.0,4220.0,3610.46142578125,167348600
2025-01-21,4270.0,4380.0,4250.0,4260.0,3644.68408203125,345223800
2025-01-22,4310.0,4320.0,4230.0,4260.0,3644.68408203125,193218900
2025-01-23,4260.0,4340.0,4260.0,4300.0,3678.906005859375,216018100
2025-01-24,4350.0,4350.0,4190.0,4190.0,3584.794921875,276421900
2025-01-30,4130.0,4170.0,4090.0,4120.0,3524.905517578125,220222400
2025-01-31,4170.0,4280.0,4150.0,4220.0,3610.46142578125,192622700
2025-02-03,4200.0,4270.0,4150.0,4250.0,3636.12841796875,220285800
2025-02-04,4260.0,4300.0,4200.0,4260.0,3644.68408203125,231917500
2025-02-05,4250.0,4250.0,4140.0,4140.0,3542.0166015625,209834400
2025-02-06,4120.0,4160.0,3940.0,3970.0,3396.571533203125,378545500
2025-02-07,3970.0,4030.0,3940.0,4030.0,3447.905029296875,259636200
2025-02-10,4000.0,4050.0,3950.0,3970.0,3396.571533203125,201999400
2025-02-11,3970.0,4040.0,3900.0,4010.0,3430.7939453125,276382800
2025-02-12,3960.0,4060.0,3950.0,4030.0,3447.905029296875,362571900
2025-02-13,4000.0,4030.0,3960.0,3990.0,3413.682861328125,341640600
2025-02-14,4000.0,4010.0,3850.0,3860.0,3302.4599609375,524909600
2025-02-17,3870.0,4030.0,3870.0,4030.0,3447.905029296875,265737100
2025-02-18,4030.0,4180.0,4030.0,4150.0,3550.572265625,374350700
2025-02-19,4160.0,4180.0,4010.0,4020.0,3439.349609375,348358600
2025-02-20,3970.0,4020.0,3910.0,3910.0,3345.238037109375,312753300
2025-02-21,3910.0,3930.0,3870.0,3890.0,3328.126708984375,205268800
2025-02-24,3900.0,3940.0,3870.0,3920.0,3353.793701171875,138610800
2025-02-25,3880.0,3920.0,3800.0,3800.0,3251.12646484375,404555100
2025-02-26,3800.0,3860.0,3760.0,3820.0,3268.237548828125,242834100
2025-02-27,3790.0,3800.0,3610.0,3630.0,3105.681396484375,410928000
2025-02-28,3500.0,3540.0,3360.0,3360.0,2874.680419921875,1000597600
2025-03-03,3520.0,3740.0,3470.0,3670.0,3139.90380859375,744626800
2025-03-04,3680.0,3720.0,3600.0,3670.0,3139.90380859375,338434700
2025-03-05,3710.0,3900.0,3710.0,3840.0,3285.348876953125,441151000
2025-03-06,3870.0,3990.0,3870.0,3950.0,3379.46044921875,434485100
2025-03-07,3930.0,3930.0,3810.0,3810.0,3259.68212890625,243793600
2025-03-10,3790.0,3810.0,3730.0,3760.0,3216.904052734375,232192200
2025-03-11,3700.0,3790.0,3660.0,3790.0,3242.57080078125,273961800
2025-03-12,3810.0,3920.0,3810.0,3890.0,3328.126708984375,271631200
2025-03-13,3960.0,3970.0,3800.0,3800.0,3251.12646484375,209225700
2025-03-14,3750.0,3840.0,3750.0,3750.0,3208.348388671875,156131900
2025-03-17,3780.0,3840.0,3730.0,3830.0,3276.793212890625,162467700
2025-03-18,3840.0,3860.0,3500.0,3680.0,3148.459228515625,416894600
2025-03-19,3710.0,3780.0,3680.0,3710.0,3174.1259765625,352217700
2025-03-20,3730.0,3760.0,3640.0,3660.0,3131.34814453125,313033000
2025-03-21,3600.0,3700.0,3550.0,3700.0,3165.570556640625,627645600
2025-03-24,3650.0,3740.0,3520.0,3610.0,3088.570068359375,342883200
2025-03-25,3660.0,3840.0,3660.0,3800.0,3251.12646484375,331285900
2025-03-26,3870.0,4020.0,3860.0,4000.0,3422.23828125,540888800
2025-03-27,4000.0,4050.0,3930.0,4050.0,3465.016357421875,322553200
2025-04-08,3460.0,3750.0,3450.0,3640.0,3114.23681640625,734807100
2025-04-09,3610.0,3710.0,3600.0,3630.0,3105.681396484375,366649900
2025-04-10,3920.0,3930.0,3770.0,3800.0,3251.12646484375,417562900
2025-04-11,3600.0,3650.0,3590.0,3630.0,3285.88623046875,301200600
2025-04-14,3630.0,3690.0,3620.0,3690.0,3340.1982421875,169458300
2025-04-15,3730.0,3780.0,3680.0,3690.0,3340.1982421875,254224400
2025-04-16,3690.0,3700.0,3600.0,3650.0,3303.990478515625,233772400
2025-04-17,3670.0,3670.0,3610.0,3640.0,3294.938232421875,121059300
2025-04-21,3620.0,3660.0,3570.0,3620.0,3276.834228515625,107470200
2025-04-22,3600.0,3650.0,3600.0,3630.0,3285.88623046875,147116900
2025-04-23,3660.0,3790.0,3640.0,3760.0,3403.562744140625,432999900
2025-04-24,3790.0,3840.0,3720.0,3730.0,3376.406494140625,272537300
2025-04-25,3770.0,3790.0,3730.0,3740.0,3385.458740234375,136517100
2025-04-28,3790.0,3850.0,3780.0,3840.0,3475.978759765625,212945800
2025-04-29,3860.0,3870.0,3820.0,3850.0,3485.031005859375,160631400
2025-04-30,3810.0,3850.0,3770.0,3850.0,3485.031005859375,226832200
2025-05-02,3920.0,3920.0,3850.0,3880.0,3512.18701171875,205628100
2025-05-05,3900.0,3920.0,3860.0,3860.0,3494.0830078125,196917100
2025-05-06,3840.0,3900.0,3840.0,3880.0,3512.18701171875,111333800
2025-05-07,3900.0,3910.0,3870.0,3910.0,3539.343017578125,119763100
2025-05-08,3910.0,3960.0,3780.0,3790.0,3430.71875,224121900
2025-05-09,3810.0,3840.0,3760.0,3840.0,3475.978759765625,147638100
2025-05-14,4000.0,4090.0,3960.0,4090.0,3702.279541015625,461642400
2025-05-15,4140.0,4310.0,4130.0,4270.0,3865.216064453125,537151700
2025-05-16,4310.0,4330.0,4160.0,4250.0,3847.112060546875,289337600
2025-05-19,4230.0,4260.0,4200.0,4230.0,3829.0078125,145935500
2025-05-20,4230.0,4280.0,4170.0,4210.0,3810.90380859375,209576900
2025-05-21,4210.0,4310.0,4210.0,4260.0,3856.1640625,256020200
2025-05-22,4280.0,4310.0,4240.0,4300.0,3892.3720703125,208291800
2025-05-23,4350.0,4370.0,4330.0,4350.0,3937.63232421875,108182800
2025-05-26,4350.0,4350.0,4260.0,4320.0,3910.47607421875,149418600
2025-05-27,4320.0,4370.0,4280.0,4370.0,3955.736328125,180028000
2025-05-28,4360.0,4450.0,4320.0,4450.0,4028.152587890625,466133500
2025-06-02,4360.0,4390.0,4200.0,4200.0,3801.851806640625,389541100
2025-06-03,4210.0,4230.0,4120.0,4200.0,3801.851806640625,277902300
2025-06-04,4230.0,4230.0,4080.0,4080.0,3693.2275390625,279755300
2025-06-05,4110.0,4140.0,4050.0,4100.0,3711.331787109375,230129500
2025-06-10,4100.0,4160.0,4100.0,4150.0,3756.591796875,179827500
2025-06-11,4130.0,4140.0,4060.0,4070.0,3684.175537109375,196558700
2025-06-12,4070.0,4100.0,4060.0,4070.0,3684.175537109375,113850500
2025-06-13,4020.0,4050.0,3980.0,4000.0,3620.811279296875,283826000
2025-06-16,3980.0,4010.0,3960.0,3990.0,3611.75927734375,155450700
2025-06-17,4010.0,4030.0,3960.0,3960.0,3584.60302734375,125769400
2025-06-18,3950.0,3960.0,3900.0,3940.0,3566.4990234375,140882100
2025-06-19,3900.0,3920.0,3800.0,3800.0,3439.770751953125,355413000
2025-06-20,3740.0,3840.0,3740.0,3790.0,3430.71875,516177900
2025-06-23,3730.0,3750.0,3660.0,3720.0,3367.3544921875,222067700
2025-06-24,3820.0,3900.0,3770.0,3780.0,3421.66650390625,281594300
2025-06-25,3830.0,3830.0,3730.0,3760.0,3403.562744140625,164257700
2025-06-26,3780.0,3830.0,3750.0,3830.0,3466.927001953125,171427000
2025-06-30,3840.0,3840.0,3730.0,3740.0,3385.458740234375,271933200
2025-07-01,3780.0,3790.0,3670.0,3700.0,3349.25048828125,212288800
2025-07-02,3650.0,3700.0,3640.0,3680.0,3331.146484375,220273500
2025-07-03,3710.0,3730.0,3680.0,3680.0,3331.146484375,119674300
2025-07-04,3680.0,3710.0,3650.0,3670.0,3322.094482421875,91141200
2025-07-07,3670.0,3700.0,3650.0,3700.0,3349.25048828125,78783800
2025-07-08,3690.0,3700.0,3650.0,3670.0,3322.094482421875,115551200
2025-07-09,3650.0,3700.0,3650.0,3680.0,3331.146484375,92437900
2025-07-10,3690.0,3880.0,3680.0,3870.0,3503.134765625,290117200
2025-07-11,3920.0,3920.0,3870.0,3880.0,3512.18701171875,255634700
2025-07-14,3880.0,3890.0,3750.0,3780.0,3421.66650390625,167151400
2025-07-15,3800.0,3880.0,3780.0,3880.0,3512.18701171875,183209300
2025-07-16,3950.0,3960.0,3880.0,3880.0,3512.18701171875,241966800
2025-07-17,3930.0,3930.0,3880.0,3890.0,3521.239013671875,111359500
2025-07-18,3910.0,3940.0,3860.0,3860.0,3494.0830078125,111030000
2025-07-21,3890.0,3900.0,3830.0,3830.0,3466.927001953125,89765800
2025-07-22,3860.0,3880.0,3830.0,3840.0,3475.978759765625,84902800
2025-07-23,3840.0,3860.0,3790.0,3800.0,3439.770751953125,132305000
2025-07-24,3830.0,3950.0,3820.0,3950.0,3575.55126953125,206654200
2025-07-25,3950.0,3950.0,3870.0,3880.0,3512.18701171875,86263700
2025-07-28,3940.0,3950.0,3920.0,3940.0,3566.4990234375,94898300
2025-07-29,3930.0,3930.0,3900.0,3920.0,3548.395263671875,98887100
2025-07-30,3910.0,3910.0,3770.0,3780.0,3421.66650390625,206358500
2025-07-31,3780.0,3790.0,3700.0,3710.0,3358.302490234375,163371700
2025-08-01,3800.0,3800.0,3740.0,3740.0,3385.458740234375,134100500
2025-08-04,3720.0,3740.0,3690.0,3710.0,3358.302490234375,104446300
2025-08-05,3700.0,3790.0,3700.0,3740.0,3385.458740234375,184822600
2025-08-06,3770.0,3780.0,3710.0,3710.0,3358.302490234375,100168200
2025-08-07,3730.0,3750.0,3700.0,3710.0,3358.302490234375,92746000
2025-08-08,3710.0,3730.0,3700.0,3700.0,3349.25048828125,133180100
2025-08-11,3720.0,3810.0,3720.0,3810.0,3448.82275390625,143167900
2025-08-12,3860.0,4050.0,3830.0,4050.0,3666.0712890625,404797800
2025-08-13,4060.0,4100.0,3990.0,4080.0,3693.2275390625,292104000
2025-08-14,4080.0,4100.0,4040.0,4060.0,3675.12353515625,164408100
2025-08-15,4100.0,4150.0,4070.0,4120.0,3729.435546875,269255400
2025-08-19,4090.0,4100.0,4010.0,4040.0,3657.01953125,208409700
2025-08-20,4050.0,4150.0,4050.0,4150.0,3756.591796875,173260400
2025-08-21,4160.0,4170.0,4090.0,4150.0,3756.591796875,112477700
2025-08-22,4170.0,4170.0,4100.0,4100.0,3711.331787109375,71971500
2025-08-25,4180.0,4270.0,4170.0,4210.0,3810.90380859375,195322200
2025-08-26,4220.0,4220.0,4170.0,4170.0,3774.69580078125,267465600
2025-08-27,4130.0,4150.0,4070.0,4130.0,3738.48779296875,123874000
2025-08-28,4130.0,4150.0,4110.0,4140.0,3747.53955078125,60838200
2025-08-29,4100.0,4120.0,4020.0,4050.0,3666.0712890625,217276600
2025-09-01,3930.0,4010.0,3860.0,3980.0,3602.707275390625,234206100
2025-09-02,3980.0,4050.0,3960.0,3960.0,3584.60302734375,111856000
2025-09-03,4020.0,4030.0,3950.0,4030.0,3647.96728515625,112507500
2025-09-04,3980.0,4010.0,3960.0,4000.0,3620.811279296875,87402700
2025-09-08,4070.0,4070.0,3890.0,3900.0,3530.291015625,143993900
2025-09-09,3870.0,3890.0,3750.0,3790.0,3430.71875,327167200
2025-09-10,3820.0,3890.0,3820.0,3880.0,3512.18701171875,117680500
2025-09-11,4000.0,4120.0,3980.0,4080.0,3693.2275390625,281910400
2025-09-12,4180.0,4190.0,4110.0,4180.0,3783.747802734375,235383800
2025-09-15,4200.0,4220.0,4120.0,4140.0,3747.53955078125,157482000
2025-09-16,4160.0,4170.0,4080.0,4130.0,3738.48779296875,167511900
2025-09-17,4160.0,4220.0,4120.0,4220.0,3819.9560546875,245154800
2025-09-18,4270.0,4270.0,4210.0,4250.0,3847.112060546875,332670300
2025-09-19,4230.0,4250.0,4180.0,4250.0,3847.112060546875,211373200
2025-09-22,4250.0,4250.0,4110.0,4160.0,3765.643798828125,157592800
2025-09-23,4120.0,4170.0,4110.0,4140.0,3747.53955078125,110771700
2025-09-24,4140.0,4170.0,4100.0,4170.0,3774.69580078125,124591600
2025-09-25,4170.0,4170.0,4050.0,4070.0,3684.175537109375,129656800
2025-09-26,4050.0,4080.0,4000.0,4040.0,3657.01953125,146229200
2025-09-29,4040.0,4040.0,3960.0,3980.0,3602.707275390625,126611800
2025-09-30,3980.0,3980.0,3900.0,3900.0,3530.291015625,217357100
2025-10-01,3860.0,3940.0,3800.0,3810.0,3448.82275390625,223133600
2025-10-02,3760.0,3790.0,3710.0,3710.0,3358.302490234375,379620000
2025-10-03,3710.0,3750.0,3680.0,3690.0,3340.1982421875,214737100
2025-10-06,3700.0,3740.0,3640.0,3660.0,3313.042236328125,190283900
2025-10-07,3690.0,3720.0,3670.0,3710.0,3358.302490234375,155933000
2025-10-08,3730.0,3740.0,3670.0,3720.0,3367.3544921875,148263700
2025-10-09,3690.0,3930.0,3640.0,3860.0,3494.0830078125,479239500
2025-10-10,3790.0,3790.0,3690.0,3730.0,3376.406494140625,277252300
2025-10-13,3680.0,3710.0,3660.0,3660.0,3313.042236328125,181694400
2025-10-14,3640.0,3690.0,3550.0,3550.0,3213.469970703125,278639100
2025-10-15,3570.0,3590.0,3450.0,3500.0,3168.2099609375,468733500
2025-10-16,3500.0,3580.0,3480.0,3530.0,3195.365966796875,227629500
2025-10-17,3530.0,3570.0,3490.0,3500.0,3168.2099609375,244442400
2025-10-20,3550.0,3730.0,3540.0,3680.0,3331.146484375,391510300
2025-10-21,3780.0,3790.0,3710.0,3760.0,3403.562744140625,293000200
2025-10-22,3790.0,3820.0,3680.0,3700.0,3349.25048828125,329470700
2025-10-23,3720.0,3820.0,3700.0,3820.0,3457.874755859375,225902700
2025-10-24,3820.0,3910.0,3820.0,3850.0,3485.031005859375,313903600
2025-10-27,3880.0,3930.0,3750.0,3860.0,3494.0830078125,332539600
2025-10-28,3850.0,3860.0,3780.0,3850.0,3485.031005859375,239026800
2025-10-29,3830.0,3890.0,3790.0,3890.0,3521.239013671875,215008600
2025-10-30,3900.0,3990.0,3870.0,3910.0,3539.343017578125,287905300
2025-10-31,3930.0,4020.0,3920.0,3980.0,3602.707275390625,348755700
2025-11-03,4050.0,4050.0,4010.0,4040.0,3657.01953125,163770500
2025-11-04,4030.0,4050.0,3970.0,3970.0,3593.6552734375,241154700
2025-11-05,3940.0,3990.0,3910.0,3980.0,3602.707275390625,139859100
2025-11-06,3980.0,4010.0,3950.0,4000.0,3620.811279296875,130808100
2025-11-07,4000.0,4010.0,3980.0,3980.0,3602.707275390625,87287600
2025-11-10,4010.0,4020.0,3930.0,3930.0,3557.447021484375,148552900
2025-11-11,3940.0,3960.0,3860.0,3890.0,3521.239013671875,179000200
2025-11-12,3890.0,3950.0,3890.0,3900.0,3530.291015625,111115400
2025-11-13,3900.0,3910.0,3870.0,3870.0,3503.134765625,99373200
2025-11-14,3860.0,3930.0,3860.0,3900.0,3530.291015625,100717300
2025-11-17,3880.0,3950.0,3880.0,3940.0,3566.4990234375,140868100
2025-11-18,3950.0,3990.0,3930.0,3970.0,3593.6552734375,205257700
2025-11-19,3990.0,4000.0,3970.0,4000.0,3620.811279296875,107451000
2025-11-20,4020.0,4050.0,3990.0,3990.0,3611.75927734375,183008400
2025-11-21,3980.0,4000.0,3940.0,3960.0,3584.60302734375,112666100
2025-11-24,4000.0,4000.0,3940.0,3980.0,3602.707275390625,262302000
2025-11-25,3980.0,3980.0,3830.0,3830.0,3466.927001953125,396959100
2025-11-26,3800.0,3830.0,3780.0,3790.0,3430.71875,288419400
2025-11-27,3800.0,3810.0,3720.0,3740.0,3385.458740234375,283451800
2025-11-28,3710.0,3750.0,3680.0,3680.0,3331.146484375,353872800
2025-12-01,3680.0,3730.0,3660.0,3670.0,3322.094482421875,299669500
2025-12-02,3690.0,3730.0,3670.0,3710.0,3358.302490234375,277714300
2025-12-03,3690.0,3700.0,3660.0,3660.0,3313.042236328125,225357100
2025-12-04,3660.0,3690.0,3650.0,3690.0,3340.1982421875,221121100
2025-12-05,3700.0,3700.0,3650.0,3650.0,3303.990478515625,156161100
2025-12-08,3680.0,3690.0,3660.0,3670.0,3322.094482421875,124094700
2025-12-09,3700.0,3700.0,3650.0,3680.0,3331.146484375,201089800
2025-12-10,3680.0,3680.0,3650.0,3660.0,3313.042236328125,172677700
2025-12-11,3680.0,3700.0,3580.0,3620.0,3276.834228515625,327591200
2025-12-12,3640.0,3640.0,3580.0,3630.0,3285.88623046875,169747600
2025-12-15,3650.0,3810.0,3630.0,3780.0,3421.66650390625,312694100
2025-12-16,3800.0,3810.0,3680.0,3690.0,3340.1982421875,237949900
2025-12-17,3690.0,3780.0,3680.0,3750.0,3394.510498046875,273544100
2025-12-18,3750.0,3820.0,3750.0,3780.0,3421.66650390625,262527300
2025-12-19,3800.0,3810.0,3760.0,3770.0,3412.61474609375,228583500
2025-12-22,3770.0,3780.0,3750.0,3760.0,3403.562744140625,161680300
2025-12-23,3760.0,3780.0,3730.0,3770.0,3412.61474609375,138427000
2025-12-24,3770.0,3790.0,3750.0,3770.0,3412.61474609375,121073600
2025-12-29,3780.0,3790.0,3760.0,3780.0,3421.66650390625,238061500
2025-12-30,3690.0,3690.0,3650.0,3660.0,3437.6337890625,274402200
2026-01-02,3660.0,3670.0,3620.0,3640.0,3418.848876953125,191985100
2026-01-05,3630.0,3660.0,3590.0,3630.0,3409.45654296875,230544800
2026-01-06,3630.0,3690.0,3630.0,3680.0,3456.418701171875,175820800
2026-01-07,3680.0,3710.0,3660.0,3700.0,3475.20361328125,195024700
2026-01-08,3710.0,3760.0,3700.0,3710.0,3484.595947265625,182019700
2026-01-09,3730.0,3740.0,3670.0,3680.0,3456.418701171875,143474700
2026-01-12,3680.0,3740.0,3660.0,3700.0,3475.20361328125,215159700
2026-01-13,3700.0,3730.0,3670.0,3720.0,3493.988525390625,227620800
2026-01-14,3740.0,3750.0,3700.0,3720.0,3493.988525390625,170097000
2026-01-15,3730.0,3850.0,3730.0,3820.0,3587.912841796875,407151300
2026-01-19,3850.0,3900.0,3810.0,3840.0,3606.69775390625,359652500
2026-01-20,3840.0,3880.0,3820.0,3850.0,3616.09033203125,170245800
2026-01-21,3850.0,3850.0,3800.0,3820.0,3587.912841796875,273678200
2026-01-22,3850.0,3850.0,3790.0,3810.0,3578.5205078125,153742700
2026-01-23,3810.0,3850.0,3760.0,3850.0,3616.09033203125,164603900
2026-01-26,3840.0,3850.0,3800.0,3850.0,3616.09033203125,120002700
2026-01-27,3850.0,3850.0,3780.0,3820.0,3587.912841796875,157633200
2026-01-28,3630.0,3780.0,3540.0,3590.0,3371.88671875,726740400
2026-01-29,3550.0,3780.0,3290.0,3780.0,3550.343017578125,781321200
2026-01-30,3780.0,3890.0,3740.0,3810.0,3578.5205078125,532329000
2026-02-02,3860.0,3880.0,3750.0,3830.0,3597.305419921875,334659200
2026-02-03,3860.0,3870.0,3760.0,3800.0,3569.1279296875,201224300
2026-02-04,3820.0,3880.0,3800.0,3870.0,3634.875,251005600
2026-02-05,3850.0,3940.0,3840.0,3850.0,3616.09033203125,342757200
2026-02-06,3800.0,3850.0,3770.0,3780.0,3550.343017578125,279127200
2026-02-09,3790.0,3800.0,3710.0,3770.0,3540.95068359375,215606400
2026-02-10,3750.0,3790.0,3730.0,3780.0,3550.343017578125,181835800
2026-02-11,3790.0,3800.0,3740.0,3800.0,3569.1279296875,147378100
2026-02-12,3780.0,3790.0,3760.0,3790.0,3559.735595703125,185678800
2026-02-13,3780.0,3800.0,3750.0,3780.0,3550.343017578125,144473700
2026-02-18,3780.0,3840.0,3760.0,3830.0,3597.305419921875,135223700
2026-02-19,3850.0,3850.0,3770.0,3770.0,3540.95068359375,154562300
2026-02-20,3790.0,3870.0,3780.0,3840.0,3606.69775390625,191533500
2026-02-23,3880.0,3910.0,3860.0,3900.0,3663.052490234375,189611200
2026-02-24,3880.0,3890.0,3860.0,3870.0,3634.875,191295900
2026-02-25,3880.0,3980.0,3880.0,3970.0,3728.799560546875,263027700
2026-02-26,3970.0,3970.0,3920.0,3950.0,3710.0146484375,146158100
2026-02-27,3950.0,3950.0,3880.0,3910.0,3672.44482421875,263179300
2026-03-02,3840.0,3840.0,3800.0,3820.0,3587.912841796875,204655700
2026-03-03,3820.0,3840.0,3770.0,3770.0,3540.95068359375,113600400
2026-03-04,3770.0,3770.0,3660.0,3690.0,3465.81103515625,215656600
2026-03-05,3720.0,3780.0,3720.0,3750.0,3522.165771484375,96625300
2026-03-06,3750.0,3750.0,3670.0,3670.0,3447.0263671875,136987800
2026-03-09,3590.0,3630.0,3560.0,3570.0,3353.101806640625,215587500
2026-03-10,3600.0,3610.0,3560.0,3560.0,3343.70947265625,175353400
2026-03-11,3580.0,3600.0,3560.0,3580.0,3362.494384765625,100862200
2026-03-12,3580.0,3610.0,3570.0,3570.0,3353.101806640625,141366700
2026-03-13,3560.0,3590.0,3510.0,3510.0,3296.7470703125,159393900
2026-03-16,3500.0,3510.0,3430.0,3480.0,3268.56982421875,160328700
2026-03-17,3500.0,3530.0,3480.0,3480.0,3268.56982421875,204208500
2026-03-25,3440.0,3540.0,3410.0,3540.0,3324.924560546875,379422800
2026-03-26,3540.0,3570.0,3480.0,3490.0,3277.96240234375,162060500
2026-03-27,3460.0,3490.0,3420.0,3420.0,3212.215087890625,207067900
2026-03-30,3350.0,3390.0,3330.0,3360.0,3155.860595703125,317467700
2026-03-31,3350.0,3400.0,3330.0,3330.0,3127.68310546875,298589200
2026-04-01,3400.0,3440.0,3330.0,3350.0,3146.468017578125,279604500
2026-04-02,3340.0,3390.0,3320.0,3320.0,3118.290771484375,242569200
2026-04-06,3340.0,3360.0,3290.0,3310.0,3108.8984375,184143400
2026-04-07,3310.0,3320.0,3220.0,3230.0,3033.7587890625,273842700
2026-04-08,3340.0,3370.0,3330.0,3340.0,3137.07568359375,416112900
2026-04-09,3310.0,3330.0,3260.0,3280.0,3080.720947265625,319141400
2026-04-10,3290.0,3400.0,3290.0,3390.0,3184.037841796875,353451500
2026-04-13,3390.0,3410.0,3350.0,3370.0,3165.2529296875,176083800
2026-04-14,3420.0,3490.0,3420.0,3460.0,3249.784912109375,280543100
2026-04-15,3500.0,3510.0,3400.0,3400.0,3193.430419921875,332898200
2026-04-16,3400.0,3430.0,3380.0,3410.0,3202.82275390625,228465700
2026-04-17,3410.0,3450.0,3410.0,3430.0,3221.607666015625,209108800
2026-04-20,3440.0,3470.0,3420.0,3440.0,3231.0,354461400
2026-04-21,3250.0,3300.0,3230.0,3270.0,3270.0,398239800
2026-04-22,3260.0,3280.0,3240.0,3240.0,3240.0,223077500
2026-04-23,3240.0,3270.0,3150.0,3160.0,3160.0,352657300
2026-04-24,3120.0,3150.0,3060.0,3070.0,3070.0,428089200
2026-04-27,3060.0,3100.0,3050.0,3050.0,3050.0,216480300
2026-04-28,3050.0,3080.0,3020.0,3070.0,3070.0,232596600
2026-04-29,3070.0,3110.0,3050.0,3070.0,3070.0,180641600
2026-04-30,3050.0,3060.0,2980.0,2990.0,2990.0,382750500
2026-05-04,3010.0,3040.0,3000.0,3040.0,3040.0,190480000
2026-05-05,3050.0,3170.0,3040.0,3150.0,3150.0,253157600
2026-05-06,3150.0,3190.0,3130.0,3160.0,3160.0,185002500
2026-05-07,3200.0,3330.0,3190.0,3310.0,3310.0,312804400
2026-05-08,3310.0,3360.0,3260.0,3260.0,3260.0,335638700
2026-05-11,3260.0,3280.0,3200.0,3200.0,3200.0,196431000
2026-05-12,3200.0,3240.0,3170.0,3220.0,3220.0,151508100
2026-05-13,3200.0,3210.0,3120.0,3120.0,3120.0,155231500
2026-05-14,3120.0,3120.0,3120.0,3120.0,3120.0,0
2026-05-15,3120.0,3120.0,3120.0,3120.0,3120.0,0
2026-05-18,3040.0,3100.0,3010.0,3060.0,3060.0,348373200
2026-05-19,3060.0,3140.0,3040.0,3040.0,3040.0,224758600
2026-05-20,3060.0,3110.0,3030.0,3040.0,3040.0,273501800
2026-05-21,3050.0,3090.0,3020.0,3020.0,3020.0,173346000
2026-05-22,3020.0,3070.0,3000.0,3050.0,3050.0,158122200
2026-05-25,3090.0,3220.0,3080.0,3170.0,3170.0,242782900
2026-05-26,3150.0,3150.0,3070.0,3070.0,3070.0,185037400
2026-05-27,3070.0,3070.0,3070.0,3070.0,3070.0,0
2026-05-28,3070.0,3070.0,3070.0,3070.0,3070.0,0
2026-05-29,3060.0,3080.0,2950.0,2950.0,2950.0,1073661600
2026-06-02,3000.0,3040.0,2980.0,3040.0,3040.0,320974000
2026-06-03,3050.0,3070.0,2900.0,2900.0,2900.0,411746000
2026-06-04,2900.0,2930.0,2780.0,2810.0,2810.0,493450500
2026-06-05,2780.0,2830.0,2730.0,2740.0,2740.0,310053600
2026-06-08,2700.0,2750.0,2590.0,2590.0,2590.0,626878600
2026-06-09,2540.0,2800.0,2540.0,2790.0,2790.0,873192700
2026-06-10,2790.0,2910.0,2730.0,2880.0,2880.0,704423000
2026-06-11,2880.0,2960.0,2780.0,2850.0,2850.0,465509700
2026-06-12,2880.0,2900.0,2830.0,2850.0,2850.0,450530000
2026-06-15,2890.0,3050.0,2890.0,2990.0,2990.0,622216400
2026-06-17,3020.0,3130.0,3010.0,3080.0,3080.0,512048000
2026-06-18,3040.0,3060.0,2960.0,2960.0,2960.0,356398400
2026-06-19,2960.0,3000.0,2910.0,2930.0,2930.0,514857200
2026-06-22,2930.0,2940.0,2870.0,2870.0,2870.0,250025400
2026-06-23,2870.0,2940.0,2860.0,2910.0,2910.0,271555000
2026-06-24,2930.0,2980.0,2800.0,2810.0,2810.0,330171300
2026-06-25,2800.0,2920.0,2790.0,2850.0,2850.0,343497900
2026-06-26,2850.0,2880.0,2810.0,2870.0,2870.0,200394100
2026-06-29,2880.0,2890.0,2830.0,2840.0,2840.0,173099600
2026-06-30,2810.0,2840.0,2730.0,2730.0,2730.0,346190100
2026-07-01,2700.0,2750.0,2670.0,2670.0,2670.0,302582100
2026-07-02,2680.0,2730.0,2630.0,2690.0,2690.0,366662800
2026-07-03,2710.0,2740.0,2700.0,2710.0,2710.0,219292600
2026-07-06,2710.0,2790.0,2680.0,2790.0,2790.0,257473000
2026-07-07,2810.0,2890.0,2800.0,2860.0,2860.0,265534600
2026-07-08,2860.0,2870.0,2770.0,2790.0,2790.0,253336100
2026-07-09,2770.0,2790.0,2730.0,2780.0,2780.0,244821900
2026-07-10,2790.0,2810.0,2760.0,2790.0,2790.0,144957900
2026-07-13,2790.0,2870.0,2780.0,2870.0,2870.0,211532100
2026-07-14,2880.0,2890.0,2800.0,2800.0,2800.0,273911200
2026-07-15,2840.0,2870.0,2810.0,2830.0,2830.0,182403300
2026-07-16,2840.0,2880.0,2830.0,2860.0,2860.0,197705800
2026-07-17,2860.0,3000.0,2840.0,2970.0,2970.0,439266600
2026-07-20,3000.0,3080.0,2990.0,3020.0,3020.0,393555500
2026-07-21,3080.0,3080.0,3040.0,3070.0,3070.0,320262200
2026-07-22,3080.0,3080.0,3020.0,3020.0,3020.0,200041000
2026-07-23,3030.0,3070.0,2990.0,2990.0,2990.0,217693500
2026-07-24,2970.0,3020.0,2940.0,2960.0,2960.0,290905700
2026-07-27,2930.0,2980.0,2920.0,2950.0,2950.0,201363300
2026-07-28,2930.0,2970.0,2920.0,2930.0,2930.0,220772100
2026-07-29,2930.0,2950.0,2910.0,2920.0,2920.0,132102100
2026-07-30,2930.0,3010.0,2920.0,2990.0,2990.0,220548900
2026-07-31,3000.0,3040.0,2980.0,3040.0,3040.0,226634400
2026-08-03,3030.0,3030.0,2980.0,3020.0,3020.0,119721600
2026-08-04,3020.0,3060.0,3000.0,3060.0,3060.0,191121700
2026-08-05,3060.0,3070.0,3020.0,3020.0,3020.0,111460100
2026-08-06,3030.0,3070.0,3030.0,3040.0,3040.0,117685400
2026-08-07,3050.0,3130.0,3040.0,3130.0,3130.0,349136300
2026-08-10,3140.0,3160.0,3090.0,3090.0,3090.0,232230700
2026-08-11,3100.0,3110.0,3060.0,3090.0,3090.0,179274900
2026-08-12,3090.0,3130.0,3080.0,3130.0,3130.0,158307500
2026-08-13,3130.0,3130.0,3080.0,3110.0,3110.0,165084600
2026-08-14,3110.0,3150.0,3090.0,3120.0,3120.0,118492200
2026-08-18,3120.0,3140.0,3080.0,3080.0,3080.0,153801000
2026-08-19,3080.0,3100.0,3040.0,3080.0,3080.0,101112000
2026-08-20,3100.0,3140.0,3090.0,3140.0,3140.0,156120300
2026-08-21,3170.0,3250.0,3160.0,3230.0,3230.0,349663900
2026-08-24,3230.0,3240.0,3160.0,3180.0,3180.0,151200300
2026-08-25,3180.0,3180.0,3180.0,3180.0,3180.0,0
2026-08-26,3170.0,3170.0,3110.0,3130.0,3130.0,159003300
2026-08-27,3110.0,3150.0,3100.0,3150.0,3150.0,164832300
2026-08-28,3180.0,3200.0,3160.0,3190.0,3190.0,135419900
2026-08-31,3180.0,3270.0,3170.0,3250.0,3250.0,353834000
2026-09-01,3250.0,3380.0,3250.0,3380.0,3380.0,393505600
2026-09-02,3390.0,3400.0,3350.0,3390.0,3390.0,205175100
2026-09-03,3400.0,3430.0,3370.0,3410.0,3410.0,244699100
2026-09-04,3430.0,3440.0,3380.0,3390.0,3390.0,152173900
2026-09-07,3400.0,3400.0,3330.0,3370.0,3370.0,140651200
2026-09-08,3380.0,3420.0,3360.0,3410.0,3410.0,148330400
2026-09-09,3420.0,3420.0,3360.0,3420.0,3420.0,156865000
2026-09-10,3420.0,3430.0,3310.0,3320.0,3320.0,194894800
2026-09-11,3320.0,3320.0,3250.0,3270.0,3270.0,217302800
2026-09-14,3270.0,3410.0,3230.0,3400.0,3400.0,278495400
2026-09-15,3400.0,3400.0,3320.0,3320.0,3320.0,158042700
2026-09-16,3310.0,3360.0,3310.0,3330.0,3330.0,118364900
2026-09-17,3350.0,3360.0,3320.0,3330.0,3330.0,132493900
2026-09-18,3310.0,3340.0,3250.0,3310.0,3310.0,242737200
2026-09-21,3310.0,3310.0,3270.0,3300.0,3300.0,102594200
2026-09-22,3260.0,3270.0,3170.0,3180.0,3180.0,272879800
