Date,Open,High,Low,Close,Adj Close,Volume
2016-09-22,2875.0,2912.5,2856.25,2912.5,1721.7630615234375,84429200
2016-09-23,2875.0,2925.0,2868.75,2875.0,1699.5947265625,80014800
2016-09-26,2900.0,2918.75,2856.25,2912.5,1721.7630615234375,54502000
2016-09-27,2912.5,2937.5,2850.0,2937.5,1736.5423583984375,132846400
2016-09-28,2862.5,2875.0,2800.0,2825.0,1670.0364990234375,248204400
2016-09-29,2831.25,2862.5,2831.25,2856.25,1688.51025390625,153378800
2016-09-30,2837.5,2843.75,2787.5,2800.0,1655.257568359375,134034000
2016-10-03,2831.25,2837.5,2787.5,2818.75,1666.34130859375,72856400
2016-10-04,2818.75,2825.0,2793.75,2800.0,1655.257568359375,84598000
2016-10-05,2781.25,2793.75,2743.75,2750.0,1625.698974609375,145494400
2016-10-06,2750.0,2768.75,2718.75,2737.5,1618.3095703125,103363600
2016-10-07,2706.25,2737.5,2706.25,2725.0,1610.920166015625,57687200
2016-10-10,2743.75,2762.5,2725.0,2725.0,1610.920166015625,56290400
2016-10-11,2731.25,2750.0,2700.0,2712.5,1603.5303955078125,89322800
2016-10-12,2687.5,2756.25,2687.5,2750.0,1625.698974609375,58748000
2016-10-13,2756.25,2781.25,2718.75,2762.5,1633.0887451171875,74737200
2016-10-14,2762.5,2843.75,2756.25,2837.5,1677.42578125,94256800
2016-10-17,2812.5,2862.5,2812.5,2843.75,1681.1204833984375,67042000
2016-10-18,2862.5,2875.0,2850.0,2850.0,1684.8154296875,56909600
2016-10-19,2843.75,2862.5,2831.25,2843.75,1681.1204833984375,51456800
2016-10-20,2850.0,2856.25,2825.0,2825.0,1670.0364990234375,53644400
2016-10-21,2850.0,2850.0,2806.25,2806.25,1658.951904296875,50378800
2016-10-24,2806.25,2843.75,2800.0,2800.0,1655.257568359375,63450800
2016-10-25,2806.25,2825.0,2787.5,2793.75,1651.5625,73782400
2016-10-26,2756.25,2800.0,2706.25,2768.75,1636.7835693359375,141981200
2016-10-27,2768.75,2843.75,2768.75,2831.25,1673.73095703125,69336400
2016-10-28,2850.0,2856.25,2831.25,2843.75,1681.1204833984375,43510800
2016-10-31,2850.0,2912.5,2850.0,2868.75,1695.899658203125,132730800
2016-11-01,2868.75,2906.25,2856.25,2856.25,1688.51025390625,74071200
2016-11-02,2856.25,2887.5,2856.25,2875.0,1699.5947265625,72401600
2016-11-03,2862.5,2875.0,2787.5,2787.5,1647.8677978515625,91768800
2016-11-04,2750.0,2818.75,2737.5,2775.0,1640.4781494140625,58732400
2016-11-07,2825.0,2850.0,2781.25,2843.75,1681.1204833984375,69898800
2016-11-08,2862.5,2912.5,2856.25,2893.75,1710.6788330078125,82063200
2016-11-09,2912.5,2975.0,2812.5,2837.5,1677.42578125,114585600
2016-11-10,2900.0,2906.25,2856.25,2856.25,1688.51025390625,54770400
2016-11-11,2781.25,2793.75,2712.5,2712.5,1603.5303955078125,200151200
2016-11-14,2675.0,2687.5,2512.5,2581.25,1525.940185546875,193930000
2016-11-15,2600.0,2668.75,2581.25,2637.5,1559.1934814453125,84936400
2016-11-16,2650.0,2737.5,2650.0,2706.25,1599.83544921875,51892800
2016-11-17,2718.75,2725.0,2668.75,2725.0,1610.920166015625,52244800
2016-11-18,2737.5,2737.5,2687.5,2731.25,1614.6148681640625,42805200
2016-11-21,2675.0,2700.0,2668.75,2675.0,1581.362060546875,82676800
2016-11-22,2675.0,2731.25,2675.0,2731.25,1614.6148681640625,71874000
2016-11-23,2693.75,2731.25,2675.0,2725.0,1610.920166015625,69157200
2016-11-24,2675.0,2681.25,2506.25,2525.0,1492.6875,230784000
2016-11-25,2543.75,2568.75,2506.25,2537.5,1500.0771484375,112994800
2016-11-28,2537.5,2543.75,2506.25,2537.5,1500.0771484375,111426000
2016-11-29,2537.5,2600.0,2537.5,2581.25,1525.940185546875,83037200
2016-11-30,2600.0,2656.25,2600.0,2625.0,1551.8038330078125,157626400
2016-12-01,2625.0,2675.0,2625.0,2625.0,1551.8038330078125,112836400
2016-12-02,2662.5,2693.75,2625.0,2675.0,1581.362060546875,74612800
2016-12-05,2650.0,2681.25,2650.0,2662.5,1573.97265625,43111200
2016-12-06,2700.0,2706.25,2643.75,2662.5,1573.97265625,95774000
2016-12-07,2662.5,2675.0,2656.25,2675.0,1581.362060546875,42293200
2016-12-08,2693.75,2737.5,2681.25,2737.5,1618.3095703125,62835600
2016-12-09,2700.0,2750.0,2700.0,2743.75,1622.0045166015625,64734800
2016-12-13,2731.25,2731.25,2687.5,2706.25,1599.83544921875,52023200
2016-12-14,2718.75,2743.75,2700.0,2718.75,1607.2252197265625,40252400
2016-12-15,2675.0,2712.5,2650.0,2700.0,1596.1409912109375,55218400
2016-12-16,2700.0,2712.5,2687.5,2687.5,1588.7510986328125,70044800
2016-12-19,2687.5,2725.0,2687.5,2706.25,1599.83544921875,23188800
2016-12-20,2687.5,2718.75,2687.5,2700.0,1596.1409912109375,33521600
2016-12-21,2687.5,2706.25,2687.5,2687.5,1588.7510986328125,46268800
2016-12-22,2687.5,2706.25,2675.0,2687.5,1588.7510986328125,97122800
2016-12-23,2687.5,2737.5,2681.25,2693.75,1592.4464111328125,54570000
2016-12-27,2693.75,2712.5,2687.5,2700.0,1596.1409912109375,38650800
2016-12-28,2737.5,2787.5,2718.75,2787.5,1647.8677978515625,47457600
2016-12-29,2800.0,2893.75,2775.0,2893.75,1710.6788330078125,77951200
2016-12-30,2893.75,2931.25,2837.5,2893.75,1710.6788330078125,136139600
2017-01-02,2893.75,2893.75,2893.75,2893.75,1710.6788330078125,0
2017-01-03,2893.75,2893.75,2800.0,2825.0,1670.0364990234375,50412000
2017-01-04,2825.0,2837.5,2781.25,2837.5,1677.42578125,41110400
2017-01-05,2800.0,2831.25,2787.5,2812.5,1662.6468505859375,66554400
2017-01-06,2837.5,2856.25,2818.75,2843.75,1681.1204833984375,54337600
2017-01-09,2856.25,2856.25,2806.25,2818.75,1666.34130859375,36349200
2017-01-10,2843.75,2850.0,2812.5,2850.0,1684.8154296875,24804800
2017-01-11,2856.25,2900.0,2843.75,2843.75,1681.1204833984375,68727200
2017-01-12,2850.0,2868.75,2825.0,2825.0,1670.0364990234375,29136000
2017-01-13,2868.75,2868.75,2775.0,2775.0,1640.4781494140625,56228800
2017-01-16,2812.5,2812.5,2725.0,2731.25,1614.6148681640625,77629200
2017-01-17,2725.0,2756.25,2725.0,2731.25,1614.6148681640625,62045200
2017-01-18,2750.0,2781.25,2737.5,2762.5,1633.0887451171875,94687200
2017-01-19,2775.0,2793.75,2750.0,2762.5,1633.0887451171875,72744000
2017-01-20,2762.5,2768.75,2737.5,2750.0,1625.698974609375,40007200
2017-01-23,2725.0,2762.5,2725.0,2743.75,1622.0045166015625,16690800
2017-01-24,2750.0,2762.5,2737.5,2750.0,1625.698974609375,83274400
2017-01-25,2762.5,2762.5,2743.75,2750.0,1625.698974609375,76550000
2017-01-26,2737.5,2756.25,2725.0,2725.0,1610.920166015625,49446000
2017-01-27,2743.75,2756.25,2737.5,2743.75,1622.0045166015625,24174800
2017-01-30,2762.5,2768.75,2743.75,2756.25,1629.3941650390625,35440400
2017-01-31,2725.0,2756.25,2725.0,2725.0,1610.920166015625,38055600
2017-02-01,2743.75,2756.25,2731.25,2743.75,1622.0045166015625,117245600
2017-02-02,2743.75,2762.5,2737.5,2750.0,1625.698974609375,79610000
2017-02-03,2768.75,2775.0,2750.0,2768.75,1636.7835693359375,111316000
2017-02-06,2787.5,2850.0,2787.5,2843.75,1681.1204833984375,198014400
2017-02-07,2843.75,2862.5,2831.25,2850.0,1684.8154296875,117718800
2017-02-08,2837.5,2837.5,2793.75,2806.25,1658.951904296875,109655200
2017-02-09,2850.0,2893.75,2850.0,2868.75,1695.899658203125,97844000
2017-02-10,2900.0,2900.0,2837.5,2850.0,1684.8154296875,96540400
2017-02-13,2893.75,2900.0,2856.25,2862.5,1692.2052001953125,81397200
2017-02-14,2862.5,2868.75,2837.5,2856.25,1688.51025390625,79745200
2017-02-15,2856.25,2856.25,2856.25,2856.25,1688.51025390625,0
2017-02-16,2825.0,2837.5,2725.0,2800.0,1655.257568359375,207778000
2017-02-17,2800.0,2800.0,2750.0,2768.75,1636.7835693359375,103224000
2017-02-20,2800.0,2818.75,2775.0,2818.75,1666.34130859375,72190000
2017-02-21,2825.0,2825.0,2775.0,2787.5,1647.8677978515625,50008400
2017-02-22,2812.5,2825.0,2775.0,2825.0,1670.0364990234375,106237200
2017-02-23,2787.5,2818.75,2787.5,2787.5,1647.8677978515625,43852800
2017-02-24,2818.75,2818.75,2775.0,2775.0,1640.4781494140625,59158000
2017-02-27,2793.75,2806.25,2793.75,2793.75,1651.5625,30397600
2017-02-28,2825.0,2850.0,2800.0,2825.0,1670.0364990234375,43444400
2017-03-01,2850.0,2850.0,2806.25,2837.5,1677.42578125,91156400
2017-03-02,2843.75,2862.5,2831.25,2831.25,1673.73095703125,57482800
2017-03-03,2812.5,2843.75,2800.0,2837.5,1677.42578125,29331600
2017-03-06,2837.5,2843.75,2806.25,2825.0,1670.0364990234375,42578400
2017-03-07,2800.0,2837.5,2800.0,2831.25,1673.73095703125,86823200
2017-03-08,2843.75,2850.0,2831.25,2831.25,1673.73095703125,33371200
2017-03-09,2843.75,2843.75,2812.5,2843.75,1681.1204833984375,14298400
2017-03-10,2850.0,2850.0,2831.25,2850.0,1684.8154296875,22744800
2017-03-13,2800.0,2850.0,2800.0,2850.0,1684.8154296875,45914400
2017-03-14,2825.0,2862.5,2825.0,2856.25,1688.51025390625,32416800
2017-03-15,2875.0,2893.75,2843.75,2862.5,1692.2052001953125,38783600
2017-03-16,2893.75,2912.5,2881.25,2893.75,1710.6788330078125,124136800
2017-03-17,2912.5,2925.0,2887.5,2906.25,1718.068359375,115811200
2017-03-20,2931.25,2975.0,2906.25,2943.75,1740.2369384765625,84118000
2017-03-21,2962.5,2975.0,2937.5,2950.0,1743.931396484375,98651200
2017-03-22,2887.5,2956.25,2868.75,2943.75,1780.4119873046875,137866400
2017-03-23,2962.5,3006.25,2962.5,2975.0,1799.312744140625,164951600
2017-03-24,2993.75,2993.75,2937.5,2975.0,1799.312744140625,101622400
2017-03-27,2925.0,2962.5,2925.0,2925.0,1769.072021484375,43376800
2017-03-29,2975.0,2975.0,2918.75,2943.75,1780.4119873046875,55658000
2017-03-30,2943.75,2962.5,2906.25,2943.75,1780.4119873046875,32161600
2017-03-31,2937.5,2943.75,2925.0,2925.0,1769.072021484375,63985600
2017-04-03,2950.0,2962.5,2900.0,2937.5,1776.63232421875,58964400
2017-04-04,2912.5,2987.5,2912.5,2937.5,1776.63232421875,77408800
2017-04-05,2937.5,2937.5,2937.5,2937.5,1776.63232421875,0
2017-04-06,2975.0,3106.25,2956.25,3106.25,1878.6942138671875,87415600
2017-04-07,3075.0,3106.25,3050.0,3050.0,1844.673828125,79835600
2017-04-10,3056.25,3068.75,2987.5,3012.5,1821.9931640625,36636800
2017-04-11,3000.0,3000.0,2925.0,2937.5,1776.63232421875,43113200
2017-04-12,2918.75,2950.0,2918.75,2925.0,1769.072021484375,32561600
2017-04-13,2950.0,2962.5,2875.0,2912.5,1761.5118408203125,56194400
2017-04-17,2925.0,2925.0,2881.25,2906.25,1757.73193359375,19153200
2017-04-18,2925.0,2962.5,2906.25,2937.5,1776.63232421875,89368000
2017-04-19,2937.5,2937.5,2937.5,2937.5,1776.63232421875,0
2017-04-20,2925.0,2937.5,2862.5,2881.25,1742.611572265625,81478400
2017-04-21,2893.75,2918.75,2850.0,2850.0,1723.7113037109375,38329600
2017-04-25,2893.75,2925.0,2868.75,2887.5,1746.391845703125,149208000
2017-04-26,2925.0,3068.75,2925.0,2956.25,1787.972412109375,319850400
2017-04-27,2925.0,2962.5,2925.0,2931.25,1772.8521728515625,106382000
2017-04-28,2918.75,2937.5,2912.5,2925.0,1769.072021484375,83747600
2017-05-02,2925.0,2931.25,2918.75,2918.75,1765.2919921875,83054400
2017-05-03,2912.5,2912.5,2875.0,2893.75,1750.171630859375,99818800
2017-05-04,2906.25,2956.25,2906.25,2925.0,1769.072021484375,134070000
2017-05-05,2937.5,3031.25,2937.5,2993.75,1810.6529541015625,146848400
2017-05-08,3025.0,3068.75,3012.5,3012.5,1821.9931640625,150575200
2017-05-09,3012.5,3037.5,3000.0,3000.0,1814.43310546875,60982800
2017-05-10,3025.0,3025.0,2981.25,3006.25,1818.2130126953125,78420400
2017-05-12,3043.75,3043.75,2987.5,3000.0,1814.43310546875,97264400
2017-05-15,3025.0,3031.25,2987.5,3031.25,1833.3331298828125,45706000
2017-05-16,3031.25,3037.5,2987.5,2993.75,1810.6529541015625,75918000
2017-05-17,2993.75,3012.5,2950.0,3000.0,1814.43310546875,84887200
2017-05-18,3000.0,3037.5,2962.5,3037.5,1837.113525390625,35564400
2017-05-19,3037.5,3318.75,2993.75,3225.0,1950.515625,113093200
2017-05-22,3300.0,3325.0,3100.0,3131.25,1893.8143310546875,102829200
2017-05-23,3131.25,3143.75,3025.0,3062.5,1852.2335205078125,73616400
2017-05-24,3012.5,3100.0,3000.0,3100.0,1874.9141845703125,50502800
2017-05-26,3118.75,3125.0,3025.0,3037.5,1837.113525390625,57578000
2017-05-29,3075.0,3100.0,3037.5,3087.5,1867.35400390625,46570000
2017-05-30,3062.5,3118.75,3062.5,3106.25,1878.6942138671875,40218400
2017-05-31,3125.0,3150.0,3087.5,3150.0,1905.154541015625,85243600
2017-06-01,3150.0,3150.0,3150.0,3150.0,1905.154541015625,0
2017-06-02,3212.5,3212.5,3125.0,3150.0,1905.154541015625,59829200
2017-06-05,3150.0,3193.75,3143.75,3168.75,1916.4949951171875,47045600
2017-06-06,3143.75,3181.25,3093.75,3125.0,1890.0345458984375,28721200
2017-06-07,3087.5,3125.0,3087.5,3100.0,1874.9141845703125,49372000
2017-06-08,3087.5,3100.0,3050.0,3081.25,1863.57373046875,71202800
2017-06-09,3075.0,3112.5,3050.0,3056.25,1848.4534912109375,32254000
2017-06-12,3068.75,3081.25,3056.25,3056.25,1848.4534912109375,25720400
2017-06-13,3037.5,3106.25,3037.5,3062.5,1852.2335205078125,33952400
2017-06-14,3081.25,3137.5,3075.0,3125.0,1890.0345458984375,47202400
2017-06-15,3125.0,3187.5,3112.5,3125.0,1890.0345458984375,93786800
2017-06-16,3112.5,3125.0,3081.25,3118.75,1886.2542724609375,87512000
2017-06-19,3118.75,3131.25,3100.0,3118.75,1886.2542724609375,30677600
2017-06-20,3112.5,3131.25,3068.75,3131.25,1893.8143310546875,69688000
2017-06-21,3112.5,3175.0,3106.25,3175.0,1920.27490234375,194634400
2017-06-22,3175.0,3187.5,3137.5,3187.5,1927.835205078125,140644400
2017-06-23,3187.5,3187.5,3187.5,3187.5,1927.835205078125,0
2017-06-26,3187.5,3187.5,3187.5,3187.5,1927.835205078125,0
2017-06-27,3187.5,3187.5,3187.5,3187.5,1927.835205078125,0
2017-06-28,3187.5,3187.5,3187.5,3187.5,1927.835205078125,0
2017-06-29,3187.5,3187.5,3187.5,3187.5,1927.835205078125,0
2017-06-30,3187.5,3187.5,3187.5,3187.5,1927.835205078125,0
2017-07-03,3193.75,3375.0,3168.75,3375.0,2041.2369384765625,116340400
2017-07-04,3331.25,3375.0,3300.0,3375.0,2041.2369384765625,65585600
2017-07-05,3368.75,3368.75,3306.25,3331.25,2014.7767333984375,156807200
2017-07-06,3331.25,3362.5,3325.0,3331.25,2014.7767333984375,68512000
2017-07-07,3275.0,3343.75,3275.0,3312.5,2003.4365234375,94396000
2017-07-10,3250.0,3325.0,3250.0,3275.0,1980.756103515625,44828000
2017-07-11,3250.0,3262.5,3218.75,3243.75,1961.855712890625,49422400
2017-07-12,3212.5,3312.5,3212.5,3306.25,1999.65625,33112400
2017-07-13,3325.0,3350.0,3262.5,3350.0,2026.116943359375,102872000
2017-07-14,3362.5,3387.5,3300.0,3387.5,2048.79736328125,23547200
2017-07-17,3387.5,3393.75,3362.5,3393.75,2052.577392578125,28083200
2017-07-18,3375.0,3381.25,3356.25,3381.25,2045.0172119140625,17110400
2017-07-19,3393.75,3393.75,3312.5,3331.25,2014.7767333984375,47982400
2017-07-20,3331.25,3375.0,3325.0,3375.0,2041.2369384765625,31556800
2017-07-21,3331.25,3375.0,3262.5,3262.5,1973.1959228515625,62956800
2017-07-24,3256.25,3318.75,3250.0,3318.75,2007.216552734375,68629600
2017-07-25,3275.0,3337.5,3275.0,3337.5,2018.5567626953125,56757200
2017-07-26,3300.0,3362.5,3300.0,3337.5,2018.5567626953125,114075600
2017-07-27,3337.5,3362.5,3325.0,3343.75,2022.336669921875,74731600
2017-07-28,3362.5,3362.5,3306.25,3343.75,2022.336669921875,87392800
2017-07-31,3350.0,3412.5,3325.0,3412.5,2063.91748046875,85417600
2017-08-01,3418.75,3418.75,3350.0,3350.0,2026.116943359375,29979200
2017-08-02,3318.75,3375.0,3312.5,3318.75,2007.216552734375,65299600
2017-08-03,3300.0,3325.0,3275.0,3281.25,1984.5361328125,75375200
2017-08-04,3262.5,3331.25,3262.5,3268.75,1976.975830078125,62769600
2017-08-07,3262.5,3306.25,3262.5,3293.75,1992.0963134765625,71766800
2017-08-08,3293.75,3356.25,3287.5,3356.25,2029.89697265625,58065600
2017-08-09,3362.5,3375.0,3312.5,3350.0,2026.116943359375,49458800
2017-08-10,3375.0,3375.0,3318.75,3331.25,2014.7767333984375,41486400
2017-08-11,3312.5,3325.0,3287.5,3300.0,1995.8763427734375,111049200
2017-08-14,3300.0,3325.0,3300.0,3312.5,2003.4365234375,77951600
2017-08-15,3331.25,3331.25,3318.75,3325.0,2010.9967041015625,47208800
2017-08-16,3331.25,3331.25,3312.5,3331.25,2014.7767333984375,40337200
2017-08-17,3331.25,3331.25,3331.25,3331.25,2014.7767333984375,0
2017-08-18,3300.0,3300.0,3268.75,3275.0,1980.756103515625,143414400
2017-08-21,3262.5,3312.5,3262.5,3300.0,1995.8763427734375,56732800
2017-08-22,3325.0,3325.0,3312.5,3312.5,2003.4365234375,37080400
2017-08-23,3337.5,3343.75,3300.0,3318.75,2007.216552734375,46171200
2017-08-24,3325.0,3325.0,3300.0,3300.0,1995.8763427734375,84711600
2017-08-25,3337.5,3337.5,3293.75,3293.75,1992.0963134765625,45026400
2017-08-28,3312.5,3318.75,3300.0,3306.25,1999.65625,15407600
2017-08-29,3293.75,3306.25,3275.0,3275.0,1980.756103515625,83386400
2017-08-30,3275.0,3293.75,3268.75,3275.0,1980.756103515625,48228400
2017-08-31,3268.75,3293.75,3268.75,3275.0,1980.756103515625,69100800
2017-09-01,3275.0,3275.0,3275.0,3275.0,1980.756103515625,0
2017-09-04,3262.5,3281.25,3243.75,3262.5,1973.1959228515625,69268400
2017-09-05,3250.0,3268.75,3218.75,3268.75,1976.975830078125,53423200
2017-09-06,3225.0,3256.25,3200.0,3237.5,1958.075439453125,126368400
2017-09-07,3262.5,3262.5,3225.0,3256.25,1969.4158935546875,45544400
2017-09-08,3268.75,3331.25,3250.0,3318.75,2007.216552734375,92788000
2017-09-11,3318.75,3325.0,3300.0,3300.0,1995.8763427734375,51046400
2017-09-12,3325.0,3331.25,3293.75,3300.0,1995.8763427734375,51482000
2017-09-13,3350.0,3350.0,3275.0,3287.5,1988.3162841796875,22269800
2017-09-14,3312.5,3325.0,3275.0,3275.0,1980.756103515625,32387000
2017-09-15,3275.0,3337.5,3262.5,3312.5,2003.4365234375,96577000
2017-09-18,3275.0,3312.5,3250.0,3287.5,1988.3162841796875,31203000
2017-09-19,3300.0,3312.5,3262.5,3300.0,1995.8763427734375,65627600
2017-09-20,3287.5,3312.5,3275.0,3300.0,1995.8763427734375,152308200
2017-09-21,3300.0,3300.0,3300.0,3300.0,1995.8763427734375,0
2017-09-22,3300.0,3325.0,3275.0,3300.0,1995.8763427734375,88331600
2017-09-25,3300.0,3325.0,3275.0,3287.5,1988.3162841796875,55045800
2017-09-26,3300.0,3300.0,3275.0,3275.0,1980.756103515625,94085400
2017-09-27,3287.5,3300.0,3262.5,3300.0,1995.8763427734375,121814200
2017-09-28,3300.0,3312.5,3287.5,3287.5,1988.3162841796875,56049600
2017-09-29,3287.5,3387.5,3287.5,3362.5,2033.6768798828125,175719200
2017-10-02,3362.5,3375.0,3312.5,3350.0,2026.116943359375,41590800
2017-10-03,3350.0,3375.0,3325.0,3350.0,2026.116943359375,59653400
2017-10-04,3362.5,3362.5,3325.0,3325.0,2010.9967041015625,43641800
2017-10-05,3337.5,3350.0,3287.5,3300.0,1995.8763427734375,77918000
2017-10-06,3300.0,3312.5,3287.5,3300.0,1995.8763427734375,22471200
2017-10-09,3325.0,3325.0,3287.5,3300.0,1995.8763427734375,21028600
2017-10-10,3325.0,3362.5,3300.0,3350.0,2026.116943359375,53161200
2017-10-11,3362.5,3387.5,3337.5,3362.5,2033.6768798828125,117588400
2017-10-12,3375.0,3437.5,3337.5,3412.5,2063.91748046875,167578400
2017-10-13,3425.0,3500.0,3387.5,3387.5,2048.79736328125,98661000
2017-10-16,3437.5,3562.5,3437.5,3462.5,2094.158203125,177292000
2017-10-17,3537.5,3537.5,3475.0,3512.5,2124.3984375,112955000
2017-10-18,3550.0,3550.0,3512.5,3537.5,2139.51904296875,152454400
2017-10-19,3537.5,3537.5,3462.5,3487.5,2109.278564453125,78878400
2017-10-20,3487.5,3562.5,3475.0,3550.0,2147.0791015625,55557200
2017-10-23,3537.5,3550.0,3450.0,3475.0,2101.718017578125,65908600
2017-10-24,3450.0,3500.0,3412.5,3412.5,2063.91748046875,44982200
2017-10-25,3475.0,3525.0,3475.0,3500.0,2116.838623046875,166683400
2017-10-26,3525.0,3550.0,3487.5,3512.5,2124.3984375,91155200
2017-10-27,3500.0,3562.5,3475.0,3475.0,2101.718017578125,63364400
2017-10-30,3550.0,3562.5,3487.5,3537.5,2139.51904296875,107043000
2017-10-31,3562.5,3575.0,3500.0,3525.0,2131.958740234375,78930400
2017-11-01,3550.0,3550.0,3512.5,3550.0,2147.0791015625,43310400
2017-11-02,3575.0,3712.5,3562.5,3637.5,2199.99951171875,68625800
2017-11-03,3675.0,3687.5,3562.5,3625.0,2192.43994140625,78730200
2017-11-06,3575.0,3675.0,3575.0,3612.5,2184.879638671875,59551800
2017-11-07,3612.5,3637.5,3537.5,3562.5,2154.63916015625,56480400
2017-11-08,3575.0,3600.0,3550.0,3587.5,2169.759521484375,80597600
2017-11-09,3587.5,3600.0,3537.5,3537.5,2139.51904296875,170971800
2017-11-10,3550.0,3562.5,3512.5,3525.0,2131.958740234375,84111200
2017-11-13,3550.0,3550.0,3475.0,3525.0,2131.958740234375,33709000
2017-11-14,3500.0,3550.0,3475.0,3475.0,2101.718017578125,59334000
2017-11-15,3525.0,3525.0,3462.5,3487.5,2109.278564453125,81461200
2017-11-16,3462.5,3562.5,3462.5,3550.0,2147.0791015625,79021400
2017-11-17,3587.5,3700.0,3562.5,3662.5,2215.1201171875,96578200
2017-11-20,3687.5,3737.5,3650.0,3712.5,2245.360595703125,53410000
2017-11-21,3725.0,3725.0,3662.5,3700.0,2237.80078125,191716800
2017-11-22,3750.0,3800.0,3687.5,3687.5,2230.239990234375,72659600
2017-11-23,3762.5,3762.5,3687.5,3725.0,2252.9208984375,55739600
2017-11-24,3750.0,3750.0,3687.5,3725.0,2252.9208984375,36058400
2017-11-27,3725.0,3737.5,3687.5,3712.5,2245.360595703125,122810200
2017-11-28,3700.0,3725.0,3700.0,3712.5,2245.360595703125,68486600
2017-11-29,3737.5,3737.5,3700.0,3700.0,2237.80078125,139273800
2017-11-30,3700.0,3800.0,3687.5,3700.0,2237.80078125,167540000
2017-12-01,3700.0,3700.0,3700.0,3700.0,2237.80078125,0
2017-12-04,3750.0,3750.0,3700.0,3725.0,2252.9208984375,73258000
2017-12-05,3737.5,3762.5,3712.5,3737.5,2260.480712890625,65673400
2017-12-06,3750.0,3762.5,3725.0,3737.5,2260.480712890625,47704000
2017-12-07,3725.0,3737.5,3675.0,3675.0,2222.679931640625,50580000
2017-12-08,3750.0,3762.5,3687.5,3737.5,2260.480712890625,33166400
2017-12-11,3762.5,3775.0,3725.0,3737.5,2260.480712890625,17030400
2017-12-12,3775.0,3775.0,3700.0,3725.0,2252.9208984375,51088800
2017-12-13,3700.0,3750.0,3700.0,3737.5,2260.480712890625,54077800
2017-12-14,3750.0,3775.0,3712.5,3737.5,2260.480712890625,122524400
2017-12-15,3700.0,3737.5,3650.0,3712.5,2245.360595703125,94872200
2017-12-18,3662.5,3750.0,3650.0,3750.0,2268.041015625,33166000
2017-12-19,3687.5,3762.5,3675.0,3737.5,2260.480712890625,70926400
2017-12-20,3762.5,3762.5,3687.5,3725.0,2252.9208984375,79075800
2017-12-21,3775.0,3850.0,3750.0,3812.5,2305.842041015625,88489000
2017-12-22,3812.5,3850.0,3775.0,3837.5,2320.962158203125,158513400
2017-12-25,3837.5,3837.5,3837.5,3837.5,2320.962158203125,0
2017-12-26,3837.5,3837.5,3837.5,3837.5,2320.962158203125,0
2017-12-27,3837.5,4025.0,3837.5,4000.0,2419.243896484375,53968200
2017-12-28,3987.5,4050.0,3925.0,3975.0,2404.123779296875,251049600
2017-12-29,4025.0,4037.5,3900.0,4000.0,2419.243896484375,78314600
2018-01-01,4000.0,4000.0,4000.0,4000.0,2419.243896484375,0
2018-01-02,3987.5,4025.0,3912.5,3925.0,2373.8828125,59351600
2018-01-03,3925.0,3925.0,3825.0,3850.0,2328.522216796875,84278000
2018-01-04,3875.0,3912.5,3862.5,3912.5,2366.322998046875,90123000
2018-01-05,3862.5,3925.0,3862.5,3912.5,2366.322998046875,75378600
2018-01-08,3937.5,3975.0,3912.5,3962.5,2396.5634765625,73784000
2018-01-09,3987.5,4000.0,3887.5,3950.0,2389.00341796875,67352000
2018-01-10,3962.5,3962.5,3900.0,3950.0,2389.00341796875,68746400
2018-01-11,3962.5,4037.5,3962.5,4037.5,2441.92431640625,89346200
2018-01-12,4037.5,4125.0,4000.0,4050.0,2449.484375,84306400
2018-01-15,4075.0,4100.0,4025.0,4100.0,2479.72509765625,38412200
2018-01-16,4075.0,4150.0,4075.0,4112.5,2487.28515625,46720000
2018-01-17,4112.5,4112.5,4012.5,4050.0,2449.484375,56945400
2018-01-18,4075.0,4087.5,4025.0,4062.5,2457.044921875,53685800
2018-01-19,4087.5,4087.5,4025.0,4037.5,2441.92431640625,50158600
2018-01-22,4075.0,4075.0,4025.0,4037.5,2441.92431640625,91243800
2018-01-23,4087.5,4087.5,4037.5,4087.5,2472.164794921875,111192600
2018-01-24,4100.0,4125.0,4075.0,4125.0,2494.844970703125,84633200
2018-01-25,4125.0,4137.5,4037.5,4075.0,2464.60498046875,65155800
2018-01-26,4100.0,4125.0,4062.5,4100.0,2479.72509765625,69599800
2018-01-29,4112.5,4125.0,3950.0,4087.5,2472.164794921875,101413600
2018-01-30,4037.5,4050.0,3987.5,4025.0,2434.364501953125,102154200
2018-01-31,3987.5,4087.5,3975.0,4075.0,2464.60498046875,79788400
2018-02-01,4100.0,4125.0,4062.5,4100.0,2479.72509765625,72274400
2018-02-02,4100.0,4112.5,4062.5,4062.5,2457.044921875,60042800
2018-02-05,4025.0,4075.0,3987.5,4062.5,2457.044921875,63620600
2018-02-06,4000.0,4050.0,3962.5,4012.5,2426.80419921875,92415600
2018-02-07,4050.0,4075.0,4037.5,4062.5,2457.044921875,57427400
2018-02-08,4100.0,4125.0,4025.0,4087.5,2472.164794921875,79067200
2018-02-09,4037.5,4112.5,4025.0,4112.5,2487.28515625,211953600
2018-02-12,4112.5,4125.0,4037.5,4100.0,2479.72509765625,72517000
2018-02-13,4100.0,4150.0,4100.0,4137.5,2502.405517578125,75870600
2018-02-14,4150.0,4162.5,4112.5,4150.0,2509.965576171875,26730800
2018-02-15,4187.5,4187.5,4075.0,4150.0,2509.965576171875,65557000
2018-02-16,4150.0,4150.0,4150.0,4150.0,2509.965576171875,0
2018-02-19,4175.0,4237.5,4137.5,4237.5,2562.886474609375,49342200
2018-02-20,4262.5,4525.0,4212.5,4525.0,2736.769775390625,79298400
2018-02-21,4450.0,4462.5,4375.0,4400.0,2661.16845703125,83845600
2018-02-22,4437.5,4437.5,4287.5,4312.5,2608.24755859375,39301400
2018-02-23,4287.5,4350.0,4250.0,4275.0,2585.5673828125,62711800
2018-02-26,4300.0,4300.0,4150.0,4150.0,2509.965576171875,66541400
2018-02-27,4212.5,4262.5,4162.5,4212.5,2547.766357421875,92994400
2018-02-28,4237.5,4237.5,4150.0,4150.0,2509.965576171875,81356600
2018-03-01,4200.0,4225.0,4162.5,4187.5,2532.64599609375,50682200
2018-03-02,4162.5,4237.5,4112.5,4237.5,2562.886474609375,49761400
2018-03-05,4187.5,4212.5,4100.0,4112.5,2487.28515625,44376600
2018-03-06,4137.5,4150.0,4000.0,4025.0,2434.364501953125,77337000
2018-03-07,4012.5,4062.5,3850.0,3962.5,2396.5634765625,116997600
2018-03-08,4000.0,4087.5,4000.0,4050.0,2449.484375,86635600
2018-03-09,4025.0,4087.5,4000.0,4050.0,2449.484375,46391000
2018-03-12,4100.0,4162.5,4075.0,4162.5,2517.525634765625,78310600
2018-03-13,4112.5,4137.5,4025.0,4087.5,2472.164794921875,79622600
2018-03-14,4112.5,4112.5,3987.5,4100.0,2479.72509765625,41997000
2018-03-15,4087.5,4087.5,4000.0,4000.0,2419.243896484375,66507000
2018-03-16,3950.0,3975.0,3850.0,3962.5,2396.5634765625,155572000
2018-03-19,4012.5,4062.5,3962.5,4037.5,2441.92431640625,95158400
2018-03-20,3975.0,4075.0,3925.0,4050.0,2449.484375,77864800
2018-03-21,4100.0,4112.5,4050.0,4100.0,2479.72509765625,113297400
2018-03-22,4125.0,4125.0,3975.0,4000.0,2419.243896484375,183372000
2018-03-23,3900.0,4025.0,3850.0,4025.0,2434.364501953125,90662600
2018-03-26,3925.0,4037.5,3925.0,4037.5,2441.92431640625,42673400
2018-03-27,4062.5,4075.0,3975.0,4000.0,2419.243896484375,55450200
2018-03-28,3975.0,3987.5,3862.5,3900.0,2358.762939453125,76203200
2018-03-29,3825.0,3837.5,3762.5,3837.5,2381.734619140625,78477600
2018-03-30,3837.5,3837.5,3837.5,3837.5,2381.734619140625,0
2018-04-02,3787.5,3912.5,3787.5,3912.5,2428.283447265625,31435200
2018-04-03,3862.5,3900.0,3837.5,3900.0,2420.52490234375,47967200
2018-04-04,3912.5,3912.5,3775.0,3800.0,2358.460693359375,38287200
2018-04-05,3875.0,3875.0,3762.5,3825.0,2373.9765625,54709000
2018-04-06,3775.0,3812.5,3750.0,3775.0,2342.944091796875,45831200
2018-04-09,3825.0,3825.0,3750.0,3787.5,2350.702392578125,32505800
2018-04-10,3775.0,3937.5,3775.0,3937.5,2443.79931640625,87487000
2018-04-11,3975.0,4037.5,3962.5,4025.0,2498.106201171875,58578400
2018-04-12,4000.0,4012.5,3925.0,4012.5,2490.347900390625,56053600
2018-04-13,4050.0,4050.0,3962.5,4012.5,2490.347900390625,33896200
2018-04-16,4012.5,4012.5,4012.5,4012.5,2490.347900390625,0
2018-04-17,4012.5,4012.5,4012.5,4012.5,2490.347900390625,0
2018-04-18,3975.0,4025.0,3950.0,4025.0,2498.106201171875,28595200
2018-04-19,4025.0,4025.0,4025.0,4025.0,2498.106201171875,0
2018-04-20,4025.0,4025.0,4025.0,4025.0,2498.106201171875,0
2018-04-23,3937.5,4000.0,3925.0,4000.0,2482.590087890625,62793000
2018-04-24,4000.0,4000.0,3862.5,3862.5,2397.250732421875,49193400
2018-04-25,3862.5,3862.5,3862.5,3862.5,2397.250732421875,0
2018-04-26,3862.5,3862.5,3862.5,3862.5,2397.250732421875,0
2018-04-27,3862.5,3862.5,3862.5,3862.5,2397.250732421875,0
2018-04-30,3500.0,3575.0,3437.5,3562.5,2211.056884765625,94666400
2018-05-01,3562.5,3562.5,3562.5,3562.5,2211.056884765625,0
2018-05-02,3562.5,3612.5,3487.5,3600.0,2234.3310546875,53590000
2018-05-03,3575.0,3587.5,3425.0,3425.0,2125.7177734375,104380400
2018-05-04,3425.0,3450.0,3300.0,3312.5,2055.89501953125,54995600
2018-05-07,3300.0,3437.5,3300.0,3400.0,2110.20166015625,66820800
2018-05-08,3400.0,3412.5,3337.5,3400.0,2110.20166015625,106457400
2018-05-09,3362.5,3587.5,3362.5,3587.5,2226.572998046875,111977600
2018-05-10,3587.5,3587.5,3587.5,3587.5,2226.572998046875,0
2018-05-11,3625.0,3737.5,3575.0,3600.0,2234.3310546875,103564000
2018-05-14,3650.0,3650.0,3475.0,3600.0,2234.3310546875,73256600
2018-05-15,3500.0,3600.0,3400.0,3425.0,2125.7177734375,117942000
2018-05-16,3350.0,3437.5,3300.0,3425.0,2125.7177734375,171743000
2018-05-17,3475.0,3500.0,3350.0,3350.0,2079.169189453125,108035800
2018-05-18,3387.5,3450.0,3325.0,3400.0,2110.20166015625,73179600
2018-05-21,3362.5,3387.5,3300.0,3337.5,2071.4111328125,93035200
2018-05-22,3375.0,3387.5,3262.5,3262.5,2024.8624267578125,95244600
2018-05-23,3300.0,3437.5,3300.0,3387.5,2102.443359375,98477800
2018-05-24,3500.0,3537.5,3425.0,3500.0,2172.266357421875,105512200
2018-05-25,3525.0,3537.5,3475.0,3500.0,2172.266357421875,87283000
2018-05-28,3575.0,3712.5,3550.0,3687.5,2288.637451171875,129253400
2018-05-29,3687.5,3687.5,3687.5,3687.5,2288.637451171875,0
2018-05-30,3612.5,3812.5,3575.0,3625.0,2249.84716796875,170628800
2018-05-31,3700.0,3700.0,3512.5,3525.0,2187.782470703125,211020800
2018-06-01,3525.0,3525.0,3525.0,3525.0,2187.782470703125,0
2018-06-04,3550.0,3712.5,3550.0,3687.5,2288.637451171875,80221000
2018-06-05,3725.0,3725.0,3637.5,3675.0,2280.87939453125,73520200
2018-06-06,3650.0,3687.5,3650.0,3662.5,2273.121337890625,72158600
2018-06-07,3687.5,3700.0,3662.5,3687.5,2288.637451171875,49787600
2018-06-08,3700.0,3700.0,3475.0,3475.0,2156.75,134418800
2018-06-11,3475.0,3475.0,3475.0,3475.0,2156.75,0
2018-06-12,3475.0,3475.0,3475.0,3475.0,2156.75,0
2018-06-13,3475.0,3475.0,3475.0,3475.0,2156.75,0
2018-06-14,3475.0,3475.0,3475.0,3475.0,2156.75,0
2018-06-15,3475.0,3475.0,3475.0,3475.0,2156.75,0
2018-06-18,3475.0,3475.0,3475.0,3475.0,2156.75,0
2018-06-19,3475.0,3475.0,3475.0,3475.0,2156.75,0
2018-06-20,3425.0,3425.0,3250.0,3350.0,2079.169189453125,170142400
2018-06-21,3350.0,3387.5,3287.5,3350.0,2079.169189453125,109648600
2018-06-22,3350.0,3362.5,3300.0,3350.0,2079.169189453125,90954000
2018-06-25,3375.0,3387.5,3287.5,3350.0,2079.169189453125,59331600
2018-06-26,3287.5,3375.0,3287.5,3312.5,2055.89501953125,55935600
2018-06-27,3325.0,3350.0,3300.0,3300.0,2048.13671875,51148600
2018-06-28,3362.5,3362.5,3212.5,3250.0,2017.104736328125,109565000
2018-06-29,3375.0,3425.0,3300.0,3425.0,2125.7177734375,82868000
2018-07-02,3487.5,3487.5,3262.5,3262.5,2024.8624267578125,55579800
2018-07-03,3237.5,3287.5,3162.5,3162.5,1962.797607421875,74286400
2018-07-04,3200.0,3312.5,3137.5,3300.0,2048.13671875,54066400
2018-07-05,3250.0,3300.0,3175.0,3262.5,2024.8624267578125,49814600
2018-07-06,3200.0,3237.5,3150.0,3150.0,1955.039306640625,51696400
2018-07-09,3175.0,3262.5,3150.0,3212.5,1993.8299560546875,111683800
2018-07-10,3250.0,3287.5,3187.5,3225.0,2001.58837890625,87662000
2018-07-11,3150.0,3187.5,3125.0,3175.0,1970.555908203125,71600600
2018-07-12,3150.0,3225.0,3150.0,3225.0,2001.58837890625,69482600
2018-07-13,3212.5,3325.0,3212.5,3300.0,2048.13671875,71123600
2018-07-16,3275.0,3312.5,3187.5,3275.0,2032.6207275390625,57879600
2018-07-17,3225.0,3237.5,3150.0,3162.5,1962.797607421875,84860000
2018-07-18,3162.5,3212.5,3150.0,3200.0,1986.0721435546875,46293000
2018-07-19,3212.5,3262.5,3187.5,3187.5,1978.3138427734375,69942000
2018-07-20,3212.5,3225.0,3137.5,3175.0,1970.555908203125,101994800
2018-07-23,3200.0,3287.5,3187.5,3200.0,1986.0721435546875,80140200
2018-07-24,3250.0,3262.5,3200.0,3262.5,2024.8624267578125,38980400
2018-07-25,3275.0,3275.0,3225.0,3237.5,2009.34619140625,62149400
2018-07-26,3250.0,3275.0,3237.5,3275.0,2032.6207275390625,57947800
2018-07-27,3287.5,3287.5,3250.0,3287.5,2040.3787841796875,35688800
2018-07-30,3287.5,3362.5,3275.0,3362.5,2086.92724609375,54608200
2018-07-31,3362.5,3362.5,3287.5,3325.0,2063.653076171875,66929400
2018-08-01,3350.0,3500.0,3337.5,3500.0,2172.266357421875,110824000
2018-08-02,3500.0,3587.5,3462.5,3525.0,2187.782470703125,61392400
2018-08-03,3500.0,3612.5,3500.0,3600.0,2234.3310546875,63550400
2018-08-06,3612.5,3712.5,3600.0,3650.0,2265.363525390625,102478600
2018-08-07,3650.0,3712.5,3600.0,3600.0,2234.3310546875,102967800
2018-08-08,3612.5,3662.5,3550.0,3662.5,2273.121337890625,48967400
2018-08-09,3600.0,3675.0,3600.0,3637.5,2257.60498046875,28914800
2018-08-10,3662.5,3712.5,3650.0,3675.0,2280.87939453125,36267800
2018-08-13,3600.0,3625.0,3425.0,3462.5,2148.991943359375,82658400
2018-08-14,3437.5,3450.0,3350.0,3362.5,2086.92724609375,122915000
2018-08-15,3375.0,3412.5,3262.5,3400.0,2110.20166015625,82042800
2018-08-16,3375.0,3387.5,3300.0,3350.0,2079.169189453125,42463600
2018-08-17,3350.0,3350.0,3350.0,3350.0,2079.169189453125,0
2018-08-20,3475.0,3475.0,3350.0,3362.5,2086.92724609375,81139200
2018-08-21,3375.0,3387.5,3337.5,3350.0,2079.169189453125,62399200
2018-08-22,3350.0,3350.0,3350.0,3350.0,2079.169189453125,0
2018-08-23,3400.0,3425.0,3350.0,3425.0,2125.7177734375,98059800
2018-08-24,3400.0,3425.0,3375.0,3387.5,2102.443359375,75683200
2018-08-27,3412.5,3487.5,3387.5,3487.5,2164.508544921875,84503200
2018-08-28,3500.0,3512.5,3450.0,3500.0,2172.266357421875,80591200
2018-08-29,3487.5,3512.5,3462.5,3500.0,2172.266357421875,55272600
2018-08-30,3500.0,3512.5,3400.0,3425.0,2125.7177734375,52753200
2018-08-31,3350.0,3450.0,3337.5,3450.0,2141.23388671875,110408200
2018-09-03,3450.0,3450.0,3350.0,3350.0,2079.169189453125,55590200
2018-09-04,3362.5,3375.0,3225.0,3287.5,2040.3787841796875,59803000
2018-09-05,3250.0,3262.5,3100.0,3162.5,1962.797607421875,83838600
2018-09-06,3100.0,3275.0,3100.0,3275.0,2032.6207275390625,96306200
2018-09-07,3250.0,3325.0,3225.0,3312.5,2055.89501953125,75525400
2018-09-10,3250.0,3300.0,3212.5,3287.5,2040.3787841796875,37301800
2018-09-11,3287.5,3287.5,3287.5,3287.5,2040.3787841796875,0
2018-09-12,3287.5,3312.5,3187.5,3187.5,1978.3138427734375,46357000
2018-09-13,3237.5,3312.5,3225.0,3287.5,2040.3787841796875,36668600
2018-09-14,3337.5,3375.0,3300.0,3375.0,2094.68505859375,30656000
2018-09-17,3325.0,3337.5,3212.5,3225.0,2001.58837890625,88368200
2018-09-18,3225.0,3262.5,3162.5,3187.5,1978.3138427734375,101172800
2018-09-19,3225.0,3225.0,3187.5,3200.0,1986.0721435546875,42616400
2018-09-20,3212.5,3337.5,3212.5,3337.5,2071.4111328125,99827000
2018-09-21,3375.0,3475.0,3362.5,3425.0,2125.7177734375,124841800
2018-09-24,3425.0,3450.0,3337.5,3375.0,2094.68505859375,81188200
2018-09-25,3337.5,3375.0,3262.5,3312.5,2055.89501953125,46091400
2018-09-26,3287.5,3362.5,3287.5,3300.0,2048.13671875,32016600
2018-09-27,3300.0,3362.5,3275.0,3312.5,2055.89501953125,82349800
2018-09-28,3300.0,3375.0,3300.0,3362.5,2086.92724609375,101686800
2018-10-01,3300.0,3400.0,3300.0,3350.0,2079.169189453125,66513400
2018-10-02,3350.0,3350.0,3212.5,3225.0,2001.58837890625,120652800
2018-10-03,3200.0,3287.5,3200.0,3250.0,2017.104736328125,68383400
2018-10-04,3200.0,3212.5,3112.5,3112.5,1931.765380859375,116478400
2018-10-05,3112.5,3175.0,3087.5,3137.5,1947.2813720703125,67792400
2018-10-08,3137.5,3150.0,3100.0,3100.0,1924.0072021484375,55327600
2018-10-09,3100.0,3187.5,3100.0,3175.0,1970.555908203125,40331400
2018-10-10,3200.0,3262.5,3187.5,3237.5,2009.34619140625,39230800
2018-10-11,3125.0,3175.0,3100.0,3137.5,1947.2813720703125,64054000
2018-10-12,3137.5,3237.5,3137.5,3200.0,1986.0721435546875,70448200
2018-10-15,3250.0,3262.5,3187.5,3187.5,1978.3138427734375,40880400
2018-10-16,3200.0,3250.0,3200.0,3250.0,2017.104736328125,29777600
2018-10-17,3300.0,3325.0,3262.5,3287.5,2040.3787841796875,43108000
2018-10-18,3250.0,3300.0,3200.0,3250.0,2017.104736328125,39270000
2018-10-19,3225.0,3250.0,3187.5,3225.0,2001.58837890625,47990000
2018-10-22,3225.0,3262.5,3187.5,3225.0,2001.58837890625,36415600
2018-10-23,3225.0,3237.5,3212.5,3212.5,1993.8299560546875,25707400
2018-10-24,3212.5,3237.5,3162.5,3162.5,1962.797607421875,33969400
2018-10-25,3125.0,3237.5,3125.0,3237.5,2009.34619140625,62781600
2018-10-26,3237.5,3250.0,3200.0,3225.0,2001.58837890625,39723200
2018-10-29,3212.5,3250.0,3200.0,3200.0,1986.0721435546875,40472000
2018-10-30,3250.0,3262.5,3212.5,3262.5,2024.8624267578125,34731200
2018-10-31,3287.5,3425.0,3275.0,3425.0,2125.7177734375,111265400
2018-11-01,3450.0,3675.0,3437.5,3612.5,2242.088623046875,185151800
2018-11-02,3662.5,3750.0,3550.0,3712.5,2304.15380859375,143785200
2018-11-05,3700.0,3700.0,3625.0,3687.5,2288.637451171875,56013400
2018-11-06,3737.5,3737.5,3625.0,3675.0,2280.87939453125,124000800
2018-11-07,3687.5,3700.0,3600.0,3675.0,2280.87939453125,92281000
2018-11-08,3700.0,3762.5,3687.5,3750.0,2327.427978515625,130444200
2018-11-09,3625.0,3662.5,3575.0,3612.5,2242.088623046875,123465600
2018-11-12,3612.5,3612.5,3487.5,3487.5,2164.508544921875,65689800
2018-11-13,3400.0,3587.5,3400.0,3575.0,2218.814697265625,85750000
2018-11-14,3637.5,3650.0,3562.5,3562.5,2211.056884765625,68203400
2018-11-15,3625.0,3725.0,3575.0,3700.0,2296.3955078125,115193000
2018-11-16,3737.5,3812.5,3687.5,3725.0,2311.912109375,113146000
2018-11-19,3750.0,3787.5,3650.0,3737.5,2319.669677734375,52926800
2018-11-20,3737.5,3737.5,3737.5,3737.5,2319.669677734375,0
2018-11-21,3612.5,3662.5,3525.0,3637.5,2257.60498046875,121808800
2018-11-22,3637.5,3700.0,3587.5,3662.5,2273.121337890625,89601400
2018-11-23,3675.0,3700.0,3637.5,3650.0,2265.363525390625,82350000
2018-11-26,3625.0,3700.0,3625.0,3687.5,2288.637451171875,62934800
2018-11-27,3687.5,3750.0,3675.0,3725.0,2311.912109375,61028800
2018-11-28,3750.0,3750.0,3662.5,3700.0,2296.3955078125,67675000
2018-11-29,3750.0,3825.0,3750.0,3825.0,2373.9765625,141202600
2018-11-30,3787.5,3812.5,3700.0,3700.0,2296.3955078125,148482800
2018-12-03,3775.0,3862.5,3775.0,3800.0,2358.460693359375,136684600
2018-12-04,3787.5,3825.0,3775.0,3825.0,2373.9765625,60153200
2018-12-05,3800.0,3800.0,3762.5,3787.5,2350.702392578125,73322400
2018-12-06,3700.0,3762.5,3700.0,3737.5,2319.669677734375,74092000
2018-12-07,3787.5,3812.5,3737.5,3750.0,2327.427978515625,41692800
2018-12-10,3687.5,3762.5,3675.0,3712.5,2304.15380859375,41105200
2018-12-11,3725.0,3737.5,3700.0,3725.0,2311.912109375,55657400
2018-12-12,3737.5,3775.0,3712.5,3737.5,2319.669677734375,80631400
2018-12-13,3750.0,3850.0,3725.0,3850.0,2389.49267578125,92920000
2018-12-14,3825.0,3825.0,3762.5,3787.5,2350.702392578125,68756400
2018-12-17,3725.0,3787.5,3700.0,3700.0,2296.3955078125,78685000
2018-12-18,3625.0,3675.0,3625.0,3675.0,2280.87939453125,98608800
2018-12-19,3675.0,3737.5,3675.0,3712.5,2304.15380859375,89550000
2018-12-20,3712.5,3712.5,3637.5,3650.0,2265.363525390625,61216000
2018-12-21,3625.0,3650.0,3587.5,3612.5,2242.088623046875,98207400
2018-12-24,3612.5,3612.5,3612.5,3612.5,2242.088623046875,0
2018-12-25,3612.5,3612.5,3612.5,3612.5,2242.088623046875,0
2018-12-26,3575.0,3625.0,3550.0,3612.5,2242.088623046875,52356800
2018-12-27,3662.5,3675.0,3625.0,3637.5,2257.60498046875,48514400
2018-12-28,3675.0,3725.0,3662.5,3687.5,2288.637451171875,97081600
2018-12-31,3687.5,3687.5,3687.5,3687.5,2288.637451171875,0
2019-01-01,3687.5,3687.5,3687.5,3687.5,2288.637451171875,0
2019-01-02,3700.0,3700.0,3625.0,3662.5,2273.121337890625,45319200
2019-01-03,3637.5,3675.0,3550.0,3587.5,2226.572998046875,74174000
2019-01-04,3587.5,3725.0,3575.0,3725.0,2311.912109375,78514000
2019-01-07,3750.0,3787.5,3712.5,3712.5,2304.15380859375,53624800
2019-01-08,3712.5,3737.5,3675.0,3675.0,2280.87939453125,80073200
2019-01-09,3750.0,3787.5,3700.0,3787.5,2350.702392578125,104903400
2019-01-10,3812.5,3850.0,3775.0,3850.0,2389.49267578125,130603200
2019-01-11,3875.0,3900.0,3837.5,3850.0,2389.49267578125,88899400
2019-01-14,3875.0,3875.0,3825.0,3850.0,2389.49267578125,71320000
2019-01-15,3875.0,3900.0,3825.0,3900.0,2420.52490234375,86697200
2019-01-16,3900.0,3912.5,3837.5,3900.0,2420.52490234375,78625600
2019-01-17,3900.0,4025.0,3900.0,3937.5,2443.79931640625,101961200
2019-01-18,3950.0,3962.5,3912.5,3937.5,2443.79931640625,56790000
2019-01-21,3912.5,3950.0,3900.0,3900.0,2420.52490234375,111624400
2019-01-22,3862.5,3900.0,3825.0,3875.0,2405.009033203125,123558000
2019-01-23,3787.5,3850.0,3737.5,3737.5,2319.669677734375,162196000
2019-01-24,3737.5,3750.0,3712.5,3737.5,2319.669677734375,179821400
2019-01-25,3737.5,3762.5,3650.0,3687.5,2288.637451171875,143184800
2019-01-28,3687.5,3712.5,3537.5,3587.5,2226.572998046875,207013400
2019-01-29,3587.5,3625.0,3525.0,3562.5,2211.056884765625,162587800
2019-01-30,3562.5,3662.5,3562.5,3625.0,2249.84716796875,175565200
2019-01-31,3662.5,3737.5,3637.5,3725.0,2311.912109375,214008600
2019-02-01,3750.0,3812.5,3737.5,3800.0,2358.460693359375,104295400
2019-02-04,3750.0,3800.0,3675.0,3675.0,2280.87939453125,80919200
2019-02-05,3675.0,3675.0,3675.0,3675.0,2280.87939453125,0
2019-02-06,3725.0,3762.5,3712.5,3737.5,2319.669677734375,60281400
2019-02-07,3737.5,3775.0,3712.5,3775.0,2342.944091796875,31622800
2019-02-08,3750.0,3787.5,3712.5,3787.5,2350.702392578125,46828400
2019-02-11,3800.0,3812.5,3762.5,3812.5,2366.218505859375,72358200
2019-02-12,3837.5,3837.5,3687.5,3712.5,2304.15380859375,82644200
2019-02-13,3712.5,3737.5,3625.0,3625.0,2249.84716796875,75046400
2019-02-14,3675.0,3687.5,3587.5,3587.5,2226.572998046875,95699000
2019-02-15,3575.0,3612.5,3550.0,3587.5,2226.572998046875,92002800
2019-02-18,3650.0,3650.0,3587.5,3637.5,2257.60498046875,86216800
2019-02-19,3637.5,3662.5,3562.5,3600.0,2234.3310546875,92714200
2019-02-20,3625.0,3625.0,3475.0,3550.0,2203.298583984375,192881200
2019-02-21,3562.5,3662.5,3550.0,3662.5,2273.121337890625,100203800
2019-02-22,3637.5,3650.0,3525.0,3550.0,2203.298583984375,167596800
2019-02-25,3575.0,3625.0,3562.5,3625.0,2249.84716796875,91520000
2019-02-26,3637.5,3637.5,3575.0,3637.5,2257.60498046875,94091000
2019-02-27,3600.0,3637.5,3575.0,3600.0,2234.3310546875,72356800
2019-02-28,3612.5,3625.0,3550.0,3562.5,2211.056884765625,84980200
2019-03-01,3575.0,3612.5,3562.5,3587.5,2226.572998046875,47003200
2019-03-04,3587.5,3587.5,3550.0,3550.0,2203.298583984375,29659800
2019-03-05,3525.0,3562.5,3400.0,3475.0,2156.75,223113200
2019-03-06,3500.0,3537.5,3437.5,3537.5,2195.54052734375,94977600
2019-03-07,3537.5,3537.5,3537.5,3537.5,2195.54052734375,0
2019-03-08,3525.0,3525.0,3450.0,3450.0,2141.23388671875,71523400
2019-03-11,3475.0,3475.0,3412.5,3425.0,2125.7177734375,53912400
2019-03-12,3412.5,3437.5,3337.5,3362.5,2086.92724609375,60509600
2019-03-13,3400.0,3400.0,3325.0,3350.0,2079.169189453125,55730600
2019-03-14,3400.0,3462.5,3362.5,3450.0,2141.23388671875,44212200
2019-03-15,3462.5,3550.0,3462.5,3550.0,2203.298583984375,71744400
2019-03-18,3575.0,3612.5,3512.5,3550.0,2203.298583984375,52140200
2019-03-19,3587.5,3700.0,3575.0,3687.5,2288.637451171875,158696000
2019-03-20,3700.0,3725.0,3650.0,3700.0,2296.3955078125,51652800
2019-03-21,3750.0,3762.5,3725.0,3737.5,2319.669677734375,68829800
2019-03-22,3737.5,3750.0,3712.5,3725.0,2311.912109375,45259400
2019-03-25,3625.0,3662.5,3587.5,3587.5,2226.572998046875,45751600
2019-03-26,3637.5,3675.0,3637.5,3650.0,2265.363525390625,28799400
2019-03-27,3712.5,3712.5,3612.5,3612.5,2242.088623046875,38906600
2019-03-28,3650.0,3687.5,3625.0,3687.5,2288.637451171875,47868600
2019-03-29,3700.0,3750.0,3662.5,3737.5,2319.669677734375,71140200
2019-04-01,3750.0,3762.5,3725.0,3750.0,2327.427978515625,57890600
2019-04-02,3762.5,3762.5,3662.5,3712.5,2304.15380859375,36872800
2019-04-03,3712.5,3712.5,3712.5,3712.5,2304.15380859375,0
2019-04-04,3750.0,3850.0,3750.0,3837.5,2381.734619140625,119083400
2019-04-05,3837.5,3837.5,3775.0,3775.0,2342.944091796875,40534200
2019-04-08,3800.0,3800.0,3687.5,3750.0,2327.427978515625,45862600
2019-04-09,3787.5,3862.5,3775.0,3837.5,2381.734619140625,61437800
2019-04-10,3825.0,3837.5,3762.5,3775.0,2342.944091796875,30552600
2019-04-11,3787.5,3800.0,3700.0,3700.0,2296.3955078125,70389000
2019-04-12,3675.0,3700.0,3650.0,3662.5,2273.121337890625,53372400
2019-04-15,3700.0,3725.0,3662.5,3675.0,2280.87939453125,48251000
2019-04-16,3687.5,3812.5,3675.0,3812.5,2366.218505859375,143066800
2019-04-17,3812.5,3812.5,3812.5,3812.5,2366.218505859375,0
2019-04-18,3900.0,4062.5,3887.5,3900.0,2420.52490234375,243343400
2019-04-19,3900.0,3900.0,3900.0,3900.0,2420.52490234375,0
2019-04-22,3900.0,3937.5,3825.0,3875.0,2405.009033203125,69981800
2019-04-23,3850.0,3887.5,3837.5,3837.5,2381.734619140625,65384600
2019-04-24,3850.0,3862.5,3812.5,3837.5,2381.734619140625,55408400
2019-04-25,3825.0,3837.5,3775.0,3825.0,2373.9765625,111185200
2019-04-26,3775.0,3900.0,3737.5,3862.5,2397.250732421875,150697400
2019-04-29,3850.0,3900.0,3837.5,3887.5,2412.766845703125,112773000
2019-04-30,3912.5,3937.5,3862.5,3862.5,2397.250732421875,103243000
2019-05-01,3862.5,3862.5,3862.5,3862.5,2397.250732421875,0
2019-05-02,3850.0,3862.5,3812.5,3850.0,2389.49267578125,68943800
2019-05-03,3850.0,3850.0,3787.5,3825.0,2373.9765625,60141600
2019-05-06,3750.0,3787.5,3662.5,3762.5,2335.186279296875,100956600
2019-05-07,3837.5,3837.5,3775.0,3825.0,2373.9765625,68861800
2019-05-08,3750.0,3787.5,3725.0,3762.5,2335.186279296875,79916800
2019-05-09,3725.0,3787.5,3725.0,3750.0,2327.427978515625,90947000
2019-05-10,3775.0,3787.5,3687.5,3737.5,2319.669677734375,65009400
2019-05-13,3787.5,3825.0,3750.0,3762.5,2335.186279296875,83342800
2019-05-14,3725.0,3762.5,3700.0,3725.0,2311.912109375,85983800
2019-05-15,3762.5,3800.0,3712.5,3712.5,2304.15380859375,112972400
2019-05-16,3675.0,3725.0,3625.0,3675.0,2280.87939453125,86481000
2019-05-17,3750.0,3750.0,3537.5,3537.5,2195.54052734375,59716600
2019-05-20,3500.0,3637.5,3487.5,3612.5,2242.088623046875,93447200
2019-05-21,3637.5,3675.0,3537.5,3625.0,2249.84716796875,128877200
2019-05-22,3662.5,3700.0,3612.5,3650.0,2265.363525390625,88253000
2019-05-23,3675.0,3800.0,3662.5,3787.5,2350.702392578125,65668800
2019-05-24,3800.0,3887.5,3787.5,3850.0,2389.49267578125,99151200
2019-05-27,3800.0,3862.5,3762.5,3862.5,2474.777587890625,144611000
2019-05-28,3850.0,3850.0,3675.0,3687.5,2362.65185546875,298780800
2019-05-29,3725.0,3775.0,3700.0,3775.0,2418.714599609375,89397400
2019-05-30,3775.0,3775.0,3775.0,3775.0,2418.714599609375,0
2019-05-31,3800.0,3887.5,3775.0,3837.5,2458.759765625,173453000
2019-06-03,3837.5,3837.5,3837.5,3837.5,2458.759765625,0
2019-06-04,3837.5,3837.5,3837.5,3837.5,2458.759765625,0
2019-06-05,3837.5,3837.5,3837.5,3837.5,2458.759765625,0
2019-06-06,3837.5,3837.5,3837.5,3837.5,2458.759765625,0
2019-06-07,3837.5,3837.5,3837.5,3837.5,2458.759765625,0
2019-06-10,3925.0,3975.0,3912.5,3925.0,2514.822509765625,208042400
2019-06-11,3937.5,3950.0,3900.0,3937.5,2522.83203125,107140400
2019-06-12,3950.0,3950.0,3900.0,3937.5,2522.83203125,69330800
2019-06-13,3937.5,3950.0,3850.0,3912.5,2506.813720703125,63482400
2019-06-14,3937.5,3937.5,3900.0,3912.5,2506.813720703125,61672200
2019-06-17,3950.0,3950.0,3900.0,3900.0,2498.8046875,47269400
2019-06-18,3887.5,3937.5,3887.5,3925.0,2514.822509765625,104106200
2019-06-19,3950.0,4000.0,3937.5,3987.5,2554.86767578125,156615200
2019-06-20,4000.0,4025.0,3962.5,3975.0,2546.85888671875,93589200
2019-06-21,4000.0,4012.5,3950.0,3987.5,2554.86767578125,145919600
2019-06-24,3950.0,4012.5,3950.0,3987.5,2554.86767578125,70252200
2019-06-25,4012.5,4012.5,3962.5,3975.0,2546.85888671875,59303200
2019-06-26,3925.0,4000.0,3925.0,3975.0,2546.85888671875,72115200
2019-06-27,3987.5,4025.0,3987.5,4000.0,2562.87646484375,63152000
2019-06-28,4012.5,4025.0,3987.5,4012.5,2570.88525390625,61888000
2019-07-01,4025.0,4037.5,3987.5,4000.0,2562.87646484375,61455600
2019-07-02,4025.0,4025.0,3987.5,4012.5,2570.88525390625,64875600
2019-07-03,3975.0,4012.5,3975.0,4012.5,2570.88525390625,93933600
2019-07-04,4025.0,4025.0,4000.0,4012.5,2570.88525390625,31578600
2019-07-05,3962.5,4012.5,3862.5,3912.5,2506.813720703125,186756200
2019-07-08,3875.0,3937.5,3862.5,3937.5,2522.83203125,105905600
2019-07-09,3912.5,3962.5,3900.0,3950.0,2530.840576171875,88590800
2019-07-10,3975.0,4000.0,3962.5,3975.0,2546.85888671875,100964600
2019-07-11,4012.5,4025.0,3987.5,4000.0,2562.87646484375,70231200
2019-07-12,4025.0,4062.5,4012.5,4037.5,2586.903564453125,73474000
2019-07-15,4075.0,4087.5,4050.0,4075.0,2610.930908203125,89444800
2019-07-16,4037.5,4062.5,3987.5,4037.5,2586.903564453125,146626400
2019-07-17,4000.0,4025.0,3975.0,3987.5,2554.86767578125,128231000
2019-07-18,3950.0,3975.0,3912.5,3925.0,2514.822509765625,142262000
2019-07-19,3900.0,3950.0,3900.0,3937.5,2522.83203125,104530000
2019-07-22,3900.0,3912.5,3875.0,3887.5,2490.79541015625,82851000
2019-07-23,3912.5,3925.0,3850.0,3850.0,2466.76904296875,74981800
2019-07-24,3850.0,3912.5,3850.0,3850.0,2466.76904296875,65565800
2019-07-25,3862.5,3900.0,3850.0,3900.0,2498.8046875,77462000
2019-07-26,3825.0,3887.5,3812.5,3875.0,2482.78662109375,62727400
2019-07-29,3912.5,3912.5,3837.5,3900.0,2498.8046875,55206400
2019-07-30,3900.0,3987.5,3862.5,3975.0,2546.85888671875,87075600
2019-07-31,3937.5,3987.5,3900.0,3987.5,2554.86767578125,59008800
2019-08-01,3937.5,3950.0,3862.5,3887.5,2490.79541015625,96731000
2019-08-02,3850.0,3875.0,3800.0,3837.5,2458.759765625,103727000
2019-08-05,3800.0,3825.0,3662.5,3712.5,2378.669921875,129862600
2019-08-06,3650.0,3700.0,3550.0,3625.0,2322.60693359375,157132400
2019-08-07,3637.5,3700.0,3637.5,3675.0,2354.64306640625,103932800
2019-08-08,3725.0,3762.5,3675.0,3750.0,2402.69677734375,85711800
2019-08-09,3750.0,3775.0,3725.0,3725.0,2386.678955078125,39017600
2019-08-12,3750.0,3750.0,3675.0,3700.0,2370.66064453125,69256600
2019-08-13,3775.0,3775.0,3650.0,3675.0,2354.64306640625,68067800
2019-08-14,3750.0,3762.5,3675.0,3750.0,2402.69677734375,107613000
2019-08-15,3675.0,3700.0,3650.0,3700.0,2370.66064453125,57456400
2019-08-16,3700.0,3712.5,3662.5,3687.5,2362.65185546875,47693000
2019-08-19,3725.0,3725.0,3662.5,3675.0,2354.64306640625,38551200
2019-08-20,3712.5,3725.0,3650.0,3687.5,2362.65185546875,75396200
2019-08-21,3662.5,3675.0,3612.5,3612.5,2314.597900390625,49841400
2019-08-22,3650.0,3662.5,3575.0,3612.5,2314.597900390625,77652800
2019-08-23,3625.0,3625.0,3575.0,3587.5,2298.579833984375,44535800
2019-08-26,3550.0,3550.0,3500.0,3525.0,2258.534912109375,78614600
2019-08-27,3525.0,3562.5,3512.5,3512.5,2250.526123046875,153201600
2019-08-28,3512.5,3550.0,3475.0,3525.0,2258.534912109375,96082400
2019-08-29,3525.0,3550.0,3512.5,3537.5,2266.5439453125,63748800
2019-08-30,3562.5,3625.0,3537.5,3625.0,2322.60693359375,106370600
2019-09-02,3612.5,3612.5,3562.5,3587.5,2298.579833984375,37622200
2019-09-03,3587.5,3600.0,3412.5,3450.0,2210.4814453125,96998200
2019-09-04,3487.5,3487.5,3425.0,3462.5,2218.489990234375,74434600
2019-09-05,3500.0,3512.5,3462.5,3487.5,2234.508056640625,78642800
2019-09-06,3512.5,3575.0,3487.5,3525.0,2258.534912109375,88646000
2019-09-09,3537.5,3537.5,3462.5,3487.5,2234.508056640625,55841400
2019-09-10,3450.0,3525.0,3450.0,3525.0,2258.534912109375,52070400
2019-09-11,3500.0,3575.0,3475.0,3575.0,2290.57080078125,80777800
2019-09-12,3625.0,3662.5,3550.0,3575.0,2290.57080078125,84564600
2019-09-13,3612.5,3625.0,3562.5,3600.0,2306.589111328125,28700200
2019-09-16,3525.0,3550.0,3462.5,3500.0,2242.516845703125,66615800
2019-09-17,3462.5,3550.0,3462.5,3487.5,2234.508056640625,70992200
2019-09-18,3537.5,3600.0,3525.0,3600.0,2306.589111328125,53708400
2019-09-19,3587.5,3587.5,3537.5,3550.0,2274.552978515625,35941600
2019-09-20,3550.0,3575.0,3487.5,3537.5,2266.5439453125,104743400
2019-09-23,3525.0,3550.0,3475.0,3500.0,2242.516845703125,49012600
2019-09-24,3462.5,3487.5,3425.0,3475.0,2226.4990234375,52110000
2019-09-25,3487.5,3500.0,3437.5,3450.0,2210.4814453125,37565400
2019-09-26,3500.0,3550.0,3475.0,3550.0,2274.552978515625,45471400
2019-09-27,3500.0,3525.0,3475.0,3487.5,2234.508056640625,44329400
2019-09-30,3450.0,3487.5,3450.0,3487.5,2234.508056640625,58294000
2019-10-01,3450.0,3525.0,3450.0,3450.0,2210.4814453125,31243400
2019-10-02,3437.5,3475.0,3250.0,3262.5,2090.345947265625,129586200
2019-10-03,3262.5,3262.5,3137.5,3200.0,2050.301513671875,146789000
2019-10-04,3225.0,3262.5,3162.5,3200.0,2050.301513671875,69121800
2019-10-07,3237.5,3237.5,3162.5,3175.0,2034.283203125,36656400
2019-10-08,3175.0,3250.0,3175.0,3250.0,2082.33740234375,104992000
2019-10-09,3225.0,3237.5,3200.0,3212.5,2058.31005859375,55131400
2019-10-10,3212.5,3300.0,3212.5,3262.5,2090.345947265625,120255400
2019-10-11,3250.0,3325.0,3237.5,3275.0,2098.355224609375,96816400
2019-10-14,3312.5,3337.5,3250.0,3300.0,2114.373046875,65272800
2019-10-15,3275.0,3300.0,3250.0,3287.5,2106.3642578125,94139600
2019-10-16,3300.0,3325.0,3275.0,3312.5,2122.38232421875,118973800
2019-10-17,3312.5,3350.0,3312.5,3350.0,2146.408935546875,150037800
2019-10-18,3337.5,3437.5,3325.0,3387.5,2170.435791015625,117544400
2019-10-21,3400.0,3412.5,3350.0,3400.0,2178.4453125,83622800
2019-10-22,3425.0,3425.0,3375.0,3412.5,2186.4541015625,62050200
2019-10-23,3412.5,3550.0,3375.0,3537.5,2266.5439453125,98440400
2019-10-24,3562.5,3625.0,3537.5,3612.5,2314.597900390625,132797200
2019-10-25,3637.5,3637.5,3487.5,3500.0,2242.516845703125,105735200
2019-10-28,3500.0,3537.5,3462.5,3500.0,2242.516845703125,46389600
2019-10-29,3550.0,3575.0,3500.0,3550.0,2274.552978515625,91735400
2019-10-30,3537.5,3537.5,3487.5,3512.5,2250.526123046875,47667200
2019-10-31,3525.0,3525.0,3450.0,3512.5,2250.526123046875,78160000
2019-11-01,3512.5,3512.5,3462.5,3487.5,2234.508056640625,24366800
2019-11-04,3500.0,3512.5,3437.5,3437.5,2202.47216796875,56584800
2019-11-05,3475.0,3600.0,3462.5,3600.0,2306.589111328125,94253000
2019-11-06,3587.5,3600.0,3412.5,3487.5,2234.508056640625,113175200
2019-11-07,3512.5,3512.5,3387.5,3500.0,2242.516845703125,78753600
2019-11-08,3487.5,3575.0,3425.0,3550.0,2274.552978515625,76355000
2019-11-11,3537.5,3550.0,3487.5,3525.0,2258.534912109375,45212000
2019-11-12,3500.0,3550.0,3462.5,3512.5,2250.526123046875,52900800
2019-11-13,3500.0,3500.0,3387.5,3437.5,2202.47216796875,75148400
2019-11-14,3437.5,3450.0,3350.0,3437.5,2202.47216796875,66698600
2019-11-15,3462.5,3512.5,3462.5,3475.0,2226.4990234375,47017200
2019-11-18,3475.0,3512.5,3437.5,3487.5,2234.508056640625,61287000
2019-11-19,3512.5,3575.0,3475.0,3575.0,2290.57080078125,67006200
2019-11-20,3575.0,3600.0,3525.0,3550.0,2274.552978515625,46727600
2019-11-21,3500.0,3600.0,3475.0,3587.5,2298.579833984375,60944600
2019-11-22,3550.0,3587.5,3525.0,3537.5,2266.5439453125,40452800
2019-11-25,3500.0,3525.0,3462.5,3487.5,2234.508056640625,47676200
2019-11-26,3500.0,3525.0,3450.0,3462.5,2218.489990234375,173533200
2019-11-27,3412.5,3487.5,3400.0,3450.0,2210.4814453125,72928800
2019-11-28,3425.0,3450.0,3387.5,3387.5,2170.435791015625,56275200
2019-11-29,3387.5,3500.0,3387.5,3487.5,2234.508056640625,53250600
2019-12-02,3487.5,3575.0,3462.5,3550.0,2274.552978515625,74561000
2019-12-03,3525.0,3587.5,3512.5,3587.5,2298.579833984375,79039000
2019-12-04,3537.5,3575.0,3525.0,3537.5,2266.5439453125,65802200
2019-12-05,3550.0,3600.0,3537.5,3587.5,2298.579833984375,74217800
2019-12-06,3600.0,3612.5,3562.5,3587.5,2298.579833984375,53720600
2019-12-09,3600.0,3650.0,3600.0,3625.0,2322.60693359375,72098600
2019-12-10,3600.0,3700.0,3600.0,3687.5,2362.65185546875,132230000
2019-12-11,3675.0,3700.0,3662.5,3675.0,2354.64306640625,68454200
2019-12-12,3662.5,3725.0,3637.5,3650.0,2338.625,79738600
2019-12-13,3700.0,3725.0,3675.0,3687.5,2362.65185546875,127472400
2019-12-16,3675.0,3712.5,3675.0,3675.0,2354.64306640625,96037400
2019-12-17,3675.0,3700.0,3662.5,3675.0,2354.64306640625,100790000
2019-12-18,3675.0,3775.0,3662.5,3762.5,2410.705810546875,123281600
2019-12-19,3762.5,3800.0,3737.5,3800.0,2434.73291015625,112903200
2019-12-20,3775.0,3850.0,3775.0,3850.0,2466.76904296875,150472200
2019-12-23,3900.0,3900.0,3837.5,3862.5,2474.777587890625,131246800
2019-12-26,3887.5,3912.5,3875.0,3900.0,2498.8046875,140936400
2019-12-27,3912.5,3912.5,3862.5,3875.0,2482.78662109375,58182800
2019-12-30,3862.5,3900.0,3825.0,3837.5,2458.759765625,78005800
2020-01-02,3837.5,3887.5,3825.0,3875.0,2482.78662109375,37379800
2020-01-03,3875.0,3912.5,3812.5,3862.5,2474.777587890625,70294600
2020-01-06,3825.0,3837.5,3762.5,3800.0,2434.73291015625,61892000
2020-01-07,3862.5,3862.5,3787.5,3800.0,2434.73291015625,70895600
2020-01-08,3775.0,3775.0,3687.5,3750.0,2402.69677734375,105080600
2020-01-09,3775.0,3862.5,3762.5,3850.0,2466.76904296875,75587000
2020-01-10,3850.0,3862.5,3825.0,3862.5,2474.777587890625,64231800
2020-01-13,3862.5,3875.0,3825.0,3862.5,2474.777587890625,75399600
2020-01-14,3900.0,3900.0,3850.0,3875.0,2482.78662109375,104134400
2020-01-15,3875.0,3900.0,3800.0,3825.0,2450.750732421875,89795200
2020-01-16,3800.0,3837.5,3762.5,3775.0,2418.714599609375,145432200
2020-01-17,3787.5,3875.0,3762.5,3862.5,2474.777587890625,130500200
2020-01-20,3900.0,3900.0,3800.0,3812.5,2442.741943359375,24031800
2020-01-21,3875.0,3875.0,3812.5,3850.0,2466.76904296875,39166600
2020-01-22,3875.0,3925.0,3862.5,3900.0,2498.8046875,122175200
2020-01-23,3900.0,3912.5,3850.0,3887.5,2490.79541015625,83127800
2020-01-24,3912.5,4000.0,3862.5,3962.5,2538.849853515625,154702000
2020-01-27,3975.0,3987.5,3850.0,3862.5,2474.777587890625,98280000
2020-01-28,3825.0,3912.5,3800.0,3875.0,2482.78662109375,69349600
2020-01-29,3912.5,3962.5,3887.5,3900.0,2498.8046875,109661000
2020-01-30,3900.0,3912.5,3800.0,3825.0,2450.750732421875,85395600
2020-01-31,3837.5,3850.0,3725.0,3775.0,2418.714599609375,157661000
2020-02-03,3700.0,3787.5,3675.0,3750.0,2402.69677734375,87271800
2020-02-04,3800.0,3837.5,3750.0,3762.5,2410.705810546875,138857400
2020-02-05,3800.0,3850.0,3775.0,3850.0,2466.76904296875,130211200
2020-02-06,3900.0,3925.0,3837.5,3850.0,2466.76904296875,111029400
2020-02-07,3837.5,3875.0,3837.5,3862.5,2474.777587890625,86438600
2020-02-10,3850.0,3875.0,3800.0,3862.5,2474.777587890625,78553800
2020-02-11,3862.5,3912.5,3837.5,3887.5,2490.79541015625,98520200
2020-02-12,3912.5,3950.0,3887.5,3900.0,2498.8046875,104678800
2020-02-13,3912.5,3975.0,3900.0,3925.0,2514.822509765625,87904000
2020-02-14,3875.0,3925.0,3875.0,3912.5,2506.813720703125,41345200
2020-02-17,3925.0,3937.5,3900.0,3925.0,2514.822509765625,29816600
2020-02-18,3900.0,3925.0,3900.0,3912.5,2506.813720703125,65442000
2020-02-19,3925.0,3975.0,3900.0,3975.0,2546.85888671875,121614200
2020-02-20,4012.5,4025.0,3962.5,4000.0,2562.87646484375,114537600
2020-02-21,3975.0,4000.0,3912.5,3950.0,2530.840576171875,91798000
2020-02-24,3900.0,3912.5,3825.0,3887.5,2490.79541015625,128768800
2020-02-25,3887.5,3950.0,3850.0,3900.0,2498.8046875,105951800
2020-02-26,3875.0,3875.0,3825.0,3825.0,2450.750732421875,198171000
2020-02-27,3825.0,3850.0,3625.0,3675.0,2354.64306640625,223088600
2020-02-28,3375.0,3637.5,3275.0,3637.5,2448.315673828125,188868200
2020-03-02,3575.0,3625.0,3475.0,3475.0,2338.940673828125,101550200
2020-03-03,3550.0,3675.0,3512.5,3600.0,2423.0751953125,96445200
2020-03-04,3625.0,3750.0,3612.5,3737.5,2515.623291015625,92555400
2020-03-05,3775.0,3825.0,3750.0,3800.0,2557.690673828125,104748600
2020-03-06,3700.0,3700.0,3612.5,3625.0,2439.902099609375,72311200
2020-03-09,3500.0,3500.0,3287.5,3287.5,2212.73876953125,113132400
2020-03-10,3325.0,3500.0,3325.0,3437.5,2313.700439453125,114052000
2020-03-11,3462.5,3525.0,3312.5,3412.5,2296.873291015625,97168800
2020-03-12,3237.5,3337.5,3112.5,3212.5,2162.258056640625,91578200
2020-03-13,3100.0,3237.5,3000.0,3175.0,2137.01806640625,238623800
2020-03-16,3175.0,3175.0,3175.0,3175.0,2137.01806640625,0
2020-03-17,2962.5,2962.5,2762.5,2762.5,1859.37353515625,186380400
2020-03-18,2800.0,2825.0,2575.0,2575.0,1733.171875,215103400
2020-03-19,2500.0,2500.0,2395.0,2395.0,1612.01806640625,167876200
2020-03-20,2370.0,2370.0,2230.0,2230.0,1500.9605712890625,478236600
2020-03-23,2175.0,2175.0,2075.0,2075.0,1396.633544921875,59985800
2020-03-24,2075.0,2115.0,1930.0,1930.0,1299.03759765625,237296200
2020-03-26,1900.0,2290.0,1890.0,2235.0,1504.325927734375,386557200
2020-03-27,2255.0,2612.5,2250.0,2470.0,1662.498779296875,396812000
2020-03-30,2420.0,2420.0,2300.0,2300.0,1548.0758056640625,39766600
2020-03-31,2325.0,2410.0,2225.0,2340.0,1574.9989013671875,208047600
2020-04-01,2325.0,2440.0,2220.0,2305.0,1551.4410400390625,152367000
2020-04-02,2285.0,2375.0,2180.0,2375.0,1598.556640625,132225200
2020-04-03,2400.0,2512.5,2400.0,2512.5,1691.104736328125,105225600
2020-04-06,2512.5,2612.5,2450.0,2600.0,1749.9986572265625,113980400
2020-04-07,2700.0,2800.0,2485.0,2562.5,1724.7584228515625,191464600
2020-04-08,2587.5,2587.5,2385.0,2385.0,1605.2872314453125,155834800
2020-04-09,2400.0,2450.0,2305.0,2335.0,1571.6334228515625,163570800
2020-04-13,2340.0,2340.0,2235.0,2235.0,1504.325927734375,115331000
2020-04-14,2240.0,2320.0,2200.0,2285.0,1537.9796142578125,132848000
2020-04-15,2320.0,2345.0,2200.0,2200.0,1480.7681884765625,124661000
2020-04-16,2200.0,2200.0,2075.0,2105.0,1416.825927734375,215224000
2020-04-17,2110.0,2210.0,2110.0,2190.0,1474.037353515625,163407600
2020-04-20,2225.0,2265.0,2135.0,2185.0,1470.6719970703125,120672000
2020-04-21,2185.0,2205.0,2125.0,2175.0,1463.9412841796875,92203200
2020-04-22,2165.0,2250.0,2125.0,2245.0,1511.056396484375,126786800
2020-04-23,2245.0,2285.0,2240.0,2250.0,1514.4219970703125,115336400
2020-04-24,2250.0,2250.0,2140.0,2140.0,1440.383544921875,131631400
2020-04-27,2155.0,2175.0,2045.0,2075.0,1396.633544921875,205382600
2020-04-28,2095.0,2120.0,2035.0,2075.0,1396.633544921875,157370600
2020-04-29,2100.0,2110.0,2000.0,2000.0,1346.1529541015625,192650200
2020-04-30,2035.0,2240.0,2030.0,2230.0,1500.9605712890625,229509600
2020-05-04,2230.0,2230.0,2120.0,2145.0,1443.7490234375,80572600
2020-05-05,2150.0,2200.0,2080.0,2110.0,1420.1912841796875,185282400
2020-05-06,2125.0,2130.0,2080.0,2080.0,1399.9990234375,138733000
2020-05-08,2100.0,2155.0,2090.0,2100.0,1413.460693359375,127482200
2020-05-11,2140.0,2140.0,2095.0,2115.0,1423.5567626953125,83552200
2020-05-12,2115.0,2115.0,2000.0,2005.0,1349.5184326171875,188578000
2020-05-13,1995.0,2025.0,1950.0,2005.0,1349.5184326171875,134821600
2020-05-14,1985.0,2005.0,1950.0,1975.0,1329.325927734375,141388800
2020-05-15,1975.0,1995.0,1840.0,1880.0,1265.3836669921875,227234200
2020-05-18,1900.0,1900.0,1830.0,1860.0,1251.9219970703125,158710600
2020-05-19,1880.0,2000.0,1880.0,1930.0,1299.03759765625,199655000
2020-05-20,1925.0,2060.0,1915.0,2035.0,1369.710693359375,237644400
2020-05-26,2065.0,2080.0,2030.0,2050.0,1379.806640625,180545000
2020-05-27,2075.0,2100.0,2005.0,2055.0,1383.172119140625,124329600
2020-05-28,2075.0,2170.0,2075.0,2145.0,1443.7490234375,265460200
2020-05-29,2145.0,2245.0,2125.0,2235.0,1504.325927734375,350546800
2020-06-02,2275.0,2495.0,2265.0,2310.0,1554.8065185546875,207635400
2020-06-03,2335.0,2475.0,2295.0,2430.0,1635.57568359375,296607800
2020-06-04,2450.0,2500.0,2360.0,2365.0,1591.8255615234375,169836200
2020-06-05,2365.0,2435.0,2300.0,2425.0,1632.2103271484375,185391000
2020-06-08,2500.0,2662.5,2475.0,2625.0,1766.8255615234375,292605200
2020-06-09,2650.0,2725.0,2575.0,2637.5,1775.2393798828125,147413600
2020-06-10,2600.0,2612.5,2455.0,2455.0,1652.402587890625,289644200
2020-06-11,2400.0,2435.0,2285.0,2345.0,1578.3642578125,364783800
2020-06-12,2295.0,2450.0,2215.0,2445.0,1645.671875,289959400
2020-06-15,2425.0,2455.0,2345.0,2360.0,1588.4603271484375,169814600
2020-06-16,2410.0,2525.0,2410.0,2512.5,1691.104736328125,146116600
2020-06-17,2550.0,2600.0,2445.0,2450.0,1649.037353515625,213944600
2020-06-18,2420.0,2485.0,2390.0,2410.0,1622.1142578125,152175200
2020-06-19,2440.0,2475.0,2410.0,2440.0,1642.306396484375,126356800
2020-06-22,2440.0,2455.0,2400.0,2405.0,1618.7489013671875,66825000
2020-06-23,2425.0,2425.0,2345.0,2395.0,1612.01806640625,95010400
2020-06-24,2445.0,2600.0,2445.0,2575.0,1733.171875,278417000
2020-06-25,2537.5,2600.0,2470.0,2512.5,1691.104736328125,146123000
2020-06-26,2562.5,2575.0,2490.0,2500.0,1682.691162109375,85829000
2020-06-29,2490.0,2500.0,2435.0,2470.0,1662.498779296875,99123000
2020-06-30,2512.5,2525.0,2475.0,2475.0,1665.8641357421875,113994400
2020-07-01,2500.0,2512.5,2455.0,2495.0,1679.32568359375,67747600
2020-07-02,2490.0,2512.5,2480.0,2500.0,1682.691162109375,80606600
2020-07-03,2480.0,2537.5,2450.0,2500.0,1682.691162109375,57839800
2020-07-06,2500.0,2575.0,2500.0,2537.5,1707.931396484375,90019000
2020-07-07,2562.5,2575.0,2525.0,2525.0,1699.51806640625,80447600
2020-07-08,2525.0,2675.0,2512.5,2637.5,1775.2393798828125,149466800
2020-07-09,2675.0,2700.0,2600.0,2625.0,1766.8255615234375,98277200
2020-07-10,2625.0,2637.5,2562.5,2587.5,1741.5850830078125,77850000
2020-07-13,2625.0,2662.5,2612.5,2625.0,1766.8255615234375,72688200
2020-07-14,2650.0,2662.5,2600.0,2650.0,1783.65283203125,78259800
2020-07-15,2675.0,2712.5,2625.0,2637.5,1775.2393798828125,60755400
2020-07-16,2637.5,2675.0,2625.0,2637.5,1775.2393798828125,43859400
2020-07-17,2637.5,2650.0,2587.5,2587.5,1741.5850830078125,60177000
2020-07-20,2587.5,2612.5,2525.0,2550.0,1716.3447265625,52111600
2020-07-21,2575.0,2725.0,2537.5,2650.0,1783.65283203125,145051400
2020-07-22,2687.5,2762.5,2650.0,2712.5,1825.7198486328125,119245000
2020-07-23,2737.5,2887.5,2712.5,2850.0,1918.267822265625,145829600
2020-07-24,2850.0,2850.0,2775.0,2800.0,1884.614013671875,66603400
2020-07-27,2812.5,2937.5,2775.0,2937.5,1977.162109375,58848200
2020-07-28,2950.0,3000.0,2887.5,2925.0,1968.7484130859375,74524600
2020-07-29,2925.0,2925.0,2837.5,2850.0,1918.267822265625,69737200
2020-07-30,2862.5,2900.0,2812.5,2900.0,1951.921630859375,52644600
2020-08-03,2925.0,2937.5,2725.0,2750.0,1850.960205078125,259720800
2020-08-04,2762.5,2800.0,2725.0,2787.5,1876.2005615234375,89173800
2020-08-05,2775.0,2850.0,2725.0,2850.0,1918.267822265625,133844600
2020-08-06,2850.0,2937.5,2850.0,2887.5,1943.5079345703125,90911200
2020-08-07,2850.0,2900.0,2812.5,2900.0,1951.921630859375,57228800
2020-08-10,2900.0,2912.5,2825.0,2900.0,1951.921630859375,50162400
2020-08-11,2912.5,3050.0,2900.0,2987.5,2010.81591796875,117978200
2020-08-12,3000.0,3137.5,2975.0,3075.0,2069.710205078125,92910400
2020-08-13,3125.0,3125.0,3025.0,3025.0,2036.056396484375,85989200
2020-08-14,3037.5,3050.0,2975.0,3012.5,2027.6427001953125,66653400
2020-08-18,3012.5,3112.5,3012.5,3075.0,2069.710205078125,115981200
2020-08-19,3087.5,3125.0,3037.5,3050.0,2052.883056640625,64511800
2020-08-24,3025.0,3087.5,2962.5,3000.0,2019.22900390625,132486400
2020-08-25,3025.0,3137.5,3025.0,3125.0,2103.36328125,132365800
2020-08-26,3125.0,3175.0,3087.5,3175.0,2137.01806640625,78703400
2020-08-27,3175.0,3175.0,3100.0,3150.0,2120.190673828125,93450200
2020-08-28,3137.5,3175.0,3100.0,3112.5,2094.95068359375,75655000
2020-08-31,3112.5,3150.0,2950.0,2975.0,2002.4022216796875,222818800
2020-09-01,2987.5,3062.5,2937.5,3062.5,2061.296630859375,85330800
2020-09-02,3062.5,3100.0,3025.0,3037.5,2044.4696044921875,93203600
2020-09-03,3037.5,3075.0,2975.0,2987.5,2010.81591796875,129014800
2020-09-04,2975.0,2987.5,2925.0,2962.5,1993.989013671875,106844400
2020-09-07,2962.5,2975.0,2887.5,2925.0,1968.7484130859375,100673600
2020-09-08,2950.0,3000.0,2937.5,2987.5,2010.81591796875,60346000
2020-09-09,2950.0,2950.0,2875.0,2887.5,1943.5079345703125,98282200
2020-09-10,2762.5,2762.5,2687.5,2687.5,1808.8929443359375,172775200
2020-09-11,2525.0,2762.5,2525.0,2737.5,1842.546630859375,271155800
2020-09-14,2737.5,2887.5,2737.5,2875.0,1935.0950927734375,143569800
2020-09-15,2875.0,2912.5,2800.0,2837.5,1909.854248046875,128927400
2020-09-16,2875.0,2875.0,2812.5,2825.0,1901.4407958984375,57936000
2020-09-17,2800.0,2875.0,2762.5,2787.5,1876.2005615234375,76432000
2020-09-18,2787.5,2837.5,2750.0,2787.5,1876.2005615234375,91596600
2020-09-21,2787.5,2812.5,2700.0,2737.5,1842.546630859375,52930000
2020-09-22,2650.0,2712.5,2637.5,2650.0,1783.65283203125,113596600
2020-09-23,2650.0,2687.5,2562.5,2600.0,1749.9986572265625,84710800
2020-09-24,2525.0,2575.0,2500.0,2537.5,1707.931396484375,121965000
2020-09-25,2600.0,2675.0,2537.5,2675.0,1800.4796142578125,140455600
2020-09-28,2700.0,2712.5,2575.0,2575.0,1733.171875,99702600
2020-09-29,2600.0,2625.0,2512.5,2537.5,1707.931396484375,111325600
2020-09-30,2550.0,2575.0,2430.0,2480.0,1669.2296142578125,151529800
2020-10-01,2500.0,2600.0,2490.0,2600.0,1749.9986572265625,78954200
2020-10-02,2587.5,2612.5,2500.0,2600.0,1749.9986572265625,99143400
2020-10-05,2625.0,2687.5,2587.5,2675.0,1800.4796142578125,74300800
2020-10-06,2750.0,2775.0,2725.0,2750.0,1850.960205078125,89104400
2020-10-07,2700.0,2775.0,2687.5,2775.0,1867.7869873046875,88748600
2020-10-08,2775.0,2787.5,2712.5,2725.0,1834.1334228515625,88763400
2020-10-09,2725.0,2787.5,2725.0,2775.0,1867.7869873046875,90248600
2020-10-12,2787.5,2825.0,2775.0,2812.5,1893.02783203125,77947000
2020-10-13,2812.5,2837.5,2762.5,2837.5,1909.854248046875,69863400
2020-10-14,2862.5,2887.5,2812.5,2887.5,1943.5079345703125,109787200
2020-10-15,2850.0,2875.0,2800.0,2800.0,1884.614013671875,77289200
2020-10-16,2800.0,2825.0,2725.0,2787.5,1876.2005615234375,67817800
2020-10-19,2800.0,2862.5,2787.5,2850.0,1918.267822265625,58936200
2020-10-20,2862.5,2875.0,2800.0,2825.0,1901.4407958984375,77213200
2020-10-21,2837.5,2862.5,2737.5,2762.5,1859.37353515625,113901800
2020-10-22,2750.0,2775.0,2700.0,2725.0,1834.1334228515625,138701400
2020-10-23,2762.5,2787.5,2737.5,2775.0,1867.7869873046875,65900200
2020-10-26,2812.5,2925.0,2812.5,2887.5,1943.5079345703125,188574400
2020-10-27,2875.0,2925.0,2850.0,2887.5,1943.5079345703125,112695800
2020-11-02,2837.5,3012.5,2800.0,2987.5,2010.81591796875,216862800
2020-11-03,2987.5,3000.0,2950.0,3000.0,2019.22900390625,75963400
2020-11-04,2975.0,3012.5,2850.0,2850.0,1918.267822265625,152817400
2020-11-05,2937.5,3000.0,2912.5,2987.5,2010.81591796875,175877400
2020-11-06,2987.5,3050.0,2962.5,3025.0,2036.056396484375,164219000
2020-11-09,3125.0,3150.0,3025.0,3075.0,2069.710205078125,122653200
2020-11-10,3200.0,3262.5,3150.0,3187.5,2145.430908203125,249588800
2020-11-11,3212.5,3250.0,3175.0,3187.5,2145.430908203125,166490200
2020-11-12,3187.5,3200.0,3050.0,3087.5,2078.123291015625,136150600
2020-11-13,3050.0,3125.0,3037.5,3125.0,2103.36328125,122043800
2020-11-16,3150.0,3225.0,3075.0,3100.0,2086.537109375,133917600
2020-11-17,3137.5,3187.5,3100.0,3125.0,2103.36328125,106261600
2020-11-18,3075.0,3175.0,3075.0,3175.0,2137.01806640625,124936000
2020-11-19,3125.0,3175.0,3100.0,3162.5,2128.60400390625,94808200
2020-11-20,3137.5,3175.0,3125.0,3150.0,2120.190673828125,100573600
2020-11-23,3150.0,3212.5,3137.5,3200.0,2153.8447265625,106905400
2020-11-24,3225.0,3250.0,3187.5,3212.5,2162.258056640625,140929200
2020-11-25,3250.0,3325.0,3250.0,3262.5,2195.911865234375,197704000
2020-11-26,3300.0,3362.5,3275.0,3362.5,2263.219482421875,132275400
2020-11-27,3387.5,3400.0,3312.5,3325.0,2237.97900390625,124346800
2020-11-30,3275.0,3312.5,3112.5,3162.5,2128.60400390625,307900800
2020-12-01,3162.5,3312.5,3162.5,3262.5,2195.911865234375,176568000
2020-12-02,3262.5,3325.0,3237.5,3325.0,2237.97900390625,114721600
2020-12-03,3325.0,3337.5,3262.5,3287.5,2212.73876953125,155342400
2020-12-04,3250.0,3300.0,3212.5,3300.0,2221.152099609375,74976000
2020-12-07,3337.5,3375.0,3312.5,3350.0,2254.80615234375,133585800
2020-12-08,3337.5,3362.5,3300.0,3337.5,2246.392578125,70350400
2020-12-10,3387.5,3425.0,3362.5,3400.0,2288.4599609375,187847000
2020-12-11,3425.0,3437.5,3350.0,3387.5,2280.046142578125,94541800
2020-12-14,3362.5,3400.0,3337.5,3362.5,2263.219482421875,94645200
2020-12-15,3350.0,3362.5,3300.0,3350.0,2254.80615234375,135663800
2020-12-16,3400.0,3412.5,3362.5,3387.5,2280.046142578125,97361800
2020-12-17,3387.5,3437.5,3387.5,3437.5,2313.700439453125,109966000
2020-12-18,3400.0,3412.5,3350.0,3350.0,2254.80615234375,142797800
2020-12-21,3387.5,3400.0,3337.5,3350.0,2254.80615234375,83174600
2020-12-22,3287.5,3312.5,3175.0,3200.0,2153.8447265625,165929800
2020-12-23,3250.0,3300.0,3100.0,3175.0,2137.01806640625,110032400
2020-12-28,3250.0,3287.5,3150.0,3262.5,2195.911865234375,75527000
2020-12-29,3287.5,3300.0,3200.0,3212.5,2162.258056640625,57422600
2020-12-30,3262.5,3262.5,3162.5,3162.5,2128.60400390625,88941400
2021-01-04,3175.0,3262.5,3112.5,3250.0,2187.498291015625,61058000
2021-01-05,3275.0,3275.0,3200.0,3212.5,2162.258056640625,69928200
2021-01-06,3212.5,3262.5,3137.5,3212.5,2162.258056640625,87109000
2021-01-07,3225.0,3262.5,3212.5,3237.5,2179.0849609375,80114200
2021-01-08,3237.5,3287.5,3225.0,3275.0,2204.3251953125,93635600
2021-01-11,3287.5,3425.0,3275.0,3425.0,2305.28662109375,212763000
2021-01-12,3450.0,3500.0,3412.5,3475.0,2338.940673828125,168626000
2021-01-13,3525.0,3537.5,3462.5,3462.5,2330.527099609375,107392200
2021-01-14,3525.0,3525.0,3412.5,3425.0,2305.28662109375,70295000
2021-01-15,3437.5,3462.5,3312.5,3362.5,2263.219482421875,77235600
2021-01-18,3300.0,3475.0,3300.0,3462.5,2330.527099609375,119006800
2021-01-19,3500.0,3512.5,3425.0,3487.5,2347.354248046875,77834600
2021-01-20,3500.0,3725.0,3500.0,3687.5,2481.96923828125,220934600
2021-01-21,3687.5,3687.5,3600.0,3625.0,2439.902099609375,82052000
2021-01-22,3637.5,3675.0,3562.5,3600.0,2423.0751953125,117367200
2021-01-25,3625.0,3650.0,3512.5,3650.0,2456.729248046875,100647600
2021-01-26,3650.0,3725.0,3625.0,3687.5,2481.96923828125,206712400
2021-01-27,3700.0,3700.0,3587.5,3650.0,2456.729248046875,171581400
2021-01-28,3575.0,3625.0,3450.0,3525.0,2372.59423828125,135745000
2021-01-29,3550.0,3612.5,3287.5,3287.5,2212.73876953125,334227600
2021-02-01,3325.0,3362.5,3100.0,3350.0,2254.80615234375,242540200
2021-02-02,3400.0,3400.0,3200.0,3237.5,2179.0849609375,160482800
2021-02-03,3300.0,3325.0,3225.0,3250.0,2187.498291015625,167044600
2021-02-04,3287.5,3337.5,3225.0,3287.5,2212.73876953125,139040400
2021-02-05,3350.0,3350.0,3225.0,3275.0,2204.3251953125,97199600
2021-02-08,3300.0,3337.5,3275.0,3287.5,2212.73876953125,125050800
2021-02-09,3300.0,3350.0,3225.0,3250.0,2187.498291015625,208380400
2021-02-10,3287.5,3287.5,3237.5,3250.0,2187.498291015625,102693600
2021-02-11,3275.0,3275.0,3250.0,3250.0,2187.498291015625,35879400
2021-02-15,3275.0,3287.5,3250.0,3250.0,2187.498291015625,48995200
2021-02-16,3250.0,3275.0,3225.0,3237.5,2179.0849609375,63202000
2021-02-17,3225.0,3237.5,3150.0,3175.0,2137.01806640625,117413600
2021-02-18,3125.0,3200.0,3112.5,3125.0,2103.36328125,113989000
2021-02-19,3125.0,3200.0,3100.0,3187.5,2145.430908203125,102020400
2021-02-22,3225.0,3250.0,3187.5,3187.5,2145.430908203125,107680600
2021-02-23,3150.0,3187.5,3150.0,3162.5,2128.60400390625,89107800
2021-02-24,3175.0,3200.0,3162.5,3187.5,2145.430908203125,82498600
2021-02-25,3212.5,3237.5,3137.5,3137.5,2111.777587890625,133614800
2021-02-26,3087.5,3162.5,3050.0,3075.0,2069.710205078125,246190600
2021-03-01,3112.5,3300.0,3112.5,3287.5,2212.73876953125,220785400
2021-03-02,3325.0,3325.0,3250.0,3300.0,2221.152099609375,163296600
2021-03-03,3337.5,3337.5,3262.5,3300.0,2221.152099609375,78532200
2021-03-04,3312.5,3325.0,3262.5,3275.0,2204.3251953125,120612600
2021-03-05,3262.5,3287.5,3225.0,3237.5,2179.0849609375,87239000
2021-03-08,3275.0,3287.5,3187.5,3212.5,2162.258056640625,54098000
2021-03-09,3187.5,3262.5,3187.5,3212.5,2162.258056640625,111838800
2021-03-10,3250.0,3250.0,3225.0,3250.0,2187.498291015625,51903000
2021-03-12,3275.0,3375.0,3275.0,3362.5,2263.219482421875,159202400
2021-03-15,3387.5,3387.5,3312.5,3325.0,2237.97900390625,79922400
2021-03-16,3325.0,3362.5,3250.0,3275.0,2204.3251953125,112248400
2021-03-17,3300.0,3325.0,3262.5,3262.5,2195.911865234375,50841200
2021-03-18,3312.5,3425.0,3312.5,3400.0,2288.4599609375,152427600
2021-03-19,3400.0,3400.0,3350.0,3387.5,2280.046142578125,150713800
2021-03-22,3375.0,3412.5,3312.5,3312.5,2229.56591796875,115979200
2021-03-23,3375.0,3375.0,3312.5,3337.5,2246.392578125,97289600
2021-03-24,3250.0,3262.5,3200.0,3212.5,2236.046630859375,115254200
2021-03-25,3225.0,3237.5,3162.5,3200.0,2227.345947265625,71666600
2021-03-26,3225.0,3237.5,3175.0,3212.5,2236.046630859375,84478000
2021-03-29,3200.0,3250.0,3187.5,3187.5,2218.64501953125,79520400
2021-03-30,3200.0,3212.5,3137.5,3162.5,2201.244140625,41180600
2021-03-31,3125.0,3162.5,3062.5,3075.0,2140.340087890625,159155800
2021-04-01,3125.0,3162.5,3075.0,3100.0,2157.741455078125,77715200
2021-04-05,3150.0,3150.0,3100.0,3112.5,2166.44189453125,39468400
2021-04-06,3112.5,3150.0,3075.0,3137.5,2183.84326171875,29650600
2021-04-07,3150.0,3162.5,3125.0,3162.5,2201.244140625,46420200
2021-04-08,3125.0,3187.5,3100.0,3137.5,2183.84326171875,88449600
2021-04-09,3187.5,3275.0,3162.5,3237.5,2253.447509765625,126420200
2021-04-12,3212.5,3250.0,3137.5,3150.0,2192.543701171875,48429000
2021-04-13,3100.0,3175.0,3100.0,3150.0,2192.543701171875,76327000
2021-04-14,3175.0,3200.0,3125.0,3162.5,2201.244140625,80914000
2021-04-15,3200.0,3200.0,3112.5,3150.0,2192.543701171875,68337400
2021-04-16,3175.0,3175.0,3125.0,3150.0,2192.543701171875,63194400
2021-04-19,3125.0,3137.5,3100.0,3112.5,2166.44189453125,43598600
2021-04-20,3100.0,3125.0,3087.5,3100.0,2157.741455078125,63882600
2021-04-21,3075.0,3087.5,3062.5,3062.5,2131.6396484375,65425600
2021-04-22,3087.5,3112.5,3050.0,3062.5,2131.6396484375,71452000
2021-04-23,3025.0,3075.0,3012.5,3075.0,2140.340087890625,104928400
2021-04-26,3050.0,3062.5,2975.0,2987.5,2079.4365234375,115305000
2021-04-27,2987.5,3037.5,2975.0,3025.0,2105.537841796875,96850800
2021-04-28,3050.0,3137.5,3050.0,3100.0,2157.741455078125,161162600
2021-04-29,3112.5,3137.5,3075.0,3112.5,2166.44189453125,82870600
2021-04-30,3112.5,3125.0,3062.5,3087.5,2149.040771484375,69941600
2021-05-03,3050.0,3075.0,3000.0,3025.0,2105.537841796875,65334000
2021-05-04,3025.0,3050.0,2987.5,3050.0,2122.93896484375,56355200
2021-05-05,3075.0,3075.0,3025.0,3025.0,2105.537841796875,45851800
2021-05-06,3062.5,3062.5,3012.5,3037.5,2114.23876953125,37091000
2021-05-07,3062.5,3062.5,2975.0,2975.0,2070.735595703125,65331800
2021-05-10,3012.5,3012.5,2975.0,2987.5,2079.4365234375,35481400
2021-05-11,3000.0,3000.0,2925.0,2950.0,2053.334716796875,69381800
2021-05-17,2987.5,3000.0,2937.5,2962.5,2062.03515625,95099800
2021-05-18,2987.5,3000.0,2912.5,2950.0,2053.334716796875,73965200
2021-05-19,2900.0,2925.0,2812.5,2837.5,1975.0294189453125,98436000
2021-05-20,2825.0,2875.0,2800.0,2825.0,1966.328857421875,69610000
2021-05-21,2862.5,2950.0,2837.5,2912.5,2027.23291015625,140453000
2021-05-24,2937.5,2937.5,2875.0,2875.0,2001.13134765625,54897600
2021-05-25,2887.5,2975.0,2887.5,2950.0,2053.334716796875,90594400
2021-05-27,3000.0,3000.0,2875.0,2875.0,2001.13134765625,353889800
2021-05-28,2912.5,2950.0,2887.5,2900.0,2018.531982421875,78305800
2021-05-31,2937.5,3050.0,2912.5,3000.0,2088.136962890625,96660000
2021-06-02,3075.0,3100.0,3037.5,3050.0,2122.93896484375,157335600
2021-06-03,3087.5,3137.5,3062.5,3125.0,2175.142578125,86426400
2021-06-04,3125.0,3162.5,3062.5,3062.5,2131.6396484375,76307800
2021-06-07,3100.0,3100.0,3037.5,3062.5,2131.6396484375,42514400
2021-06-08,3075.0,3075.0,3000.0,3000.0,2088.136962890625,57084000
2021-06-09,3037.5,3087.5,3000.0,3075.0,2140.340087890625,47078600
2021-06-10,3087.5,3125.0,3062.5,3100.0,2157.741455078125,43543600
2021-06-11,3137.5,3150.0,3112.5,3137.5,2183.84326171875,77757800
2021-06-14,3150.0,3150.0,3112.5,3137.5,2183.84326171875,50043400
2021-06-15,3150.0,3162.5,3112.5,3162.5,2201.244140625,107187800
2021-06-16,3162.5,3175.0,3100.0,3137.5,2183.84326171875,90051600
2021-06-17,3125.0,3137.5,3100.0,3100.0,2157.741455078125,146517200
2021-06-18,3087.5,3100.0,2975.0,3100.0,2157.741455078125,201335400
2021-06-21,3050.0,3050.0,2975.0,3012.5,2096.837158203125,138949200
2021-06-22,3037.5,3125.0,3012.5,3087.5,2149.040771484375,96680600
2021-06-23,3112.5,3112.5,3012.5,3012.5,2096.837158203125,66074200
2021-06-24,3050.0,3050.0,2987.5,2987.5,2079.4365234375,52248000
2021-06-25,3000.0,3012.5,2950.0,2950.0,2053.334716796875,61052000
2021-06-28,2912.5,2950.0,2837.5,2850.0,1983.72998046875,127109000
2021-06-29,2925.0,2925.0,2850.0,2887.5,2009.8319091796875,96970800
2021-06-30,2925.0,2975.0,2900.0,2950.0,2053.334716796875,146560200
2021-07-01,2975.0,3000.0,2950.0,2987.5,2079.4365234375,87385400
2021-07-02,2987.5,3012.5,2962.5,2975.0,2070.735595703125,80422400
2021-07-05,2987.5,2987.5,2900.0,2925.0,2035.9332275390625,29242400
2021-07-06,2950.0,2950.0,2875.0,2887.5,2009.8319091796875,56066200
2021-07-07,2887.5,2912.5,2837.5,2875.0,2001.13134765625,96691000
2021-07-08,2925.0,2950.0,2875.0,2950.0,2053.334716796875,81459000
2021-07-09,2950.0,2950.0,2887.5,2887.5,2009.8319091796875,50822400
2021-07-12,2937.5,2937.5,2887.5,2900.0,2018.531982421875,39692600
2021-07-13,2925.0,2950.0,2887.5,2887.5,2009.8319091796875,65117000
2021-07-14,2900.0,2912.5,2825.0,2850.0,1983.72998046875,59225200
2021-07-15,2862.5,2950.0,2837.5,2937.5,2044.634033203125,94438400
2021-07-16,2937.5,2950.0,2912.5,2937.5,2044.634033203125,39567600
2021-07-19,2900.0,2925.0,2875.0,2875.0,2001.13134765625,31460200
2021-07-21,2912.5,2975.0,2900.0,2962.5,2062.03515625,87100200
2021-07-22,2987.5,3050.0,2975.0,3025.0,2105.537841796875,55171400
2021-07-23,3000.0,3025.0,2975.0,2987.5,2079.4365234375,37457600
2021-07-26,2987.5,3000.0,2900.0,2900.0,2018.531982421875,77160200
2021-07-27,2925.0,2950.0,2875.0,2912.5,2027.23291015625,79279400
2021-07-28,2875.0,2950.0,2875.0,2950.0,2053.334716796875,41266000
2021-07-29,2950.0,2950.0,2875.0,2875.0,2001.13134765625,68168400
2021-07-30,2912.5,2912.5,2850.0,2850.0,1983.72998046875,92132400
2021-08-02,2887.5,2887.5,2812.5,2837.5,1975.0294189453125,68571000
2021-08-03,2850.0,2900.0,2825.0,2887.5,2009.8319091796875,70957400
2021-08-04,2912.5,2950.0,2887.5,2912.5,2027.23291015625,67410400
2021-08-05,2937.5,3037.5,2925.0,3025.0,2105.537841796875,140254000
2021-08-06,3037.5,3050.0,2975.0,2987.5,2079.4365234375,63682000
2021-08-09,3000.0,3012.5,2900.0,2900.0,2018.531982421875,50317400
2021-08-10,2900.0,2937.5,2887.5,2900.0,2018.531982421875,54893400
2021-08-12,2937.5,2975.0,2912.5,2962.5,2062.03515625,51328800
2021-08-13,2987.5,3025.0,2950.0,3000.0,2088.136962890625,41771600
2021-08-16,3000.0,3025.0,2925.0,2987.5,2079.4365234375,53074000
2021-08-18,3000.0,3087.5,2962.5,3025.0,2105.537841796875,141229400
2021-08-19,3050.0,3050.0,2900.0,2925.0,2035.9332275390625,101976800
2021-08-20,2950.0,2975.0,2900.0,2950.0,2053.334716796875,62841600
2021-08-23,2950.0,3000.0,2950.0,2987.5,2079.4365234375,46346200
2021-08-24,2975.0,2987.5,2900.0,2912.5,2027.23291015625,85217600
2021-08-25,2937.5,2987.5,2925.0,2975.0,2070.735595703125,60726800
2021-08-26,2925.0,2962.5,2912.5,2912.5,2027.23291015625,55050200
2021-08-27,2912.5,2937.5,2887.5,2900.0,2018.531982421875,35765000
2021-08-30,2925.0,2975.0,2912.5,2975.0,2070.735595703125,65062000
2021-08-31,3000.0,3050.0,2975.0,3050.0,2122.93896484375,135700400
2021-09-01,3050.0,3050.0,3000.0,3000.0,2088.136962890625,70082000
2021-09-02,3025.0,3050.0,2987.5,3025.0,2105.537841796875,51554400
2021-09-03,3050.0,3075.0,3000.0,3062.5,2131.6396484375,50760000
2021-09-06,3100.0,3162.5,3062.5,3100.0,2157.741455078125,51684400
2021-09-07,3125.0,3175.0,3112.5,3125.0,2175.142578125,70448400
2021-09-08,3150.0,3150.0,3062.5,3125.0,2175.142578125,84660600
2021-09-09,3150.0,3175.0,3062.5,3175.0,2209.94482421875,93331600
2021-09-10,3137.5,3150.0,3087.5,3100.0,2157.741455078125,107576800
2021-09-13,3050.0,3112.5,3025.0,3075.0,2140.340087890625,104806600
2021-09-14,3075.0,3100.0,3037.5,3050.0,2122.93896484375,84931400
2021-09-15,3087.5,3100.0,3050.0,3062.5,2131.6396484375,135497800
2021-09-16,3087.5,3100.0,3062.5,3075.0,2140.340087890625,61344200
2021-09-17,3062.5,3075.0,3025.0,3025.0,2105.537841796875,82452800
2021-09-20,3012.5,3037.5,2962.5,3012.5,2096.837158203125,57569200
2021-09-21,3012.5,3012.5,2962.5,2987.5,2079.4365234375,45153400
2021-09-22,2987.5,3050.0,2975.0,3037.5,2114.23876953125,26711200
2021-09-23,3062.5,3062.5,3012.5,3037.5,2114.23876953125,40606000
2021-09-24,3037.5,3050.0,2962.5,2987.5,2079.4365234375,50278400
2021-09-27,3000.0,3012.5,2950.0,2950.0,2053.334716796875,68500800
2021-09-28,2975.0,3012.5,2950.0,2975.0,2070.735595703125,64652200
2021-09-29,2975.0,3025.0,2962.5,3000.0,2088.136962890625,56467400
2021-09-30,3025.0,3075.0,3000.0,3075.0,2140.340087890625,82812000
2021-10-01,3075.0,3100.0,3025.0,3050.0,2122.93896484375,74975400
2021-10-04,3087.5,3250.0,3075.0,3237.5,2253.447509765625,156691600
2021-10-05,3225.0,3275.0,3187.5,3212.5,2236.046630859375,94886200
2021-10-06,3237.5,3337.5,3225.0,3300.0,2296.95068359375,168775800
2021-10-07,3325.0,3412.5,3312.5,3350.0,2331.7529296875,253196600
2021-10-08,3362.5,3487.5,3362.5,3450.0,2401.35693359375,223592000
2021-10-11,3450.0,3462.5,3400.0,3450.0,2401.35693359375,123020200
2021-10-12,3487.5,3525.0,3462.5,3500.0,2436.15966796875,191044200
2021-10-13,3537.5,3550.0,3475.0,3550.0,2470.961669921875,134998000
2021-10-14,3562.5,3587.5,3525.0,3587.5,2497.0634765625,104307800
2021-10-15,3587.5,3600.0,3537.5,3575.0,2488.36279296875,84353000
2021-10-18,3600.0,3662.5,3575.0,3587.5,2497.0634765625,152951600
2021-10-19,3625.0,3625.0,3525.0,3600.0,2505.763916015625,99358000
2021-10-21,3587.5,3662.5,3562.5,3587.5,2497.0634765625,189264000
2021-10-22,3550.0,3612.5,3537.5,3600.0,2505.763916015625,65782600
2021-10-25,3587.5,3625.0,3562.5,3562.5,2479.662841796875,76296200
2021-10-26,3550.0,3600.0,3550.0,3587.5,2497.0634765625,55872800
2021-10-27,3600.0,3612.5,3562.5,3575.0,2488.36279296875,82925200
2021-10-28,3562.5,3575.0,3500.0,3512.5,2444.860107421875,99023600
2021-10-29,3587.5,3650.0,3575.0,3587.5,2497.0634765625,160952400
2021-11-01,3625.0,3625.0,3575.0,3587.5,2497.0634765625,65621400
2021-11-02,3587.5,3600.0,3500.0,3512.5,2444.860107421875,51923400
2021-11-03,3487.5,3625.0,3462.5,3562.5,2479.662841796875,107556600
2021-11-04,3625.0,3650.0,3587.5,3587.5,2497.0634765625,103726400
2021-11-05,3625.0,3625.0,3500.0,3550.0,2470.961669921875,48035600
2021-11-08,3600.0,3600.0,3500.0,3500.0,2436.15966796875,50517400
2021-11-09,3525.0,3550.0,3425.0,3437.5,2392.65673828125,120574200
2021-11-10,3437.5,3575.0,3437.5,3575.0,2488.36279296875,156118000
2021-11-11,3562.5,3612.5,3512.5,3612.5,2514.46484375,86362400
2021-11-12,3637.5,3637.5,3525.0,3550.0,2470.961669921875,56807000
2021-11-15,3550.0,3575.0,3525.0,3525.0,2453.56103515625,40131000
2021-11-16,3525.0,3612.5,3512.5,3612.5,2514.46484375,76140200
2021-11-17,3612.5,3625.0,3575.0,3612.5,2514.46484375,72789600
2021-11-18,3600.0,3612.5,3575.0,3587.5,2497.0634765625,30911600
2021-11-19,3587.5,3650.0,3575.0,3625.0,2523.16552734375,101125800
2021-11-22,3675.0,3750.0,3612.5,3675.0,2557.968017578125,92374400
2021-11-23,3612.5,3637.5,3550.0,3575.0,2488.36279296875,63127600
2021-11-24,3562.5,3587.5,3550.0,3575.0,2488.36279296875,56217000
2021-11-25,3612.5,3687.5,3587.5,3675.0,2557.968017578125,97473400
2021-11-26,3662.5,3662.5,3537.5,3550.0,2470.961669921875,78633400
2021-11-29,3550.0,3637.5,3462.5,3587.5,2497.0634765625,112673000
2021-11-30,3625.0,3625.0,3475.0,3500.0,2436.15966796875,219340400
2021-12-01,3500.0,3562.5,3475.0,3537.5,2462.261474609375,93119800
2021-12-02,3537.5,3625.0,3500.0,3600.0,2505.763916015625,70416400
2021-12-03,3600.0,3612.5,3550.0,3575.0,2488.36279296875,46109400
2021-12-06,3575.0,3625.0,3550.0,3587.5,2497.0634765625,52050400
2021-12-07,3587.5,3650.0,3587.5,3650.0,2540.566650390625,64289400
2021-12-08,3637.5,3650.0,3575.0,3575.0,2488.36279296875,56064200
2021-12-09,3625.0,3675.0,3562.5,3675.0,2557.968017578125,42688600
2021-12-10,3600.0,3612.5,3550.0,3600.0,2505.763916015625,93532200
2021-12-13,3600.0,3612.5,3562.5,3562.5,2479.662841796875,50091200
2021-12-14,3562.5,3600.0,3550.0,3587.5,2497.0634765625,65061400
2021-12-15,3575.0,3662.5,3562.5,3637.5,2531.86572265625,75677400
2021-12-16,3650.0,3662.5,3600.0,3625.0,2523.16552734375,69082400
2021-12-17,3612.5,3612.5,3537.5,3575.0,2488.36279296875,83945200
2021-12-20,3550.0,3575.0,3537.5,3537.5,2462.261474609375,57932600
2021-12-21,3575.0,3625.0,3550.0,3575.0,2488.36279296875,49859600
2021-12-22,3587.5,3600.0,3525.0,3525.0,2453.56103515625,34814400
2021-12-23,3525.0,3575.0,3525.0,3537.5,2462.261474609375,44565000
2021-12-24,3550.0,3575.0,3475.0,3525.0,2453.56103515625,54902200
2021-12-27,3525.0,3550.0,3487.5,3500.0,2436.15966796875,34096400
2021-12-28,3525.0,3525.0,3487.5,3525.0,2453.56103515625,39835400
2021-12-29,3537.5,3562.5,3500.0,3550.0,2470.961669921875,20860200
2021-12-30,3550.0,3562.5,3512.5,3512.5,2444.860107421875,34951600
2022-01-03,3550.0,3562.5,3512.5,3525.0,2453.56103515625,30999600
2022-01-04,3537.5,3600.0,3525.0,3587.5,2497.0634765625,44541400
2022-01-05,3575.0,3587.5,3462.5,3512.5,2444.860107421875,98910200
2022-01-06,3537.5,3537.5,3475.0,3512.5,2444.860107421875,65651200
2022-01-07,3512.5,3550.0,3512.5,3525.0,2453.56103515625,68452800
2022-01-10,3537.5,3550.0,3525.0,3525.0,2453.56103515625,44378600
2022-01-11,3550.0,3550.0,3500.0,3525.0,2453.56103515625,50367600
2022-01-12,3525.0,3575.0,3525.0,3575.0,2488.36279296875,34249200
2022-01-13,3575.0,3587.5,3550.0,3562.5,2479.662841796875,35763800
2022-01-14,3537.5,3612.5,3537.5,3587.5,2497.0634765625,43651400
2022-01-17,3625.0,3637.5,3575.0,3600.0,2505.763916015625,43188000
2022-01-18,3587.5,3625.0,3550.0,3625.0,2523.16552734375,64484800
2022-01-19,3587.5,3600.0,3500.0,3512.5,2444.860107421875,103093600
2022-01-20,3550.0,3587.5,3512.5,3587.5,2497.0634765625,53067000
2022-01-21,3587.5,3650.0,3562.5,3650.0,2540.566650390625,76806800
2022-01-24,3637.5,3637.5,3600.0,3637.5,2531.86572265625,44476800
2022-01-25,3600.0,3625.0,3575.0,3612.5,2514.46484375,69268000
2022-01-26,3650.0,3737.5,3612.5,3737.5,2601.470703125,140636400
2022-01-27,3737.5,3800.0,3700.0,3775.0,2627.572265625,113618000
2022-01-28,3812.5,3825.0,3775.0,3825.0,2662.374755859375,121145200
2022-01-31,3887.5,3887.5,3725.0,3737.5,2601.470703125,101700800
2022-02-02,3762.5,3762.5,3725.0,3737.5,2601.470703125,68769000
2022-02-03,3737.5,3737.5,3675.0,3737.5,2601.470703125,60204000
2022-02-04,3725.0,3762.5,3700.0,3737.5,2601.470703125,36629400
2022-02-07,3825.0,3825.0,3737.5,3750.0,2610.171142578125,68867800
2022-02-08,3800.0,3862.5,3775.0,3812.5,2653.673583984375,158581800
2022-02-09,3850.0,3862.5,3800.0,3837.5,2671.074951171875,107360800
2022-02-10,3850.0,3875.0,3825.0,3862.5,2688.47607421875,107679400
2022-02-11,3887.5,3887.5,3825.0,3862.5,2688.47607421875,81582600
2022-02-14,3850.0,3900.0,3812.5,3900.0,2714.577880859375,76263200
2022-02-15,3900.0,3950.0,3837.5,3950.0,2749.380126953125,67804400
2022-02-16,3962.5,3962.5,3875.0,3925.0,2731.978759765625,74785000
2022-02-17,3937.5,3937.5,3837.5,3925.0,2731.978759765625,103038800
2022-02-18,3912.5,3975.0,3875.0,3925.0,2731.978759765625,81303200
2022-02-21,3925.0,3962.5,3925.0,3925.0,2731.978759765625,31720800
2022-02-22,3912.5,3950.0,3887.5,3937.5,2740.6796875,69476600
2022-02-23,3962.5,3975.0,3912.5,3937.5,2740.6796875,85991000
2022-02-24,3862.5,3937.5,3825.0,3850.0,2679.775146484375,170297000
2022-02-25,3862.5,3875.0,3825.0,3850.0,2679.775146484375,163299800
2022-03-01,3837.5,3925.0,3825.0,3825.0,2662.374755859375,149532200
2022-03-02,3825.0,3862.5,3775.0,3812.5,2653.673583984375,110824000
2022-03-04,3850.0,3862.5,3800.0,3825.0,2662.374755859375,104914600
2022-03-07,3775.0,3812.5,3750.0,3775.0,2627.572265625,137667600
2022-03-08,3812.5,3850.0,3775.0,3775.0,2627.572265625,104072200
2022-03-09,3787.5,3862.5,3787.5,3812.5,2653.673583984375,115109200
2022-03-10,3850.0,3875.0,3800.0,3837.5,2671.074951171875,105803000
2022-03-11,3862.5,3862.5,3800.0,3825.0,2662.374755859375,122401600
2022-03-14,3825.0,3912.5,3812.5,3875.0,2697.1767578125,173513400
2022-03-15,3900.0,3937.5,3887.5,3887.5,2705.87744140625,146735400
2022-03-16,3900.0,4025.0,3900.0,3975.0,2766.78125,291909800
2022-03-17,4000.0,4050.0,3975.0,3975.0,2766.78125,235559000
2022-03-18,3987.5,4000.0,3937.5,3962.5,2758.08056640625,212233400
2022-03-21,3837.5,3862.5,3800.0,3825.0,2789.304443359375,162364400
2022-03-22,3850.0,3875.0,3825.0,3837.5,2798.419921875,112672400
2022-03-23,3837.5,3900.0,3825.0,3887.5,2834.881591796875,183894800
2022-03-24,3850.0,3962.5,3850.0,3962.5,2889.57373046875,210909800
2022-03-25,3975.0,3987.5,3887.5,3925.0,2862.227783203125,136083000
2022-03-28,3937.5,3950.0,3900.0,3937.5,2871.343017578125,95354400
2022-03-29,3987.5,4012.5,3937.5,3962.5,2889.57373046875,160112200
2022-03-30,3975.0,3987.5,3925.0,3937.5,2871.343017578125,82476000
2022-03-31,3962.5,3987.5,3925.0,3950.0,2880.45849609375,69174000
2022-04-01,3950.0,3950.0,3887.5,3937.5,2871.343017578125,62912400
2022-04-04,3912.5,3950.0,3887.5,3912.5,2853.1123046875,82013800
2022-04-05,3900.0,3937.5,3900.0,3912.5,2853.1123046875,82378200
2022-04-06,3900.0,3900.0,3825.0,3837.5,2798.419921875,129476400
2022-04-07,3837.5,3887.5,3812.5,3850.0,2807.535400390625,136162800
2022-04-08,3900.0,3900.0,3837.5,3850.0,2807.535400390625,94622400
2022-04-11,3850.0,3875.0,3825.0,3837.5,2798.419921875,107966400
2022-04-12,3837.5,3875.0,3812.5,3850.0,2807.535400390625,92691200
2022-04-13,3837.5,3875.0,3825.0,3862.5,2816.650634765625,90558600
2022-04-14,3862.5,3875.0,3825.0,3837.5,2798.419921875,63275600
2022-04-18,3837.5,3862.5,3787.5,3812.5,2780.189453125,101496000
2022-04-19,3812.5,3837.5,3787.5,3787.5,2761.958740234375,104508400
2022-04-20,3825.0,3950.0,3812.5,3925.0,2862.227783203125,164354800
2022-04-21,4000.0,4200.0,3962.5,4150.0,3026.304443359375,337363200
2022-04-22,4100.0,4162.5,4037.5,4137.5,3017.189208984375,168301800
2022-04-25,4100.0,4225.0,4012.5,4112.5,2998.958251953125,179082600
2022-04-26,4125.0,4212.5,4112.5,4175.0,3044.53515625,131930600
2022-04-27,4137.5,4212.5,4112.5,4112.5,2998.958251953125,118272800
2022-04-28,4387.5,4537.5,4337.5,4475.0,3263.304443359375,443163800
2022-05-09,4312.5,4337.5,4162.5,4162.5,3035.420166015625,351637800
2022-05-10,3912.5,4087.5,3912.5,4050.0,2953.38134765625,498444800
2022-05-11,4050.0,4100.0,4000.0,4000.0,2916.920166015625,198922600
2022-05-12,3987.5,4025.0,3862.5,3937.5,2871.343017578125,162727200
2022-05-13,3937.5,3950.0,3875.0,3900.0,2843.996826171875,165507800
2022-05-17,3900.0,4000.0,3900.0,3925.0,2862.227783203125,149548800
2022-05-18,3987.5,4012.5,3900.0,3950.0,2880.45849609375,162519200
2022-05-19,3900.0,3962.5,3875.0,3950.0,2880.45849609375,127740400
2022-05-20,3975.0,4025.0,3975.0,4000.0,2916.920166015625,106866400
2022-05-23,4025.0,4037.5,3900.0,3937.5,2871.343017578125,144005200
2022-05-24,3975.0,4025.0,3950.0,3962.5,2889.57373046875,134555000
2022-05-25,3950.0,4025.0,3912.5,3925.0,2862.227783203125,132635400
2022-05-27,4000.0,4062.5,3975.0,4050.0,2953.38134765625,155078600
2022-05-30,4100.0,4100.0,4000.0,4100.0,2989.843017578125,117617200
2022-05-31,4137.5,4250.0,4112.5,4250.0,3099.227294921875,262054000
2022-06-02,4162.5,4175.0,4025.0,4100.0,2989.843017578125,203021800
2022-06-03,4137.5,4150.0,4100.0,4100.0,2989.843017578125,147960000
2022-06-06,4100.0,4175.0,4012.5,4075.0,2971.6123046875,148785000
2022-06-07,4100.0,4175.0,4075.0,4150.0,3026.304443359375,132673800
2022-06-08,4112.5,4212.5,4075.0,4200.0,3062.765869140625,153409200
2022-06-09,4200.0,4250.0,4175.0,4212.5,3071.881591796875,216804400
2022-06-10,4137.5,4162.5,4075.0,4087.5,2980.727294921875,165119600
2022-06-13,4000.0,4050.0,3975.0,4050.0,2953.38134765625,122467200
2022-06-14,4000.0,4100.0,4000.0,4100.0,2989.843017578125,100136600
2022-06-15,4062.5,4162.5,4062.5,4150.0,3026.304443359375,142400800
2022-06-16,4250.0,4250.0,4150.0,4187.5,3053.650634765625,186692600
2022-06-17,4087.5,4125.0,4037.5,4037.5,2944.265869140625,156836200
2022-06-20,4050.0,4125.0,4025.0,4125.0,3008.073486328125,74978200
2022-06-21,4150.0,4175.0,4100.0,4125.0,3008.073486328125,62996600
2022-06-22,4100.0,4137.5,4062.5,4075.0,2971.6123046875,88306600
2022-06-23,4075.0,4112.5,4050.0,4075.0,2971.6123046875,48817400
2022-06-24,4100.0,4150.0,4075.0,4150.0,3026.304443359375,60638400
2022-06-27,4200.0,4200.0,4037.5,4112.5,2998.958251953125,76574400
2022-06-28,4075.0,4100.0,4000.0,4062.5,2962.496826171875,110131200
2022-06-29,4050.0,4062.5,3975.0,3975.0,2898.689453125,113216400
2022-06-30,4000.0,4050.0,3950.0,3962.5,2889.57373046875,125507600
2022-07-01,3937.5,3962.5,3787.5,3800.0,2771.073974609375,191672200
2022-07-04,3787.5,3837.5,3637.5,3700.0,2698.15087890625,246417000
2022-07-05,3725.0,3862.5,3725.0,3825.0,2789.304443359375,90919800
2022-07-06,3825.0,3825.0,3675.0,3762.5,2743.727783203125,180812800
2022-07-07,3750.0,3775.0,3712.5,3712.5,2707.2666015625,120444800
2022-07-08,3775.0,3775.0,3700.0,3737.5,2725.4970703125,57156600
2022-07-11,3737.5,3762.5,3700.0,3737.5,2725.4970703125,22860800
2022-07-12,3737.5,3737.5,3687.5,3712.5,2707.2666015625,51524400
2022-07-13,3700.0,3712.5,3637.5,3637.5,2652.57421875,142494200
2022-07-14,3625.0,3687.5,3600.0,3637.5,2652.57421875,158438200
2022-07-15,3650.0,3700.0,3587.5,3587.5,2616.112548828125,191949400
2022-07-18,3612.5,3675.0,3612.5,3675.0,2679.92041015625,152078400
2022-07-19,3675.0,3725.0,3637.5,3712.5,2707.2666015625,128963600
2022-07-20,3775.0,3975.0,3775.0,3950.0,2880.45849609375,215712600
2022-07-21,4000.0,4000.0,3862.5,3950.0,2880.45849609375,125699200
2022-07-22,3962.5,3962.5,3887.5,3925.0,2862.227783203125,54461200
2022-07-25,3937.5,3950.0,3887.5,3887.5,2834.881591796875,30750600
2022-07-26,3912.5,4012.5,3900.0,4000.0,2916.920166015625,58317600
2022-07-27,4025.0,4062.5,4000.0,4050.0,2953.38134765625,87439200
2022-07-28,4012.5,4100.0,4012.5,4025.0,2935.150634765625,94427400
2022-07-29,4112.5,4175.0,4075.0,4137.5,3017.189208984375,132709400
2022-08-01,4100.0,4112.5,3987.5,3987.5,2907.804443359375,95909000
2022-08-02,4000.0,4087.5,3987.5,4087.5,2980.727294921875,57458200
2022-08-03,4087.5,4125.0,4025.0,4125.0,3008.073486328125,55822800
2022-08-04,4150.0,4150.0,4075.0,4125.0,3008.073486328125,75188600
2022-08-05,4137.5,4150.0,4087.5,4125.0,3008.073486328125,64150800
2022-08-08,4125.0,4175.0,4112.5,4175.0,3044.53515625,82522000
2022-08-09,4212.5,4300.0,4200.0,4237.5,3090.1123046875,117148200
2022-08-10,4175.0,4300.0,4125.0,4300.0,3135.68896484375,79950200
2022-08-11,4312.5,4337.5,4212.5,4262.5,3108.343017578125,106627400
2022-08-12,4262.5,4287.5,4212.5,4237.5,3090.1123046875,62626200
2022-08-15,4225.0,4275.0,4200.0,4225.0,3080.99658203125,44464800
2022-08-16,4275.0,4325.0,4237.5,4262.5,3108.343017578125,109260400
2022-08-18,4387.5,4400.0,4287.5,4300.0,3135.68896484375,116693200
2022-08-19,4300.0,4325.0,4250.0,4250.0,3099.227294921875,48290200
2022-08-22,4212.5,4275.0,4175.0,4262.5,3108.343017578125,121399800
2022-08-23,4250.0,4337.5,4225.0,4312.5,3144.8046875,95553400
2022-08-24,4300.0,4350.0,4275.0,4312.5,3144.8046875,60958200
2022-08-25,4275.0,4312.5,4212.5,4287.5,3126.57373046875,77254800
2022-08-26,4312.5,4325.0,4250.0,4250.0,3099.227294921875,82356600
2022-08-29,4200.0,4300.0,4175.0,4275.0,3117.4580078125,62683800
2022-08-30,4312.5,4375.0,4287.5,4325.0,3153.919677734375,109649400
2022-08-31,4250.0,4425.0,4225.0,4425.0,3226.843017578125,151631600
2022-09-01,4425.0,4475.0,4337.5,4462.5,3254.18896484375,120967800
2022-09-02,4487.5,4500.0,4362.5,4425.0,3226.843017578125,90044600
2022-09-05,4425.0,4500.0,4400.0,4475.0,3263.304443359375,60491000
2022-09-06,4487.5,4500.0,4400.0,4412.5,3217.727294921875,65296200
2022-09-07,4387.5,4437.5,4362.5,4437.5,3235.9580078125,97771400
2022-09-08,4450.0,4550.0,4412.5,4475.0,3263.304443359375,96931000
2022-09-09,4537.5,4550.0,4475.0,4537.5,3308.881103515625,128510800
2022-09-12,4575.0,4600.0,4537.5,4587.5,3345.342529296875,110819000
2022-09-13,4625.0,4750.0,4612.5,4725.0,3445.61181640625,185487800
2022-09-14,4637.5,4700.0,4600.0,4650.0,3390.919677734375,119631200
2022-09-15,4700.0,4750.0,4650.0,4675.0,3409.14990234375,156750600
2022-09-16,4637.5,4650.0,4512.5,4550.0,3317.99658203125,167812600
2022-09-19,4625.0,4650.0,4575.0,4612.5,3363.5732421875,137396600
2022-09-20,4662.5,4687.5,4600.0,4600.0,3354.4580078125,140752200
2022-09-21,4575.0,4637.5,4550.0,4637.5,3381.803955078125,71044400
2022-09-22,4637.5,4650.0,4587.5,4600.0,3354.4580078125,96479200
2022-09-23,4600.0,4625.0,4575.0,4600.0,3354.4580078125,61877000
2022-09-26,4562.5,4687.5,4475.0,4625.0,3372.6884765625,133769600
2022-09-27,4625.0,4675.0,4600.0,4675.0,3409.14990234375,130959400
2022-09-28,4725.0,4800.0,4637.5,4650.0,3390.919677734375,133085000
2022-09-29,4675.0,4687.5,4600.0,4625.0,3372.6884765625,67945200
2022-09-30,4650.0,4712.5,4612.5,4712.5,3436.49658203125,113501000
2022-10-03,4662.5,4687.5,4612.5,4637.5,3381.803955078125,54662400
2022-10-04,4650.0,4687.5,4612.5,4612.5,3363.5732421875,90247000
2022-10-05,4650.0,4737.5,4637.5,4637.5,3381.803955078125,75891600
2022-10-06,4650.0,4662.5,4612.5,4662.5,3400.034912109375,43279200
2022-10-07,4662.5,4712.5,4637.5,4712.5,3436.49658203125,51267000
2022-10-10,4687.5,4700.0,4637.5,4650.0,3390.919677734375,55465000
2022-10-11,4712.5,4712.5,4625.0,4650.0,3390.919677734375,71925600
2022-10-12,4687.5,4750.0,4650.0,4712.5,3436.49658203125,118731400
2022-10-13,4750.0,4775.0,4662.5,4737.5,3454.726806640625,58832000
2022-10-14,4825.0,4825.0,4687.5,4700.0,3427.380615234375,106401600
2022-10-17,4725.0,4737.5,4650.0,4725.0,3445.61181640625,60905200
2022-10-18,4750.0,4787.5,4725.0,4750.0,3463.84228515625,67904400
2022-10-19,4687.5,4787.5,4662.5,4737.5,3454.726806640625,71544800
2022-10-20,4675.0,4962.5,4675.0,4950.0,3609.6884765625,102422400
2022-10-21,5000.0,5225.0,4962.5,5175.0,3773.76513671875,183987800
2022-10-24,5162.5,5250.0,5125.0,5125.0,3737.3037109375,102168000
2022-10-25,5137.5,5225.0,5112.5,5112.5,3728.188232421875,83305200
2022-10-26,5112.5,5125.0,5000.0,5100.0,3719.072998046875,80531400
2022-10-27,5100.0,5162.5,5025.0,5100.0,3719.072998046875,84531200
2022-10-28,5062.5,5112.5,5050.0,5100.0,3719.072998046875,102437400
2022-10-31,5150.0,5275.0,5112.5,5275.0,3846.68798828125,173874600
2022-11-01,5300.0,5300.0,5112.5,5200.0,3791.995849609375,111898000
2022-11-02,5187.5,5200.0,4987.5,5037.5,3673.49560546875,127515400
2022-11-03,4975.0,5100.0,4975.0,5087.5,3709.957275390625,119598600
2022-11-04,5012.5,5075.0,5000.0,5075.0,3700.842041015625,70781200
2022-11-07,5087.5,5125.0,5000.0,5125.0,3737.3037109375,98034400
2022-11-08,5137.5,5137.5,5037.5,5075.0,3700.842041015625,39585800
2022-11-09,5025.0,5075.0,5025.0,5075.0,3700.842041015625,68010400
2022-11-10,5025.0,5075.0,5000.0,5050.0,3682.611572265625,61964000
2022-11-11,5150.0,5225.0,5112.5,5212.5,3801.111572265625,102008200
2022-11-14,5275.0,5275.0,5075.0,5125.0,3737.3037109375,61055200
2022-11-15,5150.0,5150.0,5050.0,5125.0,3737.3037109375,83000800
2022-11-16,5050.0,5087.5,4950.0,5000.0,3646.14990234375,128257800
2022-11-17,4925.0,5012.5,4925.0,4950.0,3609.6884765625,167562600
2022-11-18,4975.0,5112.5,4962.5,5087.5,3709.957275390625,111646200
2022-11-21,5087.5,5100.0,5012.5,5050.0,3682.611572265625,52311600
2022-11-22,5025.0,5125.0,5025.0,5062.5,3691.72705078125,79850600
2022-11-23,5062.5,5150.0,5062.5,5100.0,3719.072998046875,78250600
2022-11-24,5112.5,5150.0,5100.0,5112.5,3728.188232421875,59701400
2022-11-25,5112.5,5112.5,5050.0,5087.5,3709.957275390625,77984800
2022-11-28,5087.5,5137.5,5062.5,5062.5,3691.72705078125,64779000
2022-11-29,5125.0,5225.0,5100.0,5162.5,3764.64990234375,72261000
2022-11-30,5162.5,5400.0,5162.5,5262.5,3837.5732421875,347136800
2022-12-01,5262.5,5325.0,5200.0,5200.0,3791.995849609375,141493000
2022-12-02,5200.0,5262.5,5162.5,5262.5,3837.5732421875,70811400
2022-12-05,5325.0,5500.0,5287.5,5437.5,3965.18798828125,146472800
2022-12-06,5437.5,5500.0,5362.5,5450.0,3974.303466796875,139360200
2022-12-07,5312.5,5350.0,5187.5,5187.5,3782.880859375,200886200
2022-12-08,5037.5,5112.5,4987.5,5025.0,3664.38037109375,279908400
2022-12-09,4975.0,5025.0,4912.5,4962.5,3618.803466796875,241338200
2022-12-12,4912.5,5000.0,4887.5,4975.0,3627.9189453125,183717600
2022-12-13,4887.5,5000.0,4887.5,4950.0,3609.6884765625,224176000
2022-12-14,5037.5,5050.0,4975.0,4975.0,3627.9189453125,162689200
2022-12-15,4950.0,5012.5,4950.0,4950.0,3609.6884765625,82673400
2022-12-16,4912.5,5050.0,4912.5,5050.0,3682.611572265625,770252400
2022-12-19,5000.0,5037.5,4950.0,5000.0,3646.14990234375,100871400
2022-12-20,5000.0,5025.0,4975.0,5025.0,3664.38037109375,56633800
2022-12-21,5062.5,5062.5,5000.0,5000.0,3646.14990234375,37945200
2022-12-22,5050.0,5050.0,4975.0,4975.0,3627.9189453125,78836200
2022-12-23,4950.0,5000.0,4950.0,4962.5,3618.803466796875,38571200
2022-12-26,4987.5,5025.0,4975.0,5025.0,3664.38037109375,19578800
2022-12-27,5025.0,5025.0,4937.5,4975.0,3627.9189453125,43282000
2022-12-28,5000.0,5000.0,4925.0,4987.5,3637.034423828125,30258400
2022-12-29,4950.0,4987.5,4937.5,4987.5,3637.034423828125,56981400
2022-12-30,5000.0,5025.0,4962.5,4962.5,3618.803466796875,40655800
2023-01-02,4962.5,4987.5,4937.5,4937.5,3600.572998046875,5985400
2023-01-03,4925.0,4987.5,4925.0,4975.0,3627.9189453125,13815200
2023-01-04,5012.5,5037.5,4987.5,5012.5,3655.265625,38575800
2023-01-05,5025.0,5025.0,4862.5,4912.5,3582.34228515625,84945800
2023-01-06,4862.5,4900.0,4800.0,4900.0,3573.2275390625,44097000
2023-01-09,4875.0,4925.0,4800.0,4862.5,3545.88134765625,67250600
2023-01-10,4750.0,4775.0,4587.5,4637.5,3381.803955078125,214538800
2023-01-11,4537.5,4587.5,4450.0,4475.0,3263.304443359375,193915000
2023-01-12,4500.0,4725.0,4500.0,4600.0,3354.4580078125,219659400
2023-01-13,4562.5,4612.5,4525.0,4587.5,3345.342529296875,107483800
2023-01-16,4550.0,4675.0,4550.0,4650.0,3390.919677734375,145710000
2023-01-17,4700.0,4912.5,4687.5,4875.0,3554.99609375,146238000
2023-01-18,4825.0,4887.5,4750.0,4775.0,3482.0732421875,95360600
2023-01-19,4800.0,4912.5,4762.5,4875.0,3554.99609375,81704200
2023-01-20,4925.0,5000.0,4900.0,4987.5,3637.034423828125,93227400
2023-01-24,4925.0,4987.5,4900.0,4950.0,3609.6884765625,35028000
2023-01-25,4900.0,4925.0,4850.0,4850.0,3536.765380859375,72767800
2023-01-26,4887.5,4937.5,4875.0,4912.5,3582.34228515625,70558600
2023-01-27,4950.0,5075.0,4950.0,5012.5,3655.265625,216788400
2023-01-30,5012.5,5062.5,4937.5,4975.0,3627.9189453125,82589400
2023-01-31,5012.5,5050.0,4937.5,4975.0,3627.9189453125,167297000
2023-02-01,4975.0,5025.0,4837.5,4850.0,3536.765380859375,165628800
2023-02-02,4862.5,4875.0,4787.5,4862.5,3545.88134765625,99351800
2023-02-03,4875.0,4975.0,4875.0,4962.5,3618.803466796875,108125400
2023-02-06,4962.5,5025.0,4875.0,4937.5,3600.572998046875,109098400
2023-02-07,4975.0,5112.5,4950.0,5087.5,3709.957275390625,118132000
2023-02-08,5062.5,5112.5,5050.0,5100.0,3719.072998046875,75656000
2023-02-09,5150.0,5200.0,5125.0,5125.0,3737.3037109375,121757400
2023-02-10,5225.0,5225.0,5075.0,5150.0,3755.53466796875,81114600
2023-02-13,5275.0,5275.0,5125.0,5175.0,3773.76513671875,56771800
2023-02-14,5225.0,5225.0,5137.5,5187.5,3782.880859375,39570600
2023-02-15,5150.0,5175.0,5050.0,5112.5,3728.188232421875,75595200
2023-02-16,5112.5,5137.5,5062.5,5087.5,3709.957275390625,49569000
2023-02-17,5087.5,5150.0,5050.0,5150.0,3755.53466796875,58521000
2023-02-20,5150.0,5150.0,5100.0,5137.5,3746.419189453125,40696400
2023-02-21,5150.0,5150.0,5087.5,5100.0,3719.072998046875,52604400
2023-02-22,5062.5,5087.5,4975.0,5000.0,3646.14990234375,75513400
2023-02-23,4987.5,5050.0,4962.5,5037.5,3673.49560546875,177505200
2023-02-24,5062.5,5112.5,5037.5,5062.5,3691.72705078125,54138200
2023-02-27,5037.5,5075.0,5025.0,5075.0,3700.842041015625,47901800
2023-02-28,5037.5,5075.0,5000.0,5000.0,3646.14990234375,146440400
2023-03-01,5075.0,5100.0,5025.0,5050.0,3682.611572265625,89565600
2023-03-02,5075.0,5150.0,5075.0,5112.5,3728.188232421875,72991800
2023-03-03,5100.0,5125.0,5012.5,5025.0,3664.38037109375,88630600
2023-03-06,5087.5,5112.5,5037.5,5062.5,3691.72705078125,53728800
2023-03-07,5075.0,5137.5,5062.5,5087.5,3709.957275390625,80065800
2023-03-08,5125.0,5137.5,5087.5,5137.5,3746.419189453125,104838200
2023-03-09,5200.0,5250.0,5175.0,5225.0,3810.226806640625,83286000
2023-03-10,5212.5,5212.5,5137.5,5187.5,3782.880859375,107531000
2023-03-13,5137.5,5187.5,5112.5,5175.0,3773.76513671875,92827600
2023-03-14,5100.0,5137.5,4925.0,4962.5,3618.803466796875,191898400
2023-03-15,5025.0,5087.5,4925.0,5025.0,3664.38037109375,262828600
2023-03-16,5037.5,5037.5,4912.5,4925.0,3591.457763671875,135467400
2023-03-17,4975.0,5062.5,4962.5,5050.0,3682.611572265625,224171600
2023-03-20,5025.0,5050.0,5000.0,5000.0,3646.14990234375,46333000
2023-03-21,5050.0,5250.0,5037.5,5250.0,3828.457763671875,131331000
2023-03-24,5312.5,5475.0,5287.5,5450.0,3974.303466796875,222156200
2023-03-27,5200.0,5212.5,5100.0,5100.0,3908.900634765625,151825600
2023-03-28,5100.0,5137.5,5050.0,5062.5,3880.158935546875,103951000
2023-03-29,5125.0,5187.5,5100.0,5175.0,3966.385009765625,107454600
2023-03-30,5175.0,5200.0,5112.5,5112.5,3918.4814453125,97186200
2023-03-31,5137.5,5162.5,5100.0,5162.5,3956.80419921875,92013200
2023-04-03,5200.0,5262.5,5200.0,5262.5,4033.448974609375,101724400
2023-04-04,5250.0,5300.0,5100.0,5200.0,3985.5458984375,94482600
2023-04-05,5150.0,5250.0,5150.0,5225.0,4004.70751953125,42655500
2023-04-06,5225.0,5225.0,5150.0,5175.0,3966.385009765625,47999400
2023-04-10,5150.0,5175.0,5050.0,5100.0,3908.900634765625,74787800
2023-04-11,5100.0,5100.0,5050.0,5100.0,3908.900634765625,37744800
2023-04-12,5100.0,5225.0,5100.0,5150.0,3947.223388671875,111901500
2023-04-13,5175.0,5200.0,5125.0,5125.0,3928.062255859375,67928500
2023-04-14,5150.0,5250.0,5150.0,5225.0,4004.70751953125,142479800
2023-04-17,5225.0,5250.0,5125.0,5125.0,3928.062255859375,95789900
2023-04-18,5150.0,5250.0,5125.0,5175.0,3966.385009765625,106962300
2023-04-26,5400.0,5425.0,5175.0,5200.0,3985.5458984375,207338000
2023-04-27,5175.0,5225.0,5175.0,5200.0,3985.5458984375,51076300
2023-04-28,5225.0,5225.0,5150.0,5175.0,3966.385009765625,116957800
2023-05-02,5250.0,5250.0,5175.0,5250.0,4023.86865234375,98024100
2023-05-03,5250.0,5250.0,5150.0,5225.0,4004.70751953125,110683000
2023-05-04,5175.0,5225.0,5125.0,5175.0,3966.385009765625,100945900
2023-05-05,5175.0,5200.0,5125.0,5175.0,3966.385009765625,64499500
2023-05-08,5175.0,5200.0,5125.0,5125.0,3928.062255859375,64678000
2023-05-09,5100.0,5125.0,5050.0,5050.0,3870.578369140625,93531000
2023-05-10,5050.0,5125.0,5050.0,5075.0,3889.73974609375,58148200
2023-05-11,5075.0,5100.0,5025.0,5100.0,3908.900634765625,63262300
2023-05-12,5075.0,5075.0,5000.0,5000.0,3832.255615234375,105407300
2023-05-15,5050.0,5050.0,5000.0,5050.0,3870.578369140625,76451700
2023-05-16,5075.0,5075.0,4980.0,4990.0,3824.59130859375,42752200
2023-05-17,4990.0,5075.0,4980.0,5000.0,3832.255615234375,63396700
2023-05-19,5075.0,5100.0,5025.0,5075.0,3889.73974609375,78499800
2023-05-22,5100.0,5250.0,5075.0,5225.0,4004.70751953125,120027200
2023-05-23,5200.0,5250.0,5100.0,5125.0,3928.062255859375,165534100
2023-05-24,5125.0,5150.0,5050.0,5075.0,3889.73974609375,125575300
2023-05-25,5050.0,5175.0,5050.0,5175.0,3966.385009765625,76424100
2023-05-26,5175.0,5200.0,5100.0,5125.0,3928.062255859375,42313700
2023-05-29,5175.0,5175.0,5100.0,5150.0,3947.223388671875,60646900
2023-05-30,5100.0,5200.0,5100.0,5150.0,3947.223388671875,49086100
2023-05-31,5175.0,5200.0,5050.0,5050.0,3870.578369140625,393735900
2023-06-05,5100.0,5150.0,5075.0,5075.0,3889.73974609375,149191300
2023-06-06,5050.0,5100.0,4950.0,5050.0,3870.578369140625,244590500
2023-06-07,5000.0,5075.0,5000.0,5025.0,3851.417236328125,130408700
2023-06-08,5000.0,5075.0,5000.0,5025.0,3851.417236328125,173484200
2023-06-09,5025.0,5125.0,5000.0,5125.0,3928.062255859375,150849200
2023-06-12,5100.0,5125.0,5050.0,5100.0,3908.900634765625,91080300
2023-06-13,5100.0,5175.0,5050.0,5100.0,3908.900634765625,143804700
2023-06-14,5125.0,5150.0,5050.0,5050.0,3870.578369140625,96670300
2023-06-15,5050.0,5150.0,5050.0,5125.0,3928.062255859375,94097900
2023-06-16,5125.0,5150.0,5075.0,5150.0,3947.223388671875,103942500
2023-06-19,5100.0,5150.0,5100.0,5125.0,3928.062255859375,36211300
2023-06-20,5100.0,5125.0,5050.0,5100.0,3908.900634765625,44316800
2023-06-21,5050.0,5100.0,5050.0,5100.0,3908.900634765625,58061600
2023-06-22,5100.0,5150.0,5075.0,5075.0,3889.73974609375,60457300
2023-06-23,5075.0,5125.0,5050.0,5075.0,3889.73974609375,47276900
2023-06-26,5100.0,5175.0,5075.0,5125.0,3928.062255859375,74263700
2023-06-27,5175.0,5250.0,5150.0,5200.0,3985.5458984375,101592900
2023-07-03,5125.0,5350.0,5125.0,5350.0,4100.513671875,227354700
2023-07-04,5400.0,5400.0,5225.0,5250.0,4023.86865234375,119841200
2023-07-05,5300.0,5325.0,5250.0,5275.0,4043.0302734375,78430000
2023-07-06,5300.0,5350.0,5250.0,5300.0,4062.19091796875,90981000
2023-07-07,5275.0,5300.0,5150.0,5150.0,3947.223388671875,128515100
2023-07-10,5175.0,5225.0,5150.0,5175.0,3966.385009765625,82685700
2023-07-11,5200.0,5300.0,5175.0,5275.0,4043.0302734375,100578900
2023-07-12,5300.0,5375.0,5250.0,5300.0,4062.19091796875,123947700
2023-07-13,5375.0,5375.0,5275.0,5350.0,4100.513671875,101281200
2023-07-14,5400.0,5425.0,5350.0,5400.0,4138.83642578125,122343600
2023-07-17,5425.0,5475.0,5375.0,5375.0,4119.67529296875,99897600
2023-07-18,5375.0,5425.0,5300.0,5350.0,4100.513671875,65073800
2023-07-20,5400.0,5550.0,5400.0,5525.0,4234.64306640625,132054000
2023-07-21,5550.0,5575.0,5450.0,5550.0,4253.80419921875,111275700
2023-07-24,5550.0,5625.0,5500.0,5500.0,4215.48095703125,54865000
2023-07-25,5550.0,5575.0,5500.0,5550.0,4253.80419921875,65237300
2023-07-26,5550.0,5600.0,5525.0,5575.0,4272.9658203125,88526700
2023-07-27,5575.0,5700.0,5575.0,5625.0,4311.28759765625,86556200
2023-07-28,5625.0,5725.0,5625.0,5700.0,4368.771484375,121968500
2023-07-31,5800.0,5800.0,5625.0,5725.0,4387.93310546875,189375700
2023-08-01,5650.0,5725.0,5600.0,5650.0,4330.44873046875,114702500
2023-08-02,5625.0,5750.0,5600.0,5700.0,4368.771484375,133546200
2023-08-03,5725.0,5825.0,5700.0,5800.0,4445.41650390625,68587500
2023-08-04,5800.0,5825.0,5750.0,5775.0,4426.25537109375,47144200
2023-08-07,5850.0,5925.0,5825.0,5875.0,4502.89990234375,104342100
2023-08-08,5900.0,5950.0,5875.0,5900.0,4522.0615234375,66473200
2023-08-09,5900.0,5950.0,5850.0,5900.0,4522.0615234375,64495400
2023-08-10,5925.0,6000.0,5900.0,5975.0,4579.54541015625,78859600
2023-08-11,5975.0,6025.0,5900.0,5925.0,4541.22314453125,46568600
2023-08-14,5925.0,5950.0,5800.0,5950.0,4560.384765625,86460500
2023-08-15,5900.0,5925.0,5800.0,5800.0,4445.41650390625,116815700
2023-08-16,5775.0,5800.0,5675.0,5800.0,4445.41650390625,163744100
2023-08-18,5725.0,5825.0,5725.0,5775.0,4426.25537109375,104894600
2023-08-21,5800.0,5875.0,5800.0,5825.0,4464.57763671875,61845800
2023-08-22,5800.0,5950.0,5800.0,5950.0,4560.384765625,93617200
2023-08-23,5950.0,5950.0,5850.0,5850.0,4483.73876953125,40844700
2023-08-24,5900.0,5950.0,5875.0,5950.0,4560.384765625,42648300
2023-08-25,5900.0,5925.0,5825.0,5900.0,4522.0615234375,65093100
2023-08-28,5950.0,6025.0,5900.0,6000.0,4598.70703125,63980400
2023-08-29,6000.0,6025.0,5950.0,5950.0,4560.384765625,50839300
2023-08-30,5925.0,6100.0,5925.0,5975.0,4579.54541015625,65727400
2023-08-31,6000.0,6075.0,5900.0,6025.0,4617.8681640625,159062900
2023-09-01,6075.0,6125.0,6050.0,6075.0,4656.1904296875,50796000
2023-09-04,6075.0,6150.0,6050.0,6100.0,4675.35205078125,56317700
2023-09-05,6100.0,6150.0,6075.0,6100.0,4675.35205078125,24893100
2023-09-06,6050.0,6125.0,6050.0,6050.0,4637.02978515625,40547800
2023-09-07,6000.0,6025.0,5825.0,5875.0,4502.89990234375,124351400
2023-09-08,5900.0,5925.0,5775.0,5900.0,4522.0615234375,81980400
2023-09-11,5900.0,5925.0,5825.0,5925.0,4541.22314453125,74510600
2023-09-12,5950.0,5950.0,5850.0,5875.0,4502.89990234375,54076800
2023-09-13,5825.0,5850.0,5775.0,5850.0,4483.73876953125,69884000
2023-09-14,5825.0,5875.0,5775.0,5825.0,4464.57763671875,59132600
2023-09-15,5900.0,5975.0,5850.0,5925.0,4541.22314453125,165106200
2023-09-18,5900.0,5950.0,5875.0,5900.0,4522.0615234375,53450400
2023-09-19,5900.0,6075.0,5875.0,6000.0,4598.70703125,84608400
2023-09-20,6100.0,6125.0,6050.0,6075.0,4656.1904296875,64864900
2023-09-21,6050.0,6075.0,5975.0,6000.0,4598.70703125,60535000
2023-09-22,6000.0,6050.0,5975.0,6000.0,4598.70703125,51069900
2023-09-25,6000.0,6050.0,5975.0,6000.0,4598.70703125,40650900
2023-09-26,5975.0,6000.0,5850.0,5925.0,4541.22314453125,109786400
2023-09-27,5925.0,6050.0,5900.0,6000.0,4598.70703125,75050600
2023-09-29,6050.0,6050.0,6000.0,6025.0,4617.8681640625,71554100
2023-10-02,6025.0,6100.0,6025.0,6050.0,4637.02978515625,33296500
2023-10-03,6000.0,6075.0,6000.0,6075.0,4656.1904296875,37093100
2023-10-04,6075.0,6125.0,5975.0,6125.0,4694.51318359375,69154000
2023-10-05,6150.0,6200.0,6100.0,6125.0,4694.51318359375,69566800
2023-10-06,6150.0,6150.0,6025.0,6025.0,4617.8681640625,25913600
2023-10-09,6025.0,6050.0,5900.0,5900.0,4522.0615234375,45321700
2023-10-10,5900.0,6075.0,5900.0,6000.0,4598.70703125,42820800
2023-10-11,5950.0,6175.0,5950.0,6050.0,4637.02978515625,72955000
2023-10-12,6075.0,6175.0,6050.0,6075.0,4656.1904296875,91341800
2023-10-13,6075.0,6150.0,6025.0,6075.0,4656.1904296875,39914700
2023-10-16,6025.0,6075.0,5975.0,6025.0,4617.8681640625,53416400
2023-10-17,6000.0,6025.0,5925.0,6000.0,4598.70703125,74702300
2023-10-18,5925.0,5950.0,5825.0,5850.0,4483.73876953125,80637400
2023-10-19,5775.0,5800.0,5700.0,5725.0,4387.93310546875,160277800
2023-10-20,5675.0,5800.0,5650.0,5750.0,4407.09423828125,82132000
2023-10-23,5700.0,5725.0,5625.0,5675.0,4349.60986328125,73897500
2023-10-24,5700.0,5800.0,5675.0,5750.0,4407.09423828125,72469200
2023-10-25,5825.0,5900.0,5775.0,5850.0,4483.73876953125,90426500
2023-10-26,5800.0,5850.0,5700.0,5700.0,4368.771484375,86348700
2023-10-27,5750.0,5775.0,5700.0,5700.0,4368.771484375,90177000
2023-10-30,5700.0,5725.0,5625.0,5725.0,4387.93310546875,81547000
2023-10-31,5800.0,5850.0,5650.0,5675.0,4349.60986328125,99449400
2023-11-01,5700.0,5700.0,5625.0,5650.0,4330.44873046875,74281200
2023-11-02,5750.0,5925.0,5725.0,5900.0,4522.0615234375,115678200
2023-11-03,5925.0,5975.0,5825.0,5825.0,4464.57763671875,53379500
2023-11-06,5900.0,5925.0,5850.0,5925.0,4541.22314453125,58266100
2023-11-07,5950.0,5975.0,5800.0,5875.0,4502.89990234375,56161300
2023-11-08,5775.0,5850.0,5725.0,5850.0,4483.73876953125,63442400
2023-11-09,5825.0,5900.0,5800.0,5875.0,4502.89990234375,45026200
2023-11-10,5850.0,5850.0,5775.0,5775.0,4426.25537109375,59611500
2023-11-13,5850.0,5850.0,5800.0,5825.0,4464.57763671875,17444600
2023-11-14,5825.0,5900.0,5800.0,5825.0,4464.57763671875,50587800
2023-11-15,5900.0,5975.0,5875.0,5925.0,4541.22314453125,74255700
2023-11-16,5850.0,5925.0,5825.0,5925.0,4541.22314453125,36004500
2023-11-17,5875.0,5950.0,5850.0,5900.0,4522.0615234375,33963900
2023-11-20,5825.0,5925.0,5825.0,5875.0,4502.89990234375,20014600
2023-11-21,5850.0,5925.0,5825.0,5875.0,4502.89990234375,55094300
2023-11-22,5825.0,5900.0,5825.0,5875.0,4502.89990234375,21111100
2023-11-23,5950.0,5950.0,5900.0,5900.0,4522.0615234375,36725600
2023-11-24,5925.0,5925.0,5850.0,5875.0,4502.89990234375,27087900
2023-11-27,5900.0,5925.0,5875.0,5900.0,4522.0615234375,39719300
2023-11-28,5900.0,5925.0,5875.0,5900.0,4522.0615234375,58255800
2023-11-29,5850.0,5925.0,5825.0,5850.0,4483.73876953125,36796600
2023-11-30,5850.0,5925.0,5825.0,5850.0,4483.73876953125,117365000
2023-12-01,5850.0,5900.0,5825.0,5900.0,4522.0615234375,31365100
2023-12-04,5925.0,6025.0,5900.0,6000.0,4598.70703125,66145100
2023-12-05,6000.0,6000.0,5875.0,5975.0,4579.54541015625,58668400
2023-12-06,5925.0,5950.0,5800.0,5800.0,4445.41650390625,88747200
2023-12-07,5800.0,5825.0,5725.0,5750.0,4407.09423828125,97966700
2023-12-08,5750.0,5775.0,5650.0,5700.0,4368.771484375,98036700
2023-12-11,5650.0,5800.0,5650.0,5775.0,4426.25537109375,68655000
2023-12-12,5800.0,5825.0,5750.0,5800.0,4445.41650390625,55110500
2023-12-13,5750.0,5775.0,5700.0,5725.0,4387.93310546875,121450600
2023-12-14,5825.0,6025.0,5800.0,5950.0,4560.384765625,171595800
2023-12-15,5950.0,6000.0,5900.0,5900.0,4522.0615234375,142382200
2023-12-18,5850.0,5950.0,5850.0,5925.0,4541.22314453125,101458600
2023-12-19,5950.0,5975.0,5925.0,5975.0,4579.54541015625,40763200
2023-12-20,5900.0,5975.0,5900.0,5925.0,4541.22314453125,65361000
2023-12-21,5950.0,5975.0,5925.0,5975.0,4579.54541015625,50363900
2023-12-22,5950.0,5975.0,5925.0,5975.0,4579.54541015625,29975600
2023-12-27,6000.0,6025.0,5925.0,6000.0,4598.70703125,43114900
2023-12-28,6050.0,6150.0,6000.0,6125.0,4694.51318359375,75118700
2023-12-29,6125.0,6125.0,6000.0,6050.0,4637.02978515625,63097100
2024-01-02,6050.0,6125.0,6025.0,6125.0,4694.51318359375,26235700
2024-01-03,6100.0,6150.0,6050.0,6100.0,4675.35205078125,30053900
2024-01-04,6125.0,6400.0,6100.0,6350.0,4866.96533203125,135344500
2024-01-05,6400.0,6475.0,6350.0,6425.0,4924.44873046875,114339400
2024-01-08,6500.0,6600.0,6375.0,6400.0,4905.2880859375,151018300
2024-01-09,6425.0,6450.0,6350.0,6375.0,4886.12646484375,77953400
2024-01-10,6375.0,6450.0,6325.0,6425.0,4924.44873046875,50019800
2024-01-11,6425.0,6500.0,6400.0,6450.0,4943.60986328125,32120200
2024-01-12,6575.0,6675.0,6525.0,6575.0,5039.41650390625,114039700
2024-01-15,6575.0,6625.0,6475.0,6500.0,4981.9326171875,83066800
2024-01-16,6525.0,6625.0,6500.0,6525.0,5001.09375,83516800
2024-01-17,6525.0,6625.0,6500.0,6525.0,5001.09375,80929000
2024-01-18,6525.0,6550.0,6475.0,6525.0,5001.09375,78209900
2024-01-19,6500.0,6525.0,6425.0,6525.0,5001.09375,74814000
2024-01-22,6500.0,6550.0,6450.0,6500.0,4981.9326171875,96993100
2024-01-23,6525.0,6550.0,6450.0,6500.0,4981.9326171875,77037800
2024-01-24,6450.0,6475.0,6350.0,6400.0,4905.2880859375,97290600
2024-01-25,6325.0,6400.0,6250.0,6275.0,4809.48046875,99094100
2024-01-26,6250.0,6325.0,6225.0,6300.0,4828.6416015625,77236800
2024-01-29,6350.0,6475.0,6275.0,6475.0,4962.77099609375,124753000
2024-01-30,6475.0,6700.0,6450.0,6650.0,5096.89990234375,123330900
2024-01-31,6650.0,6700.0,6650.0,6650.0,5096.89990234375,128185000
2024-02-01,6575.0,6625.0,6500.0,6550.0,5020.25537109375,168145800
2024-02-02,6625.0,6675.0,6600.0,6675.0,5116.06103515625,120116200
2024-02-05,6700.0,6950.0,6675.0,6825.0,5231.029296875,150535100
2024-02-06,6825.0,6925.0,6775.0,6850.0,5250.19091796875,90146000
2024-02-07,6875.0,6950.0,6850.0,6950.0,5326.8359375,88745500
2024-02-12,7150.0,7200.0,7050.0,7100.0,5441.802734375,162771300
2024-02-13,7100.0,7125.0,7025.0,7025.0,5384.3193359375,102668900
2024-02-15,7300.0,7375.0,7150.0,7200.0,5518.4482421875,220530000
2024-02-16,7375.0,7400.0,7200.0,7200.0,5518.4482421875,142022100
2024-02-19,7150.0,7325.0,7125.0,7150.0,5480.1259765625,83753500
2024-02-20,7250.0,7250.0,7150.0,7150.0,5480.1259765625,87312000
2024-02-21,7125.0,7250.0,7075.0,7250.0,5556.7705078125,128063900
2024-02-22,7175.0,7200.0,7100.0,7100.0,5441.802734375,85735800
2024-02-23,7050.0,7100.0,7000.0,7050.0,5403.48046875,109404700
2024-02-26,6950.0,7075.0,6950.0,7050.0,5403.48046875,65407700
2024-02-27,6975.0,7100.0,6975.0,7075.0,5422.64208984375,58066100
2024-02-28,7025.0,7125.0,7025.0,7125.0,5460.96435546875,49888400
2024-02-29,7125.0,7150.0,7000.0,7000.0,5365.158203125,150713600
2024-03-01,7050.0,7075.0,6975.0,7025.0,5384.3193359375,90739400
2024-03-04,7000.0,7050.0,6975.0,7025.0,5384.3193359375,44707200
2024-03-05,7075.0,7100.0,7000.0,7025.0,5384.3193359375,92557200
2024-03-06,7000.0,7100.0,7000.0,7075.0,5422.64208984375,74178100
2024-03-07,7075.0,7125.0,7025.0,7100.0,5441.802734375,94950400
2024-03-08,7150.0,7175.0,7100.0,7125.0,5460.96435546875,109032400
2024-03-13,7250.0,7275.0,7150.0,7275.0,5575.93212890625,126022700
2024-03-14,7250.0,7400.0,7225.0,7400.0,5671.73876953125,161193000
2024-03-15,7450.0,7500.0,7275.0,7400.0,5671.73876953125,250581100
2024-03-18,7425.0,7425.0,7175.0,7175.0,5499.28759765625,105778200
2024-03-19,7250.0,7350.0,7225.0,7275.0,5575.93212890625,100836600
2024-03-20,7050.0,7050.0,7000.0,7050.0,5679.82666015625,83416700
2024-03-21,7100.0,7200.0,7050.0,7050.0,5679.82666015625,81774800
2024-03-22,7000.0,7075.0,6950.0,7050.0,5679.82666015625,65219900
2024-03-25,7250.0,7250.0,7000.0,7250.0,5840.9560546875,78212700
2024-03-26,7225.0,7225.0,7125.0,7175.0,5780.533203125,74274300
2024-03-27,7200.0,7250.0,7175.0,7175.0,5780.533203125,46295700
2024-03-28,7150.0,7250.0,7125.0,7250.0,5840.9560546875,90900900
2024-04-01,7250.0,7250.0,6750.0,6900.0,5558.9794921875,158358600
2024-04-02,6900.0,6900.0,6700.0,6900.0,5558.9794921875,135764900
2024-04-03,6950.0,6950.0,6675.0,6775.0,5458.27294921875,115372600
2024-04-04,6750.0,6925.0,6750.0,6875.0,5538.837890625,63174900
2024-04-05,6825.0,6900.0,6825.0,6825.0,5498.5556640625,46111500
2024-04-16,6350.0,6725.0,6300.0,6625.0,5337.42578125,180012400
2024-04-17,6700.0,6775.0,6625.0,6625.0,5337.42578125,83840200
2024-04-18,6800.0,6900.0,6725.0,6800.0,5478.41455078125,106893900
2024-04-19,6725.0,6800.0,6650.0,6725.0,5417.9912109375,47943300
2024-04-22,6875.0,6875.0,6575.0,6725.0,5417.9912109375,121727900
2024-04-23,6850.0,6925.0,6725.0,6825.0,5498.5556640625,106699200
2024-04-24,6925.0,7050.0,6900.0,7050.0,5679.82666015625,117586500
2024-04-25,7050.0,7075.0,6925.0,6950.0,5599.26220703125,111803500
2024-04-26,7000.0,7025.0,6750.0,6750.0,5438.13232421875,125875000
2024-04-29,6650.0,6950.0,6650.0,6925.0,5579.12060546875,77938400
2024-04-30,6800.0,7050.0,6775.0,6900.0,5558.9794921875,189991300
2024-05-02,6800.0,6800.0,6050.0,6325.0,5095.73095703125,501849300
2024-05-03,6300.0,6425.0,6050.0,6150.0,4954.74267578125,269305400
2024-05-06,6250.0,6400.0,6150.0,6275.0,5055.4482421875,184234200
2024-05-07,6325.0,6400.0,6250.0,6275.0,5055.4482421875,130410300
2024-05-08,6325.0,6450.0,6250.0,6275.0,5055.4482421875,117065300
2024-05-13,6200.0,6275.0,6125.0,6200.0,4995.02490234375,128638300
2024-05-14,6175.0,6300.0,6175.0,6200.0,4995.02490234375,94048400
2024-05-15,6200.0,6400.0,6200.0,6375.0,5136.013671875,80923000
2024-05-16,6450.0,6500.0,6325.0,6350.0,5115.87255859375,114806300
2024-05-17,6350.0,6650.0,6350.0,6575.0,5297.1435546875,133153900
2024-05-20,6550.0,6625.0,6200.0,6325.0,5095.73095703125,168796000
2024-05-21,6225.0,6275.0,5975.0,6025.0,4854.0361328125,307362900
2024-05-22,6000.0,6150.0,5950.0,6050.0,4874.177734375,171675900
2024-05-27,6025.0,6050.0,5825.0,5825.0,4692.90625,258450900
2024-05-28,5850.0,6025.0,5825.0,5950.0,4793.61279296875,93701700
2024-05-29,5825.0,5875.0,5700.0,5800.0,4672.76513671875,169386300
2024-05-30,5775.0,6000.0,5525.0,5875.0,4733.1884765625,236632600
2024-05-31,6000.0,6025.0,5900.0,5900.0,4753.330078125,169567000
2024-06-03,6075.0,6150.0,6025.0,6100.0,4914.4599609375,92525600
2024-06-04,6150.0,6275.0,6125.0,6150.0,4954.74267578125,137800600
2024-06-05,6125.0,6150.0,5975.0,6000.0,4833.89501953125,102327300
2024-06-06,6125.0,6200.0,6075.0,6175.0,4974.8837890625,85735200
2024-06-07,6250.0,6275.0,6150.0,6275.0,5055.4482421875,99092800
2024-06-10,6275.0,6350.0,6200.0,6275.0,5055.4482421875,80154400
2024-06-11,6200.0,6250.0,6125.0,6125.0,4934.60107421875,56254400
2024-06-12,6050.0,6075.0,5900.0,5925.0,4773.4716796875,120857200
2024-06-13,5975.0,6000.0,5850.0,5875.0,4733.1884765625,162616700
2024-06-14,5850.0,5875.0,5650.0,5750.0,4632.48291015625,203241500
2024-06-19,5775.0,5850.0,5675.0,5750.0,4632.48291015625,116004200
2024-06-20,5825.0,5950.0,5750.0,5950.0,4793.61279296875,82660000
2024-06-21,6050.0,6200.0,6025.0,6125.0,4934.60107421875,184240600
2024-06-24,6075.0,6125.0,6000.0,6000.0,4833.89501953125,58831900
2024-06-25,5925.0,5975.0,5825.0,5925.0,4773.4716796875,159983800
2024-06-26,5950.0,6025.0,5850.0,5850.0,4713.04736328125,92895700
2024-06-27,5900.0,6075.0,5875.0,6000.0,4833.89501953125,117602400
2024-06-28,6000.0,6250.0,6000.0,6150.0,4954.74267578125,191371600
2024-07-01,6175.0,6250.0,6100.0,6250.0,5035.3076171875,100408200
2024-07-02,6275.0,6350.0,6150.0,6200.0,4995.02490234375,159356600
2024-07-03,6275.0,6300.0,6100.0,6225.0,5015.166015625,70017100
2024-07-04,6250.0,6400.0,6225.0,6250.0,5035.3076171875,90147800
2024-07-05,6325.0,6500.0,6300.0,6425.0,5176.2958984375,111646800
2024-07-08,6400.0,6425.0,6200.0,6225.0,5015.166015625,138144000
2024-07-09,6225.0,6400.0,6200.0,6375.0,5136.013671875,84177600
2024-07-10,6375.0,6450.0,6300.0,6375.0,5136.013671875,59685300
2024-07-11,6400.0,6425.0,6350.0,6400.0,5156.1552734375,66789800
2024-07-12,6450.0,6550.0,6400.0,6425.0,5176.2958984375,136132200
2024-07-15,6450.0,6450.0,6300.0,6350.0,5115.87255859375,66071800
2024-07-16,6400.0,6400.0,6300.0,6350.0,5115.87255859375,64687900
2024-07-17,6450.0,6525.0,6375.0,6450.0,5196.43701171875,109729800
2024-07-18,6550.0,6600.0,6500.0,6550.0,5277.00244140625,132532000
2024-07-19,6500.0,6525.0,6450.0,6525.0,5256.86083984375,63165500
2024-07-22,6575.0,6700.0,6525.0,6700.0,5397.849609375,110467000
2024-07-23,6750.0,6750.0,6550.0,6625.0,5337.42578125,77861700
2024-07-24,6500.0,6575.0,6475.0,6475.0,5216.578125,63940900
2024-07-25,6450.0,6575.0,6400.0,6575.0,5297.1435546875,66655400
2024-07-26,6575.0,6625.0,6500.0,6550.0,5277.00244140625,76519500
2024-07-29,6550.0,6550.0,6450.0,6475.0,5216.578125,54435300
2024-07-30,6475.0,6550.0,6375.0,6475.0,5216.578125,86701400
2024-07-31,6400.0,6475.0,6375.0,6400.0,5156.1552734375,99004100
2024-08-01,6550.0,6750.0,6500.0,6750.0,5438.13232421875,163086200
2024-08-02,6700.0,6875.0,6675.0,6800.0,5478.41455078125,167892400
2024-08-05,6700.0,6725.0,6500.0,6575.0,5297.1435546875,184384000
2024-08-06,6650.0,6700.0,6525.0,6625.0,5337.42578125,95785000
2024-08-07,6725.0,6775.0,6650.0,6775.0,5458.27294921875,84582200
2024-08-08,6800.0,6850.0,6725.0,6800.0,5478.41455078125,81408500
2024-08-09,6825.0,6900.0,6800.0,6850.0,5518.697265625,79710700
2024-08-12,6875.0,6900.0,6775.0,6900.0,5558.9794921875,50756000
2024-08-13,6850.0,7000.0,6850.0,7000.0,5639.54443359375,68666000
2024-08-14,7075.0,7100.0,7025.0,7075.0,5699.96826171875,97695100
2024-08-15,7075.0,7075.0,6925.0,7025.0,5659.685546875,75955500
2024-08-16,7075.0,7125.0,7025.0,7075.0,5699.96826171875,64266400
2024-08-19,7075.0,7150.0,7025.0,7150.0,5760.3916015625,50246100
2024-08-20,7200.0,7350.0,7150.0,7200.0,5800.673828125,102615900
2024-08-21,7300.0,7300.0,7225.0,7250.0,5840.9560546875,88487800
2024-08-22,7150.0,7175.0,6925.0,7050.0,5679.82666015625,157323000
2024-08-23,7000.0,7075.0,6975.0,7050.0,5679.82666015625,111752100
2024-08-26,7050.0,7100.0,7000.0,7050.0,5679.82666015625,78515400
2024-08-27,7025.0,7050.0,6925.0,7025.0,5659.685546875,91686700
2024-08-28,7025.0,7225.0,7000.0,7225.0,5820.8154296875,114606200
2024-08-29,7300.0,7300.0,7100.0,7100.0,5720.10888671875,94475900
2024-08-30,7100.0,7175.0,7075.0,7125.0,5740.25048828125,153760500
2024-09-02,7200.0,7275.0,7125.0,7200.0,5800.673828125,82176000
2024-09-03,7200.0,7250.0,7050.0,7075.0,5699.96826171875,75100800
2024-09-04,7000.0,7175.0,7000.0,7175.0,5780.533203125,78789800
2024-09-05,7125.0,7225.0,7125.0,7175.0,5780.533203125,59432000
2024-09-06,7175.0,7275.0,7150.0,7250.0,5840.9560546875,63619300
2024-09-09,7250.0,7250.0,7200.0,7250.0,5840.9560546875,71430300
2024-09-10,7250.0,7275.0,7225.0,7250.0,5840.9560546875,73515700
2024-09-11,7300.0,7400.0,7275.0,7375.0,5941.6630859375,91822300
2024-09-12,7375.0,7425.0,7300.0,7300.0,5881.23876953125,68254300
2024-09-13,7300.0,7300.0,7225.0,7275.0,5861.09765625,45854000
2024-09-17,7325.0,7450.0,7300.0,7425.0,5981.94482421875,96428000
2024-09-18,7375.0,7450.0,7350.0,7400.0,5961.80419921875,47279200
2024-09-19,7450.0,7550.0,7400.0,7400.0,5961.80419921875,124377800
2024-09-20,7400.0,7425.0,7300.0,7300.0,5881.23876953125,97901700
2024-09-23,7325.0,7450.0,7300.0,7450.0,6002.0859375,79675600
2024-09-24,7400.0,7475.0,7375.0,7425.0,5981.94482421875,81817100
2024-09-25,7350.0,7350.0,7050.0,7200.0,5800.673828125,192197100
2024-09-26,7175.0,7200.0,7100.0,7175.0,5780.533203125,173044000
2024-09-27,7025.0,7125.0,7000.0,7050.0,5679.82666015625,161405200
2024-09-30,7000.0,7025.0,6875.0,6925.0,5579.12060546875,166203500
2024-10-01,7000.0,7075.0,6950.0,7050.0,5679.82666015625,82690100
2024-10-02,7025.0,7100.0,6925.0,6975.0,5619.40283203125,91076400
2024-10-03,7000.0,7075.0,6900.0,7050.0,5679.82666015625,86264900
2024-10-04,7025.0,7050.0,6900.0,6950.0,5599.26220703125,79485300
2024-10-07,6925.0,6925.0,6800.0,6875.0,5538.837890625,103943100
2024-10-08,6825.0,7175.0,6775.0,7075.0,5699.96826171875,132141500
2024-10-09,7075.0,7175.0,6950.0,6950.0,5599.26220703125,76515700
2024-10-10,6925.0,7050.0,6900.0,6950.0,5599.26220703125,44291900
2024-10-11,7025.0,7025.0,6925.0,6950.0,5599.26220703125,45331500
2024-10-14,6925.0,6975.0,6900.0,6925.0,5579.12060546875,55885300
2024-10-15,7000.0,7100.0,6925.0,7050.0,5679.82666015625,90358600
2024-10-16,7050.0,7075.0,6925.0,7000.0,5639.54443359375,133022500
2024-10-17,7050.0,7250.0,7000.0,7225.0,5820.8154296875,90219900
2024-10-18,7275.0,7300.0,7175.0,7175.0,5780.533203125,57379200
2024-10-21,7250.0,7250.0,7125.0,7200.0,5800.673828125,43056000
2024-10-22,7150.0,7175.0,7075.0,7075.0,5699.96826171875,43582700
2024-10-23,7075.0,7125.0,7025.0,7075.0,5699.96826171875,38222900
2024-10-24,7000.0,7150.0,6975.0,6975.0,5619.40283203125,65877100
2024-10-25,6975.0,7050.0,6975.0,7050.0,5679.82666015625,34637500
2024-10-28,7075.0,7075.0,6800.0,6825.0,5498.5556640625,114500800
2024-10-29,6800.0,6850.0,6725.0,6825.0,5498.5556640625,91268300
2024-10-30,6575.0,6775.0,6575.0,6750.0,5438.13232421875,122132700
2024-10-31,6750.0,6825.0,6700.0,6700.0,5397.849609375,126730700
2024-11-01,6725.0,6725.0,6550.0,6650.0,5357.56689453125,101423100
2024-11-04,6600.0,6800.0,6525.0,6750.0,5438.13232421875,80208800
2024-11-05,6725.0,6950.0,6675.0,6925.0,5579.12060546875,88661200
2024-11-06,6925.0,6925.0,6550.0,6550.0,5277.00244140625,147272800
2024-11-07,6500.0,6550.0,6425.0,6425.0,5176.2958984375,154758500
2024-11-08,6425.0,6525.0,6275.0,6325.0,5095.73095703125,192423000
2024-11-11,6300.0,6450.0,6150.0,6350.0,5115.87255859375,125606000
2024-11-12,6375.0,6450.0,6325.0,6375.0,5136.013671875,117281700
2024-11-13,6500.0,6550.0,6400.0,6425.0,5176.2958984375,102748300
2024-11-14,6375.0,6475.0,6350.0,6375.0,5136.013671875,69750600
2024-11-15,6300.0,6400.0,6300.0,6350.0,5115.87255859375,41079700
2024-11-18,6350.0,6425.0,6225.0,6325.0,5095.73095703125,77471700
2024-11-19,6375.0,6375.0,6225.0,6250.0,5035.3076171875,95495700
2024-11-20,6325.0,6350.0,6200.0,6225.0,5015.166015625,68707200
2024-11-21,6225.0,6225.0,6125.0,6150.0,4954.74267578125,76579300
2024-11-22,6125.0,6300.0,6100.0,6250.0,5035.3076171875,80236400
2024-11-25,6325.0,6600.0,6325.0,6575.0,5297.1435546875,183449100
2024-11-26,6600.0,6600.0,6325.0,6400.0,5156.1552734375,107194300
2024-11-28,6350.0,6525.0,6350.0,6450.0,5196.43701171875,81883200
2024-11-29,6325.0,6375.0,6125.0,6150.0,4954.74267578125,157628700
2024-12-02,6175.0,6250.0,5975.0,6000.0,4833.89501953125,114555300
2024-12-03,6100.0,6275.0,6100.0,6275.0,5055.4482421875,99509800
2024-12-04,6275.0,6450.0,6225.0,6375.0,5136.013671875,75260000
2024-12-05,6350.0,6375.0,6150.0,6150.0,4954.74267578125,69528700
2024-12-06,6200.0,6275.0,6125.0,6225.0,5015.166015625,75989700
2024-12-09,6175.0,6375.0,6175.0,6375.0,5136.013671875,74220300
2024-12-10,6275.0,6325.0,6225.0,6300.0,5075.58935546875,92245000
2024-12-11,6300.0,6400.0,6300.0,6300.0,5075.58935546875,62509600
2024-12-12,6200.0,6225.0,6100.0,6125.0,4934.60107421875,96707500
2024-12-13,6025.0,6100.0,5975.0,6025.0,4854.0361328125,135581400
2024-12-16,5900.0,6100.0,5900.0,6075.0,4894.318359375,105375900
2024-12-17,6050.0,6075.0,5925.0,5950.0,4793.61279296875,72109300
2024-12-18,5925.0,6000.0,5775.0,5825.0,4692.90625,153164600
2024-12-19,5625.0,5725.0,5600.0,5675.0,4572.05859375,277793000
2024-12-20,5675.0,5750.0,5625.0,5675.0,4572.05859375,148568600
2024-12-23,5800.0,5875.0,5725.0,5825.0,4692.90625,82910100
2024-12-24,5825.0,5875.0,5750.0,5750.0,4632.48291015625,41240900
2024-12-27,5750.0,5850.0,5750.0,5800.0,4672.76513671875,46126800
2024-12-30,5675.0,5750.0,5650.0,5700.0,4592.2001953125,96782100
2025-01-02,5700.0,5850.0,5700.0,5850.0,4713.04736328125,82914600
2025-01-03,5850.0,5875.0,5775.0,5800.0,4672.76513671875,58067100
2025-01-06,5825.0,5825.0,5650.0,5675.0,4572.05859375,68443700
2025-01-07,5600.0,5650.0,5550.0,5600.0,4511.6357421875,96982300
2025-01-08,5600.0,5750.0,5600.0,5750.0,4632.48291015625,118246100
2025-01-09,5725.0,5775.0,5700.0,5750.0,4632.48291015625,56491700
2025-01-10,5750.0,5775.0,5600.0,5600.0,4511.6357421875,77751500
2025-01-13,5500.0,5550.0,5475.0,5525.0,4451.2119140625,99953900
2025-01-14,5425.0,5575.0,5400.0,5400.0,4350.505859375,97351900
2025-01-15,5475.0,5825.0,5450.0,5750.0,4632.48291015625,194025700
2025-01-16,6075.0,6200.0,5850.0,5875.0,4733.1884765625,204359900
2025-01-17,5800.0,6050.0,5750.0,5875.0,4733.1884765625,114054600
2025-01-20,6000.0,6050.0,5925.0,6000.0,4833.89501953125,84338400
2025-01-21,6100.0,6175.0,6025.0,6050.0,4874.177734375,115355900
2025-01-22,6150.0,6200.0,6100.0,6150.0,4954.74267578125,117929800
2025-01-23,6200.0,6300.0,6175.0,6175.0,4974.8837890625,120893700
2025-01-24,6250.0,6250.0,6125.0,6125.0,4934.60107421875,96161800
2025-01-30,6100.0,6225.0,6075.0,6100.0,4914.4599609375,101400400
2025-01-31,6175.0,6225.0,6025.0,6025.0,4854.0361328125,107861000
2025-02-03,5975.0,6000.0,5700.0,5800.0,4672.76513671875,182181700
2025-02-04,5825.0,5850.0,5625.0,5675.0,4572.05859375,121871500
2025-02-05,5600.0,5600.0,5475.0,5525.0,4451.2119140625,185656000
2025-02-06,5425.0,5425.0,5000.0,5100.0,4108.810546875,642118700
2025-02-07,5000.0,5150.0,4950.0,5150.0,4149.09326171875,407896100
2025-02-10,5150.0,5150.0,4990.0,5000.0,4028.24560546875,169384300
2025-02-11,4750.0,4950.0,4750.0,4880.0,3931.568115234375,316743200
2025-02-12,4920.0,4950.0,4830.0,4940.0,3979.906982421875,225073300
2025-02-13,4940.0,5075.0,4900.0,5025.0,4048.38720703125,215271400
2025-02-14,5100.0,5200.0,4970.0,5125.0,4128.9521484375,239709300
2025-02-17,5200.0,5475.0,5175.0,5425.0,4370.64697265625,223837300
2025-02-18,5450.0,5550.0,5375.0,5450.0,4390.7880859375,157430200
2025-02-19,5375.0,5400.0,5125.0,5175.0,4169.23486328125,204335500
2025-02-20,5125.0,5225.0,5100.0,5150.0,4149.09326171875,98363500
2025-02-21,5000.0,5100.0,5000.0,5075.0,4088.669677734375,152528600
2025-02-24,5050.0,5075.0,4980.0,5025.0,4048.38720703125,127578500
2025-02-25,5000.0,5025.0,4860.0,4870.0,3923.511474609375,224607800
2025-02-26,4860.0,4980.0,4850.0,4920.0,3963.793701171875,161836900
2025-02-27,4930.0,4950.0,4660.0,4660.0,3754.3251953125,334919800
2025-02-28,4620.0,4690.0,4550.0,4600.0,3705.986328125,464696700
2025-03-03,4750.0,4980.0,4700.0,4900.0,3947.680908203125,257118300
2025-03-04,4900.0,4920.0,4750.0,4840.0,3899.34228515625,144346500
2025-03-05,4860.0,5050.0,4860.0,4860.0,3915.454833984375,252222800
2025-03-06,4910.0,4980.0,4870.0,4870.0,3923.511474609375,194909200
2025-03-07,4870.0,4870.0,4810.0,4840.0,3899.34228515625,117916600
2025-03-10,4730.0,4760.0,4660.0,4710.0,3794.607666015625,231152200
2025-03-11,4650.0,4780.0,4640.0,4740.0,3818.777099609375,150738100
2025-03-12,4750.0,4880.0,4750.0,4880.0,3931.568115234375,129973900
2025-03-13,4940.0,4940.0,4710.0,4740.0,3818.777099609375,176286000
2025-03-14,4640.0,4800.0,4640.0,4740.0,3818.777099609375,154331400
2025-03-17,4740.0,4770.0,4660.0,4680.0,3770.438232421875,135692800
2025-03-18,4680.0,4690.0,4300.0,4530.0,3649.590576171875,387565100
2025-03-19,4530.0,4700.0,4440.0,4680.0,3770.438232421875,273084900
2025-03-20,4760.0,4770.0,4610.0,4620.0,3722.099609375,138209700
2025-03-21,4600.0,4610.0,4380.0,4410.0,3552.912841796875,374396400
2025-03-24,4350.0,4530.0,4250.0,4460.0,3593.1953125,319017400
2025-03-25,4500.0,4810.0,4500.0,4740.0,3818.777099609375,313034100
2025-03-26,4980.0,5175.0,4930.0,5150.0,4149.09326171875,582172700
2025-03-27,5150.0,5250.0,5050.0,5200.0,4189.37548828125,301025300
2025-04-08,4500.0,4830.0,4500.0,4670.0,3762.3818359375,738455000
2025-04-09,4630.0,4790.0,4630.0,4710.0,3794.607666015625,316821100
2025-04-10,5200.0,5225.0,4970.0,5025.0,4048.38720703125,559966600
2025-04-11,5000.0,5175.0,4950.0,5100.0,4108.810546875,384917500
2025-04-14,4650.0,4750.0,4650.0,4750.0,4211.83154296875,423716000
2025-04-15,4800.0,4820.0,4710.0,4710.0,4176.36376953125,230981700
2025-04-16,4740.0,4750.0,4590.0,4630.0,4105.42724609375,201660000
2025-04-17,4630.0,4660.0,4570.0,4600.0,4078.82666015625,165381400
2025-04-21,4600.0,4640.0,4560.0,4610.0,4087.69384765625,83034600
2025-04-22,4610.0,4720.0,4590.0,4720.0,4185.23095703125,126426200
2025-04-23,4780.0,4900.0,4740.0,4900.0,4344.8369140625,273395600
2025-04-24,4950.0,5025.0,4860.0,4890.0,4335.97021484375,282970000
2025-04-25,4960.0,4960.0,4900.0,4900.0,4344.8369140625,134208400
2025-04-28,4950.0,4980.0,4890.0,4920.0,4362.57080078125,90697900
2025-04-29,4930.0,4950.0,4880.0,4940.0,4380.30517578125,108857600
2025-04-30,4900.0,4920.0,4810.0,4890.0,4335.97021484375,278360600
2025-05-02,4980.0,4980.0,4910.0,4960.0,4398.0390625,146800800
2025-05-05,4990.0,5100.0,4960.0,4980.0,4415.77294921875,154073100
2025-05-06,5025.0,5050.0,4980.0,4980.0,4415.77294921875,120165500
2025-05-07,5050.0,5050.0,4950.0,4950.0,4389.17236328125,100674600
2025-05-08,4960.0,5025.0,4790.0,4790.0,4247.2998046875,205199700
2025-05-09,4790.0,4830.0,4750.0,4770.0,4229.5654296875,164014200
2025-05-14,4890.0,5050.0,4880.0,5050.0,4477.84228515625,342468200
2025-05-15,5075.0,5400.0,5050.0,5325.0,4721.68505859375,300147300
2025-05-16,5425.0,5475.0,5200.0,5475.0,4854.6904296875,229382100
2025-05-19,5450.0,5575.0,5400.0,5525.0,4899.025390625,191440600
2025-05-20,5500.0,5550.0,5350.0,5400.0,4788.18798828125,145525700
2025-05-21,5400.0,5550.0,5375.0,5450.0,4832.52294921875,167239400
2025-05-22,5450.0,5500.0,5400.0,5450.0,4832.52294921875,137585600
2025-05-23,5450.0,5475.0,5375.0,5425.0,4810.35546875,67336400
2025-05-26,5425.0,5475.0,5300.0,5475.0,4854.6904296875,102960800
2025-05-27,5500.0,5500.0,5400.0,5400.0,4788.18798828125,86083800
2025-05-28,5400.0,5425.0,5300.0,5300.0,4699.51708984375,190669100
2025-06-02,5200.0,5250.0,5025.0,5075.0,4500.009765625,373474500
2025-06-03,5100.0,5125.0,4950.0,5050.0,4477.84228515625,169321800
2025-06-04,5125.0,5125.0,4980.0,5025.0,4455.6748046875,139577800
2025-06-05,5050.0,5075.0,5000.0,5075.0,4500.009765625,69179700
2025-06-10,5075.0,5250.0,5075.0,5250.0,4655.1826171875,158265000
2025-06-11,5300.0,5300.0,5150.0,5200.0,4610.84716796875,90666100
2025-06-12,5225.0,5225.0,5125.0,5175.0,4588.68017578125,72423700
2025-06-13,5175.0,5250.0,5100.0,5150.0,4566.51220703125,128071000
2025-06-16,5150.0,5200.0,5100.0,5150.0,4566.51220703125,61695600
2025-06-17,5175.0,5225.0,5100.0,5100.0,4522.17724609375,70657700
2025-06-18,5075.0,5100.0,5025.0,5075.0,4500.009765625,53353000
2025-06-19,5050.0,5050.0,4910.0,4970.0,4406.90576171875,114769600
2025-06-20,4940.0,4990.0,4830.0,4930.0,4371.43798828125,301154300
2025-06-23,4870.0,4930.0,4800.0,4920.0,4362.57080078125,119439200
2025-06-24,5050.0,5125.0,5025.0,5025.0,4455.6748046875,126563900
2025-06-25,5025.0,5050.0,4880.0,4880.0,4327.10302734375,139963400
2025-06-26,4950.0,5025.0,4910.0,5025.0,4455.6748046875,94704500
2025-06-30,5050.0,5050.0,4880.0,4880.0,4327.10302734375,220479900
2025-07-01,4900.0,4910.0,4710.0,4750.0,4211.83154296875,319875800
2025-07-02,4730.0,4770.0,4710.0,4770.0,4229.5654296875,159152200
2025-07-03,4780.0,4850.0,4720.0,4740.0,4202.96484375,103849000
2025-07-04,4750.0,4790.0,4700.0,4740.0,4202.96484375,104170500
2025-07-07,4740.0,4750.0,4680.0,4740.0,4202.96484375,120538300
2025-07-08,4710.0,4750.0,4700.0,4720.0,4185.23095703125,132853800
2025-07-09,4720.0,4760.0,4670.0,4710.0,4176.36376953125,110198500
2025-07-10,4750.0,4830.0,4730.0,4820.0,4273.90087890625,160889700
2025-07-11,4850.0,4990.0,4830.0,4970.0,4406.90576171875,219980300
2025-07-14,4980.0,4990.0,4670.0,4690.0,4158.6298828125,429438700
2025-07-15,4700.0,4740.0,4690.0,4700.0,4167.49658203125,206958200
2025-07-16,4730.0,4760.0,4680.0,4690.0,4158.6298828125,323831100
2025-07-17,4700.0,4720.0,4680.0,4720.0,4185.23095703125,120304000
2025-07-18,4760.0,4810.0,4720.0,4740.0,4202.96484375,161262400
2025-07-21,4770.0,4770.0,4680.0,4680.0,4149.7626953125,103387400
2025-07-22,4680.0,4710.0,4650.0,4660.0,4132.02880859375,132984400
2025-07-23,4660.0,4690.0,4660.0,4680.0,4149.7626953125,115298400
2025-07-24,4690.0,4840.0,4680.0,4800.0,4256.1669921875,273623100
2025-07-25,4800.0,4800.0,4690.0,4690.0,4158.6298828125,88471700
2025-07-28,4730.0,4750.0,4690.0,4700.0,4167.49658203125,112048900
2025-07-29,4700.0,4720.0,4690.0,4710.0,4176.36376953125,74422700
2025-07-30,4710.0,4720.0,4620.0,4620.0,4096.56103515625,141263400
2025-07-31,4610.0,4640.0,4510.0,4510.0,3999.0234375,155903600
2025-08-01,4570.0,4610.0,4510.0,4530.0,4016.75732421875,157949900
2025-08-04,4530.0,4630.0,4510.0,4620.0,4096.56103515625,174404800
2025-08-05,4690.0,4780.0,4660.0,4750.0,4211.83154296875,277668300
2025-08-06,4750.0,4750.0,4690.0,4700.0,4167.49658203125,79277900
2025-08-07,4740.0,4740.0,4680.0,4680.0,4149.7626953125,61453100
2025-08-08,4680.0,4700.0,4660.0,4670.0,4140.89599609375,71516700
2025-08-11,4710.0,4780.0,4700.0,4720.0,4185.23095703125,105204200
2025-08-12,4770.0,4920.0,4750.0,4910.0,4353.7041015625,301599000
2025-08-13,4930.0,4970.0,4860.0,4870.0,4318.23583984375,180844900
2025-08-14,4910.0,4930.0,4840.0,4850.0,4300.50146484375,109457100
2025-08-15,4890.0,4930.0,4850.0,4850.0,4300.50146484375,126685400
2025-08-19,4860.0,4870.0,4780.0,4800.0,4256.1669921875,116454000
2025-08-20,4790.0,4950.0,4780.0,4950.0,4389.17236328125,144622900
2025-08-21,4950.0,4950.0,4860.0,4900.0,4344.8369140625,132019200
2025-08-22,4920.0,4920.0,4870.0,4890.0,4335.97021484375,73104500
2025-08-25,4950.0,4980.0,4920.0,4950.0,4389.17236328125,149580800
2025-08-26,4950.0,4950.0,4860.0,4900.0,4344.8369140625,308891700
2025-08-27,4840.0,4880.0,4800.0,4800.0,4256.1669921875,113576300
2025-08-28,4790.0,4850.0,4770.0,4770.0,4229.5654296875,111707400
2025-08-29,4720.0,4750.0,4660.0,4730.0,4194.09814453125,176485100
2025-09-01,4550.0,4670.0,4460.0,4600.0,4078.82666015625,320335300
2025-09-02,4610.0,4670.0,4560.0,4570.0,4052.225830078125,150045600
2025-09-03,4620.0,4660.0,4570.0,4620.0,4096.56103515625,131617900
2025-09-04,4630.0,4680.0,4620.0,4680.0,4149.7626953125,88735300
2025-09-08,4750.0,4750.0,4460.0,4490.0,3981.289306640625,200234500
2025-09-09,4450.0,4480.0,4310.0,4310.0,3821.68310546875,509366600
2025-09-10,4360.0,4420.0,4350.0,4400.0,3901.486328125,293494200
2025-09-11,4480.0,4540.0,4450.0,4480.0,3972.42236328125,366697800
2025-09-12,4500.0,4550.0,4480.0,4520.0,4007.890625,216960200
2025-09-15,4550.0,4640.0,4520.0,4530.0,4016.75732421875,231346000
2025-09-16,4570.0,4570.0,4460.0,4480.0,3972.42236328125,122027400
2025-09-17,4480.0,4520.0,4440.0,4510.0,3999.0234375,232702500
2025-09-18,4540.0,4550.0,4420.0,4420.0,3919.220458984375,177560100
2025-09-19,4350.0,4420.0,4330.0,4380.0,3883.751953125,235975900
2025-09-22,4410.0,4420.0,4360.0,4420.0,3919.220458984375,107176100
2025-09-23,4390.0,4430.0,4370.0,4410.0,3910.353271484375,90675500
2025-09-24,4410.0,4430.0,4390.0,4390.0,3892.619384765625,85439100
2025-09-25,4400.0,4410.0,4360.0,4360.0,3866.018310546875,73946900
2025-09-26,4350.0,4430.0,4350.0,4420.0,3919.220458984375,86572900
2025-09-29,4420.0,4430.0,4400.0,4400.0,3901.486328125,63753600
2025-09-30,4420.0,4450.0,4380.0,4400.0,3901.486328125,108639600
2025-10-01,4360.0,4400.0,4350.0,4380.0,3883.751953125,92265100
2025-10-02,4410.0,4440.0,4360.0,4360.0,3866.018310546875,93387400
2025-10-03,4370.0,4380.0,4300.0,4310.0,3821.68310546875,102459100
2025-10-06,4320.0,4330.0,4260.0,4260.0,3777.34814453125,96040500
2025-10-07,4260.0,4320.0,4250.0,4290.0,3803.94921875,100237500
2025-10-08,4280.0,4290.0,4210.0,4250.0,3768.481201171875,97466800
2025-10-09,4240.0,4450.0,4200.0,4390.0,3892.619384765625,183242600
2025-10-10,4410.0,4420.0,4250.0,4250.0,3768.481201171875,139911200
2025-10-13,4210.0,4240.0,4200.0,4230.0,3750.7470703125,79178600
2025-10-14,4220.0,4270.0,4090.0,4090.0,3626.60888671875,188507000
2025-10-15,4110.0,4140.0,4010.0,4050.0,3591.140625,270562400
2025-10-16,4050.0,4150.0,4050.0,4090.0,3626.60888671875,125979600
2025-10-17,4110.0,4110.0,4030.0,4050.0,3591.140625,247510000
2025-10-20,4120.0,4320.0,4070.0,4300.0,3812.816162109375,331939200
2025-10-21,4350.0,4390.0,4300.0,4350.0,3857.1513671875,230858900
2025-10-22,4350.0,4460.0,4290.0,4330.0,3839.417236328125,216261300
2025-10-23,4310.0,4440.0,4310.0,4430.0,3928.087158203125,202102500
2025-10-24,4380.0,4590.0,4380.0,4550.0,4034.4912109375,350420300
2025-10-27,4590.0,4600.0,4410.0,4470.0,3963.5556640625,245576100
2025-10-28,4490.0,4510.0,4440.0,4510.0,3999.0234375,174666600
2025-10-29,4500.0,4650.0,4490.0,4650.0,4123.1611328125,176978800
2025-10-30,4670.0,4830.0,4650.0,4800.0,4256.1669921875,390256000
2025-10-31,4790.0,4800.0,4720.0,4720.0,4185.23095703125,227378000
2025-11-03,4710.0,4760.0,4700.0,4760.0,4220.69873046875,129834200
2025-11-04,4760.0,4790.0,4720.0,4730.0,4194.09814453125,136412400
2025-11-05,4690.0,4770.0,4680.0,4770.0,4229.5654296875,102878900
2025-11-06,4790.0,4790.0,4750.0,4750.0,4211.83154296875,57932600
2025-11-07,4750.0,4780.0,4740.0,4750.0,4211.83154296875,58845500
2025-11-10,4790.0,4790.0,4730.0,4730.0,4194.09814453125,88738200
2025-11-11,4740.0,4750.0,4610.0,4680.0,4149.7626953125,168794500
2025-11-12,4680.0,4790.0,4680.0,4760.0,4220.69873046875,138539800
2025-11-13,4760.0,4760.0,4690.0,4700.0,4167.49658203125,108100300
2025-11-14,4690.0,4750.0,4680.0,4750.0,4211.83154296875,73479600
2025-11-17,4780.0,4850.0,4770.0,4820.0,4273.90087890625,136477100
2025-11-18,4810.0,4850.0,4780.0,4790.0,4247.2998046875,127022100
2025-11-19,4820.0,4850.0,4800.0,4850.0,4300.50146484375,107585700
2025-11-20,4940.0,4990.0,4900.0,4940.0,4380.30517578125,234717700
2025-11-21,4940.0,4970.0,4900.0,4950.0,4389.17236328125,142452600
2025-11-24,4910.0,5100.0,4870.0,5100.0,4522.17724609375,303252000
2025-11-25,5075.0,5100.0,4950.0,5025.0,4455.6748046875,169379300
2025-11-26,5025.0,5025.0,4960.0,5025.0,4455.6748046875,128492000
2025-11-27,5025.0,5025.0,4850.0,4860.0,4309.36865234375,170213000
2025-11-28,4800.0,4880.0,4800.0,4830.0,4282.76806640625,128777200
2025-12-01,4850.0,4910.0,4820.0,4860.0,4309.36865234375,58603700
2025-12-02,4920.0,4940.0,4820.0,4850.0,4300.50146484375,104013500
2025-12-03,4850.0,4920.0,4820.0,4880.0,4327.10302734375,102556300
2025-12-04,4930.0,4940.0,4880.0,4920.0,4362.57080078125,59392600
2025-12-05,4940.0,4940.0,4870.0,4900.0,4344.8369140625,53969200
2025-12-08,4950.0,4960.0,4910.0,4950.0,4389.17236328125,62947600
2025-12-09,4970.0,4980.0,4870.0,4890.0,4335.97021484375,134575200
2025-12-10,4950.0,4970.0,4870.0,4970.0,4406.90576171875,96005900
2025-12-11,5000.0,5050.0,4830.0,4950.0,4389.17236328125,151956700
2025-12-12,4980.0,4980.0,4820.0,4820.0,4273.90087890625,111830600
2025-12-15,4820.0,5025.0,4790.0,4990.0,4424.64013671875,122451500
2025-12-16,5025.0,5050.0,4920.0,5000.0,4433.5068359375,137373200
2025-12-17,4990.0,5025.0,4960.0,5025.0,4455.6748046875,94254100
2025-12-18,5025.0,5175.0,5025.0,5150.0,4566.51220703125,150669000
2025-12-19,5175.0,5200.0,5100.0,5175.0,4588.68017578125,161960800
2025-12-22,5175.0,5200.0,5025.0,5100.0,4522.17724609375,93615600
2025-12-23,5050.0,5100.0,5000.0,5050.0,4477.84228515625,44307700
2025-12-24,5025.0,5100.0,5025.0,5050.0,4477.84228515625,40272500
2025-12-29,5075.0,5150.0,5050.0,5075.0,4500.009765625,55697500
2025-12-30,5075.0,5150.0,5050.0,5100.0,4522.17724609375,74077800
2026-01-02,5125.0,5150.0,5025.0,5075.0,4500.009765625,59263700
2026-01-05,5075.0,5100.0,5025.0,5050.0,4477.84228515625,108458200
2026-01-06,4990.0,4990.0,4880.0,4880.0,4414.51904296875,180600600
2026-01-07,4890.0,4900.0,4800.0,4810.0,4351.1962890625,284261700
2026-01-08,4820.0,4880.0,4810.0,4810.0,4351.1962890625,108534300
2026-01-09,4820.0,4840.0,4760.0,4760.0,4305.96533203125,104703800
2026-01-12,4780.0,4850.0,4720.0,4770.0,4315.01123046875,118384500
2026-01-13,4800.0,4840.0,4780.0,4820.0,4360.2421875,93419500
2026-01-14,4840.0,4850.0,4770.0,4840.0,4378.3349609375,114314800
2026-01-15,4840.0,5075.0,4830.0,4990.0,4514.02685546875,245024400
2026-01-19,5025.0,5100.0,4980.0,5000.0,4523.07275390625,197645100
2026-01-20,5000.0,5075.0,4990.0,5025.0,4545.6884765625,93803800
2026-01-21,5025.0,5025.0,4930.0,4990.0,4514.02685546875,117548600
2026-01-22,4990.0,5025.0,4930.0,4980.0,4504.98046875,145002200
2026-01-23,4980.0,5000.0,4870.0,4990.0,4514.02685546875,116237200
2026-01-26,4910.0,4970.0,4870.0,4910.0,4441.65771484375,225443300
2026-01-27,4860.0,4910.0,4800.0,4810.0,4351.1962890625,160620600
2026-01-28,4570.0,4810.0,4410.0,4560.0,4125.04248046875,643802800
2026-01-29,4420.0,4640.0,4070.0,4630.0,4188.365234375,907054600
2026-01-30,4700.0,4880.0,4630.0,4820.0,4360.2421875,343393600
2026-02-02,4900.0,4920.0,4710.0,4800.0,4342.14990234375,290622800
2026-02-03,4830.0,4850.0,4710.0,4830.0,4369.28857421875,169775800
2026-02-04,4860.0,5025.0,4830.0,5000.0,4523.07275390625,232816800
2026-02-05,5050.0,5100.0,5000.0,5050.0,4568.3037109375,209505400
2026-02-06,4950.0,5050.0,4890.0,5050.0,4568.3037109375,278775900
2026-02-09,5050.0,5075.0,4950.0,5000.0,4523.07275390625,177079900
2026-02-10,5000.0,5100.0,4990.0,5100.0,4613.5341796875,177110700
2026-02-11,5075.0,5100.0,4990.0,5025.0,4545.6884765625,201135900
2026-02-12,5025.0,5075.0,5000.0,5075.0,4590.9189453125,121407500
2026-02-13,5050.0,5075.0,4970.0,5075.0,4590.9189453125,157236900
2026-02-18,5075.0,5275.0,5050.0,5275.0,4771.84228515625,212076100
2026-02-19,5275.0,5300.0,5050.0,5075.0,4590.9189453125,133827800
2026-02-20,5100.0,5175.0,5050.0,5125.0,4636.14990234375,88563800
2026-02-23,5150.0,5275.0,5150.0,5275.0,4771.84228515625,131077800
2026-02-24,5275.0,5375.0,5250.0,5375.0,4862.3037109375,203553200
2026-02-25,5350.0,5375.0,5300.0,5300.0,4794.45703125,147700600
2026-02-26,5350.0,5350.0,5200.0,5325.0,4817.07275390625,120621100
2026-02-27,5325.0,5350.0,5275.0,5275.0,4771.84228515625,206461200
2026-03-02,5125.0,5175.0,5050.0,5075.0,4590.9189453125,168721700
2026-03-03,5100.0,5175.0,5050.0,5100.0,4613.5341796875,106384700
2026-03-04,5050.0,5075.0,4870.0,4980.0,4504.98046875,294487200
2026-03-05,5025.0,5125.0,5000.0,5125.0,4636.14990234375,133690000
2026-03-06,5075.0,5100.0,4950.0,4980.0,4504.98046875,127625100
2026-03-09,4800.0,4870.0,4780.0,4820.0,4360.2421875,217673200
2026-03-10,4920.0,4990.0,4860.0,4910.0,4441.65771484375,124581800
2026-03-11,4930.0,4970.0,4880.0,4880.0,4414.51904296875,86606500
2026-03-12,4870.0,4980.0,4870.0,4960.0,4486.88818359375,85989900
2026-03-13,4900.0,4920.0,4750.0,4750.0,4296.9189453125,187462500
2026-03-16,4730.0,4740.0,4630.0,4700.0,4251.6884765625,149035900
2026-03-17,4750.0,4780.0,4710.0,4730.0,4278.8271484375,274977700
2026-03-25,4650.0,4970.0,4650.0,4970.0,4495.93408203125,389331300
2026-03-26,4970.0,4980.0,4840.0,4840.0,4378.3349609375,120735200
2026-03-27,4840.0,4870.0,4760.0,4760.0,4305.96533203125,73158700
2026-03-30,4710.0,4750.0,4690.0,4700.0,4251.6884765625,110819500
2026-03-31,4710.0,4790.0,4700.0,4720.0,4269.78125,184777500
2026-04-01,4800.0,4830.0,4680.0,4720.0,4269.78125,162832600
2026-04-02,4720.0,4730.0,4640.0,4650.0,4206.45751953125,109496300
2026-04-06,4650.0,4700.0,4600.0,4610.0,4170.2734375,60887500
2026-04-07,4600.0,4610.0,4500.0,4510.0,4079.811767578125,190831700
2026-04-08,4670.0,4700.0,4630.0,4670.0,4224.55029296875,169872400
2026-04-09,4650.0,4650.0,4570.0,4570.0,4134.0888671875,128431200
2026-04-10,4580.0,4700.0,4580.0,4670.0,4224.55029296875,103583800
2026-04-13,4640.0,4660.0,4600.0,4600.0,4161.22705078125,103202100
2026-04-14,4670.0,4720.0,4650.0,4710.0,4260.73486328125,135501000
2026-04-15,4750.0,4770.0,4640.0,4650.0,4206.45751953125,104621600
2026-04-16,4680.0,4680.0,4620.0,4640.0,4197.41162109375,120500900
2026-04-17,4670.0,4700.0,4580.0,4620.0,4179.31982421875,125867600
2026-04-20,4640.0,4670.0,4590.0,4620.0,4179.31982421875,104938900
2026-04-21,4610.0,4700.0,4610.0,4700.0,4251.6884765625,120070400
2026-04-22,4700.0,4770.0,4700.0,4750.0,4296.9189453125,113814200
2026-04-23,4760.0,4770.0,4630.0,4630.0,4188.365234375,133792200
2026-04-24,4630.0,4630.0,4490.0,4500.0,4070.765380859375,218703100
2026-04-27,4500.0,4510.0,4360.0,4400.0,3980.30419921875,257209000
2026-04-28,4420.0,4480.0,4350.0,4430.0,4007.4423828125,246361500
2026-04-29,4440.0,4530.0,4430.0,4430.0,4007.4423828125,201458600
2026-04-30,4430.0,4450.0,4370.0,4390.0,3971.258056640625,186960200
2026-05-04,4430.0,4470.0,4410.0,4420.0,3998.396484375,166294600
2026-05-05,4420.0,4570.0,4410.0,4490.0,4061.719482421875,186702000
2026-05-06,4530.0,4550.0,4480.0,4510.0,4079.811767578125,156255400
2026-05-07,4570.0,4640.0,4550.0,4640.0,4197.41162109375,262269600
2026-05-08,4650.0,4710.0,4620.0,4630.0,4188.365234375,369212800
2026-05-11,4310.0,4340.0,4250.0,4250.0,4185.36865234375,424518900
2026-05-12,4270.0,4270.0,4190.0,4240.0,4175.52099609375,221247900
2026-05-13,4230.0,4250.0,4190.0,4200.0,4136.12890625,192288300
2026-05-14,4200.0,4200.0,4200.0,4200.0,4136.12890625,0
2026-05-15,4200.0,4200.0,4200.0,4200.0,4136.12890625,0
2026-05-18,4170.0,4170.0,4080.0,4130.0,4067.193603515625,316067300
2026-05-19,4130.0,4260.0,4100.0,4130.0,4067.193603515625,306901800
2026-05-20,4150.0,4290.0,4110.0,4230.0,4165.6728515625,308468000
2026-05-21,4280.0,4280.0,4130.0,4170.0,4106.58544921875,137461700
2026-05-22,4140.0,4150.0,4040.0,4120.0,4057.345703125,190022900
2026-05-25,4160.0,4300.0,4130.0,4220.0,4155.8251953125,235113500
2026-05-26,4210.0,4220.0,4130.0,4130.0,4067.193603515625,181583300
2026-05-27,4130.0,4130.0,4130.0,4130.0,4067.193603515625,0
2026-05-28,4130.0,4130.0,4130.0,4130.0,4067.193603515625,0
2026-05-29,4120.0,4190.0,4080.0,4080.0,4017.9541015625,442625300
2026-06-02,4090.0,4190.0,4090.0,4170.0,4106.58544921875,261911500
2026-06-03,4200.0,4200.0,4020.0,4050.0,3988.41015625,287274100
2026-06-04,4050.0,4060.0,3930.0,3970.0,3909.626708984375,328529500
2026-06-05,3900.0,3950.0,3820.0,3840.0,3781.603759765625,320689600
2026-06-08,3810.0,3900.0,3700.0,3710.0,3653.580810546875,387103400
2026-06-09,3650.0,4090.0,3650.0,4090.0,4027.802001953125,484957600
2026-06-10,4100.0,4260.0,4050.0,4260.0,4195.216796875,359183100
2026-06-11,4260.0,4340.0,4140.0,4250.0,4185.36865234375,308861000
2026-06-12,4320.0,4320.0,4200.0,4200.0,4136.12890625,241735800
2026-06-15,4300.0,4500.0,4300.0,4500.0,4431.56689453125,310948900
2026-06-17,4500.0,4570.0,4390.0,4490.0,4421.71923828125,286865700
2026-06-18,4440.0,4470.0,4340.0,4470.0,4402.02294921875,190568200
2026-06-19,4390.0,4470.0,4300.0,4310.0,4244.45654296875,377274300
2026-06-22,4320.0,4340.0,4220.0,4220.0,4155.8251953125,101336500
2026-06-23,4200.0,4210.0,4090.0,4120.0,4057.345703125,248512500
2026-06-24,4130.0,4180.0,3970.0,3970.0,3909.626708984375,254221600
2026-06-25,3970.0,4090.0,3960.0,4000.0,3939.170654296875,275422800
2026-06-26,4000.0,4040.0,3900.0,3990.0,3929.32275390625,247361000
2026-06-29,3990.0,4010.0,3930.0,3940.0,3880.0830078125,120733900
2026-06-30,3930.0,3930.0,3830.0,3850.0,3791.45166015625,200553100
2026-07-01,3810.0,3880.0,3800.0,3810.0,3752.06005859375,142033400
2026-07-02,3810.0,3960.0,3810.0,3900.0,3840.69140625,181957900
2026-07-03,3950.0,4040.0,3950.0,4010.0,3949.0185546875,97694100
2026-07-06,4020.0,4040.0,3940.0,4030.0,3968.71435546875,143666300
2026-07-07,4030.0,4090.0,3990.0,4070.0,4008.106201171875,181399100
2026-07-08,4080.0,4080.0,3970.0,3970.0,3909.626708984375,107252600
2026-07-09,3960.0,4040.0,3950.0,4040.0,3978.562255859375,109084100
2026-07-10,4050.0,4080.0,4010.0,4080.0,4017.9541015625,73997600
2026-07-13,4070.0,4260.0,4020.0,4250.0,4185.36865234375,140381100
2026-07-14,4250.0,4260.0,4130.0,4160.0,4096.7373046875,186937300
2026-07-15,4220.0,4270.0,4170.0,4200.0,4136.12890625,145283200
2026-07-16,4240.0,4310.0,4220.0,4310.0,4244.45654296875,103434900
2026-07-17,4310.0,4490.0,4270.0,4480.0,4411.87109375,258763500
2026-07-20,4480.0,4520.0,4420.0,4450.0,4382.3271484375,197096400
2026-07-21,4480.0,4490.0,4430.0,4480.0,4411.87109375,135068500
2026-07-22,4490.0,4490.0,4410.0,4420.0,4352.78369140625,93136600
2026-07-23,4450.0,4470.0,4330.0,4380.0,4313.3916015625,160468800
2026-07-24,4280.0,4290.0,4120.0,4130.0,4067.193603515625,403126400
2026-07-27,4110.0,4160.0,4060.0,4160.0,4096.7373046875,233516000
2026-07-28,4150.0,4190.0,4100.0,4100.0,4037.64990234375,162841200
2026-07-29,4120.0,4140.0,4060.0,4090.0,4027.802001953125,125647800
2026-07-30,4100.0,4200.0,4100.0,4160.0,4096.7373046875,100897800
2026-07-31,4180.0,4200.0,4160.0,4190.0,4126.28125,97657300
2026-08-03,4230.0,4230.0,4140.0,4170.0,4106.58544921875,76254300
2026-08-04,4170.0,4260.0,4170.0,4260.0,4195.216796875,121374800
2026-08-05,4260.0,4280.0,4220.0,4220.0,4155.8251953125,122781400
2026-08-06,4240.0,4280.0,4200.0,4200.0,4136.12890625,95744300
2026-08-07,4220.0,4270.0,4210.0,4240.0,4175.52099609375,110106100
2026-08-10,4250.0,4270.0,4180.0,4180.0,4116.43310546875,148614700
2026-08-11,4200.0,4200.0,4100.0,4120.0,4057.345703125,148404100
2026-08-12,4130.0,4150.0,4080.0,4130.0,4067.193603515625,153658300
2026-08-13,4140.0,4150.0,4090.0,4130.0,4067.193603515625,108708200
2026-08-14,4140.0,4170.0,4100.0,4170.0,4106.58544921875,75934800
2026-08-18,4200.0,4220.0,4150.0,4150.0,4086.889404296875,116514200
2026-08-19,4160.0,4190.0,4140.0,4140.0,4077.04150390625,79287200
2026-08-20,4150.0,4180.0,4140.0,4150.0,4086.889404296875,74796300
2026-08-21,4170.0,4240.0,4170.0,4220.0,4155.8251953125,142906200
2026-08-24,4220.0,4220.0,4170.0,4200.0,4136.12890625,86046100
2026-08-25,4200.0,4200.0,4200.0,4200.0,4136.12890625,0
2026-08-26,4190.0,4190.0,4150.0,4160.0,4096.7373046875,156162500
2026-08-27,4140.0,4210.0,4130.0,4210.0,4145.97705078125,66036800
2026-08-28,4220.0,4260.0,4200.0,4250.0,4185.36865234375,111542000
2026-08-31,4250.0,4280.0,4200.0,4230.0,4165.6728515625,231356300
2026-09-01,4230.0,4320.0,4230.0,4320.0,4254.30419921875,191597900
2026-09-02,4350.0,4390.0,4320.0,4360.0,4293.69580078125,134416100
2026-09-03,4390.0,4460.0,4360.0,4460.0,4392.17529296875,234996500
2026-09-04,4470.0,4480.0,4420.0,4420.0,4352.78369140625,95373200
2026-09-07,4450.0,4450.0,4370.0,4390.0,4323.23974609375,94899700
2026-09-08,4400.0,4430.0,4390.0,4430.0,4362.63134765625,91930900
2026-09-09,4430.0,4440.0,4370.0,4390.0,4323.23974609375,125622500
2026-09-10,4390.0,4410.0,4340.0,4370.0,4303.5439453125,132956900
2026-09-11,4330.0,4360.0,4300.0,4360.0,4293.69580078125,126557800
2026-09-14,4350.0,4460.0,4260.0,4440.0,4372.4794921875,229164500
2026-09-15,4440.0,4450.0,4330.0,4340.0,4274.0,128314600
2026-09-16,4300.0,4320.0,4260.0,4260.0,4260.0,140870900
2026-09-17,4340.0,4350.0,4300.0,4350.0,4350.0,110580900
2026-09-18,4350.0,4350.0,4250.0,4260.0,4260.0,186217000
2026-09-21,4260.0,4270.0,4200.0,4200.0,4200.0,74720000
2026-09-22,4190.0,4230.0,4160.0,4160.0,4160.0,123121600
