Date,Open,High,Low,Close,Adj Close,Volume
2016-09-22,2610.0,2680.0,2580.0,2600.0,2175.39501953125,41779400.0
2016-09-23,2600.0,2620.0,2560.0,2600.0,2175.39501953125,5937400.0
2016-09-26,2600.0,2620.0,2500.0,2500.0,2091.7255859375,10904800.0
2016-09-27,2500.0,2530.0,2460.0,2500.0,2091.7255859375,14818400.0
2016-09-28,2500.0,2590.0,2480.0,2580.0,2158.660888671875,29791600.0
2016-09-29,2600.0,2750.0,2580.0,2750.0,2300.8984375,36160800.0
2016-09-30,2750.0,2750.0,2680.0,2700.0,2259.063720703125,13965400.0
2016-10-03,2700.0,2790.0,2700.0,2770.0,2317.63232421875,18747000.0
2016-10-04,2770.0,2780.0,2630.0,2660.0,2225.595947265625,17596000.0
2016-10-05,2660.0,2690.0,2610.0,2690.0,2250.69677734375,7799700.0
2016-10-06,2700.0,2710.0,2590.0,2600.0,2175.39501953125,7830400.0
2016-10-07,2620.0,2680.0,2610.0,2640.0,2208.8623046875,4018900.0
2016-10-10,2640.0,2670.0,2600.0,2600.0,2175.39501953125,5571900.0
2016-10-11,2600.0,2650.0,2570.0,2650.0,2217.229248046875,3441200.0
2016-10-12,2620.0,2620.0,2590.0,2610.0,2183.76171875,3425100.0
2016-10-13,2630.0,2630.0,2560.0,2570.0,2150.2939453125,3920400.0
2016-10-14,2570.0,2590.0,2520.0,2530.0,2116.826416015625,13173400.0
2016-10-17,2530.0,2550.0,2470.0,2470.0,2066.625,13541400.0
2016-10-18,2480.0,2500.0,2420.0,2420.0,2024.7904052734375,13215600.0
2016-10-19,2420.0,2440.0,2360.0,2360.0,1974.5888671875,15984600.0
2016-10-20,2380.0,2540.0,2370.0,2490.0,2083.359130859375,21746900.0
2016-10-21,2500.0,2570.0,2500.0,2500.0,2091.7255859375,12703400.0
2016-10-24,2500.0,2530.0,2460.0,2480.0,2074.991943359375,3216300.0
2016-10-25,2510.0,2510.0,2410.0,2420.0,2024.7904052734375,4360700.0
2016-10-26,2440.0,2440.0,2330.0,2330.0,1949.4881591796875,10241000.0
2016-10-27,2330.0,2370.0,2270.0,2340.0,1957.855224609375,18489700.0
2016-10-28,2330.0,2360.0,2210.0,2290.0,1916.0203857421875,16604800.0
2016-10-31,2260.0,2290.0,2150.0,2200.0,1840.7186279296875,29129600.0
2016-11-01,2200.0,2270.0,2180.0,2190.0,1832.351806640625,18714900.0
2016-11-02,2190.0,2230.0,2150.0,2160.0,1807.2509765625,19785000.0
2016-11-03,2160.0,2330.0,2160.0,2270.0,1899.2872314453125,32730200.0
2016-11-04,2270.0,2310.0,2240.0,2280.0,1907.65380859375,11594000.0
2016-11-07,2280.0,2300.0,2240.0,2270.0,1899.2872314453125,10541200.0
2016-11-08,2290.0,2540.0,2280.0,2510.0,2100.092529296875,40232400.0
2016-11-09,2540.0,2550.0,2410.0,2500.0,2091.7255859375,20686300.0
2016-11-10,2550.0,2620.0,2490.0,2580.0,2158.660888671875,20002400.0
2016-11-11,2580.0,2580.0,2400.0,2400.0,2008.0565185546875,15173800.0
2016-11-14,2400.0,2400.0,2250.0,2280.0,1907.65380859375,19574900.0
2016-11-15,2180.0,2290.0,2170.0,2220.0,1857.452392578125,11782100.0
2016-11-16,2220.0,2310.0,2220.0,2250.0,1882.5531005859375,6027700.0
2016-11-17,2260.0,2380.0,2240.0,2380.0,1991.3228759765625,13159600.0
2016-11-18,2400.0,2420.0,2300.0,2340.0,1957.855224609375,7189700.0
2016-11-21,2340.0,2340.0,2250.0,2250.0,1882.5531005859375,6057200.0
2016-11-22,2260.0,2350.0,2250.0,2280.0,1907.65380859375,5569400.0
2016-11-23,2280.0,2300.0,2210.0,2250.0,1882.5531005859375,12634100.0
2016-11-24,2250.0,2260.0,2160.0,2160.0,1807.2509765625,9401100.0
2016-11-25,2200.0,2220.0,2130.0,2140.0,1790.51708984375,7070700.0
2016-11-28,2140.0,2160.0,2030.0,2040.0,1706.8480224609375,13289800.0
2016-11-29,2050.0,2130.0,2050.0,2110.0,1765.41650390625,13127100.0
2016-11-30,2150.0,2300.0,2110.0,2300.0,1924.3876953125,30957800.0
2016-12-01,2300.0,2310.0,2200.0,2220.0,1857.452392578125,11179000.0
2016-12-02,2230.0,2260.0,2180.0,2260.0,1890.9200439453125,8221800.0
2016-12-05,2260.0,2290.0,2230.0,2270.0,1899.2872314453125,6689800.0
2016-12-06,2270.0,2300.0,2250.0,2280.0,1907.65380859375,6964000.0
2016-12-07,2310.0,2310.0,2230.0,2280.0,1907.65380859375,5054800.0
2016-12-08,2300.0,2400.0,2250.0,2380.0,1991.3228759765625,12078500.0
2016-12-09,2400.0,2400.0,2330.0,2380.0,1991.3228759765625,2436400.0
2016-12-13,2380.0,2390.0,2330.0,2380.0,1991.3228759765625,5243900.0
2016-12-14,2380.0,2400.0,2290.0,2340.0,1957.855224609375,7005200.0
2016-12-15,2300.0,2330.0,2260.0,2270.0,1899.2872314453125,4005900.0
2016-12-16,2270.0,2330.0,2270.0,2310.0,1932.7545166015625,5700000.0
2016-12-19,2310.0,2370.0,2270.0,2330.0,1949.4881591796875,7547000.0
2016-12-20,2330.0,2350.0,2320.0,2350.0,1966.2222900390625,4684800.0
2016-12-21,2350.0,2360.0,2220.0,2220.0,1857.452392578125,3152600.0
2016-12-22,2190.0,2270.0,2190.0,2240.0,1874.18603515625,6076800.0
2016-12-23,2250.0,2280.0,2240.0,2250.0,1882.5531005859375,3005900.0
2016-12-27,2250.0,2310.0,2250.0,2250.0,1882.5531005859375,2063000.0
2016-12-28,2250.0,2320.0,2250.0,2290.0,1916.0203857421875,2308700.0
2016-12-29,2290.0,2370.0,2290.0,2350.0,1966.2222900390625,6820900.0
2016-12-30,2400.0,2400.0,2310.0,2310.0,1932.7545166015625,5346200.0
2017-01-02,2310.0,2310.0,2310.0,2310.0,1932.7545166015625,0.0
2017-01-03,2310.0,2340.0,2250.0,2280.0,1907.65380859375,6897200.0
2017-01-04,2280.0,2320.0,2270.0,2320.0,1941.12158203125,5094200.0
2017-01-05,2360.0,2560.0,2330.0,2560.0,2141.92724609375,20877500.0
2017-01-06,2560.0,2680.0,2520.0,2650.0,2217.229248046875,18375700.0
2017-01-09,2650.0,2700.0,2580.0,2640.0,2208.8623046875,7533500.0
2017-01-10,2640.0,2670.0,2610.0,2670.0,2233.963134765625,6217800.0
2017-01-11,2670.0,2690.0,2660.0,2690.0,2250.69677734375,3222800.0
2017-01-12,2690.0,2770.0,2670.0,2770.0,2317.63232421875,6775600.0
2017-01-13,2770.0,2810.0,2730.0,2770.0,2317.63232421875,9497500.0
2017-01-16,2770.0,2830.0,2750.0,2780.0,2325.998779296875,7692400.0
2017-01-17,2780.0,2790.0,2710.0,2770.0,2317.63232421875,6767300.0
2017-01-18,2770.0,2770.0,2700.0,2720.0,2275.7978515625,8524700.0
2017-01-19,2710.0,2710.0,2620.0,2650.0,2217.229248046875,6897400.0
2017-01-20,2650.0,2670.0,2610.0,2660.0,2225.595947265625,7038500.0
2017-01-23,2660.0,2680.0,2630.0,2630.0,2200.49560546875,4270700.0
2017-01-24,2660.0,2690.0,2620.0,2680.0,2242.330078125,2950400.0
2017-01-25,2900.0,2900.0,2670.0,2830.0,2367.83349609375,21547000.0
2017-01-26,2830.0,2950.0,2830.0,2910.0,2434.76904296875,13343100.0
2017-01-27,2920.0,2920.0,2810.0,2870.0,2401.301025390625,7386700.0
2017-01-30,2870.0,2920.0,2860.0,2890.0,2418.03515625,8744900.0
2017-01-31,2910.0,2980.0,2890.0,2910.0,2434.76904296875,17162000.0
2017-02-01,2900.0,2910.0,2800.0,2850.0,2384.5673828125,9091700.0
2017-02-02,2850.0,2990.0,2780.0,2910.0,2434.76904296875,12473500.0
2017-02-03,2910.0,2940.0,2850.0,2900.0,2426.4013671875,6173300.0
2017-02-06,2850.0,2930.0,2850.0,2920.0,2443.135498046875,6731100.0
2017-02-07,2930.0,2940.0,2870.0,2900.0,2426.4013671875,9253300.0
2017-02-08,2940.0,3070.0,2900.0,3070.0,2568.639404296875,11252900.0
2017-02-09,3080.0,3090.0,3020.0,3080.0,2577.00634765625,3914900.0
2017-02-10,3050.0,3070.0,2980.0,3070.0,2568.639404296875,5352200.0
2017-02-13,3010.0,3060.0,3010.0,3040.0,2543.538330078125,8701700.0
2017-02-14,3020.0,3200.0,3020.0,3130.0,2618.840576171875,13678300.0
2017-02-15,3130.0,3130.0,3130.0,3130.0,2618.840576171875,0.0
2017-02-16,3170.0,3190.0,3130.0,3150.0,2635.57421875,7724300.0
2017-02-17,3150.0,3220.0,3030.0,3130.0,2618.840576171875,7900800.0
2017-02-20,3150.0,3240.0,3120.0,3230.0,2702.50927734375,11748000.0
2017-02-21,3250.0,3250.0,3050.0,3070.0,2568.639404296875,3935100.0
2017-02-22,3080.0,3150.0,3020.0,3130.0,2618.840576171875,6385100.0
2017-02-23,3150.0,3250.0,3100.0,3240.0,2710.876953125,10647000.0
2017-02-24,3230.0,3230.0,3090.0,3120.0,2610.4736328125,6782800.0
2017-02-27,3130.0,3170.0,3010.0,3010.0,2518.43798828125,6489600.0
2017-02-28,3030.0,3070.0,2910.0,2990.0,2501.7041015625,11177400.0
2017-03-01,2980.0,3000.0,2870.0,2940.0,2459.869384765625,8154200.0
2017-03-02,2950.0,3000.0,2910.0,2910.0,2434.76904296875,3521800.0
2017-03-03,2910.0,2920.0,2880.0,2890.0,2418.03515625,4752400.0
2017-03-06,2950.0,2950.0,2890.0,2900.0,2426.4013671875,3397200.0
2017-03-07,2900.0,2900.0,2810.0,2870.0,2401.301025390625,5445000.0
2017-03-08,2810.0,2870.0,2810.0,2830.0,2367.83349609375,3576100.0
2017-03-09,2960.0,2990.0,2830.0,2960.0,2476.603515625,10601500.0
2017-03-10,2970.0,2990.0,2920.0,2980.0,2493.3369140625,12835300.0
2017-03-13,2980.0,3030.0,2930.0,3000.0,2510.07080078125,6878800.0
2017-03-14,3050.0,3060.0,3010.0,3050.0,2551.90576171875,4930500.0
2017-03-15,3080.0,3080.0,3010.0,3010.0,2518.43798828125,2178800.0
2017-03-16,3010.0,3190.0,3010.0,3180.0,2660.675048828125,7835700.0
2017-03-17,3250.0,3250.0,3180.0,3250.0,2719.243408203125,9413700.0
2017-03-20,3250.0,3250.0,3160.0,3200.0,2677.408935546875,3186800.0
2017-03-21,3240.0,3250.0,3200.0,3250.0,2719.243408203125,5358400.0
2017-03-22,3200.0,3240.0,3150.0,3180.0,2660.675048828125,7584200.0
2017-03-23,3240.0,3300.0,3220.0,3280.0,2744.34423828125,7891600.0
2017-03-24,3280.0,3300.0,3260.0,3270.0,2735.977294921875,2879100.0
2017-03-27,3290.0,3290.0,3180.0,3290.0,2752.711181640625,2512400.0
2017-03-29,3210.0,3310.0,3180.0,3180.0,2660.675048828125,12706100.0
2017-03-30,3220.0,3230.0,3160.0,3220.0,2694.14306640625,2129200.0
2017-03-31,3190.0,3200.0,3060.0,3060.0,2560.272216796875,2846000.0
2017-04-03,3080.0,3130.0,3030.0,3030.0,2535.171875,2064200.0
2017-04-04,3020.0,3120.0,3000.0,3090.0,2585.373046875,6188700.0
2017-04-05,3090.0,3090.0,3090.0,3090.0,2585.373046875,0.0
2017-04-06,3040.0,3070.0,2980.0,3040.0,2543.538330078125,5862500.0
2017-04-07,3040.0,3070.0,2940.0,2940.0,2459.869384765625,4030600.0
2017-04-10,2940.0,3000.0,2920.0,2930.0,2451.502685546875,2823200.0
2017-04-11,2930.0,2970.0,2900.0,2940.0,2459.869384765625,4126800.0
2017-04-12,2990.0,3080.0,2910.0,3040.0,2543.538330078125,5538600.0
2017-04-13,3080.0,3080.0,2980.0,3030.0,2535.171875,5130700.0
2017-04-17,3080.0,3080.0,2940.0,2940.0,2459.869384765625,2155900.0
2017-04-18,2990.0,3010.0,2950.0,3000.0,2510.07080078125,4633200.0
2017-04-19,3000.0,3000.0,3000.0,3000.0,2510.07080078125,0.0
2017-04-20,3000.0,3020.0,2970.0,3000.0,2510.07080078125,6089100.0
2017-04-21,3030.0,3030.0,2990.0,3000.0,2510.07080078125,2721700.0
2017-04-25,3060.0,3200.0,3010.0,3190.0,2669.041748046875,10826300.0
2017-04-26,3190.0,3230.0,3120.0,3230.0,2702.50927734375,6433700.0
2017-04-27,3260.0,3260.0,3160.0,3210.0,2685.77587890625,3572600.0
2017-04-28,3200.0,3270.0,3150.0,3210.0,2685.77587890625,3299600.0
2017-05-02,3230.0,3240.0,3080.0,3080.0,2577.00634765625,3435100.0
2017-05-03,3100.0,3120.0,3080.0,3080.0,2577.00634765625,2386900.0
2017-05-04,3100.0,3180.0,3080.0,3180.0,2660.675048828125,2322300.0
2017-05-05,3200.0,3200.0,3100.0,3140.0,2627.207275390625,2921700.0
2017-05-08,3140.0,3200.0,3030.0,3060.0,2560.272216796875,4575600.0
2017-05-09,3070.0,3120.0,3060.0,3120.0,2610.4736328125,2613500.0
2017-05-10,3130.0,3160.0,3080.0,3150.0,2635.57421875,2801700.0
2017-05-12,3160.0,3180.0,3040.0,3050.0,2551.90576171875,2437700.0
2017-05-15,3050.0,3130.0,3050.0,3120.0,2610.4736328125,1503000.0
2017-05-16,3030.0,3070.0,3010.0,3010.0,2518.43798828125,7807100.0
2017-05-17,3010.0,3090.0,3010.0,3080.0,2577.00634765625,3049300.0
2017-05-18,3120.0,3120.0,3020.0,3030.0,2535.171875,2852000.0
2017-05-19,3070.0,3160.0,3030.0,3060.0,2560.272216796875,10200200.0
2017-05-22,3060.0,3130.0,2960.0,2990.0,2501.7041015625,5033500.0
2017-05-23,3010.0,3080.0,2970.0,3000.0,2510.07080078125,8344700.0
2017-05-24,3000.0,3040.0,2950.0,3040.0,2543.538330078125,4633400.0
2017-05-26,3040.0,3120.0,2960.0,2960.0,2476.603515625,5570200.0
2017-05-29,3030.0,3080.0,3000.0,3080.0,2577.00634765625,3315400.0
2017-05-30,3070.0,3070.0,3000.0,3000.0,2510.07080078125,2349600.0
2017-05-31,3030.0,3040.0,2960.0,2960.0,2476.603515625,39779700.0
2017-06-01,2960.0,2960.0,2960.0,2960.0,2476.603515625,0.0
2017-06-02,3050.0,3100.0,2970.0,3040.0,2543.538330078125,6851600.0
2017-06-05,3050.0,3230.0,3050.0,3210.0,2685.77587890625,14479600.0
2017-06-06,3250.0,3390.0,3220.0,3340.0,2794.5458984375,13360200.0
2017-06-07,3350.0,3430.0,3340.0,3410.0,2853.1142578125,7635200.0
2017-06-08,3430.0,3430.0,3280.0,3280.0,2744.34423828125,7664000.0
2017-06-09,3280.0,3410.0,3180.0,3350.0,2802.912353515625,6713600.0
2017-06-12,3350.0,3500.0,3350.0,3380.0,2828.013427734375,8981100.0
2017-06-13,3380.0,3400.0,3200.0,3200.0,2677.408935546875,5704900.0
2017-06-14,3180.0,3420.0,3100.0,3410.0,2853.1142578125,6140700.0
2017-06-15,3400.0,3400.0,3280.0,3280.0,2744.34423828125,2462700.0
2017-06-16,3260.0,3340.0,3160.0,3160.0,2643.94140625,13373000.0
2017-06-19,3200.0,3270.0,3160.0,3230.0,2702.50927734375,5533100.0
2017-06-20,3150.0,3240.0,3150.0,3240.0,2710.876953125,2601500.0
2017-06-21,3240.0,3360.0,3220.0,3360.0,2811.27978515625,11308300.0
2017-06-22,3390.0,3410.0,3330.0,3410.0,2853.1142578125,10632200.0
2017-06-23,3410.0,3410.0,3410.0,3410.0,2853.1142578125,0.0
2017-06-26,3410.0,3410.0,3410.0,3410.0,2853.1142578125,0.0
2017-06-27,3410.0,3410.0,3410.0,3410.0,2853.1142578125,0.0
2017-06-28,3410.0,3410.0,3410.0,3410.0,2853.1142578125,0.0
2017-06-29,3410.0,3410.0,3410.0,3410.0,2853.1142578125,0.0
2017-06-30,3410.0,3410.0,3410.0,3410.0,2853.1142578125,0.0
2017-07-03,3410.0,3410.0,3260.0,3310.0,2769.444580078125,17349300.0
2017-07-04,3310.0,3310.0,3250.0,3290.0,2752.711181640625,1697800.0
2017-07-05,3300.0,3300.0,3190.0,3250.0,2719.243408203125,5605500.0
2017-07-06,3280.0,3300.0,3210.0,3210.0,2685.77587890625,3756500.0
2017-07-07,3220.0,3300.0,3200.0,3200.0,2677.408935546875,7528700.0
2017-07-10,3210.0,3210.0,3110.0,3130.0,2618.840576171875,2819000.0
2017-07-11,3130.0,3240.0,3120.0,3220.0,2694.14306640625,4905100.0
2017-07-12,3250.0,3310.0,3220.0,3300.0,2761.078125,8720300.0
2017-07-13,3300.0,3320.0,3260.0,3300.0,2761.078125,8019900.0
2017-07-14,3290.0,3300.0,3290.0,3300.0,2761.078125,1692800.0
2017-07-17,3300.0,3320.0,3270.0,3290.0,2752.711181640625,6377500.0
2017-07-18,3260.0,3290.0,3200.0,3250.0,2719.243408203125,2294400.0
2017-07-19,3200.0,3240.0,3200.0,3230.0,2702.50927734375,1492000.0
2017-07-20,3190.0,3260.0,3190.0,3230.0,2702.50927734375,966600.0
2017-07-21,3230.0,3230.0,3150.0,3150.0,2635.57421875,2624600.0
2017-07-24,3150.0,3210.0,3110.0,3200.0,2677.408935546875,3089800.0
2017-07-25,3210.0,3290.0,3160.0,3280.0,2744.34423828125,3121600.0
2017-07-26,3200.0,3250.0,3200.0,3210.0,2685.77587890625,1682200.0
2017-07-27,3210.0,3320.0,3200.0,3300.0,2761.078125,8194400.0
2017-07-28,3300.0,3300.0,3270.0,3300.0,2761.078125,6309300.0
2017-07-31,3300.0,3370.0,3290.0,3360.0,2811.27978515625,12005900.0
2017-08-01,3360.0,3480.0,3350.0,3470.0,2903.315185546875,13252200.0
2017-08-02,3600.0,3630.0,3490.0,3600.0,3012.08544921875,15130200.0
2017-08-03,3590.0,3600.0,3570.0,3570.0,2986.984619140625,5270000.0
2017-08-04,3580.0,3580.0,3430.0,3430.0,2869.847900390625,1748000.0
2017-08-07,3430.0,3500.0,3390.0,3390.0,2836.380126953125,5544400.0
2017-08-08,3390.0,3520.0,3390.0,3520.0,2945.14990234375,2914700.0
2017-08-09,3520.0,3520.0,3400.0,3420.0,2861.48095703125,3878400.0
2017-08-10,3420.0,3500.0,3420.0,3450.0,2886.58154296875,2005900.0
2017-08-11,3450.0,3450.0,3360.0,3390.0,2836.380126953125,5716400.0
2017-08-14,3360.0,3470.0,3360.0,3400.0,2844.7470703125,3784500.0
2017-08-15,3400.0,3490.0,3400.0,3490.0,2920.04931640625,4273400.0
2017-08-16,3490.0,3490.0,3380.0,3460.0,2894.948486328125,8238700.0
2017-08-17,3460.0,3460.0,3460.0,3460.0,2894.948486328125,0.0
2017-08-18,3420.0,3450.0,3390.0,3440.0,2878.214599609375,2147200.0
2017-08-21,3410.0,3460.0,3350.0,3380.0,2828.013427734375,4380000.0
2017-08-22,3380.0,3450.0,3370.0,3420.0,2861.48095703125,6646400.0
2017-08-23,3420.0,3610.0,3420.0,3590.0,3003.718017578125,10501700.0
2017-08-24,3590.0,3590.0,3480.0,3510.0,2936.78271484375,6234600.0
2017-08-25,3530.0,3660.0,3530.0,3660.0,3062.28662109375,11059300.0
2017-08-28,3640.0,3650.0,3600.0,3630.0,3037.185791015625,3516800.0
2017-08-29,3630.0,3630.0,3590.0,3630.0,3037.185791015625,9512700.0
2017-08-30,3630.0,3800.0,3600.0,3640.0,3045.552734375,13017500.0
2017-08-31,3670.0,3710.0,3600.0,3600.0,3012.08544921875,3746800.0
2017-09-01,3600.0,3600.0,3600.0,3600.0,3012.08544921875,0.0
2017-09-04,3600.0,3710.0,3600.0,3700.0,3095.754150390625,7033600.0
2017-09-05,3700.0,3750.0,3670.0,3730.0,3120.85498046875,3397300.0
2017-09-06,3730.0,3860.0,3630.0,3850.0,3221.257568359375,14150000.0
2017-09-07,3840.0,3870.0,3750.0,3810.0,3187.7900390625,2144500.0
2017-09-08,3740.0,3820.0,3710.0,3820.0,3196.156982421875,4168900.0
2017-09-11,3840.0,3850.0,3790.0,3820.0,3196.156982421875,2103100.0
2017-09-12,3820.0,3870.0,3820.0,3870.0,3237.990966796875,2999900.0
2017-09-13,3870.0,3950.0,3780.0,3950.0,3304.92626953125,5191700.0
2017-09-14,3950.0,4060.0,3930.0,4020.0,3363.4951171875,14130500.0
2017-09-15,4050.0,4050.0,3870.0,4000.0,3346.76123046875,7301100.0
2017-09-18,4000.0,4010.0,3870.0,3970.0,3321.660400390625,1114800.0
2017-09-19,3900.0,3970.0,3810.0,3850.0,3221.257568359375,5492800.0
2017-09-20,3840.0,3850.0,3760.0,3800.0,3179.423095703125,7308400.0
2017-09-21,3800.0,3800.0,3800.0,3800.0,3179.423095703125,0.0
2017-09-22,3800.0,3850.0,3750.0,3850.0,3221.257568359375,11837800.0
2017-09-25,3830.0,3830.0,3750.0,3780.0,3162.689453125,6906700.0
2017-09-26,3750.0,3800.0,3750.0,3780.0,3162.689453125,2655100.0
2017-09-27,3780.0,3790.0,3750.0,3770.0,3154.322509765625,4885800.0
2017-09-28,3760.0,3760.0,3680.0,3700.0,3095.754150390625,9642700.0
2017-09-29,3690.0,3770.0,3690.0,3740.0,3129.22216796875,6934400.0
2017-10-02,3730.0,3750.0,3690.0,3700.0,3095.754150390625,6252700.0
2017-10-03,3700.0,3700.0,3600.0,3640.0,3045.552734375,11048100.0
2017-10-04,3630.0,3690.0,3630.0,3680.0,3079.0205078125,5695900.0
2017-10-05,3690.0,3690.0,3620.0,3660.0,3062.28662109375,7931500.0
2017-10-06,3700.0,3700.0,3660.0,3680.0,3079.0205078125,1355900.0
2017-10-09,3690.0,3710.0,3600.0,3640.0,3045.552734375,6372700.0
2017-10-10,3680.0,3680.0,3610.0,3630.0,3037.185791015625,3362300.0
2017-10-11,3620.0,3620.0,3400.0,3460.0,2894.948486328125,9089600.0
2017-10-12,3500.0,3540.0,3500.0,3530.0,2953.516845703125,6976700.0
2017-10-13,3530.0,3570.0,3500.0,3530.0,2953.516845703125,2742000.0
2017-10-16,3520.0,3560.0,3510.0,3540.0,2961.8837890625,4567900.0
2017-10-17,3550.0,3560.0,3520.0,3530.0,2953.516845703125,6178400.0
2017-10-18,3540.0,3550.0,3360.0,3400.0,2844.7470703125,7734200.0
2017-10-19,3400.0,3440.0,3320.0,3370.0,2819.646240234375,4635800.0
2017-10-20,3330.0,3400.0,3290.0,3400.0,2844.7470703125,4830600.0
2017-10-23,3400.0,3430.0,3370.0,3400.0,2844.7470703125,5319200.0
2017-10-24,3450.0,3450.0,3230.0,3230.0,2702.50927734375,3358700.0
2017-10-25,3300.0,3400.0,3260.0,3400.0,2844.7470703125,10969800.0
2017-10-26,3400.0,3530.0,3330.0,3330.0,2786.1787109375,7313400.0
2017-10-27,3380.0,3440.0,3320.0,3380.0,2828.013427734375,6912000.0
2017-10-30,3400.0,3440.0,3300.0,3310.0,2769.444580078125,4305700.0
2017-10-31,3390.0,3390.0,3300.0,3380.0,2828.013427734375,7903700.0
2017-11-01,3380.0,3540.0,3380.0,3500.0,2928.416015625,12536100.0
2017-11-02,3570.0,3600.0,3510.0,3560.0,2978.617431640625,16658200.0
2017-11-03,3600.0,3600.0,3490.0,3560.0,2978.617431640625,6422500.0
2017-11-06,3560.0,3570.0,3530.0,3550.0,2970.250732421875,2411300.0
2017-11-07,3550.0,3580.0,3540.0,3570.0,2986.984619140625,2988000.0
2017-11-08,3540.0,3550.0,3500.0,3520.0,2945.14990234375,5370500.0
2017-11-09,3500.0,3560.0,3500.0,3520.0,2945.14990234375,3457400.0
2017-11-10,3520.0,3550.0,3500.0,3500.0,2928.416015625,3427600.0
2017-11-13,3520.0,3530.0,3490.0,3500.0,2928.416015625,4114000.0
2017-11-14,3450.0,3480.0,3360.0,3360.0,2811.27978515625,2616900.0
2017-11-15,3340.0,3390.0,3330.0,3330.0,2786.1787109375,5931000.0
2017-11-16,3330.0,3360.0,3240.0,3250.0,2719.243408203125,5151300.0
2017-11-17,3290.0,3290.0,3210.0,3210.0,2685.77587890625,4249400.0
2017-11-20,3230.0,3250.0,3190.0,3190.0,2669.041748046875,5584800.0
2017-11-21,3180.0,3180.0,3030.0,3090.0,2585.373046875,9143500.0
2017-11-22,3110.0,3170.0,3000.0,3000.0,2510.07080078125,12340400.0
2017-11-23,3090.0,3120.0,3070.0,3070.0,2568.639404296875,4022400.0
2017-11-24,3100.0,3100.0,3000.0,3010.0,2518.43798828125,7208700.0
2017-11-27,3010.0,3050.0,2890.0,2900.0,2426.4013671875,7947500.0
2017-11-28,2900.0,3020.0,2900.0,2980.0,2493.3369140625,11478100.0
2017-11-29,3020.0,3170.0,3010.0,3130.0,2618.840576171875,12522100.0
2017-11-30,3170.0,3190.0,3060.0,3080.0,2577.00634765625,11993600.0
2017-12-01,3080.0,3080.0,3080.0,3080.0,2577.00634765625,0.0
2017-12-04,3100.0,3150.0,2960.0,2960.0,2476.603515625,10841200.0
2017-12-05,3000.0,3060.0,2970.0,3010.0,2518.43798828125,6281500.0
2017-12-06,3010.0,3010.0,2940.0,2980.0,2493.3369140625,3316400.0
2017-12-07,2990.0,2990.0,2950.0,2950.0,2468.236328125,2159700.0
2017-12-08,2950.0,2980.0,2920.0,2940.0,2459.869384765625,6073400.0
2017-12-11,2940.0,2950.0,2890.0,2900.0,2426.4013671875,3394500.0
2017-12-12,2900.0,3070.0,2900.0,3070.0,2568.639404296875,6063500.0
2017-12-13,3100.0,3100.0,3040.0,3090.0,2585.373046875,2996400.0
2017-12-14,3080.0,3100.0,3040.0,3050.0,2551.90576171875,5765900.0
2017-12-15,3080.0,3080.0,2950.0,3000.0,2510.07080078125,7271900.0
2017-12-18,2990.0,3030.0,2910.0,2990.0,2501.7041015625,4515800.0
2017-12-19,2990.0,2990.0,2930.0,2950.0,2468.236328125,3071900.0
2017-12-20,2910.0,2980.0,2810.0,2840.0,2376.200439453125,9533700.0
2017-12-21,2840.0,2900.0,2840.0,2880.0,2409.66796875,4836400.0
2017-12-22,2870.0,2890.0,2830.0,2880.0,2409.66796875,4370300.0
2017-12-25,2880.0,2880.0,2880.0,2880.0,2409.66796875,0.0
2017-12-26,2880.0,2880.0,2880.0,2880.0,2409.66796875,0.0
2017-12-27,2880.0,2900.0,2860.0,2890.0,2418.03515625,2357900.0
2017-12-28,2890.0,2970.0,2890.0,2970.0,2484.97021484375,3844800.0
2017-12-29,2980.0,3000.0,2960.0,2960.0,2476.603515625,2845800.0
2018-01-01,2960.0,2960.0,2960.0,2960.0,2476.603515625,0.0
2018-01-02,3000.0,3000.0,2870.0,2880.0,2409.66796875,3933100.0
2018-01-03,2900.0,2920.0,2850.0,2920.0,2443.135498046875,3648800.0
2018-01-04,2920.0,2920.0,2860.0,2920.0,2443.135498046875,5236700.0
2018-01-05,2880.0,3050.0,2880.0,3010.0,2518.43798828125,5863100.0
2018-01-08,3010.0,3240.0,3010.0,3210.0,2685.77587890625,9762200.0
2018-01-09,3210.0,3380.0,3110.0,3350.0,2802.912353515625,8158300.0
2018-01-10,3350.0,3370.0,3210.0,3230.0,2702.50927734375,5935100.0
2018-01-11,3230.0,3300.0,3230.0,3290.0,2752.711181640625,5848300.0
2018-01-12,3290.0,3300.0,3180.0,3200.0,2677.408935546875,5213300.0
2018-01-15,3260.0,3260.0,3180.0,3180.0,2660.675048828125,3646100.0
2018-01-16,3250.0,3260.0,3190.0,3220.0,2694.14306640625,3338200.0
2018-01-17,3220.0,3260.0,3190.0,3220.0,2694.14306640625,9114100.0
2018-01-18,3230.0,3250.0,3190.0,3200.0,2677.408935546875,4300500.0
2018-01-19,3200.0,3210.0,3100.0,3150.0,2635.57421875,4172000.0
2018-01-22,3150.0,3150.0,3000.0,3000.0,2510.07080078125,8821900.0
2018-01-23,3050.0,3110.0,3040.0,3110.0,2602.10693359375,4231000.0
2018-01-24,3110.0,3110.0,3070.0,3090.0,2585.373046875,2612400.0
2018-01-25,3090.0,3090.0,3010.0,3010.0,2518.43798828125,5186100.0
2018-01-26,3020.0,3150.0,3020.0,3130.0,2618.840576171875,3913600.0
2018-01-29,3150.0,3160.0,3110.0,3130.0,2618.840576171875,4955600.0
2018-01-30,3120.0,3160.0,2990.0,3020.0,2526.804443359375,7850600.0
2018-01-31,3000.0,3040.0,2970.0,2990.0,2501.7041015625,8545000.0
2018-02-01,3020.0,3040.0,2940.0,2940.0,2459.869384765625,12844100.0
2018-02-02,2990.0,3020.0,2940.0,3000.0,2510.07080078125,9666000.0
2018-02-05,2900.0,2970.0,2810.0,2940.0,2459.869384765625,5350900.0
2018-02-06,2930.0,2930.0,2870.0,2900.0,2426.4013671875,5190400.0
2018-02-07,2950.0,2990.0,2920.0,2960.0,2476.603515625,5186600.0
2018-02-08,2960.0,2990.0,2900.0,2910.0,2434.76904296875,2673100.0
2018-02-09,2890.0,2940.0,2850.0,2860.0,2392.93408203125,5094600.0
2018-02-12,2930.0,2960.0,2860.0,2860.0,2392.93408203125,3647000.0
2018-02-13,2930.0,2960.0,2900.0,2960.0,2476.603515625,3367300.0
2018-02-14,2960.0,2980.0,2910.0,2910.0,2434.76904296875,3414600.0
2018-02-15,2950.0,2950.0,2900.0,2910.0,2434.76904296875,3666200.0
2018-02-16,2910.0,2910.0,2910.0,2910.0,2434.76904296875,0.0
2018-02-19,2910.0,2940.0,2890.0,2910.0,2434.76904296875,6392200.0
2018-02-20,2940.0,2940.0,2890.0,2920.0,2443.135498046875,5036500.0
2018-02-21,2900.0,2960.0,2900.0,2930.0,2451.502685546875,9651900.0
2018-02-22,2930.0,2950.0,2920.0,2930.0,2451.502685546875,6703300.0
2018-02-23,2930.0,3030.0,2930.0,2970.0,2484.97021484375,13053300.0
2018-02-26,3000.0,3010.0,2960.0,2980.0,2493.3369140625,8511500.0
2018-02-27,2980.0,3010.0,2960.0,3010.0,2518.43798828125,7701800.0
2018-02-28,2990.0,3010.0,2950.0,2950.0,2468.236328125,10994200.0
2018-03-01,2970.0,2980.0,2820.0,2890.0,2418.03515625,8334000.0
2018-03-02,2880.0,2880.0,2820.0,2840.0,2376.200439453125,5419800.0
2018-03-05,2900.0,2910.0,2860.0,2860.0,2392.93408203125,2282500.0
2018-03-06,2860.0,2890.0,2850.0,2870.0,2401.301025390625,2359300.0
2018-03-07,2870.0,2890.0,2730.0,2760.0,2309.26513671875,8320800.0
2018-03-08,2760.0,2770.0,2700.0,2720.0,2275.7978515625,6913300.0
2018-03-09,2730.0,2770.0,2720.0,2750.0,2300.8984375,4662200.0
2018-03-12,2800.0,2810.0,2720.0,2730.0,2284.164306640625,8541900.0
2018-03-13,2740.0,2750.0,2640.0,2650.0,2217.229248046875,6838700.0
2018-03-14,2620.0,2700.0,2590.0,2590.0,2167.027587890625,4587100.0
2018-03-15,2590.0,2600.0,2540.0,2550.0,2133.56005859375,7690700.0
2018-03-16,2540.0,2540.0,2460.0,2500.0,2091.7255859375,13332700.0
2018-03-19,2500.0,2640.0,2500.0,2600.0,2175.39501953125,7353100.0
2018-03-20,2600.0,2620.0,2540.0,2550.0,2133.56005859375,3638200.0
2018-03-21,2620.0,2620.0,2550.0,2580.0,2158.660888671875,3348100.0
2018-03-22,2600.0,2620.0,2530.0,2530.0,2116.826416015625,3811800.0
2018-03-23,2460.0,2480.0,2420.0,2460.0,2058.25830078125,4456600.0
2018-03-26,2450.0,2550.0,2440.0,2520.0,2108.45947265625,3343000.0
2018-03-27,2550.0,2580.0,2500.0,2520.0,2108.45947265625,5604100.0
2018-03-28,2510.0,2580.0,2510.0,2520.0,2108.45947265625,5314400.0
2018-03-29,2520.0,2560.0,2470.0,2520.0,2108.45947265625,4252500.0
2018-03-30,2520.0,2520.0,2520.0,2520.0,2108.45947265625,0.0
2018-04-02,2520.0,2520.0,2410.0,2430.0,2033.157470703125,7548500.0
2018-04-03,2400.0,2450.0,2340.0,2360.0,1974.5888671875,6626900.0
2018-04-04,2370.0,2540.0,2360.0,2540.0,2125.193115234375,14698700.0
2018-04-05,2540.0,2600.0,2470.0,2570.0,2150.2939453125,9789500.0
2018-04-06,2580.0,2600.0,2540.0,2560.0,2141.92724609375,3291100.0
2018-04-09,2570.0,2580.0,2550.0,2570.0,2150.2939453125,3452500.0
2018-04-10,2570.0,2840.0,2560.0,2730.0,2284.164306640625,10384200.0
2018-04-11,2730.0,2760.0,2670.0,2750.0,2300.8984375,7352400.0
2018-04-12,2700.0,2750.0,2680.0,2680.0,2242.330078125,2846700.0
2018-04-13,2650.0,2700.0,2600.0,2620.0,2192.128173828125,8947700.0
2018-04-16,2620.0,2620.0,2620.0,2620.0,2192.128173828125,0.0
2018-04-17,2620.0,2620.0,2620.0,2620.0,2192.128173828125,0.0
2018-04-18,2640.0,2650.0,2500.0,2510.0,2100.092529296875,9186200.0
2018-04-19,2510.0,2510.0,2510.0,2510.0,2100.092529296875,0.0
2018-04-20,2510.0,2510.0,2510.0,2510.0,2100.092529296875,0.0
2018-04-23,2490.0,2530.0,2450.0,2470.0,2066.625,3307300.0
2018-04-24,2500.0,2520.0,2410.0,2420.0,2024.7904052734375,2807300.0
2018-04-25,2420.0,2420.0,2420.0,2420.0,2024.7904052734375,0.0
2018-04-26,2420.0,2420.0,2420.0,2420.0,2024.7904052734375,0.0
2018-04-27,2420.0,2420.0,2420.0,2420.0,2024.7904052734375,0.0
2018-04-30,2170.0,2180.0,2110.0,2120.0,1773.783447265625,5666900.0
2018-05-01,2120.0,2120.0,2120.0,2120.0,1773.783447265625,0.0
2018-05-02,2160.0,2240.0,2030.0,2100.0,1757.0494384765625,21801700.0
2018-05-03,2100.0,2110.0,1905.0,1945.0,1627.362548828125,15131500.0
2018-05-04,1945.0,1960.0,1805.0,1830.0,1531.143310546875,24331200.0
2018-05-07,1835.0,1950.0,1835.0,1900.0,1589.7115478515625,11002300.0
2018-05-08,1910.0,1910.0,1775.0,1790.0,1497.6756591796875,15138500.0
2018-05-09,1800.0,1890.0,1790.0,1890.0,1581.3447265625,18923100.0
2018-05-10,1890.0,1890.0,1890.0,1890.0,1581.3447265625,0.0
2018-05-11,1900.0,2090.0,1900.0,1975.0,1652.463134765625,16320700.0
2018-05-14,1985.0,1995.0,1860.0,1900.0,1589.7115478515625,10554600.0
2018-05-15,1850.0,1850.0,1710.0,1750.0,1464.2080078125,49319100.0
2018-05-16,1720.0,1845.0,1710.0,1810.0,1514.4095458984375,20068900.0
2018-05-17,1845.0,2290.0,1845.0,2180.0,1823.98486328125,64529900.0
2018-05-18,2180.0,2210.0,2070.0,2140.0,1790.51708984375,15494200.0
2018-05-21,2130.0,2140.0,2020.0,2040.0,1706.8480224609375,10967000.0
2018-05-22,2080.0,2170.0,2020.0,2020.0,1690.1143798828125,38736700.0
2018-05-23,2020.0,2240.0,2020.0,2160.0,1807.2509765625,37761900.0
2018-05-24,2150.0,2460.0,2140.0,2320.0,1941.12158203125,48340200.0
2018-05-25,2320.0,2370.0,2220.0,2280.0,1907.65380859375,11694300.0
2018-05-28,2270.0,2330.0,2230.0,2260.0,1890.9200439453125,29386000.0
2018-05-29,2260.0,2260.0,2260.0,2260.0,1890.9200439453125,0.0
2018-05-30,2260.0,2260.0,2140.0,2160.0,1807.2509765625,45601600.0
2018-05-31,2140.0,2160.0,2060.0,2100.0,1757.0494384765625,268258400.0
2018-06-01,2100.0,2100.0,2100.0,2100.0,1757.0494384765625,0.0
2018-06-04,2170.0,2520.0,2160.0,2370.0,1982.9556884765625,101854000.0
2018-06-05,2390.0,2580.0,2390.0,2540.0,2125.193115234375,37090300.0
2018-06-06,2600.0,2770.0,2560.0,2660.0,2225.595947265625,55791200.0
2018-06-07,2660.0,2910.0,2560.0,2560.0,2141.92724609375,69590800.0
2018-06-08,2750.0,2770.0,2600.0,2630.0,2200.49560546875,35133500.0
2018-06-11,2630.0,2630.0,2630.0,2630.0,2200.49560546875,0.0
2018-06-12,2630.0,2630.0,2630.0,2630.0,2200.49560546875,0.0
2018-06-13,2630.0,2630.0,2630.0,2630.0,2200.49560546875,0.0
2018-06-14,2630.0,2630.0,2630.0,2630.0,2200.49560546875,0.0
2018-06-15,2630.0,2630.0,2630.0,2630.0,2200.49560546875,0.0
2018-06-18,2630.0,2630.0,2630.0,2630.0,2200.49560546875,0.0
2018-06-19,2630.0,2630.0,2630.0,2630.0,2200.49560546875,0.0
2018-06-20,2560.0,2630.0,2510.0,2520.0,2108.45947265625,24450900.0
2018-06-21,2560.0,2640.0,2520.0,2570.0,2150.2939453125,22124600.0
2018-06-22,2600.0,2660.0,2560.0,2600.0,2175.39501953125,22747900.0
2018-06-25,2640.0,2650.0,2470.0,2580.0,2158.660888671875,17903100.0
2018-06-26,2550.0,2580.0,2500.0,2500.0,2091.7255859375,8873900.0
2018-06-27,2550.0,2610.0,2500.0,2540.0,2125.193115234375,9582200.0
2018-06-28,2580.0,2610.0,2460.0,2490.0,2083.359130859375,19745600.0
2018-06-29,2490.0,2560.0,2450.0,2520.0,2108.45947265625,9407600.0
2018-07-02,2550.0,2550.0,2510.0,2530.0,2116.826416015625,4758900.0
2018-07-03,2530.0,2560.0,2470.0,2490.0,2083.359130859375,6862100.0
2018-07-04,2470.0,2490.0,2300.0,2360.0,1974.5888671875,23853700.0
2018-07-05,2340.0,2490.0,2320.0,2410.0,2016.423828125,13741300.0
2018-07-06,2420.0,2500.0,2380.0,2450.0,2049.89111328125,4077000.0
2018-07-09,2450.0,2650.0,2440.0,2620.0,2192.128173828125,16784600.0
2018-07-10,2640.0,2690.0,2600.0,2670.0,2233.963134765625,10272100.0
2018-07-11,2670.0,2680.0,2600.0,2650.0,2217.229248046875,9753400.0
2018-07-12,2650.0,2850.0,2640.0,2790.0,2334.365966796875,12865400.0
2018-07-13,2800.0,2840.0,2790.0,2790.0,2334.365966796875,6060200.0
2018-07-16,2790.0,2820.0,2670.0,2680.0,2242.330078125,8230000.0
2018-07-17,2680.0,2740.0,2610.0,2730.0,2284.164306640625,8886000.0
2018-07-18,2760.0,2960.0,2740.0,2840.0,2376.200439453125,15362500.0
2018-07-19,2870.0,2940.0,2760.0,2800.0,2342.73291015625,17674200.0
2018-07-20,2800.0,2890.0,2800.0,2850.0,2384.5673828125,9439800.0
2018-07-23,2870.0,2980.0,2850.0,2980.0,2493.3369140625,10532600.0
2018-07-24,2990.0,3070.0,2930.0,2980.0,2493.3369140625,13567800.0
2018-07-25,2970.0,2970.0,2860.0,2870.0,2401.301025390625,12412100.0
2018-07-26,2900.0,2920.0,2800.0,2830.0,2367.83349609375,10838000.0
2018-07-27,2850.0,2890.0,2800.0,2880.0,2409.66796875,5143800.0
2018-07-30,2900.0,2930.0,2800.0,2820.0,2359.466552734375,9288400.0
2018-07-31,2800.0,2800.0,2700.0,2750.0,2300.8984375,21364700.0
2018-08-01,2790.0,2790.0,2700.0,2730.0,2284.164306640625,15953400.0
2018-08-02,2730.0,2790.0,2720.0,2730.0,2284.164306640625,5633200.0
2018-08-03,2730.0,2760.0,2720.0,2730.0,2284.164306640625,7399200.0
2018-08-06,2760.0,2850.0,2720.0,2850.0,2384.5673828125,17878400.0
2018-08-07,2870.0,3080.0,2860.0,3050.0,2551.90576171875,37255300.0
2018-08-08,3080.0,3080.0,2990.0,3050.0,2551.90576171875,9554100.0
2018-08-09,3050.0,3170.0,3050.0,3160.0,2643.94140625,15917200.0
2018-08-10,3180.0,3190.0,3060.0,3070.0,2568.639404296875,5235500.0
2018-08-13,3030.0,3030.0,2820.0,2850.0,2384.5673828125,17348500.0
2018-08-14,2840.0,2840.0,2720.0,2730.0,2284.164306640625,29144200.0
2018-08-15,2730.0,2920.0,2640.0,2920.0,2443.135498046875,22130500.0
2018-08-16,2910.0,2910.0,2760.0,2890.0,2418.03515625,7460900.0
2018-08-17,2890.0,2890.0,2890.0,2890.0,2418.03515625,0.0
2018-08-20,2910.0,3040.0,2890.0,2990.0,2501.7041015625,12618000.0
2018-08-21,3000.0,3050.0,2960.0,3050.0,2551.90576171875,4937600.0
2018-08-22,3050.0,3050.0,3050.0,3050.0,2551.90576171875,0.0
2018-08-23,3080.0,3120.0,2980.0,2990.0,2501.7041015625,14541100.0
2018-08-24,2990.0,3000.0,2880.0,2950.0,2468.236328125,6117300.0
2018-08-27,2910.0,3020.0,2910.0,2980.0,2493.3369140625,4275500.0
2018-08-28,3000.0,3080.0,2930.0,2940.0,2459.869384765625,6397600.0
2018-08-29,2940.0,3100.0,2880.0,3090.0,2585.373046875,8017000.0
2018-08-30,3080.0,3160.0,3080.0,3150.0,2635.57421875,11992200.0
2018-08-31,3030.0,3180.0,3010.0,3180.0,2660.675048828125,7370100.0
2018-09-03,3130.0,3160.0,3040.0,3080.0,2577.00634765625,2539500.0
2018-09-04,3070.0,3070.0,2880.0,2910.0,2434.76904296875,6036200.0
2018-09-05,2900.0,2900.0,2750.0,2800.0,2342.73291015625,14109500.0
2018-09-06,2750.0,2910.0,2750.0,2830.0,2367.83349609375,10835200.0
2018-09-07,2830.0,2970.0,2800.0,2950.0,2468.236328125,7403400.0
2018-09-10,2960.0,2990.0,2860.0,2900.0,2426.4013671875,5620500.0
2018-09-11,2900.0,2900.0,2900.0,2900.0,2426.4013671875,0.0
2018-09-12,2910.0,3020.0,2890.0,2930.0,2451.502685546875,12825200.0
2018-09-13,2950.0,2990.0,2940.0,2970.0,2484.97021484375,4560200.0
2018-09-14,3000.0,3050.0,3000.0,3030.0,2535.171875,4797800.0
2018-09-17,3020.0,3020.0,2900.0,2970.0,2484.97021484375,6516700.0
2018-09-18,2910.0,3000.0,2910.0,2960.0,2476.603515625,4052500.0
2018-09-19,2970.0,3020.0,2960.0,2990.0,2501.7041015625,4756700.0
2018-09-20,3000.0,3000.0,2860.0,2920.0,2443.135498046875,8065300.0
2018-09-21,2900.0,2970.0,2830.0,2850.0,2384.5673828125,11863200.0
2018-09-24,2850.0,2890.0,2780.0,2810.0,2351.099609375,10457800.0
2018-09-25,2820.0,2840.0,2770.0,2790.0,2334.365966796875,4363600.0
2018-09-26,2790.0,2840.0,2790.0,2810.0,2351.099609375,4273200.0
2018-09-27,2840.0,2870.0,2800.0,2820.0,2359.466552734375,3706100.0
2018-09-28,2820.0,2850.0,2760.0,2760.0,2309.26513671875,6762500.0
2018-10-01,2790.0,2820.0,2750.0,2800.0,2342.73291015625,10859200.0
2018-10-02,2800.0,2800.0,2700.0,2750.0,2300.8984375,9743700.0
2018-10-03,2750.0,2880.0,2740.0,2860.0,2392.93408203125,14016000.0
2018-10-04,2870.0,2870.0,2760.0,2790.0,2334.365966796875,6546700.0
2018-10-05,2790.0,2920.0,2760.0,2870.0,2401.301025390625,8638400.0
2018-10-08,2840.0,2970.0,2840.0,2930.0,2451.502685546875,10076200.0
2018-10-09,2950.0,2990.0,2860.0,2880.0,2409.66796875,15968600.0
2018-10-10,2880.0,2900.0,2830.0,2830.0,2367.83349609375,9933100.0
2018-10-11,2750.0,2800.0,2720.0,2750.0,2300.8984375,9511500.0
2018-10-12,2710.0,2870.0,2660.0,2770.0,2317.63232421875,15622400.0
2018-10-15,2770.0,2830.0,2760.0,2760.0,2309.26513671875,2780100.0
2018-10-16,2760.0,2790.0,2740.0,2790.0,2334.365966796875,2483000.0
2018-10-17,2820.0,2880.0,2800.0,2830.0,2367.83349609375,8749500.0
2018-10-18,2830.0,2840.0,2760.0,2830.0,2367.83349609375,4661200.0
2018-10-19,2830.0,2830.0,2750.0,2780.0,2325.998779296875,9249500.0
2018-10-22,2800.0,2900.0,2780.0,2870.0,2401.301025390625,10679900.0
2018-10-23,2870.0,2870.0,2780.0,2820.0,2359.466552734375,4845500.0
2018-10-24,2790.0,2810.0,2740.0,2760.0,2309.26513671875,3900500.0
2018-10-25,2680.0,2780.0,2680.0,2740.0,2292.53125,3488300.0
2018-10-26,2750.0,2780.0,2720.0,2760.0,2309.26513671875,4862700.0
2018-10-29,2760.0,2800.0,2670.0,2680.0,2242.330078125,7137900.0
2018-10-30,2650.0,2740.0,2600.0,2630.0,2200.49560546875,6401200.0
2018-10-31,2640.0,2660.0,2580.0,2620.0,2192.128173828125,4664500.0
2018-11-01,2660.0,2670.0,2190.0,2220.0,1857.452392578125,52029600.0
2018-11-02,2250.0,2310.0,2000.0,2090.0,1748.6827392578125,88668000.0
2018-11-05,2070.0,2140.0,2040.0,2100.0,1757.0494384765625,28898300.0
2018-11-06,2130.0,2240.0,2110.0,2230.0,1865.8194580078125,38982100.0
2018-11-07,2250.0,2270.0,2130.0,2160.0,1807.2509765625,25946000.0
2018-11-08,2200.0,2280.0,2140.0,2270.0,1899.2872314453125,32014800.0
2018-11-09,2260.0,2300.0,2200.0,2270.0,1899.2872314453125,14170300.0
2018-11-12,2270.0,2280.0,2160.0,2190.0,1832.351806640625,13115400.0
2018-11-13,2150.0,2150.0,2090.0,2120.0,1773.783447265625,20623800.0
2018-11-14,2120.0,2160.0,2100.0,2140.0,1790.51708984375,15557900.0
2018-11-15,2140.0,2200.0,2140.0,2160.0,1807.2509765625,10707200.0
2018-11-16,2160.0,2240.0,2130.0,2200.0,1840.7186279296875,16645400.0
2018-11-19,2210.0,2240.0,2140.0,2190.0,1832.351806640625,9953700.0
2018-11-20,2190.0,2190.0,2190.0,2190.0,1832.351806640625,0.0
2018-11-21,2170.0,2210.0,2150.0,2180.0,1823.98486328125,4971200.0
2018-11-22,2210.0,2280.0,2180.0,2210.0,1849.08544921875,10282500.0
2018-11-23,2210.0,2250.0,2210.0,2220.0,1857.452392578125,4753800.0
2018-11-26,2240.0,2250.0,2180.0,2210.0,1849.08544921875,5444200.0
2018-11-27,2210.0,2220.0,2180.0,2200.0,1840.7186279296875,4738600.0
2018-11-28,2180.0,2190.0,2010.0,2030.0,1698.4813232421875,18635700.0
2018-11-29,2040.0,2100.0,2030.0,2050.0,1715.215087890625,12457900.0
2018-11-30,2040.0,2060.0,1950.0,2040.0,1706.8480224609375,17929200.0
2018-12-03,2000.0,2050.0,1985.0,2020.0,1690.1143798828125,10873300.0
2018-12-04,2010.0,2010.0,1975.0,1980.0,1656.646728515625,11990300.0
2018-12-05,1965.0,1965.0,1875.0,1890.0,1581.3447265625,24077800.0
2018-12-06,1890.0,1985.0,1880.0,1950.0,1631.5460205078125,22524900.0
2018-12-07,1960.0,2020.0,1955.0,1960.0,1639.912841796875,15009300.0
2018-12-10,1960.0,1970.0,1900.0,1915.0,1602.2618408203125,6676500.0
2018-12-11,1925.0,1925.0,1875.0,1880.0,1572.977783203125,7964300.0
2018-12-12,1885.0,1935.0,1880.0,1915.0,1602.2618408203125,11163500.0
2018-12-13,1940.0,1990.0,1915.0,1945.0,1627.362548828125,20301500.0
2018-12-14,1945.0,1960.0,1920.0,1920.0,1606.4451904296875,8055500.0
2018-12-17,1930.0,1935.0,1890.0,1910.0,1598.0784912109375,7817200.0
2018-12-18,1920.0,1935.0,1890.0,1935.0,1618.9954833984375,5999700.0
2018-12-19,1950.0,2040.0,1940.0,2040.0,1706.8480224609375,27021900.0
2018-12-20,2020.0,2100.0,2000.0,2010.0,1681.74755859375,31897000.0
2018-12-21,2010.0,2060.0,2000.0,2050.0,1715.215087890625,19388400.0
2018-12-24,2050.0,2050.0,2050.0,2050.0,1715.215087890625,0.0
2018-12-25,2050.0,2050.0,2050.0,2050.0,1715.215087890625,0.0
2018-12-26,2050.0,2050.0,1930.0,1940.0,1623.1790771484375,8224700.0
2018-12-27,1970.0,2040.0,1970.0,2000.0,1673.380615234375,15916700.0
2018-12-28,2020.0,2020.0,1955.0,1980.0,1656.646728515625,22007600.0
2018-12-31,1980.0,1980.0,1980.0,1980.0,1656.646728515625,0.0
2019-01-01,1980.0,1980.0,1980.0,1980.0,1656.646728515625,0.0
2019-01-02,2020.0,2020.0,1955.0,1980.0,1656.646728515625,5313100.0
2019-01-03,1980.0,2030.0,1970.0,2020.0,1690.1143798828125,11314600.0
2019-01-04,2010.0,2080.0,1990.0,2040.0,1706.8480224609375,18759700.0
2019-01-07,2020.0,2160.0,2020.0,2140.0,1790.51708984375,51722500.0
2019-01-08,2140.0,2200.0,2110.0,2190.0,1832.351806640625,32563100.0
2019-01-09,2210.0,2270.0,2200.0,2250.0,1882.5531005859375,28621800.0
2019-01-10,2250.0,2270.0,2210.0,2250.0,1882.5531005859375,13872500.0
2019-01-11,2250.0,2260.0,2200.0,2200.0,1840.7186279296875,11299600.0
2019-01-14,2200.0,2200.0,2110.0,2110.0,1765.41650390625,13180700.0
2019-01-15,2120.0,2210.0,2120.0,2190.0,1832.351806640625,20372700.0
2019-01-16,2190.0,2330.0,2190.0,2310.0,1932.7545166015625,40171200.0
2019-01-17,2330.0,2370.0,2300.0,2300.0,1924.3876953125,21537800.0
2019-01-18,2300.0,2350.0,2280.0,2290.0,1916.0203857421875,11992000.0
2019-01-21,2310.0,2340.0,2230.0,2250.0,1882.5531005859375,11608400.0
2019-01-22,2220.0,2330.0,2170.0,2270.0,1899.2872314453125,22784000.0
2019-01-23,2270.0,2370.0,2270.0,2320.0,1941.12158203125,27481400.0
2019-01-24,2350.0,2360.0,2310.0,2330.0,1949.4881591796875,15091400.0
2019-01-25,2360.0,2370.0,2170.0,2190.0,1832.351806640625,37595300.0
2019-01-28,2220.0,2220.0,2100.0,2130.0,1782.150390625,32743000.0
2019-01-29,2130.0,2170.0,2040.0,2060.0,1723.5819091796875,29299200.0
2019-01-30,2070.0,2120.0,2060.0,2110.0,1765.41650390625,16156100.0
2019-01-31,2140.0,2170.0,2120.0,2170.0,1815.6177978515625,11999900.0
2019-02-01,2170.0,2190.0,2100.0,2100.0,1757.0494384765625,10715500.0
2019-02-04,2110.0,2140.0,2090.0,2120.0,1773.783447265625,16082100.0
2019-02-05,2120.0,2120.0,2120.0,2120.0,1773.783447265625,0.0
2019-02-06,2130.0,2220.0,2130.0,2200.0,1840.7186279296875,40880800.0
2019-02-07,2210.0,2230.0,2150.0,2170.0,1815.6177978515625,28062500.0
2019-02-08,2160.0,2210.0,2140.0,2180.0,1823.98486328125,21432400.0
2019-02-11,2170.0,2200.0,2110.0,2130.0,1782.150390625,23067700.0
2019-02-12,2130.0,2140.0,2040.0,2070.0,1731.9488525390625,21694700.0
2019-02-13,2090.0,2110.0,1995.0,2020.0,1690.1143798828125,15619400.0
2019-02-14,2050.0,2110.0,1995.0,2050.0,1715.215087890625,43970600.0
2019-02-15,2050.0,2440.0,2050.0,2340.0,1957.855224609375,211910100.0
2019-02-18,2360.0,2580.0,2360.0,2530.0,2116.826416015625,95862900.0
2019-02-19,2560.0,2660.0,2510.0,2610.0,2183.76171875,59416800.0
2019-02-20,2670.0,2670.0,2550.0,2620.0,2192.128173828125,30943600.0
2019-02-21,2600.0,2680.0,2570.0,2650.0,2217.229248046875,16555400.0
2019-02-22,2650.0,2650.0,2570.0,2640.0,2208.8623046875,14537900.0
2019-02-25,2620.0,2620.0,2580.0,2590.0,2167.027587890625,11932100.0
2019-02-26,2560.0,2570.0,2410.0,2500.0,2091.7255859375,31258600.0
2019-02-27,2500.0,2530.0,2360.0,2400.0,2008.0565185546875,22082600.0
2019-02-28,2400.0,2440.0,2330.0,2400.0,2008.0565185546875,28718100.0
2019-03-01,2410.0,2530.0,2390.0,2490.0,2083.359130859375,23691300.0
2019-03-04,2510.0,2530.0,2420.0,2450.0,2049.89111328125,9909200.0
2019-03-05,2450.0,2450.0,2380.0,2400.0,2008.0565185546875,14575000.0
2019-03-06,2400.0,2430.0,2400.0,2420.0,2024.7904052734375,3207900.0
2019-03-07,2420.0,2420.0,2420.0,2420.0,2024.7904052734375,0.0
2019-03-08,2410.0,2430.0,2310.0,2350.0,1966.2222900390625,20327500.0
2019-03-11,2390.0,2450.0,2360.0,2400.0,2008.0565185546875,11314900.0
2019-03-12,2420.0,2480.0,2390.0,2460.0,2058.25830078125,11946700.0
2019-03-13,2520.0,2670.0,2480.0,2620.0,2192.128173828125,35771200.0
2019-03-14,2550.0,2580.0,2500.0,2560.0,2141.92724609375,8467900.0
2019-03-15,2520.0,2630.0,2520.0,2590.0,2167.027587890625,12313300.0
2019-03-18,2580.0,2720.0,2570.0,2700.0,2259.063720703125,21103300.0
2019-03-19,2700.0,2730.0,2610.0,2650.0,2217.229248046875,10211800.0
2019-03-20,2650.0,2720.0,2610.0,2700.0,2259.063720703125,13744500.0
2019-03-21,2730.0,2760.0,2670.0,2680.0,2242.330078125,10669000.0
2019-03-22,2700.0,2720.0,2650.0,2660.0,2225.595947265625,2572000.0
2019-03-25,2660.0,2670.0,2550.0,2590.0,2167.027587890625,8303100.0
2019-03-26,2580.0,2700.0,2580.0,2680.0,2242.330078125,8179200.0
2019-03-27,2690.0,2710.0,2610.0,2680.0,2242.330078125,5639200.0
2019-03-28,2700.0,2700.0,2610.0,2680.0,2242.330078125,6086000.0
2019-03-29,2680.0,2700.0,2620.0,2680.0,2242.330078125,2525300.0
2019-04-01,2700.0,2750.0,2620.0,2710.0,2267.4306640625,8439600.0
2019-04-02,2730.0,2730.0,2650.0,2680.0,2242.330078125,4412800.0
2019-04-03,2680.0,2680.0,2680.0,2680.0,2242.330078125,0.0
2019-04-04,2670.0,2700.0,2620.0,2630.0,2200.49560546875,4286200.0
2019-04-05,2640.0,2660.0,2570.0,2640.0,2208.8623046875,5133300.0
2019-04-08,2620.0,2620.0,2510.0,2530.0,2116.826416015625,7210800.0
2019-04-09,2530.0,2570.0,2520.0,2550.0,2133.56005859375,6235800.0
2019-04-10,2550.0,2610.0,2510.0,2580.0,2158.660888671875,5073500.0
2019-04-11,2610.0,2730.0,2550.0,2670.0,2233.963134765625,12387200.0
2019-04-12,2710.0,2890.0,2710.0,2810.0,2351.099609375,25336100.0
2019-04-15,2820.0,2840.0,2750.0,2770.0,2317.63232421875,10623500.0
2019-04-16,2770.0,2800.0,2690.0,2760.0,2309.26513671875,19715400.0
2019-04-17,2760.0,2760.0,2760.0,2760.0,2309.26513671875,0.0
2019-04-18,2820.0,2880.0,2790.0,2850.0,2384.5673828125,33758200.0
2019-04-19,2850.0,2850.0,2850.0,2850.0,2384.5673828125,0.0
2019-04-22,2850.0,2880.0,2720.0,2800.0,2342.73291015625,34552200.0
2019-04-23,2770.0,2960.0,2770.0,2930.0,2451.502685546875,28490600.0
2019-04-24,2970.0,2980.0,2870.0,2870.0,2401.301025390625,11371700.0
2019-04-25,2870.0,2930.0,2830.0,2860.0,2392.93408203125,6940600.0
2019-04-26,2830.0,2910.0,2820.0,2870.0,2401.301025390625,7321000.0
2019-04-29,2870.0,2950.0,2870.0,2900.0,2426.4013671875,12936000.0
2019-04-30,2900.0,2930.0,2870.0,2920.0,2443.135498046875,9537500.0
2019-05-01,2920.0,2920.0,2920.0,2920.0,2443.135498046875,0.0
2019-05-02,2920.0,2920.0,2760.0,2780.0,2325.998779296875,11696900.0
2019-05-03,2800.0,2810.0,2640.0,2780.0,2325.998779296875,14894300.0
2019-05-06,2800.0,2880.0,2700.0,2850.0,2384.5673828125,21344400.0
2019-05-07,2900.0,3070.0,2900.0,2980.0,2493.3369140625,43528900.0
2019-05-08,2970.0,3040.0,2940.0,2960.0,2476.603515625,12287700.0
2019-05-09,2950.0,3020.0,2930.0,2960.0,2476.603515625,11767700.0
2019-05-10,2970.0,3000.0,2840.0,2930.0,2451.502685546875,15030400.0
2019-05-13,2940.0,2950.0,2720.0,2760.0,2309.26513671875,14260300.0
2019-05-14,2720.0,2810.0,2690.0,2770.0,2317.63232421875,15250000.0
2019-05-15,2780.0,2810.0,2530.0,2650.0,2217.229248046875,14982700.0
2019-05-16,2650.0,2670.0,2550.0,2560.0,2141.92724609375,6731200.0
2019-05-17,2560.0,2600.0,2420.0,2540.0,2125.193115234375,7490000.0
2019-05-20,2520.0,2730.0,2450.0,2650.0,2217.229248046875,9392800.0
2019-05-21,2650.0,2720.0,2620.0,2670.0,2233.963134765625,5280300.0
2019-05-22,2670.0,2680.0,2580.0,2640.0,2208.8623046875,2000400.0
2019-05-23,2680.0,2790.0,2610.0,2740.0,2292.53125,10154800.0
2019-05-24,2760.0,2850.0,2740.0,2790.0,2334.365966796875,7215000.0
2019-05-27,2830.0,2880.0,2810.0,2810.0,2351.099609375,9575700.0
2019-05-28,2850.0,2860.0,2740.0,2790.0,2334.365966796875,4355000.0
2019-05-29,2790.0,2920.0,2790.0,2900.0,2426.4013671875,9654100.0
2019-05-30,2900.0,2900.0,2900.0,2900.0,2426.4013671875,0.0
2019-05-31,2900.0,2980.0,2790.0,2860.0,2392.93408203125,20433200.0
2019-06-03,2860.0,2860.0,2860.0,2860.0,2392.93408203125,0.0
2019-06-04,2860.0,2860.0,2860.0,2860.0,2392.93408203125,0.0
2019-06-05,2860.0,2860.0,2860.0,2860.0,2392.93408203125,0.0
2019-06-06,2860.0,2860.0,2860.0,2860.0,2392.93408203125,0.0
2019-06-07,2860.0,2860.0,2860.0,2860.0,2392.93408203125,0.0
2019-06-10,2950.0,3020.0,2910.0,2940.0,2459.869384765625,14450100.0
2019-06-11,2980.0,3000.0,2920.0,2940.0,2459.869384765625,5801400.0
2019-06-12,2980.0,2980.0,2860.0,2900.0,2426.4013671875,6123100.0
2019-06-13,2850.0,2870.0,2810.0,2860.0,2392.93408203125,8567800.0
2019-06-14,2860.0,2930.0,2840.0,2860.0,2392.93408203125,5537200.0
2019-06-17,2900.0,2900.0,2820.0,2850.0,2384.5673828125,2026100.0
2019-06-18,2850.0,2930.0,2850.0,2910.0,2434.76904296875,6053800.0
2019-06-19,2920.0,2950.0,2900.0,2950.0,2468.236328125,7574200.0
2019-06-20,3050.0,3050.0,2980.0,2990.0,2501.7041015625,10083200.0
2019-06-21,3000.0,3040.0,2850.0,2900.0,2426.4013671875,8630700.0
2019-06-24,2910.0,2950.0,2830.0,2860.0,2392.93408203125,2968700.0
2019-06-25,2830.0,2900.0,2830.0,2860.0,2392.93408203125,4768200.0
2019-06-26,2870.0,2930.0,2870.0,2920.0,2443.135498046875,4080800.0
2019-06-27,2930.0,2950.0,2890.0,2920.0,2443.135498046875,4830300.0
2019-06-28,2950.0,3010.0,2910.0,2980.0,2493.3369140625,16338700.0
2019-07-01,3000.0,3040.0,2950.0,2990.0,2501.7041015625,7193000.0
2019-07-02,3000.0,3010.0,2960.0,2960.0,2476.603515625,4694000.0
2019-07-03,2960.0,2990.0,2850.0,2860.0,2392.93408203125,7888800.0
2019-07-04,2870.0,2900.0,2820.0,2850.0,2384.5673828125,7483000.0
2019-07-05,2850.0,2920.0,2810.0,2900.0,2426.4013671875,8873400.0
2019-07-08,2920.0,2930.0,2850.0,2860.0,2392.93408203125,3213600.0
2019-07-09,2890.0,2940.0,2870.0,2930.0,2451.502685546875,2796200.0
2019-07-10,2950.0,2950.0,2870.0,2890.0,2418.03515625,4467600.0
2019-07-11,2940.0,2940.0,2870.0,2900.0,2426.4013671875,4126000.0
2019-07-12,2920.0,2920.0,2850.0,2860.0,2392.93408203125,5579900.0
2019-07-15,2870.0,2940.0,2860.0,2930.0,2451.502685546875,7362100.0
2019-07-16,2930.0,2970.0,2910.0,2940.0,2459.869384765625,7216200.0
2019-07-17,2940.0,3020.0,2910.0,2980.0,2493.3369140625,9777300.0
2019-07-18,2980.0,3170.0,2970.0,3110.0,2602.10693359375,21650300.0
2019-07-19,3130.0,3150.0,3080.0,3110.0,2602.10693359375,10942200.0
2019-07-22,3110.0,3140.0,3080.0,3100.0,2593.739990234375,8278100.0
2019-07-23,3100.0,3220.0,3090.0,3160.0,2643.94140625,17721600.0
2019-07-24,3160.0,3200.0,3120.0,3120.0,2610.4736328125,7569800.0
2019-07-25,3120.0,3290.0,3010.0,3250.0,2719.243408203125,27474800.0
2019-07-26,3280.0,3300.0,3120.0,3170.0,2652.308349609375,14060600.0
2019-07-29,3180.0,3340.0,3170.0,3270.0,2735.977294921875,9457500.0
2019-07-30,3290.0,3420.0,3220.0,3300.0,2761.078125,47197900.0
2019-07-31,3360.0,3360.0,3220.0,3230.0,2702.50927734375,14222200.0
2019-08-01,3230.0,3360.0,3180.0,3280.0,2744.34423828125,17978100.0
2019-08-02,3280.0,3280.0,3230.0,3260.0,2727.6103515625,10374400.0
2019-08-05,3220.0,3380.0,3050.0,3130.0,2618.840576171875,19561200.0
2019-08-06,3090.0,3240.0,3080.0,3140.0,2627.207275390625,17576600.0
2019-08-07,3170.0,3310.0,3170.0,3300.0,2761.078125,11495800.0
2019-08-08,3320.0,3350.0,3280.0,3350.0,2802.912353515625,17136900.0
2019-08-09,3390.0,3410.0,3260.0,3310.0,2769.444580078125,6504300.0
2019-08-12,3310.0,3400.0,3270.0,3360.0,2811.27978515625,8831500.0
2019-08-13,3360.0,3450.0,3300.0,3340.0,2794.5458984375,13759200.0
2019-08-14,3400.0,3400.0,3300.0,3360.0,2811.27978515625,8527800.0
2019-08-15,3360.0,3360.0,3280.0,3320.0,2777.81201171875,11339100.0
2019-08-16,3300.0,3310.0,3180.0,3250.0,2719.243408203125,13561000.0
2019-08-19,3250.0,3280.0,3210.0,3250.0,2719.243408203125,12462100.0
2019-08-20,3250.0,3310.0,3230.0,3250.0,2719.243408203125,10764600.0
2019-08-21,3250.0,3270.0,3210.0,3270.0,2735.977294921875,12651500.0
2019-08-22,3290.0,3370.0,3280.0,3350.0,2802.912353515625,14523300.0
2019-08-23,3380.0,3380.0,3250.0,3330.0,2786.1787109375,6255300.0
2019-08-26,3300.0,3340.0,3210.0,3320.0,2777.81201171875,7539300.0
2019-08-27,3280.0,3400.0,3270.0,3380.0,2828.013427734375,11016600.0
2019-08-28,3380.0,3400.0,3290.0,3330.0,2786.1787109375,7011500.0
2019-08-29,3300.0,3400.0,3300.0,3390.0,2836.380126953125,7206800.0
2019-08-30,3400.0,3540.0,3390.0,3480.0,2911.682373046875,16924800.0
2019-09-02,3500.0,3650.0,3480.0,3620.0,3028.819091796875,18483100.0
2019-09-03,3620.0,3660.0,3480.0,3500.0,2928.416015625,8704600.0
2019-09-04,3500.0,3550.0,3460.0,3500.0,2928.416015625,13015700.0
2019-09-05,3530.0,3560.0,3480.0,3520.0,2945.14990234375,8878100.0
2019-09-06,3570.0,3590.0,3150.0,3270.0,2735.977294921875,50259300.0
2019-09-09,3270.0,3390.0,3220.0,3280.0,2744.34423828125,28767900.0
2019-09-10,3390.0,3600.0,3260.0,3280.0,2744.34423828125,30773800.0
2019-09-11,3280.0,3310.0,3230.0,3270.0,2735.977294921875,14896900.0
2019-09-12,3290.0,3410.0,3280.0,3350.0,2802.912353515625,25527900.0
2019-09-13,3360.0,3460.0,3360.0,3450.0,2886.58154296875,16207500.0
2019-09-16,3450.0,3450.0,3310.0,3380.0,2828.013427734375,8829600.0
2019-09-17,3410.0,3480.0,3410.0,3440.0,2878.214599609375,15618500.0
2019-09-18,3470.0,3550.0,3460.0,3500.0,2928.416015625,15169200.0
2019-09-19,3490.0,3550.0,3450.0,3470.0,2903.315185546875,6187000.0
2019-09-20,3480.0,3520.0,3370.0,3410.0,2853.1142578125,9784500.0
2019-09-23,3430.0,3470.0,3340.0,3390.0,2836.380126953125,6534300.0
2019-09-24,3420.0,3430.0,3260.0,3290.0,2752.711181640625,7695900.0
2019-09-25,3290.0,3330.0,3220.0,3300.0,2761.078125,6192200.0
2019-09-26,3300.0,3510.0,3290.0,3500.0,2928.416015625,14984500.0
2019-09-27,3490.0,3550.0,3440.0,3500.0,2928.416015625,14775500.0
2019-09-30,3460.0,3460.0,3380.0,3440.0,2878.214599609375,8336900.0
2019-10-01,3440.0,3470.0,3390.0,3450.0,2886.58154296875,6286600.0
2019-10-02,3410.0,3490.0,3410.0,3450.0,2886.58154296875,8620400.0
2019-10-03,3410.0,3420.0,3260.0,3380.0,2828.013427734375,10902400.0
2019-10-04,3390.0,3440.0,3320.0,3350.0,2802.912353515625,8835800.0
2019-10-07,3360.0,3380.0,3270.0,3350.0,2802.912353515625,7013200.0
2019-10-08,3310.0,3450.0,3310.0,3450.0,2886.58154296875,8264800.0
2019-10-09,3450.0,3540.0,3430.0,3440.0,2878.214599609375,9908300.0
2019-10-10,3470.0,3500.0,3440.0,3490.0,2920.04931640625,8978700.0
2019-10-11,3450.0,3520.0,3440.0,3490.0,2920.04931640625,8844000.0
2019-10-14,3530.0,3540.0,3450.0,3490.0,2920.04931640625,10066700.0
2019-10-15,3500.0,3550.0,3500.0,3530.0,2953.516845703125,12183000.0
2019-10-16,3550.0,3550.0,3400.0,3530.0,2953.516845703125,9894100.0
2019-10-17,3550.0,3550.0,3480.0,3530.0,2953.516845703125,7245900.0
2019-10-18,3540.0,3550.0,3480.0,3540.0,2961.8837890625,4672200.0
2019-10-21,3490.0,3510.0,3450.0,3500.0,2928.416015625,8987300.0
2019-10-22,3500.0,3540.0,3470.0,3520.0,2945.14990234375,7836700.0
2019-10-23,3510.0,3530.0,3470.0,3480.0,2911.682373046875,11054400.0
2019-10-24,3470.0,3490.0,3440.0,3450.0,2886.58154296875,7440900.0
2019-10-25,3430.0,3520.0,3380.0,3390.0,2836.380126953125,11250900.0
2019-10-28,3430.0,3550.0,3430.0,3460.0,2894.948486328125,12915400.0
2019-10-29,3490.0,3540.0,3480.0,3520.0,2945.14990234375,10084300.0
2019-10-30,3520.0,3560.0,3500.0,3550.0,2970.250732421875,18887100.0
2019-10-31,3550.0,3550.0,3450.0,3550.0,2970.250732421875,10474300.0
2019-11-01,3550.0,3550.0,3450.0,3520.0,2945.14990234375,9657500.0
2019-11-04,3520.0,3610.0,3520.0,3550.0,2970.250732421875,26170300.0
2019-11-05,3550.0,3560.0,3470.0,3500.0,2928.416015625,17822800.0
2019-11-06,3510.0,3580.0,3500.0,3520.0,2945.14990234375,11876400.0
2019-11-07,3550.0,3550.0,3450.0,3500.0,2928.416015625,9760400.0
2019-11-08,3630.0,3730.0,3420.0,3450.0,2886.58154296875,71413500.0
2019-11-11,3450.0,3500.0,3260.0,3300.0,2761.078125,21046300.0
2019-11-12,3340.0,3480.0,3320.0,3460.0,2894.948486328125,25200300.0
2019-11-13,3460.0,3510.0,3410.0,3440.0,2878.214599609375,17493000.0
2019-11-14,3490.0,3530.0,3440.0,3480.0,2911.682373046875,22803200.0
2019-11-15,3500.0,3520.0,3460.0,3480.0,2911.682373046875,19547400.0
2019-11-18,3500.0,3540.0,3400.0,3480.0,2911.682373046875,19152500.0
2019-11-19,3530.0,3550.0,3490.0,3530.0,2953.516845703125,20500100.0
2019-11-20,3550.0,3550.0,3500.0,3550.0,2970.250732421875,10459700.0
2019-11-21,3550.0,3550.0,3460.0,3500.0,2928.416015625,23152800.0
2019-11-22,3530.0,3580.0,3510.0,3540.0,2961.8837890625,40647700.0
2019-11-25,3550.0,3590.0,3510.0,3550.0,2970.250732421875,36810500.0
2019-11-26,3550.0,3550.0,3470.0,3490.0,2920.04931640625,218231500.0
2019-11-27,3490.0,3490.0,3300.0,3390.0,2836.380126953125,22229100.0
2019-11-28,3350.0,3360.0,3180.0,3230.0,2702.50927734375,16174300.0
2019-11-29,3180.0,3350.0,3070.0,3340.0,2794.5458984375,8546700.0
2019-12-02,3360.0,3410.0,3350.0,3390.0,2836.380126953125,9834600.0
2019-12-03,3400.0,3430.0,3380.0,3420.0,2861.48095703125,13072800.0
2019-12-04,3420.0,3430.0,3380.0,3410.0,2853.1142578125,10036900.0
2019-12-05,3370.0,3400.0,3300.0,3350.0,2802.912353515625,10002900.0
2019-12-06,3390.0,3400.0,3300.0,3400.0,2844.7470703125,10281300.0
2019-12-09,3390.0,3390.0,3250.0,3270.0,2735.977294921875,7995800.0
2019-12-10,3270.0,3340.0,3260.0,3300.0,2761.078125,9858500.0
2019-12-11,3290.0,3320.0,3270.0,3300.0,2761.078125,6693500.0
2019-12-12,3300.0,3300.0,3240.0,3260.0,2727.6103515625,9334700.0
2019-12-13,3310.0,3310.0,3220.0,3240.0,2710.876953125,10939400.0
2019-12-16,3220.0,3280.0,3190.0,3210.0,2685.77587890625,8656200.0
2019-12-17,3210.0,3310.0,3200.0,3310.0,2769.444580078125,7381000.0
2019-12-18,3310.0,3360.0,3260.0,3330.0,2786.1787109375,12475400.0
2019-12-19,3330.0,3350.0,3220.0,3220.0,2694.14306640625,4637100.0
2019-12-20,3250.0,3320.0,3220.0,3320.0,2777.81201171875,11562300.0
2019-12-23,3330.0,3350.0,3250.0,3310.0,2769.444580078125,5436300.0
2019-12-26,3250.0,3300.0,3250.0,3260.0,2727.6103515625,3863700.0
2019-12-27,3270.0,3270.0,3220.0,3250.0,2719.243408203125,4899800.0
2019-12-30,3220.0,3250.0,3150.0,3150.0,2635.57421875,5075500.0
2020-01-02,3170.0,3220.0,3140.0,3210.0,2685.77587890625,3718200.0
2020-01-03,3230.0,3230.0,3190.0,3200.0,2677.408935546875,3907700.0
2020-01-06,3170.0,3250.0,3160.0,3240.0,2710.876953125,3513500.0
2020-01-07,3250.0,3270.0,3220.0,3250.0,2719.243408203125,3419200.0
2020-01-08,3250.0,3300.0,3190.0,3300.0,2761.078125,6944000.0
2020-01-09,3300.0,3310.0,3220.0,3290.0,2752.711181640625,9408900.0
2020-01-10,3260.0,3290.0,3230.0,3290.0,2752.711181640625,7746400.0
2020-01-13,3290.0,3310.0,3250.0,3310.0,2769.444580078125,9256500.0
2020-01-14,3320.0,3330.0,3270.0,3330.0,2786.1787109375,10518100.0
2020-01-15,3300.0,3350.0,3230.0,3250.0,2719.243408203125,11805100.0
2020-01-16,3250.0,3340.0,3210.0,3330.0,2786.1787109375,7904800.0
2020-01-17,3300.0,3390.0,3290.0,3360.0,2811.27978515625,7431600.0
2020-01-20,3360.0,3380.0,3340.0,3360.0,2811.27978515625,4466800.0
2020-01-21,3330.0,3330.0,3260.0,3300.0,2761.078125,4644000.0
2020-01-22,3280.0,3280.0,3180.0,3200.0,2677.408935546875,5932000.0
2020-01-23,3200.0,3240.0,3180.0,3220.0,2694.14306640625,3442100.0
2020-01-24,3200.0,3270.0,3170.0,3190.0,2669.041748046875,4855800.0
2020-01-27,3160.0,3210.0,3040.0,3060.0,2560.272216796875,7645600.0
2020-01-28,3000.0,3090.0,3000.0,3050.0,2551.90576171875,8042100.0
2020-01-29,3070.0,3080.0,3000.0,3010.0,2518.43798828125,3538400.0
2020-01-30,3050.0,3050.0,2900.0,2940.0,2459.869384765625,6612800.0
2020-01-31,2990.0,2990.0,2840.0,2900.0,2426.4013671875,12812900.0
2020-02-03,2950.0,2950.0,2810.0,2840.0,2376.200439453125,6528100.0
2020-02-04,2810.0,2900.0,2810.0,2840.0,2376.200439453125,15726100.0
2020-02-05,2850.0,2910.0,2830.0,2890.0,2418.03515625,25188300.0
2020-02-06,2900.0,2950.0,2870.0,2890.0,2418.03515625,30048700.0
2020-02-07,2890.0,2930.0,2860.0,2900.0,2426.4013671875,39432100.0
2020-02-10,2900.0,2900.0,2700.0,2800.0,2342.73291015625,26809000.0
2020-02-11,2840.0,2880.0,2790.0,2860.0,2392.93408203125,28109900.0
2020-02-12,2880.0,2880.0,2790.0,2860.0,2392.93408203125,14918400.0
2020-02-13,2850.0,2860.0,2650.0,2710.0,2267.4306640625,16894300.0
2020-02-14,2700.0,2700.0,2550.0,2620.0,2192.128173828125,25077200.0
2020-02-17,2610.0,2670.0,2560.0,2650.0,2217.229248046875,17448000.0
2020-02-18,2650.0,2760.0,2630.0,2720.0,2275.7978515625,11817200.0
2020-02-19,2720.0,2770.0,2670.0,2760.0,2309.26513671875,7839900.0
2020-02-20,2750.0,2790.0,2660.0,2680.0,2242.330078125,14956100.0
2020-02-21,2660.0,2670.0,2580.0,2600.0,2175.39501953125,13942600.0
2020-02-24,2550.0,2560.0,2510.0,2520.0,2108.45947265625,13293200.0
2020-02-25,2480.0,2600.0,2430.0,2580.0,2158.660888671875,13474300.0
2020-02-26,2580.0,2600.0,2500.0,2540.0,2125.193115234375,12914700.0
2020-02-27,2500.0,2550.0,2420.0,2460.0,2058.25830078125,9745400.0
2020-02-28,2380.0,2590.0,2290.0,2590.0,2167.027587890625,30542000.0
2020-03-02,2600.0,2610.0,2430.0,2520.0,2108.45947265625,11254300.0
2020-03-03,2530.0,2570.0,2450.0,2500.0,2091.7255859375,15310400.0
2020-03-04,2500.0,2570.0,2450.0,2540.0,2125.193115234375,12409200.0
2020-03-05,2540.0,2580.0,2440.0,2480.0,2074.991943359375,10332200.0
2020-03-06,2450.0,2450.0,2300.0,2310.0,1932.7545166015625,22686000.0
2020-03-09,2240.0,2240.0,2100.0,2100.0,1757.0494384765625,19039800.0
2020-03-10,1995.0,2200.0,1995.0,2130.0,1782.150390625,19489400.0
2020-03-11,2100.0,2190.0,1935.0,1995.0,1669.1971435546875,24564900.0
2020-03-12,1890.0,1925.0,1810.0,1865.0,1560.427490234375,15832400.0
2020-03-13,1790.0,1880.0,1735.0,1800.0,1506.042724609375,20056500.0
2020-03-16,1800.0,1800.0,1675.0,1675.0,1401.4561767578125,9633300.0
2020-03-17,1660.0,1670.0,1560.0,1575.0,1317.787109375,27694000.0
2020-03-18,1600.0,1615.0,1465.0,1515.0,1267.5859375,18421000.0
2020-03-19,1500.0,1500.0,1410.0,1410.0,1179.7332763671875,4997000.0
2020-03-20,1410.0,1595.0,1315.0,1595.0,1334.5208740234375,43914600.0
2020-03-23,1550.0,1550.0,1485.0,1485.0,1242.485107421875,16354800.0
2020-03-24,1480.0,1595.0,1385.0,1410.0,1179.7332763671875,37792500.0
2020-03-26,1470.0,1760.0,1435.0,1760.0,1472.574951171875,49825000.0
2020-03-27,1800.0,2090.0,1760.0,1800.0,1506.042724609375,33266600.0
2020-03-30,1825.0,1845.0,1675.0,1800.0,1506.042724609375,23104200.0
2020-03-31,1850.0,2130.0,1850.0,2000.0,1673.380615234375,15755800.0
2020-04-01,1990.0,2100.0,1895.0,1950.0,1631.5460205078125,12908300.0
2020-04-02,2000.0,2080.0,1910.0,2050.0,1715.215087890625,10830400.0
2020-04-03,2080.0,2160.0,2030.0,2150.0,1798.88427734375,16417900.0
2020-04-06,2150.0,2430.0,2150.0,2380.0,1991.3228759765625,17230100.0
2020-04-07,2450.0,2580.0,2230.0,2280.0,1907.65380859375,26475200.0
2020-04-08,2260.0,2260.0,2130.0,2210.0,1849.08544921875,17191900.0
2020-04-09,2210.0,2310.0,2110.0,2150.0,1798.88427734375,13564400.0
2020-04-13,2180.0,2200.0,2120.0,2170.0,1815.6177978515625,6483900.0
2020-04-14,2170.0,2330.0,2170.0,2270.0,1899.2872314453125,14478900.0
2020-04-15,2340.0,2430.0,2220.0,2230.0,1865.8194580078125,17678000.0
2020-04-16,2230.0,2250.0,2110.0,2120.0,1773.783447265625,16145900.0
2020-04-17,2180.0,2410.0,2180.0,2400.0,2008.0565185546875,14347300.0
2020-04-20,2420.0,2480.0,2300.0,2350.0,1966.2222900390625,14988800.0
2020-04-21,2350.0,2350.0,2260.0,2300.0,1924.3876953125,14017300.0
2020-04-22,2280.0,2670.0,2240.0,2560.0,2141.92724609375,22452100.0
2020-04-23,2560.0,2600.0,2410.0,2410.0,2016.423828125,15180600.0
2020-04-24,2400.0,2550.0,2360.0,2380.0,1991.3228759765625,13346800.0
2020-04-27,2420.0,2520.0,2410.0,2480.0,2074.991943359375,12819400.0
2020-04-28,2510.0,2600.0,2460.0,2550.0,2133.56005859375,12994700.0
2020-04-29,2500.0,2730.0,2500.0,2590.0,2167.027587890625,21013300.0
2020-04-30,2620.0,2690.0,2540.0,2540.0,2125.193115234375,19337500.0
2020-05-04,2560.0,2560.0,2430.0,2450.0,2049.89111328125,18170500.0
2020-05-05,2470.0,2510.0,2390.0,2420.0,2024.7904052734375,13024700.0
2020-05-06,2440.0,2440.0,2300.0,2320.0,1941.12158203125,22750500.0
2020-05-08,2350.0,2430.0,2340.0,2380.0,1991.3228759765625,15509100.0
2020-05-11,2380.0,2530.0,2380.0,2400.0,2008.0565185546875,34528100.0
2020-05-12,2450.0,2450.0,2280.0,2290.0,1916.0203857421875,39079300.0
2020-05-13,2280.0,2430.0,2250.0,2400.0,2008.0565185546875,22512700.0
2020-05-14,2400.0,2450.0,2350.0,2350.0,1966.2222900390625,8810500.0
2020-05-15,2380.0,2470.0,2350.0,2460.0,2058.25830078125,16102900.0
2020-05-18,2460.0,2570.0,2450.0,2510.0,2100.092529296875,19642400.0
2020-05-19,2560.0,2580.0,2420.0,2480.0,2074.991943359375,22573900.0
2020-05-20,2470.0,2500.0,2380.0,2400.0,2008.0565185546875,15726700.0
2020-05-26,2420.0,2510.0,2400.0,2430.0,2033.157470703125,20617900.0
2020-05-27,2460.0,2660.0,2430.0,2630.0,2200.49560546875,21257300.0
2020-05-28,2630.0,2660.0,2490.0,2490.0,2083.359130859375,24822200.0
2020-05-29,2500.0,2590.0,2450.0,2590.0,2167.027587890625,39056100.0
2020-06-02,2590.0,2650.0,2530.0,2570.0,2167.027587890625,15722700.0
2020-06-03,2590.0,2600.0,2540.0,2580.0,2175.4599609375,11365900.0
2020-06-04,2590.0,2670.0,2580.0,2650.0,2234.48388671875,27762400.0
2020-06-05,2650.0,2750.0,2610.0,2730.0,2301.93994140625,20842500.0
2020-06-08,2760.0,2810.0,2690.0,2700.0,2276.644287109375,15718800.0
2020-06-09,2730.0,2750.0,2640.0,2650.0,2234.48388671875,10685100.0
2020-06-10,2660.0,2760.0,2550.0,2640.0,2226.052001953125,19467600.0
2020-06-11,2640.0,2650.0,2530.0,2550.0,2150.163818359375,11626200.0
2020-06-12,2470.0,2580.0,2430.0,2560.0,2158.595947265625,11645400.0
2020-06-15,2550.0,2620.0,2490.0,2530.0,2133.2998046875,16195500.0
2020-06-16,2560.0,2620.0,2550.0,2610.0,2200.755859375,16326800.0
2020-06-17,2650.0,2700.0,2610.0,2690.0,2268.212158203125,14320500.0
2020-06-18,2700.0,2750.0,2630.0,2750.0,2318.804443359375,9497600.0
2020-06-19,2730.0,2800.0,2710.0,2790.0,2352.532470703125,16779000.0
2020-06-22,2790.0,2810.0,2660.0,2720.0,2293.50830078125,9454900.0
2020-06-23,2760.0,2770.0,2640.0,2690.0,2268.212158203125,7044600.0
2020-06-24,2690.0,2750.0,2670.0,2690.0,2268.212158203125,7548000.0
2020-06-25,2690.0,2690.0,2630.0,2640.0,2226.052001953125,8159900.0
2020-06-26,2690.0,2780.0,2660.0,2750.0,2318.804443359375,10432300.0
2020-06-29,2750.0,2820.0,2690.0,2770.0,2335.668212890625,9168700.0
2020-06-30,2800.0,2820.0,2730.0,2770.0,2335.668212890625,9112600.0
2020-07-01,2800.0,2800.0,2700.0,2730.0,2301.93994140625,4448900.0
2020-07-02,2730.0,2750.0,2710.0,2720.0,2293.50830078125,5566100.0
2020-07-03,2730.0,2790.0,2720.0,2770.0,2335.668212890625,4611100.0
2020-07-06,2790.0,3070.0,2770.0,2950.0,2487.44482421875,24444700.0
2020-07-07,2980.0,2980.0,2870.0,2900.0,2445.2841796875,15060700.0
2020-07-08,2910.0,2980.0,2890.0,2960.0,2495.87646484375,8637100.0
2020-07-09,2970.0,3010.0,2900.0,2920.0,2462.1484375,9827200.0
2020-07-10,2900.0,2930.0,2860.0,2860.0,2411.556396484375,4576800.0
2020-07-13,2870.0,2960.0,2870.0,2940.0,2479.012451171875,5843900.0
2020-07-14,2930.0,2970.0,2900.0,2970.0,2504.308349609375,4121300.0
2020-07-15,2970.0,2990.0,2910.0,2930.0,2470.580322265625,5143600.0
2020-07-16,2930.0,2960.0,2870.0,2870.0,2419.988525390625,6349200.0
2020-07-17,2850.0,2900.0,2780.0,2850.0,2403.124267578125,5311100.0
2020-07-20,2850.0,2890.0,2830.0,2870.0,2419.988525390625,3809200.0
2020-07-21,2870.0,2900.0,2840.0,2840.0,2394.692138671875,9268000.0
2020-07-22,2900.0,2920.0,2790.0,2800.0,2360.96435546875,11019600.0
2020-07-23,2810.0,2870.0,2800.0,2820.0,2377.828125,10565300.0
2020-07-24,2830.0,2860.0,2740.0,2760.0,2327.236083984375,11446400.0
2020-07-27,2800.0,2820.0,2770.0,2800.0,2360.96435546875,5974800.0
2020-07-28,2820.0,2840.0,2710.0,2730.0,2301.93994140625,14211600.0
2020-07-29,2700.0,2710.0,2540.0,2540.0,2141.73193359375,57573700.0
2020-07-30,2540.0,2560.0,2410.0,2500.0,2108.003662109375,60590100.0
2020-08-03,2500.0,2510.0,2330.0,2380.0,2006.8194580078125,38058800.0
2020-08-04,2380.0,2450.0,2340.0,2440.0,2057.411865234375,36354000.0
2020-08-05,2440.0,2480.0,2380.0,2480.0,2091.139892578125,32538000.0
2020-08-06,2510.0,2550.0,2480.0,2530.0,2133.2998046875,20712500.0
2020-08-07,2530.0,2560.0,2410.0,2440.0,2057.411865234375,26103200.0
2020-08-10,2450.0,2470.0,2400.0,2450.0,2065.84375,6831200.0
2020-08-11,2460.0,2470.0,2380.0,2410.0,2032.1158447265625,17850500.0
2020-08-12,2430.0,2450.0,2410.0,2430.0,2048.979736328125,9634000.0
2020-08-13,2460.0,2610.0,2440.0,2610.0,2200.755859375,58717500.0
2020-08-14,2610.0,2640.0,2530.0,2550.0,2150.163818359375,47890100.0
2020-08-18,2550.0,2570.0,2510.0,2520.0,2124.867919921875,19770700.0
2020-08-19,2520.0,2580.0,2510.0,2520.0,2124.867919921875,17607900.0
2020-08-24,2530.0,2560.0,2480.0,2490.0,2099.571533203125,13155200.0
2020-08-25,2540.0,2540.0,2480.0,2480.0,2091.139892578125,9946700.0
2020-08-26,2500.0,2540.0,2480.0,2540.0,2141.73193359375,14089700.0
2020-08-27,2560.0,2580.0,2510.0,2540.0,2141.73193359375,21293200.0
2020-08-28,2570.0,2590.0,2540.0,2550.0,2150.163818359375,17994200.0
2020-08-31,2550.0,2580.0,2410.0,2440.0,2057.411865234375,30595700.0
2020-09-01,2490.0,2490.0,2390.0,2420.0,2040.547607421875,20611800.0
2020-09-02,2420.0,2450.0,2410.0,2410.0,2032.1158447265625,15335700.0
2020-09-03,2430.0,2450.0,2330.0,2340.0,1973.091552734375,33632500.0
2020-09-04,2340.0,2340.0,2270.0,2300.0,1939.3634033203125,23127600.0
2020-09-07,2330.0,2340.0,2240.0,2250.0,1897.2034912109375,25311600.0
2020-09-08,2260.0,2280.0,2230.0,2240.0,1888.771240234375,16285100.0
2020-09-09,2220.0,2220.0,2150.0,2190.0,1846.611328125,22900900.0
2020-09-10,2180.0,2180.0,2040.0,2040.0,1720.131103515625,27586900.0
2020-09-11,1970.0,2220.0,1920.0,2190.0,1846.611328125,38634100.0
2020-09-14,2230.0,2290.0,2200.0,2270.0,1914.067626953125,22762500.0
2020-09-15,2270.0,2280.0,2180.0,2200.0,1855.0433349609375,17481300.0
2020-09-16,2200.0,2210.0,2120.0,2130.0,1796.019287109375,12124900.0
2020-09-17,2130.0,2160.0,2080.0,2090.0,1762.2911376953125,11929300.0
2020-09-18,2090.0,2180.0,2090.0,2150.0,1812.88330078125,14899900.0
2020-09-21,2150.0,2160.0,2040.0,2060.0,1736.9951171875,9385900.0
2020-09-22,2040.0,2070.0,2000.0,2030.0,1711.69921875,8424800.0
2020-09-23,2040.0,2080.0,1955.0,1985.0,1673.7550048828125,22773800.0
2020-09-24,1950.0,1990.0,1920.0,1930.0,1627.37890625,14736500.0
2020-09-25,1950.0,1990.0,1930.0,1965.0,1656.89111328125,18214300.0
2020-09-28,1985.0,2030.0,1940.0,2010.0,1694.8349609375,20240900.0
2020-09-29,2030.0,2040.0,1980.0,1990.0,1677.9710693359375,11958900.0
2020-09-30,2010.0,2040.0,1975.0,2030.0,1711.69921875,13929900.0
2020-10-01,2050.0,2220.0,2040.0,2200.0,1855.0433349609375,31801300.0
2020-10-02,2200.0,2200.0,2070.0,2100.0,1770.7232666015625,22525200.0
2020-10-05,2140.0,2140.0,2080.0,2090.0,1762.2911376953125,7714500.0
2020-10-06,2130.0,2150.0,2110.0,2120.0,1787.5872802734375,8640800.0
2020-10-07,2100.0,2180.0,2090.0,2180.0,1838.179443359375,16304900.0
2020-10-08,2200.0,2230.0,2160.0,2200.0,1855.0433349609375,23602800.0
2020-10-09,2220.0,2240.0,2190.0,2200.0,1855.0433349609375,17913200.0
2020-10-12,2230.0,2240.0,2190.0,2210.0,1863.475341796875,14458100.0
2020-10-13,2190.0,2200.0,2130.0,2190.0,1846.611328125,10805900.0
2020-10-14,2190.0,2230.0,2180.0,2210.0,1863.475341796875,21953100.0
2020-10-15,2210.0,2210.0,2130.0,2130.0,1796.019287109375,18152600.0
2020-10-16,2130.0,2160.0,2110.0,2130.0,1796.019287109375,8366500.0
2020-10-19,2160.0,2180.0,2100.0,2130.0,1796.019287109375,10254500.0
2020-10-20,2130.0,2150.0,2080.0,2090.0,1762.2911376953125,12525000.0
2020-10-21,2110.0,2130.0,2040.0,2050.0,1728.5631103515625,11580300.0
2020-10-22,2050.0,2110.0,2040.0,2110.0,1779.1551513671875,15297300.0
2020-10-23,2130.0,2140.0,2060.0,2070.0,1745.427001953125,13956000.0
2020-10-26,2070.0,2100.0,2030.0,2040.0,1720.131103515625,13638200.0
2020-10-27,2000.0,2060.0,2000.0,2030.0,1711.69921875,16338100.0
2020-11-02,2020.0,2040.0,2000.0,2010.0,1694.8349609375,21849400.0
2020-11-03,2040.0,2050.0,2010.0,2010.0,1694.8349609375,24213900.0
2020-11-04,2010.0,2040.0,1980.0,1985.0,1673.7550048828125,27511600.0
2020-11-05,2020.0,2160.0,2000.0,2110.0,1779.1551513671875,95943600.0
2020-11-06,2150.0,2200.0,2120.0,2180.0,1838.179443359375,71675400.0
2020-11-09,2200.0,2230.0,2130.0,2130.0,1796.019287109375,72118100.0
2020-11-10,2170.0,2210.0,2150.0,2190.0,1846.611328125,62591600.0
2020-11-11,2140.0,2360.0,2120.0,2340.0,1973.091552734375,138426900.0
2020-11-12,2350.0,2370.0,2270.0,2290.0,1930.9312744140625,35445500.0
2020-11-13,2280.0,2320.0,2250.0,2290.0,1930.9312744140625,22623400.0
2020-11-16,2320.0,2350.0,2300.0,2320.0,1956.2276611328125,22309600.0
2020-11-17,2350.0,2370.0,2290.0,2300.0,1939.3634033203125,47270300.0
2020-11-18,2300.0,2330.0,2290.0,2300.0,1939.3634033203125,20395100.0
2020-11-19,2300.0,2320.0,2280.0,2300.0,1939.3634033203125,18962300.0
2020-11-20,2310.0,2350.0,2290.0,2300.0,1939.3634033203125,32517100.0
2020-11-23,2330.0,2450.0,2320.0,2430.0,2048.979736328125,86246300.0
2020-11-24,2600.0,2600.0,2460.0,2500.0,2108.003662109375,78027200.0
2020-11-25,2530.0,2540.0,2440.0,2490.0,2099.571533203125,56208700.0
2020-11-26,2470.0,2570.0,2470.0,2540.0,2141.73193359375,41247500.0
2020-11-27,2560.0,2560.0,2510.0,2530.0,2133.2998046875,44053700.0
2020-11-30,2510.0,2520.0,2380.0,2410.0,2032.1158447265625,358988600.0
2020-12-01,2470.0,2550.0,2420.0,2450.0,2065.84375,87903400.0
2020-12-02,2460.0,2500.0,2410.0,2460.0,2074.275634765625,110992200.0
2020-12-03,2470.0,2470.0,2410.0,2420.0,2040.547607421875,66043400.0
2020-12-04,2420.0,2480.0,2380.0,2450.0,2065.84375,83546400.0
2020-12-07,2450.0,2540.0,2450.0,2520.0,2124.867919921875,65723500.0
2020-12-08,2540.0,2560.0,2470.0,2480.0,2091.139892578125,47643100.0
2020-12-10,2480.0,2500.0,2400.0,2420.0,2040.547607421875,42946600.0
2020-12-11,2430.0,2500.0,2430.0,2460.0,2074.275634765625,34539400.0
2020-12-14,2480.0,2670.0,2450.0,2620.0,2209.18798828125,245113700.0
2020-12-15,2650.0,2730.0,2570.0,2700.0,2276.644287109375,173537800.0
2020-12-16,2740.0,2960.0,2710.0,2900.0,2445.2841796875,252281100.0
2020-12-17,2900.0,2940.0,2730.0,2790.0,2352.532470703125,101866300.0
2020-12-18,2790.0,2830.0,2710.0,2790.0,2352.532470703125,88493100.0
2020-12-21,2790.0,2950.0,2780.0,2900.0,2445.2841796875,128295300.0
2020-12-22,2950.0,2980.0,2740.0,2760.0,2327.236083984375,97458400.0
2020-12-23,2780.0,2820.0,2600.0,2710.0,2285.076171875,61822500.0
2020-12-28,2740.0,2820.0,2670.0,2810.0,2369.39599609375,58886400.0
2020-12-29,2870.0,2920.0,2810.0,2850.0,2403.124267578125,81822400.0
2020-12-30,2850.0,2860.0,2730.0,2730.0,2301.93994140625,48118500.0
2021-01-04,2790.0,2840.0,2660.0,2840.0,2394.692138671875,35547100.0
2021-01-05,2830.0,2850.0,2770.0,2810.0,2369.39599609375,24647900.0
2021-01-06,2830.0,2850.0,2700.0,2740.0,2310.3720703125,37062700.0
2021-01-07,2760.0,2810.0,2720.0,2730.0,2301.93994140625,44467300.0
2021-01-08,2760.0,2880.0,2740.0,2810.0,2369.39599609375,64480200.0
2021-01-11,2840.0,2870.0,2780.0,2790.0,2352.532470703125,41151700.0
2021-01-12,2800.0,2820.0,2750.0,2760.0,2327.236083984375,38200300.0
2021-01-13,2790.0,2810.0,2700.0,2750.0,2318.804443359375,33432500.0
2021-01-14,2760.0,2780.0,2700.0,2700.0,2276.644287109375,30861900.0
2021-01-15,2710.0,2740.0,2600.0,2600.0,2192.32421875,57119200.0
2021-01-18,2600.0,2600.0,2480.0,2480.0,2091.139892578125,74290200.0
2021-01-19,2500.0,2660.0,2420.0,2630.0,2217.6201171875,89602800.0
2021-01-20,2650.0,2660.0,2530.0,2570.0,2167.027587890625,36460700.0
2021-01-21,2600.0,2620.0,2520.0,2550.0,2150.163818359375,25922500.0
2021-01-22,2550.0,2560.0,2420.0,2430.0,2048.979736328125,43953400.0
2021-01-25,2400.0,2490.0,2340.0,2400.0,2023.6837158203125,42651600.0
2021-01-26,2400.0,2440.0,2270.0,2290.0,1930.9312744140625,49666000.0
2021-01-27,2300.0,2370.0,2260.0,2350.0,1981.523681640625,44536800.0
2021-01-28,2300.0,2360.0,2220.0,2270.0,1914.067626953125,37148300.0
2021-01-29,2310.0,2360.0,2200.0,2220.0,1871.9073486328125,40832800.0
2021-02-01,2220.0,2320.0,2170.0,2310.0,1947.7955322265625,32512600.0
2021-02-02,2330.0,2360.0,2240.0,2270.0,1914.067626953125,21978200.0
2021-02-03,2310.0,2380.0,2260.0,2340.0,1973.091552734375,26217900.0
2021-02-04,2340.0,2450.0,2330.0,2410.0,2032.1158447265625,57229100.0
2021-02-05,2420.0,2440.0,2360.0,2370.0,1998.3876953125,29994800.0
2021-02-08,2400.0,2420.0,2330.0,2340.0,1973.091552734375,27172800.0
2021-02-09,2380.0,2400.0,2310.0,2330.0,1964.6595458984375,30931900.0
2021-02-10,2320.0,2400.0,2300.0,2340.0,1973.091552734375,24148800.0
2021-02-11,2350.0,2380.0,2320.0,2340.0,1973.091552734375,6941700.0
2021-02-15,2370.0,2370.0,2290.0,2300.0,1939.3634033203125,24967300.0
2021-02-16,2300.0,2330.0,2180.0,2210.0,1863.475341796875,113296400.0
2021-02-17,2230.0,2240.0,2150.0,2160.0,1821.3154296875,54910900.0
2021-02-18,2170.0,2220.0,2160.0,2180.0,1838.179443359375,32259100.0
2021-02-19,2180.0,2190.0,2120.0,2140.0,1804.451171875,39768500.0
2021-02-22,2150.0,2170.0,2120.0,2130.0,1796.019287109375,30665800.0
2021-02-23,2140.0,2240.0,2130.0,2220.0,1871.9073486328125,63740500.0
2021-02-24,2240.0,2250.0,2150.0,2160.0,1821.3154296875,50930400.0
2021-02-25,2190.0,2230.0,2170.0,2220.0,1871.9073486328125,38663200.0
2021-02-26,2170.0,2210.0,2160.0,2200.0,1855.0433349609375,35677300.0
2021-03-01,2200.0,2240.0,2190.0,2220.0,1871.9073486328125,20313400.0
2021-03-02,2230.0,2270.0,2230.0,2250.0,1897.2034912109375,34594800.0
2021-03-03,2260.0,2270.0,2230.0,2240.0,1888.771240234375,14698600.0
2021-03-04,2220.0,2230.0,2180.0,2220.0,1871.9073486328125,19508600.0
2021-03-05,2200.0,2220.0,2180.0,2190.0,1846.611328125,20833400.0
2021-03-08,2210.0,2220.0,2160.0,2180.0,1838.179443359375,20290100.0
2021-03-09,2200.0,2200.0,2130.0,2130.0,1796.019287109375,20511500.0
2021-03-10,2150.0,2170.0,2120.0,2120.0,1787.5872802734375,13536300.0
2021-03-12,2140.0,2170.0,2130.0,2150.0,1812.88330078125,15503900.0
2021-03-15,2160.0,2170.0,2130.0,2150.0,1812.88330078125,11779100.0
2021-03-16,2150.0,2320.0,2140.0,2220.0,1871.9073486328125,91487900.0
2021-03-17,2220.0,2250.0,2180.0,2210.0,1863.475341796875,16411000.0
2021-03-18,2210.0,2250.0,2200.0,2210.0,1863.475341796875,24453800.0
2021-03-19,2200.0,2230.0,2190.0,2210.0,1863.475341796875,18277000.0
2021-03-22,2220.0,2230.0,2150.0,2160.0,1821.3154296875,23015000.0
2021-03-23,2160.0,2180.0,2150.0,2150.0,1812.88330078125,8768900.0
2021-03-24,2140.0,2170.0,2050.0,2080.0,1753.859130859375,37687100.0
2021-03-25,2080.0,2100.0,2010.0,2090.0,1762.2911376953125,25301000.0
2021-03-26,2110.0,2120.0,2070.0,2100.0,1770.7232666015625,13398300.0
2021-03-29,2110.0,2120.0,2080.0,2090.0,1762.2911376953125,12245400.0
2021-03-30,2100.0,2110.0,2040.0,2050.0,1728.5631103515625,18449300.0
2021-03-31,2070.0,2090.0,2040.0,2090.0,1762.2911376953125,14612300.0
2021-04-01,2090.0,2110.0,2060.0,2090.0,1762.2911376953125,9835300.0
2021-04-05,2110.0,2120.0,2070.0,2070.0,1745.427001953125,7686500.0
2021-04-06,2080.0,2170.0,2070.0,2160.0,1821.3154296875,20579200.0
2021-04-07,2170.0,2200.0,2130.0,2200.0,1855.0433349609375,20134200.0
2021-04-08,2200.0,2240.0,2160.0,2160.0,1821.3154296875,18247200.0
2021-04-09,2190.0,2200.0,2140.0,2160.0,1821.3154296875,18518700.0
2021-04-12,2160.0,2170.0,2050.0,2070.0,1745.427001953125,16509400.0
2021-04-13,2070.0,2090.0,2030.0,2040.0,1720.131103515625,18775300.0
2021-04-14,2060.0,2080.0,2040.0,2070.0,1745.427001953125,12979800.0
2021-04-15,2070.0,2070.0,2030.0,2050.0,1728.5631103515625,22275200.0
2021-04-16,2080.0,2080.0,2010.0,2010.0,1694.8349609375,47488800.0
2021-04-19,2040.0,2080.0,2020.0,2030.0,1711.69921875,27001500.0
2021-04-20,2030.0,2050.0,2010.0,2030.0,1711.69921875,19262600.0
2021-04-21,2020.0,2040.0,2010.0,2020.0,1703.26708984375,11897000.0
2021-04-22,2020.0,2060.0,2020.0,2060.0,1736.9951171875,14378700.0
2021-04-23,2040.0,2060.0,2020.0,2040.0,1720.131103515625,11515600.0
2021-04-26,2060.0,2070.0,2020.0,2030.0,1711.69921875,11699600.0
2021-04-27,2060.0,2060.0,2020.0,2020.0,1703.26708984375,11219900.0
2021-04-28,2020.0,2060.0,2020.0,2050.0,1728.5631103515625,17312000.0
2021-04-29,2050.0,2120.0,2050.0,2090.0,1762.2911376953125,26099500.0
2021-04-30,2100.0,2110.0,2070.0,2090.0,1762.2911376953125,33397400.0
2021-05-03,2080.0,2090.0,2060.0,2060.0,1736.9951171875,8858000.0
2021-05-04,2050.0,2050.0,2020.0,2030.0,1738.4510498046875,10799500.0
2021-05-05,2030.0,2070.0,2020.0,2060.0,1764.1424560546875,10294200.0
2021-05-06,2060.0,2070.0,2030.0,2030.0,1738.4510498046875,5918700.0
2021-05-07,2030.0,2040.0,2020.0,2030.0,1738.4510498046875,9839900.0
2021-05-10,2030.0,2050.0,2030.0,2030.0,1738.4510498046875,5405300.0
2021-05-11,2030.0,2030.0,2010.0,2020.0,1729.88720703125,10231300.0
2021-05-17,2020.0,2050.0,1980.0,1980.0,1695.632080078125,20517300.0
2021-05-18,1985.0,2060.0,1985.0,2060.0,1764.1424560546875,18465100.0
2021-05-19,2050.0,2090.0,2010.0,2060.0,1764.1424560546875,28031700.0
2021-05-20,2060.0,2230.0,2050.0,2220.0,1901.1630859375,134303900.0
2021-05-21,2220.0,2270.0,2160.0,2240.0,1918.2906494140625,70443200.0
2021-05-24,2240.0,2250.0,2180.0,2230.0,1909.72705078125,29168300.0
2021-05-25,2230.0,2320.0,2210.0,2290.0,1961.109619140625,68743200.0
2021-05-27,2300.0,2410.0,2280.0,2390.0,2046.747802734375,68682000.0
2021-05-28,2390.0,2410.0,2310.0,2360.0,2021.05615234375,32188200.0
2021-05-31,2380.0,2550.0,2380.0,2460.0,2106.694580078125,101613500.0
2021-06-02,2480.0,2590.0,2450.0,2580.0,2209.4599609375,63670500.0
2021-06-03,2580.0,2630.0,2490.0,2560.0,2192.33251953125,56949100.0
2021-06-04,2560.0,2590.0,2480.0,2550.0,2183.768310546875,28430900.0
2021-06-07,2550.0,2620.0,2530.0,2590.0,2218.0234375,39327600.0
2021-06-08,2540.0,2560.0,2410.0,2430.0,2081.0029296875,82070400.0
2021-06-09,2400.0,2500.0,2370.0,2470.0,2115.25830078125,34257300.0
2021-06-10,2490.0,2600.0,2430.0,2570.0,2200.89599609375,61336900.0
2021-06-11,2600.0,2610.0,2550.0,2570.0,2200.89599609375,30540200.0
2021-06-14,2550.0,2550.0,2460.0,2480.0,2123.822021484375,22979600.0
2021-06-15,2460.0,2540.0,2450.0,2500.0,2140.94921875,26247200.0
2021-06-16,2540.0,2680.0,2500.0,2660.0,2277.970458984375,98526200.0
2021-06-17,2650.0,2680.0,2540.0,2590.0,2218.0234375,58230800.0
2021-06-18,2590.0,2630.0,2470.0,2580.0,2209.4599609375,37770000.0
2021-06-21,2540.0,2740.0,2480.0,2700.0,2312.2255859375,80185500.0
2021-06-22,2720.0,2800.0,2710.0,2780.0,2380.73583984375,68415700.0
2021-06-23,2780.0,2790.0,2710.0,2750.0,2355.044677734375,37422900.0
2021-06-24,2780.0,2780.0,2710.0,2730.0,2337.916748046875,16817100.0
2021-06-25,2750.0,2750.0,2710.0,2730.0,2337.916748046875,14812100.0
2021-06-28,2740.0,2780.0,2620.0,2630.0,2252.27880859375,24892100.0
2021-06-29,2630.0,2700.0,2610.0,2630.0,2252.27880859375,25759600.0
2021-06-30,2630.0,2730.0,2610.0,2670.0,2286.5341796875,21387400.0
2021-07-01,2670.0,2700.0,2600.0,2640.0,2260.8427734375,35634200.0
2021-07-02,2650.0,2670.0,2630.0,2630.0,2252.27880859375,10735800.0
2021-07-05,2630.0,2660.0,2520.0,2550.0,2183.768310546875,43171800.0
2021-07-06,2600.0,2660.0,2560.0,2590.0,2218.0234375,36414100.0
2021-07-07,2590.0,2630.0,2590.0,2600.0,2226.587646484375,11669900.0
2021-07-08,2610.0,2640.0,2520.0,2560.0,2192.33251953125,28020700.0
2021-07-09,2550.0,2610.0,2540.0,2600.0,2226.587646484375,16354900.0
2021-07-12,2630.0,2720.0,2590.0,2610.0,2235.151123046875,34004200.0
2021-07-13,2650.0,2670.0,2430.0,2440.0,2089.56689453125,49178300.0
2021-07-14,2420.0,2500.0,2360.0,2490.0,2132.3857421875,41389000.0
2021-07-15,2500.0,2530.0,2460.0,2480.0,2123.822021484375,17350000.0
2021-07-16,2470.0,2520.0,2460.0,2490.0,2132.3857421875,11208600.0
2021-07-19,2480.0,2480.0,2430.0,2470.0,2115.25830078125,16181200.0
2021-07-21,2470.0,2510.0,2450.0,2470.0,2115.25830078125,21375100.0
2021-07-22,2500.0,2540.0,2490.0,2510.0,2149.51318359375,20560000.0
2021-07-23,2510.0,2530.0,2440.0,2450.0,2098.130615234375,23954700.0
2021-07-26,2450.0,2470.0,2410.0,2410.0,2063.875244140625,23519000.0
2021-07-27,2410.0,2470.0,2410.0,2430.0,2081.0029296875,10169500.0
2021-07-28,2440.0,2460.0,2380.0,2400.0,2055.311279296875,20385100.0
2021-07-29,2420.0,2550.0,2420.0,2540.0,2175.204833984375,36647700.0
2021-07-30,2570.0,2700.0,2570.0,2690.0,2303.661376953125,67138900.0
2021-08-02,2700.0,2730.0,2620.0,2650.0,2269.40673828125,32009200.0
2021-08-03,2680.0,2690.0,2640.0,2660.0,2277.970458984375,18290200.0
2021-08-04,2670.0,2690.0,2620.0,2670.0,2286.5341796875,14578300.0
2021-08-05,2680.0,2680.0,2550.0,2610.0,2235.151123046875,30263300.0
2021-08-06,2610.0,2650.0,2580.0,2590.0,2218.0234375,13753100.0
2021-08-09,2600.0,2650.0,2520.0,2560.0,2192.33251953125,22512400.0
2021-08-10,2500.0,2600.0,2500.0,2540.0,2175.204833984375,21559000.0
2021-08-12,2570.0,2640.0,2560.0,2610.0,2235.151123046875,19451900.0
2021-08-13,2640.0,2660.0,2550.0,2570.0,2200.89599609375,12413900.0
2021-08-16,2570.0,2630.0,2500.0,2590.0,2218.0234375,27167400.0
2021-08-18,2560.0,2680.0,2520.0,2680.0,2295.097900390625,40629100.0
2021-08-19,2650.0,2650.0,2550.0,2600.0,2226.587646484375,28576300.0
2021-08-20,2600.0,2720.0,2570.0,2700.0,2312.2255859375,34938900.0
2021-08-23,2720.0,2770.0,2720.0,2730.0,2337.916748046875,23561300.0
2021-08-24,2750.0,2750.0,2610.0,2640.0,2260.8427734375,19932700.0
2021-08-25,2640.0,2690.0,2630.0,2680.0,2295.097900390625,10913100.0
2021-08-26,2680.0,2700.0,2620.0,2660.0,2277.970458984375,12159400.0
2021-08-27,2640.0,2680.0,2570.0,2650.0,2269.40673828125,13789800.0
2021-08-30,2650.0,2690.0,2650.0,2670.0,2286.5341796875,7667200.0
2021-08-31,2660.0,2700.0,2650.0,2670.0,2286.5341796875,10498000.0
2021-09-01,2680.0,2690.0,2640.0,2670.0,2286.5341796875,6824400.0
2021-09-02,2680.0,2740.0,2670.0,2680.0,2295.097900390625,12373000.0
2021-09-03,2690.0,2700.0,2650.0,2660.0,2277.970458984375,7800200.0
2021-09-06,2660.0,2680.0,2630.0,2640.0,2260.8427734375,8181800.0
2021-09-07,2640.0,2660.0,2600.0,2640.0,2260.8427734375,6058200.0
2021-09-08,2630.0,2650.0,2580.0,2610.0,2235.151123046875,13956400.0
2021-09-09,2610.0,2680.0,2550.0,2650.0,2269.40673828125,22673400.0
2021-09-10,2650.0,2730.0,2620.0,2690.0,2303.661376953125,15163300.0
2021-09-13,2680.0,2720.0,2660.0,2710.0,2320.7890625,17860500.0
2021-09-14,2700.0,3040.0,2700.0,2950.0,2526.3203125,116986300.0
2021-09-15,2940.0,3040.0,2920.0,3000.0,2569.13916015625,43293600.0
2021-09-16,3000.0,3000.0,2960.0,2970.0,2543.447998046875,18520800.0
2021-09-17,2990.0,3030.0,2960.0,3000.0,2569.13916015625,33427400.0
2021-09-20,3000.0,3000.0,2880.0,2980.0,2552.011962890625,11036600.0
2021-09-21,2930.0,3080.0,2920.0,3020.0,2586.26708984375,34245200.0
2021-09-22,3040.0,3080.0,2980.0,2990.0,2560.57568359375,35953900.0
2021-09-23,3020.0,3030.0,2970.0,2980.0,2552.011962890625,9249000.0
2021-09-24,3000.0,3000.0,2920.0,2950.0,2526.3203125,9800500.0
2021-09-27,2950.0,3000.0,2820.0,2890.0,2474.937744140625,40972800.0
2021-09-28,2880.0,2970.0,2850.0,2940.0,2517.756591796875,22298400.0
2021-09-29,2940.0,2950.0,2880.0,2940.0,2517.756591796875,10395600.0
2021-09-30,2900.0,3050.0,2850.0,3040.0,2603.39453125,41813700.0
2021-10-01,3030.0,3140.0,2980.0,3000.0,2569.13916015625,34983200.0
2021-10-04,3000.0,3040.0,2960.0,3010.0,2577.703369140625,17253000.0
2021-10-05,2980.0,2990.0,2850.0,2920.0,2500.62890625,31680200.0
2021-10-06,2950.0,2950.0,2870.0,2880.0,2466.373779296875,14592800.0
2021-10-07,2910.0,2920.0,2820.0,2870.0,2457.81005859375,17549500.0
2021-10-08,2870.0,3020.0,2870.0,3000.0,2569.13916015625,65443700.0
2021-10-11,3010.0,3250.0,2990.0,3200.0,2740.415283203125,75346600.0
2021-10-12,3200.0,3270.0,3130.0,3230.0,2766.106689453125,56112700.0
2021-10-13,3200.0,3210.0,3070.0,3150.0,2697.59619140625,36103300.0
2021-10-14,3150.0,3200.0,3120.0,3170.0,2714.72412109375,24245000.0
2021-10-15,3170.0,3180.0,3120.0,3150.0,2697.59619140625,22726200.0
2021-10-18,3140.0,3140.0,3060.0,3090.0,2646.213623046875,22277300.0
2021-10-19,3090.0,3130.0,3020.0,3080.0,2637.64990234375,19802500.0
2021-10-21,3080.0,3140.0,3040.0,3080.0,2637.64990234375,33226100.0
2021-10-22,3100.0,3140.0,3060.0,3110.0,2663.34130859375,47481700.0
2021-10-25,3110.0,3130.0,3020.0,3080.0,2637.64990234375,29079900.0
2021-10-26,3080.0,3100.0,3040.0,3080.0,2637.64990234375,24317500.0
2021-10-27,3070.0,3080.0,3020.0,3070.0,2629.086181640625,19021100.0
2021-10-28,3070.0,3070.0,2960.0,3020.0,2586.26708984375,20802100.0
2021-10-29,3020.0,3090.0,3020.0,3080.0,2637.64990234375,21820500.0
2021-11-01,3080.0,3100.0,2990.0,3000.0,2569.13916015625,28091000.0
2021-11-02,3000.0,3010.0,2920.0,2950.0,2526.3203125,15638300.0
2021-11-03,2950.0,3010.0,2930.0,3010.0,2577.703369140625,19998700.0
2021-11-04,3030.0,3030.0,2950.0,2970.0,2543.447998046875,11877000.0
2021-11-05,2950.0,3000.0,2930.0,2990.0,2560.57568359375,12762000.0
2021-11-08,3000.0,3000.0,2960.0,2990.0,2560.57568359375,8211000.0
2021-11-09,3000.0,3080.0,2990.0,3040.0,2603.39453125,24071600.0
2021-11-10,3050.0,3050.0,3000.0,3030.0,2594.8310546875,16039700.0
2021-11-11,3020.0,3020.0,2960.0,3000.0,2569.13916015625,22255600.0
2021-11-12,3000.0,3020.0,2980.0,3000.0,2569.13916015625,10078900.0
2021-11-15,2990.0,3010.0,2940.0,2940.0,2517.756591796875,10881400.0
2021-11-16,2920.0,2960.0,2920.0,2920.0,2500.62890625,16379200.0
2021-11-17,2950.0,2950.0,2880.0,2930.0,2509.19287109375,9186000.0
2021-11-18,2930.0,2930.0,2860.0,2860.0,2449.246337890625,13955300.0
2021-11-19,2860.0,3000.0,2860.0,2980.0,2552.011962890625,26488700.0
2021-11-22,3000.0,3000.0,2940.0,2960.0,2534.88427734375,11473700.0
2021-11-23,2960.0,2970.0,2930.0,2940.0,2517.756591796875,8565200.0
2021-11-24,2920.0,3000.0,2920.0,2970.0,2543.447998046875,13356900.0
2021-11-25,2990.0,3070.0,2980.0,3010.0,2577.703369140625,37675300.0
2021-11-26,3010.0,3010.0,2910.0,2950.0,2526.3203125,18250800.0
2021-11-29,2950.0,3040.0,2950.0,3000.0,2569.13916015625,54572300.0
2021-11-30,3020.0,3160.0,3010.0,3070.0,2629.086181640625,44680000.0
2021-12-01,3070.0,3120.0,3040.0,3070.0,2629.086181640625,33311700.0
2021-12-02,3080.0,3170.0,3040.0,3150.0,2697.59619140625,41740000.0
2021-12-03,3150.0,3180.0,3100.0,3140.0,2689.032470703125,15129800.0
2021-12-06,3150.0,3180.0,3090.0,3120.0,2671.905029296875,16071200.0
2021-12-07,3120.0,3150.0,3060.0,3120.0,2671.905029296875,17040200.0
2021-12-08,3120.0,3120.0,3100.0,3120.0,2671.905029296875,9262900.0
2021-12-09,3120.0,3150.0,3060.0,3110.0,2663.34130859375,7168600.0
2021-12-10,3110.0,3130.0,3090.0,3120.0,2671.905029296875,18387300.0
2021-12-13,3120.0,3210.0,3120.0,3170.0,2714.72412109375,19935500.0
2021-12-14,3180.0,3200.0,3130.0,3190.0,2731.851318359375,11155800.0
2021-12-15,3200.0,3200.0,3130.0,3130.0,2680.46875,8638400.0
2021-12-16,3150.0,3190.0,3140.0,3170.0,2714.72412109375,8021900.0
2021-12-17,3170.0,3240.0,3160.0,3230.0,2766.106689453125,17248100.0
2021-12-20,3230.0,3230.0,3110.0,3180.0,2723.287841796875,8881600.0
2021-12-21,3180.0,3200.0,3140.0,3170.0,2714.72412109375,9417700.0
2021-12-22,3170.0,3170.0,3130.0,3140.0,2689.032470703125,2688400.0
2021-12-23,3140.0,3150.0,3080.0,3090.0,2646.213623046875,4728500.0
2021-12-24,3090.0,3110.0,3070.0,3080.0,2637.64990234375,4162400.0
2021-12-27,3090.0,3100.0,3020.0,3090.0,2646.213623046875,6706700.0
2021-12-28,3090.0,3100.0,3060.0,3070.0,2629.086181640625,4260700.0
2021-12-29,3080.0,3160.0,3070.0,3130.0,2680.46875,9613900.0
2021-12-30,3130.0,3170.0,3100.0,3170.0,2714.72412109375,12685800.0
2022-01-03,3180.0,3190.0,3130.0,3160.0,2706.160400390625,2956000.0
2022-01-04,3160.0,3180.0,3130.0,3140.0,2689.032470703125,5378900.0
2022-01-05,3120.0,3130.0,2930.0,3090.0,2646.213623046875,14991300.0
2022-01-06,3090.0,3090.0,2960.0,2970.0,2543.447998046875,17719500.0
2022-01-07,2970.0,3040.0,2960.0,3020.0,2586.26708984375,10497500.0
2022-01-10,3020.0,3090.0,3000.0,3000.0,2569.13916015625,8623900.0
2022-01-11,2980.0,3060.0,2920.0,2930.0,2509.19287109375,11313900.0
2022-01-12,2990.0,3000.0,2940.0,2950.0,2526.3203125,4834600.0
2022-01-13,2950.0,3060.0,2950.0,3020.0,2586.26708984375,5549100.0
2022-01-14,3060.0,3150.0,3020.0,3090.0,2646.213623046875,8096800.0
2022-01-17,3090.0,3130.0,3040.0,3050.0,2611.95849609375,4413700.0
2022-01-18,3050.0,3130.0,2950.0,2990.0,2560.57568359375,6792900.0
2022-01-19,2980.0,3050.0,2980.0,3050.0,2611.95849609375,2529100.0
2022-01-20,3050.0,3100.0,3040.0,3060.0,2620.522216796875,4194100.0
2022-01-21,3060.0,3080.0,3040.0,3050.0,2611.95849609375,3348400.0
2022-01-24,3050.0,3060.0,2970.0,2990.0,2560.57568359375,5831400.0
2022-01-25,2990.0,3030.0,2940.0,2940.0,2517.756591796875,12342400.0
2022-01-26,2940.0,3100.0,2940.0,3080.0,2637.64990234375,12754900.0
2022-01-27,3100.0,3180.0,3070.0,3160.0,2706.160400390625,15885900.0
2022-01-28,3200.0,3300.0,3200.0,3290.0,2817.489501953125,51019400.0
2022-01-31,3290.0,3370.0,3290.0,3320.0,2843.18115234375,20971300.0
2022-02-02,3320.0,3350.0,3240.0,3310.0,2834.6171875,16930200.0
2022-02-03,3310.0,3340.0,3210.0,3270.0,2800.362060546875,5710100.0
2022-02-04,3270.0,3300.0,3180.0,3190.0,2731.851318359375,8016600.0
2022-02-07,3190.0,3270.0,3110.0,3110.0,2663.34130859375,9868800.0
2022-02-08,3100.0,3150.0,3060.0,3070.0,2629.086181640625,13228900.0
2022-02-09,3090.0,3100.0,3050.0,3070.0,2629.086181640625,11534500.0
2022-02-10,3070.0,3140.0,3050.0,3090.0,2646.213623046875,12514900.0
2022-02-11,3090.0,3110.0,3050.0,3080.0,2637.64990234375,5340100.0
2022-02-14,3070.0,3070.0,2960.0,2980.0,2552.011962890625,14164900.0
2022-02-15,2980.0,3030.0,2970.0,2980.0,2552.011962890625,6084200.0
2022-02-16,2990.0,3010.0,2950.0,2980.0,2552.011962890625,9880500.0
2022-02-17,2960.0,2970.0,2910.0,2920.0,2500.62890625,11488200.0
2022-02-18,2920.0,2980.0,2920.0,2950.0,2526.3203125,8214100.0
2022-02-21,2950.0,2980.0,2880.0,2880.0,2466.373779296875,22300400.0
2022-02-22,2890.0,2950.0,2840.0,2860.0,2449.246337890625,25197800.0
2022-02-23,2870.0,2920.0,2860.0,2880.0,2466.373779296875,29196400.0
2022-02-24,2890.0,2920.0,2760.0,2770.0,2372.172119140625,36924000.0
2022-02-25,2780.0,2900.0,2780.0,2860.0,2449.246337890625,39163600.0
2022-03-01,2900.0,2930.0,2860.0,2880.0,2466.373779296875,22596900.0
2022-03-02,2870.0,2890.0,2770.0,2770.0,2372.172119140625,26674200.0
2022-03-04,2770.0,2820.0,2710.0,2740.0,2346.480712890625,14606900.0
2022-03-07,2740.0,2740.0,2600.0,2640.0,2260.8427734375,41669900.0
2022-03-08,2640.0,2730.0,2530.0,2590.0,2218.0234375,36394400.0
2022-03-09,2590.0,2670.0,2550.0,2660.0,2277.970458984375,25089400.0
2022-03-10,2700.0,2700.0,2610.0,2680.0,2295.097900390625,18200200.0
2022-03-11,2680.0,2800.0,2660.0,2790.0,2389.2998046875,27237700.0
2022-03-14,2790.0,2800.0,2720.0,2740.0,2346.480712890625,13297000.0
2022-03-15,2730.0,2730.0,2630.0,2640.0,2260.8427734375,23263000.0
2022-03-16,2670.0,2720.0,2670.0,2700.0,2312.2255859375,18929100.0
2022-03-17,2710.0,2740.0,2630.0,2640.0,2260.8427734375,22038500.0
2022-03-18,2640.0,2700.0,2640.0,2650.0,2269.40673828125,13142300.0
2022-03-21,2660.0,2720.0,2660.0,2690.0,2303.661376953125,15822900.0
2022-03-22,2700.0,2730.0,2690.0,2720.0,2329.353271484375,9367800.0
2022-03-23,2720.0,2740.0,2670.0,2700.0,2312.2255859375,18760400.0
2022-03-24,2720.0,2770.0,2680.0,2760.0,2363.6083984375,19910800.0
2022-03-25,2770.0,2780.0,2700.0,2760.0,2363.6083984375,28565500.0
2022-03-28,2770.0,2840.0,2770.0,2790.0,2389.2998046875,28344700.0
2022-03-29,2790.0,2800.0,2750.0,2760.0,2363.6083984375,14517600.0
2022-03-30,2760.0,2780.0,2700.0,2710.0,2320.7890625,11013600.0
2022-03-31,2710.0,2710.0,2640.0,2650.0,2269.40673828125,22069300.0
2022-04-01,2640.0,2650.0,2590.0,2610.0,2235.151123046875,19629400.0
2022-04-04,2610.0,2690.0,2610.0,2680.0,2295.097900390625,16122000.0
2022-04-05,2680.0,2720.0,2680.0,2700.0,2312.2255859375,16777500.0
2022-04-06,2690.0,2760.0,2680.0,2700.0,2312.2255859375,16466700.0
2022-04-07,2710.0,2730.0,2660.0,2660.0,2277.970458984375,15861600.0
2022-04-08,2670.0,2720.0,2660.0,2690.0,2303.661376953125,15891300.0
2022-04-11,2690.0,2690.0,2550.0,2580.0,2209.4599609375,32565300.0
2022-04-12,2580.0,2610.0,2550.0,2570.0,2200.89599609375,14278200.0
2022-04-13,2590.0,2780.0,2580.0,2720.0,2329.353271484375,49700000.0
2022-04-14,2750.0,2760.0,2690.0,2710.0,2320.7890625,21968200.0
2022-04-18,2730.0,2950.0,2720.0,2940.0,2517.756591796875,73450800.0
2022-04-19,2940.0,2950.0,2870.0,2950.0,2526.3203125,24148700.0
2022-04-20,2970.0,3280.0,2960.0,3180.0,2723.287841796875,95096000.0
2022-04-21,3180.0,3300.0,3120.0,3240.0,2774.670654296875,50212200.0
2022-04-22,3230.0,3230.0,3130.0,3160.0,2706.160400390625,33912400.0
2022-04-25,3220.0,3290.0,3160.0,3290.0,2817.489501953125,40134600.0
2022-04-26,3300.0,3380.0,3200.0,3200.0,2740.415283203125,42770200.0
2022-04-27,3160.0,3220.0,3130.0,3180.0,2723.287841796875,23364600.0
2022-04-28,3220.0,3250.0,3170.0,3190.0,2731.851318359375,21720800.0
2022-05-09,3150.0,3150.0,2990.0,3040.0,2603.39453125,25744500.0
2022-05-10,3040.0,3120.0,2980.0,2990.0,2560.57568359375,57369100.0
2022-05-11,2980.0,3000.0,2940.0,2990.0,2605.009033203125,20468200.0
2022-05-12,2990.0,2990.0,2790.0,2790.0,2430.760986328125,21577500.0
2022-05-13,2830.0,2860.0,2740.0,2850.0,2483.035400390625,29174700.0
2022-05-17,2850.0,2870.0,2750.0,2790.0,2430.760986328125,16414900.0
2022-05-18,2820.0,2820.0,2660.0,2710.0,2361.0615234375,21749900.0
2022-05-19,2670.0,2700.0,2620.0,2660.0,2317.499755859375,17144000.0
2022-05-20,2660.0,2700.0,2640.0,2690.0,2343.63671875,15492000.0
2022-05-23,2700.0,2710.0,2580.0,2600.0,2265.225341796875,23738300.0
2022-05-24,2670.0,2670.0,2580.0,2600.0,2265.225341796875,13737100.0
2022-05-25,2600.0,2630.0,2570.0,2570.0,2239.087646484375,11908400.0
2022-05-27,2610.0,2700.0,2590.0,2670.0,2326.212158203125,27422300.0
2022-05-30,2700.0,2700.0,2630.0,2690.0,2343.63671875,13122600.0
2022-05-31,2690.0,2710.0,2640.0,2640.0,2300.07470703125,27409400.0
2022-06-02,2640.0,2710.0,2580.0,2680.0,2334.924560546875,42788300.0
2022-06-03,2690.0,2740.0,2630.0,2640.0,2300.07470703125,23988000.0
2022-06-06,2630.0,2630.0,2550.0,2570.0,2239.087646484375,38358200.0
2022-06-07,2580.0,2620.0,2560.0,2590.0,2256.5126953125,23493100.0
2022-06-08,2600.0,2680.0,2570.0,2670.0,2326.212158203125,38782400.0
2022-06-09,2670.0,2670.0,2600.0,2600.0,2265.225341796875,26752200.0
2022-06-10,2560.0,2600.0,2550.0,2560.0,2230.375732421875,27034000.0
2022-06-13,2500.0,2500.0,2390.0,2410.0,2099.689697265625,40408400.0
2022-06-14,2410.0,2470.0,2390.0,2440.0,2125.826904296875,23564400.0
2022-06-15,2440.0,2460.0,2340.0,2410.0,2099.689697265625,33293500.0
2022-06-16,2470.0,2470.0,2380.0,2380.0,2073.55224609375,20872600.0
2022-06-17,2350.0,2370.0,2250.0,2330.0,2029.990234375,47456300.0
2022-06-20,2330.0,2330.0,2230.0,2320.0,2021.2779541015625,31233700.0
2022-06-21,2330.0,2520.0,2330.0,2500.0,2178.10107421875,52556300.0
2022-06-22,2500.0,2510.0,2430.0,2480.0,2160.676513671875,25184700.0
2022-06-23,2500.0,2670.0,2500.0,2670.0,2326.212158203125,63068800.0
2022-06-24,2680.0,2720.0,2610.0,2630.0,2291.3623046875,28862400.0
2022-06-27,2630.0,2680.0,2580.0,2680.0,2334.924560546875,19883200.0
2022-06-28,2690.0,2700.0,2610.0,2630.0,2291.3623046875,7069900.0
2022-06-29,2610.0,2620.0,2530.0,2550.0,2221.6630859375,13093700.0
2022-06-30,2550.0,2650.0,2510.0,2600.0,2265.225341796875,11701200.0
2022-07-01,2600.0,2610.0,2540.0,2560.0,2230.375732421875,5317700.0
2022-07-04,2570.0,2600.0,2400.0,2400.0,2090.97705078125,17278200.0
2022-07-05,2400.0,2420.0,2350.0,2380.0,2073.55224609375,18523700.0
2022-07-06,2360.0,2360.0,2240.0,2240.0,1951.5784912109375,31908700.0
2022-07-07,2240.0,2290.0,2210.0,2260.0,1969.00341796875,21830400.0
2022-07-08,2290.0,2340.0,2270.0,2300.0,2003.85302734375,29937200.0
2022-07-11,2310.0,2310.0,2230.0,2250.0,1960.2911376953125,9276700.0
2022-07-12,2260.0,2320.0,2250.0,2300.0,2003.85302734375,16428700.0
2022-07-13,2300.0,2370.0,2260.0,2300.0,2003.85302734375,30265600.0
2022-07-14,2300.0,2360.0,2260.0,2280.0,1986.4281005859375,12930000.0
2022-07-15,2280.0,2360.0,2260.0,2320.0,2021.2779541015625,17830600.0
2022-07-18,2340.0,2360.0,2290.0,2340.0,2038.70263671875,14579700.0
2022-07-19,2390.0,2500.0,2350.0,2500.0,2178.10107421875,37510200.0
2022-07-20,2520.0,2600.0,2450.0,2530.0,2204.23828125,30210700.0
2022-07-21,2500.0,2520.0,2440.0,2460.0,2143.25146484375,11081000.0
2022-07-22,2460.0,2480.0,2440.0,2460.0,2143.25146484375,8307200.0
2022-07-25,2460.0,2470.0,2430.0,2450.0,2134.5390625,17109500.0
2022-07-26,2400.0,2420.0,2370.0,2380.0,2073.55224609375,14518000.0
2022-07-27,2380.0,2400.0,2360.0,2370.0,2064.840087890625,11660800.0
2022-07-28,2420.0,2430.0,2350.0,2380.0,2073.55224609375,32689100.0
2022-07-29,2380.0,2400.0,2330.0,2370.0,2064.840087890625,58053600.0
2022-08-01,2370.0,2440.0,2370.0,2410.0,2099.689697265625,35009600.0
2022-08-02,2430.0,2430.0,2350.0,2400.0,2090.97705078125,26158200.0
2022-08-03,2400.0,2620.0,2380.0,2580.0,2247.800537109375,88429400.0
2022-08-04,2600.0,2630.0,2540.0,2590.0,2256.5126953125,32466400.0
2022-08-05,2610.0,2630.0,2560.0,2600.0,2265.225341796875,17187800.0
2022-08-08,2600.0,2630.0,2570.0,2620.0,2282.650146484375,22856700.0
2022-08-09,2620.0,2680.0,2600.0,2610.0,2273.9375,30914100.0
2022-08-10,2580.0,2730.0,2520.0,2720.0,2369.774169921875,50292300.0
2022-08-11,2750.0,2760.0,2690.0,2750.0,2395.9111328125,36698700.0
2022-08-12,2740.0,2780.0,2730.0,2770.0,2413.336181640625,19249000.0
2022-08-15,2770.0,2770.0,2690.0,2730.0,2378.486572265625,9640700.0
2022-08-16,2730.0,2750.0,2600.0,2640.0,2300.07470703125,21999600.0
2022-08-18,2630.0,2630.0,2580.0,2600.0,2265.225341796875,9904800.0
2022-08-19,2600.0,2660.0,2570.0,2600.0,2265.225341796875,12535600.0
2022-08-22,2600.0,2610.0,2510.0,2530.0,2204.23828125,14000100.0
2022-08-23,2540.0,2680.0,2540.0,2660.0,2317.499755859375,39933600.0
2022-08-24,2700.0,2700.0,2610.0,2670.0,2326.212158203125,23467000.0
2022-08-25,2680.0,2710.0,2650.0,2680.0,2334.924560546875,15040200.0
2022-08-26,2680.0,2700.0,2660.0,2700.0,2352.349365234375,12082800.0
2022-08-29,2650.0,2670.0,2570.0,2640.0,2300.07470703125,13251100.0
2022-08-30,2690.0,2750.0,2670.0,2730.0,2378.486572265625,17098700.0
2022-08-31,2730.0,2730.0,2620.0,2630.0,2291.3623046875,19630000.0
2022-09-01,2640.0,2690.0,2640.0,2680.0,2334.924560546875,11250000.0
2022-09-02,2680.0,2680.0,2630.0,2630.0,2291.3623046875,21418900.0
2022-09-05,2630.0,2680.0,2610.0,2640.0,2300.07470703125,16940500.0
2022-09-06,2640.0,2690.0,2610.0,2620.0,2282.650146484375,22382200.0
2022-09-07,2610.0,2660.0,2600.0,2620.0,2282.650146484375,22786300.0
2022-09-08,2640.0,2720.0,2620.0,2700.0,2352.349365234375,28372200.0
2022-09-09,2700.0,2710.0,2640.0,2670.0,2326.212158203125,18614800.0
2022-09-12,2670.0,2680.0,2630.0,2640.0,2300.07470703125,16463100.0
2022-09-13,2650.0,2690.0,2630.0,2650.0,2308.787109375,16819600.0
2022-09-14,2620.0,2640.0,2590.0,2590.0,2256.5126953125,19206100.0
2022-09-15,2600.0,2660.0,2580.0,2580.0,2247.800537109375,24934100.0
2022-09-16,2580.0,2580.0,2470.0,2500.0,2178.10107421875,31295200.0
2022-09-19,2530.0,2570.0,2520.0,2550.0,2221.6630859375,22894600.0
2022-09-20,2570.0,2570.0,2540.0,2550.0,2221.6630859375,12464600.0
2022-09-21,2550.0,2550.0,2480.0,2520.0,2195.52587890625,12837600.0
2022-09-22,2510.0,2550.0,2500.0,2550.0,2221.6630859375,10729100.0
2022-09-23,2550.0,2550.0,2480.0,2500.0,2178.10107421875,12470300.0
2022-09-26,2490.0,2530.0,2400.0,2460.0,2143.25146484375,28413300.0
2022-09-27,2470.0,2560.0,2470.0,2530.0,2204.23828125,16469200.0
2022-09-28,2540.0,2550.0,2490.0,2500.0,2178.10107421875,8953900.0
2022-09-29,2520.0,2540.0,2450.0,2450.0,2134.5390625,12664700.0
2022-09-30,2450.0,2490.0,2410.0,2460.0,2143.25146484375,12160200.0
2022-10-03,2440.0,2490.0,2430.0,2450.0,2134.5390625,2761100.0
2022-10-04,2480.0,2520.0,2460.0,2500.0,2178.10107421875,6192400.0
2022-10-05,2550.0,2560.0,2510.0,2540.0,2212.95068359375,9602600.0
2022-10-06,2540.0,2560.0,2530.0,2550.0,2221.6630859375,5034500.0
2022-10-07,2550.0,2550.0,2490.0,2520.0,2195.52587890625,5445600.0
2022-10-10,2500.0,2530.0,2470.0,2500.0,2178.10107421875,5459800.0
2022-10-11,2530.0,2530.0,2460.0,2510.0,2186.8134765625,4056500.0
2022-10-12,2500.0,2500.0,2420.0,2450.0,2134.5390625,11140800.0
2022-10-13,2450.0,2480.0,2440.0,2470.0,2151.964111328125,5175800.0
2022-10-14,2500.0,2500.0,2360.0,2380.0,2073.55224609375,12226000.0
2022-10-17,2350.0,2400.0,2310.0,2400.0,2090.97705078125,4916100.0
2022-10-18,2420.0,2490.0,2390.0,2480.0,2160.676513671875,9206800.0
2022-10-19,2500.0,2530.0,2450.0,2490.0,2169.388916015625,7218800.0
2022-10-20,2490.0,2580.0,2490.0,2560.0,2230.375732421875,12214500.0
2022-10-21,2510.0,2540.0,2470.0,2470.0,2151.964111328125,11031300.0
2022-10-24,2460.0,2480.0,2390.0,2400.0,2090.97705078125,18789600.0
2022-10-25,2420.0,2440.0,2400.0,2400.0,2090.97705078125,11384000.0
2022-10-26,2400.0,2440.0,2390.0,2420.0,2108.40185546875,7115200.0
2022-10-27,2420.0,2440.0,2400.0,2420.0,2108.40185546875,8364700.0
2022-10-28,2430.0,2470.0,2430.0,2450.0,2134.5390625,7293600.0
2022-10-31,2480.0,2530.0,2450.0,2520.0,2195.52587890625,17517800.0
2022-11-01,2520.0,2530.0,2450.0,2470.0,2151.964111328125,10588200.0
2022-11-02,2490.0,2490.0,2410.0,2430.0,2117.1142578125,15276800.0
2022-11-03,2400.0,2430.0,2390.0,2430.0,2117.1142578125,16686100.0
2022-11-04,2440.0,2450.0,2390.0,2430.0,2117.1142578125,19945700.0
2022-11-07,2450.0,2480.0,2430.0,2460.0,2143.25146484375,8277100.0
2022-11-08,2480.0,2480.0,2420.0,2440.0,2125.826904296875,4257500.0
2022-11-09,2440.0,2460.0,2430.0,2440.0,2125.826904296875,6960600.0
2022-11-10,2410.0,2440.0,2390.0,2400.0,2090.97705078125,13292200.0
2022-11-11,2420.0,2430.0,2350.0,2400.0,2090.97705078125,23069900.0
2022-11-14,2400.0,2420.0,2380.0,2400.0,2090.97705078125,4714800.0
2022-11-15,2400.0,2400.0,2370.0,2390.0,2082.2646484375,4742700.0
2022-11-16,2390.0,2390.0,2250.0,2260.0,1969.00341796875,23812300.0
2022-11-17,2260.0,2320.0,2250.0,2300.0,2003.85302734375,22945900.0
2022-11-18,2310.0,2320.0,2280.0,2290.0,1995.1405029296875,6242100.0
2022-11-21,2300.0,2300.0,2260.0,2270.0,1977.7158203125,4327800.0
2022-11-22,2270.0,2320.0,2260.0,2280.0,1986.4281005859375,7665200.0
2022-11-23,2290.0,2300.0,2270.0,2280.0,1986.4281005859375,2941600.0
2022-11-24,2280.0,2290.0,2260.0,2270.0,1977.7158203125,9087600.0
2022-11-25,2260.0,2280.0,2210.0,2210.0,1925.44140625,21914900.0
2022-11-28,2220.0,2250.0,2200.0,2210.0,1925.44140625,10058200.0
2022-11-29,2200.0,2220.0,2160.0,2200.0,1916.72900390625,12380200.0
2022-11-30,2200.0,2240.0,2170.0,2170.0,1890.5916748046875,12061000.0
2022-12-01,2170.0,2260.0,2170.0,2250.0,1960.2911376953125,19018000.0
2022-12-02,2260.0,2300.0,2220.0,2300.0,2003.85302734375,22752600.0
2022-12-05,2300.0,2340.0,2270.0,2300.0,2003.85302734375,27456300.0
2022-12-06,2300.0,2310.0,2260.0,2290.0,1995.1405029296875,20697100.0
2022-12-07,2270.0,2290.0,2220.0,2220.0,1934.15380859375,16954800.0
2022-12-08,2220.0,2220.0,2130.0,2170.0,1890.5916748046875,26063000.0
2022-12-09,2170.0,2180.0,2070.0,2070.0,1803.4676513671875,32015900.0
2022-12-12,2070.0,2120.0,2040.0,2070.0,1803.4676513671875,27706600.0
2022-12-13,2070.0,2100.0,2010.0,2020.0,1759.90576171875,31302700.0
2022-12-14,2040.0,2090.0,2030.0,2080.0,1812.1800537109375,19776200.0
2022-12-15,2080.0,2080.0,2040.0,2050.0,1786.0428466796875,10583600.0
2022-12-16,2030.0,2060.0,2010.0,2010.0,1751.1932373046875,19216200.0
2022-12-19,2020.0,2070.0,2020.0,2050.0,1786.0428466796875,14663400.0
2022-12-20,2050.0,2120.0,2050.0,2100.0,1829.6048583984375,16152400.0
2022-12-21,2100.0,2100.0,2060.0,2070.0,1803.4676513671875,11443400.0
2022-12-22,2090.0,2120.0,2070.0,2100.0,1829.6048583984375,42673100.0
2022-12-23,2090.0,2100.0,2070.0,2080.0,1812.1800537109375,18530800.0
2022-12-26,2080.0,2090.0,2050.0,2080.0,1812.1800537109375,7811300.0
2022-12-27,2080.0,2200.0,2070.0,2130.0,1855.7421875,32160300.0
2022-12-28,2130.0,2170.0,2110.0,2150.0,1873.1671142578125,14405100.0
2022-12-29,2150.0,2190.0,2110.0,2140.0,1864.4544677734375,14047000.0
2022-12-30,2150.0,2180.0,2140.0,2140.0,1864.4544677734375,11469100.0
2023-01-02,2130.0,2170.0,2120.0,2170.0,1890.5916748046875,6972100.0
2023-01-03,2170.0,2380.0,2170.0,2350.0,2047.4151611328125,46974300.0
2023-01-04,2340.0,2360.0,2310.0,2340.0,2038.70263671875,14346400.0
2023-01-05,2340.0,2350.0,2200.0,2290.0,1995.1405029296875,23833000.0
2023-01-06,2270.0,2280.0,2220.0,2260.0,1969.00341796875,14351800.0
2023-01-09,2260.0,2320.0,2260.0,2290.0,1995.1405029296875,10488600.0
2023-01-10,2290.0,2330.0,2280.0,2300.0,2003.85302734375,8435100.0
2023-01-11,2290.0,2340.0,2280.0,2320.0,2021.2779541015625,10083900.0
2023-01-12,2320.0,2330.0,2260.0,2290.0,1995.1405029296875,10153300.0
2023-01-13,2300.0,2300.0,2250.0,2270.0,1977.7158203125,5970600.0
2023-01-16,2270.0,2350.0,2270.0,2290.0,1995.1405029296875,16139700.0
2023-01-17,2310.0,2340.0,2290.0,2300.0,2003.85302734375,12973000.0
2023-01-18,2310.0,2400.0,2310.0,2350.0,2047.4151611328125,18923000.0
2023-01-19,2370.0,2440.0,2350.0,2410.0,2099.689697265625,31522500.0
2023-01-20,2410.0,2420.0,2350.0,2360.0,2056.12744140625,13269100.0
2023-01-24,2360.0,2380.0,2320.0,2360.0,2056.12744140625,8925500.0
2023-01-25,2360.0,2370.0,2320.0,2330.0,2029.990234375,10480300.0
2023-01-26,2320.0,2350.0,2270.0,2300.0,2003.85302734375,18032000.0
2023-01-27,2310.0,2340.0,2290.0,2290.0,1995.1405029296875,10512200.0
2023-01-30,2290.0,2290.0,2230.0,2240.0,1951.5784912109375,13090300.0
2023-01-31,2240.0,2330.0,2240.0,2300.0,2003.85302734375,16644400.0
2023-02-01,2300.0,2330.0,2270.0,2280.0,1986.4281005859375,8365700.0
2023-02-02,2280.0,2300.0,2220.0,2230.0,1942.8662109375,20424400.0
2023-02-03,2240.0,2270.0,2230.0,2240.0,1951.5784912109375,8345500.0
2023-02-06,2230.0,2330.0,2220.0,2300.0,2003.85302734375,25165800.0
2023-02-07,2300.0,2340.0,2280.0,2310.0,2012.5654296875,12082000.0
2023-02-08,2320.0,2320.0,2260.0,2280.0,1986.4281005859375,10777900.0
2023-02-09,2280.0,2300.0,2240.0,2240.0,1951.5784912109375,13029600.0
2023-02-10,2240.0,2270.0,2210.0,2250.0,1960.2911376953125,13840200.0
2023-02-13,2250.0,2320.0,2240.0,2300.0,2003.85302734375,14418200.0
2023-02-14,2300.0,2310.0,2260.0,2270.0,1977.7158203125,7385500.0
2023-02-15,2270.0,2290.0,2240.0,2260.0,1969.00341796875,6466900.0
2023-02-16,2270.0,2300.0,2270.0,2280.0,1986.4281005859375,10073700.0
2023-02-17,2280.0,2300.0,2250.0,2250.0,1960.2911376953125,13281300.0
2023-02-20,2270.0,2390.0,2270.0,2340.0,2038.70263671875,62751200.0
2023-02-21,2340.0,2380.0,2330.0,2350.0,2047.4151611328125,19666000.0
2023-02-22,2350.0,2350.0,2280.0,2280.0,1986.4281005859375,13594500.0
2023-02-23,2290.0,2300.0,2250.0,2270.0,1977.7158203125,15443600.0
2023-02-24,2290.0,2290.0,2250.0,2280.0,1986.4281005859375,7644100.0
2023-02-27,2270.0,2270.0,2170.0,2170.0,1890.5916748046875,36713500.0
2023-02-28,2170.0,2170.0,2080.0,2090.0,1820.892578125,53205600.0
2023-03-01,2100.0,2110.0,2050.0,2060.0,1794.75537109375,29548100.0
2023-03-02,2070.0,2100.0,2060.0,2080.0,1812.1800537109375,17353200.0
2023-03-03,2100.0,2130.0,2070.0,2090.0,1820.892578125,17107100.0
2023-03-06,2100.0,2100.0,2050.0,2060.0,1794.75537109375,14658900.0
2023-03-07,2070.0,2080.0,2050.0,2080.0,1812.1800537109375,21597200.0
2023-03-08,2080.0,2080.0,2040.0,2060.0,1794.75537109375,11512700.0
2023-03-09,2060.0,2090.0,2060.0,2070.0,1803.4676513671875,7914500.0
2023-03-10,2060.0,2080.0,2030.0,2070.0,1803.4676513671875,9468400.0
2023-03-13,2070.0,2100.0,2030.0,2070.0,1803.4676513671875,20014400.0
2023-03-14,2070.0,2080.0,2010.0,2020.0,1759.90576171875,17463500.0
2023-03-15,2000.0,2050.0,1900.0,1900.0,1655.3568115234375,49887700.0
2023-03-16,1900.0,1935.0,1860.0,1870.0,1629.2197265625,23769800.0
2023-03-17,1885.0,2050.0,1885.0,1950.0,1698.9188232421875,52254700.0
2023-03-20,1950.0,1970.0,1900.0,1900.0,1655.3568115234375,14084200.0
2023-03-21,1910.0,2050.0,1910.0,2050.0,1786.0428466796875,19655100.0
2023-03-24,2050.0,2060.0,1990.0,2000.0,1742.4810791015625,13530400.0
2023-03-27,2010.0,2030.0,1990.0,1990.0,1733.7685546875,8846300.0
2023-03-28,2010.0,2070.0,1995.0,2050.0,1786.0428466796875,15172800.0
2023-03-29,2050.0,2060.0,2010.0,2040.0,1777.3304443359375,11055300.0
2023-03-30,2050.0,2080.0,2000.0,2020.0,1759.90576171875,16152600.0
2023-03-31,2020.0,2030.0,1975.0,1980.0,1725.05615234375,14574000.0
2023-04-03,1990.0,2020.0,1990.0,2010.0,1751.1932373046875,7457900.0
2023-04-04,2010.0,2010.0,1980.0,1985.0,1729.4122314453125,13960400.0
2023-04-05,1985.0,2000.0,1960.0,1985.0,1729.4122314453125,8278600.0
2023-04-06,1985.0,2010.0,1960.0,1960.0,1707.63134765625,10536600.0
2023-04-10,1955.0,1960.0,1860.0,1875.0,1633.5758056640625,37120100.0
2023-04-11,1880.0,1885.0,1780.0,1820.0,1585.6575927734375,67119800.0
2023-04-12,1820.0,1850.0,1810.0,1835.0,1598.726318359375,44743900.0
2023-04-13,1840.0,1840.0,1790.0,1800.0,1568.2327880859375,37007100.0
2023-04-14,1810.0,1830.0,1795.0,1805.0,1572.5889892578125,20828000.0
2023-04-17,1805.0,1820.0,1780.0,1785.0,1555.1641845703125,24663400.0
2023-04-18,1790.0,1815.0,1785.0,1795.0,1563.8765869140625,19317400.0
2023-04-26,1800.0,1805.0,1750.0,1765.0,1537.7393798828125,35643700.0
2023-04-27,1780.0,1795.0,1755.0,1760.0,1533.3831787109375,35508500.0
2023-04-28,1765.0,1770.0,1735.0,1750.0,1524.670654296875,31675900.0
2023-05-02,1750.0,1765.0,1710.0,1730.0,1507.2459716796875,18970400.0
2023-05-03,1730.0,1840.0,1695.0,1820.0,1585.6575927734375,65730000.0
2023-05-04,1825.0,1850.0,1800.0,1830.0,1594.3699951171875,59075600.0
2023-05-05,1830.0,1840.0,1775.0,1815.0,1581.301513671875,26565600.0
2023-05-08,1815.0,1845.0,1790.0,1810.0,1576.9453125,15453500.0
2023-05-09,1820.0,1930.0,1820.0,1905.0,1659.713134765625,74317200.0
2023-05-10,1925.0,1925.0,1850.0,1900.0,1655.3568115234375,39121900.0
2023-05-11,1950.0,1990.0,1935.0,1955.0,1703.2750244140625,49376300.0
2023-05-12,1955.0,1975.0,1935.0,1965.0,1711.987548828125,21202800.0
2023-05-15,1965.0,1965.0,1915.0,1940.0,1690.20654296875,33842700.0
2023-05-16,1920.0,1930.0,1895.0,1915.0,1705.34521484375,8171000.0
2023-05-17,1915.0,1970.0,1905.0,1960.0,1745.418701171875,20789100.0
2023-05-19,1950.0,2030.0,1940.0,2010.0,1789.9447021484375,37180000.0
2023-05-22,2010.0,2030.0,1970.0,2010.0,1789.9447021484375,22524200.0
2023-05-23,2010.0,2010.0,1935.0,1940.0,1727.6082763671875,16178000.0
2023-05-24,1950.0,1985.0,1930.0,1945.0,1732.0609130859375,16879800.0
2023-05-25,1955.0,1980.0,1950.0,1965.0,1749.871337890625,11609300.0
2023-05-26,1975.0,1995.0,1940.0,1940.0,1727.6082763671875,14067100.0
2023-05-29,1940.0,1975.0,1940.0,1945.0,1732.0609130859375,7673400.0
2023-05-30,1950.0,2020.0,1950.0,1970.0,1754.323974609375,21507800.0
2023-05-31,1980.0,2010.0,1945.0,1985.0,1767.681640625,24005100.0
2023-06-05,1990.0,1995.0,1960.0,1985.0,1767.681640625,14185600.0
2023-06-06,1985.0,2010.0,1955.0,1970.0,1754.323974609375,18194000.0
2023-06-07,1975.0,2070.0,1950.0,2050.0,1825.5654296875,41848200.0
2023-06-08,2050.0,2130.0,2050.0,2120.0,1887.90185546875,47900300.0
2023-06-09,2110.0,2110.0,2050.0,2050.0,1825.5654296875,14773900.0
2023-06-12,2060.0,2090.0,2030.0,2040.0,1816.6602783203125,11549900.0
2023-06-13,2000.0,2110.0,2000.0,2050.0,1825.5654296875,28018200.0
2023-06-14,2080.0,2080.0,2000.0,2010.0,1789.9447021484375,25797500.0
2023-06-15,2030.0,2040.0,2000.0,2020.0,1798.849853515625,13298100.0
2023-06-16,2030.0,2070.0,2020.0,2020.0,1798.849853515625,16935800.0
2023-06-19,2030.0,2060.0,1960.0,1970.0,1754.323974609375,18131300.0
2023-06-20,1970.0,1995.0,1950.0,1965.0,1749.871337890625,11849900.0
2023-06-21,1960.0,1970.0,1940.0,1955.0,1740.966064453125,13067500.0
2023-06-22,1955.0,1970.0,1920.0,1930.0,1718.703125,14034400.0
2023-06-23,1930.0,1940.0,1915.0,1930.0,1718.703125,10522100.0
2023-06-26,1930.0,1990.0,1925.0,1980.0,1763.2291259765625,19824700.0
2023-06-27,1985.0,2000.0,1955.0,1955.0,1740.966064453125,11248300.0
2023-07-03,1955.0,1970.0,1940.0,1960.0,1745.418701171875,7452600.0
2023-07-04,1960.0,1980.0,1945.0,1975.0,1758.7763671875,11185800.0
2023-07-05,1975.0,2020.0,1955.0,2000.0,1781.03955078125,23977100.0
2023-07-06,2000.0,2080.0,2000.0,2040.0,1816.6602783203125,32329200.0
2023-07-07,2050.0,2060.0,2010.0,2060.0,1834.470703125,23596300.0
2023-07-10,2060.0,2080.0,2030.0,2030.0,1807.755126953125,8067900.0
2023-07-11,2040.0,2060.0,2010.0,2040.0,1816.6602783203125,11391000.0
2023-07-12,2060.0,2080.0,2040.0,2050.0,1825.5654296875,6093400.0
2023-07-13,2050.0,2070.0,2000.0,2010.0,1789.9447021484375,11336800.0
2023-07-14,2010.0,2040.0,2000.0,2030.0,1807.755126953125,8069800.0
2023-07-17,2040.0,2060.0,2030.0,2030.0,1807.755126953125,10644700.0
2023-07-18,2030.0,2040.0,2000.0,2000.0,1781.03955078125,10963200.0
2023-07-20,2000.0,2090.0,1985.0,2070.0,1843.375732421875,17754200.0
2023-07-21,2070.0,2090.0,2050.0,2060.0,1834.470703125,8991100.0
2023-07-24,2060.0,2070.0,2030.0,2050.0,1825.5654296875,8609900.0
2023-07-25,2050.0,2050.0,2010.0,2040.0,1816.6602783203125,11453600.0
2023-07-26,2050.0,2100.0,2020.0,2070.0,1843.375732421875,19164800.0
2023-07-27,2080.0,2120.0,2050.0,2070.0,1843.375732421875,28069900.0
2023-07-28,2110.0,2280.0,2100.0,2250.0,2003.66943359375,117144400.0
2023-07-31,2270.0,2320.0,2240.0,2270.0,2021.47998046875,55651900.0
2023-08-01,2270.0,2320.0,2180.0,2280.0,2030.3848876953125,49265400.0
2023-08-02,2300.0,2300.0,2250.0,2290.0,2039.2901611328125,25295200.0
2023-08-03,2270.0,2300.0,2250.0,2270.0,2021.47998046875,13027300.0
2023-08-04,2270.0,2290.0,2220.0,2270.0,2021.47998046875,16506500.0
2023-08-07,2270.0,2270.0,2230.0,2270.0,2021.47998046875,10282500.0
2023-08-08,2270.0,2340.0,2260.0,2330.0,2074.9111328125,23182300.0
2023-08-09,2340.0,2380.0,2330.0,2330.0,2074.9111328125,34842900.0
2023-08-10,2330.0,2350.0,2310.0,2330.0,2074.9111328125,15824400.0
2023-08-11,2340.0,2360.0,2250.0,2280.0,2030.3848876953125,16952100.0
2023-08-14,2280.0,2280.0,2220.0,2240.0,1994.7640380859375,21743600.0
2023-08-15,2240.0,2290.0,2220.0,2280.0,2030.3848876953125,19205500.0
2023-08-16,2290.0,2360.0,2290.0,2350.0,2092.721435546875,31353500.0
2023-08-18,2350.0,2420.0,2330.0,2420.0,2155.057861328125,69293500.0
2023-08-21,2430.0,2430.0,2330.0,2400.0,2137.247314453125,39489000.0
2023-08-22,2400.0,2420.0,2360.0,2390.0,2128.34228515625,16854700.0
2023-08-23,2390.0,2420.0,2380.0,2400.0,2137.247314453125,21327800.0
2023-08-24,2400.0,2410.0,2360.0,2380.0,2119.436767578125,6029500.0
2023-08-25,2390.0,2390.0,2320.0,2380.0,2119.436767578125,10925500.0
2023-08-28,2390.0,2480.0,2390.0,2460.0,2190.6787109375,44942700.0
2023-08-29,2480.0,2500.0,2450.0,2490.0,2217.394287109375,36006500.0
2023-08-30,2500.0,2560.0,2490.0,2560.0,2279.730712890625,42600800.0
2023-08-31,2560.0,2560.0,2450.0,2500.0,2226.29931640625,20503200.0
2023-09-01,2500.0,2500.0,2410.0,2440.0,2172.8681640625,17859400.0
2023-09-04,2440.0,2470.0,2410.0,2450.0,2181.7734375,10722900.0
2023-09-05,2470.0,2550.0,2450.0,2490.0,2217.394287109375,23143900.0
2023-09-06,2510.0,2520.0,2450.0,2480.0,2208.489013671875,11197000.0
2023-09-07,2480.0,2480.0,2260.0,2280.0,2030.3848876953125,56869100.0
2023-09-08,2280.0,2360.0,2230.0,2340.0,2083.816162109375,48709800.0
2023-09-11,2340.0,2420.0,2340.0,2390.0,2128.34228515625,28746600.0
2023-09-12,2390.0,2400.0,2340.0,2350.0,2092.721435546875,13401000.0
2023-09-13,2350.0,2400.0,2330.0,2380.0,2119.436767578125,14602100.0
2023-09-14,2380.0,2400.0,2320.0,2390.0,2128.34228515625,25568300.0
2023-09-15,2400.0,2400.0,2350.0,2350.0,2092.721435546875,15771400.0
2023-09-18,2360.0,2380.0,2330.0,2330.0,2074.9111328125,10314400.0
2023-09-19,2330.0,2340.0,2300.0,2300.0,2048.1953125,11495400.0
2023-09-20,2300.0,2370.0,2290.0,2340.0,2083.816162109375,23689300.0
2023-09-21,2350.0,2380.0,2340.0,2350.0,2092.721435546875,13913600.0
2023-09-22,2350.0,2470.0,2350.0,2430.0,2163.962890625,20290800.0
2023-09-25,2460.0,2500.0,2380.0,2380.0,2119.436767578125,13019600.0
2023-09-26,2390.0,2430.0,2330.0,2340.0,2083.816162109375,6963900.0
2023-09-27,2340.0,2380.0,2310.0,2360.0,2101.62646484375,6493700.0
2023-09-29,2370.0,2400.0,2350.0,2380.0,2119.436767578125,5154400.0
2023-10-02,2380.0,2460.0,2370.0,2410.0,2146.15283203125,20058500.0
2023-10-03,2410.0,2450.0,2400.0,2440.0,2172.8681640625,9120600.0
2023-10-04,2440.0,2450.0,2350.0,2370.0,2110.531982421875,6605200.0
2023-10-05,2390.0,2470.0,2360.0,2370.0,2110.531982421875,14876300.0
2023-10-06,2370.0,2410.0,2360.0,2360.0,2101.62646484375,2608100.0
2023-10-09,2360.0,2400.0,2360.0,2360.0,2101.62646484375,2834200.0
2023-10-10,2380.0,2390.0,2360.0,2370.0,2110.531982421875,4889600.0
2023-10-11,2370.0,2440.0,2370.0,2380.0,2119.436767578125,13453400.0
2023-10-12,2390.0,2420.0,2370.0,2380.0,2119.436767578125,5419400.0
2023-10-13,2400.0,2420.0,2370.0,2380.0,2119.436767578125,13912700.0
2023-10-16,2380.0,2400.0,2350.0,2380.0,2119.436767578125,6976100.0
2023-10-17,2380.0,2400.0,2370.0,2380.0,2119.436767578125,9155300.0
2023-10-18,2400.0,2400.0,2250.0,2300.0,2048.1953125,24625900.0
2023-10-19,2300.0,2300.0,2230.0,2240.0,1994.7640380859375,8571400.0
2023-10-20,2240.0,2240.0,2180.0,2200.0,1959.1434326171875,17707000.0
2023-10-23,2200.0,2200.0,2080.0,2180.0,1941.3331298828125,27495200.0
2023-10-24,2180.0,2200.0,2130.0,2190.0,1950.2381591796875,8637100.0
2023-10-25,2200.0,2210.0,2110.0,2130.0,1896.80712890625,15718800.0
2023-10-26,2130.0,2130.0,2030.0,2090.0,1861.1861572265625,21167700.0
2023-10-27,2090.0,2140.0,2060.0,2120.0,1887.90185546875,6418000.0
2023-10-30,2110.0,2130.0,2040.0,2050.0,1825.5654296875,7205600.0
2023-10-31,2050.0,2270.0,2000.0,2270.0,2021.47998046875,23836800.0
2023-11-01,2200.0,2200.0,2060.0,2060.0,1834.470703125,13000300.0
2023-11-02,2100.0,2100.0,2030.0,2030.0,1807.755126953125,12297600.0
2023-11-03,2040.0,2070.0,2020.0,2050.0,1825.5654296875,17993200.0
2023-11-06,2070.0,2160.0,2070.0,2110.0,1878.9967041015625,31670100.0
2023-11-07,2110.0,2130.0,2070.0,2110.0,1878.9967041015625,12598100.0
2023-11-08,2120.0,2180.0,2080.0,2160.0,1923.5225830078125,6942500.0
2023-11-09,2180.0,2230.0,2160.0,2170.0,1932.427734375,13540600.0
2023-11-10,2170.0,2260.0,2140.0,2220.0,1976.953857421875,14327900.0
2023-11-13,2220.0,2290.0,2160.0,2200.0,1959.1434326171875,13008500.0
2023-11-14,2200.0,2200.0,2160.0,2160.0,1923.5225830078125,5152700.0
2023-11-15,2180.0,2240.0,2140.0,2150.0,1914.6175537109375,12540100.0
2023-11-16,2150.0,2150.0,2090.0,2100.0,1870.0914306640625,19703100.0
2023-11-17,2100.0,2140.0,2080.0,2080.0,1852.281005859375,10755900.0
2023-11-20,2080.0,2120.0,2080.0,2090.0,1861.1861572265625,2841100.0
2023-11-21,2090.0,2100.0,2050.0,2070.0,1843.375732421875,7170000.0
2023-11-22,2070.0,2140.0,2060.0,2070.0,1843.375732421875,15668700.0
2023-11-23,2080.0,2130.0,2050.0,2090.0,1861.1861572265625,25714200.0
2023-11-24,2090.0,2110.0,2060.0,2080.0,1852.281005859375,12956200.0
2023-11-27,2090.0,2110.0,2070.0,2100.0,1870.0914306640625,9003200.0
2023-11-28,2100.0,2170.0,2090.0,2150.0,1914.6175537109375,16657100.0
2023-11-29,2160.0,2170.0,2120.0,2160.0,1923.5225830078125,9142700.0
2023-11-30,2170.0,2170.0,2120.0,2120.0,1887.90185546875,13509400.0
2023-12-01,2120.0,2130.0,2080.0,2080.0,1852.281005859375,15771700.0
2023-12-04,2080.0,2100.0,2030.0,2070.0,1843.375732421875,26251100.0
2023-12-05,2070.0,2080.0,2040.0,2050.0,1825.5654296875,16769300.0
2023-12-06,2060.0,2170.0,2060.0,2140.0,1905.712158203125,37650700.0
2023-12-07,2150.0,2150.0,2030.0,2070.0,1843.375732421875,31625900.0
2023-12-08,2070.0,2080.0,2030.0,2040.0,1816.6602783203125,19201100.0
2023-12-11,2040.0,2050.0,1935.0,1945.0,1732.0609130859375,24475600.0
2023-12-12,1945.0,1960.0,1920.0,1930.0,1718.703125,20299700.0
2023-12-13,1930.0,1950.0,1900.0,1925.0,1714.25048828125,14930200.0
2023-12-14,1925.0,1980.0,1925.0,1945.0,1732.0609130859375,13505600.0
2023-12-15,1950.0,1970.0,1925.0,1930.0,1718.703125,19400100.0
2023-12-18,1930.0,1940.0,1885.0,1895.0,1687.534912109375,19988200.0
2023-12-19,1895.0,1965.0,1895.0,1945.0,1732.0609130859375,11357800.0
2023-12-20,1950.0,1995.0,1930.0,1975.0,1758.7763671875,32212600.0
2023-12-21,1980.0,1990.0,1965.0,1980.0,1763.2291259765625,30809900.0
2023-12-22,1985.0,2040.0,1975.0,2010.0,1789.9447021484375,39439900.0
2023-12-27,2010.0,2030.0,1965.0,1970.0,1754.323974609375,16322000.0
2023-12-28,1970.0,1975.0,1960.0,1970.0,1754.323974609375,22839400.0
2023-12-29,1970.0,2000.0,1965.0,2000.0,1781.03955078125,13669900.0
2024-01-02,2000.0,2040.0,1985.0,2000.0,1781.03955078125,17268500.0
2024-01-03,2000.0,2070.0,2000.0,2050.0,1825.5654296875,33557500.0
2024-01-04,2050.0,2130.0,2040.0,2090.0,1861.1861572265625,43128400.0
2024-01-05,2090.0,2120.0,2070.0,2100.0,1870.0914306640625,27968900.0
2024-01-08,2130.0,2160.0,2100.0,2110.0,1878.9967041015625,19284900.0
2024-01-09,2110.0,2130.0,2100.0,2110.0,1878.9967041015625,10259600.0
2024-01-10,2110.0,2180.0,2100.0,2150.0,1914.6175537109375,42369900.0
2024-01-11,2170.0,2310.0,2160.0,2280.0,2030.3848876953125,77067500.0
2024-01-12,2280.0,2280.0,2180.0,2200.0,1959.1434326171875,37004700.0
2024-01-15,2200.0,2320.0,2180.0,2280.0,2030.3848876953125,28710100.0
2024-01-16,2250.0,2300.0,2250.0,2270.0,2021.47998046875,13345100.0
2024-01-17,2270.0,2270.0,2220.0,2250.0,2003.66943359375,27231600.0
2024-01-18,2230.0,2350.0,2230.0,2320.0,2066.005859375,31273400.0
2024-01-19,2320.0,2420.0,2290.0,2370.0,2110.531982421875,57782800.0
2024-01-22,2390.0,2450.0,2350.0,2400.0,2137.247314453125,35148500.0
2024-01-23,2400.0,2440.0,2380.0,2430.0,2163.962890625,19456100.0
2024-01-24,2430.0,2430.0,2350.0,2350.0,2092.721435546875,15076600.0
2024-01-25,2350.0,2420.0,2300.0,2360.0,2101.62646484375,18441600.0
2024-01-26,2360.0,2360.0,2290.0,2330.0,2074.9111328125,7485500.0
2024-01-29,2330.0,2370.0,2300.0,2310.0,2057.1005859375,11378200.0
2024-01-30,2310.0,2320.0,2210.0,2250.0,2003.66943359375,37224300.0
2024-01-31,2260.0,2330.0,2260.0,2320.0,2066.005859375,10921200.0
2024-02-01,2300.0,2350.0,2290.0,2300.0,2048.1953125,10339400.0
2024-02-02,2300.0,2330.0,2240.0,2310.0,2057.1005859375,10264900.0
2024-02-05,2310.0,2330.0,2270.0,2270.0,2021.47998046875,8450200.0
2024-02-06,2290.0,2370.0,2270.0,2370.0,2110.531982421875,19271700.0
2024-02-07,2370.0,2370.0,2280.0,2300.0,2048.1953125,19165300.0
2024-02-12,2310.0,2340.0,2280.0,2330.0,2074.9111328125,14789900.0
2024-02-13,2360.0,2360.0,2270.0,2310.0,2057.1005859375,17949400.0
2024-02-15,2320.0,2350.0,2300.0,2310.0,2057.1005859375,14818800.0
2024-02-16,2330.0,2340.0,2250.0,2270.0,2021.47998046875,21980100.0
2024-02-19,2260.0,2260.0,2190.0,2200.0,1959.1434326171875,19932100.0
2024-02-20,2200.0,2240.0,2190.0,2210.0,1968.048583984375,10218500.0
2024-02-21,2210.0,2260.0,2200.0,2230.0,1985.8590087890625,13076000.0
2024-02-22,2230.0,2330.0,2230.0,2310.0,2057.1005859375,19314000.0
2024-02-23,2340.0,2350.0,2250.0,2340.0,2083.816162109375,18017000.0
2024-02-26,2340.0,2380.0,2280.0,2290.0,2039.2901611328125,11997000.0
2024-02-27,2300.0,2340.0,2270.0,2330.0,2074.9111328125,6817000.0
2024-02-28,2340.0,2360.0,2300.0,2330.0,2074.9111328125,11323100.0
2024-02-29,2330.0,2410.0,2320.0,2380.0,2119.436767578125,33510600.0
2024-03-01,2400.0,2640.0,2400.0,2560.0,2279.730712890625,151823300.0
2024-03-04,2570.0,2620.0,2470.0,2490.0,2217.394287109375,34192700.0
2024-03-05,2490.0,2550.0,2450.0,2540.0,2261.920166015625,27310600.0
2024-03-06,2470.0,2480.0,2350.0,2400.0,2137.247314453125,56279900.0
2024-03-07,2380.0,2440.0,2380.0,2410.0,2146.15283203125,18712000.0
2024-03-08,2420.0,2530.0,2420.0,2460.0,2190.6787109375,37508200.0
2024-03-13,2480.0,2520.0,2430.0,2470.0,2199.583740234375,16938500.0
2024-03-14,2490.0,2490.0,2410.0,2440.0,2172.8681640625,15293000.0
2024-03-15,2440.0,2460.0,2390.0,2400.0,2137.247314453125,22191300.0
2024-03-18,2420.0,2420.0,2380.0,2410.0,2146.15283203125,11745500.0
2024-03-19,2410.0,2470.0,2400.0,2470.0,2199.583740234375,13058300.0
2024-03-20,2470.0,2480.0,2420.0,2440.0,2172.8681640625,10560500.0
2024-03-21,2460.0,2470.0,2390.0,2400.0,2137.247314453125,22103100.0
2024-03-22,2420.0,2450.0,2380.0,2390.0,2128.34228515625,16212000.0
2024-03-25,2440.0,2440.0,2390.0,2410.0,2146.15283203125,26681100.0
2024-03-26,2450.0,2450.0,2390.0,2390.0,2128.34228515625,17637200.0
2024-03-27,2420.0,2420.0,2200.0,2280.0,2030.3848876953125,90965400.0
2024-03-28,2280.0,2290.0,2240.0,2260.0,2012.574462890625,16894400.0
2024-04-01,2260.0,2300.0,2220.0,2270.0,2021.47998046875,44328600.0
2024-04-02,2290.0,2320.0,2250.0,2300.0,2048.1953125,26378000.0
2024-04-03,2310.0,2320.0,2270.0,2270.0,2021.47998046875,13027600.0
2024-04-04,2300.0,2370.0,2290.0,2340.0,2083.816162109375,14852100.0
2024-04-05,2360.0,2370.0,2300.0,2300.0,2048.1953125,12443700.0
2024-04-16,2300.0,2300.0,2220.0,2270.0,2021.47998046875,16666400.0
2024-04-17,2270.0,2290.0,2110.0,2120.0,1887.90185546875,22034500.0
2024-04-18,2120.0,2250.0,2120.0,2190.0,1950.2381591796875,21685400.0
2024-04-19,2170.0,2220.0,2080.0,2190.0,1950.2381591796875,41032300.0
2024-04-22,2230.0,2330.0,2220.0,2300.0,2048.1953125,33345400.0
2024-04-23,2320.0,2420.0,2290.0,2390.0,2128.34228515625,26506900.0
2024-04-24,2390.0,2440.0,2340.0,2380.0,2119.436767578125,24318700.0
2024-04-25,2410.0,2470.0,2360.0,2380.0,2119.436767578125,26956000.0
2024-04-26,2380.0,2400.0,2340.0,2380.0,2119.436767578125,12354600.0
2024-04-29,2400.0,2510.0,2330.0,2440.0,2172.8681640625,53577000.0
2024-04-30,2470.0,2520.0,2430.0,2470.0,2199.583740234375,54566800.0
2024-05-02,2470.0,2470.0,2390.0,2420.0,2155.057861328125,20110600.0
2024-05-03,2430.0,2500.0,2430.0,2480.0,2208.489013671875,27834200.0
2024-05-06,2500.0,2510.0,2410.0,2410.0,2146.15283203125,19427500.0
2024-05-07,2420.0,2470.0,2400.0,2430.0,2163.962890625,8681600.0
2024-05-08,2430.0,2500.0,2410.0,2480.0,2208.489013671875,36134700.0
2024-05-13,2490.0,2650.0,2490.0,2610.0,2324.25634765625,66807800.0
2024-05-14,2620.0,2650.0,2530.0,2600.0,2315.3515625,29590100.0
2024-05-15,2600.0,2620.0,2510.0,2580.0,2297.541015625,30721600.0
2024-05-16,2540.0,2540.0,2350.0,2380.0,2160.127685546875,56882300.0
2024-05-17,2380.0,2460.0,2380.0,2440.0,2214.584716796875,32066800.0
2024-05-20,2450.0,2500.0,2430.0,2460.0,2232.7373046875,41465900.0
2024-05-21,2480.0,2550.0,2460.0,2470.0,2241.813232421875,32093400.0
2024-05-22,2470.0,2510.0,2440.0,2470.0,2241.813232421875,15021700.0
2024-05-27,2460.0,2500.0,2420.0,2460.0,2232.7373046875,14872500.0
2024-05-28,2470.0,2520.0,2420.0,2440.0,2214.584716796875,23942800.0
2024-05-29,2440.0,2450.0,2390.0,2410.0,2187.3564453125,12753300.0
2024-05-30,2420.0,2450.0,2360.0,2430.0,2205.508544921875,12911700.0
2024-05-31,2390.0,2400.0,2260.0,2310.0,2096.594482421875,46339600.0
2024-06-03,2300.0,2360.0,2270.0,2320.0,2105.6708984375,8246100.0
2024-06-04,2320.0,2370.0,2290.0,2290.0,2078.442138671875,20388800.0
2024-06-05,2300.0,2390.0,2300.0,2310.0,2096.594482421875,26625800.0
2024-06-06,2320.0,2330.0,2240.0,2250.0,2042.1376953125,16631700.0
2024-06-07,2270.0,2280.0,2220.0,2230.0,2023.9852294921875,13475400.0
2024-06-10,2240.0,2250.0,2200.0,2230.0,2023.9852294921875,6153700.0
2024-06-11,2220.0,2250.0,2180.0,2220.0,2014.9091796875,7662700.0
2024-06-12,2210.0,2240.0,2150.0,2180.0,1978.6044921875,11288500.0
2024-06-13,2190.0,2210.0,2140.0,2160.0,1960.4521484375,5778900.0
2024-06-14,2150.0,2180.0,2070.0,2080.0,1887.8427734375,17354900.0
2024-06-19,2080.0,2160.0,2070.0,2130.0,1933.2236328125,21624600.0
2024-06-20,2140.0,2180.0,2120.0,2140.0,1942.2996826171875,20261800.0
2024-06-21,2140.0,2210.0,2120.0,2180.0,1978.6044921875,22542800.0
2024-06-24,2180.0,2200.0,2150.0,2160.0,1960.4521484375,11920500.0
2024-06-25,2170.0,2230.0,2130.0,2160.0,1960.4521484375,24987800.0
2024-06-26,2180.0,2220.0,2170.0,2180.0,1978.6044921875,15587200.0
2024-06-27,2190.0,2220.0,2170.0,2200.0,1996.7568359375,13170500.0
2024-06-28,2190.0,2200.0,2150.0,2160.0,1960.4521484375,23093800.0
2024-07-01,2160.0,2200.0,2150.0,2180.0,1978.6044921875,17656000.0
2024-07-02,2170.0,2220.0,2160.0,2190.0,1987.6805419921875,28766500.0
2024-07-03,2200.0,2230.0,2160.0,2170.0,1969.5281982421875,14716100.0
2024-07-04,2180.0,2210.0,2150.0,2210.0,2005.8328857421875,17834000.0
2024-07-05,2210.0,2220.0,2150.0,2180.0,1978.6044921875,15812300.0
2024-07-08,2190.0,2210.0,2160.0,2210.0,2005.8328857421875,16997900.0
2024-07-09,2220.0,2290.0,2210.0,2270.0,2060.2900390625,18838000.0
2024-07-10,2270.0,2290.0,2240.0,2270.0,2060.2900390625,17274900.0
2024-07-11,2280.0,2300.0,2240.0,2270.0,2060.2900390625,14115400.0
2024-07-12,2290.0,2340.0,2230.0,2280.0,2069.3662109375,26838800.0
2024-07-15,2290.0,2300.0,2240.0,2240.0,2033.0614013671875,12011400.0
2024-07-16,2240.0,2240.0,2200.0,2240.0,2033.0614013671875,15377100.0
2024-07-17,2250.0,2260.0,2220.0,2240.0,2033.0614013671875,14377600.0
2024-07-18,2240.0,2250.0,2210.0,2240.0,2033.0614013671875,9450200.0
2024-07-19,2220.0,2230.0,2160.0,2180.0,1978.6044921875,23923900.0
2024-07-22,2200.0,2220.0,2180.0,2200.0,1996.7568359375,14478300.0
2024-07-23,2210.0,2250.0,2200.0,2250.0,2042.1376953125,20722100.0
2024-07-24,2250.0,2260.0,2200.0,2210.0,2005.8328857421875,8864100.0
2024-07-25,2200.0,2210.0,2180.0,2190.0,1987.6805419921875,10370600.0
2024-07-26,2200.0,2200.0,2170.0,2180.0,1978.6044921875,13159800.0
2024-07-29,2170.0,2190.0,2160.0,2170.0,1969.5281982421875,11877000.0
2024-07-30,2190.0,2190.0,2150.0,2170.0,1969.5281982421875,9632600.0
2024-07-31,2180.0,2200.0,2140.0,2170.0,1969.5281982421875,13824100.0
2024-08-01,2160.0,2200.0,2150.0,2170.0,1969.5281982421875,9289100.0
2024-08-02,2170.0,2190.0,2140.0,2170.0,1969.5281982421875,17463200.0
2024-08-05,2150.0,2170.0,2080.0,2080.0,1887.8427734375,34132200.0
2024-08-06,2120.0,2200.0,2100.0,2190.0,1987.6805419921875,27207800.0
2024-08-07,2230.0,2240.0,2160.0,2170.0,1969.5281982421875,22667000.0
2024-08-08,2180.0,2200.0,2130.0,2140.0,1942.2996826171875,13277100.0
2024-08-09,2150.0,2180.0,2150.0,2160.0,1960.4521484375,10220500.0
2024-08-12,2160.0,2200.0,2160.0,2180.0,1978.6044921875,14234700.0
2024-08-13,2190.0,2200.0,2170.0,2190.0,1987.6805419921875,14197800.0
2024-08-14,2190.0,2260.0,2190.0,2260.0,2051.213623046875,31351400.0
2024-08-15,2270.0,2280.0,2210.0,2220.0,2014.9091796875,18137500.0
2024-08-16,2260.0,2270.0,2220.0,2240.0,2033.0614013671875,22212100.0
2024-08-19,2240.0,2280.0,2240.0,2240.0,2033.0614013671875,17094500.0
2024-08-20,2260.0,2330.0,2250.0,2320.0,2105.6708984375,34519400.0
2024-08-21,2320.0,2340.0,2280.0,2290.0,2078.442138671875,13335800.0
2024-08-22,2270.0,2280.0,2200.0,2210.0,2005.8328857421875,36594100.0
2024-08-23,2210.0,2260.0,2210.0,2260.0,2051.213623046875,19262900.0
2024-08-26,2260.0,2270.0,2200.0,2230.0,2023.9852294921875,24896500.0
2024-08-27,2230.0,2240.0,2200.0,2240.0,2033.0614013671875,13980100.0
2024-08-28,2250.0,2250.0,2220.0,2240.0,2033.0614013671875,18115400.0
2024-08-29,2230.0,2250.0,2220.0,2230.0,2023.9852294921875,20368100.0
2024-08-30,2230.0,2260.0,2210.0,2230.0,2023.9852294921875,24368900.0
2024-09-02,2250.0,2320.0,2240.0,2270.0,2060.2900390625,37685800.0
2024-09-03,2270.0,2280.0,2240.0,2270.0,2060.2900390625,20055400.0
2024-09-04,2240.0,2270.0,2220.0,2230.0,2023.9852294921875,34779700.0
2024-09-05,2250.0,2380.0,2240.0,2360.0,2141.975341796875,77986300.0
2024-09-06,2360.0,2370.0,2300.0,2330.0,2114.746826171875,17716300.0
2024-09-09,2320.0,2320.0,2240.0,2250.0,2042.1376953125,46668300.0
2024-09-10,2260.0,2300.0,2240.0,2270.0,2060.2900390625,22336200.0
2024-09-11,2270.0,2320.0,2250.0,2270.0,2060.2900390625,27376800.0
2024-09-12,2280.0,2310.0,2260.0,2290.0,2078.442138671875,18383100.0
2024-09-13,2290.0,2330.0,2290.0,2320.0,2105.6708984375,23420500.0
2024-09-17,2330.0,2340.0,2290.0,2290.0,2078.442138671875,13473900.0
2024-09-18,2300.0,2320.0,2270.0,2280.0,2069.3662109375,27383100.0
2024-09-19,2290.0,2320.0,2270.0,2300.0,2087.5185546875,30650500.0
2024-09-20,2300.0,2310.0,2270.0,2280.0,2069.3662109375,15215000.0
2024-09-23,2270.0,2300.0,2260.0,2300.0,2087.5185546875,19014500.0
2024-09-24,2320.0,2320.0,2270.0,2290.0,2078.442138671875,14693100.0
2024-09-25,2290.0,2320.0,2270.0,2310.0,2096.594482421875,27480300.0
2024-09-26,2310.0,2370.0,2280.0,2350.0,2132.899169921875,62261500.0
2024-09-27,2350.0,2370.0,2310.0,2310.0,2096.594482421875,18629500.0
2024-09-30,2310.0,2320.0,2270.0,2290.0,2078.442138671875,19119000.0
2024-10-01,2300.0,2310.0,2230.0,2260.0,2051.213623046875,46699700.0
2024-10-02,2260.0,2270.0,2170.0,2200.0,1996.7568359375,70390800.0
2024-10-03,2210.0,2280.0,2200.0,2260.0,2051.213623046875,49199900.0
2024-10-04,2270.0,2300.0,2230.0,2250.0,2042.1376953125,20383800.0
2024-10-07,2260.0,2320.0,2260.0,2260.0,2051.213623046875,22665500.0
2024-10-08,2260.0,2300.0,2250.0,2270.0,2060.2900390625,33185900.0
2024-10-09,2300.0,2350.0,2260.0,2300.0,2087.5185546875,76992700.0
2024-10-10,2310.0,2340.0,2290.0,2320.0,2105.6708984375,31771900.0
2024-10-11,2340.0,2340.0,2290.0,2310.0,2096.594482421875,22785400.0
2024-10-14,2310.0,2330.0,2270.0,2290.0,2078.442138671875,13767700.0
2024-10-15,2290.0,2320.0,2290.0,2290.0,2078.442138671875,17391400.0
2024-10-16,2300.0,2300.0,2280.0,2300.0,2087.5185546875,6553300.0
2024-10-17,2300.0,2310.0,2270.0,2270.0,2060.2900390625,7896800.0
2024-10-18,2270.0,2300.0,2250.0,2290.0,2078.442138671875,17640200.0
2024-10-21,2300.0,2310.0,2280.0,2300.0,2087.5185546875,11981700.0
2024-10-22,2300.0,2310.0,2270.0,2280.0,2069.3662109375,9414300.0
2024-10-23,2280.0,2300.0,2240.0,2260.0,2051.213623046875,32648400.0
2024-10-24,2270.0,2300.0,2250.0,2260.0,2051.213623046875,17145200.0
2024-10-25,2270.0,2290.0,2260.0,2270.0,2060.2900390625,10612200.0
2024-10-28,2280.0,2300.0,2250.0,2250.0,2042.1376953125,23161100.0
2024-10-29,2290.0,2290.0,2250.0,2280.0,2069.3662109375,10744800.0
2024-10-30,2290.0,2300.0,2260.0,2260.0,2051.213623046875,27167000.0
2024-10-31,2260.0,2280.0,2250.0,2250.0,2042.1376953125,19731800.0
2024-11-01,2250.0,2290.0,2230.0,2250.0,2042.1376953125,30958300.0
2024-11-04,2250.0,2260.0,2230.0,2240.0,2033.0614013671875,9890900.0
2024-11-05,2250.0,2270.0,2200.0,2230.0,2023.9852294921875,38293800.0
2024-11-06,2250.0,2260.0,2220.0,2220.0,2014.9091796875,13521200.0
2024-11-07,2220.0,2240.0,2200.0,2210.0,2005.8328857421875,29866000.0
2024-11-08,2240.0,2240.0,2210.0,2210.0,2005.8328857421875,14025700.0
2024-11-11,2210.0,2240.0,2130.0,2140.0,1942.2996826171875,55011300.0
2024-11-12,2140.0,2190.0,2130.0,2130.0,1933.2236328125,42836700.0
2024-11-13,2130.0,2200.0,2120.0,2150.0,1951.3759765625,35064900.0
2024-11-14,2150.0,2160.0,2140.0,2160.0,1960.4521484375,10741600.0
2024-11-15,2150.0,2190.0,2130.0,2140.0,1942.2996826171875,29011300.0
2024-11-18,2140.0,2180.0,2130.0,2150.0,1951.3759765625,18665300.0
2024-11-19,2150.0,2220.0,2150.0,2180.0,1978.6044921875,18243300.0
2024-11-20,2180.0,2210.0,2160.0,2170.0,1969.5281982421875,7781800.0
2024-11-21,2200.0,2240.0,2170.0,2210.0,2005.8328857421875,25595800.0
2024-11-22,2210.0,2230.0,2170.0,2180.0,1978.6044921875,14758500.0
2024-11-25,2200.0,2220.0,2190.0,2190.0,1987.6805419921875,10402600.0
2024-11-26,2200.0,2210.0,2170.0,2180.0,1978.6044921875,12581900.0
2024-11-28,2190.0,2210.0,2160.0,2180.0,1978.6044921875,23408200.0
2024-11-29,2180.0,2250.0,2180.0,2220.0,2014.9091796875,16408800.0
2024-12-02,2220.0,2250.0,2220.0,2230.0,2023.9852294921875,4443100.0
2024-12-03,2230.0,2270.0,2230.0,2240.0,2033.0614013671875,8521400.0
2024-12-04,2240.0,2260.0,2230.0,2230.0,2023.9852294921875,19841100.0
2024-12-05,2230.0,2280.0,2230.0,2250.0,2042.1376953125,19719700.0
2024-12-06,2260.0,2320.0,2250.0,2310.0,2096.594482421875,31275700.0
2024-12-09,2310.0,2350.0,2300.0,2300.0,2087.5185546875,21671000.0
2024-12-10,2320.0,2330.0,2270.0,2290.0,2078.442138671875,39344600.0
2024-12-11,2290.0,2310.0,2220.0,2240.0,2033.0614013671875,150736700.0
2024-12-12,2240.0,2290.0,2220.0,2260.0,2051.213623046875,69544600.0
2024-12-13,2280.0,2300.0,2260.0,2270.0,2060.2900390625,15409700.0
2024-12-16,2270.0,2300.0,2250.0,2270.0,2060.2900390625,36978500.0
2024-12-17,2270.0,2300.0,2270.0,2280.0,2069.3662109375,15176300.0
2024-12-18,2280.0,2300.0,2250.0,2260.0,2051.213623046875,44342600.0
2024-12-19,2260.0,2260.0,2240.0,2240.0,2033.0614013671875,14885600.0
2024-12-20,2260.0,2290.0,2240.0,2280.0,2069.3662109375,32850700.0
2024-12-23,2280.0,2310.0,2270.0,2280.0,2069.3662109375,12274000.0
2024-12-24,2290.0,2300.0,2260.0,2260.0,2051.213623046875,8138800.0
2024-12-27,2290.0,2290.0,2230.0,2250.0,2042.1376953125,14920000.0
2024-12-30,2250.0,2250.0,2220.0,2250.0,2042.1376953125,11078300.0
2025-01-02,2240.0,2260.0,2230.0,2250.0,2042.1376953125,3579000.0
2025-01-03,2250.0,2250.0,2220.0,2230.0,2023.9852294921875,10856200.0
2025-01-06,2230.0,2280.0,2230.0,2240.0,2033.0614013671875,27702500.0
2025-01-07,2240.0,2270.0,2220.0,2230.0,2023.9852294921875,14638000.0
2025-01-08,2240.0,2270.0,2230.0,2250.0,2042.1376953125,14502800.0
2025-01-09,2250.0,2260.0,2220.0,2230.0,2023.9852294921875,11661300.0
2025-01-10,2230.0,2250.0,2230.0,2230.0,2023.9852294921875,6550900.0
2025-01-13,2230.0,2290.0,2230.0,2270.0,2060.2900390625,24819600.0
2025-01-14,2270.0,2270.0,2240.0,2250.0,2042.1376953125,2570500.0
2025-01-15,2250.0,2270.0,2250.0,2270.0,2060.2900390625,5603600.0
2025-01-16,2280.0,2280.0,2250.0,2270.0,2060.2900390625,4455400.0
2025-01-17,2280.0,2280.0,2240.0,2270.0,2060.2900390625,3647500.0
2025-01-20,2270.0,2270.0,2250.0,2250.0,2042.1376953125,2890500.0
2025-01-21,2260.0,2280.0,2250.0,2270.0,2060.2900390625,5804000.0
2025-01-22,2270.0,2300.0,2260.0,2280.0,2069.3662109375,28523100.0
2025-01-23,2290.0,2310.0,2280.0,2310.0,2096.594482421875,11541500.0
2025-01-24,2320.0,2320.0,2280.0,2290.0,2078.442138671875,12541000.0
2025-01-30,2290.0,2300.0,2260.0,2270.0,2060.2900390625,26126300.0
2025-01-31,2270.0,2300.0,2260.0,2270.0,2060.2900390625,30369600.0
2025-02-03,2270.0,2300.0,2260.0,2290.0,2078.442138671875,14236800.0
2025-02-04,2300.0,2300.0,2270.0,2290.0,2078.442138671875,9073700.0
2025-02-05,2290.0,2290.0,2260.0,2270.0,2060.2900390625,12121900.0
2025-02-06,2290.0,2300.0,2270.0,2290.0,2078.442138671875,11868300.0
2025-02-07,2290.0,2300.0,2270.0,2290.0,2078.442138671875,7059800.0
2025-02-10,2300.0,2300.0,2280.0,2280.0,2069.3662109375,8736900.0
2025-02-11,2290.0,2300.0,2260.0,2270.0,2060.2900390625,30824600.0
2025-02-12,2280.0,2290.0,2270.0,2270.0,2060.2900390625,8503500.0
2025-02-13,2280.0,2300.0,2270.0,2280.0,2069.3662109375,24839900.0
2025-02-14,2290.0,2290.0,2270.0,2280.0,2069.3662109375,8179100.0
2025-02-17,2280.0,2290.0,2270.0,2270.0,2060.2900390625,13377400.0
2025-02-18,2270.0,2310.0,2260.0,2270.0,2060.2900390625,62641900.0
2025-02-19,2290.0,2290.0,2260.0,2260.0,2051.213623046875,17799900.0
2025-02-20,2270.0,2280.0,2250.0,2270.0,2060.2900390625,5153400.0
2025-02-21,2270.0,2270.0,2250.0,2250.0,2042.1376953125,7135500.0
2025-02-24,2260.0,2270.0,2250.0,2260.0,2051.213623046875,4867900.0
2025-02-25,2260.0,2260.0,2240.0,2240.0,2033.0614013671875,11451300.0
2025-02-26,2240.0,2250.0,2230.0,2240.0,2033.0614013671875,11317700.0
2025-02-27,2240.0,2280.0,2230.0,2240.0,2033.0614013671875,34585600.0
2025-02-28,2240.0,2260.0,2210.0,2210.0,2005.8328857421875,21449600.0
2025-03-03,2220.0,2270.0,2220.0,2220.0,2014.9091796875,34418600.0
2025-03-04,2230.0,2260.0,2210.0,2220.0,2014.9091796875,38207000.0
2025-03-05,2220.0,2280.0,2220.0,2270.0,2060.2900390625,34618800.0
2025-03-06,2280.0,2280.0,2250.0,2250.0,2042.1376953125,7445700.0
2025-03-07,2260.0,2270.0,2250.0,2250.0,2042.1376953125,3856800.0
2025-03-10,2250.0,2280.0,2250.0,2270.0,2060.2900390625,13384800.0
2025-03-11,2270.0,2290.0,2250.0,2260.0,2051.213623046875,35330000.0
2025-03-12,2270.0,2290.0,2260.0,2270.0,2060.2900390625,15948300.0
2025-03-13,2270.0,2270.0,2250.0,2250.0,2042.1376953125,5183800.0
2025-03-14,2250.0,2280.0,2240.0,2260.0,2051.213623046875,18134800.0
2025-03-17,2260.0,2270.0,2250.0,2270.0,2060.2900390625,10858300.0
2025-03-18,2270.0,2290.0,2240.0,2250.0,2042.1376953125,36281400.0
2025-03-19,2260.0,2290.0,2240.0,2270.0,2060.2900390625,33064700.0
2025-03-20,2270.0,2280.0,2260.0,2270.0,2060.2900390625,7433800.0
2025-03-21,2260.0,2280.0,2250.0,2260.0,2051.213623046875,13786500.0
2025-03-24,2260.0,2290.0,2250.0,2260.0,2051.213623046875,38485800.0
2025-03-25,2270.0,2280.0,2230.0,2230.0,2023.9852294921875,47250500.0
2025-03-26,2220.0,2290.0,2210.0,2250.0,2042.1376953125,78268000.0
2025-03-27,2240.0,2320.0,2230.0,2280.0,2069.3662109375,41365600.0
2025-04-08,2170.0,2260.0,2120.0,2200.0,1996.7568359375,45401900.0
2025-04-09,2170.0,2300.0,2170.0,2250.0,2042.1376953125,40348600.0
2025-04-10,2270.0,2280.0,2230.0,2280.0,2069.3662109375,9909900.0
2025-04-11,2240.0,2280.0,2180.0,2200.0,1996.7568359375,16820800.0
2025-04-14,2150.0,2200.0,2140.0,2190.0,2068.248291015625,23111600.0
2025-04-15,2190.0,2200.0,2160.0,2170.0,2049.360107421875,15689000.0
2025-04-16,2170.0,2200.0,2160.0,2190.0,2068.248291015625,8490700.0
2025-04-17,2190.0,2230.0,2160.0,2180.0,2058.80419921875,12382100.0
2025-04-21,2200.0,2200.0,2110.0,2120.0,2002.139892578125,13877800.0
2025-04-22,2130.0,2130.0,2060.0,2100.0,1983.2518310546875,14468200.0
2025-04-23,2100.0,2110.0,2060.0,2110.0,1992.69580078125,17721000.0
2025-04-24,2110.0,2120.0,2080.0,2090.0,1973.8077392578125,16326800.0
2025-04-25,2090.0,2110.0,2070.0,2100.0,1983.2518310546875,9918000.0
2025-04-28,2110.0,2110.0,2080.0,2100.0,1983.2518310546875,8257300.0
2025-04-29,2100.0,2140.0,2090.0,2130.0,2011.583984375,18034100.0
2025-04-30,2130.0,2160.0,2110.0,2150.0,2030.4720458984375,11983200.0
2025-05-02,2140.0,2230.0,2130.0,2220.0,2096.58056640625,20384200.0
2025-05-05,2220.0,2230.0,2180.0,2200.0,2077.6923828125,5151000.0
2025-05-06,2180.0,2190.0,2140.0,2180.0,2058.80419921875,10342300.0
2025-05-07,2180.0,2210.0,2150.0,2180.0,2058.80419921875,17398300.0
2025-05-08,2180.0,2200.0,2130.0,2130.0,2011.583984375,18105900.0
2025-05-09,2140.0,2190.0,2120.0,2160.0,2039.9161376953125,14798300.0
2025-05-14,2160.0,2220.0,2160.0,2210.0,2087.136474609375,13368200.0
2025-05-15,2210.0,2210.0,2160.0,2160.0,2039.9161376953125,5356900.0
2025-05-16,2160.0,2190.0,2150.0,2180.0,2058.80419921875,5237800.0
2025-05-19,2180.0,2220.0,2170.0,2210.0,2087.136474609375,9167900.0
2025-05-20,2220.0,2220.0,2170.0,2170.0,2049.360107421875,11191300.0
2025-05-21,2170.0,2200.0,2170.0,2180.0,2058.80419921875,5250000.0
2025-05-22,2190.0,2200.0,2140.0,2170.0,2049.360107421875,10509300.0
2025-05-23,2150.0,2200.0,2140.0,2170.0,2049.360107421875,14720000.0
2025-05-26,2170.0,2190.0,2160.0,2170.0,2049.360107421875,3306000.0
2025-05-27,2170.0,2210.0,2150.0,2180.0,2058.80419921875,8294200.0
2025-05-28,2200.0,2210.0,2160.0,2200.0,2077.6923828125,13214100.0
2025-06-02,2190.0,2200.0,2150.0,2180.0,2058.80419921875,14385700.0
2025-06-03,2170.0,2170.0,2150.0,2160.0,2039.9161376953125,4430800.0
2025-06-04,2170.0,2190.0,2160.0,2190.0,2068.248291015625,3954800.0
2025-06-05,2170.0,2220.0,2170.0,2200.0,2077.6923828125,5090500.0
2025-06-10,2200.0,2210.0,2170.0,2180.0,2058.80419921875,7097000.0
2025-06-11,2190.0,2230.0,2170.0,2220.0,2096.58056640625,9225600.0
2025-06-12,2220.0,2230.0,2180.0,2190.0,2068.248291015625,4713200.0
2025-06-13,2190.0,2210.0,2170.0,2190.0,2068.248291015625,8340900.0
2025-06-16,2190.0,2240.0,2180.0,2220.0,2096.58056640625,7151600.0
2025-06-17,2220.0,2260.0,2210.0,2240.0,2115.468505859375,3875900.0
2025-06-18,2240.0,2240.0,2200.0,2220.0,2096.58056640625,3067000.0
2025-06-19,2220.0,2270.0,2200.0,2230.0,2106.0244140625,19103400.0
2025-06-20,2230.0,2320.0,2230.0,2240.0,2115.468505859375,21394500.0
2025-06-23,2230.0,2280.0,2180.0,2250.0,2124.91259765625,15694500.0
2025-06-24,2270.0,2290.0,2220.0,2220.0,2096.58056640625,11201500.0
2025-06-25,2220.0,2260.0,2220.0,2250.0,2124.91259765625,4031500.0
2025-06-26,2250.0,2250.0,2220.0,2240.0,2115.468505859375,9699600.0
2025-06-30,2220.0,2270.0,2210.0,2250.0,2124.91259765625,6193300.0
2025-07-01,2260.0,2330.0,2250.0,2310.0,2181.576904296875,16347400.0
2025-07-02,2320.0,2330.0,2260.0,2280.0,2153.244873046875,4781500.0
2025-07-03,2280.0,2310.0,2240.0,2300.0,2172.1328125,4839800.0
2025-07-04,2310.0,2310.0,2250.0,2300.0,2172.1328125,3760700.0
2025-07-07,2300.0,2300.0,2270.0,2290.0,2162.68896484375,1942800.0
2025-07-08,2300.0,2300.0,2260.0,2260.0,2134.356689453125,1789400.0
2025-07-09,2260.0,2290.0,2260.0,2290.0,2162.68896484375,2862200.0
2025-07-10,2290.0,2310.0,2260.0,2300.0,2172.1328125,8271100.0
2025-07-11,2300.0,2310.0,2270.0,2290.0,2162.68896484375,3405400.0
2025-07-14,2290.0,2330.0,2280.0,2320.0,2191.02099609375,7126800.0
2025-07-15,2320.0,2500.0,2320.0,2490.0,2351.570068359375,33910500.0
2025-07-16,2500.0,2610.0,2480.0,2570.0,2427.122314453125,35481300.0
2025-07-17,2590.0,2700.0,2580.0,2670.0,2521.56298828125,29616200.0
2025-07-18,2700.0,2700.0,2610.0,2630.0,2483.786865234375,17202800.0
2025-07-21,2630.0,2660.0,2580.0,2610.0,2464.898681640625,12369200.0
2025-07-22,2610.0,2650.0,2570.0,2570.0,2427.122314453125,7287400.0
2025-07-23,2580.0,2600.0,2510.0,2580.0,2436.56640625,4746000.0
2025-07-24,2580.0,2620.0,2570.0,2610.0,2464.898681640625,5734700.0
2025-07-25,2610.0,2610.0,2510.0,2550.0,2408.234375,4113700.0
2025-07-28,2550.0,2560.0,2520.0,2520.0,2379.902099609375,2322400.0
2025-07-29,2530.0,2570.0,2480.0,2550.0,2408.234375,6111000.0
2025-07-30,2550.0,2560.0,2510.0,2510.0,2370.4580078125,4536400.0
2025-07-31,2510.0,2610.0,2510.0,2520.0,2379.902099609375,11874900.0
2025-08-01,2520.0,2620.0,2500.0,2570.0,2427.122314453125,17478700.0
2025-08-04,2590.0,2630.0,2540.0,2620.0,2474.3427734375,9305400.0
2025-08-05,2620.0,2620.0,2560.0,2580.0,2436.56640625,8765000.0
2025-08-06,2580.0,2590.0,2520.0,2580.0,2436.56640625,4783000.0
2025-08-07,2580.0,2590.0,2530.0,2530.0,2389.34619140625,3286900.0
2025-08-08,2540.0,2640.0,2540.0,2640.0,2493.230712890625,20042400.0
2025-08-11,2640.0,2780.0,2640.0,2700.0,2549.895263671875,33630000.0
2025-08-12,2710.0,2880.0,2650.0,2850.0,2691.555908203125,42252100.0
2025-08-13,2870.0,3010.0,2850.0,2910.0,2748.220458984375,55040400.0
2025-08-14,2910.0,2960.0,2910.0,2960.0,2795.440673828125,38366100.0
2025-08-15,2960.0,2970.0,2900.0,2920.0,2757.664306640625,19693600.0
2025-08-19,2900.0,3090.0,2900.0,2960.0,2795.440673828125,48087800.0
2025-08-20,2950.0,3010.0,2910.0,2950.0,2785.99658203125,35763100.0
2025-08-21,2920.0,2980.0,2900.0,2930.0,2767.1083984375,27857400.0
2025-08-22,2910.0,2950.0,2910.0,2930.0,2767.1083984375,7563200.0
2025-08-25,2930.0,2980.0,2900.0,2930.0,2767.1083984375,25527700.0
2025-08-26,2940.0,2960.0,2900.0,2960.0,2795.440673828125,14139800.0
2025-08-27,2960.0,2970.0,2640.0,2760.0,2606.5595703125,74625600.0
2025-08-28,2770.0,2800.0,2690.0,2770.0,2616.003662109375,19323100.0
2025-08-29,2770.0,2790.0,2670.0,2750.0,2597.115478515625,15778600.0
2025-09-01,2690.0,2770.0,2640.0,2720.0,2568.783203125,12285400.0
2025-09-02,2720.0,2780.0,2720.0,2770.0,2616.003662109375,10096500.0
2025-09-03,2770.0,2780.0,2730.0,2750.0,2597.115478515625,2578800.0
2025-09-04,2750.0,2750.0,2700.0,2740.0,2587.67138671875,9286000.0
2025-09-08,2730.0,2730.0,2650.0,2680.0,2531.007080078125,9275600.0
2025-09-09,2670.0,2670.0,2550.0,2590.0,2446.010498046875,10969300.0
2025-09-10,2580.0,2640.0,2570.0,2600.0,2455.45458984375,2015800.0
2025-09-11,2600.0,2660.0,2590.0,2590.0,2446.010498046875,6134400.0
2025-09-12,2590.0,2640.0,2590.0,2590.0,2446.010498046875,2133100.0
2025-09-15,2590.0,2630.0,2580.0,2590.0,2446.010498046875,3221300.0
2025-09-16,2590.0,2650.0,2590.0,2650.0,2502.6748046875,5949900.0
2025-09-17,2650.0,2770.0,2640.0,2760.0,2606.5595703125,8137700.0
2025-09-18,2770.0,2840.0,2740.0,2810.0,2653.77978515625,12881100.0
2025-09-19,2850.0,2860.0,2780.0,2800.0,2644.335693359375,14595400.0
2025-09-22,2800.0,2800.0,2660.0,2730.0,2578.227294921875,6169700.0
2025-09-23,2730.0,2730.0,2640.0,2700.0,2549.895263671875,3916800.0
2025-09-24,2700.0,2800.0,2590.0,2730.0,2578.227294921875,15657200.0
2025-09-25,2730.0,2740.0,2670.0,2700.0,2549.895263671875,5136900.0
2025-09-26,2700.0,2790.0,2690.0,2720.0,2568.783203125,6125700.0
2025-09-29,2720.0,2760.0,2700.0,2710.0,2559.339111328125,3849400.0
2025-09-30,2700.0,2720.0,2610.0,2660.0,2512.118896484375,9501100.0
2025-10-01,2680.0,2700.0,2570.0,2610.0,2464.898681640625,9951600.0
2025-10-02,2610.0,2640.0,2490.0,2510.0,2370.4580078125,16314900.0
2025-10-03,2500.0,2650.0,2490.0,2630.0,2483.786865234375,13846200.0
2025-10-06,2640.0,2660.0,2590.0,2630.0,2483.786865234375,3868100.0
2025-10-07,2630.0,2640.0,2600.0,2620.0,2474.3427734375,4994700.0
2025-10-08,2630.0,2650.0,2560.0,2650.0,2502.6748046875,3076500.0
2025-10-09,2650.0,2690.0,2560.0,2580.0,2436.56640625,9445900.0
2025-10-10,2580.0,2700.0,2570.0,2700.0,2549.895263671875,7775400.0
2025-10-13,2600.0,2660.0,2540.0,2600.0,2455.45458984375,10427000.0
2025-10-14,2600.0,2620.0,2520.0,2540.0,2398.790283203125,5736600.0
2025-10-15,2540.0,2540.0,2440.0,2470.0,2332.681884765625,12281900.0
2025-10-16,2510.0,2520.0,2460.0,2510.0,2370.4580078125,3315800.0
2025-10-17,2490.0,2490.0,2380.0,2420.0,2285.461669921875,6089100.0
2025-10-20,2430.0,2430.0,2390.0,2420.0,2285.461669921875,6019500.0
2025-10-21,2420.0,2500.0,2420.0,2500.0,2361.01416015625,6710900.0
2025-10-22,2510.0,2510.0,2410.0,2420.0,2285.461669921875,6978200.0
2025-10-23,2440.0,2630.0,2440.0,2610.0,2464.898681640625,12258100.0
2025-10-24,2620.0,2620.0,2580.0,2590.0,2446.010498046875,9185600.0
2025-10-27,2600.0,2600.0,2440.0,2450.0,2313.793701171875,15128300.0
2025-10-28,2470.0,2520.0,2390.0,2430.0,2294.90576171875,33087700.0
2025-10-29,2410.0,2580.0,2410.0,2550.0,2408.234375,12085900.0
2025-10-30,2570.0,2690.0,2510.0,2630.0,2483.786865234375,19326600.0
2025-10-31,2640.0,2720.0,2560.0,2610.0,2464.898681640625,30971100.0
2025-11-03,2580.0,2740.0,2580.0,2690.0,2540.451171875,12031500.0
2025-11-04,2700.0,2760.0,2700.0,2730.0,2578.227294921875,24451800.0
2025-11-05,2720.0,2730.0,2650.0,2700.0,2549.895263671875,7853000.0
2025-11-06,2700.0,2750.0,2700.0,2740.0,2587.67138671875,4084700.0
2025-11-07,2740.0,2750.0,2690.0,2740.0,2587.67138671875,5969100.0
2025-11-10,2750.0,2770.0,2720.0,2750.0,2597.115478515625,16620700.0
2025-11-11,2750.0,2760.0,2670.0,2750.0,2597.115478515625,7659600.0
2025-11-12,2750.0,2780.0,2730.0,2750.0,2597.115478515625,14001500.0
2025-11-13,2750.0,2770.0,2690.0,2750.0,2597.115478515625,15990100.0
2025-11-14,2740.0,2740.0,2700.0,2720.0,2568.783203125,5517900.0
2025-11-17,2720.0,2750.0,2710.0,2730.0,2578.227294921875,8008400.0
2025-11-18,2740.0,2760.0,2710.0,2710.0,2559.339111328125,13377900.0
2025-11-19,2730.0,2760.0,2670.0,2750.0,2597.115478515625,13720600.0
2025-11-20,2750.0,2780.0,2730.0,2760.0,2606.5595703125,7149800.0
2025-11-21,2770.0,2840.0,2700.0,2730.0,2578.227294921875,20482500.0
2025-11-24,2740.0,2790.0,2730.0,2760.0,2606.5595703125,14435200.0
2025-11-25,2760.0,2770.0,2720.0,2750.0,2597.115478515625,11463300.0
2025-11-26,2750.0,2950.0,2750.0,2860.0,2701.0,24929600.0
2025-11-27,2860.0,2880.0,2830.0,2840.0,2682.112060546875,7543200.0
2025-11-28,2860.0,2900.0,2830.0,2890.0,2729.332275390625,9139100.0
2025-12-01,2900.0,2910.0,2850.0,2860.0,2701.0,10493200.0
2025-12-02,2750.0,2840.0,2710.0,2810.0,2810.0,20677200.0
2025-12-03,2810.0,2820.0,2770.0,2790.0,2790.0,4127100.0
2025-12-04,2800.0,2890.0,2800.0,2890.0,2890.0,9560800.0
2025-12-05,2920.0,3410.0,2910.0,3200.0,3200.0,88365500.0
2025-12-08,3200.0,3530.0,3170.0,3300.0,3300.0,69727100.0
2025-12-09,3350.0,3550.0,3330.0,3440.0,3440.0,66937200.0
2025-12-10,3440.0,3810.0,3440.0,3710.0,3710.0,91703600.0
2025-12-11,3750.0,3910.0,3620.0,3700.0,3700.0,28086600.0
2025-12-12,3600.0,3810.0,3600.0,3790.0,3790.0,19712800.0
2025-12-15,3800.0,3810.0,3660.0,3710.0,3710.0,11077000.0
2025-12-16,3710.0,3850.0,3680.0,3700.0,3700.0,35579700.0
2025-12-17,3700.0,3850.0,3640.0,3850.0,3850.0,26642300.0
2025-12-18,3880.0,4080.0,3690.0,3690.0,3690.0,20263700.0
2025-12-19,3700.0,3900.0,3650.0,3900.0,3900.0,24263700.0
2025-12-22,3880.0,3880.0,3760.0,3760.0,3760.0,11651700.0
2025-12-23,3760.0,3790.0,3720.0,3740.0,3740.0,6751800.0
2025-12-24,3770.0,3840.0,3710.0,3750.0,3750.0,6263300.0
2025-12-29,3750.0,3900.0,3710.0,3830.0,3830.0,14987400.0
2025-12-30,3790.0,3830.0,3740.0,3750.0,3750.0,8850500.0
2026-01-02,3760.0,3900.0,3750.0,3750.0,3750.0,10798500.0
2026-01-05,3770.0,3870.0,3760.0,3820.0,3820.0,13583500.0
2026-01-06,3800.0,3810.0,3630.0,3800.0,3800.0,28187200.0
2026-01-07,3800.0,4130.0,3760.0,4000.0,4000.0,39205800.0
2026-01-08,4030.0,4310.0,3890.0,4300.0,4300.0,39681000.0
2026-01-09,4250.0,4300.0,4060.0,4260.0,4260.0,72161000.0
2026-01-12,4290.0,4440.0,3630.0,4010.0,4010.0,51011800.0
2026-01-13,4010.0,4060.0,3880.0,3910.0,3910.0,27044400.0
2026-01-14,3940.0,4250.0,3930.0,4110.0,4110.0,26166100.0
2026-01-15,4170.0,4170.0,3990.0,4010.0,4010.0,13266700.0
2026-01-19,3990.0,4030.0,3890.0,3940.0,3940.0,16304200.0
2026-01-20,3940.0,4270.0,3900.0,4270.0,4270.0,33650900.0
2026-01-21,4260.0,4260.0,4060.0,4150.0,4150.0,18124300.0
2026-01-22,4190.0,4440.0,4170.0,4310.0,4310.0,41320000.0
2026-01-23,4340.0,4360.0,4230.0,4360.0,4360.0,24894900.0
2026-01-26,4320.0,4550.0,4300.0,4360.0,4360.0,31067400.0
2026-01-27,4350.0,4550.0,4320.0,4490.0,4490.0,22273300.0
2026-01-28,3820.0,3920.0,3820.0,3820.0,3820.0,94714500.0
2026-01-29,3300.0,3560.0,3250.0,3250.0,3250.0,296795800.0
2026-01-30,3400.0,3440.0,3210.0,3300.0,3300.0,99260600.0
2026-02-02,3270.0,3350.0,2830.0,2910.0,2910.0,103514500.0
2026-02-03,3110.0,3210.0,2950.0,3130.0,3130.0,63196600.0
2026-02-04,3130.0,3230.0,3030.0,3100.0,3100.0,52879100.0
2026-02-05,3110.0,3120.0,2920.0,2920.0,2920.0,44540300.0
2026-02-06,2800.0,2950.0,2780.0,2890.0,2890.0,30593300.0
2026-02-09,2930.0,2990.0,2860.0,2930.0,2930.0,24893800.0
2026-02-10,2930.0,2990.0,2880.0,2900.0,2900.0,29122400.0
2026-02-11,2860.0,3020.0,2860.0,3010.0,3010.0,50191500.0
2026-02-12,3040.0,3060.0,2990.0,3010.0,3010.0,22676100.0
2026-02-13,2990.0,3000.0,2840.0,2850.0,2850.0,45312000.0
2026-02-18,2810.0,2930.0,2810.0,2890.0,2890.0,23378300.0
2026-02-19,2900.0,2970.0,2830.0,2860.0,2860.0,31891500.0
2026-02-20,2870.0,3120.0,2870.0,3120.0,3120.0,66330000.0
2026-02-23,3220.0,3350.0,3160.0,3280.0,3280.0,80576000.0
2026-02-24,3260.0,3290.0,3150.0,3170.0,3170.0,38168400.0
2026-02-25,3220.0,3360.0,3210.0,3360.0,3360.0,50473100.0
2026-02-26,3360.0,3400.0,3120.0,3180.0,3180.0,59793000.0
2026-02-27,3140.0,3210.0,3100.0,3170.0,3170.0,25405000.0
2026-03-02,3010.0,3100.0,2950.0,2960.0,2960.0,52989100.0
2026-03-03,2960.0,3060.0,2920.0,2930.0,2930.0,25175600.0
2026-03-04,2890.0,2930.0,2710.0,2820.0,2820.0,37465900.0
2026-03-05,2870.0,2940.0,2850.0,2870.0,2870.0,22068400.0
2026-03-06,2860.0,2870.0,2660.0,2760.0,2760.0,70218200.0
2026-03-09,2620.0,2720.0,2470.0,2580.0,2580.0,67840700.0
2026-03-10,2670.0,2890.0,2670.0,2850.0,2850.0,33166400.0
2026-03-11,2870.0,2950.0,2780.0,2780.0,2780.0,19637600.0
2026-03-12,2770.0,2850.0,2720.0,2820.0,2820.0,12846900.0
2026-03-13,2810.0,2850.0,2640.0,2650.0,2650.0,16904100.0
2026-03-16,2650.0,2650.0,2530.0,2560.0,2560.0,13206800.0
2026-03-17,2610.0,2960.0,2610.0,2960.0,2960.0,46060600.0
2026-03-25,2900.0,2930.0,2850.0,2920.0,2920.0,15125700.0
2026-03-26,2910.0,2950.0,2860.0,2910.0,2910.0,12835600.0
2026-03-27,2900.0,2910.0,2830.0,2830.0,2830.0,4443300.0
2026-03-30,2770.0,2900.0,2740.0,2850.0,2850.0,15141200.0
2026-03-31,2900.0,3020.0,2890.0,2950.0,2950.0,25385000.0
2026-04-01,2980.0,3030.0,2980.0,3000.0,3000.0,18952300.0
2026-04-02,3000.0,3050.0,2900.0,2900.0,2900.0,14206800.0
2026-04-06,2900.0,2970.0,2840.0,2900.0,2900.0,14570900.0
2026-04-07,2910.0,2920.0,2830.0,2830.0,2830.0,11893300.0
2026-04-08,2910.0,3140.0,2830.0,3120.0,3120.0,36354400.0
2026-04-09,3110.0,3210.0,2990.0,3090.0,3090.0,30722800.0
2026-04-10,3110.0,3170.0,3110.0,3160.0,3160.0,8525300.0
2026-04-13,3080.0,3170.0,3080.0,3110.0,3110.0,8868800.0
2026-04-14,3120.0,3290.0,3100.0,3190.0,3190.0,21799600.0
2026-04-15,3210.0,3230.0,3170.0,3190.0,3190.0,10030400.0
2026-04-16,3200.0,3240.0,3130.0,3160.0,3160.0,4319700.0
2026-04-17,3190.0,3280.0,3080.0,3280.0,3280.0,6978900.0
2026-04-20,3240.0,3250.0,3190.0,3200.0,3200.0,6438600.0
2026-04-21,3230.0,3230.0,3120.0,3210.0,3210.0,9250200.0
2026-04-22,3210.0,3250.0,3160.0,3170.0,3170.0,6479800.0
2026-04-23,3170.0,3200.0,3120.0,3140.0,3140.0,10719900.0
2026-04-24,3140.0,3140.0,3000.0,3070.0,3070.0,7629600.0
2026-04-27,3070.0,3150.0,3070.0,3140.0,3140.0,3996800.0
2026-04-28,3150.0,3160.0,3030.0,3030.0,3030.0,3360500.0
2026-04-29,3040.0,3090.0,2970.0,3000.0,3000.0,3188900.0
2026-04-30,3000.0,3020.0,2920.0,2940.0,2940.0,8030100.0
2026-05-04,2930.0,3090.0,2930.0,3030.0,3030.0,5226200.0
2026-05-05,3030.0,3120.0,3000.0,3070.0,3070.0,5726100.0
2026-05-06,3100.0,3130.0,3060.0,3110.0,3110.0,4498200.0
2026-05-07,3120.0,3240.0,3120.0,3230.0,3230.0,16614400.0
2026-05-08,3230.0,3240.0,3020.0,3050.0,3050.0,8249300.0
2026-05-11,3050.0,3070.0,2990.0,3020.0,3020.0,5380600.0
2026-05-12,3020.0,3100.0,3020.0,3100.0,3100.0,4637800.0
2026-05-13,3090.0,3110.0,3020.0,3030.0,3030.0,7305900.0
2026-05-14,3030.0,3030.0,3030.0,3030.0,3030.0,0.0
2026-05-15,3030.0,3030.0,3030.0,3030.0,3030.0,0.0
2026-05-18,3040.0,3040.0,2850.0,2940.0,2940.0,9743400.0
2026-05-19,2960.0,3040.0,2810.0,2930.0,2930.0,16937900.0
2026-05-20,2930.0,3000.0,2830.0,2910.0,2910.0,12691300.0
2026-05-21,2910.0,2930.0,2660.0,2660.0,2660.0,13571800.0
2026-05-22,2650.0,2780.0,2580.0,2750.0,2750.0,16279400.0
2026-05-25,2720.0,2960.0,2700.0,2880.0,2880.0,12293400.0
2026-05-26,2900.0,2950.0,2750.0,2770.0,2770.0,6432900.0
2026-05-27,2770.0,2770.0,2770.0,2770.0,2770.0,0.0
2026-05-28,2770.0,2770.0,2770.0,2770.0,2770.0,0.0
2026-05-29,2770.0,2880.0,2760.0,2830.0,2830.0,18199600.0
2026-06-02,2830.0,2880.0,2770.0,2880.0,2880.0,4873200.0
2026-06-03,2900.0,2900.0,2700.0,2830.0,2830.0,11602800.0
2026-06-04,2830.0,2850.0,2590.0,2670.0,2670.0,24462900.0
2026-06-05,2670.0,2720.0,2640.0,2650.0,2650.0,6281600.0
2026-06-08,2580.0,2610.0,2410.0,2440.0,2440.0,8762900.0
2026-06-09,2420.0,2560.0,2330.0,2510.0,2510.0,13673500.0
2026-06-10,2500.0,2580.0,2440.0,2540.0,2540.0,9944700.0
2026-06-11,2540.0,2670.0,2490.0,2610.0,2610.0,11882800.0
2026-06-12,2630.0,2650.0,2520.0,2570.0,2570.0,9433800.0
2026-06-15,2580.0,2610.0,2510.0,2550.0,2550.0,10275500.0
2026-06-17,2570.0,2630.0,2540.0,2580.0,2580.0,9852200.0
2026-06-18,2580.0,2590.0,2460.0,2550.0,2550.0,4830200.0
2026-06-19,2550.0,2580.0,2480.0,2580.0,2580.0,14479900.0
2026-06-22,2700.0,2700.0,2490.0,2520.0,2520.0,2781200.0
2026-06-23,2520.0,2530.0,2480.0,2530.0,2530.0,3507000.0
2026-06-24,2500.0,2560.0,2490.0,2490.0,2490.0,3553200.0
2026-06-25,2500.0,2610.0,2480.0,2520.0,2520.0,6861700.0
2026-06-26,2540.0,2550.0,2470.0,2480.0,2480.0,2152700.0
2026-06-29,2480.0,2480.0,2370.0,2380.0,2380.0,3785000.0
2026-06-30,2380.0,2420.0,2310.0,2370.0,2370.0,6765100.0
2026-07-01,2310.0,2380.0,2310.0,2370.0,2370.0,2972600.0
2026-07-02,2370.0,2410.0,2360.0,2410.0,2410.0,4229700.0
2026-07-03,2410.0,2540.0,2410.0,2530.0,2530.0,6663200.0
2026-07-06,2530.0,2580.0,2500.0,2510.0,2510.0,3232700.0
2026-07-07,2520.0,2620.0,2520.0,2590.0,2590.0,4491700.0
2026-07-08,2600.0,2610.0,2500.0,2510.0,2510.0,2747000.0
2026-07-09,2510.0,2540.0,2440.0,2450.0,2450.0,6002000.0
2026-07-10,2490.0,2490.0,2430.0,2450.0,2450.0,2157900.0
2026-07-13,2440.0,2490.0,2430.0,2480.0,2480.0,3587100.0
2026-07-14,2500.0,2540.0,2460.0,2530.0,2530.0,5084100.0
2026-07-15,2530.0,2550.0,2490.0,2550.0,2550.0,3595500.0
2026-07-16,2550.0,2630.0,2500.0,2600.0,2600.0,6884000.0
2026-07-17,2600.0,2600.0,2570.0,2580.0,2580.0,3073000.0
2026-07-20,2580.0,2660.0,2560.0,2600.0,2600.0,6975500.0
2026-07-21,2580.0,2600.0,2560.0,2570.0,2570.0,6154100.0
2026-07-22,2580.0,2590.0,2520.0,2550.0,2550.0,8271000.0
2026-07-23,2550.0,2590.0,2500.0,2540.0,2540.0,10683700.0
2026-07-24,2540.0,2550.0,2400.0,2410.0,2410.0,8346800.0
2026-07-27,2410.0,2450.0,2350.0,2370.0,2370.0,4837600.0
2026-07-28,2370.0,2490.0,2370.0,2440.0,2440.0,7592700.0
2026-07-29,2480.0,2480.0,2400.0,2420.0,2420.0,2755500.0
2026-07-30,2420.0,2480.0,2400.0,2460.0,2460.0,3486200.0
2026-07-31,2460.0,2470.0,2430.0,2440.0,2440.0,2392900.0
2026-08-03,2470.0,2540.0,2450.0,2530.0,2530.0,8010900.0
2026-08-04,2530.0,2540.0,2510.0,2510.0,2510.0,1918700.0
2026-08-05,2530.0,2600.0,2520.0,2560.0,2560.0,4775600.0
2026-08-06,2570.0,2570.0,2470.0,2500.0,2500.0,6373600.0
2026-08-07,2500.0,2570.0,2500.0,2550.0,2550.0,4237400.0
2026-08-10,2550.0,2570.0,2500.0,2500.0,2500.0,3968100.0
2026-08-11,2520.0,2520.0,2410.0,2410.0,2410.0,8128800.0
2026-08-12,2440.0,2640.0,2430.0,2560.0,2560.0,26942600.0
2026-08-13,2640.0,2640.0,2530.0,2630.0,2630.0,13349800.0
2026-08-14,2620.0,2810.0,2600.0,2800.0,2800.0,19243500.0
2026-08-18,2840.0,2930.0,2760.0,2910.0,2910.0,10371800.0
2026-08-19,2910.0,2930.0,2830.0,2860.0,2860.0,10094800.0
2026-08-20,2860.0,2890.0,2810.0,2830.0,2830.0,5310100.0
2026-08-21,2840.0,2870.0,2830.0,2840.0,2840.0,3456700.0
2026-08-24,2840.0,2840.0,2670.0,2700.0,2700.0,10104100.0
2026-08-26,2700.0,2770.0,2660.0,2700.0,2700.0,5159000.0
2026-08-27,2700.0,2790.0,2680.0,2770.0,2770.0,4733500.0
2026-08-28,2820.0,2830.0,2760.0,2770.0,2770.0,5397800.0
2026-08-31,2770.0,2860.0,2710.0,2820.0,2820.0,9277600.0
2026-09-01,2820.0,2850.0,2750.0,2770.0,2770.0,4177500.0
2026-09-02,2790.0,2790.0,2680.0,2710.0,2710.0,4979400.0
2026-09-03,2710.0,2790.0,2710.0,2740.0,2740.0,4344000.0
2026-09-04,2770.0,2770.0,2690.0,2710.0,2710.0,6732000.0
2026-09-07,2720.0,2750.0,2700.0,2710.0,2710.0,1682300.0
2026-09-08,2730.0,2750.0,2700.0,2740.0,2740.0,3136500.0
2026-09-09,2760.0,2780.0,2700.0,2730.0,2730.0,6836800.0
2026-09-10,2730.0,2780.0,2670.0,2700.0,2700.0,9761700.0
2026-09-11,2680.0,2690.0,2620.0,2630.0,2630.0,6844300.0
2026-09-14,2630.0,2660.0,2540.0,2550.0,2550.0,7008000.0
2026-09-15,2560.0,2600.0,2550.0,2550.0,2550.0,3888900.0
2026-09-16,2550.0,2600.0,2530.0,2540.0,2540.0,5181800.0
2026-09-17,2540.0,2590.0,2530.0,2580.0,2580.0,3041600.0
2026-09-18,2560.0,2570.0,2500.0,2500.0,2500.0,36585900.0
2026-09-21,2500.0,2500.0,2410.0,2420.0,2420.0,7498000.0
2026-09-22,2430.0,2500.0,2380.0,2410.0,2410.0,8627100.0
