Date,Open,High,Low,Close,Adj Close,Volume
2016-09-22,9600.0,9700.0,9400.0,9475.0,7533.45947265625,7244400.0
2016-09-23,9500.0,9550.0,9325.0,9500.0,7553.33837890625,6806100.0
2016-09-26,9450.0,9450.0,9300.0,9350.0,7434.07373046875,2836400.0
2016-09-27,9300.0,9350.0,9200.0,9300.0,7394.3212890625,12236400.0
2016-09-28,9375.0,9650.0,9325.0,9625.0,7652.72314453125,13060600.0
2016-09-29,9700.0,9775.0,9575.0,9725.0,7732.2314453125,5939800.0
2016-09-30,9700.0,9700.0,9475.0,9475.0,7533.45947265625,6148100.0
2016-10-03,9475.0,9750.0,9475.0,9750.0,7752.1103515625,2909900.0
2016-10-04,9750.0,9800.0,9625.0,9750.0,7752.1103515625,4785300.0
2016-10-05,9775.0,9775.0,9475.0,9725.0,7732.2314453125,2798900.0
2016-10-06,9700.0,9800.0,9650.0,9725.0,7732.2314453125,1875100.0
2016-10-07,9725.0,9750.0,9550.0,9575.0,7612.96923828125,2410900.0
2016-10-10,9800.0,9800.0,9575.0,9625.0,7652.72314453125,1783600.0
2016-10-11,9600.0,9800.0,9575.0,9800.0,7791.86474609375,3758900.0
2016-10-12,9625.0,10000.0,9625.0,9800.0,7791.86474609375,5154700.0
2016-10-13,9800.0,9975.0,9475.0,9475.0,7533.45947265625,3217500.0
2016-10-14,9525.0,9950.0,9525.0,9800.0,7791.86474609375,4129300.0
2016-10-17,9775.0,9825.0,9600.0,9600.0,7632.845703125,4754800.0
2016-10-18,9600.0,9650.0,9525.0,9525.0,7573.21435546875,2668700.0
2016-10-19,9525.0,9625.0,9450.0,9450.0,7513.5830078125,3324400.0
2016-10-20,9550.0,9625.0,9450.0,9475.0,7533.45947265625,1461900.0
2016-10-21,9600.0,9700.0,9500.0,9575.0,7612.96923828125,2176700.0
2016-10-24,9500.0,9725.0,9500.0,9500.0,7553.33837890625,2595300.0
2016-10-25,9525.0,9650.0,9525.0,9600.0,7632.845703125,1662300.0
2016-10-26,9525.0,9675.0,9500.0,9525.0,7573.21435546875,2304300.0
2016-10-27,9525.0,9575.0,9475.0,9575.0,7612.96923828125,3010700.0
2016-10-28,9650.0,9650.0,9525.0,9525.0,7573.21435546875,774700.0
2016-10-31,9450.0,9650.0,9350.0,9400.0,7473.82861328125,4146000.0
2016-11-01,9350.0,9400.0,9175.0,9200.0,7314.81103515625,6362800.0
2016-11-02,9200.0,9300.0,9125.0,9150.0,7275.05712890625,4497700.0
2016-11-03,9150.0,9250.0,8800.0,8800.0,6996.775390625,6631700.0
2016-11-04,8900.0,9125.0,8825.0,9100.0,7235.30224609375,5100200.0
2016-11-07,9050.0,9350.0,9000.0,9275.0,7374.443359375,4900200.0
2016-11-08,9350.0,9600.0,9300.0,9575.0,7612.96923828125,7809500.0
2016-11-09,9650.0,9650.0,9125.0,9450.0,7513.5830078125,7722400.0
2016-11-10,9500.0,9625.0,9425.0,9425.0,7493.70654296875,5432600.0
2016-11-11,9350.0,9350.0,8725.0,8775.0,6976.89892578125,11327100.0
2016-11-14,8700.0,8800.0,8350.0,8550.0,6798.00341796875,17381700.0
2016-11-15,8600.0,8850.0,8350.0,8650.0,6877.5126953125,12599700.0
2016-11-16,8650.0,8975.0,8650.0,8825.0,7016.65380859375,6880100.0
2016-11-17,8850.0,9100.0,8775.0,9100.0,7235.30224609375,2864200.0
2016-11-18,9100.0,9100.0,8800.0,9100.0,7235.30224609375,6086400.0
2016-11-21,9100.0,9100.0,8750.0,8775.0,6976.89892578125,6870800.0
2016-11-22,8775.0,8850.0,8650.0,8725.0,6937.14453125,5117400.0
2016-11-23,8725.0,8775.0,8625.0,8775.0,6976.89892578125,4595100.0
2016-11-24,8725.0,8750.0,8550.0,8550.0,6798.00341796875,3254100.0
2016-11-25,8550.0,8550.0,8250.0,8275.0,6579.35498046875,5137100.0
2016-11-28,8150.0,8400.0,8150.0,8350.0,6638.9853515625,4295500.0
2016-11-29,8350.0,8525.0,8300.0,8425.0,6698.61767578125,4288600.0
2016-11-30,8475.0,8725.0,8450.0,8650.0,6877.5126953125,6724600.0
2016-12-01,8650.0,8800.0,8600.0,8625.0,6857.6357421875,2329600.0
2016-12-02,8600.0,8825.0,8525.0,8750.0,6957.021484375,2588500.0
2016-12-05,8750.0,8975.0,8750.0,8875.0,7056.408203125,2353500.0
2016-12-06,8975.0,9025.0,8675.0,8700.0,6917.267578125,3537700.0
2016-12-07,8700.0,8725.0,8575.0,8675.0,6897.3896484375,4306300.0
2016-12-08,8700.0,8850.0,8600.0,8850.0,7036.53076171875,4035300.0
2016-12-09,8750.0,8850.0,8750.0,8850.0,7036.53076171875,1367200.0
2016-12-13,8850.0,8950.0,8725.0,8950.0,7116.03955078125,3094300.0
2016-12-14,8900.0,8950.0,8825.0,8925.0,7096.1611328125,2122900.0
2016-12-15,8900.0,8900.0,8700.0,8700.0,6917.267578125,1550300.0
2016-12-16,8650.0,8775.0,8550.0,8625.0,6857.6357421875,5904800.0
2016-12-19,8625.0,8625.0,8325.0,8325.0,6619.10888671875,3434300.0
2016-12-20,8350.0,8425.0,8100.0,8175.0,6499.8447265625,3391800.0
2016-12-21,8200.0,8300.0,7925.0,7925.0,6301.07373046875,4791800.0
2016-12-22,7925.0,8050.0,7700.0,7775.0,6181.810546875,5362800.0
2016-12-23,7675.0,7900.0,7550.0,7550.0,6002.91552734375,6383800.0
2016-12-27,7600.0,8075.0,7600.0,7950.0,6320.951171875,2735300.0
2016-12-28,8000.0,8375.0,8000.0,8325.0,6619.10888671875,5231800.0
2016-12-29,8350.0,8650.0,8275.0,8625.0,6857.6357421875,4821800.0
2016-12-30,8600.0,8675.0,8425.0,8575.0,6817.88134765625,6203000.0
2017-01-02,8575.0,8575.0,8575.0,8575.0,6817.88134765625,0.0
2017-01-03,8500.0,8625.0,8400.0,8600.0,6837.7587890625,2040600.0
2017-01-04,8575.0,8750.0,8575.0,8600.0,6837.7587890625,4027100.0
2017-01-05,8600.0,8700.0,8550.0,8575.0,6817.88134765625,3970900.0
2017-01-06,8650.0,8650.0,8525.0,8525.0,6778.1259765625,1497300.0
2017-01-09,8525.0,8800.0,8525.0,8800.0,6996.775390625,5899200.0
2017-01-10,8800.0,8825.0,8600.0,8775.0,6976.89892578125,1942400.0
2017-01-11,8700.0,8725.0,8575.0,8575.0,6817.88134765625,2354800.0
2017-01-12,8525.0,8625.0,8525.0,8550.0,6798.00341796875,1985700.0
2017-01-13,8500.0,8600.0,8450.0,8525.0,6778.1259765625,4278600.0
2017-01-16,8400.0,8550.0,8375.0,8450.0,6718.4951171875,3834200.0
2017-01-17,8450.0,8525.0,8425.0,8425.0,6698.61767578125,2273700.0
2017-01-18,8375.0,8600.0,8375.0,8575.0,6817.88134765625,4515000.0
2017-01-19,8600.0,8650.0,8575.0,8600.0,6837.7587890625,4785000.0
2017-01-20,8600.0,8600.0,8425.0,8500.0,6758.2490234375,2326100.0
2017-01-23,8500.0,8550.0,8350.0,8450.0,6718.4951171875,1040900.0
2017-01-24,8425.0,8550.0,8425.0,8475.0,6738.37255859375,3841900.0
2017-01-25,8600.0,8600.0,8450.0,8600.0,6837.7587890625,1916400.0
2017-01-26,8650.0,8700.0,8475.0,8550.0,6798.00341796875,2818800.0
2017-01-27,8500.0,8650.0,8450.0,8550.0,6798.00341796875,923300.0
2017-01-30,8550.0,8550.0,8425.0,8475.0,6738.37255859375,1782100.0
2017-01-31,8400.0,8525.0,8400.0,8400.0,6678.74072265625,2976900.0
2017-02-01,8400.0,8500.0,8400.0,8425.0,6698.61767578125,3966000.0
2017-02-02,8425.0,8500.0,8400.0,8450.0,6718.4951171875,6861500.0
2017-02-03,8450.0,8475.0,8375.0,8450.0,6718.4951171875,5433300.0
2017-02-06,8425.0,8575.0,8400.0,8575.0,6817.88134765625,2118200.0
2017-02-07,8575.0,8575.0,8475.0,8475.0,6738.37255859375,2710300.0
2017-02-08,8525.0,8525.0,8425.0,8500.0,6758.2490234375,2501600.0
2017-02-09,8525.0,8550.0,8425.0,8500.0,6758.2490234375,3318400.0
2017-02-10,8450.0,8550.0,8450.0,8550.0,6798.00341796875,3053900.0
2017-02-13,8475.0,8525.0,8475.0,8500.0,6758.2490234375,7923300.0
2017-02-14,8475.0,8525.0,8450.0,8450.0,6718.4951171875,7508800.0
2017-02-15,8450.0,8450.0,8450.0,8450.0,6718.4951171875,0.0
2017-02-16,8400.0,8450.0,8375.0,8400.0,6678.74072265625,16963200.0
2017-02-17,8400.0,8450.0,8350.0,8375.0,6658.86376953125,4533500.0
2017-02-20,8400.0,8450.0,8350.0,8375.0,6658.86376953125,4499500.0
2017-02-21,8425.0,8475.0,8250.0,8250.0,6559.47705078125,4601400.0
2017-02-22,8400.0,8425.0,8250.0,8250.0,6559.47705078125,8560200.0
2017-02-23,8250.0,8375.0,8250.0,8300.0,6599.23095703125,9825900.0
2017-02-24,8250.0,8375.0,8250.0,8325.0,6619.10888671875,5325200.0
2017-02-27,8350.0,8375.0,8300.0,8350.0,6638.9853515625,3935800.0
2017-02-28,8300.0,8350.0,8275.0,8325.0,6619.10888671875,4578500.0
2017-03-01,8250.0,8325.0,8200.0,8275.0,6579.35498046875,3424800.0
2017-03-02,8300.0,8375.0,8250.0,8250.0,6559.47705078125,3950900.0
2017-03-03,8275.0,8375.0,8225.0,8225.0,6539.60009765625,3121200.0
2017-03-06,8325.0,8350.0,8225.0,8300.0,6599.23095703125,1353200.0
2017-03-07,8300.0,8300.0,8150.0,8225.0,6539.60009765625,7297300.0
2017-03-08,8300.0,8300.0,8075.0,8200.0,6519.72265625,6077600.0
2017-03-09,8150.0,8225.0,8125.0,8150.0,6479.96875,1970600.0
2017-03-10,8225.0,8225.0,8075.0,8150.0,6479.96875,2782500.0
2017-03-13,8150.0,8325.0,8150.0,8325.0,6619.10888671875,1766300.0
2017-03-14,8350.0,8475.0,8275.0,8375.0,6658.86376953125,3421700.0
2017-03-15,8400.0,8525.0,8275.0,8475.0,6738.37255859375,4179400.0
2017-03-16,8550.0,8875.0,8450.0,8825.0,7016.65380859375,10142600.0
2017-03-17,8875.0,8900.0,8525.0,8700.0,6917.267578125,10546500.0
2017-03-20,8725.0,8750.0,8625.0,8725.0,6937.14453125,2024700.0
2017-03-21,8725.0,8750.0,8600.0,8725.0,6937.14453125,2329100.0
2017-03-22,8700.0,8800.0,8500.0,8800.0,6996.775390625,5600600.0
2017-03-23,8775.0,8800.0,8750.0,8775.0,6976.89892578125,3011200.0
2017-03-24,8900.0,8950.0,8550.0,8600.0,6837.7587890625,6528800.0
2017-03-27,8425.0,8650.0,8425.0,8425.0,6698.61767578125,2833700.0
2017-03-29,8450.0,8575.0,8375.0,8375.0,6658.86376953125,9925900.0
2017-03-30,8250.0,8450.0,8250.0,8250.0,6559.47705078125,7328100.0
2017-03-31,8250.0,8400.0,8150.0,8150.0,6479.96875,4878300.0
2017-04-03,8200.0,8450.0,8200.0,8425.0,6698.61767578125,2068600.0
2017-04-04,8400.0,8425.0,8275.0,8400.0,6678.74072265625,3444200.0
2017-04-05,8400.0,8400.0,8400.0,8400.0,6678.74072265625,0.0
2017-04-06,8300.0,8325.0,8200.0,8225.0,6539.60009765625,10471800.0
2017-04-07,8200.0,8225.0,8150.0,8175.0,6499.8447265625,7078600.0
2017-04-10,8200.0,8250.0,8150.0,8175.0,6499.8447265625,3083400.0
2017-04-11,8200.0,8225.0,8100.0,8125.0,6460.09130859375,7277700.0
2017-04-12,8100.0,8125.0,7975.0,8100.0,6440.2138671875,13885500.0
2017-04-13,8100.0,8200.0,8100.0,8125.0,6460.09130859375,4228100.0
2017-04-17,8100.0,8225.0,8100.0,8150.0,6479.96875,3206500.0
2017-04-18,8175.0,8200.0,8075.0,8200.0,6519.72265625,7389500.0
2017-04-19,8200.0,8200.0,8200.0,8200.0,6519.72265625,0.0
2017-04-20,8100.0,8225.0,8100.0,8175.0,6499.8447265625,3410900.0
2017-04-21,8200.0,8425.0,8150.0,8400.0,6678.74072265625,4351900.0
2017-04-25,8450.0,8500.0,8375.0,8500.0,6758.2490234375,6203900.0
2017-04-26,8500.0,8550.0,8425.0,8525.0,6778.1259765625,6733500.0
2017-04-27,8525.0,8725.0,8500.0,8700.0,6917.267578125,10926300.0
2017-04-28,8800.0,8950.0,8775.0,8775.0,6976.89892578125,16681500.0
2017-05-02,8775.0,8775.0,8550.0,8550.0,6798.00341796875,3454900.0
2017-05-03,8550.0,8650.0,8475.0,8600.0,6837.7587890625,5304900.0
2017-05-04,8550.0,8650.0,8425.0,8600.0,6837.7587890625,6363800.0
2017-05-05,8600.0,8650.0,8550.0,8625.0,6857.6357421875,3246000.0
2017-05-08,8650.0,8675.0,8600.0,8600.0,6837.7587890625,5840400.0
2017-05-09,8675.0,8675.0,8600.0,8625.0,6857.6357421875,4784600.0
2017-05-10,8675.0,8700.0,8500.0,8700.0,6917.267578125,3719900.0
2017-05-12,8700.0,8750.0,8600.0,8600.0,6837.7587890625,3426100.0
2017-05-15,8675.0,8700.0,8550.0,8625.0,6857.6357421875,2144400.0
2017-05-16,8575.0,8675.0,8575.0,8575.0,6817.88134765625,2670000.0
2017-05-17,8600.0,8725.0,8525.0,8700.0,6917.267578125,8964800.0
2017-05-18,8550.0,8725.0,8525.0,8700.0,6917.267578125,3936900.0
2017-05-19,8725.0,9225.0,8625.0,9100.0,7235.30224609375,8295800.0
2017-05-22,9100.0,9175.0,8650.0,8750.0,6957.021484375,7913700.0
2017-05-23,8750.0,8825.0,8725.0,8825.0,7016.65380859375,6923600.0
2017-05-24,8700.0,8850.0,8625.0,8825.0,7016.65380859375,2350300.0
2017-05-26,8900.0,8900.0,8750.0,8800.0,6996.775390625,5057600.0
2017-05-29,8850.0,8875.0,8700.0,8825.0,7016.65380859375,2551400.0
2017-05-30,8825.0,8950.0,8650.0,8675.0,6897.3896484375,4949200.0
2017-05-31,8675.0,8775.0,8675.0,8700.0,6917.267578125,11977000.0
2017-06-01,8700.0,8700.0,8700.0,8700.0,6917.267578125,0.0
2017-06-02,8725.0,8825.0,8675.0,8700.0,6917.267578125,7379300.0
2017-06-05,8750.0,8800.0,8700.0,8800.0,6996.775390625,1720100.0
2017-06-06,8800.0,8850.0,8700.0,8750.0,6957.021484375,4460800.0
2017-06-07,8700.0,8800.0,8700.0,8725.0,6937.14453125,1998200.0
2017-06-08,8725.0,8750.0,8375.0,8475.0,6738.37255859375,23630500.0
2017-06-09,8475.0,8525.0,8325.0,8400.0,6678.74072265625,15467600.0
2017-06-12,8350.0,8525.0,8275.0,8475.0,6864.21630859375,3301800.0
2017-06-13,8500.0,8500.0,8450.0,8500.0,6884.46435546875,4854500.0
2017-06-14,8500.0,8750.0,8475.0,8750.0,7086.94873046875,3812300.0
2017-06-15,8700.0,8800.0,8625.0,8750.0,7086.94873046875,3319400.0
2017-06-16,8650.0,8800.0,8550.0,8750.0,7086.94873046875,6907000.0
2017-06-19,8750.0,8750.0,8625.0,8675.0,7026.203125,2558900.0
2017-06-20,8750.0,8800.0,8625.0,8775.0,7107.197265625,6849400.0
2017-06-21,8700.0,8825.0,8700.0,8800.0,7127.44482421875,4372000.0
2017-06-22,8850.0,8875.0,8650.0,8800.0,7127.44482421875,1813600.0
2017-06-23,8800.0,8800.0,8800.0,8800.0,7127.44482421875,0.0
2017-06-26,8800.0,8800.0,8800.0,8800.0,7127.44482421875,0.0
2017-06-27,8800.0,8800.0,8800.0,8800.0,7127.44482421875,0.0
2017-06-28,8800.0,8800.0,8800.0,8800.0,7127.44482421875,0.0
2017-06-29,8800.0,8800.0,8800.0,8800.0,7127.44482421875,0.0
2017-06-30,8800.0,8800.0,8800.0,8800.0,7127.44482421875,0.0
2017-07-03,8650.0,8825.0,8650.0,8800.0,7127.44482421875,4120600.0
2017-07-04,8750.0,8800.0,8750.0,8800.0,7127.44482421875,9774600.0
2017-07-05,8825.0,8825.0,8600.0,8675.0,7026.203125,6315500.0
2017-07-06,8675.0,8725.0,8475.0,8525.0,6904.71240234375,12517900.0
2017-07-07,8550.0,8575.0,8400.0,8500.0,6884.46435546875,6387800.0
2017-07-10,8600.0,8600.0,8450.0,8500.0,6884.46435546875,1792400.0
2017-07-11,8500.0,8500.0,8425.0,8475.0,6864.21630859375,3445800.0
2017-07-12,8550.0,8600.0,8500.0,8525.0,6904.71240234375,1416000.0
2017-07-13,8600.0,8600.0,8475.0,8600.0,6965.458984375,2903300.0
2017-07-14,8525.0,8700.0,8525.0,8700.0,7046.4521484375,3428100.0
2017-07-17,8750.0,8750.0,8550.0,8650.0,7005.955078125,2186300.0
2017-07-18,8600.0,8650.0,8575.0,8625.0,6985.70703125,2151500.0
2017-07-19,8625.0,8625.0,8425.0,8500.0,6884.46435546875,8057800.0
2017-07-20,8500.0,8550.0,8450.0,8500.0,6884.46435546875,6661200.0
2017-07-21,8600.0,8600.0,8450.0,8475.0,6864.21630859375,13697800.0
2017-07-24,8475.0,8650.0,8450.0,8650.0,7005.955078125,6005200.0
2017-07-25,8650.0,8675.0,8550.0,8675.0,7026.203125,2926200.0
2017-07-26,8600.0,8650.0,8500.0,8625.0,6985.70703125,4498600.0
2017-07-27,8625.0,8625.0,8550.0,8600.0,6965.458984375,4940000.0
2017-07-28,8600.0,8625.0,8450.0,8475.0,6864.21630859375,6042700.0
2017-07-31,8450.0,8500.0,8275.0,8350.0,6762.97314453125,11906600.0
2017-08-01,8300.0,8350.0,8250.0,8325.0,6742.7255859375,6721800.0
2017-08-02,8300.0,8350.0,8175.0,8300.0,6722.4765625,4626600.0
2017-08-03,8250.0,8325.0,8225.0,8300.0,6722.4765625,4140600.0
2017-08-04,8250.0,8350.0,8200.0,8300.0,6722.4765625,5412100.0
2017-08-07,8300.0,8325.0,8275.0,8275.0,6702.22900390625,3145300.0
2017-08-08,8275.0,8350.0,8225.0,8350.0,6762.97314453125,2875600.0
2017-08-09,8350.0,8350.0,8225.0,8350.0,6762.97314453125,5668900.0
2017-08-10,8375.0,8375.0,8275.0,8300.0,6722.4765625,1069600.0
2017-08-11,8275.0,8350.0,8200.0,8350.0,6762.97314453125,3737400.0
2017-08-14,8275.0,8400.0,8275.0,8350.0,6762.97314453125,2787400.0
2017-08-15,8325.0,8425.0,8300.0,8400.0,6803.47119140625,2480500.0
2017-08-16,8425.0,8675.0,8400.0,8675.0,7026.203125,5832600.0
2017-08-17,8675.0,8675.0,8675.0,8675.0,7026.203125,0.0
2017-08-18,8650.0,8700.0,8475.0,8700.0,7046.4521484375,5200300.0
2017-08-21,8650.0,8700.0,8500.0,8675.0,7026.203125,3484700.0
2017-08-22,8600.0,8775.0,8600.0,8725.0,7066.7001953125,4678600.0
2017-08-23,8725.0,8800.0,8600.0,8725.0,7066.7001953125,5490200.0
2017-08-24,8725.0,8725.0,8525.0,8600.0,6965.458984375,1898200.0
2017-08-25,8600.0,8875.0,8550.0,8850.0,7167.94287109375,5923100.0
2017-08-28,8850.0,8850.0,8675.0,8800.0,7127.44482421875,1071700.0
2017-08-29,8700.0,8725.0,8600.0,8675.0,7026.203125,5370400.0
2017-08-30,8675.0,8700.0,8600.0,8650.0,7005.955078125,2446100.0
2017-08-31,8650.0,8725.0,8575.0,8725.0,7066.7001953125,1772800.0
2017-09-01,8725.0,8725.0,8725.0,8725.0,7066.7001953125,0.0
2017-09-04,8700.0,8700.0,8550.0,8675.0,7026.203125,2763400.0
2017-09-05,8675.0,8675.0,8550.0,8575.0,6945.21044921875,2221300.0
2017-09-06,8575.0,8775.0,8575.0,8775.0,7107.197265625,3715400.0
2017-09-07,8775.0,8800.0,8700.0,8725.0,7066.7001953125,2045800.0
2017-09-08,8700.0,8825.0,8675.0,8725.0,7066.7001953125,2544200.0
2017-09-11,8750.0,8800.0,8675.0,8700.0,7046.4521484375,1464100.0
2017-09-12,8800.0,8825.0,8750.0,8775.0,7107.197265625,3686200.0
2017-09-13,8750.0,8775.0,8675.0,8775.0,7107.197265625,3350500.0
2017-09-14,8800.0,8800.0,8725.0,8725.0,7066.7001953125,2231100.0
2017-09-15,8675.0,8825.0,8600.0,8700.0,7046.4521484375,5403000.0
2017-09-18,8700.0,8825.0,8675.0,8775.0,7107.197265625,2503700.0
2017-09-19,8775.0,8825.0,8750.0,8825.0,7147.6943359375,3482000.0
2017-09-20,8850.0,8875.0,8800.0,8850.0,7167.94287109375,7447000.0
2017-09-21,8850.0,8850.0,8850.0,8850.0,7167.94287109375,0.0
2017-09-22,8850.0,8925.0,8825.0,8875.0,7188.19140625,6249600.0
2017-09-25,8875.0,8950.0,8800.0,8900.0,7208.4384765625,3282400.0
2017-09-26,8925.0,8950.0,8700.0,8800.0,7127.44482421875,1374100.0
2017-09-27,8850.0,8875.0,8725.0,8825.0,7147.6943359375,3019400.0
2017-09-28,8750.0,8925.0,8725.0,8725.0,7066.7001953125,2436900.0
2017-09-29,8725.0,8900.0,8725.0,8725.0,7066.7001953125,5858300.0
2017-10-02,8750.0,8900.0,8750.0,8875.0,7188.19140625,2844500.0
2017-10-03,8900.0,8925.0,8650.0,8700.0,7046.4521484375,4266100.0
2017-10-04,8725.0,8825.0,8725.0,8775.0,7107.197265625,4151100.0
2017-10-05,8825.0,8825.0,8625.0,8675.0,7026.203125,10442900.0
2017-10-06,8675.0,8725.0,8625.0,8650.0,7005.955078125,3780500.0
2017-10-09,8650.0,8750.0,8625.0,8700.0,7046.4521484375,2114100.0
2017-10-10,8700.0,8825.0,8650.0,8700.0,7046.4521484375,2812300.0
2017-10-11,8700.0,8800.0,8650.0,8725.0,7066.7001953125,2031400.0
2017-10-12,8725.0,8775.0,8625.0,8700.0,7046.4521484375,12663700.0
2017-10-13,8700.0,8850.0,8675.0,8825.0,7147.6943359375,2883300.0
2017-10-16,8825.0,8825.0,8700.0,8700.0,7046.4521484375,2555700.0
2017-10-17,8750.0,8850.0,8725.0,8850.0,7167.94287109375,5599700.0
2017-10-18,8850.0,8900.0,8700.0,8875.0,7188.19140625,2611800.0
2017-10-19,8725.0,9000.0,8725.0,8925.0,7228.6865234375,5052900.0
2017-10-20,8850.0,8925.0,8725.0,8725.0,7066.7001953125,3103800.0
2017-10-23,8800.0,8900.0,8650.0,8850.0,7167.94287109375,3298400.0
2017-10-24,8850.0,8900.0,8725.0,8725.0,7066.7001953125,1931100.0
2017-10-25,8750.0,8875.0,8750.0,8875.0,7188.19140625,3556700.0
2017-10-26,8900.0,8925.0,8800.0,8900.0,7208.4384765625,5364300.0
2017-10-27,8875.0,8925.0,8850.0,8900.0,7208.4384765625,5206600.0
2017-10-30,8900.0,8925.0,8825.0,8825.0,7147.6943359375,4968200.0
2017-10-31,9000.0,9000.0,8750.0,8800.0,7127.44482421875,4606300.0
2017-11-01,8825.0,8850.0,8675.0,8850.0,7167.94287109375,2518000.0
2017-11-02,8875.0,8875.0,8600.0,8625.0,6985.70703125,5279800.0
2017-11-03,8675.0,8900.0,8625.0,8850.0,7167.94287109375,2488300.0
2017-11-06,8800.0,8800.0,8725.0,8750.0,7086.94873046875,2780900.0
2017-11-07,8750.0,8775.0,8575.0,8575.0,6945.21044921875,2895900.0
2017-11-08,8700.0,8700.0,8500.0,8500.0,6884.46435546875,3348000.0
2017-11-09,8575.0,8575.0,8500.0,8500.0,6884.46435546875,3479900.0
2017-11-10,8500.0,8550.0,8500.0,8525.0,6904.71240234375,2194000.0
2017-11-13,8525.0,8600.0,8525.0,8550.0,6924.96142578125,2212100.0
2017-11-14,8550.0,8625.0,8550.0,8550.0,6924.96142578125,2366700.0
2017-11-15,8550.0,8700.0,8550.0,8575.0,6945.21044921875,2507100.0
2017-11-16,8700.0,8800.0,8675.0,8750.0,7086.94873046875,2238400.0
2017-11-17,8800.0,9000.0,8750.0,8950.0,7248.9365234375,4087700.0
2017-11-20,9000.0,9000.0,8900.0,8925.0,7228.6865234375,3709400.0
2017-11-21,8925.0,8950.0,8850.0,8900.0,7208.4384765625,4210400.0
2017-11-22,8825.0,8900.0,8825.0,8825.0,7147.6943359375,3103700.0
2017-11-23,8825.0,8900.0,8675.0,8725.0,7066.7001953125,1951300.0
2017-11-24,8775.0,8800.0,8550.0,8550.0,6924.96142578125,2882200.0
2017-11-27,8650.0,8825.0,8600.0,8675.0,7026.203125,8435400.0
2017-11-28,8700.0,8800.0,8675.0,8675.0,7026.203125,12187700.0
2017-11-29,8700.0,8825.0,8700.0,8775.0,7107.197265625,11105600.0
2017-11-30,8825.0,8875.0,8450.0,8450.0,6843.96826171875,14947800.0
2017-12-01,8450.0,8450.0,8450.0,8450.0,6843.96826171875,0.0
2017-12-04,8600.0,8875.0,8600.0,8750.0,7086.94873046875,5190000.0
2017-12-05,8750.0,8900.0,8650.0,8650.0,7005.955078125,2874300.0
2017-12-06,8700.0,8900.0,8625.0,8850.0,7167.94287109375,2963500.0
2017-12-07,8850.0,8950.0,8675.0,8675.0,7026.203125,3179500.0
2017-12-08,8700.0,8850.0,8700.0,8775.0,7107.197265625,1299300.0
2017-12-11,8775.0,8900.0,8700.0,8700.0,7046.4521484375,1581200.0
2017-12-12,8725.0,8825.0,8725.0,8800.0,7127.44482421875,2017400.0
2017-12-13,8800.0,8850.0,8750.0,8775.0,7107.197265625,2723400.0
2017-12-14,8850.0,8850.0,8700.0,8800.0,7127.44482421875,4387300.0
2017-12-15,8800.0,8800.0,8600.0,8725.0,7066.7001953125,11590100.0
2017-12-18,8725.0,8925.0,8675.0,8925.0,7228.6865234375,3682000.0
2017-12-19,8925.0,8975.0,8775.0,8875.0,7188.19140625,2925000.0
2017-12-20,8850.0,8925.0,8725.0,8925.0,7228.6865234375,3561800.0
2017-12-21,8950.0,9125.0,8925.0,9075.0,7350.17822265625,10573300.0
2017-12-22,9075.0,9150.0,8850.0,9000.0,7289.43359375,3190600.0
2017-12-25,9000.0,9000.0,9000.0,9000.0,7289.43359375,0.0
2017-12-26,9000.0,9000.0,9000.0,9000.0,7289.43359375,0.0
2017-12-27,9000.0,9100.0,8875.0,9000.0,7289.43359375,2361800.0
2017-12-28,9000.0,9000.0,8750.0,8900.0,7208.4384765625,6811300.0
2017-12-29,8900.0,9000.0,8875.0,8900.0,7208.4384765625,5181700.0
2018-01-01,8900.0,8900.0,8900.0,8900.0,7208.4384765625,0.0
2018-01-02,8750.0,9275.0,8750.0,9100.0,7370.4267578125,5599400.0
2018-01-03,9075.0,9100.0,8825.0,9100.0,7370.4267578125,4366800.0
2018-01-04,9100.0,9125.0,8925.0,9125.0,7390.6748046875,2862200.0
2018-01-05,9125.0,9275.0,9000.0,9275.0,7512.166015625,1810300.0
2018-01-08,9275.0,9275.0,8875.0,9000.0,7289.43359375,8825800.0
2018-01-09,9025.0,9025.0,8825.0,8875.0,7188.19140625,8099000.0
2018-01-10,8875.0,8925.0,8675.0,8725.0,7066.7001953125,23830700.0
2018-01-11,8675.0,8775.0,8625.0,8725.0,7066.7001953125,13582800.0
2018-01-12,8750.0,8875.0,8750.0,8850.0,7167.94287109375,6192400.0
2018-01-15,8900.0,8900.0,8725.0,8850.0,7167.94287109375,3709200.0
2018-01-16,8900.0,8900.0,8775.0,8850.0,7167.94287109375,10673500.0
2018-01-17,8850.0,8925.0,8800.0,8875.0,7188.19140625,8573100.0
2018-01-18,8875.0,8925.0,8825.0,8875.0,7188.19140625,7097200.0
2018-01-19,8900.0,8900.0,8575.0,8700.0,7046.4521484375,18329300.0
2018-01-22,8700.0,8725.0,8650.0,8700.0,7046.4521484375,14068700.0
2018-01-23,8800.0,8850.0,8725.0,8850.0,7167.94287109375,7788500.0
2018-01-24,8875.0,8875.0,8775.0,8850.0,7167.94287109375,12676600.0
2018-01-25,8850.0,8875.0,8800.0,8825.0,7147.6943359375,7479000.0
2018-01-26,8825.0,8850.0,8775.0,8825.0,7147.6943359375,3105800.0
2018-01-29,8825.0,8875.0,8775.0,8875.0,7188.19140625,3686400.0
2018-01-30,8875.0,8875.0,8700.0,8700.0,7046.4521484375,10278600.0
2018-01-31,8675.0,8750.0,8675.0,8725.0,7066.7001953125,7407400.0
2018-02-01,8825.0,8825.0,8700.0,8700.0,7046.4521484375,3019700.0
2018-02-02,8800.0,8875.0,8750.0,8800.0,7127.44482421875,6075700.0
2018-02-05,8700.0,8800.0,8675.0,8750.0,7086.94873046875,3366700.0
2018-02-06,8700.0,8800.0,8675.0,8750.0,7086.94873046875,6984600.0
2018-02-07,8750.0,8825.0,8750.0,8825.0,7147.6943359375,3048600.0
2018-02-08,8825.0,8950.0,8750.0,8950.0,7248.9365234375,6702000.0
2018-02-09,8750.0,8950.0,8750.0,8925.0,7228.6865234375,2997700.0
2018-02-12,8925.0,8950.0,8875.0,8900.0,7208.4384765625,4221100.0
2018-02-13,8900.0,8925.0,8875.0,8900.0,7208.4384765625,2290900.0
2018-02-14,8850.0,8950.0,8850.0,8950.0,7248.9365234375,1151800.0
2018-02-15,8950.0,9000.0,8950.0,8975.0,7269.18505859375,4885100.0
2018-02-16,8975.0,8975.0,8975.0,8975.0,7269.18505859375,0.0
2018-02-19,9000.0,9100.0,8975.0,9100.0,7370.4267578125,2251200.0
2018-02-20,9075.0,9075.0,8825.0,8875.0,7188.19140625,4421100.0
2018-02-21,8900.0,8900.0,8775.0,8825.0,7147.6943359375,3621700.0
2018-02-22,8875.0,8900.0,8800.0,8900.0,7208.4384765625,3901700.0
2018-02-23,8750.0,9050.0,8750.0,8925.0,7228.6865234375,5070100.0
2018-02-26,8925.0,8975.0,8850.0,8925.0,7228.6865234375,2994500.0
2018-02-27,8975.0,9000.0,8900.0,9000.0,7289.43359375,3027600.0
2018-02-28,9000.0,9050.0,8900.0,8975.0,7269.18505859375,3183900.0
2018-03-01,8975.0,9100.0,8925.0,9000.0,7289.43359375,3388200.0
2018-03-02,9025.0,9100.0,8975.0,9100.0,7370.4267578125,2119300.0
2018-03-05,9100.0,9125.0,9000.0,9000.0,7289.43359375,3145800.0
2018-03-06,9100.0,9100.0,8825.0,8925.0,7228.6865234375,2274900.0
2018-03-07,8925.0,8950.0,8725.0,8725.0,7066.7001953125,2871700.0
2018-03-08,8875.0,8900.0,8725.0,8800.0,7127.44482421875,3326800.0
2018-03-09,8875.0,9000.0,8775.0,9000.0,7289.43359375,1054400.0
2018-03-12,9000.0,9100.0,8825.0,9100.0,7370.4267578125,3017500.0
2018-03-13,9100.0,9150.0,8725.0,8725.0,7066.7001953125,4525100.0
2018-03-14,8775.0,8800.0,8625.0,8700.0,7046.4521484375,1899100.0
2018-03-15,8700.0,8725.0,8600.0,8625.0,6985.70703125,8421300.0
2018-03-16,8600.0,8800.0,8550.0,8750.0,7086.94873046875,6026300.0
2018-03-19,8775.0,9000.0,8700.0,8825.0,7147.6943359375,1869400.0
2018-03-20,8800.0,8825.0,8500.0,8575.0,6945.21044921875,2730400.0
2018-03-21,8625.0,8675.0,8550.0,8600.0,6965.458984375,2585200.0
2018-03-22,8675.0,8775.0,8575.0,8750.0,7086.94873046875,2256000.0
2018-03-23,8550.0,8700.0,8400.0,8700.0,7046.4521484375,2748100.0
2018-03-26,8650.0,8700.0,8550.0,8550.0,6924.96142578125,3240700.0
2018-03-27,8625.0,8675.0,8350.0,8375.0,6783.22265625,4033900.0
2018-03-28,8425.0,8500.0,8350.0,8475.0,6864.21630859375,1894200.0
2018-03-29,8475.0,8475.0,8200.0,8275.0,6702.22900390625,5206500.0
2018-03-30,8275.0,8275.0,8275.0,8275.0,6702.22900390625,0.0
2018-04-02,8300.0,8375.0,8250.0,8350.0,6762.97314453125,1382800.0
2018-04-03,8300.0,8300.0,8150.0,8200.0,6641.4833984375,8654000.0
2018-04-04,8200.0,8325.0,8075.0,8150.0,6600.98681640625,3334900.0
2018-04-05,8150.0,8300.0,8150.0,8200.0,6641.4833984375,1341900.0
2018-04-06,8325.0,8325.0,8125.0,8175.0,6621.23388671875,1366300.0
2018-04-09,8050.0,8300.0,8050.0,8275.0,6702.22900390625,3147300.0
2018-04-10,8275.0,8425.0,8275.0,8425.0,6823.71923828125,4882800.0
2018-04-11,8450.0,8500.0,8325.0,8400.0,6803.47119140625,2938000.0
2018-04-12,8425.0,8425.0,8275.0,8350.0,6762.97314453125,3597100.0
2018-04-13,8375.0,8400.0,8325.0,8350.0,6762.97314453125,3511600.0
2018-04-16,8350.0,8350.0,8350.0,8350.0,6762.97314453125,0.0
2018-04-17,8350.0,8350.0,8350.0,8350.0,6762.97314453125,0.0
2018-04-18,8425.0,8425.0,8275.0,8325.0,6742.7255859375,1849400.0
2018-04-19,8325.0,8325.0,8325.0,8325.0,6742.7255859375,0.0
2018-04-20,8325.0,8325.0,8325.0,8325.0,6742.7255859375,0.0
2018-04-23,8300.0,8375.0,8275.0,8375.0,6783.22265625,2153300.0
2018-04-24,8375.0,8375.0,8250.0,8350.0,6762.97314453125,2618100.0
2018-04-25,8350.0,8350.0,8350.0,8350.0,6762.97314453125,0.0
2018-04-26,8350.0,8350.0,8350.0,8350.0,6762.97314453125,0.0
2018-04-27,8350.0,8350.0,8350.0,8350.0,6762.97314453125,0.0
2018-04-30,8200.0,8800.0,8200.0,8675.0,7026.203125,8316100.0
2018-05-01,8675.0,8675.0,8675.0,8675.0,7026.203125,0.0
2018-05-02,8650.0,8725.0,8500.0,8700.0,7046.4521484375,3340300.0
2018-05-03,8450.0,8650.0,8175.0,8200.0,6641.4833984375,3011300.0
2018-05-04,8100.0,8300.0,8050.0,8200.0,6641.4833984375,2153900.0
2018-05-07,8200.0,8700.0,8200.0,8575.0,6945.21044921875,3357500.0
2018-05-08,8625.0,8625.0,8325.0,8450.0,6843.96826171875,3361800.0
2018-05-09,8200.0,8650.0,8125.0,8475.0,6864.21630859375,2741600.0
2018-05-10,8475.0,8475.0,8475.0,8475.0,6864.21630859375,0.0
2018-05-11,8300.0,8450.0,8300.0,8375.0,6783.22265625,5241400.0
2018-05-14,8300.0,8375.0,8225.0,8350.0,6762.97314453125,1674500.0
2018-05-15,8350.0,8375.0,8150.0,8200.0,6641.4833984375,3056100.0
2018-05-16,8000.0,8400.0,7975.0,8300.0,6722.4765625,7731500.0
2018-05-17,8300.0,8375.0,8150.0,8175.0,6621.23388671875,2961100.0
2018-05-18,8050.0,8225.0,8000.0,8000.0,6479.49609375,2644400.0
2018-05-21,8025.0,8075.0,7900.0,8000.0,6479.49609375,1104300.0
2018-05-22,8150.0,8200.0,8025.0,8100.0,6560.4892578125,2170800.0
2018-05-23,8100.0,8175.0,8025.0,8025.0,6499.744140625,3673900.0
2018-05-24,8050.0,8450.0,8050.0,8250.0,6681.97998046875,4315900.0
2018-05-25,8250.0,8450.0,8225.0,8300.0,6722.4765625,2592300.0
2018-05-28,8300.0,8825.0,8300.0,8625.0,6985.70703125,4993000.0
2018-05-29,8625.0,8625.0,8625.0,8625.0,6985.70703125,0.0
2018-05-30,8600.0,8700.0,8400.0,8500.0,6884.46435546875,5819600.0
2018-05-31,8500.0,8700.0,8425.0,8700.0,7046.4521484375,12836100.0
2018-06-01,8700.0,8700.0,8700.0,8700.0,7046.4521484375,0.0
2018-06-04,8700.0,8700.0,8450.0,8675.0,7026.203125,3096000.0
2018-06-05,8700.0,8775.0,8525.0,8775.0,7107.197265625,5751800.0
2018-06-06,8775.0,8850.0,8625.0,8850.0,7167.94287109375,2107000.0
2018-06-07,8850.0,9000.0,8800.0,9000.0,7289.43359375,3601800.0
2018-06-08,8800.0,9000.0,8700.0,8850.0,7167.94287109375,7813700.0
2018-06-11,8850.0,8850.0,8850.0,8850.0,7167.94287109375,0.0
2018-06-12,8850.0,8850.0,8850.0,8850.0,7167.94287109375,0.0
2018-06-13,8850.0,8850.0,8850.0,8850.0,7167.94287109375,0.0
2018-06-14,8850.0,8850.0,8850.0,8850.0,7167.94287109375,0.0
2018-06-15,8850.0,8850.0,8850.0,8850.0,7167.94287109375,0.0
2018-06-18,8850.0,8850.0,8850.0,8850.0,7167.94287109375,0.0
2018-06-19,8850.0,8850.0,8850.0,8850.0,7167.94287109375,0.0
2018-06-20,8550.0,8875.0,8475.0,8600.0,7095.33935546875,6157600.0
2018-06-21,8550.0,8800.0,8150.0,8250.0,6806.57470703125,6583900.0
2018-06-22,8200.0,8550.0,8200.0,8400.0,6930.33154296875,6807400.0
2018-06-25,8575.0,8900.0,8300.0,8750.0,7219.09521484375,3340500.0
2018-06-26,8750.0,8900.0,8450.0,8800.0,7260.34619140625,4183200.0
2018-06-27,8875.0,8900.0,8575.0,8575.0,7074.712890625,3189100.0
2018-06-28,8475.0,8675.0,8275.0,8525.0,7033.46044921875,2851600.0
2018-06-29,8525.0,8850.0,8525.0,8850.0,7301.599609375,6143100.0
2018-07-02,8900.0,8950.0,8650.0,8875.0,7322.22509765625,1545300.0
2018-07-03,8875.0,8900.0,8450.0,8825.0,7280.97265625,1892800.0
2018-07-04,8800.0,9075.0,8600.0,9075.0,7487.23193359375,3172300.0
2018-07-05,9075.0,9075.0,8800.0,8900.0,7342.85009765625,3362000.0
2018-07-06,9000.0,9000.0,8700.0,8700.0,7177.84326171875,1343400.0
2018-07-09,8625.0,8800.0,8575.0,8775.0,7239.720703125,1404900.0
2018-07-10,8875.0,8900.0,8650.0,8900.0,7342.85009765625,2344400.0
2018-07-11,8900.0,8900.0,8675.0,8800.0,7260.34619140625,2448000.0
2018-07-12,8675.0,8875.0,8675.0,8825.0,7280.97265625,1993100.0
2018-07-13,8675.0,8875.0,8675.0,8875.0,7322.22509765625,2202100.0
2018-07-16,8875.0,8875.0,8550.0,8825.0,7280.97265625,1890300.0
2018-07-17,8700.0,8775.0,8675.0,8675.0,7157.21630859375,799600.0
2018-07-18,8675.0,8775.0,8575.0,8650.0,7136.59130859375,2430100.0
2018-07-19,8700.0,8750.0,8600.0,8600.0,7095.33935546875,1262600.0
2018-07-20,8700.0,8700.0,8600.0,8600.0,7095.33935546875,1007600.0
2018-07-23,8600.0,8675.0,8600.0,8675.0,7157.21630859375,516100.0
2018-07-24,8675.0,8700.0,8575.0,8675.0,7157.21630859375,2254600.0
2018-07-25,8675.0,8675.0,8550.0,8550.0,7054.08642578125,2790600.0
2018-07-26,8550.0,8650.0,8550.0,8650.0,7136.59130859375,2187200.0
2018-07-27,8650.0,8725.0,8575.0,8600.0,7095.33935546875,1489200.0
2018-07-30,8700.0,8800.0,8650.0,8775.0,7239.720703125,2696700.0
2018-07-31,8800.0,8800.0,8625.0,8725.0,7198.46875,2065400.0
2018-08-01,8800.0,8800.0,8700.0,8725.0,7198.46875,1516400.0
2018-08-02,8775.0,8800.0,8675.0,8775.0,7239.720703125,758400.0
2018-08-03,8775.0,8775.0,8675.0,8775.0,7239.720703125,1996700.0
2018-08-06,8775.0,9000.0,8700.0,9000.0,7425.3544921875,5029200.0
2018-08-07,9000.0,9050.0,8900.0,9000.0,7425.3544921875,3082000.0
2018-08-08,9000.0,9000.0,8750.0,8950.0,7384.10205078125,22165200.0
2018-08-09,8950.0,9000.0,8775.0,8975.0,7404.72900390625,7343300.0
2018-08-10,8975.0,9000.0,8900.0,8975.0,7404.72900390625,1972700.0
2018-08-13,8875.0,9000.0,8550.0,8550.0,7054.08642578125,2544700.0
2018-08-14,8550.0,8650.0,8150.0,8200.0,6765.32275390625,7136900.0
2018-08-15,8325.0,8575.0,8175.0,8550.0,7054.08642578125,5691600.0
2018-08-16,8300.0,8675.0,8300.0,8650.0,7136.59130859375,3220400.0
2018-08-17,8650.0,8650.0,8650.0,8650.0,7136.59130859375,0.0
2018-08-20,8675.0,8750.0,8600.0,8600.0,7095.33935546875,1946100.0
2018-08-21,8600.0,8800.0,8600.0,8800.0,7260.34619140625,1410000.0
2018-08-22,8800.0,8800.0,8800.0,8800.0,7260.34619140625,0.0
2018-08-23,8800.0,8925.0,8675.0,8925.0,7363.47607421875,2496500.0
2018-08-24,8775.0,8875.0,8775.0,8875.0,7322.22509765625,1498800.0
2018-08-27,8875.0,8900.0,8750.0,8800.0,7260.34619140625,1602900.0
2018-08-28,8800.0,8900.0,8625.0,8625.0,7115.96533203125,3579100.0
2018-08-29,8625.0,8850.0,8625.0,8825.0,7280.97265625,5056700.0
2018-08-30,8850.0,8900.0,8725.0,8800.0,7260.34619140625,2882500.0
2018-08-31,8850.0,8900.0,8575.0,8675.0,7157.21630859375,6453900.0
2018-09-03,8775.0,8775.0,8675.0,8700.0,7177.84326171875,2369000.0
2018-09-04,8775.0,8800.0,8625.0,8650.0,7136.59130859375,3434000.0
2018-09-05,8625.0,8625.0,8325.0,8400.0,6930.33154296875,3221100.0
2018-09-06,8350.0,8750.0,8350.0,8650.0,7136.59130859375,3732200.0
2018-09-07,8700.0,8850.0,8550.0,8850.0,7301.599609375,4017100.0
2018-09-10,8850.0,8950.0,8650.0,8900.0,7342.85009765625,2134000.0
2018-09-11,8900.0,8900.0,8900.0,8900.0,7342.85009765625,0.0
2018-09-12,8900.0,8950.0,8725.0,8875.0,7322.22509765625,3262700.0
2018-09-13,8900.0,8975.0,8750.0,8850.0,7301.599609375,1077900.0
2018-09-14,8875.0,8950.0,8825.0,8925.0,7363.47607421875,2550700.0
2018-09-17,8950.0,8950.0,8800.0,8825.0,7280.97265625,2265300.0
2018-09-18,8900.0,8900.0,8650.0,8775.0,7239.720703125,1789400.0
2018-09-19,8875.0,8875.0,8675.0,8725.0,7198.46875,2291900.0
2018-09-20,8775.0,8850.0,8775.0,8850.0,7301.599609375,1868600.0
2018-09-21,8900.0,8950.0,8800.0,8950.0,7384.10205078125,3613300.0
2018-09-24,8900.0,8900.0,8675.0,8800.0,7260.34619140625,1015200.0
2018-09-25,8700.0,8850.0,8700.0,8850.0,7301.599609375,707900.0
2018-09-26,8700.0,8825.0,8600.0,8600.0,7095.33935546875,1980700.0
2018-09-27,8725.0,8850.0,8700.0,8825.0,7280.97265625,2377000.0
2018-09-28,8800.0,8850.0,8775.0,8825.0,7280.97265625,10593300.0
2018-10-01,8800.0,8925.0,8800.0,8825.0,7280.97265625,2298200.0
2018-10-02,8825.0,8975.0,8825.0,8950.0,7384.10205078125,2330900.0
2018-10-03,8950.0,8950.0,8775.0,8825.0,7280.97265625,1461100.0
2018-10-04,8800.0,8925.0,8750.0,8825.0,7280.97265625,8672200.0
2018-10-05,8825.0,8875.0,8725.0,8800.0,7260.34619140625,3270600.0
2018-10-08,8800.0,8850.0,8775.0,8825.0,7280.97265625,6186600.0
2018-10-09,8850.0,8900.0,8750.0,8875.0,7322.22509765625,2333800.0
2018-10-10,8850.0,8875.0,8625.0,8625.0,7115.96533203125,4218800.0
2018-10-11,8750.0,8775.0,8500.0,8575.0,7074.712890625,2258900.0
2018-10-12,8700.0,8800.0,8600.0,8725.0,7198.46875,2614400.0
2018-10-15,8725.0,8750.0,8675.0,8725.0,7198.46875,1846700.0
2018-10-16,8700.0,8775.0,8700.0,8750.0,7219.09521484375,1266800.0
2018-10-17,8800.0,8800.0,8725.0,8800.0,7260.34619140625,3144600.0
2018-10-18,8850.0,8850.0,8750.0,8850.0,7301.599609375,708700.0
2018-10-19,8750.0,8850.0,8750.0,8775.0,7239.720703125,1054400.0
2018-10-22,8775.0,8800.0,8725.0,8750.0,7219.09521484375,4283800.0
2018-10-23,8675.0,8800.0,8675.0,8750.0,7219.09521484375,6620300.0
2018-10-24,8800.0,8800.0,8725.0,8750.0,7219.09521484375,4655500.0
2018-10-25,8500.0,8800.0,8500.0,8775.0,7239.720703125,2652600.0
2018-10-26,8650.0,8800.0,8650.0,8775.0,7239.720703125,2886000.0
2018-10-29,8850.0,8850.0,8750.0,8800.0,7260.34619140625,2504200.0
2018-10-30,8650.0,8800.0,8600.0,8650.0,7136.59130859375,6590800.0
2018-10-31,8700.0,9050.0,8700.0,8925.0,7363.47607421875,17387500.0
2018-11-01,8975.0,9025.0,8875.0,8925.0,7363.47607421875,4464800.0
2018-11-02,9025.0,9025.0,8875.0,8925.0,7363.47607421875,7017900.0
2018-11-05,8950.0,9000.0,8925.0,8975.0,7404.72900390625,4029700.0
2018-11-06,9000.0,9000.0,8825.0,8900.0,7390.61083984375,3141600.0
2018-11-07,8950.0,8975.0,8675.0,8725.0,7245.29052734375,6283800.0
2018-11-08,8825.0,8825.0,8700.0,8750.0,7266.05126953125,5848100.0
2018-11-09,8750.0,8750.0,8475.0,8575.0,7120.72998046875,8597400.0
2018-11-12,8525.0,8600.0,8300.0,8425.0,6996.1689453125,4511300.0
2018-11-13,8400.0,8675.0,8325.0,8550.0,7099.96923828125,2443500.0
2018-11-14,8550.0,8700.0,8550.0,8700.0,7224.53076171875,1716000.0
2018-11-15,8700.0,8775.0,8675.0,8725.0,7245.29052734375,3112700.0
2018-11-16,8775.0,8800.0,8700.0,8775.0,7286.81103515625,3503600.0
2018-11-19,8800.0,8800.0,8650.0,8775.0,7286.81103515625,3051900.0
2018-11-20,8775.0,8775.0,8775.0,8775.0,7286.81103515625,0.0
2018-11-21,8750.0,8875.0,8700.0,8850.0,7349.091796875,8274600.0
2018-11-22,8875.0,8950.0,8850.0,8950.0,7432.1318359375,7275300.0
2018-11-23,8975.0,9000.0,8875.0,8925.0,7411.37109375,2860800.0
2018-11-26,8975.0,8975.0,8850.0,8900.0,7390.61083984375,3159600.0
2018-11-27,8925.0,8975.0,8875.0,8950.0,7432.1318359375,3747100.0
2018-11-28,8975.0,9000.0,8950.0,9000.0,7473.65234375,3249300.0
2018-11-29,9025.0,9700.0,9025.0,9700.0,8054.935546875,24076300.0
2018-11-30,9700.0,9875.0,9675.0,9850.0,8179.49755859375,18507400.0
2018-12-03,9975.0,9975.0,9625.0,9625.0,7992.65576171875,3880300.0
2018-12-04,9450.0,9750.0,9450.0,9750.0,8096.45703125,5133200.0
2018-12-05,9650.0,9750.0,9450.0,9750.0,8096.45703125,2964800.0
2018-12-06,9750.0,9750.0,9550.0,9700.0,8054.935546875,4119600.0
2018-12-07,9600.0,9775.0,9600.0,9700.0,8054.935546875,8743900.0
2018-12-10,9650.0,9750.0,9550.0,9725.0,8075.6962890625,1197100.0
2018-12-11,9725.0,9750.0,9650.0,9700.0,8054.935546875,2852500.0
2018-12-12,9775.0,9800.0,9550.0,9675.0,8034.17724609375,6880600.0
2018-12-13,9800.0,9950.0,9650.0,9825.0,8158.73681640625,11804000.0
2018-12-14,9900.0,10325.0,9900.0,10100.0,8387.099609375,14592100.0
2018-12-17,10200.0,10250.0,10000.0,10125.0,8407.8583984375,5966000.0
2018-12-18,10050.0,10225.0,10025.0,10050.0,8345.578125,8961500.0
2018-12-19,10100.0,10225.0,10025.0,10200.0,8470.1376953125,5853500.0
2018-12-20,10200.0,10500.0,10150.0,10475.0,8698.5009765625,24269900.0
2018-12-21,10250.0,10525.0,10250.0,10525.0,8740.021484375,7629400.0
2018-12-24,10525.0,10525.0,10525.0,10525.0,8740.021484375,0.0
2018-12-25,10525.0,10525.0,10525.0,10525.0,8740.021484375,0.0
2018-12-26,10550.0,10550.0,10125.0,10250.0,8511.6591796875,3278500.0
2018-12-27,10400.0,10725.0,10400.0,10700.0,8885.341796875,6170400.0
2018-12-28,10700.0,10825.0,10450.0,10450.0,8677.7412109375,6873000.0
2018-12-31,10450.0,10450.0,10450.0,10450.0,8677.7412109375,0.0
2019-01-01,10450.0,10450.0,10450.0,10450.0,8677.7412109375,0.0
2019-01-02,10500.0,10550.0,10200.0,10400.0,8636.220703125,1844700.0
2019-01-03,10525.0,10675.0,10450.0,10575.0,8781.541015625,3283000.0
2019-01-04,10575.0,10600.0,10500.0,10600.0,8802.302734375,3964600.0
2019-01-07,10700.0,10775.0,10225.0,10350.0,8594.7001953125,5581500.0
2019-01-08,10350.0,10350.0,10050.0,10175.0,8449.3798828125,10049900.0
2019-01-09,10300.0,10300.0,10200.0,10250.0,8511.6591796875,2295000.0
2019-01-10,10250.0,10300.0,10075.0,10150.0,8428.619140625,6857000.0
2019-01-11,10275.0,10300.0,10050.0,10150.0,8428.619140625,5601300.0
2019-01-14,10100.0,10175.0,9925.0,10000.0,8304.0576171875,6259600.0
2019-01-15,10000.0,10100.0,9925.0,10100.0,8387.099609375,5476000.0
2019-01-16,10150.0,10250.0,9975.0,10025.0,8324.8193359375,7694600.0
2019-01-17,10025.0,10175.0,9975.0,10000.0,8304.0576171875,4156500.0
2019-01-18,10125.0,10150.0,10075.0,10150.0,8428.619140625,13240200.0
2019-01-21,10200.0,10300.0,10200.0,10200.0,8470.1376953125,6783200.0
2019-01-22,10250.0,10475.0,10225.0,10450.0,8677.7412109375,7422200.0
2019-01-23,10550.0,10550.0,10450.0,10475.0,8698.5009765625,6877100.0
2019-01-24,10525.0,10875.0,10525.0,10850.0,9009.9033203125,14756500.0
2019-01-25,10950.0,10950.0,10625.0,10750.0,8926.861328125,5926300.0
2019-01-28,10800.0,10800.0,10550.0,10750.0,8926.861328125,9435600.0
2019-01-29,10800.0,10800.0,10675.0,10725.0,8906.1015625,3958700.0
2019-01-30,10725.0,10800.0,10725.0,10775.0,8947.623046875,4598500.0
2019-01-31,10825.0,10825.0,10700.0,10775.0,8947.623046875,11009300.0
2019-02-01,10900.0,10900.0,10550.0,10750.0,8926.861328125,2471600.0
2019-02-04,10650.0,10800.0,10575.0,10650.0,8843.822265625,4469100.0
2019-02-05,10650.0,10650.0,10650.0,10650.0,8843.822265625,0.0
2019-02-06,10600.0,10700.0,10575.0,10600.0,8802.302734375,7406500.0
2019-02-07,10650.0,10650.0,10375.0,10525.0,8740.021484375,3523400.0
2019-02-08,10600.0,10725.0,10450.0,10600.0,8802.302734375,5670000.0
2019-02-11,10600.0,10600.0,10450.0,10500.0,8719.2607421875,4834800.0
2019-02-12,10500.0,10600.0,10450.0,10450.0,8677.7412109375,5405200.0
2019-02-13,10450.0,10700.0,10425.0,10425.0,8656.9814453125,3454900.0
2019-02-14,10425.0,10525.0,10425.0,10500.0,8719.2607421875,4307200.0
2019-02-15,10450.0,10600.0,10300.0,10425.0,8656.9814453125,3255100.0
2019-02-18,10525.0,10600.0,10425.0,10550.0,8760.78125,5625800.0
2019-02-19,10550.0,10575.0,10475.0,10475.0,8698.5009765625,3472600.0
2019-02-20,10500.0,10525.0,10350.0,10500.0,8719.2607421875,6394400.0
2019-02-21,10400.0,10550.0,10325.0,10475.0,8698.5009765625,15449600.0
2019-02-22,10400.0,10400.0,10300.0,10400.0,8636.220703125,8520200.0
2019-02-25,10450.0,10450.0,10200.0,10250.0,8511.6591796875,5233500.0
2019-02-26,10250.0,10400.0,10200.0,10400.0,8636.220703125,5769300.0
2019-02-27,10400.0,10500.0,10350.0,10425.0,8656.9814453125,4188700.0
2019-02-28,10400.0,10425.0,10225.0,10225.0,8490.8994140625,5742300.0
2019-03-01,10375.0,10375.0,10175.0,10300.0,8553.1806640625,5823400.0
2019-03-04,10400.0,10450.0,10275.0,10350.0,8594.7001953125,1743000.0
2019-03-05,10350.0,10375.0,10200.0,10275.0,8532.419921875,1656800.0
2019-03-06,10275.0,10325.0,10175.0,10250.0,8511.6591796875,2877200.0
2019-03-07,10250.0,10250.0,10250.0,10250.0,8511.6591796875,0.0
2019-03-08,10400.0,10400.0,10175.0,10250.0,8511.6591796875,1951100.0
2019-03-11,10275.0,10350.0,10200.0,10300.0,8553.1806640625,882300.0
2019-03-12,10300.0,10325.0,10200.0,10225.0,8490.8994140625,2133600.0
2019-03-13,10250.0,10375.0,10250.0,10350.0,8594.7001953125,2021700.0
2019-03-14,10350.0,10425.0,10350.0,10375.0,8615.458984375,3788300.0
2019-03-15,10450.0,10500.0,10375.0,10425.0,8656.9814453125,4923600.0
2019-03-18,10325.0,10425.0,10325.0,10375.0,8615.458984375,2640000.0
2019-03-19,10425.0,10450.0,10300.0,10300.0,8553.1806640625,1519700.0
2019-03-20,10400.0,10400.0,10300.0,10375.0,8615.458984375,2728000.0
2019-03-21,10450.0,10450.0,10275.0,10375.0,8615.458984375,1341800.0
2019-03-22,10450.0,10450.0,10300.0,10325.0,8573.939453125,1489800.0
2019-03-25,10300.0,10300.0,9250.0,9400.0,7805.81396484375,23557600.0
2019-03-26,9500.0,9700.0,9475.0,9575.0,7951.134765625,8418700.0
2019-03-27,9550.0,9600.0,8950.0,9150.0,7598.21337890625,19033200.0
2019-03-28,9175.0,9325.0,9050.0,9275.0,7702.013671875,9427300.0
2019-03-29,9350.0,9350.0,9250.0,9325.0,7743.53466796875,6738300.0
2019-04-01,9400.0,9400.0,9250.0,9250.0,7681.25341796875,4725200.0
2019-04-02,9275.0,9300.0,8950.0,9000.0,7473.65234375,10437700.0
2019-04-03,9000.0,9000.0,9000.0,9000.0,7473.65234375,0.0
2019-04-04,9000.0,9125.0,8975.0,9050.0,7515.171875,9460500.0
2019-04-05,9075.0,9100.0,9000.0,9075.0,7535.93212890625,4860900.0
2019-04-08,9075.0,9100.0,8950.0,9025.0,7494.4130859375,7669000.0
2019-04-09,9025.0,9275.0,9025.0,9250.0,7681.25341796875,5422000.0
2019-04-10,9300.0,9350.0,9150.0,9300.0,7722.775390625,6151300.0
2019-04-11,9375.0,9400.0,9050.0,9050.0,7515.171875,6438100.0
2019-04-12,9050.0,9075.0,8950.0,9050.0,7515.171875,5680700.0
2019-04-15,9050.0,9125.0,9025.0,9050.0,7515.171875,7383800.0
2019-04-16,9050.0,9150.0,9025.0,9075.0,7535.93212890625,9366900.0
2019-04-17,9075.0,9075.0,9075.0,9075.0,7535.93212890625,0.0
2019-04-18,9200.0,9250.0,8975.0,9100.0,7556.693359375,9814000.0
2019-04-19,9100.0,9100.0,9100.0,9100.0,7556.693359375,0.0
2019-04-22,9100.0,9150.0,9000.0,9025.0,7494.4130859375,4508800.0
2019-04-23,9025.0,9250.0,9000.0,9200.0,7639.7333984375,7391100.0
2019-04-24,9275.0,9275.0,9150.0,9200.0,7639.7333984375,4551000.0
2019-04-25,9200.0,9225.0,9075.0,9075.0,7535.93212890625,8457600.0
2019-04-26,9125.0,9250.0,9075.0,9175.0,7618.974609375,9330800.0
2019-04-29,9250.0,9325.0,9150.0,9300.0,7722.775390625,7772200.0
2019-04-30,9475.0,9800.0,9475.0,9725.0,8075.6962890625,23070300.0
2019-05-01,9725.0,9725.0,9725.0,9725.0,8075.6962890625,0.0
2019-05-02,9725.0,9800.0,9600.0,9700.0,8054.935546875,9553100.0
2019-05-03,9700.0,9700.0,9450.0,9625.0,7992.65576171875,7205900.0
2019-05-06,9425.0,9650.0,9425.0,9600.0,7971.89599609375,4011200.0
2019-05-07,9650.0,9725.0,9625.0,9700.0,8054.935546875,5647100.0
2019-05-08,9600.0,9700.0,9525.0,9700.0,8054.935546875,4525600.0
2019-05-09,9800.0,9800.0,9600.0,9675.0,8034.17724609375,7134000.0
2019-05-10,9600.0,9900.0,9575.0,9825.0,8158.73681640625,8510000.0
2019-05-13,9850.0,9900.0,9625.0,9625.0,7992.65576171875,5054900.0
2019-05-14,9400.0,9750.0,9350.0,9650.0,8013.41748046875,5829500.0
2019-05-15,9500.0,9650.0,9500.0,9525.0,7909.6162109375,6269800.0
2019-05-16,9475.0,9725.0,9275.0,9500.0,7888.85498046875,5387200.0
2019-05-17,9500.0,9550.0,9250.0,9300.0,7722.775390625,3029000.0
2019-05-20,9300.0,9450.0,9075.0,9375.0,7785.0537109375,2840200.0
2019-05-21,9375.0,9650.0,9375.0,9625.0,7992.65576171875,2987200.0
2019-05-22,9650.0,9675.0,9325.0,9500.0,7888.85498046875,2243500.0
2019-05-23,9550.0,9750.0,9500.0,9725.0,8075.6962890625,3942700.0
2019-05-24,9750.0,9775.0,9550.0,9700.0,8054.935546875,2087200.0
2019-05-27,9800.0,9800.0,9675.0,9775.0,8117.216796875,2815700.0
2019-05-28,9800.0,9825.0,9600.0,9725.0,8075.6962890625,11469100.0
2019-05-29,9725.0,9725.0,9575.0,9725.0,8075.6962890625,3939700.0
2019-05-30,9725.0,9725.0,9725.0,9725.0,8075.6962890625,0.0
2019-05-31,9725.0,9800.0,9700.0,9800.0,8137.97802734375,7160600.0
2019-06-03,9800.0,9800.0,9800.0,9800.0,8137.97802734375,0.0
2019-06-04,9800.0,9800.0,9800.0,9800.0,8137.97802734375,0.0
2019-06-05,9800.0,9800.0,9800.0,9800.0,8137.97802734375,0.0
2019-06-06,9800.0,9800.0,9800.0,9800.0,8137.97802734375,0.0
2019-06-07,9800.0,9800.0,9800.0,9800.0,8137.97802734375,0.0
2019-06-10,9900.0,9900.0,9700.0,9800.0,8137.97802734375,4458100.0
2019-06-11,9900.0,10150.0,9875.0,10150.0,8428.619140625,9200400.0
2019-06-12,10150.0,10200.0,10050.0,10150.0,8428.619140625,4065500.0
2019-06-13,10200.0,10200.0,9950.0,10000.0,8304.0576171875,5328600.0
2019-06-14,10000.0,10050.0,9950.0,9975.0,8283.2978515625,3172900.0
2019-06-17,9975.0,10050.0,9875.0,9950.0,8377.5986328125,2591800.0
2019-06-18,9975.0,10125.0,9975.0,10125.0,8524.943359375,16228900.0
2019-06-20,10125.0,10175.0,10050.0,10150.0,8545.9921875,4722800.0
2019-06-21,10250.0,10250.0,9950.0,10025.0,8440.74609375,12671700.0
2019-06-24,10000.0,10025.0,9925.0,9950.0,8377.5986328125,1975100.0
2019-06-25,9975.0,10100.0,9875.0,10000.0,8419.697265625,24636700.0
2019-06-26,9950.0,10150.0,9925.0,10050.0,8461.794921875,4283700.0
2019-06-27,10050.0,10175.0,10000.0,10150.0,8545.9921875,4233600.0
2019-06-28,10200.0,10200.0,10150.0,10150.0,8545.9921875,5163200.0
2019-07-01,10175.0,10175.0,10025.0,10125.0,8524.943359375,1810900.0
2019-07-02,10000.0,10150.0,9950.0,10125.0,8524.943359375,2919400.0
2019-07-03,10000.0,10125.0,10000.0,10125.0,8524.943359375,3023200.0
2019-07-04,10075.0,10125.0,10075.0,10100.0,8503.89453125,1186700.0
2019-07-05,10025.0,10150.0,10025.0,10100.0,8503.89453125,4857300.0
2019-07-08,10100.0,10125.0,10000.0,10025.0,8440.74609375,3219300.0
2019-07-09,9950.0,10125.0,9950.0,10100.0,8503.89453125,2957200.0
2019-07-10,10050.0,10150.0,10025.0,10125.0,8524.943359375,4132100.0
2019-07-11,10075.0,10250.0,10075.0,10250.0,8630.189453125,4959400.0
2019-07-12,10250.0,10400.0,10200.0,10275.0,8651.2392578125,4944000.0
2019-07-15,10400.0,10400.0,10275.0,10375.0,8735.435546875,3802600.0
2019-07-16,10375.0,10425.0,10300.0,10425.0,8777.5341796875,2887800.0
2019-07-17,10425.0,10650.0,10350.0,10625.0,8945.927734375,4657700.0
2019-07-18,10625.0,10825.0,10575.0,10725.0,9030.1259765625,3141500.0
2019-07-19,10800.0,10850.0,10725.0,10850.0,9135.3720703125,4500500.0
2019-07-22,10850.0,10850.0,10550.0,10650.0,8966.9765625,2231900.0
2019-07-23,10650.0,10825.0,10625.0,10725.0,9030.1259765625,3789800.0
2019-07-24,10775.0,10775.0,10550.0,10575.0,8903.830078125,2573700.0
2019-07-25,10600.0,10825.0,10575.0,10700.0,9009.076171875,4393300.0
2019-07-26,10675.0,10775.0,10250.0,10575.0,8903.830078125,5094200.0
2019-07-29,10600.0,10600.0,10150.0,10550.0,8882.7802734375,4662100.0
2019-07-30,10350.0,10625.0,10325.0,10625.0,8945.927734375,6836000.0
2019-07-31,10700.0,10725.0,10600.0,10700.0,9009.076171875,9353300.0
2019-08-01,10700.0,10825.0,10575.0,10700.0,9009.076171875,5747800.0
2019-08-02,10600.0,10875.0,10600.0,10850.0,9135.3720703125,6844300.0
2019-08-05,10800.0,11175.0,10725.0,10875.0,9156.4208984375,10260200.0
2019-08-06,10875.0,10875.0,10625.0,10775.0,9072.2236328125,7514300.0
2019-08-07,10875.0,11900.0,10850.0,11225.0,9451.1103515625,8654200.0
2019-08-08,11100.0,11500.0,11100.0,11175.0,9409.0107421875,7458300.0
2019-08-09,11275.0,11350.0,11200.0,11300.0,9514.2568359375,4156500.0
2019-08-12,11350.0,11450.0,11225.0,11275.0,9493.208984375,2861900.0
2019-08-13,11500.0,11500.0,11175.0,11250.0,9472.1591796875,7798500.0
2019-08-14,11400.0,11400.0,11275.0,11350.0,9556.3564453125,4994700.0
2019-08-15,11100.0,11500.0,11050.0,11500.0,9682.6513671875,7785500.0
2019-08-16,10750.0,11650.0,10750.0,11625.0,9787.8974609375,7037500.0
2019-08-19,11625.0,12125.0,11475.0,11525.0,9703.7001953125,7924300.0
2019-08-20,11800.0,11950.0,11600.0,11900.0,10019.439453125,11360000.0
2019-08-21,11875.0,11900.0,11725.0,11800.0,9935.2431640625,7288200.0
2019-08-22,11900.0,11900.0,11800.0,11825.0,9956.291015625,7625300.0
2019-08-23,12075.0,12075.0,11700.0,11775.0,9914.193359375,7936400.0
2019-08-26,11675.0,11775.0,11250.0,11750.0,9893.14453125,6608200.0
2019-08-27,11850.0,11850.0,11725.0,11750.0,9893.14453125,12491900.0
2019-08-28,11900.0,11950.0,11775.0,11825.0,9956.291015625,8964800.0
2019-08-29,11825.0,12050.0,11825.0,12000.0,10103.63671875,12311400.0
2019-08-30,12100.0,12100.0,11950.0,12050.0,10145.7353515625,7502900.0
2019-09-02,12100.0,12100.0,11950.0,11975.0,10082.5859375,2153200.0
2019-09-03,11975.0,12025.0,11850.0,12000.0,10103.63671875,2459000.0
2019-09-04,12100.0,12100.0,11975.0,12000.0,10103.63671875,5760400.0
2019-09-05,11775.0,12000.0,11700.0,12000.0,10103.63671875,4230700.0
2019-09-06,12000.0,12000.0,11775.0,11900.0,10019.439453125,2320000.0
2019-09-09,11900.0,11950.0,11800.0,11850.0,9977.33984375,2642700.0
2019-09-10,11850.0,12025.0,11825.0,12025.0,10124.685546875,4550900.0
2019-09-11,12025.0,12050.0,11850.0,11950.0,10061.5380859375,5861100.0
2019-09-12,12000.0,12025.0,11850.0,11925.0,10040.4892578125,2164800.0
2019-09-13,11800.0,11825.0,11550.0,11600.0,9766.8486328125,4968500.0
2019-09-16,11500.0,11875.0,11475.0,11825.0,9956.291015625,6073500.0
2019-09-17,11900.0,12000.0,11875.0,11950.0,10061.5380859375,5113400.0
2019-09-18,11950.0,12000.0,11850.0,11875.0,9998.3916015625,2632200.0
2019-09-19,11975.0,11975.0,11850.0,11900.0,10019.439453125,2160600.0
2019-09-20,11925.0,11950.0,11775.0,11950.0,10061.5380859375,8730600.0
2019-09-23,11950.0,11975.0,11850.0,11875.0,9998.3916015625,2435100.0
2019-09-24,11950.0,11975.0,11725.0,11800.0,9935.2431640625,2092300.0
2019-09-25,11800.0,11850.0,11600.0,11800.0,9935.2431640625,4008700.0
2019-09-26,11900.0,12050.0,11875.0,12000.0,10103.63671875,4714500.0
2019-09-27,12000.0,12000.0,11875.0,11950.0,10061.5380859375,2938500.0
2019-09-30,11950.0,12025.0,11900.0,12025.0,10124.685546875,3417900.0
2019-10-01,11950.0,11975.0,11875.0,11925.0,10040.4892578125,2714500.0
2019-10-02,11975.0,12550.0,11975.0,12200.0,10272.03125,3768000.0
2019-10-03,12275.0,12400.0,11700.0,12200.0,10272.03125,6457500.0
2019-10-04,12275.0,12325.0,12150.0,12225.0,10293.078125,1296900.0
2019-10-07,12225.0,12350.0,12150.0,12275.0,10335.1787109375,1419100.0
2019-10-08,12400.0,12400.0,12275.0,12400.0,10440.423828125,2937900.0
2019-10-09,12500.0,12500.0,11975.0,12000.0,10103.63671875,3141600.0
2019-10-10,11875.0,11875.0,11350.0,11450.0,9640.552734375,9475400.0
2019-10-11,11550.0,11675.0,11525.0,11625.0,9787.8974609375,6715800.0
2019-10-14,11650.0,11750.0,11550.0,11600.0,9766.8486328125,6405900.0
2019-10-15,11550.0,11625.0,11325.0,11375.0,9577.4052734375,3905000.0
2019-10-16,11400.0,11600.0,11250.0,11325.0,9535.306640625,8774100.0
2019-10-17,11325.0,11550.0,11325.0,11550.0,9724.751953125,4469900.0
2019-10-18,11575.0,11600.0,11250.0,11275.0,9493.208984375,5140100.0
2019-10-21,11275.0,11600.0,11250.0,11400.0,9598.455078125,4684500.0
2019-10-22,11500.0,11525.0,11375.0,11425.0,9619.5029296875,5062200.0
2019-10-23,11425.0,11525.0,11300.0,11500.0,9682.6513671875,5815300.0
2019-10-24,11500.0,11625.0,11450.0,11600.0,9766.8486328125,8818700.0
2019-10-25,11575.0,11700.0,11200.0,11425.0,9619.5029296875,5173500.0
2019-10-28,11450.0,11725.0,11350.0,11700.0,9851.044921875,2733100.0
2019-10-29,11675.0,11700.0,11500.0,11600.0,9766.8486328125,4852400.0
2019-10-30,11850.0,11850.0,11600.0,11675.0,9829.9970703125,4996400.0
2019-10-31,11650.0,11725.0,11575.0,11625.0,9787.8974609375,6226300.0
2019-11-01,11750.0,11750.0,11575.0,11625.0,9787.8974609375,3642500.0
2019-11-04,11625.0,11650.0,11325.0,11350.0,9556.3564453125,4044400.0
2019-11-05,11300.0,11425.0,11100.0,11200.0,9430.060546875,9265000.0
2019-11-06,11250.0,11325.0,11100.0,11225.0,9451.1103515625,6111800.0
2019-11-07,11250.0,11300.0,10800.0,10800.0,9093.2734375,6648400.0
2019-11-08,10775.0,11300.0,10750.0,11275.0,9493.208984375,8192000.0
2019-11-11,11300.0,11475.0,11300.0,11400.0,9598.455078125,9711300.0
2019-11-12,11400.0,11425.0,11300.0,11400.0,9598.455078125,6231700.0
2019-11-13,11400.0,11475.0,11325.0,11475.0,9661.6025390625,3092400.0
2019-11-14,11475.0,11500.0,11325.0,11400.0,9598.455078125,13000400.0
2019-11-15,11350.0,11425.0,11350.0,11400.0,9598.455078125,8348400.0
2019-11-18,11400.0,11450.0,11300.0,11400.0,9598.455078125,3468700.0
2019-11-19,11400.0,11425.0,11250.0,11425.0,9619.5029296875,7517700.0
2019-11-20,11400.0,11425.0,11350.0,11425.0,9619.5029296875,2800200.0
2019-11-21,11400.0,11450.0,11400.0,11400.0,9598.455078125,5055700.0
2019-11-22,11300.0,11425.0,11300.0,11425.0,9619.5029296875,1941500.0
2019-11-25,11375.0,11425.0,11375.0,11400.0,9598.455078125,8105000.0
2019-11-26,11375.0,11425.0,11375.0,11375.0,9577.4052734375,13063100.0
2019-11-27,11325.0,11550.0,11300.0,11375.0,9577.4052734375,2689000.0
2019-11-28,11450.0,11525.0,11325.0,11325.0,9535.306640625,2859600.0
2019-11-29,11325.0,11500.0,11300.0,11325.0,9535.306640625,3762100.0
2019-12-02,11350.0,11500.0,11350.0,11400.0,9598.455078125,2671100.0
2019-12-03,11600.0,11625.0,11375.0,11400.0,9598.455078125,2400700.0
2019-12-04,11400.0,11425.0,11100.0,11100.0,9345.86328125,6445900.0
2019-12-05,11250.0,11325.0,11150.0,11250.0,9472.1591796875,6379900.0
2019-12-06,11300.0,11450.0,11250.0,11425.0,9619.5029296875,2077700.0
2019-12-09,11425.0,11425.0,11325.0,11375.0,9577.4052734375,2446300.0
2019-12-10,11375.0,11550.0,11350.0,11375.0,9577.4052734375,3879900.0
2019-12-11,11400.0,11525.0,11400.0,11450.0,9640.552734375,2694800.0
2019-12-12,11525.0,11525.0,11350.0,11375.0,9577.4052734375,3944900.0
2019-12-13,11350.0,11475.0,11350.0,11450.0,9640.552734375,3441700.0
2019-12-16,11350.0,11450.0,11325.0,11350.0,9556.3564453125,4959000.0
2019-12-17,11325.0,11500.0,11300.0,11500.0,9682.6513671875,7056800.0
2019-12-18,11450.0,11500.0,11250.0,11500.0,9682.6513671875,9347100.0
2019-12-19,11475.0,11475.0,11375.0,11425.0,9619.5029296875,3900600.0
2019-12-20,11400.0,11525.0,11275.0,11525.0,9703.7001953125,12072700.0
2019-12-23,11500.0,11500.0,11325.0,11400.0,9598.455078125,4627300.0
2019-12-26,11325.0,11425.0,11250.0,11275.0,9493.208984375,2931200.0
2019-12-27,11275.0,11275.0,11100.0,11175.0,9409.0107421875,6856300.0
2019-12-30,11200.0,11275.0,11150.0,11150.0,9387.962890625,5838000.0
2020-01-02,11275.0,11300.0,11100.0,11150.0,9387.962890625,1240200.0
2020-01-03,11150.0,11275.0,11050.0,11250.0,9472.1591796875,3044300.0
2020-01-06,11250.0,11550.0,11175.0,11500.0,9682.6513671875,3369400.0
2020-01-07,11550.0,11550.0,11200.0,11500.0,9682.6513671875,4636500.0
2020-01-08,11300.0,11550.0,11300.0,11550.0,9724.751953125,3602100.0
2020-01-09,11550.0,11550.0,11400.0,11525.0,9703.7001953125,4490400.0
2020-01-10,11550.0,11575.0,11475.0,11525.0,9703.7001953125,4671700.0
2020-01-13,11600.0,11600.0,11525.0,11550.0,9724.751953125,3006900.0
2020-01-14,11625.0,11625.0,11550.0,11600.0,9766.8486328125,4265000.0
2020-01-15,11625.0,11625.0,11425.0,11475.0,9661.6025390625,4462500.0
2020-01-16,11475.0,11600.0,11425.0,11600.0,9766.8486328125,4698300.0
2020-01-17,11600.0,11600.0,11550.0,11575.0,9745.798828125,2827400.0
2020-01-20,11575.0,11600.0,11550.0,11600.0,9766.8486328125,3167900.0
2020-01-21,11625.0,11800.0,11600.0,11700.0,9851.044921875,3918900.0
2020-01-22,11700.0,11875.0,11675.0,11750.0,9893.14453125,5004000.0
2020-01-23,11700.0,11775.0,11650.0,11700.0,9851.044921875,1669200.0
2020-01-24,11675.0,11700.0,11600.0,11700.0,9851.044921875,1701000.0
2020-01-27,11700.0,11725.0,11625.0,11650.0,9808.947265625,2236100.0
2020-01-28,11625.0,11650.0,11300.0,11625.0,9787.8974609375,3602200.0
2020-01-29,11650.0,11800.0,11650.0,11700.0,9851.044921875,2873700.0
2020-01-30,11750.0,11900.0,11475.0,11625.0,9787.8974609375,5091400.0
2020-01-31,11600.0,11600.0,11375.0,11375.0,9577.4052734375,6281100.0
2020-02-03,11375.0,11425.0,11300.0,11400.0,9598.455078125,2396500.0
2020-02-04,11550.0,11700.0,11475.0,11600.0,9766.8486328125,6060300.0
2020-02-05,11600.0,11625.0,11450.0,11500.0,9682.6513671875,2591600.0
2020-02-06,11475.0,11650.0,11475.0,11500.0,9682.6513671875,2299400.0
2020-02-07,11500.0,11550.0,11400.0,11500.0,9682.6513671875,1786400.0
2020-02-10,11650.0,11650.0,11400.0,11575.0,9745.798828125,2697700.0
2020-02-11,11575.0,11575.0,11400.0,11475.0,9661.6025390625,13191900.0
2020-02-12,11050.0,11050.0,10550.0,10750.0,9051.173828125,38781300.0
2020-02-13,10700.0,10950.0,10600.0,10800.0,9093.2734375,6782100.0
2020-02-14,10825.0,10850.0,10750.0,10775.0,9072.2236328125,5096600.0
2020-02-17,10750.0,10925.0,10725.0,10850.0,9135.3720703125,3487400.0
2020-02-18,10850.0,10950.0,10825.0,10850.0,9135.3720703125,5428000.0
2020-02-19,10950.0,11000.0,10800.0,11000.0,9261.66796875,3665500.0
2020-02-20,11025.0,11375.0,11000.0,11225.0,9451.1103515625,5472600.0
2020-02-21,11225.0,11275.0,10925.0,10950.0,9219.568359375,4520700.0
2020-02-24,10750.0,11125.0,10750.0,11025.0,9282.7158203125,2871700.0
2020-02-25,11000.0,11075.0,10875.0,10975.0,9240.6181640625,3213600.0
2020-02-26,10900.0,10925.0,10775.0,10825.0,9114.3212890625,4142700.0
2020-02-27,10750.0,10825.0,10350.0,10550.0,8882.7802734375,5781400.0
2020-02-28,10100.0,10450.0,9900.0,10275.0,8651.2392578125,12019600.0
2020-03-02,10275.0,10275.0,9975.0,10150.0,8545.9921875,6373100.0
2020-03-03,10650.0,11125.0,10475.0,10950.0,9219.568359375,7187600.0
2020-03-04,10975.0,11000.0,10750.0,10950.0,9219.568359375,4640300.0
2020-03-05,11025.0,11075.0,10800.0,10950.0,9219.568359375,6386500.0
2020-03-06,10750.0,11000.0,10750.0,10950.0,9219.568359375,5805700.0
2020-03-09,10700.0,10700.0,10350.0,10375.0,8735.435546875,4459700.0
2020-03-10,10300.0,11000.0,10300.0,10775.0,9072.2236328125,4665700.0
2020-03-11,10775.0,10950.0,10450.0,10950.0,9219.568359375,5798300.0
2020-03-12,10775.0,10950.0,10500.0,10525.0,8861.73046875,4114900.0
2020-03-13,10525.0,11100.0,9800.0,10975.0,9240.6181640625,9473800.0
2020-03-16,10825.0,10925.0,10325.0,10400.0,8756.484375,6384200.0
2020-03-17,10400.0,10500.0,9700.0,9750.0,8209.2041015625,8147300.0
2020-03-18,9875.0,9950.0,9075.0,9325.0,7851.3671875,6285700.0
2020-03-19,9100.0,9100.0,8675.0,8850.0,7451.43212890625,7344600.0
2020-03-20,9000.0,9700.0,8300.0,8975.0,7556.677734375,16501400.0
2020-03-23,8950.0,8950.0,8350.0,8350.0,7030.44775390625,4901900.0
2020-03-24,8300.0,9050.0,8125.0,8300.0,6988.34814453125,10642400.0
2020-03-26,8525.0,9900.0,8325.0,9500.0,7998.71142578125,14307800.0
2020-03-27,9500.0,10350.0,9500.0,9975.0,8398.6474609375,6618600.0
2020-03-30,9950.0,10100.0,9300.0,9650.0,8125.0068359375,4572400.0
2020-03-31,9650.0,10700.0,9650.0,10225.0,8609.140625,10710300.0
2020-04-01,10200.0,10475.0,9900.0,10150.0,8545.9921875,4606400.0
2020-04-02,10100.0,10300.0,9800.0,10200.0,8588.0908203125,7811800.0
2020-04-03,10200.0,10300.0,9925.0,10000.0,8419.697265625,4190800.0
2020-04-06,10100.0,10300.0,9950.0,10250.0,8630.189453125,5343900.0
2020-04-07,10350.0,10600.0,9875.0,10075.0,8482.8447265625,6342100.0
2020-04-08,10100.0,10200.0,9575.0,9600.0,8082.91015625,7488000.0
2020-04-09,9600.0,10125.0,9600.0,10100.0,8503.89453125,5938100.0
2020-04-13,10100.0,10300.0,10050.0,10200.0,8588.0908203125,3225000.0
2020-04-14,10200.0,10350.0,10100.0,10350.0,8714.38671875,4600800.0
2020-04-15,10350.0,10350.0,9900.0,10175.0,8567.0419921875,3361900.0
2020-04-16,10175.0,10175.0,9900.0,9900.0,8335.4990234375,5543800.0
2020-04-17,10000.0,10300.0,10000.0,10200.0,8588.0908203125,6244900.0
2020-04-20,10300.0,10300.0,10025.0,10075.0,8482.8447265625,5211200.0
2020-04-21,10075.0,10200.0,9975.0,9975.0,8398.6474609375,2472900.0
2020-04-22,10000.0,10175.0,9975.0,10025.0,8440.74609375,4752000.0
2020-04-23,10175.0,10250.0,10050.0,10150.0,8545.9921875,5175900.0
2020-04-24,10200.0,10200.0,9900.0,9900.0,8335.4990234375,6779300.0
2020-04-27,9900.0,10050.0,9750.0,9925.0,8356.5498046875,3587100.0
2020-04-28,9900.0,10050.0,9900.0,10025.0,8440.74609375,3350600.0
2020-04-29,10050.0,10100.0,9900.0,10000.0,8419.697265625,3956900.0
2020-04-30,10050.0,10150.0,9875.0,9875.0,8314.451171875,7794500.0
2020-05-04,9875.0,9900.0,9700.0,9700.0,8167.10693359375,5036700.0
2020-05-05,9850.0,9850.0,9700.0,9750.0,8209.2041015625,2481700.0
2020-05-06,9775.0,9875.0,9650.0,9675.0,8146.0576171875,5417100.0
2020-05-08,9700.0,9775.0,9550.0,9625.0,8103.95751953125,7505800.0
2020-05-11,9725.0,9825.0,9700.0,9750.0,8209.2041015625,3409000.0
2020-05-12,9750.0,9800.0,9625.0,9750.0,8209.2041015625,10015800.0
2020-05-13,9750.0,9775.0,9600.0,9650.0,8125.0068359375,3462800.0
2020-05-14,9675.0,9975.0,9600.0,9725.0,8188.15625,7272200.0
2020-05-15,9800.0,9900.0,9700.0,9700.0,8167.10693359375,6164400.0
2020-05-18,9700.0,9825.0,9625.0,9725.0,8188.15625,3533300.0
2020-05-19,9800.0,9950.0,9800.0,9900.0,8335.4990234375,6299300.0
2020-05-20,9800.0,9900.0,9350.0,9600.0,8082.91015625,11973600.0
2020-05-26,9600.0,9600.0,8950.0,8950.0,7535.62890625,10324600.0
2020-05-27,8700.0,8700.0,8325.0,8325.0,7009.3974609375,13319000.0
2020-05-28,8075.0,8575.0,7750.0,8325.0,7009.3974609375,204450600.0
2020-05-29,8350.0,8500.0,8150.0,8150.0,6862.0537109375,61130900.0
2020-06-02,8250.0,8550.0,8250.0,8475.0,7135.693359375,39990400.0
2020-06-03,8600.0,8800.0,8400.0,8500.0,7156.7421875,38866800.0
2020-06-04,8525.0,8700.0,8500.0,8500.0,7156.7421875,28171800.0
2020-06-05,8525.0,8625.0,8400.0,8625.0,7261.98828125,13685700.0
2020-06-08,8725.0,9000.0,8700.0,8775.0,7388.2841796875,24469300.0
2020-06-09,8850.0,8975.0,8800.0,8900.0,7493.52978515625,21394700.0
2020-06-10,8800.0,8900.0,8625.0,8650.0,7283.0380859375,15356000.0
2020-06-11,8575.0,8750.0,8450.0,8600.0,7240.93994140625,11516100.0
2020-06-12,8600.0,8625.0,8200.0,8600.0,7240.93994140625,15411500.0
2020-06-15,8600.0,8800.0,8575.0,8700.0,7325.13671875,12064600.0
2020-06-16,8700.0,8900.0,8700.0,8875.0,7472.4814453125,9437600.0
2020-06-17,8875.0,9000.0,8875.0,8950.0,7535.62890625,7449300.0
2020-06-18,8900.0,8975.0,8750.0,8750.0,7367.23583984375,6346200.0
2020-06-19,8700.0,8925.0,8675.0,8925.0,7514.57958984375,6381100.0
2020-06-22,8925.0,9250.0,8900.0,9100.0,7661.923828125,15587900.0
2020-06-23,9150.0,9150.0,8925.0,8925.0,7514.57958984375,12104800.0
2020-06-24,8950.0,9075.0,8925.0,9075.0,7640.875,6518200.0
2020-06-25,9075.0,9075.0,8950.0,8975.0,7556.677734375,5614100.0
2020-06-26,9075.0,9250.0,9000.0,9225.0,7767.169921875,10454900.0
2020-06-29,9200.0,9450.0,9125.0,9400.0,7914.515625,12020200.0
2020-06-30,9450.0,9500.0,9350.0,9350.0,7872.41552734375,13922700.0
2020-07-01,9350.0,9400.0,9200.0,9200.0,7746.12060546875,7022000.0
2020-07-02,9250.0,9550.0,9225.0,9550.0,8040.81103515625,7749600.0
2020-07-03,9525.0,9600.0,9400.0,9425.0,7935.56494140625,3649100.0
2020-07-06,9425.0,9525.0,9400.0,9425.0,7935.56494140625,3042600.0
2020-07-07,9425.0,9500.0,9400.0,9500.0,7998.71142578125,6629600.0
2020-07-08,9425.0,9550.0,9300.0,9450.0,7956.61328125,9140000.0
2020-07-09,9500.0,9525.0,9350.0,9350.0,7872.41552734375,5609200.0
2020-07-10,9350.0,9400.0,9200.0,9225.0,7767.169921875,6827600.0
2020-07-13,9325.0,9350.0,9225.0,9250.0,7788.22021484375,4046700.0
2020-07-14,9400.0,9450.0,9250.0,9450.0,7956.61328125,4863900.0
2020-07-15,9450.0,9500.0,9425.0,9450.0,7956.61328125,5436400.0
2020-07-16,9500.0,9650.0,9450.0,9575.0,8061.86083984375,12667900.0
2020-07-17,9650.0,9650.0,9125.0,9275.0,7809.26953125,18966400.0
2020-07-20,9350.0,9425.0,9225.0,9325.0,7851.3671875,13802800.0
2020-07-21,9325.0,9425.0,9325.0,9325.0,7851.3671875,7936100.0
2020-07-22,9375.0,9425.0,9325.0,9375.0,7893.4658203125,5859000.0
2020-07-23,9375.0,9475.0,9375.0,9400.0,7914.515625,9044800.0
2020-07-24,9300.0,9325.0,9175.0,9175.0,7905.8994140625,9935000.0
2020-07-27,9200.0,9300.0,9000.0,9000.0,7755.10546875,12846800.0
2020-07-28,9075.0,9150.0,9000.0,9050.0,7798.18798828125,9219900.0
2020-07-29,9075.0,9125.0,9050.0,9125.0,7862.814453125,6255400.0
2020-07-30,9125.0,9200.0,9075.0,9200.0,7927.43994140625,8499300.0
2020-08-03,9200.0,9400.0,9075.0,9300.0,8013.60888671875,20483300.0
2020-08-04,9425.0,10425.0,9200.0,10025.0,8638.3251953125,45798800.0
2020-08-05,10000.0,10625.0,9925.0,10550.0,9090.7060546875,25765000.0
2020-08-06,10575.0,10600.0,10325.0,10325.0,8896.828125,11910700.0
2020-08-07,10325.0,10375.0,10075.0,10175.0,8767.576171875,11490600.0
2020-08-10,10200.0,10250.0,10050.0,10175.0,8767.576171875,8662600.0
2020-08-11,10175.0,10350.0,10125.0,10200.0,8789.119140625,8829900.0
2020-08-12,10225.0,10300.0,10125.0,10150.0,8746.0341796875,7687000.0
2020-08-13,10150.0,10275.0,10150.0,10250.0,8832.2021484375,8840200.0
2020-08-14,10250.0,10300.0,10125.0,10175.0,8767.576171875,6382600.0
2020-08-18,10200.0,10275.0,10125.0,10200.0,8789.119140625,6105900.0
2020-08-19,10200.0,10275.0,10100.0,10100.0,8702.951171875,5372500.0
2020-08-24,10150.0,10275.0,10150.0,10225.0,8810.66015625,7070300.0
2020-08-25,10225.0,10475.0,10200.0,10425.0,8982.9951171875,8463700.0
2020-08-26,10425.0,10500.0,10325.0,10350.0,8918.3701171875,4974600.0
2020-08-27,10450.0,10450.0,10300.0,10350.0,8918.3701171875,3609200.0
2020-08-28,10400.0,10400.0,10250.0,10325.0,8896.828125,3591500.0
2020-08-31,10325.0,10375.0,10225.0,10225.0,8810.66015625,6480900.0
2020-09-01,10175.0,10250.0,10125.0,10225.0,8810.66015625,5985500.0
2020-09-02,10325.0,10350.0,10200.0,10200.0,8789.119140625,6190400.0
2020-09-03,10200.0,10350.0,10200.0,10225.0,8810.66015625,4452600.0
2020-09-04,10250.0,10375.0,10100.0,10300.0,8875.2861328125,6204400.0
2020-09-07,10275.0,10325.0,10250.0,10325.0,8896.828125,2898700.0
2020-09-08,10325.0,10375.0,10275.0,10325.0,8896.828125,8859000.0
2020-09-09,10300.0,10450.0,10250.0,10275.0,8853.7451171875,5255900.0
2020-09-10,10225.0,10225.0,9600.0,9975.0,8595.240234375,14206300.0
2020-09-11,9900.0,10500.0,9725.0,10250.0,8832.2021484375,12182000.0
2020-09-14,10400.0,10600.0,10375.0,10550.0,9090.7060546875,6768500.0
2020-09-15,10575.0,10600.0,10375.0,10400.0,8961.4541015625,3665900.0
2020-09-16,10500.0,10550.0,10350.0,10450.0,9004.5390625,3624200.0
2020-09-17,10450.0,10475.0,10050.0,10200.0,8789.119140625,4053600.0
2020-09-18,10200.0,10275.0,10150.0,10175.0,8767.576171875,4415000.0
2020-09-21,10175.0,10275.0,10000.0,10150.0,8746.0341796875,2745700.0
2020-09-22,10050.0,10350.0,9950.0,10250.0,8832.2021484375,5540400.0
2020-09-23,10350.0,10375.0,10150.0,10350.0,8918.3701171875,6495900.0
2020-09-24,10225.0,10225.0,10025.0,10100.0,8702.951171875,5972900.0
2020-09-25,10200.0,10250.0,10050.0,10050.0,8659.8671875,6329100.0
2020-09-28,10175.0,10175.0,10050.0,10075.0,8681.4091796875,3033500.0
2020-09-29,10175.0,10175.0,10050.0,10150.0,8746.0341796875,3448900.0
2020-09-30,10200.0,10200.0,10075.0,10075.0,8681.4091796875,3833100.0
2020-10-01,10075.0,10175.0,10075.0,10150.0,8746.0341796875,2693500.0
2020-10-02,10150.0,10175.0,10025.0,10075.0,8681.4091796875,2634300.0
2020-10-05,10075.0,10175.0,10050.0,10100.0,8702.951171875,2439600.0
2020-10-06,10200.0,10200.0,10100.0,10100.0,8702.951171875,2538900.0
2020-10-07,10150.0,10150.0,10000.0,10000.0,8616.783203125,4764400.0
2020-10-08,10025.0,10075.0,10025.0,10075.0,8681.4091796875,3209400.0
2020-10-09,10100.0,10100.0,10050.0,10050.0,8659.8671875,2004200.0
2020-10-12,10050.0,10075.0,9950.0,9950.0,8573.69921875,6518600.0
2020-10-13,9900.0,9950.0,9875.0,9925.0,8552.158203125,7526700.0
2020-10-14,10000.0,10000.0,9875.0,9950.0,8573.69921875,9351800.0
2020-10-15,9925.0,9950.0,9750.0,9750.0,8401.36328125,10009200.0
2020-10-16,9775.0,9925.0,9750.0,9750.0,8401.36328125,7227300.0
2020-10-19,9775.0,9875.0,9775.0,9825.0,8465.990234375,2188500.0
2020-10-20,9825.0,9850.0,9725.0,9725.0,8379.8212890625,6697000.0
2020-10-21,9725.0,9850.0,9650.0,9700.0,8358.2802734375,9752700.0
2020-10-22,9700.0,9725.0,9650.0,9650.0,8315.1953125,5281200.0
2020-10-23,9700.0,9775.0,9700.0,9725.0,8379.8212890625,2466700.0
2020-10-26,9725.0,9875.0,9700.0,9775.0,8422.904296875,5331300.0
2020-10-27,9750.0,9775.0,9650.0,9650.0,8315.1953125,4979000.0
2020-11-02,9650.0,9925.0,9625.0,9750.0,8401.36328125,9102800.0
2020-11-03,9825.0,9825.0,9725.0,9725.0,8379.8212890625,4004300.0
2020-11-04,9750.0,9825.0,9750.0,9775.0,8422.904296875,2680800.0
2020-11-05,9850.0,9900.0,9800.0,9900.0,8530.6142578125,5042500.0
2020-11-06,9900.0,9950.0,9800.0,9875.0,8509.0732421875,10391600.0
2020-11-09,9900.0,9950.0,9750.0,9750.0,8401.36328125,9146900.0
2020-11-10,9775.0,9850.0,9650.0,9675.0,8336.73828125,21280100.0
2020-11-11,9775.0,9775.0,9600.0,9600.0,8272.1123046875,20988000.0
2020-11-12,9675.0,9800.0,9675.0,9775.0,8422.904296875,10317600.0
2020-11-13,9775.0,9775.0,9675.0,9700.0,8358.2802734375,7350000.0
2020-11-16,9775.0,9800.0,9700.0,9750.0,8401.36328125,7054800.0
2020-11-17,9800.0,10475.0,9800.0,10250.0,8832.2021484375,24735800.0
2020-11-18,10250.0,10475.0,10250.0,10275.0,8853.7451171875,10675000.0
2020-11-19,10275.0,10400.0,10150.0,10350.0,8918.3701171875,7159300.0
2020-11-20,10400.0,10400.0,10100.0,10100.0,8702.951171875,10424600.0
2020-11-23,10150.0,10250.0,10125.0,10200.0,8789.119140625,5293500.0
2020-11-24,10225.0,10250.0,10100.0,10125.0,8724.4931640625,8640800.0
2020-11-25,10125.0,10175.0,10000.0,10000.0,8616.783203125,12555600.0
2020-11-26,10000.0,10150.0,9925.0,10125.0,8724.4931640625,13527800.0
2020-11-27,10150.0,10600.0,10075.0,10600.0,9133.791015625,28037600.0
2020-11-30,10600.0,10625.0,9900.0,9900.0,8530.6142578125,64378700.0
2020-12-01,10000.0,10150.0,9950.0,10100.0,8702.951171875,20983400.0
2020-12-02,10175.0,10200.0,10025.0,10175.0,8767.576171875,14997900.0
2020-12-03,10200.0,10225.0,10025.0,10025.0,8638.3251953125,15979900.0
2020-12-04,10025.0,10025.0,9950.0,9950.0,8573.69921875,16025500.0
2020-12-07,9975.0,10025.0,9950.0,9950.0,8573.69921875,14777600.0
2020-12-08,9950.0,9975.0,9750.0,9800.0,8444.4482421875,37259300.0
2020-12-10,9875.0,9950.0,9725.0,9950.0,8573.69921875,27446400.0
2020-12-11,9950.0,9975.0,9800.0,9825.0,8465.990234375,15130000.0
2020-12-14,9825.0,9875.0,9800.0,9825.0,8465.990234375,7997300.0
2020-12-15,9825.0,9850.0,9700.0,9700.0,8358.2802734375,17300900.0
2020-12-16,9725.0,9800.0,9700.0,9775.0,8422.904296875,16458300.0
2020-12-17,9800.0,9850.0,9725.0,9725.0,8379.8212890625,12290800.0
2020-12-18,9750.0,9775.0,9675.0,9700.0,8358.2802734375,15122100.0
2020-12-21,9700.0,9825.0,9650.0,9775.0,8422.904296875,10927500.0
2020-12-22,9825.0,9825.0,9600.0,9600.0,8272.1123046875,15824100.0
2020-12-23,9600.0,9675.0,9450.0,9525.0,8207.4853515625,11933300.0
2020-12-28,9525.0,9550.0,9450.0,9475.0,8164.40185546875,10841700.0
2020-12-29,9500.0,9575.0,9275.0,9300.0,8013.60888671875,18237100.0
2020-12-30,9300.0,9575.0,9300.0,9575.0,8250.5712890625,16093100.0
2021-01-04,9600.0,9600.0,9400.0,9575.0,8250.5712890625,6040400.0
2021-01-05,9525.0,9575.0,9450.0,9450.0,8142.85986328125,10086200.0
2021-01-06,9450.0,9550.0,9375.0,9425.0,8121.318359375,10369600.0
2021-01-07,9425.0,9600.0,9400.0,9500.0,8185.943359375,8826900.0
2021-01-08,9550.0,9575.0,9450.0,9525.0,8207.4853515625,11195000.0
2021-01-11,9525.0,9600.0,9500.0,9525.0,8207.4853515625,5309300.0
2021-01-12,9525.0,9550.0,9425.0,9425.0,8121.318359375,6644300.0
2021-01-13,9425.0,9450.0,9325.0,9325.0,8035.150390625,11366200.0
2021-01-14,9350.0,9475.0,9325.0,9350.0,8056.69091796875,6211400.0
2021-01-15,9350.0,9425.0,9325.0,9375.0,8078.23388671875,6773600.0
2021-01-18,9375.0,9650.0,9375.0,9625.0,8293.65234375,15779400.0
2021-01-19,9700.0,9900.0,9625.0,9750.0,8401.36328125,34368300.0
2021-01-20,9750.0,9825.0,9600.0,9675.0,8336.73828125,14452800.0
2021-01-21,9700.0,9750.0,9575.0,9575.0,8250.5712890625,7065100.0
2021-01-22,9575.0,9600.0,9400.0,9475.0,8164.40185546875,5631500.0
2021-01-25,9450.0,9575.0,9325.0,9500.0,8185.943359375,8009500.0
2021-01-26,9575.0,9700.0,9400.0,9500.0,8185.943359375,13587300.0
2021-01-27,9500.0,9650.0,9400.0,9500.0,8185.943359375,9466000.0
2021-01-28,9500.0,9500.0,9350.0,9350.0,8056.69091796875,8804700.0
2021-01-29,9350.0,9400.0,9000.0,9100.0,7841.27197265625,14066800.0
2021-02-01,9000.0,9300.0,9000.0,9225.0,7948.9814453125,6846000.0
2021-02-02,9250.0,9575.0,9225.0,9500.0,8185.943359375,12534000.0
2021-02-03,9525.0,9550.0,9400.0,9425.0,8121.318359375,8510200.0
2021-02-04,9425.0,9475.0,9225.0,9325.0,8035.150390625,6585300.0
2021-02-05,9325.0,9350.0,9175.0,9225.0,7948.9814453125,7215800.0
2021-02-08,9225.0,9275.0,9100.0,9100.0,7841.27197265625,11335300.0
2021-02-09,9150.0,9200.0,8800.0,8800.0,7582.76806640625,35900200.0
2021-02-10,8850.0,9075.0,8850.0,9000.0,7755.10546875,19472200.0
2021-02-11,9000.0,9050.0,8950.0,8975.0,7733.5625,4249400.0
2021-02-15,9000.0,9025.0,8950.0,8975.0,7733.5625,4050100.0
2021-02-16,9000.0,9025.0,8800.0,8825.0,7604.31103515625,14656600.0
2021-02-17,8825.0,8900.0,8800.0,8825.0,7604.31103515625,5044600.0
2021-02-18,8900.0,8925.0,8750.0,8750.0,7539.68603515625,10242500.0
2021-02-19,8750.0,8800.0,8550.0,8600.0,7410.43359375,16657400.0
2021-02-22,8725.0,8750.0,8625.0,8625.0,7431.97509765625,6220800.0
2021-02-23,8625.0,8625.0,8550.0,8550.0,7367.349609375,11933200.0
2021-02-24,8550.0,8725.0,8500.0,8650.0,7453.517578125,17672400.0
2021-02-25,8700.0,8750.0,8575.0,8575.0,7388.8916015625,7989700.0
2021-02-26,8550.0,8650.0,8500.0,8575.0,7388.8916015625,11519000.0
2021-03-01,8600.0,8650.0,8575.0,8600.0,7410.43359375,4982200.0
2021-03-02,8600.0,8900.0,8600.0,8700.0,7496.60107421875,13965700.0
2021-03-03,8700.0,8750.0,8650.0,8725.0,7518.1435546875,9225100.0
2021-03-04,8775.0,8775.0,8600.0,8600.0,7410.43359375,7279700.0
2021-03-05,8600.0,8600.0,8500.0,8500.0,7324.265625,12683100.0
2021-03-08,8500.0,8550.0,8325.0,8375.0,7216.5556640625,12971400.0
2021-03-09,8375.0,8425.0,8300.0,8325.0,7173.4716796875,8629600.0
2021-03-10,8325.0,8500.0,8325.0,8375.0,7216.5556640625,7208800.0
2021-03-12,8400.0,8475.0,8375.0,8375.0,7216.5556640625,6857000.0
2021-03-15,8475.0,8675.0,8450.0,8500.0,7324.265625,9366100.0
2021-03-16,8575.0,8625.0,8525.0,8600.0,7410.43359375,4733700.0
2021-03-17,8650.0,8650.0,8550.0,8625.0,7431.97509765625,6268400.0
2021-03-18,8675.0,8725.0,8650.0,8700.0,7496.60107421875,8262600.0
2021-03-19,8700.0,8875.0,8625.0,8825.0,7604.31103515625,15236900.0
2021-03-22,8850.0,8900.0,8800.0,8825.0,7604.31103515625,7289500.0
2021-03-23,9100.0,9275.0,9100.0,9200.0,7927.43994140625,30860800.0
2021-03-24,9200.0,9275.0,9050.0,9250.0,7970.5244140625,12586500.0
2021-03-25,9200.0,9225.0,8875.0,8950.0,7712.0205078125,11930600.0
2021-03-26,9050.0,9100.0,8975.0,9100.0,7841.27197265625,7860900.0
2021-03-29,9100.0,9225.0,9050.0,9225.0,7948.9814453125,5927500.0
2021-03-30,9200.0,9225.0,9025.0,9075.0,7819.73046875,6974500.0
2021-03-31,9075.0,9200.0,8800.0,9200.0,7927.43994140625,11218500.0
2021-04-01,9075.0,9150.0,8925.0,8950.0,7712.0205078125,8292600.0
2021-04-05,9000.0,9050.0,8925.0,8925.0,7690.478515625,1842800.0
2021-04-06,8925.0,8950.0,8800.0,8825.0,7604.31103515625,4493200.0
2021-04-07,8850.0,8975.0,8850.0,8900.0,7668.9365234375,3186900.0
2021-04-08,8900.0,8950.0,8800.0,8800.0,7582.76806640625,7579300.0
2021-04-09,8800.0,8900.0,8800.0,8875.0,7647.3955078125,2731400.0
2021-04-12,8900.0,8925.0,8650.0,8650.0,7453.517578125,5958000.0
2021-04-13,8650.0,8725.0,8550.0,8625.0,7431.97509765625,2735700.0
2021-04-14,8700.0,8750.0,8675.0,8750.0,7539.68603515625,2798800.0
2021-04-15,8750.0,8775.0,8675.0,8750.0,7539.68603515625,2319600.0
2021-04-16,8750.0,8950.0,8750.0,8950.0,7712.0205078125,4801000.0
2021-04-19,8975.0,9000.0,8900.0,8950.0,7712.0205078125,4496300.0
2021-04-20,9000.0,9000.0,8850.0,8900.0,7668.9365234375,2117200.0
2021-04-21,8850.0,8900.0,8800.0,8800.0,7582.76806640625,2711600.0
2021-04-22,8825.0,8875.0,8750.0,8750.0,7539.68603515625,1843600.0
2021-04-23,8800.0,8925.0,8750.0,8875.0,7647.3955078125,3492000.0
2021-04-26,8875.0,8900.0,8700.0,8700.0,7496.60107421875,4114300.0
2021-04-27,8700.0,8725.0,8550.0,8600.0,7410.43359375,7502700.0
2021-04-28,8600.0,8675.0,8500.0,8575.0,7388.8916015625,5144400.0
2021-04-29,8600.0,8675.0,8575.0,8625.0,7431.97509765625,2352400.0
2021-04-30,8650.0,8700.0,8575.0,8700.0,7496.60107421875,3825600.0
2021-05-03,8700.0,8700.0,8550.0,8550.0,7367.349609375,3563800.0
2021-05-04,8550.0,8575.0,8450.0,8525.0,7345.806640625,6310100.0
2021-05-05,8525.0,8600.0,8500.0,8525.0,7345.806640625,2506600.0
2021-05-06,8550.0,8600.0,8400.0,8500.0,7324.265625,6187000.0
2021-05-07,8500.0,8525.0,8425.0,8450.0,7281.181640625,2904100.0
2021-05-10,8450.0,8600.0,8425.0,8600.0,7410.43359375,3839900.0
2021-05-11,8600.0,8600.0,8500.0,8525.0,7345.806640625,2161700.0
2021-05-17,8550.0,8575.0,8200.0,8250.0,7108.84619140625,9477500.0
2021-05-18,8250.0,8400.0,8250.0,8300.0,7151.9296875,3770500.0
2021-05-19,8300.0,8350.0,8250.0,8275.0,7130.38818359375,4186400.0
2021-05-20,8300.0,8450.0,8275.0,8375.0,7216.5556640625,4715400.0
2021-05-21,8400.0,8425.0,8300.0,8325.0,7173.4716796875,2032000.0
2021-05-24,8350.0,8350.0,8200.0,8200.0,7065.76220703125,3906400.0
2021-05-25,8200.0,8225.0,8100.0,8175.0,7044.2197265625,8978000.0
2021-05-27,8200.0,8275.0,8150.0,8275.0,7130.38818359375,11260600.0
2021-05-28,8275.0,8300.0,8050.0,8125.0,7001.13623046875,7763900.0
2021-05-31,8150.0,8225.0,8075.0,8200.0,7065.76220703125,4574100.0
2021-06-02,8250.0,8375.0,8200.0,8225.0,7087.30322265625,5611200.0
2021-06-03,8250.0,8700.0,8250.0,8700.0,7496.60107421875,10251900.0
2021-06-04,8675.0,8675.0,8425.0,8450.0,7281.181640625,9862700.0
2021-06-07,8500.0,8525.0,8325.0,8350.0,7195.013671875,3596700.0
2021-06-08,8350.0,8375.0,8125.0,8175.0,7044.2197265625,8321100.0
2021-06-09,8175.0,8250.0,8125.0,8150.0,7022.6787109375,4260000.0
2021-06-10,8175.0,8225.0,8150.0,8150.0,7022.6787109375,2264700.0
2021-06-11,8175.0,8225.0,8150.0,8175.0,7044.2197265625,2528900.0
2021-06-14,8175.0,8250.0,8150.0,8150.0,7022.6787109375,2865900.0
2021-06-15,8175.0,8200.0,8125.0,8150.0,7022.6787109375,4067700.0
2021-06-16,8175.0,8325.0,8150.0,8175.0,7044.2197265625,4552800.0
2021-06-17,8175.0,8250.0,8125.0,8125.0,7001.13623046875,4122100.0
2021-06-18,8125.0,8150.0,7750.0,7750.0,6678.00732421875,22478200.0
2021-06-21,7725.0,8000.0,7625.0,7925.0,6828.80078125,8643800.0
2021-06-22,7975.0,8150.0,7950.0,8050.0,6936.51025390625,4253300.0
2021-06-23,8150.0,8150.0,7950.0,7975.0,6871.884765625,3698700.0
2021-06-24,8000.0,8125.0,7875.0,8025.0,6914.9677734375,5529100.0
2021-06-25,8025.0,8100.0,8000.0,8025.0,6914.9677734375,3121500.0
2021-06-28,8025.0,8100.0,7900.0,7975.0,6871.884765625,3796900.0
2021-06-29,8050.0,8300.0,8000.0,8250.0,7108.84619140625,9487400.0
2021-06-30,8250.0,8350.0,8150.0,8150.0,7022.6787109375,5574700.0
2021-07-01,8425.0,8700.0,8350.0,8500.0,7324.265625,17723600.0
2021-07-02,8500.0,8575.0,8350.0,8425.0,7259.6396484375,10481800.0
2021-07-05,8425.0,8425.0,8200.0,8225.0,7087.30322265625,3802800.0
2021-07-06,8275.0,8400.0,8225.0,8400.0,7238.09765625,2930700.0
2021-07-07,8350.0,8500.0,8325.0,8450.0,7281.181640625,4513900.0
2021-07-08,8475.0,8550.0,8425.0,8475.0,7302.72314453125,3402100.0
2021-07-09,8400.0,8600.0,8375.0,8550.0,7367.349609375,6327200.0
2021-07-12,8550.0,8900.0,8500.0,8825.0,7604.31103515625,12916200.0
2021-07-13,8825.0,9025.0,8725.0,8950.0,7712.0205078125,16894100.0
2021-07-14,8950.0,8950.0,8600.0,8700.0,7496.60107421875,7941000.0
2021-07-15,8675.0,8800.0,8600.0,8675.0,7475.05908203125,2707700.0
2021-07-16,8675.0,8725.0,8450.0,8575.0,7388.8916015625,5375000.0
2021-07-19,8575.0,8575.0,8425.0,8500.0,7324.265625,3177400.0
2021-07-21,8425.0,8625.0,8425.0,8500.0,7324.265625,4519000.0
2021-07-22,8575.0,8850.0,8525.0,8825.0,7604.31103515625,4700400.0
2021-07-23,8825.0,8825.0,8550.0,8650.0,7453.517578125,4113700.0
2021-07-26,8700.0,8800.0,8600.0,8725.0,7518.1435546875,3926200.0
2021-07-27,8750.0,8775.0,8450.0,8500.0,7324.265625,3332900.0
2021-07-28,8500.0,8550.0,8400.0,8500.0,7324.265625,2409400.0
2021-07-29,8500.0,8500.0,8350.0,8350.0,7195.013671875,4082900.0
2021-07-30,8325.0,8350.0,8125.0,8125.0,7001.13623046875,7765100.0
2021-08-02,8125.0,8250.0,8075.0,8125.0,7001.13623046875,5251600.0
2021-08-03,8150.0,8300.0,8125.0,8225.0,7087.30322265625,3370400.0
2021-08-04,8250.0,8275.0,8150.0,8175.0,7044.2197265625,2039900.0
2021-08-05,8175.0,8200.0,8125.0,8150.0,7022.6787109375,4600500.0
2021-08-06,8175.0,8325.0,8150.0,8275.0,7130.38818359375,2308400.0
2021-08-09,8325.0,8350.0,8100.0,8150.0,7022.6787109375,2627400.0
2021-08-10,8200.0,8200.0,7950.0,8050.0,6936.51025390625,6585900.0
2021-08-12,8125.0,8225.0,8050.0,8075.0,6958.052734375,3115600.0
2021-08-13,8075.0,8250.0,8075.0,8200.0,7065.76220703125,2441900.0
2021-08-16,8200.0,8250.0,8150.0,8250.0,7108.84619140625,1827100.0
2021-08-18,8250.0,8375.0,8250.0,8350.0,7195.013671875,4277300.0
2021-08-19,8350.0,8375.0,8150.0,8150.0,7022.6787109375,4775800.0
2021-08-20,8150.0,8200.0,8100.0,8150.0,7022.6787109375,2045300.0
2021-08-23,8250.0,8250.0,8175.0,8225.0,7087.30322265625,1949700.0
2021-08-24,8225.0,8275.0,8125.0,8200.0,7065.76220703125,5218600.0
2021-08-25,8300.0,8300.0,8075.0,8225.0,7087.30322265625,7193700.0
2021-08-26,8225.0,8250.0,8125.0,8225.0,7087.30322265625,3990200.0
2021-08-27,8225.0,8300.0,8125.0,8300.0,7151.9296875,7356500.0
2021-08-30,8350.0,8650.0,8325.0,8600.0,7410.43359375,11729900.0
2021-08-31,8600.0,8625.0,8425.0,8425.0,7259.6396484375,5271700.0
2021-09-01,8500.0,8500.0,8325.0,8400.0,7238.09765625,3241900.0
2021-09-02,8425.0,8450.0,8325.0,8450.0,7281.181640625,1920100.0
2021-09-03,8450.0,8500.0,8425.0,8475.0,7302.72314453125,3556700.0
2021-09-06,8500.0,8550.0,8500.0,8525.0,7345.806640625,4167800.0
2021-09-07,8325.0,8425.0,8325.0,8425.0,7447.4638671875,2986500.0
2021-09-08,8450.0,8450.0,8350.0,8425.0,7447.4638671875,6423000.0
2021-09-09,8425.0,8525.0,8375.0,8525.0,7535.86083984375,3731500.0
2021-09-10,8525.0,8525.0,8450.0,8500.0,7513.76220703125,1793900.0
2021-09-13,8400.0,8475.0,8375.0,8425.0,7447.4638671875,2351900.0
2021-09-14,8425.0,8475.0,8400.0,8450.0,7469.5634765625,1167000.0
2021-09-15,8450.0,8450.0,8350.0,8375.0,7403.26513671875,5544500.0
2021-09-16,8375.0,8400.0,8175.0,8225.0,7270.6689453125,6857300.0
2021-09-17,8225.0,8225.0,8150.0,8150.0,7204.37255859375,4816000.0
2021-09-20,8250.0,8250.0,8075.0,8125.0,7182.2724609375,4134700.0
2021-09-21,8100.0,8375.0,8100.0,8300.0,7336.96728515625,3757800.0
2021-09-22,8300.0,8325.0,8200.0,8200.0,7248.5703125,1639100.0
2021-09-23,8275.0,8300.0,8200.0,8250.0,7292.7685546875,1829100.0
2021-09-24,8250.0,8300.0,8175.0,8300.0,7336.96728515625,2634400.0
2021-09-27,8300.0,8350.0,8200.0,8350.0,7381.166015625,5104700.0
2021-09-28,8350.0,8350.0,8175.0,8225.0,7270.6689453125,4369400.0
2021-09-29,8225.0,8225.0,8150.0,8225.0,7270.6689453125,2750800.0
2021-09-30,8225.0,8400.0,8225.0,8350.0,7381.166015625,5656600.0
2021-10-01,8350.0,8400.0,8225.0,8325.0,7359.06689453125,4065700.0
2021-10-04,8375.0,8650.0,8350.0,8650.0,7646.35791015625,11058600.0
2021-10-05,8650.0,8850.0,8600.0,8825.0,7801.052734375,13184600.0
2021-10-06,8825.0,8900.0,8700.0,8850.0,7823.15283203125,9047000.0
2021-10-07,8850.0,9000.0,8800.0,8850.0,7823.15283203125,9890400.0
2021-10-08,8850.0,8925.0,8775.0,8900.0,7867.35107421875,5016500.0
2021-10-11,8900.0,8925.0,8800.0,8850.0,7823.15283203125,4998400.0
2021-10-12,8875.0,8900.0,8800.0,8875.0,7845.25244140625,7922600.0
2021-10-13,8875.0,9000.0,8800.0,8950.0,7911.548828125,9413800.0
2021-10-14,9000.0,9325.0,8975.0,9325.0,8243.0390625,19813500.0
2021-10-15,9350.0,9425.0,9100.0,9275.0,8198.83984375,10441700.0
2021-10-18,9300.0,9350.0,9200.0,9300.0,8220.9404296875,7172800.0
2021-10-19,9300.0,9350.0,9225.0,9300.0,8220.9404296875,5926900.0
2021-10-21,9350.0,9350.0,9100.0,9225.0,8154.64111328125,8833800.0
2021-10-22,9225.0,9225.0,9025.0,9100.0,8044.14501953125,8038500.0
2021-10-25,9100.0,9150.0,9025.0,9100.0,8044.14501953125,5603700.0
2021-10-26,9125.0,9200.0,9075.0,9100.0,8044.14501953125,6724600.0
2021-10-27,9150.0,9175.0,8800.0,8850.0,7823.15283203125,7857600.0
2021-10-28,8825.0,8850.0,8675.0,8800.0,7778.953125,7670900.0
2021-10-29,8800.0,8925.0,8750.0,8800.0,7778.953125,7541300.0
2021-11-01,8800.0,8875.0,8700.0,8800.0,7778.953125,6520400.0
2021-11-02,8800.0,8875.0,8775.0,8850.0,7823.15283203125,3320900.0
2021-11-03,8850.0,8850.0,8700.0,8775.0,7756.8544921875,6778900.0
2021-11-04,8775.0,8875.0,8775.0,8800.0,7778.953125,2796400.0
2021-11-05,8800.0,8850.0,8750.0,8800.0,7778.953125,5357200.0
2021-11-08,8825.0,8900.0,8800.0,8900.0,7867.35107421875,2606200.0
2021-11-09,8925.0,8975.0,8875.0,8925.0,7889.44873046875,2936800.0
2021-11-10,8925.0,8950.0,8825.0,8900.0,7867.35107421875,2206900.0
2021-11-11,8900.0,8925.0,8800.0,8850.0,7823.15283203125,1269200.0
2021-11-12,8900.0,8950.0,8850.0,8950.0,7911.548828125,1767300.0
2021-11-15,8950.0,8975.0,8900.0,8925.0,7889.44873046875,2870000.0
2021-11-16,8950.0,8975.0,8800.0,8825.0,7801.052734375,6167400.0
2021-11-17,8825.0,8875.0,8825.0,8850.0,7823.15283203125,6965500.0
2021-11-18,8875.0,9175.0,8875.0,9075.0,8022.044921875,9739300.0
2021-11-19,9150.0,9200.0,9000.0,9025.0,7977.84765625,4570900.0
2021-11-22,9025.0,9100.0,9000.0,9075.0,8022.044921875,3401900.0
2021-11-23,9050.0,9050.0,8900.0,8950.0,7911.548828125,5458400.0
2021-11-24,8975.0,9000.0,8950.0,9000.0,7955.748046875,1648300.0
2021-11-25,9000.0,9025.0,8950.0,8950.0,7911.548828125,1599300.0
2021-11-26,8950.0,8975.0,8850.0,8875.0,7845.25244140625,5372700.0
2021-11-29,8875.0,8900.0,8800.0,8875.0,7845.25244140625,7196000.0
2021-11-30,9025.0,9050.0,8450.0,8450.0,7469.5634765625,12610000.0
2021-12-01,8725.0,8950.0,8700.0,8925.0,7889.44873046875,15597800.0
2021-12-02,8900.0,8975.0,8800.0,8850.0,7823.15283203125,2949200.0
2021-12-03,8825.0,8850.0,8675.0,8700.0,7690.556640625,5921800.0
2021-12-06,8725.0,8850.0,8700.0,8750.0,7734.755859375,4168800.0
2021-12-07,8800.0,8800.0,8700.0,8750.0,7734.755859375,4921400.0
2021-12-08,8750.0,8900.0,8750.0,8775.0,7756.8544921875,2751100.0
2021-12-09,8875.0,8950.0,8800.0,8950.0,7911.548828125,2668700.0
2021-12-10,8950.0,8975.0,8725.0,8850.0,7823.15283203125,4209200.0
2021-12-13,8950.0,8950.0,8750.0,8750.0,7734.755859375,2949100.0
2021-12-14,8750.0,8775.0,8700.0,8700.0,7690.556640625,4739900.0
2021-12-15,8700.0,8800.0,8700.0,8800.0,7778.953125,2295800.0
2021-12-16,8825.0,8825.0,8675.0,8750.0,7734.755859375,3678900.0
2021-12-17,8725.0,8800.0,8700.0,8800.0,7778.953125,5451900.0
2021-12-20,8800.0,8825.0,8700.0,8825.0,7801.052734375,2285700.0
2021-12-21,8775.0,8825.0,8700.0,8750.0,7734.755859375,2317600.0
2021-12-22,8750.0,8775.0,8500.0,8675.0,7668.45703125,6189900.0
2021-12-23,8700.0,8775.0,8650.0,8775.0,7756.8544921875,2797800.0
2021-12-24,8775.0,8800.0,8650.0,8725.0,7712.65625,2906000.0
2021-12-27,8725.0,8725.0,8625.0,8650.0,7646.35791015625,1290200.0
2021-12-28,8650.0,8750.0,8650.0,8700.0,7690.556640625,3719600.0
2021-12-29,8700.0,8725.0,8650.0,8675.0,7668.45703125,2009000.0
2021-12-30,8675.0,8725.0,8600.0,8700.0,7690.556640625,4302200.0
2022-01-03,8675.0,8725.0,8600.0,8625.0,7624.25830078125,2449700.0
2022-01-04,8650.0,8850.0,8625.0,8775.0,7756.8544921875,4450000.0
2022-01-05,8750.0,8825.0,8675.0,8825.0,7801.052734375,3133400.0
2022-01-06,8825.0,8850.0,8725.0,8850.0,7823.15283203125,1984800.0
2022-01-07,8800.0,8950.0,8775.0,8875.0,7845.25244140625,6266500.0
2022-01-10,8900.0,8975.0,8825.0,8850.0,7823.15283203125,3461300.0
2022-01-11,8850.0,8850.0,8650.0,8700.0,7690.556640625,3692600.0
2022-01-12,8725.0,8825.0,8700.0,8750.0,7734.755859375,2584900.0
2022-01-13,8725.0,8825.0,8700.0,8775.0,7756.8544921875,2367700.0
2022-01-14,8775.0,8825.0,8725.0,8750.0,7734.755859375,1865900.0
2022-01-17,8750.0,8800.0,8725.0,8775.0,7756.8544921875,3363800.0
2022-01-18,8775.0,8775.0,8700.0,8775.0,7756.8544921875,3038300.0
2022-01-19,8775.0,8775.0,8650.0,8750.0,7734.755859375,2877200.0
2022-01-20,8725.0,8750.0,8525.0,8525.0,7535.86083984375,9525700.0
2022-01-21,8550.0,8725.0,8550.0,8675.0,7668.45703125,8287900.0
2022-01-24,8675.0,8725.0,8575.0,8600.0,7602.15966796875,2233500.0
2022-01-25,8600.0,8775.0,8600.0,8750.0,7734.755859375,5194200.0
2022-01-26,8775.0,8825.0,8725.0,8750.0,7734.755859375,3207700.0
2022-01-27,8750.0,8800.0,8650.0,8700.0,7690.556640625,1600000.0
2022-01-28,8700.0,8800.0,8575.0,8675.0,7668.45703125,3084800.0
2022-01-31,8675.0,8750.0,8575.0,8725.0,7712.65625,11996000.0
2022-02-02,8725.0,8725.0,8600.0,8675.0,7668.45703125,2102100.0
2022-02-03,8600.0,8600.0,8500.0,8500.0,7513.76220703125,4600200.0
2022-02-04,8525.0,8700.0,8475.0,8625.0,7624.25830078125,4939500.0
2022-02-07,8625.0,8750.0,8600.0,8650.0,7646.35791015625,5159100.0
2022-02-08,8650.0,8750.0,8600.0,8625.0,7624.25830078125,4900000.0
2022-02-09,8625.0,8725.0,8625.0,8675.0,7668.45703125,6006500.0
2022-02-10,8675.0,8725.0,8625.0,8625.0,7624.25830078125,5007100.0
2022-02-11,8625.0,8675.0,8550.0,8650.0,7646.35791015625,6545700.0
2022-02-14,8575.0,8650.0,8525.0,8550.0,7557.96044921875,3905100.0
2022-02-15,8550.0,8625.0,8350.0,8550.0,7557.96044921875,11049400.0
2022-02-16,8550.0,8600.0,8475.0,8500.0,7513.76220703125,7178700.0
2022-02-17,8525.0,8575.0,8500.0,8525.0,7535.86083984375,5767000.0
2022-02-18,8525.0,8650.0,8525.0,8525.0,7535.86083984375,9210400.0
2022-02-21,8525.0,8575.0,8500.0,8500.0,7513.76220703125,7714500.0
2022-02-22,8525.0,8525.0,8400.0,8525.0,7535.86083984375,7311200.0
2022-02-23,8525.0,8725.0,8475.0,8700.0,7690.556640625,7812000.0
2022-02-24,8675.0,8700.0,8450.0,8525.0,7535.86083984375,10974000.0
2022-02-25,8525.0,8650.0,8475.0,8500.0,7513.76220703125,10382300.0
2022-03-01,8500.0,8525.0,8150.0,8250.0,7292.7685546875,21470900.0
2022-03-02,8100.0,8225.0,7900.0,7925.0,7005.47802734375,28428600.0
2022-03-04,7900.0,7950.0,7750.0,7825.0,6917.0810546875,24282500.0
2022-03-07,7800.0,7800.0,7375.0,7400.0,6541.392578125,25237400.0
2022-03-08,7400.0,7600.0,7400.0,7600.0,6718.1875,21825800.0
2022-03-09,7650.0,7750.0,7550.0,7625.0,6740.287109375,11438800.0
2022-03-10,7775.0,7800.0,7650.0,7750.0,6850.78271484375,8712200.0
2022-03-11,7750.0,7775.0,7550.0,7550.0,6673.98876953125,8055000.0
2022-03-14,7575.0,7600.0,7500.0,7525.0,6651.88916015625,6353200.0
2022-03-15,7525.0,7600.0,7375.0,7425.0,6563.49267578125,15064300.0
2022-03-16,7425.0,7650.0,7425.0,7625.0,6740.287109375,7742600.0
2022-03-17,7650.0,7700.0,7475.0,7575.0,6696.087890625,6832200.0
2022-03-18,7600.0,7600.0,7450.0,7575.0,6696.087890625,8157900.0
2022-03-21,7600.0,7600.0,7450.0,7450.0,6585.59130859375,4030800.0
2022-03-22,7475.0,7600.0,7475.0,7475.0,6607.69091796875,4588300.0
2022-03-23,7475.0,7550.0,7475.0,7500.0,6629.7900390625,3310700.0
2022-03-24,7525.0,7550.0,7500.0,7550.0,6673.98876953125,3315100.0
2022-03-25,7550.0,7550.0,7200.0,7250.0,6408.79736328125,28613700.0
2022-03-28,7250.0,7400.0,7200.0,7275.0,6430.896484375,13828500.0
2022-03-29,7300.0,7400.0,7250.0,7300.0,6452.9951171875,9243600.0
2022-03-30,7350.0,7475.0,7325.0,7375.0,6519.29296875,9768800.0
2022-03-31,7400.0,7450.0,7300.0,7350.0,6497.1943359375,6875300.0
2022-04-01,7350.0,7550.0,7350.0,7525.0,6651.88916015625,14229300.0
2022-04-04,7550.0,7650.0,7550.0,7550.0,6673.98876953125,9542200.0
2022-04-05,7550.0,7600.0,7500.0,7575.0,6696.087890625,6290300.0
2022-04-06,7575.0,7600.0,7325.0,7400.0,6541.392578125,14545900.0
2022-04-07,7400.0,7600.0,7375.0,7575.0,6696.087890625,11142300.0
2022-04-08,7575.0,7600.0,7425.0,7450.0,6585.59130859375,4565300.0
2022-04-11,7450.0,7525.0,7375.0,7525.0,6651.88916015625,4994400.0
2022-04-12,7500.0,7500.0,7325.0,7400.0,6541.392578125,4546800.0
2022-04-13,7400.0,7425.0,7300.0,7325.0,6475.0947265625,8990800.0
2022-04-14,7300.0,7325.0,7150.0,7175.0,6342.4990234375,10581800.0
2022-04-18,7175.0,7225.0,7050.0,7100.0,6276.201171875,7820300.0
2022-04-19,7125.0,7250.0,7100.0,7175.0,6342.4990234375,8334300.0
2022-04-20,7200.0,7400.0,7200.0,7325.0,6475.0947265625,7752700.0
2022-04-21,7325.0,7475.0,7325.0,7425.0,6563.49267578125,8557700.0
2022-04-22,7425.0,7450.0,7250.0,7300.0,6452.9951171875,6678100.0
2022-04-25,7300.0,7450.0,7275.0,7425.0,6563.49267578125,7140000.0
2022-04-26,7450.0,7600.0,7350.0,7575.0,6696.087890625,11541600.0
2022-04-27,7575.0,7600.0,7450.0,7600.0,6718.1875,7890200.0
2022-04-28,7600.0,7650.0,7525.0,7625.0,6740.287109375,7891500.0
2022-05-09,7550.0,7575.0,7400.0,7400.0,6541.392578125,9648400.0
2022-05-10,7300.0,8000.0,7200.0,7975.0,7049.6767578125,24691800.0
2022-05-11,7950.0,8350.0,7775.0,8300.0,7336.96728515625,21331500.0
2022-05-12,8300.0,8325.0,7950.0,8025.0,7093.875,16279900.0
2022-05-13,8000.0,8275.0,7875.0,8175.0,7226.47119140625,11232900.0
2022-05-17,7950.0,7950.0,7750.0,7825.0,6917.0810546875,11289000.0
2022-05-18,7875.0,8250.0,7825.0,8100.0,7160.1728515625,13474300.0
2022-05-19,8000.0,8225.0,7875.0,7975.0,7049.6767578125,10620900.0
2022-05-20,8000.0,8100.0,8000.0,8050.0,7115.974609375,5593000.0
2022-05-23,8075.0,8100.0,7925.0,7975.0,7049.6767578125,5300800.0
2022-05-24,8050.0,8175.0,7975.0,8150.0,7204.37255859375,6395400.0
2022-05-25,8150.0,8250.0,8150.0,8250.0,7292.7685546875,6948800.0
2022-05-27,8300.0,8650.0,8275.0,8625.0,7624.25830078125,14411000.0
2022-05-30,8625.0,8650.0,8500.0,8550.0,7557.96044921875,5869400.0
2022-05-31,8550.0,8575.0,8450.0,8575.0,7580.06005859375,8505500.0
2022-06-02,8750.0,8800.0,8450.0,8550.0,7557.96044921875,8258900.0
2022-06-03,8550.0,8650.0,8525.0,8575.0,7580.06005859375,4816900.0
2022-06-06,8575.0,8675.0,8550.0,8650.0,7646.35791015625,4912400.0
2022-06-07,8675.0,8700.0,8575.0,8575.0,7580.06005859375,5391500.0
2022-06-08,8600.0,8675.0,8575.0,8575.0,7580.06005859375,4854600.0
2022-06-09,8575.0,8650.0,8550.0,8625.0,7624.25830078125,6835000.0
2022-06-10,8550.0,8600.0,8500.0,8500.0,7513.76220703125,6748700.0
2022-06-13,8375.0,8625.0,8200.0,8600.0,7602.15966796875,9404100.0
2022-06-14,8600.0,8650.0,8450.0,8650.0,7646.35791015625,5273000.0
2022-06-15,8600.0,8625.0,8475.0,8600.0,7602.15966796875,2774400.0
2022-06-16,8675.0,8700.0,8650.0,8675.0,7668.45703125,6615900.0
2022-06-17,8625.0,8650.0,8550.0,8550.0,7557.96044921875,15529900.0
2022-06-20,8650.0,8975.0,8600.0,8975.0,7933.64794921875,18639200.0
2022-06-21,9000.0,9200.0,9000.0,9150.0,8088.34423828125,18588800.0
2022-06-22,9150.0,9225.0,8950.0,9225.0,8154.64111328125,12168500.0
2022-06-23,9225.0,9350.0,9175.0,9325.0,8243.0390625,14035700.0
2022-06-24,9350.0,9450.0,9300.0,9425.0,8331.4365234375,14596100.0
2022-06-27,9425.0,9500.0,9375.0,9500.0,8397.734375,12022100.0
2022-06-28,9500.0,9525.0,9450.0,9500.0,8397.734375,14198000.0
2022-06-29,9600.0,9625.0,9400.0,9450.0,8353.53515625,7580700.0
2022-06-30,9450.0,9575.0,9450.0,9550.0,8441.93359375,14236800.0
2022-07-01,9550.0,9550.0,9275.0,9350.0,8265.1376953125,6160300.0
2022-07-04,9350.0,9350.0,8975.0,9225.0,8154.64111328125,8105800.0
2022-07-05,9250.0,9350.0,9150.0,9175.0,8110.443359375,4827900.0
2022-07-06,9175.0,9450.0,9175.0,9450.0,8353.53515625,8890700.0
2022-07-07,9475.0,9500.0,9375.0,9475.0,8375.6337890625,8219500.0
2022-07-08,9500.0,9500.0,9250.0,9425.0,8331.4365234375,4717000.0
2022-07-11,9400.0,9450.0,9300.0,9450.0,8353.53515625,2464400.0
2022-07-12,9450.0,9500.0,9325.0,9325.0,8243.0390625,4425700.0
2022-07-13,9300.0,9400.0,9225.0,9300.0,8220.9404296875,6786200.0
2022-07-14,9225.0,9300.0,9150.0,9250.0,8176.7412109375,5480200.0
2022-07-15,9200.0,9425.0,9200.0,9350.0,8265.1376953125,5190200.0
2022-07-18,9350.0,9500.0,9200.0,9500.0,8397.734375,4903100.0
2022-07-19,9500.0,9500.0,9350.0,9450.0,8353.53515625,4373500.0
2022-07-20,9400.0,9500.0,9400.0,9450.0,8353.53515625,7280900.0
2022-07-21,9450.0,9500.0,9325.0,9500.0,8397.734375,5238400.0
2022-07-22,9500.0,9600.0,9400.0,9400.0,8309.3369140625,4172000.0
2022-07-25,9400.0,9500.0,9400.0,9450.0,8353.53515625,2168900.0
2022-07-26,9450.0,9450.0,9275.0,9375.0,8287.2373046875,3983700.0
2022-07-27,9375.0,9375.0,9200.0,9275.0,8198.83984375,6584100.0
2022-07-28,9250.0,9250.0,8875.0,8975.0,7933.64794921875,36869300.0
2022-07-29,8950.0,8975.0,8775.0,8825.0,7801.052734375,15100400.0
2022-08-01,8850.0,8975.0,8825.0,8900.0,7867.35107421875,5969300.0
2022-08-02,8750.0,8975.0,8700.0,8975.0,8130.04833984375,8753500.0
2022-08-03,8950.0,8950.0,8725.0,8800.0,7971.52392578125,8092700.0
2022-08-04,8850.0,8925.0,8700.0,8925.0,8084.7548828125,7101900.0
2022-08-05,8925.0,8950.0,8750.0,8800.0,7971.52392578125,5847300.0
2022-08-08,8800.0,8925.0,8750.0,8800.0,7971.52392578125,5381600.0
2022-08-09,8750.0,8800.0,8625.0,8725.0,7903.58544921875,9512100.0
2022-08-10,8700.0,8725.0,8500.0,8725.0,7903.58544921875,9132000.0
2022-08-11,8800.0,8875.0,8700.0,8875.0,8039.4638671875,8299700.0
2022-08-12,8900.0,8900.0,8650.0,8675.0,7858.2919921875,12405000.0
2022-08-15,8700.0,8875.0,8675.0,8875.0,8039.4638671875,7725900.0
2022-08-16,8875.0,8900.0,8675.0,8750.0,7926.232421875,6877200.0
2022-08-18,8750.0,8850.0,8675.0,8775.0,7948.8779296875,4612700.0
2022-08-19,8775.0,8800.0,8700.0,8700.0,7880.93896484375,2671500.0
2022-08-22,8700.0,8750.0,8600.0,8725.0,7903.58544921875,6545700.0
2022-08-23,8775.0,8850.0,8750.0,8800.0,7971.52392578125,4274600.0
2022-08-24,8800.0,8825.0,8700.0,8775.0,7948.8779296875,4350700.0
2022-08-25,8825.0,8825.0,8725.0,8775.0,7948.8779296875,3658400.0
2022-08-26,8775.0,8800.0,8700.0,8725.0,7903.58544921875,3573500.0
2022-08-29,8675.0,8850.0,8650.0,8850.0,8016.8173828125,2426600.0
2022-08-30,8850.0,8875.0,8725.0,8725.0,7903.58544921875,5118700.0
2022-08-31,8125.0,8425.0,8125.0,8300.0,7518.59619140625,40179900.0
2022-09-01,8300.0,8725.0,8300.0,8700.0,7880.93896484375,22198800.0
2022-09-02,8700.0,8725.0,8575.0,8725.0,7903.58544921875,8052700.0
2022-09-05,8700.0,8725.0,8600.0,8700.0,7880.93896484375,7694000.0
2022-09-06,8700.0,8775.0,8600.0,8650.0,7835.64599609375,8195400.0
2022-09-07,8600.0,8650.0,8500.0,8550.0,7745.06005859375,7229800.0
2022-09-08,8550.0,8600.0,8500.0,8525.0,7722.41357421875,2567400.0
2022-09-09,8525.0,8550.0,8425.0,8450.0,7654.47509765625,4783500.0
2022-09-12,8450.0,8600.0,8450.0,8600.0,7790.353515625,3479000.0
2022-09-13,8600.0,8600.0,8500.0,8525.0,7722.41357421875,5413000.0
2022-09-14,8475.0,8600.0,8475.0,8525.0,7722.41357421875,5287300.0
2022-09-15,8600.0,8650.0,8525.0,8600.0,7790.353515625,6959000.0
2022-09-16,8600.0,8650.0,8525.0,8650.0,7835.64599609375,13190200.0
2022-09-19,8625.0,8775.0,8575.0,8700.0,7880.93896484375,4445400.0
2022-09-20,8700.0,8900.0,8700.0,8875.0,8039.4638671875,6978300.0
2022-09-21,8900.0,8900.0,8700.0,8700.0,7880.93896484375,4979500.0
2022-09-22,8700.0,8825.0,8675.0,8825.0,7994.17041015625,3474200.0
2022-09-23,8850.0,9000.0,8775.0,9000.0,8152.69482421875,7310000.0
2022-09-26,8975.0,9100.0,8850.0,9075.0,8220.6337890625,11479900.0
2022-09-27,9075.0,9075.0,8850.0,8850.0,8016.8173828125,8523700.0
2022-09-28,8850.0,8950.0,8800.0,8800.0,7971.52392578125,3243300.0
2022-09-29,8800.0,8875.0,8750.0,8850.0,8016.8173828125,4652900.0
2022-09-30,8850.0,8875.0,8600.0,8650.0,7835.64599609375,8292000.0
2022-10-03,8650.0,8750.0,8625.0,8725.0,7903.58544921875,3692900.0
2022-10-04,8725.0,8775.0,8475.0,8525.0,7722.41357421875,7330500.0
2022-10-05,8550.0,8725.0,8525.0,8650.0,7835.64599609375,3838300.0
2022-10-06,8650.0,8875.0,8650.0,8825.0,7994.17041015625,4286500.0
2022-10-07,8825.0,8900.0,8750.0,8900.0,8062.10986328125,3913000.0
2022-10-10,8900.0,8950.0,8850.0,8950.0,8107.4013671875,5712500.0
2022-10-11,8925.0,9000.0,8850.0,9000.0,8152.69482421875,3055500.0
2022-10-12,9000.0,9000.0,8875.0,8950.0,8107.4013671875,4142100.0
2022-10-13,8925.0,8950.0,8800.0,8850.0,8016.8173828125,3106000.0
2022-10-14,8850.0,8850.0,8700.0,8700.0,7880.93896484375,2742200.0
2022-10-17,8700.0,8825.0,8575.0,8825.0,7994.17041015625,3735500.0
2022-10-18,8825.0,8950.0,8775.0,8950.0,8107.4013671875,4606600.0
2022-10-19,8950.0,9150.0,8825.0,9125.0,8265.9267578125,5120900.0
2022-10-20,9100.0,9500.0,9100.0,9500.0,8605.6220703125,11282000.0
2022-10-21,9300.0,9475.0,9300.0,9425.0,8537.68359375,12299200.0
2022-10-24,9500.0,9525.0,9350.0,9425.0,8537.68359375,7596200.0
2022-10-25,9425.0,9525.0,9400.0,9525.0,8628.2685546875,10549000.0
2022-10-26,9525.0,9800.0,9475.0,9800.0,8877.3798828125,21378000.0
2022-10-27,9775.0,9900.0,9700.0,9825.0,8900.0263671875,9880700.0
2022-10-28,9900.0,9900.0,9775.0,9800.0,8877.3798828125,10192100.0
2022-10-31,9825.0,9900.0,9625.0,9725.0,8809.4404296875,12513900.0
2022-11-01,9725.0,9725.0,9350.0,9500.0,8605.6220703125,10660500.0
2022-11-02,9525.0,9675.0,9500.0,9600.0,8696.2080078125,5675700.0
2022-11-03,9600.0,9650.0,9475.0,9550.0,8650.916015625,4470100.0
2022-11-04,9525.0,9650.0,9375.0,9650.0,8741.5009765625,7272400.0
2022-11-07,9725.0,9775.0,9650.0,9750.0,8832.0869140625,8038600.0
2022-11-08,9750.0,9750.0,9650.0,9750.0,8832.0869140625,1953700.0
2022-11-09,9750.0,9775.0,9700.0,9750.0,8832.0869140625,7885600.0
2022-11-10,9750.0,9775.0,9700.0,9725.0,8809.4404296875,3773300.0
2022-11-11,9800.0,9900.0,9600.0,9850.0,8922.6708984375,8391000.0
2022-11-14,9850.0,9850.0,9725.0,9750.0,8832.0869140625,2114500.0
2022-11-15,9750.0,9825.0,9725.0,9800.0,8877.3798828125,5912100.0
2022-11-16,9800.0,9800.0,9600.0,9775.0,8854.732421875,3665800.0
2022-11-17,9750.0,9800.0,9600.0,9675.0,8764.1474609375,3762600.0
2022-11-18,9675.0,9775.0,9500.0,9650.0,8741.5009765625,3350000.0
2022-11-21,9650.0,9825.0,9625.0,9800.0,8877.3798828125,2648000.0
2022-11-22,9800.0,9850.0,9650.0,9650.0,8741.5009765625,2625200.0
2022-11-23,9650.0,9900.0,9650.0,9900.0,8967.9638671875,2818100.0
2022-11-24,9900.0,9900.0,9775.0,9800.0,8877.3798828125,2652000.0
2022-11-25,9800.0,9900.0,9700.0,9900.0,8967.9638671875,4931600.0
2022-11-28,9900.0,10000.0,9825.0,9975.0,9035.9033203125,7923400.0
2022-11-29,10000.0,10000.0,9900.0,9975.0,9035.9033203125,4824800.0
2022-11-30,9975.0,10100.0,9900.0,10100.0,9149.1357421875,21565300.0
2022-12-01,10100.0,10175.0,9975.0,10150.0,9194.427734375,11562700.0
2022-12-02,10150.0,10200.0,10025.0,10200.0,9239.720703125,7169200.0
2022-12-05,10175.0,10350.0,10100.0,10350.0,9375.599609375,6783100.0
2022-12-06,10275.0,10350.0,10150.0,10350.0,9375.599609375,4223600.0
2022-12-07,10350.0,10350.0,10075.0,10325.0,9352.9521484375,5592100.0
2022-12-08,10200.0,10225.0,10050.0,10200.0,9239.720703125,4883200.0
2022-12-09,10200.0,10225.0,10025.0,10150.0,9194.427734375,3475600.0
2022-12-12,10100.0,10400.0,9925.0,10400.0,9420.8916015625,7138500.0
2022-12-13,10400.0,10400.0,10200.0,10300.0,9330.306640625,5890400.0
2022-12-14,10300.0,10325.0,10150.0,10325.0,9352.9521484375,2376400.0
2022-12-15,10300.0,10350.0,10200.0,10300.0,9330.306640625,3197500.0
2022-12-16,10300.0,10450.0,10250.0,10425.0,9443.5390625,9094300.0
2022-12-19,10400.0,10400.0,10150.0,10150.0,9194.427734375,3943600.0
2022-12-20,10150.0,10300.0,10050.0,10300.0,9330.306640625,1999800.0
2022-12-21,10275.0,10300.0,10200.0,10225.0,9262.3671875,1492500.0
2022-12-22,10225.0,10350.0,10025.0,10125.0,9171.78125,1609900.0
2022-12-23,10125.0,10175.0,10000.0,10025.0,9081.1962890625,1559600.0
2022-12-26,10050.0,10150.0,10000.0,10150.0,9194.427734375,1028000.0
2022-12-27,10150.0,10200.0,10050.0,10075.0,9126.4892578125,1260200.0
2022-12-28,10125.0,10175.0,10000.0,10175.0,9217.0751953125,1017400.0
2022-12-29,10150.0,10175.0,9725.0,10175.0,9217.0751953125,3858600.0
2022-12-30,10175.0,10175.0,10000.0,10000.0,9058.5498046875,1958000.0
2023-01-02,9975.0,10200.0,9975.0,10150.0,9194.427734375,1201400.0
2023-01-03,10100.0,10300.0,10100.0,10175.0,9217.0751953125,3169800.0
2023-01-04,10225.0,10250.0,10025.0,10100.0,9149.1357421875,3973100.0
2023-01-05,10100.0,10225.0,9875.0,10225.0,9262.3671875,3774400.0
2023-01-06,10225.0,10300.0,10100.0,10175.0,9217.0751953125,6288100.0
2023-01-09,10150.0,10275.0,10150.0,10200.0,9239.720703125,5829300.0
2023-01-10,10225.0,10275.0,10150.0,10200.0,9239.720703125,12903700.0
2023-01-11,10200.0,10600.0,10200.0,10525.0,9534.1240234375,10176300.0
2023-01-12,10525.0,10525.0,10300.0,10450.0,9466.185546875,5439200.0
2023-01-13,10450.0,10475.0,10300.0,10450.0,9466.185546875,6858700.0
2023-01-16,10450.0,10475.0,10200.0,10400.0,9420.8916015625,4400700.0
2023-01-17,10325.0,10500.0,10300.0,10350.0,9375.599609375,3597900.0
2023-01-18,10350.0,10475.0,10325.0,10475.0,9488.8310546875,1468700.0
2023-01-19,10475.0,10500.0,10375.0,10500.0,9511.4775390625,3508100.0
2023-01-20,10500.0,10525.0,10325.0,10500.0,9511.4775390625,2174100.0
2023-01-24,10475.0,10475.0,10275.0,10400.0,9420.8916015625,1978500.0
2023-01-25,10400.0,10450.0,10300.0,10425.0,9443.5390625,1422900.0
2023-01-26,10425.0,10425.0,10000.0,10075.0,9126.4892578125,11211000.0
2023-01-27,10075.0,10125.0,9925.0,10000.0,9058.5498046875,6769700.0
2023-01-30,10000.0,10175.0,9950.0,10100.0,9149.1357421875,3962300.0
2023-01-31,10100.0,10375.0,10025.0,10100.0,9149.1357421875,19385600.0
2023-02-01,10125.0,10375.0,10125.0,10375.0,9398.2451171875,6394700.0
2023-02-02,10375.0,10400.0,10225.0,10250.0,9285.013671875,3471900.0
2023-02-03,10250.0,10500.0,10225.0,10475.0,9488.8310546875,6290200.0
2023-02-06,10450.0,10475.0,10275.0,10275.0,9307.66015625,3375400.0
2023-02-07,10300.0,10400.0,10275.0,10275.0,9307.66015625,1421900.0
2023-02-08,10250.0,10425.0,10250.0,10325.0,9352.9521484375,1465900.0
2023-02-09,10325.0,10400.0,10250.0,10300.0,9330.306640625,3348000.0
2023-02-10,10250.0,10375.0,10250.0,10300.0,9330.306640625,2206800.0
2023-02-13,10300.0,10575.0,10275.0,10275.0,9307.66015625,9716000.0
2023-02-14,10350.0,10500.0,10275.0,10300.0,9330.306640625,8167300.0
2023-02-15,10325.0,10400.0,10250.0,10300.0,9330.306640625,2018800.0
2023-02-16,10325.0,10325.0,10125.0,10200.0,9239.720703125,3145300.0
2023-02-17,10200.0,10400.0,10150.0,10350.0,9375.599609375,2249400.0
2023-02-20,10350.0,10350.0,10175.0,10350.0,9375.599609375,1671600.0
2023-02-21,10350.0,10450.0,10250.0,10300.0,9330.306640625,2415800.0
2023-02-22,10300.0,10300.0,10100.0,10225.0,9262.3671875,1786400.0
2023-02-23,10225.0,10300.0,10150.0,10225.0,9262.3671875,2221800.0
2023-02-24,10200.0,10250.0,10150.0,10175.0,9217.0751953125,1169200.0
2023-02-27,10125.0,10150.0,10000.0,10050.0,9103.841796875,3355700.0
2023-02-28,10000.0,10125.0,9900.0,10125.0,9171.78125,6041600.0
2023-03-01,10125.0,10125.0,9750.0,9900.0,8967.9638671875,11688400.0
2023-03-02,9875.0,9875.0,9700.0,9850.0,8922.6708984375,9145000.0
2023-03-03,9850.0,9900.0,9725.0,9725.0,8809.4404296875,4486000.0
2023-03-06,9700.0,9850.0,9700.0,9750.0,8832.0869140625,4757200.0
2023-03-07,9750.0,10175.0,9650.0,9975.0,9035.9033203125,10589900.0
2023-03-08,9975.0,9975.0,9800.0,9800.0,8877.3798828125,4646700.0
2023-03-09,9800.0,9925.0,9750.0,9800.0,8877.3798828125,1450100.0
2023-03-10,9800.0,9975.0,9625.0,9750.0,8832.0869140625,3436700.0
2023-03-13,9725.0,9875.0,9650.0,9650.0,8741.5009765625,1858700.0
2023-03-14,9650.0,9725.0,9600.0,9650.0,8741.5009765625,2627200.0
2023-03-15,9650.0,9725.0,9325.0,9325.0,8447.09765625,4882400.0
2023-03-16,9300.0,9600.0,9275.0,9400.0,8515.037109375,5112400.0
2023-03-17,9500.0,9800.0,9500.0,9550.0,8650.916015625,8527800.0
2023-03-20,9550.0,9625.0,9450.0,9625.0,8718.8544921875,2151300.0
2023-03-21,9625.0,9725.0,9550.0,9700.0,8786.7939453125,3073600.0
2023-03-24,9650.0,10125.0,9625.0,9975.0,9035.9033203125,7244800.0
2023-03-27,10000.0,10025.0,9875.0,9975.0,9035.9033203125,2852200.0
2023-03-28,10000.0,10200.0,9975.0,10100.0,9149.1357421875,5237500.0
2023-03-29,10100.0,10125.0,9975.0,9975.0,9035.9033203125,5013700.0
2023-03-30,9975.0,9975.0,9825.0,9875.0,8945.3173828125,5282600.0
2023-03-31,9875.0,10000.0,9850.0,9975.0,9035.9033203125,4672700.0
2023-04-03,9975.0,9975.0,9850.0,9975.0,9035.9033203125,3949200.0
2023-04-04,9975.0,10200.0,9850.0,10200.0,9239.720703125,6696500.0
2023-04-05,10200.0,10200.0,10025.0,10125.0,9171.78125,4243900.0
2023-04-06,10125.0,10125.0,9975.0,10075.0,9126.4892578125,2480300.0
2023-04-10,10050.0,10075.0,10000.0,10075.0,9126.4892578125,2263100.0
2023-04-11,10100.0,10200.0,10050.0,10200.0,9239.720703125,1579100.0
2023-04-12,10175.0,10175.0,10025.0,10050.0,9103.841796875,3379700.0
2023-04-13,10075.0,10375.0,10075.0,10250.0,9285.013671875,3551000.0
2023-04-14,10300.0,10350.0,10200.0,10250.0,9285.013671875,4102000.0
2023-04-17,10125.0,10225.0,10025.0,10225.0,9262.3671875,4558000.0
2023-04-18,10225.0,10325.0,10150.0,10200.0,9239.720703125,4165200.0
2023-04-26,10100.0,10350.0,10000.0,10200.0,9239.720703125,11287900.0
2023-04-27,10100.0,10300.0,10100.0,10250.0,9285.013671875,4748200.0
2023-04-28,10250.0,10575.0,10200.0,10575.0,9579.4169921875,9935000.0
2023-05-02,10550.0,10550.0,10325.0,10400.0,9420.8916015625,5413700.0
2023-05-03,10625.0,10850.0,10575.0,10750.0,9737.94140625,19269600.0
2023-05-04,10700.0,10850.0,10625.0,10800.0,9783.2333984375,8644600.0
2023-05-05,10800.0,10875.0,10700.0,10875.0,9851.173828125,15775700.0
2023-05-08,10875.0,11050.0,10850.0,11025.0,9987.0517578125,16280400.0
2023-05-09,11025.0,11125.0,10925.0,11000.0,9964.4052734375,12832600.0
2023-05-10,10925.0,11050.0,10850.0,10900.0,9873.818359375,4090800.0
2023-05-11,10900.0,10975.0,10775.0,10975.0,9941.7587890625,4074000.0
2023-05-12,10900.0,10975.0,10850.0,10875.0,9851.173828125,3636400.0
2023-05-15,10900.0,11125.0,10900.0,11000.0,9964.4052734375,11802100.0
2023-05-16,11000.0,11025.0,10950.0,11000.0,9964.4052734375,6701500.0
2023-05-17,11075.0,11075.0,10925.0,11000.0,9964.4052734375,9627800.0
2023-05-19,11050.0,11050.0,10925.0,10950.0,9919.111328125,13878600.0
2023-05-22,10950.0,11075.0,10950.0,11000.0,9964.4052734375,18449000.0
2023-05-23,11000.0,11350.0,10975.0,11175.0,10122.9296875,16962200.0
2023-05-24,11175.0,11250.0,11150.0,11200.0,10145.5751953125,10976800.0
2023-05-25,11200.0,11275.0,11175.0,11200.0,10145.5751953125,16498000.0
2023-05-26,11200.0,11250.0,11175.0,11200.0,10145.5751953125,9079400.0
2023-05-29,11200.0,11250.0,11150.0,11175.0,10122.9296875,7607500.0
2023-05-30,11200.0,11325.0,11175.0,11200.0,10145.5751953125,11956500.0
2023-05-31,11300.0,11700.0,11250.0,11700.0,10598.50390625,55219100.0
2023-06-05,11575.0,11575.0,11325.0,11550.0,10462.6259765625,19610600.0
2023-06-06,11400.0,11550.0,11250.0,11300.0,10236.1611328125,16325200.0
2023-06-07,11250.0,11475.0,11250.0,11300.0,10236.1611328125,14861700.0
2023-06-08,11325.0,11525.0,11250.0,11300.0,10236.1611328125,10950100.0
2023-06-09,11300.0,11400.0,11175.0,11375.0,10304.1005859375,14068100.0
2023-06-12,11350.0,11400.0,11225.0,11300.0,10236.1611328125,5427500.0
2023-06-13,11300.0,11325.0,11225.0,11250.0,10190.869140625,5166300.0
2023-06-14,11300.0,11300.0,11225.0,11300.0,10236.1611328125,4387300.0
2023-06-15,11325.0,11350.0,11250.0,11325.0,10258.8076171875,8669700.0
2023-06-16,11300.0,11400.0,11200.0,11200.0,10145.5751953125,14121200.0
2023-06-19,11200.0,11275.0,11200.0,11250.0,10190.869140625,4302900.0
2023-06-20,11250.0,11250.0,10975.0,11200.0,10145.5751953125,8294300.0
2023-06-21,11200.0,11375.0,11175.0,11325.0,10258.8076171875,9926300.0
2023-06-22,11300.0,11300.0,11125.0,11175.0,10122.9296875,6988400.0
2023-06-23,11150.0,11250.0,11075.0,11175.0,10122.9296875,5224200.0
2023-06-26,11275.0,11375.0,11175.0,11325.0,10258.8076171875,7496000.0
2023-06-27,11350.0,11450.0,11250.0,11325.0,10258.8076171875,11473200.0
2023-07-03,11600.0,11600.0,11350.0,11575.0,10485.271484375,7246700.0
2023-07-04,11600.0,11600.0,11450.0,11475.0,10394.685546875,3933600.0
2023-07-05,11500.0,11550.0,11350.0,11450.0,10372.0400390625,8144000.0
2023-07-06,11450.0,11450.0,11350.0,11400.0,10326.7470703125,3790500.0
2023-07-07,11300.0,11400.0,11225.0,11275.0,10384.7724609375,3881200.0
2023-07-10,11325.0,11450.0,11250.0,11325.0,10430.8251953125,3372200.0
2023-07-11,11450.0,11600.0,11375.0,11525.0,10615.033203125,7366100.0
2023-07-12,11700.0,11875.0,11550.0,11650.0,10730.1640625,11957300.0
2023-07-13,11650.0,11925.0,11650.0,11700.0,10776.216796875,9467200.0
2023-07-14,11800.0,11800.0,11650.0,11775.0,10845.294921875,4077400.0
2023-07-17,11800.0,11875.0,11650.0,11650.0,10730.1640625,8656700.0
2023-07-18,11675.0,11800.0,11500.0,11750.0,10822.2685546875,8160500.0
2023-07-20,11750.0,11750.0,11350.0,11475.0,10568.982421875,17637200.0
2023-07-21,11500.0,11600.0,11425.0,11500.0,10592.0078125,5102000.0
2023-07-24,11500.0,11625.0,11475.0,11525.0,10615.033203125,4574500.0
2023-07-25,11475.0,11550.0,11200.0,11225.0,10338.7216796875,9932300.0
2023-07-26,11225.0,11225.0,11075.0,11175.0,10292.66796875,5003000.0
2023-07-27,11175.0,11300.0,11150.0,11175.0,10292.66796875,4539400.0
2023-07-28,11175.0,11200.0,10950.0,11200.0,10315.6943359375,7477300.0
2023-07-31,11200.0,11275.0,11100.0,11200.0,10315.6943359375,4635800.0
2023-08-01,11200.0,11200.0,10850.0,11075.0,10200.564453125,7197300.0
2023-08-02,11075.0,11225.0,10950.0,11175.0,10292.66796875,6184000.0
2023-08-03,11100.0,11300.0,11100.0,11200.0,10315.6943359375,5683300.0
2023-08-04,11200.0,11300.0,11125.0,11250.0,10361.74609375,6014000.0
2023-08-07,11300.0,11300.0,11050.0,11125.0,10246.6162109375,5146000.0
2023-08-08,11125.0,11250.0,11100.0,11150.0,10269.642578125,3765300.0
2023-08-09,11225.0,11225.0,11025.0,11100.0,10223.58984375,2993400.0
2023-08-10,11200.0,11450.0,11125.0,11450.0,10545.9560546875,7467000.0
2023-08-11,11450.0,11525.0,11300.0,11475.0,10568.982421875,5047600.0
2023-08-14,11500.0,11500.0,11300.0,11400.0,10499.9033203125,4849400.0
2023-08-15,11400.0,11500.0,11350.0,11475.0,10568.982421875,4388600.0
2023-08-16,11550.0,11700.0,11450.0,11675.0,10753.1904296875,5716100.0
2023-08-18,11650.0,11700.0,11500.0,11700.0,10776.216796875,6270900.0
2023-08-21,11725.0,11775.0,11600.0,11675.0,10753.1904296875,4556600.0
2023-08-22,11700.0,11700.0,11475.0,11525.0,10615.033203125,2811800.0
2023-08-23,11525.0,11525.0,11400.0,11500.0,10592.0078125,5173500.0
2023-08-24,11500.0,11500.0,11350.0,11350.0,10453.8515625,2938500.0
2023-08-25,11350.0,11425.0,11225.0,11425.0,10522.9287109375,2972100.0
2023-08-28,11425.0,11425.0,11225.0,11300.0,10407.798828125,2836900.0
2023-08-29,11325.0,11425.0,11275.0,11375.0,10476.876953125,3082600.0
2023-08-30,11375.0,11375.0,11250.0,11250.0,10361.74609375,3638000.0
2023-08-31,11225.0,11250.0,11125.0,11200.0,10315.6943359375,10231100.0
2023-09-01,11200.0,11275.0,11050.0,11200.0,10315.6943359375,4602100.0
2023-09-04,11200.0,11400.0,11175.0,11200.0,10315.6943359375,4055000.0
2023-09-05,11200.0,11275.0,11125.0,11175.0,10292.66796875,2295000.0
2023-09-06,11150.0,11250.0,10950.0,11050.0,10177.5380859375,4817600.0
2023-09-07,11075.0,11200.0,11075.0,11200.0,10315.6943359375,4889200.0
2023-09-08,11200.0,11350.0,11025.0,11125.0,10246.6162109375,5514100.0
2023-09-11,11125.0,11225.0,11050.0,11175.0,10292.66796875,3452600.0
2023-09-12,11175.0,11200.0,11100.0,11200.0,10315.6943359375,3767200.0
2023-09-13,11200.0,11200.0,11100.0,11200.0,10315.6943359375,3169500.0
2023-09-14,11200.0,11225.0,11000.0,11000.0,10131.4853515625,4753700.0
2023-09-15,11000.0,11050.0,10700.0,10975.0,10108.4599609375,8271100.0
2023-09-18,10850.0,10975.0,10700.0,10850.0,9993.3291015625,4752900.0
2023-09-19,10700.0,10875.0,10700.0,10825.0,9970.3037109375,3828900.0
2023-09-20,10825.0,11050.0,10800.0,10850.0,9993.3291015625,4337500.0
2023-09-21,10825.0,11200.0,10750.0,11200.0,10315.6943359375,5964300.0
2023-09-22,11200.0,11450.0,11200.0,11350.0,10453.8515625,8580400.0
2023-09-25,11425.0,11450.0,11200.0,11250.0,10361.74609375,2726800.0
2023-09-26,11275.0,11275.0,11025.0,11175.0,10292.66796875,3475600.0
2023-09-27,11225.0,11225.0,10975.0,11000.0,10131.4853515625,2605000.0
2023-09-29,11175.0,11175.0,10900.0,11075.0,10200.564453125,3978700.0
2023-10-02,11100.0,11200.0,11050.0,11100.0,10223.58984375,3048800.0
2023-10-03,11125.0,11175.0,10950.0,10950.0,10085.43359375,4392200.0
2023-10-04,10950.0,11200.0,10850.0,11200.0,10315.6943359375,9283000.0
2023-10-05,11275.0,11675.0,11250.0,11625.0,10707.138671875,12755300.0
2023-10-06,11625.0,11700.0,11450.0,11500.0,10592.0078125,4721300.0
2023-10-09,11400.0,11400.0,11075.0,11100.0,10223.58984375,4360800.0
2023-10-10,11100.0,11100.0,10850.0,10850.0,9993.3291015625,5032600.0
2023-10-11,10850.0,10975.0,10700.0,10700.0,9855.1728515625,6408300.0
2023-10-12,10800.0,11150.0,10775.0,10975.0,10108.4599609375,6821900.0
2023-10-13,10975.0,11100.0,10875.0,10875.0,10016.3544921875,2727400.0
2023-10-16,11000.0,11000.0,10750.0,10900.0,10039.3818359375,2385800.0
2023-10-17,10925.0,10975.0,10800.0,10900.0,10039.3818359375,4515200.0
2023-10-18,10900.0,10900.0,10625.0,10625.0,9786.09375,5680900.0
2023-10-19,10625.0,10700.0,10225.0,10425.0,9601.8857421875,11233800.0
2023-10-20,10475.0,10775.0,10450.0,10600.0,9763.0673828125,3439700.0
2023-10-23,10650.0,10725.0,10450.0,10500.0,9670.9638671875,4213500.0
2023-10-24,10600.0,10825.0,10525.0,10800.0,9947.27734375,5166900.0
2023-10-25,10725.0,10775.0,10450.0,10450.0,9624.9111328125,3907400.0
2023-10-26,10450.0,10600.0,10225.0,10275.0,9463.728515625,6579200.0
2023-10-27,10275.0,10550.0,10175.0,10525.0,9693.9892578125,5503300.0
2023-10-30,10525.0,10525.0,10375.0,10525.0,9693.9892578125,3187000.0
2023-10-31,10500.0,10500.0,10125.0,10350.0,9532.806640625,4549800.0
2023-11-01,10325.0,10550.0,10075.0,10375.0,9555.8330078125,13173300.0
2023-11-02,10375.0,10575.0,10250.0,10350.0,9532.806640625,4731600.0
2023-11-03,10325.0,10550.0,10200.0,10450.0,9624.9111328125,4688400.0
2023-11-06,10450.0,10500.0,10275.0,10475.0,9647.9375,4923200.0
2023-11-07,10500.0,10525.0,10325.0,10475.0,9647.9375,5949700.0
2023-11-08,10500.0,10500.0,10250.0,10475.0,9647.9375,5589900.0
2023-11-09,10475.0,10650.0,10450.0,10450.0,9624.9111328125,2166300.0
2023-11-10,10500.0,10575.0,10400.0,10575.0,9740.04296875,2215700.0
2023-11-13,10575.0,10675.0,10375.0,10375.0,9555.8330078125,2206900.0
2023-11-14,10350.0,10500.0,10250.0,10450.0,9624.9111328125,6893000.0
2023-11-15,10475.0,10650.0,10475.0,10575.0,9740.04296875,3453900.0
2023-11-16,10575.0,10575.0,10400.0,10575.0,9740.04296875,5186400.0
2023-11-17,10625.0,10625.0,10350.0,10475.0,9647.9375,4270900.0
2023-11-20,10475.0,10550.0,10450.0,10525.0,9693.9892578125,972500.0
2023-11-21,10525.0,10525.0,10400.0,10500.0,9670.9638671875,2778800.0
2023-11-22,10500.0,10550.0,10400.0,10500.0,9670.9638671875,2170800.0
2023-11-23,10525.0,10650.0,10475.0,10550.0,9717.015625,3034500.0
2023-11-24,10550.0,10550.0,10400.0,10425.0,9601.8857421875,1244800.0
2023-11-27,10425.0,10725.0,10425.0,10650.0,9809.1201171875,3045400.0
2023-11-28,10675.0,10750.0,10550.0,10650.0,9809.1201171875,4504400.0
2023-11-29,10650.0,10700.0,10400.0,10500.0,9670.9638671875,4096900.0
2023-11-30,10350.0,11550.0,10275.0,11550.0,10638.060546875,14781100.0
2023-12-01,10675.0,10750.0,10475.0,10525.0,9693.9892578125,7478900.0
2023-12-04,10575.0,10600.0,10350.0,10500.0,9670.9638671875,10072200.0
2023-12-05,10525.0,10675.0,10450.0,10675.0,9832.146484375,2323900.0
2023-12-06,10675.0,10950.0,10550.0,10650.0,9809.1201171875,4963900.0
2023-12-07,10650.0,10725.0,10525.0,10650.0,9809.1201171875,3033800.0
2023-12-08,10675.0,10975.0,10675.0,10975.0,10108.4599609375,5209000.0
2023-12-11,10900.0,10925.0,10475.0,10525.0,9693.9892578125,6701100.0
2023-12-12,10525.0,10725.0,10500.0,10625.0,9786.09375,2993100.0
2023-12-13,10625.0,10675.0,10500.0,10550.0,9717.015625,3286000.0
2023-12-14,10400.0,10675.0,10400.0,10575.0,9740.04296875,2834700.0
2023-12-15,10575.0,10675.0,10425.0,10425.0,9601.8857421875,8340900.0
2023-12-18,10450.0,10600.0,10375.0,10600.0,9763.0673828125,6538900.0
2023-12-19,10650.0,10675.0,10525.0,10575.0,9740.04296875,1511400.0
2023-12-20,10575.0,10675.0,10575.0,10575.0,9740.04296875,1858400.0
2023-12-21,10575.0,10650.0,10550.0,10550.0,9717.015625,1724900.0
2023-12-22,10575.0,10625.0,10475.0,10525.0,9693.9892578125,1311300.0
2023-12-27,10525.0,10675.0,10525.0,10575.0,9740.04296875,1530000.0
2023-12-28,10625.0,10825.0,10600.0,10650.0,9809.1201171875,3160100.0
2023-12-29,10675.0,10800.0,10575.0,10575.0,9740.04296875,4680900.0
2024-01-02,10575.0,10650.0,10550.0,10650.0,9809.1201171875,3555400.0
2024-01-03,10650.0,10675.0,10600.0,10625.0,9786.09375,803100.0
2024-01-04,10675.0,11150.0,10650.0,11050.0,10177.5380859375,6276400.0
2024-01-05,11025.0,11025.0,10725.0,10725.0,9878.1982421875,3438400.0
2024-01-08,10725.0,10925.0,10675.0,10750.0,9901.224609375,3206700.0
2024-01-09,10800.0,11075.0,10800.0,11025.0,10154.51171875,4437300.0
2024-01-10,11075.0,11375.0,10975.0,11350.0,10453.8515625,7536000.0
2024-01-11,11350.0,11350.0,11100.0,11125.0,10246.6162109375,3633700.0
2024-01-12,11025.0,11175.0,11025.0,11175.0,10292.66796875,1897600.0
2024-01-15,11200.0,11350.0,11100.0,11125.0,10246.6162109375,3546600.0
2024-01-16,11125.0,11250.0,11050.0,11075.0,10200.564453125,3301700.0
2024-01-17,11075.0,11125.0,11000.0,11125.0,10246.6162109375,2865600.0
2024-01-18,11175.0,11350.0,11075.0,11275.0,10384.7724609375,5651900.0
2024-01-19,11375.0,11625.0,11300.0,11550.0,10638.060546875,9591900.0
2024-01-22,11600.0,11625.0,11200.0,11400.0,10499.9033203125,6162800.0
2024-01-23,11400.0,11400.0,11225.0,11375.0,10476.876953125,3755700.0
2024-01-24,11400.0,11525.0,11325.0,11400.0,10499.9033203125,3733500.0
2024-01-25,11400.0,11500.0,11400.0,11400.0,10499.9033203125,4040000.0
2024-01-26,11600.0,11625.0,11275.0,11450.0,10545.9560546875,5350200.0
2024-01-29,11450.0,11500.0,11375.0,11400.0,10499.9033203125,2404000.0
2024-01-30,11400.0,11425.0,11200.0,11225.0,10338.7216796875,3672600.0
2024-01-31,11225.0,11825.0,11225.0,11775.0,10845.294921875,16694400.0
2024-02-01,11625.0,11775.0,11375.0,11575.0,10661.0859375,7741600.0
2024-02-02,11550.0,11725.0,11425.0,11575.0,10661.0859375,6564300.0
2024-02-05,11575.0,11575.0,11425.0,11475.0,10568.982421875,2374000.0
2024-02-06,11500.0,11550.0,11450.0,11525.0,10615.033203125,2815200.0
2024-02-07,11575.0,11575.0,11425.0,11425.0,10522.9287109375,2784200.0
2024-02-12,11500.0,11650.0,11425.0,11650.0,10730.1640625,6509900.0
2024-02-13,11650.0,11650.0,11375.0,11375.0,10476.876953125,5869200.0
2024-02-15,11625.0,11750.0,11625.0,11650.0,10730.1640625,6995500.0
2024-02-16,11650.0,11675.0,11425.0,11450.0,10545.9560546875,6008600.0
2024-02-19,11450.0,11650.0,11400.0,11575.0,10661.0859375,3107400.0
2024-02-20,11575.0,11650.0,11450.0,11550.0,10638.060546875,4743300.0
2024-02-21,11550.0,11550.0,11325.0,11475.0,10568.982421875,4232000.0
2024-02-22,11525.0,11625.0,11475.0,11600.0,10684.1123046875,4281600.0
2024-02-23,11650.0,11650.0,11450.0,11550.0,10638.060546875,4537500.0
2024-02-26,11575.0,11650.0,11475.0,11550.0,10638.060546875,2626300.0
2024-02-27,11550.0,11650.0,11500.0,11600.0,10684.1123046875,3928400.0
2024-02-28,11600.0,11625.0,11550.0,11600.0,10684.1123046875,1213000.0
2024-02-29,11600.0,11625.0,11450.0,11550.0,10638.060546875,5965900.0
2024-03-01,11475.0,11625.0,11475.0,11625.0,10707.138671875,9250500.0
2024-03-04,11625.0,11625.0,11450.0,11450.0,10545.9560546875,3310000.0
2024-03-05,11450.0,11475.0,11350.0,11375.0,10476.876953125,3559500.0
2024-03-06,11350.0,11350.0,11100.0,11150.0,10269.642578125,4603700.0
2024-03-07,11150.0,11150.0,10700.0,10700.0,9855.1728515625,14189000.0
2024-03-08,10600.0,10900.0,10600.0,10775.0,9924.25,10088700.0
2024-03-13,10750.0,10850.0,10600.0,10725.0,9878.1982421875,13549200.0
2024-03-14,10725.0,10900.0,10650.0,10900.0,10039.3818359375,9405800.0
2024-03-15,10750.0,10800.0,10600.0,10725.0,9878.1982421875,15472200.0
2024-03-18,10750.0,10950.0,10750.0,10850.0,9993.3291015625,9332700.0
2024-03-19,10900.0,11225.0,10750.0,11000.0,10131.4853515625,12233400.0
2024-03-20,11000.0,11225.0,10975.0,11225.0,10338.7216796875,4770900.0
2024-03-21,11225.0,11225.0,10950.0,10950.0,10085.43359375,8369200.0
2024-03-22,11000.0,11125.0,10900.0,11125.0,10246.6162109375,4113600.0
2024-03-25,11300.0,11300.0,11025.0,11200.0,10315.6943359375,4031700.0
2024-03-26,11000.0,11000.0,10350.0,10850.0,9993.3291015625,17108300.0
2024-03-27,10875.0,11150.0,10875.0,11000.0,10131.4853515625,5181700.0
2024-03-28,11025.0,11600.0,10850.0,11600.0,10684.1123046875,8583800.0
2024-04-01,11375.0,11375.0,11000.0,11225.0,10338.7216796875,5789500.0
2024-04-02,11250.0,11250.0,11025.0,11200.0,10315.6943359375,4363900.0
2024-04-03,11200.0,11200.0,10925.0,11000.0,10131.4853515625,2469800.0
2024-04-04,11000.0,11100.0,10950.0,11025.0,10154.51171875,2527700.0
2024-04-05,11050.0,11050.0,10850.0,10850.0,9993.3291015625,2242100.0
2024-04-16,10300.0,10625.0,10075.0,10100.0,9302.5458984375,18880100.0
2024-04-17,10050.0,10300.0,10050.0,10150.0,9348.5986328125,14369100.0
2024-04-18,10150.0,10175.0,9800.0,10100.0,9302.5458984375,11022600.0
2024-04-19,9975.0,10000.0,9600.0,9725.0,8957.154296875,11496400.0
2024-04-22,9850.0,9975.0,9650.0,9800.0,9026.232421875,8329600.0
2024-04-23,9825.0,10025.0,9825.0,9925.0,9141.3642578125,5539400.0
2024-04-24,9925.0,10225.0,9925.0,10175.0,9371.625,8075100.0
2024-04-25,10275.0,10925.0,10100.0,10700.0,9855.1728515625,16918500.0
2024-04-26,10700.0,10775.0,10550.0,10600.0,9763.0673828125,4076200.0
2024-04-29,10750.0,10800.0,10575.0,10675.0,9832.146484375,4497500.0
2024-04-30,10700.0,10975.0,10700.0,10875.0,10016.3544921875,6660300.0
2024-05-02,10875.0,10875.0,10300.0,10475.0,9647.9375,5930000.0
2024-05-03,10475.0,10850.0,10325.0,10850.0,9993.3291015625,3524800.0
2024-05-06,11150.0,11150.0,10750.0,10850.0,9993.3291015625,2850400.0
2024-05-07,10900.0,10925.0,10650.0,10775.0,9924.25,2877500.0
2024-05-08,10825.0,10850.0,10575.0,10775.0,9924.25,4333600.0
2024-05-13,10600.0,10600.0,10025.0,10300.0,9486.7548828125,7265800.0
2024-05-14,10300.0,10400.0,10200.0,10300.0,9486.7548828125,8204800.0
2024-05-15,10300.0,10600.0,10175.0,10600.0,9763.0673828125,5442200.0
2024-05-16,10700.0,10900.0,10500.0,10575.0,9740.04296875,4835200.0
2024-05-17,10575.0,10750.0,10450.0,10550.0,9717.015625,4102700.0
2024-05-20,10600.0,10725.0,10450.0,10500.0,9670.9638671875,2328300.0
2024-05-21,10550.0,10575.0,10350.0,10400.0,9578.859375,3604100.0
2024-05-22,10500.0,10600.0,10375.0,10475.0,9647.9375,3951100.0
2024-05-27,10400.0,10475.0,10150.0,10425.0,9601.8857421875,4798800.0
2024-05-28,10475.0,10775.0,10450.0,10600.0,9763.0673828125,4378100.0
2024-05-29,10600.0,10600.0,10375.0,10425.0,9601.8857421875,2905300.0
2024-05-30,10425.0,10425.0,10125.0,10150.0,9348.5986328125,6573700.0
2024-05-31,10275.0,10425.0,9750.0,9750.0,8980.1806640625,13874400.0
2024-06-03,9875.0,10425.0,9875.0,10200.0,9394.650390625,7155200.0
2024-06-04,10275.0,10475.0,10250.0,10325.0,9509.78125,2538200.0
2024-06-05,10450.0,10525.0,10350.0,10450.0,9624.9111328125,3586600.0
2024-06-06,10500.0,10600.0,10375.0,10600.0,9763.0673828125,3304700.0
2024-06-07,10600.0,10650.0,10450.0,10575.0,9740.04296875,2828600.0
2024-06-10,10575.0,10650.0,10400.0,10500.0,9670.9638671875,3375400.0
2024-06-11,10400.0,10600.0,10400.0,10550.0,9717.015625,2464400.0
2024-06-12,10600.0,10650.0,10500.0,10575.0,9740.04296875,4456800.0
2024-06-13,10600.0,10750.0,10575.0,10675.0,9832.146484375,4244200.0
2024-06-14,10675.0,10725.0,10400.0,10500.0,9670.9638671875,7605600.0
2024-06-19,10500.0,10500.0,10150.0,10200.0,9394.650390625,6183700.0
2024-06-20,10200.0,10225.0,10000.0,10175.0,9371.625,7627200.0
2024-06-21,10175.0,10325.0,10025.0,10300.0,9486.7548828125,8739800.0
2024-06-24,10325.0,10375.0,10175.0,10300.0,9486.7548828125,1715900.0
2024-06-25,10300.0,10325.0,10125.0,10125.0,9325.5712890625,3239400.0
2024-06-26,10200.0,10450.0,10150.0,10375.0,9555.8330078125,4923000.0
2024-06-27,10425.0,10600.0,10325.0,10500.0,9670.9638671875,5913800.0
2024-06-28,10350.0,10400.0,10275.0,10300.0,9486.7548828125,6499600.0
2024-07-01,10300.0,10400.0,10175.0,10300.0,9486.7548828125,2453800.0
2024-07-02,10300.0,10300.0,10100.0,10250.0,9440.703125,3564300.0
2024-07-03,10275.0,10275.0,10150.0,10275.0,9463.728515625,5316900.0
2024-07-04,10275.0,10350.0,10175.0,10225.0,9417.67578125,3803000.0
2024-07-05,10250.0,10275.0,10175.0,10275.0,9463.728515625,2943200.0
2024-07-08,10275.0,10400.0,10275.0,10400.0,9578.859375,6163500.0
2024-07-09,10300.0,10425.0,10225.0,10325.0,9696.2470703125,10883600.0
2024-07-10,10325.0,10325.0,10200.0,10300.0,9672.7705078125,3171100.0
2024-07-11,10325.0,10350.0,10250.0,10300.0,9672.7705078125,3371100.0
2024-07-12,10375.0,10550.0,10300.0,10375.0,9743.203125,1985800.0
2024-07-15,10375.0,10575.0,10300.0,10575.0,9931.0234375,3988500.0
2024-07-16,10600.0,10600.0,10350.0,10475.0,9837.1123046875,1382300.0
2024-07-17,10550.0,10875.0,10525.0,10750.0,10095.3662109375,9906800.0
2024-07-18,10750.0,10800.0,10650.0,10750.0,10095.3662109375,3682500.0
2024-07-19,10700.0,10800.0,10600.0,10800.0,10142.322265625,4951000.0
2024-07-22,10900.0,10950.0,10700.0,10900.0,10236.2314453125,2848600.0
2024-07-23,10825.0,11000.0,10725.0,10725.0,10071.8896484375,4947600.0
2024-07-24,10725.0,10850.0,10650.0,10800.0,10142.322265625,2054400.0
2024-07-25,10800.0,10875.0,10650.0,10850.0,10189.27734375,3684200.0
2024-07-26,10875.0,11000.0,10775.0,10850.0,10189.27734375,6806800.0
2024-07-29,10900.0,10950.0,10750.0,10825.0,10165.798828125,5727200.0
2024-07-30,10950.0,10950.0,10800.0,10900.0,10236.2314453125,2399400.0
2024-07-31,10950.0,10950.0,10875.0,10925.0,10259.7099609375,2971700.0
2024-08-01,11000.0,11125.0,10975.0,11000.0,10330.142578125,6655400.0
2024-08-02,11000.0,11250.0,11000.0,11175.0,10494.4853515625,7335300.0
2024-08-05,11000.0,11275.0,10675.0,10900.0,10236.2314453125,10163800.0
2024-08-06,11000.0,11100.0,10900.0,11000.0,10330.142578125,7517800.0
2024-08-07,11000.0,11150.0,10950.0,11050.0,10377.09765625,5618600.0
2024-08-08,11050.0,11125.0,10775.0,10975.0,10306.6650390625,5063700.0
2024-08-09,11000.0,11250.0,11000.0,11200.0,10517.962890625,4031800.0
2024-08-12,11200.0,11200.0,10950.0,11000.0,10330.142578125,3494700.0
2024-08-13,11200.0,11200.0,11025.0,11175.0,10494.4853515625,5104600.0
2024-08-14,11100.0,11550.0,11100.0,11350.0,10658.8291015625,9082000.0
2024-08-15,11375.0,11375.0,11200.0,11275.0,10588.396484375,3778300.0
2024-08-16,11425.0,11425.0,11100.0,11375.0,10682.3056640625,5379900.0
2024-08-19,11300.0,11400.0,11275.0,11400.0,10705.7841796875,5734300.0
2024-08-20,11400.0,11500.0,11275.0,11425.0,10729.26171875,9564900.0
2024-08-21,11500.0,11500.0,11350.0,11450.0,10752.7392578125,2674000.0
2024-08-22,11350.0,11475.0,11250.0,11350.0,10658.8291015625,4855400.0
2024-08-23,11350.0,11500.0,11350.0,11475.0,10776.216796875,4846300.0
2024-08-26,11300.0,11425.0,11150.0,11400.0,10705.7841796875,6606600.0
2024-08-27,11425.0,11500.0,11325.0,11425.0,10729.26171875,4355700.0
2024-08-28,11475.0,11575.0,11375.0,11400.0,10705.7841796875,4722500.0
2024-08-29,11500.0,11550.0,11400.0,11400.0,10705.7841796875,3988700.0
2024-08-30,11200.0,11475.0,11200.0,11475.0,10776.216796875,7521300.0
2024-09-02,11400.0,11550.0,11375.0,11500.0,10799.6943359375,7506100.0
2024-09-03,11425.0,11450.0,11275.0,11375.0,10682.3056640625,4461700.0
2024-09-04,11075.0,11425.0,11075.0,11400.0,10705.7841796875,6155200.0
2024-09-05,11450.0,11725.0,11450.0,11650.0,10940.560546875,7236600.0
2024-09-06,11525.0,11700.0,11450.0,11450.0,10752.7392578125,4077500.0
2024-09-09,11450.0,11600.0,11200.0,11600.0,10893.6044921875,8829500.0
2024-09-10,11675.0,11675.0,11550.0,11575.0,10870.1279296875,4439800.0
2024-09-11,11575.0,11600.0,11525.0,11575.0,10870.1279296875,3358600.0
2024-09-12,11475.0,11625.0,11475.0,11475.0,10776.216796875,2736700.0
2024-09-13,11375.0,11450.0,11325.0,11325.0,10635.3505859375,4657400.0
2024-09-17,11425.0,11450.0,11325.0,11400.0,10705.7841796875,3279400.0
2024-09-18,11375.0,11525.0,11375.0,11500.0,10799.6943359375,1922500.0
2024-09-19,11525.0,11800.0,11450.0,11700.0,10987.515625,7514700.0
2024-09-20,11725.0,12350.0,11725.0,12000.0,11269.2470703125,11064700.0
2024-09-23,12125.0,12300.0,12000.0,12200.0,11457.0673828125,5239500.0
2024-09-24,12325.0,12725.0,12250.0,12425.0,11668.3662109375,12381000.0
2024-09-25,12500.0,12500.0,12125.0,12450.0,11691.8427734375,7539700.0
2024-09-26,12650.0,12875.0,12450.0,12775.0,11997.0517578125,12978300.0
2024-09-27,12800.0,12800.0,12475.0,12650.0,11879.6630859375,7139400.0
2024-09-30,12650.0,12650.0,12325.0,12325.0,11574.455078125,7362100.0
2024-10-01,12325.0,12575.0,12100.0,12450.0,11691.8427734375,6887000.0
2024-10-02,12275.0,12400.0,12025.0,12200.0,11457.0673828125,8171200.0
2024-10-03,12250.0,12250.0,11950.0,12000.0,11269.2470703125,10296200.0
2024-10-04,12000.0,12250.0,11925.0,12125.0,11386.634765625,5569800.0
2024-10-07,12050.0,12150.0,11725.0,12000.0,11269.2470703125,4128800.0
2024-10-08,12000.0,12350.0,11925.0,12300.0,11550.9775390625,5779300.0
2024-10-09,12200.0,12275.0,12050.0,12075.0,11339.6796875,4270800.0
2024-10-10,12075.0,12225.0,12025.0,12050.0,11316.201171875,1908600.0
2024-10-11,12500.0,12500.0,12075.0,12250.0,11504.0224609375,4363700.0
2024-10-14,12250.0,12500.0,12150.0,12350.0,11597.9326171875,3228200.0
2024-10-15,12350.0,12625.0,12325.0,12575.0,11809.23046875,4111700.0
2024-10-16,12750.0,12750.0,12225.0,12500.0,11738.798828125,3719000.0
2024-10-17,12500.0,12650.0,12350.0,12500.0,11738.798828125,5359100.0
2024-10-18,12625.0,12850.0,12400.0,12800.0,12020.529296875,5069700.0
2024-10-21,12800.0,12800.0,12500.0,12500.0,11738.798828125,3698000.0
2024-10-22,12600.0,12675.0,12425.0,12525.0,11762.275390625,2545600.0
2024-10-23,12500.0,12650.0,12500.0,12600.0,11832.7080078125,3484200.0
2024-10-24,12600.0,12675.0,12500.0,12525.0,11762.275390625,1918300.0
2024-10-25,12550.0,12850.0,12525.0,12650.0,11879.6630859375,3657800.0
2024-10-28,12575.0,12650.0,12500.0,12650.0,11879.6630859375,2159300.0
2024-10-29,12650.0,12675.0,12550.0,12575.0,11809.23046875,1739200.0
2024-10-30,12600.0,12600.0,12350.0,12450.0,11691.8427734375,3915400.0
2024-10-31,12450.0,12450.0,12300.0,12325.0,11574.455078125,2305900.0
2024-11-01,12425.0,12450.0,12100.0,12100.0,11363.15625,4011200.0
2024-11-04,12175.0,12500.0,11950.0,12325.0,11574.455078125,3534000.0
2024-11-05,12500.0,12600.0,12300.0,12600.0,11832.7080078125,3941300.0
2024-11-06,12500.0,12500.0,12050.0,12150.0,11410.111328125,4396900.0
2024-11-07,12200.0,12250.0,11800.0,12075.0,11339.6796875,7684900.0
2024-11-08,12075.0,12175.0,12000.0,12100.0,11363.15625,2920900.0
2024-11-11,12000.0,12000.0,11650.0,11950.0,11222.291015625,3367300.0
2024-11-12,11950.0,12075.0,11825.0,11850.0,11128.380859375,3318200.0
2024-11-13,11850.0,12000.0,11800.0,11850.0,11128.380859375,4027500.0
2024-11-14,11850.0,11850.0,11450.0,11450.0,10752.7392578125,5482800.0
2024-11-15,11450.0,11725.0,11450.0,11675.0,10964.037109375,3792500.0
2024-11-18,11750.0,12025.0,11750.0,11975.0,11245.7685546875,2830700.0
2024-11-19,11975.0,12025.0,11775.0,11900.0,11175.3359375,5336100.0
2024-11-20,11925.0,11925.0,11650.0,11800.0,11081.4248046875,2082200.0
2024-11-21,11800.0,11900.0,11675.0,11800.0,11081.4248046875,4577300.0
2024-11-22,12075.0,12225.0,11925.0,12000.0,11269.2470703125,7267400.0
2024-11-25,12000.0,12050.0,11800.0,11950.0,11222.291015625,9711300.0
2024-11-26,12175.0,12175.0,11900.0,11975.0,11245.7685546875,4931800.0
2024-11-28,11975.0,11975.0,11650.0,11900.0,11175.3359375,3166900.0
2024-11-29,11975.0,12025.0,11825.0,11900.0,11175.3359375,4519900.0
2024-12-02,11700.0,12000.0,11700.0,11850.0,11128.380859375,4943400.0
2024-12-03,11925.0,11975.0,11725.0,11925.0,11198.8134765625,6398300.0
2024-12-04,11800.0,11925.0,11775.0,11800.0,11081.4248046875,4248900.0
2024-12-05,11825.0,11950.0,11775.0,11900.0,11175.3359375,4593600.0
2024-12-06,11900.0,11900.0,11775.0,11825.0,11104.9033203125,1582600.0
2024-12-09,11800.0,11800.0,11700.0,11775.0,11057.9482421875,4161700.0
2024-12-10,11775.0,11800.0,11600.0,11725.0,11010.9921875,3743300.0
2024-12-11,11650.0,11800.0,11650.0,11725.0,11010.9921875,3453500.0
2024-12-12,11625.0,11650.0,11400.0,11600.0,10893.6044921875,3262700.0
2024-12-13,11625.0,11925.0,11625.0,11850.0,11128.380859375,4752600.0
2024-12-16,11850.0,11900.0,11725.0,11800.0,11081.4248046875,3537900.0
2024-12-17,11600.0,11725.0,11425.0,11525.0,10823.171875,3251800.0
2024-12-18,11500.0,11550.0,11150.0,11325.0,10635.3505859375,7023500.0
2024-12-19,11375.0,11375.0,10925.0,11200.0,10517.962890625,7376500.0
2024-12-20,11275.0,11400.0,11050.0,11250.0,10564.91796875,3806300.0
2024-12-23,11250.0,11475.0,11250.0,11425.0,10729.26171875,2328700.0
2024-12-24,11425.0,11625.0,11125.0,11575.0,10870.1279296875,1809000.0
2024-12-27,11525.0,11550.0,11325.0,11425.0,10729.26171875,5274600.0
2024-12-30,11400.0,11400.0,11150.0,11375.0,10682.3056640625,2852100.0
2025-01-02,11375.0,11375.0,11125.0,11225.0,10541.44140625,846100.0
2025-01-03,11225.0,11375.0,11225.0,11375.0,10682.3056640625,1377300.0
2025-01-06,11375.0,11375.0,11150.0,11175.0,10494.4853515625,1981900.0
2025-01-07,11100.0,11175.0,10925.0,10925.0,10259.7099609375,3994000.0
2025-01-08,10925.0,11225.0,10925.0,11100.0,10424.052734375,5788600.0
2025-01-09,11100.0,11100.0,11025.0,11025.0,10353.6201171875,1495000.0
2025-01-10,11025.0,11125.0,10950.0,11075.0,10400.5751953125,2469200.0
2025-01-13,11050.0,11125.0,10975.0,11100.0,10424.052734375,3913400.0
2025-01-14,11100.0,11100.0,10750.0,10750.0,10095.3662109375,3999700.0
2025-01-15,10750.0,10900.0,10600.0,10775.0,10118.84375,4810100.0
2025-01-16,10800.0,11025.0,10750.0,10925.0,10259.7099609375,3687800.0
2025-01-17,10900.0,11050.0,10700.0,10825.0,10165.798828125,2690000.0
2025-01-20,10800.0,10800.0,10525.0,10525.0,9884.0673828125,2593900.0
2025-01-21,10525.0,11375.0,10500.0,11000.0,10330.142578125,5679300.0
2025-01-22,11200.0,11475.0,11100.0,11375.0,10682.3056640625,5640100.0
2025-01-23,11400.0,11500.0,11275.0,11275.0,10588.396484375,2962600.0
2025-01-24,11000.0,11650.0,11000.0,11425.0,10729.26171875,4293800.0
2025-01-30,11425.0,11650.0,11375.0,11575.0,10870.1279296875,2052100.0
2025-01-31,11675.0,11850.0,11450.0,11500.0,10799.6943359375,2701400.0
2025-02-03,11450.0,11575.0,11025.0,11225.0,10541.44140625,3242900.0
2025-02-04,11425.0,11425.0,11025.0,11100.0,10424.052734375,2543100.0
2025-02-05,11100.0,11200.0,10825.0,10900.0,10236.2314453125,4420400.0
2025-02-06,11075.0,11075.0,10875.0,10950.0,10283.1865234375,3635900.0
2025-02-07,11075.0,11400.0,10800.0,11375.0,10682.3056640625,4344400.0
2025-02-10,11450.0,11850.0,11200.0,11275.0,10588.396484375,6793800.0
2025-02-11,11225.0,11375.0,11000.0,11225.0,10541.44140625,4041900.0
2025-02-12,11200.0,11225.0,11025.0,11150.0,10471.0087890625,2337100.0
2025-02-13,11150.0,11400.0,11000.0,11225.0,10541.44140625,3580600.0
2025-02-14,11225.0,11700.0,11225.0,11525.0,10823.171875,6318600.0
2025-02-17,11525.0,11650.0,11450.0,11500.0,10799.6943359375,1815500.0
2025-02-18,11500.0,11725.0,11425.0,11525.0,10823.171875,4037000.0
2025-02-19,11625.0,11775.0,11525.0,11650.0,10940.560546875,4837300.0
2025-02-20,11675.0,11700.0,11425.0,11550.0,10846.6494140625,2565800.0
2025-02-21,11525.0,11675.0,11325.0,11500.0,10799.6943359375,4313200.0
2025-02-24,11475.0,12000.0,11425.0,11875.0,11151.8583984375,3749400.0
2025-02-25,11875.0,11875.0,11325.0,11325.0,10635.3505859375,4676200.0
2025-02-26,11325.0,11325.0,10275.0,10500.0,9860.5908203125,10117200.0
2025-02-27,10500.0,10600.0,10225.0,10400.0,9766.6796875,10113900.0
2025-02-28,10275.0,10575.0,10200.0,10450.0,9813.634765625,9319700.0
2025-03-03,10450.0,10725.0,10350.0,10575.0,9931.0234375,3313000.0
2025-03-04,10575.0,10650.0,10400.0,10575.0,9931.0234375,3491200.0
2025-03-05,10600.0,10650.0,10400.0,10400.0,9766.6796875,5465900.0
2025-03-06,10325.0,10525.0,10325.0,10350.0,9719.724609375,3741000.0
2025-03-07,10350.0,10725.0,10275.0,10550.0,9907.5458984375,3290700.0
2025-03-10,10550.0,10725.0,10475.0,10600.0,9954.5009765625,3750000.0
2025-03-11,10400.0,10575.0,10325.0,10425.0,9790.158203125,1234500.0
2025-03-12,10500.0,10975.0,10500.0,10925.0,10259.7099609375,4504800.0
2025-03-13,11000.0,11075.0,10775.0,11000.0,10330.142578125,3685600.0
2025-03-14,11025.0,11025.0,10725.0,10750.0,10095.3662109375,2173400.0
2025-03-17,10725.0,11000.0,10675.0,10950.0,10283.1865234375,1895300.0
2025-03-18,10950.0,10950.0,10525.0,10825.0,10165.798828125,3133000.0
2025-03-19,10775.0,10775.0,10450.0,10725.0,10071.8896484375,3129100.0
2025-03-20,10725.0,10725.0,10525.0,10600.0,9954.5009765625,2096000.0
2025-03-21,10600.0,10725.0,10475.0,10575.0,9931.0234375,4579600.0
2025-03-24,10500.0,10525.0,9925.0,10425.0,9790.158203125,8524900.0
2025-03-25,10450.0,10675.0,10375.0,10375.0,9743.203125,2272600.0
2025-03-26,10450.0,10575.0,10300.0,10550.0,9907.5458984375,3818000.0
2025-03-27,10350.0,10450.0,10100.0,10175.0,9555.3818359375,6715200.0
2025-04-08,10000.0,10000.0,9500.0,9700.0,9109.3076171875,13575500.0
2025-04-09,9700.0,10075.0,9450.0,9575.0,8991.919921875,6675700.0
2025-04-10,9825.0,10100.0,9775.0,10000.0,9391.0390625,6369200.0
2025-04-11,9650.0,9950.0,9550.0,9925.0,9320.60546875,5910000.0
2025-04-14,9925.0,10350.0,9925.0,10325.0,9696.2470703125,3364000.0
2025-04-15,10325.0,10475.0,10050.0,10475.0,9837.1123046875,5346100.0
2025-04-16,10475.0,10475.0,10200.0,10250.0,9625.814453125,3047800.0
2025-04-17,10250.0,10750.0,10100.0,10600.0,9954.5009765625,7789900.0
2025-04-21,10600.0,10600.0,10400.0,10550.0,9907.5458984375,1425200.0
2025-04-22,10550.0,10550.0,10450.0,10475.0,9837.1123046875,1806100.0
2025-04-23,10475.0,10750.0,10400.0,10700.0,10048.4111328125,7661100.0
2025-04-24,10700.0,11000.0,10700.0,11000.0,10330.142578125,4147600.0
2025-04-25,11100.0,11150.0,10900.0,11000.0,10330.142578125,4395500.0
2025-04-28,11025.0,11075.0,10850.0,11000.0,10330.142578125,1094100.0
2025-04-29,11000.0,11275.0,10900.0,11250.0,10564.91796875,2295500.0
2025-04-30,11250.0,11350.0,11050.0,11350.0,10658.8291015625,2335600.0
2025-05-02,11350.0,11350.0,10550.0,11000.0,10330.142578125,10223300.0
2025-05-05,11050.0,11325.0,11050.0,11200.0,10517.962890625,3839600.0
2025-05-06,11250.0,11600.0,11250.0,11275.0,10588.396484375,4443700.0
2025-05-07,11350.0,11400.0,11075.0,11075.0,10400.5751953125,4410500.0
2025-05-08,11200.0,11400.0,11100.0,11400.0,10705.7841796875,3008000.0
2025-05-09,11400.0,11400.0,11125.0,11200.0,10517.962890625,2031000.0
2025-05-14,11425.0,11425.0,11050.0,11175.0,10494.4853515625,5245800.0
2025-05-15,11175.0,11475.0,11050.0,11050.0,10377.09765625,3943900.0
2025-05-16,11200.0,11200.0,10900.0,11075.0,10400.5751953125,7428000.0
2025-05-19,11100.0,11100.0,10925.0,10950.0,10283.1865234375,5847100.0
2025-05-20,11050.0,11075.0,10750.0,10750.0,10095.3662109375,6391600.0
2025-05-21,10825.0,10925.0,10700.0,10825.0,10165.798828125,4312500.0
2025-05-22,10825.0,11000.0,10725.0,10800.0,10142.322265625,3175000.0
2025-05-23,10850.0,10900.0,10800.0,10825.0,10165.798828125,1811100.0
2025-05-26,10825.0,11050.0,10825.0,11025.0,10353.6201171875,4661200.0
2025-05-27,11075.0,11225.0,10950.0,11125.0,10447.5302734375,4928700.0
2025-05-28,11200.0,11225.0,10900.0,10900.0,10236.2314453125,7578200.0
2025-06-02,10825.0,10900.0,10550.0,10800.0,10142.322265625,10667100.0
2025-06-03,10800.0,10850.0,10600.0,10625.0,9977.978515625,2685000.0
2025-06-04,10825.0,10825.0,10600.0,10825.0,10165.798828125,3186300.0
2025-06-05,10800.0,10800.0,10600.0,10700.0,10048.4111328125,1482700.0
2025-06-10,10700.0,10750.0,10500.0,10650.0,10001.4560546875,4733600.0
2025-06-11,10700.0,10750.0,10550.0,10700.0,10048.4111328125,5451900.0
2025-06-12,10700.0,10825.0,10600.0,10675.0,10024.93359375,4172700.0
2025-06-13,10675.0,10725.0,10550.0,10600.0,9954.5009765625,4299100.0
2025-06-16,10600.0,10750.0,10550.0,10575.0,9931.0234375,3557500.0
2025-06-17,10575.0,10725.0,10575.0,10625.0,9977.978515625,2443900.0
2025-06-18,10600.0,10675.0,10550.0,10650.0,10001.4560546875,2999200.0
2025-06-19,10675.0,10675.0,10400.0,10450.0,9813.634765625,4446100.0
2025-06-20,10450.0,10650.0,10200.0,10425.0,9790.158203125,14686100.0
2025-06-23,10300.0,10300.0,9950.0,9950.0,9344.083984375,8896600.0
2025-06-24,10200.0,10375.0,10175.0,10225.0,9602.3369140625,3624700.0
2025-06-25,10450.0,10450.0,10175.0,10225.0,9602.3369140625,2262900.0
2025-06-26,10100.0,10300.0,9950.0,10150.0,9531.904296875,10959700.0
2025-06-30,10350.0,10550.0,10200.0,10500.0,9860.5908203125,12168800.0
2025-07-01,10500.0,10625.0,10400.0,10625.0,9977.978515625,4235400.0
2025-07-02,10425.0,10625.0,10350.0,10500.0,10098.1953125,3473000.0
2025-07-03,10600.0,10850.0,10550.0,10750.0,10338.6279296875,3199900.0
2025-07-04,10750.0,10800.0,10550.0,10650.0,10242.455078125,1376400.0
2025-07-07,10725.0,10725.0,10275.0,10500.0,10098.1953125,5720900.0
2025-07-08,10450.0,10550.0,10325.0,10500.0,10098.1953125,7659400.0
2025-07-09,10525.0,10550.0,10075.0,10525.0,10122.23828125,6547300.0
2025-07-10,10500.0,10500.0,10350.0,10450.0,10050.1083984375,3168500.0
2025-07-11,10475.0,10500.0,10300.0,10325.0,9929.8916015625,2731600.0
2025-07-14,10325.0,10425.0,10200.0,10400.0,10002.021484375,4153500.0
2025-07-15,10400.0,10425.0,10150.0,10400.0,10002.021484375,12047900.0
2025-07-16,10400.0,10425.0,10275.0,10350.0,9953.935546875,2396100.0
2025-07-17,10350.0,10400.0,10150.0,10350.0,9953.935546875,13247400.0
2025-07-18,10350.0,10525.0,10300.0,10400.0,10002.021484375,12730500.0
2025-07-21,10425.0,10500.0,10250.0,10500.0,10098.1953125,11341700.0
2025-07-22,10525.0,10525.0,10350.0,10350.0,9953.935546875,2916000.0
2025-07-23,10475.0,10475.0,10300.0,10450.0,10050.1083984375,3234000.0
2025-07-24,10450.0,10475.0,10350.0,10350.0,9953.935546875,2976000.0
2025-07-25,10350.0,10550.0,10275.0,10550.0,10146.28125,6635900.0
2025-07-28,10550.0,10575.0,10225.0,10225.0,9833.71875,5895900.0
2025-07-29,10225.0,10250.0,9950.0,10000.0,9617.3291015625,23316400.0
2025-07-30,10050.0,10100.0,9800.0,9925.0,9545.1982421875,11795400.0
2025-07-31,9925.0,9975.0,9800.0,9800.0,9424.982421875,4990600.0
2025-08-01,9900.0,9950.0,9800.0,9900.0,9521.1552734375,9390400.0
2025-08-04,9900.0,9925.0,9525.0,9550.0,9184.548828125,12748700.0
2025-08-05,9600.0,9625.0,9475.0,9575.0,9208.591796875,8541600.0
2025-08-06,9575.0,9625.0,9500.0,9550.0,9184.548828125,5467100.0
2025-08-07,9550.0,9575.0,9500.0,9500.0,9136.4619140625,6473400.0
2025-08-08,9450.0,9450.0,9350.0,9350.0,8992.2021484375,7653700.0
2025-08-11,9350.0,9600.0,9350.0,9550.0,9184.548828125,7665100.0
2025-08-12,9600.0,9700.0,9500.0,9550.0,9184.548828125,6203500.0
2025-08-13,9600.0,9650.0,9375.0,9475.0,9112.4189453125,9967500.0
2025-08-14,9450.0,9825.0,9425.0,9725.0,9352.8525390625,25589500.0
2025-08-15,9750.0,9950.0,9550.0,9900.0,9521.1552734375,18332000.0
2025-08-19,9900.0,9925.0,9625.0,9775.0,9400.9384765625,6045500.0
2025-08-20,9775.0,9825.0,9600.0,9650.0,9280.7216796875,5730000.0
2025-08-21,9600.0,9700.0,9550.0,9550.0,9184.548828125,3901000.0
2025-08-22,9600.0,9675.0,9550.0,9575.0,9208.591796875,3331700.0
2025-08-25,9575.0,9625.0,9500.0,9500.0,9136.4619140625,5199200.0
2025-08-26,9500.0,9575.0,9375.0,9375.0,9016.2451171875,9031900.0
2025-08-27,9375.0,9425.0,9325.0,9325.0,8968.1591796875,3413900.0
2025-08-28,9325.0,9450.0,9275.0,9300.0,8944.115234375,4029300.0
2025-08-29,9250.0,9275.0,8975.0,8975.0,8631.552734375,12958600.0
2025-09-01,8800.0,9275.0,8650.0,9200.0,8847.9423828125,5969700.0
2025-09-02,9225.0,9325.0,9200.0,9200.0,8847.9423828125,3319500.0
2025-09-03,9225.0,9300.0,9200.0,9300.0,8944.115234375,2439300.0
2025-09-04,9300.0,9300.0,9200.0,9250.0,8896.029296875,2740200.0
2025-09-08,9300.0,9475.0,9275.0,9375.0,9016.2451171875,8124700.0
2025-09-09,9325.0,9325.0,9100.0,9225.0,8871.9853515625,4218400.0
2025-09-10,9225.0,9225.0,9150.0,9225.0,8871.9853515625,2211300.0
2025-09-11,9225.0,9400.0,9200.0,9300.0,8944.115234375,4876500.0
2025-09-12,9300.0,9400.0,9175.0,9250.0,8896.029296875,4228300.0
2025-09-15,9250.0,9325.0,9150.0,9225.0,8871.9853515625,3520100.0
2025-09-16,9250.0,9325.0,9200.0,9300.0,8944.115234375,2267100.0
2025-09-17,9275.0,9500.0,9250.0,9500.0,9136.4619140625,3034300.0
2025-09-18,9500.0,9525.0,9425.0,9425.0,9064.33203125,2855900.0
2025-09-19,9425.0,9700.0,9425.0,9700.0,9328.80859375,6110200.0
2025-09-22,9700.0,9825.0,9500.0,9625.0,9256.6787109375,4473300.0
2025-09-23,9700.0,9700.0,9600.0,9700.0,9328.80859375,1955400.0
2025-09-24,9700.0,9725.0,9550.0,9550.0,9184.548828125,5779000.0
2025-09-25,9625.0,9800.0,9600.0,9800.0,9424.982421875,6445600.0
2025-09-26,9800.0,10050.0,9675.0,10000.0,9617.3291015625,8532100.0
2025-09-29,10025.0,10050.0,9650.0,9650.0,9280.7216796875,6132900.0
2025-09-30,9650.0,9750.0,9475.0,9475.0,9112.4189453125,6069800.0
2025-10-01,9550.0,9625.0,9300.0,9325.0,8968.1591796875,3535600.0
2025-10-02,9425.0,9625.0,9400.0,9500.0,9136.4619140625,2820900.0
2025-10-03,9525.0,9575.0,9400.0,9550.0,9184.548828125,2598800.0
2025-10-06,9550.0,9550.0,9400.0,9500.0,9136.4619140625,2234600.0
2025-10-07,9475.0,9475.0,9200.0,9200.0,8847.9423828125,4053100.0
2025-10-08,9200.0,9375.0,9150.0,9200.0,8847.9423828125,3003600.0
2025-10-09,9200.0,9325.0,9075.0,9100.0,8751.76953125,7056400.0
2025-10-10,9150.0,9175.0,8850.0,8850.0,8511.3359375,11183000.0
2025-10-13,8850.0,8925.0,8800.0,8800.0,8463.2490234375,4920500.0
2025-10-14,8900.0,8900.0,8475.0,8475.0,8150.68603515625,10863600.0
2025-10-15,8500.0,8750.0,8425.0,8675.0,8343.0322265625,9029700.0
2025-10-16,8700.0,9300.0,8650.0,9250.0,8896.029296875,10168600.0
2025-10-17,9300.0,9400.0,9025.0,9400.0,9040.2890625,8398300.0
2025-10-20,9425.0,9550.0,9275.0,9375.0,9016.2451171875,7951500.0
2025-10-21,9500.0,9500.0,9225.0,9275.0,8920.072265625,3346700.0
2025-10-22,9300.0,9325.0,8900.0,8900.0,8559.4228515625,7695400.0
2025-10-23,8900.0,8950.0,8725.0,8825.0,8487.29296875,14457700.0
2025-10-24,8850.0,8950.0,8800.0,8800.0,8463.2490234375,7447900.0
2025-10-27,8800.0,8975.0,8750.0,8850.0,8511.3359375,8921900.0
2025-10-28,8875.0,8925.0,8700.0,8775.0,8439.2060546875,12338900.0
2025-10-29,8800.0,8825.0,8650.0,8700.0,8367.076171875,16526500.0
2025-10-30,8700.0,8875.0,8700.0,8800.0,8463.2490234375,13885200.0
2025-10-31,8800.0,8850.0,8700.0,8700.0,8367.076171875,9693500.0
2025-11-03,8700.0,8700.0,8500.0,8500.0,8174.7294921875,14837200.0
2025-11-04,8500.0,8600.0,8475.0,8475.0,8150.68603515625,14071000.0
2025-11-05,8500.0,8700.0,8475.0,8700.0,8367.076171875,7693000.0
2025-11-06,8650.0,8675.0,8550.0,8575.0,8246.859375,15202700.0
2025-11-07,8550.0,8650.0,8550.0,8600.0,8270.90234375,5446000.0
2025-11-10,8700.0,8725.0,8600.0,8650.0,8318.9892578125,6371300.0
2025-11-11,8725.0,8725.0,8525.0,8550.0,8222.81640625,9738300.0
2025-11-12,8550.0,8675.0,8525.0,8525.0,8198.7724609375,7459700.0
2025-11-13,8525.0,8600.0,8475.0,8475.0,8150.68603515625,9366500.0
2025-11-14,8500.0,8550.0,8425.0,8425.0,8102.599609375,9077300.0
2025-11-17,8500.0,8700.0,8325.0,8375.0,8054.5126953125,21504300.0
2025-11-18,8375.0,8475.0,8325.0,8325.0,8006.42626953125,14213100.0
2025-11-19,8325.0,8525.0,8325.0,8400.0,8078.55615234375,20237100.0
2025-11-20,8500.0,8525.0,8325.0,8325.0,8006.42626953125,15336300.0
2025-11-21,8350.0,8400.0,8325.0,8350.0,8030.46923828125,9262700.0
2025-11-24,8350.0,8450.0,8200.0,8350.0,8030.46923828125,176275900.0
2025-11-25,8450.0,8600.0,8450.0,8575.0,8246.859375,36155100.0
2025-11-26,8625.0,8650.0,8525.0,8600.0,8270.90234375,19741000.0
2025-11-27,8600.0,8625.0,8500.0,8550.0,8222.81640625,17082500.0
2025-11-28,8575.0,8600.0,8425.0,8450.0,8126.642578125,8785500.0
2025-12-01,8425.0,8475.0,8400.0,8400.0,8078.55615234375,5346900.0
2025-12-02,8400.0,8425.0,8050.0,8100.0,7790.0361328125,43427600.0
2025-12-03,8100.0,8200.0,8100.0,8125.0,7814.07958984375,10525100.0
2025-12-04,8225.0,8250.0,8100.0,8200.0,7886.20947265625,13673600.0
2025-12-05,8200.0,8200.0,8050.0,8050.0,7741.94970703125,16859700.0
2025-12-08,8100.0,8200.0,8075.0,8075.0,7765.99267578125,11661200.0
2025-12-09,8100.0,8125.0,8000.0,8000.0,7693.86279296875,16634200.0
2025-12-10,8000.0,8075.0,8000.0,8025.0,7717.90625,8871000.0
2025-12-11,8050.0,8150.0,7950.0,8025.0,7717.90625,10206100.0
2025-12-12,8100.0,8100.0,7975.0,8075.0,7765.99267578125,8185400.0
2025-12-15,8225.0,8375.0,8075.0,8300.0,7982.3828125,15671200.0
2025-12-16,8325.0,8400.0,8225.0,8350.0,8030.46923828125,17355800.0
2025-12-17,8350.0,8400.0,8300.0,8325.0,8006.42626953125,5997500.0
2025-12-18,8325.0,8400.0,8200.0,8250.0,7934.2958984375,6171700.0
2025-12-19,8250.0,8425.0,8225.0,8425.0,8102.599609375,11114100.0
2025-12-22,8400.0,8400.0,8275.0,8350.0,8030.46923828125,6241200.0
2025-12-23,8350.0,8350.0,8225.0,8250.0,7934.2958984375,4615400.0
2025-12-24,8200.0,8275.0,8200.0,8250.0,7934.2958984375,1899500.0
2025-12-29,8250.0,8325.0,8125.0,8300.0,7982.3828125,6435900.0
2025-12-30,8250.0,8325.0,8175.0,8200.0,7886.20947265625,3807000.0
2026-01-02,8200.0,8225.0,8075.0,8075.0,7765.99267578125,4906200.0
2026-01-05,8100.0,8150.0,8000.0,8100.0,7790.0361328125,6465500.0
2026-01-06,8100.0,8175.0,8075.0,8100.0,7790.0361328125,6207700.0
2026-01-07,8100.0,8125.0,8000.0,8050.0,7741.94970703125,9501900.0
2026-01-08,8050.0,8125.0,8025.0,8025.0,7717.90625,10684500.0
2026-01-09,8050.0,8075.0,8000.0,8000.0,7693.86279296875,5016300.0
2026-01-12,8000.0,8025.0,7900.0,7900.0,7597.689453125,10239900.0
2026-01-13,7925.0,8000.0,7925.0,7975.0,7669.81982421875,3957300.0
2026-01-14,7975.0,8050.0,7950.0,7950.0,7645.7763671875,5323700.0
2026-01-15,8000.0,8100.0,7975.0,8050.0,7741.94970703125,5660000.0
2026-01-19,8050.0,8150.0,8025.0,8100.0,7790.0361328125,9458500.0
2026-01-20,8100.0,8200.0,8100.0,8125.0,7814.07958984375,4869500.0
2026-01-21,8125.0,8150.0,8025.0,8100.0,7790.0361328125,9619600.0
2026-01-22,8150.0,8400.0,8075.0,8325.0,8006.42626953125,13969100.0
2026-01-23,8325.0,8350.0,8175.0,8275.0,7958.33935546875,11745000.0
2026-01-26,8275.0,8450.0,8175.0,8400.0,8078.55615234375,11911100.0
2026-01-27,8400.0,8400.0,8125.0,8225.0,7910.2529296875,8344200.0
2026-01-28,8150.0,8150.0,7675.0,7775.0,7477.47314453125,21932000.0
2026-01-29,7700.0,7775.0,7225.0,7675.0,7381.2998046875,29324800.0
2026-01-30,7675.0,8125.0,7675.0,7950.0,7645.7763671875,18174200.0
2026-02-02,8075.0,8375.0,8025.0,8375.0,8054.5126953125,19372900.0
2026-02-03,8350.0,8600.0,8225.0,8575.0,8246.859375,17576700.0
2026-02-04,8575.0,8575.0,8300.0,8300.0,7982.3828125,9948300.0
2026-02-05,8300.0,8500.0,8300.0,8300.0,7982.3828125,7338300.0
2026-02-06,8250.0,8275.0,8000.0,8075.0,7765.99267578125,10290000.0
2026-02-09,8075.0,8175.0,7875.0,8075.0,7765.99267578125,13201700.0
2026-02-10,8125.0,8200.0,8100.0,8125.0,7814.07958984375,4255800.0
2026-02-11,8150.0,8250.0,8125.0,8175.0,7862.166015625,4709900.0
2026-02-12,8200.0,8250.0,8125.0,8200.0,7886.20947265625,2880200.0
2026-02-13,8200.0,8225.0,8075.0,8200.0,7886.20947265625,7720000.0
2026-02-18,8225.0,8250.0,8150.0,8200.0,7886.20947265625,4370200.0
2026-02-19,8200.0,8275.0,8100.0,8125.0,7814.07958984375,7449100.0
2026-02-20,8200.0,8225.0,8000.0,8025.0,7717.90625,12383500.0
2026-02-23,8050.0,8175.0,8050.0,8150.0,7838.123046875,6422300.0
2026-02-24,8150.0,8175.0,7950.0,7950.0,7645.7763671875,13392800.0
2026-02-25,8000.0,8075.0,7975.0,8025.0,7717.90625,4880000.0
2026-02-26,8025.0,8100.0,7875.0,7900.0,7597.689453125,11033700.0
2026-02-27,7950.0,8025.0,7850.0,7850.0,7549.60302734375,7916500.0
2026-03-02,7800.0,7825.0,7550.0,7600.0,7309.169921875,13451700.0
2026-03-03,7625.0,7800.0,7600.0,7700.0,7405.34326171875,5983700.0
2026-03-04,7700.0,7800.0,7200.0,7475.0,7188.953125,14354800.0
2026-03-05,7525.0,7650.0,7400.0,7475.0,7188.953125,6618400.0
2026-03-06,7475.0,7525.0,7400.0,7450.0,7164.90966796875,3343800.0
2026-03-09,7350.0,7350.0,7100.0,7125.0,6852.3466796875,11547600.0
2026-03-10,7275.0,7300.0,7200.0,7250.0,6972.5634765625,2522500.0
2026-03-11,7250.0,7325.0,7225.0,7250.0,6972.5634765625,3376700.0
2026-03-12,7250.0,7575.0,7225.0,7575.0,7285.12646484375,9775100.0
2026-03-13,7500.0,7525.0,7250.0,7250.0,6972.5634765625,4264700.0
2026-03-16,7325.0,7350.0,7075.0,7075.0,6804.26025390625,3602000.0
2026-03-17,7100.0,7325.0,7100.0,7100.0,6828.30322265625,5574000.0
2026-03-25,7125.0,7300.0,7125.0,7250.0,6972.5634765625,2837600.0
2026-03-26,7300.0,7375.0,7225.0,7275.0,6996.6064453125,2518000.0
2026-03-27,7275.0,7300.0,7100.0,7100.0,6828.30322265625,2839300.0
2026-03-30,7075.0,7225.0,7075.0,7225.0,6948.52001953125,2735600.0
2026-03-31,7325.0,7450.0,7150.0,7350.0,7068.736328125,10698900.0
2026-04-01,7350.0,7450.0,7275.0,7400.0,7116.8232421875,2712700.0
2026-04-02,7375.0,7475.0,7350.0,7375.0,7092.77978515625,3685000.0
2026-04-06,7375.0,7450.0,7250.0,7425.0,7140.86669921875,2031700.0
2026-04-07,7425.0,7425.0,7300.0,7325.0,7044.693359375,1337800.0
2026-04-08,7450.0,7550.0,7375.0,7525.0,7237.0400390625,2420400.0
2026-04-09,7525.0,7525.0,7400.0,7450.0,7164.90966796875,3881800.0
2026-04-10,7475.0,7475.0,7350.0,7375.0,7092.77978515625,3243900.0
2026-04-13,7375.0,7375.0,7200.0,7225.0,6948.52001953125,5113800.0
2026-04-14,7275.0,7300.0,7200.0,7225.0,6948.52001953125,4643000.0
2026-04-15,7250.0,7300.0,7200.0,7200.0,6924.4765625,6618700.0
2026-04-16,7250.0,7325.0,7225.0,7275.0,6996.6064453125,3765900.0
2026-04-17,7275.0,7300.0,7225.0,7300.0,7020.64990234375,2626700.0
2026-04-20,7275.0,7300.0,7175.0,7175.0,6900.43310546875,3932800.0
2026-04-21,7175.0,7200.0,7125.0,7150.0,6876.39013671875,3851300.0
2026-04-22,7175.0,7175.0,7050.0,7100.0,6828.30322265625,7957300.0
2026-04-23,7100.0,7150.0,7025.0,7075.0,6804.26025390625,6103600.0
2026-04-24,7075.0,7100.0,6825.0,6825.0,6563.82666015625,8562900.0
2026-04-27,6825.0,6925.0,6750.0,6900.0,6635.95654296875,4100900.0
2026-04-28,6900.0,6950.0,6750.0,6775.0,6515.740234375,5589600.0
2026-04-29,6775.0,6825.0,6700.0,6725.0,6467.6533203125,6155900.0
2026-04-30,6725.0,6775.0,6650.0,6775.0,6515.740234375,6568000.0
2026-05-04,6775.0,6875.0,6675.0,6800.0,6539.78369140625,6688000.0
2026-05-05,6775.0,6800.0,6700.0,6725.0,6467.6533203125,7234600.0
2026-05-06,6725.0,6850.0,6725.0,6800.0,6539.78369140625,6494900.0
2026-05-07,6900.0,7250.0,6875.0,7175.0,6900.43310546875,13524700.0
2026-05-08,7175.0,7250.0,7025.0,7050.0,6780.216796875,7207100.0
2026-05-11,7050.0,7175.0,6900.0,7100.0,6828.30322265625,5072900.0
2026-05-12,7100.0,7125.0,6850.0,6950.0,6684.04345703125,5044900.0
2026-05-13,6925.0,6925.0,6800.0,6825.0,6563.82666015625,4991500.0
2026-05-14,6825.0,6825.0,6825.0,6825.0,6563.82666015625,0.0
2026-05-15,6825.0,6825.0,6825.0,6825.0,6563.82666015625,0.0
2026-05-18,6825.0,6850.0,6725.0,6800.0,6539.78369140625,5351100.0
2026-05-19,6825.0,6850.0,6700.0,6725.0,6467.6533203125,4197400.0
2026-05-20,6725.0,6825.0,6700.0,6750.0,6491.69677734375,7512200.0
2026-05-21,6750.0,6800.0,6625.0,6675.0,6419.56689453125,6240200.0
2026-05-22,6675.0,6950.0,6575.0,6825.0,6563.82666015625,5072300.0
2026-05-25,6925.0,7150.0,6850.0,7100.0,6828.30322265625,6552500.0
2026-05-26,7100.0,7100.0,6875.0,6875.0,6611.91357421875,3354100.0
2026-05-27,6875.0,6875.0,6875.0,6875.0,6611.91357421875,0.0
2026-05-28,6875.0,6875.0,6875.0,6875.0,6611.91357421875,0.0
2026-05-29,6875.0,7100.0,6775.0,7100.0,6828.30322265625,5777900.0
2026-06-02,7100.0,7100.0,6750.0,6800.0,6539.78369140625,9456000.0
2026-06-03,6800.0,6825.0,6425.0,6525.0,6275.30712890625,9366000.0
2026-06-04,6550.0,6625.0,6375.0,6625.0,6371.48046875,8176900.0
2026-06-05,6625.0,6625.0,6400.0,6450.0,6203.1767578125,7736900.0
2026-06-08,6425.0,6425.0,6000.0,6000.0,5770.39697265625,3951800.0
2026-06-09,6000.0,6325.0,5925.0,6325.0,6082.96044921875,4113300.0
2026-06-10,6125.0,6325.0,6100.0,6250.0,6010.83056640625,10357600.0
2026-06-11,6250.0,6450.0,6175.0,6250.0,6010.83056640625,12389600.0
2026-06-12,6275.0,6450.0,6175.0,6350.0,6107.00390625,13984100.0
2026-06-15,6500.0,6700.0,6500.0,6600.0,6347.43701171875,9935600.0
2026-06-17,6600.0,6775.0,6500.0,6625.0,6371.48046875,5517400.0
2026-06-18,6625.0,6650.0,6500.0,6625.0,6371.48046875,4188900.0
2026-06-19,6550.0,6800.0,6500.0,6700.0,6443.6103515625,13041800.0
2026-06-22,6875.0,6875.0,6525.0,6575.0,6323.3935546875,2886500.0
2026-06-23,6575.0,6650.0,6475.0,6600.0,6347.43701171875,3657800.0
2026-06-24,6600.0,6700.0,6450.0,6500.0,6251.263671875,3799500.0
2026-06-25,6500.0,6825.0,6475.0,6725.0,6467.6533203125,5717300.0
2026-06-26,6725.0,6725.0,6550.0,6600.0,6347.43701171875,1870300.0
2026-06-29,6800.0,6875.0,6625.0,6650.0,6395.5234375,3793300.0
2026-06-30,6650.0,6875.0,6550.0,6800.0,6539.78369140625,8402500.0
2026-07-01,6800.0,6850.0,6750.0,6800.0,6539.78369140625,4211000.0
2026-07-02,6800.0,6800.0,6725.0,6750.0,6491.69677734375,1095800.0
2026-07-03,6750.0,7050.0,6750.0,6950.0,6684.04345703125,4350800.0
2026-07-06,6950.0,7000.0,6900.0,6925.0,6660.0,2710500.0
2026-07-07,6850.0,6850.0,6675.0,6725.0,6725.0,1799300.0
2026-07-08,6725.0,6750.0,6625.0,6625.0,6625.0,1316000.0
2026-07-09,6625.0,6675.0,6575.0,6675.0,6675.0,2586500.0
2026-07-10,6675.0,6675.0,6600.0,6650.0,6650.0,1048800.0
2026-07-13,6650.0,6675.0,6575.0,6625.0,6625.0,1627400.0
2026-07-14,6625.0,6675.0,6575.0,6650.0,6650.0,2030800.0
2026-07-15,6650.0,6650.0,6600.0,6600.0,6600.0,1502200.0
2026-07-16,6625.0,6700.0,6600.0,6700.0,6700.0,1186500.0
2026-07-17,6775.0,6850.0,6625.0,6850.0,6850.0,3779700.0
2026-07-20,6850.0,6950.0,6850.0,6900.0,6900.0,3538400.0
2026-07-21,6950.0,7025.0,6850.0,7000.0,7000.0,3888200.0
2026-07-22,7000.0,7100.0,6975.0,7075.0,7075.0,4595100.0
2026-07-23,7075.0,7125.0,7025.0,7125.0,7125.0,5277300.0
2026-07-24,7100.0,7100.0,6900.0,6975.0,6975.0,3966600.0
2026-07-27,6975.0,7050.0,6875.0,6950.0,6950.0,1978400.0
2026-07-28,6975.0,7025.0,6900.0,6950.0,6950.0,3002700.0
2026-07-29,6950.0,7000.0,6900.0,6950.0,6950.0,1554100.0
2026-07-30,6950.0,7075.0,6950.0,7025.0,7025.0,2459800.0
2026-07-31,7050.0,7050.0,6950.0,6975.0,6975.0,2245400.0
2026-08-03,7125.0,7200.0,7000.0,7200.0,7200.0,6342500.0
2026-08-04,7200.0,7250.0,7150.0,7175.0,7175.0,3618500.0
2026-08-05,7225.0,7400.0,7225.0,7300.0,7300.0,5071600.0
2026-08-06,7300.0,7525.0,7300.0,7450.0,7450.0,6652200.0
2026-08-07,7475.0,7750.0,7450.0,7750.0,7750.0,10181700.0
2026-08-10,7775.0,7800.0,7525.0,7600.0,7600.0,6810700.0
2026-08-11,7600.0,7625.0,7500.0,7575.0,7575.0,2946500.0
2026-08-12,7525.0,7575.0,7475.0,7550.0,7550.0,2882200.0
2026-08-13,7550.0,7650.0,7450.0,7550.0,7550.0,3348500.0
2026-08-14,7625.0,7650.0,7575.0,7600.0,7600.0,3782100.0
2026-08-18,7600.0,7700.0,7550.0,7625.0,7625.0,3579400.0
2026-08-19,7650.0,7750.0,7625.0,7675.0,7675.0,2160100.0
2026-08-20,7700.0,7725.0,7625.0,7700.0,7700.0,3523100.0
2026-08-21,7675.0,7700.0,7600.0,7625.0,7625.0,2480400.0
2026-08-24,7650.0,7750.0,7600.0,7750.0,7750.0,3562400.0
2026-08-26,7750.0,7925.0,7675.0,7850.0,7850.0,10588000.0
2026-08-27,7825.0,8000.0,7775.0,7950.0,7950.0,7535100.0
2026-08-28,7950.0,7975.0,7900.0,7950.0,7950.0,3700600.0
2026-08-31,7950.0,7950.0,7300.0,7600.0,7600.0,11298400.0
2026-09-01,7650.0,7675.0,7375.0,7375.0,7375.0,8792900.0
2026-09-02,7400.0,7450.0,7250.0,7375.0,7375.0,6945900.0
2026-09-03,7325.0,7400.0,7250.0,7375.0,7375.0,5230500.0
2026-09-04,7375.0,7400.0,7250.0,7275.0,7275.0,6086500.0
2026-09-07,7675.0,7675.0,7250.0,7250.0,7250.0,6982400.0
2026-09-08,7275.0,7325.0,7175.0,7200.0,7200.0,10089400.0
2026-09-09,7225.0,7250.0,7125.0,7200.0,7200.0,7180200.0
2026-09-10,7225.0,7250.0,7175.0,7175.0,7175.0,3613500.0
2026-09-11,7175.0,7175.0,7100.0,7125.0,7125.0,2205300.0
2026-09-14,7125.0,7150.0,7025.0,7125.0,7125.0,3026600.0
2026-09-15,7150.0,7150.0,6850.0,6900.0,6900.0,10118100.0
2026-09-16,6900.0,7025.0,6800.0,7025.0,7025.0,3961900.0
2026-09-17,7000.0,7025.0,6900.0,6950.0,6950.0,2555300.0
2026-09-18,6950.0,6975.0,6825.0,6900.0,6900.0,7167000.0
2026-09-21,6925.0,6925.0,6775.0,6800.0,6800.0,3673700.0
2026-09-22,6825.0,6875.0,6650.0,6650.0,6650.0,5892900.0
