Date,Open,High,Low,Close,Adj Close,Volume
2016-09-22,8625.0,8750.0,8550.0,8675.0,5919.1357421875,9009000
2016-09-23,8750.0,8925.0,8700.0,8875.0,6055.60009765625,14196400
2016-09-26,8800.0,8800.0,8650.0,8750.0,5970.31005859375,7288300
2016-09-27,8650.0,9125.0,8625.0,9125.0,6226.18115234375,11017200
2016-09-28,8825.0,9100.0,8825.0,9000.0,6140.89111328125,15543200
2016-09-29,9050.0,9200.0,9050.0,9150.0,6243.23876953125,8495200
2016-09-30,9100.0,9125.0,8700.0,8700.0,5936.193359375,12719500
2016-10-03,8825.0,9175.0,8825.0,9150.0,6243.23876953125,7491600
2016-10-04,9200.0,9200.0,8925.0,8925.0,6089.71630859375,6970100
2016-10-05,8875.0,8900.0,8700.0,8900.0,6072.658203125,5222100
2016-10-06,8825.0,8975.0,8800.0,8900.0,6072.658203125,4708900
2016-10-07,8975.0,8975.0,8825.0,8900.0,6072.658203125,2914700
2016-10-10,8975.0,8975.0,8700.0,8725.0,5953.25244140625,3208900
2016-10-11,8900.0,8950.0,8700.0,8925.0,6089.71630859375,11488300
2016-10-12,8900.0,8950.0,8800.0,8925.0,6089.71630859375,4556800
2016-10-13,8825.0,8900.0,8700.0,8700.0,5936.193359375,5373200
2016-10-14,8750.0,8875.0,8600.0,8825.0,6021.484375,8629900
2016-10-17,8700.0,8800.0,8625.0,8625.0,5885.01904296875,6431000
2016-10-18,8600.0,8700.0,8550.0,8650.0,5902.07763671875,8060300
2016-10-19,8625.0,8650.0,8525.0,8550.0,5833.84619140625,8421500
2016-10-20,8550.0,8625.0,8475.0,8600.0,5867.9619140625,20371700
2016-10-21,8625.0,8800.0,8600.0,8725.0,5953.25244140625,11929900
2016-10-24,8750.0,8775.0,8725.0,8725.0,5953.25244140625,6274400
2016-10-25,8750.0,8750.0,8525.0,8525.0,5816.7880859375,7269400
2016-10-26,8525.0,8575.0,8400.0,8525.0,5816.7880859375,11709800
2016-10-27,8550.0,8625.0,8450.0,8625.0,5885.01904296875,6210800
2016-10-28,8650.0,8650.0,8500.0,8525.0,5816.7880859375,8609600
2016-10-31,8575.0,8600.0,8500.0,8500.0,5799.73046875,8062100
2016-11-01,8525.0,8525.0,8425.0,8500.0,5799.73046875,6441900
2016-11-02,8500.0,8500.0,8425.0,8450.0,5765.61376953125,4306400
2016-11-03,8475.0,8500.0,8150.0,8200.0,5595.033203125,11030000
2016-11-04,8275.0,8275.0,8050.0,8175.0,5577.97607421875,8128400
2016-11-07,8175.0,8225.0,8100.0,8150.0,5560.91748046875,13029600
2016-11-08,8225.0,8425.0,8225.0,8375.0,5714.43896484375,12279900
2016-11-09,8450.0,8450.0,8075.0,8200.0,5595.033203125,14384200
2016-11-10,8300.0,8350.0,8250.0,8300.0,5663.265625,13305400
2016-11-11,8200.0,8200.0,7675.0,7675.0,5236.81494140625,16300600
2016-11-14,7550.0,7775.0,7225.0,7600.0,5185.64111328125,29160300
2016-11-15,7700.0,7775.0,7500.0,7600.0,5185.64111328125,15813900
2016-11-16,7700.0,7850.0,7650.0,7700.0,5253.873046875,13864800
2016-11-17,7750.0,7825.0,7625.0,7825.0,5339.1630859375,6190200
2016-11-18,7700.0,7800.0,7650.0,7775.0,5305.04638671875,7473300
2016-11-21,7650.0,7800.0,7625.0,7800.0,5322.10498046875,11781400
2016-11-22,7700.0,7800.0,7600.0,7700.0,5253.873046875,13076500
2016-11-23,7725.0,7750.0,7575.0,7700.0,5253.873046875,12067000
2016-11-24,7650.0,7675.0,7425.0,7450.0,5083.29248046875,10919500
2016-11-25,7400.0,7525.0,7350.0,7425.0,5066.23388671875,4395000
2016-11-28,7475.0,7475.0,7225.0,7325.0,4998.00244140625,5872600
2016-11-29,7375.0,7550.0,7375.0,7525.0,5134.466796875,5857700
2016-11-30,7575.0,7700.0,7500.0,7575.0,5168.58251953125,43279600
2016-12-01,7625.0,7725.0,7625.0,7700.0,5253.873046875,12731500
2016-12-02,7700.0,7700.0,7375.0,7450.0,5083.29248046875,29875200
2016-12-05,7500.0,7575.0,7450.0,7525.0,5134.466796875,12187400
2016-12-06,7575.0,7625.0,7500.0,7500.0,5117.408203125,7695100
2016-12-07,7500.0,7900.0,7500.0,7875.0,5373.27880859375,19907700
2016-12-08,7875.0,8100.0,7750.0,8100.0,5526.80126953125,13527300
2016-12-09,8000.0,8100.0,7950.0,8050.0,5492.68505859375,4342800
2016-12-13,8050.0,8125.0,7925.0,8125.0,5543.859375,12477200
2016-12-14,8075.0,8100.0,7900.0,7975.0,5441.51123046875,7594000
2016-12-15,7900.0,7975.0,7825.0,7975.0,5441.51123046875,3768900
2016-12-16,7825.0,7975.0,7750.0,7750.0,5287.98974609375,8485200
2016-12-19,7800.0,7925.0,7700.0,7700.0,5253.873046875,3746100
2016-12-20,7650.0,7750.0,7575.0,7625.0,5202.69921875,3404200
2016-12-21,7500.0,7650.0,7375.0,7375.0,5032.1181640625,9314500
2016-12-22,7375.0,7425.0,7200.0,7250.0,4946.828125,5084100
2016-12-23,7200.0,7400.0,7200.0,7275.0,4963.88623046875,6158300
2016-12-27,7300.0,7650.0,7300.0,7650.0,5219.7568359375,4380100
2016-12-28,7700.0,7775.0,7625.0,7625.0,5202.69921875,4977800
2016-12-29,7550.0,7925.0,7550.0,7850.0,5356.22119140625,11993900
2016-12-30,8000.0,8000.0,7850.0,7925.0,5407.39501953125,8171400
2017-01-02,7925.0,7925.0,7925.0,7925.0,5407.39501953125,0
2017-01-03,7975.0,7975.0,7725.0,7725.0,5270.93115234375,5389900
2017-01-04,7800.0,7850.0,7750.0,7800.0,5322.10498046875,4002000
2017-01-05,7775.0,8000.0,7775.0,8000.0,5458.5693359375,6301900
2017-01-06,8000.0,8075.0,7950.0,8025.0,5475.6279296875,5791100
2017-01-09,8000.0,8025.0,7800.0,7825.0,5339.1630859375,8242700
2017-01-10,7800.0,7975.0,7700.0,7975.0,5441.51123046875,3999400
2017-01-11,7950.0,7950.0,7850.0,7950.0,5424.45361328125,5501200
2017-01-12,7825.0,7900.0,7825.0,7875.0,5373.27880859375,4348600
2017-01-13,7825.0,7875.0,7750.0,7875.0,5373.27880859375,5265200
2017-01-16,7900.0,7900.0,7800.0,7800.0,5322.10498046875,3164200
2017-01-17,7800.0,7925.0,7800.0,7800.0,5322.10498046875,2975800
2017-01-18,7850.0,7975.0,7850.0,7950.0,5424.45361328125,6164100
2017-01-19,8000.0,8050.0,7950.0,8025.0,5475.6279296875,15221600
2017-01-20,8025.0,8050.0,7925.0,8050.0,5492.68505859375,5446100
2017-01-23,8050.0,8100.0,7975.0,8100.0,5526.80126953125,5644600
2017-01-24,8125.0,8150.0,7975.0,8000.0,5458.5693359375,5629400
2017-01-25,8000.0,8050.0,7925.0,8000.0,5458.5693359375,5232200
2017-01-26,8075.0,8075.0,7950.0,8000.0,5458.5693359375,3434400
2017-01-27,7950.0,8050.0,7925.0,8000.0,5458.5693359375,4757000
2017-01-30,7925.0,8000.0,7800.0,7800.0,5322.10498046875,6930900
2017-01-31,7900.0,8000.0,7850.0,7925.0,5407.39501953125,5304400
2017-02-01,7975.0,8025.0,7925.0,7925.0,5407.39501953125,6561800
2017-02-02,7900.0,8000.0,7875.0,7925.0,5407.39501953125,12175000
2017-02-03,8000.0,8000.0,7875.0,7875.0,5373.27880859375,10019500
2017-02-06,7875.0,7975.0,7875.0,7950.0,5424.45361328125,4396800
2017-02-07,7900.0,7975.0,7900.0,7925.0,5407.39501953125,5169800
2017-02-08,7900.0,8000.0,7900.0,7950.0,5424.45361328125,5632300
2017-02-09,8050.0,8050.0,7900.0,7950.0,5424.45361328125,13166700
2017-02-10,7950.0,8025.0,7950.0,8000.0,5458.5693359375,4119300
2017-02-13,8050.0,8050.0,7950.0,8000.0,5458.5693359375,9040100
2017-02-14,8000.0,8025.0,7950.0,7975.0,5441.51123046875,8175600
2017-02-15,7975.0,7975.0,7975.0,7975.0,5441.51123046875,0
2017-02-16,8025.0,8125.0,8000.0,8000.0,5458.5693359375,7016400
2017-02-17,8000.0,8075.0,7950.0,8000.0,5458.5693359375,2499100
2017-02-20,7975.0,8150.0,7975.0,8125.0,5543.859375,3241000
2017-02-21,8125.0,8200.0,8100.0,8150.0,5560.91748046875,8230600
2017-02-22,8150.0,8200.0,8075.0,8125.0,5543.859375,12770300
2017-02-23,8125.0,8125.0,8000.0,8075.0,5509.74365234375,4173100
2017-02-24,7975.0,8150.0,7975.0,8100.0,5526.80126953125,3257300
2017-02-27,8100.0,8100.0,7975.0,7975.0,5441.51123046875,3414400
2017-02-28,7950.0,8125.0,7950.0,8125.0,5543.859375,7012500
2017-03-01,8150.0,8175.0,8000.0,8000.0,5458.5693359375,7024400
2017-03-02,8100.0,8150.0,8025.0,8025.0,5475.6279296875,6605000
2017-03-03,8100.0,8100.0,8000.0,8050.0,5492.68505859375,5377900
2017-03-06,8050.0,8100.0,8025.0,8075.0,5509.74365234375,3315200
2017-03-07,8050.0,8075.0,7975.0,8025.0,5475.6279296875,3497600
2017-03-08,7975.0,8050.0,7950.0,7975.0,5441.51123046875,3772200
2017-03-09,7925.0,8000.0,7925.0,8000.0,5458.5693359375,2017800
2017-03-10,8050.0,8050.0,7875.0,7925.0,5407.39501953125,4617900
2017-03-13,7925.0,8000.0,7875.0,7950.0,5424.45361328125,1300000
2017-03-14,7875.0,8000.0,7875.0,7925.0,5407.39501953125,17856800
2017-03-15,7925.0,8075.0,7925.0,7975.0,5441.51123046875,6909400
2017-03-16,8050.0,8375.0,8050.0,8300.0,5663.265625,15511000
2017-03-17,8375.0,8525.0,8275.0,8325.0,5680.322265625,17094300
2017-03-20,8325.0,8325.0,8100.0,8175.0,5577.97607421875,6339500
2017-03-21,8225.0,8225.0,8000.0,8125.0,5543.859375,9418800
2017-03-22,8075.0,8100.0,7975.0,8100.0,5526.80126953125,14244800
2017-03-23,8100.0,8150.0,8025.0,8075.0,5509.74365234375,5941800
2017-03-24,8200.0,8300.0,8025.0,8050.0,5492.68505859375,14880900
2017-03-27,8125.0,8125.0,7950.0,7950.0,5424.45361328125,9061400
2017-03-29,8050.0,8150.0,7950.0,8000.0,5458.5693359375,18234400
2017-03-30,8025.0,8050.0,7950.0,8000.0,5458.5693359375,7205400
2017-03-31,8025.0,8025.0,7950.0,8000.0,5458.5693359375,10022300
2017-04-03,7950.0,8075.0,7950.0,8000.0,5458.5693359375,5892000
2017-04-04,8050.0,8100.0,7975.0,8075.0,5509.74365234375,8092000
2017-04-05,8100.0,8100.0,7925.0,7975.0,5441.51123046875,13999200
2017-04-06,8025.0,8025.0,7950.0,8000.0,5458.5693359375,4195500
2017-04-07,7950.0,8000.0,7925.0,7975.0,5441.51123046875,7729500
2017-04-10,7975.0,8000.0,7925.0,7975.0,5441.51123046875,6438400
2017-04-11,7950.0,8000.0,7950.0,7975.0,5441.51123046875,9772700
2017-04-12,7975.0,8075.0,7925.0,7975.0,5441.51123046875,4027900
2017-04-13,8000.0,8000.0,7925.0,7975.0,5441.51123046875,3379400
2017-04-17,7950.0,8000.0,7925.0,7975.0,5441.51123046875,5392700
2017-04-18,7975.0,8000.0,7950.0,7950.0,5424.45361328125,5197600
2017-04-19,7950.0,7950.0,7950.0,7950.0,5424.45361328125,0
2017-04-20,7925.0,8000.0,7925.0,7950.0,5424.45361328125,4689400
2017-04-21,7925.0,8100.0,7925.0,8025.0,5475.6279296875,5063500
2017-04-25,8100.0,8125.0,8025.0,8100.0,5526.80126953125,7333600
2017-04-26,8125.0,8175.0,8075.0,8125.0,5543.859375,9944100
2017-04-27,8225.0,8500.0,8200.0,8450.0,5765.61376953125,63743900
2017-04-28,8525.0,8525.0,8350.0,8375.0,5714.43896484375,14963600
2017-05-02,8325.0,8500.0,8300.0,8425.0,5748.55517578125,13445900
2017-05-03,8500.0,8550.0,8400.0,8475.0,5782.67138671875,22302800
2017-05-04,8475.0,8525.0,8425.0,8475.0,5782.67138671875,17737700
2017-05-05,8500.0,8500.0,8400.0,8475.0,5782.67138671875,7505100
2017-05-08,8500.0,8575.0,8425.0,8450.0,5765.61376953125,13372200
2017-05-09,8525.0,8525.0,8450.0,8475.0,5782.67138671875,7634800
2017-05-10,8500.0,8525.0,8325.0,8400.0,5731.498046875,7460500
2017-05-12,8300.0,8500.0,8300.0,8475.0,5782.67138671875,6216200
2017-05-15,8475.0,8500.0,8400.0,8475.0,5782.67138671875,3717300
2017-05-16,8525.0,8525.0,8375.0,8375.0,5714.43896484375,7650800
2017-05-17,8350.0,8500.0,8325.0,8475.0,5782.67138671875,14161700
2017-05-18,8350.0,8500.0,8325.0,8450.0,5765.61376953125,17968600
2017-05-19,8450.0,9000.0,8400.0,8650.0,5902.07763671875,12826900
2017-05-22,8775.0,8800.0,8575.0,8700.0,5936.193359375,22704000
2017-05-23,8725.0,8800.0,8650.0,8800.0,6004.42724609375,16512000
2017-05-24,8600.0,8800.0,8600.0,8800.0,6004.42724609375,13258200
2017-05-26,8725.0,8800.0,8650.0,8750.0,5970.31005859375,10230300
2017-05-29,8800.0,8850.0,8700.0,8850.0,6038.54150390625,2667300
2017-05-30,8900.0,8925.0,8750.0,8775.0,5987.36865234375,9242600
2017-05-31,8775.0,8775.0,8650.0,8750.0,5970.31005859375,13099200
2017-06-01,8750.0,8750.0,8750.0,8750.0,5970.31005859375,0
2017-06-02,8850.0,8850.0,8700.0,8825.0,6021.484375,7398200
2017-06-05,8875.0,8900.0,8800.0,8875.0,6055.60009765625,4884500
2017-06-06,8925.0,8950.0,8875.0,8875.0,6055.60009765625,7211900
2017-06-07,8875.0,8950.0,8875.0,8925.0,6089.71630859375,3348100
2017-06-08,8925.0,8950.0,8550.0,8600.0,5867.9619140625,44088100
2017-06-09,8600.0,8600.0,8450.0,8500.0,5799.73046875,27551100
2017-06-12,8400.0,8500.0,8325.0,8475.0,5947.0908203125,11935200
2017-06-13,8475.0,8550.0,8450.0,8475.0,5947.0908203125,14432200
2017-06-14,8500.0,8550.0,8425.0,8550.0,5999.720703125,20291100
2017-06-15,8550.0,8550.0,8475.0,8500.0,5964.63427734375,16345000
2017-06-16,8500.0,8525.0,8325.0,8325.0,5841.83251953125,16091100
2017-06-19,8400.0,8425.0,8300.0,8325.0,5841.83251953125,11059000
2017-06-20,8375.0,8525.0,8350.0,8500.0,5964.63427734375,9129900
2017-06-21,8450.0,8550.0,8400.0,8500.0,5964.63427734375,7901700
2017-06-22,8450.0,8625.0,8450.0,8600.0,6034.806640625,13105900
2017-06-23,8600.0,8600.0,8600.0,8600.0,6034.806640625,0
2017-06-26,8600.0,8600.0,8600.0,8600.0,6034.806640625,0
2017-06-27,8600.0,8600.0,8600.0,8600.0,6034.806640625,0
2017-06-28,8600.0,8600.0,8600.0,8600.0,6034.806640625,0
2017-06-29,8600.0,8600.0,8600.0,8600.0,6034.806640625,0
2017-06-30,8600.0,8600.0,8600.0,8600.0,6034.806640625,0
2017-07-03,8650.0,8775.0,8600.0,8775.0,6157.6083984375,13126900
2017-07-04,8700.0,8750.0,8675.0,8750.0,6140.06494140625,11112700
2017-07-05,8750.0,8750.0,8550.0,8750.0,6140.06494140625,8292900
2017-07-06,8750.0,8750.0,8650.0,8750.0,6140.06494140625,4677100
2017-07-07,8750.0,8750.0,8625.0,8750.0,6140.06494140625,7710200
2017-07-10,8750.0,8750.0,8575.0,8600.0,6034.806640625,4205200
2017-07-11,8675.0,8675.0,8550.0,8675.0,6087.43505859375,5029200
2017-07-12,8650.0,8700.0,8550.0,8700.0,6104.978515625,7133400
2017-07-13,8750.0,8800.0,8700.0,8750.0,6140.06494140625,9377600
2017-07-14,8750.0,8800.0,8650.0,8775.0,6157.6083984375,4365900
2017-07-17,8800.0,8800.0,8650.0,8775.0,6157.6083984375,4656000
2017-07-18,8775.0,8775.0,8675.0,8775.0,6157.6083984375,3183700
2017-07-19,8750.0,8750.0,8625.0,8675.0,6087.43505859375,5206000
2017-07-20,8675.0,8775.0,8675.0,8775.0,6157.6083984375,2737900
2017-07-21,8800.0,8800.0,8500.0,8575.0,6017.26318359375,7429900
2017-07-24,8500.0,8725.0,8475.0,8725.0,6122.52294921875,4864600
2017-07-25,8725.0,8725.0,8575.0,8725.0,6122.52294921875,6022900
2017-07-26,8625.0,8725.0,8550.0,8625.0,6052.34912109375,4887700
2017-07-27,8675.0,8675.0,8525.0,8600.0,6034.806640625,4113200
2017-07-28,8500.0,8625.0,8450.0,8600.0,6034.806640625,7315500
2017-07-31,8500.0,8600.0,8250.0,8375.0,5876.9189453125,12752100
2017-08-01,8400.0,8450.0,8225.0,8300.0,5824.2900390625,9058200
2017-08-02,8275.0,8350.0,8250.0,8300.0,5824.2900390625,4753300
2017-08-03,8300.0,8350.0,8225.0,8250.0,5789.2041015625,6708500
2017-08-04,8225.0,8325.0,8175.0,8225.0,5771.662109375,6600200
2017-08-07,8250.0,8350.0,8150.0,8200.0,5754.11767578125,6799900
2017-08-08,8200.0,8400.0,8200.0,8400.0,5894.46240234375,4036400
2017-08-09,8325.0,8400.0,8200.0,8400.0,5894.46240234375,7303600
2017-08-10,8450.0,8475.0,8275.0,8450.0,5929.54833984375,3290400
2017-08-11,8425.0,8425.0,8225.0,8250.0,5789.2041015625,6379900
2017-08-14,8325.0,8350.0,8250.0,8250.0,5789.2041015625,2446300
2017-08-15,8300.0,8350.0,8225.0,8325.0,5841.83251953125,2245000
2017-08-16,8275.0,8375.0,8275.0,8375.0,5876.9189453125,4965000
2017-08-17,8375.0,8375.0,8375.0,8375.0,5876.9189453125,0
2017-08-18,8300.0,8450.0,8300.0,8400.0,5894.46240234375,3986300
2017-08-21,8300.0,8375.0,8275.0,8300.0,5824.2900390625,3944700
2017-08-22,8400.0,8400.0,8300.0,8325.0,5841.83251953125,4511500
2017-08-23,8375.0,8375.0,8275.0,8350.0,5859.37646484375,4373400
2017-08-24,8275.0,8425.0,8275.0,8400.0,5894.46240234375,4660700
2017-08-25,8400.0,8600.0,8400.0,8600.0,6034.806640625,6548800
2017-08-28,8600.0,8625.0,8500.0,8625.0,6052.34912109375,1562800
2017-08-29,8625.0,8700.0,8525.0,8675.0,6087.43505859375,3673100
2017-08-30,8675.0,8700.0,8550.0,8675.0,6087.43505859375,5397500
2017-08-31,8650.0,8650.0,8375.0,8375.0,5876.9189453125,7684600
2017-09-01,8375.0,8375.0,8375.0,8375.0,5876.9189453125,0
2017-09-04,8400.0,8450.0,8350.0,8375.0,5876.9189453125,4531000
2017-09-05,8375.0,8400.0,8275.0,8375.0,5876.9189453125,3513700
2017-09-06,8375.0,8400.0,8300.0,8375.0,5876.9189453125,4532000
2017-09-07,8350.0,8550.0,8325.0,8525.0,5982.17724609375,4356300
2017-09-08,8550.0,8675.0,8525.0,8650.0,6069.892578125,5785600
2017-09-11,8650.0,8700.0,8575.0,8600.0,6034.806640625,3978600
2017-09-12,8650.0,8700.0,8575.0,8700.0,6104.978515625,4194200
2017-09-13,8700.0,8700.0,8575.0,8575.0,6017.26318359375,2842700
2017-09-14,8550.0,8575.0,8500.0,8525.0,5982.17724609375,4132100
2017-09-15,8525.0,8575.0,8425.0,8500.0,5964.63427734375,11066600
2017-09-18,8500.0,8600.0,8450.0,8475.0,5947.0908203125,3842600
2017-09-19,8475.0,8600.0,8400.0,8575.0,6017.26318359375,7630800
2017-09-20,8550.0,8725.0,8500.0,8725.0,6122.52294921875,6021600
2017-09-21,8725.0,8725.0,8725.0,8725.0,6122.52294921875,0
2017-09-22,8750.0,8750.0,8525.0,8525.0,5982.17724609375,9517400
2017-09-25,8525.0,8625.0,8525.0,8625.0,6052.34912109375,2846600
2017-09-26,8600.0,8600.0,8475.0,8525.0,5982.17724609375,5980400
2017-09-27,8550.0,8550.0,8450.0,8550.0,5999.720703125,7354500
2017-09-28,8575.0,8575.0,8400.0,8400.0,5894.46240234375,6959900
2017-09-29,8425.0,8575.0,8425.0,8425.0,5912.00537109375,7300700
2017-10-02,8450.0,8550.0,8450.0,8550.0,5999.720703125,3636400
2017-10-03,8550.0,8675.0,8500.0,8600.0,6034.806640625,7394100
2017-10-04,8675.0,8675.0,8525.0,8600.0,6034.806640625,2437300
2017-10-05,8600.0,8625.0,8425.0,8425.0,5912.00537109375,10440500
2017-10-06,8425.0,8500.0,8400.0,8400.0,5894.46240234375,5878000
2017-10-09,8400.0,8425.0,8325.0,8400.0,5894.46240234375,9358800
2017-10-10,8400.0,8425.0,8350.0,8425.0,5912.00537109375,5187400
2017-10-11,8400.0,8425.0,8275.0,8375.0,5876.9189453125,9194200
2017-10-12,8350.0,8450.0,8350.0,8400.0,5894.46240234375,7717900
2017-10-13,8400.0,8400.0,8325.0,8325.0,5841.83251953125,17438600
2017-10-16,8325.0,8375.0,8250.0,8325.0,5841.83251953125,6637200
2017-10-17,8325.0,8350.0,8200.0,8250.0,5789.2041015625,7392100
2017-10-18,8250.0,8325.0,8175.0,8325.0,5841.83251953125,5620100
2017-10-19,8325.0,8325.0,8150.0,8150.0,5719.0322265625,6156900
2017-10-20,8225.0,8300.0,8175.0,8225.0,5771.662109375,3576900
2017-10-23,8250.0,8400.0,8250.0,8350.0,5859.37646484375,4812800
2017-10-24,8400.0,8450.0,8325.0,8400.0,5894.46240234375,5353100
2017-10-25,8350.0,8475.0,8350.0,8475.0,5947.0908203125,4369200
2017-10-26,8450.0,8500.0,8225.0,8475.0,5947.0908203125,11333500
2017-10-27,8475.0,8475.0,8250.0,8250.0,5789.2041015625,6246400
2017-10-30,8325.0,8325.0,8150.0,8150.0,5719.0322265625,6944500
2017-10-31,8300.0,8300.0,8200.0,8200.0,5754.11767578125,6001300
2017-11-01,8275.0,8300.0,8200.0,8200.0,5754.11767578125,5341700
2017-11-02,8175.0,8325.0,8100.0,8100.0,5683.9453125,6435600
2017-11-03,8150.0,8250.0,8100.0,8225.0,5771.662109375,5582300
2017-11-06,8250.0,8250.0,8175.0,8200.0,5754.11767578125,4338100
2017-11-07,8225.0,8225.0,8025.0,8125.0,5701.4892578125,13398500
2017-11-08,8125.0,8150.0,8050.0,8075.0,5666.40234375,5650000
2017-11-09,8100.0,8100.0,7950.0,7950.0,5578.68798828125,11225200
2017-11-10,8050.0,8100.0,8000.0,8025.0,5631.3173828125,10264200
2017-11-13,8025.0,8075.0,7950.0,7950.0,5578.68798828125,6142600
2017-11-14,8000.0,8050.0,7950.0,7950.0,5578.68798828125,2857300
2017-11-15,8000.0,8025.0,7875.0,7875.0,5526.05859375,4615700
2017-11-16,7850.0,7900.0,7750.0,7750.0,5438.34375,10602100
2017-11-17,7775.0,7925.0,7750.0,7800.0,5473.42919921875,13645600
2017-11-20,7875.0,7975.0,7800.0,7800.0,5473.42919921875,9330600
2017-11-21,7775.0,7825.0,7700.0,7725.0,5420.80029296875,9885300
2017-11-22,7675.0,7800.0,7675.0,7725.0,5420.80029296875,7497000
2017-11-23,7775.0,7900.0,7725.0,7800.0,5473.42919921875,10216400
2017-11-24,7750.0,7775.0,7675.0,7700.0,5403.25732421875,9343400
2017-11-27,7750.0,7825.0,7700.0,7825.0,5490.97314453125,12473100
2017-11-28,7850.0,7850.0,7650.0,7700.0,5403.25732421875,14653400
2017-11-29,7700.0,7750.0,7600.0,7600.0,5333.0849609375,11133500
2017-11-30,7550.0,7675.0,7325.0,7325.0,5140.111328125,27027000
2017-12-01,7325.0,7325.0,7325.0,7325.0,5140.111328125,0
2017-12-04,7500.0,7525.0,7300.0,7300.0,5122.56884765625,14221600
2017-12-05,7400.0,7400.0,7275.0,7300.0,5122.56884765625,13366800
2017-12-06,7350.0,7400.0,7300.0,7325.0,5140.111328125,8356500
2017-12-07,7300.0,7400.0,7300.0,7325.0,5140.111328125,8866800
2017-12-08,7400.0,7425.0,7300.0,7375.0,5175.197265625,9393400
2017-12-11,7400.0,7425.0,7350.0,7375.0,5175.197265625,6757400
2017-12-12,7350.0,7400.0,7275.0,7350.0,5157.65478515625,12214700
2017-12-13,7350.0,7475.0,7325.0,7475.0,5245.3701171875,18456700
2017-12-14,7475.0,7675.0,7475.0,7525.0,5280.4560546875,15601800
2017-12-15,7525.0,7525.0,7400.0,7450.0,5227.8271484375,16750900
2017-12-18,7400.0,7500.0,7375.0,7500.0,5262.9130859375,9181300
2017-12-19,7500.0,7700.0,7475.0,7650.0,5368.17138671875,15706100
2017-12-20,7650.0,7700.0,7425.0,7550.0,5297.99853515625,14606300
2017-12-21,7525.0,7600.0,7475.0,7600.0,5333.0849609375,10857700
2017-12-22,7600.0,7625.0,7575.0,7625.0,5350.6279296875,4686000
2017-12-25,7625.0,7625.0,7625.0,7625.0,5350.6279296875,0
2017-12-26,7625.0,7625.0,7625.0,7625.0,5350.6279296875,0
2017-12-27,7625.0,7625.0,7575.0,7625.0,5350.6279296875,3274600
2017-12-28,7650.0,7700.0,7600.0,7700.0,5403.25732421875,10295800
2017-12-29,7700.0,7775.0,7600.0,7625.0,5350.6279296875,12848100
2018-01-01,7625.0,7625.0,7625.0,7625.0,5350.6279296875,0
2018-01-02,7650.0,7700.0,7550.0,7550.0,5297.99853515625,6875700
2018-01-03,7600.0,7700.0,7600.0,7650.0,5368.17138671875,11532300
2018-01-04,7650.0,7725.0,7600.0,7725.0,5420.80029296875,6861700
2018-01-05,7700.0,7700.0,7625.0,7675.0,5385.71484375,8060200
2018-01-08,7700.0,7875.0,7700.0,7850.0,5508.515625,13357200
2018-01-09,7825.0,7850.0,7775.0,7825.0,5490.97314453125,13531800
2018-01-10,7875.0,7875.0,7800.0,7825.0,5490.97314453125,9997600
2018-01-11,7800.0,7875.0,7750.0,7875.0,5526.05859375,5038700
2018-01-12,7875.0,7900.0,7800.0,7850.0,5508.515625,8527900
2018-01-15,7850.0,7875.0,7775.0,7800.0,5473.42919921875,2802200
2018-01-16,7800.0,7900.0,7775.0,7900.0,5543.6015625,15046200
2018-01-17,7900.0,7975.0,7875.0,7950.0,5578.68798828125,13872400
2018-01-18,7900.0,7975.0,7875.0,7900.0,5543.6015625,7602900
2018-01-19,7925.0,7925.0,7850.0,7925.0,5561.14501953125,6292200
2018-01-22,7925.0,8100.0,7925.0,8075.0,5666.40234375,19058300
2018-01-23,8075.0,8125.0,8000.0,8125.0,5701.4892578125,14253300
2018-01-24,8025.0,8125.0,8025.0,8075.0,5666.40234375,7079200
2018-01-25,8075.0,8100.0,7900.0,8000.0,5613.77392578125,7476600
2018-01-26,8000.0,8075.0,7975.0,8075.0,5666.40234375,3990400
2018-01-29,8100.0,8100.0,7975.0,8075.0,5666.40234375,6652900
2018-01-30,8125.0,8125.0,7800.0,7800.0,5473.42919921875,11507100
2018-01-31,7800.0,7875.0,7700.0,7750.0,5438.34375,11965100
2018-02-01,7750.0,7900.0,7700.0,7700.0,5403.25732421875,10204300
2018-02-02,7800.0,7875.0,7750.0,7775.0,5455.88623046875,4592300
2018-02-05,7600.0,7875.0,7575.0,7800.0,5473.42919921875,5115700
2018-02-06,7700.0,7775.0,7650.0,7650.0,5368.17138671875,16499000
2018-02-07,7800.0,7925.0,7700.0,7925.0,5561.14501953125,9916400
2018-02-08,7900.0,7900.0,7825.0,7850.0,5508.515625,6543200
2018-02-09,7750.0,7875.0,7725.0,7750.0,5438.34375,8919100
2018-02-12,7775.0,7825.0,7750.0,7775.0,5455.88623046875,3646800
2018-02-13,7725.0,7825.0,7725.0,7750.0,5438.34375,10107000
2018-02-14,7750.0,7850.0,7750.0,7825.0,5490.97314453125,3861800
2018-02-15,7850.0,7850.0,7800.0,7800.0,5473.42919921875,4137500
2018-02-16,7800.0,7800.0,7800.0,7800.0,5473.42919921875,0
2018-02-19,7850.0,7875.0,7775.0,7850.0,5508.515625,4795300
2018-02-20,7800.0,7875.0,7725.0,7750.0,5438.34375,3427900
2018-02-21,7750.0,7775.0,7625.0,7625.0,5350.6279296875,10740300
2018-02-22,7650.0,7750.0,7625.0,7700.0,5403.25732421875,6050200
2018-02-23,7725.0,7775.0,7625.0,7625.0,5350.6279296875,6811800
2018-02-26,7650.0,7675.0,7550.0,7550.0,5297.99853515625,7874900
2018-02-27,7625.0,7675.0,7550.0,7575.0,5315.5419921875,7910600
2018-02-28,7550.0,7650.0,7550.0,7575.0,5315.5419921875,10388200
2018-03-01,7575.0,7800.0,7550.0,7775.0,5455.88623046875,8506100
2018-03-02,7750.0,7775.0,7675.0,7700.0,5403.25732421875,6042200
2018-03-05,7700.0,7700.0,7575.0,7600.0,5333.0849609375,13235400
2018-03-06,7600.0,7600.0,7450.0,7450.0,5227.8271484375,11197500
2018-03-07,7450.0,7450.0,7250.0,7275.0,5105.02587890625,9955000
2018-03-08,7300.0,7500.0,7300.0,7325.0,5140.111328125,9359200
2018-03-09,7450.0,7500.0,7375.0,7450.0,5227.8271484375,3127000
2018-03-12,7525.0,7600.0,7500.0,7550.0,5297.99853515625,6550500
2018-03-13,7550.0,7575.0,7475.0,7500.0,5262.9130859375,7593700
2018-03-14,7600.0,7600.0,7325.0,7325.0,5140.111328125,3518500
2018-03-15,7425.0,7425.0,7150.0,7175.0,5034.85302734375,7585400
2018-03-16,7175.0,7325.0,7075.0,7150.0,5017.31005859375,14475200
2018-03-19,7150.0,7350.0,7150.0,7200.0,5052.396484375,3136100
2018-03-20,7200.0,7275.0,7000.0,7000.0,4912.0517578125,5952200
2018-03-21,7000.0,7350.0,7000.0,7275.0,5105.02587890625,7725200
2018-03-22,7325.0,7400.0,7150.0,7150.0,5017.31005859375,5782000
2018-03-23,7150.0,7375.0,7050.0,7150.0,5017.31005859375,8574000
2018-03-26,7150.0,7225.0,7125.0,7200.0,5052.396484375,3789000
2018-03-27,7250.0,7350.0,7050.0,7150.0,5017.31005859375,8866500
2018-03-28,7125.0,7150.0,6975.0,7125.0,4999.76708984375,7495400
2018-03-29,7125.0,7200.0,7025.0,7200.0,5052.396484375,8823500
2018-03-30,7200.0,7200.0,7200.0,7200.0,5052.396484375,0
2018-04-02,7250.0,7350.0,7150.0,7350.0,5157.65478515625,2889600
2018-04-03,7350.0,7350.0,7125.0,7150.0,5017.31005859375,6528100
2018-04-04,7225.0,7300.0,7075.0,7200.0,5052.396484375,5165100
2018-04-05,7200.0,7225.0,7125.0,7125.0,4999.76708984375,2348600
2018-04-06,7150.0,7200.0,7100.0,7100.0,4982.22412109375,3894200
2018-04-09,7075.0,7225.0,7075.0,7175.0,5034.85302734375,6902600
2018-04-10,7125.0,7275.0,7125.0,7250.0,5087.48291015625,11617900
2018-04-11,7300.0,7300.0,7150.0,7225.0,5069.939453125,9453000
2018-04-12,7225.0,7225.0,7050.0,7125.0,4999.76708984375,10132200
2018-04-13,7150.0,7175.0,7050.0,7075.0,4964.6806640625,7042900
2018-04-16,7050.0,7100.0,7025.0,7050.0,4947.13818359375,5150100
2018-04-17,7075.0,7125.0,7050.0,7100.0,4982.22412109375,12172100
2018-04-18,7125.0,7150.0,7025.0,7050.0,4947.13818359375,8005200
2018-04-19,7050.0,7150.0,7050.0,7150.0,5017.31005859375,3752100
2018-04-20,7150.0,7150.0,7050.0,7100.0,4982.22412109375,6606500
2018-04-23,7050.0,7100.0,6975.0,7000.0,4912.0517578125,8442300
2018-04-24,7050.0,7050.0,6900.0,6900.0,4841.8798828125,4391400
2018-04-25,6900.0,6950.0,6800.0,6875.0,4824.33642578125,4629800
2018-04-26,6800.0,6875.0,6575.0,6750.0,4736.62158203125,10318400
2018-04-27,6775.0,6875.0,6675.0,6775.0,4754.1640625,4395000
2018-04-30,6775.0,6975.0,6775.0,6975.0,4894.5087890625,9476200
2018-05-01,6975.0,6975.0,6975.0,6975.0,4894.5087890625,0
2018-05-02,6975.0,6975.0,6850.0,6925.0,4859.42333984375,7277400
2018-05-03,6800.0,6850.0,6700.0,6725.0,4719.07861328125,7637400
2018-05-04,6675.0,6675.0,6300.0,6350.0,4455.93310546875,14993100
2018-05-07,6300.0,6475.0,6250.0,6375.0,4473.47607421875,4370700
2018-05-08,6375.0,6450.0,6200.0,6200.0,4350.6748046875,7322600
2018-05-09,6100.0,6600.0,6075.0,6375.0,4473.47607421875,14518000
2018-05-10,6375.0,6375.0,6375.0,6375.0,4473.47607421875,0
2018-05-11,6400.0,6575.0,6400.0,6500.0,4561.19189453125,7990000
2018-05-14,6350.0,6500.0,6325.0,6450.0,4526.10498046875,6590000
2018-05-15,6450.0,6500.0,6425.0,6475.0,4543.64794921875,7393200
2018-05-16,6375.0,6450.0,6300.0,6425.0,4508.56201171875,6789500
2018-05-17,6500.0,6500.0,6300.0,6300.0,4420.84716796875,9836700
2018-05-18,6400.0,6425.0,6325.0,6375.0,4473.47607421875,5593800
2018-05-21,6375.0,6375.0,6275.0,6300.0,4420.84716796875,10348400
2018-05-22,6500.0,6650.0,6375.0,6550.0,4596.27685546875,11034400
2018-05-23,6550.0,6950.0,6525.0,6800.0,4771.7080078125,15409400
2018-05-24,6875.0,7075.0,6800.0,6975.0,4894.5087890625,16201500
2018-05-25,7000.0,7025.0,6800.0,7025.0,4929.5947265625,9524400
2018-05-28,7025.0,7150.0,6900.0,7075.0,4964.6806640625,9057800
2018-05-29,7075.0,7075.0,7075.0,7075.0,4964.6806640625,0
2018-05-30,7075.0,7125.0,6875.0,7025.0,4929.5947265625,11301000
2018-05-31,6900.0,7075.0,6875.0,7075.0,4964.6806640625,21651200
2018-06-01,7075.0,7075.0,7075.0,7075.0,4964.6806640625,0
2018-06-04,7075.0,7125.0,7025.0,7025.0,4929.5947265625,7713300
2018-06-05,7100.0,7200.0,7000.0,7200.0,5052.396484375,8137300
2018-06-06,7250.0,7250.0,6975.0,6975.0,4894.5087890625,10755400
2018-06-07,7000.0,7175.0,7000.0,7100.0,4982.22412109375,12775900
2018-06-08,7125.0,7150.0,6950.0,6950.0,4876.96533203125,17604100
2018-06-11,6950.0,6950.0,6950.0,6950.0,4876.96533203125,0
2018-06-12,6950.0,6950.0,6950.0,6950.0,4876.96533203125,0
2018-06-13,6950.0,6950.0,6950.0,6950.0,4876.96533203125,0
2018-06-14,6950.0,6950.0,6950.0,6950.0,4876.96533203125,0
2018-06-15,6950.0,6950.0,6950.0,6950.0,4876.96533203125,0
2018-06-18,6950.0,6950.0,6950.0,6950.0,4876.96533203125,0
2018-06-19,6950.0,6950.0,6950.0,6950.0,4876.96533203125,0
2018-06-20,6900.0,6950.0,6625.0,6700.0,4867.52197265625,20191400
2018-06-21,6850.0,6850.0,6475.0,6525.0,4740.384765625,7803300
2018-06-22,6500.0,6675.0,6475.0,6550.0,4758.546875,8909500
2018-06-25,6650.0,6700.0,6500.0,6625.0,4813.03466796875,5831500
2018-06-26,6625.0,6725.0,6550.0,6625.0,4813.03466796875,9372700
2018-06-27,6600.0,6625.0,6550.0,6550.0,4758.546875,4276300
2018-06-28,6500.0,6575.0,6350.0,6350.0,4613.24853515625,8162800
2018-06-29,6425.0,6700.0,6400.0,6650.0,4831.1962890625,7575500
2018-07-02,6650.0,6650.0,6500.0,6525.0,4740.384765625,3110700
2018-07-03,6450.0,6450.0,6200.0,6250.0,4540.59814453125,7073200
2018-07-04,6250.0,6475.0,6150.0,6425.0,4667.73486328125,2508700
2018-07-05,6375.0,6400.0,6225.0,6300.0,4576.9228515625,5574800
2018-07-06,6325.0,6350.0,6200.0,6200.0,4504.2734375,2360100
2018-07-09,6250.0,6600.0,6225.0,6550.0,4758.546875,5603200
2018-07-10,6600.0,6650.0,6475.0,6650.0,4831.1962890625,6278100
2018-07-11,6600.0,6675.0,6500.0,6625.0,4813.03466796875,5216400
2018-07-12,6625.0,6625.0,6475.0,6550.0,4758.546875,3074800
2018-07-13,6475.0,6550.0,6450.0,6525.0,4740.384765625,4189300
2018-07-16,6525.0,6550.0,6400.0,6525.0,4740.384765625,3613900
2018-07-17,6450.0,6475.0,6375.0,6425.0,4667.73486328125,3247700
2018-07-18,6450.0,6450.0,6350.0,6400.0,4649.5732421875,3124000
2018-07-19,6400.0,6425.0,6325.0,6325.0,4595.0859375,4363400
2018-07-20,6300.0,6350.0,6275.0,6275.0,4558.7607421875,5042500
2018-07-23,6300.0,6425.0,6275.0,6425.0,4667.73486328125,3590000
2018-07-24,6425.0,6450.0,6375.0,6400.0,4649.5732421875,2898800
2018-07-25,6400.0,6425.0,6350.0,6350.0,4613.24853515625,1290200
2018-07-26,6400.0,6400.0,6325.0,6375.0,4631.41015625,3138900
2018-07-27,6400.0,6400.0,6275.0,6275.0,4558.7607421875,8735200
2018-07-30,6300.0,6350.0,6250.0,6275.0,4558.7607421875,9155400
2018-07-31,6350.0,6350.0,6250.0,6350.0,4613.24853515625,6709500
2018-08-01,6350.0,6450.0,6325.0,6425.0,4667.73486328125,7581800
2018-08-02,6425.0,6450.0,6350.0,6400.0,4649.5732421875,3044800
2018-08-03,6350.0,6425.0,6300.0,6375.0,4631.41015625,3678500
2018-08-06,6400.0,6625.0,6375.0,6600.0,4794.87158203125,7211500
2018-08-07,6600.0,6650.0,6500.0,6575.0,4776.7099609375,5339500
2018-08-08,6600.0,6625.0,6400.0,6450.0,4685.8974609375,5200300
2018-08-09,6450.0,6475.0,6375.0,6425.0,4667.73486328125,2776800
2018-08-10,6425.0,6450.0,6325.0,6400.0,4649.5732421875,4038200
2018-08-13,6375.0,6375.0,6200.0,6200.0,4504.2734375,4920300
2018-08-14,6250.0,6300.0,6000.0,6125.0,4449.7861328125,8213400
2018-08-15,6125.0,6225.0,6050.0,6125.0,4449.7861328125,7347500
2018-08-16,6100.0,6150.0,6050.0,6100.0,4431.6240234375,6587800
2018-08-17,6100.0,6100.0,6100.0,6100.0,4431.6240234375,0
2018-08-20,6225.0,6350.0,6150.0,6200.0,4504.2734375,3653100
2018-08-21,6200.0,6500.0,6200.0,6475.0,4704.0595703125,7230000
2018-08-22,6475.0,6475.0,6475.0,6475.0,4704.0595703125,0
2018-08-23,6500.0,6600.0,6500.0,6600.0,4794.87158203125,7411300
2018-08-24,6650.0,6700.0,6600.0,6675.0,4849.3583984375,5193600
2018-08-27,6700.0,6775.0,6625.0,6675.0,4849.3583984375,5229200
2018-08-28,6675.0,6700.0,6425.0,6450.0,4685.8974609375,7898300
2018-08-29,6450.0,6475.0,6275.0,6375.0,4631.41015625,7805700
2018-08-30,6375.0,6500.0,6300.0,6300.0,4576.9228515625,6908000
2018-08-31,6275.0,6375.0,6250.0,6375.0,4631.41015625,7698200
2018-09-03,6375.0,6375.0,6325.0,6375.0,4631.41015625,3770400
2018-09-04,6400.0,6425.0,6300.0,6350.0,4613.24853515625,5213400
2018-09-05,6300.0,6300.0,5950.0,5950.0,4322.64990234375,11865300
2018-09-06,5875.0,6100.0,5850.0,5950.0,4322.64990234375,7774000
2018-09-07,6000.0,6200.0,5975.0,6100.0,4431.6240234375,9081900
2018-09-10,6100.0,6200.0,6050.0,6125.0,4449.7861328125,3213300
2018-09-11,6125.0,6125.0,6125.0,6125.0,4449.7861328125,0
2018-09-12,6125.0,6125.0,6025.0,6125.0,4449.7861328125,8838700
2018-09-13,6125.0,6125.0,5925.0,6000.0,4358.97509765625,17650500
2018-09-14,6000.0,6225.0,5975.0,6175.0,4486.111328125,9231100
2018-09-17,6200.0,6200.0,6050.0,6100.0,4431.6240234375,3320100
2018-09-18,6050.0,6100.0,5925.0,5925.0,4304.4873046875,12712800
2018-09-19,5950.0,6025.0,5850.0,5850.0,4250.00048828125,10491700
2018-09-20,5900.0,6025.0,5875.0,6000.0,4358.97509765625,9299100
2018-09-21,6075.0,6075.0,6000.0,6075.0,4413.46142578125,11840000
2018-09-24,6075.0,6075.0,5950.0,5975.0,4340.8125,3544000
2018-09-25,6000.0,6025.0,5950.0,6000.0,4358.97509765625,2098800
2018-09-26,6000.0,6025.0,5975.0,5975.0,4340.8125,1938000
2018-09-27,5975.0,6025.0,5925.0,5975.0,4340.8125,5665100
2018-09-28,5950.0,6000.0,5900.0,5900.0,4286.32470703125,9676200
2018-10-01,5900.0,6025.0,5900.0,6025.0,4377.13720703125,3788200
2018-10-02,6025.0,6025.0,5925.0,5975.0,4340.8125,4198100
2018-10-03,5950.0,5975.0,5925.0,5950.0,4322.64990234375,3465400
2018-10-04,5925.0,5950.0,5875.0,5900.0,4286.32470703125,4041000
2018-10-05,5900.0,5900.0,5775.0,5775.0,4195.5126953125,5549400
2018-10-08,5775.0,5825.0,5550.0,5575.0,4050.21435546875,13184800
2018-10-09,5600.0,5650.0,5575.0,5600.0,4068.376220703125,8004300
2018-10-10,5600.0,5725.0,5600.0,5700.0,4141.02587890625,9256600
2018-10-11,5550.0,5675.0,5500.0,5525.0,4013.889404296875,9393100
2018-10-12,5525.0,5700.0,5525.0,5575.0,4050.21435546875,6643500
2018-10-15,5575.0,5675.0,5525.0,5525.0,4013.889404296875,5150300
2018-10-16,5550.0,5650.0,5525.0,5650.0,4104.701171875,5789800
2018-10-17,5675.0,6025.0,5675.0,6000.0,4358.97509765625,11591500
2018-10-18,6000.0,6100.0,5900.0,6100.0,4431.6240234375,7135800
2018-10-19,6000.0,6025.0,5850.0,6000.0,4358.97509765625,6181900
2018-10-22,6000.0,6000.0,5900.0,5950.0,4322.64990234375,3023600
2018-10-23,5950.0,5975.0,5800.0,5800.0,4213.67578125,3202900
2018-10-24,5825.0,5875.0,5700.0,5700.0,4141.02587890625,4055800
2018-10-25,5600.0,5800.0,5600.0,5800.0,4213.67578125,4207100
2018-10-26,5800.0,5825.0,5700.0,5700.0,4141.02587890625,3074400
2018-10-29,5800.0,5800.0,5650.0,5650.0,4104.701171875,967500
2018-10-30,5650.0,5750.0,5650.0,5700.0,4141.02587890625,2559100
2018-10-31,5750.0,5975.0,5750.0,5975.0,4340.8125,8572600
2018-11-01,5975.0,6000.0,5750.0,5925.0,4304.4873046875,6362700
2018-11-02,5950.0,6075.0,5800.0,6025.0,4377.13720703125,9164200
2018-11-05,6050.0,6075.0,5900.0,5975.0,4340.8125,5153600
2018-11-06,6000.0,6000.0,5825.0,5825.0,4278.380859375,6954700
2018-11-07,5800.0,5800.0,5700.0,5725.0,4204.9326171875,12166500
2018-11-08,5750.0,6000.0,5750.0,5975.0,4388.5537109375,14676900
2018-11-09,5950.0,5950.0,5725.0,5775.0,4241.65673828125,10561400
2018-11-12,5775.0,5800.0,5575.0,5575.0,4094.759033203125,7536900
2018-11-13,5700.0,5725.0,5600.0,5600.0,4113.12158203125,6991700
2018-11-14,5650.0,5700.0,5625.0,5650.0,4149.84619140625,7765800
2018-11-15,5650.0,5925.0,5650.0,5875.0,4315.10498046875,9805100
2018-11-16,5925.0,6050.0,5850.0,5950.0,4370.19140625,18547200
2018-11-19,5950.0,5975.0,5850.0,5950.0,4370.19140625,5507600
2018-11-20,5950.0,5950.0,5950.0,5950.0,4370.19140625,0
2018-11-21,5900.0,6025.0,5825.0,6000.0,4406.91552734375,7348600
2018-11-22,6050.0,6300.0,6000.0,6250.0,4590.53662109375,10940500
2018-11-23,6150.0,6325.0,6150.0,6250.0,4590.53662109375,7701700
2018-11-26,6250.0,6300.0,6150.0,6275.0,4608.8994140625,3249900
2018-11-27,6275.0,6275.0,6175.0,6225.0,4572.17578125,2954100
2018-11-28,6175.0,6200.0,6050.0,6050.0,4443.6396484375,5126100
2018-11-29,6100.0,6400.0,6100.0,6400.0,4700.71044921875,17057500
2018-11-30,6425.0,6600.0,6350.0,6600.0,4847.607421875,21054400
2018-12-03,6650.0,6750.0,6500.0,6650.0,4884.33154296875,11643000
2018-12-04,6700.0,6700.0,6550.0,6625.0,4865.9697265625,10223700
2018-12-05,6500.0,6575.0,6450.0,6575.0,4829.2451171875,8844300
2018-12-06,6575.0,6725.0,6525.0,6675.0,4902.693359375,9982000
2018-12-07,6725.0,6750.0,6650.0,6700.0,4921.0556640625,4687400
2018-12-10,6575.0,6625.0,6500.0,6525.0,4792.52099609375,5459500
2018-12-11,6525.0,6600.0,6400.0,6575.0,4829.2451171875,7863500
2018-12-12,6500.0,6750.0,6500.0,6725.0,4939.41748046875,11801200
2018-12-13,6800.0,7025.0,6800.0,6900.0,5067.953125,18246800
2018-12-14,6900.0,7125.0,6850.0,7075.0,5196.48828125,16119700
2018-12-17,7050.0,7100.0,6925.0,6975.0,5123.0390625,10255200
2018-12-18,6975.0,7150.0,6850.0,7075.0,5196.48828125,9169400
2018-12-19,7075.0,7300.0,7075.0,7300.0,5361.74755859375,21249900
2018-12-20,7275.0,7375.0,7150.0,7350.0,5398.4716796875,16585400
2018-12-21,7275.0,7550.0,7250.0,7500.0,5508.64501953125,20143900
2018-12-24,7500.0,7500.0,7500.0,7500.0,5508.64501953125,0
2018-12-25,7500.0,7500.0,7500.0,7500.0,5508.64501953125,0
2018-12-26,7400.0,7400.0,7275.0,7375.0,5416.833984375,6946900
2018-12-27,7400.0,7500.0,7350.0,7450.0,5471.92041015625,7934800
2018-12-28,7450.0,7475.0,7350.0,7450.0,5471.92041015625,5658600
2018-12-31,7450.0,7450.0,7450.0,7450.0,5471.92041015625,0
2019-01-01,7450.0,7450.0,7450.0,7450.0,5471.92041015625,0
2019-01-02,7425.0,7450.0,7250.0,7275.0,5343.38525390625,2114300
2019-01-03,7325.0,7500.0,7325.0,7475.0,5490.2822265625,7396900
2019-01-04,7400.0,7575.0,7350.0,7425.0,5453.55810546875,6549600
2019-01-07,7500.0,7650.0,7400.0,7425.0,5453.55810546875,8385000
2019-01-08,7425.0,7575.0,7300.0,7300.0,5361.74755859375,7246100
2019-01-09,7375.0,7400.0,7275.0,7325.0,5380.10986328125,9373200
2019-01-10,7275.0,7450.0,7200.0,7450.0,5471.92041015625,10032700
2019-01-11,7475.0,7500.0,7375.0,7475.0,5490.2822265625,7313100
2019-01-14,7400.0,7450.0,7375.0,7400.0,5435.19580078125,4955300
2019-01-15,7400.0,7500.0,7325.0,7500.0,5508.64501953125,7321500
2019-01-16,7475.0,7525.0,7375.0,7500.0,5508.64501953125,11507300
2019-01-17,7400.0,7525.0,7400.0,7500.0,5508.64501953125,9129800
2019-01-18,7525.0,7550.0,7425.0,7500.0,5508.64501953125,10220600
2019-01-21,7550.0,7550.0,7475.0,7500.0,5508.64501953125,7266700
2019-01-22,7575.0,7575.0,7500.0,7575.0,5563.7314453125,10249300
2019-01-23,7575.0,7675.0,7500.0,7650.0,5618.8173828125,9811700
2019-01-24,7700.0,7825.0,7625.0,7775.0,5710.62841796875,13757400
2019-01-25,7825.0,7850.0,7775.0,7850.0,5765.71484375,6857200
2019-01-28,7875.0,7900.0,7525.0,7700.0,5655.5419921875,8105700
2019-01-29,7625.0,7725.0,7500.0,7700.0,5655.5419921875,6990300
2019-01-30,7575.0,7700.0,7525.0,7700.0,5655.5419921875,11433500
2019-01-31,7650.0,7750.0,7600.0,7750.0,5692.26611328125,15054900
2019-02-01,7625.0,7800.0,7625.0,7775.0,5710.62841796875,12587000
2019-02-04,7775.0,7800.0,7525.0,7600.0,5582.0927734375,13322100
2019-02-05,7600.0,7600.0,7600.0,7600.0,5582.0927734375,0
2019-02-06,7650.0,7725.0,7600.0,7650.0,5618.8173828125,11891700
2019-02-07,7600.0,7675.0,7550.0,7600.0,5582.0927734375,9943100
2019-02-08,7600.0,7725.0,7550.0,7700.0,5655.5419921875,9997000
2019-02-11,7750.0,7750.0,7650.0,7750.0,5692.26611328125,5865200
2019-02-12,7800.0,7800.0,7425.0,7600.0,5582.0927734375,8761200
2019-02-13,7600.0,7700.0,7600.0,7600.0,5582.0927734375,9769800
2019-02-14,7600.0,7625.0,7550.0,7550.0,5545.369140625,6118100
2019-02-15,7600.0,7600.0,7425.0,7425.0,5453.55810546875,4941500
2019-02-18,7575.0,7650.0,7550.0,7625.0,5600.455078125,3942700
2019-02-19,7650.0,7650.0,7475.0,7500.0,5508.64501953125,2286800
2019-02-20,7525.0,7575.0,7425.0,7500.0,5508.64501953125,6396800
2019-02-21,7475.0,7600.0,7475.0,7550.0,5545.369140625,5095900
2019-02-22,7475.0,7625.0,7475.0,7625.0,5600.455078125,6665200
2019-02-25,7625.0,7650.0,7575.0,7600.0,5582.0927734375,3938800
2019-02-26,7600.0,7650.0,7500.0,7600.0,5582.0927734375,4703500
2019-02-27,7525.0,7575.0,7400.0,7475.0,5490.2822265625,6564000
2019-02-28,7425.0,7425.0,7025.0,7075.0,5196.48828125,18118700
2019-03-01,7100.0,7375.0,7075.0,7300.0,5361.74755859375,15756800
2019-03-04,7375.0,7375.0,7225.0,7375.0,5416.833984375,4126900
2019-03-05,7375.0,7375.0,7150.0,7150.0,5251.5751953125,5515000
2019-03-06,7100.0,7200.0,7075.0,7200.0,5288.298828125,7002100
2019-03-07,7200.0,7200.0,7200.0,7200.0,5288.298828125,0
2019-03-08,7200.0,7300.0,7125.0,7250.0,5325.02294921875,4010100
2019-03-11,7175.0,7200.0,7125.0,7150.0,5251.5751953125,3948900
2019-03-12,7150.0,7250.0,7050.0,7100.0,5214.849609375,6397300
2019-03-13,7075.0,7200.0,7000.0,7175.0,5269.9365234375,5830500
2019-03-14,7225.0,7225.0,7050.0,7075.0,5196.48828125,5297400
2019-03-15,7125.0,7250.0,7075.0,7175.0,5269.9365234375,15581700
2019-03-18,7175.0,7250.0,7100.0,7225.0,5306.6611328125,4684600
2019-03-19,7250.0,7300.0,7200.0,7300.0,5361.74755859375,5455800
2019-03-20,7350.0,7350.0,7200.0,7275.0,5343.38525390625,4502700
2019-03-21,7275.0,7350.0,7175.0,7300.0,5361.74755859375,4435700
2019-03-22,7300.0,7400.0,7250.0,7400.0,5435.19580078125,3714500
2019-03-25,7350.0,7350.0,6675.0,6775.0,4976.14208984375,44339900
2019-03-26,6850.0,6925.0,6800.0,6900.0,5067.953125,16052300
2019-03-27,6900.0,6925.0,6550.0,6550.0,4810.88232421875,29274400
2019-03-28,6600.0,6675.0,6550.0,6575.0,4829.2451171875,13698900
2019-03-29,6575.0,6600.0,6375.0,6375.0,4682.34814453125,24330600
2019-04-01,6375.0,6400.0,6250.0,6275.0,4608.8994140625,14803600
2019-04-02,6300.0,6325.0,6125.0,6225.0,4572.17578125,12941600
2019-04-03,6225.0,6225.0,6225.0,6225.0,4572.17578125,0
2019-04-04,6250.0,6475.0,6250.0,6425.0,4719.07177734375,14697600
2019-04-05,6475.0,6525.0,6425.0,6475.0,4755.79638671875,11060000
2019-04-08,6525.0,6525.0,6325.0,6500.0,4774.158203125,8122100
2019-04-09,6500.0,6575.0,6450.0,6550.0,4810.88232421875,5995000
2019-04-10,6575.0,6575.0,6425.0,6525.0,4792.52099609375,8191500
2019-04-11,6400.0,6400.0,6100.0,6175.0,4535.4501953125,26701300
2019-04-12,6150.0,6400.0,6150.0,6325.0,4645.623046875,18944000
2019-04-15,6325.0,6500.0,6250.0,6400.0,4700.71044921875,18831600
2019-04-16,6450.0,6500.0,6375.0,6450.0,4737.4345703125,7864100
2019-04-17,6450.0,6450.0,6450.0,6450.0,4737.4345703125,0
2019-04-18,6600.0,6650.0,6275.0,6275.0,4608.8994140625,20284300
2019-04-19,6275.0,6275.0,6275.0,6275.0,4608.8994140625,0
2019-04-22,6275.0,6350.0,6175.0,6250.0,4590.53662109375,7073400
2019-04-23,6250.0,6375.0,6250.0,6350.0,4663.98583984375,5276700
2019-04-24,6400.0,6400.0,6300.0,6325.0,4645.623046875,4957400
2019-04-25,6350.0,6350.0,6200.0,6250.0,4590.53662109375,7537000
2019-04-26,6275.0,6400.0,6200.0,6400.0,4700.71044921875,5748900
2019-04-29,6400.0,6425.0,6350.0,6425.0,4719.07177734375,4708200
2019-04-30,6550.0,7000.0,6550.0,6950.0,5104.6767578125,50600300
2019-05-01,6950.0,6950.0,6950.0,6950.0,5104.6767578125,0
2019-05-02,6950.0,7075.0,6800.0,7000.0,5141.4013671875,17405800
2019-05-03,7000.0,7025.0,6700.0,6800.0,4994.50439453125,10742200
2019-05-06,6600.0,6800.0,6550.0,6775.0,4976.14208984375,3462800
2019-05-07,6850.0,6875.0,6725.0,6850.0,5031.22900390625,6338000
2019-05-08,6675.0,6850.0,6675.0,6750.0,4957.78076171875,7032200
2019-05-09,6625.0,6700.0,6550.0,6625.0,4865.9697265625,9143600
2019-05-10,6700.0,6750.0,6600.0,6650.0,4884.33154296875,8679000
2019-05-13,6650.0,6725.0,6400.0,6400.0,4700.71044921875,8865100
2019-05-14,6150.0,6425.0,6150.0,6375.0,4682.34814453125,14284900
2019-05-15,6375.0,6400.0,6250.0,6250.0,4590.53662109375,8574000
2019-05-16,6175.0,6300.0,6100.0,6100.0,4480.3642578125,7602800
2019-05-17,6175.0,6200.0,6000.0,6000.0,4406.91552734375,6890000
2019-05-20,6150.0,6225.0,5850.0,6225.0,4572.17578125,7418900
2019-05-21,6225.0,6325.0,6200.0,6250.0,4590.53662109375,9653100
2019-05-22,6250.0,6325.0,6175.0,6250.0,4590.53662109375,5867400
2019-05-23,6375.0,6450.0,6300.0,6400.0,4700.71044921875,5311200
2019-05-24,6400.0,6400.0,6300.0,6300.0,4627.26123046875,4276100
2019-05-27,6350.0,6525.0,6325.0,6525.0,4792.52099609375,7857500
2019-05-28,6525.0,6550.0,6375.0,6400.0,4700.71044921875,18328800
2019-05-29,6450.0,6525.0,6275.0,6350.0,4663.98583984375,8068500
2019-05-30,6350.0,6350.0,6350.0,6350.0,4663.98583984375,0
2019-05-31,6450.0,6675.0,6425.0,6600.0,4847.607421875,13993100
2019-06-03,6600.0,6600.0,6600.0,6600.0,4847.607421875,0
2019-06-04,6600.0,6600.0,6600.0,6600.0,4847.607421875,0
2019-06-05,6600.0,6600.0,6600.0,6600.0,4847.607421875,0
2019-06-06,6600.0,6600.0,6600.0,6600.0,4847.607421875,0
2019-06-07,6600.0,6600.0,6600.0,6600.0,4847.607421875,0
2019-06-10,6750.0,6975.0,6725.0,6900.0,5067.953125,16927100
2019-06-11,7000.0,7075.0,6700.0,7050.0,5178.1259765625,14457400
2019-06-12,7100.0,7100.0,6975.0,7025.0,5159.76416015625,9086900
2019-06-13,7050.0,7075.0,7000.0,7025.0,5159.76416015625,10009100
2019-06-14,7075.0,7075.0,7025.0,7050.0,5178.1259765625,9405000
2019-06-17,6900.0,6950.0,6850.0,6900.0,5193.93408203125,8436000
2019-06-18,6975.0,7075.0,6925.0,7050.0,5306.8447265625,11929200
2019-06-19,7100.0,7100.0,7000.0,7050.0,5306.8447265625,4303800
2019-06-20,7125.0,7150.0,7000.0,7000.0,5269.20849609375,6887300
2019-06-21,7050.0,7125.0,6850.0,7075.0,5325.6640625,15619600
2019-06-24,7075.0,7075.0,7000.0,7050.0,5306.8447265625,3912800
2019-06-25,7075.0,7075.0,6950.0,6975.0,5250.388671875,3575500
2019-06-26,7025.0,7025.0,6875.0,6950.0,5231.57080078125,4211900
2019-06-27,7000.0,7075.0,6925.0,7000.0,5269.20849609375,5640300
2019-06-28,7000.0,7100.0,7000.0,7025.0,5288.02685546875,4512100
2019-07-01,7025.0,7075.0,7000.0,7075.0,5325.6640625,3767400
2019-07-02,7100.0,7150.0,7050.0,7125.0,5363.30029296875,6254100
2019-07-03,7150.0,7150.0,6950.0,7100.0,5344.48193359375,4854700
2019-07-04,7100.0,7100.0,7000.0,7050.0,5306.8447265625,1376400
2019-07-05,7025.0,7075.0,6925.0,7000.0,5269.20849609375,3080800
2019-07-08,6925.0,6975.0,6875.0,6925.0,5212.75244140625,2060100
2019-07-09,6900.0,6975.0,6850.0,6850.0,5156.29638671875,4418800
2019-07-10,6850.0,6925.0,6825.0,6900.0,5193.93408203125,7377400
2019-07-11,6925.0,6950.0,6800.0,6850.0,5156.29638671875,7875600
2019-07-12,6825.0,6900.0,6775.0,6775.0,5099.8408203125,5875300
2019-07-15,6850.0,6900.0,6750.0,6775.0,5099.8408203125,6387300
2019-07-16,6825.0,6950.0,6800.0,6900.0,5193.93408203125,10006800
2019-07-17,6925.0,7050.0,6900.0,6975.0,5250.388671875,12993600
2019-07-18,7000.0,7100.0,6975.0,7050.0,5306.8447265625,8577200
2019-07-19,7100.0,7100.0,6975.0,7050.0,5306.8447265625,5075200
2019-07-22,7050.0,7075.0,6950.0,6950.0,5231.57080078125,3394900
2019-07-23,7000.0,7075.0,6975.0,7075.0,5325.6640625,8500200
2019-07-24,7000.0,7050.0,6925.0,6950.0,5231.57080078125,3569600
2019-07-25,7000.0,7025.0,6950.0,6975.0,5250.388671875,6629000
2019-07-26,6950.0,6975.0,6675.0,6675.0,5024.56591796875,9454000
2019-07-29,6725.0,6900.0,6725.0,6900.0,5193.93408203125,4438700
2019-07-30,6900.0,7000.0,6800.0,6900.0,5193.93408203125,5031900
2019-07-31,6900.0,7125.0,6900.0,7075.0,5325.6640625,19169900
2019-08-01,7100.0,7250.0,7100.0,7225.0,5438.57568359375,18334700
2019-08-02,7125.0,7150.0,7050.0,7075.0,5325.6640625,10270700
2019-08-05,7050.0,7175.0,6975.0,7050.0,5306.8447265625,12609000
2019-08-06,6975.0,7125.0,6900.0,7050.0,5306.8447265625,10653000
2019-08-07,7050.0,7300.0,7050.0,7200.0,5419.75732421875,17231200
2019-08-08,7300.0,7500.0,7275.0,7425.0,5589.12451171875,20685700
2019-08-09,7500.0,7525.0,7350.0,7475.0,5626.76171875,7997400
2019-08-12,7500.0,7525.0,7450.0,7525.0,5664.39794921875,4498900
2019-08-13,7525.0,7525.0,7300.0,7400.0,5570.3056640625,11267800
2019-08-14,7400.0,7475.0,7400.0,7450.0,5607.9423828125,5866700
2019-08-15,7400.0,7575.0,7325.0,7575.0,5702.0361328125,7643200
2019-08-16,7600.0,7625.0,7500.0,7575.0,5702.0361328125,5535400
2019-08-19,7600.0,7675.0,7575.0,7675.0,5777.310546875,8249500
2019-08-20,7675.0,7775.0,7675.0,7775.0,5852.58544921875,9977800
2019-08-21,7800.0,7825.0,7600.0,7700.0,5796.12939453125,6443600
2019-08-22,7750.0,7750.0,7500.0,7600.0,5720.8544921875,7393700
2019-08-23,7350.0,7775.0,7350.0,7775.0,5852.58544921875,7149600
2019-08-26,7525.0,7775.0,7500.0,7725.0,5814.947265625,5711000
2019-08-27,7675.0,7750.0,7500.0,7750.0,5833.7666015625,13192800
2019-08-28,7750.0,7800.0,7700.0,7750.0,5833.7666015625,7963000
2019-08-29,7700.0,7850.0,7700.0,7825.0,5890.22216796875,11700100
2019-08-30,7825.0,7925.0,7775.0,7925.0,5965.49609375,9889400
2019-09-02,7950.0,8025.0,7800.0,8000.0,6021.95166015625,9369700
2019-09-03,8000.0,8050.0,7975.0,8000.0,6021.95166015625,7706100
2019-09-04,8000.0,8025.0,7900.0,7925.0,5965.49609375,9324600
2019-09-05,7900.0,8025.0,7750.0,8025.0,6040.77099609375,7312800
2019-09-06,8025.0,8025.0,7900.0,7975.0,6003.13330078125,5362100
2019-09-09,8000.0,8000.0,7825.0,8000.0,6021.95166015625,4149100
2019-09-10,8000.0,8000.0,7900.0,7950.0,5984.31494140625,4575600
2019-09-11,7900.0,7900.0,7575.0,7750.0,5833.7666015625,11398100
2019-09-12,7750.0,7750.0,7550.0,7550.0,5683.21728515625,6983000
2019-09-13,7500.0,7575.0,7450.0,7500.0,5645.580078125,6772500
2019-09-16,7500.0,7750.0,7500.0,7750.0,5833.7666015625,5113900
2019-09-17,7700.0,7825.0,7675.0,7775.0,5852.58544921875,4795900
2019-09-18,7800.0,7875.0,7800.0,7875.0,5927.85888671875,2632100
2019-09-19,7900.0,7925.0,7875.0,7875.0,5927.85888671875,6527100
2019-09-20,7725.0,7850.0,7675.0,7700.0,5796.12939453125,13737300
2019-09-23,7700.0,7775.0,7625.0,7650.0,5758.4921875,2778400
2019-09-24,7600.0,7625.0,7550.0,7600.0,5720.8544921875,3600000
2019-09-25,7525.0,7625.0,7525.0,7625.0,5739.67333984375,3972700
2019-09-26,7600.0,7750.0,7600.0,7725.0,5814.947265625,4446500
2019-09-27,7675.0,7825.0,7650.0,7825.0,5890.22216796875,5460800
2019-09-30,7825.0,7825.0,7650.0,7700.0,5796.12939453125,6606000
2019-10-01,7625.0,7700.0,7625.0,7625.0,5739.67333984375,5195000
2019-10-02,7625.0,7700.0,7600.0,7675.0,5777.310546875,2689900
2019-10-03,7700.0,7725.0,7625.0,7675.0,5777.310546875,5708400
2019-10-04,7750.0,7850.0,7725.0,7850.0,5909.041015625,3454800
2019-10-07,7850.0,7900.0,7625.0,7700.0,5796.12939453125,3308900
2019-10-08,7750.0,7900.0,7700.0,7775.0,5852.58544921875,5185000
2019-10-09,7775.0,7900.0,7775.0,7800.0,5871.40283203125,4204200
2019-10-10,7800.0,7825.0,7625.0,7650.0,5758.4921875,10380200
2019-10-11,7600.0,7700.0,7575.0,7650.0,5758.4921875,4374300
2019-10-14,7700.0,7750.0,7575.0,7700.0,5796.12939453125,4499900
2019-10-15,7725.0,7750.0,7600.0,7600.0,5720.8544921875,7251800
2019-10-16,7500.0,7725.0,7450.0,7575.0,5702.0361328125,8010700
2019-10-17,7600.0,7675.0,7575.0,7650.0,5758.4921875,6389800
2019-10-18,7600.0,7650.0,7400.0,7550.0,5683.21728515625,7120500
2019-10-21,7550.0,7650.0,7475.0,7475.0,5626.76171875,4544700
2019-10-22,7450.0,7475.0,7275.0,7375.0,5551.4873046875,11591900
2019-10-23,7400.0,7550.0,7375.0,7550.0,5683.21728515625,9843300
2019-10-24,7600.0,7650.0,7575.0,7650.0,5758.4921875,8181100
2019-10-25,7675.0,7700.0,7500.0,7550.0,5683.21728515625,9747800
2019-10-28,7600.0,7700.0,7550.0,7700.0,5796.12939453125,4391100
2019-10-29,7600.0,7675.0,7500.0,7500.0,5645.580078125,7541900
2019-10-30,7600.0,7600.0,7525.0,7600.0,5720.8544921875,4998800
2019-10-31,7600.0,7800.0,7525.0,7700.0,5796.12939453125,9579200
2019-11-01,7700.0,7775.0,7525.0,7750.0,5833.7666015625,3249100
2019-11-04,7800.0,7850.0,7700.0,7800.0,5871.40283203125,7750100
2019-11-05,7800.0,8000.0,7700.0,8000.0,6021.95166015625,11215700
2019-11-06,7800.0,7900.0,7750.0,7875.0,5927.85888671875,8828500
2019-11-07,7850.0,7875.0,7600.0,7750.0,5833.7666015625,8626700
2019-11-08,7625.0,7775.0,7600.0,7750.0,5833.7666015625,3504300
2019-11-11,7750.0,7925.0,7750.0,7925.0,5965.49609375,5005400
2019-11-12,7925.0,7950.0,7750.0,7825.0,5890.22216796875,6407100
2019-11-13,7800.0,7825.0,7750.0,7775.0,5852.58544921875,4591100
2019-11-14,7800.0,7800.0,7625.0,7700.0,5796.12939453125,5521600
2019-11-15,7750.0,7900.0,7725.0,7875.0,5927.85888671875,5739900
2019-11-18,7875.0,8000.0,7850.0,7975.0,6003.13330078125,5867400
2019-11-19,7950.0,7975.0,7800.0,7950.0,5984.31494140625,3962900
2019-11-20,7850.0,8000.0,7800.0,8000.0,6021.95166015625,3206700
2019-11-21,8000.0,8000.0,7875.0,7950.0,5984.31494140625,9687500
2019-11-22,7925.0,7975.0,7875.0,7925.0,5965.49609375,7584100
2019-11-25,7925.0,7950.0,7850.0,7950.0,5984.31494140625,7782900
2019-11-26,8000.0,8000.0,7800.0,7950.0,5984.31494140625,18468700
2019-11-27,7950.0,7975.0,7900.0,7950.0,5984.31494140625,3531100
2019-11-28,7950.0,8000.0,7875.0,7925.0,5965.49609375,4600700
2019-11-29,7800.0,7950.0,7725.0,7950.0,5984.31494140625,5127000
2019-12-02,8000.0,8000.0,7875.0,8000.0,6021.95166015625,7471500
2019-12-03,8000.0,8000.0,7925.0,7950.0,5984.31494140625,7427300
2019-12-04,7875.0,7950.0,7850.0,7850.0,5909.041015625,4190600
2019-12-05,7850.0,7950.0,7850.0,7875.0,5927.85888671875,5737000
2019-12-06,7875.0,8025.0,7875.0,8000.0,6021.95166015625,8394200
2019-12-09,8000.0,8050.0,7900.0,8025.0,6040.77099609375,8359900
2019-12-10,8000.0,8050.0,7950.0,7950.0,5984.31494140625,6171400
2019-12-11,8000.0,8000.0,7850.0,7850.0,5909.041015625,4544100
2019-12-12,7850.0,7875.0,7625.0,7625.0,5739.67333984375,11772400
2019-12-13,7775.0,7775.0,7650.0,7750.0,5833.7666015625,5810400
2019-12-16,7750.0,7875.0,7750.0,7875.0,5927.85888671875,4859200
2019-12-17,7900.0,7950.0,7850.0,7950.0,5984.31494140625,6208100
2019-12-18,7975.0,7975.0,7900.0,7950.0,5984.31494140625,8303900
2019-12-19,7950.0,7950.0,7800.0,7925.0,5965.49609375,4551700
2019-12-20,7850.0,7925.0,7800.0,7925.0,5965.49609375,10539600
2019-12-23,8000.0,8050.0,7900.0,7950.0,5984.31494140625,5099500
2019-12-26,7850.0,7950.0,7800.0,7800.0,5871.40283203125,5716000
2019-12-27,7825.0,7925.0,7800.0,7925.0,5965.49609375,6021500
2019-12-30,7900.0,7950.0,7900.0,7925.0,5965.49609375,5321600
2020-01-02,7925.0,8000.0,7825.0,7975.0,6003.13330078125,5257300
2020-01-03,7975.0,8025.0,7950.0,8025.0,6040.77099609375,7682700
2020-01-06,7900.0,8025.0,7875.0,8000.0,6021.95166015625,5142700
2020-01-07,8000.0,8200.0,7975.0,8200.0,6172.5009765625,7510200
2020-01-08,8150.0,8225.0,8100.0,8225.0,6191.31982421875,7760200
2020-01-09,8250.0,8250.0,8175.0,8250.0,6210.138671875,5890300
2020-01-10,8250.0,8250.0,8200.0,8250.0,6210.138671875,6471300
2020-01-13,8175.0,8225.0,8100.0,8150.0,6134.86376953125,5178800
2020-01-14,8125.0,8175.0,8075.0,8125.0,6116.04541015625,6547800
2020-01-15,8175.0,8300.0,8000.0,8050.0,6059.58935546875,13124400
2020-01-16,8050.0,8175.0,8025.0,8175.0,6153.6826171875,7232700
2020-01-17,8175.0,8250.0,8150.0,8250.0,6210.138671875,7379500
2020-01-20,8250.0,8275.0,8225.0,8250.0,6210.138671875,11314800
2020-01-21,8200.0,8275.0,8150.0,8250.0,6210.138671875,12007100
2020-01-22,8125.0,8275.0,8050.0,8050.0,6059.58935546875,8109000
2020-01-23,8125.0,8175.0,8100.0,8150.0,6134.86376953125,4747900
2020-01-24,8075.0,8250.0,8075.0,8200.0,6172.5009765625,2377300
2020-01-27,8175.0,8250.0,8100.0,8125.0,6116.04541015625,4163600
2020-01-28,8100.0,8175.0,7925.0,8125.0,6116.04541015625,5373100
2020-01-29,8075.0,8125.0,7900.0,7925.0,5965.49609375,3673100
2020-01-30,7975.0,8025.0,7900.0,7900.0,5946.677734375,4874900
2020-01-31,7950.0,7950.0,7800.0,7825.0,5890.22216796875,10189200
2020-02-03,7725.0,7750.0,7600.0,7675.0,5777.310546875,6488600
2020-02-04,7700.0,7800.0,7700.0,7750.0,5833.7666015625,5253300
2020-02-05,7750.0,7775.0,7725.0,7750.0,5833.7666015625,5380800
2020-02-06,7800.0,7850.0,7700.0,7700.0,5796.12939453125,4353700
2020-02-07,7675.0,7875.0,7675.0,7850.0,5909.041015625,4827500
2020-02-10,7850.0,7850.0,7725.0,7750.0,5833.7666015625,3995300
2020-02-11,7825.0,7825.0,7650.0,7675.0,5777.310546875,7945200
2020-02-12,7600.0,7600.0,6925.0,7000.0,5269.20849609375,25892100
2020-02-13,7000.0,7125.0,6875.0,7000.0,5269.20849609375,11580200
2020-02-14,7025.0,7200.0,7025.0,7150.0,5382.1201171875,4838500
2020-02-17,7100.0,7200.0,7100.0,7150.0,5382.1201171875,3342000
2020-02-18,7100.0,7175.0,7100.0,7100.0,5344.48193359375,5887700
2020-02-19,7150.0,7175.0,7000.0,7050.0,5306.8447265625,5247600
2020-02-20,7100.0,7375.0,7050.0,7300.0,5495.03173828125,10616800
2020-02-21,7300.0,7325.0,7125.0,7200.0,5419.75732421875,6993800
2020-02-24,7000.0,7225.0,7000.0,7200.0,5419.75732421875,6967200
2020-02-25,7200.0,7300.0,7100.0,7225.0,5438.57568359375,6131700
2020-02-26,7200.0,7275.0,7000.0,7025.0,5288.02685546875,9428000
2020-02-27,7050.0,7175.0,6800.0,6900.0,5193.93408203125,5442100
2020-02-28,6700.0,6700.0,6375.0,6500.0,4892.8359375,13279200
2020-03-02,6600.0,6975.0,6500.0,6675.0,5024.56591796875,14024800
2020-03-03,6700.0,7275.0,6700.0,7125.0,5363.30029296875,8924900
2020-03-04,7100.0,7250.0,7050.0,7175.0,5400.9384765625,8989200
2020-03-05,7250.0,7300.0,7125.0,7200.0,5419.75732421875,4037100
2020-03-06,7150.0,7150.0,6950.0,6950.0,5231.57080078125,5741200
2020-03-09,6650.0,6800.0,6350.0,6375.0,4798.7431640625,10550500
2020-03-10,6375.0,6900.0,6375.0,6750.0,5081.02294921875,10166500
2020-03-11,6750.0,6800.0,6525.0,6800.0,5118.65966796875,5828200
2020-03-12,6700.0,6750.0,6525.0,6650.0,5005.74755859375,7287800
2020-03-13,6550.0,7250.0,6200.0,6900.0,5193.93408203125,21040100
2020-03-16,6900.0,7000.0,6425.0,6425.0,4836.38037109375,13687800
2020-03-17,6425.0,6500.0,6000.0,6125.0,4610.55712890625,11764900
2020-03-18,6250.0,6300.0,5900.0,6075.0,4572.919921875,9846800
2020-03-19,6000.0,6000.0,5650.0,5650.0,4253.00390625,5986200
2020-03-20,5650.0,6025.0,5275.0,5750.0,4328.27783203125,31471200
2020-03-23,5750.0,5750.0,5350.0,5350.0,4027.180419921875,7765500
2020-03-24,5350.0,5600.0,5000.0,5050.0,3801.357666015625,16410200
2020-03-26,5350.0,6050.0,5250.0,5975.0,4497.646484375,22194900
2020-03-27,6050.0,6800.0,6050.0,6800.0,5118.65966796875,26793200
2020-03-30,6550.0,6550.0,6325.0,6350.0,4779.92529296875,10482900
2020-03-31,6550.0,6825.0,6350.0,6350.0,4779.92529296875,23828700
2020-04-01,6350.0,6550.0,6275.0,6350.0,4779.92529296875,15997900
2020-04-02,6100.0,6875.0,6050.0,6800.0,5118.65966796875,12752200
2020-04-03,6925.0,6925.0,6475.0,6600.0,4968.1103515625,12287400
2020-04-06,6700.0,6850.0,6600.0,6725.0,5062.20361328125,12455800
2020-04-07,6750.0,6875.0,6450.0,6525.0,4911.6552734375,14200200
2020-04-08,6525.0,6525.0,6125.0,6250.0,4704.64990234375,12756300
2020-04-09,6250.0,6500.0,6200.0,6375.0,4798.7431640625,10662800
2020-04-13,6400.0,6475.0,6300.0,6400.0,4817.56201171875,6005200
2020-04-14,6400.0,6550.0,6400.0,6450.0,4855.19921875,7463700
2020-04-15,6500.0,6550.0,6375.0,6425.0,4836.38037109375,12517200
2020-04-16,6400.0,6400.0,6050.0,6050.0,4554.1015625,13443500
2020-04-17,6200.0,6300.0,6075.0,6250.0,4704.64990234375,11213400
2020-04-20,6250.0,6425.0,6175.0,6225.0,4685.83203125,8954400
2020-04-21,6200.0,6400.0,6175.0,6275.0,4723.46875,6468800
2020-04-22,6200.0,6450.0,6175.0,6300.0,4742.287109375,9006400
2020-04-23,6400.0,6575.0,6300.0,6525.0,4911.6552734375,10046800
2020-04-24,6525.0,6575.0,6300.0,6325.0,4761.1064453125,7318000
2020-04-27,6450.0,6475.0,6275.0,6300.0,4742.287109375,4302000
2020-04-28,6300.0,6525.0,6300.0,6475.0,4874.017578125,6777000
2020-04-29,6500.0,6725.0,6475.0,6675.0,5024.56591796875,10002500
2020-04-30,6675.0,6800.0,6525.0,6525.0,4911.6552734375,9999100
2020-05-04,6500.0,6725.0,6325.0,6600.0,4968.1103515625,10894100
2020-05-05,6700.0,6700.0,6525.0,6525.0,4911.6552734375,4467200
2020-05-06,6525.0,6650.0,6450.0,6500.0,4892.8359375,4649100
2020-05-08,6600.0,6700.0,6500.0,6625.0,4986.92919921875,9168700
2020-05-11,6700.0,6725.0,6525.0,6525.0,4911.6552734375,6007600
2020-05-12,6550.0,6575.0,6300.0,6325.0,4761.1064453125,9522400
2020-05-13,6300.0,6400.0,6200.0,6325.0,4761.1064453125,6378600
2020-05-14,6325.0,6600.0,6300.0,6575.0,4949.29150390625,10183700
2020-05-15,6625.0,6650.0,6475.0,6575.0,4949.29150390625,6817800
2020-05-18,6575.0,6650.0,6475.0,6500.0,4892.8359375,7220700
2020-05-19,6575.0,6750.0,6550.0,6750.0,5081.02294921875,7364000
2020-05-20,6750.0,6750.0,6300.0,6425.0,4836.38037109375,14400700
2020-05-26,6425.0,6425.0,6000.0,6000.0,4516.4638671875,17466600
2020-05-27,6025.0,6025.0,5600.0,5600.0,4215.36669921875,17652100
2020-05-28,5400.0,6050.0,5225.0,5675.0,4271.822265625,81128900
2020-05-29,5700.0,5925.0,5600.0,5750.0,4328.27783203125,54627900
2020-06-02,5800.0,6175.0,5800.0,6025.0,4535.2822265625,35346700
2020-06-03,6075.0,6275.0,6025.0,6200.0,4667.0126953125,24004300
2020-06-04,6200.0,6300.0,6100.0,6150.0,4629.3759765625,19460100
2020-06-05,6150.0,6150.0,6050.0,6150.0,4629.3759765625,13867100
2020-06-08,6200.0,6225.0,6125.0,6200.0,4667.0126953125,22630400
2020-06-09,6200.0,6475.0,6200.0,6300.0,4742.287109375,29253100
2020-06-10,6325.0,6400.0,6100.0,6150.0,4629.3759765625,11632900
2020-06-11,6050.0,6175.0,6025.0,6100.0,4591.73828125,12513600
2020-06-12,6100.0,6100.0,5900.0,6100.0,4591.73828125,9715900
2020-06-15,6100.0,6375.0,6075.0,6200.0,4667.0126953125,16214900
2020-06-16,6300.0,6400.0,6275.0,6400.0,4817.56201171875,15697800
2020-06-17,6400.0,6550.0,6400.0,6550.0,4930.47314453125,15534000
2020-06-18,6525.0,6550.0,6450.0,6475.0,4874.017578125,11351300
2020-06-19,6475.0,6575.0,6450.0,6575.0,4949.29150390625,11836400
2020-06-22,6575.0,6675.0,6500.0,6575.0,4949.29150390625,10163000
2020-06-23,6575.0,6575.0,6425.0,6425.0,4836.38037109375,6372400
2020-06-24,6425.0,6550.0,6425.0,6525.0,4911.6552734375,5955300
2020-06-25,6525.0,6525.0,6375.0,6375.0,4798.7431640625,6437400
2020-06-26,6450.0,6675.0,6425.0,6675.0,5024.56591796875,11505900
2020-06-29,6650.0,6750.0,6525.0,6750.0,5081.02294921875,7600200
2020-06-30,6750.0,6800.0,6525.0,6525.0,4911.6552734375,13636700
2020-07-01,6500.0,6600.0,6475.0,6550.0,4930.47314453125,10713100
2020-07-02,6575.0,6600.0,6475.0,6575.0,4949.29150390625,11912300
2020-07-03,6600.0,6675.0,6575.0,6675.0,5024.56591796875,9538000
2020-07-06,6675.0,6750.0,6600.0,6625.0,4986.92919921875,3128400
2020-07-07,6650.0,6650.0,6400.0,6575.0,4949.29150390625,6934800
2020-07-08,6550.0,6625.0,6525.0,6625.0,4986.92919921875,4221100
2020-07-09,6650.0,6675.0,6550.0,6550.0,4930.47314453125,9461600
2020-07-10,6550.0,6575.0,6500.0,6500.0,4892.8359375,7994100
2020-07-13,6500.0,6625.0,6500.0,6575.0,4949.29150390625,6617200
2020-07-14,6575.0,6625.0,6500.0,6600.0,4968.1103515625,8191900
2020-07-15,6650.0,6650.0,6500.0,6525.0,4911.6552734375,9117100
2020-07-16,6600.0,6750.0,6600.0,6625.0,4986.92919921875,23742800
2020-07-17,6700.0,6700.0,6525.0,6550.0,4930.47314453125,23964500
2020-07-20,6575.0,6750.0,6550.0,6600.0,4968.1103515625,21600300
2020-07-21,6650.0,6725.0,6625.0,6675.0,5024.56591796875,14061700
2020-07-22,6725.0,6800.0,6650.0,6675.0,5024.56591796875,14452000
2020-07-23,6675.0,6725.0,6650.0,6725.0,5062.20361328125,21204800
2020-07-24,6525.0,6525.0,6450.0,6475.0,5084.189453125,13204100
2020-07-27,6500.0,6525.0,6450.0,6475.0,5084.189453125,6303500
2020-07-28,6500.0,6500.0,6400.0,6425.0,5044.92919921875,9564800
2020-07-29,6425.0,6450.0,6350.0,6400.0,5025.298828125,7944800
2020-07-30,6500.0,6500.0,6400.0,6450.0,5064.55908203125,10514000
2020-08-03,6475.0,6550.0,6300.0,6475.0,5084.189453125,12457500
2020-08-04,6650.0,6800.0,6500.0,6750.0,5300.12060546875,45557500
2020-08-05,6750.0,7100.0,6750.0,7075.0,5555.3115234375,29370600
2020-08-06,7100.0,7175.0,6950.0,7025.0,5516.05078125,15089000
2020-08-07,7025.0,7075.0,6850.0,6875.0,5398.27001953125,11677700
2020-08-10,6875.0,7000.0,6875.0,6975.0,5476.7900390625,11772200
2020-08-11,6975.0,7100.0,6975.0,7050.0,5535.6806640625,12655100
2020-08-12,7050.0,7150.0,7000.0,7050.0,5535.6806640625,16834200
2020-08-13,7100.0,7250.0,7025.0,7225.0,5673.09130859375,13482600
2020-08-14,7150.0,7325.0,7100.0,7325.0,5751.61181640625,6606400
2020-08-18,7350.0,7400.0,7250.0,7250.0,5692.72119140625,11570800
2020-08-19,7250.0,7300.0,7175.0,7200.0,5653.4609375,8552800
2020-08-24,7200.0,7500.0,7200.0,7500.0,5889.02197265625,10263900
2020-08-25,7500.0,7850.0,7500.0,7850.0,6163.84326171875,18916800
2020-08-26,7850.0,7850.0,7625.0,7675.0,6026.4326171875,10434100
2020-08-27,7675.0,7725.0,7600.0,7675.0,6026.4326171875,7856800
2020-08-28,7700.0,7700.0,7600.0,7625.0,5987.17236328125,7054400
2020-08-31,7625.0,7800.0,7625.0,7625.0,5987.17236328125,15223500
2020-09-01,7600.0,7700.0,7400.0,7650.0,6006.802734375,15776700
2020-09-02,7525.0,7750.0,7525.0,7750.0,6085.32275390625,10946000
2020-09-03,7800.0,7850.0,7700.0,7725.0,6065.69287109375,7228900
2020-09-04,7700.0,7700.0,7500.0,7600.0,5967.5419921875,7578500
2020-09-07,7600.0,7800.0,7600.0,7800.0,6124.58251953125,8595700
2020-09-08,7800.0,8000.0,7775.0,7900.0,6203.10302734375,11121800
2020-09-09,7850.0,7875.0,7525.0,7575.0,5947.91259765625,12012800
2020-09-10,7500.0,7500.0,7050.0,7250.0,5692.72119140625,17395800
2020-09-11,7000.0,7600.0,7000.0,7575.0,5947.91259765625,12441000
2020-09-14,7700.0,7900.0,7625.0,7800.0,6124.58251953125,13583200
2020-09-15,7800.0,7825.0,7600.0,7675.0,6026.4326171875,11969000
2020-09-16,7625.0,7675.0,7575.0,7600.0,5967.5419921875,4784000
2020-09-17,7525.0,7600.0,7400.0,7400.0,5810.501953125,7810000
2020-09-18,7425.0,7600.0,7400.0,7525.0,5908.65185546875,12208400
2020-09-21,7575.0,7650.0,7500.0,7525.0,5908.65185546875,6058000
2020-09-22,7425.0,7600.0,7400.0,7525.0,5908.65185546875,5940800
2020-09-23,7450.0,7575.0,7425.0,7425.0,5830.13232421875,6002300
2020-09-24,7400.0,7425.0,7050.0,7125.0,5594.57080078125,13985400
2020-09-25,7125.0,7200.0,7075.0,7125.0,5594.57080078125,10590700
2020-09-28,7150.0,7200.0,7000.0,7000.0,5496.42041015625,8872000
2020-09-29,7050.0,7175.0,7000.0,7000.0,5496.42041015625,8282300
2020-09-30,7050.0,7150.0,7000.0,7150.0,5614.20166015625,6032400
2020-10-01,7100.0,7175.0,7100.0,7175.0,5633.83154296875,2470600
2020-10-02,7200.0,7225.0,7025.0,7075.0,5555.3115234375,4691800
2020-10-05,7150.0,7200.0,7075.0,7100.0,5574.9404296875,2731300
2020-10-06,7175.0,7325.0,7175.0,7225.0,5673.09130859375,7241600
2020-10-07,7225.0,7375.0,7100.0,7125.0,5594.57080078125,8868400
2020-10-08,7125.0,7275.0,7100.0,7225.0,5673.09130859375,6069800
2020-10-09,7225.0,7275.0,7200.0,7225.0,5673.09130859375,2322100
2020-10-12,7300.0,7325.0,7200.0,7200.0,5653.4609375,5120500
2020-10-13,7225.0,7250.0,7075.0,7250.0,5692.72119140625,8052700
2020-10-14,7225.0,7250.0,7100.0,7125.0,5594.57080078125,10279200
2020-10-15,7125.0,7150.0,7000.0,7050.0,5535.6806640625,14582800
2020-10-16,7050.0,7100.0,7000.0,7075.0,5555.3115234375,10694800
2020-10-19,7125.0,7150.0,7100.0,7150.0,5614.20166015625,3912200
2020-10-20,7150.0,7175.0,7000.0,7025.0,5516.05078125,8968700
2020-10-21,7075.0,7125.0,7050.0,7075.0,5555.3115234375,5279800
2020-10-22,7075.0,7225.0,7025.0,7225.0,5673.09130859375,8964200
2020-10-23,7200.0,7200.0,7050.0,7075.0,5555.3115234375,6734900
2020-10-26,7075.0,7100.0,7025.0,7075.0,5555.3115234375,6495000
2020-10-27,7050.0,7075.0,7000.0,7000.0,5496.42041015625,9447300
2020-11-02,7000.0,7075.0,6825.0,7025.0,5516.05078125,16241000
2020-11-03,7025.0,7050.0,6950.0,7000.0,5496.42041015625,6839400
2020-11-04,7050.0,7075.0,6950.0,6950.0,5457.16015625,7124700
2020-11-05,7075.0,7125.0,7000.0,7125.0,5594.57080078125,9670300
2020-11-06,7025.0,7200.0,7025.0,7175.0,5633.83154296875,17154400
2020-11-09,7175.0,7275.0,7150.0,7200.0,5653.4609375,15842000
2020-11-10,7300.0,7300.0,7125.0,7150.0,5614.20166015625,16395800
2020-11-11,7100.0,7225.0,7025.0,7050.0,5535.6806640625,15180200
2020-11-12,7050.0,7200.0,7050.0,7175.0,5633.83154296875,14050400
2020-11-13,7200.0,7200.0,7100.0,7100.0,5574.9404296875,7229400
2020-11-16,7150.0,7175.0,7125.0,7150.0,5614.20166015625,8258000
2020-11-17,7150.0,7425.0,7150.0,7275.0,5712.35107421875,19444400
2020-11-18,7300.0,7425.0,7300.0,7350.0,5771.24169921875,12693300
2020-11-19,7350.0,7375.0,7250.0,7275.0,5712.35107421875,8422500
2020-11-20,7300.0,7350.0,7175.0,7225.0,5673.09130859375,13621800
2020-11-23,7300.0,7300.0,7225.0,7275.0,5712.35107421875,7560300
2020-11-24,7350.0,7350.0,7225.0,7250.0,5692.72119140625,9553000
2020-11-25,7300.0,7350.0,7125.0,7150.0,5614.20166015625,18608200
2020-11-26,7125.0,7250.0,7125.0,7225.0,5673.09130859375,6716000
2020-11-27,7175.0,7350.0,7175.0,7300.0,5731.9814453125,11056100
2020-11-30,7325.0,7350.0,7000.0,7100.0,5574.9404296875,41426700
2020-12-01,7125.0,7175.0,7025.0,7100.0,5574.9404296875,12223000
2020-12-02,7100.0,7250.0,7100.0,7150.0,5614.20166015625,20584900
2020-12-03,7200.0,7275.0,7050.0,7050.0,5535.6806640625,17398300
2020-12-04,7075.0,7100.0,7000.0,7025.0,5516.05078125,7084500
2020-12-07,7025.0,7150.0,7025.0,7100.0,5574.9404296875,15162700
2020-12-08,7100.0,7125.0,7000.0,7000.0,5496.42041015625,20773900
2020-12-10,7000.0,7075.0,6975.0,6975.0,5476.7900390625,24969200
2020-12-11,7000.0,7025.0,6925.0,6925.0,5437.53076171875,12019500
2020-12-14,6925.0,7025.0,6900.0,7025.0,5516.05078125,14940000
2020-12-15,7025.0,7050.0,6850.0,6900.0,5417.900390625,24500700
2020-12-16,6900.0,6975.0,6900.0,6900.0,5417.900390625,21226500
2020-12-17,6900.0,6975.0,6850.0,6850.0,5378.64013671875,13726500
2020-12-18,6850.0,6950.0,6825.0,6825.0,5359.0107421875,18415800
2020-12-21,6825.0,7075.0,6825.0,7050.0,5535.6806640625,18759700
2020-12-22,7050.0,7075.0,6825.0,6825.0,5359.0107421875,17134800
2020-12-23,6875.0,6925.0,6700.0,6800.0,5339.3798828125,10921000
2020-12-28,6900.0,6925.0,6725.0,6925.0,5437.53076171875,5918900
2020-12-29,6925.0,6950.0,6825.0,6825.0,5359.0107421875,7869500
2020-12-30,6825.0,6900.0,6750.0,6850.0,5378.64013671875,13708100
2021-01-04,6850.0,6900.0,6775.0,6825.0,5359.0107421875,6655300
2021-01-05,6825.0,6925.0,6825.0,6850.0,5378.64013671875,14953600
2021-01-06,6850.0,6875.0,6700.0,6750.0,5300.12060546875,13331700
2021-01-07,6750.0,6825.0,6750.0,6775.0,5319.75048828125,7031400
2021-01-08,6775.0,6825.0,6750.0,6800.0,5339.3798828125,12862000
2021-01-11,6800.0,6825.0,6750.0,6750.0,5300.12060546875,15471100
2021-01-12,6800.0,6900.0,6725.0,6725.0,5280.490234375,15844300
2021-01-13,6800.0,6800.0,6700.0,6700.0,5260.859375,13975500
2021-01-14,6750.0,6775.0,6700.0,6725.0,5280.490234375,9115700
2021-01-15,6725.0,6775.0,6650.0,6675.0,5241.2294921875,12883300
2021-01-18,6675.0,6850.0,6650.0,6850.0,5378.64013671875,12872200
2021-01-19,6900.0,7025.0,6800.0,6800.0,5339.3798828125,29859400
2021-01-20,6800.0,6850.0,6750.0,6750.0,5300.12060546875,12921600
2021-01-21,6800.0,6825.0,6750.0,6775.0,5319.75048828125,7256800
2021-01-22,6800.0,6850.0,6675.0,6675.0,5241.2294921875,12729400
2021-01-25,6675.0,6750.0,6600.0,6625.0,5201.9697265625,9830000
2021-01-26,6625.0,6725.0,6550.0,6575.0,5162.70947265625,12599500
2021-01-27,6575.0,6675.0,6525.0,6550.0,5143.0791015625,8761900
2021-01-28,6525.0,6575.0,6325.0,6325.0,4966.40869140625,11374700
2021-01-29,6425.0,6550.0,6050.0,6050.0,4750.4775390625,27088500
2021-02-01,6100.0,6275.0,6000.0,6250.0,4907.51806640625,13536900
2021-02-02,6300.0,6475.0,6250.0,6325.0,4966.40869140625,16938300
2021-02-03,6375.0,6450.0,6300.0,6300.0,4946.7783203125,10659800
2021-02-04,6300.0,6350.0,6275.0,6325.0,4966.40869140625,9622800
2021-02-05,6325.0,6375.0,6275.0,6325.0,4966.40869140625,7175100
2021-02-08,6325.0,6375.0,6225.0,6250.0,4907.51806640625,10698600
2021-02-09,6250.0,6250.0,6100.0,6150.0,4828.99853515625,16389300
2021-02-10,6175.0,6225.0,6125.0,6125.0,4809.36865234375,12959600
2021-02-11,6125.0,6300.0,6125.0,6300.0,4946.7783203125,9091500
2021-02-15,6325.0,6350.0,6150.0,6150.0,4828.99853515625,12525200
2021-02-16,6200.0,6225.0,6075.0,6100.0,4789.73828125,15087800
2021-02-17,6175.0,6175.0,6075.0,6100.0,4789.73828125,5738900
2021-02-18,6175.0,6175.0,6050.0,6050.0,4750.4775390625,8654700
2021-02-19,6050.0,6125.0,6025.0,6075.0,4770.10791015625,5309600
2021-02-22,6100.0,6150.0,6050.0,6050.0,4750.4775390625,8928400
2021-02-23,6075.0,6100.0,6000.0,6050.0,4750.4775390625,10874800
2021-02-24,6100.0,6200.0,6075.0,6100.0,4789.73828125,11677000
2021-02-25,6175.0,6175.0,6100.0,6125.0,4809.36865234375,7496000
2021-02-26,6125.0,6150.0,6050.0,6050.0,4750.4775390625,21120400
2021-03-01,6100.0,6125.0,6050.0,6100.0,4789.73828125,9537900
2021-03-02,6150.0,6300.0,6125.0,6275.0,4927.14892578125,16995000
2021-03-03,6300.0,6350.0,6200.0,6300.0,4946.7783203125,14417200
2021-03-04,6300.0,6300.0,6175.0,6200.0,4868.25830078125,10535500
2021-03-05,6100.0,6225.0,6100.0,6125.0,4809.36865234375,10281700
2021-03-08,6200.0,6250.0,6150.0,6175.0,4848.6279296875,8327900
2021-03-09,6250.0,6275.0,6150.0,6200.0,4868.25830078125,11669300
2021-03-10,6250.0,6400.0,6200.0,6400.0,5025.298828125,12830000
2021-03-12,6425.0,6475.0,6350.0,6375.0,5005.6689453125,13809200
2021-03-15,6400.0,6450.0,6375.0,6400.0,5025.298828125,7742700
2021-03-16,6450.0,6475.0,6400.0,6400.0,5025.298828125,4449100
2021-03-17,6475.0,6475.0,6350.0,6350.0,4986.0390625,5487400
2021-03-18,6400.0,6425.0,6300.0,6300.0,4946.7783203125,9918000
2021-03-19,6300.0,6500.0,6275.0,6500.0,5103.8193359375,18918100
2021-03-22,6500.0,6550.0,6325.0,6350.0,4986.0390625,12601900
2021-03-23,6525.0,6750.0,6525.0,6675.0,5241.2294921875,30644300
2021-03-24,6675.0,6725.0,6575.0,6725.0,5280.490234375,14817700
2021-03-25,6725.0,6750.0,6500.0,6625.0,5201.9697265625,15252100
2021-03-26,6650.0,6775.0,6550.0,6750.0,5300.12060546875,14473700
2021-03-29,6775.0,6800.0,6675.0,6800.0,5339.3798828125,8711200
2021-03-30,6800.0,6825.0,6625.0,6700.0,5260.859375,8013900
2021-03-31,6725.0,6725.0,6425.0,6600.0,5182.33935546875,14076000
2021-04-01,6600.0,6750.0,6525.0,6725.0,5280.490234375,10400800
2021-04-05,6800.0,6800.0,6650.0,6650.0,5221.599609375,8378100
2021-04-06,6725.0,6775.0,6625.0,6750.0,5300.12060546875,7035000
2021-04-07,6800.0,6800.0,6675.0,6775.0,5319.75048828125,4626500
2021-04-08,6700.0,6750.0,6650.0,6675.0,5241.2294921875,6318100
2021-04-09,6650.0,6700.0,6600.0,6600.0,5182.33935546875,5953200
2021-04-12,6600.0,6700.0,6525.0,6600.0,5182.33935546875,8463900
2021-04-13,6625.0,6650.0,6525.0,6575.0,5162.70947265625,7908500
2021-04-14,6600.0,6625.0,6550.0,6575.0,5162.70947265625,2736900
2021-04-15,6550.0,6650.0,6500.0,6650.0,5221.599609375,4067600
2021-04-16,6625.0,6750.0,6575.0,6700.0,5260.859375,8024700
2021-04-19,6750.0,6775.0,6675.0,6750.0,5300.12060546875,6456700
2021-04-20,6700.0,6750.0,6675.0,6750.0,5300.12060546875,4485900
2021-04-21,6725.0,6800.0,6700.0,6775.0,5319.75048828125,5957600
2021-04-22,6800.0,6800.0,6675.0,6675.0,5241.2294921875,5354200
2021-04-23,6675.0,6750.0,6650.0,6750.0,5300.12060546875,4746700
2021-04-26,6750.0,6750.0,6650.0,6675.0,5241.2294921875,5724200
2021-04-27,6650.0,6700.0,6525.0,6525.0,5123.44970703125,6433900
2021-04-28,6550.0,6675.0,6525.0,6675.0,5241.2294921875,4379400
2021-04-29,6675.0,6675.0,6525.0,6525.0,5123.44970703125,7824600
2021-04-30,6575.0,6600.0,6500.0,6525.0,5123.44970703125,4426900
2021-05-03,6525.0,6550.0,6450.0,6475.0,5084.189453125,5685300
2021-05-04,6500.0,6575.0,6450.0,6575.0,5162.70947265625,2921300
2021-05-05,6600.0,6600.0,6500.0,6500.0,5103.8193359375,3234600
2021-05-06,6525.0,6575.0,6500.0,6550.0,5143.0791015625,3749600
2021-05-07,6500.0,6575.0,6500.0,6500.0,5103.8193359375,3537800
2021-05-10,6525.0,6650.0,6525.0,6575.0,5162.70947265625,7849700
2021-05-11,6575.0,6650.0,6525.0,6575.0,5162.70947265625,7528400
2021-05-17,6600.0,6625.0,6325.0,6350.0,4986.0390625,12918300
2021-05-18,6350.0,6450.0,6350.0,6375.0,5005.6689453125,5181000
2021-05-19,6375.0,6450.0,6350.0,6375.0,5005.6689453125,6071500
2021-05-20,6400.0,6475.0,6300.0,6375.0,5005.6689453125,6549800
2021-05-21,6375.0,6425.0,6325.0,6350.0,4986.0390625,4549500
2021-05-24,6350.0,6350.0,6225.0,6275.0,4927.14892578125,6645400
2021-05-25,6275.0,6325.0,6225.0,6300.0,4946.7783203125,9217700
2021-05-27,6325.0,6375.0,6250.0,6250.0,4907.51806640625,19375100
2021-05-28,6225.0,6300.0,6125.0,6225.0,4887.888671875,11134300
2021-05-31,6225.0,6350.0,6200.0,6350.0,4986.0390625,7281000
2021-06-02,6400.0,6475.0,6375.0,6450.0,5064.55908203125,8305800
2021-06-03,6450.0,6675.0,6400.0,6675.0,5241.2294921875,9230800
2021-06-04,6600.0,6625.0,6450.0,6575.0,5162.70947265625,7802700
2021-06-07,6575.0,6575.0,6400.0,6575.0,5162.70947265625,5807400
2021-06-08,6525.0,6550.0,6375.0,6375.0,5005.6689453125,5824900
2021-06-09,6375.0,6375.0,6250.0,6275.0,4927.14892578125,8710600
2021-06-10,6275.0,6325.0,6250.0,6250.0,4907.51806640625,7499200
2021-06-11,6300.0,6325.0,6250.0,6275.0,4927.14892578125,5349300
2021-06-14,6300.0,6325.0,6250.0,6275.0,4927.14892578125,1774100
2021-06-15,6275.0,6300.0,6250.0,6250.0,4907.51806640625,6205400
2021-06-16,6250.0,6375.0,6250.0,6275.0,4927.14892578125,3877900
2021-06-17,6275.0,6300.0,6225.0,6250.0,4907.51806640625,3618300
2021-06-18,6250.0,6250.0,5975.0,5975.0,4691.587890625,31608600
2021-06-21,5750.0,6100.0,5750.0,6025.0,4730.84765625,7919800
2021-06-22,6075.0,6275.0,6075.0,6175.0,4848.6279296875,7005100
2021-06-23,6175.0,6225.0,6025.0,6025.0,4730.84765625,8020900
2021-06-24,6025.0,6050.0,5925.0,5975.0,4691.587890625,7558400
2021-06-25,5975.0,6150.0,5975.0,6050.0,4750.4775390625,4983500
2021-06-28,6050.0,6100.0,6000.0,6000.0,4711.21728515625,4362200
2021-06-29,6025.0,6250.0,6000.0,6225.0,4887.888671875,11014600
2021-06-30,6225.0,6250.0,6150.0,6175.0,4848.6279296875,6063400
2021-07-01,6300.0,6600.0,6300.0,6550.0,5143.0791015625,25772000
2021-07-02,6600.0,6650.0,6475.0,6575.0,5162.70947265625,13176700
2021-07-05,6575.0,6650.0,6400.0,6450.0,5064.55908203125,9409300
2021-07-06,6500.0,6500.0,6400.0,6450.0,5064.55908203125,5961000
2021-07-07,6475.0,6575.0,6425.0,6450.0,5064.55908203125,8760800
2021-07-08,6450.0,6525.0,6425.0,6425.0,5044.92919921875,6331800
2021-07-09,6425.0,6575.0,6375.0,6475.0,5084.189453125,6737800
2021-07-12,6500.0,6625.0,6500.0,6600.0,5182.33935546875,6033900
2021-07-13,6600.0,6700.0,6575.0,6625.0,5201.9697265625,9462600
2021-07-14,6625.0,6625.0,6525.0,6625.0,5201.9697265625,9076900
2021-07-15,6650.0,6700.0,6575.0,6675.0,5241.2294921875,6065800
2021-07-16,6675.0,6700.0,6525.0,6625.0,5201.9697265625,5581900
2021-07-19,6625.0,6675.0,6550.0,6650.0,5221.599609375,6565300
2021-07-21,6650.0,6675.0,6500.0,6525.0,5123.44970703125,8853700
2021-07-22,6525.0,6575.0,6475.0,6525.0,5123.44970703125,6293400
2021-07-23,6525.0,6575.0,6450.0,6475.0,5084.189453125,6496900
2021-07-26,6475.0,6550.0,6475.0,6500.0,5103.8193359375,2365400
2021-07-27,6575.0,6575.0,6475.0,6575.0,5162.70947265625,3170500
2021-07-28,6575.0,6575.0,6425.0,6500.0,5103.8193359375,2551700
2021-07-29,6450.0,6500.0,6375.0,6375.0,5005.6689453125,8460000
2021-07-30,6400.0,6450.0,6075.0,6075.0,4770.10791015625,17612100
2021-08-02,6175.0,6225.0,6100.0,6175.0,4848.6279296875,7791300
2021-08-03,6175.0,6250.0,6125.0,6125.0,4809.36865234375,6803100
2021-08-04,6150.0,6200.0,6100.0,6175.0,4848.6279296875,8354800
2021-08-05,6200.0,6250.0,6175.0,6200.0,4868.25830078125,5577600
2021-08-06,6200.0,6300.0,6150.0,6225.0,4887.888671875,4446500
2021-08-09,6225.0,6275.0,6100.0,6150.0,4828.99853515625,4900300
2021-08-10,6125.0,6175.0,6050.0,6125.0,4809.36865234375,6276400
2021-08-12,6175.0,6250.0,6125.0,6200.0,4868.25830078125,8716200
2021-08-13,6250.0,6300.0,6200.0,6225.0,4887.888671875,4764300
2021-08-16,6275.0,6375.0,6200.0,6350.0,4986.0390625,7940600
2021-08-18,6400.0,6475.0,6375.0,6400.0,5025.298828125,6963400
2021-08-19,6375.0,6400.0,6175.0,6250.0,4907.51806640625,6790800
2021-08-20,6225.0,6225.0,6150.0,6175.0,4848.6279296875,4015600
2021-08-23,6200.0,6250.0,6175.0,6225.0,4887.888671875,4877300
2021-08-24,6225.0,6300.0,6175.0,6300.0,4946.7783203125,4955000
2021-08-25,6350.0,6375.0,6250.0,6325.0,4966.40869140625,5437500
2021-08-26,6350.0,6400.0,6275.0,6275.0,4927.14892578125,6674600
2021-08-27,6325.0,6450.0,6275.0,6425.0,5044.92919921875,11218400
2021-08-30,6450.0,6525.0,6425.0,6525.0,5123.44970703125,8838300
2021-08-31,6525.0,6525.0,6175.0,6175.0,4848.6279296875,29734700
2021-09-01,6275.0,6400.0,6275.0,6350.0,4986.0390625,10351400
2021-09-02,6400.0,6450.0,6375.0,6450.0,5064.55908203125,6606600
2021-09-03,6475.0,6550.0,6425.0,6525.0,5123.44970703125,14115000
2021-09-06,6550.0,6575.0,6450.0,6475.0,5084.189453125,11023000
2021-09-07,6300.0,6300.0,6200.0,6250.0,5127.67138671875,9378400
2021-09-08,6275.0,6275.0,6150.0,6175.0,5066.13916015625,11104500
2021-09-09,6175.0,6275.0,6150.0,6275.0,5148.1826171875,9251000
2021-09-10,6300.0,6300.0,6225.0,6225.0,5107.16162109375,3664000
2021-09-13,6200.0,6250.0,6175.0,6225.0,5107.16162109375,1815700
2021-09-14,6275.0,6275.0,6175.0,6175.0,5066.13916015625,3388600
2021-09-15,6175.0,6250.0,6175.0,6250.0,5127.67138671875,4024900
2021-09-16,6250.0,6275.0,6175.0,6200.0,5086.650390625,3692500
2021-09-17,6200.0,6225.0,6150.0,6200.0,5086.650390625,9684300
2021-09-20,6200.0,6225.0,6125.0,6150.0,5045.62939453125,3568800
2021-09-21,6150.0,6175.0,6100.0,6150.0,5045.62939453125,3730100
2021-09-22,6175.0,6200.0,6150.0,6200.0,5086.650390625,2410500
2021-09-23,6200.0,6225.0,6150.0,6150.0,5045.62939453125,5395000
2021-09-24,6150.0,6200.0,6100.0,6150.0,5045.62939453125,6243600
2021-09-27,6150.0,6175.0,6100.0,6100.0,5004.60791015625,4794800
2021-09-28,6100.0,6225.0,6100.0,6150.0,5045.62939453125,6688300
2021-09-29,6125.0,6175.0,6100.0,6150.0,5045.62939453125,4698800
2021-09-30,6200.0,6375.0,6175.0,6350.0,5209.71484375,17585000
2021-10-01,6325.0,6325.0,6175.0,6250.0,5127.67138671875,8796400
2021-10-04,6300.0,6450.0,6225.0,6425.0,5271.24658203125,13243300
2021-10-05,6425.0,6525.0,6350.0,6500.0,5332.77880859375,10904600
2021-10-06,6525.0,6650.0,6525.0,6600.0,5414.8212890625,14518800
2021-10-07,6625.0,6725.0,6625.0,6700.0,5496.86376953125,14057700
2021-10-08,6700.0,6750.0,6600.0,6700.0,5496.86376953125,7786300
2021-10-11,6725.0,6725.0,6600.0,6625.0,5435.33203125,4124900
2021-10-12,6650.0,6700.0,6600.0,6675.0,5476.35302734375,6394400
2021-10-13,6650.0,6825.0,6625.0,6775.0,5558.396484375,14065500
2021-10-14,6775.0,6900.0,6775.0,6850.0,5619.92822265625,20074200
2021-10-15,6900.0,6950.0,6750.0,6775.0,5558.396484375,15567200
2021-10-18,6850.0,6875.0,6750.0,6775.0,5558.396484375,14298500
2021-10-19,6775.0,6875.0,6725.0,6825.0,5599.41796875,13144700
2021-10-21,6850.0,6900.0,6700.0,6700.0,5496.86376953125,12586700
2021-10-22,6700.0,6700.0,6600.0,6650.0,5455.8427734375,7423900
2021-10-25,6675.0,6725.0,6625.0,6650.0,5455.8427734375,6118400
2021-10-26,6700.0,6725.0,6600.0,6675.0,5476.35302734375,7012800
2021-10-27,6625.0,6675.0,6450.0,6475.0,5312.26806640625,9480800
2021-10-28,6450.0,6500.0,6350.0,6400.0,5250.73583984375,10016800
2021-10-29,6400.0,6475.0,6350.0,6350.0,5209.71484375,8757400
2021-11-01,6325.0,6400.0,6250.0,6275.0,5148.1826171875,16153400
2021-11-02,6300.0,6350.0,6200.0,6275.0,5148.1826171875,11685600
2021-11-03,6275.0,6300.0,6200.0,6250.0,5127.67138671875,8534200
2021-11-04,6250.0,6350.0,6250.0,6275.0,5148.1826171875,7149400
2021-11-05,6275.0,6325.0,6225.0,6250.0,5127.67138671875,6618800
2021-11-08,6250.0,6325.0,6250.0,6275.0,5148.1826171875,6313200
2021-11-09,6300.0,6350.0,6275.0,6350.0,5209.71484375,7461700
2021-11-10,6350.0,6350.0,6250.0,6275.0,5148.1826171875,10524900
2021-11-11,6275.0,6350.0,6250.0,6325.0,5189.20361328125,11349000
2021-11-12,6350.0,6375.0,6300.0,6350.0,5209.71484375,3702900
2021-11-15,6350.0,6375.0,6250.0,6300.0,5168.69287109375,5020300
2021-11-16,6300.0,6325.0,6275.0,6300.0,5168.69287109375,5785000
2021-11-17,6300.0,6325.0,6275.0,6300.0,5168.69287109375,4586800
2021-11-18,6325.0,6575.0,6300.0,6550.0,5373.7998046875,27526600
2021-11-19,6600.0,6625.0,6500.0,6550.0,5373.7998046875,15329300
2021-11-22,6550.0,6650.0,6525.0,6625.0,5435.33203125,6550100
2021-11-23,6625.0,6650.0,6550.0,6600.0,5414.8212890625,5566900
2021-11-24,6600.0,6600.0,6450.0,6550.0,5373.7998046875,6460100
2021-11-25,6500.0,6550.0,6475.0,6475.0,5312.26806640625,5060400
2021-11-26,6475.0,6525.0,6325.0,6350.0,5209.71484375,10209100
2021-11-29,6325.0,6575.0,6300.0,6500.0,5332.77880859375,10021900
2021-11-30,6550.0,6550.0,6300.0,6300.0,5168.69287109375,18352800
2021-12-01,6400.0,6650.0,6400.0,6525.0,5353.28955078125,18018500
2021-12-02,6525.0,6600.0,6475.0,6475.0,5312.26806640625,7752700
2021-12-03,6475.0,6500.0,6400.0,6450.0,5291.75732421875,11984300
2021-12-06,6425.0,6525.0,6400.0,6425.0,5271.24658203125,9863600
2021-12-07,6425.0,6475.0,6350.0,6350.0,5209.71484375,7943100
2021-12-08,6375.0,6450.0,6375.0,6375.0,5230.22509765625,3746700
2021-12-09,6425.0,6550.0,6400.0,6550.0,5373.7998046875,5859900
2021-12-10,6500.0,6625.0,6450.0,6625.0,5435.33203125,9437900
2021-12-13,6625.0,6625.0,6550.0,6550.0,5373.7998046875,6051800
2021-12-14,6575.0,6575.0,6450.0,6450.0,5291.75732421875,6530400
2021-12-15,6500.0,6600.0,6475.0,6500.0,5332.77880859375,3988500
2021-12-16,6500.0,6575.0,6425.0,6425.0,5271.24658203125,5261600
2021-12-17,6425.0,6500.0,6425.0,6475.0,5312.26806640625,8264800
2021-12-20,6475.0,6500.0,6350.0,6375.0,5230.22509765625,5455500
2021-12-21,6375.0,6425.0,6325.0,6375.0,5230.22509765625,5431900
2021-12-22,6375.0,6400.0,6300.0,6300.0,5168.69287109375,4308500
2021-12-23,6350.0,6400.0,6300.0,6375.0,5230.22509765625,3952900
2021-12-24,6375.0,6400.0,6350.0,6400.0,5250.73583984375,2114600
2021-12-27,6400.0,6425.0,6350.0,6375.0,5230.22509765625,1824500
2021-12-28,6425.0,6425.0,6300.0,6325.0,5189.20361328125,3868400
2021-12-29,6350.0,6400.0,6325.0,6400.0,5250.73583984375,2810200
2021-12-30,6400.0,6425.0,6300.0,6325.0,5189.20361328125,5535600
2022-01-03,6325.0,6350.0,6250.0,6250.0,5127.67138671875,7155400
2022-01-04,6250.0,6325.0,6250.0,6275.0,5148.1826171875,9175000
2022-01-05,6300.0,6300.0,6200.0,6225.0,5107.16162109375,10376700
2022-01-06,6225.0,6300.0,6225.0,6300.0,5168.69287109375,4718900
2022-01-07,6350.0,6450.0,6325.0,6425.0,5271.24658203125,10167800
2022-01-10,6425.0,6475.0,6375.0,6400.0,5250.73583984375,7142500
2022-01-11,6450.0,6550.0,6400.0,6525.0,5353.28955078125,12672700
2022-01-12,6525.0,6600.0,6500.0,6600.0,5414.8212890625,9446400
2022-01-13,6600.0,6600.0,6525.0,6600.0,5414.8212890625,5598300
2022-01-14,6600.0,6600.0,6500.0,6500.0,5332.77880859375,6834000
2022-01-17,6500.0,6600.0,6425.0,6475.0,5312.26806640625,7248800
2022-01-18,6500.0,6525.0,6350.0,6425.0,5271.24658203125,7813200
2022-01-19,6450.0,6475.0,6375.0,6425.0,5271.24658203125,4464400
2022-01-20,6425.0,6450.0,6350.0,6350.0,5209.71484375,8229600
2022-01-21,6350.0,6500.0,6350.0,6475.0,5312.26806640625,7217800
2022-01-24,6475.0,6500.0,6375.0,6400.0,5250.73583984375,3787900
2022-01-25,6400.0,6450.0,6325.0,6350.0,5209.71484375,5219900
2022-01-26,6400.0,6475.0,6350.0,6450.0,5291.75732421875,6722000
2022-01-27,6425.0,6450.0,6350.0,6425.0,5271.24658203125,4047800
2022-01-28,6400.0,6425.0,6325.0,6375.0,5230.22509765625,5353300
2022-01-31,6350.0,6450.0,6325.0,6325.0,5189.20361328125,4971500
2022-02-02,6325.0,6400.0,6325.0,6400.0,5250.73583984375,3565700
2022-02-03,6400.0,6425.0,6350.0,6425.0,5271.24658203125,2665200
2022-02-04,6425.0,6475.0,6350.0,6425.0,5271.24658203125,3232400
2022-02-07,6425.0,6475.0,6400.0,6475.0,5312.26806640625,5443600
2022-02-08,6450.0,6475.0,6375.0,6375.0,5230.22509765625,5007900
2022-02-09,6425.0,6425.0,6325.0,6350.0,5209.71484375,8939600
2022-02-10,6350.0,6400.0,6300.0,6325.0,5189.20361328125,8112700
2022-02-11,6325.0,6350.0,6300.0,6350.0,5209.71484375,7515200
2022-02-14,6325.0,6350.0,6250.0,6350.0,5209.71484375,4262800
2022-02-15,6350.0,6375.0,6300.0,6375.0,5230.22509765625,5152400
2022-02-16,6375.0,6375.0,6300.0,6300.0,5168.69287109375,6400300
2022-02-17,6325.0,6375.0,6300.0,6375.0,5230.22509765625,3840500
2022-02-18,6375.0,6400.0,6350.0,6375.0,5230.22509765625,6763400
2022-02-21,6375.0,6375.0,6275.0,6275.0,5148.1826171875,8706200
2022-02-22,6275.0,6400.0,6275.0,6400.0,5250.73583984375,7470200
2022-02-23,6400.0,6425.0,6300.0,6400.0,5250.73583984375,6864000
2022-02-24,6375.0,6400.0,6250.0,6325.0,5189.20361328125,8360500
2022-02-25,6300.0,6350.0,6200.0,6200.0,5086.650390625,24140700
2022-03-01,6225.0,6275.0,6175.0,6175.0,5066.13916015625,15672200
2022-03-02,6175.0,6250.0,6100.0,6200.0,5086.650390625,14053900
2022-03-04,6150.0,6200.0,6050.0,6075.0,4984.0966796875,14789200
2022-03-07,6050.0,6050.0,5725.0,5725.0,4696.94775390625,35629100
2022-03-08,5750.0,6000.0,5725.0,5925.0,4861.0322265625,20442800
2022-03-09,5975.0,6000.0,5925.0,5950.0,4881.54345703125,8867300
2022-03-10,6025.0,6075.0,5950.0,6075.0,4984.0966796875,8016200
2022-03-11,6075.0,6075.0,5975.0,6050.0,4963.5859375,5351600
2022-03-14,6050.0,6200.0,6025.0,6100.0,5004.60791015625,8130600
2022-03-15,6100.0,6150.0,6000.0,6050.0,4963.5859375,8829700
2022-03-16,6050.0,6150.0,6025.0,6150.0,5045.62939453125,7731600
2022-03-17,6150.0,6200.0,6100.0,6125.0,5025.11865234375,7419900
2022-03-18,6125.0,6150.0,5975.0,6025.0,4943.0751953125,15851000
2022-03-21,6050.0,6075.0,5950.0,5975.0,4902.0546875,6475900
2022-03-22,5975.0,6050.0,5975.0,6025.0,4943.0751953125,6930300
2022-03-23,6000.0,6050.0,5975.0,5975.0,4902.0546875,5430300
2022-03-24,6000.0,6000.0,5925.0,5950.0,4881.54345703125,9611600
2022-03-25,5950.0,5950.0,5775.0,5775.0,4737.96875,21806000
2022-03-28,5750.0,5825.0,5725.0,5800.0,4758.4794921875,15893200
2022-03-29,5850.0,5900.0,5800.0,5825.0,4778.990234375,11353400
2022-03-30,5875.0,5950.0,5850.0,5925.0,4861.0322265625,11301400
2022-03-31,6000.0,6025.0,5925.0,5950.0,4881.54345703125,11813300
2022-04-01,5975.0,6050.0,5950.0,6050.0,4963.5859375,11891700
2022-04-04,6050.0,6100.0,6025.0,6100.0,5004.60791015625,10168700
2022-04-05,6100.0,6100.0,6025.0,6100.0,5004.60791015625,6112700
2022-04-06,6100.0,6100.0,6000.0,6100.0,5004.60791015625,10919600
2022-04-07,6075.0,6175.0,6025.0,6100.0,5004.60791015625,11712800
2022-04-08,6175.0,6175.0,6075.0,6125.0,5025.11865234375,9286800
2022-04-11,6125.0,6150.0,6025.0,6075.0,4984.0966796875,6762800
2022-04-12,6075.0,6150.0,6000.0,6150.0,5045.62939453125,9354300
2022-04-13,6150.0,6200.0,6075.0,6200.0,5086.650390625,11091100
2022-04-14,6200.0,6225.0,6125.0,6125.0,5025.11865234375,5824500
2022-04-18,6125.0,6200.0,6075.0,6125.0,5025.11865234375,8823500
2022-04-19,6125.0,6200.0,6100.0,6200.0,5086.650390625,6003800
2022-04-20,6225.0,6275.0,6200.0,6225.0,5107.16162109375,12880200
2022-04-21,6200.0,6325.0,6200.0,6250.0,5127.67138671875,12424000
2022-04-22,6250.0,6325.0,6200.0,6300.0,5168.69287109375,14597300
2022-04-25,6250.0,6350.0,6225.0,6300.0,5168.69287109375,9508800
2022-04-26,6300.0,6375.0,6225.0,6300.0,5168.69287109375,12656500
2022-04-27,6300.0,6400.0,6250.0,6350.0,5209.71484375,10374300
2022-04-28,6375.0,6375.0,6300.0,6300.0,5168.69287109375,9008400
2022-05-09,6225.0,6275.0,6000.0,6125.0,5025.11865234375,21830800
2022-05-10,6100.0,6400.0,6025.0,6400.0,5250.73583984375,22214800
2022-05-11,6400.0,6550.0,6400.0,6450.0,5291.75732421875,22876600
2022-05-12,6475.0,6525.0,6350.0,6400.0,5250.73583984375,14638500
2022-05-13,6375.0,6500.0,6325.0,6450.0,5291.75732421875,16624400
2022-05-17,6400.0,6500.0,6375.0,6500.0,5332.77880859375,13570400
2022-05-18,6500.0,6500.0,6400.0,6500.0,5332.77880859375,6964900
2022-05-19,6425.0,6500.0,6375.0,6450.0,5291.75732421875,13302700
2022-05-20,6450.0,6475.0,6400.0,6450.0,5291.75732421875,5765400
2022-05-23,6425.0,6475.0,6300.0,6400.0,5250.73583984375,11788700
2022-05-24,6400.0,6425.0,6275.0,6275.0,5148.1826171875,8924500
2022-05-25,6275.0,6400.0,6250.0,6400.0,5250.73583984375,8163400
2022-05-27,6400.0,6450.0,6325.0,6425.0,5271.24658203125,8665600
2022-05-30,6475.0,6475.0,6375.0,6450.0,5291.75732421875,4042200
2022-05-31,6450.0,6600.0,6400.0,6600.0,5414.8212890625,20679300
2022-06-02,6700.0,6700.0,6575.0,6700.0,5496.86376953125,19442300
2022-06-03,6700.0,6700.0,6600.0,6675.0,5476.35302734375,12168900
2022-06-06,6700.0,6925.0,6675.0,6925.0,5681.46044921875,27810700
2022-06-07,6900.0,6975.0,6825.0,6925.0,5681.46044921875,14439800
2022-06-08,6975.0,7000.0,6875.0,6975.0,5722.48095703125,14006900
2022-06-09,6975.0,6975.0,6800.0,6875.0,5640.4384765625,15634600
2022-06-10,6825.0,6875.0,6775.0,6875.0,5640.4384765625,7714700
2022-06-13,6775.0,6850.0,6625.0,6825.0,5599.41796875,12818500
2022-06-14,6800.0,6875.0,6650.0,6875.0,5640.4384765625,11888800
2022-06-15,6850.0,6875.0,6750.0,6800.0,5578.90673828125,8012700
2022-06-16,6800.0,6850.0,6700.0,6800.0,5578.90673828125,8840900
2022-06-17,6700.0,6825.0,6650.0,6825.0,5599.41796875,20368400
2022-06-20,6800.0,6900.0,6725.0,6900.0,5660.94970703125,10905200
2022-06-21,6900.0,6950.0,6850.0,6875.0,5640.4384765625,7172600
2022-06-22,6925.0,7000.0,6850.0,6975.0,5722.48095703125,14873800
2022-06-23,7000.0,7125.0,6925.0,7125.0,5845.54541015625,18142900
2022-06-24,7150.0,7175.0,7000.0,7075.0,5804.52490234375,15927400
2022-06-27,7075.0,7200.0,7000.0,7200.0,5907.07763671875,9670700
2022-06-28,7175.0,7250.0,7125.0,7250.0,5948.09912109375,13067400
2022-06-29,7225.0,7225.0,7075.0,7100.0,5825.03466796875,10225300
2022-06-30,7075.0,7150.0,7025.0,7050.0,5784.013671875,12205400
2022-07-01,7050.0,7100.0,6975.0,7025.0,5763.5029296875,6190600
2022-07-04,7025.0,7050.0,6725.0,6825.0,5599.41796875,8577700
2022-07-05,6850.0,7025.0,6850.0,6925.0,5681.46044921875,7717600
2022-07-06,6925.0,7000.0,6800.0,7000.0,5742.9921875,6837000
2022-07-07,7000.0,7025.0,6900.0,6900.0,5660.94970703125,6754100
2022-07-08,6950.0,7025.0,6925.0,7025.0,5763.5029296875,5318200
2022-07-11,7000.0,7025.0,6925.0,7025.0,5763.5029296875,2961000
2022-07-12,7050.0,7100.0,6975.0,7050.0,5784.013671875,5209400
2022-07-13,7000.0,7000.0,6800.0,6825.0,5599.41796875,10978800
2022-07-14,6825.0,6950.0,6800.0,6925.0,5681.46044921875,7611600
2022-07-15,6925.0,6950.0,6825.0,6900.0,5660.94970703125,4235000
2022-07-18,6900.0,7050.0,6875.0,7050.0,5784.013671875,8349100
2022-07-19,7050.0,7150.0,7050.0,7150.0,5866.05712890625,10570700
2022-07-20,7150.0,7175.0,7075.0,7100.0,5825.03466796875,9147600
2022-07-21,7125.0,7200.0,7050.0,7175.0,5886.5673828125,12515300
2022-07-22,7175.0,7200.0,7050.0,7050.0,5784.013671875,3703400
2022-07-25,7050.0,7075.0,7000.0,7025.0,5763.5029296875,4355300
2022-07-26,7025.0,7050.0,6950.0,7000.0,5742.9921875,6311400
2022-07-27,7000.0,7025.0,6925.0,7000.0,5742.9921875,7768600
2022-07-28,6950.0,7000.0,6875.0,6900.0,5660.94970703125,13846500
2022-07-29,6900.0,6925.0,6800.0,6800.0,5578.90673828125,17090700
2022-08-01,6825.0,6925.0,6825.0,6900.0,5660.94970703125,14285000
2022-08-02,6700.0,6750.0,6625.0,6700.0,5727.62939453125,11697200
2022-08-03,6675.0,6675.0,6525.0,6575.0,5620.77099609375,10883100
2022-08-04,6550.0,6650.0,6550.0,6650.0,5684.8857421875,14150300
2022-08-05,6650.0,6675.0,6550.0,6625.0,5663.5146484375,10508000
2022-08-08,6600.0,6650.0,6550.0,6625.0,5663.5146484375,9518400
2022-08-09,6625.0,6675.0,6550.0,6550.0,5599.3994140625,10862800
2022-08-10,6550.0,6625.0,6500.0,6625.0,5663.5146484375,11884700
2022-08-11,6650.0,6650.0,6600.0,6600.0,5642.142578125,7552600
2022-08-12,6650.0,6650.0,6575.0,6625.0,5663.5146484375,6935600
2022-08-15,6625.0,6625.0,6550.0,6625.0,5663.5146484375,3707800
2022-08-16,6625.0,6650.0,6450.0,6550.0,5599.3994140625,15973400
2022-08-18,6550.0,6600.0,6500.0,6575.0,5620.77099609375,10405500
2022-08-19,6600.0,6650.0,6575.0,6575.0,5620.77099609375,9669600
2022-08-22,6550.0,6650.0,6550.0,6650.0,5684.8857421875,6047100
2022-08-23,6650.0,6650.0,6600.0,6650.0,5684.8857421875,4805600
2022-08-24,6650.0,6650.0,6575.0,6650.0,5684.8857421875,5240700
2022-08-25,6650.0,6675.0,6575.0,6575.0,5620.77099609375,4791100
2022-08-26,6550.0,6600.0,6500.0,6500.0,5556.65576171875,6220300
2022-08-29,6475.0,6625.0,6450.0,6625.0,5663.5146484375,4316400
2022-08-30,6625.0,6625.0,6500.0,6500.0,5556.65576171875,7090200
2022-08-31,6300.0,6350.0,6200.0,6225.0,5321.56640625,28438200
2022-09-01,6225.0,6375.0,6225.0,6275.0,5364.31005859375,13391800
2022-09-02,6325.0,6425.0,6300.0,6400.0,5471.1689453125,13138800
2022-09-05,6400.0,6450.0,6325.0,6375.0,5449.796875,9181400
2022-09-06,6375.0,6425.0,6325.0,6350.0,5428.42529296875,6556900
2022-09-07,6325.0,6375.0,6275.0,6300.0,5385.681640625,11491000
2022-09-08,6350.0,6350.0,6250.0,6250.0,5342.9375,10362500
2022-09-09,6300.0,6325.0,6200.0,6225.0,5321.56640625,14636800
2022-09-12,6200.0,6275.0,6175.0,6225.0,5321.56640625,10782800
2022-09-13,6225.0,6300.0,6200.0,6200.0,5300.19482421875,9240200
2022-09-14,6200.0,6250.0,6150.0,6225.0,5321.56640625,8907600
2022-09-15,6225.0,6250.0,6175.0,6175.0,5278.82275390625,15583400
2022-09-16,6150.0,6300.0,6150.0,6300.0,5385.681640625,18158600
2022-09-19,6275.0,6275.0,6200.0,6200.0,5300.19482421875,9070800
2022-09-20,6250.0,6275.0,6200.0,6200.0,5300.19482421875,6634700
2022-09-21,6200.0,6250.0,6200.0,6250.0,5342.9375,7204000
2022-09-22,6225.0,6250.0,6175.0,6250.0,5342.9375,6200900
2022-09-23,6250.0,6275.0,6200.0,6200.0,5300.19482421875,6647900
2022-09-26,6225.0,6250.0,6150.0,6200.0,5300.19482421875,8771700
2022-09-27,6200.0,6225.0,6125.0,6150.0,5257.451171875,9551400
2022-09-28,6150.0,6150.0,6100.0,6100.0,5214.70751953125,13294700
2022-09-29,6100.0,6150.0,6025.0,6025.0,5150.5927734375,7205400
2022-09-30,6050.0,6175.0,6025.0,6025.0,5150.5927734375,12140400
2022-10-03,6025.0,6100.0,6025.0,6025.0,5150.5927734375,5291700
2022-10-04,6050.0,6125.0,6025.0,6050.0,5171.9638671875,8703800
2022-10-05,6100.0,6150.0,6025.0,6025.0,5150.5927734375,8316000
2022-10-06,6100.0,6100.0,6050.0,6100.0,5214.70751953125,5066900
2022-10-07,6075.0,6125.0,6025.0,6075.0,5193.33642578125,6908800
2022-10-10,6075.0,6150.0,6050.0,6125.0,5236.0791015625,6180000
2022-10-11,6100.0,6150.0,6050.0,6125.0,5236.0791015625,6202100
2022-10-12,6125.0,6125.0,6025.0,6075.0,5193.33642578125,5408900
2022-10-13,6100.0,6125.0,6025.0,6050.0,5171.9638671875,7809000
2022-10-14,6075.0,6100.0,6050.0,6050.0,5171.9638671875,5931800
2022-10-17,6050.0,6150.0,6025.0,6125.0,5236.0791015625,10678400
2022-10-18,6150.0,6175.0,6100.0,6175.0,5278.82275390625,7913800
2022-10-19,6200.0,6250.0,6125.0,6225.0,5321.56640625,12959800
2022-10-20,6225.0,6350.0,6200.0,6350.0,5428.42529296875,12801200
2022-10-21,6350.0,6375.0,6275.0,6275.0,5364.31005859375,7353500
2022-10-24,6300.0,6350.0,6275.0,6300.0,5385.681640625,7061800
2022-10-25,6300.0,6325.0,6200.0,6200.0,5300.19482421875,11860800
2022-10-26,6275.0,6350.0,6225.0,6325.0,5407.05322265625,10509600
2022-10-27,6325.0,6350.0,6275.0,6300.0,5385.681640625,8558700
2022-10-28,6350.0,6375.0,6300.0,6375.0,5449.796875,11249000
2022-10-31,6375.0,6475.0,6375.0,6450.0,5513.912109375,15454700
2022-11-01,6450.0,6475.0,6350.0,6450.0,5513.912109375,10859900
2022-11-02,6425.0,6450.0,6350.0,6425.0,5492.5400390625,8049600
2022-11-03,6400.0,6425.0,6325.0,6375.0,5449.796875,6507700
2022-11-04,6350.0,6450.0,6350.0,6450.0,5513.912109375,8342600
2022-11-07,6450.0,6500.0,6375.0,6500.0,5556.65576171875,9420800
2022-11-08,6550.0,6550.0,6400.0,6475.0,5535.28369140625,4847400
2022-11-09,6475.0,6550.0,6425.0,6550.0,5599.3994140625,11459700
2022-11-10,6550.0,6550.0,6400.0,6475.0,5535.28369140625,6477700
2022-11-11,6500.0,6500.0,6375.0,6400.0,5471.1689453125,6379700
2022-11-14,6425.0,6475.0,6375.0,6475.0,5535.28369140625,3416300
2022-11-15,6475.0,6500.0,6400.0,6500.0,5556.65576171875,6211600
2022-11-16,6500.0,6500.0,6400.0,6500.0,5556.65576171875,5248500
2022-11-17,6500.0,6525.0,6450.0,6525.0,5578.02734375,5720700
2022-11-18,6500.0,6525.0,6450.0,6500.0,5556.65576171875,3196400
2022-11-21,6500.0,6550.0,6475.0,6525.0,5578.02734375,3922700
2022-11-22,6525.0,6525.0,6450.0,6450.0,5513.912109375,4377700
2022-11-23,6475.0,6500.0,6400.0,6450.0,5513.912109375,4470700
2022-11-24,6450.0,6525.0,6400.0,6425.0,5492.5400390625,3331400
2022-11-25,6400.0,6425.0,6300.0,6325.0,5407.05322265625,7401400
2022-11-28,6325.0,6350.0,6250.0,6275.0,5364.31005859375,7771700
2022-11-29,6275.0,6375.0,6275.0,6325.0,5407.05322265625,6442200
2022-11-30,6325.0,6500.0,6325.0,6450.0,5513.912109375,27602900
2022-12-01,6550.0,6700.0,6525.0,6675.0,5706.2578125,23432500
2022-12-02,6675.0,6800.0,6550.0,6775.0,5791.74462890625,18869100
2022-12-05,6775.0,6775.0,6675.0,6775.0,5791.74462890625,5681800
2022-12-06,6775.0,6775.0,6650.0,6775.0,5791.74462890625,10495400
2022-12-07,6750.0,6850.0,6725.0,6850.0,5855.8603515625,13883500
2022-12-08,6850.0,6900.0,6750.0,6900.0,5898.603515625,12426900
2022-12-09,6875.0,6950.0,6825.0,6925.0,5919.9755859375,13036900
2022-12-12,6925.0,7000.0,6825.0,6975.0,5962.71875,11385900
2022-12-13,6975.0,6975.0,6850.0,6925.0,5919.9755859375,6947300
2022-12-14,6925.0,7000.0,6900.0,6950.0,5941.34716796875,8285900
2022-12-15,6950.0,7000.0,6900.0,6975.0,5962.71875,7323000
2022-12-16,6950.0,7000.0,6900.0,6950.0,5941.34716796875,18611800
2022-12-19,6950.0,7000.0,6850.0,7000.0,5984.0908203125,7004500
2022-12-20,6975.0,6975.0,6850.0,6975.0,5962.71875,4376800
2022-12-21,6975.0,6975.0,6850.0,6900.0,5898.603515625,2354800
2022-12-22,6900.0,6925.0,6800.0,6800.0,5813.11669921875,3586200
2022-12-23,6800.0,6875.0,6750.0,6825.0,5834.48828125,3652000
2022-12-26,6775.0,6875.0,6775.0,6875.0,5877.23193359375,1596500
2022-12-27,6875.0,6900.0,6800.0,6800.0,5813.11669921875,1878100
2022-12-28,6800.0,6850.0,6675.0,6725.0,5749.00146484375,5291600
2022-12-29,6700.0,6800.0,6700.0,6800.0,5813.11669921875,4037800
2022-12-30,6800.0,6800.0,6700.0,6725.0,5749.00146484375,3503600
2023-01-02,6725.0,6825.0,6725.0,6775.0,5791.74462890625,1627200
2023-01-03,6750.0,6850.0,6750.0,6750.0,5770.373046875,3939000
2023-01-04,6750.0,6925.0,6750.0,6850.0,5855.8603515625,5506500
2023-01-05,6875.0,6875.0,6775.0,6850.0,5855.8603515625,7888600
2023-01-06,6850.0,6950.0,6725.0,6950.0,5941.34716796875,6807500
2023-01-09,6950.0,7000.0,6800.0,6950.0,5941.34716796875,6662300
2023-01-10,6900.0,6900.0,6600.0,6675.0,5706.2578125,14808700
2023-01-11,6675.0,6725.0,6525.0,6675.0,5706.2578125,8614300
2023-01-12,6675.0,6700.0,6600.0,6625.0,5663.5146484375,5670600
2023-01-13,6625.0,6700.0,6500.0,6700.0,5727.62939453125,10145600
2023-01-16,6675.0,6725.0,6625.0,6700.0,5727.62939453125,5525400
2023-01-17,6725.0,6875.0,6700.0,6825.0,5834.48828125,10513800
2023-01-18,6825.0,6950.0,6800.0,6950.0,5941.34716796875,8657000
2023-01-19,6900.0,6950.0,6850.0,6875.0,5877.23193359375,5746900
2023-01-20,6875.0,6900.0,6775.0,6875.0,5877.23193359375,8859000
2023-01-24,6875.0,6925.0,6825.0,6925.0,5919.9755859375,2858200
2023-01-25,6925.0,6950.0,6800.0,6800.0,5813.11669921875,4065400
2023-01-26,6800.0,6850.0,6700.0,6700.0,5727.62939453125,7859300
2023-01-27,6700.0,6775.0,6675.0,6700.0,5727.62939453125,11380600
2023-01-30,6700.0,6800.0,6675.0,6800.0,5813.11669921875,4366900
2023-01-31,6800.0,6850.0,6650.0,6725.0,5749.00146484375,13151600
2023-02-01,6700.0,6725.0,6625.0,6650.0,5684.8857421875,6670400
2023-02-02,6650.0,6675.0,6575.0,6600.0,5642.142578125,12490700
2023-02-03,6625.0,6725.0,6600.0,6700.0,5727.62939453125,7031300
2023-02-06,6700.0,6725.0,6600.0,6675.0,5706.2578125,5734700
2023-02-07,6675.0,6700.0,6625.0,6675.0,5706.2578125,3099300
2023-02-08,6700.0,6800.0,6675.0,6800.0,5813.11669921875,6700000
2023-02-09,6800.0,6825.0,6750.0,6775.0,5791.74462890625,4626300
2023-02-10,6775.0,6900.0,6700.0,6900.0,5898.603515625,6431600
2023-02-13,6850.0,6875.0,6725.0,6725.0,5749.00146484375,5797100
2023-02-14,6725.0,6800.0,6700.0,6750.0,5770.373046875,4590400
2023-02-15,6700.0,6750.0,6600.0,6675.0,5706.2578125,7480200
2023-02-16,6675.0,6675.0,6600.0,6600.0,5642.142578125,5561500
2023-02-17,6600.0,6600.0,6500.0,6600.0,5642.142578125,11153200
2023-02-20,6550.0,6625.0,6550.0,6625.0,5663.5146484375,4762600
2023-02-21,6600.0,6625.0,6525.0,6525.0,5578.02734375,6341600
2023-02-22,6525.0,6600.0,6525.0,6600.0,5642.142578125,2984600
2023-02-23,6600.0,6625.0,6550.0,6575.0,5620.77099609375,4014800
2023-02-24,6575.0,6625.0,6550.0,6575.0,5620.77099609375,2435400
2023-02-27,6575.0,6600.0,6525.0,6600.0,5642.142578125,6349700
2023-02-28,6600.0,6600.0,6475.0,6475.0,5535.28369140625,15811400
2023-03-01,6475.0,6500.0,6275.0,6275.0,5364.31005859375,14766000
2023-03-02,6300.0,6350.0,6250.0,6250.0,5342.9375,9675100
2023-03-03,6250.0,6325.0,6250.0,6275.0,5364.31005859375,7910700
2023-03-06,6300.0,6325.0,6250.0,6250.0,5342.9375,5126200
2023-03-07,6250.0,6325.0,6200.0,6250.0,5342.9375,8384500
2023-03-08,6250.0,6275.0,6150.0,6150.0,5257.451171875,9222400
2023-03-09,6175.0,6250.0,6150.0,6150.0,5257.451171875,5789000
2023-03-10,6150.0,6200.0,6100.0,6125.0,5236.0791015625,5466400
2023-03-13,6125.0,6225.0,6100.0,6125.0,5236.0791015625,5179700
2023-03-14,6150.0,6225.0,6125.0,6175.0,5278.82275390625,7033700
2023-03-15,6175.0,6225.0,6100.0,6100.0,5214.70751953125,6553100
2023-03-16,6100.0,6175.0,6050.0,6150.0,5257.451171875,3570900
2023-03-17,6150.0,6225.0,6100.0,6125.0,5236.0791015625,17695500
2023-03-20,6125.0,6200.0,6125.0,6200.0,5300.19482421875,2325300
2023-03-21,6225.0,6225.0,6125.0,6125.0,5236.0791015625,7628100
2023-03-24,6200.0,6400.0,6175.0,6325.0,5407.05322265625,9974300
2023-03-27,6425.0,6425.0,6350.0,6375.0,5449.796875,7332800
2023-03-28,6375.0,6450.0,6350.0,6375.0,5449.796875,7110100
2023-03-29,6400.0,6475.0,6350.0,6350.0,5428.42529296875,10059800
2023-03-30,6400.0,6475.0,6350.0,6400.0,5471.1689453125,7313600
2023-03-31,6400.0,6425.0,6200.0,6200.0,5300.19482421875,15207500
2023-04-03,6200.0,6250.0,6175.0,6175.0,5278.82275390625,7453300
2023-04-04,6175.0,6350.0,6175.0,6350.0,5428.42529296875,7999600
2023-04-05,6375.0,6375.0,6275.0,6275.0,5364.31005859375,6600000
2023-04-06,6300.0,6350.0,6250.0,6250.0,5342.9375,6684600
2023-04-10,6275.0,6325.0,6200.0,6325.0,5407.05322265625,5879200
2023-04-11,6325.0,6350.0,6250.0,6350.0,5428.42529296875,4139000
2023-04-12,6325.0,6350.0,6250.0,6275.0,5364.31005859375,7923000
2023-04-13,6300.0,6325.0,6275.0,6275.0,5364.31005859375,2624900
2023-04-14,6275.0,6400.0,6275.0,6300.0,5385.681640625,8912100
2023-04-17,6325.0,6400.0,6275.0,6325.0,5407.05322265625,10704300
2023-04-18,6400.0,6400.0,6325.0,6350.0,5428.42529296875,4925100
2023-04-26,6400.0,6500.0,6375.0,6500.0,5556.65576171875,14098900
2023-04-27,6475.0,6500.0,6375.0,6425.0,5492.5400390625,7393900
2023-04-28,6425.0,6500.0,6400.0,6450.0,5513.912109375,11951800
2023-05-02,6475.0,6500.0,6400.0,6500.0,5556.65576171875,6229800
2023-05-03,6775.0,6800.0,6550.0,6650.0,5684.8857421875,20460100
2023-05-04,6600.0,6700.0,6550.0,6625.0,5663.5146484375,13351700
2023-05-05,6650.0,6700.0,6575.0,6700.0,5727.62939453125,8005500
2023-05-08,6700.0,6875.0,6675.0,6875.0,5877.23193359375,15963300
2023-05-09,6875.0,6900.0,6775.0,6825.0,5834.48828125,8982000
2023-05-10,6850.0,6900.0,6800.0,6900.0,5898.603515625,8697100
2023-05-11,6900.0,6900.0,6750.0,6800.0,5813.11669921875,4955500
2023-05-12,6800.0,6800.0,6700.0,6725.0,5749.00146484375,8843800
2023-05-15,6725.0,6775.0,6675.0,6725.0,5749.00146484375,8207300
2023-05-16,6725.0,6850.0,6700.0,6825.0,5834.48828125,12010300
2023-05-17,6825.0,6850.0,6725.0,6800.0,5813.11669921875,8442300
2023-05-19,6800.0,6950.0,6775.0,6950.0,5941.34716796875,13551700
2023-05-22,6950.0,7000.0,6875.0,6900.0,5898.603515625,9774100
2023-05-23,6900.0,6975.0,6900.0,6950.0,5941.34716796875,17598400
2023-05-24,6950.0,6975.0,6875.0,6950.0,5941.34716796875,10056700
2023-05-25,6975.0,7175.0,6950.0,7100.0,6069.5771484375,18238400
2023-05-26,7100.0,7250.0,7100.0,7200.0,6155.064453125,12859400
2023-05-29,7200.0,7275.0,7125.0,7200.0,6155.064453125,8783500
2023-05-30,7175.0,7200.0,7150.0,7150.0,6112.3212890625,4062300
2023-05-31,7175.0,7275.0,7100.0,7100.0,6069.5771484375,30276400
2023-06-05,7200.0,7275.0,7150.0,7250.0,6197.80810546875,16147500
2023-06-06,7275.0,7475.0,7250.0,7375.0,6304.6669921875,20431800
2023-06-07,7425.0,7475.0,7400.0,7450.0,6368.7822265625,15381300
2023-06-08,7500.0,7500.0,7375.0,7425.0,6347.41015625,7128700
2023-06-09,7325.0,7475.0,7325.0,7425.0,6347.41015625,7917400
2023-06-12,7450.0,7475.0,7425.0,7450.0,6368.7822265625,9202800
2023-06-13,7475.0,7475.0,7350.0,7350.0,6283.294921875,6909100
2023-06-14,7350.0,7450.0,7350.0,7425.0,6347.41015625,7028600
2023-06-15,7450.0,7475.0,7400.0,7450.0,6368.7822265625,6013200
2023-06-16,7425.0,7475.0,7275.0,7275.0,6219.1796875,20763800
2023-06-19,7275.0,7400.0,7275.0,7400.0,6326.0390625,12730100
2023-06-20,7375.0,7375.0,7125.0,7150.0,6112.3212890625,15719800
2023-06-21,7175.0,7400.0,7175.0,7375.0,6304.6669921875,9816700
2023-06-22,7375.0,7400.0,7225.0,7225.0,6176.4365234375,6933500
2023-06-23,7250.0,7400.0,7250.0,7300.0,6240.5517578125,6846700
2023-06-26,7350.0,7425.0,7300.0,7325.0,6261.923828125,10303900
2023-06-27,7350.0,7350.0,7250.0,7350.0,6283.294921875,5117200
2023-07-03,7350.0,7375.0,7225.0,7250.0,6197.80810546875,13036000
2023-07-04,7275.0,7375.0,7250.0,7375.0,6304.6669921875,7371300
2023-07-05,7375.0,7475.0,7350.0,7425.0,6347.41015625,9377600
2023-07-06,7425.0,7475.0,7375.0,7450.0,6368.7822265625,18386200
2023-07-07,7300.0,7350.0,7225.0,7275.0,6441.38623046875,13723700
2023-07-10,7300.0,7325.0,7250.0,7250.0,6419.2509765625,5040100
2023-07-11,7250.0,7325.0,7250.0,7300.0,6463.52197265625,6802300
2023-07-12,7325.0,7475.0,7275.0,7400.0,6552.06298828125,7082100
2023-07-13,7400.0,7525.0,7400.0,7450.0,6596.33349609375,13443000
2023-07-14,7475.0,7550.0,7425.0,7450.0,6596.33349609375,8083900
2023-07-17,7425.0,7450.0,7300.0,7300.0,6463.52197265625,8103500
2023-07-18,7325.0,7350.0,7225.0,7350.0,6507.79248046875,4210000
2023-07-20,7350.0,7375.0,7250.0,7325.0,6485.6572265625,4843300
2023-07-21,7325.0,7350.0,7250.0,7325.0,6485.6572265625,4121300
2023-07-24,7350.0,7350.0,7275.0,7275.0,6441.38623046875,2613300
2023-07-25,7325.0,7325.0,7175.0,7175.0,6352.84521484375,7641300
2023-07-26,7175.0,7250.0,7150.0,7175.0,6352.84521484375,6788300
2023-07-27,7175.0,7325.0,7175.0,7250.0,6419.2509765625,4790800
2023-07-28,7275.0,7325.0,7200.0,7325.0,6485.6572265625,6679800
2023-07-31,7325.0,7375.0,7250.0,7325.0,6485.6572265625,10226200
2023-08-01,7275.0,7275.0,7000.0,7000.0,6197.8974609375,15284400
2023-08-02,7000.0,7050.0,6900.0,7050.0,6242.16845703125,10482500
2023-08-03,7050.0,7125.0,7000.0,7050.0,6242.16845703125,7667100
2023-08-04,7050.0,7100.0,7000.0,7050.0,6242.16845703125,3234300
2023-08-07,7100.0,7125.0,7050.0,7075.0,6264.3037109375,6723400
2023-08-08,7025.0,7100.0,6975.0,7000.0,6197.8974609375,10356300
2023-08-09,7000.0,7000.0,6925.0,6975.0,6175.76171875,8377200
2023-08-10,6975.0,7100.0,6975.0,7075.0,6264.3037109375,11422100
2023-08-11,7100.0,7100.0,7000.0,7050.0,6242.16845703125,10644900
2023-08-14,7050.0,7075.0,6975.0,7050.0,6242.16845703125,9921900
2023-08-15,7050.0,7050.0,6950.0,7000.0,6197.8974609375,5207500
2023-08-16,7000.0,7100.0,6975.0,7100.0,6286.4384765625,4884000
2023-08-18,7050.0,7100.0,7000.0,7050.0,6242.16845703125,6531000
2023-08-21,7050.0,7050.0,6950.0,7000.0,6197.8974609375,7689000
2023-08-22,6975.0,7050.0,6975.0,7000.0,6197.8974609375,3011900
2023-08-23,7000.0,7150.0,7000.0,7075.0,6264.3037109375,8107300
2023-08-24,7075.0,7125.0,7025.0,7025.0,6220.03271484375,5008100
2023-08-25,7025.0,7150.0,7000.0,7125.0,6308.57421875,6990900
2023-08-28,7125.0,7175.0,7075.0,7100.0,6286.4384765625,3667400
2023-08-29,7150.0,7200.0,7100.0,7150.0,6330.70947265625,7986000
2023-08-30,7150.0,7175.0,7025.0,7050.0,6242.16845703125,6222700
2023-08-31,7050.0,7100.0,7025.0,7100.0,6286.4384765625,8339000
2023-09-01,7100.0,7100.0,7000.0,7000.0,6197.8974609375,7093600
2023-09-04,7000.0,7050.0,6875.0,6900.0,6109.35595703125,10757100
2023-09-05,6900.0,6900.0,6825.0,6850.0,6065.08544921875,9101400
2023-09-06,6850.0,6900.0,6825.0,6875.0,6087.220703125,11380400
2023-09-07,6875.0,6950.0,6850.0,6950.0,6153.62646484375,11387100
2023-09-08,6975.0,6975.0,6875.0,6925.0,6131.49169921875,6631800
2023-09-11,6925.0,6950.0,6875.0,6950.0,6153.62646484375,4051500
2023-09-12,6975.0,6975.0,6825.0,6850.0,6065.08544921875,7691500
2023-09-13,6850.0,6900.0,6800.0,6900.0,6109.35595703125,7498200
2023-09-14,6850.0,6875.0,6700.0,6700.0,5932.27294921875,14765100
2023-09-15,6700.0,6750.0,6650.0,6750.0,5976.5439453125,16267700
2023-09-18,6750.0,6750.0,6575.0,6600.0,5843.73193359375,10488700
2023-09-19,6600.0,6700.0,6600.0,6675.0,5910.1376953125,4209900
2023-09-20,6675.0,6925.0,6675.0,6800.0,6020.81494140625,13558600
2023-09-21,6800.0,6875.0,6650.0,6700.0,5932.27294921875,14277900
2023-09-22,6700.0,6800.0,6700.0,6775.0,5998.67919921875,8640500
2023-09-25,6800.0,6825.0,6700.0,6775.0,5998.67919921875,10989900
2023-09-26,6775.0,6800.0,6700.0,6700.0,5932.27294921875,8020900
2023-09-27,6700.0,6775.0,6650.0,6750.0,5976.5439453125,6313500
2023-09-29,6750.0,6775.0,6625.0,6625.0,5865.8671875,10802800
2023-10-02,6625.0,6800.0,6625.0,6750.0,5976.5439453125,6077200
2023-10-03,6750.0,6825.0,6725.0,6725.0,5954.40869140625,8195600
2023-10-04,6725.0,6775.0,6675.0,6750.0,5976.5439453125,10500800
2023-10-05,6775.0,6975.0,6725.0,6875.0,6087.220703125,15362100
2023-10-06,6925.0,7100.0,6850.0,6875.0,6087.220703125,11936900
2023-10-09,6900.0,6925.0,6800.0,6850.0,6065.08544921875,6425200
2023-10-10,6900.0,6950.0,6800.0,6800.0,6020.81494140625,4329100
2023-10-11,6825.0,6900.0,6750.0,6750.0,5976.5439453125,14465700
2023-10-12,6750.0,6850.0,6725.0,6725.0,5954.40869140625,7306700
2023-10-13,6750.0,6775.0,6700.0,6700.0,5932.27294921875,3865100
2023-10-16,6700.0,6775.0,6675.0,6725.0,5954.40869140625,6263100
2023-10-17,6750.0,6850.0,6725.0,6850.0,6065.08544921875,6085400
2023-10-18,6850.0,6850.0,6750.0,6800.0,6020.81494140625,6339600
2023-10-19,6800.0,6800.0,6700.0,6750.0,5976.5439453125,8549100
2023-10-20,6725.0,6750.0,6650.0,6675.0,5910.1376953125,4622200
2023-10-23,6700.0,6725.0,6600.0,6600.0,5843.73193359375,6392900
2023-10-24,6600.0,6800.0,6600.0,6725.0,5954.40869140625,5377200
2023-10-25,6725.0,6825.0,6725.0,6750.0,5976.5439453125,3305700
2023-10-26,6750.0,6825.0,6625.0,6750.0,5976.5439453125,13444300
2023-10-27,6750.0,6800.0,6700.0,6750.0,5976.5439453125,3881200
2023-10-30,6750.0,6775.0,6625.0,6725.0,5954.40869140625,7559900
2023-10-31,6725.0,6750.0,6600.0,6650.0,5888.00244140625,5296800
2023-11-01,6700.0,6950.0,6600.0,6650.0,5888.00244140625,17099100
2023-11-02,6700.0,6700.0,6475.0,6475.0,5733.05517578125,14730300
2023-11-03,6500.0,6550.0,6325.0,6375.0,5644.513671875,17258700
2023-11-06,6375.0,6425.0,6325.0,6350.0,5622.37841796875,11673400
2023-11-07,6350.0,6400.0,6325.0,6375.0,5644.513671875,8637700
2023-11-08,6375.0,6400.0,6225.0,6350.0,5622.37841796875,9490600
2023-11-09,6350.0,6400.0,6300.0,6325.0,5600.2431640625,4705100
2023-11-10,6325.0,6375.0,6300.0,6325.0,5600.2431640625,4843800
2023-11-13,6350.0,6450.0,6325.0,6450.0,5710.91943359375,5301800
2023-11-14,6450.0,6500.0,6375.0,6375.0,5644.513671875,4049000
2023-11-15,6425.0,6475.0,6425.0,6425.0,5688.7841796875,4640400
2023-11-16,6450.0,6475.0,6350.0,6450.0,5710.91943359375,4296200
2023-11-17,6450.0,6450.0,6350.0,6425.0,5688.7841796875,4205400
2023-11-20,6450.0,6475.0,6400.0,6400.0,5666.6494140625,2162700
2023-11-21,6425.0,6450.0,6350.0,6425.0,5688.7841796875,4177300
2023-11-22,6425.0,6425.0,6350.0,6350.0,5622.37841796875,5321400
2023-11-23,6375.0,6425.0,6325.0,6350.0,5622.37841796875,4273200
2023-11-24,6350.0,6425.0,6350.0,6425.0,5688.7841796875,1745400
2023-11-27,6425.0,6500.0,6400.0,6400.0,5666.6494140625,5362700
2023-11-28,6400.0,6450.0,6375.0,6375.0,5644.513671875,5766500
2023-11-29,6400.0,6450.0,6375.0,6425.0,5688.7841796875,4533600
2023-11-30,6375.0,6425.0,6275.0,6425.0,5688.7841796875,27474900
2023-12-01,6425.0,6425.0,6300.0,6325.0,5600.2431640625,10269200
2023-12-04,6350.0,6400.0,6325.0,6350.0,5622.37841796875,6679200
2023-12-05,6375.0,6475.0,6350.0,6475.0,5733.05517578125,7961900
2023-12-06,6450.0,6625.0,6425.0,6500.0,5755.1904296875,10236700
2023-12-07,6500.0,6500.0,6400.0,6450.0,5710.91943359375,5407500
2023-12-08,6400.0,6425.0,6325.0,6400.0,5666.6494140625,7280800
2023-12-11,6400.0,6400.0,6325.0,6375.0,5644.513671875,4425400
2023-12-12,6375.0,6425.0,6350.0,6425.0,5688.7841796875,3053800
2023-12-13,6400.0,6425.0,6350.0,6400.0,5666.6494140625,3848400
2023-12-14,6400.0,6450.0,6375.0,6400.0,5666.6494140625,2822100
2023-12-15,6350.0,6375.0,6325.0,6325.0,5600.2431640625,11985300
2023-12-18,6325.0,6375.0,6250.0,6275.0,5555.97216796875,14586700
2023-12-19,6275.0,6350.0,6250.0,6325.0,5600.2431640625,2670000
2023-12-20,6325.0,6350.0,6275.0,6275.0,5555.97216796875,5902400
2023-12-21,6300.0,6325.0,6250.0,6275.0,5555.97216796875,5786000
2023-12-22,6300.0,6350.0,6275.0,6275.0,5555.97216796875,6712600
2023-12-27,6275.0,6400.0,6275.0,6350.0,5622.37841796875,3536000
2023-12-28,6350.0,6500.0,6350.0,6450.0,5710.91943359375,8530100
2023-12-29,6475.0,6475.0,6400.0,6450.0,5710.91943359375,4935900
2024-01-02,6450.0,6475.0,6375.0,6450.0,5710.91943359375,5426000
2024-01-03,6450.0,6475.0,6400.0,6400.0,5666.6494140625,4723600
2024-01-04,6425.0,6500.0,6400.0,6450.0,5710.91943359375,3613500
2024-01-05,6475.0,6550.0,6450.0,6450.0,5710.91943359375,8987300
2024-01-08,6450.0,6500.0,6400.0,6400.0,5666.6494140625,5581500
2024-01-09,6400.0,6425.0,6350.0,6375.0,5644.513671875,7189600
2024-01-10,6375.0,6450.0,6350.0,6350.0,5622.37841796875,8212600
2024-01-11,6400.0,6425.0,6350.0,6350.0,5622.37841796875,3817600
2024-01-12,6350.0,6400.0,6350.0,6375.0,5644.513671875,5482500
2024-01-15,6400.0,6500.0,6400.0,6450.0,5710.91943359375,6476000
2024-01-16,6475.0,6525.0,6425.0,6450.0,5710.91943359375,9762800
2024-01-17,6450.0,6450.0,6350.0,6400.0,5666.6494140625,7956300
2024-01-18,6375.0,6400.0,6325.0,6375.0,5644.513671875,6634800
2024-01-19,6400.0,6475.0,6350.0,6450.0,5710.91943359375,7319600
2024-01-22,6450.0,6475.0,6400.0,6425.0,5688.7841796875,7346000
2024-01-23,6425.0,6425.0,6350.0,6400.0,5666.6494140625,7874600
2024-01-24,6400.0,6450.0,6375.0,6450.0,5710.91943359375,4089900
2024-01-25,6450.0,6475.0,6400.0,6400.0,5666.6494140625,6866400
2024-01-26,6400.0,6450.0,6375.0,6425.0,5688.7841796875,5164900
2024-01-29,6425.0,6425.0,6375.0,6425.0,5688.7841796875,6407200
2024-01-30,6400.0,6425.0,6375.0,6400.0,5666.6494140625,4531400
2024-01-31,6375.0,6425.0,6375.0,6375.0,5644.513671875,9544700
2024-02-01,6350.0,6450.0,6350.0,6350.0,5622.37841796875,10779600
2024-02-02,6350.0,6400.0,6350.0,6400.0,5666.6494140625,7356800
2024-02-05,6400.0,6425.0,6300.0,6300.0,5578.10791015625,9865400
2024-02-06,6325.0,6400.0,6300.0,6350.0,5622.37841796875,9445700
2024-02-07,6375.0,6450.0,6325.0,6350.0,5622.37841796875,10270400
2024-02-12,6350.0,6450.0,6350.0,6400.0,5666.6494140625,7077000
2024-02-13,6400.0,6450.0,6350.0,6350.0,5622.37841796875,5485300
2024-02-15,6425.0,6475.0,6375.0,6400.0,5666.6494140625,12271900
2024-02-16,6400.0,6475.0,6400.0,6425.0,5688.7841796875,5762300
2024-02-19,6450.0,6575.0,6425.0,6475.0,5733.05517578125,8429500
2024-02-20,6475.0,6575.0,6475.0,6550.0,5799.46142578125,5677400
2024-02-21,6550.0,6600.0,6500.0,6600.0,5843.73193359375,10104200
2024-02-22,6600.0,6725.0,6575.0,6725.0,5954.40869140625,9489900
2024-02-23,6750.0,6750.0,6625.0,6725.0,5954.40869140625,8713200
2024-02-26,6675.0,6700.0,6550.0,6625.0,5865.8671875,7884800
2024-02-27,6600.0,6600.0,6525.0,6575.0,5821.5966796875,5456800
2024-02-28,6575.0,6625.0,6550.0,6625.0,5865.8671875,2090500
2024-02-29,6625.0,6650.0,6525.0,6625.0,5865.8671875,10783000
2024-03-01,6550.0,6675.0,6550.0,6675.0,5910.1376953125,6023600
2024-03-04,6675.0,6675.0,6550.0,6550.0,5799.46142578125,5809200
2024-03-05,6575.0,6575.0,6475.0,6500.0,5755.1904296875,6990600
2024-03-06,6500.0,6550.0,6475.0,6500.0,5755.1904296875,4956200
2024-03-07,6475.0,6500.0,6350.0,6350.0,5622.37841796875,11093000
2024-03-08,6375.0,6400.0,6325.0,6350.0,5622.37841796875,11796000
2024-03-13,6350.0,6425.0,6300.0,6300.0,5578.10791015625,13159000
2024-03-14,6325.0,6425.0,6300.0,6425.0,5688.7841796875,9245200
2024-03-15,6425.0,6500.0,6375.0,6425.0,5688.7841796875,21189100
2024-03-18,6450.0,6500.0,6400.0,6450.0,5710.91943359375,5242800
2024-03-19,6450.0,6475.0,6375.0,6425.0,5688.7841796875,9572300
2024-03-20,6450.0,6475.0,6425.0,6475.0,5733.05517578125,5278100
2024-03-21,6475.0,6525.0,6425.0,6450.0,5710.91943359375,7929300
2024-03-22,6450.0,6475.0,6400.0,6425.0,5688.7841796875,3483700
2024-03-25,6500.0,6500.0,6425.0,6450.0,5710.91943359375,5631900
2024-03-26,6400.0,6400.0,6225.0,6375.0,5644.513671875,14396800
2024-03-27,6350.0,6375.0,6275.0,6325.0,5600.2431640625,9153300
2024-03-28,6325.0,6375.0,6325.0,6375.0,5644.513671875,6138100
2024-04-01,6400.0,6425.0,6325.0,6425.0,5688.7841796875,9236200
2024-04-02,6425.0,6600.0,6400.0,6600.0,5843.73193359375,12799100
2024-04-03,6600.0,6600.0,6525.0,6550.0,5799.46142578125,10251600
2024-04-04,6550.0,6550.0,6475.0,6500.0,5755.1904296875,4924100
2024-04-05,6500.0,6575.0,6500.0,6500.0,5755.1904296875,6930600
2024-04-16,6300.0,6375.0,6125.0,6150.0,5445.2958984375,31099400
2024-04-17,6175.0,6200.0,6050.0,6050.0,5356.75439453125,12128500
2024-04-18,6050.0,6125.0,6050.0,6125.0,5423.16015625,11611100
2024-04-19,6100.0,6100.0,6025.0,6100.0,5401.02490234375,10631200
2024-04-22,6100.0,6150.0,6025.0,6150.0,5445.2958984375,8102700
2024-04-23,6150.0,6150.0,6025.0,6025.0,5334.61865234375,7475600
2024-04-24,6050.0,6100.0,6025.0,6050.0,5356.75439453125,5024200
2024-04-25,6075.0,6200.0,6050.0,6200.0,5489.56640625,7265800
2024-04-26,6200.0,6200.0,6050.0,6050.0,5356.75439453125,5110600
2024-04-29,6075.0,6175.0,6050.0,6175.0,5467.4306640625,5155300
2024-04-30,6200.0,6300.0,6125.0,6250.0,5533.83642578125,8890900
2024-05-02,6250.0,6275.0,6150.0,6225.0,5511.70166015625,9811900
2024-05-03,6250.0,6250.0,6125.0,6225.0,5511.70166015625,3416500
2024-05-06,6275.0,6275.0,6150.0,6225.0,5511.70166015625,5501200
2024-05-07,6225.0,6250.0,6150.0,6150.0,5445.2958984375,4465300
2024-05-08,6175.0,6200.0,6100.0,6200.0,5489.56640625,6840500
2024-05-13,6175.0,6175.0,6025.0,6100.0,5401.02490234375,10170800
2024-05-14,6125.0,6175.0,6075.0,6175.0,5467.4306640625,7383800
2024-05-15,6150.0,6175.0,6050.0,6100.0,5401.02490234375,7161400
2024-05-16,6100.0,6175.0,6100.0,6150.0,5445.2958984375,8487800
2024-05-17,6150.0,6200.0,6100.0,6150.0,5445.2958984375,6993300
2024-05-20,6150.0,6250.0,6150.0,6225.0,5511.70166015625,6498900
2024-05-21,6225.0,6225.0,6100.0,6150.0,5445.2958984375,9376200
2024-05-22,6150.0,6175.0,6100.0,6150.0,5445.2958984375,3596200
2024-05-27,6150.0,6175.0,6025.0,6125.0,5423.16015625,9550900
2024-05-28,6125.0,6175.0,6075.0,6125.0,5423.16015625,5510700
2024-05-29,6100.0,6125.0,6050.0,6125.0,5423.16015625,8131100
2024-05-30,6125.0,6125.0,6025.0,6050.0,5356.75439453125,9246200
2024-05-31,6075.0,6100.0,5875.0,5875.0,5201.80712890625,30407000
2024-06-03,5900.0,6050.0,5900.0,6050.0,5356.75439453125,11655600
2024-06-04,6050.0,6150.0,6025.0,6100.0,5401.02490234375,6440500
2024-06-05,6150.0,6200.0,6100.0,6125.0,5423.16015625,4633000
2024-06-06,6175.0,6200.0,6125.0,6200.0,5489.56640625,5444400
2024-06-07,6200.0,6250.0,6150.0,6200.0,5489.56640625,3728000
2024-06-10,6225.0,6225.0,6100.0,6175.0,5467.4306640625,4207500
2024-06-11,6150.0,6175.0,6100.0,6125.0,5423.16015625,5396100
2024-06-12,6125.0,6200.0,6100.0,6200.0,5489.56640625,6352800
2024-06-13,6200.0,6200.0,6100.0,6125.0,5423.16015625,5135700
2024-06-14,6125.0,6150.0,6025.0,6075.0,5378.89013671875,7040000
2024-06-19,6075.0,6100.0,5850.0,5925.0,5246.0771484375,12196300
2024-06-20,5950.0,5950.0,5850.0,5925.0,5246.0771484375,8634300
2024-06-21,5925.0,6100.0,5900.0,5975.0,5290.34814453125,17023600
2024-06-24,6025.0,6025.0,5925.0,5925.0,5246.0771484375,6285700
2024-06-25,5950.0,5975.0,5875.0,5950.0,5268.212890625,5323200
2024-06-26,5950.0,5950.0,5875.0,5900.0,5223.9423828125,7732400
2024-06-27,5950.0,6050.0,5925.0,6025.0,5334.61865234375,6280500
2024-06-28,6000.0,6150.0,6000.0,6075.0,5378.89013671875,10535600
2024-07-01,6075.0,6100.0,6025.0,6100.0,5401.02490234375,8021400
2024-07-02,6100.0,6125.0,6050.0,6100.0,5401.02490234375,6210100
2024-07-03,6100.0,6100.0,6025.0,6100.0,5401.02490234375,6800500
2024-07-04,6100.0,6125.0,6075.0,6075.0,5378.89013671875,3875700
2024-07-05,6100.0,6125.0,6075.0,6125.0,5423.16015625,5046400
2024-07-08,6125.0,6200.0,6125.0,6200.0,5489.56640625,11876600
2024-07-09,5975.0,6000.0,5900.0,5950.0,5505.2958984375,10614700
2024-07-10,5975.0,6025.0,5950.0,6000.0,5551.55859375,7017700
2024-07-11,6000.0,6025.0,5925.0,5925.0,5482.1640625,6350700
2024-07-12,5975.0,6000.0,5950.0,5950.0,5505.2958984375,3555500
2024-07-15,5975.0,6000.0,5925.0,5975.0,5528.42724609375,3834200
2024-07-16,5975.0,5975.0,5925.0,5950.0,5505.2958984375,3606700
2024-07-17,5975.0,6050.0,5950.0,6050.0,5597.82177734375,7001500
2024-07-18,6050.0,6075.0,6000.0,6075.0,5620.95361328125,5349000
2024-07-19,6050.0,6075.0,5975.0,6075.0,5620.95361328125,6000100
2024-07-22,6100.0,6100.0,6000.0,6025.0,5574.6904296875,4423500
2024-07-23,6050.0,6100.0,6025.0,6100.0,5644.08447265625,5032300
2024-07-24,6100.0,6125.0,5975.0,6000.0,5551.55859375,9933700
2024-07-25,6000.0,6100.0,5975.0,6100.0,5644.08447265625,9087300
2024-07-26,6125.0,6150.0,6050.0,6125.0,5667.21630859375,5425500
2024-07-29,6075.0,6150.0,6075.0,6075.0,5620.95361328125,4808700
2024-07-30,6125.0,6125.0,6000.0,6050.0,5597.82177734375,4096800
2024-07-31,6075.0,6125.0,6025.0,6125.0,5667.21630859375,14631000
2024-08-01,6075.0,6250.0,6025.0,6150.0,5690.34814453125,15237800
2024-08-02,6150.0,6175.0,6100.0,6100.0,5644.08447265625,6432100
2024-08-05,6075.0,6100.0,5950.0,6050.0,5597.82177734375,12489900
2024-08-06,6025.0,6150.0,6025.0,6100.0,5644.08447265625,11577400
2024-08-07,6075.0,6150.0,6075.0,6125.0,5667.21630859375,4240800
2024-08-08,6150.0,6225.0,6125.0,6225.0,5759.7421875,9398000
2024-08-09,6225.0,6275.0,6175.0,6275.0,5806.00537109375,7072600
2024-08-12,6275.0,6300.0,6225.0,6250.0,5782.87353515625,5556100
2024-08-13,6275.0,6350.0,6275.0,6325.0,5852.2685546875,10450200
2024-08-14,6325.0,6650.0,6325.0,6500.0,6014.18896484375,29984700
2024-08-15,6500.0,6550.0,6400.0,6475.0,5991.05712890625,9582600
2024-08-16,6500.0,6525.0,6400.0,6525.0,6037.3203125,9525600
2024-08-19,6525.0,6525.0,6375.0,6450.0,5967.92578125,10034100
2024-08-20,6500.0,6525.0,6425.0,6525.0,6037.3203125,15255400
2024-08-21,6550.0,6650.0,6525.0,6625.0,6129.84619140625,15685700
2024-08-22,6575.0,6650.0,6550.0,6650.0,6152.97802734375,12105900
2024-08-23,6650.0,6725.0,6575.0,6700.0,6199.24072265625,12451800
2024-08-26,6700.0,6850.0,6675.0,6850.0,6338.029296875,14052700
2024-08-27,6875.0,6900.0,6725.0,6800.0,6291.7666015625,12167700
2024-08-28,6825.0,6825.0,6700.0,6825.0,6314.8984375,9438700
2024-08-29,6825.0,6825.0,6750.0,6800.0,6291.7666015625,13268500
2024-08-30,6800.0,6850.0,6725.0,6850.0,6338.029296875,22109100
2024-09-02,6825.0,6825.0,6725.0,6725.0,6222.3720703125,7855400
2024-09-03,6700.0,6775.0,6675.0,6775.0,6268.63525390625,11645700
2024-09-04,6725.0,6725.0,6650.0,6700.0,6199.24072265625,8269000
2024-09-05,6700.0,6975.0,6700.0,6975.0,6453.68701171875,24214500
2024-09-06,6925.0,7075.0,6900.0,7025.0,6499.9501953125,14297700
2024-09-09,7000.0,7025.0,6850.0,6925.0,6407.42431640625,7130200
2024-09-10,6950.0,7050.0,6925.0,7050.0,6523.08154296875,12142200
2024-09-11,7000.0,7025.0,6950.0,7000.0,6476.81884765625,9456400
2024-09-12,7050.0,7175.0,6975.0,7150.0,6615.607421875,22469600
2024-09-13,7150.0,7200.0,7050.0,7100.0,6569.34423828125,10834600
2024-09-17,7100.0,7150.0,7025.0,7100.0,6569.34423828125,7883900
2024-09-18,7125.0,7150.0,7050.0,7075.0,6546.21337890625,5432300
2024-09-19,7100.0,7150.0,7075.0,7075.0,6546.21337890625,10922700
2024-09-20,7100.0,7200.0,7075.0,7150.0,6615.607421875,26483100
2024-09-23,7150.0,7175.0,7075.0,7100.0,6569.34423828125,12867300
2024-09-24,7125.0,7175.0,7075.0,7175.0,6638.7392578125,15044300
2024-09-25,7175.0,7175.0,7075.0,7175.0,6638.7392578125,17985300
2024-09-26,7200.0,7250.0,7175.0,7225.0,6685.001953125,17996900
2024-09-27,7250.0,7250.0,7175.0,7175.0,6638.7392578125,9528100
2024-09-30,7175.0,7175.0,7050.0,7050.0,6523.08154296875,11723100
2024-10-01,7050.0,7175.0,7050.0,7175.0,6638.7392578125,10450000
2024-10-02,7125.0,7150.0,7025.0,7075.0,6546.21337890625,9654400
2024-10-03,7075.0,7150.0,7050.0,7100.0,6569.34423828125,6836300
2024-10-04,7100.0,7125.0,7000.0,7050.0,6523.08154296875,5621400
2024-10-07,7000.0,7000.0,6825.0,6925.0,6407.42431640625,10832200
2024-10-08,6925.0,7000.0,6850.0,7000.0,6476.81884765625,8899500
2024-10-09,7000.0,7025.0,6925.0,6925.0,6407.42431640625,9822000
2024-10-10,7000.0,7100.0,6925.0,7025.0,6499.9501953125,11875300
2024-10-11,7100.0,7100.0,6975.0,7000.0,6476.81884765625,4466300
2024-10-14,7000.0,7100.0,6975.0,7050.0,6523.08154296875,3970200
2024-10-15,7050.0,7250.0,7050.0,7200.0,6661.87060546875,17967100
2024-10-16,7250.0,7275.0,7150.0,7175.0,6638.7392578125,8884800
2024-10-17,7175.0,7275.0,7175.0,7175.0,6638.7392578125,5424900
2024-10-18,7225.0,7475.0,7200.0,7425.0,6870.05419921875,23782600
2024-10-21,7400.0,7425.0,7325.0,7400.0,6846.92236328125,8431800
2024-10-22,7400.0,7475.0,7350.0,7425.0,6870.05419921875,14443100
2024-10-23,7450.0,7550.0,7425.0,7500.0,6939.44873046875,19206700
2024-10-24,7500.0,7550.0,7475.0,7525.0,6962.57958984375,9344600
2024-10-25,7575.0,7575.0,7450.0,7500.0,6939.44873046875,6074400
2024-10-28,7500.0,7525.0,7375.0,7525.0,6962.57958984375,4958500
2024-10-29,7500.0,7575.0,7450.0,7575.0,7008.84326171875,10860100
2024-10-30,7575.0,7575.0,7450.0,7475.0,6916.31689453125,9561400
2024-10-31,7525.0,7650.0,7500.0,7600.0,7031.974609375,25840000
2024-11-01,7700.0,7750.0,7250.0,7300.0,6754.396484375,15829400
2024-11-04,7300.0,7525.0,7300.0,7450.0,6893.185546875,15494300
2024-11-05,7525.0,7875.0,7500.0,7875.0,7286.4208984375,29732300
2024-11-06,7875.0,8000.0,7725.0,7800.0,7217.0263671875,13926400
2024-11-07,7800.0,7900.0,7700.0,7900.0,7309.55224609375,19304100
2024-11-08,7850.0,7850.0,7700.0,7700.0,7124.50048828125,5888900
2024-11-11,7750.0,7800.0,7675.0,7800.0,7217.0263671875,11979400
2024-11-12,7800.0,7900.0,7750.0,7850.0,7263.28955078125,13959400
2024-11-13,7825.0,7850.0,7700.0,7725.0,7147.6318359375,5007600
2024-11-14,7750.0,7825.0,7650.0,7700.0,7124.50048828125,16757100
2024-11-15,7700.0,7800.0,7675.0,7725.0,7147.6318359375,4657800
2024-11-18,7725.0,7725.0,7675.0,7725.0,7147.6318359375,10756900
2024-11-19,7725.0,7800.0,7700.0,7800.0,7217.0263671875,8208700
2024-11-20,7800.0,7800.0,7725.0,7800.0,7217.0263671875,5830300
2024-11-21,7775.0,7775.0,7600.0,7625.0,7055.10595703125,7336900
2024-11-22,7625.0,7625.0,7375.0,7475.0,6916.31689453125,11199100
2024-11-25,7500.0,7600.0,7450.0,7600.0,7031.974609375,19268900
2024-11-26,7550.0,7675.0,7500.0,7650.0,7078.2373046875,8590100
2024-11-28,7650.0,7650.0,7500.0,7650.0,7078.2373046875,8604300
2024-11-29,7675.0,7700.0,7550.0,7550.0,6985.71142578125,12609500
2024-12-02,7475.0,7600.0,7475.0,7550.0,6985.71142578125,7732700
2024-12-03,7575.0,7850.0,7550.0,7775.0,7193.89501953125,18804600
2024-12-04,7800.0,7850.0,7775.0,7850.0,7263.28955078125,16801400
2024-12-05,7850.0,7875.0,7800.0,7875.0,7286.4208984375,7087100
2024-12-06,7875.0,7925.0,7825.0,7925.0,7332.68408203125,15943900
2024-12-09,7875.0,8200.0,7875.0,8200.0,7587.13037109375,17366100
2024-12-10,8200.0,8250.0,8075.0,8150.0,7540.8671875,9525000
2024-12-11,8075.0,8300.0,8075.0,8200.0,7587.13037109375,12998600
2024-12-12,8200.0,8200.0,8025.0,8200.0,7587.13037109375,8878600
2024-12-13,8200.0,8275.0,8075.0,8175.0,7563.9990234375,7183300
2024-12-16,8175.0,8200.0,8025.0,8125.0,7517.73583984375,5622300
2024-12-17,8125.0,8125.0,7925.0,8050.0,7448.34130859375,10833500
2024-12-18,8050.0,8050.0,7750.0,7825.0,7240.158203125,7359400
2024-12-19,7775.0,7775.0,7550.0,7650.0,7078.2373046875,9507300
2024-12-20,7650.0,7750.0,7600.0,7625.0,7055.10595703125,14593200
2024-12-23,7675.0,7800.0,7650.0,7725.0,7147.6318359375,5529200
2024-12-24,7725.0,7725.0,7600.0,7625.0,7055.10595703125,3634000
2024-12-27,7650.0,7725.0,7625.0,7700.0,7124.50048828125,3653300
2024-12-30,7700.0,7750.0,7650.0,7700.0,7124.50048828125,4827500
2025-01-02,7750.0,7750.0,7325.0,7475.0,6916.31689453125,6664900
2025-01-03,7525.0,7650.0,7450.0,7550.0,6985.71142578125,6037900
2025-01-06,7500.0,7500.0,7325.0,7375.0,6823.791015625,5623300
2025-01-07,7375.0,7450.0,7275.0,7450.0,6893.185546875,9008100
2025-01-08,7475.0,7475.0,7375.0,7475.0,6916.31689453125,4544100
2025-01-09,7475.0,7575.0,7375.0,7500.0,6939.44873046875,4878300
2025-01-10,7525.0,7875.0,7525.0,7725.0,7147.6318359375,9687000
2025-01-13,7700.0,7775.0,7525.0,7725.0,7147.6318359375,9607900
2025-01-14,7700.0,7700.0,7500.0,7525.0,6962.57958984375,11063800
2025-01-15,7525.0,7700.0,7525.0,7700.0,7124.50048828125,8521800
2025-01-16,7700.0,7800.0,7575.0,7575.0,7008.84326171875,12172900
2025-01-17,7575.0,7625.0,7450.0,7600.0,7031.974609375,7870400
2025-01-20,7600.0,7600.0,7375.0,7375.0,6823.791015625,6379800
2025-01-21,7400.0,7500.0,7375.0,7450.0,6893.185546875,6124100
2025-01-22,7450.0,7700.0,7450.0,7625.0,7055.10595703125,11271200
2025-01-23,7675.0,7775.0,7500.0,7500.0,6939.44873046875,10736000
2025-01-24,7575.0,7775.0,7500.0,7550.0,6985.71142578125,8203900
2025-01-30,7550.0,7650.0,7500.0,7625.0,7055.10595703125,6145500
2025-01-31,7625.0,7850.0,7575.0,7850.0,7263.28955078125,11044600
2025-02-03,7850.0,7850.0,7525.0,7625.0,7055.10595703125,10474800
2025-02-04,7625.0,7825.0,7600.0,7700.0,7124.50048828125,7501300
2025-02-05,7575.0,7700.0,7450.0,7525.0,6962.57958984375,9710600
2025-02-06,7525.0,7550.0,7450.0,7525.0,6962.57958984375,6866800
2025-02-07,7550.0,7650.0,7400.0,7650.0,7078.2373046875,7629300
2025-02-10,7675.0,8175.0,7675.0,7775.0,7193.89501953125,14592500
2025-02-11,7775.0,7800.0,7650.0,7700.0,7124.50048828125,6946200
2025-02-12,7725.0,7850.0,7725.0,7800.0,7217.0263671875,5349600
2025-02-13,7800.0,7950.0,7700.0,7800.0,7217.0263671875,8661800
2025-02-14,7800.0,7900.0,7750.0,7750.0,7170.763671875,3998600
2025-02-17,7750.0,7925.0,7750.0,7825.0,7240.158203125,4776400
2025-02-18,7825.0,7875.0,7775.0,7850.0,7263.28955078125,2868600
2025-02-19,7850.0,8075.0,7825.0,8000.0,7402.07861328125,12307500
2025-02-20,8000.0,8000.0,7775.0,7975.0,7378.94677734375,7553700
2025-02-21,7975.0,7975.0,7700.0,7700.0,7124.50048828125,8930700
2025-02-24,7700.0,7900.0,7700.0,7900.0,7309.55224609375,4720100
2025-02-25,7900.0,7950.0,7750.0,7825.0,7240.158203125,5652200
2025-02-26,7750.0,7775.0,7450.0,7725.0,7147.6318359375,11788900
2025-02-27,7700.0,7700.0,7500.0,7600.0,7031.974609375,7256500
2025-02-28,7550.0,7625.0,7050.0,7125.0,6592.47607421875,22647000
2025-03-03,7200.0,7500.0,7100.0,7350.0,6800.65966796875,7086800
2025-03-04,7350.0,7450.0,7175.0,7325.0,6777.5283203125,6242600
2025-03-05,7325.0,7475.0,7275.0,7425.0,6870.05419921875,7505800
2025-03-06,7425.0,7500.0,7300.0,7300.0,6754.396484375,6797700
2025-03-07,7275.0,7325.0,7225.0,7250.0,6708.1337890625,6418600
2025-03-10,7225.0,7550.0,7225.0,7550.0,6985.71142578125,9491200
2025-03-11,7475.0,7475.0,7275.0,7275.0,6731.2646484375,9518800
2025-03-12,7275.0,7500.0,7275.0,7475.0,6916.31689453125,8069300
2025-03-13,7475.0,7475.0,7250.0,7300.0,6754.396484375,7096800
2025-03-14,7300.0,7325.0,7125.0,7175.0,6638.7392578125,8582900
2025-03-17,7200.0,7325.0,7150.0,7275.0,6731.2646484375,6236900
2025-03-18,7275.0,7275.0,6900.0,7075.0,6546.21337890625,11584800
2025-03-19,7075.0,7200.0,7050.0,7200.0,6661.87060546875,6108300
2025-03-20,7200.0,7200.0,7025.0,7025.0,6499.9501953125,7613900
2025-03-21,7075.0,7075.0,6725.0,6975.0,6453.68701171875,15614200
2025-03-24,6950.0,6950.0,6525.0,6800.0,6291.7666015625,6570900
2025-03-25,6850.0,7000.0,6800.0,6800.0,6291.7666015625,7669000
2025-03-26,6800.0,7025.0,6775.0,6925.0,6407.42431640625,8108100
2025-03-27,6925.0,7150.0,6900.0,7100.0,6569.34423828125,9073700
2025-04-08,6600.0,7200.0,6550.0,7200.0,6661.87060546875,18379600
2025-04-09,7100.0,7175.0,6675.0,6675.0,6176.10888671875,13927700
2025-04-10,6925.0,7100.0,6850.0,7075.0,6546.21337890625,6975500
2025-04-11,6875.0,7050.0,6850.0,6900.0,6384.29296875,5546900
2025-04-14,7000.0,7200.0,6975.0,7125.0,6592.47607421875,6748100
2025-04-15,7200.0,7300.0,7125.0,7300.0,6754.396484375,8352000
2025-04-16,7225.0,7400.0,7125.0,7400.0,6846.92236328125,4270600
2025-04-17,7325.0,7350.0,7225.0,7300.0,6754.396484375,5807700
2025-04-21,7275.0,7375.0,7150.0,7350.0,6800.65966796875,1676700
2025-04-22,7325.0,7350.0,7150.0,7200.0,6661.87060546875,5953600
2025-04-23,7225.0,7425.0,7225.0,7350.0,6800.65966796875,9914800
2025-04-24,7300.0,7325.0,7150.0,7250.0,6708.1337890625,6334700
2025-04-25,7275.0,7475.0,7275.0,7475.0,6916.31689453125,5156600
2025-04-28,7475.0,7500.0,7350.0,7425.0,6870.05419921875,2930700
2025-04-29,7425.0,7525.0,7425.0,7500.0,6939.44873046875,4792000
2025-04-30,7500.0,8000.0,7425.0,8000.0,7402.07861328125,12400500
2025-05-02,7825.0,7850.0,7675.0,7700.0,7124.50048828125,6382300
2025-05-05,7725.0,7750.0,7600.0,7600.0,7031.974609375,4796000
2025-05-06,7675.0,7775.0,7525.0,7525.0,6962.57958984375,5787600
2025-05-07,7550.0,7950.0,7550.0,7750.0,7170.763671875,12039700
2025-05-08,7750.0,7850.0,7650.0,7775.0,7193.89501953125,8457100
2025-05-09,7775.0,8000.0,7700.0,7975.0,7378.94677734375,7224600
2025-05-14,8000.0,8125.0,7875.0,7875.0,7286.4208984375,8262400
2025-05-15,7900.0,8150.0,7900.0,8100.0,7494.6044921875,10055700
2025-05-16,8200.0,8475.0,8125.0,8450.0,7818.4453125,12696200
2025-05-19,8450.0,8500.0,8225.0,8225.0,7610.26171875,12109700
2025-05-20,8250.0,8325.0,7875.0,7875.0,7286.4208984375,12129200
2025-05-21,7875.0,8025.0,7875.0,7975.0,7378.94677734375,10053600
2025-05-22,7975.0,8150.0,7900.0,7900.0,7309.55224609375,12044100
2025-05-23,7900.0,7950.0,7850.0,7850.0,7263.28955078125,5849700
2025-05-26,7850.0,7900.0,7825.0,7850.0,7263.28955078125,5293300
2025-05-27,7875.0,7900.0,7825.0,7875.0,7286.4208984375,5098100
2025-05-28,7900.0,7950.0,7775.0,7875.0,7286.4208984375,13336000
2025-06-02,7925.0,7950.0,7650.0,7675.0,7101.369140625,9732500
2025-06-03,7675.0,7875.0,7650.0,7825.0,7240.158203125,8012300
2025-06-04,7950.0,8225.0,7875.0,8225.0,7610.26171875,19738900
2025-06-05,8200.0,8275.0,8100.0,8150.0,7540.8671875,10392100
2025-06-10,8150.0,8250.0,8125.0,8200.0,7587.13037109375,7197900
2025-06-11,8275.0,8500.0,8150.0,8500.0,7864.70849609375,20164400
2025-06-12,8400.0,8400.0,8225.0,8225.0,7610.26171875,10971300
2025-06-13,8275.0,8450.0,8225.0,8325.0,7702.78759765625,11957200
2025-06-16,8275.0,8350.0,8225.0,8225.0,7610.26171875,7501300
2025-06-17,8300.0,8350.0,8200.0,8200.0,7587.13037109375,7753400
2025-06-18,8225.0,8325.0,8100.0,8125.0,7517.73583984375,8305600
2025-06-19,8150.0,8275.0,8025.0,8050.0,7448.34130859375,4749400
2025-06-20,8050.0,8125.0,8025.0,8050.0,7448.34130859375,13421400
2025-06-23,8000.0,8000.0,7800.0,7925.0,7332.68408203125,4733500
2025-06-24,7950.0,8025.0,7900.0,7925.0,7332.68408203125,12219000
2025-06-25,8025.0,8100.0,7975.0,8050.0,7448.34130859375,7393900
2025-06-26,8050.0,8100.0,7925.0,8050.0,7448.34130859375,7694800
2025-06-30,8100.0,8150.0,7950.0,8125.0,7517.73583984375,9281800
2025-07-01,8050.0,8200.0,8050.0,8200.0,7587.13037109375,8235500
2025-07-02,7975.0,8050.0,7875.0,7975.0,7639.81884765625,11433200
2025-07-03,7925.0,8125.0,7875.0,8100.0,7759.5654296875,8038300
2025-07-04,8125.0,8250.0,8050.0,8100.0,7759.5654296875,7561600
2025-07-07,8100.0,8100.0,8000.0,8100.0,7759.5654296875,5535000
2025-07-08,8050.0,8100.0,7975.0,8025.0,7687.7177734375,4585500
2025-07-09,8025.0,8200.0,8000.0,8175.0,7831.4130859375,7330800
2025-07-10,8175.0,8200.0,8050.0,8150.0,7807.4638671875,4624300
2025-07-11,8150.0,8250.0,8100.0,8250.0,7903.26123046875,8348300
2025-07-14,8250.0,8350.0,8125.0,8350.0,7999.05810546875,10098800
2025-07-15,8350.0,8350.0,8225.0,8325.0,7975.10888671875,17749200
2025-07-16,8325.0,8450.0,8275.0,8275.0,7927.21044921875,12711100
2025-07-17,8350.0,8450.0,8175.0,8225.0,7879.31201171875,7185300
2025-07-18,8225.0,8275.0,8200.0,8225.0,7879.31201171875,3995500
2025-07-21,8275.0,8375.0,8225.0,8300.0,7951.15966796875,4406300
2025-07-22,8300.0,8300.0,8200.0,8225.0,7879.31201171875,3519800
2025-07-23,8300.0,8350.0,8200.0,8350.0,7999.05810546875,4557000
2025-07-24,8350.0,8450.0,8350.0,8350.0,7999.05810546875,4995300
2025-07-25,8350.0,8400.0,8300.0,8400.0,8046.95654296875,3388300
2025-07-28,8475.0,8475.0,8350.0,8375.0,8023.00732421875,3305800
2025-07-29,8350.0,8400.0,8275.0,8300.0,7951.15966796875,3728500
2025-07-30,8325.0,8400.0,8275.0,8375.0,8023.00732421875,6796700
2025-07-31,8425.0,8825.0,8400.0,8525.0,8166.703125,16887300
2025-08-01,8675.0,8700.0,8450.0,8475.0,8118.8046875,7232800
2025-08-04,8475.0,8525.0,8375.0,8375.0,8023.00732421875,3449300
2025-08-05,8400.0,8425.0,8200.0,8325.0,7975.10888671875,4715600
2025-08-06,8350.0,8375.0,8125.0,8200.0,7855.3623046875,5560300
2025-08-07,8200.0,8325.0,8000.0,8200.0,7855.3623046875,8381800
2025-08-08,8225.0,8275.0,8125.0,8150.0,7807.4638671875,3960800
2025-08-11,8150.0,8200.0,7975.0,8075.0,7735.6162109375,5238000
2025-08-12,8075.0,8150.0,8000.0,8050.0,7711.6669921875,3719100
2025-08-13,8025.0,8125.0,7975.0,8025.0,7687.7177734375,5999800
2025-08-14,8000.0,8175.0,8000.0,8150.0,7807.4638671875,8223400
2025-08-15,8150.0,8175.0,8050.0,8050.0,7711.6669921875,10269600
2025-08-19,8050.0,8050.0,7825.0,7925.0,7591.92041015625,9976000
2025-08-20,7925.0,8000.0,7900.0,7975.0,7639.81884765625,5064200
2025-08-21,7950.0,7975.0,7925.0,7925.0,7591.92041015625,3961700
2025-08-22,7975.0,8000.0,7850.0,7850.0,7520.07275390625,4607300
2025-08-25,7850.0,7900.0,7700.0,7700.0,7376.376953125,9881300
2025-08-26,7700.0,7800.0,7625.0,7800.0,7472.17431640625,15558500
2025-08-27,7725.0,7725.0,7575.0,7600.0,7280.580078125,12730200
2025-08-28,7600.0,7650.0,7550.0,7600.0,7280.580078125,12993000
2025-08-29,7550.0,7600.0,7450.0,7450.0,7136.88427734375,10405300
2025-09-01,7100.0,7450.0,7075.0,7400.0,7088.98583984375,10597600
2025-09-02,7425.0,7600.0,7425.0,7500.0,7184.78271484375,5774100
2025-09-03,7525.0,7750.0,7525.0,7700.0,7376.376953125,9930600
2025-09-04,7700.0,7700.0,7525.0,7525.0,7208.73193359375,4236900
2025-09-08,7525.0,7575.0,7400.0,7425.0,7112.93505859375,8650500
2025-09-09,7400.0,7425.0,7350.0,7350.0,7041.0869140625,8540500
2025-09-10,7375.0,7475.0,7300.0,7425.0,7112.93505859375,9453600
2025-09-11,7475.0,7525.0,7450.0,7475.0,7160.83349609375,5294000
2025-09-12,7500.0,7575.0,7450.0,7550.0,7232.68115234375,4229700
2025-09-15,7600.0,7650.0,7550.0,7650.0,7328.478515625,3733700
2025-09-16,7700.0,7700.0,7625.0,7650.0,7328.478515625,3203500
2025-09-17,7650.0,7800.0,7650.0,7775.0,7448.224609375,5049900
2025-09-18,7775.0,7775.0,7600.0,7650.0,7328.478515625,4903700
2025-09-19,7700.0,7875.0,7650.0,7825.0,7496.12353515625,9938400
2025-09-22,7825.0,7850.0,7750.0,7850.0,7520.07275390625,6114900
2025-09-23,7850.0,7875.0,7750.0,7775.0,7448.224609375,4161400
2025-09-24,7800.0,7950.0,7750.0,7875.0,7544.02197265625,9415800
2025-09-25,7900.0,7925.0,7725.0,7750.0,7424.275390625,8761000
2025-09-26,7800.0,7825.0,7650.0,7650.0,7328.478515625,8003900
2025-09-29,7700.0,7725.0,7525.0,7575.0,7256.63037109375,6642100
2025-09-30,7575.0,7625.0,7225.0,7225.0,6921.3408203125,15147300
2025-10-01,7275.0,7350.0,7075.0,7100.0,6801.59423828125,11257700
2025-10-02,7125.0,7150.0,7000.0,7025.0,6729.74658203125,9613900
2025-10-03,7025.0,7175.0,7025.0,7150.0,6849.49267578125,6066500
2025-10-06,7200.0,7200.0,7025.0,7100.0,6801.59423828125,5279100
2025-10-07,7125.0,7250.0,7100.0,7225.0,6921.3408203125,7673100
2025-10-08,7300.0,7300.0,7225.0,7250.0,6945.2900390625,7314000
2025-10-09,7275.0,7275.0,7050.0,7150.0,6849.49267578125,11257300
2025-10-10,7150.0,7275.0,7100.0,7200.0,6897.3916015625,10190700
2025-10-13,7100.0,7250.0,7025.0,7200.0,6897.3916015625,5518800
2025-10-14,7250.0,7250.0,7050.0,7050.0,6753.69580078125,4104000
2025-10-15,7050.0,7100.0,6875.0,6900.0,6610.0,8979000
2025-10-16,6900.0,7225.0,6850.0,7075.0,6777.64501953125,13547200
2025-10-17,7150.0,7200.0,7075.0,7125.0,6825.54345703125,6505800
2025-10-20,7125.0,7300.0,7125.0,7250.0,6945.2900390625,10833500
2025-10-21,7325.0,7325.0,7175.0,7275.0,6969.2392578125,4968000
2025-10-22,7225.0,7375.0,7175.0,7175.0,6873.4423828125,8148100
2025-10-23,7100.0,7425.0,7100.0,7375.0,7065.03662109375,6107200
2025-10-24,7400.0,7425.0,7300.0,7300.0,6993.1884765625,7664600
2025-10-27,7300.0,7450.0,7300.0,7450.0,7136.88427734375,12897100
2025-10-28,7500.0,7575.0,7425.0,7500.0,7184.78271484375,8341000
2025-10-29,7450.0,7450.0,7325.0,7425.0,7112.93505859375,5612700
2025-10-30,7400.0,7500.0,7375.0,7400.0,7088.98583984375,10517900
2025-10-31,7400.0,7450.0,7275.0,7400.0,7088.98583984375,11495400
2025-11-03,7400.0,7425.0,7200.0,7200.0,6897.3916015625,7609300
2025-11-04,7200.0,7250.0,7050.0,7075.0,6777.64501953125,18602600
2025-11-05,7075.0,7150.0,7025.0,7125.0,6825.54345703125,10041400
2025-11-06,7125.0,7125.0,7025.0,7025.0,6729.74658203125,8261500
2025-11-07,7075.0,7150.0,7050.0,7125.0,6825.54345703125,4622900
2025-11-10,7150.0,7175.0,7100.0,7100.0,6801.59423828125,5129400
2025-11-11,7150.0,7150.0,7025.0,7050.0,6753.69580078125,4661800
2025-11-12,7050.0,7175.0,7050.0,7175.0,6873.4423828125,5851900
2025-11-13,7150.0,7250.0,7100.0,7150.0,6849.49267578125,8371600
2025-11-14,7150.0,7175.0,7100.0,7100.0,6801.59423828125,5161800
2025-11-17,7100.0,7150.0,7075.0,7100.0,6801.59423828125,4245000
2025-11-18,7100.0,7125.0,7000.0,7000.0,6705.79736328125,7331100
2025-11-19,7025.0,7050.0,7000.0,7025.0,6729.74658203125,5448800
2025-11-20,7025.0,7175.0,7025.0,7075.0,6777.64501953125,8110900
2025-11-21,7050.0,7125.0,7025.0,7125.0,6825.54345703125,7423400
2025-11-24,7150.0,7450.0,7100.0,7450.0,7136.88427734375,18591600
2025-11-25,7325.0,7350.0,7175.0,7250.0,6945.2900390625,7894800
2025-11-26,7250.0,7425.0,7225.0,7425.0,7112.93505859375,7662600
2025-11-27,7425.0,7425.0,7275.0,7375.0,7065.03662109375,4580000
2025-11-28,7350.0,7400.0,7300.0,7350.0,7041.0869140625,4591700
2025-12-01,7225.0,7425.0,7225.0,7350.0,7041.0869140625,4108900
2025-12-02,7375.0,7450.0,7200.0,7200.0,6897.3916015625,7221100
2025-12-03,7200.0,7275.0,7050.0,7050.0,6753.69580078125,9217900
2025-12-04,7050.0,7100.0,7025.0,7025.0,6729.74658203125,4479400
2025-12-05,7050.0,7125.0,7000.0,7100.0,6801.59423828125,8852600
2025-12-08,7150.0,7150.0,6975.0,6975.0,6681.84814453125,8844700
2025-12-09,6975.0,7000.0,6850.0,6850.0,6562.1015625,12610800
2025-12-10,6900.0,6950.0,6900.0,6900.0,6610.0,3688400
2025-12-11,6900.0,6950.0,6550.0,6575.0,6298.65966796875,35995900
2025-12-12,6650.0,6775.0,6625.0,6775.0,6490.25390625,6481400
2025-12-15,6825.0,6850.0,6700.0,6775.0,6490.25390625,6213700
2025-12-16,6800.0,6825.0,6750.0,6775.0,6490.25390625,5528400
2025-12-17,6800.0,6875.0,6775.0,6775.0,6490.25390625,6792100
2025-12-18,6900.0,6900.0,6775.0,6875.0,6586.05078125,9005600
2025-12-19,6875.0,6925.0,6750.0,6750.0,6466.3046875,12787800
2025-12-22,6775.0,6850.0,6775.0,6850.0,6562.1015625,3858800
2025-12-23,6800.0,6825.0,6750.0,6800.0,6514.203125,2079500
2025-12-24,6775.0,6850.0,6775.0,6800.0,6514.203125,1566700
2025-12-29,6800.0,6875.0,6750.0,6775.0,6490.25390625,3540900
2025-12-30,6800.0,6875.0,6775.0,6775.0,6490.25390625,4210100
2026-01-02,6775.0,6800.0,6650.0,6675.0,6394.45654296875,7568100
2026-01-05,6675.0,6850.0,6625.0,6850.0,6562.1015625,9359300
2026-01-06,6850.0,7000.0,6825.0,7000.0,6705.79736328125,12215300
2026-01-07,7000.0,7000.0,6700.0,6725.0,6442.35498046875,16067800
2026-01-08,6750.0,6775.0,6625.0,6625.0,6346.55810546875,25370300
2026-01-09,6625.0,6700.0,6575.0,6600.0,6322.60888671875,13134000
2026-01-12,6600.0,6675.0,6575.0,6600.0,6322.60888671875,11215000
2026-01-13,6600.0,6700.0,6600.0,6700.0,6418.40576171875,7063700
2026-01-14,6700.0,6750.0,6650.0,6725.0,6442.35498046875,9495000
2026-01-15,6700.0,6800.0,6700.0,6750.0,6466.3046875,6184100
2026-01-19,6750.0,6825.0,6725.0,6825.0,6538.15234375,10624000
2026-01-20,6775.0,6825.0,6700.0,6700.0,6418.40576171875,12443600
2026-01-21,6700.0,6750.0,6600.0,6700.0,6418.40576171875,11404500
2026-01-22,6700.0,6800.0,6700.0,6750.0,6466.3046875,8856900
2026-01-23,6800.0,6825.0,6725.0,6825.0,6538.15234375,7862000
2026-01-26,6825.0,6825.0,6750.0,6800.0,6514.203125,9878400
2026-01-27,6800.0,6800.0,6700.0,6700.0,6418.40576171875,17356900
2026-01-28,6750.0,6850.0,6625.0,6850.0,6562.1015625,29694200
2026-01-29,6800.0,6850.0,6200.0,6775.0,6490.25390625,38464300
2026-01-30,6775.0,6850.0,6750.0,6800.0,6514.203125,15374100
2026-02-02,6825.0,7025.0,6725.0,7025.0,6729.74658203125,17102800
2026-02-03,7025.0,7275.0,6950.0,7200.0,6897.3916015625,18698500
2026-02-04,7175.0,7200.0,7000.0,7050.0,6753.69580078125,13541400
2026-02-05,7050.0,7150.0,7000.0,7000.0,6705.79736328125,10782800
2026-02-06,6975.0,7000.0,6850.0,6850.0,6562.1015625,10579300
2026-02-09,6900.0,6900.0,6800.0,6825.0,6538.15234375,8702900
2026-02-10,6875.0,7000.0,6825.0,6900.0,6610.0,8380100
2026-02-11,6700.0,6800.0,6700.0,6700.0,6418.40576171875,44043400
2026-02-12,6725.0,6800.0,6700.0,6775.0,6490.25390625,13363300
2026-02-13,6750.0,6775.0,6675.0,6675.0,6394.45654296875,13926900
2026-02-18,6700.0,6775.0,6675.0,6750.0,6466.3046875,7616100
2026-02-19,6750.0,6825.0,6725.0,6725.0,6442.35498046875,11967400
2026-02-20,6700.0,6750.0,6650.0,6650.0,6370.50732421875,14729900
2026-02-23,6650.0,6700.0,6650.0,6650.0,6370.50732421875,18992200
2026-02-24,6675.0,6700.0,6600.0,6600.0,6322.60888671875,26059800
2026-02-25,6550.0,6675.0,6550.0,6575.0,6298.65966796875,25622600
2026-02-26,6600.0,6725.0,6575.0,6725.0,6442.35498046875,24736800
2026-02-27,6600.0,6700.0,6450.0,6450.0,6178.9130859375,290204300
2026-03-02,6400.0,6525.0,6350.0,6400.0,6131.0146484375,44951600
2026-03-03,6450.0,6500.0,6375.0,6400.0,6131.0146484375,18791500
2026-03-04,6400.0,6425.0,6125.0,6125.0,5867.57275390625,43486700
2026-03-05,6200.0,6300.0,6125.0,6225.0,5963.36962890625,17643600
2026-03-06,6300.0,6350.0,6200.0,6275.0,6011.26806640625,25222700
2026-03-09,6125.0,6150.0,6025.0,6050.0,5795.724609375,18757800
2026-03-10,6200.0,6200.0,5975.0,6000.0,5747.826171875,24380900
2026-03-11,6050.0,6100.0,6000.0,6025.0,5771.775390625,10903300
2026-03-12,6050.0,6050.0,5925.0,6050.0,5795.724609375,21623200
2026-03-13,6050.0,6075.0,5900.0,5900.0,5652.029296875,12186300
2026-03-16,5975.0,6050.0,5900.0,5975.0,5723.876953125,15644300
2026-03-17,6000.0,6025.0,5950.0,5975.0,5723.876953125,11855500
2026-03-25,6050.0,6075.0,5900.0,6025.0,5771.775390625,36909800
2026-03-26,6050.0,6150.0,6025.0,6075.0,5819.673828125,11366700
2026-03-27,6075.0,6100.0,5975.0,5975.0,5723.876953125,9763500
2026-03-30,5925.0,6000.0,5900.0,5950.0,5699.927734375,10150600
2026-03-31,6075.0,6400.0,6075.0,6350.0,6083.1162109375,34136900
2026-04-01,6375.0,6575.0,6275.0,6575.0,6298.65966796875,20919900
2026-04-02,6575.0,6625.0,6525.0,6625.0,6346.55810546875,17333500
2026-04-06,6600.0,6650.0,6500.0,6575.0,6298.65966796875,11555400
2026-04-07,6600.0,6650.0,6525.0,6575.0,6298.65966796875,11285700
2026-04-08,6625.0,6700.0,6600.0,6650.0,6370.50732421875,12894700
2026-04-09,6650.0,6675.0,6575.0,6600.0,6322.60888671875,17733300
2026-04-10,6625.0,6700.0,6600.0,6700.0,6418.40576171875,11637300
2026-04-13,6700.0,6750.0,6625.0,6750.0,6466.3046875,11177700
2026-04-14,6750.0,6850.0,6725.0,6825.0,6538.15234375,11118600
2026-04-15,6850.0,6900.0,6800.0,6825.0,6538.15234375,12647200
2026-04-16,6900.0,7000.0,6875.0,6975.0,6681.84814453125,13791900
2026-04-17,6975.0,7000.0,6925.0,6975.0,6681.84814453125,8501300
2026-04-20,6975.0,6975.0,6900.0,6925.0,6633.94921875,7789700
2026-04-21,6925.0,7000.0,6875.0,7000.0,6705.79736328125,8007700
2026-04-22,7000.0,7025.0,6950.0,7025.0,6729.74658203125,8697100
2026-04-23,7025.0,7050.0,6950.0,6975.0,6681.84814453125,9401600
2026-04-24,7000.0,7000.0,6825.0,6900.0,6610.0,9547700
2026-04-27,6900.0,6925.0,6825.0,6900.0,6610.0,4716400
2026-04-28,6900.0,6925.0,6750.0,6825.0,6538.15234375,12570200
2026-04-29,6850.0,6975.0,6825.0,6850.0,6562.1015625,5758000
2026-04-30,6900.0,6975.0,6750.0,6750.0,6466.3046875,12872200
2026-05-04,6825.0,7025.0,6825.0,6950.0,6657.89892578125,11508000
2026-05-05,7000.0,7000.0,6950.0,6950.0,6657.89892578125,6591100
2026-05-06,6950.0,7050.0,6925.0,7050.0,6753.69580078125,8219400
2026-05-07,7050.0,7175.0,7000.0,7125.0,6825.54345703125,11398100
2026-05-08,7125.0,7150.0,6875.0,6975.0,6681.84814453125,6743500
2026-05-11,6950.0,7000.0,6800.0,6925.0,6633.94921875,8963200
2026-05-12,6950.0,6975.0,6900.0,6975.0,6681.84814453125,5254700
2026-05-13,6975.0,6975.0,6775.0,6825.0,6538.15234375,7820400
2026-05-14,6825.0,6825.0,6825.0,6825.0,6538.15234375,0
2026-05-15,6825.0,6825.0,6825.0,6825.0,6538.15234375,0
2026-05-18,6800.0,6825.0,6675.0,6725.0,6442.35498046875,9733400
2026-05-19,6750.0,6750.0,6600.0,6650.0,6370.50732421875,6597300
2026-05-20,6650.0,6750.0,6525.0,6600.0,6322.60888671875,11119500
2026-05-21,6600.0,6825.0,6600.0,6750.0,6466.3046875,11456400
2026-05-22,6750.0,6750.0,6575.0,6725.0,6442.35498046875,2979100
2026-05-25,6700.0,6975.0,6700.0,6950.0,6657.89892578125,8238700
2026-05-26,6950.0,6950.0,6775.0,6825.0,6538.15234375,13244900
2026-05-27,6825.0,6825.0,6825.0,6825.0,6538.15234375,0
2026-05-28,6825.0,6825.0,6825.0,6825.0,6538.15234375,0
2026-05-29,6825.0,7050.0,6750.0,6925.0,6633.94921875,37316900
2026-06-02,6925.0,6925.0,6575.0,6575.0,6298.65966796875,9446300
2026-06-03,6600.0,6625.0,6250.0,6250.0,5987.31884765625,11477700
2026-06-04,6250.0,6350.0,6025.0,6250.0,5987.31884765625,13518400
2026-06-05,6225.0,6250.0,6050.0,6050.0,5795.724609375,11566100
2026-06-08,6050.0,6050.0,5850.0,5925.0,5675.978515625,16754300
2026-06-09,5900.0,6275.0,5900.0,6200.0,5939.42041015625,10906900
2026-06-10,6175.0,6350.0,6100.0,6250.0,5987.31884765625,12536900
2026-06-11,6275.0,6325.0,6200.0,6225.0,5963.36962890625,8452500
2026-06-12,6275.0,6675.0,6275.0,6425.0,6154.9638671875,11991600
2026-06-15,6500.0,6700.0,6500.0,6650.0,6370.50732421875,7175600
2026-06-17,6675.0,6850.0,6675.0,6750.0,6466.3046875,6440200
2026-06-18,6800.0,6825.0,6675.0,6800.0,6514.203125,3259000
2026-06-19,6800.0,6825.0,6725.0,6725.0,6442.35498046875,42676900
2026-06-22,6825.0,6825.0,6725.0,6725.0,6442.35498046875,6044100
2026-06-23,6725.0,6800.0,6725.0,6750.0,6466.3046875,8861900
2026-06-24,6750.0,6800.0,6725.0,6750.0,6466.3046875,5758100
2026-06-25,6750.0,6800.0,6725.0,6725.0,6442.35498046875,9285900
2026-06-26,6725.0,6800.0,6725.0,6725.0,6442.35498046875,9093200
2026-06-29,6825.0,6825.0,6600.0,6600.0,6322.60888671875,3207500
2026-06-30,6600.0,6700.0,6600.0,6675.0,6394.45654296875,4441900
2026-07-01,6675.0,6675.0,6600.0,6600.0,6322.60888671875,4788900
2026-07-02,6625.0,6850.0,6625.0,6775.0,6490.25390625,6095500
2026-07-03,6825.0,6950.0,6825.0,6925.0,6633.94921875,5134800
2026-07-06,6925.0,6975.0,6850.0,6900.0,6610.0,5732800
2026-07-07,6625.0,6725.0,6575.0,6675.0,6675.0,5930500
2026-07-08,6675.0,6700.0,6575.0,6575.0,6575.0,5253100
2026-07-09,6575.0,6675.0,6575.0,6625.0,6625.0,3590100
2026-07-10,6650.0,6850.0,6650.0,6775.0,6775.0,5934100
2026-07-13,6775.0,6825.0,6700.0,6750.0,6750.0,6692300
2026-07-14,6750.0,6800.0,6725.0,6775.0,6775.0,3274800
2026-07-15,6750.0,6775.0,6725.0,6750.0,6750.0,6437400
2026-07-16,6775.0,6775.0,6675.0,6750.0,6750.0,4840400
2026-07-17,6750.0,6750.0,6675.0,6700.0,6700.0,4332200
2026-07-20,6725.0,6875.0,6725.0,6800.0,6800.0,9576600
2026-07-21,6875.0,6900.0,6800.0,6850.0,6850.0,6085000
2026-07-22,6850.0,6950.0,6825.0,6900.0,6900.0,7297400
2026-07-23,6950.0,7000.0,6875.0,6925.0,6925.0,7430400
2026-07-24,6900.0,6900.0,6775.0,6850.0,6850.0,3847000
2026-07-27,6800.0,6925.0,6800.0,6875.0,6875.0,5749000
2026-07-28,6900.0,6925.0,6800.0,6850.0,6850.0,5868800
2026-07-29,6825.0,6950.0,6825.0,6875.0,6875.0,9713500
2026-07-30,6925.0,6950.0,6850.0,6950.0,6950.0,5657600
2026-07-31,6950.0,7000.0,6900.0,6975.0,6975.0,13210100
2026-08-03,7125.0,7200.0,6925.0,7075.0,7075.0,10645600
2026-08-04,7075.0,7200.0,6975.0,7200.0,7200.0,6701800
2026-08-05,7200.0,7300.0,7125.0,7250.0,7250.0,10861900
2026-08-06,7250.0,7300.0,7225.0,7275.0,7275.0,6946100
2026-08-07,7300.0,7450.0,7275.0,7450.0,7450.0,8266900
2026-08-10,7450.0,7450.0,7325.0,7325.0,7325.0,3093800
2026-08-11,7325.0,7350.0,7250.0,7275.0,7275.0,7061200
2026-08-12,7225.0,7400.0,7200.0,7375.0,7375.0,5345700
2026-08-13,7375.0,7400.0,7250.0,7350.0,7350.0,5678500
2026-08-14,7350.0,7425.0,7275.0,7425.0,7425.0,3755500
2026-08-18,7425.0,7425.0,7300.0,7350.0,7350.0,4309800
2026-08-19,7350.0,7425.0,7275.0,7275.0,7275.0,5453400
2026-08-20,7300.0,7400.0,7250.0,7350.0,7350.0,5790400
2026-08-21,7350.0,7375.0,7325.0,7375.0,7375.0,3187500
2026-08-24,7375.0,7400.0,7300.0,7375.0,7375.0,2097400
2026-08-25,7375.0,7375.0,7375.0,7375.0,7375.0,0
2026-08-26,7375.0,7375.0,7275.0,7275.0,7275.0,6185900
2026-08-27,7275.0,7325.0,7200.0,7300.0,7300.0,2745600
2026-08-28,7300.0,7325.0,7250.0,7300.0,7300.0,2584300
2026-08-31,7300.0,7500.0,7225.0,7500.0,7500.0,13822100
2026-09-01,7500.0,7500.0,7200.0,7200.0,7200.0,8292900
2026-09-02,7175.0,7200.0,7075.0,7175.0,7175.0,6992300
2026-09-03,7175.0,7275.0,7150.0,7250.0,7250.0,4136800
2026-09-04,7250.0,7275.0,7150.0,7225.0,7225.0,4091200
2026-09-07,7250.0,7375.0,7225.0,7350.0,7350.0,7819800
2026-09-08,7350.0,7600.0,7325.0,7500.0,7500.0,7573600
2026-09-09,7500.0,7550.0,7450.0,7500.0,7500.0,7929800
2026-09-10,7500.0,7550.0,7325.0,7325.0,7325.0,2936900
2026-09-11,7325.0,7375.0,7225.0,7300.0,7300.0,4993900
2026-09-14,7300.0,7450.0,7225.0,7250.0,7250.0,4621500
2026-09-15,7350.0,7350.0,7250.0,7275.0,7275.0,2381300
2026-09-16,7250.0,7300.0,7150.0,7225.0,7225.0,5718000
2026-09-17,7225.0,7225.0,7100.0,7175.0,7175.0,5887200
2026-09-18,7175.0,7175.0,6975.0,7025.0,7025.0,11056200
2026-09-21,7050.0,7075.0,6925.0,7000.0,7000.0,6604200
2026-09-22,7000.0,7000.0,6850.0,6925.0,6925.0,4772300
