Date,Open,High,Low,Close,Adj Close,Volume
2016-09-22,10600.0,10700.0,10350.0,10475.0,2740.89990234375,558900
2016-09-23,10500.0,10550.0,10350.0,10450.0,2734.3583984375,284400
2016-09-26,10400.0,10700.0,10350.0,10475.0,2740.89990234375,793700
2016-09-27,10600.0,10650.0,10200.0,10575.0,2767.066162109375,2676100
2016-09-28,10575.0,10700.0,10450.0,10625.0,2780.148681640625,272000
2016-09-29,11000.0,11275.0,10800.0,11250.0,2943.68701171875,2321000
2016-09-30,11000.0,11300.0,10350.0,10900.0,2852.10595703125,1007600
2016-10-03,11000.0,11250.0,10925.0,11200.0,2930.604248046875,1475400
2016-10-04,11350.0,11450.0,11175.0,11400.0,2982.936279296875,990700
2016-10-05,11400.0,11550.0,11225.0,11400.0,2982.936279296875,443300
2016-10-06,11400.0,12425.0,11400.0,12325.0,3224.972412109375,3128900
2016-10-07,12350.0,12950.0,12200.0,12875.0,3368.885498046875,3863100
2016-10-10,12800.0,13325.0,12575.0,13025.0,3408.135009765625,2178000
2016-10-11,13150.0,14475.0,13150.0,13950.0,3650.171630859375,4119800
2016-10-12,13800.0,14275.0,13750.0,13900.0,3637.088623046875,1129100
2016-10-13,13875.0,14000.0,13275.0,13350.0,3493.175048828125,2052100
2016-10-14,13500.0,13900.0,13425.0,13500.0,3532.42529296875,1783800
2016-10-17,13600.0,14275.0,13600.0,14000.0,3663.255126953125,4241700
2016-10-18,14050.0,14450.0,13450.0,13500.0,3532.42529296875,3930800
2016-10-19,13700.0,14250.0,13475.0,14050.0,3676.337890625,6878500
2016-10-20,14000.0,14100.0,13400.0,13575.0,3552.049072265625,3234000
2016-10-21,13575.0,13600.0,12975.0,13200.0,3453.926025390625,4396900
2016-10-24,13350.0,13525.0,13025.0,13075.0,3421.218017578125,2103900
2016-10-25,13325.0,13950.0,12950.0,13725.0,3591.299072265625,5067800
2016-10-26,13850.0,14500.0,13675.0,14400.0,3767.919677734375,3823300
2016-10-27,14400.0,14975.0,14400.0,14700.0,3846.417724609375,3149200
2016-10-28,14700.0,14750.0,14425.0,14500.0,3794.085693359375,1709300
2016-10-31,14500.0,14650.0,14125.0,14325.0,3748.294921875,1149600
2016-11-01,14600.0,15000.0,14450.0,14875.0,3892.20947265625,4139000
2016-11-02,14875.0,15500.0,14850.0,15250.0,3990.3310546875,5076300
2016-11-03,15250.0,15250.0,14525.0,14800.0,3872.583984375,2402200
2016-11-04,14850.0,15400.0,14400.0,15400.0,4029.5810546875,2558900
2016-11-07,15500.0,16625.0,15400.0,16600.0,4343.57373046875,4160400
2016-11-08,16600.0,17050.0,15925.0,16500.0,4433.40234375,2938900
2016-11-09,16700.0,16700.0,15350.0,15925.0,4278.9052734375,3619300
2016-11-10,16050.0,17200.0,16050.0,17000.0,4567.74853515625,3864600
2016-11-11,16800.0,18350.0,16200.0,18000.0,4836.43896484375,6173600
2016-11-14,18025.0,18025.0,17200.0,17775.0,4775.9833984375,1549100
2016-11-15,17700.0,17800.0,16000.0,16000.0,4299.056640625,3047000
2016-11-16,16100.0,16650.0,15400.0,16100.0,4325.92626953125,8245000
2016-11-17,15900.0,15900.0,15200.0,15350.0,4124.40771484375,2317300
2016-11-18,15400.0,15700.0,14650.0,14725.0,3956.47607421875,2384700
2016-11-21,14700.0,15175.0,14500.0,14700.0,3949.759033203125,2644700
2016-11-22,15000.0,15575.0,15000.0,15575.0,4184.86328125,2089200
2016-11-23,15600.0,16350.0,15600.0,16200.0,4352.79541015625,3413900
2016-11-24,16175.0,16350.0,15500.0,16200.0,4352.79541015625,2508200
2016-11-25,16300.0,16775.0,16225.0,16450.0,4419.96826171875,867200
2016-11-28,16500.0,16500.0,15500.0,15800.0,4245.318359375,1572600
2016-11-29,15800.0,15975.0,15600.0,15800.0,4245.318359375,996100
2016-11-30,15800.0,16075.0,15425.0,16000.0,4299.056640625,2165000
2016-12-01,16125.0,16400.0,16050.0,16275.0,4372.947265625,1921500
2016-12-02,16350.0,17050.0,16250.0,16975.0,4561.03125,2780000
2016-12-05,17000.0,17400.0,16550.0,17225.0,4628.20458984375,4699600
2016-12-06,17225.0,17225.0,16750.0,16750.0,4500.5751953125,2620200
2016-12-07,16700.0,16750.0,16000.0,16250.0,4366.2294921875,2942500
2016-12-08,16275.0,16925.0,16275.0,16650.0,4473.70654296875,2158600
2016-12-09,16700.0,16900.0,16400.0,16550.0,4446.83642578125,1302000
2016-12-13,16600.0,17200.0,16500.0,17100.0,4594.61767578125,3384400
2016-12-14,17100.0,17750.0,16925.0,17650.0,4742.3974609375,2655400
2016-12-15,17500.0,17900.0,17100.0,17500.0,4702.09375,1400600
2016-12-16,17500.0,17625.0,17225.0,17225.0,4628.20458984375,1277200
2016-12-19,17275.0,17475.0,16800.0,17150.0,4608.0517578125,1162000
2016-12-20,17125.0,17125.0,16575.0,16575.0,4453.55419921875,537600
2016-12-21,16650.0,16900.0,16625.0,16700.0,4487.140625,843200
2016-12-22,16525.0,16700.0,16075.0,16075.0,4319.2099609375,1012400
2016-12-23,16075.0,16600.0,16075.0,16100.0,4325.92626953125,1004100
2016-12-27,16100.0,16250.0,15600.0,16000.0,4299.056640625,1109800
2016-12-28,16000.0,16275.0,15925.0,16175.0,4346.07763671875,655100
2016-12-29,16200.0,16700.0,16200.0,16500.0,4433.40234375,1176800
2016-12-30,16600.0,17000.0,16450.0,16875.0,4534.162109375,1024600
2017-01-02,16875.0,16875.0,16875.0,16875.0,4534.162109375,0
2017-01-03,16875.0,17500.0,16650.0,17300.0,4648.35498046875,1436400
2017-01-04,17200.0,17200.0,16800.0,17000.0,4567.74853515625,956600
2017-01-05,16975.0,17100.0,16350.0,16425.0,4413.25146484375,1146300
2017-01-06,16350.0,16700.0,16300.0,16600.0,4460.271484375,1380400
2017-01-09,16600.0,16625.0,16100.0,16225.0,4359.5126953125,832800
2017-01-10,15975.0,16200.0,15725.0,15775.0,4238.60107421875,1931100
2017-01-11,15825.0,16050.0,15525.0,15550.0,4178.14697265625,2268500
2017-01-12,15600.0,15850.0,15525.0,15850.0,4258.75341796875,1373500
2017-01-13,15725.0,16025.0,15700.0,15925.0,4278.9052734375,621700
2017-01-16,15900.0,15900.0,15650.0,15800.0,4245.318359375,321900
2017-01-17,15750.0,15950.0,15600.0,15700.0,4218.44970703125,436200
2017-01-18,15950.0,15950.0,15675.0,15775.0,4238.60107421875,476500
2017-01-19,15775.0,15800.0,15625.0,15625.0,4198.29736328125,470900
2017-01-20,15650.0,15650.0,15000.0,15100.0,4057.235107421875,1231500
2017-01-23,15150.0,15325.0,15025.0,15125.0,4063.95263671875,362400
2017-01-24,15200.0,15325.0,14700.0,14800.0,3976.627685546875,1310100
2017-01-25,14775.0,15000.0,14400.0,14525.0,3902.737060546875,848500
2017-01-26,14525.0,14650.0,14200.0,14325.0,3848.999267578125,1325600
2017-01-27,14325.0,14650.0,14225.0,14525.0,3902.737060546875,788700
2017-01-30,14625.0,15000.0,14625.0,15000.0,4030.36572265625,628700
2017-01-31,15075.0,15200.0,14775.0,15000.0,4030.36572265625,1728200
2017-02-01,15050.0,15325.0,14875.0,15175.0,4077.38671875,1403300
2017-02-02,15175.0,15475.0,15175.0,15450.0,4151.27685546875,614100
2017-02-03,15450.0,15800.0,15175.0,15800.0,4245.318359375,1381800
2017-02-06,15900.0,15925.0,15525.0,15800.0,4245.318359375,1816600
2017-02-07,15775.0,15775.0,15600.0,15600.0,4191.58056640625,600600
2017-02-08,15600.0,15600.0,15425.0,15500.0,4164.7119140625,291900
2017-02-09,15500.0,15675.0,15075.0,15650.0,4205.015625,612900
2017-02-10,15750.0,15750.0,15200.0,15400.0,4137.8427734375,453000
2017-02-13,15400.0,15450.0,15025.0,15025.0,4037.08251953125,798500
2017-02-14,15025.0,15225.0,14950.0,15075.0,4050.517578125,854500
2017-02-15,15075.0,15075.0,15075.0,15075.0,4050.517578125,0
2017-02-16,15075.0,15400.0,15000.0,15300.0,4110.9736328125,873800
2017-02-17,15375.0,15425.0,14975.0,15300.0,4110.9736328125,873000
2017-02-20,15300.0,15500.0,15200.0,15475.0,4157.9931640625,790800
2017-02-21,15500.0,16950.0,15500.0,16525.0,4440.12060546875,3790700
2017-02-22,16600.0,16825.0,15850.0,16325.0,4386.3818359375,2069000
2017-02-23,16325.0,16975.0,16050.0,16700.0,4487.140625,1543100
2017-02-24,16525.0,17300.0,16525.0,17225.0,4628.20458984375,3177900
2017-02-27,17225.0,17300.0,16700.0,16800.0,4514.009765625,871400
2017-02-28,17050.0,17675.0,16800.0,17600.0,4728.96337890625,3757100
2017-03-01,17600.0,17875.0,17300.0,17500.0,4702.09375,1400800
2017-03-02,17600.0,18150.0,17575.0,17950.0,4823.00439453125,2964600
2017-03-03,17800.0,17950.0,17400.0,17525.0,4708.81103515625,1779200
2017-03-06,17525.0,17600.0,17050.0,17075.0,4587.8994140625,1261900
2017-03-07,17075.0,17250.0,17000.0,17150.0,4608.0517578125,1169800
2017-03-08,17150.0,17350.0,16950.0,17125.0,4601.33349609375,840200
2017-03-09,17100.0,17400.0,16950.0,17375.0,4668.5068359375,1085100
2017-03-10,17125.0,17350.0,16150.0,16300.0,4379.66357421875,1675200
2017-03-13,16325.0,16600.0,16200.0,16300.0,4379.66357421875,1684000
2017-03-14,16525.0,16975.0,16525.0,16800.0,4514.009765625,1896200
2017-03-15,16800.0,17100.0,16775.0,17000.0,4567.74853515625,866400
2017-03-16,17100.0,17600.0,17100.0,17525.0,4708.81103515625,1506800
2017-03-17,17525.0,17975.0,17275.0,17750.0,4769.26611328125,1930600
2017-03-20,17800.0,18100.0,17575.0,18050.0,4849.8740234375,1689100
2017-03-21,18050.0,18775.0,18050.0,18775.0,5044.6748046875,2318600
2017-03-22,18775.0,18975.0,18400.0,18650.0,5011.08837890625,2479000
2017-03-23,18700.0,19375.0,18675.0,19200.0,5158.8701171875,2331200
2017-03-24,19225.0,19900.0,19200.0,19875.0,5340.23486328125,1812300
2017-03-27,19975.0,20150.0,19575.0,19725.0,5299.93212890625,1022500
2017-03-29,19725.0,20150.0,19700.0,20050.0,5387.255859375,3189900
2017-03-30,20150.0,20500.0,19875.0,19925.0,5353.66845703125,2269900
2017-03-31,19925.0,20225.0,19875.0,20200.0,5427.55908203125,2104800
2017-04-03,20200.0,20650.0,20075.0,20200.0,5427.55908203125,1648100
2017-04-04,20500.0,22300.0,20500.0,22200.0,5964.9423828125,4407600
2017-04-05,22200.0,22250.0,21400.0,21550.0,5790.29345703125,5003500
2017-04-06,20650.0,20800.0,20200.0,20450.0,5802.45361328125,4589400
2017-04-07,20700.0,20950.0,20275.0,20450.0,5802.45361328125,2127800
2017-04-10,20500.0,20650.0,19925.0,20100.0,5703.14501953125,1742500
2017-04-11,20100.0,20150.0,19825.0,19950.0,5660.58544921875,1484100
2017-04-12,19950.0,20100.0,19425.0,19850.0,5632.21142578125,1681900
2017-04-13,19875.0,19875.0,19700.0,19800.0,5618.0234375,1452200
2017-04-17,19800.0,19825.0,19575.0,19600.0,5561.275390625,711600
2017-04-18,19650.0,20175.0,19650.0,20075.0,5696.0517578125,1912200
2017-04-19,20075.0,20075.0,20075.0,20075.0,5696.0517578125,0
2017-04-20,20050.0,20350.0,19575.0,19700.0,5589.6494140625,2573400
2017-04-21,19700.0,19750.0,18450.0,18800.0,5334.2841796875,1664000
2017-04-25,18800.0,19375.0,18500.0,19100.0,5419.40625,2020200
2017-04-26,19300.0,19850.0,19250.0,19500.0,5532.9013671875,2121300
2017-04-27,19600.0,19800.0,19525.0,19625.0,5568.36962890625,749000
2017-04-28,19700.0,19800.0,18725.0,19125.0,5426.5009765625,2694100
2017-05-02,19300.0,19450.0,18375.0,18625.0,5284.63037109375,1516500
2017-05-03,18875.0,19000.0,18050.0,18050.0,5121.48095703125,1977100
2017-05-04,18150.0,18800.0,18125.0,18475.0,5242.06982421875,4113500
2017-05-05,18450.0,19100.0,18275.0,18400.0,5220.78955078125,3326400
2017-05-08,18450.0,18600.0,18275.0,18400.0,5220.78955078125,1433400
2017-05-09,18400.0,18400.0,17375.0,17425.0,4944.14453125,2724600
2017-05-10,17425.0,17525.0,16225.0,16275.0,4617.84521484375,1999600
2017-05-12,16350.0,16725.0,15900.0,15950.0,4525.630859375,2085200
2017-05-15,16175.0,16175.0,14500.0,15150.0,4298.64013671875,2879700
2017-05-16,15150.0,15500.0,14950.0,15000.0,4256.078125,2848500
2017-05-17,15200.0,15200.0,14700.0,14850.0,4213.5185546875,2699600
2017-05-18,14900.0,15475.0,14625.0,15300.0,4341.2001953125,3746400
2017-05-19,15350.0,15800.0,15125.0,15750.0,4468.8828125,2965300
2017-05-22,15750.0,16000.0,15100.0,15175.0,4305.732421875,3504000
2017-05-23,15275.0,15600.0,15175.0,15400.0,4369.57421875,2304900
2017-05-24,15450.0,15525.0,15250.0,15350.0,4355.38671875,1268300
2017-05-26,15550.0,16000.0,15375.0,16000.0,4539.81640625,3817700
2017-05-29,16000.0,16300.0,15775.0,15800.0,4483.06884765625,1261900
2017-05-30,15800.0,16075.0,15625.0,15875.0,4504.349609375,608200
2017-05-31,15925.0,16300.0,15200.0,15200.0,4312.8271484375,2161900
2017-06-01,15200.0,15200.0,15200.0,15200.0,4312.8271484375,0
2017-06-02,15200.0,15850.0,15200.0,15525.0,4405.041015625,2926400
2017-06-05,15900.0,16000.0,15600.0,15750.0,4468.8828125,445100
2017-06-06,15950.0,16425.0,15950.0,16350.0,4639.125,1995400
2017-06-07,16425.0,17075.0,16425.0,17000.0,4823.5556640625,3077000
2017-06-08,17000.0,17650.0,17000.0,17450.0,4951.23779296875,2283700
2017-06-09,17525.0,17900.0,17175.0,17175.0,4873.2099609375,2020700
2017-06-12,17200.0,17500.0,16500.0,17100.0,4851.9296875,1261100
2017-06-13,17100.0,17300.0,16500.0,17200.0,4880.30322265625,2048700
2017-06-14,17500.0,18400.0,17400.0,18075.0,5128.57421875,4131600
2017-06-15,18200.0,18300.0,17500.0,17525.0,4972.51806640625,1393100
2017-06-16,17700.0,18025.0,17000.0,17000.0,4823.5556640625,2043200
2017-06-19,17200.0,17325.0,17100.0,17225.0,4887.3974609375,1311300
2017-06-20,17500.0,17625.0,17350.0,17550.0,4979.61181640625,686200
2017-06-21,17550.0,17950.0,17450.0,17850.0,5064.7333984375,1209500
2017-06-22,17850.0,17900.0,16700.0,17300.0,4908.6767578125,1950400
2017-06-23,17300.0,17300.0,17300.0,17300.0,4908.6767578125,0
2017-06-26,17300.0,17300.0,17300.0,17300.0,4908.6767578125,0
2017-06-27,17300.0,17300.0,17300.0,17300.0,4908.6767578125,0
2017-06-28,17300.0,17300.0,17300.0,17300.0,4908.6767578125,0
2017-06-29,17300.0,17300.0,17300.0,17300.0,4908.6767578125,0
2017-06-30,17300.0,17300.0,17300.0,17300.0,4908.6767578125,0
2017-07-03,17050.0,18150.0,17050.0,17800.0,5050.546875,2668700
2017-07-04,17925.0,18200.0,17525.0,17650.0,5007.98583984375,772200
2017-07-05,17675.0,18050.0,17525.0,17650.0,5007.98583984375,1974300
2017-07-06,17800.0,18300.0,17800.0,18300.0,5192.41650390625,2571900
2017-07-07,18350.0,18350.0,18175.0,18250.0,5178.2294921875,783900
2017-07-10,18150.0,18300.0,18050.0,18225.0,5171.13525390625,286500
2017-07-11,18225.0,18950.0,18225.0,18650.0,5291.72412109375,1424500
2017-07-12,18700.0,19425.0,18700.0,19325.0,5483.248046875,1735600
2017-07-13,19325.0,19675.0,19050.0,19675.0,5582.55615234375,1666500
2017-07-14,19675.0,19925.0,19550.0,19650.0,5575.462890625,1113400
2017-07-17,19650.0,20000.0,19650.0,19950.0,5660.58544921875,1171800
2017-07-18,19950.0,19950.0,19400.0,19400.0,5504.52783203125,623700
2017-07-19,19550.0,21425.0,19550.0,21100.0,5986.88330078125,2479300
2017-07-20,21125.0,21900.0,20850.0,21600.0,6128.75341796875,2530900
2017-07-21,21750.0,21750.0,20925.0,21150.0,6001.0712890625,1601800
2017-07-24,21150.0,21250.0,20425.0,20950.0,5944.3232421875,764600
2017-07-25,20850.0,20850.0,20050.0,20500.0,5816.640625,1338400
2017-07-26,20850.0,21125.0,20400.0,20750.0,5887.5751953125,801300
2017-07-27,20900.0,21000.0,20275.0,20500.0,5816.640625,601700
2017-07-28,20400.0,20650.0,20275.0,20525.0,5823.73388671875,728300
2017-07-31,20525.0,20525.0,19825.0,20000.0,5674.771484375,1744300
2017-08-01,20000.0,21125.0,20000.0,20925.0,5937.22900390625,2118500
2017-08-02,20925.0,21100.0,20600.0,20800.0,5901.7626953125,2185400
2017-08-03,20800.0,20800.0,20300.0,20400.0,5788.26611328125,571200
2017-08-04,20400.0,20725.0,20250.0,20600.0,5845.01513671875,1900800
2017-08-07,20700.0,21125.0,20350.0,20600.0,5845.01513671875,1720700
2017-08-08,20725.0,20725.0,19925.0,20150.0,5717.33251953125,951800
2017-08-09,20150.0,20450.0,20050.0,20225.0,5738.61328125,891900
2017-08-10,20250.0,20250.0,19950.0,20150.0,5717.33251953125,1654700
2017-08-11,20150.0,20150.0,19900.0,19950.0,5660.58544921875,594800
2017-08-14,20000.0,20200.0,19625.0,19950.0,5660.58544921875,1270800
2017-08-15,20000.0,20475.0,19975.0,20425.0,5795.3603515625,1205800
2017-08-16,20425.0,20575.0,20350.0,20500.0,5816.640625,1043600
2017-08-17,20500.0,20500.0,20500.0,20500.0,5816.640625,0
2017-08-18,20700.0,20825.0,20475.0,20575.0,5837.92138671875,1327700
2017-08-21,20575.0,20650.0,19900.0,20025.0,5681.86376953125,826800
2017-08-22,20100.0,20325.0,19925.0,20025.0,5681.86376953125,1637200
2017-08-23,20100.0,20400.0,19925.0,20100.0,5703.14501953125,1568400
2017-08-24,20100.0,20250.0,19975.0,20225.0,5738.61328125,1275600
2017-08-25,20250.0,20425.0,20025.0,20025.0,5681.86376953125,1322000
2017-08-28,20025.0,20225.0,19725.0,19750.0,5603.8369140625,1345900
2017-08-29,20000.0,20450.0,19000.0,19200.0,5447.78173828125,2603200
2017-08-30,19400.0,19500.0,18550.0,18550.0,5263.3505859375,2805800
2017-08-31,18600.0,19475.0,18600.0,19450.0,5518.71533203125,2063600
2017-09-01,19450.0,19450.0,19450.0,19450.0,5518.71533203125,0
2017-09-04,19550.0,19625.0,19000.0,19000.0,5391.03369140625,583500
2017-09-05,19000.0,19275.0,18850.0,19050.0,5405.2197265625,755600
2017-09-06,19200.0,19425.0,19100.0,19350.0,5490.3408203125,1309500
2017-09-07,19325.0,19525.0,18975.0,19150.0,5433.59228515625,1841800
2017-09-08,19150.0,19800.0,19150.0,19650.0,5575.462890625,648200
2017-09-11,19650.0,20475.0,19650.0,20450.0,5802.45361328125,1292700
2017-09-12,20500.0,20975.0,20175.0,20175.0,5724.42529296875,1837400
2017-09-13,20200.0,20375.0,18250.0,19350.0,5490.3408203125,3542200
2017-09-14,19350.0,19600.0,18675.0,19500.0,5532.9013671875,2374600
2017-09-15,19500.0,19750.0,19300.0,19700.0,5589.6494140625,927400
2017-09-18,19700.0,20100.0,19700.0,20100.0,5703.14501953125,606500
2017-09-19,20100.0,20200.0,19900.0,20200.0,5731.51806640625,710400
2017-09-20,20300.0,20300.0,19675.0,19725.0,5596.74365234375,566800
2017-09-21,19725.0,19725.0,19725.0,19725.0,5596.74365234375,0
2017-09-22,19725.0,20300.0,19600.0,19750.0,5603.8369140625,875200
2017-09-25,19900.0,19900.0,19475.0,19500.0,5532.9013671875,855100
2017-09-26,19500.0,19575.0,18700.0,18750.0,5320.09765625,1523200
2017-09-27,18750.0,19000.0,18550.0,18725.0,5313.00341796875,1447500
2017-09-28,18725.0,19750.0,18550.0,19450.0,5518.71533203125,1902400
2017-09-29,19700.0,20250.0,19450.0,20250.0,5745.70556640625,2082400
2017-10-02,20250.0,20600.0,19575.0,19600.0,5561.275390625,1360100
2017-10-03,19800.0,19875.0,19425.0,19575.0,5554.18310546875,1186400
2017-10-04,19750.0,20350.0,19650.0,19875.0,5639.3037109375,2955100
2017-10-05,20000.0,20250.0,19925.0,20075.0,5696.0517578125,697900
2017-10-06,20150.0,20425.0,20075.0,20250.0,5745.70556640625,1207100
2017-10-09,20300.0,20475.0,20200.0,20350.0,5774.0791015625,449000
2017-10-10,20350.0,20600.0,20250.0,20375.0,5781.17333984375,717200
2017-10-11,20400.0,21075.0,20250.0,20775.0,5894.6689453125,2439600
2017-10-12,20950.0,21450.0,20750.0,21150.0,6001.0712890625,1217200
2017-10-13,21150.0,21300.0,20675.0,20800.0,5901.7626953125,760500
2017-10-16,21050.0,21400.0,20800.0,21400.0,6072.00439453125,804800
2017-10-17,21500.0,21875.0,21300.0,21700.0,6157.1259765625,1556500
2017-10-18,21725.0,21925.0,21200.0,21550.0,6114.56689453125,696300
2017-10-19,21750.0,22500.0,21675.0,22375.0,6348.64990234375,1592800
2017-10-20,22375.0,22375.0,21650.0,22350.0,6341.55712890625,1760400
2017-10-23,22350.0,22750.0,21925.0,22700.0,6440.865234375,963800
2017-10-24,22700.0,23175.0,22400.0,23000.0,6525.98779296875,604100
2017-10-25,23000.0,23000.0,22350.0,22700.0,6440.865234375,1087000
2017-10-26,22800.0,22825.0,21500.0,21500.0,6100.37939453125,1224200
2017-10-27,21625.0,22275.0,21200.0,21275.0,6036.53759765625,1934600
2017-10-30,21600.0,22600.0,21600.0,22175.0,6291.9033203125,1539600
2017-10-31,22300.0,22525.0,21700.0,22200.0,6298.99658203125,1662500
2017-11-01,22300.0,22950.0,22075.0,22800.0,6469.240234375,1020900
2017-11-02,22850.0,22950.0,22500.0,22500.0,6384.1171875,847800
2017-11-03,22700.0,22800.0,22150.0,22500.0,6384.1171875,1190600
2017-11-06,22000.0,22100.0,21325.0,21475.0,6466.9296875,1456500
2017-11-07,21475.0,21750.0,21450.0,21525.0,6481.9873046875,1036100
2017-11-08,21550.0,21625.0,20900.0,21175.0,6376.58935546875,1511100
2017-11-09,21175.0,21250.0,20750.0,21150.0,6369.06103515625,1814500
2017-11-10,21375.0,21650.0,21100.0,21500.0,6474.45947265625,2088400
2017-11-13,21550.0,21700.0,20850.0,20975.0,6316.361328125,926800
2017-11-14,20975.0,21300.0,20500.0,20575.0,6195.90673828125,1248900
2017-11-15,20500.0,20500.0,19925.0,20000.0,6022.7529296875,1540500
2017-11-16,19950.0,20725.0,19850.0,20450.0,6158.2646484375,1371500
2017-11-17,20550.0,20925.0,20200.0,20400.0,6143.20703125,914400
2017-11-20,20400.0,20700.0,20225.0,20225.0,6090.5087890625,558200
2017-11-21,20225.0,20225.0,19700.0,19700.0,5932.4111328125,1366400
2017-11-22,19700.0,20200.0,19700.0,20000.0,6022.7529296875,669400
2017-11-23,20050.0,20200.0,19825.0,19825.0,5970.052734375,355300
2017-11-24,19850.0,20000.0,19625.0,19650.0,5917.3544921875,401900
2017-11-27,19750.0,20000.0,19300.0,19800.0,5962.52490234375,589900
2017-11-28,19550.0,19950.0,19425.0,19800.0,5962.52490234375,490900
2017-11-29,20000.0,20700.0,20000.0,20700.0,6233.548828125,1462900
2017-11-30,20700.0,21150.0,20500.0,21150.0,6369.06103515625,1134400
2017-12-01,21150.0,21150.0,21150.0,21150.0,6369.06103515625,0
2017-12-04,21000.0,21275.0,20550.0,21125.0,6361.5322265625,1493100
2017-12-05,21125.0,21250.0,20850.0,21100.0,6354.00341796875,810600
2017-12-06,21250.0,21450.0,21125.0,21300.0,6414.22998046875,1624400
2017-12-07,21300.0,21600.0,21150.0,21200.0,6384.1171875,1180800
2017-12-08,21200.0,21400.0,21050.0,21100.0,6354.00341796875,365200
2017-12-11,21100.0,21425.0,20575.0,20775.0,6256.13427734375,423400
2017-12-12,20750.0,20975.0,20550.0,20775.0,6256.13427734375,336600
2017-12-13,21000.0,21300.0,20700.0,20700.0,6233.548828125,364000
2017-12-14,21000.0,21000.0,20750.0,20800.0,6263.6630859375,709200
2017-12-15,20700.0,21075.0,20450.0,20450.0,6158.2646484375,1488000
2017-12-18,20700.0,20700.0,20275.0,20350.0,6128.150390625,567600
2017-12-19,20350.0,20950.0,20350.0,20500.0,6173.32177734375,891800
2017-12-20,20550.0,20825.0,20000.0,20000.0,6022.7529296875,1321700
2017-12-21,20000.0,20450.0,20000.0,20300.0,6113.0927734375,1035100
2017-12-22,20300.0,20650.0,20300.0,20400.0,6143.20703125,1151700
2017-12-25,20400.0,20400.0,20400.0,20400.0,6143.20703125,0
2017-12-26,20400.0,20400.0,20400.0,20400.0,6143.20703125,0
2017-12-27,20425.0,21000.0,20425.0,20775.0,6256.13427734375,371800
2017-12-28,21000.0,21075.0,20400.0,20450.0,6158.2646484375,556800
2017-12-29,20600.0,20825.0,20400.0,20700.0,6233.548828125,1029700
2018-01-01,20700.0,20700.0,20700.0,20700.0,6233.548828125,0
2018-01-02,20800.0,20825.0,20450.0,20475.0,6165.7939453125,577400
2018-01-03,20500.0,20600.0,19850.0,19975.0,6015.2236328125,1189400
2018-01-04,20200.0,20750.0,20025.0,20100.0,6052.8662109375,2091600
2018-01-05,20275.0,21100.0,20000.0,21075.0,6346.474609375,2310700
2018-01-08,21075.0,23050.0,21075.0,22975.0,6918.6357421875,3827700
2018-01-09,23100.0,23500.0,23000.0,23275.0,7008.978515625,1682500
2018-01-10,23275.0,23925.0,23275.0,23850.0,7182.1318359375,1490700
2018-01-11,23850.0,23925.0,23450.0,23700.0,7136.96142578125,477600
2018-01-12,23750.0,24525.0,23725.0,23750.0,7152.01806640625,1729800
2018-01-15,24000.0,25000.0,23900.0,24850.0,7483.26953125,1483700
2018-01-16,24800.0,25800.0,24800.0,25500.0,7679.01025390625,2034000
2018-01-17,25475.0,25900.0,24750.0,25900.0,7799.46484375,1293000
2018-01-18,25800.0,26025.0,25475.0,25825.0,7776.876953125,1212700
2018-01-19,25825.0,26550.0,25675.0,26550.0,7995.2041015625,1600400
2018-01-22,26600.0,29000.0,26600.0,28475.0,8574.892578125,2414700
2018-01-23,28475.0,29500.0,28475.0,28500.0,8582.421875,2051900
2018-01-24,28550.0,29800.0,28525.0,29750.0,8958.84375,2299500
2018-01-25,29800.0,30850.0,29800.0,30325.0,9131.9970703125,1880500
2018-01-26,30500.0,30850.0,30000.0,30050.0,9049.185546875,986000
2018-01-29,29900.0,31575.0,29900.0,31300.0,9425.607421875,1899500
2018-01-30,31300.0,31300.0,29100.0,30100.0,9064.2421875,2403200
2018-01-31,29900.0,30800.0,29300.0,30300.0,9124.47265625,1572000
2018-02-01,30300.0,30800.0,29625.0,30800.0,9275.0390625,1658600
2018-02-02,30600.0,30600.0,29500.0,29600.0,8913.6728515625,3163200
2018-02-05,29325.0,30200.0,28750.0,29600.0,8913.6728515625,1250600
2018-02-06,29800.0,29800.0,28375.0,29100.0,8763.1044921875,2002400
2018-02-07,29100.0,30125.0,28800.0,28800.0,8672.7626953125,1332600
2018-02-08,28800.0,29225.0,28350.0,29000.0,8732.9892578125,1035800
2018-02-09,28800.0,29000.0,28050.0,28300.0,8522.193359375,612300
2018-02-12,28200.0,28600.0,28000.0,28400.0,8552.30859375,440600
2018-02-13,28600.0,29900.0,28600.0,28900.0,8702.876953125,1229800
2018-02-14,28650.0,29375.0,28150.0,29175.0,8785.6904296875,543500
2018-02-15,29200.0,30400.0,29200.0,30075.0,9056.712890625,986900
2018-02-16,30075.0,30075.0,30075.0,30075.0,9056.712890625,0
2018-02-19,30075.0,30375.0,29775.0,30000.0,9034.1279296875,1076100
2018-02-20,29900.0,30150.0,29600.0,29975.0,9026.599609375,963100
2018-02-21,29975.0,30150.0,29550.0,29600.0,8913.6728515625,1007800
2018-02-22,29700.0,30600.0,29350.0,30525.0,9192.2255859375,1528200
2018-02-23,30800.0,31975.0,30800.0,31700.0,9546.0625,2624100
2018-02-26,31700.0,32200.0,31400.0,31475.0,9478.306640625,1067300
2018-02-27,31475.0,31500.0,30400.0,30600.0,9214.8115234375,1288800
2018-02-28,30600.0,31000.0,30550.0,30800.0,9275.0390625,1450800
2018-03-01,30800.0,31200.0,30050.0,30175.0,9086.8271484375,622300
2018-03-02,30175.0,30175.0,28575.0,28675.0,8635.1201171875,2535400
2018-03-05,28800.0,29425.0,27300.0,27300.0,8221.056640625,1746800
2018-03-06,27600.0,28200.0,27100.0,27200.0,8190.9423828125,1757800
2018-03-07,27200.0,27975.0,26400.0,26550.0,7995.2041015625,1766800
2018-03-08,26700.0,27200.0,25725.0,26900.0,8100.60205078125,4323600
2018-03-09,26900.0,27475.0,26900.0,27125.0,8168.3583984375,1931400
2018-03-12,27225.0,29500.0,27225.0,28900.0,8702.876953125,3060700
2018-03-13,28900.0,29375.0,27600.0,28000.0,8431.8544921875,2157800
2018-03-14,28000.0,28000.0,26400.0,26400.0,7950.033203125,2284500
2018-03-15,26375.0,27000.0,25775.0,26000.0,7829.5771484375,1573000
2018-03-16,26200.0,27825.0,25800.0,27825.0,8379.154296875,6234700
2018-03-19,27825.0,28000.0,27000.0,27500.0,8281.2841796875,867000
2018-03-20,27300.0,27475.0,26850.0,26850.0,8085.5458984375,954300
2018-03-21,26950.0,27950.0,26950.0,27900.0,8401.7392578125,1491100
2018-03-22,27900.0,28750.0,27900.0,28375.0,8544.7802734375,1335800
2018-03-23,28000.0,29550.0,27375.0,28900.0,8702.876953125,1652500
2018-03-26,29000.0,29300.0,28900.0,29050.0,8748.044921875,966400
2018-03-27,29150.0,30000.0,29150.0,29575.0,8906.14453125,2425100
2018-03-28,29400.0,29650.0,28050.0,28125.0,8469.4970703125,1817600
2018-03-29,28150.0,28975.0,28125.0,28500.0,8582.421875,1799400
2018-03-30,28500.0,28500.0,28500.0,28500.0,8582.421875,0
2018-04-02,28750.0,29225.0,28275.0,28625.0,8620.0654296875,1806000
2018-04-03,28300.0,28300.0,26400.0,26975.0,8681.2099609375,2206500
2018-04-04,27200.0,27775.0,26000.0,26300.0,8463.9814453125,1684100
2018-04-05,26500.0,27450.0,26450.0,27400.0,8817.9873046875,1607400
2018-04-06,27425.0,27700.0,27000.0,27400.0,8817.9873046875,646100
2018-04-09,27150.0,27800.0,27000.0,27425.0,8826.033203125,688500
2018-04-10,27600.0,28450.0,27600.0,28450.0,9155.9013671875,1454100
2018-04-11,28450.0,29000.0,27400.0,27400.0,8817.9873046875,1529700
2018-04-12,27600.0,27850.0,27150.0,27175.0,8745.5751953125,788000
2018-04-13,27400.0,27625.0,27075.0,27075.0,8713.392578125,543700
2018-04-16,27075.0,27375.0,26900.0,26900.0,8657.0751953125,758500
2018-04-17,26950.0,27475.0,26600.0,26875.0,8649.0283203125,1184800
2018-04-18,26900.0,27250.0,26900.0,26925.0,8665.119140625,546400
2018-04-19,27000.0,28000.0,27000.0,27875.0,8970.8525390625,1082300
2018-04-20,27975.0,28000.0,27450.0,27775.0,8938.669921875,553500
2018-04-23,27775.0,27775.0,27350.0,27500.0,8850.169921875,627600
2018-04-24,27575.0,27600.0,26600.0,26650.0,8576.6171875,904900
2018-04-25,26650.0,26650.0,25400.0,25450.0,8190.42822265625,1337900
2018-04-26,25600.0,26000.0,24500.0,24825.0,7989.2880859375,1520000
2018-04-27,24825.0,24875.0,23250.0,23600.0,7595.05419921875,2186700
2018-04-30,23575.0,24025.0,23100.0,23650.0,7611.14501953125,2272000
2018-05-01,23650.0,23650.0,23650.0,23650.0,7611.14501953125,0
2018-05-02,24000.0,24800.0,23900.0,24100.0,7755.96630859375,2276700
2018-05-03,24200.0,24400.0,22275.0,22350.0,7192.7744140625,1979400
2018-05-04,22350.0,22575.0,21200.0,22475.0,7233.00048828125,1913000
2018-05-07,22600.0,23375.0,22600.0,23350.0,7514.59814453125,1065100
2018-05-08,23350.0,23500.0,22200.0,22400.0,7208.86572265625,870800
2018-05-09,22400.0,23275.0,22200.0,23200.0,7466.32568359375,1474300
2018-05-10,23200.0,23200.0,23200.0,23200.0,7466.32568359375,0
2018-05-11,23300.0,25775.0,23300.0,25625.0,8246.748046875,1931300
2018-05-14,25625.0,26125.0,25150.0,25900.0,8335.25,2307800
2018-05-15,26000.0,26400.0,26000.0,26325.0,8472.0244140625,1120700
2018-05-16,26325.0,27450.0,25725.0,27425.0,8826.033203125,1265400
2018-05-17,27500.0,27725.0,26300.0,26375.0,8488.1181640625,1792400
2018-05-18,26375.0,26800.0,25625.0,26000.0,8367.4306640625,1032900
2018-05-21,26000.0,26775.0,25600.0,26650.0,8576.6171875,1874200
2018-05-22,26650.0,26975.0,26150.0,26200.0,8431.798828125,686800
2018-05-23,26100.0,26525.0,24900.0,25000.0,8045.60791015625,2307300
2018-05-24,25050.0,25475.0,24300.0,24450.0,7868.60400390625,1374400
2018-05-25,24550.0,25550.0,24550.0,25150.0,8093.88330078125,1280200
2018-05-28,25200.0,25500.0,25125.0,25375.0,8166.29248046875,489800
2018-05-29,25375.0,25375.0,25375.0,25375.0,8166.29248046875,0
2018-05-30,25350.0,26475.0,25125.0,25900.0,8335.25,1787400
2018-05-31,26000.0,26350.0,25650.0,25825.0,8311.111328125,1328900
2018-06-01,25825.0,25825.0,25825.0,25825.0,8311.111328125,0
2018-06-04,26000.0,26425.0,25900.0,26425.0,8504.2080078125,1392700
2018-06-05,26450.0,28350.0,26450.0,28200.0,9075.4453125,3484200
2018-06-06,28350.0,28500.0,27375.0,27650.0,8898.4423828125,1663400
2018-06-07,27775.0,28325.0,26775.0,26850.0,8640.9833984375,1476400
2018-06-08,27125.0,27525.0,26500.0,27000.0,8689.2568359375,2093700
2018-06-11,27000.0,27000.0,27000.0,27000.0,8689.2568359375,0
2018-06-12,27000.0,27000.0,27000.0,27000.0,8689.2568359375,0
2018-06-13,27000.0,27000.0,27000.0,27000.0,8689.2568359375,0
2018-06-14,27000.0,27000.0,27000.0,27000.0,8689.2568359375,0
2018-06-15,27000.0,27000.0,27000.0,27000.0,8689.2568359375,0
2018-06-18,27000.0,27000.0,27000.0,27000.0,8689.2568359375,0
2018-06-19,27000.0,27000.0,27000.0,27000.0,8689.2568359375,0
2018-06-20,26750.0,27000.0,25150.0,25700.0,8270.8837890625,3435200
2018-06-21,25700.0,25700.0,24325.0,24325.0,7828.37548828125,3839700
2018-06-22,24325.0,24325.0,22875.0,23675.0,7619.19091796875,3258000
2018-06-25,23850.0,24000.0,22600.0,22875.0,7361.73193359375,5133000
2018-06-26,22875.0,23650.0,22550.0,22775.0,7329.548828125,2512400
2018-06-27,22800.0,23300.0,22100.0,22275.0,7168.63623046875,2419500
2018-06-28,22400.0,22800.0,21850.0,21925.0,7055.9970703125,2099200
2018-06-29,21925.0,22500.0,21925.0,22375.0,7200.8203125,2369000
2018-07-02,22500.0,23450.0,21225.0,22025.0,7088.1796875,2546400
2018-07-03,22200.0,22350.0,21250.0,21300.0,6854.857421875,3158400
2018-07-04,21150.0,22325.0,21000.0,22300.0,7176.6826171875,2172600
2018-07-05,22400.0,23350.0,22200.0,23250.0,7482.41552734375,1795300
2018-07-06,23300.0,24800.0,23275.0,24575.0,7908.8330078125,2847000
2018-07-09,24600.0,25150.0,24100.0,24725.0,7957.10498046875,1978600
2018-07-10,24725.0,25200.0,24250.0,25000.0,8045.60791015625,1570800
2018-07-11,24875.0,25300.0,24400.0,25300.0,8142.1552734375,1075600
2018-07-12,25300.0,25300.0,24675.0,24725.0,7957.10498046875,1054400
2018-07-13,24725.0,25000.0,24050.0,24500.0,7884.6962890625,1359000
2018-07-16,24500.0,24550.0,23225.0,23700.0,7627.2373046875,1555000
2018-07-17,23700.0,24250.0,23400.0,24200.0,7788.1484375,953000
2018-07-18,24300.0,25050.0,24200.0,24825.0,7989.2880859375,2877500
2018-07-19,25050.0,25650.0,24700.0,25300.0,8142.1552734375,2046500
2018-07-20,25300.0,25300.0,24200.0,24200.0,7788.1484375,1618100
2018-07-23,24250.0,25050.0,24100.0,24900.0,8013.4248046875,1384500
2018-07-24,25000.0,25450.0,24550.0,25300.0,8142.1552734375,1575800
2018-07-25,25400.0,26350.0,25350.0,26350.0,8480.0712890625,1885700
2018-07-26,26500.0,28200.0,26350.0,28125.0,9051.3095703125,3629700
2018-07-27,28200.0,29000.0,28000.0,29000.0,9332.9033203125,1685300
2018-07-30,29000.0,30500.0,29000.0,30000.0,9654.7294921875,3917500
2018-07-31,29875.0,30000.0,28150.0,28475.0,9163.9462890625,4169400
2018-08-01,28850.0,29225.0,28750.0,29225.0,9405.3154296875,2212400
2018-08-02,29225.0,29225.0,28475.0,28800.0,9268.541015625,1044800
2018-08-03,28900.0,29275.0,28425.0,29000.0,9332.9033203125,1873100
2018-08-06,29000.0,29000.0,28525.0,28700.0,9236.357421875,1473600
2018-08-07,28700.0,29450.0,28525.0,28950.0,9316.814453125,1815600
2018-08-08,28950.0,29225.0,28650.0,28650.0,9220.2666015625,1745500
2018-08-09,28650.0,28675.0,28125.0,28125.0,9051.3095703125,1249100
2018-08-10,28125.0,28475.0,27550.0,27800.0,8946.7158203125,1148600
2018-08-13,27000.0,27200.0,26000.0,26400.0,8496.1630859375,1780000
2018-08-14,26100.0,26875.0,25825.0,25900.0,8335.25,1606700
2018-08-15,26325.0,26800.0,25375.0,26750.0,8608.8017578125,1401700
2018-08-16,26750.0,27000.0,26100.0,26175.0,8423.751953125,752600
2018-08-17,26175.0,26175.0,26175.0,26175.0,8423.751953125,0
2018-08-20,26325.0,27975.0,26325.0,27625.0,8890.3974609375,1756700
2018-08-21,27625.0,27650.0,26700.0,26800.0,8624.8916015625,1938900
2018-08-22,26800.0,26800.0,26800.0,26800.0,8624.8916015625,0
2018-08-23,26400.0,26600.0,25550.0,25675.0,8262.8388671875,3454000
2018-08-24,25675.0,26175.0,25400.0,25900.0,8335.25,928700
2018-08-27,26050.0,26250.0,25550.0,25900.0,8335.25,1136200
2018-08-28,26200.0,27900.0,26050.0,27775.0,8938.669921875,2516400
2018-08-29,27775.0,28500.0,27000.0,28300.0,9107.626953125,3169000
2018-08-30,28350.0,29000.0,28125.0,29000.0,9332.9033203125,2674500
2018-08-31,28500.0,28500.0,27575.0,28300.0,9107.626953125,2102600
2018-09-03,28300.0,28300.0,27550.0,27550.0,8866.26171875,607700
2018-09-04,27200.0,27700.0,26650.0,27225.0,8761.66796875,1187000
2018-09-05,26500.0,26525.0,25800.0,25900.0,8335.25,1622200
2018-09-06,25800.0,26500.0,25125.0,25425.0,8182.38427734375,2084000
2018-09-07,25500.0,25950.0,25250.0,25375.0,8166.29248046875,1609300
2018-09-10,25375.0,25550.0,25200.0,25200.0,8109.9736328125,1025700
2018-09-11,25200.0,25200.0,25200.0,25200.0,8109.9736328125,0
2018-09-12,25300.0,26375.0,25275.0,25775.0,8295.021484375,2151600
2018-09-13,26100.0,26175.0,25525.0,25900.0,8335.25,632100
2018-09-14,26150.0,27175.0,25950.0,27100.0,8721.439453125,1572500
2018-09-17,27200.0,27350.0,26150.0,26275.0,8455.93359375,1740400
2018-09-18,26050.0,26300.0,25700.0,26150.0,8415.7080078125,1372800
2018-09-19,26275.0,26525.0,26275.0,26275.0,8455.93359375,964100
2018-09-20,26275.0,27050.0,26000.0,27000.0,8689.2568359375,1888800
2018-09-21,27125.0,27200.0,26400.0,26400.0,8496.1630859375,1903400
2018-09-24,26425.0,26500.0,25425.0,25425.0,8182.38427734375,1651800
2018-09-25,25425.0,25800.0,25425.0,25600.0,8238.7021484375,473600
2018-09-26,25800.0,25950.0,25450.0,25450.0,8190.42822265625,672900
2018-09-27,25600.0,25800.0,25500.0,25700.0,8270.8837890625,912900
2018-09-28,25800.0,26150.0,25475.0,25850.0,8319.16015625,1714900
2018-10-01,26000.0,26325.0,25700.0,26000.0,8367.4306640625,1054700
2018-10-02,26000.0,26350.0,25500.0,25750.0,8286.9765625,960700
2018-10-03,25900.0,26175.0,25800.0,26000.0,8367.4306640625,621500
2018-10-04,25825.0,25950.0,25600.0,25675.0,8262.8388671875,712900
2018-10-05,25550.0,25725.0,25350.0,25675.0,8262.8388671875,895100
2018-10-08,25675.0,26300.0,25675.0,26250.0,8447.888671875,1271600
2018-10-09,26300.0,26575.0,25525.0,25750.0,8286.9765625,1187700
2018-10-10,25750.0,25925.0,25500.0,25500.0,8206.521484375,1475800
2018-10-11,25100.0,25100.0,24650.0,24975.0,8037.564453125,1132900
2018-10-12,24750.0,25325.0,24750.0,24950.0,8029.515625,902900
2018-10-15,24950.0,25125.0,24725.0,24725.0,7957.10498046875,617300
2018-10-16,25000.0,25400.0,24650.0,25225.0,8118.01953125,1066200
2018-10-17,25500.0,26025.0,25225.0,26000.0,8367.4306640625,1323200
2018-10-18,26000.0,26175.0,25600.0,26000.0,8367.4306640625,2140700
2018-10-19,26000.0,26100.0,24950.0,24950.0,8029.515625,3195100
2018-10-22,25125.0,25425.0,25050.0,25350.0,8158.24658203125,1119900
2018-10-23,25050.0,25200.0,24750.0,24750.0,7965.15185546875,1234200
2018-10-24,25350.0,25975.0,25350.0,25775.0,8295.021484375,2925800
2018-10-25,25775.0,26375.0,25600.0,26100.0,8399.6142578125,2227200
2018-10-26,26125.0,27000.0,26125.0,26950.0,8673.166015625,2718600
2018-10-29,27000.0,27100.0,25800.0,25950.0,8351.3408203125,2906400
2018-10-30,26000.0,26250.0,25725.0,25950.0,8351.3408203125,2423700
2018-10-31,24850.0,25050.0,24650.0,24900.0,8477.30859375,1832500
2018-11-01,24950.0,25175.0,24800.0,24800.0,8443.263671875,1259300
2018-11-02,24800.0,25000.0,24100.0,24500.0,8341.1279296875,1673700
2018-11-05,24500.0,24500.0,23800.0,23825.0,8111.32080078125,1896800
2018-11-06,23825.0,24350.0,23825.0,24275.0,8264.525390625,1734500
2018-11-07,24300.0,24400.0,23850.0,24250.0,8256.013671875,1365400
2018-11-08,24350.0,24525.0,23475.0,23475.0,7992.16259765625,2759300
2018-11-09,23500.0,23700.0,23000.0,23075.0,7855.98046875,1551900
2018-11-12,23500.0,23950.0,23000.0,23875.0,8128.34423828125,1608600
2018-11-13,23600.0,23850.0,23500.0,23500.0,8000.67431640625,940300
2018-11-14,23350.0,23350.0,22550.0,22575.0,7685.75390625,2265400
2018-11-15,22700.0,23225.0,22575.0,23075.0,7855.98046875,2681000
2018-11-16,23275.0,23825.0,22700.0,22775.0,7753.84423828125,2490600
2018-11-19,22550.0,23000.0,22000.0,22025.0,7498.50244140625,2706700
2018-11-20,22025.0,22025.0,22025.0,22025.0,7498.50244140625,0
2018-11-21,21850.0,21850.0,19800.0,20025.0,6817.59423828125,7002900
2018-11-22,20450.0,20500.0,19325.0,19625.0,6681.41357421875,5079300
2018-11-23,19900.0,20375.0,19900.0,20025.0,6817.59423828125,3723300
2018-11-26,20150.0,20350.0,19625.0,20175.0,6868.66357421875,1868900
2018-11-27,20300.0,20350.0,19750.0,19750.0,6723.970703125,3367200
2018-11-28,19775.0,20800.0,19775.0,20525.0,6987.822265625,2103900
2018-11-29,21000.0,21300.0,20725.0,21250.0,7234.65283203125,2344300
2018-11-30,21300.0,22100.0,21100.0,21250.0,7234.65283203125,7040600
2018-12-03,21800.0,21900.0,21000.0,21000.0,7149.53759765625,2152500
2018-12-04,21000.0,21750.0,20950.0,21425.0,7294.23193359375,3156900
2018-12-05,21025.0,21375.0,20525.0,20600.0,7013.35595703125,1890400
2018-12-06,20325.0,21150.0,20300.0,20800.0,7081.44677734375,2506600
2018-12-07,21025.0,21075.0,20300.0,20425.0,6953.7763671875,1131300
2018-12-10,20200.0,20450.0,19625.0,19800.0,6740.9931640625,2983200
2018-12-11,19900.0,20325.0,19850.0,20100.0,6843.12939453125,1530400
2018-12-12,20100.0,21225.0,20050.0,21100.0,7183.5830078125,1749500
2018-12-13,21150.0,21550.0,20925.0,21200.0,7217.62841796875,2527900
2018-12-14,21200.0,21225.0,20625.0,20625.0,7021.8671875,1625100
2018-12-17,20575.0,20650.0,20150.0,20150.0,6860.15283203125,930800
2018-12-18,20000.0,20050.0,19525.0,20000.0,6809.08349609375,4497600
2018-12-19,19950.0,20200.0,19900.0,20025.0,6817.59423828125,1715600
2018-12-20,20025.0,20150.0,19900.0,20000.0,6809.08349609375,892300
2018-12-21,19900.0,20100.0,19750.0,19900.0,6775.03759765625,1405200
2018-12-24,19900.0,19900.0,19900.0,19900.0,6775.03759765625,0
2018-12-25,19900.0,19900.0,19900.0,19900.0,6775.03759765625,0
2018-12-26,19800.0,20050.0,19675.0,19900.0,6775.03759765625,411200
2018-12-27,20150.0,20300.0,19975.0,20050.0,6826.1064453125,864100
2018-12-28,19975.0,20250.0,19975.0,20250.0,6894.19677734375,939300
2018-12-31,20250.0,20250.0,20250.0,20250.0,6894.19677734375,0
2019-01-01,20250.0,20250.0,20250.0,20250.0,6894.19677734375,0
2019-01-02,20125.0,20150.0,19950.0,20075.0,6834.6181640625,1095100
2019-01-03,20200.0,20200.0,19825.0,19900.0,6775.03759765625,2248100
2019-01-04,19800.0,21775.0,19750.0,21575.0,7345.29931640625,3855300
2019-01-07,21825.0,22125.0,20825.0,20850.0,7098.470703125,3383600
2019-01-08,20900.0,22075.0,20900.0,22075.0,7515.525390625,2999300
2019-01-09,22200.0,22500.0,22100.0,22450.0,7643.1962890625,2187000
2019-01-10,22450.0,22450.0,21750.0,22000.0,7489.99267578125,1712000
2019-01-11,22275.0,22900.0,21975.0,22525.0,7668.7314453125,1828500
2019-01-14,22525.0,22525.0,21900.0,22250.0,7575.10400390625,543100
2019-01-15,21975.0,22200.0,21700.0,21850.0,7438.923828125,1098000
2019-01-16,22000.0,22400.0,21875.0,21875.0,7447.43603515625,1376500
2019-01-17,22100.0,22700.0,22100.0,22425.0,7634.6865234375,2225200
2019-01-18,22550.0,23200.0,22550.0,23100.0,7864.49267578125,2194500
2019-01-21,23400.0,23575.0,22700.0,23350.0,7949.60546875,1450400
2019-01-22,22850.0,23100.0,22375.0,22400.0,7626.1748046875,1272600
2019-01-23,22300.0,22550.0,22150.0,22250.0,7575.10400390625,1932600
2019-01-24,22250.0,22500.0,22250.0,22300.0,7592.12890625,1303000
2019-01-25,22025.0,22400.0,22025.0,22125.0,7532.54931640625,2234400
2019-01-28,22325.0,22675.0,22075.0,22125.0,7532.54931640625,1809200
2019-01-29,22075.0,22400.0,21725.0,21850.0,7438.923828125,1286400
2019-01-30,22000.0,22225.0,21425.0,21750.0,7404.87841796875,1807600
2019-01-31,21900.0,22800.0,21900.0,22800.0,7762.35546875,2636700
2019-02-01,22775.0,22775.0,21800.0,22175.0,7549.572265625,1628900
2019-02-04,22175.0,22250.0,21950.0,22250.0,7575.10400390625,895100
2019-02-05,22250.0,22250.0,22250.0,22250.0,7575.10400390625,0
2019-02-06,22275.0,22325.0,22125.0,22325.0,7600.640625,885400
2019-02-07,22200.0,22400.0,22050.0,22175.0,7549.572265625,1176100
2019-02-08,22000.0,22000.0,21675.0,21875.0,7447.43603515625,1560000
2019-02-11,22000.0,22000.0,21000.0,21275.0,7243.1630859375,2191400
2019-02-12,21150.0,21525.0,21125.0,21400.0,7285.7197265625,1170900
2019-02-13,21600.0,21675.0,21125.0,21150.0,7200.60693359375,1129200
2019-02-14,21400.0,21475.0,21050.0,21100.0,7183.5830078125,701300
2019-02-15,21100.0,21100.0,20450.0,20800.0,7081.44677734375,2318800
2019-02-18,21025.0,21150.0,20975.0,21100.0,7183.5830078125,1268000
2019-02-19,21300.0,21975.0,21300.0,21400.0,7285.7197265625,2364100
2019-02-20,21700.0,22000.0,21650.0,21975.0,7481.4814453125,1394100
2019-02-21,22200.0,23175.0,22075.0,23025.0,7838.95703125,3491400
2019-02-22,23100.0,23650.0,23100.0,23650.0,8051.74169921875,4532500
2019-02-25,23575.0,23600.0,22875.0,22900.0,7796.400390625,1551700
2019-02-26,22800.0,22825.0,22100.0,22175.0,7549.572265625,1859400
2019-02-27,22200.0,22450.0,21625.0,21675.0,7379.34375,2182000
2019-02-28,21675.0,21850.0,21275.0,21375.0,7277.20947265625,1424700
2019-03-01,21300.0,21700.0,21250.0,21300.0,7251.673828125,1583100
2019-03-04,21600.0,22725.0,21500.0,22700.0,7728.310546875,2653500
2019-03-05,22675.0,22875.0,22125.0,22400.0,7626.1748046875,1457400
2019-03-06,22400.0,22550.0,22025.0,22300.0,7592.12890625,1698300
2019-03-07,22300.0,22300.0,22300.0,22300.0,7592.12890625,0
2019-03-08,22400.0,22600.0,22125.0,22275.0,7583.61669921875,1471800
2019-03-11,22275.0,23300.0,22250.0,23025.0,7838.95703125,2881700
2019-03-12,23150.0,23300.0,22275.0,22750.0,7745.3330078125,2092600
2019-03-13,22800.0,23300.0,22800.0,23300.0,7932.5830078125,1866700
2019-03-14,23150.0,23250.0,22800.0,22800.0,7762.35546875,1336800
2019-03-15,22825.0,23050.0,22825.0,22850.0,7779.3798828125,7738000
2019-03-18,22900.0,23350.0,22900.0,23025.0,7838.95703125,759200
2019-03-19,23225.0,23250.0,22825.0,22850.0,7779.3798828125,985100
2019-03-20,22800.0,22925.0,22575.0,22825.0,7770.86572265625,1626500
2019-03-21,22925.0,23400.0,22925.0,23375.0,7958.11767578125,1497000
2019-03-22,23350.0,23450.0,23250.0,23325.0,7941.09423828125,1407200
2019-03-25,22900.0,24325.0,22900.0,23850.0,8119.83154296875,4996200
2019-03-26,24450.0,24475.0,23800.0,23975.0,8162.38916015625,2578600
2019-03-27,24000.0,24050.0,23500.0,23800.0,8102.8115234375,2239600
2019-03-28,23800.0,24025.0,23750.0,23850.0,8119.83154296875,1813000
2019-03-29,24000.0,24025.0,23675.0,23925.0,8145.36669921875,2043300
2019-04-01,23700.0,23950.0,23700.0,23775.0,8094.298828125,2000300
2019-04-02,23875.0,24050.0,23825.0,23875.0,8128.34423828125,3085700
2019-04-03,23875.0,23875.0,23875.0,23875.0,8128.34423828125,0
2019-04-04,21800.0,21875.0,20425.0,20900.0,7782.0625,7059100
2019-04-05,21000.0,21100.0,20025.0,20200.0,7521.4150390625,2478100
2019-04-08,20500.0,20500.0,19525.0,19525.0,7270.08251953125,3630800
2019-04-09,19900.0,20050.0,19650.0,19750.0,7353.8603515625,2383300
2019-04-10,19800.0,20050.0,19550.0,19700.0,7335.24365234375,2703400
2019-04-11,19725.0,20125.0,19650.0,20000.0,7446.9482421875,1787200
2019-04-12,20200.0,20575.0,20100.0,20425.0,7605.1962890625,2264500
2019-04-15,20425.0,20675.0,20050.0,20200.0,7521.4150390625,1571800
2019-04-16,20200.0,20400.0,20000.0,20050.0,7465.5654296875,1391700
2019-04-17,20050.0,20050.0,20050.0,20050.0,7465.5654296875,0
2019-04-18,20100.0,20300.0,19700.0,19725.0,7344.55126953125,1889300
2019-04-19,19725.0,19725.0,19725.0,19725.0,7344.55126953125,0
2019-04-22,19800.0,19850.0,19550.0,19675.0,7325.93505859375,612900
2019-04-23,19800.0,20225.0,19675.0,20125.0,7493.49072265625,1363700
2019-04-24,20400.0,20400.0,20075.0,20200.0,7521.4150390625,915300
2019-04-25,20200.0,20325.0,20000.0,20225.0,7530.72802734375,959800
2019-04-26,20100.0,20350.0,19875.0,20300.0,7558.65185546875,598800
2019-04-29,20275.0,20275.0,19925.0,19975.0,7437.64111328125,1087800
2019-04-30,19875.0,20075.0,19125.0,19225.0,7158.37939453125,1715300
2019-05-01,19225.0,19225.0,19225.0,19225.0,7158.37939453125,0
2019-05-02,19250.0,19425.0,18625.0,18825.0,7009.4404296875,1836100
2019-05-03,18825.0,18875.0,18200.0,18225.0,6786.03125,2201900
2019-05-06,18025.0,18350.0,17825.0,18125.0,6748.796875,730300
2019-05-07,18175.0,18525.0,18000.0,18100.0,6739.48779296875,1101800
2019-05-08,18000.0,18000.0,17500.0,17925.0,6674.32763671875,1105200
2019-05-09,17925.0,17950.0,16900.0,16950.0,6311.2880859375,1751400
2019-05-10,16900.0,17650.0,16900.0,17450.0,6497.4619140625,2323500
2019-05-13,17400.0,18625.0,17100.0,17775.0,6618.47412109375,2479800
2019-05-14,17500.0,17975.0,17250.0,17700.0,6590.5498046875,1201700
2019-05-15,17725.0,17825.0,17300.0,17350.0,6460.2275390625,944800
2019-05-16,17200.0,17350.0,16750.0,17000.0,6329.90625,1495400
2019-05-17,17000.0,17475.0,16125.0,16200.0,6032.02783203125,1058000
2019-05-20,16200.0,16275.0,15175.0,16225.0,6041.33740234375,1395700
2019-05-21,16225.0,17300.0,16225.0,17025.0,6339.21435546875,763100
2019-05-22,16950.0,17350.0,16750.0,17025.0,6339.21435546875,436100
2019-05-23,16900.0,17275.0,16850.0,17175.0,6395.0673828125,1132200
2019-05-24,17175.0,17300.0,16900.0,17100.0,6367.140625,1245500
2019-05-27,17050.0,17325.0,17000.0,17050.0,6348.52392578125,390800
2019-05-28,17050.0,17200.0,16975.0,17000.0,6329.90625,487800
2019-05-29,16925.0,17300.0,16925.0,17250.0,6422.99267578125,1163600
2019-05-30,17250.0,17250.0,17250.0,17250.0,6422.99267578125,0
2019-05-31,17300.0,17600.0,16900.0,17525.0,6525.3876953125,1200500
2019-06-03,17525.0,17525.0,17525.0,17525.0,6525.3876953125,0
2019-06-04,17525.0,17525.0,17525.0,17525.0,6525.3876953125,0
2019-06-05,17525.0,17525.0,17525.0,17525.0,6525.3876953125,0
2019-06-06,17525.0,17525.0,17525.0,17525.0,6525.3876953125,0
2019-06-07,17525.0,17525.0,17525.0,17525.0,6525.3876953125,0
2019-06-10,17525.0,17950.0,16775.0,17000.0,6329.90625,3941000
2019-06-11,17000.0,17050.0,16725.0,17000.0,6329.90625,4352200
2019-06-12,17000.0,17150.0,16925.0,17100.0,6367.140625,1159700
2019-06-13,17000.0,17225.0,16875.0,17000.0,6329.90625,970500
2019-06-14,17000.0,17125.0,16650.0,16800.0,6255.4365234375,2394600
2019-06-17,16700.0,16925.0,16700.0,16850.0,6274.05322265625,1404500
2019-06-18,17000.0,17100.0,16850.0,17000.0,6329.90625,1283000
2019-06-19,16925.0,17075.0,16925.0,17025.0,6339.21435546875,1361900
2019-06-20,17025.0,17075.0,16825.0,17000.0,6329.90625,1199200
2019-06-21,17050.0,17150.0,16700.0,17000.0,6329.90625,1995300
2019-06-24,16850.0,17050.0,16800.0,17025.0,6339.21435546875,1443100
2019-06-25,17000.0,18000.0,16950.0,18000.0,6702.2529296875,2417700
2019-06-26,18300.0,18500.0,17600.0,17700.0,6590.5498046875,2550900
2019-06-27,17800.0,18000.0,17575.0,17775.0,6618.47412109375,788600
2019-06-28,17975.0,17975.0,17550.0,17550.0,6534.69677734375,771300
2019-07-01,17550.0,17850.0,17350.0,17825.0,6637.09326171875,1015100
2019-07-02,17825.0,17925.0,17175.0,17250.0,6422.99267578125,1534700
2019-07-03,17250.0,17350.0,17125.0,17275.0,6432.30078125,1466500
2019-07-04,17000.0,17475.0,17000.0,17200.0,6404.3759765625,775200
2019-07-05,17600.0,17900.0,17600.0,17800.0,6627.7841796875,1124600
2019-07-08,17750.0,17800.0,17275.0,17300.0,6441.60986328125,550100
2019-07-09,17475.0,17475.0,17200.0,17400.0,6478.845703125,1315700
2019-07-10,17400.0,17550.0,17400.0,17500.0,6516.080078125,792600
2019-07-11,17575.0,17650.0,17400.0,17500.0,6516.080078125,1411000
2019-07-12,17400.0,17500.0,17150.0,17250.0,6422.99267578125,1395500
2019-07-15,17300.0,17425.0,17150.0,17425.0,6488.15380859375,1001900
2019-07-16,17400.0,17475.0,17275.0,17425.0,6488.15380859375,1226800
2019-07-17,17375.0,17425.0,17100.0,17225.0,6413.6845703125,1442100
2019-07-18,17250.0,17275.0,16900.0,17225.0,6413.6845703125,1787500
2019-07-19,17250.0,17250.0,17100.0,17150.0,6385.75927734375,718100
2019-07-22,17200.0,17250.0,16850.0,16850.0,6274.05322265625,1060700
2019-07-23,16850.0,17000.0,16850.0,16950.0,6311.2880859375,823500
2019-07-24,17000.0,17100.0,17000.0,17050.0,6348.52392578125,635400
2019-07-25,17075.0,17175.0,16775.0,16950.0,6311.2880859375,1330900
2019-07-26,17025.0,17025.0,16800.0,17000.0,6329.90625,986000
2019-07-29,17025.0,17075.0,16875.0,17075.0,6357.8310546875,809000
2019-07-30,17100.0,17100.0,16750.0,16750.0,6236.81982421875,518800
2019-07-31,16800.0,16850.0,16775.0,16825.0,6264.7451171875,1769900
2019-08-01,16825.0,16900.0,16825.0,16850.0,6274.05322265625,841100
2019-08-02,16750.0,16900.0,16700.0,16850.0,6274.05322265625,876200
2019-08-05,16850.0,16850.0,16625.0,16850.0,6274.05322265625,913800
2019-08-06,16800.0,16800.0,16050.0,16050.0,5976.17578125,1116700
2019-08-07,16050.0,16400.0,15700.0,15700.0,5845.85400390625,1435100
2019-08-08,15600.0,15825.0,15300.0,15325.0,5706.22412109375,1535400
2019-08-09,15500.0,15500.0,15000.0,15050.0,5603.8291015625,1611300
2019-08-12,15300.0,15325.0,14650.0,14650.0,5454.88916015625,1174100
2019-08-13,14575.0,14575.0,14000.0,14000.0,5212.86376953125,2049900
2019-08-14,14250.0,14350.0,13875.0,13975.0,5203.5546875,1488100
2019-08-15,13500.0,13800.0,13275.0,13400.0,4989.455078125,1859300
2019-08-16,13500.0,13975.0,12625.0,12900.0,4803.28173828125,5722900
2019-08-19,13000.0,13125.0,12825.0,12950.0,4821.8984375,893700
2019-08-20,13100.0,13150.0,12875.0,12925.0,4812.5908203125,1033500
2019-08-21,13000.0,13000.0,12325.0,12400.0,4617.107421875,1917700
2019-08-22,12350.0,12400.0,11975.0,12025.0,4477.47802734375,2145000
2019-08-23,12025.0,12675.0,12000.0,12075.0,4496.0947265625,2971700
2019-08-26,11950.0,12000.0,11700.0,12000.0,4468.1689453125,950400
2019-08-27,12125.0,12375.0,12075.0,12200.0,4542.63818359375,1078200
2019-08-28,12250.0,12675.0,12225.0,12225.0,4551.94677734375,1405300
2019-08-29,12325.0,12750.0,12275.0,12650.0,4710.1953125,1484400
2019-08-30,12900.0,13050.0,12775.0,13000.0,4840.51611328125,1731600
2019-09-02,13000.0,13050.0,12450.0,12450.0,4635.72412109375,937800
2019-09-03,12675.0,12750.0,12500.0,12575.0,4682.26953125,517000
2019-09-04,12975.0,13250.0,12925.0,13150.0,4896.36865234375,1296200
2019-09-05,13200.0,14025.0,13025.0,14025.0,5222.17236328125,1848000
2019-09-06,14150.0,14525.0,14150.0,14425.0,5371.111328125,2357200
2019-09-09,14425.0,15200.0,14200.0,14900.0,5547.97607421875,2188500
2019-09-10,14900.0,14950.0,14525.0,14700.0,5473.5068359375,1128300
2019-09-11,14750.0,15000.0,14575.0,14625.0,5445.5810546875,1120300
2019-09-12,14625.0,14800.0,14075.0,14075.0,5240.78955078125,1373200
2019-09-13,14050.0,14050.0,13275.0,13350.0,4970.83740234375,1942800
2019-09-16,13525.0,13675.0,13200.0,13300.0,4952.22021484375,1381400
2019-09-17,13500.0,13600.0,13200.0,13300.0,4952.22021484375,893900
2019-09-18,13275.0,13300.0,12925.0,12925.0,4812.5908203125,1599600
2019-09-19,12925.0,13000.0,12700.0,12750.0,4747.42919921875,809000
2019-09-20,12750.0,12925.0,12425.0,12425.0,4626.4169921875,1564800
2019-09-23,12675.0,12750.0,12425.0,12450.0,4635.72412109375,796100
2019-09-24,12500.0,13050.0,12100.0,12900.0,4803.28173828125,2249000
2019-09-25,13050.0,13050.0,12600.0,12775.0,4756.73828125,1190900
2019-09-26,12950.0,12950.0,12650.0,12800.0,4766.04638671875,844000
2019-09-27,12850.0,13025.0,12675.0,12675.0,4719.5029296875,842700
2019-09-30,12675.0,12750.0,12350.0,12400.0,4617.107421875,776500
2019-10-01,12550.0,12775.0,12425.0,12475.0,4645.03369140625,626800
2019-10-02,12350.0,12450.0,12150.0,12150.0,4524.02099609375,829500
2019-10-03,12100.0,12200.0,11950.0,12125.0,4514.7119140625,884300
2019-10-04,12375.0,12400.0,12000.0,12025.0,4477.47802734375,573000
2019-10-07,12150.0,12250.0,12025.0,12100.0,4505.40283203125,485600
2019-10-08,12400.0,12475.0,12200.0,12400.0,4617.107421875,530200
2019-10-09,12450.0,12750.0,12375.0,12650.0,4710.1953125,638700
2019-10-10,12650.0,12875.0,12500.0,12875.0,4793.97314453125,1007300
2019-10-11,12875.0,12975.0,12800.0,12925.0,4812.5908203125,530000
2019-10-14,13000.0,13175.0,12925.0,13150.0,4896.36865234375,783700
2019-10-15,13075.0,13225.0,12950.0,13000.0,4840.51611328125,725100
2019-10-16,13050.0,13075.0,12650.0,12675.0,4719.5029296875,1409200
2019-10-17,12725.0,12750.0,12400.0,12450.0,4635.72412109375,1064000
2019-10-18,12350.0,12525.0,12250.0,12250.0,4561.25634765625,2065200
2019-10-21,12350.0,12825.0,12350.0,12750.0,4747.42919921875,1256000
2019-10-22,12775.0,12850.0,12475.0,12700.0,4728.8115234375,831600
2019-10-23,12700.0,13475.0,12575.0,13450.0,5008.07275390625,2574400
2019-10-24,13700.0,13800.0,13450.0,13500.0,5026.68994140625,3205000
2019-10-25,13525.0,13750.0,13450.0,13475.0,5017.380859375,2126100
2019-10-28,13550.0,13675.0,13450.0,13475.0,5017.380859375,1511800
2019-10-29,13575.0,13575.0,13300.0,13325.0,4961.529296875,1313600
2019-10-30,13400.0,13550.0,13350.0,13450.0,5008.07275390625,1285800
2019-10-31,13550.0,13575.0,13075.0,13300.0,4952.22021484375,1974900
2019-11-01,12650.0,12825.0,12325.0,12650.0,4973.84619140625,1479400
2019-11-04,12700.0,12750.0,12500.0,12500.0,4914.86669921875,993500
2019-11-05,12500.0,13000.0,12475.0,12750.0,5013.16455078125,2010300
2019-11-06,13000.0,13150.0,12675.0,12700.0,4993.50537109375,1423700
2019-11-07,12700.0,12875.0,12300.0,12400.0,4875.54833984375,1694000
2019-11-08,12750.0,12950.0,12525.0,12900.0,5072.1435546875,2578200
2019-11-11,12900.0,13200.0,12675.0,13100.0,5150.78173828125,1632500
2019-11-12,13075.0,13100.0,12800.0,12875.0,5062.3134765625,1234800
2019-11-13,12850.0,12925.0,12450.0,12500.0,4914.86669921875,1861100
2019-11-14,12450.0,12675.0,12250.0,12350.0,4855.89013671875,1623300
2019-11-15,12350.0,12525.0,12300.0,12375.0,4865.71875,591500
2019-11-18,12450.0,12500.0,12175.0,12200.0,4796.9111328125,932700
2019-11-19,12200.0,12225.0,12050.0,12050.0,4737.93212890625,1277900
2019-11-20,12100.0,12200.0,12000.0,12000.0,4718.2724609375,1242700
2019-11-21,12025.0,12025.0,11825.0,11850.0,4659.29443359375,1443300
2019-11-22,11850.0,12100.0,11400.0,11525.0,4531.50830078125,2391300
2019-11-25,11600.0,11775.0,11500.0,11525.0,4531.50830078125,1519000
2019-11-26,11575.0,11650.0,11300.0,11300.0,4443.03955078125,5271500
2019-11-27,11400.0,11450.0,10950.0,10950.0,4305.42333984375,2114300
2019-11-28,10950.0,10950.0,10550.0,10575.0,4157.97802734375,1362700
2019-11-29,10550.0,10575.0,10225.0,10225.0,4020.3623046875,1426200
2019-12-02,10225.0,10625.0,10225.0,10625.0,4177.6376953125,1276300
2019-12-03,10625.0,10675.0,10275.0,10275.0,4040.0205078125,1619400
2019-12-04,10325.0,10425.0,10125.0,10200.0,4010.53173828125,1803200
2019-12-05,10300.0,10400.0,10100.0,10100.0,3971.2119140625,2482500
2019-12-06,10125.0,10225.0,10050.0,10100.0,3971.2119140625,2216300
2019-12-09,10150.0,10300.0,10150.0,10200.0,4010.53173828125,2784600
2019-12-10,10200.0,10925.0,10200.0,10850.0,4266.10498046875,5332700
2019-12-11,10700.0,11075.0,10650.0,10725.0,4216.95654296875,3370400
2019-12-12,10725.0,10900.0,10650.0,10750.0,4226.78662109375,1757800
2019-12-13,10825.0,11125.0,10775.0,11050.0,4344.7431640625,2328400
2019-12-16,11100.0,11625.0,11100.0,11375.0,4472.529296875,3541600
2019-12-17,11600.0,11600.0,11000.0,11275.0,4433.21044921875,1870800
2019-12-18,11200.0,11400.0,11100.0,11325.0,4452.86962890625,1474900
2019-12-19,11300.0,11325.0,11100.0,11225.0,4413.55078125,1082800
2019-12-20,11325.0,11350.0,11150.0,11350.0,4462.69921875,864900
2019-12-23,11350.0,11375.0,11150.0,11175.0,4393.89208984375,831300
2019-12-26,11175.0,11375.0,11150.0,11250.0,4423.380859375,729700
2019-12-27,11200.0,11325.0,11150.0,11225.0,4413.55078125,532400
2019-12-30,11225.0,11525.0,11225.0,11475.0,4511.84814453125,1387600
2020-01-02,11450.0,11450.0,11225.0,11350.0,4462.69921875,866600
2020-01-03,11550.0,11775.0,11400.0,11725.0,4610.14599609375,1902800
2020-01-06,11725.0,12025.0,11575.0,11800.0,4639.63525390625,1353300
2020-01-07,11900.0,11950.0,11750.0,11900.0,4678.9541015625,1004200
2020-01-08,11875.0,12050.0,11725.0,11725.0,4610.14599609375,1420400
2020-01-09,11725.0,11875.0,11700.0,11825.0,4649.46484375,1452100
2020-01-10,12200.0,12750.0,12200.0,12675.0,4983.67529296875,4392600
2020-01-13,12975.0,13400.0,12975.0,13350.0,5249.078125,3302800
2020-01-14,13500.0,13625.0,13150.0,13300.0,5229.4189453125,2644100
2020-01-15,13000.0,13100.0,12425.0,12700.0,4993.50537109375,3030500
2020-01-16,12650.0,12850.0,12625.0,12700.0,4993.50537109375,1596900
2020-01-17,12700.0,12850.0,12650.0,12775.0,5022.9951171875,742500
2020-01-20,12775.0,12800.0,12275.0,12375.0,4865.71875,763900
2020-01-21,12400.0,12425.0,12150.0,12150.0,4777.25146484375,604400
2020-01-22,12125.0,12125.0,11925.0,12025.0,4728.10302734375,954600
2020-01-23,12075.0,12275.0,11800.0,11850.0,4659.29443359375,1422800
2020-01-24,11875.0,11975.0,11700.0,11700.0,4600.31591796875,693100
2020-01-27,11625.0,11625.0,11250.0,11350.0,4462.69921875,903000
2020-01-28,11250.0,11350.0,11050.0,11175.0,4393.89208984375,2068400
2020-01-29,11200.0,11350.0,10900.0,10900.0,4285.763671875,2517600
2020-01-30,10900.0,10975.0,10600.0,10750.0,4226.78662109375,1403900
2020-01-31,10750.0,10800.0,10050.0,10050.0,3951.553466796875,2668400
2020-02-03,10050.0,10400.0,9800.0,10050.0,3951.553466796875,3045400
2020-02-04,10100.0,10350.0,10075.0,10150.0,3990.8720703125,1370400
2020-02-05,10375.0,10550.0,10375.0,10450.0,4108.82958984375,2809900
2020-02-06,10750.0,10775.0,10475.0,10525.0,4138.318359375,1858900
2020-02-07,10525.0,10550.0,10325.0,10425.0,4099.0,1145100
2020-02-10,10400.0,10400.0,10100.0,10150.0,3990.8720703125,1627900
2020-02-11,10125.0,10250.0,10025.0,10150.0,3990.8720703125,1430800
2020-02-12,10250.0,10275.0,10050.0,10075.0,3961.3828125,1471100
2020-02-13,10200.0,10200.0,10050.0,10150.0,3990.8720703125,940400
2020-02-14,10100.0,10175.0,10025.0,10050.0,3951.553466796875,1156400
2020-02-17,10125.0,10500.0,10075.0,10500.0,4128.48828125,1853300
2020-02-18,10525.0,10975.0,10525.0,10950.0,4305.42333984375,2077500
2020-02-19,10925.0,10925.0,10675.0,10800.0,4246.4453125,1313300
2020-02-20,10800.0,11075.0,10775.0,10925.0,4295.5947265625,1956000
2020-02-21,10850.0,10850.0,10475.0,10575.0,4157.97802734375,1617700
2020-02-24,10400.0,10675.0,10300.0,10650.0,4187.466796875,1927500
2020-02-25,10600.0,11175.0,10450.0,11000.0,4325.083984375,3497200
2020-02-26,10650.0,11175.0,10650.0,11150.0,4384.06201171875,2552400
2020-02-27,11175.0,11350.0,10525.0,11025.0,4334.91259765625,3220000
2020-02-28,10725.0,11300.0,10325.0,11300.0,4443.03955078125,3843400
2020-03-02,11150.0,11225.0,10700.0,10875.0,4275.93505859375,2510300
2020-03-03,10875.0,11200.0,10875.0,11050.0,4344.7431640625,2895600
2020-03-04,10850.0,11200.0,10825.0,10950.0,4305.42333984375,2944300
2020-03-05,10950.0,11150.0,10875.0,10900.0,4285.763671875,1200100
2020-03-06,10700.0,10800.0,10400.0,10425.0,4099.0,2154300
2020-03-09,10000.0,10125.0,9550.0,9550.0,3754.958984375,2647400
2020-03-10,9450.0,9925.0,9450.0,9500.0,3735.299560546875,2336200
2020-03-11,9500.0,9650.0,9025.0,9025.0,3548.534423828125,1714900
2020-03-12,8900.0,8900.0,8300.0,8300.0,3263.471923828125,1698600
2020-03-13,8200.0,8200.0,7725.0,7975.0,3135.685546875,2625200
2020-03-16,8000.0,8000.0,7425.0,7450.0,2929.26123046875,1195200
2020-03-17,7250.0,7300.0,6950.0,6950.0,2732.66650390625,3494700
2020-03-18,6950.0,6950.0,6475.0,6475.0,2545.9013671875,2232900
2020-03-19,6350.0,6350.0,6025.0,6025.0,2368.966064453125,1769200
2020-03-20,6000.0,6950.0,5650.0,6825.0,2683.517578125,3412300
2020-03-23,6500.0,7100.0,6350.0,6400.0,2516.412109375,4594000
2020-03-24,6400.0,7000.0,6400.0,6650.0,2614.70947265625,2479700
2020-03-26,6750.0,7800.0,6750.0,7650.0,3007.8994140625,3792300
2020-03-27,7900.0,8500.0,7700.0,7900.0,3106.1962890625,3502100
2020-03-30,7700.0,7750.0,7350.0,7350.0,2889.942138671875,1966100
2020-03-31,7575.0,8100.0,7350.0,8100.0,3184.834228515625,3905600
2020-04-01,8000.0,8300.0,7750.0,8100.0,3184.834228515625,2045100
2020-04-02,7900.0,8200.0,7800.0,8150.0,3204.49365234375,904500
2020-04-03,8225.0,8475.0,8150.0,8225.0,3233.98291015625,1097000
2020-04-06,8250.0,8625.0,8250.0,8625.0,3391.258544921875,1392400
2020-04-07,8650.0,9000.0,8250.0,8250.0,3243.812744140625,2041200
2020-04-08,8400.0,8475.0,7700.0,8025.0,3155.34521484375,2377700
2020-04-09,8100.0,8100.0,7675.0,7725.0,3037.38818359375,1547100
2020-04-13,7800.0,7825.0,7700.0,7750.0,3047.21826171875,1080400
2020-04-14,7750.0,8000.0,7725.0,7975.0,3135.685546875,1540700
2020-04-15,7975.0,8100.0,7700.0,7900.0,3106.1962890625,1418300
2020-04-16,7900.0,7900.0,7525.0,7550.0,2968.580078125,873400
2020-04-17,7650.0,7800.0,7625.0,7700.0,3027.55859375,1106400
2020-04-20,7700.0,7800.0,7475.0,7500.0,2948.920654296875,1090100
2020-04-21,7450.0,7450.0,7025.0,7150.0,2811.3046875,1731600
2020-04-22,7075.0,7075.0,6800.0,6925.0,2722.836669921875,1840800
2020-04-23,6950.0,7150.0,6950.0,6975.0,2742.49609375,1025800
2020-04-24,6975.0,7225.0,6825.0,6900.0,2713.0068359375,1568900
2020-04-27,7000.0,7125.0,6900.0,7100.0,2791.644775390625,850800
2020-04-28,7100.0,7200.0,6875.0,6900.0,2713.0068359375,1376100
2020-04-29,6925.0,7025.0,6875.0,6925.0,2722.836669921875,941600
2020-04-30,6975.0,7300.0,6975.0,7200.0,2830.9638671875,2345300
2020-05-04,7100.0,7225.0,6950.0,7000.0,2752.325927734375,846900
2020-05-05,7200.0,7675.0,7100.0,7650.0,3007.8994140625,2988800
2020-05-06,7700.0,7900.0,7650.0,7850.0,3086.53662109375,3288400
2020-05-08,7825.0,8000.0,7700.0,7875.0,3096.366455078125,3280300
2020-05-11,7950.0,8050.0,7750.0,7800.0,3066.877197265625,2367400
2020-05-12,7800.0,8025.0,7700.0,7700.0,3027.55859375,1421900
2020-05-13,7700.0,7800.0,7550.0,7650.0,3007.8994140625,755000
2020-05-14,7525.0,7750.0,7500.0,7525.0,2958.750244140625,930700
2020-05-15,7650.0,7700.0,7300.0,7400.0,2909.6015625,878900
2020-05-18,7400.0,7800.0,7375.0,7725.0,3037.38818359375,1331900
2020-05-19,7775.0,7950.0,7775.0,7850.0,3086.53662109375,1368700
2020-05-20,7850.0,7850.0,7625.0,7675.0,3017.728515625,952900
2020-05-26,7750.0,8100.0,7750.0,8100.0,3184.834228515625,3255700
2020-05-27,8150.0,8300.0,8000.0,8200.0,3224.1533203125,2720800
2020-05-28,8200.0,8375.0,8125.0,8200.0,3224.1533203125,3076500
2020-05-29,8225.0,8225.0,8000.0,8100.0,3184.834228515625,2493600
2020-06-02,8250.0,8500.0,8200.0,8475.0,3332.2802734375,3981800
2020-06-03,8500.0,8825.0,8475.0,8825.0,3469.896240234375,4258900
2020-06-04,8875.0,9175.0,8825.0,8925.0,3509.215576171875,5685700
2020-06-05,9000.0,9050.0,8725.0,8925.0,3509.215576171875,6492500
2020-06-08,8900.0,8900.0,8400.0,8600.0,3612.11865234375,9295300
2020-06-09,8700.0,8775.0,8375.0,8450.0,3549.1171875,6073200
2020-06-10,8450.0,8500.0,7900.0,7925.0,3328.609619140625,5596000
2020-06-11,7700.0,8050.0,7700.0,7750.0,3255.107177734375,2787600
2020-06-12,7725.0,7825.0,7325.0,7825.0,3286.608154296875,3084400
2020-06-15,7900.0,8025.0,7550.0,7575.0,3181.604736328125,2173500
2020-06-16,7700.0,7925.0,7700.0,7850.0,3297.1083984375,2134600
2020-06-17,7925.0,7925.0,7750.0,7825.0,3286.608154296875,1944000
2020-06-18,7825.0,7900.0,7750.0,7750.0,3255.107177734375,1661500
2020-06-19,7800.0,7800.0,7225.0,7225.0,3034.60009765625,18816500
2020-06-22,7400.0,7525.0,7300.0,7475.0,3139.60400390625,10095500
2020-06-23,7500.0,7575.0,7400.0,7400.0,3108.102294921875,3283100
2020-06-24,7450.0,7500.0,7400.0,7400.0,3108.102294921875,3267200
2020-06-25,7400.0,7400.0,7225.0,7275.0,3055.6005859375,3901400
2020-06-26,7400.0,7400.0,7200.0,7250.0,3045.099609375,2878600
2020-06-29,7300.0,7300.0,7125.0,7225.0,3034.60009765625,2348500
2020-06-30,7325.0,7325.0,7100.0,7100.0,2982.09814453125,4574900
2020-07-01,7150.0,7300.0,7050.0,7250.0,3045.099609375,4387700
2020-07-02,7325.0,7475.0,7300.0,7350.0,3087.1015625,5531700
2020-07-03,7425.0,7475.0,7325.0,7325.0,3076.6015625,2225300
2020-07-06,7400.0,7450.0,7325.0,7425.0,3118.60302734375,1959600
2020-07-07,7500.0,7600.0,7400.0,7425.0,3118.60302734375,2514900
2020-07-08,7450.0,7475.0,7350.0,7475.0,3139.60400390625,3035800
2020-07-09,7525.0,7875.0,7475.0,7700.0,3234.106689453125,10393800
2020-07-10,7550.0,7700.0,7425.0,7450.0,3129.10302734375,4024300
2020-07-13,7450.0,7775.0,7300.0,7750.0,3255.107177734375,5981700
2020-07-14,7800.0,7800.0,7625.0,7625.0,3202.60546875,4401000
2020-07-15,7725.0,7775.0,7675.0,7675.0,3223.606201171875,2254100
2020-07-16,7700.0,7725.0,7625.0,7675.0,3223.606201171875,1981800
2020-07-17,7750.0,8100.0,7650.0,7850.0,3297.1083984375,9901300
2020-07-20,8000.0,8000.0,7675.0,7675.0,3223.606201171875,3068200
2020-07-21,7775.0,7850.0,7700.0,7800.0,3276.10791015625,2970900
2020-07-22,7900.0,7925.0,7725.0,7750.0,3255.107177734375,2790300
2020-07-23,7800.0,8075.0,7750.0,7900.0,3318.109130859375,5518500
2020-07-24,7900.0,7900.0,7650.0,7675.0,3223.606201171875,3677500
2020-07-27,7700.0,8000.0,7675.0,8000.0,3360.11083984375,6373500
2020-07-28,8050.0,8350.0,8025.0,8050.0,3381.111083984375,6011200
2020-07-29,8125.0,8125.0,7825.0,7900.0,3318.109130859375,2774000
2020-07-30,7900.0,7950.0,7800.0,7900.0,3318.109130859375,3453200
2020-08-03,7900.0,7950.0,7400.0,7650.0,3213.106201171875,4671500
2020-08-04,7650.0,7775.0,7600.0,7725.0,3244.60693359375,1970400
2020-08-05,7675.0,7800.0,7475.0,7725.0,3244.60693359375,4259300
2020-08-06,7750.0,8000.0,7750.0,7975.0,3349.60986328125,3150500
2020-08-07,7950.0,8000.0,7800.0,7850.0,3297.1083984375,2027400
2020-08-10,7925.0,8600.0,7875.0,8575.0,3601.6181640625,12694300
2020-08-11,8575.0,8675.0,8275.0,8375.0,3517.615966796875,7418200
2020-08-12,8375.0,8375.0,8075.0,8125.0,3412.61181640625,6189000
2020-08-13,8125.0,8325.0,8075.0,8175.0,3433.613037109375,3425000
2020-08-14,8200.0,8250.0,8100.0,8125.0,3412.61181640625,2854500
2020-08-18,8125.0,8300.0,8125.0,8200.0,3444.113525390625,2321800
2020-08-19,8200.0,8300.0,8100.0,8200.0,3444.113525390625,4469000
2020-08-24,8200.0,8250.0,8075.0,8150.0,3423.112548828125,2684800
2020-08-25,8175.0,8300.0,8150.0,8300.0,3486.114501953125,3883000
2020-08-26,8350.0,8600.0,8300.0,8400.0,3528.115966796875,5773700
2020-08-27,8450.0,8625.0,8400.0,8500.0,3570.1171875,4373600
2020-08-28,8500.0,8775.0,8500.0,8600.0,3612.11865234375,4349900
2020-08-31,8700.0,8750.0,8250.0,8275.0,3475.614501953125,5923000
2020-09-01,8400.0,8650.0,8200.0,8650.0,3633.11962890625,4708300
2020-09-02,8500.0,8850.0,8500.0,8700.0,3654.119873046875,5411900
2020-09-03,8700.0,8750.0,8525.0,8650.0,3633.11962890625,2297100
2020-09-04,8550.0,8550.0,8375.0,8500.0,3570.1171875,1790300
2020-09-07,8500.0,8625.0,8375.0,8550.0,3591.1181640625,2388400
2020-09-08,8550.0,8675.0,8525.0,8550.0,3591.1181640625,1861000
2020-09-09,8450.0,8475.0,8325.0,8375.0,3517.615966796875,2986700
2020-09-10,8300.0,8300.0,7800.0,7800.0,3276.10791015625,7230600
2020-09-11,7575.0,8325.0,7500.0,8250.0,3465.113525390625,4721100
2020-09-14,8350.0,8450.0,8325.0,8375.0,3517.615966796875,1536000
2020-09-15,8400.0,8475.0,8300.0,8450.0,3549.1171875,2128200
2020-09-16,8450.0,8500.0,8300.0,8400.0,3528.115966796875,1707100
2020-09-17,8500.0,8550.0,8250.0,8300.0,3486.114501953125,1223700
2020-09-18,8475.0,8500.0,8275.0,8325.0,3496.614990234375,1370700
2020-09-21,8350.0,8450.0,8275.0,8275.0,3475.614501953125,1630700
2020-09-22,8150.0,8400.0,8050.0,8325.0,3496.614990234375,2720300
2020-09-23,8400.0,8425.0,8150.0,8225.0,3454.613525390625,2069200
2020-09-24,8150.0,8225.0,8025.0,8050.0,3381.111083984375,1996400
2020-09-25,8150.0,8225.0,8100.0,8175.0,3433.613037109375,1024700
2020-09-28,8300.0,8300.0,8075.0,8075.0,3391.61181640625,909500
2020-09-29,8150.0,8375.0,8100.0,8175.0,3433.613037109375,2346900
2020-09-30,8150.0,8250.0,8050.0,8150.0,3423.112548828125,866600
2020-10-01,8175.0,8250.0,8125.0,8200.0,3444.113525390625,1343200
2020-10-02,8250.0,8275.0,7975.0,8125.0,3412.61181640625,1457900
2020-10-05,8125.0,8150.0,8050.0,8075.0,3391.61181640625,842600
2020-10-06,8150.0,8175.0,8100.0,8125.0,3412.61181640625,1171100
2020-10-07,8125.0,8225.0,8075.0,8100.0,3402.1123046875,912700
2020-10-08,8200.0,8225.0,8100.0,8125.0,3412.61181640625,1038400
2020-10-09,8150.0,8175.0,8075.0,8100.0,3402.1123046875,1262600
2020-10-12,8100.0,8200.0,8100.0,8200.0,3444.113525390625,1042200
2020-10-13,8200.0,8200.0,8000.0,8200.0,3444.113525390625,4365300
2020-10-14,8150.0,8250.0,8100.0,8225.0,3454.613525390625,2232600
2020-10-15,8225.0,8325.0,8100.0,8100.0,3402.1123046875,2211800
2020-10-16,8100.0,8325.0,8075.0,8300.0,3486.114501953125,3078600
2020-10-19,8300.0,8475.0,8300.0,8450.0,3549.1171875,3508900
2020-10-20,8450.0,8475.0,8300.0,8350.0,3507.11572265625,3527100
2020-10-21,8450.0,8450.0,8225.0,8225.0,3454.613525390625,1526400
2020-10-22,8250.0,8275.0,8050.0,8050.0,3381.111083984375,7631900
2020-10-23,8100.0,8150.0,8075.0,8075.0,3391.61181640625,944900
2020-10-26,8050.0,8200.0,8050.0,8125.0,3412.61181640625,2706700
2020-10-27,8125.0,8200.0,8050.0,8125.0,3412.61181640625,1842100
2020-11-02,8200.0,8400.0,8200.0,8250.0,3465.113525390625,3532200
2020-11-03,8300.0,8375.0,8275.0,8300.0,3486.114501953125,1672400
2020-11-04,8350.0,8375.0,8225.0,8275.0,3475.614501953125,1830300
2020-11-05,8350.0,8375.0,8275.0,8350.0,3507.11572265625,1702100
2020-11-06,8425.0,8575.0,8375.0,8550.0,3591.1181640625,4319000
2020-11-09,8675.0,8700.0,8525.0,8575.0,3601.6181640625,5578600
2020-11-10,8450.0,8450.0,8300.0,8450.0,3680.89990234375,5287900
2020-11-11,8450.0,8575.0,8375.0,8525.0,3713.5703125,5119900
2020-11-12,8550.0,8650.0,8525.0,8550.0,3724.46044921875,2237300
2020-11-13,8500.0,8500.0,8425.0,8475.0,3691.789794921875,1647300
2020-11-16,8525.0,9100.0,8525.0,9100.0,3964.045166015625,8581100
2020-11-17,9275.0,9500.0,9125.0,9150.0,3985.826416015625,6809200
2020-11-18,9150.0,9350.0,9150.0,9200.0,4007.60595703125,2770700
2020-11-19,9200.0,10500.0,9175.0,10275.0,4475.88671875,12185400
2020-11-20,10350.0,10925.0,10050.0,10150.0,4421.43603515625,6548300
2020-11-23,10300.0,10600.0,10225.0,10500.0,4573.8994140625,5758800
2020-11-24,10800.0,11100.0,10700.0,10950.0,4769.9228515625,8011300
2020-11-25,11200.0,12525.0,10950.0,11200.0,4878.8251953125,13020300
2020-11-26,11600.0,11925.0,11350.0,11500.0,5009.5078125,5903800
2020-11-27,11750.0,11975.0,11575.0,11850.0,5161.9716796875,5450200
2020-11-30,12200.0,14150.0,12000.0,13100.0,5706.48291015625,31753000
2020-12-01,13600.0,14075.0,13150.0,13800.0,6011.41015625,15724500
2020-12-02,14100.0,14950.0,13875.0,14875.0,6479.68994140625,13603400
2020-12-03,15250.0,15700.0,14800.0,14900.0,6490.580078125,19555500
2020-12-04,15400.0,15450.0,14900.0,14950.0,6512.36181640625,10424800
2020-12-07,15200.0,15375.0,14950.0,14975.0,6523.25,8669500
2020-12-08,15200.0,15200.0,14750.0,14825.0,6457.90966796875,8973600
2020-12-10,14800.0,14825.0,14100.0,14250.0,6207.43359375,12725200
2020-12-11,14425.0,14750.0,14400.0,14675.0,6392.5673828125,7534300
2020-12-14,15000.0,15500.0,15000.0,15400.0,6708.38525390625,10132600
2020-12-15,15500.0,15600.0,15075.0,15225.0,6632.15234375,7160100
2020-12-16,15475.0,15550.0,15175.0,15250.0,6643.04345703125,5551200
2020-12-17,15250.0,15250.0,14650.0,14725.0,6414.3486328125,8846300
2020-12-18,14775.0,14975.0,14725.0,14875.0,6479.68994140625,4811200
2020-12-21,14875.0,15150.0,14600.0,15075.0,6566.81103515625,5778700
2020-12-22,15025.0,15025.0,14200.0,14275.0,6218.32421875,5631600
2020-12-23,14300.0,14675.0,13300.0,14250.0,6207.43359375,7554500
2020-12-28,14275.0,14475.0,14025.0,14350.0,6250.99560546875,2890300
2020-12-29,14500.0,14675.0,14200.0,14275.0,6218.32421875,2572200
2020-12-30,14250.0,14250.0,13600.0,13850.0,6033.1904296875,6034000
2021-01-04,13800.0,13800.0,12950.0,13650.0,5946.06787109375,8796600
2021-01-05,13650.0,13850.0,13350.0,13600.0,5924.2880859375,3562100
2021-01-06,13400.0,13400.0,13000.0,13125.0,5717.373046875,6643200
2021-01-07,13000.0,13600.0,12400.0,13475.0,5869.8369140625,11828000
2021-01-08,13900.0,14200.0,13500.0,13600.0,5924.2880859375,7736000
2021-01-11,14000.0,14175.0,13775.0,14075.0,6131.20166015625,6480900
2021-01-12,14100.0,14275.0,13800.0,14100.0,6142.09326171875,3789400
2021-01-13,14700.0,15050.0,14325.0,14625.0,6370.78857421875,7977700
2021-01-14,14800.0,14850.0,14300.0,14700.0,6403.4580078125,5214400
2021-01-15,14700.0,14700.0,14050.0,14200.0,6185.65380859375,3542500
2021-01-18,14000.0,14375.0,13800.0,13875.0,6044.08056640625,4230300
2021-01-19,13800.0,13875.0,13350.0,13475.0,5869.8369140625,3273700
2021-01-20,13200.0,13650.0,13150.0,13650.0,5946.06787109375,2595600
2021-01-21,13800.0,13900.0,13450.0,13550.0,5902.5068359375,1815600
2021-01-22,13550.0,13550.0,13000.0,13050.0,5684.70166015625,3321700
2021-01-25,13050.0,13050.0,12500.0,12650.0,5510.458984375,3686400
2021-01-26,12650.0,13050.0,12075.0,12425.0,5412.44677734375,4250500
2021-01-27,12475.0,12675.0,11725.0,11900.0,5183.7509765625,7559300
2021-01-28,11700.0,12425.0,11600.0,11850.0,5161.9716796875,7450000
2021-01-29,12100.0,12350.0,11800.0,12250.0,5336.21533203125,5322300
2021-02-01,12100.0,12475.0,11850.0,12475.0,5434.22705078125,3831300
2021-02-02,12450.0,12525.0,11975.0,12075.0,5259.984375,4453300
2021-02-03,12050.0,12050.0,11525.0,11675.0,5085.73974609375,5696900
2021-02-04,11650.0,12200.0,11600.0,12125.0,5281.76318359375,5801600
2021-02-05,12300.0,12800.0,12250.0,12600.0,5488.67822265625,4704800
2021-02-08,13000.0,13100.0,12650.0,12725.0,5543.12939453125,2670300
2021-02-09,12850.0,12950.0,12300.0,12575.0,5477.7890625,2971200
2021-02-10,12575.0,12675.0,12275.0,12500.0,5445.1171875,1601300
2021-02-11,12500.0,13000.0,12325.0,12950.0,5641.1416015625,2517600
2021-02-15,13000.0,13250.0,12750.0,12750.0,5554.0205078125,3191200
2021-02-16,12750.0,12875.0,12550.0,12675.0,5521.34912109375,1667600
2021-02-17,12675.0,12725.0,12275.0,12350.0,5379.77685546875,1388700
2021-02-18,12550.0,12550.0,12100.0,12150.0,5292.654296875,1990900
2021-02-19,12150.0,12200.0,11975.0,12200.0,5314.4345703125,1401100
2021-02-22,12225.0,12800.0,12200.0,12775.0,5564.91064453125,3342100
2021-02-23,12775.0,12800.0,12225.0,12275.0,5347.10546875,3169200
2021-02-24,12275.0,12300.0,12100.0,12125.0,5281.76318359375,1902800
2021-02-25,12225.0,12400.0,12100.0,12100.0,5270.8740234375,1985800
2021-02-26,12000.0,12250.0,11850.0,12200.0,5314.4345703125,2693000
2021-03-01,12200.0,12300.0,12025.0,12050.0,5249.09375,1775600
2021-03-02,12250.0,12325.0,11950.0,12000.0,5227.31298828125,3451000
2021-03-03,12175.0,12175.0,11925.0,11925.0,5194.64208984375,1639700
2021-03-04,11900.0,12100.0,11800.0,11900.0,5183.7509765625,3199200
2021-03-05,11850.0,11950.0,11650.0,11675.0,5085.73974609375,2568600
2021-03-08,11825.0,11875.0,11600.0,11650.0,5074.849609375,2089700
2021-03-09,11775.0,11850.0,11450.0,11450.0,4987.7275390625,3188100
2021-03-10,11450.0,11650.0,11425.0,11425.0,4976.837890625,1308800
2021-03-12,11475.0,11825.0,11450.0,11550.0,5031.28857421875,2865700
2021-03-15,11650.0,11975.0,11450.0,11825.0,5151.0810546875,3275900
2021-03-16,11875.0,12000.0,11750.0,11875.0,5172.861328125,1887100
2021-03-17,11900.0,11925.0,11675.0,11725.0,5107.52001953125,1047800
2021-03-18,11900.0,12375.0,11850.0,12275.0,5347.10546875,4792500
2021-03-19,12275.0,12475.0,12025.0,12375.0,5390.6669921875,3925100
2021-03-22,12625.0,12825.0,12400.0,12450.0,5423.3369140625,4428700
2021-03-23,12750.0,13200.0,12500.0,12650.0,5510.458984375,5376300
2021-03-24,12500.0,12550.0,12025.0,12075.0,5259.984375,2994000
2021-03-25,12025.0,12175.0,11825.0,11950.0,5205.53271484375,2311000
2021-03-26,12050.0,12225.0,11900.0,12200.0,5314.4345703125,1605700
2021-03-29,12300.0,12325.0,12075.0,12175.0,5303.54443359375,1129600
2021-03-30,12150.0,12150.0,11825.0,11850.0,5161.9716796875,1233900
2021-03-31,11925.0,11925.0,11425.0,11425.0,4976.837890625,2868100
2021-04-01,11500.0,11850.0,11475.0,11700.0,5096.6298828125,1623400
2021-04-05,11800.0,12700.0,11775.0,12700.0,5532.23974609375,6388900
2021-04-06,12700.0,12725.0,12300.0,12575.0,5477.7890625,3102900
2021-04-07,12300.0,12625.0,12225.0,12600.0,5488.67822265625,1677200
2021-04-08,12600.0,12675.0,12400.0,12575.0,5477.7890625,1409300
2021-04-09,12550.0,12625.0,12325.0,12375.0,5390.6669921875,1498200
2021-04-12,12375.0,12500.0,11875.0,11900.0,5183.7509765625,1797700
2021-04-13,11875.0,12075.0,11700.0,11700.0,5096.6298828125,2755200
2021-04-14,11800.0,12125.0,11800.0,12075.0,5259.984375,1106400
2021-04-15,12200.0,12200.0,11800.0,11925.0,5267.49267578125,1497500
2021-04-16,11950.0,11975.0,11700.0,11925.0,5267.49267578125,904300
2021-04-19,11950.0,12875.0,11900.0,12600.0,5565.65234375,5021800
2021-04-20,12600.0,12625.0,12125.0,12250.0,5411.0517578125,1077900
2021-04-21,12075.0,12200.0,12050.0,12150.0,5366.87939453125,696800
2021-04-22,12150.0,12225.0,11950.0,12075.0,5333.75146484375,743900
2021-04-23,11900.0,12175.0,11900.0,12075.0,5333.75146484375,750500
2021-04-26,12075.0,12075.0,11800.0,11850.0,5234.3642578125,1050100
2021-04-27,11850.0,11975.0,11700.0,11775.0,5201.23486328125,706800
2021-04-28,11775.0,11950.0,11775.0,11900.0,5256.44921875,434100
2021-04-29,11950.0,12175.0,11925.0,12000.0,5300.62158203125,1584500
2021-04-30,12050.0,12050.0,11775.0,11875.0,5245.40673828125,1903400
2021-05-03,11825.0,11900.0,11750.0,11875.0,5245.40673828125,1040500
2021-05-04,11950.0,12175.0,11850.0,12100.0,5344.7939453125,1228500
2021-05-05,12100.0,12125.0,11950.0,12000.0,5300.62158203125,577300
2021-05-06,12125.0,12400.0,12050.0,12125.0,5355.8359375,1280300
2021-05-07,12275.0,12400.0,12100.0,12175.0,5377.92236328125,1337800
2021-05-10,12250.0,12400.0,12150.0,12350.0,5455.2236328125,1687100
2021-05-11,12600.0,13075.0,12600.0,12875.0,5687.12451171875,7472800
2021-05-17,13000.0,13475.0,12800.0,13000.0,5742.34033203125,7422700
2021-05-18,13000.0,13100.0,12825.0,13075.0,5775.46923828125,2261300
2021-05-19,13075.0,13100.0,12675.0,12775.0,5642.9541015625,2014400
2021-05-20,12775.0,12975.0,12525.0,12700.0,5609.8251953125,1954900
2021-05-21,12900.0,13000.0,12550.0,12725.0,5620.86767578125,1502300
2021-05-24,13000.0,13350.0,12875.0,13025.0,5753.3828125,4175800
2021-05-25,13200.0,13300.0,12875.0,12975.0,5731.29736328125,2340100
2021-05-27,13100.0,13150.0,12925.0,12950.0,5720.25390625,1756900
2021-05-28,13025.0,13300.0,12900.0,12975.0,5731.29736328125,2974300
2021-05-31,13200.0,13250.0,12800.0,12925.0,5709.2119140625,2388900
2021-06-02,13075.0,14175.0,13050.0,14150.0,6250.31640625,14867800
2021-06-03,14150.0,14175.0,13850.0,14050.0,6206.14453125,2495000
2021-06-04,13975.0,14125.0,13875.0,14100.0,6228.23095703125,3315700
2021-06-07,14075.0,14075.0,13675.0,13750.0,6073.62890625,2346100
2021-06-08,14000.0,14375.0,13975.0,14225.0,6283.4453125,5497100
2021-06-09,14300.0,14400.0,14125.0,14175.0,6261.3603515625,1753600
2021-06-10,14275.0,14325.0,14050.0,14100.0,6228.23095703125,1720500
2021-06-11,14300.0,15075.0,14300.0,14900.0,6581.60546875,9271900
2021-06-14,14950.0,15050.0,14700.0,15025.0,6636.8203125,2803100
2021-06-15,14950.0,15200.0,14750.0,15175.0,6703.078125,4343400
2021-06-16,15100.0,15200.0,14900.0,15200.0,6714.1201171875,2489000
2021-06-17,15200.0,15200.0,14875.0,15050.0,6647.86328125,2433500
2021-06-18,15050.0,15075.0,14325.0,14600.0,6449.08984375,3753000
2021-06-21,14500.0,14500.0,13850.0,14400.0,6360.74560546875,2463200
2021-06-22,14400.0,14700.0,14350.0,14675.0,6482.21826171875,1561100
2021-06-23,14150.0,14575.0,14100.0,14375.0,6349.703125,3322900
2021-06-24,14375.0,14500.0,13875.0,14350.0,6338.6611328125,2887600
2021-06-25,14325.0,14825.0,14300.0,14600.0,6449.08984375,4048800
2021-06-28,14800.0,14825.0,14250.0,14375.0,6349.703125,2229800
2021-06-29,14300.0,14325.0,13550.0,13800.0,6095.71533203125,3941900
2021-06-30,13775.0,14250.0,13525.0,14200.0,6272.40283203125,2736100
2021-07-01,14450.0,14450.0,13800.0,13975.0,6173.01611328125,1968200
2021-07-02,14100.0,14400.0,13900.0,14275.0,6305.53125,2531100
2021-07-05,14300.0,14350.0,13950.0,14000.0,6184.05810546875,1374800
2021-07-06,14300.0,15675.0,14300.0,15475.0,6835.59375,9027600
2021-07-07,15300.0,15425.0,14825.0,15125.0,6680.9921875,2733600
2021-07-08,15000.0,15200.0,14625.0,14750.0,6515.3466796875,1879900
2021-07-09,14750.0,14950.0,14650.0,14850.0,6559.52001953125,1708200
2021-07-12,15000.0,15350.0,14725.0,14825.0,6548.4765625,2109300
2021-07-13,14850.0,14975.0,14200.0,14350.0,6338.6611328125,1830300
2021-07-14,14400.0,15150.0,14300.0,14900.0,6581.60546875,3513100
2021-07-15,14900.0,15150.0,14800.0,15050.0,6647.86328125,1427600
2021-07-16,15100.0,15550.0,15075.0,15250.0,6736.20654296875,2435300
2021-07-19,15250.0,15600.0,15250.0,15475.0,6835.59375,2433100
2021-07-21,15550.0,15600.0,15250.0,15350.0,6780.37939453125,1857600
2021-07-22,15400.0,16475.0,15375.0,16450.0,7266.2685546875,7982100
2021-07-23,16400.0,16400.0,15925.0,16300.0,7200.01123046875,2851800
2021-07-26,16300.0,16400.0,15975.0,16025.0,7078.53857421875,1555800
2021-07-27,16050.0,16375.0,15825.0,16000.0,7067.49609375,1583900
2021-07-28,16000.0,16775.0,16000.0,16750.0,7398.78515625,3039200
2021-07-29,16750.0,17275.0,16675.0,17050.0,7531.30029296875,2697400
2021-07-30,17100.0,17225.0,16550.0,16950.0,7487.1279296875,2758100
2021-08-02,17100.0,17225.0,16675.0,16950.0,7487.1279296875,1194600
2021-08-03,16950.0,16975.0,16700.0,16925.0,7476.08544921875,1404900
2021-08-04,16900.0,16975.0,16600.0,16750.0,7398.78515625,1191100
2021-08-05,16850.0,17150.0,15900.0,16125.0,7122.7099609375,4279600
2021-08-06,16000.0,16350.0,15975.0,16175.0,7144.79638671875,1631800
2021-08-09,16825.0,17175.0,16275.0,16550.0,7310.44140625,5549000
2021-08-10,16825.0,17375.0,16525.0,17100.0,7553.38623046875,7353700
2021-08-12,17400.0,17750.0,17175.0,17300.0,7641.72998046875,6456800
2021-08-13,17450.0,17475.0,16950.0,17100.0,7553.38623046875,3136800
2021-08-16,17100.0,17550.0,16950.0,17350.0,7663.81640625,4042400
2021-08-18,17300.0,17300.0,16325.0,16400.0,7244.18310546875,7173500
2021-08-19,16400.0,16550.0,15550.0,16000.0,7067.49609375,6442600
2021-08-20,16000.0,16200.0,15550.0,15800.0,6979.15185546875,3771000
2021-08-23,15750.0,16075.0,15700.0,16050.0,7089.58154296875,2706600
2021-08-24,16100.0,16200.0,15075.0,15300.0,6758.29345703125,7483900
2021-08-25,15300.0,15650.0,15250.0,15400.0,6802.46484375,1959100
2021-08-26,15425.0,15600.0,15350.0,15450.0,6824.55078125,2232900
2021-08-27,15450.0,15500.0,15100.0,15250.0,6736.20654296875,1596100
2021-08-30,15500.0,15825.0,15425.0,15800.0,6979.15185546875,2996600
2021-08-31,15850.0,16000.0,15625.0,16000.0,7067.49609375,2428500
2021-09-01,16000.0,16325.0,15900.0,16250.0,7177.92431640625,2647200
2021-09-02,16400.0,16650.0,16250.0,16550.0,7310.44140625,2884200
2021-09-03,16750.0,17150.0,16600.0,16925.0,7476.08544921875,3470000
2021-09-06,17025.0,17450.0,16800.0,16875.0,7453.9990234375,1994300
2021-09-07,16900.0,17050.0,16700.0,16975.0,7498.1708984375,1064400
2021-09-08,17000.0,17400.0,16975.0,17300.0,7641.72998046875,3711000
2021-09-09,17300.0,17300.0,16925.0,17300.0,7641.72998046875,2928800
2021-09-10,17275.0,17325.0,17050.0,17125.0,7564.43017578125,1361600
2021-09-13,17125.0,17475.0,17025.0,17450.0,7707.98779296875,1969400
2021-09-14,17575.0,18100.0,17550.0,17775.0,7851.54638671875,4111000
2021-09-15,17800.0,18625.0,17775.0,18000.0,7950.93408203125,7063100
2021-09-16,18275.0,18750.0,18000.0,18250.0,8061.36083984375,5094400
2021-09-17,17950.0,18050.0,17625.0,17825.0,7873.630859375,4178000
2021-09-20,18000.0,18000.0,17525.0,17650.0,7796.3310546875,1657600
2021-09-21,17550.0,17750.0,17350.0,17700.0,7818.41650390625,2967600
2021-09-22,17700.0,18375.0,17700.0,18150.0,8017.1904296875,5525200
2021-09-23,18400.0,18750.0,18400.0,18725.0,8271.1787109375,5325200
2021-09-24,18950.0,19125.0,18300.0,18450.0,8149.705078125,5960600
2021-09-27,18550.0,19000.0,18325.0,18525.0,8182.83544921875,2815300
2021-09-28,18850.0,19700.0,18850.0,19700.0,8701.853515625,8110000
2021-09-29,19700.0,20100.0,19525.0,19525.0,8624.5537109375,6296200
2021-09-30,19725.0,21300.0,19725.0,20800.0,9187.7451171875,10377800
2021-10-01,20900.0,21750.0,20900.0,21175.0,9353.388671875,8163800
2021-10-04,22000.0,24850.0,21975.0,24575.0,10855.232421875,14176700
2021-10-05,25925.0,27000.0,24600.0,24825.0,10965.6611328125,11392400
2021-10-06,26700.0,26800.0,25275.0,25650.0,11330.0791015625,7975900
2021-10-07,24500.0,24500.0,23875.0,23875.0,10546.0302734375,9258600
2021-10-08,23200.0,25500.0,23000.0,24850.0,10976.7041015625,9878300
2021-10-11,25125.0,26850.0,24850.0,26750.0,11815.9697265625,7529400
2021-10-12,27000.0,27750.0,26000.0,26425.0,11672.4111328125,8845700
2021-10-13,26400.0,26800.0,25875.0,26250.0,11595.109375,4508700
2021-10-14,26150.0,26425.0,25475.0,25550.0,11285.908203125,5001900
2021-10-15,25750.0,26300.0,25425.0,26000.0,11484.6806640625,4779400
2021-10-18,25800.0,26200.0,25525.0,25675.0,11341.12109375,4065100
2021-10-19,25600.0,25825.0,25400.0,25425.0,11230.6923828125,2916000
2021-10-21,23650.0,24400.0,23650.0,24225.0,10700.6298828125,11720700
2021-10-22,22700.0,24475.0,22575.0,23800.0,10512.8984375,8629100
2021-10-25,24400.0,25050.0,24400.0,24850.0,10976.7041015625,4086500
2021-10-26,25000.0,25200.0,24375.0,25200.0,11131.3046875,4182900
2021-10-27,25200.0,25200.0,24100.0,24150.0,10667.5029296875,3019400
2021-10-28,23850.0,23850.0,22475.0,22475.0,9927.623046875,8828100
2021-10-29,22000.0,22800.0,21275.0,21600.0,9541.119140625,14505300
2021-11-01,21050.0,22375.0,20600.0,22250.0,9828.236328125,8565800
2021-11-02,21750.0,22125.0,21350.0,21525.0,9507.9912109375,4887500
2021-11-03,22200.0,22500.0,21975.0,22300.0,9850.322265625,4887400
2021-11-04,23000.0,23100.0,22175.0,22400.0,9894.4931640625,6459600
2021-11-05,22400.0,22425.0,21900.0,22325.0,9861.36328125,3285900
2021-11-08,22500.0,22650.0,22325.0,22625.0,9993.8818359375,2289900
2021-11-09,22950.0,23100.0,22525.0,22675.0,10015.9658203125,4313900
2021-11-10,22675.0,22675.0,22050.0,22275.0,9839.2783203125,5554900
2021-11-11,21600.0,21850.0,21275.0,21575.0,10081.3232421875,5716200
2021-11-12,21600.0,21700.0,20675.0,20775.0,9707.5087890625,7600200
2021-11-15,20650.0,20650.0,19325.0,19325.0,9029.9697265625,13203200
2021-11-16,19375.0,19725.0,19025.0,19100.0,8924.8359375,8718600
2021-11-17,19375.0,20125.0,19350.0,19950.0,9322.01171875,6970800
2021-11-18,19900.0,19925.0,19350.0,19500.0,9111.7421875,3040500
2021-11-19,19700.0,20450.0,19525.0,20175.0,9427.1474609375,4425600
2021-11-22,20175.0,20225.0,19725.0,20000.0,9345.375,2767500
2021-11-23,20600.0,21075.0,20275.0,21050.0,9836.0078125,6752000
2021-11-24,21500.0,21500.0,20850.0,21075.0,9847.6904296875,4838800
2021-11-25,21300.0,21675.0,21025.0,21550.0,10069.642578125,4058900
2021-11-26,21400.0,21450.0,20350.0,20425.0,9543.962890625,4406800
2021-11-29,20000.0,20925.0,19900.0,20875.0,9754.236328125,3655400
2021-11-30,20500.0,21550.0,20400.0,21550.0,10069.642578125,5651700
2021-12-01,21000.0,21400.0,20750.0,20900.0,9765.9169921875,3340500
2021-12-02,21050.0,21950.0,21000.0,21875.0,10221.5048828125,5238600
2021-12-03,21875.0,21950.0,21425.0,21550.0,10069.642578125,1862100
2021-12-06,21575.0,21650.0,21175.0,21500.0,10046.279296875,1554400
2021-12-07,21475.0,21525.0,20925.0,21000.0,9812.64453125,2650400
2021-12-08,21250.0,21250.0,20800.0,20825.0,9730.8720703125,1567400
2021-12-09,21000.0,21400.0,20750.0,20750.0,9695.8271484375,2093100
2021-12-10,20750.0,20825.0,20075.0,20100.0,9392.1025390625,3488000
2021-12-13,20250.0,20550.0,20200.0,20225.0,9450.5126953125,1205800
2021-12-14,20200.0,20375.0,19750.0,20325.0,9497.23828125,2238100
2021-12-15,20375.0,20775.0,20075.0,20325.0,9497.23828125,2508100
2021-12-16,20425.0,20575.0,19950.0,20000.0,9345.375,1976500
2021-12-17,20250.0,20675.0,20250.0,20675.0,9660.7822265625,2974200
2021-12-20,20675.0,20675.0,20000.0,20025.0,9357.0576171875,1943300
2021-12-21,20075.0,20500.0,20075.0,20400.0,9532.2841796875,1192600
2021-12-22,20500.0,20675.0,20150.0,20150.0,9415.4658203125,1422700
2021-12-23,20200.0,20350.0,20000.0,20050.0,9368.7392578125,1118400
2021-12-24,20025.0,20250.0,19875.0,20100.0,9392.1025390625,1108800
2021-12-27,20150.0,20200.0,20050.0,20150.0,9415.4658203125,584700
2021-12-28,20150.0,21450.0,20150.0,21375.0,9987.8701171875,4824700
2021-12-29,21350.0,21400.0,21025.0,21125.0,9871.0537109375,1474700
2021-12-30,21050.0,21050.0,20275.0,20400.0,9532.2841796875,2800400
2022-01-03,19350.0,19875.0,19325.0,19625.0,9170.1494140625,6248000
2022-01-04,19650.0,19975.0,19625.0,19925.0,9310.3310546875,3148100
2022-01-05,20150.0,20725.0,20000.0,20050.0,9368.7392578125,3537100
2022-01-06,20050.0,20100.0,19550.0,19625.0,9170.1494140625,3597300
2022-01-07,19900.0,20375.0,19700.0,20025.0,9357.0576171875,4142100
2022-01-10,20100.0,20225.0,19975.0,20050.0,9368.7392578125,997200
2022-01-11,20350.0,20675.0,20125.0,20175.0,9427.1474609375,2554500
2022-01-12,20275.0,20450.0,20100.0,20175.0,9427.1474609375,1386900
2022-01-13,20450.0,20800.0,20300.0,20600.0,9625.736328125,2109100
2022-01-14,20750.0,20875.0,20500.0,20700.0,9672.4638671875,1899700
2022-01-17,20950.0,21150.0,20850.0,21125.0,9871.0537109375,2603100
2022-01-18,21225.0,21450.0,20625.0,20825.0,9730.8720703125,3156200
2022-01-19,20875.0,21175.0,20550.0,20950.0,9789.28125,1383200
2022-01-20,20950.0,21100.0,20750.0,20825.0,9730.8720703125,1465800
2022-01-21,20750.0,20875.0,20550.0,20800.0,9719.1904296875,1176700
2022-01-24,20800.0,21500.0,20725.0,21500.0,10046.279296875,4409400
2022-01-25,21575.0,21775.0,21050.0,21225.0,9917.7802734375,2437700
2022-01-26,21225.0,21575.0,21125.0,21400.0,9999.552734375,2321800
2022-01-27,21400.0,22150.0,21350.0,22150.0,10350.00390625,5322500
2022-01-28,22175.0,22700.0,21875.0,22550.0,10536.9111328125,3732600
2022-01-31,22550.0,22650.0,21625.0,21650.0,10116.369140625,3660000
2022-02-02,21650.0,21825.0,21150.0,21325.0,9964.5068359375,2195200
2022-02-03,21350.0,21425.0,20375.0,20925.0,9777.599609375,3394600
2022-02-04,20925.0,21175.0,20700.0,20800.0,9719.1904296875,1219500
2022-02-07,21025.0,21325.0,21000.0,21075.0,9847.6904296875,2379600
2022-02-08,21300.0,21350.0,20800.0,20825.0,9730.8720703125,4245300
2022-02-09,21025.0,21650.0,20925.0,21650.0,10116.369140625,3160900
2022-02-10,21700.0,21750.0,21200.0,21250.0,9929.4619140625,1934600
2022-02-11,21250.0,21875.0,21150.0,21875.0,10221.5048828125,2595900
2022-02-14,21875.0,22975.0,21875.0,22925.0,10712.13671875,5991900
2022-02-15,22925.0,23400.0,22800.0,23375.0,10922.408203125,3541700
2022-02-16,23450.0,23725.0,23200.0,23475.0,10969.1337890625,3412500
2022-02-17,23400.0,23425.0,22800.0,22975.0,10735.5,2998100
2022-02-18,22800.0,23175.0,22600.0,23100.0,10793.9091796875,1670700
2022-02-21,23125.0,23450.0,23075.0,23150.0,10817.271484375,1498600
2022-02-22,23350.0,23425.0,22875.0,23200.0,10840.6357421875,2174400
2022-02-23,23725.0,24100.0,23425.0,23975.0,11202.7705078125,4480000
2022-02-24,24500.0,27350.0,24275.0,26975.0,12604.5771484375,19453000
2022-02-25,27000.0,27700.0,26650.0,26675.0,12464.3955078125,8341200
2022-03-01,27350.0,28450.0,27350.0,27650.0,12919.9814453125,8939000
2022-03-02,28525.0,29225.0,27925.0,28125.0,13141.9365234375,7478400
2022-03-04,29275.0,29400.0,28500.0,29225.0,13655.9306640625,12324500
2022-03-07,30000.0,30200.0,29625.0,30075.0,14053.1083984375,11311000
2022-03-08,29800.0,29800.0,28025.0,28300.0,13223.70703125,9665100
2022-03-09,28400.0,29150.0,27600.0,27800.0,12990.07421875,7098500
2022-03-10,27275.0,27675.0,26175.0,27150.0,12686.34765625,7828000
2022-03-11,26350.0,27975.0,26275.0,27050.0,12639.62109375,3818000
2022-03-14,27350.0,27375.0,25750.0,26025.0,12160.669921875,5760100
2022-03-15,26000.0,26250.0,25500.0,25825.0,12067.216796875,3423100
2022-03-16,26025.0,26975.0,26000.0,26975.0,12604.5771484375,3449600
2022-03-17,27000.0,27100.0,26100.0,26300.0,12289.1689453125,4173600
2022-03-18,26400.0,27225.0,26300.0,26975.0,12604.5771484375,3322300
2022-03-21,26975.0,27000.0,26500.0,26650.0,12452.7119140625,3184500
2022-03-22,26575.0,27575.0,26525.0,27350.0,12779.802734375,5209400
2022-03-23,27800.0,28100.0,27725.0,28050.0,13106.888671875,5351500
2022-03-24,28500.0,28725.0,27500.0,27800.0,12990.07421875,11516500
2022-03-25,28000.0,28600.0,28000.0,28525.0,13328.8427734375,9149000
2022-03-28,28550.0,29450.0,28550.0,29350.0,13714.337890625,6139800
2022-03-29,29400.0,29650.0,28600.0,28975.0,13539.1142578125,6603800
2022-03-30,29000.0,29050.0,28150.0,28325.0,13235.388671875,8894300
2022-03-31,28400.0,28800.0,28400.0,28550.0,13340.525390625,7237200
2022-04-01,28600.0,28825.0,28425.0,28825.0,13469.021484375,12158600
2022-04-04,26825.0,26825.0,26825.0,26825.0,14012.27734375,2043100
2022-04-05,25825.0,26350.0,25600.0,26225.0,13698.861328125,9575000
2022-04-06,26500.0,27750.0,26500.0,27625.0,14430.162109375,10995200
2022-04-07,27650.0,27850.0,26325.0,27200.0,14208.162109375,8539200
2022-04-08,27175.0,27650.0,27050.0,27475.0,14351.8076171875,5062600
2022-04-11,27650.0,28350.0,27225.0,27475.0,14351.8076171875,7191100
2022-04-12,27450.0,27550.0,26625.0,26625.0,13907.8046875,4635900
2022-04-13,27300.0,28300.0,27300.0,28175.0,14717.4599609375,8244000
2022-04-14,28200.0,28450.0,27825.0,28300.0,14782.75390625,4332900
2022-04-18,28200.0,28425.0,27600.0,27700.0,14469.3408203125,5527100
2022-04-19,27950.0,27950.0,27050.0,27125.0,14168.984375,5017300
2022-04-20,27475.0,27600.0,26700.0,27150.0,14182.04296875,4644800
2022-04-21,27350.0,27875.0,27100.0,27275.0,14247.337890625,4943900
2022-04-22,27250.0,27550.0,26950.0,27275.0,14247.337890625,4347500
2022-04-25,26900.0,26975.0,26600.0,26800.0,13999.216796875,4055000
2022-04-26,26800.0,26900.0,26300.0,26300.0,13738.0361328125,3972400
2022-04-27,26300.0,27225.0,26300.0,27100.0,14155.9228515625,3240100
2022-04-28,27625.0,28400.0,27425.0,28400.0,14834.990234375,8582400
2022-05-09,28800.0,29350.0,28025.0,28550.0,14913.345703125,9592100
2022-05-10,27850.0,28800.0,27200.0,28675.0,14978.6416015625,10687300
2022-05-11,29900.0,30750.0,28900.0,28900.0,15096.1708984375,9993500
2022-05-12,28900.0,30425.0,28900.0,29500.0,15409.5849609375,9475000
2022-05-13,30000.0,31825.0,29850.0,31725.0,16571.833984375,10436500
2022-05-17,32000.0,33575.0,31850.0,33300.0,17394.55078125,7142300
2022-05-18,33550.0,33925.0,32050.0,32500.0,16976.6640625,7790700
2022-05-19,31950.0,32325.0,31250.0,31450.0,16428.185546875,6494300
2022-05-20,31675.0,33075.0,31675.0,33050.0,17263.958984375,4831400
2022-05-23,33300.0,33800.0,32700.0,32900.0,17185.60546875,4005000
2022-05-24,32700.0,33350.0,32675.0,33050.0,17263.958984375,2605000
2022-05-25,32725.0,33600.0,32600.0,33200.0,17342.310546875,4143500
2022-05-27,33600.0,33650.0,32675.0,32850.0,17159.48828125,2862400
2022-05-30,33000.0,33150.0,32600.0,32750.0,17107.251953125,2608600
2022-05-31,33125.0,35000.0,33050.0,35000.0,18282.560546875,6144000
2022-06-02,34900.0,35000.0,34400.0,34675.0,18112.791015625,3166300
2022-06-03,34875.0,35750.0,34850.0,34950.0,18256.439453125,3304700
2022-06-06,35100.0,35525.0,34850.0,35150.0,18360.9140625,2317600
2022-06-07,35200.0,37000.0,35200.0,36450.0,19039.98046875,4236300
2022-06-08,36250.0,36450.0,35025.0,35150.0,18360.9140625,4462200
2022-06-09,35150.0,35325.0,34800.0,35000.0,18282.560546875,3010800
2022-06-10,34600.0,34800.0,33550.0,33675.0,17590.435546875,5146600
2022-06-13,32500.0,33150.0,31800.0,32800.0,17133.37109375,6138600
2022-06-14,32000.0,33400.0,31975.0,32875.0,17172.546875,4035500
2022-06-15,32875.0,32975.0,31300.0,31450.0,16428.185546875,5585900
2022-06-16,32500.0,33300.0,32275.0,32600.0,17028.8984375,4152600
2022-06-17,32450.0,32450.0,31400.0,31800.0,16611.009765625,4871500
2022-06-20,31950.0,31975.0,30750.0,31300.0,16349.830078125,5023500
2022-06-21,32375.0,33075.0,31950.0,32975.0,17224.78125,5879200
2022-06-22,33075.0,33500.0,32225.0,32950.0,17211.7265625,6384300
2022-06-23,32925.0,32925.0,31850.0,32200.0,16819.953125,3586600
2022-06-24,32475.0,32650.0,32075.0,32200.0,16819.953125,1772300
2022-06-27,32200.0,32350.0,31500.0,31725.0,16571.833984375,3568600
2022-06-28,31750.0,32175.0,31600.0,31950.0,16689.365234375,1780900
2022-06-29,31925.0,31925.0,31400.0,31525.0,16467.361328125,2363100
2022-06-30,31025.0,31325.0,30500.0,30675.0,16023.3564453125,4094800
2022-07-01,30675.0,31175.0,29950.0,30025.0,15683.822265625,4248800
2022-07-04,30025.0,30500.0,29225.0,30050.0,15696.884765625,5241900
2022-07-05,30525.0,33000.0,30525.0,33000.0,17237.83984375,7752100
2022-07-06,32500.0,32500.0,31575.0,32000.0,16715.484375,3938600
2022-07-07,32000.0,32300.0,31675.0,31850.0,16637.12890625,1583200
2022-07-08,32525.0,33000.0,32300.0,32300.0,16872.19140625,2994600
2022-07-11,32275.0,32500.0,31225.0,31375.0,16389.0078125,5211800
2022-07-12,31800.0,33650.0,31700.0,33300.0,17394.55078125,6715600
2022-07-13,33700.0,34125.0,33000.0,33800.0,17655.728515625,5676500
2022-07-14,33800.0,34450.0,32950.0,34025.0,17773.259765625,4289900
2022-07-15,33800.0,33800.0,33000.0,33000.0,17237.83984375,2910500
2022-07-18,32325.0,33350.0,32200.0,33025.0,17250.90234375,1613300
2022-07-19,32850.0,33850.0,32625.0,33750.0,17629.61328125,2600100
2022-07-20,34100.0,34325.0,33900.0,34050.0,17786.318359375,2552800
2022-07-21,34100.0,34375.0,33875.0,34150.0,17838.5546875,2086300
2022-07-22,34225.0,35325.0,33975.0,35075.0,18321.73828125,2944700
2022-07-25,35100.0,35700.0,35025.0,35050.0,18308.677734375,3452400
2022-07-26,35325.0,35600.0,35225.0,35600.0,18595.974609375,2353300
2022-07-27,36125.0,39200.0,36125.0,38900.0,20319.7578125,8455200
2022-07-28,38925.0,39975.0,38400.0,39175.0,20463.40625,5124000
2022-07-29,39325.0,39850.0,39175.0,39600.0,20685.412109375,3919800
2022-08-01,39600.0,40875.0,39200.0,40750.0,21286.12109375,4759700
2022-08-02,40750.0,40750.0,39650.0,39750.0,20763.763671875,3257300
2022-08-03,39750.0,40600.0,39750.0,40250.0,21024.94140625,2597500
2022-08-04,40025.0,40200.0,39275.0,39400.0,20580.939453125,4096900
2022-08-05,38500.0,40300.0,38500.0,39750.0,20763.763671875,4714300
2022-08-08,39200.0,39650.0,39000.0,39600.0,20685.412109375,2988500
2022-08-09,39900.0,40450.0,39900.0,40225.0,21011.88671875,3062400
2022-08-10,40400.0,41275.0,40175.0,40300.0,21051.060546875,3540200
2022-08-11,39900.0,39900.0,37500.0,37600.0,19640.693359375,23464200
2022-08-12,37550.0,38375.0,37025.0,37750.0,19719.048828125,5979400
2022-08-15,37800.0,38225.0,37300.0,37300.0,19483.986328125,3763000
2022-08-16,37300.0,37600.0,36500.0,36700.0,19170.568359375,4011900
2022-08-18,37100.0,37600.0,36700.0,36800.0,19222.806640625,4406500
2022-08-19,37100.0,38225.0,37050.0,37500.0,19588.455078125,4180700
2022-08-22,37775.0,38050.0,36500.0,36950.0,19301.158203125,3640900
2022-08-23,36950.0,38325.0,36950.0,38250.0,19980.224609375,4437100
2022-08-24,38125.0,38650.0,37600.0,38575.0,20149.98828125,3148700
2022-08-25,38625.0,38800.0,38250.0,38500.0,20110.814453125,2497400
2022-08-26,38725.0,38750.0,38350.0,38500.0,20110.814453125,1431800
2022-08-29,38125.0,39750.0,37650.0,39550.0,20659.291015625,4071400
2022-08-30,39800.0,39975.0,39300.0,39425.0,20593.99609375,3922200
2022-08-31,39375.0,39425.0,38675.0,39300.0,20528.703125,2139400
2022-09-01,39425.0,40325.0,39200.0,40200.0,20998.826171875,3847700
2022-09-02,40400.0,40750.0,40350.0,40475.0,21142.47265625,3092700
2022-09-05,40500.0,43300.0,40500.0,42550.0,22226.369140625,6620800
2022-09-06,43175.0,44475.0,43175.0,44175.0,23075.201171875,6097400
2022-09-07,44000.0,44600.0,43225.0,44025.0,22996.84765625,3380800
2022-09-08,43600.0,43850.0,42600.0,42650.0,22278.603515625,3430300
2022-09-09,42725.0,43475.0,41825.0,43325.0,22631.1953125,2177800
2022-09-12,43475.0,43950.0,42950.0,43850.0,22905.43359375,1410100
2022-09-13,44075.0,44100.0,43475.0,43550.0,22748.7265625,1372800
2022-09-14,43000.0,43900.0,42900.0,43550.0,22748.7265625,2373100
2022-09-15,43850.0,45250.0,43850.0,44000.0,22983.787109375,4380700
2022-09-16,44000.0,44225.0,43100.0,43425.0,22683.431640625,3268100
2022-09-19,43350.0,43350.0,42000.0,42275.0,22082.71875,3629500
2022-09-20,42400.0,42950.0,41675.0,42100.0,21991.306640625,2198500
2022-09-21,41700.0,42650.0,41100.0,42525.0,22213.310546875,2512200
2022-09-22,42550.0,43975.0,42250.0,43775.0,22866.2578125,3224100
2022-09-23,43425.0,43425.0,42725.0,43250.0,22592.021484375,2386000
2022-09-26,42500.0,42500.0,41025.0,41300.0,21573.419921875,7422300
2022-09-27,41875.0,42100.0,41500.0,41750.0,21808.484375,3284200
2022-09-28,41600.0,41925.0,41250.0,41250.0,21547.302734375,2549200
2022-09-29,41700.0,41950.0,41350.0,41500.0,21677.888671875,2796900
2022-09-30,41200.0,41825.0,40825.0,41425.0,21638.712890625,2546700
2022-10-03,41500.0,42150.0,41475.0,42150.0,22017.423828125,1531800
2022-10-04,42225.0,44175.0,42225.0,44150.0,23062.142578125,5310500
2022-10-05,44250.0,44400.0,43600.0,43600.0,22774.845703125,1903000
2022-10-06,43600.0,44250.0,43300.0,43300.0,22618.13671875,1522600
2022-10-07,43325.0,44050.0,43100.0,43800.0,22879.31640625,1810700
2022-10-10,42950.0,42950.0,41900.0,41900.0,21886.8359375,3768300
2022-10-11,42200.0,42500.0,41600.0,41700.0,21782.361328125,2429800
2022-10-12,42200.0,42425.0,41750.0,42075.0,21978.24609375,2321700
2022-10-13,42775.0,43200.0,42450.0,42500.0,22200.25,2434700
2022-10-14,42750.0,42875.0,42125.0,42125.0,22004.365234375,1448700
2022-10-17,42150.0,42800.0,42000.0,42450.0,22174.1328125,1701300
2022-10-18,42700.0,42825.0,41675.0,41900.0,21886.8359375,2349200
2022-10-19,41900.0,42200.0,41600.0,41900.0,21886.8359375,2439600
2022-10-20,41925.0,43925.0,41925.0,43450.0,22696.4921875,8048300
2022-10-21,43550.0,43875.0,43300.0,43675.0,22814.025390625,1903100
2022-10-24,43800.0,44325.0,43600.0,44150.0,23062.142578125,2189400
2022-10-25,44150.0,44275.0,43000.0,43750.0,22853.19921875,2557800
2022-10-26,43800.0,45425.0,43525.0,45350.0,23688.970703125,4555800
2022-10-27,45350.0,45650.0,44775.0,44800.0,23401.67578125,2237800
2022-10-28,44750.0,44975.0,44325.0,44525.0,23258.025390625,1619400
2022-10-31,44650.0,45275.0,44650.0,45050.0,23532.263671875,2254600
2022-11-01,44375.0,44375.0,42100.0,42300.0,22095.77734375,6919800
2022-11-02,42525.0,43000.0,41700.0,41925.0,21899.892578125,3682500
2022-11-03,43525.0,44650.0,43250.0,43600.0,22774.845703125,10199900
2022-11-04,43575.0,43975.0,43400.0,43600.0,22774.845703125,3471500
2022-11-07,43625.0,44050.0,43350.0,43575.0,22761.787109375,3640800
2022-11-08,43550.0,43550.0,42700.0,42975.0,22448.369140625,6013300
2022-11-09,42450.0,42575.0,41875.0,41925.0,21899.892578125,9618300
2022-11-10,40925.0,41125.0,39575.0,40375.0,21090.236328125,14213600
2022-11-11,37550.0,38500.0,37550.0,37550.0,21848.384765625,15699400
2022-11-14,37525.0,37850.0,37000.0,37100.0,21586.552734375,3595300
2022-11-15,37300.0,37825.0,37150.0,37775.0,21979.302734375,4536500
2022-11-16,38300.0,38400.0,37750.0,38000.0,22110.216796875,4292000
2022-11-17,37975.0,38050.0,37550.0,38025.0,22124.763671875,2408000
2022-11-18,38200.0,38475.0,37850.0,38425.0,22357.501953125,3089700
2022-11-21,39000.0,39925.0,38725.0,39750.0,23128.453125,4092900
2022-11-22,40000.0,41600.0,40000.0,41475.0,24132.140625,5371800
2022-11-23,41475.0,42050.0,41300.0,41375.0,24073.953125,3996700
2022-11-24,41500.0,41975.0,41475.0,41650.0,24233.958984375,2409500
2022-11-25,41700.0,41800.0,40700.0,40925.0,23812.12109375,2128800
2022-11-28,40925.0,41475.0,40925.0,41050.0,23884.853515625,1678300
2022-11-29,41525.0,41925.0,41525.0,41850.0,24350.33203125,2593300
2022-11-30,42000.0,42350.0,41650.0,41750.0,24292.1484375,2696900
2022-12-01,42100.0,42300.0,41750.0,42000.0,24437.611328125,1911000
2022-12-02,41875.0,41875.0,41450.0,41600.0,24204.87109375,1270400
2022-12-05,41925.0,41925.0,40700.0,40800.0,23739.392578125,2022300
2022-12-06,40875.0,41300.0,40325.0,41000.0,23855.76171875,1815900
2022-12-07,41225.0,41400.0,40375.0,41350.0,24059.408203125,1853600
2022-12-08,41325.0,41325.0,40125.0,40650.0,23652.11328125,2199200
2022-12-09,40650.0,40675.0,39100.0,39250.0,22837.525390625,2919700
2022-12-12,39250.0,40100.0,38600.0,39900.0,23215.728515625,1510400
2022-12-13,39600.0,39675.0,39250.0,39350.0,22895.708984375,1413700
2022-12-14,39700.0,40750.0,39700.0,40500.0,23564.833984375,1950400
2022-12-15,40525.0,40750.0,40025.0,40275.0,23433.919921875,1530800
2022-12-16,40000.0,40600.0,39800.0,40600.0,23623.0234375,1927300
2022-12-19,40625.0,40725.0,40250.0,40675.0,23666.662109375,955500
2022-12-20,40750.0,41275.0,40450.0,40775.0,23724.845703125,2699700
2022-12-21,40900.0,41150.0,40625.0,41000.0,23855.76171875,1986700
2022-12-22,41175.0,41400.0,40825.0,41000.0,23855.76171875,1654700
2022-12-23,41050.0,41050.0,40600.0,40825.0,23753.939453125,922100
2022-12-26,41000.0,41150.0,40250.0,40400.0,23506.650390625,1133500
2022-12-27,40300.0,40375.0,40175.0,40250.0,23419.373046875,652000
2022-12-28,40600.0,40600.0,39600.0,39800.0,23157.54296875,1554000
2022-12-29,40000.0,40000.0,39300.0,39300.0,22866.623046875,1706200
2022-12-30,39350.0,39475.0,38975.0,39025.0,22706.611328125,2089700
2023-01-02,39050.0,40000.0,39050.0,39600.0,23041.17578125,715600
2023-01-03,39600.0,39650.0,39025.0,39050.0,22721.16015625,1454700
2023-01-04,39050.0,39100.0,37500.0,37525.0,21833.837890625,3524000
2023-01-05,37525.0,37525.0,35025.0,35150.0,20451.953125,5661500
2023-01-06,35100.0,36125.0,34500.0,35400.0,20597.412109375,3838200
2023-01-09,35400.0,35750.0,34275.0,34800.0,20248.306640625,2579100
2023-01-10,34800.0,36125.0,34325.0,36100.0,21004.705078125,2876500
2023-01-11,36100.0,36600.0,35300.0,36075.0,20990.162109375,2119700
2023-01-12,35975.0,35975.0,34825.0,34875.0,20291.943359375,3028100
2023-01-13,35100.0,35475.0,35100.0,35300.0,20539.23046875,1176400
2023-01-16,35300.0,35300.0,34650.0,35075.0,20408.3125,1065900
2023-01-17,34550.0,35550.0,34550.0,35550.0,20684.689453125,1655200
2023-01-18,35925.0,36500.0,35500.0,35700.0,20771.966796875,1969900
2023-01-19,35050.0,36975.0,35050.0,36850.0,21441.091796875,1497700
2023-01-20,37000.0,38675.0,36950.0,38325.0,22299.3203125,2872300
2023-01-24,38000.0,38025.0,37275.0,37500.0,21819.294921875,2093300
2023-01-25,37500.0,37500.0,36525.0,36525.0,21251.990234375,1835900
2023-01-26,35475.0,35725.0,34900.0,35125.0,20437.404296875,4227400
2023-01-27,35500.0,36150.0,35500.0,36100.0,21004.705078125,2506100
2023-01-30,36100.0,36525.0,35550.0,35650.0,20742.875,1598200
2023-01-31,35500.0,36200.0,35250.0,36200.0,21062.892578125,2913800
2023-02-01,35750.0,35975.0,35500.0,35500.0,20655.599609375,1775400
2023-02-02,35225.0,35725.0,35100.0,35100.0,20422.859375,1900900
2023-02-03,35100.0,35325.0,34225.0,34275.0,19942.833984375,2638800
2023-02-06,34275.0,34725.0,33625.0,33900.0,19724.64453125,2450000
2023-02-07,34975.0,37025.0,34800.0,36500.0,21237.4453125,6081400
2023-02-08,36750.0,36975.0,35525.0,36100.0,21004.705078125,1951200
2023-02-09,35200.0,35700.0,34950.0,35375.0,20582.869140625,1651100
2023-02-10,34400.0,34600.0,33925.0,34150.0,19870.103515625,3286100
2023-02-13,34700.0,35500.0,34700.0,35225.0,20495.591796875,2420600
2023-02-14,35250.0,35475.0,34875.0,35125.0,20437.404296875,1465900
2023-02-15,35325.0,35950.0,35325.0,35425.0,20611.9609375,1913000
2023-02-16,35700.0,35800.0,35250.0,35400.0,20597.412109375,724800
2023-02-17,35250.0,35275.0,34850.0,35125.0,20437.404296875,1484300
2023-02-20,35100.0,35525.0,34875.0,35500.0,20655.599609375,1347000
2023-02-21,35500.0,35900.0,35050.0,35150.0,20451.953125,1218400
2023-02-22,35900.0,35900.0,35350.0,35575.0,20699.236328125,1457100
2023-02-23,35800.0,36325.0,35725.0,35900.0,20888.337890625,3500600
2023-02-24,36225.0,36575.0,35675.0,36025.0,20961.06640625,3271400
2023-02-27,36025.0,36325.0,35825.0,36050.0,20975.615234375,2007000
2023-02-28,36075.0,37725.0,36050.0,37200.0,21644.7421875,4923200
2023-03-01,37200.0,37300.0,36750.0,36975.0,21513.826171875,2432500
2023-03-02,37175.0,38000.0,36975.0,38000.0,22110.216796875,2904700
2023-03-03,38075.0,38500.0,37650.0,37950.0,22081.125,1869200
2023-03-06,37800.0,37800.0,37200.0,37750.0,21964.759765625,1422400
2023-03-07,37275.0,37625.0,37025.0,37025.0,21542.9140625,1277800
2023-03-08,36925.0,37900.0,36550.0,37900.0,22052.033203125,3387800
2023-03-09,38000.0,38350.0,37650.0,38350.0,22313.861328125,2594100
2023-03-10,38300.0,38300.0,37900.0,38050.0,22139.310546875,1416000
2023-03-13,38050.0,38900.0,38025.0,38750.0,22546.60546875,3822400
2023-03-14,38800.0,38800.0,37325.0,37475.0,21804.748046875,3227400
2023-03-15,37600.0,38325.0,37525.0,37900.0,22052.033203125,2000900
2023-03-16,37700.0,37700.0,36150.0,37200.0,21644.7421875,2838000
2023-03-17,37200.0,39250.0,37200.0,39250.0,22837.525390625,13410000
2023-03-20,39050.0,39050.0,37950.0,38200.0,22226.58984375,1215800
2023-03-21,38400.0,38600.0,38025.0,38350.0,22313.861328125,1184700
2023-03-24,38400.0,38600.0,38250.0,38400.0,22342.95703125,1471500
2023-03-27,38500.0,38850.0,38200.0,38500.0,22401.140625,3260500
2023-03-28,38700.0,39750.0,38600.0,39725.0,23113.904296875,4144700
2023-03-29,39800.0,41000.0,39800.0,40800.0,23739.392578125,5353500
2023-03-30,40950.0,41500.0,38400.0,39175.0,22793.888671875,8988400
2023-03-31,39425.0,40250.0,39350.0,39400.0,22924.8046875,8890800
2023-04-03,39725.0,40025.0,39700.0,39900.0,23215.728515625,5651200
2023-04-04,40400.0,40800.0,40125.0,40525.0,23579.3828125,5018800
2023-04-05,40525.0,40950.0,40200.0,40900.0,23797.578125,3738800
2023-04-06,41000.0,41500.0,40900.0,41125.0,23928.4921875,5781000
2023-04-10,41200.0,41475.0,40350.0,40875.0,23783.029296875,12093500
2023-04-11,38025.0,38025.0,38025.0,38025.0,26244.22265625,634700
2023-04-12,35375.0,35375.0,35375.0,35375.0,24415.23828125,1914000
2023-04-13,34200.0,35000.0,34125.0,34600.0,23880.345703125,6879100
2023-04-14,34575.0,34575.0,33725.0,33725.0,23276.435546875,5871600
2023-04-17,33700.0,33700.0,32200.0,32250.0,22258.4140625,6301500
2023-04-18,32325.0,33925.0,32325.0,33700.0,23259.181640625,4753400
2023-04-26,34000.0,34275.0,33725.0,33875.0,23379.962890625,3251100
2023-04-27,33950.0,33950.0,33500.0,33600.0,23190.16015625,1880500
2023-04-28,33600.0,33625.0,33150.0,33300.0,22983.107421875,2192500
2023-05-02,33300.0,33350.0,31675.0,31675.0,21861.560546875,3841100
2023-05-03,31700.0,32200.0,30625.0,31750.0,21913.322265625,2839000
2023-05-04,31700.0,31925.0,31150.0,31175.0,21516.46875,2089500
2023-05-05,30600.0,30675.0,29575.0,29650.0,20463.9375,4819400
2023-05-08,29650.0,30450.0,29650.0,30000.0,20705.501953125,2527800
2023-05-09,30025.0,30300.0,29675.0,29875.0,20619.228515625,1824400
2023-05-10,29900.0,30650.0,29900.0,30200.0,20843.5390625,1704700
2023-05-11,29300.0,29450.0,28250.0,28275.0,19514.935546875,5874300
2023-05-12,28000.0,28275.0,27525.0,27825.0,19204.3515625,2497500
2023-05-15,27825.0,28350.0,27700.0,27750.0,19152.58984375,2256800
2023-05-16,27875.0,28125.0,27500.0,27500.0,18980.04296875,1488900
2023-05-17,27500.0,27525.0,26150.0,26300.0,18151.822265625,4314300
2023-05-19,26200.0,26200.0,24700.0,24700.0,17047.53125,5010200
2023-05-22,25100.0,25500.0,24850.0,25175.0,17375.365234375,2899300
2023-05-23,25500.0,25750.0,25300.0,25475.0,17582.421875,2028400
2023-05-24,25300.0,25400.0,24775.0,24950.0,17220.072265625,0
2023-05-25,24200.0,24200.0,23600.0,23800.0,16426.36328125,3226500
2023-05-26,23500.0,24350.0,23400.0,23525.0,16236.5634765625,1754500
2023-05-29,23525.0,23625.0,22675.0,22975.0,15856.962890625,2568000
2023-05-30,23100.0,23375.0,22825.0,23075.0,15925.9814453125,2273100
2023-05-31,22600.0,22675.0,22125.0,22125.0,15270.306640625,3356200
2023-06-05,22500.0,23075.0,22325.0,22750.0,15701.673828125,3362700
2023-06-06,23550.0,23900.0,23325.0,23675.0,16340.0908203125,3738400
2023-06-07,23500.0,23550.0,22800.0,22900.0,15805.19921875,2980700
2023-06-08,23350.0,23800.0,23150.0,23525.0,16236.5634765625,2706800
2023-06-09,23550.0,23800.0,23175.0,23275.0,16064.0185546875,1522900
2023-06-12,23500.0,23850.0,23300.0,23550.0,16253.8193359375,1999300
2023-06-13,23550.0,23550.0,23200.0,23500.0,16219.310546875,1178200
2023-06-14,23500.0,23675.0,23275.0,23525.0,16236.5634765625,1511000
2023-06-15,23525.0,24375.0,23375.0,24250.0,16736.947265625,2127900
2023-06-16,24575.0,24775.0,24025.0,24225.0,16719.693359375,3398900
2023-06-19,24000.0,24225.0,23650.0,24000.0,16564.400390625,1177400
2023-06-20,24000.0,24250.0,23875.0,23925.0,16512.638671875,1397800
2023-06-21,24075.0,24375.0,23900.0,24000.0,16564.400390625,1590500
2023-06-22,24100.0,24350.0,24025.0,24025.0,16581.65625,1117500
2023-06-23,24100.0,24225.0,23900.0,23900.0,16495.3828125,1705700
2023-06-26,23950.0,24075.0,23900.0,24000.0,16564.400390625,841300
2023-06-27,24050.0,24125.0,24000.0,24125.0,16650.673828125,954200
2023-07-03,24350.0,24875.0,24350.0,24675.0,17030.2734375,2762400
2023-07-04,24700.0,25050.0,24700.0,24825.0,17133.8046875,1587300
2023-07-05,24850.0,25150.0,24850.0,24925.0,17202.822265625,2198700
2023-07-06,24950.0,25775.0,24925.0,25600.0,17668.6953125,2399800
2023-07-07,25400.0,25450.0,24775.0,24850.0,17151.056640625,3184900
2023-07-10,24900.0,25650.0,24900.0,25450.0,17565.16796875,1717900
2023-07-11,25450.0,25800.0,25450.0,25650.0,17703.203125,1222300
2023-07-12,25600.0,25600.0,25225.0,25250.0,17427.130859375,1113500
2023-07-13,25125.0,25200.0,24825.0,24900.0,17185.56640625,1610800
2023-07-14,24900.0,25200.0,24850.0,25200.0,17392.62109375,1194700
2023-07-17,25300.0,25600.0,25250.0,25425.0,17547.912109375,1370500
2023-07-18,25475.0,25550.0,25200.0,25250.0,17427.130859375,967200
2023-07-20,25400.0,25800.0,25400.0,25500.0,17599.677734375,1604000
2023-07-21,25600.0,26850.0,25575.0,26775.0,18479.66015625,3412300
2023-07-24,27300.0,28075.0,27050.0,28000.0,19325.134765625,4262000
2023-07-25,28900.0,28900.0,27525.0,27525.0,18997.298828125,4511100
2023-07-26,27700.0,28250.0,27700.0,28125.0,19411.408203125,2114900
2023-07-27,28250.0,28300.0,27800.0,28025.0,19342.390625,1583800
2023-07-28,28000.0,28000.0,27075.0,27875.0,19238.86328125,1673400
2023-07-31,27875.0,27950.0,27200.0,27200.0,18772.98828125,2968700
2023-08-01,27275.0,27475.0,26800.0,27000.0,18634.953125,1748400
2023-08-02,26900.0,26900.0,26600.0,26625.0,18376.1328125,1254400
2023-08-03,26575.0,27275.0,26500.0,27175.0,18755.734375,998200
2023-08-04,27500.0,27525.0,27200.0,27225.0,18790.2421875,1128700
2023-08-07,27225.0,27400.0,27175.0,27225.0,18790.2421875,759400
2023-08-08,27425.0,27500.0,27225.0,27475.0,18962.7890625,1059600
2023-08-09,27550.0,27950.0,27375.0,27950.0,19290.625,1472500
2023-08-10,28000.0,28625.0,28000.0,28375.0,19583.951171875,2871900
2023-08-11,27900.0,27900.0,27250.0,27600.0,19049.060546875,2156800
2023-08-14,27600.0,28200.0,27600.0,28075.0,19376.900390625,1918600
2023-08-15,28250.0,28375.0,27975.0,28250.0,19497.6796875,1193700
2023-08-16,28250.0,28300.0,28000.0,28200.0,19463.171875,1196100
2023-08-18,28200.0,28300.0,28000.0,28050.0,19359.64453125,1275000
2023-08-21,28100.0,28325.0,28100.0,28225.0,19480.42578125,1253500
2023-08-22,28250.0,29650.0,28250.0,29400.0,20291.390625,4285800
2023-08-23,29600.0,29950.0,29575.0,29600.0,20429.427734375,2471700
2023-08-24,29500.0,29500.0,28900.0,29150.0,20118.84765625,2042800
2023-08-25,29000.0,29000.0,28600.0,28700.0,19808.265625,1221100
2023-08-28,28950.0,29400.0,28950.0,29225.0,20170.609375,1274400
2023-08-29,29475.0,29600.0,29000.0,29050.0,20049.828125,974800
2023-08-30,29050.0,29350.0,29050.0,29175.0,20136.099609375,789900
2023-08-31,29100.0,29150.0,28925.0,28925.0,19963.552734375,951300
2023-09-01,29000.0,29275.0,29000.0,29200.0,20153.357421875,479900
2023-09-04,30125.0,31350.0,30125.0,30975.0,21378.431640625,4750100
2023-09-05,31000.0,31425.0,30850.0,30925.0,21343.919921875,2757000
2023-09-06,31225.0,31275.0,30975.0,31100.0,21464.703125,2071000
2023-09-07,31050.0,31050.0,30700.0,30750.0,21223.138671875,1954300
2023-09-08,30750.0,31000.0,30600.0,30750.0,21223.138671875,2184600
2023-09-11,30750.0,30975.0,30000.0,30375.0,20964.322265625,6157600
2023-09-12,28100.0,28450.0,28000.0,28100.0,21255.54296875,4173700
2023-09-13,28100.0,28600.0,28100.0,28425.0,21501.3828125,2239500
2023-09-14,28725.0,29600.0,28725.0,29350.0,22201.076171875,3756800
2023-09-15,29400.0,29500.0,28700.0,29000.0,21936.326171875,1882100
2023-09-18,29000.0,29150.0,28625.0,28675.0,21690.490234375,1121900
2023-09-19,28675.0,29125.0,28650.0,29000.0,21936.326171875,705900
2023-09-20,29350.0,29350.0,29000.0,29000.0,21936.326171875,1258800
2023-09-21,29000.0,29000.0,28775.0,28775.0,21766.130859375,939200
2023-09-22,28750.0,29150.0,28700.0,28900.0,21860.68359375,804300
2023-09-25,29350.0,29350.0,28950.0,29075.0,21993.05859375,991000
2023-09-26,29100.0,29200.0,28375.0,28500.0,21558.11328125,1566500
2023-09-27,28500.0,28675.0,28350.0,28375.0,21463.55859375,1687600
2023-09-29,28425.0,29100.0,28425.0,28975.0,21917.41796875,1578700
2023-10-02,28850.0,29000.0,28675.0,28675.0,21690.490234375,982100
2023-10-03,28675.0,28675.0,28000.0,28050.0,21217.72265625,1995300
2023-10-04,28000.0,28000.0,27175.0,27200.0,20574.763671875,2343400
2023-10-05,27200.0,27200.0,26200.0,26325.0,19912.890625,2866400
2023-10-06,26275.0,26725.0,26200.0,26450.0,20007.443359375,1841300
2023-10-09,26850.0,27325.0,26825.0,26975.0,20404.56640625,2086600
2023-10-10,27350.0,27500.0,27100.0,27150.0,20536.939453125,1633500
2023-10-11,27400.0,27875.0,27300.0,27475.0,20782.779296875,2127100
2023-10-12,27475.0,27650.0,26725.0,26850.0,20310.015625,2027300
2023-10-13,27000.0,27300.0,26975.0,27200.0,20574.763671875,1230100
2023-10-16,27525.0,27825.0,27425.0,27475.0,20782.779296875,1108800
2023-10-17,27600.0,27600.0,27425.0,27575.0,20858.421875,630500
2023-10-18,27525.0,27900.0,27375.0,27850.0,21066.439453125,938900
2023-10-19,27850.0,28175.0,27700.0,27950.0,21142.08203125,1233500
2023-10-20,27900.0,28175.0,27450.0,28150.0,21293.365234375,1273000
2023-10-23,28150.0,28150.0,27375.0,27375.0,20707.134765625,1183900
2023-10-24,27375.0,27725.0,27375.0,27400.0,20726.048828125,522200
2023-10-25,27375.0,27625.0,27250.0,27250.0,20612.583984375,996500
2023-10-26,27250.0,27250.0,26800.0,26850.0,20310.015625,915500
2023-10-27,26900.0,27150.0,26875.0,26975.0,20404.56640625,637800
2023-10-30,27000.0,27100.0,26250.0,26250.0,19856.158203125,1446900
2023-10-31,26200.0,26825.0,26025.0,26525.0,20064.17578125,1714600
2023-11-01,26325.0,26475.0,25025.0,25025.0,18929.537109375,1972200
2023-11-02,25100.0,25550.0,25075.0,25225.0,19080.822265625,639200
2023-11-03,25350.0,25625.0,25350.0,25450.0,19251.01953125,830900
2023-11-06,25450.0,25675.0,25325.0,25650.0,19402.302734375,652800
2023-11-07,25550.0,25575.0,25350.0,25350.0,19175.375,424000
2023-11-08,25400.0,25450.0,24600.0,24725.0,18702.609375,855900
2023-11-09,25025.0,25100.0,24775.0,24775.0,18740.431640625,742700
2023-11-10,24825.0,25050.0,24775.0,24850.0,18797.1640625,433400
2023-11-13,24850.0,24900.0,24650.0,24675.0,18664.787109375,994700
2023-11-14,24675.0,25175.0,24675.0,25000.0,18910.62890625,684000
2023-11-15,25225.0,25800.0,25225.0,25400.0,19213.197265625,854800
2023-11-16,25800.0,25800.0,25325.0,25425.0,19232.107421875,692300
2023-11-17,25425.0,25775.0,25425.0,25475.0,19269.927734375,1029300
2023-11-20,25525.0,25675.0,25500.0,25600.0,19364.482421875,759300
2023-11-21,25625.0,25650.0,25350.0,25600.0,19364.482421875,733100
2023-11-22,25550.0,25700.0,25475.0,25525.0,19307.75,527300
2023-11-23,25600.0,25600.0,25425.0,25475.0,19269.927734375,554900
2023-11-24,25500.0,25550.0,25375.0,25400.0,19213.197265625,340300
2023-11-27,25400.0,25550.0,25175.0,25200.0,19061.912109375,667600
2023-11-28,25200.0,25300.0,24975.0,24975.0,18891.71484375,883400
2023-11-29,25000.0,25000.0,24650.0,24700.0,18683.69921875,1038500
2023-11-30,24725.0,24775.0,24525.0,24550.0,18570.236328125,750900
2023-12-01,24875.0,25050.0,24550.0,24550.0,18570.236328125,760600
2023-12-04,24600.0,24800.0,24525.0,24575.0,18589.1484375,1006800
2023-12-05,24600.0,24700.0,23950.0,23950.0,18116.37890625,1826400
2023-12-06,23975.0,24100.0,23850.0,23850.0,18040.740234375,1089800
2023-12-07,23850.0,24000.0,23600.0,23725.0,17946.185546875,1173100
2023-12-08,23850.0,24200.0,23825.0,24000.0,18154.201171875,1484400
2023-12-11,23800.0,23950.0,23750.0,23800.0,18002.916015625,941600
2023-12-12,23825.0,24250.0,23775.0,24000.0,18154.201171875,779400
2023-12-13,23850.0,23875.0,23625.0,23800.0,18002.916015625,1346100
2023-12-14,23800.0,24100.0,23700.0,24075.0,18210.93359375,740500
2023-12-15,24075.0,24875.0,24050.0,24450.0,18494.591796875,1604300
2023-12-18,24450.0,24625.0,24050.0,24200.0,18305.486328125,1229900
2023-12-19,24200.0,24575.0,24025.0,24525.0,18551.326171875,509900
2023-12-20,24550.0,25600.0,24550.0,24800.0,18759.341796875,1644300
2023-12-21,24850.0,25025.0,24675.0,25025.0,18929.537109375,595100
2023-12-22,25100.0,25400.0,24900.0,25350.0,19175.375,616800
2023-12-27,25350.0,25475.0,24950.0,25350.0,19175.375,1044700
2023-12-28,25375.0,25850.0,25375.0,25500.0,19288.83984375,1272300
2023-12-29,25550.0,25825.0,25275.0,25650.0,19402.302734375,919800
2024-01-02,25600.0,26425.0,25550.0,26375.0,19950.708984375,1695100
2024-01-03,26300.0,26300.0,25675.0,25750.0,19477.9453125,1593300
2024-01-04,25875.0,26800.0,25875.0,26600.0,20120.90625,2019700
2024-01-05,26650.0,26850.0,26625.0,26775.0,20253.28125,1109500
2024-01-08,26825.0,27400.0,26825.0,27100.0,20499.1171875,1179200
2024-01-09,27100.0,27275.0,26650.0,26975.0,20404.56640625,1040300
2024-01-10,27050.0,27400.0,26950.0,26975.0,20404.56640625,920000
2024-01-11,27000.0,27050.0,26750.0,26800.0,20272.193359375,470400
2024-01-12,26800.0,27150.0,26800.0,26950.0,20385.65625,680500
2024-01-15,27150.0,27500.0,27150.0,27450.0,20763.8671875,2054500
2024-01-16,27475.0,27500.0,27100.0,27400.0,20726.048828125,779000
2024-01-17,27450.0,27825.0,27400.0,27400.0,20726.048828125,1150300
2024-01-18,27425.0,27450.0,27025.0,27100.0,20499.1171875,908900
2024-01-19,27150.0,27250.0,26625.0,26800.0,20272.193359375,1435600
2024-01-22,26800.0,26900.0,26075.0,26250.0,19856.158203125,1127700
2024-01-23,26225.0,26375.0,25800.0,25900.0,19591.41015625,1207800
2024-01-24,25925.0,26250.0,25600.0,25775.0,19496.857421875,1111800
2024-01-25,25775.0,26700.0,25775.0,26525.0,20064.17578125,1247900
2024-01-26,26525.0,26825.0,26250.0,26700.0,20196.548828125,864100
2024-01-29,26775.0,26850.0,26625.0,26800.0,20272.193359375,784900
2024-01-30,26725.0,26850.0,26375.0,26550.0,20083.083984375,569200
2024-01-31,26750.0,27200.0,26750.0,27050.0,20461.298828125,837800
2024-02-01,27050.0,27075.0,26550.0,26625.0,20139.818359375,1201700
2024-02-02,26625.0,26775.0,26200.0,26225.0,19837.24609375,1271200
2024-02-05,26275.0,26525.0,26200.0,26200.0,19818.3359375,717600
2024-02-06,26400.0,26675.0,26250.0,26650.0,20158.7265625,815500
2024-02-07,26700.0,26875.0,26650.0,26700.0,20196.548828125,424600
2024-02-12,26750.0,27250.0,26750.0,27050.0,20461.298828125,910100
2024-02-13,27050.0,27250.0,27050.0,27125.0,20518.03125,604000
2024-02-15,27250.0,27375.0,27000.0,27075.0,20480.2109375,1052200
2024-02-16,27150.0,27200.0,27000.0,27025.0,20442.38671875,555300
2024-02-19,27100.0,27125.0,26800.0,26875.0,20328.923828125,587100
2024-02-20,26925.0,27000.0,26525.0,26575.0,20101.99609375,1178700
2024-02-21,26900.0,26900.0,26375.0,26475.0,20026.35546875,976800
2024-02-22,26225.0,26275.0,26000.0,26075.0,19723.78515625,2016900
2024-02-23,26075.0,26250.0,25750.0,26200.0,19818.3359375,1340300
2024-02-26,26200.0,26225.0,25800.0,25800.0,19515.767578125,1321700
2024-02-27,25800.0,26250.0,25800.0,26075.0,19723.78515625,970200
2024-02-28,26475.0,26525.0,26275.0,26375.0,19950.708984375,812400
2024-02-29,26400.0,26600.0,26125.0,26200.0,19818.3359375,1201700
2024-03-01,26225.0,26400.0,26150.0,26250.0,19856.158203125,574800
2024-03-04,26275.0,26650.0,26250.0,26375.0,19950.708984375,1795200
2024-03-05,26450.0,27200.0,26450.0,27175.0,20555.8515625,2812200
2024-03-06,27175.0,27325.0,27000.0,27125.0,20518.03125,1752800
2024-03-07,27100.0,27825.0,27000.0,27700.0,20952.974609375,2561500
2024-03-08,27750.0,27825.0,27600.0,27650.0,20915.150390625,1098100
2024-03-13,27650.0,27650.0,27000.0,27000.0,20423.478515625,2104000
2024-03-14,27050.0,27575.0,27025.0,27400.0,20726.048828125,1344900
2024-03-15,27400.0,27900.0,27100.0,27100.0,20499.1171875,3447300
2024-03-18,27225.0,27525.0,27200.0,27375.0,20707.134765625,830100
2024-03-19,27375.0,27425.0,27200.0,27225.0,20593.671875,800200
2024-03-20,27225.0,27725.0,27225.0,27625.0,20896.2421875,1673500
2024-03-21,27725.0,28125.0,27525.0,27750.0,20990.796875,2232500
2024-03-22,27750.0,28100.0,27750.0,27800.0,21028.6171875,1236200
2024-03-25,28100.0,28100.0,27700.0,27750.0,20990.796875,1650500
2024-03-26,27900.0,27900.0,27750.0,27775.0,21009.70703125,1067700
2024-03-27,27800.0,28425.0,27800.0,28425.0,21501.3828125,2285300
2024-03-28,28500.0,28775.0,26675.0,26700.0,20196.548828125,7868300
2024-04-01,26700.0,26700.0,26000.0,26300.0,19893.978515625,2598500
2024-04-02,26300.0,26675.0,26225.0,26675.0,20177.640625,1748900
2024-04-03,26750.0,27100.0,26725.0,26975.0,20404.56640625,2480100
2024-04-04,26975.0,27025.0,26625.0,26900.0,20347.833984375,1331700
2024-04-05,26975.0,27000.0,26750.0,26850.0,20310.015625,2061100
2024-04-16,27450.0,27450.0,27050.0,27400.0,20726.048828125,5801000
2024-04-17,25775.0,25950.0,25650.0,25850.0,20885.2109375,4189600
2024-04-18,25950.0,26275.0,25850.0,25925.0,20945.806640625,2177700
2024-04-19,26000.0,26000.0,25525.0,25700.0,20764.01953125,1532800
2024-04-22,25700.0,25825.0,25525.0,25575.0,20663.029296875,1050800
2024-04-23,25575.0,25575.0,25225.0,25525.0,20622.630859375,1003500
2024-04-24,25525.0,25575.0,25325.0,25350.0,20481.2421875,994300
2024-04-25,25325.0,25325.0,24925.0,24975.0,20178.263671875,1366500
2024-04-26,24975.0,25200.0,24500.0,24500.0,19794.494140625,1283800
2024-04-29,24500.0,24975.0,24000.0,24950.0,20158.06640625,1155600
2024-04-30,25225.0,25300.0,25025.0,25225.0,20380.25,1274700
2024-05-02,25250.0,25500.0,24850.0,24900.0,20117.669921875,814700
2024-05-03,25000.0,25150.0,24750.0,24825.0,20057.07421875,607100
2024-05-06,25125.0,25125.0,24450.0,24500.0,19794.494140625,892000
2024-05-07,24500.0,24875.0,24500.0,24800.0,20036.875,390400
2024-05-08,24850.0,25350.0,24800.0,25350.0,20481.2421875,1023900
2024-05-13,24600.0,24875.0,24025.0,24650.0,19915.685546875,2061100
2024-05-14,24600.0,24800.0,24500.0,24500.0,19794.494140625,621700
2024-05-15,24550.0,24600.0,24100.0,24100.0,19471.318359375,1212000
2024-05-16,24150.0,24300.0,24100.0,24200.0,19552.11328125,705700
2024-05-17,24200.0,24250.0,24050.0,24075.0,19451.12109375,1081800
2024-05-20,24075.0,24475.0,24075.0,24350.0,19673.3046875,792300
2024-05-21,24425.0,24750.0,24100.0,24250.0,19592.509765625,864500
2024-05-22,24500.0,24500.0,24200.0,24325.0,19653.10546875,559900
2024-05-27,24325.0,24400.0,24250.0,24250.0,19592.509765625,651700
2024-05-28,24250.0,24400.0,24250.0,24300.0,19632.90625,592900
2024-05-29,24325.0,24500.0,24300.0,24375.0,19693.501953125,745800
2024-05-30,24375.0,25000.0,24125.0,24950.0,20158.06640625,1044000
2024-05-31,24975.0,25200.0,24725.0,24975.0,20178.263671875,1656200
2024-06-03,25000.0,25225.0,24800.0,25225.0,20380.25,1208500
2024-06-04,25225.0,25600.0,25175.0,25400.0,20521.638671875,1173200
2024-06-05,25225.0,25250.0,24800.0,24850.0,20077.2734375,1071300
2024-06-06,24850.0,24850.0,24575.0,24600.0,19875.287109375,720300
2024-06-07,24600.0,24750.0,24575.0,24750.0,19996.48046875,414700
2024-06-10,24750.0,24750.0,24250.0,24425.0,19733.8984375,880300
2024-06-11,24475.0,24475.0,24100.0,24100.0,19471.318359375,1090100
2024-06-12,24100.0,24325.0,24075.0,24300.0,19632.90625,822100
2024-06-13,24300.0,24350.0,24200.0,24200.0,19552.11328125,405700
2024-06-14,24250.0,24275.0,24000.0,24050.0,19430.921875,693400
2024-06-19,24050.0,24125.0,23575.0,23875.0,19289.533203125,829300
2024-06-20,23900.0,24000.0,23850.0,23900.0,19309.73046875,390100
2024-06-21,23900.0,24400.0,23900.0,24250.0,19592.509765625,749400
2024-06-24,24250.0,24250.0,23875.0,23900.0,19309.73046875,923700
2024-06-25,23950.0,24000.0,23600.0,23600.0,19067.349609375,1221400
2024-06-26,23650.0,23850.0,23600.0,23800.0,19228.9375,595100
2024-06-27,23800.0,23825.0,23625.0,23750.0,19188.5390625,397500
2024-06-28,23750.0,23975.0,23725.0,23900.0,19309.73046875,819300
2024-07-01,23975.0,24400.0,23975.0,24275.0,19612.70703125,603300
2024-07-02,24275.0,25125.0,24275.0,25000.0,20198.46484375,1712400
2024-07-03,25000.0,25875.0,25000.0,25800.0,20844.814453125,2145800
2024-07-04,25800.0,26275.0,25800.0,26150.0,21127.591796875,1974000
2024-07-05,26175.0,26600.0,25825.0,26150.0,21127.591796875,1414100
2024-07-08,26125.0,26300.0,25825.0,26000.0,21006.404296875,918200
2024-07-09,25975.0,26100.0,25525.0,25525.0,20622.630859375,2057800
2024-07-10,25525.0,25900.0,25525.0,25650.0,20723.623046875,572800
2024-07-11,25800.0,25875.0,25500.0,25500.0,20602.43359375,740300
2024-07-12,25550.0,25750.0,25325.0,25550.0,20642.830078125,664200
2024-07-15,25550.0,25675.0,25375.0,25500.0,20602.43359375,544100
2024-07-16,25625.0,26175.0,25625.0,25950.0,20966.005859375,1359300
2024-07-17,26000.0,26075.0,25750.0,25800.0,20844.814453125,822400
2024-07-18,25800.0,26200.0,25575.0,26175.0,21147.79296875,1600200
2024-07-19,26250.0,26650.0,26225.0,26525.0,21430.5703125,2390000
2024-07-22,26600.0,27350.0,26550.0,27350.0,22097.12109375,3903100
2024-07-23,27350.0,27925.0,26650.0,26650.0,21531.560546875,3158000
2024-07-24,26650.0,26825.0,26350.0,26350.0,21289.181640625,1127700
2024-07-25,26350.0,26725.0,25850.0,26050.0,21046.798828125,1374300
2024-07-26,26050.0,26400.0,26025.0,26400.0,21329.578125,447800
2024-07-29,26400.0,26675.0,26175.0,26175.0,21147.79296875,1074900
2024-07-30,26200.0,26625.0,26200.0,26350.0,21289.181640625,842800
2024-07-31,26475.0,26500.0,26050.0,26300.0,21248.783203125,1271500
2024-08-01,26350.0,26750.0,26350.0,26625.0,21511.365234375,1142300
2024-08-02,26500.0,26975.0,26400.0,26975.0,21794.142578125,1614900
2024-08-05,26900.0,26900.0,25400.0,25625.0,20703.42578125,2754700
2024-08-06,25750.0,26025.0,25250.0,25525.0,20622.630859375,2320900
2024-08-07,25600.0,26050.0,25600.0,25800.0,20844.814453125,1622400
2024-08-08,25850.0,26150.0,25600.0,25825.0,20865.013671875,815600
2024-08-09,25950.0,26150.0,25750.0,25850.0,20885.2109375,1016300
2024-08-12,25925.0,26600.0,25925.0,26475.0,21390.173828125,1560000
2024-08-13,26575.0,26925.0,26575.0,26825.0,21672.951171875,1205800
2024-08-14,26175.0,26400.0,26025.0,26225.0,21188.1875,2048100
2024-08-15,26225.0,26300.0,26075.0,26200.0,21167.98828125,916500
2024-08-16,26300.0,26700.0,26300.0,26425.0,21349.775390625,1122000
2024-08-19,26450.0,26525.0,26200.0,26475.0,21390.173828125,792200
2024-08-20,26475.0,26550.0,26375.0,26400.0,21329.578125,800000
2024-08-21,26450.0,26800.0,26400.0,26675.0,21551.76171875,859100
2024-08-22,26575.0,26825.0,26300.0,26725.0,21592.15625,1942500
2024-08-23,26725.0,27075.0,26625.0,26675.0,21551.76171875,1979500
2024-08-26,26675.0,27075.0,26675.0,27000.0,21814.341796875,1913400
2024-08-27,27150.0,27200.0,26800.0,27000.0,21814.341796875,964900
2024-08-28,27000.0,27225.0,27000.0,27225.0,21996.126953125,1236800
2024-08-29,27225.0,27750.0,27100.0,27175.0,21955.73046875,2526100
2024-08-30,27175.0,27350.0,27075.0,27225.0,21996.126953125,1453400
2024-09-02,27600.0,28125.0,27575.0,27675.0,22359.69921875,4146500
2024-09-03,27825.0,28175.0,27700.0,27800.0,22460.69140625,2851500
2024-09-04,27700.0,27925.0,27475.0,27500.0,22218.30859375,2729700
2024-09-05,27500.0,27650.0,27125.0,27275.0,22036.5234375,2444900
2024-09-06,27300.0,27500.0,27200.0,27225.0,21996.126953125,1709600
2024-09-09,27250.0,27400.0,27100.0,27225.0,21996.126953125,3133800
2024-09-10,26100.0,26225.0,26000.0,26100.0,22083.2734375,2918600
2024-09-11,26025.0,26100.0,25975.0,26000.0,21998.6640625,1520000
2024-09-12,26000.0,26550.0,26000.0,26375.0,22315.951171875,2487100
2024-09-13,26375.0,26375.0,26125.0,26200.0,22167.884765625,850600
2024-09-17,26200.0,26225.0,25800.0,25850.0,21871.75,2332800
2024-09-18,25975.0,26150.0,25900.0,25925.0,21935.20703125,886200
2024-09-19,25925.0,26125.0,25900.0,26000.0,21998.6640625,1246700
2024-09-20,26000.0,26075.0,25850.0,25900.0,21914.0546875,1742900
2024-09-23,26000.0,26225.0,26000.0,26175.0,22146.734375,2831400
2024-09-24,26250.0,26925.0,26250.0,26900.0,22760.15625,3048500
2024-09-25,26900.0,27075.0,26500.0,26525.0,22442.869140625,2864200
2024-09-26,26600.0,26700.0,26300.0,26500.0,22421.716796875,1414900
2024-09-27,26500.0,26550.0,25850.0,26500.0,22421.716796875,2047400
2024-09-30,26500.0,26675.0,26050.0,26475.0,22400.5625,1689000
2024-10-01,26450.0,26450.0,26025.0,26350.0,22294.80078125,1321400
2024-10-02,26350.0,26350.0,26000.0,26025.0,22019.81640625,1625400
2024-10-03,26075.0,26175.0,25950.0,26100.0,22083.2734375,827100
2024-10-04,26100.0,26150.0,25950.0,25975.0,21977.513671875,704700
2024-10-07,26400.0,26650.0,26150.0,26325.0,22273.6484375,1790500
2024-10-08,26400.0,26550.0,26050.0,26050.0,22040.96875,1439500
2024-10-09,26050.0,26050.0,25900.0,26050.0,22040.96875,1072300
2024-10-10,26050.0,26125.0,25850.0,26025.0,22019.81640625,857400
2024-10-11,26125.0,26125.0,25925.0,25925.0,21935.20703125,665000
2024-10-14,25975.0,26000.0,25850.0,25950.0,21956.359375,573800
2024-10-15,25950.0,26300.0,25875.0,26150.0,22125.58203125,1248300
2024-10-16,26325.0,26325.0,25850.0,25850.0,21871.75,2334900
2024-10-17,25900.0,26125.0,25900.0,25950.0,21956.359375,838300
2024-10-18,25950.0,26050.0,25925.0,25925.0,21935.20703125,508600
2024-10-21,26000.0,26000.0,25875.0,25875.0,21892.90234375,671700
2024-10-22,25900.0,25925.0,25850.0,25925.0,21935.20703125,871200
2024-10-23,25925.0,25925.0,25650.0,25675.0,21723.681640625,1536100
2024-10-24,25700.0,25800.0,25675.0,25675.0,21723.681640625,517400
2024-10-25,25700.0,25700.0,25500.0,25525.0,21596.763671875,1081200
2024-10-28,25500.0,25550.0,25200.0,25525.0,21596.763671875,1217000
2024-10-29,25525.0,25525.0,25275.0,25450.0,21533.30859375,532400
2024-10-30,25450.0,25450.0,25000.0,25150.0,21279.4765625,1243800
2024-10-31,25150.0,25475.0,25075.0,25075.0,21216.01953125,2220200
2024-11-01,25075.0,25500.0,25075.0,25500.0,21575.61328125,1298000
2024-11-04,25500.0,25500.0,25100.0,25125.0,21258.326171875,622400
2024-11-05,25150.0,25425.0,25150.0,25375.0,21469.8515625,770500
2024-11-06,25500.0,25500.0,25125.0,25250.0,21364.087890625,1119800
2024-11-07,25250.0,25425.0,25025.0,25425.0,21512.154296875,916900
2024-11-08,25425.0,25475.0,25225.0,25250.0,21364.087890625,830500
2024-11-11,25200.0,25400.0,25125.0,25150.0,21279.4765625,773600
2024-11-12,25150.0,25850.0,25125.0,25700.0,21744.833984375,1657700
2024-11-13,26500.0,26575.0,25975.0,26200.0,22167.884765625,2726900
2024-11-14,26325.0,26400.0,26200.0,26300.0,22252.494140625,2185100
2024-11-15,26300.0,26550.0,26300.0,26500.0,22421.716796875,2175500
2024-11-18,26500.0,26975.0,26500.0,26850.0,22717.8515625,3255700
2024-11-19,26850.0,26900.0,26525.0,26800.0,22675.546875,1827600
2024-11-20,26700.0,26775.0,26600.0,26700.0,22590.935546875,1193000
2024-11-21,26700.0,27900.0,26700.0,27375.0,23162.056640625,5154500
2024-11-22,27425.0,28000.0,27425.0,27950.0,23648.56640625,4856600
2024-11-25,27950.0,27950.0,27325.0,27600.0,23352.427734375,2875200
2024-11-26,27625.0,27850.0,27400.0,27425.0,23204.359375,1507600
2024-11-28,27450.0,27500.0,27200.0,27300.0,23098.59765625,929700
2024-11-29,27300.0,27300.0,26625.0,26650.0,22548.630859375,2146000
2024-12-02,26650.0,27350.0,26650.0,26900.0,22760.15625,1315000
2024-12-03,26900.0,27225.0,26900.0,27100.0,22929.37890625,1664700
2024-12-04,27200.0,27675.0,27200.0,27500.0,23267.818359375,1310900
2024-12-05,27500.0,27600.0,27125.0,27450.0,23225.513671875,882600
2024-12-06,27450.0,27825.0,27375.0,27700.0,23437.041015625,1861800
2024-12-09,27700.0,27900.0,27500.0,27850.0,23563.953125,1043800
2024-12-10,27850.0,27900.0,27700.0,27875.0,23585.107421875,1045200
2024-12-11,27875.0,28650.0,27875.0,28200.0,23860.087890625,4022500
2024-12-12,28200.0,28375.0,27800.0,28025.0,23712.021484375,1132700
2024-12-13,28025.0,28200.0,27725.0,27850.0,23563.953125,687700
2024-12-16,27800.0,27825.0,27350.0,27750.0,23479.34375,908800
2024-12-17,27750.0,27750.0,27050.0,27250.0,23056.291015625,1186600
2024-12-18,27250.0,27475.0,26900.0,27150.0,22971.681640625,667200
2024-12-19,27075.0,27075.0,26325.0,26325.0,22273.6484375,1383000
2024-12-20,26325.0,26600.0,25500.0,25525.0,21596.763671875,1888500
2024-12-23,25625.0,25775.0,25300.0,25650.0,21702.529296875,1456000
2024-12-24,25600.0,25600.0,25300.0,25300.0,21406.39453125,981100
2024-12-27,25400.0,25950.0,25400.0,25850.0,21871.75,571200
2024-12-30,25850.0,26700.0,25600.0,26700.0,22590.935546875,1317600
2025-01-02,26525.0,26725.0,26175.0,26175.0,22146.734375,894700
2025-01-03,26175.0,26500.0,26050.0,26300.0,22252.494140625,453800
2025-01-06,26300.0,26350.0,25800.0,25800.0,21829.443359375,981400
2025-01-07,25800.0,25950.0,25575.0,25800.0,21829.443359375,526200
2025-01-08,25800.0,25825.0,25375.0,25375.0,21469.8515625,836400
2025-01-09,25425.0,25500.0,25275.0,25300.0,21406.39453125,594700
2025-01-10,25300.0,25450.0,25125.0,25275.0,21385.240234375,798900
2025-01-13,25375.0,25475.0,24975.0,25225.0,21342.935546875,1550600
2025-01-14,25700.0,25825.0,25300.0,25400.0,21491.00390625,735000
2025-01-15,25400.0,25750.0,25400.0,25750.0,21787.138671875,532800
2025-01-16,25875.0,26175.0,25750.0,26000.0,21998.6640625,676500
2025-01-17,26000.0,26150.0,25925.0,26100.0,22083.2734375,538900
2025-01-20,26150.0,26375.0,25800.0,25900.0,21914.0546875,611500
2025-01-21,26025.0,26300.0,25950.0,26125.0,22104.42578125,689600
2025-01-22,26150.0,26575.0,26125.0,26425.0,22358.2578125,1068000
2025-01-23,26425.0,26625.0,26325.0,26400.0,22337.10546875,826200
2025-01-24,26400.0,26500.0,26300.0,26325.0,22273.6484375,426400
2025-01-30,26300.0,26300.0,25800.0,25900.0,21914.0546875,683300
2025-01-31,25900.0,25900.0,25550.0,25875.0,21892.90234375,683500
2025-02-03,25875.0,26075.0,25675.0,26075.0,22062.123046875,709200
2025-02-04,26075.0,26150.0,25825.0,25875.0,21892.90234375,376800
2025-02-05,26500.0,26500.0,25850.0,26050.0,22040.96875,583900
2025-02-06,26050.0,26050.0,25300.0,25450.0,21533.30859375,925900
2025-02-07,25475.0,25975.0,25075.0,25675.0,21723.681640625,691800
2025-02-10,25825.0,25825.0,25200.0,25200.0,21321.783203125,417400
2025-02-11,25200.0,25325.0,25050.0,25075.0,21216.01953125,660800
2025-02-12,25700.0,25700.0,25025.0,25350.0,21448.697265625,619300
2025-02-13,25350.0,25425.0,25100.0,25425.0,21512.154296875,344100
2025-02-14,25375.0,25600.0,25375.0,25600.0,21660.224609375,453200
2025-02-17,25600.0,25725.0,25375.0,25725.0,21765.986328125,533100
2025-02-18,25725.0,25975.0,25675.0,25775.0,21808.291015625,352400
2025-02-19,25775.0,25975.0,25575.0,25700.0,21744.833984375,728200
2025-02-20,25700.0,25725.0,25200.0,25225.0,21342.935546875,644900
2025-02-21,25250.0,25400.0,25100.0,25275.0,21385.240234375,468400
2025-02-24,25275.0,25325.0,25100.0,25200.0,21321.783203125,379700
2025-02-25,25175.0,25250.0,24700.0,24825.0,21004.494140625,990000
2025-02-26,24775.0,25000.0,24400.0,24675.0,20877.580078125,691600
2025-02-27,24700.0,25475.0,24650.0,24825.0,21004.494140625,973900
2025-02-28,24825.0,24825.0,23600.0,23700.0,20052.62890625,2066100
2025-03-03,23725.0,24250.0,23725.0,24025.0,20327.611328125,727100
2025-03-04,24000.0,24100.0,23000.0,23075.0,19523.814453125,1785400
2025-03-05,23125.0,23425.0,23075.0,23225.0,19650.73046875,1186700
2025-03-06,23375.0,23700.0,23325.0,23500.0,19883.41015625,1027300
2025-03-07,23525.0,23775.0,23350.0,23700.0,20052.62890625,913500
2025-03-10,23800.0,23850.0,23275.0,23850.0,20179.544921875,1178200
2025-03-11,23650.0,23900.0,23100.0,23900.0,20221.849609375,1112100
2025-03-12,23725.0,23725.0,23200.0,23275.0,19693.03515625,1057100
2025-03-13,23300.0,23400.0,23025.0,23400.0,19798.798828125,1342600
2025-03-14,23250.0,23325.0,23050.0,23125.0,19566.12109375,473200
2025-03-17,23125.0,23175.0,22900.0,22925.0,19396.900390625,1119500
2025-03-18,22925.0,23100.0,22350.0,22500.0,19037.3046875,1516000
2025-03-19,22500.0,22800.0,22400.0,22650.0,19164.220703125,822100
2025-03-20,22750.0,23200.0,22725.0,22900.0,19375.748046875,586600
2025-03-21,23000.0,23100.0,22475.0,22475.0,19016.15234375,1740200
2025-03-24,22475.0,22550.0,21400.0,21875.0,18508.4921875,1593900
2025-03-25,21900.0,22475.0,21900.0,22450.0,18995.001953125,966900
2025-03-26,22500.0,23050.0,22450.0,22950.0,19418.05078125,1743400
2025-03-27,22950.0,23075.0,22750.0,22950.0,19418.05078125,1181800
2025-04-08,22000.0,22275.0,21400.0,21825.0,18466.185546875,3073300
2025-04-09,21900.0,22850.0,21850.0,22775.0,19269.982421875,3290600
2025-04-10,23300.0,23600.0,23075.0,23275.0,19693.03515625,3388300
2025-04-11,23275.0,23500.0,23150.0,23400.0,19798.798828125,1245500
2025-04-14,23700.0,24850.0,23675.0,24800.0,20983.341796875,4473900
2025-04-15,24900.0,25175.0,24625.0,24700.0,20898.732421875,4223600
2025-04-16,24725.0,25000.0,24425.0,24600.0,20814.12109375,3318400
2025-04-17,24650.0,24800.0,24500.0,24800.0,20983.341796875,5325400
2025-04-21,22600.0,22650.0,22175.0,22175.0,20629.8203125,6782300
2025-04-22,22050.0,22350.0,22025.0,22325.0,20769.3671875,2911500
2025-04-23,22450.0,22600.0,22275.0,22300.0,20746.109375,3329300
2025-04-24,22325.0,22450.0,22050.0,22050.0,20513.53125,2916400
2025-04-25,22225.0,22225.0,21950.0,22100.0,20560.046875,2714200
2025-04-28,22175.0,22300.0,22000.0,22075.0,20536.7890625,1644000
2025-04-29,22100.0,22150.0,22000.0,22050.0,20513.53125,1698900
2025-04-30,22100.0,22100.0,21950.0,22000.0,20467.013671875,1870400
2025-05-02,22000.0,22000.0,21875.0,21950.0,20420.498046875,1423800
2025-05-05,21975.0,22050.0,21900.0,22050.0,20513.53125,1268000
2025-05-06,22050.0,22300.0,22050.0,22275.0,20722.8515625,2018600
2025-05-07,22325.0,22450.0,22300.0,22350.0,20792.625,2375000
2025-05-08,22400.0,22500.0,22050.0,22125.0,20583.3046875,1592200
2025-05-09,22125.0,22150.0,22050.0,22100.0,20560.046875,638400
2025-05-14,22250.0,22500.0,22250.0,22475.0,20908.916015625,2269500
2025-05-15,22500.0,22625.0,22300.0,22450.0,20885.658203125,1764100
2025-05-16,22625.0,22750.0,22400.0,22600.0,21025.20703125,2323600
2025-05-19,22600.0,23000.0,22600.0,22800.0,21211.26953125,2527500
2025-05-20,22850.0,22900.0,22300.0,22325.0,20769.3671875,2735800
2025-05-21,22325.0,22625.0,22325.0,22550.0,20978.69140625,1890000
2025-05-22,22550.0,22650.0,22425.0,22650.0,21071.72265625,1369400
2025-05-23,22575.0,22575.0,22500.0,22500.0,20932.17578125,615400
2025-05-26,22500.0,22650.0,22250.0,22400.0,20839.140625,1469500
2025-05-27,22400.0,22550.0,22400.0,22525.0,20955.43359375,876900
2025-05-28,22525.0,22600.0,22500.0,22575.0,21001.94921875,2043900
2025-06-02,22575.0,22600.0,22025.0,22225.0,20676.3359375,2012500
2025-06-03,22350.0,22375.0,22100.0,22200.0,20653.078125,1445200
2025-06-04,22200.0,22350.0,22175.0,22300.0,20746.109375,970400
2025-06-05,22300.0,22400.0,22175.0,22200.0,20653.078125,1457000
2025-06-10,22200.0,22450.0,22150.0,22450.0,20885.658203125,1808000
2025-06-11,22450.0,22650.0,22425.0,22600.0,21025.20703125,1067200
2025-06-12,22600.0,22850.0,22600.0,22675.0,21094.98046875,1083600
2025-06-13,22700.0,22950.0,22675.0,22950.0,21350.818359375,1663400
2025-06-16,22975.0,24050.0,22975.0,23600.0,21955.525390625,4774000
2025-06-17,23600.0,23775.0,23250.0,23425.0,21792.71875,2106500
2025-06-18,23425.0,23725.0,23425.0,23575.0,21932.265625,1233000
2025-06-19,23575.0,23575.0,22600.0,22775.0,21188.01171875,3290300
2025-06-20,22775.0,22800.0,22375.0,22375.0,20815.8828125,6660000
2025-06-23,22375.0,22600.0,22125.0,22325.0,20769.3671875,2240200
2025-06-24,22350.0,22500.0,22200.0,22200.0,20653.078125,2644700
2025-06-25,22450.0,22450.0,22100.0,22100.0,20560.046875,1607900
2025-06-26,22100.0,22125.0,22000.0,22025.0,20490.271484375,1949200
2025-06-30,22125.0,22175.0,22000.0,22000.0,20467.013671875,1986500
2025-07-01,22125.0,22175.0,22000.0,22075.0,20536.7890625,1262900
2025-07-02,22075.0,22350.0,22075.0,22275.0,20722.8515625,1375700
2025-07-03,22300.0,22325.0,22075.0,22075.0,20536.7890625,1454600
2025-07-04,22100.0,22200.0,22050.0,22100.0,20560.046875,998800
2025-07-07,22100.0,22125.0,22025.0,22100.0,20560.046875,543200
2025-07-08,22100.0,22100.0,22025.0,22025.0,20490.271484375,1107200
2025-07-09,22050.0,22150.0,22025.0,22050.0,20513.53125,897700
2025-07-10,22100.0,22325.0,22100.0,22275.0,20722.8515625,1024900
2025-07-11,22325.0,22675.0,22325.0,22500.0,20932.17578125,1142000
2025-07-14,22525.0,22650.0,22450.0,22450.0,20885.658203125,1112400
2025-07-15,22450.0,22525.0,22350.0,22400.0,20839.140625,846100
2025-07-16,22425.0,22550.0,22425.0,22475.0,20908.916015625,694900
2025-07-17,22475.0,22525.0,22400.0,22450.0,20885.658203125,614100
2025-07-18,22450.0,22550.0,22400.0,22525.0,20955.43359375,1068900
2025-07-21,22525.0,22900.0,22525.0,22550.0,20978.69140625,1393600
2025-07-22,22600.0,22850.0,22575.0,22800.0,21211.26953125,2102800
2025-07-23,22975.0,23075.0,22725.0,22925.0,21327.560546875,1586300
2025-07-24,22950.0,23200.0,22925.0,23100.0,21490.365234375,1649700
2025-07-25,23125.0,23300.0,22950.0,22950.0,21350.818359375,1610900
2025-07-28,23000.0,23300.0,22975.0,23250.0,21629.9140625,1455200
2025-07-29,23300.0,23375.0,23100.0,23225.0,21606.65625,1126400
2025-07-30,23300.0,23675.0,23250.0,23450.0,21815.9765625,2376600
2025-07-31,23450.0,23475.0,22700.0,23000.0,21397.333984375,2701500
2025-08-01,22925.0,23350.0,22750.0,22925.0,21327.560546875,1632900
2025-08-04,23075.0,23175.0,22850.0,23100.0,21490.365234375,1102700
2025-08-05,23100.0,23125.0,22950.0,23025.0,21420.591796875,1064100
2025-08-06,23025.0,23150.0,22975.0,23075.0,21467.107421875,1150600
2025-08-07,23100.0,23175.0,23050.0,23125.0,21513.623046875,885300
2025-08-08,23200.0,23425.0,23125.0,23350.0,21722.9453125,1786400
2025-08-11,23350.0,23775.0,23350.0,23700.0,22048.556640625,2788200
2025-08-12,23025.0,23025.0,22400.0,22550.0,20978.69140625,7191100
2025-08-13,22550.0,22600.0,22400.0,22475.0,20908.916015625,2367200
2025-08-14,22475.0,22500.0,22400.0,22400.0,20839.140625,1698600
2025-08-15,22400.0,22475.0,22250.0,22250.0,20699.59375,2124100
2025-08-19,22275.0,22275.0,22050.0,22050.0,20513.53125,3385300
2025-08-20,22275.0,22350.0,22100.0,22275.0,20722.8515625,1804800
2025-08-21,22350.0,22375.0,22100.0,22275.0,20722.8515625,1485900
2025-08-22,22350.0,22350.0,22225.0,22300.0,20746.109375,1067500
2025-08-25,22325.0,22525.0,22325.0,22400.0,20839.140625,1821700
2025-08-26,22400.0,22525.0,22375.0,22375.0,20815.8828125,1590500
2025-08-27,22400.0,22500.0,22325.0,22400.0,20839.140625,1218300
2025-08-28,22400.0,22475.0,22400.0,22425.0,20862.3984375,667000
2025-08-29,22400.0,22400.0,22125.0,22125.0,20583.3046875,2852800
2025-09-01,22000.0,22275.0,21900.0,22200.0,20653.078125,2715700
2025-09-02,22200.0,22475.0,22200.0,22350.0,20792.625,995100
2025-09-03,22350.0,22475.0,22275.0,22275.0,20722.8515625,1490800
2025-09-04,22275.0,22375.0,22275.0,22350.0,20792.625,1016800
2025-09-08,22350.0,22450.0,22250.0,22275.0,20722.8515625,1626400
2025-09-09,22225.0,22300.0,22075.0,22250.0,20699.59375,1474200
2025-09-10,22325.0,22375.0,22175.0,22200.0,20653.078125,943900
2025-09-11,22325.0,22450.0,22325.0,22325.0,20769.3671875,1168400
2025-09-12,22250.0,22400.0,22250.0,22325.0,20769.3671875,704500
2025-09-15,22325.0,22475.0,22325.0,22450.0,20885.658203125,746900
2025-09-16,22450.0,22550.0,22350.0,22350.0,20792.625,780100
2025-09-17,22375.0,22575.0,22375.0,22575.0,21001.94921875,1065700
2025-09-18,22575.0,23050.0,22425.0,22675.0,21094.98046875,1829600
2025-09-19,22750.0,23200.0,22750.0,23100.0,21490.365234375,2706500
2025-09-22,23100.0,23200.0,22850.0,23100.0,21490.365234375,1827400
2025-09-23,23100.0,23100.0,22700.0,22975.0,21374.076171875,1347400
2025-09-24,22975.0,23000.0,22825.0,22825.0,21234.529296875,1174200
2025-09-25,22825.0,22950.0,22650.0,22675.0,21094.98046875,1643000
2025-09-26,22675.0,22800.0,22675.0,22750.0,21164.75390625,659900
2025-09-29,22750.0,22900.0,22675.0,22825.0,21234.529296875,1026300
2025-09-30,22825.0,22900.0,22800.0,22875.0,21281.044921875,1041000
2025-10-01,22900.0,22900.0,22500.0,22525.0,20955.43359375,1151000
2025-10-02,22525.0,22625.0,22525.0,22600.0,21025.20703125,733300
2025-10-03,22575.0,22700.0,22525.0,22700.0,21118.23828125,957000
2025-10-06,22700.0,22700.0,22475.0,22500.0,20932.17578125,1053700
2025-10-07,22500.0,22550.0,22300.0,22425.0,20862.3984375,1495400
2025-10-08,22425.0,22425.0,22125.0,22150.0,20606.5625,1512100
2025-10-09,22350.0,22575.0,22325.0,22450.0,20885.658203125,1177100
2025-10-10,22500.0,22775.0,22450.0,22775.0,21188.01171875,990600
2025-10-13,22525.0,22650.0,22475.0,22600.0,21025.20703125,835100
2025-10-14,22625.0,22625.0,22175.0,22300.0,20746.109375,1398000
2025-10-15,22300.0,22375.0,22000.0,22000.0,20467.013671875,2147300
2025-10-16,22250.0,22425.0,22125.0,22375.0,20815.8828125,950000
2025-10-17,22350.0,22350.0,22100.0,22225.0,20676.3359375,1146100
2025-10-20,22225.0,22450.0,22200.0,22450.0,20885.658203125,525700
2025-10-21,22450.0,22650.0,22450.0,22550.0,20978.69140625,1169100
2025-10-22,22600.0,22650.0,22500.0,22550.0,20978.69140625,485200
2025-10-23,22600.0,22700.0,22550.0,22675.0,21094.98046875,544300
2025-10-24,22700.0,22900.0,22700.0,22700.0,21118.23828125,1350400
2025-10-27,22700.0,22875.0,22575.0,22725.0,21141.49609375,974600
2025-10-28,22800.0,23000.0,22775.0,22800.0,21211.26953125,849900
2025-10-29,22800.0,22975.0,22750.0,22975.0,21374.076171875,749300
2025-10-30,22975.0,23600.0,22925.0,23500.0,21862.4921875,3069600
2025-10-31,23500.0,23725.0,23500.0,23500.0,21862.4921875,1861800
2025-11-03,23400.0,23400.0,23000.0,23025.0,21420.591796875,2336300
2025-11-04,23025.0,23375.0,23025.0,23200.0,21583.3984375,1140500
2025-11-05,23200.0,23650.0,23200.0,23600.0,21955.525390625,2653100
2025-11-06,23600.0,23675.0,23350.0,23400.0,21769.4609375,1837100
2025-11-07,23400.0,23425.0,23300.0,23400.0,21769.4609375,1131000
2025-11-10,23400.0,23425.0,23325.0,23350.0,21722.9453125,1717800
2025-11-11,23350.0,23350.0,23025.0,23200.0,21583.3984375,2277900
2025-11-12,23200.0,23250.0,23100.0,23100.0,21490.365234375,2294900
2025-11-13,22700.0,22725.0,22525.0,22650.0,21767.138671875,1830600
2025-11-14,22600.0,22600.0,22425.0,22425.0,21550.91015625,1536000
2025-11-17,22425.0,22425.0,22275.0,22400.0,21526.884765625,1226000
2025-11-18,22350.0,22375.0,22100.0,22100.0,21238.578125,1814200
2025-11-19,22250.0,22250.0,22125.0,22150.0,21286.62890625,813500
2025-11-20,22200.0,22200.0,22100.0,22100.0,21238.578125,1125900
2025-11-21,22100.0,22175.0,22050.0,22125.0,21262.603515625,1232000
2025-11-24,22375.0,22375.0,22125.0,22250.0,21382.73046875,1224000
2025-11-25,22250.0,22275.0,22100.0,22100.0,21238.578125,788400
2025-11-26,22150.0,22150.0,22050.0,22050.0,21190.525390625,1313400
2025-11-27,22150.0,22150.0,22000.0,22000.0,21142.474609375,1687100
2025-11-28,22000.0,22050.0,21900.0,22050.0,21190.525390625,1670100
2025-12-01,22025.0,22025.0,21900.0,21900.0,21046.373046875,1358600
2025-12-02,21900.0,22000.0,21900.0,22000.0,21142.474609375,946200
2025-12-03,22000.0,22100.0,21925.0,21975.0,21118.44921875,842300
2025-12-04,22025.0,22025.0,21925.0,21950.0,21094.423828125,635100
2025-12-05,21950.0,22100.0,21950.0,22000.0,21142.474609375,777400
2025-12-08,22100.0,22100.0,21975.0,22000.0,21142.474609375,635500
2025-12-09,22000.0,22000.0,21900.0,21925.0,21070.3984375,1115400
2025-12-10,21925.0,21950.0,21875.0,21900.0,21046.373046875,1498600
2025-12-11,21900.0,21925.0,21750.0,21750.0,20902.220703125,1457600
2025-12-12,21750.0,21850.0,21675.0,21725.0,20878.193359375,993400
2025-12-15,21750.0,21750.0,21550.0,21550.0,20710.015625,1307900
2025-12-16,21550.0,21575.0,21150.0,21150.0,20325.607421875,3723300
2025-12-17,21150.0,21500.0,21125.0,21400.0,20565.861328125,1254600
2025-12-18,21500.0,21500.0,21250.0,21325.0,20493.78515625,1272100
2025-12-19,21325.0,21575.0,21250.0,21575.0,20734.041015625,722000
2025-12-22,21575.0,21575.0,21375.0,21550.0,20710.015625,877100
2025-12-23,21500.0,21900.0,21500.0,21875.0,21022.34765625,1149700
2025-12-24,21875.0,22000.0,21850.0,22000.0,21142.474609375,826300
2025-12-29,21975.0,22000.0,21650.0,21975.0,21118.44921875,944000
2025-12-30,21975.0,21975.0,21800.0,21875.0,21022.34765625,943700
2026-01-02,21875.0,22075.0,21875.0,22025.0,21166.5,797600
2026-01-05,22025.0,22075.0,21900.0,21925.0,21070.3984375,1043500
2026-01-06,22000.0,22025.0,21825.0,21975.0,21118.44921875,1571900
2026-01-07,21975.0,22025.0,21875.0,22025.0,21166.5,1680800
2026-01-08,22025.0,22075.0,21925.0,22000.0,21142.474609375,1190400
2026-01-09,22000.0,22025.0,21825.0,21925.0,21070.3984375,1625600
2026-01-12,21925.0,21925.0,21800.0,21850.0,20998.322265625,1332200
2026-01-13,21850.0,22050.0,21725.0,22000.0,21142.474609375,1602000
2026-01-14,22100.0,22400.0,22075.0,22150.0,21286.62890625,2009000
2026-01-15,22150.0,22350.0,22150.0,22275.0,21406.755859375,803300
2026-01-19,22300.0,22350.0,22125.0,22325.0,21454.806640625,1009000
2026-01-20,22300.0,22425.0,22225.0,22400.0,21526.884765625,941900
2026-01-21,22375.0,22400.0,22150.0,22300.0,21430.78125,1294000
2026-01-22,22300.0,22775.0,22300.0,22725.0,21839.216796875,2256000
2026-01-23,22750.0,22750.0,22375.0,22500.0,21622.986328125,1206900
2026-01-26,22525.0,22750.0,22500.0,22650.0,21767.138671875,1094400
2026-01-27,22675.0,22675.0,22200.0,22200.0,21334.6796875,1591800
2026-01-28,22150.0,22500.0,21600.0,21925.0,21070.3984375,3444700
2026-01-29,21950.0,22275.0,20900.0,22200.0,21334.6796875,4205400
2026-01-30,22300.0,22325.0,21825.0,21950.0,21094.423828125,1885300
2026-02-02,21975.0,22200.0,21725.0,21900.0,21046.373046875,2255200
2026-02-03,22050.0,22125.0,21825.0,22025.0,21166.5,1327000
2026-02-04,22050.0,22200.0,22025.0,22050.0,21190.525390625,1017500
2026-02-05,22100.0,22200.0,22050.0,22125.0,21262.603515625,970400
2026-02-06,22075.0,22075.0,21800.0,21950.0,21094.423828125,2329700
2026-02-09,22000.0,22050.0,21825.0,22025.0,21166.5,961300
2026-02-10,22025.0,22100.0,21950.0,22100.0,21238.578125,1029900
2026-02-11,22100.0,22300.0,22000.0,22250.0,21382.73046875,1043600
2026-02-12,22250.0,22300.0,22025.0,22025.0,21166.5,970000
2026-02-13,22050.0,22250.0,22025.0,22200.0,21334.6796875,695400
2026-02-18,22300.0,22350.0,22250.0,22350.0,21478.83203125,886700
2026-02-19,22375.0,22675.0,22375.0,22600.0,21719.087890625,1383000
2026-02-20,22700.0,22750.0,22425.0,22475.0,21598.9609375,1528100
2026-02-23,22500.0,22650.0,22500.0,22625.0,21743.11328125,721300
2026-02-24,22600.0,22650.0,22500.0,22650.0,21767.138671875,1149100
2026-02-25,22650.0,22650.0,22500.0,22575.0,21695.0625,1005600
2026-02-26,22550.0,22675.0,22325.0,22450.0,21574.935546875,1855500
2026-02-27,22450.0,22775.0,22250.0,22775.0,21887.267578125,1892300
2026-03-02,22775.0,23500.0,22725.0,23500.0,22584.0078125,5014000
2026-03-03,24025.0,25000.0,23725.0,25000.0,24025.541015625,8806300
2026-03-04,25100.0,25875.0,24450.0,25000.0,24025.541015625,11958000
2026-03-05,24900.0,25975.0,24650.0,25975.0,24962.53515625,6643300
2026-03-06,26100.0,27175.0,25750.0,26975.0,25923.55859375,8683800
2026-03-09,27000.0,28300.0,26575.0,28300.0,27196.912109375,13040800
2026-03-10,27800.0,28150.0,27000.0,28025.0,26932.630859375,8255200
2026-03-11,27200.0,27750.0,26000.0,26250.0,25226.81640625,6949700
2026-03-12,26550.0,27775.0,26550.0,27725.0,26644.32421875,7123500
2026-03-13,27700.0,28000.0,27325.0,27725.0,26644.32421875,4222200
2026-03-16,27625.0,27875.0,27000.0,27825.0,26740.42578125,4073900
2026-03-17,27750.0,28100.0,27525.0,28000.0,26908.60546875,6875400
2026-03-25,28000.0,30150.0,27950.0,30050.0,28878.69921875,9429900
2026-03-26,30050.0,30700.0,29250.0,29500.0,28350.13671875,5321200
2026-03-27,29650.0,29725.0,28325.0,28825.0,27701.447265625,4104500
2026-03-30,29500.0,30300.0,29400.0,30075.0,28902.724609375,6757500
2026-03-31,30200.0,30250.0,29100.0,29725.0,28566.3671875,4610000
2026-04-01,29150.0,29400.0,27650.0,27775.0,26692.375,7678700
2026-04-02,27500.0,28200.0,27050.0,27325.0,26259.916015625,7979300
2026-04-06,27900.0,27900.0,26600.0,26650.0,25611.2265625,3313300
2026-04-07,27300.0,27300.0,26150.0,26650.0,25611.2265625,2692200
2026-04-08,26100.0,26450.0,25025.0,26175.0,25154.740234375,5005100
2026-04-09,26250.0,27175.0,26250.0,27125.0,26067.7109375,4225300
2026-04-10,27125.0,27150.0,26775.0,27000.0,25947.583984375,1683900
2026-04-13,27250.0,27500.0,26650.0,26650.0,25611.2265625,3088700
2026-04-14,26950.0,27375.0,26675.0,27250.0,26187.837890625,1980700
2026-04-15,27250.0,27700.0,27100.0,27425.0,26356.017578125,2475400
2026-04-16,27600.0,27600.0,26800.0,26825.0,25779.404296875,3156200
2026-04-17,26825.0,27175.0,26500.0,26575.0,25539.1484375,2272800
2026-04-20,26550.0,26550.0,25850.0,26075.0,25058.638671875,3747600
2026-04-21,26075.0,26550.0,25775.0,26250.0,25226.81640625,2223100
2026-04-22,26450.0,27150.0,26425.0,26800.0,25755.37890625,1726600
2026-04-23,27000.0,27050.0,26575.0,26750.0,25707.328125,1484900
2026-04-24,26800.0,26850.0,26325.0,26400.0,25370.970703125,2039600
2026-04-27,26450.0,26525.0,25350.0,25450.0,24458.0,3652200
2026-04-28,24900.0,25600.0,24600.0,25475.0,25475.0,2374700
2026-04-29,25475.0,26225.0,25475.0,26200.0,26200.0,2182700
2026-04-30,26175.0,26675.0,25650.0,26650.0,26650.0,3761700
2026-05-04,26650.0,26800.0,26325.0,26800.0,26800.0,2025800
2026-05-05,27000.0,27050.0,26800.0,26850.0,26850.0,2074600
2026-05-06,26850.0,26875.0,25925.0,26175.0,26175.0,1875300
2026-05-07,26100.0,26250.0,25450.0,25500.0,25500.0,1914500
2026-05-08,25500.0,25750.0,24000.0,24300.0,24300.0,2500300
2026-05-11,24300.0,24775.0,23425.0,24150.0,24150.0,2203400
2026-05-12,24150.0,24350.0,23425.0,24100.0,24100.0,1211500
2026-05-13,24075.0,24075.0,23550.0,23950.0,23950.0,837200
2026-05-14,23950.0,23950.0,23950.0,23950.0,23950.0,0
2026-05-15,23950.0,23950.0,23950.0,23950.0,23950.0,0
2026-05-18,23950.0,24950.0,23700.0,24950.0,24950.0,2486900
2026-05-19,24950.0,25000.0,22975.0,23225.0,23225.0,3354300
2026-05-20,23000.0,23525.0,22625.0,23525.0,23525.0,2610100
2026-05-21,23275.0,23525.0,22175.0,22325.0,22325.0,2544700
2026-05-22,22325.0,23225.0,22000.0,23175.0,23175.0,2403800
2026-05-25,23150.0,23175.0,22500.0,22525.0,22525.0,1065200
2026-05-26,22550.0,23125.0,22550.0,22725.0,22725.0,1265200
2026-05-27,22725.0,22725.0,22725.0,22725.0,22725.0,0
2026-05-28,22725.0,22725.0,22725.0,22725.0,22725.0,0
2026-05-29,22700.0,22950.0,22100.0,22100.0,22100.0,2677500
2026-06-02,22500.0,22600.0,21800.0,22000.0,22000.0,6760300
2026-06-03,22025.0,22225.0,21750.0,22075.0,22075.0,2687200
2026-06-04,22075.0,22200.0,21500.0,22075.0,22075.0,3266900
2026-06-05,22025.0,22025.0,21675.0,21900.0,21900.0,3580500
2026-06-08,21850.0,21950.0,21400.0,21875.0,21875.0,3400200
2026-06-09,21875.0,22400.0,21350.0,21800.0,21800.0,6614100
2026-06-10,21900.0,22275.0,21800.0,22000.0,22000.0,5830400
2026-06-11,22125.0,22900.0,21850.0,22350.0,22350.0,7003700
2026-06-12,22375.0,23775.0,22375.0,23475.0,23475.0,2791300
2026-06-15,23950.0,24200.0,23150.0,23375.0,23375.0,7083900
2026-06-17,23475.0,23600.0,22500.0,22550.0,22550.0,1753700
2026-06-18,22750.0,22975.0,22200.0,22250.0,22250.0,1023200
2026-06-19,22300.0,22525.0,22200.0,22225.0,22225.0,1495000
2026-06-22,22300.0,22800.0,22225.0,22550.0,22550.0,914100
2026-06-23,22575.0,22600.0,22200.0,22350.0,22350.0,1212800
2026-06-24,22575.0,22575.0,21950.0,21975.0,21975.0,1884300
2026-06-25,21975.0,22025.0,21700.0,21900.0,21900.0,2290700
2026-06-26,22000.0,22175.0,21925.0,22050.0,22050.0,828500
2026-06-29,22075.0,22350.0,21925.0,22100.0,22100.0,597100
2026-06-30,22100.0,22150.0,21825.0,22025.0,22025.0,1257600
2026-07-01,22025.0,22450.0,21950.0,22350.0,22350.0,1271500
2026-07-02,22350.0,22675.0,22200.0,22475.0,22475.0,1259500
2026-07-03,22475.0,22700.0,22450.0,22525.0,22525.0,718100
2026-07-06,22600.0,22975.0,22500.0,22625.0,22625.0,561100
2026-07-07,22775.0,22775.0,22375.0,22750.0,22750.0,454300
2026-07-08,22750.0,22900.0,22400.0,22875.0,22875.0,799800
2026-07-09,22875.0,23100.0,22725.0,23000.0,23000.0,968200
2026-07-10,23100.0,23450.0,23050.0,23300.0,23300.0,829000
2026-07-13,23300.0,23925.0,22950.0,23925.0,23925.0,1218000
2026-07-14,23975.0,24175.0,23900.0,24000.0,24000.0,1560400
2026-07-15,24025.0,24100.0,23850.0,24025.0,24025.0,757100
2026-07-16,24025.0,24075.0,23700.0,23825.0,23825.0,1228300
2026-07-17,23875.0,24050.0,23600.0,23850.0,23850.0,2118500
2026-07-20,23900.0,24600.0,23900.0,24325.0,24325.0,1425800
2026-07-21,24575.0,24775.0,24100.0,24175.0,24175.0,1360800
2026-07-22,24175.0,24500.0,24175.0,24275.0,24275.0,1087800
2026-07-23,24325.0,24450.0,24250.0,24400.0,24400.0,895900
2026-07-24,24400.0,24700.0,24325.0,24500.0,24500.0,1324600
2026-07-27,24500.0,24650.0,24350.0,24350.0,24350.0,985700
2026-07-28,24425.0,24575.0,24175.0,24225.0,24225.0,988600
2026-07-29,24225.0,24675.0,24175.0,24450.0,24450.0,937400
2026-07-30,24475.0,25000.0,24300.0,24800.0,24800.0,2895000
2026-07-31,24875.0,24900.0,24575.0,24575.0,24575.0,1422600
2026-08-03,24600.0,24850.0,24300.0,24625.0,24625.0,1332900
2026-08-04,24600.0,24825.0,24500.0,24825.0,24825.0,644700
2026-08-05,24825.0,24850.0,24600.0,24700.0,24700.0,819900
2026-08-06,24700.0,24875.0,24600.0,24700.0,24700.0,1157600
2026-08-07,24700.0,25150.0,24650.0,25125.0,25125.0,1191200
2026-08-10,25125.0,25150.0,24900.0,24900.0,24900.0,697800
2026-08-11,24850.0,24875.0,24500.0,24675.0,24675.0,1752600
2026-08-12,24675.0,24775.0,24400.0,24750.0,24750.0,1090100
2026-08-13,24750.0,24750.0,24300.0,24425.0,24425.0,1477600
2026-08-14,24425.0,25075.0,24200.0,25000.0,25000.0,1540400
2026-08-18,25000.0,25125.0,24650.0,24750.0,24750.0,2189200
2026-08-19,24750.0,25275.0,24700.0,25000.0,25000.0,1466300
2026-08-20,25075.0,25400.0,24925.0,25400.0,25400.0,1544000
2026-08-21,25450.0,25500.0,25200.0,25200.0,25200.0,1103800
2026-08-24,25225.0,25550.0,25000.0,25400.0,25400.0,1220400
2026-08-25,25400.0,25400.0,25400.0,25400.0,25400.0,0
2026-08-26,25400.0,25550.0,25100.0,25100.0,25100.0,2132500
2026-08-27,25100.0,25675.0,25100.0,25550.0,25550.0,1959800
2026-08-28,25550.0,25950.0,25500.0,25650.0,25650.0,1557900
2026-08-31,25700.0,26050.0,25650.0,26050.0,26050.0,2525900
2026-09-01,26150.0,26225.0,25850.0,26000.0,26000.0,2048900
2026-09-02,26050.0,26775.0,26025.0,26100.0,26100.0,2217400
2026-09-03,26125.0,26550.0,26050.0,26150.0,26150.0,1458100
2026-09-04,26175.0,26475.0,26025.0,26100.0,26100.0,920300
2026-09-07,26100.0,26725.0,26100.0,26525.0,26525.0,1487400
2026-09-08,26575.0,26925.0,26400.0,26750.0,26750.0,1324400
2026-09-09,26750.0,26800.0,26225.0,26550.0,26550.0,1872500
2026-09-10,26550.0,26950.0,26100.0,26100.0,26100.0,1755400
2026-09-11,26300.0,26500.0,26100.0,26100.0,26100.0,1291300
2026-09-14,26175.0,26300.0,26025.0,26150.0,26150.0,1773600
2026-09-15,26350.0,26375.0,26125.0,26175.0,26175.0,1177100
2026-09-16,26175.0,26525.0,25800.0,26225.0,26225.0,1982500
2026-09-17,26225.0,26500.0,26150.0,26500.0,26500.0,1179500
2026-09-18,26500.0,26700.0,26325.0,26700.0,26700.0,2297900
2026-09-21,26700.0,26700.0,26125.0,26125.0,26125.0,915600
2026-09-22,26125.0,26175.0,25000.0,25300.0,25300.0,1562500
