Date,Adj Close,Close,High,Low,Open,Volume
2016-09-22,930.5800170898438,930.5800170898438,936.2000122070312,928.010009765625,931.3400268554688,2441600000
2016-09-23,933.3699951171875,933.3699951171875,933.3699951171875,924.530029296875,929.4299926757812,2448100000
2016-09-26,924.8499755859375,924.8499755859375,930.0800170898438,921.1099853515625,929.9099731445312,2026500000
2016-09-27,940.6400146484375,940.6400146484375,940.6400146484375,911.0900268554688,920.9299926757812,2869600000
2016-09-28,939.8599853515625,939.8599853515625,942.1500244140625,931.0700073242188,933.3699951171875,2876800000
2016-09-29,939.6900024414062,939.6900024414062,948.739990234375,939.6900024414062,944.260009765625,3217500000
2016-09-30,922.2000122070312,922.2000122070312,941.1099853515625,922.2000122070312,934.760009765625,2971300000
2016-10-03,943.8200073242188,943.8200073242188,943.8200073242188,932.0399780273438,932.0399780273438,2383400000
2016-10-04,946.530029296875,946.530029296875,947.7899780273438,942.780029296875,946.77001953125,2542500000
2016-10-05,935.6099853515625,935.6099853515625,943.77001953125,931.6199951171875,942.9199829101562,3092700000
2016-10-06,933.75,933.75,941.4000244140625,930.22998046875,937.5800170898438,3254600000
2016-10-07,924.8200073242188,924.8200073242188,933.22998046875,922.3400268554688,932.3699951171875,2368500000
2016-10-10,919.3699951171875,919.3699951171875,928.4400024414062,917.6599731445312,923.27001953125,2062500000
2016-10-11,924.6400146484375,924.6400146484375,924.7100219726562,916.1599731445312,922.3599853515625,2963400000
2016-10-12,920.2000122070312,920.2000122070312,924.4299926757812,917.2100219726562,920.1900024414062,2938200000
2016-10-13,917.27001953125,917.27001953125,924.6099853515625,916.1300048828125,921.1099853515625,2718700000
2016-10-14,931.4299926757812,931.4299926757812,933.1799926757812,914.8099975585938,916.8499755859375,3282600000
2016-10-17,933.25,933.25,935.6400146484375,927.5900268554688,929.1799926757812,2694000000
2016-10-18,936.5999755859375,936.5999755859375,940.9099731445312,936.4099731445312,936.8699951171875,2951900000
2016-10-19,931.27001953125,931.27001953125,939.280029296875,930.0,938.1699829101562,3236100000
2016-10-20,929.8200073242188,929.8200073242188,934.0800170898438,928.6400146484375,931.4000244140625,3318200000
2016-10-21,930.4600219726562,930.4600219726562,932.1799926757812,927.9299926757812,930.7100219726562,2737300000
2016-10-24,929.9299926757812,929.9299926757812,934.739990234375,929.9299926757812,932.030029296875,2670300000
2016-10-25,924.8699951171875,924.8699951171875,932.8499755859375,924.8699951171875,931.219970703125,2000800000
2016-10-26,922.6900024414062,922.6900024414062,925.0499877929688,920.7899780273438,922.3200073242188,2155400000
2016-10-27,927.530029296875,927.530029296875,927.9500122070312,923.510009765625,924.2100219726562,2765800000
2016-10-28,926.4199829101562,926.4199829101562,929.469970703125,925.1900024414062,926.9400024414062,2625300000
2016-10-31,927.0999755859375,927.0999755859375,930.1699829101562,924.8800048828125,927.260009765625,2236900000
2016-11-01,925.5700073242188,925.5700073242188,930.5,925.5700073242188,929.1699829101562,2391000000
2016-11-02,924.8200073242188,924.8200073242188,927.5599975585938,922.1500244140625,925.3200073242188,2741100000
2016-11-03,907.3400268554688,907.3400268554688,923.219970703125,907.3400268554688,922.4099731445312,2853500000
2016-11-04,913.4600219726562,913.4600219726562,913.4600219726562,901.2100219726562,902.6199951171875,2580400000
2016-11-07,917.4199829101562,917.4199829101562,920.3200073242188,907.719970703125,913.0399780273438,2457100000
2016-11-08,934.8499755859375,934.8499755859375,936.4400024414062,922.3099975585938,922.760009765625,2942400000
2016-11-09,921.4500122070312,921.4500122070312,939.2899780273438,909.3800048828125,936.7100219726562,3776700000
2016-11-10,926.219970703125,926.219970703125,934.239990234375,926.219970703125,928.9400024414062,2829300000
2016-11-11,878.3099975585938,878.3099975585938,908.6799926757812,878.3099975585938,908.6599731445312,4207200000
2016-11-14,854.9199829101562,854.9199829101562,869.4500122070312,838.0399780273438,868.97998046875,3895200000
2016-11-15,849.0700073242188,849.0700073242188,866.760009765625,848.7899780273438,856.3599853515625,3082300000
2016-11-16,870.0499877929688,870.0499877929688,874.3200073242188,857.6300048828125,857.6300048828125,3728900000
2016-11-17,870.7100219726562,870.7100219726562,872.4000244140625,864.0599975585938,868.7899780273438,2379500000
2016-11-18,867.5599975585938,867.5599975585938,871.5700073242188,859.5700073242188,871.22998046875,2300100000
2016-11-21,862.0399780273438,862.0399780273438,864.489990234375,859.25,862.7000122070312,2804500000
2016-11-22,870.9099731445312,870.9099731445312,870.9099731445312,859.8900146484375,860.1099853515625,2554200000
2016-11-23,873.219970703125,873.219970703125,873.219970703125,866.6599731445312,867.7999877929688,3122100000
2016-11-24,851.489990234375,851.489990234375,868.7100219726562,849.97998046875,864.9600219726562,2972200000
2016-11-25,853.8400268554688,853.8400268554688,855.4199829101562,848.72998046875,848.8400268554688,2645600000
2016-11-28,852.239990234375,852.239990234375,855.0800170898438,848.0800170898438,851.1500244140625,2743900000
2016-11-29,856.1099853515625,856.1099853515625,864.260009765625,850.77001953125,850.77001953125,3109600000
2016-11-30,857.25,857.25,866.8900146484375,857.25,859.2000122070312,5055800000
2016-12-01,869.6900024414062,869.6900024414062,872.260009765625,862.0800170898438,862.219970703125,3398900000
2016-12-02,880.5700073242188,880.5700073242188,881.469970703125,870.3599853515625,872.0,2613200000
2016-12-05,885.1799926757812,885.1799926757812,888.5800170898438,878.8900146484375,879.0399780273438,1607700000
2016-12-06,884.280029296875,884.280029296875,889.3900146484375,880.9299926757812,888.1199951171875,2254200000
2016-12-07,881.2899780273438,881.2899780273438,884.1799926757812,874.3200073242188,884.0599975585938,2256400000
2016-12-08,889.6699829101562,889.6699829101562,889.6699829101562,880.3400268554688,882.02001953125,2376800000
2016-12-09,890.3099975585938,890.3099975585938,890.3099975585938,885.2999877929688,888.1099853515625,2147200000
2016-12-13,889.77001953125,889.77001953125,889.77001953125,881.3300170898438,887.2999877929688,2427500000
2016-12-14,882.739990234375,882.739990234375,891.0700073242188,881.780029296875,888.1500244140625,2053800000
2016-12-15,880.6900024414062,880.6900024414062,882.8499755859375,870.739990234375,874.5999755859375,2637800000
2016-12-16,873.6799926757812,873.6799926757812,882.6099853515625,873.6799926757812,882.1400146484375,2667600000
2016-12-19,865.0599975585938,865.0599975585938,875.3400268554688,865.0599975585938,871.77001953125,1926500000
2016-12-20,858.489990234375,858.489990234375,866.010009765625,854.8200073242188,861.8499755859375,1929100000
2016-12-21,847.1300048828125,847.1300048828125,863.9600219726562,847.1300048828125,862.6699829101562,2137400000
2016-12-22,833.4299926757812,833.4299926757812,848.9000244140625,831.969970703125,847.8800048828125,2017200000
2016-12-23,828.75,828.75,838.9099731445312,828.5,831.77001953125,2384600000
2016-12-27,845.6799926757812,845.6799926757812,848.760009765625,828.8699951171875,828.9099731445312,2278600000
2016-12-28,867.5499877929688,867.5499877929688,870.0599975585938,854.1300048828125,855.0599975585938,1818300000
2016-12-29,887.5499877929688,887.5499877929688,890.9400024414062,865.0499877929688,866.5,2306600000
2016-12-30,884.6199951171875,884.6199951171875,894.8499755859375,884.6199951171875,888.760009765625,2794600000
2017-01-03,883.25,883.25,884.760009765625,874.8400268554688,883.02001953125,1692200000
2017-01-04,892.5,892.5,893.8699951171875,877.3200073242188,881.739990234375,2550400000
2017-01-05,897.47998046875,897.47998046875,897.7999877929688,892.469970703125,892.8699951171875,2333300000
2017-01-06,900.0999755859375,900.0999755859375,902.260009765625,895.0700073242188,896.530029296875,1932000000
2017-01-09,892.1300048828125,892.1300048828125,902.1500244140625,890.0800170898438,901.0700073242188,1963400000
2017-01-10,892.5999755859375,892.5999755859375,895.5900268554688,886.3699951171875,895.5900268554688,2404900000
2017-01-11,888.8099975585938,888.8099975585938,895.3200073242188,888.8099975585938,894.1799926757812,2323500000
2017-01-12,885.219970703125,885.219970703125,892.1500244140625,885.219970703125,888.760009765625,2054700000
2017-01-13,882.52001953125,882.52001953125,889.3099975585938,882.52001953125,886.8099975585938,2686800000
2017-01-16,879.530029296875,879.530029296875,886.239990234375,879.530029296875,885.2100219726562,1988300000
2017-01-17,878.9000244140625,878.9000244140625,882.5900268554688,878.4500122070312,878.75,1918800000
2017-01-18,885.280029296875,885.280029296875,885.280029296875,880.1599731445312,880.510009765625,3184200000
2017-01-19,886.47998046875,886.47998046875,887.9299926757812,884.1699829101562,887.1599731445312,2726700000
2017-01-20,875.510009765625,875.510009765625,884.8699951171875,873.0700073242188,884.3499755859375,2405400000
2017-01-23,875.8599853515625,875.8599853515625,879.5399780273438,869.77001953125,874.5800170898438,2734100000
2017-01-24,884.1699829101562,884.1699829101562,886.4000244140625,879.739990234375,880.1099853515625,2423700000
2017-01-25,884.3099975585938,884.3099975585938,887.6500244140625,883.0499877929688,886.9000244140625,2871400000
2017-01-26,889.219970703125,889.219970703125,891.6900024414062,883.219970703125,887.1799926757812,2733900000
2017-01-27,886.6199951171875,886.6199951171875,889.9299926757812,883.760009765625,886.010009765625,1863600000
2017-01-30,882.739990234375,882.739990234375,891.0999755859375,882.739990234375,888.8300170898438,2393600000
2017-01-31,877.3499755859375,877.3499755859375,886.3400268554688,877.3499755859375,886.2899780273438,2926500000
2017-02-01,886.25,886.25,889.8699951171875,882.989990234375,883.8300170898438,2724200000
2017-02-02,891.0399780273438,891.0399780273438,891.0399780273438,885.9000244140625,886.2100219726562,2937500000
2017-02-03,893.2999877929688,893.2999877929688,893.2999877929688,890.3300170898438,891.4299926757812,2895100000
2017-02-06,899.47998046875,899.47998046875,899.47998046875,894.8599853515625,895.5,2506500000
2017-02-07,896.6400146484375,896.6400146484375,899.4099731445312,895.5399780273438,897.3800048828125,2859300000
2017-02-08,893.8900146484375,893.8900146484375,896.5900268554688,889.8400268554688,896.2999877929688,3290900000
2017-02-09,894.4500122070312,894.4500122070312,898.9500122070312,893.3599853515625,895.2100219726562,2842200000
2017-02-10,893.8900146484375,893.8900146484375,900.1300048828125,893.8900146484375,896.1699829101562,4163900000
2017-02-13,900.719970703125,900.719970703125,903.3900146484375,896.3599853515625,900.1400146484375,4202400000
2017-02-14,893.719970703125,893.719970703125,899.4099731445312,892.010009765625,898.969970703125,3175000000
2017-02-16,894.4000244140625,894.4000244140625,896.5900268554688,889.260009765625,895.8300170898438,3938400000
2017-02-17,887.4000244140625,887.4000244140625,892.3800048828125,885.8699951171875,891.6099853515625,3160000000
2017-02-20,888.2000122070312,888.2000122070312,890.5399780273438,886.9500122070312,889.3099975585938,2434500000
2017-02-21,886.3400268554688,886.3400268554688,891.5399780273438,885.6099853515625,889.280029296875,3178900000
2017-02-22,891.780029296875,891.780029296875,891.780029296875,885.8699951171875,889.3800048828125,3189800000
2017-02-23,893.1099853515625,893.1099853515625,893.6599731445312,889.0700073242188,889.1900024414062,2620700000
2017-02-24,895.8599853515625,895.8599853515625,897.8099975585938,892.1500244140625,892.6799926757812,3104100000
2017-02-27,893.760009765625,893.760009765625,897.239990234375,891.9400024414062,896.3400268554688,3898300000
2017-02-28,892.7000122070312,892.7000122070312,898.97998046875,892.7000122070312,895.6400146484375,3725300000
2017-03-01,887.9000244140625,887.9000244140625,894.1599731445312,886.7999877929688,893.3200073242188,2863100000
2017-03-02,898.1300048828125,898.1300048828125,903.280029296875,895.780029296875,895.8400268554688,4122100000
2017-03-03,894.1199951171875,894.1199951171875,899.0599975585938,892.7899780273438,896.7000122070312,4204000000
2017-03-06,898.3800048828125,898.3800048828125,898.3800048828125,892.6400146484375,895.8400268554688,4402100000
2017-03-07,896.6199951171875,896.6199951171875,901.8499755859375,893.489990234375,899.9400024414062,5026500000
2017-03-08,893.969970703125,893.969970703125,898.3800048828125,892.8099975585938,897.8599853515625,3349100000
2017-03-09,896.2999877929688,896.2999877929688,896.6799926757812,892.280029296875,894.02001953125,3697500000
2017-03-10,893.3599853515625,893.3599853515625,899.5900268554688,888.719970703125,899.4400024414062,3898700000
2017-03-13,896.2899780273438,896.2899780273438,896.2899780273438,891.1199951171875,892.989990234375,2768500000
2017-03-14,900.27001953125,900.27001953125,904.3400268554688,896.989990234375,897.9400024414062,3582200000
2017-03-15,898.4299926757812,898.4299926757812,903.0599975585938,896.8900146484375,900.7999877929688,3821300000
2017-03-16,918.0800170898438,918.0800170898438,918.0800170898438,905.0999755859375,905.8400268554688,4091300000
2017-03-17,922.9000244140625,922.9000244140625,927.5900268554688,914.1799926757812,923.5,3687300000
2017-03-20,921.3300170898438,921.3300170898438,929.1500244140625,916.219970703125,925.9000244140625,3837000000
2017-03-21,922.3699951171875,922.3699951171875,925.4500122070312,919.1099853515625,923.0999755859375,2954900000
2017-03-22,921.5700073242188,921.5700073242188,921.5700073242188,910.2999877929688,914.75,4877100000
2017-03-23,926.4000244140625,926.4000244140625,930.010009765625,921.1699829101562,922.9600219726562,4215600000
2017-03-24,926.3300170898438,926.3300170898438,929.5700073242188,922.4199829101562,926.8699951171875,3408600000
2017-03-27,919.75,919.75,925.3499755859375,917.5599975585938,924.02001953125,2967000000
2017-03-29,929.989990234375,929.989990234375,931.719970703125,922.6599731445312,922.6599731445312,4521600000
2017-03-30,929.530029296875,929.530029296875,929.530029296875,921.5700073242188,927.1300048828125,6416900000
2017-03-31,921.530029296875,921.530029296875,931.77001953125,921.530029296875,928.6699829101562,3115200000
2017-04-03,931.0,931.0,933.239990234375,924.7000122070312,925.3499755859375,4657800000
2017-04-04,940.8699951171875,940.8699951171875,942.3499755859375,931.0599975585938,932.219970703125,2819500000
2017-04-05,943.8099975585938,943.8099975585938,945.0999755859375,937.5399780273438,944.9299926757812,2673600000
2017-04-06,944.9600219726562,944.9600219726562,944.9600219726562,937.1699829101562,941.6300048828125,2857200000
2017-04-07,937.239990234375,937.239990234375,943.8400268554688,936.8599853515625,943.3900146484375,2587800000
2017-04-10,934.47998046875,934.47998046875,941.8900146484375,930.9600219726562,939.5399780273438,2589800000
2017-04-11,929.4199829101562,929.4199829101562,936.9299926757812,929.0900268554688,935.3900146484375,3534100000
2017-04-12,933.5599975585938,933.5599975585938,933.8200073242188,930.02001953125,930.9400024414062,2933200000
2017-04-13,926.280029296875,926.280029296875,937.469970703125,925.9000244140625,937.0900268554688,2874200000
2017-04-17,916.8499755859375,916.8499755859375,930.0399780273438,916.8499755859375,928.3099975585938,2641500000
2017-04-18,924.0,924.0,927.5800170898438,921.719970703125,921.9199829101562,2578300000
2017-04-20,922.7100219726562,922.7100219726562,926.1400146484375,921.6599731445312,924.8400268554688,2367200000
2017-04-21,938.1799926757812,938.1799926757812,938.1799926757812,923.77001953125,924.0,3143800000
2017-04-25,941.0800170898438,941.0800170898438,945.72998046875,935.5399780273438,944.8099975585938,2475700000
2017-04-26,950.75,950.75,950.75,939.9299926757812,942.6599731445312,2304800000
2017-04-27,946.0900268554688,946.0900268554688,948.9500122070312,943.0700073242188,946.1599731445312,3163700000
2017-04-28,940.760009765625,940.760009765625,949.7999877929688,940.760009765625,948.1199951171875,2181000000
2017-05-02,940.7899780273438,940.7899780273438,946.739990234375,940.7899780273438,945.4199829101562,2322000000
2017-05-03,936.5499877929688,936.5499877929688,943.0700073242188,936.5499877929688,942.239990234375,2579500000
2017-05-04,942.97998046875,942.97998046875,942.97998046875,937.3200073242188,938.739990234375,2707800000
2017-05-05,945.969970703125,945.969970703125,948.5700073242188,940.8400268554688,941.8900146484375,3409800000
2017-05-08,948.969970703125,948.969970703125,955.2100219726562,947.030029296875,949.969970703125,3026400000
2017-05-09,946.8300170898438,946.8300170898438,958.25,946.1900024414062,954.5900268554688,1386200000
2017-05-10,941.9400024414062,941.9400024414062,950.6699829101562,937.6099853515625,947.0599975585938,2467600000
2017-05-12,946.72998046875,946.72998046875,951.9199829101562,945.3099975585938,948.8699951171875,2612000000
2017-05-15,952.4600219726562,952.4600219726562,952.4600219726562,944.4000244140625,950.3900146484375,1887100000
2017-05-16,942.1599731445312,942.1599731445312,953.489990234375,942.1599731445312,952.8200073242188,2210000000
2017-05-17,934.3499755859375,934.3499755859375,945.9400024414062,933.6199951171875,945.7999877929688,2212500000
2017-05-18,941.4500122070312,941.4500122070312,941.4500122070312,925.739990234375,928.0599975585938,1908900000
2017-05-19,970.4000244140625,970.4000244140625,981.0599975585938,936.8599853515625,940.969970703125,2308700000
2017-05-22,960.8400268554688,960.8400268554688,989.030029296875,959.3900146484375,981.780029296875,2401300000
2017-05-23,959.2100219726562,959.2100219726562,967.1300048828125,951.030029296875,966.1699829101562,1635300000
2017-05-24,953.239990234375,953.239990234375,953.239990234375,945.1400146484375,946.0800170898438,1649900000
2017-05-26,954.47998046875,954.47998046875,958.6500244140625,952.0999755859375,955.72998046875,2609700000
2017-05-29,953.8200073242188,953.8200073242188,957.9000244140625,951.5800170898438,957.5,1627700000
2017-05-30,949.510009765625,949.510009765625,957.1400146484375,949.510009765625,950.9099731445312,1935800000
2017-05-31,957.7000122070312,957.7000122070312,957.7000122070312,950.6199951171875,950.6199951171875,3621400000
2017-06-02,961.4099731445312,961.4099731445312,961.4400024414062,956.5700073242188,960.530029296875,2194100000
2017-06-05,964.0700073242188,964.0700073242188,966.6799926757812,959.9600219726562,962.780029296875,1303000000
2017-06-06,956.2100219726562,956.2100219726562,965.2899780273438,954.5999755859375,962.8499755859375,1961700000
2017-06-07,959.260009765625,959.260009765625,961.5700073242188,957.010009765625,958.5,1223400000
2017-06-08,956.4400024414062,956.4400024414062,961.1199951171875,956.4400024414062,959.6799926757812,1649000000
2017-06-09,950.47998046875,950.47998046875,956.9199829101562,949.1400146484375,955.52001953125,1455500000
2017-06-12,953.6300048828125,953.6300048828125,959.1599731445312,948.77001953125,948.77001953125,1064300000
2017-06-13,957.8800048828125,957.8800048828125,959.3599853515625,954.239990234375,954.510009765625,1703900000
2017-06-14,974.1799926757812,974.1799926757812,974.1799926757812,957.9400024414062,957.97998046875,1658300000
2017-06-15,970.1599731445312,970.1599731445312,973.469970703125,968.6500244140625,970.0,914400000
2017-06-16,960.6699829101562,960.6699829101562,972.9099731445312,958.469970703125,968.1199951171875,1800000000
2017-06-19,963.8699951171875,963.8699951171875,964.1500244140625,960.3900146484375,962.5499877929688,1950300000
2017-06-20,974.3300170898438,974.3300170898438,974.6099853515625,964.030029296875,965.7999877929688,2044700000
2017-06-21,978.6300048828125,978.6300048828125,978.6300048828125,968.1900024414062,969.3400268554688,1405200000
2017-06-22,977.6199951171875,977.6199951171875,981.8099975585938,974.6900024414062,981.77001953125,1565900000
2017-07-03,997.510009765625,997.510009765625,997.510009765625,977.2899780273438,981.8800048828125,1616400000
2017-07-04,987.3800048828125,987.3800048828125,993.6599731445312,986.47998046875,991.5800170898438,1498100000
2017-07-05,979.4600219726562,979.4600219726562,988.3200073242188,975.7100219726562,987.3900146484375,1370800000
2017-07-06,982.989990234375,982.989990234375,983.6599731445312,977.530029296875,977.6300048828125,1030400000
2017-07-07,977.1199951171875,977.1199951171875,986.3200073242188,975.97998046875,980.5499877929688,1090000000
2017-07-10,967.2899780273438,967.2899780273438,978.8900146484375,966.969970703125,977.1199951171875,721100000
2017-07-11,966.6300048828125,966.6300048828125,969.5,964.6099853515625,967.6599731445312,974500000
2017-07-12,976.1799926757812,976.1799926757812,978.5800170898438,966.1599731445312,966.1599731445312,825300000
2017-07-13,978.1799926757812,978.1799926757812,981.9099731445312,973.1900024414062,981.2899780273438,1335000000
2017-07-14,978.1400146484375,978.1400146484375,978.510009765625,971.8300170898438,977.5499877929688,737200000
2017-07-17,980.3800048828125,980.3800048828125,980.469970703125,976.5599975585938,977.9400024414062,1476200000
2017-07-18,976.010009765625,976.010009765625,977.6500244140625,972.469970703125,976.260009765625,1722000000
2017-07-19,971.9000244140625,971.9000244140625,975.989990234375,969.8200073242188,975.97998046875,1218400000
2017-07-20,976.3200073242188,976.3200073242188,976.8200073242188,971.6699829101562,972.4600219726562,1532700000
2017-07-21,962.8599853515625,962.8599853515625,977.4099731445312,961.97998046875,976.1500244140625,1020600000
2017-07-24,972.5,972.5,972.5,960.5399780273438,961.510009765625,1652200000
2017-07-25,976.4099731445312,976.4099731445312,976.4099731445312,967.9500122070312,973.510009765625,1288000000
2017-07-26,971.75,971.75,978.6699829101562,968.9099731445312,975.489990234375,2045000000
2017-07-27,971.9500122070312,971.9500122070312,974.780029296875,970.8699951171875,973.5399780273438,1408600000
2017-07-28,974.1300048828125,974.1300048828125,974.1300048828125,968.739990234375,972.719970703125,1406800000
2017-07-31,974.0800170898438,974.0800170898438,976.9000244140625,969.6900024414062,971.3499755859375,1662000000
2017-08-01,966.75,966.75,978.0499877929688,966.75,977.25,1461000000
2017-08-02,972.030029296875,972.030029296875,972.030029296875,964.6199951171875,969.239990234375,1360700000
2017-08-03,962.260009765625,962.260009765625,971.1699829101562,962.2100219726562,970.5900268554688,1259100000
2017-08-04,959.4500122070312,959.4500122070312,964.3900146484375,958.030029296875,961.0900268554688,1202200000
2017-08-07,954.97998046875,954.97998046875,966.1599731445312,954.77001953125,960.3099975585938,1231600000
2017-08-08,967.7000122070312,967.7000122070312,967.7000122070312,956.4400024414062,956.4400024414062,1763300000
2017-08-09,969.1599731445312,969.1599731445312,969.1699829101562,962.8599853515625,968.4600219726562,2134500000
2017-08-10,967.8499755859375,967.8499755859375,971.1400146484375,965.0399780273438,970.2999877929688,2404800000
2017-08-11,955.9600219726562,955.9600219726562,964.5599975585938,954.1400146484375,964.3900146484375,2435500000
2017-08-14,962.5900268554688,962.5900268554688,964.219970703125,959.260009765625,959.6300048828125,1669000000
2017-08-15,967.9000244140625,967.9000244140625,970.2999877929688,962.4099731445312,964.3900146484375,1635500000
2017-08-16,982.3499755859375,982.3499755859375,982.3499755859375,968.1300048828125,969.7899780273438,1959000000
2017-08-18,982.3900146484375,982.3900146484375,986.6300048828125,976.8699951171875,979.25,1966600000
2017-08-21,975.8200073242188,975.8200073242188,983.760009765625,974.5999755859375,982.280029296875,1681700000
2017-08-22,980.6300048828125,980.6300048828125,981.3499755859375,976.219970703125,976.219970703125,1779500000
2017-08-23,988.1099853515625,988.1099853515625,988.1099853515625,979.9400024414062,985.7100219726562,1743600000
2017-08-24,983.2899780273438,983.2899780273438,988.4600219726562,979.1199951171875,988.1300048828125,1802100000
2017-08-25,987.8800048828125,987.8800048828125,988.8900146484375,980.8800048828125,986.3300170898438,1124300000
2017-08-28,984.8699951171875,984.8699951171875,987.4000244140625,981.9199829101562,985.0999755859375,3089800000
2017-08-29,982.75,982.75,984.4199829101562,977.280029296875,983.9600219726562,2167100000
2017-08-30,979.6799926757812,979.6799926757812,983.8800048828125,976.5700073242188,982.8099975585938,1858500000
2017-08-31,977.3300170898438,977.3300170898438,981.25,974.5499877929688,979.989990234375,2492400000
2017-09-04,966.8900146484375,966.8900146484375,976.9099731445312,966.5900268554688,975.8499755859375,2283200000
2017-09-05,971.1500244140625,971.1500244140625,971.1500244140625,958.7000122070312,969.22998046875,2289600000
2017-09-06,969.5499877929688,969.5499877929688,971.5700073242188,964.7100219726562,965.9299926757812,2094000000
2017-09-07,970.8599853515625,970.8599853515625,972.1400146484375,965.780029296875,969.6400146484375,1313700000
2017-09-08,976.4600219726562,976.4600219726562,978.4500122070312,967.510009765625,969.0399780273438,1463000000
2017-09-11,977.5,977.5,980.719970703125,976.030029296875,978.0599975585938,1699900000
2017-09-12,978.0599975585938,978.0599975585938,979.75,976.47998046875,978.8599853515625,1595600000
2017-09-13,973.3099975585938,973.3099975585938,979.3900146484375,972.1099853515625,975.0499877929688,1693300000
2017-09-14,974.1699829101562,974.1699829101562,977.6400146484375,972.7100219726562,974.3200073242188,1688700000
2017-09-15,976.6900024414062,976.6900024414062,979.739990234375,969.4299926757812,974.780029296875,2508000000
2017-09-18,980.0499877929688,980.0499877929688,980.0499877929688,972.52001953125,977.3800048828125,1512300000
2017-09-19,982.8200073242188,982.8200073242188,982.8200073242188,976.7000122070312,980.2000122070312,1783900000
2017-09-20,983.4099731445312,983.4099731445312,983.8699951171875,978.9199829101562,983.0399780273438,1828500000
2017-09-22,983.3599853515625,983.3599853515625,987.7999877929688,976.969970703125,983.0700073242188,1761400000
2017-09-25,980.6199951171875,980.6199951171875,984.1799926757812,977.719970703125,982.969970703125,1501100000
2017-09-26,975.739990234375,975.739990234375,982.8800048828125,974.8599853515625,981.22998046875,2869000000
2017-09-27,975.510009765625,975.510009765625,978.030029296875,972.2000122070312,977.9199829101562,2304200000
2017-09-28,969.1599731445312,969.1599731445312,976.5499877929688,969.1599731445312,974.8900146484375,3320800000
2017-09-29,979.4400024414062,979.4400024414062,984.1300048828125,971.02001953125,972.7000122070312,2366100000
2017-10-02,984.8099975585938,984.8099975585938,987.0499877929688,982.760009765625,983.7100219726562,2281900000
2017-10-03,989.7999877929688,989.7999877929688,994.8499755859375,981.77001953125,985.1699829101562,2593700000
2017-10-04,991.9600219726562,991.9600219726562,995.77001953125,991.5,993.0599975585938,2468300000
2017-10-05,982.8499755859375,982.8499755859375,992.780029296875,982.010009765625,992.780029296875,2386200000
2017-10-06,984.6799926757812,984.6799926757812,988.0999755859375,981.1900024414062,987.9600219726562,1739800000
2017-10-09,985.9500122070312,985.9500122070312,988.7000122070312,983.1400146484375,985.02001953125,1935600000
2017-10-10,983.0599975585938,983.0599975585938,987.6300048828125,980.510009765625,986.760009765625,1615500000
2017-10-11,976.9500122070312,976.9500122070312,982.8800048828125,972.25,981.7899780273438,1861000000
2017-10-12,986.3499755859375,986.3499755859375,988.8499755859375,977.1599731445312,977.8699951171875,4292400000
2017-10-13,986.8800048828125,986.8800048828125,991.9000244140625,984.6400146484375,986.3099975585938,3726100000
2017-10-16,991.4199829101562,991.4199829101562,993.6599731445312,987.5,987.8599853515625,4099500000
2017-10-17,991.6400146484375,991.6400146484375,994.0399780273438,985.8300170898438,993.4099731445312,2566500000
2017-10-18,987.47998046875,987.47998046875,994.0499877929688,981.4500122070312,993.6400146484375,4339600000
2017-10-19,979.9199829101562,979.9199829101562,987.3400268554688,978.7899780273438,987.1099853515625,4328000000
2017-10-20,984.1699829101562,984.1699829101562,992.030029296875,981.6900024414062,983.0999755859375,2373800000
2017-10-23,987.9099731445312,987.9099731445312,992.7899780273438,987.5399780273438,988.4099731445312,2370700000
2017-10-24,984.1500244140625,984.1500244140625,991.6900024414062,984.1500244140625,989.239990234375,3282300000
2017-10-25,995.9400024414062,995.9400024414062,995.9400024414062,984.3699951171875,986.6900024414062,2411300000
2017-10-26,991.489990234375,991.489990234375,999.6500244140625,990.9099731445312,994.1099853515625,2475300000
2017-10-27,985.1699829101562,985.1699829101562,996.75,984.530029296875,992.0800170898438,2323600000
2017-10-30,985.4299926757812,985.4299926757812,992.1199951171875,984.719970703125,988.969970703125,2522100000
2017-10-31,992.219970703125,992.219970703125,1000.8499755859375,990.3099975585938,1000.7999877929688,1980100000
2017-11-01,1000.2899780273438,1000.2899780273438,1000.2899780273438,992.4400024414062,995.0900268554688,2657800000
2017-11-02,1001.4199829101562,1001.4199829101562,1011.9099731445312,1001.4199829101562,1003.8300170898438,2968700000
2017-11-03,1005.5499877929688,1005.5499877929688,1007.1500244140625,993.0900268554688,1004.9099731445312,2092800000
2017-11-06,1007.219970703125,1007.219970703125,1010.969970703125,1002.6599731445312,1003.5,3236800000
2017-11-07,1010.0999755859375,1010.0999755859375,1011.0399780273438,1006.3400268554688,1008.47998046875,1949400000
2017-11-08,1008.4199829101562,1008.4199829101562,1012.1599731445312,1004.5900268554688,1008.1900024414062,2650300000
2017-11-09,1004.6900024414062,1004.6900024414062,1012.1699829101562,1004.6699829101562,1009.989990234375,2765500000
2017-11-10,1001.1400146484375,1001.1400146484375,1007.9400024414062,1000.0800170898438,1005.1599731445312,2464600000
2017-11-13,1000.9500122070312,1000.9500122070312,1005.52001953125,998.8499755859375,1000.8699951171875,2290500000
2017-11-14,993.1900024414062,993.1900024414062,1004.8499755859375,993.1900024414062,1000.3499755859375,3518500000
2017-11-15,991.4000244140625,991.4000244140625,1001.489990234375,991.4000244140625,996.6699829101562,3851000000
2017-11-16,1007.25,1007.25,1011.9000244140625,994.5399780273438,994.7899780273438,2241000000
2017-11-17,1011.0,1011.0,1021.02001953125,1010.27001953125,1010.969970703125,2313700000
2017-11-20,1010.9600219726562,1010.9600219726562,1022.7999877929688,1010.9600219726562,1014.8200073242188,2072700000
2017-11-21,1008.6699829101562,1008.6699829101562,1016.3300170898438,1004.8800048828125,1013.239990234375,2119000000
2017-11-22,1016.239990234375,1016.239990234375,1017.2000122070312,1010.4299926757812,1010.510009765625,3214500000
2017-11-23,1015.9099731445312,1015.9099731445312,1021.0599975585938,1014.739990234375,1019.2000122070312,2220000000
2017-11-24,1018.7100219726562,1018.7100219726562,1020.6099853515625,1009.1799926757812,1016.27001953125,2007400000
2017-11-27,1019.6599731445312,1019.6599731445312,1020.1599731445312,1011.8499755859375,1016.8099975585938,2513300000
2017-11-28,1024.68994140625,1024.68994140625,1024.68994140625,1012.4500122070312,1017.239990234375,2811000000
2017-11-29,1019.219970703125,1019.219970703125,1025.2099609375,1016.77001953125,1023.5999755859375,2948900000
2017-11-30,992.1599731445312,992.1599731445312,1018.3300170898438,992.1599731445312,1017.0999755859375,5570000000
2017-12-01,992.1599731445312,992.1599731445312,1018.3300170898438,992.1599731445312,1017.0999755859375,0
2017-12-04,1007.9000244140625,1007.9000244140625,1016.9500122070312,1004.0700073242188,1007.9600219726562,3043400000
2017-12-05,1012.1199951171875,1012.1199951171875,1019.25,1008.77001953125,1013.72998046875,2745200000
2017-12-06,1019.22998046875,1019.22998046875,1022.9600219726562,1012.3900146484375,1012.6500244140625,2307500000
2017-12-07,1013.1699829101562,1013.1699829101562,1019.1799926757812,1013.1699829101562,1018.3499755859375,2089800000
2017-12-08,1017.8200073242188,1017.8200073242188,1020.22998046875,1014.9600219726562,1016.0,2108200000
2017-12-11,1018.97998046875,1018.97998046875,1022.6900024414062,1017.75,1020.97998046875,3007900000
2017-12-12,1018.7100219726562,1018.7100219726562,1022.2999877929688,1014.6900024414062,1021.989990234375,2740200000
2017-12-13,1021.1599731445312,1021.1599731445312,1021.4199829101562,1014.1799926757812,1017.4500122070312,2476200000
2017-12-14,1032.75,1032.75,1033.260009765625,1022.97998046875,1023.8900146484375,3749300000
2017-12-15,1030.1099853515625,1030.1099853515625,1030.75,1022.5800170898438,1028.9599609375,2875100000
2017-12-18,1035.6700439453125,1035.6700439453125,1035.6700439453125,1022.77001953125,1028.1300048828125,2584400000
2017-12-19,1041.8800048828125,1041.8800048828125,1043.97998046875,1028.97998046875,1030.3299560546875,2878300000
2017-12-20,1027.469970703125,1027.469970703125,1041.530029296875,1023.5900268554688,1041.3599853515625,3085900000
2017-12-21,1044.7099609375,1044.7099609375,1045.530029296875,1031.760009765625,1032.5999755859375,2539000000
2017-12-22,1053.75,1053.75,1053.75,1041.4100341796875,1044.3199462890625,1791000000
2017-12-27,1063.030029296875,1063.030029296875,1063.030029296875,1051.469970703125,1052.02001953125,1444000000
2017-12-28,1070.3499755859375,1070.3499755859375,1070.3499755859375,1056.969970703125,1064.3900146484375,2230800000
2017-12-29,1079.3900146484375,1079.3900146484375,1084.47998046875,1071.550048828125,1073.31005859375,2243500000
2018-01-02,1076.22998046875,1076.22998046875,1101.8699951171875,1073.18994140625,1082.050048828125,1671800000
2018-01-03,1056.52001953125,1056.52001953125,1076.9100341796875,1049.5899658203125,1076.75,1725900000
2018-01-04,1067.27001953125,1067.27001953125,1067.27001953125,1053.56005859375,1058.1199951171875,1847800000
2018-01-05,1080.1500244140625,1080.1500244140625,1080.1500244140625,1063.739990234375,1063.97998046875,2594900000
2018-01-08,1086.3900146484375,1086.3900146484375,1086.3900146484375,1078.5799560546875,1080.31005859375,2690700000
2018-01-09,1083.300048828125,1083.300048828125,1089.0899658203125,1078.25,1088.56005859375,2916800000
2018-01-10,1081.6800537109375,1081.6800537109375,1090.72998046875,1078.1400146484375,1085.2900390625,2664200000
2018-01-11,1084.9599609375,1084.9599609375,1084.9599609375,1075.300048828125,1082.6700439453125,3114100000
2018-01-12,1082.52001953125,1082.52001953125,1089.0899658203125,1079.31005859375,1086.280029296875,2192300000
2018-01-15,1084.0799560546875,1084.0799560546875,1086.5,1079.4100341796875,1084.8299560546875,1833500000
2018-01-16,1093.3499755859375,1093.3499755859375,1093.3900146484375,1083.800048828125,1085.1099853515625,2568200000
2018-01-17,1093.6800537109375,1093.6800537109375,1095.77001953125,1089.6400146484375,1093.3699951171875,3312900000
2018-01-18,1098.8900146484375,1098.8900146484375,1102.52001953125,1094.97998046875,1096.8499755859375,2953700000
2018-01-19,1100.18994140625,1100.18994140625,1102.02001953125,1090.75,1101.75,1790900000
2018-01-22,1101.7900390625,1101.7900390625,1108.6600341796875,1097.4599609375,1101.3399658203125,2972100000
2018-01-23,1132.18994140625,1132.18994140625,1132.18994140625,1110.5999755859375,1111.3900146484375,3390200000
2018-01-24,1124.280029296875,1124.280029296875,1132.9200439453125,1120.5400390625,1132.300048828125,4481900000
2018-01-25,1117.8299560546875,1117.8299560546875,1128.72998046875,1113.030029296875,1127.8299560546875,4713600000
2018-01-26,1126.3599853515625,1126.3599853515625,1130.8800048828125,1117.949951171875,1118.0400390625,3418400000
2018-01-29,1126.4100341796875,1126.4100341796875,1130.780029296875,1116.6300048828125,1129.530029296875,3310700000
2018-01-30,1103.4300537109375,1103.4300537109375,1123.489990234375,1098.97998046875,1122.8800048828125,3377200000
2018-01-31,1105.760009765625,1105.760009765625,1113.3900146484375,1092.56005859375,1096.3900146484375,3353000000
2018-02-01,1105.0699462890625,1105.0699462890625,1116.9300537109375,1105.0699462890625,1110.7099609375,2814400000
2018-02-02,1111.9000244140625,1111.9000244140625,1117.4599609375,1110.4300537109375,1115.02001953125,2806200000
2018-02-05,1107.0,1107.0,1111.9599609375,1090.25,1093.8199462890625,2982900000
2018-02-06,1090.489990234375,1090.489990234375,1095.449951171875,1081.550048828125,1085.8299560546875,5539100000
2018-02-07,1101.3900146484375,1101.3900146484375,1110.1199951171875,1096.989990234375,1102.27001953125,3891200000
2018-02-08,1103.0799560546875,1103.0799560546875,1104.5999755859375,1097.1500244140625,1103.5899658203125,3215200000
2018-02-09,1097.6600341796875,1097.6600341796875,1097.6600341796875,1087.1099853515625,1089.7099609375,2858200000
2018-02-12,1097.3499755859375,1097.3499755859375,1100.199951171875,1094.3699951171875,1098.300048828125,4897300000
2018-02-13,1109.22998046875,1109.22998046875,1112.1300048828125,1102.6700439453125,1102.75,4254900000
2018-02-14,1111.1600341796875,1111.1600341796875,1112.9100341796875,1106.4100341796875,1108.9599609375,3018000000
2018-02-15,1108.9200439453125,1108.9200439453125,1117.27001953125,1107.199951171875,1116.550048828125,3320000000
2018-02-19,1128.25,1128.25,1128.25,1112.5899658203125,1113.719970703125,4028000000
2018-02-20,1122.1800537109375,1122.1800537109375,1128.18994140625,1113.3699951171875,1127.72998046875,3682200000
2018-02-21,1117.9100341796875,1117.9100341796875,1121.5799560546875,1111.02001953125,1118.75,4693900000
2018-02-22,1105.239990234375,1105.239990234375,1119.239990234375,1104.02001953125,1118.6500244140625,2354800000
2018-02-23,1109.739990234375,1109.739990234375,1118.31005859375,1108.760009765625,1109.1199951171875,3185600000
2018-02-26,1092.6800537109375,1092.6800537109375,1110.2099609375,1092.6800537109375,1108.6300048828125,2813600000
2018-02-27,1104.18994140625,1104.18994140625,1104.18994140625,1095.52001953125,1097.449951171875,3176400000
2018-02-28,1100.280029296875,1100.280029296875,1104.6300048828125,1095.4100341796875,1103.4200439453125,3021300000
2018-03-01,1101.8900146484375,1101.8900146484375,1107.6700439453125,1100.8299560546875,1102.31005859375,2112900000
2018-03-02,1098.1400146484375,1098.1400146484375,1099.800048828125,1092.0,1099.800048828125,2129600000
2018-03-05,1089.780029296875,1089.780029296875,1102.81005859375,1088.969970703125,1101.199951171875,2140400000
2018-03-06,1078.22998046875,1078.22998046875,1098.2099609375,1076.3900146484375,1096.43994140625,2437100000
2018-03-07,1053.6099853515625,1053.6099853515625,1081.9300537109375,1050.1800537109375,1078.43994140625,3769300000
2018-03-08,1067.9599609375,1067.9599609375,1069.75,1056.489990234375,1064.239990234375,3297600000
2018-03-09,1064.8399658203125,1064.8399658203125,1070.68994140625,1053.68994140625,1069.25,2433700000
2018-03-12,1075.3800048828125,1075.3800048828125,1075.3800048828125,1067.77001953125,1071.3499755859375,2432200000
2018-03-13,1057.0400390625,1057.0400390625,1075.0899658203125,1054.5,1074.5699462890625,3212000000
2018-03-14,1051.5,1051.5,1056.97998046875,1046.7900390625,1056.550048828125,2056600000
2018-03-15,1039.4300537109375,1039.4300537109375,1048.8299560546875,1039.199951171875,1047.5699462890625,2123100000
2018-03-16,1037.280029296875,1037.280029296875,1040.9100341796875,1021.010009765625,1039.81005859375,2803300000
2018-03-19,1036.1199951171875,1036.1199951171875,1040.3599853515625,1031.9200439453125,1039.8800048828125,2202800000
2018-03-20,1027.219970703125,1027.219970703125,1031.9100341796875,1020.219970703125,1030.3599853515625,1791200000
2018-03-21,1038.43994140625,1038.43994140625,1039.43994140625,1031.02001953125,1031.3800048828125,2748400000
2018-03-22,1026.6500244140625,1026.6500244140625,1044.3399658203125,1025.489990234375,1043.22998046875,2017000000
2018-03-23,1017.489990234375,1017.489990234375,1017.489990234375,991.5999755859375,997.5900268554688,2062300000
2018-03-26,1014.3099975585938,1014.3099975585938,1015.9099731445312,1007.9000244140625,1009.47998046875,1657200000
2018-03-27,1015.8400268554688,1015.8400268554688,1030.68994140625,1010.510009765625,1025.8499755859375,1909000000
2018-03-28,1000.25,1000.25,1012.510009765625,995.6699829101562,1012.3699951171875,1699800000
2018-03-29,1005.6799926757812,1005.6799926757812,1005.6799926757812,990.7899780273438,1003.4600219726562,1864300000
2018-04-02,1019.2100219726562,1019.2100219726562,1019.2100219726562,1001.3599853515625,1007.0599975585938,1977800000
2018-04-03,1017.3499755859375,1017.3499755859375,1019.3900146484375,1010.8800048828125,1012.239990234375,1894700000
2018-04-04,1003.6599731445312,1003.6599731445312,1021.1799926757812,998.7899780273438,1020.3499755859375,2029600000
2018-04-05,1008.4600219726562,1008.4600219726562,1015.510009765625,1007.1400146484375,1012.9400024414062,1955100000
2018-04-06,1007.5900268554688,1007.5900268554688,1010.0800170898438,1003.7999877929688,1008.8699951171875,1601200000
2018-04-09,1021.9000244140625,1021.9000244140625,1021.9000244140625,1007.7100219726562,1008.6699829101562,2009600000
2018-04-10,1039.6099853515625,1039.6099853515625,1041.8800048828125,1019.2100219726562,1021.4500122070312,1943300000
2018-04-11,1047.0699462890625,1047.0699462890625,1051.4599609375,1044.489990234375,1046.3299560546875,2190300000
2018-04-12,1033.9599609375,1033.9599609375,1045.4200439453125,1029.2900390625,1044.5899658203125,1544900000
2018-04-13,1022.6400146484375,1022.6400146484375,1038.949951171875,1022.6400146484375,1037.010009765625,1539100000
2018-04-16,1027.1500244140625,1027.1500244140625,1030.3499755859375,1019.9500122070312,1024.969970703125,1233000000
2018-04-17,1027.0,1027.0,1030.6400146484375,1021.510009765625,1028.1800537109375,2233100000
2018-04-18,1034.260009765625,1034.260009765625,1034.260009765625,1029.3499755859375,1031.31005859375,1933800000
2018-04-19,1040.3900146484375,1040.3900146484375,1040.3900146484375,1031.8699951171875,1034.56005859375,2849400000
2018-04-20,1034.489990234375,1034.489990234375,1040.6600341796875,1028.8699951171875,1040.4100341796875,2154800000
2018-04-23,1027.4599609375,1027.4599609375,1033.47998046875,1025.9300537109375,1032.219970703125,1943400000
2018-04-24,1010.8800048828125,1010.8800048828125,1029.239990234375,1010.0399780273438,1028.8599853515625,1685600000
2018-04-25,978.260009765625,978.260009765625,1008.6300048828125,976.5399780273438,1008.4000244140625,1711900000
2018-04-26,943.2899780273438,943.2899780273438,980.1799926757812,942.7000122070312,978.4000244140625,2770600000
2018-04-27,945.6400146484375,945.6400146484375,963.4000244140625,938.7999877929688,958.260009765625,2057000000
2018-04-30,958.4099731445312,958.4099731445312,963.6599731445312,949.260009765625,950.1099853515625,2044700000
2018-05-02,964.280029296875,964.280029296875,964.280029296875,953.8699951171875,959.6099853515625,2623000000
2018-05-03,933.9600219726562,933.9600219726562,960.0999755859375,933.9600219726562,958.75,2486400000
2018-05-04,920.1199951171875,920.1199951171875,933.27001953125,915.5599975585938,931.5999755859375,1857800000
2018-05-07,941.0399780273438,941.0399780273438,941.0399780273438,923.0800170898438,925.7899780273438,1850200000
2018-05-08,920.5399780273438,920.5399780273438,935.6900024414062,912.5800170898438,935.4400024414062,1833900000
2018-05-09,954.2899780273438,954.2899780273438,957.3800048828125,910.0800170898438,910.3499755859375,2813900000
2018-05-11,962.010009765625,962.010009765625,976.6500244140625,957.72998046875,958.0999755859375,2477900000
2018-05-14,962.0,962.0,962.0,941.5399780273438,956.1400146484375,1617400000
2018-05-15,935.3499755859375,935.3499755859375,958.8300170898438,933.6699829101562,956.7000122070312,2453400000
2018-05-16,935.469970703125,935.469970703125,935.5700073242188,912.5599975585938,920.9299926757812,2670400000
2018-05-17,926.9099731445312,926.9099731445312,946.9500122070312,926.9099731445312,938.8499755859375,2483700000
2018-05-18,918.8900146484375,918.8900146484375,932.6900024414062,918.8900146484375,930.719970703125,1928900000
2018-05-21,906.9000244140625,906.9000244140625,919.6199951171875,904.489990234375,917.8699951171875,2497300000
2018-05-22,911.8400268554688,911.8400268554688,924.8599853515625,911.1599731445312,915.4099731445312,2516300000
2018-05-23,922.6799926757812,922.6799926757812,934.1799926757812,914.9600219726562,915.2000122070312,2339000000
2018-05-24,953.8699951171875,953.8699951171875,955.739990234375,933.010009765625,933.1699829101562,2607800000
2018-05-25,958.3800048828125,958.3800048828125,963.3400268554688,952.7899780273438,956.6099853515625,2222300000
2018-05-28,977.6599731445312,977.6599731445312,981.6599731445312,958.4299926757812,959.3599853515625,2317700000
2018-05-30,963.47998046875,963.47998046875,983.0399780273438,961.97998046875,969.8699951171875,2556100000
2018-05-31,953.5900268554688,953.5900268554688,972.1699829101562,947.3499755859375,970.0900268554688,4923200000
2018-06-04,962.1799926757812,962.1799926757812,966.5399780273438,957.8300170898438,958.77001953125,3179200000
2018-06-05,973.8699951171875,973.8699951171875,973.8699951171875,962.8699951171875,966.3499755859375,3300200000
2018-06-06,969.4600219726562,969.4600219726562,974.5700073242188,968.25,972.6400146484375,3130800000
2018-06-07,976.489990234375,976.489990234375,979.469970703125,972.0900268554688,974.8200073242188,2476600000
2018-06-08,950.7000122070312,950.7000122070312,973.5800170898438,949.2899780273438,970.5900268554688,2475100000
2018-06-20,925.1599731445312,925.1599731445312,938.52001953125,916.0599975585938,937.6099853515625,2737600000
2018-06-21,907.2899780273438,907.2899780273438,933.030029296875,907.1699829101562,926.6799926757812,2142000000
2018-06-22,909.1799926757812,909.1799926757812,912.5599975585938,899.030029296875,906.75,2653600000
2018-06-25,918.7999877929688,918.7999877929688,927.4299926757812,904.8900146484375,916.3699951171875,2115500000
2018-06-26,910.6500244140625,910.6500244140625,922.260009765625,909.9000244140625,911.8599853515625,1758900000
2018-06-27,901.0,901.0,915.4400024414062,901.0,912.4000244140625,1749800000
2018-06-28,881.02001953125,881.02001953125,903.5499877929688,879.8900146484375,902.02001953125,2142100000
2018-06-29,908.969970703125,908.969970703125,908.969970703125,885.8900146484375,887.1699829101562,2907800000
2018-07-02,902.0900268554688,902.0900268554688,918.219970703125,902.0900268554688,916.3499755859375,2068600000
2018-07-03,882.8400268554688,882.8400268554688,903.530029296875,881.489990234375,899.7100219726562,1908400000
2018-07-04,907.7999877929688,907.7999877929688,910.6799926757812,871.9099731445312,884.510009765625,2271900000
2018-07-05,905.5999755859375,905.5999755859375,908.22998046875,895.719970703125,906.3499755859375,2223500000
2018-07-06,895.3800048828125,895.3800048828125,905.9199829101562,894.780029296875,904.030029296875,2110800000
2018-07-09,916.8599853515625,916.8599853515625,919.8800048828125,899.1300048828125,901.6900024414062,1917100000
2018-07-10,929.0499877929688,929.0499877929688,933.3699951171875,919.1699829101562,924.8699951171875,2067600000
2018-07-11,929.97998046875,929.97998046875,931.9299926757812,914.260009765625,919.22998046875,2295400000
2018-07-12,930.3400268554688,930.3400268554688,936.1099853515625,924.6799926757812,924.8300170898438,1710000000
2018-07-13,937.719970703125,937.719970703125,941.2999877929688,930.5,930.5,2571700000
2018-07-16,930.9199829101562,930.9199829101562,939.469970703125,918.8699951171875,937.1699829101562,1413300000
2018-07-17,919.9600219726562,919.9600219726562,925.7899780273438,916.0800170898438,925.0,2021300000
2018-07-18,926.7100219726562,926.7100219726562,928.7899780273438,920.5399780273438,921.8300170898438,2273300000
2018-07-19,920.969970703125,920.969970703125,932.4299926757812,920.1900024414062,929.5700073242188,2008600000
2018-07-20,925.1699829101562,925.1699829101562,925.7999877929688,918.1900024414062,920.1400146484375,2287800000
2018-07-23,936.969970703125,936.969970703125,938.6400146484375,928.2000122070312,928.6500244140625,1732200000
2018-07-24,939.1500244140625,939.1500244140625,943.4400024414062,937.0800170898438,941.6900024414062,2744900000
2018-07-25,936.469970703125,936.469970703125,942.5700073242188,936.3900146484375,941.5,2834900000
2018-07-26,938.8900146484375,938.8900146484375,942.6099853515625,935.4400024414062,940.469970703125,2882400000
2018-07-27,947.0499877929688,947.0499877929688,947.989990234375,936.760009765625,939.2000122070312,2773200000
2018-07-30,953.5399780273438,953.5399780273438,953.5399780273438,946.3599853515625,949.3200073242188,3292800000
2018-07-31,933.8900146484375,933.8900146484375,949.75,926.4000244140625,949.739990234375,3628500000
2018-08-01,954.3400268554688,954.3400268554688,954.3400268554688,935.1300048828125,937.97998046875,1587000000
2018-08-02,949.3800048828125,949.3800048828125,958.3300170898438,949.3800048828125,955.8699951171875,1431800000
2018-08-03,950.1799926757812,950.1799926757812,951.0599975585938,945.6599731445312,950.1500244140625,1166000000
2018-08-06,971.2100219726562,971.2100219726562,972.3200073242188,954.6099853515625,954.6599731445312,1830300000
2018-08-07,967.5800170898438,967.5800170898438,973.0700073242188,964.3200073242188,970.9299926757812,1535200000
2018-08-08,964.969970703125,964.969970703125,973.2000122070312,963.5599975585938,972.4400024414062,1398800000
2018-08-09,960.1500244140625,960.1500244140625,966.1900024414062,956.8499755859375,962.469970703125,1402800000
2018-08-10,963.0800170898438,963.0800170898438,969.0700073242188,959.239990234375,965.0,1519700000
2018-08-13,923.22998046875,923.22998046875,952.510009765625,923.22998046875,951.25,1525700000
2018-08-14,903.0900268554688,903.0900268554688,928.9400024414062,897.8300170898438,920.6199951171875,1762500000
2018-08-15,912.3800048828125,912.3800048828125,913.2100219726562,887.0399780273438,906.1900024414062,1422900000
2018-08-16,904.780029296875,904.780029296875,910.7100219726562,895.9199829101562,905.2999877929688,1234500000
2018-08-20,926.1400146484375,926.1400146484375,933.0,914.3699951171875,917.1199951171875,1306700000
2018-08-21,934.3900146484375,934.3900146484375,937.7899780273438,926.9099731445312,927.9000244140625,1189600000
2018-08-23,945.02001953125,945.02001953125,945.5900268554688,934.8400268554688,938.7999877929688,1585600000
2018-08-24,940.0900268554688,940.0900268554688,948.4199829101562,937.3599853515625,943.1400146484375,906600000
2018-08-27,953.3699951171875,953.3699951171875,953.3699951171875,945.760009765625,946.2899780273438,1195200000
2018-08-28,957.010009765625,957.010009765625,961.5900268554688,953.1500244140625,957.5700073242188,1177100000
2018-08-29,962.7100219726562,962.7100219726562,963.1099853515625,948.8099975585938,952.780029296875,1252100000
2018-08-30,952.6500244140625,952.6500244140625,966.8099975585938,951.4299926757812,965.219970703125,1188800000
2018-08-31,951.8800048828125,951.8800048828125,951.8800048828125,935.739990234375,944.2100219726562,1388400000
2018-09-03,941.489990234375,941.489990234375,953.6099853515625,938.719970703125,953.6099853515625,773200000
2018-09-04,931.6500244140625,931.6500244140625,943.9600219726562,927.969970703125,943.280029296875,1117200000
2018-09-05,890.5399780273438,890.5399780273438,922.5800170898438,880.1699829101562,922.5800170898438,2007100000
2018-09-06,909.6799926757812,909.6799926757812,914.5599975585938,885.1300048828125,885.1900024414062,1591300000
2018-09-07,926.7000122070312,926.7000122070312,926.7000122070312,907.1799926757812,910.8499755859375,1129600000
2018-09-10,921.7899780273438,921.7899780273438,923.2100219726562,909.2999877929688,922.7000122070312,773500000
2018-09-12,910.7899780273438,910.7899780273438,929.1300048828125,910.7899780273438,923.8200073242188,1415800000
2018-09-13,922.4600219726562,922.4600219726562,923.9500122070312,918.47998046875,919.8800048828125,1151800000
2018-09-14,936.8699951171875,936.8699951171875,936.8699951171875,923.719970703125,925.6199951171875,928200000
2018-09-17,913.969970703125,913.969970703125,931.6099853515625,911.8499755859375,931.1900024414062,783000000
2018-09-18,912.280029296875,912.280029296875,918.780029296875,904.6400146484375,912.5999755859375,1066100000
2018-09-19,923.6199951171875,923.6199951171875,926.1099853515625,918.22998046875,918.239990234375,897300000
2018-09-20,938.6300048828125,938.6300048828125,940.1900024414062,928.530029296875,929.7999877929688,1384900000
2018-09-21,943.4199829101562,943.4199829101562,946.989990234375,937.8900146484375,944.9000244140625,1405600000
2018-09-24,928.0,928.0,943.6300048828125,926.739990234375,943.6300048828125,1014200000
2018-09-25,926.6099853515625,926.6099853515625,930.6599731445312,921.4199829101562,926.239990234375,1461700000
2018-09-26,925.5,925.5,934.9600219726562,924.8699951171875,925.9299926757812,1787700000
2018-09-27,938.219970703125,938.219970703125,938.6099853515625,924.8200073242188,925.0499877929688,1238700000
2018-09-28,946.1500244140625,946.1500244140625,947.4099731445312,938.5599975585938,938.5599975585938,1504100000
2018-10-01,942.010009765625,942.010009765625,950.0599975585938,939.77001953125,939.77001953125,1119000000
2018-10-02,928.969970703125,928.969970703125,944.7100219726562,926.4000244140625,942.6699829101562,3215300000
2018-10-03,925.2999877929688,925.2999877929688,936.1400146484375,923.2100219726562,928.6900024414062,1962300000
2018-10-04,904.3400268554688,904.3400268554688,920.2999877929688,902.0900268554688,920.2999877929688,4094400000
2018-10-05,897.9500122070312,897.9500122070312,904.8800048828125,894.27001953125,899.8599853515625,2832600000
2018-10-08,904.1300048828125,904.1300048828125,912.5900268554688,896.6900024414062,897.1500244140625,2042500000
2018-10-09,911.8200073242188,911.8200073242188,911.8200073242188,902.0399780273438,906.8300170898438,1004100000
2018-10-10,914.969970703125,914.969970703125,918.3400268554688,910.4500122070312,916.4199829101562,1563600000
2018-10-11,893.6500244140625,893.6500244140625,900.52001953125,881.9600219726562,893.3800048828125,3113600000
2018-10-12,902.7899780273438,902.7899780273438,911.530029296875,898.5499877929688,898.5499877929688,1152600000
2018-10-15,900.2999877929688,900.2999877929688,915.9299926757812,899.7999877929688,910.3099975585938,1022600000
2018-10-16,917.4099731445312,917.4099731445312,917.4099731445312,898.5499877929688,902.9600219726562,989200000
2018-10-17,928.6599731445312,928.6599731445312,928.6599731445312,918.9400024414062,925.489990234375,1150800000
2018-10-18,920.2000122070312,920.2000122070312,925.6599731445312,913.6900024414062,924.0499877929688,1209900000
2018-10-19,916.4400024414062,916.4400024414062,921.1799926757812,909.530029296875,911.4600219726562,1986400000
2018-10-22,918.3599853515625,918.3599853515625,922.9500122070312,915.3699951171875,917.4600219726562,2393500000
2018-10-23,910.8800048828125,910.8800048828125,919.0599975585938,909.6699829101562,917.9199829101562,1830400000
2018-10-24,891.1300048828125,891.1300048828125,913.7899780273438,891.1300048828125,910.3499755859375,2615800000
2018-10-25,902.0599975585938,902.0599975585938,902.0599975585938,871.0499877929688,871.3400268554688,1193900000
2018-10-26,909.8699951171875,909.8699951171875,911.010009765625,899.0700073242188,903.6799926757812,1017700000
2018-10-29,904.1300048828125,904.1300048828125,915.239990234375,902.0599975585938,910.8699951171875,929800000
2018-10-30,913.7100219726562,913.7100219726562,914.0399780273438,900.8599853515625,904.22998046875,1491800000
2018-10-31,922.719970703125,922.719970703125,922.719970703125,909.1099853515625,920.7899780273438,1651600000
2018-11-01,925.6599731445312,925.6599731445312,933.9199829101562,920.9000244140625,928.5900268554688,1566900000
2018-11-02,941.5900268554688,941.5900268554688,941.5900268554688,922.9600219726562,934.9000244140625,1959900000
2018-11-05,944.7100219726562,944.7100219726562,944.7100219726562,936.510009765625,938.8400268554688,943100000
2018-11-06,944.97998046875,944.97998046875,952.9099731445312,940.4000244140625,950.1199951171875,1279300000
2018-11-07,947.9199829101562,947.9199829101562,950.1400146484375,936.6900024414062,949.5399780273438,1664300000
2018-11-08,955.3599853515625,955.3599853515625,960.0499877929688,949.0,956.0,1769400000
2018-11-09,931.010009765625,931.010009765625,945.02001953125,928.4000244140625,944.739990234375,1823700000
2018-11-12,907.6300048828125,907.6300048828125,931.9099731445312,907.6300048828125,928.9099731445312,1215600000
2018-11-13,920.1400146484375,920.1400146484375,924.0399780273438,900.6400146484375,902.030029296875,1375500000
2018-11-14,925.7899780273438,925.7899780273438,934.9600219726562,923.3300170898438,925.760009765625,2633300000
2018-11-15,946.22998046875,946.22998046875,947.9400024414062,931.0700073242188,932.510009765625,1374700000
2018-11-16,959.1599731445312,959.1599731445312,969.0999755859375,948.469970703125,951.0700073242188,1619100000
2018-11-19,956.3300170898438,956.3300170898438,963.6599731445312,949.2899780273438,963.1400146484375,1044200000
2018-11-21,945.3300170898438,945.3300170898438,951.719970703125,934.3800048828125,940.5900268554688,1572300000
2018-11-22,956.6300048828125,956.6300048828125,957.530029296875,942.489990234375,942.489990234375,1783300000
2018-11-23,959.8300170898438,959.8300170898438,961.8200073242188,951.760009765625,958.4299926757812,1138900000
2018-11-26,962.9500122070312,962.9500122070312,963.530029296875,956.8300170898438,957.719970703125,1837200000
2018-11-27,960.7000122070312,960.7000122070312,964.22998046875,955.6300048828125,957.8599853515625,1650400000
2018-11-28,954.1699829101562,954.1699829101562,964.5,954.1699829101562,964.1900024414062,2573500000
2018-11-29,977.6599731445312,977.6599731445312,977.6599731445312,963.75,964.02001953125,2298500000
2018-11-30,966.4600219726562,966.4600219726562,979.0399780273438,966.4600219726562,977.030029296875,3577000000
2018-12-03,978.7899780273438,978.7899780273438,987.9600219726562,976.8699951171875,981.9099731445312,2494800000
2018-12-04,985.9600219726562,985.9600219726562,985.9600219726562,977.739990234375,978.8599853515625,1961900000
2018-12-05,979.4500122070312,979.4500122070312,980.5599975585938,968.22998046875,972.1799926757812,1594200000
2018-12-06,976.969970703125,976.969970703125,977.4099731445312,968.5800170898438,969.9400024414062,1448200000
2018-12-07,977.5900268554688,977.5900268554688,982.6099853515625,972.8200073242188,975.3400268554688,1583400000
2018-12-10,974.989990234375,974.989990234375,975.8699951171875,968.52001953125,971.7899780273438,1108500000
2018-12-11,969.2999877929688,969.2999877929688,973.3099975585938,966.5700073242188,970.989990234375,1910700000
2018-12-12,975.260009765625,975.260009765625,976.4400024414062,970.0800170898438,974.5800170898438,2606800000
2018-12-13,987.219970703125,987.219970703125,989.5800170898438,980.1799926757812,981.5700073242188,2343500000
2018-12-14,986.6500244140625,986.6500244140625,989.5999755859375,984.1300048828125,987.4299926757812,1614900000
2018-12-17,971.1599731445312,971.1599731445312,987.989990234375,971.1599731445312,985.0999755859375,1382900000
2018-12-18,970.739990234375,970.739990234375,970.8599853515625,954.9099731445312,962.9000244140625,1204600000
2018-12-19,990.6300048828125,990.6300048828125,990.6300048828125,969.2999877929688,969.3400268554688,1868100000
2018-12-20,985.0599975585938,985.0599975585938,986.0399780273438,977.6599731445312,982.8499755859375,1247100000
2018-12-21,989.1799926757812,989.1799926757812,990.3099975585938,976.6900024414062,977.5599975585938,1557600000
2018-12-26,980.0499877929688,980.0499877929688,985.2100219726562,974.0999755859375,979.9500122070312,1037800000
2018-12-27,988.0,988.0,994.219970703125,984.1900024414062,991.4600219726562,985300000
2018-12-28,982.72998046875,982.72998046875,993.4600219726562,982.72998046875,990.4099731445312,1084300000
2019-01-02,984.3499755859375,984.3499755859375,986.5700073242188,980.2100219726562,983.5800170898438,1136800000
2019-01-03,990.8800048828125,990.8800048828125,990.8800048828125,981.1599731445312,983.0900268554688,1294000000
2019-01-04,1001.6400146484375,1001.6400146484375,1001.6400146484375,985.9400024414062,988.4000244140625,1978200000
2019-01-07,1002.780029296875,1002.780029296875,1017.8300170898438,1002.780029296875,1012.4000244140625,2613300000
2019-01-08,997.4199829101562,997.4199829101562,1008.4400024414062,994.010009765625,1004.0399780273438,1774800000
2019-01-09,996.77001953125,996.77001953125,1006.8699951171875,995.5399780273438,1005.739990234375,2754500000
2019-01-10,1009.6300048828125,1009.6300048828125,1009.6300048828125,995.1699829101562,1002.2000122070312,3566000000
2019-01-11,1013.3200073242188,1013.3200073242188,1015.1099853515625,1008.489990234375,1014.4500122070312,1432400000
2019-01-14,1007.5900268554688,1007.5900268554688,1011.8099975585938,1000.9000244140625,1010.780029296875,1716300000
2019-01-15,1019.2999877929688,1019.2999877929688,1019.2999877929688,1006.27001953125,1010.3400268554688,2566300000
2019-01-16,1021.5999755859375,1021.5999755859375,1023.8599853515625,1015.77001953125,1021.3800048828125,2640900000
2019-01-17,1024.9100341796875,1024.9100341796875,1030.550048828125,1021.4199829101562,1023.6099853515625,1998200000
2019-01-18,1030.68994140625,1030.68994140625,1030.93994140625,1020.6500244140625,1030.02001953125,1279400000
2019-01-21,1029.06005859375,1029.06005859375,1033.5,1027.22998046875,1030.7900390625,1349700000
2019-01-22,1031.06005859375,1031.06005859375,1031.06005859375,1019.9299926757812,1029.5,1249700000
2019-01-23,1022.4600219726562,1022.4600219726562,1030.9599609375,1022.4500122070312,1027.1500244140625,1510100000
2019-01-24,1023.1300048828125,1023.1300048828125,1025.75,1019.1300048828125,1022.47998046875,1976600000
2019-01-25,1025.7900390625,1025.7900390625,1029.030029296875,1022.5800170898438,1025.010009765625,1622000000
2019-01-28,1019.1400146484375,1019.1400146484375,1029.25,1013.469970703125,1027.31005859375,1752900000
2019-01-29,1015.52001953125,1015.52001953125,1025.0699462890625,1014.1599731445312,1018.0800170898438,1505700000
2019-01-30,1023.5399780273438,1023.5399780273438,1024.77001953125,1015.3800048828125,1017.75,1687000000
2019-01-31,1038.969970703125,1038.969970703125,1039.5400390625,1030.31005859375,1030.3499755859375,2341300000
2019-02-01,1041.6800537109375,1041.6800537109375,1048.9200439453125,1035.5400390625,1043.6300048828125,1454900000
2019-02-04,1024.050048828125,1024.050048828125,1044.52001953125,1023.1699829101562,1042.2099609375,1497300000
2019-02-06,1035.6400146484375,1035.6400146484375,1038.0799560546875,1029.47998046875,1029.47998046875,2140900000
2019-02-07,1033.0400390625,1033.0400390625,1038.1600341796875,1028.6600341796875,1037.6199951171875,1649500000
2019-02-08,1027.8900146484375,1027.8900146484375,1029.97998046875,1024.3299560546875,1027.3599853515625,1187400000
2019-02-11,1020.760009765625,1020.760009765625,1029.6700439453125,1020.760009765625,1028.3900146484375,1155600000
2019-02-12,1008.8200073242188,1008.8200073242188,1023.8900146484375,1002.8499755859375,1022.739990234375,2511800000
2019-02-13,1004.1799926757812,1004.1799926757812,1014.8599853515625,1002.2000122070312,1013.4000244140625,1722600000
2019-02-14,1000.77001953125,1000.77001953125,1009.2100219726562,999.2999877929688,1006.6900024414062,2391100000
2019-02-15,994.969970703125,994.969970703125,1003.0,991.0,1002.239990234375,1744500000
2019-02-18,1017.8099975585938,1017.8099975585938,1019.6699829101562,1004.3300170898438,1004.6099853515625,1474600000
2019-02-19,1013.9500122070312,1013.9500122070312,1024.300048828125,1013.9500122070312,1018.5599975585938,1275300000
2019-02-20,1019.3300170898438,1019.3300170898438,1026.02001953125,1011.97998046875,1020.6699829101562,1960100000
2019-02-21,1024.43994140625,1024.43994140625,1025.3900146484375,1015.22998046875,1018.8099975585938,1524600000
2019-02-22,1015.469970703125,1015.469970703125,1022.1699829101562,1011.4400024414062,1019.6400146484375,1232700000
2019-02-25,1020.0399780273438,1020.0399780273438,1023.3499755859375,1016.3300170898438,1020.5599975585938,2120200000
2019-02-26,1024.9200439453125,1024.9200439453125,1024.9200439453125,1014.510009765625,1020.5999755859375,3339000000
2019-02-27,1021.780029296875,1021.780029296875,1024.969970703125,1017.0499877929688,1022.760009765625,1902000000
2019-02-28,1006.0999755859375,1006.0999755859375,1022.0900268554688,1004.5800170898438,1022.030029296875,2145900000
2019-03-01,1018.1699829101562,1018.1699829101562,1019.989990234375,1011.469970703125,1012.25,1003400000
2019-03-04,1017.8400268554688,1017.8400268554688,1026.4599609375,1017.8400268554688,1020.1699829101562,935100000
2019-03-05,1007.7899780273438,1007.7899780273438,1017.2000122070312,1002.47998046875,1017.1799926757812,1102000000
2019-03-06,1009.3099975585938,1009.3099975585938,1013.6199951171875,1004.1300048828125,1012.5599975585938,1031400000
2019-03-08,994.97998046875,994.97998046875,1006.780029296875,994.97998046875,1004.8599853515625,1713200000
2019-03-11,995.4199829101562,995.4199829101562,1003.8499755859375,994.4400024414062,1003.719970703125,950500000
2019-03-12,994.02001953125,994.02001953125,1003.7899780273438,991.8800048828125,1002.5599975585938,972100000
2019-03-13,996.0700073242188,996.0700073242188,997.2899780273438,989.3400268554688,991.27001953125,1040300000
2019-03-14,1004.1799926757812,1004.1799926757812,1004.260009765625,994.9000244140625,995.3800048828125,1136000000
2019-03-15,1014.8099975585938,1014.8099975585938,1020.6300048828125,1005.77001953125,1005.9099731445312,1624300000
2019-03-18,1024.969970703125,1024.969970703125,1024.969970703125,1017.77001953125,1019.8099975585938,948100000
2019-03-19,1019.3400268554688,1019.3400268554688,1027.6400146484375,1017.3900146484375,1026.3499755859375,947300000
2019-03-20,1020.3900146484375,1020.3900146484375,1022.0399780273438,1016.1300048828125,1020.9400024414062,1008700000
2019-03-21,1024.6199951171875,1024.6199951171875,1026.6099853515625,1020.3800048828125,1024.4300537109375,1184100000
2019-03-22,1025.9300537109375,1025.9300537109375,1027.6300048828125,1022.1900024414062,1026.780029296875,837600000
2019-03-25,1004.030029296875,1004.030029296875,1016.6300048828125,1001.2000122070312,1013.3200073242188,1147300000
2019-03-26,1017.5800170898438,1017.5800170898438,1017.5800170898438,1010.3800048828125,1011.22998046875,859200000
2019-03-27,1010.4199829101562,1010.4199829101562,1020.6400146484375,1010.4199829101562,1020.2000122070312,940100000
2019-03-28,1019.010009765625,1019.010009765625,1019.010009765625,1011.9000244140625,1014.25,1189200000
2019-03-29,1019.0399780273438,1019.0399780273438,1020.2999877929688,1012.6099853515625,1018.9400024414062,1290800000
2019-04-01,1016.1799926757812,1016.1799926757812,1024.0699462890625,1016.1799926757812,1023.1300048828125,1135400000
2019-04-02,1019.7100219726562,1019.7100219726562,1024.050048828125,1014.719970703125,1022.0,923300000
2019-04-04,1025.9599609375,1025.9599609375,1026.699951171875,1021.27001953125,1023.1900024414062,1264100000
2019-04-05,1021.27001953125,1021.27001953125,1027.93994140625,1021.27001953125,1027.5999755859375,919500000
2019-04-08,1015.2899780273438,1015.2899780273438,1023.2100219726562,1004.989990234375,1022.739990234375,1127300000
2019-04-09,1024.3599853515625,1024.3599853515625,1025.5400390625,1014.8900146484375,1017.3800048828125,1071300000
2019-04-10,1024.1300048828125,1024.1300048828125,1024.81005859375,1019.0499877929688,1022.489990234375,1115700000
2019-04-11,1007.969970703125,1007.969970703125,1022.5599975585938,1007.969970703125,1021.6799926757812,932300000
2019-04-12,1008.469970703125,1008.469970703125,1010.9000244140625,1004.0999755859375,1004.0999755859375,1046100000
2019-04-15,1013.27001953125,1013.27001953125,1015.760009765625,1008.6699829101562,1013.719970703125,1035600000
2019-04-16,1023.9400024414062,1023.9400024414062,1024.969970703125,1013.5700073242188,1014.47998046875,1403800000
2019-04-18,1030.1199951171875,1030.1199951171875,1059.6500244140625,1026.6800537109375,1045.2099609375,2169400000
2019-04-22,1012.5499877929688,1012.5499877929688,1032.1700439453125,1010.4600219726562,1031.0,1121200000
2019-04-23,1022.5,1022.5,1026.0899658203125,1011.5900268554688,1013.8900146484375,1254600000
2019-04-24,1020.1199951171875,1020.1199951171875,1024.4100341796875,1016.4400024414062,1021.989990234375,1159400000
2019-04-25,1004.989990234375,1004.989990234375,1016.0399780273438,1001.0900268554688,1014.0900268554688,1235200000
2019-04-26,1010.6699829101562,1010.6699829101562,1010.6699829101562,994.8800048828125,999.3300170898438,945100000
2019-04-29,1013.469970703125,1013.469970703125,1015.27001953125,1003.9400024414062,1007.3300170898438,933300000
2019-04-30,1019.3300170898438,1019.3300170898438,1020.22998046875,1015.02001953125,1016.4500122070312,1286200000
2019-05-02,1006.9500122070312,1006.9500122070312,1021.47998046875,1004.5599975585938,1019.9099731445312,1489000000
2019-05-03,997.3400268554688,997.3400268554688,1005.5,987.9500122070312,1004.9199829101562,1338300000
2019-05-06,985.7100219726562,985.7100219726562,985.7100219726562,973.469970703125,981.0499877929688,1128500000
2019-05-07,994.1699829101562,994.1699829101562,996.9600219726562,988.72998046875,989.6400146484375,1073500000
2019-05-08,988.9099731445312,988.9099731445312,988.9099731445312,980.1300048828125,985.030029296875,994800000
2019-05-09,971.75,971.75,983.8800048828125,970.5900268554688,981.22998046875,1329700000
2019-05-10,972.989990234375,972.989990234375,977.739990234375,961.969970703125,972.77001953125,1241000000
2019-05-13,960.8699951171875,960.8699951171875,978.8099975585938,960.8699951171875,976.8499755859375,943000000
2019-05-14,950.75,950.75,957.5800170898438,940.9099731445312,947.5499877929688,1430700000
2019-05-15,932.2899780273438,932.2899780273438,957.510009765625,932.2899780273438,955.6900024414062,1257500000
2019-05-16,915.4400024414062,915.4400024414062,938.0800170898438,913.3699951171875,929.8699951171875,1156500000
2019-05-17,900.1699829101562,900.1699829101562,925.0800170898438,900.1699829101562,923.6900024414062,1312500000
2019-05-20,917.2000122070312,917.2000122070312,923.3800048828125,888.02001953125,899.4000244140625,1431100000
2019-05-21,925.1400146484375,925.1400146484375,933.989990234375,920.6400146484375,921.989990234375,1546500000
2019-05-22,921.739990234375,921.739990234375,928.1400146484375,917.5999755859375,924.25,669700000
2019-05-23,943.9600219726562,943.9600219726562,945.77001953125,922.6699829101562,923.1599731445312,1192200000
2019-05-24,949.3499755859375,949.3499755859375,954.9099731445312,944.9099731445312,945.9199829101562,932500000
2019-05-27,959.1599731445312,959.1599731445312,961.77001953125,948.5399780273438,949.2100219726562,1058200000
2019-05-28,944.8599853515625,944.8599853515625,962.7000122070312,944.8599853515625,959.9099731445312,2595400000
2019-05-29,959.3400268554688,959.3400268554688,961.8300170898438,950.1400146484375,951.469970703125,1084500000
2019-05-31,982.8800048828125,982.8800048828125,982.8800048828125,961.1500244140625,961.5399780273438,1509800000
2019-06-10,1002.0,1002.0,1011.239990234375,999.77001953125,1000.3499755859375,1831500000
2019-06-11,1002.3200073242188,1002.3200073242188,1004.77001953125,992.489990234375,1001.1699829101562,1120500000
2019-06-12,996.1900024414062,996.1900024414062,998.1099853515625,991.5999755859375,992.8900146484375,1018500000
2019-06-13,994.3900146484375,994.3900146484375,997.8400268554688,989.2000122070312,997.72998046875,983400000
2019-06-14,991.02001953125,991.02001953125,999.0,987.75,995.9199829101562,833600000
2019-06-17,980.2899780273438,980.2899780273438,993.2000122070312,980.2899780273438,993.0499877929688,849500000
2019-06-18,994.7000122070312,994.7000122070312,994.7000122070312,980.989990234375,981.3900146484375,1180900000
2019-06-19,1011.47998046875,1011.47998046875,1011.47998046875,1002.4600219726562,1002.5599975585938,1363300000
2019-06-20,1009.0499877929688,1009.0499877929688,1014.5499877929688,1002.97998046875,1013.27001953125,1392700000
2019-06-21,1005.0700073242188,1005.0700073242188,1012.3699951171875,993.8200073242188,1010.8900146484375,1603100000
2019-06-24,998.0399780273438,998.0399780273438,1004.969970703125,996.5499877929688,1003.0499877929688,919700000
2019-06-25,1003.9299926757812,1003.9299926757812,1004.75,1000.3200073242188,1003.8200073242188,1455700000
2019-06-26,1001.1300048828125,1001.1300048828125,1006.97998046875,1000.1900024414062,1004.75,1581900000
2019-06-27,1011.3800048828125,1011.3800048828125,1012.52001953125,1003.510009765625,1004.510009765625,1275500000
2019-06-28,1013.9600219726562,1013.9600219726562,1016.989990234375,1010.6300048828125,1014.8499755859375,1121900000
2019-07-01,1020.8599853515625,1020.8599853515625,1022.0,1017.0499877929688,1019.7100219726562,1674100000
2019-07-02,1023.2000122070312,1023.2000122070312,1023.8599853515625,1017.2899780273438,1023.1500244140625,2279400000
2019-07-03,1020.219970703125,1020.219970703125,1022.739990234375,1013.6900024414062,1017.5999755859375,1610200000
2019-07-04,1020.4199829101562,1020.4199829101562,1021.75,1017.2999877929688,1020.27001953125,1852600000
2019-07-05,1018.72998046875,1018.72998046875,1021.7100219726562,1016.0900268554688,1020.02001953125,1215400000
2019-07-08,1012.6699829101562,1012.6699829101562,1016.8099975585938,1008.5700073242188,1015.219970703125,797400000
2019-07-09,1020.6900024414062,1020.6900024414062,1020.6900024414062,1012.25,1012.4400024414062,965600000
2019-07-10,1025.18994140625,1025.18994140625,1025.239990234375,1020.47998046875,1021.9199829101562,1042400000
2019-07-11,1026.22998046875,1026.22998046875,1029.6099853515625,1021.760009765625,1028.5799560546875,1611700000
2019-07-12,1017.3499755859375,1017.3499755859375,1026.4100341796875,1017.2000122070312,1025.3299560546875,1530700000
2019-07-15,1028.1400146484375,1028.1400146484375,1032.3599853515625,1024.780029296875,1026.1700439453125,2120800000
2019-07-16,1025.530029296875,1025.530029296875,1028.760009765625,1023.0,1026.8599853515625,1922600000
2019-07-17,1023.969970703125,1023.969970703125,1025.47998046875,1020.1099853515625,1023.780029296875,3408800000
2019-07-18,1025.2900390625,1025.2900390625,1027.31005859375,1018.2100219726562,1021.469970703125,2850400000
2019-07-19,1033.43994140625,1033.43994140625,1033.43994140625,1027.8499755859375,1028.81005859375,3274900000
2019-07-22,1030.3299560546875,1030.3299560546875,1035.5899658203125,1027.260009765625,1034.6700439453125,2765800000
2019-07-23,1027.1099853515625,1027.1099853515625,1033.3599853515625,1025.1700439453125,1032.4100341796875,2131700000
2019-07-24,1022.0900268554688,1022.0900268554688,1030.1300048828125,1021.47998046875,1029.4300537109375,5133900000
2019-07-25,1024.3599853515625,1024.3599853515625,1026.9000244140625,1021.5999755859375,1023.8300170898438,2953500000
2019-07-26,1009.3099975585938,1009.3099975585938,1019.7100219726562,1006.9299926757812,1018.5,1797100000
2019-07-29,1007.3499755859375,1007.3499755859375,1014.3300170898438,1003.469970703125,1012.3200073242188,961800000
2019-07-30,1020.280029296875,1020.280029296875,1020.4199829101562,1011.25,1012.02001953125,1154300000
2019-07-31,1022.4299926757812,1022.4299926757812,1022.6099853515625,1013.489990234375,1016.4400024414062,1718900000
2019-08-01,1016.75,1016.75,1022.8900146484375,1015.1699829101562,1020.9500122070312,1498900000
2019-08-02,1008.4299926757812,1008.4299926757812,1010.4199829101562,1003.9000244140625,1006.8900146484375,1365600000
2019-08-05,975.75,975.75,1002.8200073242188,975.5900268554688,1001.5700073242188,1825600000
2019-08-06,960.75,960.75,971.5999755859375,944.5499877929688,957.0700073242188,2087000000
2019-08-07,976.3300170898438,976.3300170898438,980.2000122070312,967.8099975585938,970.27001953125,1719900000
2019-08-08,990.3599853515625,990.3599853515625,991.4400024414062,980.0399780273438,981.4600219726562,1322500000
2019-08-09,991.030029296875,991.030029296875,999.8499755859375,991.030029296875,996.260009765625,1134400000
2019-08-12,985.4600219726562,985.4600219726562,997.280029296875,983.2899780273438,996.3499755859375,891800000
2019-08-13,976.3400268554688,976.3400268554688,986.530029296875,972.3599853515625,986.530029296875,1139000000
2019-08-14,986.9299926757812,986.9299926757812,989.72998046875,981.2999877929688,987.4099731445312,1255200000
2019-08-15,983.3099975585938,983.3099975585938,983.3099975585938,963.9000244140625,967.8699951171875,1194200000
2019-08-16,980.2899780273438,980.2899780273438,986.3499755859375,977.4600219726562,985.0800170898438,1272800000
2019-08-19,984.1300048828125,984.1300048828125,989.3800048828125,980.6199951171875,986.27001953125,926800000
2019-08-20,982.7000122070312,982.7000122070312,988.2899780273438,979.4000244140625,987.7999877929688,1175900000
2019-08-21,971.5499877929688,971.5499877929688,984.3800048828125,971.5499877929688,981.3200073242188,1009600000
2019-08-22,972.3800048828125,972.3800048828125,975.219970703125,963.9000244140625,972.6300048828125,1208100000
2019-08-23,975.260009765625,975.260009765625,975.260009765625,962.9000244140625,968.9400024414062,1113100000
2019-08-26,967.8900146484375,967.8900146484375,968.9600219726562,951.47998046875,960.0999755859375,1255500000
2019-08-27,979.6599731445312,979.6599731445312,982.0499877929688,967.72998046875,975.4299926757812,1918800000
2019-08-28,980.1300048828125,980.1300048828125,985.3499755859375,977.030029296875,982.739990234375,1251600000
2019-08-29,981.9500122070312,981.9500122070312,985.25,979.1400146484375,981.75,1025600000
2019-08-30,995.760009765625,995.760009765625,995.760009765625,985.280029296875,988.6799926757812,1370500000
2019-09-02,986.4500122070312,986.4500122070312,997.2899780273438,986.239990234375,996.3099975585938,1531000000
2019-09-03,977.2100219726562,977.2100219726562,991.27001953125,973.739990234375,987.2999877929688,1313200000
2019-09-04,976.780029296875,976.780029296875,979.1799926757812,970.52001953125,979.1099853515625,1148900000
2019-09-05,986.2000122070312,986.2000122070312,986.280029296875,978.5399780273438,983.7899780273438,1102200000
2019-09-06,988.780029296875,988.780029296875,993.7899780273438,985.780029296875,992.3900146484375,1179400000
2019-09-09,989.969970703125,989.969970703125,993.8200073242188,986.219970703125,993.6500244140625,1202400000
2019-09-10,992.8599853515625,992.8599853515625,992.9600219726562,987.4099731445312,991.4400024414062,1349100000
2019-09-11,1002.5499877929688,1002.5499877929688,1002.5499877929688,988.010009765625,992.2100219726562,1470800000
2019-09-12,992.6199951171875,992.6199951171875,1009.3499755859375,992.6199951171875,1006.5599975585938,1219900000
2019-09-13,992.25,992.25,1000.6799926757812,989.969970703125,1000.1099853515625,905100000
2019-09-16,983.25,983.25,985.77001953125,973.719970703125,985.0399780273438,1521600000
2019-09-17,985.9199829101562,985.9199829101562,986.72998046875,978.280029296875,981.4500122070312,1165100000
2019-09-18,991.8400268554688,991.8400268554688,991.8400268554688,984.8599853515625,985.9199829101562,1124400000
2019-09-19,982.7999877929688,982.7999877929688,991.3800048828125,982.1900024414062,990.010009765625,923400000
2019-09-20,980.77001953125,980.77001953125,985.3800048828125,976.2899780273438,983.5700073242188,1537300000
2019-09-23,976.780029296875,976.780029296875,983.6400146484375,974.8800048828125,981.9600219726562,956200000
2019-09-24,961.530029296875,961.530029296875,972.9500122070312,959.280029296875,971.7999877929688,1162100000
2019-09-25,961.1300048828125,961.1300048828125,961.3200073242188,948.0,956.8300170898438,879600000
2019-09-26,979.1199951171875,979.1199951171875,979.8499755859375,964.9000244140625,966.7999877929688,987400000
2019-09-27,972.4500122070312,972.4500122070312,976.22998046875,970.6500244140625,974.3499755859375,750500000
2019-09-30,968.1500244140625,968.1500244140625,972.0900268554688,962.969970703125,970.760009765625,976500000
2019-10-01,960.1500244140625,960.1500244140625,968.8900146484375,960.1099853515625,967.0599975585938,794100000
2019-10-02,941.739990234375,941.739990234375,963.2000122070312,941.739990234375,956.5700073242188,991400000
2019-10-03,935.4299926757812,935.4299926757812,939.4400024414062,928.3400268554688,935.3900146484375,1556000000
2019-10-04,942.6400146484375,942.6400146484375,945.6599731445312,939.0900268554688,940.7100219726562,1540600000
2019-10-07,931.0399780273438,931.0399780273438,947.6599731445312,929.219970703125,947.0499877929688,899000000
2019-10-08,937.989990234375,937.989990234375,940.9299926757812,931.9500122070312,937.260009765625,991800000
2019-10-09,934.75,934.75,939.260009765625,933.47998046875,935.989990234375,943200000
2019-10-10,933.4199829101562,933.4199829101562,937.760009765625,932.47998046875,932.8800048828125,1078200000
2019-10-11,948.0700073242188,948.0700073242188,949.469970703125,936.3900146484375,936.4299926757812,930400000
2019-10-14,954.47998046875,954.47998046875,958.9000244140625,949.3099975585938,954.4199829101562,874300000
2019-10-15,959.739990234375,959.739990234375,959.739990234375,950.9600219726562,955.510009765625,987200000
2019-10-16,962.6099853515625,962.6099853515625,963.9099731445312,957.1199951171875,962.4099731445312,1078400000
2019-10-17,967.77001953125,967.77001953125,967.9500122070312,961.97998046875,962.3900146484375,1203900000
2019-10-18,974.5999755859375,974.5999755859375,976.8599853515625,967.77001953125,968.7999877929688,1766300000
2019-10-21,975.6900024414062,975.6900024414062,981.7000122070312,972.9099731445312,978.530029296875,975700000
2019-10-22,982.9099731445312,982.9099731445312,982.9099731445312,971.0700073242188,977.22998046875,1008200000
2019-10-23,992.1199951171875,992.1199951171875,992.1199951171875,977.1599731445312,982.4000244140625,1272200000
2019-10-24,1011.4600219726562,1011.4600219726562,1011.9099731445312,994.489990234375,995.780029296875,1579900000
2019-10-25,991.3099975585938,991.3099975585938,1012.6500244140625,989.6500244140625,1012.1400146484375,1143200000
2019-10-28,993.5800170898438,993.5800170898438,996.7999877929688,988.9400024414062,991.989990234375,895400000
2019-10-29,997.8499755859375,997.8499755859375,997.8499755859375,989.5999755859375,993.6699829101562,1319600000
2019-10-30,999.010009765625,999.010009765625,1002.4199829101562,992.719970703125,1002.260009765625,1021400000
2019-10-31,984.8400268554688,984.8400268554688,997.5700073242188,979.0700073242188,996.3499755859375,1755100000
2019-11-01,980.0900268554688,980.0900268554688,985.780029296875,976.7899780273438,984.1599731445312,1615200000
2019-11-04,976.1699829101562,976.1699829101562,988.0700073242188,976.1699829101562,983.010009765625,1181800000
2019-11-05,999.760009765625,999.760009765625,999.760009765625,980.1199951171875,982.0399780273438,1307100000
2019-11-06,988.010009765625,988.010009765625,1001.8699951171875,985.7999877929688,1001.8099975585938,1280500000
2019-11-07,978.3599853515625,978.3599853515625,992.1699829101562,966.1799926757812,992.0999755859375,1407700000
2019-11-08,981.6900024414062,981.6900024414062,982.5900268554688,970.780029296875,977.8099975585938,1149500000
2019-11-11,978.469970703125,978.469970703125,981.6699829101562,974.3499755859375,979.0599975585938,809300000
2019-11-12,984.219970703125,984.219970703125,984.219970703125,973.8300170898438,974.4500122070312,942300000
2019-11-13,974.8800048828125,974.8800048828125,983.719970703125,971.8900146484375,982.8800048828125,949600000
2019-11-14,964.5800170898438,964.5800170898438,974.6400146484375,956.760009765625,972.6599731445312,998100000
2019-11-15,975.3699951171875,975.3699951171875,977.2100219726562,963.989990234375,969.9299926757812,831100000
2019-11-18,974.219970703125,974.219970703125,976.9099731445312,970.2999877929688,974.1300048828125,833800000
2019-11-19,985.9000244140625,985.9000244140625,985.9000244140625,972.9000244140625,977.989990234375,973400000
2019-11-20,988.3300170898438,988.3300170898438,990.2999877929688,978.4199829101562,981.5900268554688,1038000000
2019-11-21,980.3200073242188,980.3200073242188,983.489990234375,975.3900146484375,983.010009765625,885900000
2019-11-22,977.4600219726562,977.4600219726562,982.469970703125,975.260009765625,979.9099731445312,849400000
2019-11-25,967.760009765625,967.760009765625,977.5,965.1099853515625,975.719970703125,824300000
2019-11-26,958.8200073242188,958.8200073242188,973.7999877929688,958.8200073242188,973.2999877929688,2631300000
2019-11-27,961.1900024414062,961.1900024414062,967.2100219726562,953.1699829101562,957.6300048828125,1025700000
2019-11-28,946.010009765625,946.010009765625,963.9199829101562,944.9299926757812,957.8099975585938,1003100000
2019-11-29,956.8200073242188,956.8200073242188,960.1199951171875,942.47998046875,945.739990234375,904900000
2019-12-02,978.260009765625,978.260009765625,978.260009765625,959.9299926757812,960.7100219726562,985600000
2019-12-03,977.77001953125,977.77001953125,980.8800048828125,972.5599975585938,975.5700073242188,901000000
2019-12-04,974.1300048828125,974.1300048828125,977.5,970.6300048828125,974.989990234375,949800000
2019-12-05,986.3599853515625,986.3599853515625,986.6900024414062,978.8300170898438,979.260009765625,1212700000
2019-12-06,992.52001953125,992.52001953125,993.1199951171875,982.77001953125,988.1799926757812,1027600000
2019-12-09,993.239990234375,993.239990234375,996.3900146484375,989.489990234375,994.0800170898438,1240300000
2019-12-10,992.1099853515625,992.1099853515625,994.9299926757812,990.1199951171875,990.8400268554688,1022800000
2019-12-11,990.1199951171875,990.1199951171875,995.030029296875,988.3099975585938,993.6199951171875,1033900000
2019-12-12,982.22998046875,982.22998046875,995.4400024414062,982.22998046875,991.5599975585938,1134200000
2019-12-13,997.6500244140625,997.6500244140625,997.6500244140625,990.8099975585938,993.1199951171875,1349900000
2019-12-16,1001.0,1001.0,1006.4299926757812,997.989990234375,997.989990234375,1537900000
2019-12-17,1008.1300048828125,1008.1300048828125,1008.1300048828125,998.8699951171875,1004.0800170898438,1285100000
2019-12-18,1019.0900268554688,1019.0900268554688,1019.0900268554688,1002.7899780273438,1007.7999877929688,1367600000
2019-12-19,1009.5,1009.5,1017.0499877929688,1006.1199951171875,1015.5999755859375,1121300000
2019-12-20,1018.3200073242188,1018.3200073242188,1018.3200073242188,1006.5499877929688,1010.8499755859375,1284000000
2019-12-23,1021.6199951171875,1021.6199951171875,1025.8499755859375,1014.6199951171875,1025.719970703125,953400000
2019-12-26,1021.5599975585938,1021.5599975585938,1024.6600341796875,1019.5399780273438,1020.0399780273438,798800000
2019-12-27,1022.719970703125,1022.719970703125,1024.25,1020.5999755859375,1021.6599731445312,716700000
2019-12-30,1014.469970703125,1014.469970703125,1023.8800048828125,1014.469970703125,1022.3400268554688,809200000
2020-01-02,1011.6199951171875,1011.6199951171875,1017.52001953125,1007.5,1017.1599731445312,612700000
2020-01-03,1021.489990234375,1021.489990234375,1021.489990234375,1012.969970703125,1016.719970703125,1083700000
2020-01-06,1010.22998046875,1010.22998046875,1016.1599731445312,1005.8300170898438,1012.9299926757812,1118000000
2020-01-07,1014.6400146484375,1014.6400146484375,1016.530029296875,1008.489990234375,1013.780029296875,1186500000
2020-01-08,1005.4500122070312,1005.4500122070312,1010.4400024414062,1004.0999755859375,1007.0999755859375,1373600000
2020-01-09,1016.8400268554688,1016.8400268554688,1016.8400268554688,1009.8599853515625,1011.489990234375,1042000000
2020-01-10,1018.010009765625,1018.010009765625,1021.1099853515625,1016.4099731445312,1020.1699829101562,965200000
2020-01-13,1025.2900390625,1025.2900390625,1025.2900390625,1018.7100219726562,1021.5900268554688,1143700000
2020-01-14,1032.3199462890625,1032.3199462890625,1032.3199462890625,1025.4599609375,1028.239990234375,1227900000
2020-01-15,1025.0699462890625,1025.0699462890625,1036.6199951171875,1018.5499877929688,1032.510009765625,1277400000
2020-01-16,1025.81005859375,1025.81005859375,1028.27001953125,1017.780029296875,1023.2000122070312,1154000000
2020-01-17,1029.6400146484375,1029.6400146484375,1029.6600341796875,1023.3400268554688,1027.6300048828125,931000000
2020-01-20,1022.010009765625,1022.010009765625,1035.4200439453125,1020.6500244140625,1034.93994140625,1056300000
2020-01-21,1022.6799926757812,1022.6799926757812,1025.1300048828125,1017.9600219726562,1023.97998046875,846500000
2020-01-22,1020.8400268554688,1020.8400268554688,1026.969970703125,1019.9000244140625,1024.1700439453125,987100000
2020-01-23,1024.5899658203125,1024.5899658203125,1025.6199951171875,1019.3800048828125,1023.72998046875,802000000
2020-01-24,1025.5,1025.5,1028.6300048828125,1020.0599975585938,1022.8400268554688,708100000
2020-01-27,1003.7899780273438,1003.7899780273438,1024.9100341796875,1003.6500244140625,1024.6500244140625,893900000
2020-01-28,1000.6699829101562,1000.6699829101562,1001.6699829101562,989.3900146484375,997.5800170898438,983000000
2020-01-29,1000.3200073242188,1000.3200073242188,1009.1500244140625,998.5599975585938,1003.6699829101562,877600000
2020-01-30,987.2000122070312,987.2000122070312,1004.8900146484375,986.8099975585938,1004.8400268554688,806800000
2020-01-31,961.97998046875,961.97998046875,991.7899780273438,961.97998046875,991.4000244140625,1328500000
2020-02-03,953.260009765625,953.260009765625,965.260009765625,950.1699829101562,956.3900146484375,1092300000
2020-02-04,964.8400268554688,964.8400268554688,970.6300048828125,961.280029296875,970.6300048828125,1344800000
2020-02-05,976.5599975585938,976.5599975585938,976.5599975585938,964.47998046875,972.6400146484375,1167000000
2020-02-06,975.7100219726562,975.7100219726562,984.6099853515625,973.2000122070312,983.3300170898438,1053900000
2020-02-07,977.0,977.0,979.4500122070312,974.5900268554688,976.5700073242188,1069000000
2020-02-10,968.3400268554688,968.3400268554688,975.8200073242188,962.969970703125,974.9600219726562,1175900000
2020-02-11,967.3800048828125,967.3800048828125,973.9400024414062,964.9299926757812,971.7000122070312,805000000
2020-02-12,960.97998046875,960.97998046875,969.5800170898438,958.5399780273438,968.3400268554688,1089800000
2020-02-13,954.2100219726562,954.2100219726562,964.9000244140625,951.8099975585938,963.530029296875,902900000
2020-02-14,953.9500122070312,953.9500122070312,958.4600219726562,946.989990234375,949.6099853515625,905300000
2020-02-17,954.1699829101562,954.1699829101562,957.9199829101562,950.52001953125,952.8800048828125,845500000
2020-02-18,956.280029296875,956.280029296875,963.5499877929688,951.1199951171875,951.5700073242188,1094500000
2020-02-19,964.3900146484375,964.3900146484375,964.6599731445312,959.9299926757812,960.0,1018400000
2020-02-20,968.5399780273438,968.5399780273438,971.6500244140625,965.0399780273438,967.989990234375,1106100000
2020-02-21,957.3699951171875,957.3699951171875,968.989990234375,955.8599853515625,968.1699829101562,1224000000
2020-02-24,941.52001953125,941.52001953125,953.9099731445312,939.0900268554688,948.1199951171875,1416900000
2020-02-25,941.6799926757812,941.6799926757812,947.1799926757812,932.760009765625,935.1599731445312,1144700000
2020-02-26,922.6599731445312,922.6599731445312,935.0399780273438,922.6599731445312,933.6500244140625,1364100000
2020-02-27,892.760009765625,892.760009765625,920.6599731445312,889.6599731445312,920.1199951171875,1430000000
2020-02-28,879.530029296875,879.530029296875,880.3300170898438,846.02001953125,866.1199951171875,2010100000
2020-03-02,859.3300170898438,859.3300170898438,888.219970703125,859.3300170898438,880.219970703125,1531100000
2020-03-03,891.9400024414062,891.9400024414062,900.1900024414062,874.6300048828125,876.27001953125,1519300000
2020-03-04,922.510009765625,922.510009765625,923.9600219726562,892.1400146484375,893.6900024414062,1500000000
2020-03-05,919.6900024414062,919.6900024414062,935.47998046875,912.5999755859375,931.969970703125,1187500000
2020-03-06,887.030029296875,887.030029296875,903.5999755859375,887.030029296875,902.6599731445312,1034600000
2020-03-09,813.75,813.75,855.5599975585938,813.75,852.780029296875,1578600000
2020-03-10,832.469970703125,832.469970703125,848.1599731445312,816.9099731445312,816.9199829101562,1709500000
2020-03-11,819.77001953125,819.77001953125,841.9500122070312,811.030029296875,835.3200073242188,1729100000
2020-03-12,769.6400146484375,769.6400146484375,798.780029296875,769.6400146484375,790.9199829101562,1575400000
2020-03-13,777.27001953125,777.27001953125,786.2100219726562,717.52001953125,769.6400146484375,2538000000
2020-03-16,731.9500122070312,731.9500122070312,777.27001953125,729.6300048828125,777.27001953125,1333200000
2020-03-17,683.6599731445312,683.6599731445312,734.219970703125,682.8200073242188,731.9500122070312,1539900000
2020-03-18,655.6300048828125,655.6300048828125,689.469970703125,647.1500244140625,683.6599731445312,1875000000
2020-03-19,612.1199951171875,612.1199951171875,655.6300048828125,610.75,655.6300048828125,1149800000
2020-03-20,624.760009765625,624.760009765625,642.3499755859375,573.5700073242188,612.1199951171875,3598300000
2020-03-23,583.4099731445312,583.4099731445312,624.760009765625,583.0,624.760009765625,1465800000
2020-03-24,566.8300170898438,566.8300170898438,614.9299926757812,566.3400268554688,583.4099731445312,2645400000
2020-03-26,651.4099731445312,651.4099731445312,660.2899780273438,566.0499877929688,566.8300170898438,4434500000
2020-03-27,698.780029296875,698.780029296875,730.22998046875,651.4099731445312,651.4099731445312,3961900000
2020-03-30,670.77001953125,670.77001953125,698.780029296875,653.22998046875,698.780029296875,1459600000
2020-03-31,691.1300048828125,691.1300048828125,703.4000244140625,670.77001953125,670.77001953125,2351300000
2020-04-01,678.2999877929688,678.2999877929688,710.8599853515625,671.0900268554688,691.1300048828125,2109200000
2020-04-02,688.1099853515625,688.1099853515625,688.1099853515625,660.5700073242188,678.2999877929688,1845800000
2020-04-03,702.4199829101562,702.4199829101562,702.4199829101562,687.8099975585938,688.1099853515625,2202700000
2020-04-06,736.72998046875,736.72998046875,736.72998046875,702.4199829101562,702.4199829101562,2962900000
2020-04-07,729.739990234375,729.739990234375,771.2100219726562,718.02001953125,736.72998046875,3564500000
2020-04-08,697.72998046875,697.72998046875,730.1799926757812,689.9299926757812,729.739990234375,1989400000
2020-04-09,700.0599975585938,700.0599975585938,707.6799926757812,684.6400146484375,697.72998046875,2091500000
2020-04-13,693.47998046875,693.47998046875,701.9500122070312,686.97998046875,700.0599975585938,1350400000
2020-04-14,712.260009765625,712.260009765625,712.260009765625,693.47998046875,693.47998046875,2010900000
2020-04-15,694.4400024414062,694.4400024414062,721.260009765625,690.3800048828125,712.260009765625,2303600000
2020-04-16,662.6900024414062,662.6900024414062,694.4400024414062,660.0499877929688,694.4400024414062,2084200000
2020-04-17,695.469970703125,695.469970703125,697.1900024414062,662.6900024414062,662.6900024414062,2291600000
2020-04-20,682.8499755859375,682.8499755859375,702.6500244140625,682.8499755859375,695.469970703125,1667700000
2020-04-21,667.6300048828125,667.6300048828125,682.8499755859375,665.47998046875,682.8499755859375,1581300000
2020-04-22,682.4000244140625,682.4000244140625,687.510009765625,654.8599853515625,667.6300048828125,2093800000
2020-04-23,684.719970703125,684.719970703125,695.3400268554688,682.4000244140625,682.4000244140625,1926300000
2020-04-24,663.7000122070312,663.7000122070312,685.0,663.7000122070312,684.719970703125,1776100000
2020-04-27,669.760009765625,669.760009765625,674.0499877929688,660.7899780273438,663.7000122070312,1485800000
2020-04-28,671.1699829101562,671.1699829101562,673.3699951171875,664.3900146484375,669.760009765625,1722700000
2020-04-29,680.4600219726562,680.4600219726562,681.3300170898438,669.6300048828125,671.1699829101562,1683000000
2020-04-30,713.6400146484375,713.6400146484375,718.0,680.4600219726562,680.4600219726562,2784800000
2020-05-04,689.3300170898438,689.3300170898438,713.6400146484375,682.1099853515625,713.6400146484375,1672900000
2020-05-05,690.9600219726562,690.9600219726562,702.27001953125,687.22998046875,689.3300170898438,1558400000
2020-05-06,687.4400024414062,687.4400024414062,694.5599975585938,684.4000244140625,690.9600219726562,1664200000
2020-05-08,686.22998046875,686.22998046875,693.0499877929688,684.3099975585938,687.4400024414062,2180700000
2020-05-11,695.2899780273438,695.2899780273438,697.9400024414062,686.22998046875,686.22998046875,2030000000
2020-05-12,681.6699829101562,681.6699829101562,696.8599853515625,675.4000244140625,695.2899780273438,2023100000
2020-05-13,674.469970703125,674.469970703125,681.6699829101562,666.9400024414062,681.6699829101562,1959500000
2020-05-14,661.52001953125,661.52001953125,675.27001953125,658.0599975585938,674.469970703125,2213800000
2020-05-15,657.0999755859375,657.0999755859375,667.6099853515625,648.6500244140625,661.52001953125,2333200000
2020-05-18,660.469970703125,660.469970703125,663.6199951171875,653.5499877929688,657.0999755859375,1889800000
2020-05-19,671.0700073242188,671.0700073242188,683.7000122070312,660.469970703125,660.469970703125,2229700000
2020-05-20,672.1400146484375,672.1400146484375,675.0999755859375,664.1900024414062,671.0700073242188,1593000000
2020-05-26,689.3300170898438,689.3300170898438,691.5,671.2000122070312,672.1400146484375,2235500000
2020-05-27,693.8599853515625,693.8599853515625,693.8599853515625,683.9299926757812,689.3300170898438,2698400000
2020-05-28,709.3599853515625,709.3599853515625,716.1799926757812,693.4199829101562,693.8599853515625,3355900000
2020-05-29,725.8300170898438,725.8300170898438,725.8300170898438,706.1799926757812,709.3599853515625,6981100000
2020-06-02,749.52001953125,749.52001953125,757.9099731445312,725.8300170898438,725.8300170898438,3992900000
2020-06-03,770.6599731445312,770.6599731445312,772.0700073242188,748.1900024414062,749.52001953125,4956500000
2020-06-04,764.6099853515625,764.6099853515625,786.1699829101562,760.2100219726562,770.6599731445312,4375200000
2020-06-05,770.6699829101562,770.6699829101562,772.8300170898438,748.22998046875,764.6099853515625,3601000000
2020-06-08,795.2899780273438,795.2899780273438,803.780029296875,770.6699829101562,770.6699829101562,4360900000
2020-06-09,782.6400146484375,782.6400146484375,808.97998046875,782.6400146484375,795.2899780273438,3462600000
2020-06-10,758.9500122070312,758.9500122070312,782.9199829101562,754.2000122070312,782.6400146484375,3477700000
2020-06-11,745.3099975585938,745.3099975585938,762.280029296875,736.3499755859375,758.9500122070312,2893700000
2020-06-12,752.1099853515625,752.1099853515625,753.0900268554688,715.9000244140625,745.3099975585938,3414400000
2020-06-15,739.8599853515625,739.8599853515625,760.469970703125,738.27001953125,752.1099853515625,2740000000
2020-06-16,776.030029296875,776.030029296875,777.2000122070312,739.8599853515625,739.8599853515625,2960400000
2020-06-17,775.4600219726562,775.4600219726562,782.6099853515625,770.8599853515625,776.030029296875,2476900000
2020-06-18,761.97998046875,761.97998046875,777.989990234375,761.97998046875,775.4600219726562,2311200000
2020-06-19,767.4400024414062,767.4400024414062,772.6699829101562,761.97998046875,761.97998046875,2101300000
2020-06-22,761.2100219726562,761.2100219726562,769.739990234375,758.3099975585938,767.4400024414062,1505900000
2020-06-23,754.3099975585938,754.3099975585938,762.5900268554688,752.5399780273438,761.2100219726562,1809500000
2020-06-24,771.9099731445312,771.9099731445312,775.2999877929688,754.3099975585938,754.3099975585938,2637100000
2020-06-25,760.0499877929688,760.0499877929688,771.9099731445312,757.02001953125,771.9099731445312,1763100000
2020-06-26,760.2999877929688,760.2999877929688,770.0800170898438,758.4199829101562,760.0499877929688,1781300000
2020-06-29,759.6199951171875,759.6199951171875,762.3400268554688,751.9400024414062,760.2999877929688,1538100000
2020-06-30,756.2000122070312,756.2000122070312,766.1500244140625,756.2000122070312,759.6199951171875,2042300000
2020-07-01,759.3800048828125,759.3800048828125,760.780029296875,753.489990234375,756.2000122070312,1515000000
2020-07-02,769.8200073242188,769.8200073242188,769.8200073242188,759.3800048828125,759.3800048828125,2479700000
2020-07-03,770.9600219726562,770.9600219726562,775.47998046875,769.1400146484375,769.8200073242188,2115100000
2020-07-06,775.2999877929688,775.2999877929688,778.510009765625,770.6500244140625,770.9600219726562,2025900000
2020-07-07,775.9000244140625,775.9000244140625,781.5900268554688,774.739990234375,775.2999877929688,2135500000
2020-07-08,796.5900268554688,796.5900268554688,798.719970703125,775.8099975585938,775.9000244140625,2679000000
2020-07-09,789.5399780273438,789.5399780273438,804.0999755859375,789.239990234375,796.5900268554688,2540500000
2020-07-10,784.5599975585938,784.5599975585938,794.0499877929688,784.5599975585938,789.5399780273438,1586400000
2020-07-13,791.8499755859375,791.8499755859375,794.280029296875,782.5599975585938,784.5599975585938,1570500000
2020-07-14,795.3300170898438,795.3300170898438,798.280029296875,790.6500244140625,791.8499755859375,1785200000
2020-07-15,793.9500122070312,793.9500122070312,804.0599975585938,793.5,795.3300170898438,2099300000
2020-07-16,797.8499755859375,797.8499755859375,801.1699829101562,793.9500122070312,793.9500122070312,1707000000
2020-07-17,792.8200073242188,792.8200073242188,799.7899780273438,792.8200073242188,797.8499755859375,1578900000
2020-07-20,785.8300170898438,785.8300170898438,797.1099853515625,781.5999755859375,792.8200073242188,1585700000
2020-07-21,800.47998046875,800.47998046875,806.6300048828125,784.9600219726562,785.8300170898438,2477100000
2020-07-22,799.719970703125,799.719970703125,806.510009765625,797.5800170898438,800.47998046875,2447300000
2020-07-23,806.5499877929688,806.5499877929688,811.280029296875,799.719970703125,799.719970703125,2669500000
2020-07-24,791.1400146484375,791.1400146484375,807.030029296875,791.1400146484375,806.5499877929688,1870600000
2020-07-27,800.3599853515625,800.3599853515625,800.3599853515625,790.4400024414062,791.1400146484375,1663000000
2020-07-28,799.6799926757812,799.6799926757812,807.0900268554688,796.7000122070312,800.3599853515625,1642600000
2020-07-29,795.3800048828125,795.3800048828125,800.3800048828125,793.4600219726562,799.6799926757812,1809400000
2020-07-30,803.010009765625,803.010009765625,803.010009765625,792.0499877929688,795.3800048828125,2677900000
2020-08-03,774.3699951171875,774.3699951171875,804.8599853515625,760.469970703125,803.010009765625,3070900000
2020-08-04,789.9000244140625,789.9000244140625,789.9000244140625,774.3699951171875,774.3699951171875,2254500000
2020-08-05,801.6900024414062,801.6900024414062,802.4400024414062,786.0599975585938,789.9000244140625,2628300000
2020-08-06,811.5900268554688,811.5900268554688,813.7999877929688,801.6900024414062,801.6900024414062,2618300000
2020-08-07,806.1900024414062,806.1900024414062,812.6699829101562,799.9099731445312,811.5900268554688,3097800000
2020-08-10,806.9000244140625,806.9000244140625,809.0999755859375,802.6599731445312,806.1900024414062,1706100000
2020-08-11,812.2999877929688,812.2999877929688,816.4299926757812,806.9000244140625,806.9000244140625,2586100000
2020-08-12,825.219970703125,825.219970703125,826.780029296875,809.6599731445312,812.2999877929688,3596100000
2020-08-13,825.7999877929688,825.7999877929688,835.010009765625,821.1599731445312,825.219970703125,2403200000
2020-08-14,827.219970703125,827.219970703125,828.9199829101562,821.5800170898438,825.7999877929688,2017900000
2020-08-18,839.02001953125,839.02001953125,843.72998046875,826.5499877929688,827.219970703125,3405000000
2020-08-19,834.8400268554688,834.8400268554688,846.8900146484375,834.1400146484375,839.02001953125,2445800000
2020-08-24,836.1400146484375,836.1400146484375,839.3300170898438,830.3300170898438,834.8400268554688,1964500000
2020-08-25,850.989990234375,850.989990234375,851.8400268554688,836.1400146484375,836.1400146484375,2170700000
2020-08-26,849.52001953125,849.52001953125,853.4099731445312,845.7999877929688,850.989990234375,1791700000
2020-08-27,852.6699829101562,852.6699829101562,854.7899780273438,843.8599853515625,849.52001953125,1828300000
2020-08-28,847.75,847.75,854.72998046875,843.260009765625,852.6699829101562,1927200000
2020-08-31,824.1900024414062,824.1900024414062,852.52001953125,822.530029296875,847.75,3067800000
2020-09-01,841.25,841.25,841.25,820.1900024414062,824.1900024414062,1835300000
2020-09-02,843.1699829101562,843.1699829101562,847.7100219726562,837.9400024414062,841.25,1706300000
2020-09-03,834.739990234375,834.739990234375,846.8200073242188,827.9500122070312,843.1699829101562,1770200000
2020-09-04,825.6199951171875,825.6199951171875,834.739990234375,815.260009765625,834.739990234375,1555100000
2020-09-07,823.989990234375,823.989990234375,826.9199829101562,816.1599731445312,824.7899780273438,1302700000
2020-09-08,826.0700073242188,826.0700073242188,828.6799926757812,824.7899780273438,824.7899780273438,1269800000
2020-09-09,804.3499755859375,804.3499755859375,818.469970703125,802.5900268554688,818.469970703125,1950900000
2020-09-10,756.1199951171875,756.1199951171875,785.6900024414062,756.1199951171875,785.6400146484375,2773800000
2020-09-11,778.3200073242188,778.3200073242188,780.530029296875,727.9199829101562,730.9199829101562,3450100000
2020-09-14,805.1199951171875,805.1199951171875,805.1199951171875,789.3099975585938,789.4099731445312,2223100000
2020-09-15,790.75,790.75,809.77001953125,788.0900268554688,807.2100219726562,1748500000
2020-09-16,781.3699951171875,781.3699951171875,794.22998046875,780.27001953125,792.739990234375,1249700000
2020-09-17,775.5399780273438,775.5399780273438,788.3099975585938,770.6699829101562,781.3699951171875,1327900000
2020-09-18,780.3200073242188,780.3200073242188,781.8699951171875,770.8400268554688,775.760009765625,2822800000
2020-09-21,767.969970703125,767.969970703125,781.989990234375,765.25,780.1699829101562,1587800000
2020-09-22,756.3800048828125,756.3800048828125,765.3200073242188,751.510009765625,754.27001953125,1435300000
2020-09-23,754.1799926757812,754.1799926757812,765.72998046875,745.0900268554688,759.5999755859375,1502200000
2020-09-24,740.0,740.0,750.4500122070312,735.8800048828125,743.4400024414062,1450200000
2020-09-25,760.3200073242188,760.3200073242188,761.239990234375,740.5599975585938,745.6099853515625,1601700000
2020-09-28,750.0,750.0,769.9000244140625,750.0,765.0999755859375,1449600000
2020-09-29,742.3800048828125,742.3800048828125,759.280029296875,739.3699951171875,756.0999755859375,1440400000
2020-09-30,737.1500244140625,737.1500244140625,747.9400024414062,731.510009765625,745.9199829101562,1470900000
2020-10-01,761.0499877929688,761.0499877929688,761.0499877929688,744.9600219726562,745.1699829101562,1451500000
2020-10-02,750.8599853515625,750.8599853515625,761.5399780273438,741.510009765625,761.4400024414062,1561000000
2020-10-05,755.0900268554688,755.0900268554688,758.2899780273438,748.0,756.02001953125,1003800000
2020-10-06,764.1599731445312,764.1599731445312,769.6199951171875,763.260009765625,766.77001953125,1551500000
2020-10-07,764.0900268554688,764.0900268554688,766.0,755.7899780273438,758.4400024414062,1421000000
2020-10-08,770.4500122070312,770.4500122070312,770.4500122070312,762.4299926757812,767.9000244140625,1592800000
2020-10-09,771.77001953125,771.77001953125,773.1300048828125,767.6500244140625,769.8200073242188,1453900000
2020-10-12,777.2999877929688,777.2999877929688,779.9600219726562,775.6099853515625,777.6799926757812,1843400000
2020-10-13,783.5499877929688,783.5499877929688,783.97998046875,769.280029296875,777.3099975585938,1958300000
2020-10-14,796.280029296875,796.280029296875,796.7999877929688,781.9500122070312,784.27001953125,3377800000
2020-10-15,782.8800048828125,782.8800048828125,796.739990234375,782.52001953125,795.3499755859375,3172000000
2020-10-16,783.4500122070312,783.4500122070312,786.2100219726562,775.0599975585938,784.7999877929688,1924400000
2020-10-19,790.4500122070312,790.4500122070312,790.4500122070312,782.1400146484375,787.5800170898438,2914900000
2020-10-20,786.4400024414062,786.4400024414062,791.9600219726562,782.4500122070312,789.5399780273438,2340500000
2020-10-21,787.2000122070312,787.2000122070312,793.7899780273438,785.22998046875,790.9500122070312,2778600000
2020-10-22,788.5599975585938,788.5599975585938,789.5599975585938,780.1099853515625,783.989990234375,2329700000
2020-10-23,789.8200073242188,789.8200073242188,794.3599853515625,786.02001953125,794.1500244140625,2359500000
2020-10-26,794.2100219726562,794.2100219726562,798.47998046875,789.469970703125,790.4500122070312,1939500000
2020-10-27,790.5,790.5,797.5999755859375,787.7899780273438,791.0900268554688,1931800000
2020-11-02,788.5999755859375,788.5999755859375,791.5,777.5399780273438,784.6099853515625,2359600000
2020-11-03,794.77001953125,794.77001953125,795.0900268554688,789.510009765625,793.010009765625,2090500000
2020-11-04,781.1300048828125,781.1300048828125,800.9400024414062,781.1300048828125,797.9400024414062,1959800000
2020-11-05,816.1599731445312,816.1599731445312,816.47998046875,794.3400268554688,795.7100219726562,2580300000
2020-11-06,834.9000244140625,834.9000244140625,835.6099853515625,812.7999877929688,820.5599975585938,2776100000
2020-11-09,840.510009765625,840.510009765625,848.47998046875,830.780029296875,845.5399780273438,3423400000
2020-11-10,863.969970703125,863.969970703125,865.530029296875,853.010009765625,858.5999755859375,4547600000
2020-11-11,880.02001953125,880.02001953125,880.8499755859375,867.3699951171875,869.4099731445312,4886900000
2020-11-12,866.6900024414062,866.6900024414062,876.7000122070312,864.1599731445312,876.1699829101562,2191400000
2020-11-13,867.2000122070312,867.2000122070312,869.3099975585938,859.239990234375,863.5700073242188,1895200000
2020-11-16,873.4400024414062,873.4400024414062,880.9400024414062,867.0499877929688,876.9099731445312,2477000000
2020-11-17,881.8099975585938,881.8099975585938,888.239990234375,876.8400268554688,879.5999755859375,3569800000
2020-11-18,885.6500244140625,885.6500244140625,889.5700073242188,881.8200073242188,881.8200073242188,3407200000
2020-11-19,887.1199951171875,887.1199951171875,892.6799926757812,879.3599853515625,880.9000244140625,2913900000
2020-11-20,884.9000244140625,884.9000244140625,894.8599853515625,881.989990234375,889.2899780273438,2420400000
2020-11-23,901.6599731445312,901.6599731445312,902.2100219726562,887.3499755859375,887.3499755859375,2736700000
2020-11-24,907.8800048828125,907.8800048828125,910.8099975585938,902.0999755859375,908.5399780273438,3095000000
2020-11-25,903.4600219726562,903.4600219726562,922.8300170898438,903.3599853515625,917.5499877929688,3414800000
2020-11-26,920.780029296875,920.780029296875,920.780029296875,900.9600219726562,900.9600219726562,2797600000
2020-11-27,920.1099853515625,920.1099853515625,926.3699951171875,916.989990234375,924.6599731445312,3348100000
2020-11-30,883.0599975585938,883.0599975585938,921.260009765625,872.239990234375,918.9400024414062,9807000000
2020-12-01,904.8300170898438,904.8300170898438,908.5700073242188,879.5,890.1500244140625,3464800000
2020-12-02,922.3599853515625,922.3599853515625,922.3599853515625,905.9400024414062,912.6799926757812,3729900000
2020-12-03,921.1799926757812,921.1799926757812,929.719970703125,917.1599731445312,927.2899780273438,3310800000
2020-12-04,916.25,916.25,920.5,910.4400024414062,920.2899780273438,2309600000
2020-12-07,936.3200073242188,936.3200073242188,938.27001953125,927.02001953125,927.9000244140625,2837300000
2020-12-08,933.280029296875,933.280029296875,940.0599975585938,927.7999877929688,939.1799926757812,3745500000
2020-12-10,932.3300170898438,932.3300170898438,943.6699829101562,928.030029296875,940.8400268554688,4322200000
2020-12-11,929.9400024414062,929.9400024414062,942.1500244140625,928.989990234375,937.9500122070312,3201300000
2020-12-14,941.1799926757812,941.1799926757812,942.0800170898438,932.6099853515625,935.22998046875,3323100000
2020-12-15,946.72998046875,946.72998046875,946.72998046875,946.72998046875,946.72998046875,0
2020-12-16,970.0599975585938,970.0599975585938,972.1300048828125,956.3699951171875,956.3699951171875,5753800000
2020-12-17,968.6900024414062,968.6900024414062,977.2100219726562,961.77001953125,974.0399780273438,4450300000
2020-12-18,962.3599853515625,962.3599853515625,969.219970703125,960.5499877929688,966.2000122070312,4438700000
2020-12-21,970.989990234375,970.989990234375,977.3800048828125,961.3599853515625,969.5399780273438,4156300000
2020-12-22,938.97998046875,938.97998046875,969.739990234375,936.9000244140625,966.22998046875,3916400000
2020-12-23,936.7999877929688,936.7999877929688,955.9000244140625,908.7100219726562,947.8200073242188,3816200000
2020-12-28,955.9000244140625,955.9000244140625,957.8800048828125,932.010009765625,953.0599975585938,2986500000
2020-12-29,945.5900268554688,945.5900268554688,965.52001953125,943.1599731445312,961.72998046875,2740900000
2020-12-30,934.8900146484375,934.8900146484375,949.3200073242188,934.219970703125,949.1900024414062,2641700000
2021-01-04,958.6500244140625,958.6500244140625,959.7100219726562,926.4099731445312,939.010009765625,3467900000
2021-01-05,961.3900146484375,961.3900146484375,963.6099853515625,950.8200073242188,958.8400268554688,3653400000
2021-01-06,945.6799926757812,945.6799926757812,964.6699829101562,930.5599975585938,962.0999755859375,3055500000
2021-01-07,957.3099975585938,957.3099975585938,959.9199829101562,950.6500244140625,952.47998046875,4361200000
2021-01-08,979.3099975585938,979.3099975585938,982.9000244140625,964.4500122070312,967.4299926757812,4123300000
2021-01-11,1001.02001953125,1001.02001953125,1001.9000244140625,984.0,984.3300170898438,4044100000
2021-01-12,996.4400024414062,996.4400024414062,996.4400024414062,996.4400024414062,996.4400024414062,0
2021-01-13,1002.8900146484375,1002.8900146484375,1010.6300048828125,994.6099853515625,1008.1500244140625,4036400000
2021-01-14,1002.3800048828125,1002.3800048828125,1010.2999877929688,997.1599731445312,1006.8499755859375,4820200000
2021-01-15,988.75,988.75,1010.489990234375,982.2999877929688,1006.9000244140625,3925900000
2021-01-18,998.260009765625,998.260009765625,1002.5399780273438,979.1099853515625,986.530029296875,4066600000
2021-01-19,989.0499877929688,989.0499877929688,989.0499877929688,989.0499877929688,989.0499877929688,0
2021-01-20,1014.8599853515625,1014.8599853515625,1017.1900024414062,988.4099731445312,991.9199829101562,4194100000
2021-01-21,1011.2100219726562,1011.2100219726562,1030.1099853515625,1008.3499755859375,1026.3199462890625,3600400000
2021-01-22,991.5800170898438,991.5800170898438,1013.9400024414062,989.0800170898438,1012.3599853515625,3449600000
2021-01-25,987.9500122070312,987.9500122070312,994.9600219726562,965.4600219726562,994.77001953125,3351200000
2021-01-26,966.8800048828125,966.8800048828125,990.25,965.239990234375,986.8300170898438,3265300000
2021-01-27,963.1400146484375,963.1400146484375,972.0800170898438,943.219970703125,970.6400146484375,4168200000
2021-01-28,940.52001953125,940.52001953125,966.1900024414062,935.3300170898438,950.2899780273438,3380400000
2021-01-29,911.97998046875,911.97998046875,959.3699951171875,907.1099853515625,949.0599975585938,3499600000
2021-02-01,947.2999877929688,947.2999877929688,950.489990234375,885.9299926757812,910.4600219726562,5411700000
2021-02-02,938.7100219726562,938.7100219726562,938.7100219726562,938.7100219726562,938.7100219726562,0
2021-02-03,940.8599853515625,940.8599853515625,956.3800048828125,940.030029296875,951.239990234375,3418500000
2021-02-04,949.2999877929688,949.2999877929688,964.1500244140625,942.8400268554688,949.6599731445312,2836200000
2021-02-05,953.5800170898438,953.5800170898438,958.0599975585938,944.9099731445312,957.3099975585938,2740600000
2021-02-08,957.5599975585938,957.5599975585938,966.9299926757812,956.4400024414062,964.239990234375,3002400000
2021-02-09,950.3300170898438,950.3300170898438,972.27001953125,948.3800048828125,962.9099731445312,3451600000
2021-02-10,953.030029296875,953.030029296875,957.3900146484375,947.6500244140625,954.1099853515625,3070200000
2021-02-11,953.5599975585938,953.5599975585938,959.219970703125,950.239990234375,958.2899780273438,1919500000
2021-02-15,959.3200073242188,959.3200073242188,959.3200073242188,959.3200073242188,959.3200073242188,0
2021-02-16,959.8900146484375,959.8900146484375,965.1400146484375,957.0399780273438,964.0,2062900000
2021-02-17,946.6699829101562,946.6699829101562,961.5700073242188,943.8800048828125,960.510009765625,2412300000
2021-02-18,940.6799926757812,940.6799926757812,956.9400024414062,940.6799926757812,947.9099731445312,2288300000
2021-02-19,951.8499755859375,951.8499755859375,951.8499755859375,939.010009765625,939.2100219726562,2181500000
2021-02-22,951.239990234375,951.239990234375,951.239990234375,951.239990234375,951.239990234375,0
2021-02-23,959.2100219726562,959.2100219726562,959.2100219726562,959.2100219726562,959.2100219726562,0
2021-02-24,950.719970703125,950.719970703125,965.5399780273438,949.9299926757812,962.239990234375,2425000000
2021-02-25,952.5399780273438,952.5399780273438,952.5399780273438,952.5399780273438,952.5399780273438,0
2021-02-26,944.75,944.75,952.72998046875,936.0999755859375,940.469970703125,4343600000
2021-03-01,967.719970703125,967.719970703125,967.719970703125,950.5499877929688,955.6300048828125,2712000000
2021-03-02,967.6599731445312,967.6599731445312,977.1799926757812,965.0,974.9400024414062,2338800000
2021-03-03,968.219970703125,968.219970703125,968.219970703125,968.219970703125,968.219970703125,0
2021-03-04,948.469970703125,948.469970703125,948.469970703125,948.469970703125,948.469970703125,0
2021-03-05,941.3599853515625,941.3599853515625,949.0900268554688,938.0700073242188,940.97998046875,2386600000
2021-03-08,940.239990234375,940.239990234375,953.8800048828125,939.030029296875,952.4400024414062,1853700000
2021-03-09,927.8499755859375,927.8499755859375,927.8499755859375,927.8499755859375,927.8499755859375,0
2021-03-10,939.2000122070312,939.2000122070312,940.9000244140625,930.0399780273438,936.52001953125,1680600000
2021-03-12,950.8300170898438,950.8300170898438,954.2899780273438,943.8900146484375,952.4299926757812,2371400000
2021-03-15,943.0900268554688,943.0900268554688,956.3699951171875,943.0900268554688,954.780029296875,1639600000
2021-03-16,943.1099853515625,943.1099853515625,951.260009765625,941.530029296875,949.3400268554688,1487500000
2021-03-17,939.6300048828125,939.6300048828125,946.3599853515625,937.3400268554688,945.5999755859375,1416700000
2021-03-18,956.8400268554688,956.8400268554688,959.27001953125,947.5900268554688,948.530029296875,1612500000
2021-03-19,957.739990234375,957.739990234375,957.739990234375,947.780029296875,955.7100219726562,2348100000
2021-03-22,944.280029296875,944.280029296875,957.1799926757812,943.1799926757812,956.3400268554688,1420400000
2021-03-23,940.52001953125,940.52001953125,953.2999877929688,938.52001953125,952.0800170898438,1444000000
2021-03-24,925.9600219726562,925.9600219726562,936.9000244140625,924.8800048828125,935.6099853515625,1526700000
2021-03-25,924.6699829101562,924.6699829101562,931.510009765625,914.9400024414062,927.5999755859375,1474900000
2021-03-26,938.8300170898438,938.8300170898438,938.9600219726562,921.989990234375,929.6900024414062,1860400000
2021-03-29,933.530029296875,933.530029296875,945.77001953125,933.3499755859375,941.3400268554688,1571300000
2021-03-30,916.8800048828125,916.8800048828125,934.47998046875,913.9500122070312,932.1300048828125,1611200000
2021-03-31,902.7899780273438,902.7899780273438,915.2999877929688,886.27001953125,914.1400146484375,2338400000
2021-04-01,901.8599853515625,901.8599853515625,907.5,896.1599731445312,903.0700073242188,1487600000
2021-04-05,895.6799926757812,895.6799926757812,911.0,895.6799926757812,910.0700073242188,1229100000
2021-04-06,900.02001953125,900.02001953125,901.72998046875,890.8300170898438,896.6199951171875,1416300000
2021-04-07,904.1300048828125,904.1300048828125,905.1900024414062,894.9199829101562,903.0,1269900000
2021-04-08,906.6199951171875,906.6199951171875,908.3800048828125,901.489990234375,903.969970703125,1638400000
2021-04-09,906.489990234375,906.489990234375,915.8400268554688,906.489990234375,913.4000244140625,1535300000
2021-04-12,882.8099975585938,882.8099975585938,909.010009765625,881.5599975585938,908.3499755859375,1612300000
2021-04-13,881.6900024414062,881.6900024414062,886.219970703125,873.2899780273438,881.7100219726562,1755900000
2021-04-14,904.8800048828125,904.8800048828125,905.5999755859375,887.4400024414062,891.6500244140625,1901300000
2021-04-15,908.4400024414062,908.4400024414062,908.4400024414062,897.3300170898438,906.9199829101562,1445000000
2021-04-16,907.6699829101562,907.6699829101562,914.8499755859375,903.0700073242188,914.4000244140625,1838400000
2021-04-19,903.1500244140625,903.1500244140625,908.489990234375,898.8300170898438,907.0800170898438,1352500000
2021-04-20,902.5599975585938,902.5599975585938,902.5599975585938,894.2999877929688,897.030029296875,1241900000
2021-04-21,892.7899780273438,892.7899780273438,900.4199829101562,892.7899780273438,895.0700073242188,1171800000
2021-04-22,893.9600219726562,893.9600219726562,899.7000122070312,892.5999755859375,896.02001953125,1298800000
2021-04-23,902.739990234375,902.739990234375,904.5599975585938,891.5599975585938,895.1500244140625,1282200000
2021-04-26,892.1799926757812,892.1799926757812,904.6699829101562,890.4600219726562,902.6699829101562,1568300000
2021-04-27,891.3499755859375,891.3499755859375,900.280029296875,888.75,897.219970703125,1611100000
2021-04-28,890.9000244140625,890.9000244140625,895.5900268554688,889.1900024414062,890.9199829101562,1415900000
2021-04-29,897.8099975585938,897.8099975585938,899.5,893.0999755859375,898.260009765625,1679800000
2021-04-30,893.72998046875,893.72998046875,902.7100219726562,891.72998046875,901.3499755859375,1681900000
2021-05-03,884.3400268554688,884.3400268554688,895.22998046875,882.4299926757812,894.0700073242188,1403100000
2021-05-04,888.9199829101562,888.9199829101562,889.4299926757812,881.9600219726562,885.52001953125,1460200000
2021-05-05,890.4199829101562,890.4199829101562,893.3200073242188,888.77001953125,891.8499755859375,1481000000
2021-05-06,888.9500122070312,888.9500122070312,897.1099853515625,885.2000122070312,894.02001953125,1426400000
2021-05-07,880.719970703125,880.719970703125,894.1300048828125,879.8800048828125,893.6099853515625,1362000000
2021-05-10,888.5,888.5,891.8200073242188,883.3599853515625,884.3400268554688,1502400000
2021-05-11,882.9299926757812,882.9299926757812,886.3300170898438,877.0800170898438,886.1300048828125,1335700000
2021-05-17,869.489990234375,869.489990234375,887.0900268554688,866.3099975585938,886.2899780273438,1925400000
2021-05-18,868.3900146484375,868.3900146484375,873.3300170898438,861.219970703125,870.4000244140625,1467700000
2021-05-19,854.760009765625,854.760009765625,865.77001953125,852.1300048828125,863.3599853515625,1262400000
2021-05-20,862.530029296875,862.530029296875,865.9299926757812,852.4400024414062,854.030029296875,1878200000
2021-05-21,858.3300170898438,858.3300170898438,870.4600219726562,852.72998046875,868.9600219726562,1490200000
2021-05-24,858.6099853515625,858.6099853515625,865.030029296875,857.3200073242188,863.760009765625,1437700000
2021-05-25,864.9299926757812,864.9299926757812,872.6199951171875,860.0900268554688,861.3900146484375,1897500000
2021-05-27,863.75,863.75,880.6099853515625,863.75,874.030029296875,4421300000
2021-05-28,866.6699829101562,866.6699829101562,875.0599975585938,866.5700073242188,872.489990234375,1594700000
2021-05-31,888.6500244140625,888.6500244140625,889.969970703125,870.8900146484375,872.1699829101562,1926300000
2021-06-02,904.239990234375,904.239990234375,905.25,897.1199951171875,902.8200073242188,2606800000
2021-06-03,919.1099853515625,919.1099853515625,919.1099853515625,898.2100219726562,905.9600219726562,1863300000
2021-06-04,909.489990234375,909.489990234375,918.8699951171875,903.97998046875,918.8499755859375,1526700000
2021-06-07,906.489990234375,906.489990234375,914.010009765625,900.5800170898438,912.6099853515625,1452300000
2021-06-08,894.8400268554688,894.8400268554688,908.280029296875,892.47998046875,908.27001953125,1563400000
2021-06-09,898.9099731445312,898.9099731445312,899.0399780273438,886.3200073242188,886.719970703125,1617400000
2021-06-10,905.4199829101562,905.4199829101562,906.530029296875,898.9500122070312,902.3699951171875,1867100000
2021-06-11,901.6400146484375,901.6400146484375,909.9000244140625,900.1900024414062,908.8400268554688,2537400000
2021-06-14,895.8900146484375,895.8900146484375,906.0999755859375,893.8400268554688,905.8599853515625,1687100000
2021-06-15,895.2000122070312,895.2000122070312,897.6900024414062,889.510009765625,897.1400146484375,1785100000
2021-06-16,885.1099853515625,885.1099853515625,891.6099853515625,883.1500244140625,890.0599975585938,2050600000
2021-06-17,877.52001953125,877.52001953125,883.6199951171875,874.9400024414062,880.7100219726562,1906700000
2021-06-18,863.1599731445312,863.1599731445312,877.4400024414062,856.530029296875,876.8699951171875,2994000000
2021-06-21,858.9400024414062,858.9400024414062,864.9099731445312,840.1500244140625,849.9500122070312,2219400000
2021-06-22,868.469970703125,868.469970703125,874.969970703125,858.510009765625,861.77001953125,1644400000
2021-06-23,859.6099853515625,859.6099853515625,874.2899780273438,859.6099853515625,871.2100219726562,1350900000
2021-06-24,854.7000122070312,854.7000122070312,864.2100219726562,854.27001953125,863.8200073242188,1113500000
2021-06-25,853.8499755859375,853.8499755859375,861.0,853.8499755859375,858.5800170898438,1256900000
2021-06-28,835.5,835.5,854.25,835.5,852.1699829101562,1386500000
2021-06-29,839.0,839.0,846.219970703125,835.8800048828125,836.3599853515625,1510900000
2021-06-30,844.8499755859375,844.8499755859375,849.530029296875,839.760009765625,839.760009765625,1658000000
2021-07-01,847.1199951171875,847.1199951171875,853.3099975585938,840.780029296875,848.9000244140625,1315400000
2021-07-02,851.52001953125,851.52001953125,855.780029296875,848.010009765625,851.1400146484375,1203700000
2021-07-05,842.9000244140625,842.9000244140625,852.719970703125,839.7899780273438,851.719970703125,1164200000
2021-07-06,846.9600219726562,846.9600219726562,850.1599731445312,844.25,846.4299926757812,1835400000
2021-07-07,841.8599853515625,841.8599853515625,851.3699951171875,838.2899780273438,850.9400024414062,1334700000
2021-07-08,839.9199829101562,839.9199829101562,847.1900024414062,836.219970703125,845.2100219726562,1490800000
2021-07-09,840.3400268554688,840.3400268554688,842.5800170898438,837.3699951171875,839.9000244140625,1295000000
2021-07-12,844.4000244140625,844.4000244140625,848.5599975585938,842.239990234375,845.510009765625,1339700000
2021-07-13,835.72998046875,835.72998046875,850.239990234375,833.8300170898438,849.2100219726562,1474300000
2021-07-14,827.7999877929688,827.7999877929688,836.2000122070312,824.2000122070312,834.780029296875,1388900000
2021-07-15,841.2000122070312,841.2000122070312,841.4400024414062,829.5399780273438,830.969970703125,1296900000
2021-07-16,847.1500244140625,847.1500244140625,847.530029296875,842.2000122070312,845.5,1297300000
2021-07-19,837.9299926757812,837.9299926757812,846.1199951171875,837.7000122070312,845.0700073242188,1125300000
2021-07-21,841.4199829101562,841.4199829101562,847.1400146484375,839.530029296875,842.6599731445312,1789200000
2021-07-22,857.0399780273438,857.0399780273438,857.0700073242188,847.6799926757812,848.1699829101562,1821600000
2021-07-23,845.7100219726562,845.7100219726562,860.4400024414062,844.0900268554688,859.3499755859375,1454600000
2021-07-26,841.8200073242188,841.8200073242188,850.030029296875,841.469970703125,847.1599731445312,1556800000
2021-07-27,837.8200073242188,837.8200073242188,847.8900146484375,831.3800048828125,845.989990234375,1484700000
2021-07-28,830.7000122070312,830.7000122070312,838.760009765625,827.7999877929688,836.8599853515625,1441400000
2021-07-29,832.75,832.75,836.4500122070312,831.0499877929688,835.010009765625,1631600000
2021-07-30,823.0399780273438,823.0399780273438,839.52001953125,823.0399780273438,836.9500122070312,2069500000
2021-08-02,830.1500244140625,830.1500244140625,831.0700073242188,821.4500122070312,830.239990234375,1558000000
2021-08-03,838.5399780273438,838.5399780273438,841.9000244140625,831.47998046875,832.739990234375,1581000000
2021-08-04,843.4600219726562,843.4600219726562,845.1699829101562,835.2000122070312,841.6300048828125,1360100000
2021-08-05,853.010009765625,853.010009765625,856.8400268554688,845.4500122070312,847.4299926757812,1907700000
2021-08-06,844.1400146484375,844.1400146484375,858.7000122070312,842.8300170898438,857.5,1315300000
2021-08-09,831.75,831.75,845.1199951171875,827.1400146484375,844.1599731445312,1338400000
2021-08-10,832.3300170898438,832.3300170898438,836.7899780273438,824.3300170898438,834.9600219726562,1351800000
2021-08-12,845.8400268554688,845.8400268554688,845.8400268554688,832.469970703125,834.489990234375,1791800000
2021-08-13,851.3900146484375,851.3900146484375,853.9000244140625,845.8900146484375,849.9500122070312,1219300000
2021-08-16,852.8499755859375,852.8499755859375,853.6699829101562,842.0900268554688,853.010009765625,1375600000
2021-08-18,869.9199829101562,869.9199829101562,872.0900268554688,855.52001953125,858.5800170898438,2424500000
2021-08-19,850.739990234375,850.739990234375,868.1599731445312,845.4500122070312,867.52001953125,1927500000
2021-08-20,855.0399780273438,855.0399780273438,855.5399780273438,842.0800170898438,849.9199829101562,1523300000
2021-08-23,863.8300170898438,863.8300170898438,863.8300170898438,857.3400268554688,857.52001953125,1802300000
2021-08-24,855.969970703125,855.969970703125,865.97998046875,847.1599731445312,865.030029296875,1675100000
2021-08-25,858.1699829101562,858.1699829101562,859.4199829101562,854.3800048828125,856.9099731445312,1310100000
2021-08-26,850.2100219726562,850.2100219726562,858.75,844.6599731445312,856.5499877929688,1031200000
2021-08-27,845.7100219726562,845.7100219726562,849.97998046875,843.6900024414062,849.4600219726562,1127700000
2021-08-30,866.9500122070312,866.9500122070312,866.9500122070312,850.97998046875,851.3099975585938,1617300000
2021-08-31,866.489990234375,866.489990234375,868.739990234375,860.22998046875,867.5700073242188,1677000000
2021-09-01,860.510009765625,860.510009765625,869.3300170898438,860.0499877929688,868.219970703125,1261300000
2021-09-02,862.8599853515625,862.8599853515625,864.2999877929688,857.280029296875,861.1599731445312,1145200000
2021-09-03,873.9199829101562,873.9199829101562,873.9199829101562,859.3400268554688,864.7100219726562,1686400000
2021-09-06,874.5499877929688,874.5499877929688,879.3200073242188,870.3300170898438,877.27001953125,2104800000
2021-09-07,871.3800048828125,871.3800048828125,878.2000122070312,870.25,877.3900146484375,1551300000
2021-09-08,856.5999755859375,856.5999755859375,873.510009765625,851.77001953125,872.3599853515625,1716600000
2021-09-09,871.8499755859375,871.8499755859375,871.8499755859375,853.7000122070312,856.6300048828125,1804300000
2021-09-10,870.2000122070312,870.2000122070312,872.8400268554688,863.4500122070312,869.25,1593200000
2021-09-13,865.5399780273438,865.5399780273438,868.3200073242188,859.6500244140625,865.4000244140625,1096200000
2021-09-14,870.2999877929688,870.2999877929688,870.9400024414062,866.3200073242188,869.0900268554688,2073400000
2021-09-15,866.1300048828125,866.1300048828125,869.8499755859375,863.3699951171875,868.77001953125,1947700000
2021-09-16,862.7000122070312,862.7000122070312,871.0,860.489990234375,869.9099731445312,1504700000
2021-09-17,862.4400024414062,862.4400024414062,862.4400024414062,854.27001953125,859.1099853515625,2020100000
2021-09-20,854.8300170898438,854.8300170898438,861.2999877929688,848.510009765625,861.27001953125,1815800000
2021-09-21,851.72998046875,851.72998046875,854.0999755859375,840.9600219726562,847.8400268554688,1876900000
2021-09-22,862.1799926757812,862.1799926757812,864.0,851.0499877929688,851.3200073242188,1672600000
2021-09-23,865.510009765625,865.510009765625,867.760009765625,862.3699951171875,864.3099975585938,1952000000
2021-09-24,866.25,866.25,870.75,862.1500244140625,865.780029296875,2297200000
2021-09-27,861.3099975585938,861.3099975585938,867.0800170898438,858.2899780273438,864.780029296875,1754800000
2021-09-28,859.8800048828125,859.8800048828125,864.3200073242188,858.6300048828125,863.2000122070312,2179200000
2021-09-29,870.3400268554688,870.3400268554688,870.52001953125,855.0700073242188,856.7899780273438,1967000000
2021-09-30,894.6799926757812,894.6799926757812,894.6799926757812,873.530029296875,873.9099731445312,2405000000
2021-10-01,886.010009765625,886.010009765625,892.1300048828125,881.9099731445312,891.030029296875,2832400000
2021-10-04,911.010009765625,911.010009765625,911.010009765625,887.5,887.5399780273438,3269400000
2021-10-05,902.1699829101562,902.1699829101562,913.0499877929688,899.3300170898438,909.8200073242188,3696500000
2021-10-06,928.0700073242188,928.0700073242188,932.5700073242188,906.5900268554688,908.3900146484375,3580800000
2021-10-07,924.25,924.25,932.1900024414062,921.1799926757812,927.1300048828125,3310400000
2021-10-08,939.8800048828125,939.8800048828125,941.5999755859375,929.1400146484375,930.3099975585938,2399800000
2021-10-11,941.5499877929688,941.5499877929688,944.030029296875,935.3200073242188,940.5399780273438,2342000000
2021-10-12,946.6099853515625,946.6099853515625,950.5999755859375,941.8699951171875,942.1599731445312,3387700000
2021-10-13,960.510009765625,960.510009765625,969.3699951171875,949.6199951171875,950.1699829101562,2876000000
2021-10-14,972.6599731445312,972.6599731445312,976.9000244140625,963.760009765625,963.8099975585938,2743800000
2021-10-15,972.2100219726562,972.2100219726562,981.7999877929688,962.0900268554688,977.1300048828125,2475300000
2021-10-18,976.4299926757812,976.4299926757812,982.1599731445312,971.0499877929688,976.6099853515625,2925900000
2021-10-19,975.1599731445312,975.1599731445312,980.260009765625,966.0499877929688,978.8599853515625,2073100000
2021-10-21,968.1599731445312,968.1599731445312,980.75,962.8499755859375,978.9500122070312,3212000000
2021-10-22,970.7899780273438,970.7899780273438,972.3200073242188,959.6199951171875,964.8200073242188,2137000000
2021-10-25,961.3200073242188,961.3200073242188,972.4199829101562,961.3200073242188,966.3699951171875,1658000000
2021-10-26,965.0399780273438,965.0399780273438,970.5900268554688,961.2000122070312,964.3099975585938,1657600000
2021-10-27,956.8200073242188,956.8200073242188,966.47998046875,954.2899780273438,966.1900024414062,1919000000
2021-10-28,942.8099975585938,942.8099975585938,956.3099975585938,940.3599853515625,951.3099975585938,2312900000
2021-10-29,952.5900268554688,952.5900268554688,954.6500244140625,947.9000244140625,952.489990234375,1929500000
2021-11-01,944.489990234375,944.489990234375,959.2899780273438,944.489990234375,958.8099975585938,1618100000
2021-11-02,933.5499877929688,933.5499877929688,947.9099731445312,931.9400024414062,945.6799926757812,1586700000
2021-11-03,945.1300048828125,945.1300048828125,947.4400024414062,931.969970703125,934.4400024414062,1528200000
2021-11-04,948.1699829101562,948.1699829101562,955.9400024414062,948.1699829101562,954.6799926757812,1712500000
2021-11-05,947.969970703125,947.969970703125,951.9299926757812,939.7000122070312,951.0,1452200000
2021-11-08,950.5700073242188,950.5700073242188,953.739990234375,946.27001953125,952.1300048828125,1293700000
2021-11-09,952.6300048828125,952.6300048828125,955.22998046875,949.1300048828125,952.3400268554688,1406600000
2021-11-10,958.4000244140625,958.4000244140625,959.2000122070312,949.1799926757812,951.3800048828125,1345900000
2021-11-11,957.72998046875,957.72998046875,963.030029296875,955.010009765625,960.7899780273438,1369800000
2021-11-12,951.4400024414062,951.4400024414062,962.8599853515625,950.3699951171875,962.1599731445312,1439300000
2021-11-15,942.2000122070312,942.2000122070312,955.22998046875,941.8099975585938,953.4500122070312,1482900000
2021-11-16,948.1199951171875,948.1199951171875,949.760009765625,937.4500122070312,938.1199951171875,1443700000
2021-11-17,953.4000244140625,953.4000244140625,953.4000244140625,946.260009765625,952.530029296875,1579300000
2021-11-18,945.9400024414062,945.9400024414062,951.4400024414062,943.77001953125,948.6199951171875,1454500000
2021-11-19,963.6400146484375,963.6400146484375,964.8599853515625,948.739990234375,949.719970703125,1784900000
2021-11-22,963.6400146484375,963.6400146484375,970.7100219726562,957.0,966.9000244140625,2107500000
2021-11-23,958.3900146484375,958.3900146484375,965.6599731445312,956.2000122070312,962.1500244140625,2101300000
2021-11-24,958.8400268554688,958.8400268554688,963.3300170898438,956.719970703125,962.9299926757812,1674500000
2021-11-25,965.1400146484375,965.1400146484375,972.97998046875,961.5700073242188,962.5900268554688,2413600000
2021-11-26,941.1099853515625,941.1099853515625,962.7100219726562,938.969970703125,962.6500244140625,3315900000
2021-11-29,950.6699829101562,950.6699829101562,953.7100219726562,927.3900146484375,939.0499877929688,0
2021-11-30,930.97998046875,930.97998046875,954.2100219726562,930.97998046875,950.780029296875,3614500000
2021-12-01,931.5499877929688,931.5499877929688,946.52001953125,929.5800170898438,933.8599853515625,2665700000
2021-12-02,949.489990234375,949.489990234375,950.7999877929688,930.6599731445312,933.5,2589500000
2021-12-03,938.9299926757812,938.9299926757812,951.8599853515625,938.9299926757812,950.2899780273438,1500300000
2021-12-06,938.9299926757812,938.9299926757812,949.219970703125,936.6900024414062,942.1099853515625,1976100000
2021-12-07,950.1699829101562,950.1699829101562,950.1699829101562,944.530029296875,945.5599975585938,2651900000
2021-12-08,945.5900268554688,945.5900268554688,953.6599731445312,943.6400146484375,953.0999755859375,2968600000
2021-12-09,952.510009765625,952.510009765625,952.510009765625,943.739990234375,949.3099975585938,2071500000
2021-12-10,948.6099853515625,948.6099853515625,948.6099853515625,939.6699829101562,945.22998046875,1665600000
2021-12-13,943.7100219726562,943.7100219726562,953.7899780273438,943.7100219726562,951.530029296875,1296200000
2021-12-14,940.3499755859375,940.3499755859375,945.9500122070312,937.77001953125,945.219970703125,1427600000
2021-12-15,944.489990234375,944.489990234375,950.0499877929688,938.8699951171875,940.2999877929688,2013200000
2021-12-16,937.1099853515625,937.1099853515625,951.27001953125,936.0399780273438,950.02001953125,1889200000
2021-12-17,939.4099731445312,939.4099731445312,939.4099731445312,931.27001953125,933.5399780273438,1789200000
2021-12-20,932.1699829101562,932.1699829101562,935.8800048828125,929.7899780273438,932.219970703125,1343200000
2021-12-21,934.9600219726562,934.9600219726562,939.5,931.260009765625,932.3900146484375,1337900000
2021-12-22,926.9400024414062,926.9400024414062,926.9400024414062,926.9400024414062,926.9400024414062,0
2021-12-23,932.4400024414062,932.4400024414062,934.280029296875,927.0399780273438,929.27001953125,1075700000
2021-12-24,930.9600219726562,930.9600219726562,935.8499755859375,928.9600219726562,933.25,1010800000
2021-12-27,933.489990234375,933.489990234375,935.4099731445312,931.3200073242188,933.239990234375,1079200000
2021-12-28,937.0800170898438,937.0800170898438,939.8499755859375,934.9299926757812,936.7000122070312,1419500000
2021-12-29,936.219970703125,936.219970703125,940.989990234375,932.9600219726562,938.6099853515625,1385400000
2021-12-30,931.4099731445312,931.4099731445312,938.4099731445312,931.4099731445312,938.1500244140625,1439500000
2022-01-03,943.3200073242188,943.3200073242188,945.989990234375,931.9000244140625,932.4199829101562,1242800000
2022-01-04,947.8800048828125,947.8800048828125,952.7000122070312,945.010009765625,945.77001953125,2449100000
2022-01-05,939.2999877929688,939.2999877929688,952.8099975585938,934.1300048828125,949.0800170898438,2103600000
2022-01-06,940.5,940.5,943.3499755859375,930.2899780273438,942.2999877929688,1894400000
2022-01-07,949.8599853515625,949.8599853515625,952.7000122070312,939.9199829101562,944.2000122070312,1795000000
2022-01-10,944.1799926757812,944.1799926757812,951.5999755859375,944.1799926757812,949.47998046875,1427700000
2022-01-11,940.3200073242188,940.3200073242188,948.8900146484375,938.02001953125,947.6599731445312,2040600000
2022-01-12,943.9299926757812,943.9299926757812,946.8599853515625,937.5700073242188,943.9500122070312,2184800000
2022-01-13,950.5900268554688,950.5900268554688,950.8400268554688,943.27001953125,947.3599853515625,1913700000
2022-01-14,952.9500122070312,952.9500122070312,955.1799926757812,945.1900024414062,949.1199951171875,1624900000
2022-01-17,948.02001953125,948.02001953125,957.2999877929688,943.7100219726562,957.2000122070312,1913500000
2022-01-18,944.8200073242188,944.8200073242188,952.2899780273438,932.2000122070312,950.3300170898438,2202700000
2022-01-19,938.6099853515625,938.6099853515625,944.6799926757812,937.010009765625,943.969970703125,2114800000
2022-01-20,943.3400268554688,943.3400268554688,946.9199829101562,938.0399780273438,942.52001953125,2260800000
2022-01-21,959.760009765625,959.760009765625,959.760009765625,938.719970703125,943.3099975585938,1540600000
2022-01-24,949.489990234375,949.489990234375,949.489990234375,949.489990234375,949.489990234375,0
2022-01-25,939.3400268554688,939.3400268554688,944.6500244140625,930.72998046875,944.1900024414062,1948800000
2022-01-26,946.8599853515625,946.8599853515625,947.1699829101562,937.6699829101562,941.0900268554688,1953900000
2022-01-27,947.02001953125,947.02001953125,949.9099731445312,940.9099731445312,943.8699951171875,1878900000
2022-01-28,949.77001953125,949.77001953125,950.6699829101562,943.0800170898438,948.8699951171875,1829500000
2022-01-31,939.6300048828125,939.6300048828125,952.3400268554688,939.6300048828125,952.3099975585938,1690100000
2022-02-02,947.8900146484375,947.8900146484375,947.8900146484375,947.8900146484375,947.8900146484375,0
2022-02-03,945.9400024414062,945.9400024414062,952.3800048828125,939.5700073242188,952.1699829101562,1827800000
2022-02-04,951.6699829101562,951.6699829101562,952.8499755859375,946.1199951171875,949.469970703125,1774700000
2022-02-07,964.6099853515625,964.6099853515625,964.6099853515625,964.6099853515625,964.6099853515625,0
2022-02-08,962.010009765625,962.010009765625,976.010009765625,962.010009765625,967.1900024414062,2443100000
2022-02-09,971.719970703125,971.719970703125,973.9199829101562,962.1099853515625,966.6900024414062,2060800000
2022-02-10,973.6400146484375,973.6400146484375,980.489990234375,971.1099853515625,978.4400024414062,2449500000
2022-02-11,971.6799926757812,971.6799926757812,974.8200073242188,963.760009765625,972.0900268554688,1660300000
2022-02-14,962.6400146484375,962.6400146484375,967.5399780273438,954.4000244140625,966.4500122070312,1971700000
2022-02-15,975.3200073242188,975.3200073242188,975.3200073242188,961.5800170898438,965.280029296875,1696100000
2022-02-16,976.510009765625,976.510009765625,980.9500122070312,974.5499877929688,979.0599975585938,1770300000
2022-02-17,973.4000244140625,973.4000244140625,977.0,964.25,974.1199951171875,1558300000
2022-02-18,979.9600219726562,979.9600219726562,982.3599853515625,968.8599853515625,973.6400146484375,1846500000
2022-02-21,979.780029296875,979.780029296875,984.97998046875,976.780029296875,980.9099731445312,1762100000
2022-02-22,973.739990234375,973.739990234375,978.1900024414062,965.9199829101562,974.0999755859375,2053000000
2022-02-23,985.0800170898438,985.0800170898438,985.0800170898438,975.3099975585938,977.8300170898438,2134600000
2022-02-24,973.6500244140625,973.6500244140625,986.75,962.72998046875,981.8900146484375,4096900000
2022-02-25,985.5399780273438,985.5399780273438,988.2999877929688,974.5999755859375,975.7999877929688,3117900000
2022-03-01,987.6500244140625,987.6500244140625,1008.510009765625,987.6500244140625,1006.6599731445312,3386700000
2022-03-02,978.1599731445312,978.1599731445312,998.0399780273438,976.3800048828125,995.1900024414062,2757800000
2022-03-04,994.0499877929688,994.0499877929688,994.6599731445312,985.1300048828125,992.3300170898438,3610900000
2022-03-07,988.9099731445312,988.9099731445312,992.4199829101562,982.7899780273438,989.2899780273438,4238100000
2022-03-08,986.5399780273438,986.5399780273438,1006.8499755859375,984.4500122070312,995.8900146484375,5369900000
2022-03-09,993.3800048828125,993.3800048828125,999.27001953125,987.1799926757812,992.0900268554688,3558500000
2022-03-10,997.1400146484375,997.1400146484375,1001.47998046875,985.0599975585938,1000.8200073242188,3200300000
2022-03-11,997.7000122070312,997.7000122070312,997.7000122070312,983.27001953125,985.8499755859375,2529000000
2022-03-14,1003.7999877929688,1003.7999877929688,1007.7999877929688,997.5399780273438,1003.77001953125,3145000000
2022-03-15,1001.280029296875,1001.280029296875,1011.97998046875,997.47998046875,1007.25,3144300000
2022-03-16,1013.6099853515625,1013.6099853515625,1013.6099853515625,1003.75,1008.0900268554688,3192500000
2022-03-17,1005.8200073242188,1005.8200073242188,1020.1300048828125,1003.6199951171875,1018.1799926757812,3153300000
2022-03-18,1003.77001953125,1003.77001953125,1012.280029296875,999.6900024414062,1010.0,3939900000
2022-03-21,1003.760009765625,1003.760009765625,1008.0999755859375,998.9299926757812,1002.25,2202900000
2022-03-22,1011.75,1011.75,1012.2999877929688,1006.3200073242188,1008.6099853515625,2546300000
2022-03-23,1011.6799926757812,1011.6799926757812,1016.1099853515625,1006.3800048828125,1014.0800170898438,2480900000
2022-03-24,1026.18994140625,1026.18994140625,1026.18994140625,1007.8699951171875,1008.989990234375,2783800000
2022-03-25,1017.6699829101562,1017.6699829101562,1026.8199462890625,1011.7999877929688,1026.22998046875,2391400000
2022-03-28,1026.8399658203125,1026.8399658203125,1027.7900390625,1014.47998046875,1017.1599731445312,2649800000
2022-03-29,1019.0800170898438,1019.0800170898438,1031.3699951171875,1018.25,1027.6600341796875,2409300000
2022-03-30,1024.219970703125,1024.219970703125,1025.6400146484375,1018.7899780273438,1025.3299560546875,3075500000
2022-03-31,1022.989990234375,1022.989990234375,1031.8599853515625,1020.5399780273438,1028.3399658203125,2336300000
2022-04-01,1027.52001953125,1027.52001953125,1028.9000244140625,1019.0999755859375,1027.93994140625,2151100000
2022-04-04,1033.5,1033.5,1033.5,1023.3599853515625,1028.22998046875,1663200000
2022-04-05,1038.8499755859375,1038.8499755859375,1038.8499755859375,1030.9300537109375,1035.0799560546875,1781200000
2022-04-06,1030.1199951171875,1030.1199951171875,1037.22998046875,1027.530029296875,1034.5699462890625,2146800000
2022-04-07,1031.9599609375,1031.9599609375,1036.1099853515625,1028.6400146484375,1032.7900390625,2186300000
2022-04-08,1043.8199462890625,1043.8199462890625,1045.489990234375,1035.9200439453125,1038.199951171875,2121300000
2022-04-11,1029.27001953125,1029.27001953125,1043.97998046875,1028.280029296875,1043.97998046875,2264700000
2022-04-12,1036.8499755859375,1036.8499755859375,1036.8499755859375,1027.260009765625,1029.4300537109375,2291800000
2022-04-13,1044.75,1044.75,1045.97998046875,1039.7099609375,1042.800048828125,2534100000
2022-04-14,1035.6700439453125,1035.6700439453125,1046.4599609375,1034.8800048828125,1045.25,2271500000
2022-04-18,1040.969970703125,1040.969970703125,1042.300048828125,1037.43994140625,1037.989990234375,1925100000
2022-04-19,1037.1400146484375,1037.1400146484375,1045.0400390625,1036.4100341796875,1042.81005859375,2121500000
2022-04-20,1053.6800537109375,1053.6800537109375,1058.739990234375,1041.800048828125,1043.8199462890625,3278100000
2022-04-21,1063.72998046875,1063.72998046875,1067.969970703125,1056.760009765625,1058.9200439453125,2623700000
2022-04-22,1056.8599853515625,1056.8599853515625,1067.280029296875,1049.02001953125,1057.800048828125,2360800000
2022-04-25,1063.8499755859375,1063.8499755859375,1066.52001953125,1041.8199462890625,1051.6700439453125,2517600000
2022-04-26,1075.1099853515625,1075.1099853515625,1075.3299560546875,1061.3399658203125,1062.1400146484375,2579300000
2022-04-27,1074.25,1074.25,1077.3800048828125,1069.510009765625,1070.1300048828125,2085500000
2022-04-28,1085.43994140625,1085.43994140625,1093.6099853515625,1084.4100341796875,1088.8299560546875,3671100000
2022-05-09,1025.949951171875,1025.949951171875,1069.260009765625,1023.510009765625,1067.27001953125,4024900000
2022-05-10,1021.0800170898438,1021.0800170898438,1023.1799926757812,986.8400268554688,986.8400268554688,3805000000
2022-05-11,1025.43994140625,1025.43994140625,1038.18994140625,1020.8200073242188,1024.199951171875,0
2022-05-12,993.3499755859375,993.3499755859375,1021.969970703125,987.9500122070312,1021.7999877929688,3032400000
2022-05-13,995.97998046875,995.97998046875,1005.0499877929688,983.5999755859375,989.9099731445312,3725200000
2022-05-17,1004.1199951171875,1004.1199951171875,1013.8800048828125,995.8699951171875,997.1400146484375,2672500000
2022-05-18,1016.0,1016.0,1018.510009765625,1003.8400268554688,1011.9000244140625,2728400000
2022-05-19,1008.2000122070312,1008.2000122070312,1012.27001953125,989.989990234375,998.260009765625,2760800000
2022-05-20,1015.1799926757812,1015.1799926757812,1022.47998046875,1011.5800170898438,1011.5800170898438,2523900000
2022-05-23,1002.5700073242188,1002.5700073242188,1020.3800048828125,997.9600219726562,1018.1500244140625,2262700000
2022-05-24,1015.9299926757812,1015.9299926757812,1022.260009765625,1006.3900146484375,1006.3900146484375,2893500000
2022-05-25,1009.510009765625,1009.510009765625,1021.4000244140625,1007.510009765625,1016.0999755859375,2411000000
2022-05-27,1031.9300537109375,1031.9300537109375,1031.9300537109375,1021.2100219726562,1025.3900146484375,2286100000
2022-05-30,1029.8299560546875,1029.8299560546875,1038.030029296875,1020.2899780273438,1037.699951171875,2219800000
2022-05-31,1056.780029296875,1056.780029296875,1056.780029296875,1033.8199462890625,1036.0899658203125,5653700000
2022-06-02,1039.9000244140625,1039.9000244140625,1054.6500244140625,1035.6600341796875,1051.6600341796875,3131000000
2022-06-03,1043.5400390625,1043.5400390625,1053.8299560546875,1043.280029296875,1046.47998046875,2483100000
2022-06-06,1036.3800048828125,1036.3800048828125,1044.1400146484375,1027.7099609375,1038.6500244140625,2081500000
2022-06-07,1030.8399658203125,1030.8399658203125,1041.2099609375,1030.8399658203125,1036.949951171875,2431600000
2022-06-08,1041.6099853515625,1041.6099853515625,1044.949951171875,1022.75,1029.800048828125,2744100000
2022-06-09,1037.1800537109375,1037.1800537109375,1051.3199462890625,1037.1500244140625,1040.1199951171875,9402600000
2022-06-10,1019.239990234375,1019.239990234375,1033.75,1013.489990234375,1029.0999755859375,7154200000
2022-06-13,1010.1400146484375,1010.1400146484375,1010.1400146484375,994.8599853515625,1000.0900268554688,7131700000
2022-06-14,1019.530029296875,1019.530029296875,1019.530029296875,1000.530029296875,1000.8200073242188,7322000000
2022-06-15,1014.1199951171875,1014.1199951171875,1025.0,1005.9600219726562,1015.5599975585938,5951300000
2022-06-16,1017.8900146484375,1017.8900146484375,1034.4100341796875,1013.1400146484375,1025.1600341796875,6964000000
2022-06-17,997.9000244140625,997.9000244140625,1008.4500122070312,990.75,1004.97998046875,5775900000
2022-06-20,1006.7899780273438,1006.7899780273438,1006.7899780273438,986.0,997.9099731445312,6417100000
2022-06-21,1018.0399780273438,1018.0399780273438,1019.0499877929688,1004.3699951171875,1006.780029296875,4793800000
2022-06-22,1008.760009765625,1008.760009765625,1021.0700073242188,1005.1699829101562,1018.0499877929688,4032100000
2022-06-23,1013.219970703125,1013.219970703125,1015.5499877929688,999.9299926757812,1008.760009765625,3544800000
2022-06-24,1018.989990234375,1018.989990234375,1023.8599853515625,1012.0900268554688,1013.239990234375,5067600000
2022-06-27,1010.739990234375,1010.739990234375,1022.6300048828125,1003.5399780273438,1019.0,3501900000
2022-06-28,1007.6400146484375,1007.6400146484375,1010.9000244140625,1000.4600219726562,1010.75,3243600000
2022-06-29,995.7100219726562,995.7100219726562,1010.760009765625,995.7100219726562,1007.6400146484375,2898800000
2022-06-30,991.9400024414062,991.9400024414062,1004.1900024414062,990.8400268554688,995.7100219726562,3414800000
2022-07-01,974.3300170898438,974.3300170898438,997.4099731445312,970.3099975585938,991.9400024414062,2980000000
2022-07-04,950.1500244140625,950.1500244140625,974.75,937.5900268554688,974.3400268554688,3019500000
2022-07-05,957.1099853515625,957.1099853515625,969.4199829101562,950.010009765625,950.1599731445312,3392000000
2022-07-06,947.1500244140625,947.1500244140625,958.4099731445312,939.4299926757812,957.1099853515625,3016300000
2022-07-07,946.5800170898438,946.5800170898438,953.7000122070312,944.1400146484375,947.1500244140625,2644100000
2022-07-08,959.6799926757812,959.6799926757812,960.5499877929688,946.5999755859375,946.5999755859375,3227100000
2022-07-11,952.2000122070312,952.2000122070312,963.239990234375,947.2899780273438,959.6400146484375,2014200000
2022-07-12,949.5,949.5,955.3599853515625,948.9299926757812,952.2100219726562,2310100000
2022-07-13,936.4400024414062,936.4400024414062,950.9500122070312,935.0900268554688,949.5,2802200000
2022-07-14,948.5700073242188,948.5700073242188,950.530029296875,931.9299926757812,936.4400024414062,2520400000
2022-07-15,938.9500122070312,938.9500122070312,952.239990234375,938.0499877929688,948.5700073242188,2710500000
2022-07-18,940.77001953125,940.77001953125,947.02001953125,930.9099731445312,938.97998046875,2650600000
2022-07-19,949.1400146484375,949.1400146484375,950.9600219726562,932.489990234375,940.780029296875,3470200000
2022-07-20,973.9500122070312,973.9500122070312,974.7999877929688,949.1400146484375,949.1599731445312,4024100000
2022-07-21,971.5499877929688,971.5499877929688,976.6199951171875,960.9199829101562,973.9600219726562,2197000000
2022-07-22,974.0399780273438,974.0399780273438,976.1500244140625,968.52001953125,971.5499877929688,2720000000
2022-07-25,967.1300048828125,967.1300048828125,977.7100219726562,967.1300048828125,974.0599975585938,1864100000
2022-07-26,968.47998046875,968.47998046875,973.6799926757812,966.8499755859375,967.1400146484375,2283500000
2022-07-27,974.4600219726562,974.4600219726562,975.8599853515625,966.77001953125,968.469970703125,3041900000
2022-07-28,980.25,980.25,986.9000244140625,974.47998046875,974.47998046875,4654600000
2022-07-29,978.6300048828125,978.6300048828125,992.9400024414062,978.6300048828125,980.27001953125,3359100000
2022-08-01,981.989990234375,981.989990234375,989.5700073242188,978.260009765625,978.6300048828125,2826200000
2022-08-02,988.6099853515625,988.6099853515625,988.6099853515625,973.510009765625,981.989990234375,3034700000
2022-08-03,999.9500122070312,999.9500122070312,999.9500122070312,985.72998046875,988.6099853515625,3546500000
2022-08-04,1003.77001953125,1003.77001953125,1005.2899780273438,996.4000244140625,999.9500122070312,3883300000
2022-08-05,1007.7999877929688,1007.7999877929688,1008.8800048828125,1000.0999755859375,1003.77001953125,2901700000
2022-08-08,1007.1400146484375,1007.1400146484375,1009.97998046875,1001.510009765625,1007.7999877929688,3015800000
2022-08-09,1008.7100219726562,1008.7100219726562,1017.219970703125,1007.02001953125,1007.1400146484375,3122300000
2022-08-10,1007.7999877929688,1007.7999877929688,1008.9199829101562,994.4199829101562,1008.7100219726562,2512700000
2022-08-11,1018.3300170898438,1018.3300170898438,1022.22998046875,1007.7999877929688,1007.7999877929688,3472600000
2022-08-12,1012.0399780273438,1012.0399780273438,1019.239990234375,1009.5900268554688,1018.3300170898438,2274700000
2022-08-15,1005.7899780273438,1005.7899780273438,1016.7100219726562,1003.6199951171875,1012.0399780273438,2165300000
2022-08-16,1016.3599853515625,1016.3599853515625,1017.5,1005.6400146484375,1005.7899780273438,4028500000
2022-08-18,1026.3399658203125,1026.3399658203125,1026.47998046875,1014.0900268554688,1016.3599853515625,3537300000
2022-08-19,1022.989990234375,1022.989990234375,1033.0799560546875,1022.989990234375,1026.3399658203125,2591800000
2022-08-22,1014.6799926757812,1014.6799926757812,1023.3300170898438,1006.4400024414062,1022.989990234375,3020600000
2022-08-23,1023.0,1023.0,1027.739990234375,1014.469970703125,1014.6599731445312,3272600000
2022-08-24,1026.6099853515625,1026.6099853515625,1029.1099853515625,1021.1400146484375,1023.010009765625,2156900000
2022-08-25,1021.47998046875,1021.47998046875,1028.6300048828125,1016.2000122070312,1026.6099853515625,2104100000
2022-08-26,1014.27001953125,1014.27001953125,1025.4000244140625,1014.27001953125,1021.5,2487600000
2022-08-29,1016.3099975585938,1016.3099975585938,1016.3099975585938,994.0499877929688,1014.239990234375,2863400000
2022-08-30,1021.75,1021.75,1033.93994140625,1016.0399780273438,1016.3099975585938,2622500000
2022-08-31,1022.8200073242188,1022.8200073242188,1023.7999877929688,1005.0999755859375,1021.760009765625,4058900000
2022-09-01,1016.9299926757812,1016.9299926757812,1025.260009765625,1014.4299926757812,1022.8200073242188,1172900000
2022-09-02,1019.7899780273438,1019.7899780273438,1026.510009765625,1014.5900268554688,1016.9299926757812,1195300000
2022-09-05,1029.300048828125,1029.300048828125,1031.949951171875,1014.52001953125,1019.7899780273438,1458300000
2022-09-06,1027.010009765625,1027.010009765625,1038.7900390625,1027.010009765625,1029.300048828125,1698500000
2022-09-07,1019.6699829101562,1019.6699829101562,1028.739990234375,1016.4099731445312,1027.010009765625,3281100000
2022-09-08,1028.06005859375,1028.06005859375,1036.6600341796875,1019.6300048828125,1019.6699829101562,3699200000
2022-09-09,1032.0,1032.0,1035.77001953125,1024.47998046875,1028.0699462890625,2261100000
2022-09-12,1032.7900390625,1032.7900390625,1037.6400146484375,1028.02001953125,1032.010009765625,2246200000
2022-09-13,1042.6400146484375,1042.6400146484375,1048.25,1032.780029296875,1032.7900390625,2926100000
2022-09-14,1035.52001953125,1035.52001953125,1042.6199951171875,1026.4599609375,1042.6199951171875,3187600000
2022-09-15,1041.0400390625,1041.0400390625,1053.4300537109375,1035.5400390625,1035.5400390625,4070900000
2022-09-16,1016.010009765625,1016.010009765625,1041.1500244140625,1016.010009765625,1041.0400390625,5940100000
2022-09-19,1024.72998046875,1024.72998046875,1032.0799560546875,1013.469970703125,1016.02001953125,3046400000
2022-09-20,1028.2099609375,1028.2099609375,1036.780029296875,1024.739990234375,1024.739990234375,3301900000
2022-09-21,1029.219970703125,1029.219970703125,1029.9300537109375,1019.030029296875,1028.18994140625,2171700000
2022-09-22,1032.6500244140625,1032.6500244140625,1034.27001953125,1018.469970703125,1029.199951171875,1865500000
2022-09-23,1025.6300048828125,1025.6300048828125,1032.6700439453125,1023.489990234375,1032.6700439453125,2360400000
2022-09-26,1020.2000122070312,1020.2000122070312,1025.6199951171875,1004.1900024414062,1025.6199951171875,3300800000
2022-09-27,1015.97998046875,1015.97998046875,1021.2999877929688,1011.47998046875,1020.2000122070312,2529900000
2022-09-28,1013.510009765625,1013.510009765625,1026.6300048828125,1009.77001953125,1015.97998046875,2298400000
2022-09-29,1009.0399780273438,1009.0399780273438,1022.6900024414062,1006.969970703125,1013.52001953125,1903800000
2022-09-30,1011.47998046875,1011.47998046875,1015.6599731445312,993.4500122070312,1009.0399780273438,3055100000
2022-10-03,1006.3699951171875,1006.3699951171875,1013.1599731445312,1003.8800048828125,1011.47998046875,1958600000
2022-10-04,1014.6500244140625,1014.6500244140625,1021.1400146484375,1006.4000244140625,1006.4000244140625,2139700000
2022-10-05,1011.6300048828125,1011.6300048828125,1022.3099975585938,1011.6300048828125,1014.6500244140625,1918100000
2022-10-06,1010.6799926757812,1010.6799926757812,1021.6799926757812,1009.5800170898438,1011.6300048828125,2070800000
2022-10-07,999.3900146484375,999.3900146484375,1010.760009765625,996.9199829101562,1010.6799926757812,1433200000
2022-10-10,996.6900024414062,996.6900024414062,999.97998046875,987.2999877929688,999.3699951171875,1539500000
2022-10-11,988.4299926757812,988.4299926757812,998.2000122070312,988.1599731445312,996.6900024414062,1918500000
2022-10-12,984.5599975585938,984.5599975585938,994.030029296875,978.5,988.4299926757812,2494700000
2022-10-13,978.47998046875,978.47998046875,988.5999755859375,978.47998046875,984.5599975585938,1996700000
2022-10-14,966.739990234375,966.739990234375,989.739990234375,966.739990234375,978.489990234375,2254300000
2022-10-17,972.6699829101562,972.6699829101562,974.8699951171875,957.4600219726562,966.739990234375,2566800000
2022-10-18,971.3499755859375,971.3499755859375,983.4299926757812,969.4199829101562,972.6799926757812,2329400000
2022-10-19,974.0700073242188,974.0700073242188,978.7000122070312,965.3099975585938,971.3499755859375,2031800000
2022-10-20,993.6799926757812,993.6799926757812,996.1900024414062,971.3699951171875,974.0700073242188,3504400000
2022-10-21,1000.3599853515625,1000.3599853515625,1008.4000244140625,992.219970703125,993.6900024414062,2350500000
2022-10-24,1006.5,1006.5,1013.25,1000.2999877929688,1000.3599853515625,2822800000
2022-10-25,1005.8300170898438,1005.8300170898438,1015.8200073242188,1002.719970703125,1006.510009765625,3242100000
2022-10-26,1004.1799926757812,1004.1799926757812,1010.22998046875,1000.7100219726562,1005.8400268554688,3629400000
2022-10-27,1012.77001953125,1012.77001953125,1014.510009765625,1004.1900024414062,1004.1900024414062,2566400000
2022-10-28,1009.7000122070312,1009.7000122070312,1014.1400146484375,1002.6599731445312,1012.77001953125,2072900000
2022-10-31,1014.1199951171875,1014.1199951171875,1017.47998046875,1008.8499755859375,1009.7000122070312,2418200000
2022-11-01,1007.3699951171875,1007.3699951171875,1020.5599975585938,1001.0700073242188,1014.1300048828125,2426900000
2022-11-02,999.0999755859375,999.0999755859375,1010.280029296875,992.3599853515625,1007.3699951171875,2416200000
2022-11-03,1001.3099975585938,1001.3099975585938,1005.22998046875,989.260009765625,999.0999755859375,3260500000
2022-11-04,1005.97998046875,1005.97998046875,1005.97998046875,993.0900268554688,1001.3099975585938,2357700000
2022-11-07,1015.280029296875,1015.280029296875,1015.280029296875,998.8699951171875,1005.97998046875,2321500000
2022-11-08,1005.739990234375,1005.739990234375,1016.6300048828125,1003.6900024414062,1015.2899780273438,1539100000
2022-11-09,1009.2100219726562,1009.2100219726562,1009.5700073242188,1002.5999755859375,1005.72998046875,2527500000
2022-11-10,991.6500244140625,991.6500244140625,1009.2100219726562,990.1300048828125,1009.2100219726562,2966700000
2022-11-11,1012.9400024414062,1012.9400024414062,1016.6400146484375,991.6799926757812,991.6799926757812,5461500000
2022-11-14,1001.02001953125,1001.02001953125,1014.9600219726562,1000.0399780273438,1012.9400024414062,2559300000
2022-11-15,1004.3599853515625,1004.3599853515625,1006.5499877929688,998.0800170898438,1001.02001953125,2000400000
2022-11-16,1000.9600219726562,1000.9600219726562,1006.5499877929688,990.0900268554688,1004.3599853515625,3499600000
2022-11-17,1004.9199829101562,1004.9199829101562,1007.9000244140625,992.72998046875,1000.9600219726562,2027700000
2022-11-18,1009.5,1009.5,1012.9600219726562,1000.8400268554688,1004.9299926757812,2698100000
2022-11-21,1002.4000244140625,1002.4000244140625,1013.1199951171875,1001.780029296875,1009.5,2309900000
2022-11-22,996.8699951171875,996.8699951171875,1008.8400268554688,996.8699951171875,1002.4000244140625,3038400000
2022-11-23,998.5,998.5,1005.719970703125,996.0700073242188,996.8800048828125,2232200000
2022-11-24,1004.3200073242188,1004.3200073242188,1007.6799926757812,998.510009765625,998.510009765625,1845300000
2022-11-25,1001.739990234375,1001.739990234375,1005.2100219726562,994.8200073242188,1004.3300170898438,2006400000
2022-11-28,996.760009765625,996.760009765625,1007.510009765625,996.739990234375,1001.72998046875,3481600000
2022-11-29,995.219970703125,995.219970703125,999.8099975585938,992.1300048828125,996.75,3388000000
2022-11-30,1008.280029296875,1008.280029296875,1010.2100219726562,991.1599731445312,995.22998046875,8371200000
2022-12-01,995.9600219726562,995.9600219726562,1009.9099731445312,995.4500122070312,1008.260009765625,2679300000
2022-12-02,989.5900268554688,989.5900268554688,996.1599731445312,984.3300170898438,995.9600219726562,1702500000
2022-12-05,979.1500244140625,979.1500244140625,989.5900268554688,979.1500244140625,989.5900268554688,2245600000
2022-12-06,961.8400268554688,961.8400268554688,979.1599731445312,956.0700073242188,979.1599731445312,2105800000
2022-12-07,945.5800170898438,945.5800170898438,961.8599853515625,944.6599731445312,961.8400268554688,2077200000
2022-12-08,944.219970703125,944.219970703125,947.1699829101562,927.72998046875,945.5800170898438,2318700000
2022-12-09,933.010009765625,933.010009765625,944.219970703125,928.8400268554688,944.219970703125,1703700000
2022-12-12,938.75,938.75,938.75,923.5,933.010009765625,1774800000
2022-12-13,952.7899780273438,952.7899780273438,955.6799926757812,934.9400024414062,938.75,27976200000
2022-12-14,951.1599731445312,951.1599731445312,959.5,944.9500122070312,952.7999877929688,10181200000
2022-12-15,942.3599853515625,942.3599853515625,951.1799926757812,940.010009765625,951.1699829101562,4464400000
2022-12-16,951.1900024414062,951.1900024414062,951.3200073242188,932.1599731445312,942.3599853515625,4610600000
2022-12-19,946.8499755859375,946.8499755859375,953.6199951171875,941.280029296875,951.1799926757812,3097400000
2022-12-20,938.9000244140625,938.9000244140625,947.02001953125,936.97998046875,946.8499755859375,4400300000
2022-12-21,941.6599731445312,941.6599731445312,942.780029296875,935.219970703125,938.9000244140625,3657700000
2022-12-22,941.7000122070312,941.7000122070312,945.7100219726562,939.2899780273438,941.6699829101562,2483800000
2022-12-23,934.260009765625,934.260009765625,941.6900024414062,933.1300048828125,941.6900024414062,2377500000
2022-12-26,935.1500244140625,935.1500244140625,935.1500244140625,935.1500244140625,935.1500244140625,0
2022-12-27,940.3800048828125,940.3800048828125,941.97998046875,935.1199951171875,935.1500244140625,3701200000
2022-12-28,933.6900024414062,933.6900024414062,942.5599975585938,930.52001953125,940.3900146484375,2936800000
2022-12-29,939.8699951171875,939.8699951171875,940.0599975585938,926.7999877929688,933.6900024414062,5039200000
2022-12-30,937.1799926757812,937.1799926757812,944.8300170898438,937.1799926757812,939.8800048828125,3950600000
2023-01-02,935.0800170898438,935.0800170898438,937.219970703125,929.77001953125,937.2000122070312,1543400000
2023-01-03,940.4600219726562,940.4600219726562,945.030029296875,931.780029296875,935.0800170898438,3858400000
2023-01-04,928.530029296875,928.530029296875,941.8800048828125,928.530029296875,940.4600219726562,3275400000
2023-01-05,909.6599731445312,909.6599731445312,928.5700073242188,902.97998046875,928.5399780273438,3941700000
2023-01-06,913.02001953125,913.02001953125,913.97998046875,899.6099853515625,909.6500244140625,2191100000
2023-01-09,915.8599853515625,915.8599853515625,919.3499755859375,906.3900146484375,913.02001953125,3463200000
2023-01-10,901.0900268554688,901.0900268554688,916.219970703125,894.1900024414062,915.8599853515625,3524500000
2023-01-11,894.9500122070312,894.9500122070312,901.1400146484375,889.010009765625,901.0900268554688,2371600000
2023-01-12,905.6799926757812,905.6799926757812,911.219970703125,893.010009765625,894.9500122070312,4120800000
2023-01-13,905.489990234375,905.489990234375,909.260009765625,898.219970703125,905.6799926757812,7752400000
2023-01-16,913.3200073242188,913.3200073242188,913.3200073242188,902.9000244140625,905.489990234375,4588600000
2023-01-17,929.8499755859375,929.8499755859375,935.7899780273438,913.3200073242188,913.3200073242188,9412500000
2023-01-18,929.760009765625,929.760009765625,933.5399780273438,921.8800048828125,929.8200073242188,5383500000
2023-01-19,937.6099853515625,937.6099853515625,938.530029296875,927.719970703125,929.760009765625,3833100000
2023-01-20,941.010009765625,941.010009765625,942.8800048828125,936.27001953125,937.6099853515625,5150200000
2023-01-24,939.3499755859375,939.3499755859375,945.1799926757812,935.77001953125,941.010009765625,7768200000
2023-01-25,932.3400268554688,932.3400268554688,941.3300170898438,931.0900268554688,939.3499755859375,6713600000
2023-01-26,941.6400146484375,941.6400146484375,943.8499755859375,931.52001953125,932.3400268554688,4202600000
2023-01-27,949.72998046875,949.72998046875,956.1900024414062,941.6400146484375,941.6400146484375,3977300000
2023-01-30,945.4299926757812,945.4299926757812,952.6699829101562,937.489990234375,949.739990234375,3610200000
2023-01-31,936.489990234375,936.489990234375,945.4500122070312,935.3400268554688,945.4400024414062,4689200000
2023-02-01,941.1400146484375,941.1400146484375,946.2899780273438,936.4000244140625,936.4000244140625,3775800000
2023-02-02,943.0399780273438,943.0399780273438,945.8699951171875,938.6799926757812,941.1400146484375,8053900000
2023-02-03,952.7999877929688,952.7999877929688,957.8499755859375,943.0700073242188,943.0700073242188,7233500000
2023-02-06,948.4500122070312,948.4500122070312,956.52001953125,941.6699829101562,952.7999877929688,3618300000
2023-02-07,956.6099853515625,956.6099853515625,959.4299926757812,948.1900024414062,948.4500122070312,4962800000
2023-02-08,958.9500122070312,958.9500122070312,960.0700073242188,953.5599975585938,956.6099853515625,4288500000
2023-02-09,952.22998046875,952.22998046875,962.9099731445312,951.510009765625,958.9500122070312,6372400000
2023-02-10,952.4500122070312,952.4500122070312,952.4500122070312,937.8599853515625,951.8200073242188,2633400000
2023-02-13,953.219970703125,953.219970703125,956.8800048828125,949.280029296875,952.4500122070312,11801600000
2023-02-14,960.3099975585938,960.3099975585938,960.3099975585938,960.3099975585938,960.3099975585938,0
2023-02-15,957.6400146484375,957.6400146484375,957.6400146484375,957.6400146484375,957.6400146484375,0
2023-02-16,953.489990234375,953.489990234375,960.5,951.4099731445312,957.6400146484375,5201100000
2023-02-17,954.3800048828125,954.3800048828125,958.3300170898438,950.52001953125,953.489990234375,8806900000
2023-02-20,954.8599853515625,954.8599853515625,957.3499755859375,948.6599731445312,954.4099731445312,8073000000
2023-02-21,950.510009765625,950.510009765625,957.9600219726562,950.1599731445312,954.8599853515625,4190800000
2023-02-22,939.989990234375,939.989990234375,950.8900146484375,934.9500122070312,950.47998046875,5836200000
2023-02-23,944.4299926757812,944.4299926757812,944.7100219726562,938.3300170898438,940.02001953125,3488500000
2023-02-24,946.9299926757812,946.9299926757812,953.0,944.4299926757812,944.4299926757812,4119800000
2023-02-27,948.0800170898438,948.0800170898438,948.47998046875,940.5999755859375,946.9299926757812,3429400000
2023-02-28,942.969970703125,942.969970703125,954.6099853515625,942.969970703125,948.0800170898438,6167400000
2023-03-01,945.8200073242188,945.8200073242188,951.7999877929688,942.9400024414062,942.9400024414062,5476800000
2023-03-02,947.1500244140625,947.1500244140625,947.1500244140625,947.1500244140625,947.1500244140625,0
2023-03-03,938.9600219726562,938.9600219726562,951.47998046875,937.5800170898438,947.1500244140625,3662900000
2023-03-06,938.719970703125,938.719970703125,946.5599975585938,938.719970703125,939.02001953125,4950800000
2023-03-07,935.739990234375,935.739990234375,941.1900024414062,934.260009765625,938.6900024414062,5094100000
2023-03-08,939.0399780273438,939.0399780273438,939.0399780273438,939.0399780273438,939.0399780273438,0
2023-03-09,942.8900146484375,942.8900146484375,948.52001953125,939.0399780273438,939.0399780273438,3103400000
2023-03-10,937.1400146484375,937.1400146484375,942.8900146484375,934.219970703125,942.8900146484375,3655300000
2023-03-13,939.8400268554688,939.8400268554688,944.0999755859375,931.719970703125,937.0800170898438,5757700000
2023-03-14,917.3800048828125,917.3800048828125,939.780029296875,916.3300170898438,939.780029296875,6010300000
2023-03-15,914.1900024414062,914.1900024414062,929.8699951171875,914.1900024414062,917.3800048828125,4657400000
2023-03-16,907.5,907.5,914.9000244140625,903.4400024414062,914.1900024414062,4824100000
2023-03-17,924.25,924.25,926.469970703125,907.5,907.5,35542300000
2023-03-20,915.5700073242188,915.5700073242188,924.25,910.8300170898438,924.25,3890200000
2023-03-21,929.989990234375,929.989990234375,930.0,914.22998046875,915.5700073242188,5719800000
2023-03-24,941.0399780273438,941.0399780273438,943.8800048828125,929.1900024414062,930.4600219726562,5807900000
2023-03-27,929.0999755859375,929.0999755859375,943.0499877929688,929.0999755859375,941.0399780273438,3056000000
2023-03-28,935.3099975585938,935.3099975585938,936.6599731445312,929.0999755859375,929.0999755859375,3063300000
2023-03-29,947.0,947.0,949.25,935.3099975585938,935.3099975585938,3898600000
2023-03-30,939.6099853515625,939.6099853515625,951.030029296875,938.1900024414062,947.0,4089300000
2023-03-31,937.6799926757812,937.6799926757812,943.780029296875,935.4500122070312,939.6300048828125,4726600000
2023-04-03,943.0700073242188,943.0700073242188,946.4600219726562,937.6500244140625,937.6799926757812,3632000000
2023-04-04,943.1400146484375,943.1400146484375,947.510009765625,934.7999877929688,943.0399780273438,2852300000
2023-04-05,940.6900024414062,940.6900024414062,949.1699829101562,940.5,943.1400146484375,3528300000
2023-04-06,937.2000122070312,937.2000122070312,943.2899780273438,936.3900146484375,940.6900024414062,8732300000
2023-04-10,935.5999755859375,935.5999755859375,938.4199829101562,928.3499755859375,937.2000122070312,4931000000
2023-04-11,941.780029296875,941.780029296875,941.780029296875,929.7899780273438,935.5999755859375,7206400000
2023-04-12,943.1799926757812,943.1799926757812,946.2899780273438,938.8699951171875,941.8099975585938,5780900000
2023-04-13,943.8900146484375,943.8900146484375,947.780029296875,940.280029296875,943.0900268554688,7068200000
2023-04-14,950.9000244140625,950.9000244140625,954.3300170898438,943.9099731445312,943.9400024414062,5510600000
2023-04-17,943.4199829101562,943.4199829101562,952.47998046875,939.2100219726562,950.9299926757812,2857100000
2023-04-18,948.3400268554688,948.3400268554688,952.9000244140625,942.7000122070312,943.4199829101562,2461700000
2023-04-26,963.2100219726562,963.2100219726562,966.260009765625,948.2899780273438,948.3400268554688,4345300000
2023-04-27,965.0800170898438,965.0800170898438,968.02001953125,956.969970703125,963.3499755859375,7613700000
2023-04-28,961.75,961.75,968.8400268554688,959.0800170898438,965.0800170898438,4710900000
2023-05-02,955.6099853515625,955.6099853515625,963.0900268554688,945.6099853515625,961.75,3496300000
2023-05-03,947.6500244140625,947.6500244140625,956.5399780273438,940.3300170898438,955.6099853515625,3449900000
2023-05-04,952.280029296875,952.280029296875,953.5800170898438,943.1699829101562,947.6500244140625,5133200000
2023-05-05,945.0499877929688,945.0499877929688,954.0599975585938,935.9099731445312,952.280029296875,4782800000
2023-05-08,938.0499877929688,938.0499877929688,946.4500122070312,936.9000244140625,945.02001953125,6059600000
2023-05-09,940.47998046875,940.47998046875,942.4000244140625,933.1300048828125,938.0499877929688,6075500000
2023-05-10,947.489990234375,947.489990234375,948.530029296875,939.3300170898438,940.5700073242188,7585900000
2023-05-11,940.1500244140625,940.1500244140625,948.280029296875,932.8699951171875,947.489990234375,7296400000
2023-05-12,932.219970703125,932.219970703125,940.1500244140625,931.719970703125,940.1500244140625,8665900000
2023-05-15,935.0,935.0,936.6699829101562,925.1599731445312,932.3599853515625,5474900000
2023-05-16,929.77001953125,929.77001953125,938.5800170898438,926.5499877929688,935.0,5101300000
2023-05-17,929.1599731445312,929.1599731445312,936.8099975585938,929.1599731445312,929.739990234375,7697700000
2023-05-19,939.5700073242188,939.5700073242188,943.1099853515625,929.0900268554688,929.1599731445312,6276700000
2023-05-22,945.4299926757812,945.4299926757812,951.8499755859375,935.1799926757812,939.5700073242188,6179900000
2023-05-23,946.1099853515625,946.1099853515625,953.6099853515625,945.1300048828125,945.4299926757812,6231700000
2023-05-24,948.47998046875,948.47998046875,950.1500244140625,941.97998046875,946.1099853515625,4954100000
2023-05-25,941.8300170898438,941.8300170898438,950.489990234375,941.8300170898438,948.47998046875,5797700000
2023-05-26,942.25,942.25,946.8900146484375,939.219970703125,941.8300170898438,5477000000
2023-05-29,946.5800170898438,946.5800170898438,946.8200073242188,934.0800170898438,942.3099975585938,6479100000
2023-05-30,943.0999755859375,943.0999755859375,951.0900268554688,940.489990234375,946.5800170898438,7878200000
2023-05-31,949.6699829101562,949.6699829101562,949.6699829101562,934.75,943.0999755859375,50111200000
2023-06-05,946.5700073242188,946.5700073242188,954.6799926757812,942.5399780273438,949.6699829101562,5776700000
2023-06-06,946.6799926757812,946.6799926757812,951.9199829101562,939.2899780273438,946.5700073242188,12117400000
2023-06-07,945.3900146484375,945.3900146484375,949.5900268554688,939.1699829101562,946.7100219726562,5541800000
2023-06-08,953.3900146484375,953.3900146484375,953.3900146484375,941.47998046875,945.3900146484375,6972900000
2023-06-09,954.239990234375,954.239990234375,955.7899780273438,948.260009765625,953.3300170898438,8767900000
2023-06-12,952.719970703125,952.719970703125,954.5,946.8599853515625,954.3599853515625,5507500000
2023-06-13,952.5800170898438,952.5800170898438,955.3499755859375,947.5999755859375,952.719970703125,5931100000
2023-06-14,949.8099975585938,949.8099975585938,956.030029296875,946.1300048828125,952.5499877929688,5244900000
2023-06-15,952.27001953125,952.27001953125,952.9299926757812,944.260009765625,949.8099975585938,4651000000
2023-06-16,952.1599731445312,952.1599731445312,954.6300048828125,943.9099731445312,952.2100219726562,7060400000
2023-06-19,950.030029296875,950.030029296875,952.8400268554688,946.4199829101562,952.1599731445312,3399200000
2023-06-20,948.8099975585938,948.8099975585938,951.3200073242188,942.6400146484375,950.030029296875,3206600000
2023-06-21,954.6900024414062,954.6900024414062,954.989990234375,944.5800170898438,948.8099975585938,3022100000
2023-06-22,944.3699951171875,944.3699951171875,956.6300048828125,944.3699951171875,954.719970703125,3789200000
2023-06-23,942.719970703125,942.719970703125,947.0499877929688,941.77001953125,944.3699951171875,2741300000
2023-06-26,946.1099853515625,946.1099853515625,949.0,939.7100219726562,942.719970703125,3759600000
2023-06-27,945.7000122070312,945.7000122070312,950.8200073242188,944.8200073242188,946.1099853515625,5302400000
2023-07-03,952.5700073242188,952.5700073242188,952.5700073242188,945.47998046875,945.6699829101562,3259100000
2023-07-04,948.739990234375,948.739990234375,956.1900024414062,947.0999755859375,952.5999755859375,3226500000
2023-07-05,953.4400024414062,953.4400024414062,953.4400024414062,947.3300170898438,948.739990234375,2949000000
2023-07-06,956.4000244140625,956.4000244140625,958.4199829101562,950.239990234375,953.2999877929688,3324600000
2023-07-07,947.72998046875,947.72998046875,956.3400268554688,947.6199951171875,956.3400268554688,3391500000
2023-07-10,949.1599731445312,949.1599731445312,956.0999755859375,947.72998046875,947.72998046875,2013700000
2023-07-11,954.9600219726562,954.9600219726562,956.3499755859375,949.0800170898438,949.1900024414062,3691100000
2023-07-12,957.989990234375,957.989990234375,960.719970703125,954.25,954.9600219726562,3030100000
2023-07-13,956.9500122070312,956.9500122070312,962.7100219726562,954.030029296875,958.02001953125,4042300000
2023-07-14,964.0900268554688,964.0900268554688,964.6900024414062,956.27001953125,956.9500122070312,4596000000
2023-07-17,964.3599853515625,964.3599853515625,972.739990234375,964.1199951171875,964.1199951171875,7029800000
2023-07-18,958.3699951171875,958.3699951171875,970.3099975585938,952.6799926757812,964.3599853515625,5600100000
2023-07-20,961.5399780273438,961.5399780273438,965.2999877929688,957.6699829101562,958.3400268554688,3280600000
2023-07-21,963.3800048828125,963.3800048828125,963.3800048828125,956.02001953125,961.5399780273438,3408200000
2023-07-24,962.4299926757812,962.4299926757812,968.9600219726562,962.1300048828125,963.3800048828125,4206900000
2023-07-25,963.8499755859375,963.8499755859375,970.5,962.1400146484375,962.1400146484375,4044100000
2023-07-26,969.2899780273438,969.2899780273438,969.8900146484375,962.9500122070312,963.8499755859375,3315600000
2023-07-27,959.27001953125,959.27001953125,973.5,959.27001953125,969.2899780273438,3005500000
2023-07-28,961.6599731445312,961.6599731445312,961.6599731445312,954.0599975585938,959.2999877929688,2742100000
2023-07-31,965.6199951171875,965.6199951171875,966.9299926757812,960.4500122070312,961.6599731445312,4437500000
2023-08-01,963.4600219726562,963.4600219726562,968.2999877929688,961.3200073242188,965.5700073242188,3942800000
2023-08-02,960.1400146484375,960.1400146484375,963.4600219726562,956.6300048828125,963.4600219726562,4108600000
2023-08-03,967.030029296875,967.030029296875,972.25,956.8699951171875,960.1400146484375,2979800000
2023-08-04,958.969970703125,958.969970703125,969.97998046875,958.969970703125,967.0599975585938,2465900000
2023-08-07,966.4000244140625,966.4000244140625,969.8099975585938,958.969970703125,958.969970703125,3038500000
2023-08-08,961.8599853515625,961.8599853515625,970.4199829101562,960.8499755859375,966.4299926757812,4871500000
2023-08-09,965.2999877929688,965.2999877929688,968.2000122070312,961.8599853515625,961.8599853515625,9877500000
2023-08-10,966.47998046875,966.47998046875,971.4099731445312,964.6199951171875,965.2999877929688,6017500000
2023-08-11,964.3499755859375,964.3499755859375,968.8900146484375,962.239990234375,966.47998046875,4766400000
2023-08-14,968.6599731445312,968.6599731445312,968.6599731445312,954.1699829101562,964.3499755859375,3319900000
2023-08-15,966.25,966.25,969.9299926757812,963.0599975585938,968.719970703125,5513000000
2023-08-16,963.9099731445312,963.9099731445312,966.25,955.5900268554688,966.25,5003400000
2023-08-18,956.7100219726562,956.7100219726562,963.77001953125,956.7100219726562,963.77001953125,3653400000
2023-08-21,953.739990234375,953.739990234375,961.25,953.739990234375,956.739990234375,4972200000
2023-08-22,962.9600219726562,962.9600219726562,965.6799926757812,952.5399780273438,953.739990234375,3511700000
2023-08-23,960.1300048828125,960.1300048828125,967.6599731445312,960.1300048828125,962.9600219726562,4368400000
2023-08-24,956.3400268554688,956.3400268554688,963.7100219726562,956.3400268554688,960.1300048828125,3764000000
2023-08-25,956.719970703125,956.719970703125,958.7100219726562,951.9500122070312,956.3400268554688,1262800000
2023-08-28,958.280029296875,958.280029296875,962.739990234375,956.8099975585938,956.8099975585938,2329800000
2023-08-29,964.030029296875,964.030029296875,965.4299926757812,958.280029296875,958.280029296875,7096100000
2023-08-30,963.9199829101562,963.9199829101562,973.52001953125,963.9199829101562,964.1099853515625,3552500000
2023-08-31,962.25,962.25,967.1199951171875,957.469970703125,963.9199829101562,9765000000
2023-09-01,966.9600219726562,966.9600219726562,970.2899780273438,961.6500244140625,962.25,3133000000
2023-09-04,969.9199829101562,969.9199829101562,972.010009765625,965.9000244140625,966.989990234375,2320300000
2023-09-05,968.6699829101562,968.6699829101562,972.3800048828125,965.760009765625,969.9199829101562,2532700000
2023-09-06,967.1900024414062,967.1900024414062,973.530029296875,967.1900024414062,968.6699829101562,3206500000
2023-09-07,959.469970703125,959.469970703125,967.7100219726562,954.4000244140625,967.219970703125,7642200000
2023-09-08,952.3800048828125,952.3800048828125,961.0599975585938,947.6099853515625,959.469970703125,3236600000
2023-09-11,958.719970703125,958.719970703125,958.719970703125,949.219970703125,952.3800048828125,5588100000
2023-09-12,953.4600219726562,953.4600219726562,960.6799926757812,952.2999877929688,958.719970703125,3824900000
2023-09-13,954.22998046875,954.22998046875,954.4099731445312,947.7899780273438,953.489990234375,3626500000
2023-09-14,955.6099853515625,955.6099853515625,958.0599975585938,951.3300170898438,954.2000122070312,3334600000
2023-09-15,961.2000122070312,961.2000122070312,966.1400146484375,953.510009765625,955.5900268554688,8397700000
2023-09-18,955.8499755859375,955.8499755859375,964.4000244140625,955.0399780273438,961.2000122070312,3613100000
2023-09-19,965.0399780273438,965.0399780273438,968.3900146484375,955.739990234375,955.9099731445312,2217400000
2023-09-20,970.4299926757812,970.4299926757812,978.7100219726562,965.0399780273438,965.0399780273438,3717100000
2023-09-21,966.6599731445312,966.6599731445312,972.77001953125,964.6599731445312,970.4299926757812,3149700000
2023-09-22,968.1500244140625,968.1500244140625,973.9600219726562,965.030029296875,966.6599731445312,2434300000
2023-09-25,962.6099853515625,962.6099853515625,970.0900268554688,962.5999755859375,968.1799926757812,3142000000
2023-09-26,952.4000244140625,952.4000244140625,966.4199829101562,950.3300170898438,962.5499877929688,7292100000
2023-09-27,953.3200073242188,953.3200073242188,961.510009765625,950.0700073242188,952.4000244140625,4322000000
2023-09-29,952.6900024414062,952.6900024414062,960.72998046875,952.6900024414062,953.3200073242188,4469200000
2023-10-02,957.0900268554688,957.0900268554688,961.8099975585938,952.6300048828125,952.6900024414062,2341100000
2023-10-03,956.0700073242188,956.0700073242188,960.5700073242188,953.0,957.0900268554688,4204400000
2023-10-04,949.22998046875,949.22998046875,956.5599975585938,944.4000244140625,956.0700073242188,5225800000
2023-10-05,944.6699829101562,944.6699829101562,955.6900024414062,944.6699829101562,949.3099975585938,4392900000
2023-10-06,946.510009765625,946.510009765625,953.1699829101562,944.719970703125,944.719970703125,3311900000
2023-10-09,944.5800170898438,944.5800170898438,952.989990234375,943.52001953125,946.510009765625,3107600000
2023-10-10,946.3599853515625,946.3599853515625,953.47998046875,944.5800170898438,944.5800170898438,2833200000
2023-10-11,944.6900024414062,944.6900024414062,951.4199829101562,944.6900024414062,946.3599853515625,6446800000
2023-10-12,943.4500122070312,943.4500122070312,953.47998046875,943.4500122070312,944.719970703125,8935000000
2023-10-13,939.5499877929688,939.5499877929688,948.5700073242188,936.5800170898438,943.4000244140625,10154300000
2023-10-16,935.0599975585938,935.0599975585938,944.0700073242188,930.6900024414062,939.5800170898438,21016000000
2023-10-17,932.6300048828125,932.6300048828125,937.989990234375,930.6599731445312,935.0599975585938,6735900000
2023-10-18,925.4199829101562,925.4199829101562,933.6900024414062,925.3499755859375,932.6300048828125,5457800000
2023-10-19,910.0900268554688,910.0900268554688,925.4299926757812,910.0900268554688,925.3599853515625,5325000000
2023-10-20,911.8900146484375,911.8900146484375,917.0,904.6099853515625,910.0900268554688,6908300000
2023-10-23,899.010009765625,899.010009765625,913.1500244140625,896.3900146484375,911.8900146484375,5630000000
2023-10-24,908.969970703125,908.969970703125,913.7999877929688,898.719970703125,898.97998046875,3350400000
2023-10-25,911.9500122070312,911.9500122070312,920.8800048828125,909.0,909.0,3749700000
2023-10-26,889.3200073242188,889.3200073242188,912.52001953125,888.77001953125,911.8599853515625,6048300000
2023-10-27,892.9199829101562,892.9199829101562,898.739990234375,889.1900024414062,889.3200073242188,5552800000
2023-10-30,889.3499755859375,889.3499755859375,893.6199951171875,883.9000244140625,892.8900146484375,4843800000
2023-10-31,892.3400268554688,892.3400268554688,893.6099853515625,879.4299926757812,889.3499755859375,8135800000
2023-11-01,878.8800048828125,878.8800048828125,896.5399780273438,878.8800048828125,892.2899780273438,7531900000
2023-11-02,898.9199829101562,898.9199829101562,904.75,878.9299926757812,878.9299926757812,11060500000
2023-11-03,904.1500244140625,904.1500244140625,913.489990234375,898.3599853515625,898.9199829101562,13858400000
2023-11-06,918.8599853515625,918.8599853515625,918.8599853515625,903.8099975585938,904.1500244140625,13046700000
2023-11-07,913.4299926757812,913.4299926757812,920.1599731445312,907.2999877929688,918.8599853515625,5914900000
2023-11-08,906.75,906.75,913.4600219726562,899.030029296875,913.4000244140625,4939200000
2023-11-09,908.030029296875,908.030029296875,913.4199829101562,904.5,906.75,2731300000
2023-11-10,901.719970703125,901.719970703125,908.7999877929688,900.0800170898438,908.030029296875,5136700000
2023-11-13,901.219970703125,901.219970703125,907.3599853515625,900.510009765625,901.719970703125,10731200000
2023-11-14,903.9099731445312,903.9099731445312,908.72998046875,900.3499755859375,901.1599731445312,6504100000
2023-11-15,920.1199951171875,920.1199951171875,923.030029296875,903.969970703125,903.969970703125,8463900000
2023-11-16,920.4099731445312,920.4099731445312,920.7100219726562,909.7100219726562,920.1500244140625,3843900000
2023-11-17,917.4099731445312,917.4099731445312,920.6400146484375,911.8900146484375,920.4400024414062,4092100000
2023-11-20,918.6799926757812,918.6799926757812,921.1900024414062,914.0800170898438,917.4099731445312,5808300000
2023-11-21,915.719970703125,915.719970703125,921.2999877929688,912.75,918.6799926757812,6536200000
2023-11-22,912.5900268554688,912.5900268554688,918.6900024414062,910.1300048828125,915.719970703125,7732800000
2023-11-23,923.5,923.5,926.4400024414062,912.52001953125,912.6199951171875,10864800000
2023-11-24,924.8699951171875,924.8699951171875,930.4099731445312,923.2999877929688,923.530029296875,5996400000
2023-11-27,924.1300048828125,924.1300048828125,933.1599731445312,924.1300048828125,924.8699951171875,3402000000
2023-11-28,925.3900146484375,925.3900146484375,931.7100219726562,923.52001953125,924.1300048828125,4997300000
2023-11-29,924.3400268554688,924.3400268554688,930.2100219726562,922.0900268554688,925.3900146484375,4604400000
2023-11-30,930.0399780273438,930.0399780273438,930.719970703125,924.3400268554688,924.3400268554688,11135400000
2023-12-01,939.7100219726562,939.7100219726562,939.7100219726562,928.5399780273438,929.8900146484375,14910600000
2023-12-04,940.1400146484375,940.1400146484375,953.5499877929688,939.739990234375,939.739990234375,18581900000
2023-12-05,940.75,940.75,943.27001953125,931.8599853515625,940.030029296875,19402600000
2023-12-06,936.7999877929688,936.7999877929688,945.1799926757812,936.739990234375,940.75,14916800000
2023-12-07,945.4400024414062,945.4400024414062,945.4400024414062,930.9400024414062,936.7999877929688,13172000000
2023-12-08,950.3699951171875,950.3699951171875,956.8300170898438,941.7999877929688,945.4400024414062,15890700000
2023-12-11,936.7100219726562,936.7100219726562,949.0399780273438,931.6300048828125,945.9299926757812,36091400000
2023-12-12,941.52001953125,941.52001953125,944.9099731445312,935.9000244140625,940.239990234375,13494900000
2023-12-13,932.9099731445312,932.9099731445312,940.739990234375,928.2100219726562,938.3200073242188,7726300000
2023-12-14,955.6400146484375,955.6400146484375,956.6400146484375,943.9500122070312,945.6699829101562,11038800000
2023-12-15,957.969970703125,957.969970703125,961.47998046875,954.02001953125,957.260009765625,6474400000
2023-12-18,949.1400146484375,949.1400146484375,957.3300170898438,944.4199829101562,956.010009765625,12332800000
2023-12-19,959.5999755859375,959.5999755859375,959.5999755859375,946.6699829101562,948.25,5747000000
2023-12-20,962.97998046875,962.97998046875,967.4600219726562,960.5999755859375,964.0399780273438,3078100000
2023-12-21,964.1799926757812,964.1799926757812,964.6799926757812,957.8400268554688,963.489990234375,2728200000
2023-12-22,967.3599853515625,967.3599853515625,969.989990234375,964.739990234375,967.6799926757812,2558500000
2023-12-27,968.72998046875,968.72998046875,973.9600219726562,967.9000244140625,971.3499755859375,2880500000
2023-12-28,977.0700073242188,977.0700073242188,979.4000244140625,971.760009765625,973.1799926757812,2786700000
2023-12-29,970.5700073242188,970.5700073242188,978.27001953125,969.27001953125,978.010009765625,2849900000
2024-01-02,979.4299926757812,979.4299926757812,979.4299926757812,966.469970703125,969.4600219726562,2342600000
2024-01-03,973.3800048828125,973.3800048828125,978.77001953125,971.4199829101562,977.739990234375,2494700000
2024-01-04,988.6400146484375,988.6400146484375,991.469970703125,973.8099975585938,975.7000122070312,2959300000
2024-01-05,986.260009765625,986.260009765625,998.3400268554688,986.260009765625,992.1599731445312,2377700000
2024-01-08,976.4400024414062,976.4400024414062,994.77001953125,974.8699951171875,988.6500244140625,2657200000
2024-01-09,970.0800170898438,970.0800170898438,982.3800048828125,967.0499877929688,979.8300170898438,3912600000
2024-01-10,969.1400146484375,969.1400146484375,974.2899780273438,963.1699829101562,967.27001953125,2552600000
2024-01-11,969.9400024414062,969.9400024414062,978.219970703125,969.9400024414062,974.780029296875,5529800000
2024-01-12,977.8200073242188,977.8200073242188,979.719970703125,972.0999755859375,974.7999877929688,4330700000
2024-01-15,974.0599975585938,974.0599975585938,982.27001953125,972.0999755859375,980.5399780273438,3037800000
2024-01-16,975.3900146484375,975.3900146484375,981.2999877929688,972.1199951171875,975.6500244140625,2890000000
2024-01-17,968.9400024414062,968.9400024414062,977.260009765625,963.9600219726562,976.510009765625,10476800000
2024-01-18,972.9600219726562,972.9600219726562,976.3800048828125,967.7999877929688,968.5900268554688,4131800000
2024-01-19,972.6699829101562,972.6699829101562,978.7100219726562,968.0399780273438,976.8699951171875,3151300000
2024-01-22,973.3699951171875,973.3699951171875,976.1699829101562,967.75,973.7999877929688,2949100000
2024-01-23,971.77001953125,971.77001953125,973.27001953125,963.6900024414062,969.8400268554688,3034200000
2024-01-24,966.25,966.25,974.72998046875,960.6300048828125,971.6099853515625,3512600000
2024-01-25,959.7999877929688,959.7999877929688,971.1300048828125,959.2000122070312,963.4500122070312,3392200000
2024-01-26,951.489990234375,951.489990234375,957.1199951171875,945.0399780273438,954.1599731445312,3793900000
2024-01-29,961.9199829101562,961.9199829101562,961.9199829101562,952.3599853515625,953.6699829101562,7598100000
2024-01-30,971.7000122070312,971.7000122070312,975.22998046875,957.27001953125,959.6599731445312,7554600000
2024-01-31,974.219970703125,974.219970703125,981.2000122070312,972.5900268554688,976.4000244140625,6268500000
2024-02-01,977.27001953125,977.27001953125,983.2100219726562,972.8099975585938,977.239990234375,7905300000
2024-02-02,984.6699829101562,984.6699829101562,984.6699829101562,975.4600219726562,981.6900024414062,3593600000
2024-02-05,975.489990234375,975.489990234375,985.4400024414062,975.489990234375,984.3599853515625,5345400000
2024-02-06,980.6199951171875,980.6199951171875,984.7100219726562,978.510009765625,982.3800048828125,5505600000
2024-02-07,983.1400146484375,983.1400146484375,986.9400024414062,981.4099731445312,984.47998046875,2807700000
2024-02-12,995.1699829101562,995.1699829101562,996.8699951171875,987.5700073242188,990.4099731445312,7217700000
2024-02-13,988.1699829101562,988.1699829101562,997.0,986.280029296875,996.030029296875,3461900000
2024-02-15,1003.3200073242188,1003.3200073242188,1017.3800048828125,1003.3200073242188,1016.239990234375,5875800000
2024-02-16,1006.6300048828125,1006.6300048828125,1014.6300048828125,1002.3599853515625,1010.8900146484375,4434000000
2024-02-19,998.2899780273438,998.2899780273438,1007.8099975585938,996.22998046875,1003.9500122070312,5139800000
2024-02-20,1010.8699951171875,1010.8699951171875,1010.8699951171875,1001.9000244140625,1003.5700073242188,3993500000
2024-02-21,1008.4099731445312,1008.4099731445312,1012.280029296875,997.4400024414062,1009.3900146484375,5255800000
2024-02-22,1002.510009765625,1002.510009765625,1008.3400268554688,1000.1300048828125,1005.3300170898438,3462200000
2024-02-23,994.1599731445312,994.1599731445312,1001.6500244140625,988.8699951171875,999.6500244140625,3973900000
2024-02-26,991.5999755859375,991.5999755859375,994.280029296875,986.719970703125,990.3300170898438,3430700000
2024-02-27,992.6900024414062,992.6900024414062,994.739990234375,985.3900146484375,987.25,6094500000
2024-02-28,997.25,997.25,999.3099975585938,990.8699951171875,994.1599731445312,9811200000
2024-02-29,989.9299926757812,989.9299926757812,998.0599975585938,986.280029296875,996.8499755859375,9351400000
2024-03-01,987.9000244140625,987.9000244140625,992.8800048828125,981.239990234375,990.47998046875,4129200000
2024-03-04,981.9500122070312,981.9500122070312,990.4500122070312,979.7899780273438,989.4199829101562,7058700000
2024-03-05,979.8800048828125,979.8800048828125,987.72998046875,979.2999877929688,986.2899780273438,3842800000
2024-03-06,994.0599975585938,994.0599975585938,995.0399780273438,980.6099853515625,980.8800048828125,8782400000
2024-03-07,996.5599975585938,996.5599975585938,1000.6099853515625,993.8499755859375,996.010009765625,8526000000
2024-03-08,1000.3499755859375,1000.3499755859375,1004.7999877929688,998.780029296875,1001.9199829101562,3505800000
2024-03-13,1003.47998046875,1003.47998046875,1009.6099853515625,999.9400024414062,1009.1799926757812,4411100000
2024-03-14,1011.5999755859375,1011.5999755859375,1011.5999755859375,998.6099853515625,1000.0499877929688,4937900000
2024-03-15,997.469970703125,997.469970703125,1007.8699951171875,991.010009765625,1006.2000122070312,14420900000
2024-03-18,993.5999755859375,993.5999755859375,1004.739990234375,993.5999755859375,999.6599731445312,6770300000
2024-03-19,997.1500244140625,997.1500244140625,1004.030029296875,996.1400146484375,997.5700073242188,4854200000
2024-03-20,992.9299926757812,992.9299926757812,995.3200073242188,988.1199951171875,989.969970703125,7896100000
2024-03-21,994.77001953125,994.77001953125,1003.9400024414062,994.77001953125,999.3800048828125,4537900000
2024-03-22,996.739990234375,996.739990234375,997.239990234375,990.5800170898438,992.4099731445312,3742300000
2024-03-25,1001.9099731445312,1001.9099731445312,1001.9099731445312,990.2000122070312,994.4400024414062,3392000000
2024-03-26,997.7999877929688,997.7999877929688,999.030029296875,991.760009765625,993.1199951171875,4876800000
2024-03-27,990.3699951171875,990.3699951171875,999.0999755859375,988.760009765625,997.489990234375,3930700000
2024-03-28,985.969970703125,985.969970703125,991.280029296875,979.989990234375,985.780029296875,4024100000
2024-04-01,969.0800170898438,969.0800170898438,986.9299926757812,957.7899780273438,985.27001953125,3322700000
2024-04-02,968.3699951171875,968.3699951171875,969.8200073242188,953.530029296875,967.7000122070312,4470100000
2024-04-03,953.9000244140625,953.9000244140625,965.4099731445312,951.6599731445312,963.030029296875,3305800000
2024-04-04,967.77001953125,967.77001953125,968.6699829101562,954.780029296875,954.8499755859375,3268100000
2024-04-05,963.72998046875,963.72998046875,970.6099853515625,963.489990234375,965.72998046875,2773600000
2024-04-16,935.3400268554688,935.3400268554688,947.27001953125,924.9600219726562,928.6900024414062,8002000000
2024-04-17,928.3499755859375,928.3499755859375,946.7100219726562,928.3499755859375,943.2999877929688,5128600000
2024-04-18,935.510009765625,935.510009765625,939.5499877929688,929.8599853515625,932.9000244140625,4174700000
2024-04-19,920.3099975585938,920.3099975585938,929.5399780273438,914.4500122070312,927.4400024414062,5938100000
2024-04-22,921.4600219726562,921.4600219726562,926.6900024414062,912.3200073242188,922.77001953125,4067900000
2024-04-23,927.6400146484375,927.6400146484375,937.9500122070312,924.3300170898438,927.9500122070312,5200200000
2024-04-24,931.3599853515625,931.3599853515625,936.6799926757812,924.8800048828125,931.1599731445312,5021600000
2024-04-25,923.489990234375,923.489990234375,931.8099975585938,920.6199951171875,929.7899780273438,3721400000
2024-04-26,898.780029296875,898.780029296875,921.8900146484375,898.780029296875,919.4500122070312,4495700000
2024-04-29,915.3499755859375,915.3499755859375,917.3800048828125,894.6500244140625,895.22998046875,4753100000
2024-04-30,926.72998046875,926.72998046875,933.97998046875,919.5800170898438,922.6199951171875,5797000000
2024-05-02,898.75,898.75,925.9500122070312,893.47998046875,925.47998046875,4801100000
2024-05-03,903.3300170898438,903.3300170898438,908.3099975585938,894.8900146484375,904.1500244140625,6475000000
2024-05-06,906.2899780273438,906.2899780273438,912.2999877929688,900.0499877929688,910.9000244140625,6083100000
2024-05-07,898.02001953125,898.02001953125,908.280029296875,897.1500244140625,906.219970703125,4316900000
2024-05-08,893.4299926757812,893.4299926757812,906.5599975585938,891.8499755859375,898.9000244140625,4364000000
2024-05-13,895.5499877929688,895.5499877929688,897.2100219726562,885.3599853515625,887.5499877929688,4269300000
2024-05-14,892.5800170898438,892.5800170898438,898.780029296875,891.010009765625,895.2000122070312,3244800000
2024-05-15,901.4000244140625,901.4000244140625,904.780029296875,890.9199829101562,893.02001953125,3419400000
2024-05-16,909.3099975585938,909.3099975585938,912.5900268554688,904.9000244140625,906.6699829101562,4888800000
2024-05-17,919.510009765625,919.510009765625,925.6400146484375,909.030029296875,909.9099731445312,7429400000
2024-05-20,908.5399780273438,908.5399780273438,927.97998046875,905.3900146484375,922.1699829101562,5279900000
2024-05-21,891.5800170898438,891.5800170898438,909.8300170898438,890.6900024414062,906.8200073242188,3783200000
2024-05-22,895.8400268554688,895.8400268554688,900.510009765625,891.2999877929688,894.02001953125,4635800000
2024-05-27,889.7999877929688,889.7999877929688,902.0900268554688,889.25,895.0,9285900000
2024-05-28,900.8200073242188,900.8200073242188,913.75,898.2999877929688,900.22998046875,7068800000
2024-05-29,886.1799926757812,886.1799926757812,905.7999877929688,884.8499755859375,904.8800048828125,5879900000
2024-05-30,874.1199951171875,874.1199951171875,886.4199829101562,863.9600219726562,883.010009765625,7536300000
2024-05-31,871.4199829101562,871.4199829101562,887.9500122070312,871.4199829101562,882.8800048828125,15377300000
2024-06-03,888.280029296875,888.280029296875,891.5,876.0800170898438,883.75,5124200000
2024-06-04,895.7999877929688,895.7999877929688,905.010009765625,893.6500244140625,895.739990234375,6437600000
2024-06-05,881.7000122070312,881.7000122070312,900.239990234375,879.6300048828125,899.2999877929688,5494500000
2024-06-06,892.0999755859375,892.0999755859375,896.9099731445312,884.969970703125,890.9500122070312,5450500000
2024-06-07,883.9299926757812,883.9299926757812,895.4000244140625,882.9400024414062,894.6900024414062,3897800000
2024-06-10,884.8400268554688,884.8400268554688,887.25,879.5700073242188,886.719970703125,14044000000
2024-06-11,867.780029296875,867.780029296875,882.6199951171875,867.780029296875,880.5999755859375,7436900000
2024-06-12,862.8599853515625,862.8599853515625,869.9099731445312,861.0499877929688,868.47998046875,6602200000
2024-06-13,858.6300048828125,858.6300048828125,872.2899780273438,858.3900146484375,872.1599731445312,7789500000
2024-06-14,845.5,845.5,860.469970703125,842.1099853515625,858.27001953125,5694800000
2024-06-19,839.6199951171875,839.6199951171875,852.0399780273438,838.1699829101562,846.25,11372600000
2024-06-20,854.780029296875,854.780029296875,854.780029296875,841.3200073242188,844.739990234375,5337400000
2024-06-21,867.2000122070312,867.2000122070312,875.27001953125,857.2100219726562,858.719970703125,11114600000
2024-06-24,864.4000244140625,864.4000244140625,871.2999877929688,864.0,866.7000122070312,3440300000
2024-06-25,861.6699829101562,861.6699829101562,862.8900146484375,853.739990234375,861.2100219726562,3883900000
2024-06-26,863.2899780273438,863.2899780273438,870.1900024414062,861.469970703125,862.1799926757812,3506300000
2024-06-27,874.3900146484375,874.3900146484375,875.8400268554688,865.1199951171875,868.239990234375,2613500000
2024-06-28,887.72998046875,887.72998046875,893.0800170898438,878.8200073242188,879.3300170898438,3661800000
2024-07-01,896.6599731445312,896.6599731445312,897.02001953125,888.969970703125,890.239990234375,2494400000
2024-07-02,892.719970703125,892.719970703125,902.030029296875,889.9000244140625,898.8499755859375,2433100000
2024-07-03,897.5999755859375,897.5999755859375,898.9099731445312,889.969970703125,898.489990234375,2174400000
2024-07-04,899.8499755859375,899.8499755859375,909.0499877929688,899.3400268554688,900.5599975585938,2630100000
2024-07-05,906.6400146484375,906.6400146484375,911.0,901.6799926757812,905.47998046875,1824200000
2024-07-08,904.3300170898438,904.3300170898438,908.6599731445312,899.4500122070312,908.4600219726562,2599800000
2024-07-09,909.4199829101562,909.4199829101562,915.030029296875,902.5599975585938,904.9600219726562,2249000000
2024-07-10,912.3300170898438,912.3300170898438,916.239990234375,910.239990234375,912.3300170898438,9696700000
2024-07-11,915.3599853515625,915.3599853515625,919.22998046875,912.1799926757812,915.1500244140625,3041300000
2024-07-12,920.3800048828125,920.3800048828125,925.6199951171875,917.6099853515625,922.25,2047400000
2024-07-15,912.5800170898438,912.5800170898438,922.5800170898438,908.4400024414062,922.0700073242188,1736300000
2024-07-16,904.5499877929688,904.5499877929688,915.8499755859375,903.1599731445312,914.719970703125,1587100000
2024-07-17,910.0700073242188,910.0700073242188,913.0900268554688,905.6599731445312,911.9299926757812,10941000000
2024-07-18,922.780029296875,922.780029296875,923.6900024414062,910.5999755859375,911.5599975585938,4078700000
2024-07-19,919.530029296875,919.530029296875,920.2100219726562,912.3200073242188,919.3099975585938,3398000000
2024-07-22,923.25,923.25,925.530029296875,920.0800170898438,923.969970703125,3219900000
2024-07-23,923.260009765625,923.260009765625,927.1699829101562,919.5900268554688,926.3400268554688,14066900000
2024-07-24,917.1699829101562,917.1699829101562,923.47998046875,915.0399780273438,920.1500244140625,4094800000
2024-07-25,916.1599731445312,916.1599731445312,918.3099975585938,908.8400268554688,917.75,2787000000
2024-07-26,920.3900146484375,920.3900146484375,924.1599731445312,918.8099975585938,920.5499877929688,2372700000
2024-07-29,920.5999755859375,920.5999755859375,927.5,918.0,923.6500244140625,3130700000
2024-07-30,910.760009765625,910.760009765625,920.5399780273438,908.97998046875,919.8800048828125,2981400000
2024-07-31,913.7100219726562,913.7100219726562,916.989990234375,910.7999877929688,913.1699829101562,5022700000
2024-08-01,925.510009765625,925.510009765625,926.030029296875,915.47998046875,917.469970703125,3158900000
2024-08-02,919.3699951171875,919.3699951171875,925.1599731445312,914.4400024414062,921.1500244140625,3916700000
2024-08-05,890.7100219726562,890.7100219726562,909.5700073242188,881.989990234375,908.7100219726562,8594800000
2024-08-06,899.1799926757812,899.1799926757812,905.3300170898438,891.5599975585938,898.3599853515625,3091800000
2024-08-07,903.7899780273438,903.7899780273438,906.9000244140625,898.9299926757812,903.0900268554688,3015700000
2024-08-08,898.9000244140625,898.9000244140625,906.7000122070312,897.6500244140625,903.9400024414062,3132200000
2024-08-09,908.1300048828125,908.1300048828125,912.1099853515625,904.0900268554688,904.1099853515625,2947300000
2024-08-12,908.2000122070312,908.2000122070312,909.97998046875,902.5999755859375,909.260009765625,5932200000
2024-08-13,912.510009765625,912.510009765625,914.9000244140625,906.1199951171875,911.9500122070312,3042800000
2024-08-14,922.6400146484375,922.6400146484375,925.3200073242188,913.6400146484375,916.47998046875,4925600000
2024-08-15,919.52001953125,919.52001953125,925.4400024414062,914.489990234375,924.010009765625,3044400000
2024-08-16,925.27001953125,925.27001953125,928.3900146484375,922.6500244140625,926.6400146484375,2601800000
2024-08-19,928.1699829101562,928.1699829101562,928.1699829101562,920.6900024414062,924.6799926757812,2647800000
2024-08-20,939.1400146484375,939.1400146484375,940.0999755859375,929.8800048828125,932.719970703125,4694100000
2024-08-21,942.3699951171875,942.3699951171875,948.760009765625,940.7999877929688,944.9400024414062,4965300000
2024-08-22,934.3599853515625,934.3599853515625,940.97998046875,928.5800170898438,937.7899780273438,3136400000
2024-08-23,943.219970703125,943.219970703125,946.97998046875,937.760009765625,938.72998046875,2541600000
2024-08-26,950.0599975585938,950.0599975585938,953.5599975585938,943.75,944.1799926757812,3075100000
2024-08-27,946.510009765625,946.510009765625,950.27001953125,939.760009765625,948.47998046875,3019700000
2024-08-28,948.6500244140625,948.6500244140625,951.1099853515625,939.77001953125,947.8599853515625,3337500000
2024-08-29,942.1300048828125,942.1300048828125,953.5999755859375,942.1300048828125,952.739990234375,3257400000
2024-08-30,944.47998046875,944.47998046875,947.739990234375,938.27001953125,945.280029296875,7175200000
2024-09-02,950.3699951171875,950.3699951171875,955.6199951171875,946.219970703125,947.5800170898438,2640800000
2024-09-03,942.280029296875,942.280029296875,955.25,940.3400268554688,952.8499755859375,2494000000
2024-09-04,941.6900024414062,941.6900024414062,944.6400146484375,931.6199951171875,934.4199829101562,2429500000
2024-09-05,943.780029296875,943.780029296875,947.6699829101562,939.4199829101562,943.0800170898438,2124500000
2024-09-06,950.1900024414062,950.1900024414062,953.22998046875,943.6099853515625,944.5399780273438,2291000000
2024-09-09,947.7000122070312,947.7000122070312,953.6699829101562,942.6799926757812,951.72998046875,2880400000
2024-09-10,951.8400268554688,951.8400268554688,952.8699951171875,945.8200073242188,952.3400268554688,9128000000
2024-09-11,951.6300048828125,951.6300048828125,955.72998046875,948.4500122070312,953.719970703125,4230500000
2024-09-12,958.47998046875,958.47998046875,963.6599731445312,955.8599853515625,955.8599853515625,13077200000
2024-09-13,959.3599853515625,959.3599853515625,961.2999877929688,953.5499877929688,960.0900268554688,5777700000
2024-09-17,966.9199829101562,966.9199829101562,968.1300048828125,961.1300048828125,963.3800048828125,9183000000
2024-09-18,970.25,970.25,973.6099853515625,966.1199951171875,969.6900024414062,10810200000
2024-09-19,979.6799926757812,979.6799926757812,981.9099731445312,973.5499877929688,975.9000244140625,11146500000
2024-09-20,973.2000122070312,973.2000122070312,981.1599731445312,971.3599853515625,979.4400024414062,14750700000
2024-09-23,985.260009765625,985.260009765625,985.260009765625,972.0999755859375,973.0999755859375,7250000000
2024-09-24,985.4099731445312,985.4099731445312,988.27001953125,983.0599975585938,984.9099731445312,5485800000
2024-09-25,977.1500244140625,977.1500244140625,980.719970703125,958.7000122070312,979.4500122070312,14278200000
2024-09-26,970.5499877929688,970.5499877929688,975.0800170898438,963.75,973.5900268554688,9038100000
2024-09-27,959.9400024414062,959.9400024414062,967.4600219726562,956.1900024414062,964.3400268554688,8712200000
2024-09-30,938.9199829101562,938.9199829101562,956.27001953125,938.9199829101562,955.469970703125,8286100000
2024-10-01,953.3599853515625,953.3599853515625,953.3599853515625,941.6699829101562,943.5800170898438,4058800000
2024-10-02,938.7000122070312,938.7000122070312,950.9500122070312,933.219970703125,944.969970703125,7791300000
2024-10-03,937.3900146484375,937.3900146484375,941.719970703125,931.3099975585938,939.3099975585938,6060100000
2024-10-04,929.72998046875,929.72998046875,937.3699951171875,924.510009765625,934.8300170898438,10826800000
2024-10-07,927.3699951171875,927.3699951171875,934.1099853515625,921.27001953125,929.1199951171875,10531300000
2024-10-08,939.27001953125,939.27001953125,944.6699829101562,918.260009765625,923.8200073242188,5802800000
2024-10-09,931.1300048828125,931.1300048828125,945.780029296875,931.0,939.1599731445312,5332000000
2024-10-10,928.760009765625,928.760009765625,935.5499877929688,926.8699951171875,931.2000122070312,3826900000
2024-10-11,933.239990234375,933.239990234375,938.780029296875,932.239990234375,936.9199829101562,3183700000
2024-10-14,937.72998046875,937.72998046875,940.2999877929688,932.8800048828125,932.8900146484375,7026100000
2024-10-15,948.6099853515625,948.6099853515625,950.260009765625,938.72998046875,941.6599731445312,5363000000
2024-10-16,949.2100219726562,949.2100219726562,952.7999877929688,945.5,952.3499755859375,6132500000
2024-10-17,958.5800170898438,958.5800170898438,963.8800048828125,950.6400146484375,951.6900024414062,4171200000
2024-10-18,961.0,961.0,967.1199951171875,956.72998046875,964.1699829101562,3207900000
2024-10-21,961.3900146484375,961.3900146484375,966.1300048828125,957.0999755859375,965.0800170898438,6135200000
2024-10-22,954.3800048828125,954.3800048828125,960.75,952.72998046875,957.1500244140625,10813300000
2024-10-23,954.760009765625,954.760009765625,955.8300170898438,950.8599853515625,951.1699829101562,6050800000
2024-10-24,947.1699829101562,947.1699829101562,958.1099853515625,947.1699829101562,952.9500122070312,5289100000
2024-10-25,943.25,943.25,951.4199829101562,940.9199829101562,947.2899780273438,4458200000
2024-10-28,934.8499755859375,934.8499755859375,945.6099853515625,930.8300170898438,945.5,5428000000
2024-10-29,930.0700073242188,930.0700073242188,937.0800170898438,927.3900146484375,932.8900146484375,4165800000
2024-10-30,924.6300048828125,924.6300048828125,926.3699951171875,916.52001953125,920.260009765625,3827200000
2024-10-31,921.4099731445312,921.4099731445312,931.47998046875,921.4099731445312,924.5700073242188,6696400000
2024-11-01,912.6099853515625,912.6099853515625,922.8400268554688,909.1599731445312,921.2899780273438,3626300000
2024-11-04,913.4199829101562,913.4199829101562,917.4199829101562,901.780029296875,912.5999755859375,6180900000
2024-11-05,920.1400146484375,920.1400146484375,920.4199829101562,909.7000122070312,912.1300048828125,4375900000
2024-11-06,901.4299926757812,901.4299926757812,921.77001953125,899.4400024414062,920.739990234375,5276500000
2024-11-07,887.0,887.0,902.0499877929688,887.0,899.3599853515625,4520600000
2024-11-08,884.1400146484375,884.1400146484375,895.3300170898438,883.0800170898438,891.22998046875,3701100000
2024-11-11,879.1099853515625,879.1099853515625,885.9400024414062,866.239990234375,878.25,4567000000
2024-11-12,884.52001953125,884.52001953125,887.8900146484375,876.6900024414062,879.8800048828125,5065700000
2024-11-13,886.4600219726562,886.4600219726562,895.47998046875,885.3599853515625,888.7999877929688,4410600000
2024-11-14,875.7000122070312,875.7000122070312,887.5900268554688,875.7000122070312,885.3900146484375,4214800000
2024-11-15,871.6900024414062,871.6900024414062,879.6599731445312,869.239990234375,871.030029296875,3657000000
2024-11-18,867.739990234375,867.739990234375,872.8200073242188,865.6500244140625,869.719970703125,5408000000
2024-11-19,876.9299926757812,876.9299926757812,881.4600219726562,866.9600219726562,868.8200073242188,9068600000
2024-11-20,875.1300048828125,875.1300048828125,883.1300048828125,873.3499755859375,880.7899780273438,5535400000
2024-11-21,866.22998046875,866.22998046875,876.5700073242188,866.22998046875,872.510009765625,4502600000
2024-11-22,877.02001953125,877.02001953125,880.47998046875,868.6199951171875,868.8800048828125,10792300000
2024-11-25,891.52001953125,891.52001953125,897.5599975585938,881.6799926757812,881.8099975585938,13230100000
2024-11-26,879.760009765625,879.760009765625,895.5499877929688,879.760009765625,894.5700073242188,5287000000
2024-11-28,873.469970703125,873.469970703125,878.7000122070312,870.7999877929688,874.469970703125,7107800000
2024-11-29,856.780029296875,856.780029296875,870.1599731445312,856.780029296875,867.25,8709700000
2024-12-02,843.8099975585938,843.8099975585938,861.5599975585938,843.8099975585938,857.5399780273438,4772700000
2024-12-03,869.3300170898438,869.3300170898438,869.3300170898438,854.1900024414062,855.7100219726562,7193800000
2024-12-04,883.5900268554688,883.5900268554688,885.6500244140625,867.25,869.6599731445312,5372500000
2024-12-05,874.4500122070312,874.4500122070312,884.0,871.4199829101562,883.2899780273438,2936200000
2024-12-06,875.8400268554688,875.8400268554688,876.0800170898438,868.9500122070312,872.1900024414062,4078100000
2024-12-09,887.4500122070312,887.4500122070312,887.4500122070312,874.7999877929688,874.7999877929688,11155600000
2024-12-10,890.52001953125,890.52001953125,890.52001953125,882.2999877929688,886.780029296875,5611200000
2024-12-11,890.5499877929688,890.5499877929688,899.3300170898438,886.719970703125,886.719970703125,9798000000
2024-12-12,874.8900146484375,874.8900146484375,886.989990234375,874.0,884.27001953125,3931400000
2024-12-13,865.7100219726562,865.7100219726562,875.1500244140625,862.5999755859375,870.5599975585938,3751100000
2024-12-16,861.739990234375,861.739990234375,865.8800048828125,851.7100219726562,860.0,8877300000
2024-12-17,842.3300170898438,842.3300170898438,861.7899780273438,839.9500122070312,857.9000244140625,6645500000
2024-12-18,833.9299926757812,833.9299926757812,848.47998046875,833.9299926757812,843.3699951171875,3178000000
2024-12-19,818.4199829101562,818.4199829101562,824.5,813.8099975585938,822.8099975585938,5805900000
2024-12-20,817.02001953125,817.02001953125,824.5700073242188,812.5499877929688,818.0399780273438,4714900000
2024-12-23,835.75,835.75,835.75,825.4400024414062,825.8499755859375,4249300000
2024-12-24,830.489990234375,830.489990234375,838.8200073242188,829.7999877929688,837.97998046875,2390700000
2024-12-27,825.1400146484375,825.1400146484375,833.9500122070312,823.22998046875,830.1599731445312,6886700000
2024-12-30,826.6500244140625,826.6500244140625,826.8400268554688,817.510009765625,821.77001953125,7673000000
2025-01-02,837.2100219726562,837.2100219726562,837.2100219726562,826.1300048828125,828.0800170898438,4804800000
2025-01-03,837.780029296875,837.780029296875,842.4000244140625,833.739990234375,838.7999877929688,8066600000
2025-01-06,826.1799926757812,826.1799926757812,840.1599731445312,824.8900146484375,839.1599731445312,10026900000
2025-01-07,820.4500122070312,820.4500122070312,826.780029296875,817.6099853515625,824.1099853515625,5262800000
2025-01-08,821.8099975585938,821.8099975585938,829.5900268554688,817.25,822.9600219726562,4999000000
2025-01-09,821.3900146484375,821.3900146484375,827.469970703125,821.2899780273438,824.0,4422200000
2025-01-10,820.4299926757812,820.4299926757812,827.8599853515625,820.4299926757812,822.510009765625,5353300000
2025-01-13,810.969970703125,810.969970703125,820.239990234375,809.1199951171875,816.4000244140625,4193900000
2025-01-14,801.239990234375,801.239990234375,814.530029296875,801.239990234375,808.0399780273438,3780900000
2025-01-15,827.1099853515625,827.1099853515625,827.97998046875,805.8300170898438,806.3300170898438,4141700000
2025-01-16,827.8599853515625,827.8599853515625,845.489990234375,827.8599853515625,841.6300048828125,3309200000
2025-01-17,832.280029296875,832.280029296875,837.3200073242188,821.8200073242188,827.3499755859375,6977100000
2025-01-20,833.6300048828125,833.6300048828125,839.1300048828125,833.6300048828125,836.6099853515625,6867100000
2025-01-21,834.4500122070312,834.4500122070312,845.5499877929688,834.4500122070312,839.2000122070312,6525800000
2025-01-22,846.1799926757812,846.1799926757812,848.280029296875,840.2899780273438,841.5700073242188,5001800000
2025-01-23,843.5900268554688,843.5900268554688,854.969970703125,843.5900268554688,848.219970703125,3954900000
2025-01-24,831.489990234375,831.489990234375,849.4000244140625,831.489990234375,848.1300048828125,3608600000
2025-01-30,817.5599975585938,817.5599975585938,827.8099975585938,815.6799926757812,826.3300170898438,5954700000
2025-01-31,823.5499877929688,823.5499877929688,833.8400268554688,821.77001953125,824.4500122070312,4032100000
2025-02-03,811.469970703125,811.469970703125,820.3900146484375,800.5900268554688,819.8800048828125,4422400000
2025-02-04,810.010009765625,810.010009765625,818.8300170898438,805.8400268554688,813.760009765625,12868200000
2025-02-05,801.469970703125,801.469970703125,808.8300170898438,798.3900146484375,807.5599975585938,14649500000
2025-02-06,777.6400146484375,777.6400146484375,800.27001953125,771.1300048828125,799.7899780273438,6955900000
2025-02-07,784.8800048828125,784.8800048828125,784.8800048828125,763.010009765625,774.72998046875,5514400000
2025-02-10,773.260009765625,773.260009765625,783.989990234375,771.1500244140625,778.489990234375,5108100000
2025-02-11,762.0900268554688,762.0900268554688,774.5900268554688,757.8499755859375,768.4099731445312,4107100000
2025-02-12,776.3099975585938,776.3099975585938,776.3099975585938,761.7100219726562,762.280029296875,3356100000
2025-02-13,769.72998046875,769.72998046875,774.02001953125,763.72998046875,771.77001953125,4154000000
2025-02-14,772.4099731445312,772.4099731445312,779.5599975585938,767.3800048828125,774.2899780273438,3371700000
2025-02-17,796.4500122070312,796.4500122070312,797.5700073242188,774.47998046875,775.5900268554688,3325300000
2025-02-18,804.0599975585938,804.0599975585938,809.77001953125,797.3699951171875,797.7899780273438,5351700000
2025-02-19,783.030029296875,783.030029296875,804.760009765625,780.4299926757812,803.4199829101562,4476600000
2025-02-20,780.7899780273438,780.7899780273438,785.0700073242188,774.4199829101562,780.5,3834100000
2025-02-21,776.7000122070312,776.7000122070312,779.4500122070312,771.6900024414062,777.0,4302700000
2025-02-24,769.9199829101562,769.9199829101562,776.4600219726562,766.6900024414062,775.22998046875,2110200000
2025-02-25,747.7000122070312,747.7000122070312,771.5599975585938,747.7000122070312,768.239990234375,5254900000
2025-02-26,747.4500122070312,747.4500122070312,755.8699951171875,738.22998046875,749.25,4249700000
2025-02-27,731.3900146484375,731.3900146484375,749.8099975585938,724.8499755859375,747.22998046875,6785200000
2025-02-28,703.6300048828125,703.6300048828125,724.9600219726562,701.3900146484375,724.6699829101562,9887100000
2025-03-03,737.77001953125,737.77001953125,745.260009765625,713.5999755859375,718.6199951171875,7051900000
2025-03-04,725.280029296875,725.280029296875,739.5999755859375,722.239990234375,738.6300048828125,4958800000
2025-03-05,747.25,747.25,752.0399780273438,728.3200073242188,728.3499755859375,5758200000
2025-03-06,753.489990234375,753.489990234375,762.6500244140625,752.6900024414062,754.4000244140625,4731700000
2025-03-07,750.3900146484375,750.3900146484375,757.0599975585938,747.0399780273438,754.47998046875,11816400000
2025-03-10,739.8800048828125,739.8800048828125,747.6500244140625,737.0999755859375,745.6199951171875,5467900000
2025-03-11,732.030029296875,732.030029296875,736.5499877929688,727.2999877929688,732.52001953125,6027400000
2025-03-12,747.9299926757812,747.9299926757812,747.9299926757812,735.4299926757812,735.5800170898438,4916300000
2025-03-13,738.25,738.25,754.6300048828125,737.9299926757812,753.6099853515625,5380000000
2025-03-14,726.97998046875,726.97998046875,737.8400268554688,726.97998046875,733.4000244140625,4157400000
2025-03-17,729.3499755859375,729.3499755859375,734.0800170898438,724.6199951171875,730.0399780273438,3553400000
2025-03-18,709.010009765625,709.010009765625,731.7899780273438,682.989990234375,729.989990234375,8766800000
2025-03-19,711.6699829101562,711.6699829101562,715.0,701.6599731445312,710.7999877929688,3623800000
2025-03-20,710.2000122070312,710.2000122070312,719.5700073242188,706.3599853515625,717.9000244140625,4185400000
2025-03-21,692.02001953125,692.02001953125,708.1500244140625,685.0700073242188,706.9600219726562,9102100000
2025-03-24,681.02001953125,681.02001953125,690.3499755859375,660.3800048828125,687.469970703125,4424600000
2025-03-25,697.010009765625,697.010009765625,700.8200073242188,685.0399780273438,686.3800048828125,3464100000
2025-03-26,731.1400146484375,731.1400146484375,734.239990234375,710.0499877929688,710.3400268554688,7512800000
2025-03-27,734.510009765625,734.510009765625,734.510009765625,720.6599731445312,728.1900024414062,3583500000
2025-04-08,667.77001953125,667.77001953125,675.5999755859375,647.9400024414062,651.9099731445312,9312200000
2025-04-09,669.3699951171875,669.3699951171875,684.3900146484375,664.8699951171875,666.780029296875,6867800000
2025-04-10,707.1099853515625,707.1099853515625,719.5,701.0,714.1500244140625,7834300000
2025-04-11,706.7000122070312,706.7000122070312,710.3499755859375,690.0800170898438,696.1699829101562,4026100000
2025-04-14,724.030029296875,724.030029296875,724.030029296875,700.6900024414062,700.75,6348800000
2025-04-15,723.2100219726562,723.2100219726562,732.010009765625,718.3300170898438,729.1099853515625,5626300000
2025-04-16,717.25,717.25,724.8699951171875,711.5599975585938,724.1799926757812,4453400000
2025-04-17,722.6900024414062,722.6900024414062,723.1400146484375,714.010009765625,718.219970703125,4076100000
2025-04-21,721.7899780273438,721.7899780273438,725.3200073242188,716.9199829101562,724.0700073242188,2387300000
2025-04-22,730.3099975585938,730.3099975585938,731.5499877929688,721.1099853515625,721.6199951171875,3212700000
2025-04-23,744.780029296875,744.780029296875,744.8599853515625,735.3400268554688,736.6199951171875,5282600000
2025-04-24,741.8699951171875,741.8699951171875,755.3599853515625,738.4500122070312,750.030029296875,5175600000
2025-04-25,750.02001953125,750.02001953125,752.1599731445312,745.8499755859375,749.3599853515625,5898600000
2025-04-28,753.719970703125,753.719970703125,757.5700073242188,751.1400146484375,755.6699829101562,3661400000
2025-04-29,757.1900024414062,757.1900024414062,758.8900146484375,752.5499877929688,756.8900146484375,5872100000
2025-04-30,761.52001953125,761.52001953125,764.5700073242188,752.0,756.760009765625,7574000000
2025-05-02,763.3499755859375,763.3499755859375,768.5599975585938,759.0,767.8699951171875,4637300000
2025-05-05,767.3200073242188,767.3200073242188,773.4000244140625,763.97998046875,766.780029296875,7147900000
2025-05-06,774.760009765625,774.760009765625,777.760009765625,769.8699951171875,770.6699829101562,3589300000
2025-05-07,777.0499877929688,777.0499877929688,782.1199951171875,775.3099975585938,778.3400268554688,1708700000
2025-05-08,763.760009765625,763.760009765625,784.0800170898438,762.47998046875,779.5900268554688,2062500000
2025-05-09,765.3699951171875,765.3699951171875,769.9400024414062,762.3599853515625,766.8099975585938,1121700000
2025-05-14,787.0800170898438,787.0800170898438,787.4400024414062,777.0599975585938,777.6300048828125,10293100000
2025-05-15,796.4199829101562,796.4199829101562,801.4500122070312,789.219970703125,789.3900146484375,16621300000
2025-05-16,806.1500244140625,806.1500244140625,806.1500244140625,791.7000122070312,805.030029296875,9016400000
2025-05-19,811.6500244140625,811.6500244140625,815.0999755859375,802.510009765625,806.260009765625,9136000000
2025-05-20,802.5499877929688,802.5499877929688,818.5999755859375,801.0399780273438,813.1199951171875,8109400000
2025-05-21,812.1699829101562,812.1699829101562,817.0,804.219970703125,805.510009765625,9542600000
2025-05-22,815.010009765625,815.010009765625,818.3400268554688,809.719970703125,815.6599731445312,7072000000
2025-05-23,816.5399780273438,816.5399780273438,821.8099975585938,813.6599731445312,820.8499755859375,4601100000
2025-05-26,816.719970703125,816.719970703125,820.1099853515625,808.489990234375,818.6500244140625,18070800000
2025-05-27,818.1799926757812,818.1799926757812,819.7999877929688,812.5700073242188,818.4199829101562,11933600000
2025-05-28,814.760009765625,814.760009765625,821.719970703125,812.3099975585938,819.510009765625,15954300000
2025-06-02,795.9500122070312,795.9500122070312,808.52001953125,792.4299926757812,805.0800170898438,10005100000
2025-06-03,794.9199829101562,794.9199829101562,799.1900024414062,785.5900268554688,796.6400146484375,7255300000
2025-06-04,796.6300048828125,796.6300048828125,802.5999755859375,794.5599975585938,800.780029296875,8901500000
2025-06-05,801.7000122070312,801.7000122070312,803.9600219726562,797.2899780273438,800.77001953125,6247500000
2025-06-10,812.7999877929688,812.7999877929688,813.5599975585938,804.6300048828125,805.3699951171875,12481700000
2025-06-11,810.469970703125,810.469970703125,811.489990234375,804.0599975585938,810.52001953125,8506000000
2025-06-12,807.8900146484375,807.8900146484375,810.989990234375,805.2000122070312,810.3200073242188,5844900000
2025-06-13,801.8099975585938,801.8099975585938,807.7000122070312,798.739990234375,805.5499877929688,6724000000
2025-06-16,794.989990234375,794.989990234375,809.9000244140625,794.5900268554688,800.4600219726562,5432000000
2025-06-17,799.8800048828125,799.8800048828125,803.8200073242188,798.219970703125,800.4500122070312,3383100000
2025-06-18,792.760009765625,792.760009765625,800.5999755859375,789.2899780273438,798.77001953125,4597300000
2025-06-19,774.8099975585938,774.8099975585938,792.6300048828125,770.1500244140625,791.1500244140625,6712300000
2025-06-20,764.9299926757812,764.9299926757812,772.8499755859375,759.9299926757812,771.260009765625,16017300000
2025-06-23,753.8300170898438,753.8300170898438,758.0499877929688,744.3499755859375,754.739990234375,9099600000
2025-06-24,764.4099731445312,764.4099731445312,773.3699951171875,762.8599853515625,764.8800048828125,7057000000
2025-06-25,760.260009765625,760.260009765625,771.9600219726562,757.27001953125,770.469970703125,4526600000
2025-06-26,770.5800170898438,770.5800170898438,770.5800170898438,756.3099975585938,760.9000244140625,3705700000
2025-06-30,772.6500244140625,772.6500244140625,778.22998046875,765.8699951171875,776.0499877929688,6528900000
2025-07-01,770.5800170898438,770.5800170898438,778.989990234375,765.8800048828125,776.9500122070312,3557600000
2025-07-02,766.219970703125,766.219970703125,768.9400024414062,760.0999755859375,766.4099731445312,6214700000
2025-07-03,765.5900268554688,765.5900268554688,772.72998046875,765.5900268554688,768.1099853515625,4801700000
2025-07-04,763.510009765625,763.510009765625,771.5900268554688,760.2999877929688,767.0700073242188,3886400000
2025-07-07,767.510009765625,767.510009765625,767.510009765625,760.4500122070312,764.2100219726562,3087900000
2025-07-08,762.3599853515625,762.3599853515625,767.4099731445312,760.2999877929688,765.1799926757812,3362500000
2025-07-09,768.780029296875,768.780029296875,768.780029296875,762.4000244140625,763.1699829101562,3081200000
2025-07-10,779.1500244140625,779.1500244140625,780.27001953125,769.969970703125,772.0,3378100000
2025-07-11,786.0999755859375,786.0999755859375,786.4600219726562,781.2999877929688,783.2899780273438,3041300000
2025-07-14,777.280029296875,777.280029296875,789.6599731445312,772.3699951171875,788.3200073242188,5067900000
2025-07-15,779.4400024414062,779.4400024414062,781.0399780273438,772.6799926757812,779.4400024414062,4792900000
2025-07-16,779.2999877929688,779.2999877929688,786.9400024414062,779.2999877929688,784.8099975585938,3713900000
2025-07-17,787.7100219726562,787.7100219726562,788.5700073242188,781.1300048828125,783.25,5064800000
2025-07-18,785.2100219726562,785.2100219726562,794.3900146484375,785.2100219726562,791.5,10538200000
2025-07-21,788.8099975585938,788.8099975585938,791.6199951171875,782.6099853515625,789.9199829101562,5373300000
2025-07-22,782.1300048828125,782.1300048828125,793.8800048828125,780.6500244140625,791.6699829101562,5224000000
2025-07-23,790.4400024414062,790.4400024414062,790.4400024414062,781.969970703125,786.1300048828125,5693500000
2025-07-24,799.7999877929688,799.7999877929688,803.0900268554688,792.6199951171875,793.4400024414062,6159700000
2025-07-25,794.510009765625,794.510009765625,799.0700073242188,790.3400268554688,798.25,6857400000
2025-07-28,803.219970703125,803.219970703125,804.530029296875,799.8300170898438,802.0700073242188,5447000000
2025-07-29,805.0599975585938,805.0599975585938,805.0599975585938,799.6799926757812,803.760009765625,3422700000
2025-07-30,798.1500244140625,798.1500244140625,807.2000122070312,795.0999755859375,806.719970703125,8541800000
2025-07-31,790.469970703125,790.469970703125,800.1400146484375,790.3300170898438,796.719970703125,9660800000
2025-08-01,796.8200073242188,796.8200073242188,804.6900024414062,794.5499877929688,800.7899780273438,5328000000
2025-08-04,787.75,787.75,798.8099975585938,785.260009765625,797.72998046875,4706100000
2025-08-05,796.2100219726562,796.2100219726562,800.6400146484375,791.4000244140625,792.010009765625,3838400000
2025-08-06,789.5900268554688,789.5900268554688,798.9299926757812,789.5900268554688,797.8400268554688,3455900000
2025-08-07,795.5700073242188,795.5700073242188,802.6900024414062,795.5700073242188,796.75,4682100000
2025-08-08,792.8800048828125,792.8800048828125,802.6300048828125,792.0999755859375,801.5800170898438,4152400000
2025-08-11,799.5900268554688,799.5900268554688,801.0,794.239990234375,798.780029296875,4012700000
2025-08-12,823.260009765625,823.260009765625,824.8400268554688,802.3499755859375,805.0700073242188,4738000000
2025-08-13,829.8499755859375,829.8499755859375,834.7000122070312,824.8400268554688,829.7000122070312,6411500000
2025-08-14,826.9099731445312,826.9099731445312,835.75,826.9099731445312,831.3800048828125,6108800000
2025-08-15,821.0599975585938,821.0599975585938,831.6799926757812,821.0399780273438,829.030029296875,4618200000
2025-08-19,815.22998046875,815.22998046875,819.8800048828125,811.3300170898438,819.7999877929688,7639100000
2025-08-20,826.9500122070312,826.9500122070312,828.4000244140625,812.6699829101562,813.280029296875,4296700000
2025-08-21,828.97998046875,828.97998046875,831.489990234375,823.5800170898438,826.9500122070312,4839700000
2025-08-22,822.219970703125,822.219970703125,831.0700073242188,822.219970703125,830.760009765625,4214900000
2025-08-25,828.9199829101562,828.9199829101562,834.77001953125,828.780029296875,830.25,4313400000
2025-08-26,817.6099853515625,817.6099853515625,830.9600219726562,816.2000122070312,830.0399780273438,12734700000
2025-08-27,813.469970703125,813.469970703125,818.2100219726562,810.8599853515625,816.0499877929688,4134800000
2025-08-28,811.5700073242188,811.5700073242188,819.760009765625,811.5700073242188,815.969970703125,2937500000
2025-08-29,797.1199951171875,797.1199951171875,808.3499755859375,792.4500122070312,805.52001953125,6675400000
2025-09-01,788.7000122070312,788.7000122070312,792.989990234375,763.5800170898438,770.6500244140625,5986800000
2025-09-02,793.25,793.25,801.5599975585938,791.510009765625,792.22998046875,3823800000
2025-09-03,798.7000122070312,798.7000122070312,803.1199951171875,792.9000244140625,797.489990234375,3968200000
2025-09-04,799.7999877929688,799.7999877929688,801.1099853515625,795.4099731445312,798.27001953125,3561400000
2025-09-08,783.5900268554688,783.5900268554688,810.4099731445312,783.5900268554688,810.3300170898438,4950000000
2025-09-09,769.9299926757812,769.9299926757812,786.5399780273438,767.2899780273438,780.239990234375,7059200000
2025-09-10,782.1300048828125,782.1300048828125,782.969970703125,773.5900268554688,774.010009765625,3638800000
2025-09-11,794.8400268554688,794.8400268554688,799.72998046875,791.72998046875,793.5499877929688,5097700000
2025-09-12,804.739990234375,804.739990234375,805.5700073242188,797.8699951171875,803.2100219726562,3997100000
2025-09-15,808.7999877929688,808.7999877929688,814.4600219726562,806.6099853515625,809.6699829101562,4401000000
2025-09-16,806.9400024414062,806.9400024414062,814.25,800.8200073242188,813.3800048828125,7144300000
2025-09-17,815.219970703125,815.219970703125,815.219970703125,802.72998046875,807.47998046875,4225300000
2025-09-18,809.2999877929688,809.2999877929688,820.9000244140625,806.5399780273438,820.510009765625,7070600000
2025-09-19,809.989990234375,809.989990234375,813.280029296875,803.7100219726562,805.1699829101562,11954400000
2025-09-22,803.9000244140625,803.9000244140625,814.8099975585938,799.5499877929688,814.1099853515625,4980200000
2025-09-23,810.5800170898438,810.5800170898438,810.5800170898438,801.219970703125,805.2899780273438,6791700000
2025-09-24,808.77001953125,808.77001953125,814.1900024414062,804.5999755859375,813.52001953125,3932500000
2025-09-25,795.7000122070312,795.7000122070312,810.1699829101562,795.7000122070312,808.030029296875,9499100000
2025-09-26,802.6099853515625,802.6099853515625,802.6099853515625,793.1900024414062,793.8599853515625,7457900000
2025-09-29,802.4500122070312,802.4500122070312,807.969970703125,800.6599731445312,806.3900146484375,5765500000
2025-09-30,793.97998046875,793.97998046875,805.52001953125,792.0399780273438,802.9400024414062,6329800000
2025-10-01,784.489990234375,784.489990234375,796.8599853515625,784.27001953125,792.5700073242188,7190100000
2025-10-02,783.2899780273438,783.2899780273438,792.3599853515625,783.280029296875,785.489990234375,5133200000
2025-10-03,785.1900024414062,785.1900024414062,788.1300048828125,782.1199951171875,785.3400268554688,10384800000
2025-10-06,782.4099731445312,782.4099731445312,791.280029296875,781.1199951171875,788.6699829101562,6963700000
2025-10-07,785.3699951171875,785.3699951171875,790.719970703125,782.8400268554688,786.2899780273438,5435000000
2025-10-08,784.8800048828125,784.8800048828125,789.77001953125,775.22998046875,788.0,4300700000
2025-10-09,800.1400146484375,800.1400146484375,803.469970703125,780.5900268554688,784.530029296875,5427100000
2025-10-10,793.6099853515625,793.6099853515625,799.2899780273438,791.02001953125,799.280029296875,4291800000
2025-10-13,788.02001953125,788.02001953125,795.1300048828125,780.0999755859375,784.1599731445312,4599500000
2025-10-14,771.8900146484375,771.8900146484375,795.2100219726562,770.469970703125,791.3800048828125,7167600000
2025-10-15,772.1500244140625,772.1500244140625,780.1500244140625,760.47998046875,777.7899780273438,5624100000
2025-10-16,780.010009765625,780.010009765625,784.3499755859375,770.3800048828125,773.3099975585938,3483800000
2025-10-17,772.3400268554688,772.3400268554688,783.9299926757812,766.8499755859375,781.469970703125,5084700000
2025-10-20,796.3099975585938,796.3099975585938,801.260009765625,778.219970703125,783.25,6100100000
2025-10-21,819.8900146484375,819.8900146484375,819.8900146484375,805.0999755859375,807.6900024414062,4774200000
2025-10-22,806.2999877929688,806.2999877929688,824.530029296875,805.6300048828125,820.3800048828125,3805900000
2025-10-23,828.0999755859375,828.0999755859375,829.8900146484375,808.1199951171875,808.1900024414062,3580900000
2025-10-24,828.0999755859375,828.0999755859375,835.7100219726562,827.4199829101562,828.0499877929688,3559900000
2025-10-27,824.530029296875,824.530029296875,838.97998046875,808.6500244140625,833.97998046875,8625500000
2025-10-28,822.6099853515625,822.6099853515625,828.739990234375,815.97998046875,825.8200073242188,5055100000
2025-10-29,836.719970703125,836.719970703125,836.719970703125,818.4299926757812,822.0399780273438,3719700000
2025-10-30,836.9400024414062,836.9400024414062,847.5700073242188,834.6699829101562,837.9299926757812,13601500000
2025-10-31,831.5399780273438,831.5399780273438,839.22998046875,828.7000122070312,836.5599975585938,6727500000
2025-11-03,843.97998046875,843.97998046875,845.3200073242188,835.75,836.9199829101562,7429600000
2025-11-04,841.8400268554688,841.8400268554688,849.6699829101562,839.2899780273438,843.3499755859375,5266900000
2025-11-05,846.8900146484375,846.8900146484375,846.8900146484375,835.6400146484375,839.47998046875,13839500000
2025-11-06,847.6500244140625,847.6500244140625,851.8800048828125,841.8200073242188,847.2999877929688,4499400000
2025-11-07,853.5,853.5,855.469970703125,846.280029296875,848.0499877929688,5598400000
2025-11-10,844.8699951171875,844.8699951171875,859.8699951171875,844.8699951171875,858.8800048828125,16476100000
2025-11-11,842.6900024414062,842.6900024414062,851.0900268554688,839.5800170898438,850.0599975585938,41577800000
2025-11-12,846.9099731445312,846.9099731445312,852.5700073242188,843.9199829101562,845.1199951171875,26862300000
2025-11-13,841.3499755859375,841.3499755859375,847.8900146484375,840.9099731445312,847.1400146484375,27658100000
2025-11-14,844.1300048828125,844.1300048828125,848.22998046875,840.6599731445312,841.989990234375,21822700000
2025-11-17,849.9199829101562,849.9199829101562,854.260009765625,846.0800170898438,846.7000122070312,15463900000
2025-11-18,843.510009765625,843.510009765625,852.760009765625,841.1900024414062,850.0800170898438,13215300000
2025-11-19,848.969970703125,848.969970703125,851.989990234375,844.1799926757812,845.4000244140625,19406000000
2025-11-20,848.02001953125,848.02001953125,859.9000244140625,848.02001953125,854.010009765625,10334500000
2025-11-21,845.6799926757812,845.6799926757812,849.5700073242188,838.260009765625,845.030029296875,11162700000
2025-11-24,863.3499755859375,863.3499755859375,863.3499755859375,845.6799926757812,850.4400024414062,19476200000
2025-11-25,857.1599731445312,857.1599731445312,863.1799926757812,852.4600219726562,862.2899780273438,18525600000
2025-11-26,864.77001953125,864.77001953125,864.77001953125,853.7000122070312,856.010009765625,22643400000
2025-11-27,852.030029296875,852.030029296875,866.2000122070312,849.8499755859375,864.989990234375,16122800000
2025-11-28,845.760009765625,845.760009765625,854.9600219726562,844.510009765625,851.25,7820700000
2025-12-01,851.1400146484375,851.1400146484375,851.1400146484375,844.7100219726562,847.2100219726562,12412500000
2025-12-02,854.739990234375,854.739990234375,857.1599731445312,850.75,855.5,8721500000
2025-12-03,849.1799926757812,849.1799926757812,858.0,849.1799926757812,855.719970703125,8204200000
2025-12-04,853.739990234375,853.739990234375,855.530029296875,849.1099853515625,854.0900268554688,4508000000
2025-12-05,847.27001953125,847.27001953125,856.260009765625,844.9500122070312,855.3099975585938,5470000000
2025-12-08,855.0700073242188,855.0700073242188,857.5499877929688,847.77001953125,852.9600219726562,20093200000
2025-12-09,848.0599975585938,848.0599975585938,860.5900268554688,843.8499755859375,860.1099853515625,20580900000
2025-12-10,856.9600219726562,856.9600219726562,856.9600219726562,849.989990234375,854.6099853515625,26805400000
2025-12-11,847.0900268554688,847.0900268554688,864.719970703125,838.0900268554688,863.4500122070312,29150200000
2025-12-12,848.3599853515625,848.3599853515625,851.239990234375,840.77001953125,850.6199951171875,18225400000
2025-12-15,852.8699951171875,852.8699951171875,860.9500122070312,843.5,851.4000244140625,21368000000
2025-12-16,854.3400268554688,854.3400268554688,860.8499755859375,848.75,859.1799926757812,15392500000
2025-12-17,852.5800170898438,852.5800170898438,860.030029296875,852.5800170898438,854.2999877929688,9098000000
2025-12-18,851.719970703125,851.719970703125,860.5999755859375,851.719970703125,855.6199951171875,8053900000
2025-12-19,853.5399780273438,853.5399780273438,857.6900024414062,849.3300170898438,855.6699829101562,9714900000
2025-12-22,859.72998046875,859.72998046875,859.72998046875,853.8699951171875,854.489990234375,16362400000
2025-12-23,848.9600219726562,848.9600219726562,860.02001953125,847.2000122070312,858.5999755859375,12804600000
2025-12-24,845.4400024414062,845.4400024414062,852.3499755859375,844.25,849.989990234375,7714300000
2025-12-29,852.0499877929688,852.0499877929688,853.2899780273438,847.2000122070312,847.8099975585938,10449700000
2025-12-30,846.5700073242188,846.5700073242188,851.5499877929688,842.1699829101562,847.530029296875,7113800000
2026-01-02,852.0,852.0,853.0399780273438,845.7000122070312,848.4600219726562,20490500000
2026-01-05,859.780029296875,859.780029296875,859.969970703125,849.239990234375,854.0900268554688,24219900000
2026-01-06,865.0599975585938,865.0599975585938,866.9600219726562,855.6500244140625,862.3300170898438,15143300000
2026-01-07,871.3300170898438,871.3300170898438,872.6300048828125,865.1699829101562,867.4000244140625,15046000000
2026-01-08,867.6199951171875,867.6199951171875,879.489990234375,867.6199951171875,870.4099731445312,9667800000
2026-01-09,868.030029296875,868.030029296875,875.530029296875,865.4500122070312,872.6900024414062,12830700000
2026-01-12,866.5499877929688,866.5499877929688,875.9199829101562,851.6099853515625,872.530029296875,16433900000
2026-01-13,878.8699951171875,878.8699951171875,878.8699951171875,870.3499755859375,871.77001953125,17663000000
2026-01-14,882.0900268554688,882.0900268554688,886.0900268554688,878.9400024414062,882.530029296875,28449000000
2026-01-15,889.4299926757812,889.4299926757812,893.5700073242188,884.77001953125,885.9299926757812,13208500000
2026-01-19,893.1199951171875,893.1199951171875,893.5599975585938,883.7899780273438,891.280029296875,16041500000
2026-01-20,884.3800048828125,884.3800048828125,896.0800170898438,884.3800048828125,891.75,17501500000
2026-01-21,871.4199829101562,871.4199829101562,882.780029296875,867.77001953125,875.9400024414062,18802900000
2026-01-22,875.1099853515625,875.1099853515625,886.3300170898438,871.4199829101562,876.0599975585938,23260500000
2026-01-23,873.5900268554688,873.5900268554688,880.27001953125,863.97998046875,879.2999877929688,21304700000
2026-01-26,882.4299926757812,882.4299926757812,883.1799926757812,872.3699951171875,873.0,17171700000
2026-01-27,876.1199951171875,876.1199951171875,881.3099975585938,867.4400024414062,880.72998046875,21290900000
2026-01-28,812.5399780273438,812.5399780273438,845.4000244140625,797.8599853515625,821.530029296875,20173900000
2026-01-29,813.02001953125,813.02001953125,817.0599975585938,728.25,785.0999755859375,49540600000
2026-01-30,833.5399780273438,833.5399780273438,838.2999877929688,811.4299926757812,823.0999755859375,19444100000
2026-02-02,806.239990234375,806.239990234375,838.7100219726562,791.8099975585938,837.5499877929688,21232500000
2026-02-03,823.72998046875,823.72998046875,823.72998046875,789.7899780273438,810.3300170898438,18870100000
2026-02-04,832.7999877929688,832.7999877929688,834.5,821.4500122070312,826.1300048828125,14842800000
2026-02-05,829.3599853515625,829.3599853515625,841.22998046875,828.9400024414062,833.8499755859375,9855100000
2026-02-06,815.5800170898438,815.5800170898438,823.8300170898438,808.6799926757812,816.280029296875,11585900000
2026-02-09,820.9400024414062,820.9400024414062,821.4299926757812,805.6500244140625,819.8800048828125,9444200000
2026-02-10,829.4400024414062,829.4400024414062,829.8099975585938,819.3800048828125,821.969970703125,16861100000
2026-02-11,841.9400024414062,841.9400024414062,841.9400024414062,827.5499877929688,830.4199829101562,22057200000
2026-02-12,839.4000244140625,839.4000244140625,845.1599731445312,834.530029296875,843.22998046875,11224000000
2026-02-13,829.6699829101562,829.6699829101562,836.489990234375,825.7899780273438,836.219970703125,17489100000
2026-02-18,838.530029296875,838.530029296875,838.719970703125,830.3300170898438,831.5399780273438,17095400000
2026-02-19,834.280029296875,834.280029296875,845.260009765625,832.3099975585938,842.3699951171875,15242300000
2026-02-20,835.280029296875,835.280029296875,841.1599731445312,832.2000122070312,837.0399780273438,11242100000
2026-02-23,847.760009765625,847.760009765625,847.760009765625,839.7100219726562,841.7100219726562,12024400000
2026-02-24,837.6300048828125,837.6300048828125,850.3099975585938,835.1699829101562,848.6799926757812,14842700000
2026-02-25,843.0700073242188,843.0700073242188,848.6599731445312,837.3699951171875,841.0399780273438,10602100000
2026-02-26,837.8900146484375,837.8900146484375,846.4099731445312,826.1900024414062,845.6199951171875,10879600000
2026-02-27,834.3599853515625,834.3599853515625,835.5,822.5999755859375,834.9000244140625,13024800000
2026-03-02,812.489990234375,812.489990234375,825.0800170898438,812.489990234375,821.7100219726562,12842700000
2026-03-03,805.5999755859375,805.5999755859375,823.6599731445312,805.5999755859375,817.6900024414062,10627200000
2026-03-04,772.4500122070312,772.4500122070312,802.7100219726562,761.27001953125,802.3099975585938,17714400000
2026-03-05,787.8200073242188,787.8200073242188,792.760009765625,782.27001953125,784.7000122070312,7392600000
2026-03-06,776.0499877929688,776.0499877929688,786.5399780273438,767.9500122070312,786.2100219726562,10380800000
2026-03-09,750.5800170898438,750.5800170898438,757.2999877929688,733.530029296875,753.739990234375,16810300000
2026-03-10,759.9400024414062,759.9400024414062,767.75,754.9199829101562,760.5599975585938,11330200000
2026-03-11,752.25,752.25,766.739990234375,750.8099975585938,763.760009765625,7410700000
2026-03-12,751.1900024414062,751.1900024414062,759.010009765625,746.5,753.5900268554688,8851300000
2026-03-13,728.3300170898438,728.3300170898438,750.9099731445312,728.22998046875,748.4500122070312,9717800000
2026-03-16,713.719970703125,713.719970703125,725.8300170898438,704.0599975585938,724.9500122070312,11734500000
2026-03-17,722.4099731445312,722.4099731445312,727.760009765625,717.239990234375,720.719970703125,9507600000
2026-03-25,746.4500122070312,746.4500122070312,746.4500122070312,721.6900024414062,723.6099853515625,18098700000
2026-03-26,731.72998046875,731.72998046875,748.4500122070312,730.6500244140625,746.8699951171875,10273600000
2026-03-27,718.9600219726562,718.9600219726562,729.2000122070312,717.8800048828125,726.8900146484375,6366100000
2026-03-30,717.489990234375,717.489990234375,720.8200073242188,702.030029296875,707.9600219726562,8449900000
2026-03-31,715.8099975585938,715.8099975585938,725.1300048828125,713.7100219726562,720.6500244140625,7274800000
2026-04-01,726.7899780273438,726.7899780273438,733.1500244140625,723.219970703125,727.5900268554688,10080400000
2026-04-02,714.5800170898438,714.5800170898438,727.8900146484375,713.0999755859375,725.469970703125,6692100000
2026-04-06,707.760009765625,707.760009765625,712.3900146484375,702.8900146484375,711.530029296875,10269800000
2026-04-07,701.6599731445312,701.6599731445312,708.8099975585938,698.8800048828125,707.3499755859375,7055300000
2026-04-08,733.6199951171875,733.6199951171875,734.760009765625,718.6300048828125,724.27001953125,15098600000
2026-04-09,733.9000244140625,733.9000244140625,734.8599853515625,722.3900146484375,728.5700073242188,6728300000
2026-04-10,746.469970703125,746.469970703125,748.97998046875,736.9500122070312,737.72998046875,9094000000
2026-04-13,746.3599853515625,746.3599853515625,748.9400024414062,734.1400146484375,741.1900024414062,9012400000
2026-04-14,764.3200073242188,764.3200073242188,765.75,755.5700073242188,756.4500122070312,11084300000
2026-04-15,759.9500122070312,759.9500122070312,775.489990234375,758.9500122070312,772.219970703125,9485300000
2026-04-16,757.3200073242188,757.3200073242188,766.969970703125,754.239990234375,762.6900024414062,6482300000
2026-04-17,758.8699951171875,758.8699951171875,762.1300048828125,756.2999877929688,758.47998046875,5015300000
2026-04-20,755.8499755859375,755.8499755859375,764.5999755859375,752.7899780273438,760.7000122070312,9687300000
2026-04-21,743.6699829101562,743.6699829101562,750.9600219726562,740.27001953125,748.8499755859375,9801900000
2026-04-22,735.969970703125,735.969970703125,743.1400146484375,735.4500122070312,736.010009765625,7109000000
2026-04-23,715.8800048828125,715.8800048828125,740.1599731445312,715.8800048828125,737.3900146484375,9448400000
2026-04-24,690.760009765625,690.760009765625,716.6300048828125,689.4299926757812,715.75,10661700000
2026-04-27,686.739990234375,686.739990234375,698.4099731445312,686.739990234375,693.0800170898438,7284700000
2026-04-28,682.3200073242188,682.3200073242188,691.280029296875,679.3099975585938,688.5,5122200000
2026-04-29,684.1400146484375,684.1400146484375,689.469970703125,681.2999877929688,684.8800048828125,11154500000
2026-04-30,669.3400268554688,669.3400268554688,684.5999755859375,663.2999877929688,683.6500244140625,16269600000
2026-05-04,674.5599975585938,674.5599975585938,680.030029296875,671.4199829101562,671.5599975585938,31547200000
2026-05-05,681.5800170898438,681.5800170898438,685.2899780273438,669.739990234375,673.760009765625,13062900000
2026-05-06,682.760009765625,682.760009765625,688.5900268554688,680.0900268554688,685.0599975585938,9090900000
2026-05-07,693.7899780273438,693.7899780273438,695.3699951171875,686.5900268554688,690.3099975585938,8669100000
2026-05-08,677.1799926757812,677.1799926757812,696.969970703125,677.1799926757812,693.7999877929688,12571700000
2026-05-11,668.6300048828125,668.6300048828125,677.3499755859375,662.239990234375,674.7000122070312,8790000000
2026-05-12,669.8400268554688,669.8400268554688,672.8699951171875,658.469970703125,670.0599975585938,6410800000
2026-05-13,657.8800048828125,657.8800048828125,665.0499877929688,656.27001953125,663.9400024414062,6194800000
2026-05-18,651.0900268554688,651.0900268554688,651.0900268554688,632.1900024414062,648.510009765625,8686500000
2026-05-19,634.8200073242188,634.8200073242188,658.4500122070312,631.0800170898438,650.489990234375,15611900000
2026-05-20,630.6799926757812,630.6799926757812,647.9500122070312,624.3499755859375,635.010009765625,16506400000
2026-05-21,616.4000244140625,616.4000244140625,637.52001953125,614.2899780273438,634.9600219726562,11836900000
2026-05-22,620.4400024414062,620.4400024414062,622.9199829101562,603.6900024414062,613.97998046875,12125400000
2026-05-25,631.2100219726562,631.2100219726562,635.1699829101562,618.8499755859375,623.489990234375,8842600000
2026-05-26,620.4000244140625,620.4000244140625,635.719970703125,620.3200073242188,629.3800048828125,7514200000
2026-05-29,611.1699829101562,611.1699829101562,626.469970703125,609.8900146484375,609.8900146484375,17129800000
2026-06-02,619.280029296875,619.280029296875,622.8300170898438,612.8200073242188,616.219970703125,8305400000
2026-06-03,588.989990234375,588.989990234375,620.22998046875,584.5800170898438,619.02001953125,12537900000
2026-06-04,580.9199829101562,580.9199829101562,589.489990234375,560.0900268554688,587.5499877929688,11701500000
2026-06-05,557.75,557.75,581.4299926757812,557.75,579.5399780273438,8129500000
2026-06-08,527.0800170898438,527.0800170898438,551.0,527.0800170898438,545.6900024414062,10117600000
2026-06-09,569.3200073242188,569.3200073242188,569.3200073242188,526.6699829101562,528.2999877929688,13763900000
2026-06-10,589.47998046875,589.47998046875,593.6500244140625,561.7100219726562,567.9099731445312,16238500000
2026-06-11,586.8400268554688,586.8400268554688,603.5900268554688,578.1300048828125,590.3099975585938,8623200000
2026-06-12,597.4500122070312,597.4500122070312,607.9600219726562,594.6400146484375,596.8099975585938,11928600000
2026-06-15,624.6799926757812,624.6799926757812,635.3900146484375,610.6900024414062,610.8400268554688,21672900000
2026-06-17,625.22998046875,625.22998046875,641.2899780273438,620.469970703125,630.1400146484375,9225100000
2026-06-18,616.9199829101562,616.9199829101562,621.030029296875,607.1199951171875,619.9500122070312,7736200000
2026-06-19,609.4000244140625,609.4000244140625,622.1400146484375,608.010009765625,614.5499877929688,10117200000
2026-06-22,599.2000122070312,599.2000122070312,614.8900146484375,597.3599853515625,614.1400146484375,5187100000
2026-06-23,598.4299926757812,598.4299926757812,601.7999877929688,592.3300170898438,597.1900024414062,5506700000
2026-06-24,578.1699829101562,578.1699829101562,605.7899780273438,578.1699829101562,601.1400146484375,8238600000
2026-06-25,587.75,587.75,596.8200073242188,576.1099853515625,577.1500244140625,6926900000
2026-06-26,583.719970703125,583.719970703125,592.1599731445312,574.8400268554688,587.0399780273438,6011700000
2026-06-29,573.010009765625,573.010009765625,585.75,572.6599731445312,584.7000122070312,3297000000
2026-06-30,553.1099853515625,553.1099853515625,570.760009765625,553.1099853515625,568.989990234375,6827000000
2026-07-01,556.75,556.75,561.5499877929688,550.6500244140625,552.489990234375,5277600000
2026-07-02,565.489990234375,565.489990234375,571.9400024414062,558.2999877929688,559.3200073242188,5862500000
2026-07-03,581.780029296875,581.780029296875,583.8900146484375,572.2999877929688,572.4600219726562,4074000000
2026-07-06,584.47998046875,584.47998046875,586.7100219726562,577.3400268554688,583.0800170898438,3887900000
2026-07-07,594.9199829101562,594.9199829101562,595.4400024414062,582.02001953125,586.0800170898438,3326500000
2026-07-08,582.8800048828125,582.8800048828125,594.5,582.6199951171875,594.4400024414062,3784300000
2026-07-09,587.3699951171875,587.3699951171875,587.3699951171875,577.510009765625,581.1099853515625,6047600000
2026-07-10,589.25,589.25,591.989990234375,584.8599853515625,590.0399780273438,3442700000
2026-07-13,602.3699951171875,602.3699951171875,602.3699951171875,584.8200073242188,589.280029296875,4648700000
2026-07-14,598.8900146484375,598.8900146484375,604.3599853515625,595.6900024414062,603.1099853515625,7284400000
2026-07-15,599.9000244140625,599.9000244140625,605.6799926757812,597.6300048828125,601.510009765625,3856100000
2026-07-16,608.5800170898438,608.5800170898438,609.969970703125,600.8099975585938,601.219970703125,3974100000
2026-07-17,621.9099731445312,621.9099731445312,624.3800048828125,605.5900268554688,608.8900146484375,4241000000
2026-07-20,627.75,627.75,632.6699829101562,623.6400146484375,624.8400268554688,6454700000
2026-07-21,636.6400146484375,636.6400146484375,636.6400146484375,629.3900146484375,634.0,11100300000
2026-07-22,632.5499877929688,632.5499877929688,640.6500244140625,627.9500122070312,638.4099731445312,7379000000
2026-07-23,627.1199951171875,627.1199951171875,640.4500122070312,625.8800048828125,633.3599853515625,17721400000
2026-07-24,614.7899780273438,614.7899780273438,621.6799926757812,609.6400146484375,620.4600219726562,10213700000
2026-07-27,612.5599975585938,612.5599975585938,616.1900024414062,607.25,612.719970703125,5877600000
2026-07-28,608.030029296875,608.030029296875,615.6400146484375,608.030029296875,610.530029296875,4924900000
2026-07-29,606.52001953125,606.52001953125,612.9500122070312,600.5800170898438,608.47998046875,6916400000
2026-07-30,618.8599853515625,618.8599853515625,618.8599853515625,607.8099975585938,609.0499877929688,4409800000
2026-07-31,621.239990234375,621.239990234375,622.8599853515625,618.25,621.4000244140625,5303700000
2026-08-03,623.9299926757812,623.9299926757812,627.3699951171875,619.239990234375,627.2899780273438,5759300000
2026-08-04,635.2100219726562,635.2100219726562,635.2100219726562,624.969970703125,626.2000122070312,3608500000
2026-08-05,633.989990234375,633.989990234375,637.4600219726562,631.6799926757812,636.4600219726562,7888800000
2026-08-06,630.8599853515625,630.8599853515625,638.7100219726562,630.5900268554688,636.97998046875,7557400000
2026-08-07,640.2899780273438,640.2899780273438,641.280029296875,632.1099853515625,632.489990234375,7384200000
2026-08-10,634.1300048828125,634.1300048828125,644.719970703125,633.9199829101562,642.4500122070312,7992400000
2026-08-11,625.7899780273438,625.7899780273438,637.1099853515625,620.8900146484375,636.010009765625,6823200000
2026-08-12,633.8400268554688,633.8400268554688,633.8400268554688,625.8499755859375,626.9099731445312,6958600000
2026-08-13,627.1699829101562,627.1699829101562,635.52001953125,623.780029296875,635.2899780273438,5929600000
2026-08-14,632.280029296875,632.280029296875,633.1300048828125,624.2999877929688,626.6199951171875,4721500000
2026-08-18,631.030029296875,631.030029296875,637.72998046875,631.030029296875,635.1099853515625,5013100000
2026-08-19,627.469970703125,627.469970703125,634.25,627.3099975585938,631.1799926757812,3128500000
2026-08-20,638.739990234375,638.739990234375,638.77001953125,631.760009765625,632.530029296875,6561000000
2026-08-21,644.5900268554688,644.5900268554688,647.5800170898438,640.280029296875,641.3599853515625,9031800000
2026-08-24,641.9500122070312,641.9500122070312,646.989990234375,638.0999755859375,646.0,5459600000
2026-08-26,632.5499877929688,632.5499877929688,643.4600219726562,632.5499877929688,642.5700073242188,5824500000
2026-08-27,641.0700073242188,641.0700073242188,641.0700073242188,628.9299926757812,630.0800170898438,4948100000
2026-08-28,641.8200073242188,641.8200073242188,646.1699829101562,639.6199951171875,643.0599975585938,5136600000
2026-08-31,643.8300170898438,643.8300170898438,644.77001953125,638.6300048828125,640.7100219726562,5311500000
2026-09-01,654.4099731445312,654.4099731445312,655.72998046875,644.239990234375,644.75,11210700000
2026-09-02,651.8699951171875,651.8699951171875,657.4500122070312,648.6799926757812,656.719970703125,4983200000
2026-09-03,662.77001953125,662.77001953125,664.510009765625,653.22998046875,655.1699829101562,7911800000
2026-09-04,657.5900268554688,657.5900268554688,666.5599975585938,656.780029296875,665.3499755859375,4369600000
2026-09-07,656.4199829101562,656.4199829101562,660.8599853515625,654.8200073242188,659.02001953125,8192300000
2026-09-08,665.5800170898438,665.5800170898438,666.4500122070312,657.030029296875,657.72998046875,7823100000
2026-09-09,664.25,664.25,667.5,658.6900024414062,666.47998046875,4419200000
2026-09-10,655.97998046875,655.97998046875,668.8499755859375,655.0800170898438,666.2100219726562,8587300000
2026-09-11,649.719970703125,649.719970703125,652.719970703125,643.4400024414062,652.7000122070312,6175800000
2026-09-14,659.0399780273438,659.0399780273438,661.1400146484375,639.3200073242188,648.97998046875,9700400000
2026-09-15,650.760009765625,650.760009765625,660.52001953125,650.52001953125,660.22998046875,4844900000
2026-09-16,646.9600219726562,646.9600219726562,655.510009765625,646.9600219726562,649.6300048828125,5140600000
2026-09-17,648.3800048828125,648.3800048828125,653.530029296875,645.6199951171875,649.9299926757812,5829600000
2026-09-18,640.25,640.25,650.0800170898438,637.3099975585938,648.7899780273438,7077400000
2026-09-21,634.2899780273438,634.2899780273438,641.469970703125,634.0599975585938,640.739990234375,3698800000
2026-09-22,625.614013671875,625.614013671875,637.7109985351562,624.6090087890625,634.0679931640625,0
