Date,Open,High,Low,Close,Adj Close,Volume
2016-09-22,1970.0,2020.0,1970.0,1970.0,588.0050048828125,12905500.0
2016-09-23,2005.0,2010.0,1950.0,2005.0,598.4517822265625,14317500.0
2016-09-26,2005.0,2005.0,1955.0,1970.0,588.0050048828125,4915500.0
2016-09-27,1985.0,1985.0,1940.0,1960.0,585.0202026367188,11915500.0
2016-09-28,1970.0,1970.0,1910.0,1940.0,579.0506591796875,14824000.0
2016-09-29,1960.0,2015.0,1960.0,2005.0,598.4517822265625,28777000.0
2016-09-30,1980.0,1995.0,1925.0,1925.0,574.5734252929688,20652000.0
2016-10-03,1980.0,2005.0,1975.0,1990.0,593.9745483398438,17739500.0
2016-10-04,2020.0,2080.0,2005.0,2055.0,613.375732421875,41796500.0
2016-10-05,2060.0,2075.0,2030.0,2050.0,611.8834228515625,14746500.0
2016-10-06,2065.0,2150.0,2060.0,2130.0,635.7616577148438,40879000.0
2016-10-07,2150.0,2180.0,2110.0,2170.0,647.7008056640625,29029000.0
2016-10-10,2150.0,2285.0,2140.0,2240.0,668.5944213867188,33658000.0
2016-10-11,2280.0,2355.0,2280.0,2335.0,696.9501342773438,30346500.0
2016-10-12,2320.0,2375.0,2280.0,2325.0,693.9652709960938,10832500.0
2016-10-13,2325.0,2350.0,2315.0,2320.0,692.4727783203125,9409000.0
2016-10-14,2320.0,2360.0,2260.0,2340.0,698.4423828125,14533500.0
2016-10-17,2345.0,2485.0,2345.0,2485.0,741.7220458984375,23818000.0
2016-10-18,2500.0,2620.0,2400.0,2440.0,728.2903442382812,32602500.0
2016-10-19,2500.0,2520.0,2450.0,2505.0,747.6914672851562,22488500.0
2016-10-20,2520.0,2535.0,2455.0,2500.0,746.1991577148438,12946500.0
2016-10-21,2480.0,2495.0,2400.0,2400.0,716.351318359375,36381500.0
2016-10-24,2440.0,2455.0,2390.0,2435.0,726.7979736328125,6404500.0
2016-10-25,2415.0,2470.0,2405.0,2455.0,732.7676391601562,12227500.0
2016-10-26,2455.0,2560.0,2440.0,2535.0,756.6459350585938,24348500.0
2016-10-27,2560.0,2585.0,2500.0,2500.0,746.1991577148438,16940000.0
2016-10-28,2500.0,2520.0,2370.0,2405.0,717.8436279296875,20533500.0
2016-10-31,2405.0,2405.0,2350.0,2380.0,710.3815307617188,11545000.0
2016-11-01,2410.0,2555.0,2410.0,2535.0,756.6459350585938,33396500.0
2016-11-02,2560.0,2735.0,2535.0,2535.0,756.6459350585938,52114000.0
2016-11-03,2535.0,2540.0,2340.0,2360.0,704.412109375,34033000.0
2016-11-04,2320.0,2515.0,2265.0,2495.0,744.7067260742188,39769000.0
2016-11-07,2520.0,2620.0,2490.0,2610.0,779.031982421875,30440000.0
2016-11-08,2640.0,2675.0,2555.0,2575.0,768.5851440429688,19320000.0
2016-11-09,2600.0,2605.0,2435.0,2575.0,768.5851440429688,24252000.0
2016-11-10,2615.0,2715.0,2605.0,2680.0,799.9255981445312,29885000.0
2016-11-11,2650.0,2755.0,2540.0,2720.0,811.8648071289062,45006500.0
2016-11-14,2735.0,2735.0,2565.0,2565.0,765.6004638671875,16922000.0
2016-11-15,2550.0,2575.0,2295.0,2295.0,685.0109252929688,27018000.0
2016-11-16,2295.0,2520.0,2280.0,2505.0,747.6914672851562,24797000.0
2016-11-17,2400.0,2490.0,2365.0,2385.0,711.8740844726562,14291000.0
2016-11-18,2400.0,2400.0,2215.0,2225.0,664.1173095703125,25486000.0
2016-11-21,2225.0,2275.0,2200.0,2225.0,664.1173095703125,22813000.0
2016-11-22,2330.0,2340.0,2295.0,2310.0,689.488037109375,19918000.0
2016-11-23,2350.0,2400.0,2330.0,2380.0,710.3815307617188,22910500.0
2016-11-24,2380.0,2385.0,2280.0,2285.0,682.0260620117188,15815000.0
2016-11-25,2305.0,2360.0,2305.0,2360.0,704.412109375,9948000.0
2016-11-28,2360.0,2360.0,2295.0,2310.0,689.488037109375,8934500.0
2016-11-29,2295.0,2335.0,2280.0,2310.0,689.488037109375,12585000.0
2016-11-30,2290.0,2375.0,2265.0,2360.0,704.412109375,20171000.0
2016-12-01,2390.0,2440.0,2390.0,2425.0,723.813232421875,15469000.0
2016-12-02,2435.0,2515.0,2410.0,2460.0,734.2600708007812,13454000.0
2016-12-05,2460.0,2720.0,2460.0,2695.0,804.4027099609375,53396500.0
2016-12-06,2700.0,2725.0,2600.0,2610.0,779.031982421875,18273500.0
2016-12-07,2540.0,2575.0,2505.0,2555.0,762.615478515625,19772500.0
2016-12-08,2520.0,2565.0,2510.0,2520.0,752.1688842773438,12961000.0
2016-12-09,2550.0,2585.0,2540.0,2540.0,758.1383056640625,11290000.0
2016-12-13,2590.0,2605.0,2520.0,2525.0,753.6611328125,15019500.0
2016-12-14,2525.0,2555.0,2520.0,2520.0,752.1688842773438,10501000.0
2016-12-15,2500.0,2565.0,2480.0,2540.0,758.1383056640625,8562500.0
2016-12-16,2540.0,2590.0,2500.0,2500.0,746.1991577148438,28235000.0
2016-12-19,2520.0,2540.0,2440.0,2460.0,734.2600708007812,11976500.0
2016-12-20,2405.0,2490.0,2405.0,2420.0,722.32080078125,6027500.0
2016-12-21,2445.0,2485.0,2420.0,2435.0,726.7979736328125,3631000.0
2016-12-22,2400.0,2435.0,2400.0,2435.0,726.7979736328125,5064000.0
2016-12-23,2400.0,2430.0,2345.0,2360.0,704.412109375,9782000.0
2016-12-27,2410.0,2420.0,2370.0,2420.0,722.32080078125,9846000.0
2016-12-28,2460.0,2460.0,2405.0,2430.0,725.3056640625,4734000.0
2016-12-29,2435.0,2520.0,2435.0,2500.0,746.1991577148438,16339500.0
2016-12-30,2525.0,2535.0,2500.0,2500.0,746.1991577148438,12049000.0
2017-01-02,2500.0,2500.0,2500.0,2500.0,746.1991577148438,0.0
2017-01-03,2495.0,2565.0,2475.0,2555.0,762.615478515625,10855500.0
2017-01-04,2515.0,2525.0,2470.0,2475.0,738.7371826171875,14496500.0
2017-01-05,2460.0,2500.0,2400.0,2410.0,719.3360595703125,12154000.0
2017-01-06,2410.0,2475.0,2410.0,2455.0,732.7676391601562,11847000.0
2017-01-09,2450.0,2450.0,2400.0,2405.0,717.8436279296875,14924000.0
2017-01-10,2405.0,2425.0,2400.0,2410.0,719.3360595703125,6921000.0
2017-01-11,2435.0,2450.0,2415.0,2420.0,722.32080078125,13733000.0
2017-01-12,2460.0,2460.0,2430.0,2440.0,728.2903442382812,8027000.0
2017-01-13,2465.0,2465.0,2420.0,2455.0,732.7676391601562,6504500.0
2017-01-16,2450.0,2450.0,2430.0,2440.0,728.2903442382812,2872500.0
2017-01-17,2410.0,2430.0,2405.0,2415.0,720.8284301757812,4129000.0
2017-01-18,2420.0,2435.0,2405.0,2410.0,719.3360595703125,5147000.0
2017-01-19,2425.0,2435.0,2405.0,2405.0,717.8436279296875,5143500.0
2017-01-20,2410.0,2410.0,2340.0,2360.0,704.412109375,6257000.0
2017-01-23,2360.0,2370.0,2305.0,2340.0,698.4423828125,7199500.0
2017-01-24,2340.0,2350.0,2235.0,2260.0,674.5640258789062,10787000.0
2017-01-25,2300.0,2300.0,2175.0,2195.0,655.1629028320312,19979000.0
2017-01-26,2195.0,2210.0,2135.0,2160.0,644.7161254882812,18508500.0
2017-01-27,2160.0,2215.0,2160.0,2165.0,646.2084350585938,15637500.0
2017-01-30,2170.0,2275.0,2170.0,2265.0,676.0564575195312,15373500.0
2017-01-31,2320.0,2320.0,2265.0,2320.0,692.4727783203125,15804500.0
2017-02-01,2330.0,2355.0,2285.0,2340.0,698.4423828125,13735000.0
2017-02-02,2340.0,2370.0,2320.0,2320.0,692.4727783203125,9108500.0
2017-02-03,2320.0,2350.0,2285.0,2350.0,701.4273071289062,9036500.0
2017-02-06,2350.0,2350.0,2240.0,2240.0,668.5944213867188,21714000.0
2017-02-07,2240.0,2240.0,2185.0,2200.0,656.6553344726562,16923000.0
2017-02-08,2230.0,2290.0,2190.0,2280.0,680.5335693359375,26388000.0
2017-02-09,2275.0,2280.0,2205.0,2215.0,661.1324462890625,13574500.0
2017-02-10,2210.0,2230.0,2195.0,2200.0,656.6553344726562,11225000.0
2017-02-13,2220.0,2230.0,2200.0,2215.0,661.1324462890625,9305000.0
2017-02-14,2200.0,2225.0,2170.0,2185.0,652.1780395507812,9421500.0
2017-02-15,2185.0,2185.0,2185.0,2185.0,652.1780395507812,0.0
2017-02-16,2200.0,2215.0,2125.0,2150.0,641.7313232421875,20496000.0
2017-02-17,2150.0,2160.0,2130.0,2135.0,637.254150390625,6765500.0
2017-02-20,2145.0,2220.0,2145.0,2220.0,662.6248779296875,14562000.0
2017-02-21,2260.0,2280.0,2215.0,2250.0,671.5792236328125,30190500.0
2017-02-22,2230.0,2265.0,2205.0,2240.0,668.5944213867188,11109500.0
2017-02-23,2240.0,2270.0,2215.0,2260.0,674.5640258789062,9955000.0
2017-02-24,2260.0,2275.0,2205.0,2230.0,665.6096801757812,13756000.0
2017-02-27,2210.0,2260.0,2205.0,2205.0,658.1476440429688,8415500.0
2017-02-28,2220.0,2240.0,2210.0,2235.0,667.10205078125,10155500.0
2017-03-01,2260.0,2260.0,2215.0,2225.0,664.1173095703125,5673000.0
2017-03-02,2220.0,2255.0,2220.0,2240.0,668.5944213867188,5842500.0
2017-03-03,2250.0,2250.0,2175.0,2195.0,655.1629028320312,11695000.0
2017-03-06,2195.0,2205.0,2150.0,2150.0,641.7313232421875,9060500.0
2017-03-07,2160.0,2220.0,2160.0,2190.0,653.6704711914062,13180000.0
2017-03-08,2205.0,2215.0,2160.0,2160.0,644.7161254882812,7004500.0
2017-03-09,2170.0,2170.0,2145.0,2170.0,647.7008056640625,4326000.0
2017-03-10,2155.0,2155.0,2065.0,2075.0,619.3453369140625,16143000.0
2017-03-13,2075.0,2090.0,2040.0,2080.0,620.8377075195312,16383500.0
2017-03-14,2110.0,2185.0,2110.0,2160.0,644.7161254882812,24621000.0
2017-03-15,2160.0,2190.0,2140.0,2190.0,653.6704711914062,12552000.0
2017-03-16,2240.0,2295.0,2220.0,2280.0,680.5335693359375,46393000.0
2017-03-17,2290.0,2320.0,2250.0,2285.0,682.0260620117188,23633000.0
2017-03-20,2290.0,2315.0,2250.0,2265.0,676.0564575195312,8506000.0
2017-03-21,2265.0,2295.0,2265.0,2295.0,685.0109252929688,10242500.0
2017-03-22,2250.0,2315.0,2230.0,2315.0,690.9804077148438,17527000.0
2017-03-23,2330.0,2370.0,2315.0,2325.0,693.9652709960938,22271000.0
2017-03-24,2345.0,2365.0,2340.0,2365.0,705.9044189453125,13620500.0
2017-03-27,2350.0,2385.0,2315.0,2350.0,701.4273071289062,13445000.0
2017-03-29,2360.0,2470.0,2355.0,2450.0,731.275390625,28844500.0
2017-03-30,2585.0,2590.0,2460.0,2585.0,771.5700073242188,36077000.0
2017-03-31,2600.0,2670.0,2595.0,2640.0,787.9862670898438,41582500.0
2017-04-03,2660.0,2695.0,2615.0,2640.0,787.9862670898438,16592500.0
2017-04-04,2700.0,2840.0,2700.0,2770.0,826.7886352539062,33451500.0
2017-04-05,2770.0,2770.0,2770.0,2770.0,826.7886352539062,0.0
2017-04-06,2740.0,2740.0,2545.0,2570.0,767.0928955078125,57325000.0
2017-04-07,2570.0,2645.0,2570.0,2620.0,782.0167236328125,13751000.0
2017-04-10,2620.0,2655.0,2565.0,2605.0,777.5394897460938,16101500.0
2017-04-11,2600.0,2640.0,2590.0,2595.0,774.5547485351562,9105500.0
2017-04-12,2600.0,2600.0,2395.0,2395.0,714.8588256835938,16578500.0
2017-04-13,2470.0,2515.0,2455.0,2500.0,746.1991577148438,12261500.0
2017-04-17,2540.0,2595.0,2510.0,2565.0,765.6004638671875,7094000.0
2017-04-18,2595.0,2595.0,2485.0,2520.0,752.1688842773438,15032500.0
2017-04-19,2520.0,2520.0,2520.0,2520.0,752.1688842773438,0.0
2017-04-20,2520.0,2575.0,2480.0,2520.0,752.1688842773438,7348000.0
2017-04-21,2520.0,2545.0,2460.0,2490.0,743.2144775390625,12470500.0
2017-04-25,2490.0,2545.0,2465.0,2535.0,756.6459350585938,17722000.0
2017-04-26,2540.0,2565.0,2510.0,2535.0,756.6459350585938,8578500.0
2017-04-27,2580.0,2585.0,2520.0,2570.0,767.0928955078125,29942500.0
2017-04-28,2600.0,2615.0,2535.0,2535.0,756.6459350585938,27436000.0
2017-05-02,2485.0,2520.0,2470.0,2470.0,754.233642578125,14466500.0
2017-05-03,2470.0,2510.0,2460.0,2475.0,755.760498046875,7218500.0
2017-05-04,2500.0,2500.0,2375.0,2375.0,725.224609375,23483500.0
2017-05-05,2380.0,2395.0,2290.0,2300.0,702.3228149414062,25187500.0
2017-05-08,2330.0,2370.0,2310.0,2330.0,711.4834594726562,17490500.0
2017-05-09,2320.0,2340.0,2215.0,2275.0,694.6888427734375,24410000.0
2017-05-10,2275.0,2280.0,2165.0,2170.0,662.626220703125,17358000.0
2017-05-12,2210.0,2210.0,2140.0,2195.0,670.2601928710938,19784500.0
2017-05-15,2205.0,2230.0,2115.0,2175.0,664.153076171875,11926500.0
2017-05-16,2200.0,2230.0,2160.0,2170.0,662.626220703125,17976000.0
2017-05-17,2180.0,2190.0,2115.0,2115.0,645.8316650390625,15937500.0
2017-05-18,2115.0,2200.0,2105.0,2120.0,647.3585205078125,19956500.0
2017-05-19,2140.0,2185.0,2120.0,2160.0,659.5726928710938,14071000.0
2017-05-22,2200.0,2210.0,2105.0,2150.0,656.5191650390625,35480000.0
2017-05-23,2180.0,2195.0,2150.0,2155.0,658.0459594726562,14630500.0
2017-05-24,2160.0,2170.0,2135.0,2150.0,656.5191650390625,10371000.0
2017-05-26,2125.0,2170.0,2125.0,2150.0,656.5191650390625,12392500.0
2017-05-29,2170.0,2170.0,2140.0,2145.0,654.992431640625,5313000.0
2017-05-30,2130.0,2155.0,2130.0,2130.0,650.4120483398438,7135500.0
2017-05-31,2140.0,2180.0,2135.0,2180.0,665.6798706054688,16184500.0
2017-06-01,2180.0,2180.0,2180.0,2180.0,665.6798706054688,0.0
2017-06-02,2185.0,2235.0,2145.0,2160.0,659.5726928710938,24168000.0
2017-06-05,2200.0,2205.0,2165.0,2165.0,661.0995483398438,19864000.0
2017-06-06,2195.0,2270.0,2180.0,2210.0,674.840576171875,52055000.0
2017-06-07,2235.0,2280.0,2235.0,2275.0,694.6888427734375,22255000.0
2017-06-08,2290.0,2300.0,2240.0,2240.0,684.0013427734375,17213000.0
2017-06-09,2265.0,2280.0,2235.0,2250.0,687.054931640625,11187000.0
2017-06-12,2250.0,2260.0,2205.0,2210.0,674.840576171875,6182500.0
2017-06-13,2210.0,2245.0,2170.0,2240.0,684.0013427734375,12987500.0
2017-06-14,2245.0,2345.0,2245.0,2310.0,705.3764038085938,31954000.0
2017-06-15,2300.0,2310.0,2265.0,2280.0,696.2156372070312,8396500.0
2017-06-16,2300.0,2320.0,2265.0,2280.0,696.2156372070312,28463000.0
2017-06-19,2300.0,2300.0,2265.0,2285.0,697.7424926757812,5843500.0
2017-06-20,2310.0,2375.0,2300.0,2370.0,723.6979370117188,27016000.0
2017-06-21,2370.0,2370.0,2335.0,2370.0,723.6979370117188,14777000.0
2017-06-22,2380.0,2395.0,2340.0,2390.0,729.8051147460938,30466000.0
2017-06-23,2390.0,2390.0,2390.0,2390.0,729.8051147460938,0.0
2017-06-26,2390.0,2390.0,2390.0,2390.0,729.8051147460938,0.0
2017-06-27,2390.0,2390.0,2390.0,2390.0,729.8051147460938,0.0
2017-06-28,2390.0,2390.0,2390.0,2390.0,729.8051147460938,0.0
2017-06-29,2390.0,2390.0,2390.0,2390.0,729.8051147460938,0.0
2017-06-30,2390.0,2390.0,2390.0,2390.0,729.8051147460938,0.0
2017-07-03,2360.0,2420.0,2350.0,2410.0,735.9122314453125,19096500.0
2017-07-04,2420.0,2490.0,2410.0,2480.0,757.2872924804688,20594000.0
2017-07-05,2480.0,2515.0,2410.0,2420.0,738.9657592773438,22350500.0
2017-07-06,2460.0,2475.0,2425.0,2450.0,748.1265869140625,11993500.0
2017-07-07,2450.0,2490.0,2450.0,2480.0,757.2872924804688,12074000.0
2017-07-10,2480.0,2480.0,2480.0,2480.0,757.2872924804688,0.0
2017-07-11,2415.0,2445.0,2405.0,2410.0,735.9122314453125,7705500.0
2017-07-12,2425.0,2500.0,2425.0,2500.0,763.3943481445312,10080500.0
2017-07-13,2500.0,2515.0,2470.0,2480.0,757.2872924804688,7574500.0
2017-07-14,2480.0,2500.0,2470.0,2500.0,763.3943481445312,3600500.0
2017-07-17,2530.0,2600.0,2515.0,2590.0,790.8765869140625,11377000.0
2017-07-18,2590.0,2590.0,2555.0,2575.0,786.296142578125,4421500.0
2017-07-19,2575.0,2650.0,2575.0,2640.0,806.1444091796875,17960500.0
2017-07-20,2640.0,2675.0,2625.0,2660.0,812.2515869140625,15483000.0
2017-07-21,2660.0,2665.0,2605.0,2630.0,803.0908813476562,11479500.0
2017-07-24,2620.0,2620.0,2570.0,2600.0,793.9300537109375,13681000.0
2017-07-25,2600.0,2620.0,2545.0,2620.0,800.037353515625,8530500.0
2017-07-26,2640.0,2655.0,2580.0,2590.0,790.8765869140625,9902000.0
2017-07-27,2620.0,2620.0,2585.0,2595.0,792.4033813476562,5992500.0
2017-07-28,2620.0,2640.0,2605.0,2635.0,804.6176147460938,11724000.0
2017-07-31,2635.0,2670.0,2620.0,2620.0,800.037353515625,15087500.0
2017-08-01,2680.0,2725.0,2670.0,2675.0,816.83203125,21720000.0
2017-08-02,2690.0,2710.0,2660.0,2690.0,821.412353515625,9006000.0
2017-08-03,2700.0,2705.0,2660.0,2665.0,813.7783203125,3998000.0
2017-08-04,2685.0,2720.0,2675.0,2705.0,825.99267578125,8172500.0
2017-08-07,2705.0,2775.0,2705.0,2750.0,839.7338256835938,13476000.0
2017-08-08,2775.0,2795.0,2695.0,2710.0,827.51953125,9774000.0
2017-08-09,2735.0,2735.0,2620.0,2620.0,800.037353515625,10169000.0
2017-08-10,2640.0,2700.0,2640.0,2695.0,822.9391479492188,6608000.0
2017-08-11,2695.0,2695.0,2640.0,2660.0,812.2515869140625,4082500.0
2017-08-14,2690.0,2690.0,2635.0,2645.0,807.6713256835938,8144500.0
2017-08-15,2660.0,2670.0,2625.0,2630.0,803.0908813476562,6951500.0
2017-08-16,2630.0,2640.0,2610.0,2630.0,803.0908813476562,7653000.0
2017-08-17,2630.0,2630.0,2630.0,2630.0,803.0908813476562,0.0
2017-08-18,2650.0,2660.0,2630.0,2630.0,803.0908813476562,6786000.0
2017-08-21,2635.0,2640.0,2575.0,2580.0,787.8231201171875,11180000.0
2017-08-22,2580.0,2635.0,2550.0,2620.0,800.037353515625,12526500.0
2017-08-23,2640.0,2670.0,2615.0,2630.0,803.0908813476562,6942500.0
2017-08-24,2630.0,2660.0,2620.0,2640.0,806.1444091796875,4306500.0
2017-08-25,2655.0,2655.0,2605.0,2620.0,800.037353515625,4241000.0
2017-08-28,2640.0,2640.0,2570.0,2575.0,786.296142578125,6194500.0
2017-08-29,2580.0,2610.0,2580.0,2595.0,792.4033813476562,4295500.0
2017-08-30,2620.0,2620.0,2470.0,2485.0,758.81396484375,24084500.0
2017-08-31,2495.0,2495.0,2410.0,2475.0,755.760498046875,23050500.0
2017-09-01,2475.0,2475.0,2475.0,2475.0,755.760498046875,0.0
2017-09-04,2470.0,2475.0,2340.0,2340.0,714.537109375,17044000.0
2017-09-05,2345.0,2435.0,2320.0,2430.0,742.0193481445312,12236500.0
2017-09-06,2435.0,2465.0,2410.0,2455.0,749.6533203125,6202000.0
2017-09-07,2460.0,2475.0,2420.0,2420.0,738.9657592773438,8758500.0
2017-09-08,2460.0,2495.0,2435.0,2475.0,755.760498046875,6928500.0
2017-09-11,2480.0,2505.0,2465.0,2470.0,754.233642578125,6431500.0
2017-09-12,2500.0,2515.0,2435.0,2435.0,743.5460815429688,5538500.0
2017-09-13,2430.0,2430.0,2005.0,2015.0,615.2958984375,100979500.0
2017-09-14,2080.0,2165.0,1985.0,1995.0,609.1887817382812,89501500.0
2017-09-15,2020.0,2030.0,1860.0,1925.0,587.813720703125,107659500.0
2017-09-18,1975.0,2085.0,1930.0,2075.0,633.6173095703125,67341000.0
2017-09-19,2095.0,2110.0,2055.0,2090.0,638.19775390625,20837500.0
2017-09-20,2090.0,2105.0,2070.0,2085.0,636.6709594726562,17656000.0
2017-09-21,2085.0,2085.0,2085.0,2085.0,636.6709594726562,0.0
2017-09-22,2080.0,2085.0,2030.0,2055.0,627.5101928710938,9854000.0
2017-09-25,2060.0,2065.0,1990.0,1995.0,609.1887817382812,15406500.0
2017-09-26,1995.0,2020.0,1980.0,1980.0,604.6083984375,6123500.0
2017-09-27,1920.0,1920.0,1840.0,1845.0,563.3850708007812,53720500.0
2017-09-28,1830.0,2075.0,1810.0,2000.0,610.7154541015625,109677000.0
2017-09-29,2000.0,2100.0,1980.0,2090.0,638.19775390625,49633500.0
2017-10-02,2095.0,2130.0,2000.0,2010.0,613.7691040039062,24891500.0
2017-10-03,2030.0,2130.0,2000.0,2120.0,647.3585205078125,42329500.0
2017-10-04,2120.0,2155.0,2115.0,2130.0,650.4120483398438,24009000.0
2017-10-05,2160.0,2200.0,2135.0,2165.0,661.0995483398438,37973500.0
2017-10-06,2180.0,2240.0,2180.0,2220.0,677.8942260742188,34677500.0
2017-10-09,2220.0,2235.0,2170.0,2200.0,671.787109375,12753500.0
2017-10-10,2230.0,2230.0,2170.0,2170.0,662.626220703125,10635000.0
2017-10-11,2180.0,2255.0,2165.0,2255.0,688.5818481445312,27816500.0
2017-10-12,2250.0,2275.0,2230.0,2240.0,684.0013427734375,12056000.0
2017-10-13,2255.0,2265.0,2205.0,2215.0,676.3673706054688,14420500.0
2017-10-16,2225.0,2235.0,2125.0,2130.0,650.4120483398438,21777500.0
2017-10-17,2140.0,2165.0,2125.0,2150.0,656.5191650390625,15796000.0
2017-10-18,2150.0,2205.0,2140.0,2185.0,667.2066040039062,21116500.0
2017-10-19,2240.0,2260.0,2190.0,2200.0,671.787109375,18423500.0
2017-10-20,2230.0,2235.0,2120.0,2120.0,647.3585205078125,36807000.0
2017-10-23,2130.0,2190.0,2130.0,2140.0,653.4656982421875,17635500.0
2017-10-24,2120.0,2170.0,2090.0,2160.0,659.5726928710938,23769500.0
2017-10-25,2170.0,2170.0,2135.0,2145.0,654.992431640625,7113500.0
2017-10-26,2165.0,2225.0,2155.0,2205.0,673.3138427734375,29502000.0
2017-10-27,2220.0,2230.0,2150.0,2185.0,667.2066040039062,15542500.0
2017-10-30,2210.0,2285.0,2190.0,2285.0,697.7424926757812,38236000.0
2017-10-31,2290.0,2325.0,2275.0,2295.0,700.7960815429688,42394000.0
2017-11-01,2310.0,2345.0,2290.0,2335.0,713.0103759765625,15759500.0
2017-11-02,2350.0,2350.0,2285.0,2315.0,706.9031982421875,9622500.0
2017-11-03,2270.0,2320.0,2270.0,2310.0,705.3764038085938,7655000.0
2017-11-06,2310.0,2320.0,2265.0,2280.0,696.2156372070312,14087000.0
2017-11-07,2310.0,2415.0,2295.0,2410.0,735.9122314453125,40732500.0
2017-11-08,2420.0,2420.0,2350.0,2350.0,717.5907592773438,21642500.0
2017-11-09,2350.0,2410.0,2350.0,2360.0,720.6444091796875,14260500.0
2017-11-10,2360.0,2395.0,2360.0,2375.0,725.224609375,6614500.0
2017-11-13,2370.0,2400.0,2360.0,2400.0,732.858642578125,6301500.0
2017-11-14,2400.0,2410.0,2350.0,2360.0,720.6444091796875,13632000.0
2017-11-15,2350.0,2350.0,2160.0,2245.0,685.528076171875,50945500.0
2017-11-16,2220.0,2260.0,2195.0,2225.0,679.4210205078125,27644000.0
2017-11-17,2225.0,2260.0,2225.0,2240.0,684.0013427734375,15407500.0
2017-11-20,2240.0,2265.0,2230.0,2235.0,682.4745483398438,7342000.0
2017-11-21,2235.0,2235.0,2135.0,2155.0,658.0459594726562,22291500.0
2017-11-22,2155.0,2240.0,2155.0,2210.0,674.840576171875,14066500.0
2017-11-23,2200.0,2230.0,2175.0,2180.0,665.6798706054688,6401500.0
2017-11-24,2180.0,2190.0,2145.0,2160.0,659.5726928710938,9817500.0
2017-11-27,2180.0,2220.0,2180.0,2180.0,665.6798706054688,11467500.0
2017-11-28,2210.0,2210.0,2160.0,2170.0,662.626220703125,12267000.0
2017-11-29,2200.0,2295.0,2195.0,2250.0,687.054931640625,29830500.0
2017-11-30,2270.0,2290.0,2250.0,2250.0,687.054931640625,20424000.0
2017-12-01,2250.0,2250.0,2250.0,2250.0,687.054931640625,0.0
2017-12-04,2260.0,2315.0,2250.0,2295.0,700.7960815429688,26462500.0
2017-12-05,2315.0,2315.0,2205.0,2240.0,684.0013427734375,18458000.0
2017-12-06,2255.0,2260.0,2220.0,2220.0,677.8942260742188,6521500.0
2017-12-07,2220.0,2250.0,2185.0,2190.0,668.7334594726562,7092000.0
2017-12-08,2200.0,2235.0,2175.0,2210.0,674.840576171875,9609000.0
2017-12-11,2220.0,2225.0,2160.0,2185.0,667.2066040039062,10623000.0
2017-12-12,2185.0,2210.0,2185.0,2200.0,671.787109375,10400000.0
2017-12-13,2220.0,2255.0,2220.0,2240.0,684.0013427734375,121137500.0
2017-12-14,2260.0,2290.0,2230.0,2240.0,684.0013427734375,17020600.0
2017-12-15,2250.0,2290.0,2240.0,2280.0,696.2156372070312,12516000.0
2017-12-18,2290.0,2290.0,2240.0,2260.0,690.1085205078125,10645100.0
2017-12-19,2260.0,2490.0,2260.0,2460.0,751.1801147460938,79232400.0
2017-12-20,2460.0,2490.0,2410.0,2460.0,751.1801147460938,46183200.0
2017-12-21,2440.0,2570.0,2440.0,2550.0,778.6622924804688,59619100.0
2017-12-22,2540.0,2590.0,2520.0,2520.0,769.5016479492188,25920200.0
2017-12-25,2520.0,2520.0,2520.0,2520.0,769.5016479492188,0.0
2017-12-26,2520.0,2520.0,2520.0,2520.0,769.5016479492188,0.0
2017-12-27,2520.0,2580.0,2500.0,2510.0,766.447998046875,20194800.0
2017-12-28,2520.0,2540.0,2490.0,2500.0,763.3943481445312,13912700.0
2017-12-29,2510.0,2510.0,2450.0,2460.0,751.1801147460938,16900100.0
2018-01-01,2460.0,2460.0,2460.0,2460.0,751.1801147460938,0.0
2018-01-02,2470.0,2530.0,2460.0,2500.0,763.3943481445312,22905300.0
2018-01-03,2500.0,2550.0,2430.0,2440.0,745.0729370117188,29528800.0
2018-01-04,2450.0,2510.0,2450.0,2480.0,757.2872924804688,31256700.0
2018-01-05,2500.0,2620.0,2500.0,2610.0,796.9837646484375,63472900.0
2018-01-08,2630.0,2670.0,2590.0,2670.0,815.30517578125,38304300.0
2018-01-09,2690.0,2780.0,2670.0,2730.0,833.6266479492188,50899300.0
2018-01-10,2730.0,2750.0,2700.0,2720.0,830.5731811523438,24974300.0
2018-01-11,2720.0,2820.0,2700.0,2800.0,855.0016479492188,50492000.0
2018-01-12,2800.0,2900.0,2800.0,2890.0,882.4839477539062,31830300.0
2018-01-15,2910.0,3050.0,2900.0,3030.0,925.2339477539062,33808600.0
2018-01-16,3050.0,3100.0,2950.0,3060.0,934.394775390625,29814600.0
2018-01-17,3040.0,3060.0,3010.0,3020.0,922.180419921875,20336900.0
2018-01-18,3030.0,3060.0,3020.0,3040.0,928.28759765625,17858500.0
2018-01-19,3060.0,3170.0,3040.0,3120.0,952.716064453125,33179700.0
2018-01-22,3160.0,3330.0,3120.0,3300.0,1007.6804809570312,45054500.0
2018-01-23,3310.0,3390.0,3310.0,3320.0,1013.7876586914062,47668100.0
2018-01-24,3350.0,3360.0,3230.0,3330.0,1016.84130859375,36426500.0
2018-01-25,3360.0,3380.0,3320.0,3340.0,1019.8948364257812,40008900.0
2018-01-26,3340.0,3370.0,3290.0,3330.0,1016.84130859375,31706200.0
2018-01-29,3320.0,3440.0,3320.0,3430.0,1047.3773193359375,69800200.0
2018-01-30,3430.0,3480.0,3270.0,3400.0,1038.21630859375,65155900.0
2018-01-31,3370.0,3430.0,3320.0,3400.0,1038.21630859375,36172700.0
2018-02-01,3380.0,3430.0,3310.0,3340.0,1019.8948364257812,42603600.0
2018-02-02,3340.0,3340.0,3180.0,3300.0,1007.6804809570312,63009400.0
2018-02-05,3250.0,3330.0,3220.0,3300.0,1007.6804809570312,41271500.0
2018-02-06,3260.0,3260.0,3090.0,3170.0,967.9840698242188,37651800.0
2018-02-07,3200.0,3250.0,3140.0,3170.0,967.9840698242188,16980100.0
2018-02-08,3170.0,3220.0,3110.0,3130.0,955.7697143554688,16982200.0
2018-02-09,3100.0,3100.0,3020.0,3050.0,931.3412475585938,16681000.0
2018-02-12,3100.0,3110.0,3060.0,3090.0,943.555419921875,14238400.0
2018-02-13,3150.0,3320.0,3120.0,3270.0,998.5198364257812,64682100.0
2018-02-14,3320.0,3340.0,3220.0,3230.0,986.3057250976562,41812300.0
2018-02-15,3250.0,3270.0,3210.0,3240.0,989.359130859375,20886100.0
2018-02-16,3240.0,3240.0,3240.0,3240.0,989.359130859375,0.0
2018-02-19,3250.0,3340.0,3240.0,3320.0,1013.7876586914062,28026700.0
2018-02-20,3340.0,3380.0,3310.0,3330.0,1016.84130859375,33912200.0
2018-02-21,3360.0,3390.0,3340.0,3380.0,1032.109130859375,24226400.0
2018-02-22,3370.0,3400.0,3340.0,3360.0,1026.0020751953125,10688100.0
2018-02-23,3380.0,3420.0,3370.0,3400.0,1038.21630859375,25570600.0
2018-02-26,3400.0,3430.0,3230.0,3240.0,989.359130859375,22774300.0
2018-02-27,3240.0,3260.0,3100.0,3110.0,949.66259765625,34596900.0
2018-02-28,3150.0,3190.0,3130.0,3170.0,967.9840698242188,33959800.0
2018-03-01,3170.0,3240.0,3130.0,3170.0,967.9840698242188,22108900.0
2018-03-02,3150.0,3150.0,3060.0,3070.0,937.4483642578125,21078300.0
2018-03-05,3130.0,3130.0,3080.0,3090.0,943.555419921875,10911900.0
2018-03-06,3110.0,3130.0,3050.0,3050.0,931.3412475585938,13366200.0
2018-03-07,3100.0,3100.0,2910.0,2930.0,894.6983032226562,22734900.0
2018-03-08,2970.0,2970.0,2740.0,2800.0,855.0016479492188,53460300.0
2018-03-09,2790.0,2890.0,2660.0,2890.0,882.4839477539062,85692200.0
2018-03-12,2950.0,3060.0,2940.0,3000.0,916.0732421875,67077600.0
2018-03-13,3020.0,3030.0,2900.0,2930.0,894.6983032226562,29446200.0
2018-03-14,2900.0,2950.0,2840.0,2850.0,870.2697143554688,28915700.0
2018-03-15,2830.0,2920.0,2750.0,2790.0,851.9481811523438,32357700.0
2018-03-16,2790.0,2840.0,2760.0,2810.0,858.0552978515625,33017500.0
2018-03-19,2820.0,2900.0,2790.0,2840.0,867.2161865234375,15224900.0
2018-03-20,2840.0,2890.0,2760.0,2870.0,876.3768920898438,15885000.0
2018-03-21,2900.0,2920.0,2880.0,2880.0,879.430419921875,15905800.0
2018-03-22,2900.0,2940.0,2880.0,2890.0,882.4839477539062,13129200.0
2018-03-23,2790.0,2890.0,2760.0,2890.0,882.4839477539062,12339200.0
2018-03-26,2870.0,2940.0,2850.0,2930.0,894.6983032226562,21131500.0
2018-03-27,2950.0,2980.0,2930.0,2950.0,900.8053588867188,16978200.0
2018-03-28,2900.0,2980.0,2890.0,2910.0,888.5911254882812,16657900.0
2018-03-29,2870.0,2970.0,2870.0,2940.0,897.751953125,14023000.0
2018-03-30,2940.0,2940.0,2940.0,2940.0,897.751953125,0.0
2018-04-02,2950.0,3090.0,2950.0,3060.0,934.394775390625,26837500.0
2018-04-03,3000.0,3120.0,2990.0,3090.0,943.555419921875,24676300.0
2018-04-04,3100.0,3150.0,3010.0,3050.0,931.3412475585938,24110000.0
2018-04-05,3100.0,3230.0,3100.0,3230.0,986.3057250976562,34597300.0
2018-04-06,3240.0,3270.0,3170.0,3180.0,971.0377197265625,19702600.0
2018-04-09,3190.0,3240.0,3170.0,3210.0,980.1984252929688,18093900.0
2018-04-10,3220.0,3300.0,3200.0,3300.0,1007.6804809570312,26943900.0
2018-04-11,3320.0,3570.0,3300.0,3420.0,1044.3236083984375,121675600.0
2018-04-12,3450.0,3510.0,3420.0,3420.0,1044.3236083984375,44261100.0
2018-04-13,3450.0,3460.0,3410.0,3430.0,1047.3773193359375,25169400.0
2018-04-16,3430.0,3430.0,3430.0,3430.0,1047.3773193359375,0.0
2018-04-17,3430.0,3430.0,3430.0,3430.0,1047.3773193359375,0.0
2018-04-18,3500.0,3530.0,3460.0,3480.0,1062.64501953125,63977900.0
2018-04-19,3480.0,3480.0,3480.0,3480.0,1169.7071533203125,0.0
2018-04-20,3480.0,3480.0,3480.0,3480.0,1169.7071533203125,0.0
2018-04-23,3370.0,3400.0,3340.0,3350.0,1126.0111083984375,28666700.0
2018-04-24,3370.0,3370.0,3280.0,3330.0,1119.2886962890625,19411100.0
2018-04-25,3330.0,3330.0,3330.0,3330.0,1119.2886962890625,0.0
2018-04-26,3330.0,3330.0,3330.0,3330.0,1119.2886962890625,0.0
2018-04-27,3330.0,3330.0,3330.0,3330.0,1119.2886962890625,0.0
2018-04-30,3180.0,3250.0,3160.0,3240.0,1089.0377197265625,32573800.0
2018-05-01,3240.0,3240.0,3240.0,3240.0,1089.0377197265625,0.0
2018-05-02,3290.0,3440.0,3280.0,3430.0,1152.9010009765625,33905400.0
2018-05-03,3430.0,3430.0,3260.0,3280.0,1102.4825439453125,28449500.0
2018-05-04,3350.0,3390.0,3230.0,3350.0,1126.0111083984375,18293600.0
2018-05-07,3350.0,3410.0,3260.0,3270.0,1099.121337890625,16270400.0
2018-05-08,3260.0,3300.0,3170.0,3260.0,1095.7601318359375,12413100.0
2018-05-09,3260.0,3450.0,3220.0,3430.0,1152.9010009765625,33053500.0
2018-05-10,3430.0,3430.0,3430.0,3430.0,1152.9010009765625,0.0
2018-05-11,3450.0,3520.0,3430.0,3450.0,1159.6234130859375,25028400.0
2018-05-14,3450.0,3560.0,3400.0,3560.0,1196.5970458984375,33819700.0
2018-05-15,3580.0,3590.0,3460.0,3530.0,1186.5133056640625,34699300.0
2018-05-16,3500.0,3560.0,3450.0,3500.0,1176.4296875,23301800.0
2018-05-17,3530.0,3590.0,3510.0,3550.0,1193.23583984375,30675900.0
2018-05-18,3560.0,3740.0,3530.0,3690.0,1240.29296875,53990000.0
2018-05-21,3680.0,3860.0,3670.0,3830.0,1287.35009765625,44817000.0
2018-05-22,3860.0,3950.0,3760.0,3790.0,1273.9051513671875,43277100.0
2018-05-23,3790.0,3870.0,3720.0,3770.0,1267.1827392578125,45281600.0
2018-05-24,3750.0,3840.0,3730.0,3760.0,1263.8214111328125,47310400.0
2018-05-25,3790.0,3880.0,3740.0,3750.0,1260.4603271484375,51245100.0
2018-05-28,3750.0,3780.0,3640.0,3660.0,1230.2093505859375,28734900.0
2018-05-29,3660.0,3660.0,3660.0,3660.0,1230.2093505859375,0.0
2018-05-30,3660.0,3850.0,3660.0,3780.0,1270.5440673828125,81247500.0
2018-05-31,3830.0,3860.0,3780.0,3800.0,1277.266357421875,40076300.0
2018-06-01,3800.0,3800.0,3800.0,3800.0,1277.266357421875,0.0
2018-06-04,3830.0,3970.0,3830.0,3960.0,1331.046142578125,59256200.0
2018-06-05,4000.0,4120.0,3990.0,4000.0,1344.4908447265625,62334700.0
2018-06-06,4030.0,4040.0,3900.0,3910.0,1314.239990234375,27261200.0
2018-06-07,3950.0,4000.0,3910.0,3940.0,1324.3236083984375,27420400.0
2018-06-08,4020.0,4100.0,3980.0,4070.0,1368.0196533203125,46079200.0
2018-06-11,4070.0,4070.0,4070.0,4070.0,1368.0196533203125,0.0
2018-06-12,4070.0,4070.0,4070.0,4070.0,1368.0196533203125,0.0
2018-06-13,4070.0,4070.0,4070.0,4070.0,1368.0196533203125,0.0
2018-06-14,4070.0,4070.0,4070.0,4070.0,1368.0196533203125,0.0
2018-06-15,4070.0,4070.0,4070.0,4070.0,1368.0196533203125,0.0
2018-06-18,4070.0,4070.0,4070.0,4070.0,1368.0196533203125,0.0
2018-06-19,4070.0,4070.0,4070.0,4070.0,1368.0196533203125,0.0
2018-06-20,4050.0,4240.0,4030.0,4240.0,1425.160400390625,58511600.0
2018-06-21,4270.0,4280.0,4070.0,4100.0,1378.103271484375,24215800.0
2018-06-22,4100.0,4150.0,3990.0,4150.0,1394.9095458984375,22123000.0
2018-06-25,4250.0,4250.0,4080.0,4130.0,1388.186767578125,23189800.0
2018-06-26,4130.0,4190.0,4080.0,4100.0,1378.103271484375,11509800.0
2018-06-27,4170.0,4170.0,4000.0,4040.0,1357.93603515625,37884900.0
2018-06-28,4040.0,4100.0,3750.0,3840.0,1290.7113037109375,35209900.0
2018-06-29,3880.0,4000.0,3840.0,3970.0,1334.4073486328125,32722700.0
2018-07-02,4000.0,4110.0,3910.0,4000.0,1344.4908447265625,24171200.0
2018-07-03,4080.0,4090.0,3950.0,4000.0,1344.4908447265625,23568600.0
2018-07-04,4040.0,4050.0,3940.0,4000.0,1344.4908447265625,14089400.0
2018-07-05,4030.0,4050.0,3960.0,4000.0,1344.4908447265625,27873000.0
2018-07-06,4030.0,4060.0,3910.0,3950.0,1327.684814453125,25122400.0
2018-07-09,3990.0,4040.0,3960.0,4000.0,1344.4908447265625,18080300.0
2018-07-10,4010.0,4090.0,3980.0,3990.0,1341.1297607421875,24437600.0
2018-07-11,4000.0,4080.0,3990.0,4070.0,1368.0196533203125,29899000.0
2018-07-12,4080.0,4260.0,4070.0,4230.0,1421.79931640625,49301600.0
2018-07-13,4300.0,4300.0,4160.0,4170.0,1401.6319580078125,37962000.0
2018-07-16,4190.0,4290.0,4180.0,4240.0,1425.160400390625,34479900.0
2018-07-17,4250.0,4410.0,4250.0,4380.0,1472.2177734375,49660900.0
2018-07-18,4450.0,4450.0,4310.0,4330.0,1455.411376953125,36878200.0
2018-07-19,4370.0,4450.0,4360.0,4400.0,1478.9400634765625,31058600.0
2018-07-20,4430.0,4440.0,4230.0,4260.0,1431.8828125,21604200.0
2018-07-23,4260.0,4410.0,4230.0,4310.0,1448.6890869140625,53583800.0
2018-07-24,4310.0,4350.0,4220.0,4240.0,1425.160400390625,18294300.0
2018-07-25,4240.0,4330.0,4240.0,4320.0,1452.0501708984375,19731200.0
2018-07-26,4350.0,4430.0,4330.0,4430.0,1489.0234375,39352200.0
2018-07-27,4440.0,4600.0,4420.0,4600.0,1546.1644287109375,48018800.0
2018-07-30,4600.0,4630.0,4270.0,4360.0,1465.4952392578125,93903300.0
2018-07-31,4400.0,4480.0,4310.0,4480.0,1505.829833984375,63878500.0
2018-08-01,4500.0,4540.0,4410.0,4540.0,1525.9971923828125,37044300.0
2018-08-02,4540.0,4540.0,4460.0,4490.0,1509.1910400390625,21721700.0
2018-08-03,4490.0,4550.0,4470.0,4500.0,1512.55224609375,29213500.0
2018-08-06,4540.0,4600.0,4510.0,4580.0,1539.4422607421875,22559300.0
2018-08-07,4610.0,4840.0,4580.0,4780.0,1606.666748046875,37076700.0
2018-08-08,4740.0,4870.0,4730.0,4810.0,1616.750244140625,27973700.0
2018-08-09,4810.0,4840.0,4740.0,4800.0,1613.3892822265625,17356100.0
2018-08-10,4850.0,4940.0,4830.0,4890.0,1643.64013671875,20050200.0
2018-08-13,4870.0,4870.0,4640.0,4850.0,1630.1954345703125,29644100.0
2018-08-14,4660.0,4690.0,4100.0,4160.0,1398.2705078125,160956200.0
2018-08-15,4160.0,4240.0,4000.0,4030.0,1354.57470703125,69077500.0
2018-08-16,4000.0,4220.0,3980.0,4120.0,1384.8258056640625,51023400.0
2018-08-17,4120.0,4120.0,4120.0,4120.0,1384.8258056640625,0.0
2018-08-20,4130.0,4310.0,4130.0,4260.0,1431.8828125,44262600.0
2018-08-21,4280.0,4300.0,4110.0,4120.0,1384.8258056640625,56123300.0
2018-08-22,4120.0,4120.0,4120.0,4120.0,1384.8258056640625,0.0
2018-08-23,4150.0,4170.0,4030.0,4040.0,1357.93603515625,36131300.0
2018-08-24,4050.0,4130.0,4010.0,4070.0,1368.0196533203125,24379400.0
2018-08-27,4130.0,4170.0,4060.0,4060.0,1364.658447265625,30642100.0
2018-08-28,4100.0,4180.0,4070.0,4140.0,1391.54833984375,34660900.0
2018-08-29,4160.0,4180.0,4130.0,4150.0,1394.9095458984375,24666200.0
2018-08-30,4200.0,4260.0,4150.0,4160.0,1398.2705078125,38205900.0
2018-08-31,4140.0,4140.0,4030.0,4050.0,1361.297119140625,109255600.0
2018-09-03,4090.0,4120.0,4030.0,4100.0,1378.103271484375,28891600.0
2018-09-04,4100.0,4130.0,4000.0,4000.0,1344.4908447265625,22298400.0
2018-09-05,3980.0,3990.0,3720.0,3790.0,1273.9051513671875,53173400.0
2018-09-06,3810.0,3890.0,3730.0,3810.0,1280.6275634765625,57015300.0
2018-09-07,3810.0,3820.0,3760.0,3770.0,1267.1827392578125,39546200.0
2018-09-10,3810.0,3810.0,3710.0,3720.0,1250.376708984375,35224600.0
2018-09-11,3720.0,3720.0,3720.0,3720.0,1250.376708984375,0.0
2018-09-12,3770.0,3940.0,3750.0,3940.0,1324.3236083984375,81377800.0
2018-09-13,3960.0,3990.0,3900.0,3970.0,1334.4073486328125,28861100.0
2018-09-14,3970.0,4010.0,3900.0,3970.0,1334.4073486328125,22781000.0
2018-09-17,3970.0,3980.0,3890.0,3930.0,1320.96240234375,13694100.0
2018-09-18,3960.0,4130.0,3930.0,4130.0,1388.186767578125,47601600.0
2018-09-19,4110.0,4170.0,4100.0,4140.0,1391.54833984375,30723200.0
2018-09-20,4150.0,4170.0,4130.0,4160.0,1398.2705078125,25321200.0
2018-09-21,4180.0,4200.0,4140.0,4170.0,1401.6319580078125,20881200.0
2018-09-24,4170.0,4180.0,4110.0,4120.0,1384.8258056640625,6572000.0
2018-09-25,4040.0,4170.0,4040.0,4130.0,1388.186767578125,13013000.0
2018-09-26,4150.0,4170.0,4100.0,4110.0,1381.46435546875,11987600.0
2018-09-27,4130.0,4170.0,4110.0,4160.0,1398.2705078125,13987600.0
2018-09-28,4190.0,4350.0,4180.0,4320.0,1452.0501708984375,63262300.0
2018-10-01,4330.0,4450.0,4330.0,4400.0,1478.9400634765625,30505300.0
2018-10-02,4440.0,4740.0,4410.0,4590.0,1542.8033447265625,68013600.0
2018-10-03,4590.0,4730.0,4590.0,4660.0,1566.3319091796875,31540000.0
2018-10-04,4650.0,4740.0,4600.0,4710.0,1583.1383056640625,33505200.0
2018-10-05,4700.0,4790.0,4640.0,4740.0,1593.2218017578125,27384900.0
2018-10-08,4750.0,4780.0,4670.0,4690.0,1576.415771484375,14236800.0
2018-10-09,4670.0,4680.0,4500.0,4500.0,1512.55224609375,14837700.0
2018-10-10,4500.0,4620.0,4500.0,4540.0,1525.9971923828125,23170800.0
2018-10-11,4400.0,4560.0,4360.0,4470.0,1502.468505859375,23564100.0
2018-10-12,4500.0,4600.0,4500.0,4560.0,1532.7196044921875,29412800.0
2018-10-15,4570.0,4610.0,4440.0,4440.0,1492.385009765625,20091100.0
2018-10-16,4440.0,4480.0,4310.0,4390.0,1475.5791015625,23007900.0
2018-10-17,4450.0,4600.0,4430.0,4500.0,1512.55224609375,42250800.0
2018-10-18,4510.0,4590.0,4480.0,4490.0,1509.1910400390625,18713200.0
2018-10-19,4490.0,4580.0,4490.0,4540.0,1525.9971923828125,20393400.0
2018-10-22,4570.0,4660.0,4560.0,4610.0,1549.52587890625,27245400.0
2018-10-23,4600.0,4640.0,4510.0,4510.0,1515.9136962890625,23360300.0
2018-10-24,4510.0,4520.0,4290.0,4300.0,1445.3277587890625,27168800.0
2018-10-25,4190.0,4490.0,4160.0,4490.0,1509.1910400390625,25579100.0
2018-10-26,4470.0,4490.0,4250.0,4250.0,1428.5216064453125,32077600.0
2018-10-29,4250.0,4320.0,4180.0,4190.0,1408.3543701171875,27864700.0
2018-10-30,4190.0,4250.0,4140.0,4190.0,1408.3543701171875,13300900.0
2018-10-31,4240.0,4300.0,4210.0,4250.0,1428.5216064453125,19530400.0
2018-11-01,4250.0,4300.0,4220.0,4230.0,1421.79931640625,11951200.0
2018-11-02,4220.0,4250.0,4180.0,4200.0,1411.7156982421875,10915900.0
2018-11-05,4190.0,4400.0,4180.0,4390.0,1475.5791015625,31859800.0
2018-11-06,4410.0,4480.0,4410.0,4450.0,1495.7462158203125,30680100.0
2018-11-07,4470.0,4480.0,4410.0,4470.0,1502.468505859375,17824800.0
2018-11-08,4520.0,4550.0,4470.0,4470.0,1502.468505859375,25794600.0
2018-11-09,4470.0,4490.0,4330.0,4330.0,1455.411376953125,15214600.0
2018-11-12,4370.0,4530.0,4360.0,4420.0,1485.66259765625,24190400.0
2018-11-13,4450.0,4650.0,4440.0,4650.0,1562.9708251953125,44704500.0
2018-11-14,4750.0,4920.0,4740.0,4880.0,1640.279052734375,96979200.0
2018-11-15,4950.0,5025.0,4700.0,4700.0,1579.7769775390625,59573300.0
2018-11-16,4720.0,4830.0,4680.0,4740.0,1593.2218017578125,24047500.0
2018-11-19,4740.0,4780.0,4660.0,4660.0,1566.3319091796875,23279200.0
2018-11-20,4660.0,4660.0,4660.0,4660.0,1566.3319091796875,0.0
2018-11-21,4610.0,4720.0,4240.0,4350.0,1462.1339111328125,65978300.0
2018-11-22,4390.0,4430.0,4190.0,4220.0,1418.43798828125,44667700.0
2018-11-23,4250.0,4370.0,4240.0,4310.0,1448.6890869140625,37523600.0
2018-11-26,4320.0,4330.0,3930.0,3940.0,1324.3236083984375,90097500.0
2018-11-27,3960.0,4030.0,3850.0,3870.0,1300.795166015625,61331700.0
2018-11-28,3920.0,4050.0,3910.0,3990.0,1341.1297607421875,63465800.0
2018-11-29,4060.0,4140.0,4060.0,4140.0,1391.54833984375,67164700.0
2018-11-30,4150.0,4170.0,3940.0,4020.0,1351.2135009765625,248474300.0
2018-12-03,4080.0,4100.0,3950.0,3960.0,1331.046142578125,51990700.0
2018-12-04,3990.0,4050.0,3920.0,4000.0,1344.4908447265625,45990900.0
2018-12-05,3950.0,4040.0,3910.0,3950.0,1327.684814453125,30515400.0
2018-12-06,3910.0,4080.0,3910.0,4080.0,1371.380615234375,47642100.0
2018-12-07,4090.0,4090.0,3960.0,3990.0,1341.1297607421875,25615100.0
2018-12-10,3970.0,4020.0,3920.0,4020.0,1351.2135009765625,32151600.0
2018-12-11,4020.0,4280.0,3990.0,4280.0,1438.60546875,66827000.0
2018-12-12,4300.0,4330.0,4190.0,4310.0,1448.6890869140625,41563400.0
2018-12-13,4350.0,4520.0,4340.0,4500.0,1512.55224609375,59699500.0
2018-12-14,4490.0,4490.0,4370.0,4460.0,1499.1072998046875,21022800.0
2018-12-17,4480.0,4490.0,4330.0,4390.0,1475.5791015625,12981600.0
2018-12-18,4360.0,4360.0,4220.0,4230.0,1421.79931640625,21918600.0
2018-12-19,4230.0,4270.0,4160.0,4220.0,1418.43798828125,23695800.0
2018-12-20,4220.0,4290.0,4220.0,4270.0,1435.2440185546875,10561700.0
2018-12-21,4220.0,4290.0,4220.0,4230.0,1421.79931640625,14891400.0
2018-12-24,4230.0,4230.0,4230.0,4230.0,1421.79931640625,0.0
2018-12-25,4230.0,4230.0,4230.0,4230.0,1421.79931640625,0.0
2018-12-26,4210.0,4300.0,4210.0,4290.0,1441.9664306640625,9515600.0
2018-12-27,4350.0,4370.0,4280.0,4290.0,1441.9664306640625,10801300.0
2018-12-28,4290.0,4340.0,4250.0,4300.0,1445.3277587890625,13908200.0
2018-12-31,4300.0,4300.0,4300.0,4300.0,1445.3277587890625,0.0
2019-01-01,4300.0,4300.0,4300.0,4300.0,1445.3277587890625,0.0
2019-01-02,4320.0,4320.0,4220.0,4240.0,1425.160400390625,5920600.0
2019-01-03,4180.0,4240.0,4150.0,4160.0,1398.2705078125,16436300.0
2019-01-04,4160.0,4390.0,4120.0,4380.0,1472.2177734375,25670400.0
2019-01-07,4410.0,4450.0,4360.0,4400.0,1478.9400634765625,18429000.0
2019-01-08,4420.0,4420.0,4310.0,4370.0,1468.8563232421875,10791700.0
2019-01-09,4400.0,4420.0,4330.0,4330.0,1455.411376953125,13994100.0
2019-01-10,4350.0,4370.0,4260.0,4290.0,1441.9664306640625,17745200.0
2019-01-11,4290.0,4340.0,4280.0,4330.0,1455.411376953125,13298400.0
2019-01-14,4370.0,4390.0,4320.0,4390.0,1475.5791015625,14094100.0
2019-01-15,4400.0,4400.0,4340.0,4380.0,1472.2177734375,16836700.0
2019-01-16,4400.0,4420.0,4370.0,4380.0,1472.2177734375,13923600.0
2019-01-17,4410.0,4500.0,4410.0,4450.0,1495.7462158203125,38360000.0
2019-01-18,4450.0,4510.0,4450.0,4470.0,1502.468505859375,22593300.0
2019-01-21,4500.0,4510.0,4460.0,4470.0,1502.468505859375,12099600.0
2019-01-22,4460.0,4460.0,4300.0,4420.0,1485.66259765625,10041300.0
2019-01-23,4330.0,4420.0,4330.0,4390.0,1475.5791015625,10107200.0
2019-01-24,4390.0,4420.0,4350.0,4390.0,1475.5791015625,9429000.0
2019-01-25,4400.0,4420.0,4360.0,4370.0,1468.8563232421875,5444000.0
2019-01-28,4380.0,4440.0,4350.0,4350.0,1462.1339111328125,14585000.0
2019-01-29,4360.0,4470.0,4360.0,4380.0,1472.2177734375,14647800.0
2019-01-30,4380.0,4390.0,4300.0,4300.0,1445.3277587890625,22200200.0
2019-01-31,4300.0,4370.0,4300.0,4310.0,1448.6890869140625,21052100.0
2019-02-01,4310.0,4360.0,4310.0,4320.0,1452.0501708984375,10496900.0
2019-02-04,4320.0,4350.0,4220.0,4240.0,1425.160400390625,17761000.0
2019-02-05,4240.0,4240.0,4240.0,4240.0,1425.160400390625,0.0
2019-02-06,4260.0,4330.0,4250.0,4290.0,1441.9664306640625,10841300.0
2019-02-07,4340.0,4340.0,4290.0,4310.0,1448.6890869140625,6551200.0
2019-02-08,4310.0,4320.0,4270.0,4300.0,1445.3277587890625,9321800.0
2019-02-11,4260.0,4290.0,4250.0,4260.0,1431.8828125,5431800.0
2019-02-12,4300.0,4310.0,4110.0,4190.0,1408.3543701171875,10790000.0
2019-02-13,4240.0,4280.0,4080.0,4120.0,1384.8258056640625,17535900.0
2019-02-14,4150.0,4190.0,4020.0,4050.0,1361.297119140625,11820200.0
2019-02-15,4050.0,4080.0,3930.0,3980.0,1337.7686767578125,13945700.0
2019-02-18,4020.0,4040.0,3960.0,3980.0,1337.7686767578125,12340700.0
2019-02-19,4030.0,4240.0,4020.0,4200.0,1411.7156982421875,25487000.0
2019-02-20,4210.0,4240.0,4110.0,4160.0,1398.2705078125,22225400.0
2019-02-21,4200.0,4230.0,4160.0,4200.0,1411.7156982421875,25676300.0
2019-02-22,4200.0,4220.0,4110.0,4130.0,1388.186767578125,13983400.0
2019-02-25,4170.0,4180.0,4130.0,4130.0,1388.186767578125,7772900.0
2019-02-26,4160.0,4160.0,4080.0,4150.0,1394.9095458984375,10342700.0
2019-02-27,4140.0,4160.0,4100.0,4100.0,1378.103271484375,12771900.0
2019-02-28,4100.0,4130.0,3970.0,3980.0,1337.7686767578125,18995700.0
2019-03-01,3970.0,4050.0,3970.0,4040.0,1357.93603515625,10162500.0
2019-03-04,4070.0,4110.0,4050.0,4060.0,1364.658447265625,12983500.0
2019-03-05,4050.0,4070.0,3970.0,3970.0,1334.4073486328125,14203400.0
2019-03-06,3980.0,4040.0,3960.0,4040.0,1357.93603515625,10901200.0
2019-03-07,4040.0,4040.0,4040.0,4040.0,1357.93603515625,0.0
2019-03-08,4010.0,4070.0,3990.0,4000.0,1344.4908447265625,11833300.0
2019-03-11,4030.0,4050.0,3970.0,4020.0,1351.2135009765625,8611500.0
2019-03-12,4030.0,4030.0,3980.0,3990.0,1341.1297607421875,7039600.0
2019-03-13,4040.0,4040.0,4010.0,4020.0,1351.2135009765625,6046800.0
2019-03-14,4020.0,4040.0,4000.0,4020.0,1351.2135009765625,7374500.0
2019-03-15,4020.0,4060.0,4010.0,4050.0,1361.297119140625,17600200.0
2019-03-18,4020.0,4080.0,4020.0,4050.0,1361.297119140625,8162500.0
2019-03-19,4040.0,4060.0,4020.0,4020.0,1351.2135009765625,9037600.0
2019-03-20,4000.0,4050.0,4000.0,4020.0,1351.2135009765625,8733800.0
2019-03-21,4060.0,4060.0,4020.0,4040.0,1357.93603515625,7417300.0
2019-03-22,4020.0,4090.0,4020.0,4080.0,1371.380615234375,10320600.0
2019-03-25,4070.0,4160.0,4060.0,4140.0,1391.54833984375,15175700.0
2019-03-26,4180.0,4240.0,4160.0,4240.0,1425.160400390625,19100600.0
2019-03-27,4250.0,4260.0,4090.0,4120.0,1384.8258056640625,13590300.0
2019-03-28,4050.0,4180.0,4050.0,4160.0,1398.2705078125,9870100.0
2019-03-29,4140.0,4230.0,4100.0,4210.0,1415.0767822265625,12882500.0
2019-04-01,4240.0,4250.0,4190.0,4200.0,1411.7156982421875,7709000.0
2019-04-02,4220.0,4250.0,4170.0,4170.0,1401.6319580078125,5149200.0
2019-04-03,4170.0,4170.0,4170.0,4170.0,1401.6319580078125,0.0
2019-04-04,4180.0,4190.0,4040.0,4040.0,1357.93603515625,21427600.0
2019-04-05,4100.0,4110.0,3980.0,4020.0,1351.2135009765625,13730200.0
2019-04-08,4020.0,4080.0,4000.0,4040.0,1357.93603515625,11642600.0
2019-04-09,4100.0,4110.0,4040.0,4070.0,1368.0196533203125,6002700.0
2019-04-10,4010.0,4070.0,4010.0,4010.0,1347.8524169921875,9264700.0
2019-04-11,4010.0,4040.0,4000.0,4010.0,1347.8524169921875,3931800.0
2019-04-12,4040.0,4040.0,4010.0,4030.0,1354.57470703125,4407200.0
2019-04-15,4030.0,4030.0,3970.0,3970.0,1334.4073486328125,13128300.0
2019-04-16,4000.0,4000.0,3950.0,3980.0,1337.7686767578125,12290400.0
2019-04-17,3980.0,3980.0,3980.0,3980.0,1337.7686767578125,0.0
2019-04-18,4020.0,4030.0,3940.0,3950.0,1327.684814453125,13862800.0
2019-04-19,3950.0,3950.0,3950.0,3950.0,1327.684814453125,0.0
2019-04-22,3980.0,4050.0,3970.0,4050.0,1361.297119140625,9967500.0
2019-04-23,4070.0,4090.0,4030.0,4050.0,1361.297119140625,12470500.0
2019-04-24,4050.0,4150.0,4040.0,4130.0,1388.186767578125,24595100.0
2019-04-25,4140.0,4150.0,4010.0,4030.0,1354.57470703125,51970600.0
2019-04-26,4040.0,4050.0,3990.0,4020.0,1351.2135009765625,23691500.0
2019-04-29,4020.0,4020.0,3930.0,3950.0,1327.684814453125,22089900.0
2019-04-30,3950.0,3990.0,3940.0,3960.0,1331.046142578125,24542500.0
2019-05-01,3960.0,3960.0,3960.0,3960.0,1331.046142578125,0.0
2019-05-02,3960.0,4000.0,3930.0,3940.0,1324.3236083984375,15633000.0
2019-05-03,3920.0,3940.0,3770.0,3790.0,1273.9051513671875,43590200.0
2019-05-06,3710.0,3830.0,3700.0,3790.0,1273.9051513671875,19066900.0
2019-05-07,3600.0,3600.0,3380.0,3400.0,1255.30859375,78132400.0
2019-05-08,3210.0,3290.0,3150.0,3190.0,1177.774658203125,124110500.0
2019-05-09,3210.0,3260.0,3110.0,3110.0,1148.2381591796875,65673700.0
2019-05-10,3150.0,3190.0,3030.0,3080.0,1137.1617431640625,37161200.0
2019-05-13,3080.0,3120.0,2940.0,2940.0,1085.4727783203125,46174800.0
2019-05-14,2900.0,3050.0,2870.0,3050.0,1126.0855712890625,55003800.0
2019-05-15,3080.0,3090.0,2900.0,2900.0,1070.704345703125,35715000.0
2019-05-16,2900.0,2940.0,2810.0,2810.0,1037.4755859375,30683700.0
2019-05-17,2810.0,2840.0,2750.0,2750.0,1015.3231201171875,36491200.0
2019-05-20,2750.0,2860.0,2720.0,2810.0,1037.4755859375,48074300.0
2019-05-21,2830.0,2880.0,2810.0,2810.0,1037.4755859375,35060000.0
2019-05-22,2810.0,2870.0,2800.0,2850.0,1052.2440185546875,23406500.0
2019-05-23,2860.0,2920.0,2860.0,2880.0,1063.3203125,44323400.0
2019-05-24,2900.0,2900.0,2840.0,2880.0,1063.3203125,31992900.0
2019-05-27,2890.0,2920.0,2870.0,2880.0,1063.3203125,20297400.0
2019-05-28,2890.0,3020.0,2890.0,3000.0,1107.625244140625,63191500.0
2019-05-29,3000.0,3030.0,2960.0,3000.0,1107.625244140625,27637200.0
2019-05-30,3000.0,3000.0,3000.0,3000.0,1107.625244140625,0.0
2019-05-31,2990.0,3080.0,2980.0,3060.0,1129.7777099609375,42958800.0
2019-06-03,3060.0,3060.0,3060.0,3060.0,1129.7777099609375,0.0
2019-06-04,3060.0,3060.0,3060.0,3060.0,1129.7777099609375,0.0
2019-06-05,3060.0,3060.0,3060.0,3060.0,1129.7777099609375,0.0
2019-06-06,3060.0,3060.0,3060.0,3060.0,1129.7777099609375,0.0
2019-06-07,3060.0,3060.0,3060.0,3060.0,1129.7777099609375,0.0
2019-06-10,3080.0,3090.0,2930.0,2940.0,1085.4727783203125,70543500.0
2019-06-11,2940.0,2980.0,2900.0,2930.0,1081.780517578125,30082300.0
2019-06-12,2930.0,2940.0,2870.0,2880.0,1063.3203125,45497800.0
2019-06-13,2850.0,2890.0,2830.0,2840.0,1048.552001953125,36078500.0
2019-06-14,2850.0,2880.0,2830.0,2830.0,1044.8597412109375,29226200.0
2019-06-17,2840.0,2860.0,2820.0,2820.0,1041.1678466796875,16575500.0
2019-06-18,2840.0,2890.0,2830.0,2880.0,1063.3203125,28509100.0
2019-06-20,2950.0,2960.0,2920.0,2920.0,1078.0885009765625,17671700.0
2019-06-21,2940.0,2970.0,2880.0,2900.0,1070.704345703125,27930000.0
2019-06-24,2920.0,2920.0,2880.0,2880.0,1063.3203125,9595800.0
2019-06-25,2880.0,3070.0,2880.0,3060.0,1129.7777099609375,70032300.0
2019-06-26,3080.0,3150.0,2980.0,2990.0,1103.93310546875,78050500.0
2019-06-27,3010.0,3020.0,2930.0,2960.0,1092.8568115234375,32033900.0
2019-06-28,2970.0,2990.0,2910.0,2960.0,1092.8568115234375,26468300.0
2019-07-01,2980.0,3070.0,2960.0,3060.0,1129.7777099609375,46328600.0
2019-07-02,3080.0,3090.0,3010.0,3020.0,1115.0093994140625,36968600.0
2019-07-03,3020.0,3040.0,3000.0,3000.0,1107.625244140625,25327500.0
2019-07-04,3040.0,3060.0,3030.0,3050.0,1126.0855712890625,16206700.0
2019-07-05,3100.0,3110.0,3040.0,3050.0,1126.0855712890625,43347900.0
2019-07-08,3060.0,3070.0,2960.0,2980.0,1100.2412109375,44526600.0
2019-07-09,2980.0,2990.0,2920.0,2930.0,1081.780517578125,28031000.0
2019-07-10,2910.0,2970.0,2910.0,2940.0,1085.4727783203125,19539400.0
2019-07-11,2950.0,2970.0,2910.0,2910.0,1074.3966064453125,21374100.0
2019-07-12,2910.0,2930.0,2830.0,2840.0,1048.552001953125,35322000.0
2019-07-15,2860.0,2880.0,2820.0,2840.0,1048.552001953125,25467400.0
2019-07-16,2860.0,2870.0,2830.0,2840.0,1048.552001953125,30885700.0
2019-07-17,2820.0,2840.0,2810.0,2820.0,1041.1678466796875,14372800.0
2019-07-18,2820.0,2900.0,2820.0,2870.0,1059.6282958984375,23888200.0
2019-07-19,2890.0,2900.0,2870.0,2880.0,1063.3203125,12921000.0
2019-07-22,2880.0,2890.0,2840.0,2840.0,1048.552001953125,11271800.0
2019-07-23,2870.0,2870.0,2820.0,2830.0,1044.8597412109375,21399400.0
2019-07-24,2840.0,2850.0,2780.0,2780.0,1026.3994140625,26408000.0
2019-07-25,2780.0,2810.0,2760.0,2790.0,1030.0914306640625,18414000.0
2019-07-26,2790.0,2790.0,2750.0,2750.0,1015.3231201171875,14034400.0
2019-07-29,2760.0,2780.0,2690.0,2700.0,996.8627319335938,16759600.0
2019-07-30,2700.0,2760.0,2700.0,2730.0,1007.93896484375,13025400.0
2019-07-31,2700.0,2740.0,2700.0,2740.0,1011.6310424804688,20532800.0
2019-08-01,2730.0,2750.0,2710.0,2730.0,1007.93896484375,10080000.0
2019-08-02,2680.0,2730.0,2660.0,2690.0,993.170654296875,16007600.0
2019-08-05,2670.0,2680.0,2620.0,2620.0,967.3259887695312,17234300.0
2019-08-06,2570.0,2590.0,2510.0,2550.0,941.4814453125,23625700.0
2019-08-07,2570.0,2630.0,2540.0,2560.0,945.173583984375,26664100.0
2019-08-08,2570.0,2590.0,2560.0,2570.0,948.8655395507812,10745500.0
2019-08-09,2570.0,2630.0,2520.0,2540.0,937.7892456054688,23442600.0
2019-08-12,2550.0,2580.0,2470.0,2480.0,915.6369018554688,20580000.0
2019-08-13,2470.0,2480.0,2410.0,2420.0,893.484375,18919100.0
2019-08-14,2460.0,2470.0,2420.0,2430.0,897.1763916015625,16649300.0
2019-08-15,2400.0,2410.0,2350.0,2380.0,878.7158813476562,20207700.0
2019-08-16,2380.0,2590.0,2350.0,2440.0,900.8684692382812,56470000.0
2019-08-19,2460.0,2510.0,2440.0,2450.0,904.5606079101562,12316000.0
2019-08-20,2450.0,2490.0,2410.0,2460.0,908.2525634765625,12784600.0
2019-08-21,2490.0,2490.0,2420.0,2420.0,893.484375,12268000.0
2019-08-22,2430.0,2460.0,2410.0,2420.0,893.484375,10769000.0
2019-08-23,2430.0,2530.0,2430.0,2490.0,919.328857421875,26484800.0
2019-08-26,2450.0,2460.0,2390.0,2410.0,889.792236328125,22206000.0
2019-08-27,2420.0,2470.0,2420.0,2420.0,893.484375,21763000.0
2019-08-28,2420.0,2450.0,2410.0,2410.0,889.792236328125,8920700.0
2019-08-29,2410.0,2440.0,2400.0,2410.0,889.792236328125,11826900.0
2019-08-30,2420.0,2470.0,2420.0,2470.0,911.9446411132812,19139600.0
2019-09-02,2470.0,2480.0,2420.0,2420.0,893.484375,11107200.0
2019-09-03,2430.0,2480.0,2430.0,2440.0,900.8684692382812,22955600.0
2019-09-04,2480.0,2530.0,2440.0,2440.0,900.8684692382812,35551000.0
2019-09-05,2460.0,2490.0,2430.0,2470.0,911.9446411132812,20546700.0
2019-09-06,2490.0,2620.0,2470.0,2600.0,959.9418334960938,56924300.0
2019-09-09,2620.0,2770.0,2600.0,2700.0,996.8627319335938,81823400.0
2019-09-10,2700.0,2710.0,2610.0,2650.0,978.4022827148438,32325400.0
2019-09-11,2690.0,2720.0,2680.0,2690.0,993.170654296875,33609700.0
2019-09-12,2700.0,2720.0,2620.0,2620.0,967.3259887695312,26637500.0
2019-09-13,2630.0,2660.0,2560.0,2560.0,945.173583984375,28450400.0
2019-09-16,2600.0,2630.0,2550.0,2580.0,952.5577392578125,22555400.0
2019-09-17,2600.0,2610.0,2570.0,2570.0,948.8655395507812,16643900.0
2019-09-18,2570.0,2590.0,2540.0,2550.0,941.4814453125,27744100.0
2019-09-19,2550.0,2560.0,2460.0,2460.0,908.2525634765625,22492800.0
2019-09-20,2460.0,2480.0,2440.0,2470.0,911.9446411132812,20320500.0
2019-09-23,2470.0,2490.0,2400.0,2400.0,886.1002197265625,23032200.0
2019-09-24,2360.0,2390.0,2290.0,2320.0,856.5634765625,30356200.0
2019-09-25,2290.0,2350.0,2290.0,2300.0,849.1792602539062,27631500.0
2019-09-26,2330.0,2330.0,2290.0,2300.0,849.1792602539062,21164600.0
2019-09-27,2300.0,2360.0,2300.0,2300.0,849.1792602539062,23032200.0
2019-09-30,2300.0,2320.0,2260.0,2260.0,834.4110107421875,13196000.0
2019-10-01,2290.0,2310.0,2270.0,2280.0,841.795166015625,7765200.0
2019-10-02,2260.0,2300.0,2240.0,2240.0,827.0267333984375,11565700.0
2019-10-03,2230.0,2260.0,2200.0,2240.0,827.0267333984375,6640600.0
2019-10-04,2200.0,2250.0,2200.0,2200.0,812.2584838867188,11964400.0
2019-10-07,2200.0,2230.0,2110.0,2150.0,793.7980346679688,16376500.0
2019-10-08,2180.0,2240.0,2150.0,2230.0,823.334716796875,16859700.0
2019-10-09,2230.0,2260.0,2200.0,2240.0,827.0267333984375,15658200.0
2019-10-10,2250.0,2260.0,2180.0,2260.0,834.4110107421875,18207800.0
2019-10-11,2250.0,2290.0,2230.0,2270.0,838.10302734375,15699200.0
2019-10-14,2300.0,2310.0,2230.0,2250.0,830.7189331054688,8465600.0
2019-10-15,2250.0,2270.0,2210.0,2260.0,834.4110107421875,14802000.0
2019-10-16,2260.0,2310.0,2250.0,2260.0,834.4110107421875,13826800.0
2019-10-17,2250.0,2270.0,2200.0,2220.0,819.6427001953125,19263100.0
2019-10-18,2220.0,2350.0,2220.0,2350.0,867.6397094726562,51681800.0
2019-10-21,2370.0,2400.0,2330.0,2350.0,867.6397094726562,17523300.0
2019-10-22,2370.0,2380.0,2290.0,2360.0,871.3318481445312,13939300.0
2019-10-23,2360.0,2490.0,2300.0,2450.0,904.5606079101562,42560400.0
2019-10-24,2460.0,2480.0,2410.0,2410.0,889.792236328125,18263400.0
2019-10-25,2420.0,2420.0,2350.0,2350.0,867.6397094726562,28610000.0
2019-10-28,2350.0,2410.0,2320.0,2370.0,875.0239868164062,16107300.0
2019-10-29,2390.0,2410.0,2350.0,2350.0,867.6397094726562,16981300.0
2019-10-30,2360.0,2380.0,2340.0,2340.0,863.9476318359375,8763900.0
2019-10-31,2340.0,2360.0,2250.0,2250.0,830.7189331054688,29125000.0
2019-11-01,2250.0,2250.0,2190.0,2190.0,808.5664672851562,17881000.0
2019-11-04,2230.0,2310.0,2220.0,2300.0,849.1792602539062,22374200.0
2019-11-05,2320.0,2450.0,2310.0,2430.0,897.1763916015625,49811800.0
2019-11-06,2430.0,2520.0,2370.0,2460.0,908.2525634765625,71502800.0
2019-11-07,2460.0,2460.0,2290.0,2390.0,882.4081420898438,47709200.0
2019-11-08,2420.0,2610.0,2420.0,2580.0,952.5577392578125,90666400.0
2019-11-11,2550.0,2630.0,2550.0,2600.0,959.9418334960938,36136900.0
2019-11-12,2600.0,2670.0,2550.0,2620.0,967.3259887695312,40791500.0
2019-11-13,2620.0,2650.0,2520.0,2550.0,941.4814453125,33803400.0
2019-11-14,2550.0,2560.0,2400.0,2460.0,908.2525634765625,49560800.0
2019-11-15,2470.0,2520.0,2430.0,2510.0,926.713134765625,16303600.0
2019-11-18,2540.0,2560.0,2490.0,2510.0,926.713134765625,24614400.0
2019-11-19,2510.0,2550.0,2460.0,2480.0,915.6369018554688,21764300.0
2019-11-20,2500.0,2510.0,2420.0,2450.0,904.5606079101562,17586400.0
2019-11-21,2430.0,2450.0,2360.0,2380.0,878.7158813476562,29775300.0
2019-11-22,2380.0,2450.0,2380.0,2430.0,897.1763916015625,21145000.0
2019-11-25,2460.0,2510.0,2440.0,2500.0,923.02099609375,27497500.0
2019-11-26,2510.0,2630.0,2480.0,2630.0,971.01806640625,89132700.0
2019-11-27,2630.0,2630.0,2550.0,2580.0,952.5577392578125,34853500.0
2019-11-28,2580.0,2620.0,2470.0,2470.0,911.9446411132812,21173900.0
2019-11-29,2470.0,2490.0,2410.0,2420.0,893.484375,13394500.0
2019-12-02,2460.0,2530.0,2450.0,2530.0,934.0973510742188,15718900.0
2019-12-03,2500.0,2560.0,2480.0,2500.0,923.02099609375,16071500.0
2019-12-04,2480.0,2520.0,2450.0,2460.0,908.2525634765625,20090900.0
2019-12-05,2490.0,2580.0,2470.0,2560.0,945.173583984375,28990000.0
2019-12-06,2590.0,2590.0,2510.0,2550.0,941.4814453125,9373200.0
2019-12-09,2550.0,2620.0,2530.0,2590.0,956.2498779296875,25638800.0
2019-12-10,2570.0,2620.0,2550.0,2550.0,941.4814453125,20799900.0
2019-12-11,2570.0,2580.0,2520.0,2520.0,930.4052124023438,14370700.0
2019-12-12,2540.0,2550.0,2450.0,2470.0,911.9446411132812,16313400.0
2019-12-13,2500.0,2580.0,2460.0,2580.0,952.5577392578125,28503500.0
2019-12-16,2590.0,2720.0,2590.0,2690.0,993.170654296875,64818900.0
2019-12-17,2720.0,2730.0,2610.0,2650.0,978.4022827148438,30387500.0
2019-12-18,2640.0,2690.0,2610.0,2670.0,985.7864379882812,28631000.0
2019-12-19,2660.0,2690.0,2630.0,2650.0,978.4022827148438,11609500.0
2019-12-20,2650.0,2660.0,2600.0,2600.0,959.9418334960938,16557600.0
2019-12-23,2650.0,2660.0,2580.0,2610.0,963.6339721679688,11993800.0
2019-12-26,2620.0,2670.0,2620.0,2640.0,974.710205078125,11773200.0
2019-12-27,2640.0,2680.0,2630.0,2650.0,978.4022827148438,10007300.0
2019-12-30,2650.0,2700.0,2640.0,2660.0,982.0943603515625,14763500.0
2020-01-02,2640.0,2680.0,2600.0,2630.0,971.01806640625,8093400.0
2020-01-03,2610.0,2670.0,2600.0,2670.0,985.7864379882812,13483900.0
2020-01-06,2650.0,2740.0,2630.0,2730.0,1007.93896484375,26770600.0
2020-01-07,2730.0,2740.0,2640.0,2710.0,1000.554931640625,22952100.0
2020-01-08,2700.0,2700.0,2640.0,2670.0,985.7864379882812,15608000.0
2020-01-09,2670.0,2690.0,2650.0,2670.0,985.7864379882812,10703400.0
2020-01-10,2690.0,2800.0,2690.0,2780.0,1026.3994140625,52606300.0
2020-01-13,2810.0,2850.0,2810.0,2830.0,1044.8597412109375,44452800.0
2020-01-14,2850.0,2870.0,2780.0,2790.0,1030.0914306640625,28139900.0
2020-01-15,2780.0,2790.0,2690.0,2690.0,993.170654296875,27000700.0
2020-01-16,2700.0,2740.0,2650.0,2680.0,989.4786376953125,23356800.0
2020-01-17,2690.0,2710.0,2660.0,2670.0,985.7864379882812,9792700.0
2020-01-20,2660.0,2680.0,2580.0,2590.0,956.2498779296875,21197700.0
2020-01-21,2560.0,2610.0,2540.0,2560.0,945.173583984375,20624800.0
2020-01-22,2560.0,2570.0,2470.0,2480.0,915.6369018554688,27981500.0
2020-01-23,2460.0,2470.0,2390.0,2410.0,889.792236328125,35676700.0
2020-01-24,2410.0,2420.0,2350.0,2370.0,875.0239868164062,25342900.0
2020-01-27,2340.0,2340.0,2240.0,2240.0,827.0267333984375,39268200.0
2020-01-28,2230.0,2340.0,2200.0,2330.0,860.2554931640625,48613600.0
2020-01-29,2360.0,2400.0,2320.0,2330.0,860.2554931640625,31015700.0
2020-01-30,2310.0,2330.0,2240.0,2240.0,827.0267333984375,30619900.0
2020-01-31,2260.0,2270.0,2200.0,2210.0,815.9505615234375,17939300.0
2020-02-03,2180.0,2220.0,2160.0,2170.0,801.1822509765625,35172600.0
2020-02-04,2190.0,2240.0,2170.0,2230.0,823.334716796875,21085800.0
2020-02-05,2280.0,2340.0,2280.0,2320.0,856.5634765625,32483400.0
2020-02-06,2360.0,2360.0,2280.0,2290.0,845.4872436523438,15297600.0
2020-02-07,2270.0,2340.0,2260.0,2320.0,856.5634765625,11738300.0
2020-02-10,2300.0,2310.0,2250.0,2250.0,830.7189331054688,13933600.0
2020-02-11,2260.0,2320.0,2230.0,2310.0,852.8712768554688,13944500.0
2020-02-12,2330.0,2350.0,2260.0,2280.0,841.795166015625,16223000.0
2020-02-13,2300.0,2300.0,2250.0,2280.0,841.795166015625,11677000.0
2020-02-14,2280.0,2340.0,2260.0,2330.0,860.2554931640625,18474200.0
2020-02-17,2330.0,2360.0,2310.0,2340.0,863.9476318359375,13087400.0
2020-02-18,2350.0,2380.0,2340.0,2380.0,878.7158813476562,17424900.0
2020-02-19,2380.0,2420.0,2370.0,2400.0,886.1002197265625,20155700.0
2020-02-20,2420.0,2510.0,2410.0,2490.0,919.328857421875,32998700.0
2020-02-21,2450.0,2470.0,2380.0,2410.0,889.792236328125,22774600.0
2020-02-24,2400.0,2400.0,2320.0,2350.0,867.6397094726562,17784200.0
2020-02-25,2310.0,2430.0,2300.0,2410.0,889.792236328125,23201800.0
2020-02-26,2410.0,2450.0,2360.0,2360.0,871.3318481445312,26455900.0
2020-02-27,2360.0,2420.0,2280.0,2290.0,845.4872436523438,26832100.0
2020-02-28,2250.0,2290.0,2190.0,2240.0,827.0267333984375,42001000.0
2020-03-02,2290.0,2290.0,2170.0,2200.0,812.2584838867188,39002300.0
2020-03-03,2250.0,2400.0,2250.0,2370.0,875.0239868164062,30483600.0
2020-03-04,2370.0,2500.0,2350.0,2470.0,911.9446411132812,33038400.0
2020-03-05,2530.0,2540.0,2460.0,2460.0,908.2525634765625,29850800.0
2020-03-06,2420.0,2480.0,2420.0,2450.0,904.5606079101562,18529800.0
2020-03-09,2370.0,2370.0,2210.0,2210.0,815.9505615234375,38358000.0
2020-03-10,2220.0,2320.0,2220.0,2310.0,852.8712768554688,23587000.0
2020-03-11,2330.0,2350.0,2170.0,2200.0,812.2584838867188,24599500.0
2020-03-12,2100.0,2190.0,2010.0,2060.0,760.5693359375,23191300.0
2020-03-13,2060.0,2060.0,2060.0,2060.0,760.5693359375,0.0
2020-03-16,2060.0,2060.0,2060.0,2060.0,760.5693359375,0.0
2020-03-17,1835.0,1850.0,1710.0,1710.0,631.346435546875,23282900.0
2020-03-18,1710.0,1710.0,1595.0,1595.0,588.8873291015625,29978700.0
2020-03-19,1590.0,1590.0,1485.0,1485.0,548.2745361328125,2795600.0
2020-03-20,1485.0,1855.0,1385.0,1800.0,664.5750732421875,79840200.0
2020-03-23,1790.0,1895.0,1675.0,1675.0,618.424072265625,74786200.0
2020-03-24,1700.0,1815.0,1700.0,1790.0,660.8829956054688,48910700.0
2020-03-26,1850.0,2120.0,1830.0,2020.0,745.801025390625,41809200.0
2020-03-27,2090.0,2240.0,1995.0,2040.0,753.1851196289062,71887800.0
2020-03-30,2040.0,2040.0,1900.0,1900.0,701.4959106445312,16821100.0
2020-03-31,1930.0,2180.0,1900.0,2180.0,804.8743286132812,33618700.0
2020-04-01,2120.0,2230.0,2040.0,2050.0,756.8772583007812,30561000.0
2020-04-02,2030.0,2060.0,1950.0,2030.0,749.4931030273438,23837600.0
2020-04-03,2020.0,2130.0,2020.0,2110.0,779.02978515625,25841300.0
2020-04-06,2100.0,2160.0,2090.0,2160.0,797.4901123046875,18666000.0
2020-04-07,2250.0,2250.0,2090.0,2100.0,775.3377075195312,21588800.0
2020-04-08,2100.0,2150.0,1955.0,1995.0,736.57080078125,19039300.0
2020-04-09,1995.0,2040.0,1935.0,1980.0,731.0326538085938,9649000.0
2020-04-13,1980.0,2030.0,1955.0,2000.0,738.416748046875,5783600.0
2020-04-14,2020.0,2100.0,2010.0,2080.0,767.9534301757812,15932800.0
2020-04-15,2100.0,2120.0,1960.0,1960.0,723.6484375,19782000.0
2020-04-16,1980.0,1990.0,1895.0,1905.0,703.342041015625,15573500.0
2020-04-17,1920.0,2000.0,1920.0,1980.0,731.0326538085938,14020600.0
2020-04-20,1990.0,2020.0,1935.0,1935.0,714.4182739257812,7323100.0
2020-04-21,1925.0,1925.0,1800.0,1825.0,673.8052978515625,26386000.0
2020-04-22,1800.0,1880.0,1775.0,1855.0,684.8815307617188,18720700.0
2020-04-23,1880.0,1925.0,1855.0,1890.0,697.803955078125,25778600.0
2020-04-24,1880.0,1960.0,1845.0,1850.0,683.0355224609375,28119600.0
2020-04-27,1875.0,1890.0,1815.0,1825.0,673.8052978515625,16358000.0
2020-04-28,1815.0,1845.0,1770.0,1780.0,657.1909790039062,17254900.0
2020-04-29,1795.0,1820.0,1785.0,1790.0,660.8829956054688,9910000.0
2020-04-30,1815.0,1890.0,1815.0,1875.0,692.265869140625,20464800.0
2020-05-04,1870.0,1870.0,1790.0,1815.0,670.1132202148438,11936000.0
2020-05-05,1850.0,1865.0,1780.0,1815.0,670.1132202148438,35220100.0
2020-05-06,1825.0,1910.0,1820.0,1895.0,699.64990234375,58599000.0
2020-05-08,1915.0,2080.0,1895.0,2060.0,760.5693359375,86015500.0
2020-05-11,2080.0,2160.0,2030.0,2050.0,756.8772583007812,38337600.0
2020-05-12,2100.0,2100.0,1980.0,1990.0,734.7247924804688,26412900.0
2020-05-13,1940.0,1975.0,1860.0,1905.0,703.342041015625,58253000.0
2020-05-14,1870.0,1950.0,1855.0,1865.0,688.5736694335938,37832000.0
2020-05-15,1880.0,1940.0,1800.0,1815.0,670.1132202148438,30769700.0
2020-05-18,1830.0,1910.0,1805.0,1900.0,701.4959106445312,45956600.0
2020-05-19,1935.0,1985.0,1910.0,1915.0,707.0340576171875,45276000.0
2020-05-20,1920.0,1935.0,1890.0,1920.0,708.880126953125,24247000.0
2020-05-26,1945.0,2060.0,1930.0,2040.0,753.1851196289062,51276500.0
2020-05-27,2070.0,2110.0,2020.0,2090.0,771.6455688476562,41042300.0
2020-05-28,2120.0,2140.0,2070.0,2090.0,771.6455688476562,46169400.0
2020-05-29,2090.0,2090.0,1945.0,1945.0,718.1103515625,364481600.0
2020-06-02,1975.0,2100.0,1970.0,2080.0,767.9534301757812,125564400.0
2020-06-03,2100.0,2140.0,2050.0,2110.0,779.02978515625,87870700.0
2020-06-04,2140.0,2300.0,2130.0,2180.0,804.8743286132812,132199300.0
2020-06-05,2200.0,2250.0,2160.0,2210.0,815.9505615234375,66641200.0
2020-06-08,2250.0,2320.0,2250.0,2300.0,849.1792602539062,93899700.0
2020-06-09,2320.0,2400.0,2310.0,2390.0,882.4081420898438,119439500.0
2020-06-10,2380.0,2480.0,2280.0,2370.0,875.0239868164062,269829400.0
2020-06-11,2350.0,2380.0,2250.0,2280.0,841.795166015625,115570200.0
2020-06-12,2160.0,2410.0,2150.0,2390.0,882.4081420898438,161447100.0
2020-06-15,2400.0,2480.0,2350.0,2360.0,871.3318481445312,132252000.0
2020-06-16,2420.0,2480.0,2420.0,2440.0,900.8684692382812,99983800.0
2020-06-17,2480.0,2490.0,2420.0,2470.0,911.9446411132812,115857300.0
2020-06-18,2500.0,2510.0,2430.0,2450.0,904.5606079101562,216195200.0
2020-06-19,2280.0,2280.0,2280.0,2280.0,971.2096557617188,109431900.0
2020-06-22,2140.0,2200.0,2130.0,2130.0,907.3142700195312,207937000.0
2020-06-23,2070.0,2160.0,2030.0,2080.0,886.0157470703125,156000400.0
2020-06-24,2100.0,2160.0,2090.0,2120.0,903.0545654296875,108004000.0
2020-06-25,2080.0,2120.0,2050.0,2060.0,877.4964599609375,79582000.0
2020-06-26,2100.0,2110.0,2050.0,2060.0,877.4964599609375,48365400.0
2020-06-29,2050.0,2080.0,2010.0,2030.0,864.7174072265625,63577100.0
2020-06-30,2050.0,2070.0,2000.0,2020.0,860.457763671875,51448600.0
2020-07-01,2020.0,2090.0,1995.0,2090.0,890.2755737304688,82565200.0
2020-07-02,2110.0,2120.0,2060.0,2070.0,881.7562255859375,80132800.0
2020-07-03,2100.0,2100.0,2050.0,2050.0,873.2367553710938,31700400.0
2020-07-06,2060.0,2070.0,2040.0,2070.0,881.7562255859375,33927100.0
2020-07-07,2080.0,2090.0,2050.0,2050.0,873.2367553710938,30740100.0
2020-07-08,2050.0,2100.0,2040.0,2080.0,886.0157470703125,57910300.0
2020-07-09,2080.0,2170.0,2060.0,2100.0,894.5352783203125,129801200.0
2020-07-10,2100.0,2130.0,2060.0,2070.0,881.7562255859375,53632400.0
2020-07-13,2080.0,2170.0,2070.0,2170.0,924.35302734375,142137400.0
2020-07-14,2180.0,2200.0,2140.0,2140.0,911.5740356445312,111290100.0
2020-07-15,2190.0,2190.0,2130.0,2150.0,915.8336181640625,51534200.0
2020-07-16,2170.0,2180.0,2120.0,2120.0,903.0545654296875,31992300.0
2020-07-17,2140.0,2170.0,2110.0,2140.0,911.5740356445312,59441700.0
2020-07-20,2160.0,2160.0,2080.0,2080.0,886.0157470703125,44068400.0
2020-07-21,2080.0,2130.0,2080.0,2110.0,898.7949829101562,29396200.0
2020-07-22,2130.0,2140.0,2080.0,2080.0,886.0157470703125,31878600.0
2020-07-23,2110.0,2140.0,2090.0,2110.0,898.7949829101562,32352000.0
2020-07-24,2100.0,2120.0,2070.0,2070.0,881.7562255859375,31699900.0
2020-07-27,2080.0,2110.0,2070.0,2080.0,886.0157470703125,23222200.0
2020-07-28,2090.0,2110.0,2050.0,2080.0,886.0157470703125,30856500.0
2020-07-29,2080.0,2090.0,2050.0,2070.0,881.7562255859375,14713800.0
2020-07-30,2080.0,2090.0,2020.0,2030.0,864.7174072265625,46692000.0
2020-08-03,2030.0,2040.0,1895.0,1975.0,841.2890014648438,77529900.0
2020-08-04,2000.0,2020.0,1975.0,2010.0,856.1979370117188,53867700.0
2020-08-05,2010.0,2050.0,1995.0,2040.0,868.97705078125,30482100.0
2020-08-06,2060.0,2080.0,2040.0,2080.0,886.0157470703125,38585900.0
2020-08-07,2090.0,2090.0,2020.0,2050.0,873.2367553710938,26817300.0
2020-08-10,2050.0,2120.0,2040.0,2120.0,903.0545654296875,69697100.0
2020-08-11,2130.0,2140.0,2080.0,2100.0,894.5352783203125,37992000.0
2020-08-12,2100.0,2100.0,2050.0,2060.0,877.4964599609375,36475500.0
2020-08-13,2050.0,2080.0,2050.0,2070.0,881.7562255859375,12773500.0
2020-08-14,2080.0,2080.0,2050.0,2060.0,877.4964599609375,17210000.0
2020-08-18,2060.0,2080.0,2060.0,2080.0,886.0157470703125,19991700.0
2020-08-19,2080.0,2130.0,2070.0,2110.0,898.7949829101562,55754100.0
2020-08-24,2090.0,2120.0,2070.0,2100.0,894.5352783203125,26481700.0
2020-08-25,2100.0,2120.0,2100.0,2120.0,903.0545654296875,26816900.0
2020-08-26,2130.0,2170.0,2100.0,2130.0,907.3142700195312,45944800.0
2020-08-27,2140.0,2160.0,2110.0,2130.0,907.3142700195312,26375900.0
2020-08-28,2130.0,2160.0,2120.0,2130.0,907.3142700195312,26919000.0
2020-08-31,2150.0,2150.0,2030.0,2040.0,868.97705078125,63035800.0
2020-09-01,2050.0,2110.0,2020.0,2100.0,894.5352783203125,34663600.0
2020-09-02,2120.0,2160.0,2090.0,2150.0,915.8336181640625,43367500.0
2020-09-03,2160.0,2170.0,2120.0,2140.0,911.5740356445312,25352600.0
2020-09-04,2130.0,2130.0,2070.0,2100.0,894.5352783203125,18682000.0
2020-09-07,2100.0,2130.0,2070.0,2110.0,898.7949829101562,17178600.0
2020-09-08,2110.0,2130.0,2080.0,2080.0,886.0157470703125,19034400.0
2020-09-09,2060.0,2080.0,2020.0,2040.0,868.97705078125,27289600.0
2020-09-10,2020.0,2020.0,1900.0,1900.0,809.3413696289062,68273200.0
2020-09-11,1845.0,1975.0,1810.0,1970.0,839.1592407226562,46751800.0
2020-09-14,2000.0,2050.0,2000.0,2050.0,873.2367553710938,26702000.0
2020-09-15,2070.0,2070.0,2030.0,2050.0,873.2367553710938,28752300.0
2020-09-16,2060.0,2070.0,2030.0,2040.0,868.97705078125,13859300.0
2020-09-17,2060.0,2070.0,2000.0,2010.0,856.1979370117188,15857900.0
2020-09-18,2020.0,2040.0,2000.0,2000.0,851.938232421875,18694700.0
2020-09-21,2020.0,2040.0,2000.0,2000.0,851.938232421875,15419900.0
2020-09-22,1990.0,2010.0,1975.0,2000.0,851.938232421875,17243900.0
2020-09-23,2010.0,2030.0,1970.0,1980.0,843.4189453125,12875500.0
2020-09-24,1970.0,1980.0,1940.0,1950.0,830.639892578125,11910700.0
2020-09-25,1970.0,1995.0,1945.0,1990.0,847.6787109375,11710500.0
2020-09-28,1995.0,2010.0,1965.0,1970.0,839.1592407226562,5436200.0
2020-09-29,1990.0,2010.0,1970.0,1985.0,845.5487670898438,17340900.0
2020-09-30,1985.0,1990.0,1940.0,1970.0,839.1592407226562,11323400.0
2020-10-01,1980.0,2020.0,1970.0,2000.0,851.938232421875,9175800.0
2020-10-02,2010.0,2010.0,1950.0,1970.0,839.1592407226562,9279700.0
2020-10-05,1970.0,1990.0,1950.0,1950.0,830.639892578125,11708500.0
2020-10-06,1965.0,1975.0,1960.0,1970.0,839.1592407226562,6498000.0
2020-10-07,1970.0,1985.0,1960.0,1965.0,837.0294189453125,18221500.0
2020-10-08,1975.0,2040.0,1965.0,1990.0,847.6787109375,30616700.0
2020-10-09,1990.0,2010.0,1980.0,1985.0,845.5487670898438,11386800.0
2020-10-12,1985.0,2020.0,1980.0,2020.0,860.457763671875,15389500.0
2020-10-13,2020.0,2030.0,1985.0,2030.0,864.7174072265625,14388400.0
2020-10-14,2020.0,2070.0,2000.0,2050.0,873.2367553710938,28140300.0
2020-10-15,2060.0,2070.0,2010.0,2010.0,856.1979370117188,19485700.0
2020-10-16,2010.0,2060.0,1995.0,2050.0,873.2367553710938,26072500.0
2020-10-19,2070.0,2080.0,2040.0,2050.0,873.2367553710938,15469800.0
2020-10-20,2050.0,2060.0,2000.0,2010.0,856.1979370117188,18312400.0
2020-10-21,2010.0,2040.0,2000.0,2000.0,851.938232421875,13260800.0
2020-10-22,2000.0,2000.0,1960.0,1965.0,837.0294189453125,71860900.0
2020-10-23,1970.0,1980.0,1955.0,1960.0,834.8994750976562,22850600.0
2020-10-26,1965.0,1990.0,1965.0,1970.0,839.1592407226562,19051200.0
2020-10-27,1970.0,1985.0,1960.0,1960.0,834.8994750976562,11583500.0
2020-11-02,1960.0,1970.0,1940.0,1940.0,826.3801879882812,18159000.0
2020-11-03,1950.0,1965.0,1950.0,1950.0,830.639892578125,9393500.0
2020-11-04,1955.0,1965.0,1935.0,1935.0,824.2503662109375,16673900.0
2020-11-05,1950.0,1975.0,1945.0,1970.0,839.1592407226562,14737000.0
2020-11-06,1985.0,2010.0,1985.0,1990.0,847.6787109375,35428700.0
2020-11-09,2010.0,2040.0,2000.0,2010.0,856.1979370117188,29260700.0
2020-11-10,2050.0,2050.0,2010.0,2020.0,860.457763671875,20916700.0
2020-11-11,2040.0,2100.0,2020.0,2070.0,881.7562255859375,65778900.0
2020-11-12,2080.0,2080.0,2040.0,2040.0,868.97705078125,24822800.0
2020-11-13,2030.0,2050.0,2020.0,2040.0,868.97705078125,17436800.0
2020-11-16,2060.0,2150.0,2050.0,2130.0,907.3142700195312,61569000.0
2020-11-17,2140.0,2160.0,2110.0,2110.0,898.7949829101562,53820400.0
2020-11-18,2130.0,2140.0,2110.0,2110.0,898.7949829101562,27678900.0
2020-11-19,2110.0,2240.0,2100.0,2230.0,949.9111938476562,132673300.0
2020-11-20,2240.0,2260.0,2180.0,2190.0,932.8724975585938,72908500.0
2020-11-23,2230.0,2280.0,2220.0,2280.0,971.2096557617188,77900700.0
2020-11-24,2310.0,2340.0,2280.0,2280.0,971.2096557617188,88378800.0
2020-11-25,2320.0,2350.0,2250.0,2280.0,971.2096557617188,102632700.0
2020-11-26,2310.0,2360.0,2310.0,2360.0,1005.2872314453125,99508100.0
2020-11-27,2380.0,2420.0,2360.0,2410.0,1026.585693359375,61249600.0
2020-11-30,2440.0,2530.0,2310.0,2360.0,1005.2872314453125,192854700.0
2020-12-01,2400.0,2480.0,2320.0,2430.0,1035.10498046875,91179000.0
2020-12-02,2450.0,2470.0,2420.0,2450.0,1043.6243896484375,64008000.0
2020-12-03,2490.0,2510.0,2440.0,2440.0,1039.36474609375,61766600.0
2020-12-04,2470.0,2500.0,2430.0,2480.0,1056.4034423828125,64010900.0
2020-12-07,2530.0,2700.0,2530.0,2680.0,1141.5975341796875,156851600.0
2020-12-08,2750.0,2850.0,2700.0,2820.0,1201.2330322265625,139826000.0
2020-12-10,2850.0,2870.0,2750.0,2800.0,1192.713623046875,107887700.0
2020-12-11,2820.0,2850.0,2780.0,2810.0,1196.973388671875,59382300.0
2020-12-14,2870.0,3050.0,2870.0,3050.0,1299.2059326171875,106224600.0
2020-12-15,3060.0,3090.0,2970.0,3070.0,1307.7252197265625,92609200.0
2020-12-16,3100.0,3180.0,3100.0,3170.0,1350.3221435546875,57825600.0
2020-12-17,3170.0,3180.0,3000.0,3040.0,1294.946044921875,85604700.0
2020-12-18,3040.0,3050.0,2950.0,2980.0,1269.38818359375,72485000.0
2020-12-21,2980.0,3080.0,2920.0,3040.0,1294.946044921875,85692700.0
2020-12-22,3020.0,3030.0,2850.0,2880.0,1226.791259765625,75288800.0
2020-12-23,2880.0,2970.0,2700.0,2820.0,1201.2330322265625,81613400.0
2020-12-28,2900.0,2900.0,2830.0,2850.0,1214.01220703125,52184700.0
2020-12-29,2890.0,2940.0,2840.0,2890.0,1231.05078125,64321200.0
2020-12-30,2850.0,2880.0,2790.0,2810.0,1196.973388671875,47652800.0
2021-01-04,2810.0,2830.0,2640.0,2790.0,1188.453857421875,76884400.0
2021-01-05,2790.0,2860.0,2760.0,2770.0,1179.9344482421875,46044200.0
2021-01-06,2770.0,2770.0,2630.0,2680.0,1141.5975341796875,64679600.0
2021-01-07,2670.0,2840.0,2620.0,2820.0,1201.2330322265625,108301800.0
2021-01-08,2900.0,3000.0,2830.0,2850.0,1214.01220703125,107126400.0
2021-01-11,2930.0,2960.0,2870.0,2910.0,1239.5703125,86412200.0
2021-01-12,2910.0,2930.0,2840.0,2860.0,1218.271728515625,51911000.0
2021-01-13,2980.0,3060.0,2900.0,3040.0,1294.946044921875,162580800.0
2021-01-14,3080.0,3100.0,3000.0,3000.0,1277.9073486328125,97453500.0
2021-01-15,2980.0,3010.0,2920.0,2940.0,1252.349365234375,57645400.0
2021-01-18,2940.0,3020.0,2860.0,2950.0,1256.6090087890625,62283700.0
2021-01-19,2960.0,2980.0,2760.0,2850.0,1214.01220703125,66704700.0
2021-01-20,2840.0,2900.0,2800.0,2880.0,1226.791259765625,38652700.0
2021-01-21,2900.0,2930.0,2840.0,2860.0,1218.271728515625,29798700.0
2021-01-22,2860.0,2870.0,2720.0,2770.0,1179.9344482421875,39287300.0
2021-01-25,2770.0,2770.0,2620.0,2700.0,1150.11669921875,41122900.0
2021-01-26,2700.0,2780.0,2600.0,2760.0,1175.6748046875,78348700.0
2021-01-27,2820.0,2850.0,2650.0,2680.0,1141.5975341796875,138977300.0
2021-01-28,2670.0,2760.0,2560.0,2590.0,1103.2601318359375,107796600.0
2021-01-29,2650.0,2700.0,2480.0,2580.0,1099.00048828125,108401800.0
2021-02-01,2590.0,2630.0,2440.0,2610.0,1111.779541015625,70788300.0
2021-02-02,2620.0,2650.0,2450.0,2490.0,1060.6630859375,80881200.0
2021-02-03,2490.0,2500.0,2400.0,2410.0,1026.585693359375,87968000.0
2021-02-04,2410.0,2520.0,2400.0,2480.0,1056.4034423828125,79730000.0
2021-02-05,2520.0,2590.0,2490.0,2560.0,1090.4810791015625,72468700.0
2021-02-08,2610.0,2640.0,2580.0,2610.0,1111.779541015625,37956000.0
2021-02-09,2650.0,2650.0,2550.0,2590.0,1103.2601318359375,38755800.0
2021-02-10,2610.0,2610.0,2530.0,2550.0,1086.2213134765625,19875200.0
2021-02-11,2560.0,2610.0,2540.0,2590.0,1103.2601318359375,19691700.0
2021-02-15,2600.0,2620.0,2570.0,2600.0,1107.519775390625,18710800.0
2021-02-16,2600.0,2630.0,2570.0,2600.0,1107.519775390625,26515700.0
2021-02-17,2610.0,2630.0,2550.0,2560.0,1090.4810791015625,42563500.0
2021-02-18,2530.0,2600.0,2530.0,2560.0,1090.4810791015625,22065500.0
2021-02-19,2560.0,2570.0,2530.0,2550.0,1086.2213134765625,10726800.0
2021-02-22,2580.0,2750.0,2570.0,2740.0,1167.155517578125,117066900.0
2021-02-23,2750.0,2760.0,2700.0,2720.0,1158.6361083984375,48060500.0
2021-02-24,2720.0,2730.0,2620.0,2630.0,1120.298828125,53690300.0
2021-02-25,2680.0,2710.0,2660.0,2680.0,1141.5975341796875,37517300.0
2021-02-26,2630.0,2710.0,2600.0,2710.0,1154.3765869140625,36346300.0
2021-03-01,2740.0,2750.0,2690.0,2720.0,1158.6361083984375,23529500.0
2021-03-02,2750.0,2790.0,2730.0,2730.0,1162.895751953125,42723000.0
2021-03-03,2760.0,2760.0,2700.0,2710.0,1154.3765869140625,22092100.0
2021-03-04,2710.0,2750.0,2660.0,2710.0,1154.3765869140625,42974700.0
2021-03-05,2680.0,2710.0,2670.0,2710.0,1154.3765869140625,19286700.0
2021-03-08,2730.0,2740.0,2680.0,2680.0,1141.5975341796875,18341300.0
2021-03-09,2680.0,2700.0,2580.0,2610.0,1111.779541015625,28531500.0
2021-03-10,2650.0,2650.0,2580.0,2600.0,1107.519775390625,16141100.0
2021-03-12,2650.0,2740.0,2630.0,2730.0,1162.895751953125,45093100.0
2021-03-15,2750.0,2780.0,2720.0,2740.0,1167.155517578125,27693700.0
2021-03-16,2750.0,2760.0,2700.0,2710.0,1154.3765869140625,20082000.0
2021-03-17,2720.0,2740.0,2690.0,2710.0,1154.3765869140625,17423100.0
2021-03-18,2740.0,2770.0,2730.0,2750.0,1171.415283203125,42697500.0
2021-03-19,2750.0,2780.0,2720.0,2760.0,1175.6748046875,50493100.0
2021-03-22,2800.0,2870.0,2760.0,2770.0,1179.9344482421875,63607300.0
2021-03-23,2830.0,2840.0,2770.0,2800.0,1192.713623046875,39694200.0
2021-03-24,2780.0,2780.0,2730.0,2740.0,1167.155517578125,28610400.0
2021-03-25,2740.0,2750.0,2660.0,2690.0,1145.8570556640625,32469400.0
2021-03-26,2700.0,2720.0,2660.0,2700.0,1150.11669921875,23697000.0
2021-03-29,2700.0,2720.0,2680.0,2680.0,1141.5975341796875,14444900.0
2021-03-30,2680.0,2690.0,2620.0,2630.0,1120.298828125,29091500.0
2021-03-31,2620.0,2650.0,2590.0,2620.0,1116.0390625,24382700.0
2021-04-01,2650.0,2670.0,2620.0,2650.0,1128.8182373046875,17046300.0
2021-04-05,2680.0,2720.0,2520.0,2540.0,1081.9615478515625,72616600.0
2021-04-06,2530.0,2540.0,2440.0,2520.0,1073.4422607421875,48211800.0
2021-04-07,2540.0,2560.0,2500.0,2520.0,1073.4422607421875,22051100.0
2021-04-08,2520.0,2550.0,2510.0,2540.0,1081.9615478515625,18123700.0
2021-04-09,2540.0,2560.0,2530.0,2540.0,1081.9615478515625,12621600.0
2021-04-12,2550.0,2560.0,2440.0,2460.0,1047.884033203125,30610800.0
2021-04-13,2460.0,2490.0,2430.0,2460.0,1047.884033203125,27946200.0
2021-04-14,2400.0,2430.0,2390.0,2420.0,1063.1256103515625,29522000.0
2021-04-15,2430.0,2440.0,2360.0,2370.0,1041.1602783203125,19323000.0
2021-04-16,2380.0,2420.0,2370.0,2380.0,1045.55322265625,20695200.0
2021-04-19,2390.0,2450.0,2380.0,2420.0,1063.1256103515625,26395000.0
2021-04-20,2420.0,2440.0,2390.0,2420.0,1063.1256103515625,10846000.0
2021-04-21,2400.0,2410.0,2380.0,2390.0,1049.9462890625,10382800.0
2021-04-22,2390.0,2410.0,2340.0,2360.0,1036.76708984375,13289600.0
2021-04-23,2360.0,2410.0,2350.0,2390.0,1049.9462890625,11052800.0
2021-04-26,2380.0,2440.0,2370.0,2390.0,1049.9462890625,12495000.0
2021-04-27,2420.0,2420.0,2370.0,2390.0,1049.9462890625,8821700.0
2021-04-28,2400.0,2410.0,2380.0,2400.0,1054.3394775390625,6040200.0
2021-04-29,2420.0,2440.0,2400.0,2420.0,1063.1256103515625,10663900.0
2021-04-30,2420.0,2430.0,2360.0,2370.0,1041.1602783203125,28344800.0
2021-05-03,2350.0,2370.0,2280.0,2280.0,1001.6224365234375,30773300.0
2021-05-04,2280.0,2310.0,2270.0,2300.0,1010.4086303710938,19078000.0
2021-05-05,2300.0,2300.0,2270.0,2290.0,1006.0156860351562,9690200.0
2021-05-06,2300.0,2330.0,2290.0,2290.0,1006.0156860351562,13024900.0
2021-05-07,2300.0,2320.0,2280.0,2280.0,1001.6224365234375,11633000.0
2021-05-10,2290.0,2300.0,2250.0,2280.0,1001.6224365234375,18400000.0
2021-05-11,2280.0,2330.0,2260.0,2280.0,1001.6224365234375,24415700.0
2021-05-17,2320.0,2330.0,2250.0,2260.0,992.8362426757812,20751000.0
2021-05-18,2270.0,2280.0,2230.0,2260.0,992.8362426757812,12949900.0
2021-05-19,2270.0,2280.0,2220.0,2230.0,979.656982421875,17102600.0
2021-05-20,2230.0,2240.0,2150.0,2160.0,948.905517578125,28546300.0
2021-05-21,2190.0,2210.0,2140.0,2150.0,944.5123901367188,18400400.0
2021-05-24,2190.0,2200.0,2120.0,2120.0,931.333251953125,11103400.0
2021-05-25,2150.0,2210.0,2130.0,2190.0,962.084716796875,16105500.0
2021-05-27,2190.0,2220.0,2180.0,2180.0,957.691650390625,18092400.0
2021-05-28,2190.0,2210.0,2170.0,2190.0,962.084716796875,10980900.0
2021-05-31,2190.0,2240.0,2190.0,2210.0,970.8709716796875,11327800.0
2021-06-02,2240.0,2370.0,2230.0,2350.0,1032.3740234375,64936900.0
2021-06-03,2350.0,2350.0,2300.0,2320.0,1019.19482421875,22029200.0
2021-06-04,2300.0,2320.0,2280.0,2280.0,1001.6224365234375,12600600.0
2021-06-07,2280.0,2280.0,2220.0,2220.0,975.2639770507812,18213400.0
2021-06-08,2260.0,2280.0,2190.0,2190.0,962.084716796875,30094000.0
2021-06-09,2200.0,2240.0,2190.0,2220.0,975.2639770507812,21115000.0
2021-06-10,2240.0,2250.0,2200.0,2200.0,966.477783203125,22824900.0
2021-06-11,2230.0,2340.0,2190.0,2290.0,1006.0156860351562,76607700.0
2021-06-14,2300.0,2330.0,2260.0,2290.0,1006.0156860351562,21724800.0
2021-06-15,2290.0,2290.0,2220.0,2240.0,984.0501708984375,14850800.0
2021-06-16,2220.0,2280.0,2190.0,2260.0,992.8362426757812,30760900.0
2021-06-17,2230.0,2250.0,2200.0,2200.0,966.477783203125,21771400.0
2021-06-18,2180.0,2210.0,2110.0,2120.0,931.333251953125,37712000.0
2021-06-21,2100.0,2100.0,2050.0,2080.0,913.7608642578125,22927200.0
2021-06-22,2100.0,2120.0,2080.0,2100.0,922.5470581054688,13637600.0
2021-06-23,2110.0,2120.0,2050.0,2050.0,900.5816040039062,16552300.0
2021-06-24,2050.0,2070.0,2020.0,2030.0,891.79541015625,14156800.0
2021-06-25,2040.0,2070.0,2020.0,2030.0,891.79541015625,18516800.0
2021-06-28,2050.0,2070.0,2010.0,2010.0,883.00927734375,12391800.0
2021-06-29,2000.0,2030.0,1995.0,2000.0,878.6161499023438,13399800.0
2021-06-30,2000.0,2030.0,1995.0,2000.0,878.6161499023438,18161700.0
2021-07-01,2030.0,2050.0,2000.0,2010.0,883.00927734375,11926800.0
2021-07-02,2030.0,2120.0,2020.0,2100.0,922.5470581054688,19535700.0
2021-07-05,2110.0,2130.0,2040.0,2060.0,904.974609375,16037200.0
2021-07-06,2110.0,2170.0,2090.0,2150.0,944.5123901367188,24718600.0
2021-07-07,2130.0,2130.0,2100.0,2100.0,922.5470581054688,13590700.0
2021-07-08,2110.0,2120.0,2060.0,2070.0,909.3677368164062,11132900.0
2021-07-09,2090.0,2150.0,2060.0,2130.0,935.7262573242188,15219500.0
2021-07-12,2150.0,2160.0,2120.0,2120.0,931.333251953125,12700100.0
2021-07-13,2120.0,2140.0,2060.0,2080.0,913.7608642578125,12721100.0
2021-07-14,2080.0,2120.0,2060.0,2070.0,909.3677368164062,11271500.0
2021-07-15,2070.0,2110.0,2070.0,2100.0,922.5470581054688,7678900.0
2021-07-16,2100.0,2170.0,2100.0,2130.0,935.7262573242188,27623200.0
2021-07-19,2140.0,2160.0,2120.0,2140.0,940.1192626953125,13533600.0
2021-07-21,2140.0,2170.0,2110.0,2130.0,935.7262573242188,17241000.0
2021-07-22,2150.0,2270.0,2140.0,2250.0,988.4431762695312,44501800.0
2021-07-23,2300.0,2310.0,2220.0,2220.0,975.2639770507812,32513700.0
2021-07-26,2220.0,2270.0,2220.0,2240.0,984.0501708984375,17187000.0
2021-07-27,2260.0,2270.0,2210.0,2230.0,979.656982421875,11666700.0
2021-07-28,2230.0,2240.0,2180.0,2210.0,970.8709716796875,13950700.0
2021-07-29,2220.0,2270.0,2190.0,2240.0,984.0501708984375,20433300.0
2021-07-30,2230.0,2270.0,2200.0,2230.0,979.656982421875,19335700.0
2021-08-02,2250.0,2270.0,2210.0,2240.0,984.0501708984375,13784600.0
2021-08-03,2240.0,2240.0,2210.0,2220.0,975.2639770507812,9003000.0
2021-08-04,2250.0,2270.0,2230.0,2260.0,992.8362426757812,15136800.0
2021-08-05,2270.0,2290.0,2190.0,2190.0,962.084716796875,23635900.0
2021-08-06,2210.0,2240.0,2200.0,2220.0,975.2639770507812,11295600.0
2021-08-09,2240.0,2270.0,2200.0,2210.0,970.8709716796875,16669900.0
2021-08-10,2240.0,2260.0,2210.0,2250.0,988.4431762695312,15439200.0
2021-08-12,2270.0,2380.0,2250.0,2370.0,1041.1602783203125,53808100.0
2021-08-13,2380.0,2390.0,2310.0,2340.0,1027.9808349609375,29949200.0
2021-08-16,2350.0,2370.0,2320.0,2330.0,1023.5878295898438,18091800.0
2021-08-18,2320.0,2320.0,2240.0,2250.0,988.4431762695312,34384400.0
2021-08-19,2250.0,2270.0,2130.0,2150.0,944.5123901367188,43424500.0
2021-08-20,2150.0,2170.0,2100.0,2110.0,926.9400024414062,39361100.0
2021-08-23,2120.0,2130.0,2080.0,2100.0,922.5470581054688,53197900.0
2021-08-24,2120.0,2140.0,2070.0,2080.0,913.7608642578125,35462400.0
2021-08-25,2090.0,2110.0,2090.0,2090.0,918.1538696289062,15412100.0
2021-08-26,2100.0,2120.0,2080.0,2100.0,922.5470581054688,15548200.0
2021-08-27,2100.0,2110.0,2080.0,2080.0,913.7608642578125,11491100.0
2021-08-30,2100.0,2120.0,2090.0,2110.0,926.9400024414062,17414300.0
2021-08-31,2110.0,2120.0,2100.0,2110.0,926.9400024414062,24026300.0
2021-09-01,2150.0,2210.0,2150.0,2180.0,957.691650390625,72378300.0
2021-09-02,2200.0,2220.0,2170.0,2190.0,962.084716796875,33632700.0
2021-09-03,2200.0,2290.0,2200.0,2290.0,1006.0156860351562,57376600.0
2021-09-06,2300.0,2340.0,2290.0,2310.0,1014.8016357421875,34645400.0
2021-09-07,2320.0,2330.0,2270.0,2280.0,1001.6224365234375,18759700.0
2021-09-08,2280.0,2310.0,2250.0,2300.0,1010.4086303710938,28186200.0
2021-09-09,2300.0,2350.0,2280.0,2340.0,1027.9808349609375,41081700.0
2021-09-10,2340.0,2360.0,2310.0,2350.0,1032.3740234375,26774900.0
2021-09-13,2350.0,2350.0,2310.0,2330.0,1023.5878295898438,11547300.0
2021-09-14,2350.0,2380.0,2340.0,2370.0,1041.1602783203125,31209400.0
2021-09-15,2360.0,2430.0,2350.0,2410.0,1058.7325439453125,38499200.0
2021-09-16,2420.0,2460.0,2380.0,2410.0,1058.7325439453125,41284500.0
2021-09-17,2350.0,2370.0,2300.0,2320.0,1019.19482421875,51739300.0
2021-09-20,2320.0,2340.0,2270.0,2290.0,1006.0156860351562,17119100.0
2021-09-21,2290.0,2300.0,2230.0,2280.0,1001.6224365234375,25481900.0
2021-09-22,2290.0,2370.0,2280.0,2350.0,1032.3740234375,26238200.0
2021-09-23,2390.0,2430.0,2360.0,2420.0,1063.1256103515625,36159800.0
2021-09-24,2450.0,2510.0,2440.0,2450.0,1076.3048095703125,60322600.0
2021-09-27,2460.0,2510.0,2440.0,2460.0,1080.6978759765625,28935900.0
2021-09-28,2500.0,2640.0,2500.0,2630.0,1155.3802490234375,97944900.0
2021-09-29,2610.0,2680.0,2600.0,2640.0,1159.7733154296875,70824000.0
2021-09-30,2640.0,2790.0,2640.0,2760.0,1212.490478515625,81040500.0
2021-10-01,2760.0,2810.0,2700.0,2720.0,1194.9180908203125,84607400.0
2021-10-04,2780.0,2930.0,2780.0,2890.0,1269.6004638671875,99049500.0
2021-10-05,2950.0,3000.0,2800.0,2840.0,1247.635009765625,121685900.0
2021-10-06,2920.0,2960.0,2810.0,2840.0,1247.635009765625,99269600.0
2021-10-07,2750.0,2770.0,2660.0,2680.0,1177.3458251953125,119597200.0
2021-10-08,2690.0,2790.0,2690.0,2780.0,1221.2764892578125,62867400.0
2021-10-11,2810.0,2880.0,2780.0,2840.0,1247.635009765625,68436800.0
2021-10-12,2880.0,2890.0,2810.0,2830.0,1243.241943359375,56681900.0
2021-10-13,2830.0,2850.0,2790.0,2790.0,1225.669677734375,29495800.0
2021-10-14,2800.0,2850.0,2790.0,2820.0,1238.848876953125,36796500.0
2021-10-15,2820.0,2870.0,2800.0,2830.0,1243.241943359375,39191200.0
2021-10-18,2810.0,2880.0,2800.0,2860.0,1256.4210205078125,53083800.0
2021-10-19,2860.0,2860.0,2810.0,2820.0,1238.848876953125,34372100.0
2021-10-21,2780.0,2780.0,2670.0,2720.0,1194.9180908203125,83092500.0
2021-10-22,2560.0,2690.0,2560.0,2670.0,1172.9525146484375,46458000.0
2021-10-25,2830.0,2850.0,2720.0,2740.0,1203.7041015625,63608600.0
2021-10-26,2790.0,2830.0,2750.0,2800.0,1230.0626220703125,52184000.0
2021-10-27,2840.0,2840.0,2760.0,2780.0,1221.2764892578125,37901500.0
2021-10-28,2730.0,2730.0,2610.0,2640.0,1159.7733154296875,93386600.0
2021-10-29,2600.0,2690.0,2590.0,2680.0,1177.3458251953125,35804400.0
2021-11-01,2630.0,2720.0,2580.0,2670.0,1172.9525146484375,51187000.0
2021-11-02,2650.0,2670.0,2580.0,2600.0,1142.201171875,45731500.0
2021-11-03,2640.0,2650.0,2600.0,2640.0,1159.7733154296875,19187100.0
2021-11-04,2690.0,2710.0,2650.0,2680.0,1177.3458251953125,27267200.0
2021-11-05,2680.0,2680.0,2630.0,2650.0,1164.1666259765625,11416000.0
2021-11-08,2670.0,2700.0,2670.0,2680.0,1177.3458251953125,17516800.0
2021-11-09,2720.0,2740.0,2680.0,2680.0,1177.3458251953125,21991400.0
2021-11-10,2690.0,2690.0,2650.0,2680.0,1177.3458251953125,11782000.0
2021-11-11,2670.0,2680.0,2640.0,2680.0,1177.3458251953125,9624900.0
2021-11-12,2680.0,2700.0,2640.0,2660.0,1168.5594482421875,13547900.0
2021-11-15,2660.0,2660.0,2500.0,2510.0,1102.663330078125,58991100.0
2021-11-16,2510.0,2550.0,2500.0,2510.0,1102.663330078125,22806700.0
2021-11-17,2540.0,2560.0,2520.0,2550.0,1120.235595703125,24562900.0
2021-11-18,2550.0,2550.0,2510.0,2540.0,1115.8426513671875,10476000.0
2021-11-19,2550.0,2620.0,2530.0,2620.0,1150.9871826171875,29270100.0
2021-11-22,2620.0,2630.0,2560.0,2600.0,1142.201171875,17143100.0
2021-11-23,2670.0,2690.0,2620.0,2640.0,1159.7733154296875,21397900.0
2021-11-24,2680.0,2690.0,2650.0,2660.0,1168.5594482421875,15699500.0
2021-11-25,2690.0,2710.0,2650.0,2700.0,1186.1318359375,21725900.0
2021-11-26,2690.0,2690.0,2580.0,2600.0,1142.201171875,23076900.0
2021-11-29,2520.0,2670.0,2520.0,2660.0,1168.5594482421875,26057700.0
2021-11-30,2610.0,2640.0,2580.0,2600.0,1142.201171875,29610300.0
2021-12-01,2580.0,2650.0,2580.0,2600.0,1142.201171875,19843900.0
2021-12-02,2600.0,2760.0,2590.0,2740.0,1203.7041015625,53396300.0
2021-12-03,2740.0,2750.0,2690.0,2710.0,1190.5250244140625,15291300.0
2021-12-06,2710.0,2750.0,2690.0,2750.0,1208.09716796875,22381700.0
2021-12-07,2770.0,2800.0,2710.0,2750.0,1208.09716796875,21647800.0
2021-12-08,2750.0,2760.0,2710.0,2720.0,1194.9180908203125,15037900.0
2021-12-09,2740.0,2750.0,2710.0,2720.0,1194.9180908203125,15640600.0
2021-12-10,2720.0,2740.0,2650.0,2740.0,1203.7041015625,30834000.0
2021-12-13,2750.0,2750.0,2710.0,2710.0,1190.5250244140625,19058600.0
2021-12-14,2710.0,2730.0,2670.0,2730.0,1199.3111572265625,16520100.0
2021-12-15,2730.0,2770.0,2700.0,2700.0,1186.1318359375,34563600.0
2021-12-16,2730.0,2730.0,2660.0,2680.0,1177.3458251953125,23601400.0
2021-12-17,2700.0,2730.0,2660.0,2730.0,1199.3111572265625,17001300.0
2021-12-20,2690.0,2700.0,2650.0,2650.0,1164.1666259765625,22005300.0
2021-12-21,2660.0,2690.0,2650.0,2690.0,1181.73876953125,12443700.0
2021-12-22,2700.0,2720.0,2690.0,2700.0,1186.1318359375,18016500.0
2021-12-23,2710.0,2720.0,2680.0,2700.0,1186.1318359375,9183800.0
2021-12-24,2700.0,2740.0,2670.0,2710.0,1190.5250244140625,15486400.0
2021-12-27,2730.0,2730.0,2690.0,2700.0,1186.1318359375,6821500.0
2021-12-28,2710.0,2830.0,2700.0,2800.0,1230.0626220703125,108072700.0
2021-12-29,2800.0,2820.0,2750.0,2790.0,1225.669677734375,28686800.0
2021-12-30,2750.0,2760.0,2700.0,2710.0,1190.5250244140625,24442600.0
2022-01-03,2660.0,2680.0,2600.0,2670.0,1172.9525146484375,40712700.0
2022-01-04,2670.0,2720.0,2640.0,2700.0,1186.1318359375,27350500.0
2022-01-05,2740.0,2770.0,2710.0,2730.0,1199.3111572265625,34201700.0
2022-01-06,2710.0,2730.0,2660.0,2700.0,1186.1318359375,23256700.0
2022-01-07,2730.0,2790.0,2700.0,2790.0,1225.669677734375,69207200.0
2022-01-10,2790.0,2790.0,2740.0,2780.0,1221.2764892578125,14976200.0
2022-01-11,2850.0,2880.0,2790.0,2830.0,1243.241943359375,78645300.0
2022-01-12,2830.0,2850.0,2760.0,2760.0,1212.490478515625,19484700.0
2022-01-13,2770.0,2830.0,2770.0,2810.0,1234.4556884765625,24127600.0
2022-01-14,2830.0,2840.0,2790.0,2830.0,1243.241943359375,28433000.0
2022-01-17,2850.0,2860.0,2780.0,2810.0,1234.4556884765625,17583800.0
2022-01-18,2830.0,2830.0,2730.0,2820.0,1238.848876953125,22623300.0
2022-01-19,2820.0,2830.0,2780.0,2810.0,1234.4556884765625,12803500.0
2022-01-20,2830.0,2850.0,2800.0,2820.0,1238.848876953125,18520300.0
2022-01-21,2800.0,2830.0,2790.0,2830.0,1243.241943359375,10488600.0
2022-01-24,2830.0,2890.0,2820.0,2870.0,1260.814208984375,41539700.0
2022-01-25,2870.0,2880.0,2790.0,2810.0,1234.4556884765625,22515400.0
2022-01-26,2810.0,2870.0,2810.0,2870.0,1260.814208984375,20867000.0
2022-01-27,2860.0,2920.0,2840.0,2900.0,1273.9935302734375,47926500.0
2022-01-28,2890.0,2910.0,2860.0,2880.0,1265.207275390625,22974900.0
2022-01-31,2890.0,2890.0,2830.0,2850.0,1252.028076171875,14587800.0
2022-02-02,2850.0,2860.0,2800.0,2810.0,1234.4556884765625,16747000.0
2022-02-03,2810.0,2830.0,2750.0,2820.0,1238.848876953125,17408000.0
2022-02-04,2820.0,2820.0,2790.0,2790.0,1225.669677734375,10788200.0
2022-02-07,2800.0,2850.0,2790.0,2820.0,1238.848876953125,15870300.0
2022-02-08,2850.0,2860.0,2810.0,2840.0,1247.635009765625,12237700.0
2022-02-09,2840.0,2900.0,2820.0,2870.0,1260.814208984375,26572100.0
2022-02-10,2860.0,2890.0,2840.0,2840.0,1247.635009765625,9756900.0
2022-02-11,2830.0,2890.0,2820.0,2880.0,1265.207275390625,22618000.0
2022-02-14,2860.0,2950.0,2850.0,2910.0,1278.386474609375,44303800.0
2022-02-15,2910.0,2920.0,2890.0,2910.0,1278.386474609375,34432700.0
2022-02-16,2910.0,2920.0,2890.0,2900.0,1273.9935302734375,18397500.0
2022-02-17,2900.0,2920.0,2880.0,2900.0,1273.9935302734375,22027700.0
2022-02-18,2890.0,2940.0,2880.0,2930.0,1287.1729736328125,21449300.0
2022-02-21,2940.0,2980.0,2920.0,2940.0,1291.5657958984375,39800200.0
2022-02-22,2940.0,2970.0,2910.0,2940.0,1291.5657958984375,21463000.0
2022-02-23,2990.0,3030.0,2960.0,3010.0,1322.3175048828125,70217300.0
2022-02-24,3020.0,3170.0,2980.0,3170.0,1392.606689453125,131871800.0
2022-02-25,3200.0,3240.0,3130.0,3140.0,1379.4273681640625,73101000.0
2022-03-01,3170.0,3280.0,3170.0,3190.0,1401.392822265625,61140500.0
2022-03-02,3260.0,3290.0,3220.0,3250.0,1427.7513427734375,48840200.0
2022-03-04,3300.0,3550.0,3300.0,3540.0,1555.150634765625,99834700.0
2022-03-07,3600.0,3760.0,3560.0,3620.0,1590.29541015625,112276900.0
2022-03-08,3620.0,3620.0,3450.0,3480.0,1528.7921142578125,74669100.0
2022-03-09,3480.0,3580.0,3450.0,3540.0,1555.150634765625,44823300.0
2022-03-10,3470.0,3540.0,3360.0,3470.0,1524.399169921875,54914800.0
2022-03-11,3390.0,3540.0,3390.0,3480.0,1528.7921142578125,30616000.0
2022-03-14,3480.0,3520.0,3260.0,3310.0,1454.1097412109375,58766900.0
2022-03-15,3300.0,3400.0,3230.0,3300.0,1449.7166748046875,39740800.0
2022-03-16,3310.0,3390.0,3310.0,3380.0,1484.861328125,19332100.0
2022-03-17,3380.0,3380.0,3310.0,3320.0,1458.5029296875,12122900.0
2022-03-18,3340.0,3380.0,3190.0,3190.0,1401.392822265625,173133100.0
2022-03-21,3230.0,3270.0,3190.0,3220.0,1414.5721435546875,55014500.0
2022-03-22,3220.0,3320.0,3220.0,3300.0,1449.7166748046875,32211000.0
2022-03-23,3330.0,3340.0,3290.0,3330.0,1462.8961181640625,25727600.0
2022-03-24,3360.0,3390.0,3320.0,3350.0,1471.68212890625,26027000.0
2022-03-25,3360.0,3370.0,3310.0,3320.0,1458.5029296875,18989500.0
2022-03-28,3320.0,3440.0,3320.0,3430.0,1506.8267822265625,31588100.0
2022-03-29,3450.0,3450.0,3360.0,3370.0,1480.46826171875,33505700.0
2022-03-30,3370.0,3380.0,3260.0,3280.0,1440.9306640625,43628200.0
2022-03-31,3280.0,3340.0,3280.0,3290.0,1445.32373046875,13814700.0
2022-04-01,3290.0,3360.0,3270.0,3330.0,1462.8961181640625,20596500.0
2022-04-04,3350.0,3370.0,3330.0,3360.0,1476.0751953125,17373500.0
2022-04-05,3360.0,3480.0,3360.0,3480.0,1528.7921142578125,38725700.0
2022-04-06,3520.0,3530.0,3480.0,3490.0,1533.185302734375,60587800.0
2022-04-07,3510.0,3510.0,3440.0,3500.0,1537.578369140625,28540400.0
2022-04-08,3500.0,3600.0,3480.0,3600.0,1581.5091552734375,40875900.0
2022-04-11,3600.0,3670.0,3550.0,3550.0,1559.5435791015625,44012000.0
2022-04-12,3550.0,3570.0,3490.0,3510.0,1541.9715576171875,27267200.0
2022-04-13,3570.0,3760.0,3540.0,3760.0,1651.7984619140625,93553600.0
2022-04-14,3760.0,3790.0,3720.0,3770.0,1656.1915283203125,40945400.0
2022-04-18,3740.0,3820.0,3720.0,3760.0,1651.7984619140625,28935400.0
2022-04-19,3750.0,3780.0,3730.0,3750.0,1647.4053955078125,23595300.0
2022-04-20,3770.0,3810.0,3660.0,3700.0,1625.43994140625,43015000.0
2022-04-21,3710.0,3830.0,3710.0,3720.0,1634.2261962890625,41534000.0
2022-04-22,3710.0,3750.0,3670.0,3690.0,1621.0469970703125,21773500.0
2022-04-25,3650.0,3710.0,3610.0,3700.0,1625.43994140625,24476200.0
2022-04-26,3700.0,3720.0,3610.0,3640.0,1599.08154296875,24081900.0
2022-04-27,3620.0,3700.0,3620.0,3700.0,1625.43994140625,20516600.0
2022-04-28,3710.0,3850.0,3700.0,3820.0,1678.156982421875,47082900.0
2022-05-09,3850.0,3860.0,3690.0,3770.0,1656.1915283203125,55066700.0
2022-05-10,3660.0,3710.0,3560.0,3660.0,1607.8675537109375,89346300.0
2022-05-11,3680.0,3760.0,3680.0,3710.0,1629.8330078125,41108200.0
2022-05-12,3720.0,3770.0,3630.0,3650.0,1603.474609375,54157300.0
2022-05-13,3710.0,3830.0,3670.0,3800.0,1669.370849609375,52937900.0
2022-05-17,3850.0,4130.0,3840.0,4100.0,1801.1632080078125,108021000.0
2022-05-18,4100.0,4130.0,3920.0,4000.0,1757.2322998046875,123533500.0
2022-05-19,3940.0,3970.0,3890.0,3950.0,1735.2669677734375,47998400.0
2022-05-20,3990.0,4100.0,3980.0,4050.0,1779.1978759765625,58291500.0
2022-05-23,4100.0,4160.0,4070.0,4100.0,1801.1632080078125,71425900.0
2022-05-24,4120.0,4440.0,3920.0,4400.0,1932.95556640625,245375200.0
2022-05-25,4500.0,4520.0,4380.0,4390.0,1928.5625,142694400.0
2022-05-27,4420.0,4440.0,4390.0,4420.0,1941.741943359375,59131500.0
2022-05-30,4460.0,4540.0,4420.0,4430.0,1946.134765625,70833100.0
2022-05-31,4460.0,4540.0,4440.0,4530.0,1990.0657958984375,99567500.0
2022-06-02,4550.0,4630.0,4530.0,4550.0,1998.851806640625,137664800.0
2022-06-03,4580.0,4630.0,4540.0,4630.0,2033.996337890625,160576400.0
2022-06-06,4310.0,4310.0,4310.0,4310.0,2224.16796875,5083700.0
2022-06-07,4010.0,4100.0,4010.0,4070.0,2100.31640625,341714900.0
2022-06-08,4030.0,4060.0,4000.0,4050.0,2089.99560546875,97305700.0
2022-06-09,4050.0,4130.0,4040.0,4070.0,2100.31640625,69345500.0
2022-06-10,4050.0,4070.0,3900.0,3920.0,2022.9091796875,69686500.0
2022-06-13,3830.0,3880.0,3740.0,3870.0,1997.1068115234375,86455600.0
2022-06-14,3860.0,3910.0,3810.0,3880.0,2002.2672119140625,43898700.0
2022-06-15,3880.0,3880.0,3680.0,3680.0,1899.0576171875,69214900.0
2022-06-16,3730.0,3860.0,3720.0,3820.0,1971.304443359375,64469500.0
2022-06-17,3790.0,3790.0,3710.0,3730.0,1924.8602294921875,43960700.0
2022-06-20,3740.0,3770.0,3680.0,3730.0,1924.8602294921875,27244500.0
2022-06-21,3800.0,4070.0,3780.0,4030.0,2079.67431640625,153209600.0
2022-06-22,4050.0,4170.0,4050.0,4120.0,2126.11865234375,127231900.0
2022-06-23,4150.0,4160.0,3990.0,4090.0,2110.637451171875,64292400.0
2022-06-24,4110.0,4140.0,4080.0,4090.0,2110.637451171875,34837300.0
2022-06-27,4090.0,4090.0,3930.0,3970.0,2048.71142578125,40998500.0
2022-06-28,3990.0,4040.0,3960.0,4030.0,2079.67431640625,33674700.0
2022-06-29,4020.0,4060.0,3980.0,3990.0,2059.032470703125,24862800.0
2022-06-30,3890.0,3930.0,3790.0,3820.0,1971.304443359375,60279700.0
2022-07-01,3820.0,3880.0,3700.0,3720.0,1919.6995849609375,52894800.0
2022-07-04,3720.0,3790.0,3620.0,3680.0,1899.0576171875,50271500.0
2022-07-05,3750.0,3970.0,3750.0,3950.0,2038.390625,60671300.0
2022-07-06,3900.0,3920.0,3780.0,3860.0,1991.9462890625,26374200.0
2022-07-07,3860.0,3900.0,3800.0,3850.0,1986.785888671875,14136700.0
2022-07-08,3960.0,4010.0,3920.0,3930.0,2028.069580078125,37218100.0
2022-07-11,3940.0,3970.0,3850.0,3870.0,1997.1068115234375,11693400.0
2022-07-12,3920.0,4010.0,3890.0,3980.0,2053.872314453125,36237800.0
2022-07-13,4000.0,4050.0,3980.0,4030.0,2079.67431640625,43410200.0
2022-07-14,4020.0,4080.0,3980.0,4060.0,2095.15576171875,36588500.0
2022-07-15,4030.0,4030.0,3910.0,3940.0,2033.2301025390625,21496700.0
2022-07-18,3920.0,3940.0,3870.0,3890.0,2007.427734375,15850200.0
2022-07-19,3880.0,4020.0,3870.0,3980.0,2053.872314453125,22969200.0
2022-07-20,4020.0,4060.0,4020.0,4030.0,2079.67431640625,31963000.0
2022-07-21,4040.0,4060.0,4010.0,4020.0,2074.51416015625,8932100.0
2022-07-22,4030.0,4090.0,4000.0,4050.0,2089.99560546875,20685700.0
2022-07-25,4080.0,4120.0,4060.0,4060.0,2095.15576171875,17318700.0
2022-07-26,4090.0,4110.0,4060.0,4090.0,2110.637451171875,19512700.0
2022-07-27,4110.0,4300.0,4110.0,4270.0,2203.526123046875,77959700.0
2022-07-28,4290.0,4310.0,4180.0,4270.0,2203.526123046875,46216600.0
2022-07-29,4270.0,4350.0,4270.0,4300.0,2219.007568359375,42404400.0
2022-08-01,4300.0,4340.0,4250.0,4280.0,2208.686279296875,26438200.0
2022-08-02,4280.0,4300.0,4180.0,4190.0,2162.2421875,22471500.0
2022-08-03,4200.0,4270.0,4190.0,4230.0,2182.88427734375,18590500.0
2022-08-04,4230.0,4230.0,4100.0,4110.0,2120.958251953125,27594700.0
2022-08-05,4080.0,4150.0,4030.0,4120.0,2126.11865234375,42041100.0
2022-08-08,4100.0,4100.0,4010.0,4040.0,2084.8349609375,44836600.0
2022-08-09,4070.0,4140.0,4050.0,4070.0,2100.31640625,36672200.0
2022-08-10,4100.0,4210.0,4080.0,4170.0,2151.921142578125,44328300.0
2022-08-11,4250.0,4270.0,4140.0,4150.0,2141.600341796875,44076200.0
2022-08-12,4150.0,4180.0,4110.0,4150.0,2141.600341796875,16067100.0
2022-08-15,4150.0,4200.0,4110.0,4130.0,2131.279296875,16300500.0
2022-08-16,4130.0,4150.0,4070.0,4080.0,2105.47705078125,19514200.0
2022-08-18,4130.0,4180.0,4100.0,4130.0,2131.279296875,16799000.0
2022-08-19,4170.0,4230.0,4150.0,4210.0,2172.56298828125,29511500.0
2022-08-22,4200.0,4220.0,4080.0,4100.0,2115.7978515625,26489200.0
2022-08-23,4100.0,4280.0,4090.0,4250.0,2193.205078125,45538300.0
2022-08-24,4240.0,4340.0,4220.0,4330.0,2234.489013671875,41538600.0
2022-08-25,4330.0,4510.0,4310.0,4360.0,2249.970458984375,126329500.0
2022-08-26,4400.0,4420.0,4360.0,4360.0,2249.970458984375,40084500.0
2022-08-29,4300.0,4390.0,4260.0,4360.0,2249.970458984375,34708100.0
2022-08-30,4380.0,4430.0,4310.0,4340.0,2239.6494140625,34388600.0
2022-08-31,4320.0,4330.0,4170.0,4250.0,2193.205078125,74260800.0
2022-09-01,4250.0,4320.0,4220.0,4240.0,2188.044677734375,32141600.0
2022-09-02,4280.0,4320.0,4240.0,4260.0,2198.36572265625,27124700.0
2022-09-05,4270.0,4470.0,4270.0,4450.0,2296.414794921875,73175300.0
2022-09-06,4500.0,4530.0,4470.0,4470.0,2306.735595703125,35981300.0
2022-09-07,4460.0,4460.0,4370.0,4430.0,2286.09375,21382600.0
2022-09-08,4400.0,4400.0,4310.0,4330.0,2234.489013671875,31126800.0
2022-09-09,4330.0,4370.0,4260.0,4310.0,2224.16796875,26030100.0
2022-09-12,4340.0,4360.0,4310.0,4340.0,2239.6494140625,12531400.0
2022-09-13,4360.0,4390.0,4330.0,4370.0,2255.130859375,13358400.0
2022-09-14,4370.0,4390.0,4310.0,4360.0,2249.970458984375,17757300.0
2022-09-15,4390.0,4480.0,4380.0,4410.0,2275.772705078125,28087800.0
2022-09-16,4410.0,4420.0,4300.0,4320.0,2229.32861328125,35922800.0
2022-09-19,4320.0,4330.0,4200.0,4220.0,2177.7236328125,38555600.0
2022-09-20,4230.0,4260.0,4180.0,4200.0,2167.40283203125,25845100.0
2022-09-21,4200.0,4210.0,4160.0,4210.0,2172.56298828125,25503200.0
2022-09-22,4210.0,4350.0,4200.0,4340.0,2239.6494140625,30196900.0
2022-09-23,4320.0,4330.0,4250.0,4300.0,2219.007568359375,13667700.0
2022-09-26,4210.0,4240.0,4090.0,4150.0,2141.600341796875,50781400.0
2022-09-27,4150.0,4200.0,4140.0,4170.0,2151.921142578125,16453700.0
2022-09-28,4140.0,4200.0,4140.0,4150.0,2141.600341796875,14137400.0
2022-09-29,4160.0,4190.0,4130.0,4140.0,2136.439697265625,14467700.0
2022-09-30,4120.0,4180.0,4070.0,4170.0,2151.921142578125,18311600.0
2022-10-03,4150.0,4170.0,4130.0,4160.0,2146.7607421875,10035000.0
2022-10-04,4230.0,4240.0,4200.0,4240.0,2188.044677734375,18377000.0
2022-10-05,4250.0,4270.0,4200.0,4210.0,2172.56298828125,13327400.0
2022-10-06,4200.0,4320.0,4200.0,4230.0,2182.88427734375,29068300.0
2022-10-07,4230.0,4290.0,4230.0,4290.0,2213.84716796875,13954900.0
2022-10-10,4230.0,4240.0,4140.0,4150.0,2141.600341796875,30417100.0
2022-10-11,4160.0,4250.0,4160.0,4220.0,2177.7236328125,13346800.0
2022-10-12,4230.0,4300.0,4210.0,4260.0,2198.36572265625,23061800.0
2022-10-13,4310.0,4330.0,4250.0,4250.0,2193.205078125,30507400.0
2022-10-14,4280.0,4300.0,4230.0,4230.0,2182.88427734375,14881500.0
2022-10-17,4230.0,4270.0,4180.0,4250.0,2193.205078125,12921500.0
2022-10-18,4280.0,4280.0,3960.0,3960.0,2043.551025390625,82991500.0
2022-10-19,3720.0,3870.0,3690.0,3730.0,1924.8602294921875,181494300.0
2022-10-20,3750.0,3890.0,3750.0,3830.0,1976.46484375,142412300.0
2022-10-21,3860.0,3870.0,3790.0,3830.0,1976.46484375,33609400.0
2022-10-24,3840.0,3860.0,3780.0,3780.0,1950.6624755859375,32953300.0
2022-10-25,3780.0,3780.0,3730.0,3750.0,1935.1810302734375,31677000.0
2022-10-26,3710.0,3850.0,3710.0,3810.0,1966.1436767578125,34456500.0
2022-10-27,3850.0,3870.0,3780.0,3790.0,1955.8228759765625,52332800.0
2022-10-28,3810.0,3830.0,3780.0,3790.0,1955.8228759765625,17110100.0
2022-10-31,3810.0,3920.0,3800.0,3910.0,2017.7486572265625,61756700.0
2022-11-01,3880.0,3880.0,3740.0,3750.0,1935.1810302734375,53983400.0
2022-11-02,3750.0,3800.0,3710.0,3740.0,1930.0203857421875,38596200.0
2022-11-03,3750.0,3790.0,3720.0,3750.0,1935.1810302734375,19265200.0
2022-11-04,3760.0,3790.0,3750.0,3750.0,1935.1810302734375,23911100.0
2022-11-07,3760.0,3840.0,3760.0,3830.0,1976.46484375,20922900.0
2022-11-08,3800.0,3810.0,3760.0,3790.0,1955.8228759765625,19180800.0
2022-11-09,3780.0,3780.0,3660.0,3660.0,1888.736572265625,58128700.0
2022-11-10,3550.0,3580.0,3430.0,3470.0,1790.6875,84559700.0
2022-11-11,3470.0,3520.0,3460.0,3480.0,1795.847900390625,27996300.0
2022-11-14,3490.0,3550.0,3460.0,3480.0,1795.847900390625,27835700.0
2022-11-15,3510.0,3530.0,3470.0,3500.0,1806.1689453125,16334300.0
2022-11-16,3540.0,3560.0,3490.0,3500.0,1806.1689453125,23171500.0
2022-11-17,3500.0,3560.0,3460.0,3550.0,1831.97119140625,13789700.0
2022-11-18,3550.0,3570.0,3520.0,3550.0,1831.97119140625,11151000.0
2022-11-21,3550.0,3650.0,3550.0,3650.0,1883.576171875,21065200.0
2022-11-22,3650.0,3690.0,3630.0,3690.0,1904.2181396484375,15741500.0
2022-11-23,3690.0,3740.0,3680.0,3700.0,1909.3785400390625,11413000.0
2022-11-24,3700.0,3720.0,3680.0,3690.0,1904.2181396484375,6081200.0
2022-11-25,3690.0,3700.0,3640.0,3640.0,1878.4156494140625,6007100.0
2022-11-28,3640.0,3710.0,3640.0,3680.0,1899.0576171875,9513300.0
2022-11-29,3730.0,3770.0,3710.0,3750.0,1935.1810302734375,14829100.0
2022-11-30,3780.0,3810.0,3770.0,3800.0,1960.9835205078125,26589900.0
2022-12-01,3820.0,3850.0,3800.0,3810.0,1966.1436767578125,13035900.0
2022-12-02,3800.0,3810.0,3760.0,3770.0,1945.5018310546875,8869700.0
2022-12-05,3800.0,3800.0,3690.0,3690.0,1904.2181396484375,10447500.0
2022-12-06,3720.0,3730.0,3650.0,3660.0,1888.736572265625,10636100.0
2022-12-07,3670.0,3740.0,3670.0,3690.0,1904.2181396484375,15604000.0
2022-12-08,3700.0,3710.0,3610.0,3700.0,1909.3785400390625,12590200.0
2022-12-09,3680.0,3680.0,3610.0,3620.0,1868.0948486328125,11010300.0
2022-12-12,3620.0,3820.0,3620.0,3800.0,1960.9835205078125,24873400.0
2022-12-13,3800.0,3800.0,3720.0,3720.0,1919.6995849609375,13723700.0
2022-12-14,3760.0,3840.0,3750.0,3790.0,1955.8228759765625,21040500.0
2022-12-15,3780.0,3830.0,3760.0,3770.0,1945.5018310546875,14399200.0
2022-12-16,3750.0,3800.0,3720.0,3800.0,1960.9835205078125,15471000.0
2022-12-19,3800.0,3820.0,3780.0,3820.0,1971.304443359375,11047100.0
2022-12-20,3810.0,3820.0,3760.0,3770.0,1945.5018310546875,12167500.0
2022-12-21,3790.0,3790.0,3740.0,3760.0,1940.3414306640625,6824700.0
2022-12-22,3760.0,3800.0,3740.0,3760.0,1940.3414306640625,5661500.0
2022-12-23,3750.0,3760.0,3730.0,3740.0,1930.0203857421875,6330000.0
2022-12-26,3740.0,3750.0,3690.0,3700.0,1909.3785400390625,9093600.0
2022-12-27,3690.0,3710.0,3670.0,3690.0,1904.2181396484375,6339500.0
2022-12-28,3690.0,3710.0,3660.0,3670.0,1893.8973388671875,5923500.0
2022-12-29,3670.0,3690.0,3660.0,3670.0,1893.8973388671875,5196900.0
2022-12-30,3670.0,3700.0,3650.0,3690.0,1904.2181396484375,9279800.0
2023-01-02,3690.0,3740.0,3680.0,3690.0,1904.2181396484375,3809800.0
2023-01-03,3690.0,3740.0,3680.0,3730.0,1924.8602294921875,8567800.0
2023-01-04,3730.0,3730.0,3620.0,3620.0,1868.0948486328125,13984400.0
2023-01-05,3620.0,3630.0,3390.0,3410.0,1759.7244873046875,29603400.0
2023-01-06,3400.0,3500.0,3380.0,3430.0,1770.0455322265625,17087900.0
2023-01-09,3430.0,3450.0,3260.0,3280.0,1692.6383056640625,33010300.0
2023-01-10,3280.0,3370.0,3240.0,3360.0,1733.922119140625,17511900.0
2023-01-11,3380.0,3410.0,3310.0,3400.0,1754.5640869140625,11056600.0
2023-01-12,3360.0,3380.0,3330.0,3330.0,1718.4407958984375,10809700.0
2023-01-13,3330.0,3360.0,3320.0,3330.0,1718.4407958984375,6907600.0
2023-01-16,3320.0,3350.0,3300.0,3320.0,1713.2802734375,6438200.0
2023-01-17,3310.0,3390.0,3300.0,3350.0,1728.7615966796875,8112900.0
2023-01-18,3360.0,3460.0,3360.0,3410.0,1759.7244873046875,10347000.0
2023-01-19,3410.0,3490.0,3410.0,3490.0,1801.0084228515625,9464800.0
2023-01-20,3500.0,3570.0,3480.0,3570.0,1842.292236328125,12454900.0
2023-01-24,3560.0,3560.0,3510.0,3540.0,1826.8109130859375,12646500.0
2023-01-25,3540.0,3540.0,3480.0,3480.0,1795.847900390625,9716900.0
2023-01-26,3440.0,3440.0,3360.0,3390.0,1749.4036865234375,16932400.0
2023-01-27,3430.0,3480.0,3420.0,3470.0,1790.6875,12588300.0
2023-01-30,3470.0,3540.0,3430.0,3450.0,1780.366455078125,8147600.0
2023-01-31,3420.0,3480.0,3400.0,3400.0,1754.5640869140625,16209800.0
2023-02-01,3400.0,3430.0,3360.0,3380.0,1744.2430419921875,13751700.0
2023-02-02,3390.0,3420.0,3370.0,3420.0,1764.885009765625,12761100.0
2023-02-03,3390.0,3400.0,3320.0,3330.0,1718.4407958984375,17534100.0
2023-02-06,3330.0,3350.0,3250.0,3260.0,1682.3172607421875,31840600.0
2023-02-07,3340.0,3470.0,3330.0,3470.0,1790.6875,34808600.0
2023-02-08,3500.0,3530.0,3420.0,3490.0,1801.0084228515625,15272900.0
2023-02-09,3450.0,3490.0,3400.0,3480.0,1795.847900390625,15367900.0
2023-02-10,3430.0,3430.0,3350.0,3370.0,1739.0826416015625,20199900.0
2023-02-13,3400.0,3440.0,3360.0,3370.0,1739.0826416015625,12384800.0
2023-02-14,3370.0,3430.0,3360.0,3400.0,1754.5640869140625,7805600.0
2023-02-15,3400.0,3510.0,3400.0,3440.0,1775.2059326171875,18276700.0
2023-02-16,3450.0,3520.0,3430.0,3510.0,1811.32958984375,13802700.0
2023-02-17,3490.0,3500.0,3470.0,3490.0,1801.0084228515625,8531200.0
2023-02-20,3490.0,3580.0,3470.0,3570.0,1842.292236328125,11345300.0
2023-02-21,3580.0,3580.0,3520.0,3520.0,1816.48974609375,5918800.0
2023-02-22,3550.0,3590.0,3510.0,3540.0,1826.8109130859375,6890700.0
2023-02-23,3560.0,3610.0,3540.0,3560.0,1837.1318359375,8374700.0
2023-02-24,3600.0,3680.0,3570.0,3660.0,1888.736572265625,15629200.0
2023-02-27,3710.0,3780.0,3700.0,3730.0,1924.8602294921875,17146400.0
2023-02-28,3730.0,3870.0,3730.0,3860.0,1991.9462890625,36876800.0
2023-03-01,3860.0,3900.0,3860.0,3880.0,2002.2672119140625,19526100.0
2023-03-02,3880.0,4000.0,3820.0,4000.0,2064.19287109375,36403900.0
2023-03-03,4010.0,4020.0,3940.0,4010.0,2069.353515625,24567900.0
2023-03-06,4000.0,4000.0,3900.0,3990.0,2059.032470703125,19550700.0
2023-03-07,3950.0,3970.0,3830.0,3830.0,1976.46484375,24036800.0
2023-03-08,3790.0,3890.0,3770.0,3860.0,1991.9462890625,22532000.0
2023-03-09,3860.0,3940.0,3860.0,3940.0,2033.2301025390625,23742100.0
2023-03-10,3940.0,3940.0,3880.0,3890.0,2007.427734375,12200200.0
2023-03-13,3890.0,3930.0,3860.0,3930.0,2028.069580078125,16218900.0
2023-03-14,3920.0,3920.0,3830.0,3830.0,1976.46484375,23028400.0
2023-03-15,3850.0,3880.0,3810.0,3810.0,1966.1436767578125,11839300.0
2023-03-16,3790.0,3820.0,3640.0,3650.0,1883.576171875,28905300.0
2023-03-17,3660.0,3880.0,3660.0,3880.0,2002.2672119140625,144938200.0
2023-03-20,3810.0,3840.0,3760.0,3830.0,1976.46484375,13420800.0
2023-03-21,3810.0,3810.0,3750.0,3750.0,1935.1810302734375,9262600.0
2023-03-24,3770.0,3800.0,3710.0,3710.0,1914.5389404296875,11071300.0
2023-03-27,3730.0,3770.0,3700.0,3700.0,1909.3785400390625,11044100.0
2023-03-28,3740.0,3840.0,3710.0,3810.0,1966.1436767578125,20342500.0
2023-03-29,3860.0,3960.0,3830.0,3910.0,2017.7486572265625,27957300.0
2023-03-30,3920.0,3950.0,3850.0,3870.0,1997.1068115234375,16050300.0
2023-03-31,3870.0,3990.0,3870.0,3990.0,2059.032470703125,22278900.0
2023-04-03,4000.0,4060.0,3990.0,4040.0,2084.8349609375,31523300.0
2023-04-04,4090.0,4150.0,4050.0,4100.0,2115.7978515625,25067200.0
2023-04-05,4100.0,4100.0,4050.0,4070.0,2100.31640625,12105400.0
2023-04-06,4060.0,4090.0,4030.0,4030.0,2079.67431640625,9000200.0
2023-04-10,4030.0,4050.0,3930.0,3960.0,2043.551025390625,13363600.0
2023-04-11,3960.0,4010.0,3950.0,3980.0,2053.872314453125,12151300.0
2023-04-12,3990.0,3990.0,3920.0,3920.0,2022.9091796875,16002900.0
2023-04-13,3940.0,4060.0,3940.0,3980.0,2053.872314453125,21928200.0
2023-04-14,3980.0,4030.0,3930.0,3970.0,2048.71142578125,18329300.0
2023-04-17,3970.0,4000.0,3940.0,3950.0,2038.390625,14543500.0
2023-04-18,3950.0,4080.0,3950.0,4040.0,2084.8349609375,22457900.0
2023-04-26,4040.0,4140.0,4040.0,4140.0,2136.439697265625,35310300.0
2023-04-27,4140.0,4140.0,4110.0,4130.0,2131.279296875,10775200.0
2023-04-28,4130.0,4200.0,4120.0,4140.0,2136.439697265625,18429100.0
2023-05-02,3860.0,3860.0,3860.0,3860.0,1991.9462890625,14301100.0
2023-05-03,3590.0,3590.0,3590.0,3590.0,1852.6131591796875,24435700.0
2023-05-04,3510.0,3610.0,3390.0,3410.0,1759.7244873046875,125846600.0
2023-05-05,3400.0,3400.0,3310.0,3360.0,1733.922119140625,53580000.0
2023-05-08,3380.0,3520.0,3380.0,3490.0,1801.0084228515625,41505500.0
2023-05-09,3510.0,3520.0,3470.0,3490.0,1801.0084228515625,17810800.0
2023-05-10,3490.0,3540.0,3480.0,3490.0,1801.0084228515625,13856500.0
2023-05-11,3500.0,3510.0,3420.0,3440.0,1775.2059326171875,18151200.0
2023-05-12,3440.0,3460.0,3400.0,3400.0,1754.5640869140625,13302600.0
2023-05-15,3400.0,3460.0,3380.0,3410.0,1759.7244873046875,12768700.0
2023-05-16,3430.0,3450.0,3340.0,3370.0,1739.0826416015625,14421100.0
2023-05-17,3370.0,3370.0,3250.0,3270.0,1687.477783203125,37555700.0
2023-05-19,3250.0,3250.0,3100.0,3120.0,1610.0706787109375,43420000.0
2023-05-22,3140.0,3220.0,3140.0,3160.0,1630.7125244140625,33256500.0
2023-05-23,3160.0,3250.0,3150.0,3150.0,1625.552001953125,23083500.0
2023-05-24,3150.0,3190.0,3110.0,3110.0,1604.91015625,16240300.0
2023-05-25,3050.0,3090.0,3010.0,3010.0,1553.3052978515625,40149100.0
2023-05-26,3000.0,3060.0,2930.0,2940.0,1517.181884765625,30321200.0
2023-05-29,2980.0,2980.0,2840.0,2960.0,1527.5029296875,36353800.0
2023-05-30,2960.0,3120.0,2930.0,3090.0,1594.589111328125,31065600.0
2023-05-31,3040.0,3100.0,2990.0,3060.0,1579.107666015625,30729400.0
2023-06-05,3090.0,3170.0,3080.0,3150.0,1625.552001953125,22083900.0
2023-06-06,3240.0,3300.0,3200.0,3280.0,1692.6383056640625,41069800.0
2023-06-07,3260.0,3260.0,3170.0,3190.0,1646.1939697265625,35833900.0
2023-06-08,3230.0,3310.0,3210.0,3300.0,1702.959228515625,26853300.0
2023-06-09,3320.0,3390.0,3270.0,3380.0,1744.2430419921875,28242500.0
2023-06-12,3390.0,3540.0,3390.0,3530.0,1821.650390625,44733700.0
2023-06-13,3520.0,3550.0,3460.0,3490.0,1801.0084228515625,51190800.0
2023-06-14,3510.0,3530.0,3440.0,3480.0,1795.847900390625,44344200.0
2023-06-15,3490.0,3640.0,3460.0,3630.0,1873.255126953125,97154700.0
2023-06-16,4000.0,4060.0,3820.0,3820.0,1971.304443359375,284014900.0
2023-06-19,3820.0,3870.0,3770.0,3790.0,1955.8228759765625,63449900.0
2023-06-20,3810.0,3870.0,3810.0,3850.0,1986.785888671875,62961300.0
2023-06-21,3870.0,3880.0,3840.0,3850.0,1986.785888671875,61158000.0
2023-06-22,3850.0,3870.0,3750.0,3780.0,1950.6624755859375,111652300.0
2023-06-23,3780.0,3810.0,3680.0,3700.0,1909.3785400390625,225347500.0
2023-06-26,3150.0,3150.0,3150.0,3150.0,2308.00390625,4857300.0
2023-06-27,2680.0,2680.0,2680.0,2680.0,1963.635009765625,64168100.0
2023-07-03,2670.0,2750.0,2660.0,2720.0,1992.9429931640625,116625000.0
2023-07-04,2730.0,2750.0,2720.0,2730.0,2000.27001953125,33908200.0
2023-07-05,2740.0,2810.0,2740.0,2780.0,2036.9051513671875,47096400.0
2023-07-06,2790.0,2830.0,2790.0,2810.0,2058.885986328125,33725200.0
2023-07-07,2800.0,2800.0,2760.0,2770.0,2029.578125,26853600.0
2023-07-10,2770.0,2800.0,2770.0,2780.0,2036.9051513671875,20234400.0
2023-07-11,2770.0,2770.0,2730.0,2760.0,2022.2510986328125,24286200.0
2023-07-12,2760.0,2760.0,2730.0,2730.0,2000.27001953125,26430800.0
2023-07-13,2720.0,2740.0,2710.0,2740.0,2007.5970458984375,16924300.0
2023-07-14,2740.0,2790.0,2740.0,2770.0,2029.578125,22841800.0
2023-07-17,2790.0,2810.0,2780.0,2790.0,2044.23193359375,20966500.0
2023-07-18,2790.0,2800.0,2750.0,2750.0,2014.923828125,17228700.0
2023-07-20,2770.0,2790.0,2760.0,2770.0,2029.578125,9100600.0
2023-07-21,2780.0,2800.0,2770.0,2790.0,2044.23193359375,16007800.0
2023-07-24,2820.0,2880.0,2800.0,2880.0,2110.175048828125,52006600.0
2023-07-25,2890.0,2910.0,2840.0,2850.0,2088.194091796875,51691700.0
2023-07-26,2860.0,2890.0,2850.0,2880.0,2110.175048828125,25935800.0
2023-07-27,2880.0,2880.0,2830.0,2830.0,2073.5400390625,19828800.0
2023-07-28,2820.0,2820.0,2760.0,2800.0,2051.558837890625,15406900.0
2023-07-31,2790.0,2820.0,2760.0,2770.0,2029.578125,25251600.0
2023-08-01,2770.0,2790.0,2730.0,2730.0,2000.27001953125,23270900.0
2023-08-02,2730.0,2760.0,2720.0,2740.0,2007.5970458984375,13498100.0
2023-08-03,2740.0,2760.0,2730.0,2740.0,2007.5970458984375,8719400.0
2023-08-04,2760.0,2810.0,2760.0,2780.0,2036.9051513671875,17940600.0
2023-08-07,2780.0,2790.0,2760.0,2770.0,2029.578125,8800700.0
2023-08-08,2780.0,2800.0,2760.0,2770.0,2029.578125,12299300.0
2023-08-09,2770.0,2800.0,2760.0,2780.0,2036.9051513671875,12224700.0
2023-08-10,2800.0,2820.0,2780.0,2790.0,2044.23193359375,13118900.0
2023-08-11,2800.0,2800.0,2770.0,2770.0,2029.578125,9851300.0
2023-08-14,2770.0,2790.0,2750.0,2780.0,2036.9051513671875,11758100.0
2023-08-15,2780.0,2810.0,2770.0,2790.0,2044.23193359375,15620300.0
2023-08-16,2800.0,2800.0,2770.0,2770.0,2029.578125,8650100.0
2023-08-18,2780.0,2820.0,2770.0,2790.0,2044.23193359375,21852700.0
2023-08-21,2800.0,2820.0,2790.0,2800.0,2051.558837890625,19218000.0
2023-08-22,2810.0,2990.0,2810.0,2990.0,2190.77197265625,116091200.0
2023-08-23,3010.0,3070.0,3010.0,3020.0,2212.7529296875,64887800.0
2023-08-24,3000.0,3020.0,2950.0,2950.0,2161.4638671875,35075400.0
2023-08-25,2940.0,2950.0,2880.0,2910.0,2132.156005859375,19594600.0
2023-08-28,2930.0,2980.0,2930.0,2970.0,2176.117919921875,17600500.0
2023-08-29,3000.0,3010.0,2960.0,2960.0,2168.791015625,25740000.0
2023-08-30,2930.0,2940.0,2880.0,2910.0,2132.156005859375,26862600.0
2023-08-31,2900.0,2900.0,2850.0,2860.0,2095.52099609375,17422300.0
2023-09-01,2860.0,2890.0,2850.0,2880.0,2110.175048828125,9102500.0
2023-09-04,2880.0,2960.0,2880.0,2920.0,2139.48291015625,24017100.0
2023-09-05,2920.0,2960.0,2900.0,2930.0,2146.81005859375,21273000.0
2023-09-06,2950.0,3000.0,2940.0,2990.0,2190.77197265625,40392900.0
2023-09-07,2970.0,2980.0,2920.0,2920.0,2139.48291015625,23288700.0
2023-09-08,2910.0,2960.0,2910.0,2930.0,2146.81005859375,12325600.0
2023-09-11,2940.0,2950.0,2880.0,2880.0,2110.175048828125,16394900.0
2023-09-12,2890.0,2910.0,2870.0,2870.0,2102.847900390625,10707800.0
2023-09-13,2890.0,2900.0,2830.0,2830.0,2073.5400390625,22179100.0
2023-09-14,2860.0,2910.0,2860.0,2890.0,2117.502197265625,19874100.0
2023-09-15,2890.0,2900.0,2850.0,2850.0,2088.194091796875,15248700.0
2023-09-18,2850.0,2880.0,2830.0,2840.0,2080.866943359375,9005200.0
2023-09-19,2850.0,2900.0,2800.0,2880.0,2110.175048828125,24105700.0
2023-09-20,2880.0,2930.0,2860.0,2870.0,2102.847900390625,22569600.0
2023-09-21,2870.0,2870.0,2810.0,2820.0,2066.213134765625,26347700.0
2023-09-22,2800.0,2870.0,2780.0,2860.0,2095.52099609375,15150600.0
2023-09-25,2870.0,2890.0,2840.0,2850.0,2088.194091796875,11448200.0
2023-09-26,2870.0,2870.0,2800.0,2810.0,2058.885986328125,12175400.0
2023-09-27,2810.0,2840.0,2790.0,2800.0,2051.558837890625,16730500.0
2023-09-29,2810.0,2820.0,2790.0,2800.0,2051.558837890625,13238700.0
2023-10-02,2810.0,2830.0,2790.0,2800.0,2051.558837890625,10995500.0
2023-10-03,2800.0,2810.0,2740.0,2740.0,2007.5970458984375,29890100.0
2023-10-04,2710.0,2720.0,2680.0,2690.0,1970.9620361328125,27672800.0
2023-10-05,2680.0,2710.0,2650.0,2660.0,1948.981201171875,22059800.0
2023-10-06,2660.0,2690.0,2640.0,2660.0,1948.981201171875,15054100.0
2023-10-09,2690.0,2740.0,2680.0,2720.0,1992.9429931640625,17938500.0
2023-10-10,2750.0,2780.0,2740.0,2750.0,2014.923828125,16467200.0
2023-10-11,2780.0,2780.0,2700.0,2740.0,2007.5970458984375,14138600.0
2023-10-12,2740.0,2760.0,2700.0,2710.0,1985.6160888671875,6972300.0
2023-10-13,2740.0,2740.0,2690.0,2690.0,1970.9620361328125,9031100.0
2023-10-16,2700.0,2740.0,2700.0,2710.0,1985.6160888671875,10559400.0
2023-10-17,2710.0,2740.0,2710.0,2720.0,1992.9429931640625,4603300.0
2023-10-18,2720.0,2750.0,2700.0,2720.0,1992.9429931640625,8393100.0
2023-10-19,2730.0,2730.0,2680.0,2690.0,1970.9620361328125,10048500.0
2023-10-20,2700.0,2720.0,2670.0,2720.0,1992.9429931640625,8034000.0
2023-10-23,2720.0,2720.0,2650.0,2660.0,1948.981201171875,15562700.0
2023-10-24,2660.0,2690.0,2660.0,2670.0,1956.30810546875,4910200.0
2023-10-25,2670.0,2710.0,2660.0,2690.0,1970.9620361328125,7822600.0
2023-10-26,2690.0,2700.0,2640.0,2660.0,1948.981201171875,8877200.0
2023-10-27,2660.0,2680.0,2650.0,2660.0,1948.981201171875,3865600.0
2023-10-30,2660.0,2680.0,2590.0,2590.0,1897.692138671875,13971700.0
2023-10-31,2510.0,2540.0,2450.0,2480.0,1817.09521484375,35009600.0
2023-11-01,2460.0,2470.0,2350.0,2360.0,1729.171142578125,29746200.0
2023-11-02,2360.0,2410.0,2360.0,2380.0,1743.8251953125,14768500.0
2023-11-03,2390.0,2420.0,2380.0,2390.0,1751.1522216796875,15475300.0
2023-11-06,2400.0,2420.0,2390.0,2400.0,1758.4791259765625,10389400.0
2023-11-07,2400.0,2410.0,2350.0,2360.0,1729.171142578125,11316700.0
2023-11-08,2360.0,2370.0,2310.0,2330.0,1707.190185546875,10537000.0
2023-11-09,2350.0,2370.0,2330.0,2350.0,1721.84423828125,9197100.0
2023-11-10,2350.0,2370.0,2340.0,2340.0,1714.5172119140625,5557200.0
2023-11-13,2340.0,2370.0,2340.0,2360.0,1729.171142578125,6214200.0
2023-11-14,2360.0,2400.0,2360.0,2390.0,1751.1522216796875,6851600.0
2023-11-15,2400.0,2430.0,2400.0,2400.0,1758.4791259765625,7956100.0
2023-11-16,2400.0,2410.0,2370.0,2380.0,1743.8251953125,4847000.0
2023-11-17,2380.0,2410.0,2380.0,2400.0,1758.4791259765625,4944200.0
2023-11-20,2400.0,2440.0,2400.0,2420.0,1773.1331787109375,5072600.0
2023-11-21,2420.0,2440.0,2410.0,2430.0,1780.460205078125,4335600.0
2023-11-22,2440.0,2490.0,2420.0,2420.0,1773.1331787109375,8969300.0
2023-11-23,2420.0,2440.0,2400.0,2430.0,1780.460205078125,3260600.0
2023-11-24,2440.0,2480.0,2440.0,2460.0,1802.4410400390625,5179400.0
2023-11-27,2460.0,2480.0,2440.0,2440.0,1787.787109375,7940300.0
2023-11-28,2450.0,2470.0,2440.0,2440.0,1787.787109375,4994200.0
2023-11-29,2450.0,2460.0,2420.0,2420.0,1773.1331787109375,5818000.0
2023-11-30,2420.0,2440.0,2410.0,2420.0,1773.1331787109375,6078200.0
2023-12-01,2440.0,2450.0,2430.0,2430.0,1780.460205078125,6114400.0
2023-12-04,2450.0,2470.0,2440.0,2460.0,1802.4410400390625,7547600.0
2023-12-05,2470.0,2470.0,2420.0,2420.0,1773.1331787109375,5829600.0
2023-12-06,2420.0,2440.0,2400.0,2410.0,1765.80615234375,7407000.0
2023-12-07,2410.0,2440.0,2400.0,2420.0,1773.1331787109375,9757500.0
2023-12-08,2440.0,2440.0,2410.0,2410.0,1765.80615234375,10357500.0
2023-12-11,2420.0,2440.0,2360.0,2370.0,1736.498291015625,11896500.0
2023-12-12,2380.0,2400.0,2340.0,2350.0,1721.84423828125,9805900.0
2023-12-13,2350.0,2350.0,2300.0,2300.0,1685.209228515625,10745300.0
2023-12-14,2300.0,2340.0,2300.0,2310.0,1692.5361328125,6876400.0
2023-12-15,2320.0,2410.0,2310.0,2310.0,1692.5361328125,23165500.0
2023-12-18,2320.0,2360.0,2310.0,2330.0,1707.190185546875,11128000.0
2023-12-19,2340.0,2370.0,2330.0,2370.0,1736.498291015625,7665600.0
2023-12-20,2370.0,2410.0,2350.0,2360.0,1729.171142578125,9858700.0
2023-12-21,2370.0,2390.0,2350.0,2380.0,1743.8251953125,6161100.0
2023-12-22,2390.0,2410.0,2380.0,2400.0,1758.4791259765625,7311600.0
2023-12-27,2400.0,2450.0,2400.0,2440.0,1787.787109375,10653600.0
2023-12-28,2440.0,2470.0,2440.0,2460.0,1802.4410400390625,8040000.0
2023-12-29,2470.0,2470.0,2430.0,2440.0,1787.787109375,8144200.0
2024-01-02,2440.0,2550.0,2440.0,2530.0,1853.7301025390625,20588900.0
2024-01-03,2520.0,2540.0,2480.0,2530.0,1853.7301025390625,15782700.0
2024-01-04,2540.0,2690.0,2540.0,2650.0,1941.6541748046875,36304400.0
2024-01-05,2650.0,2700.0,2650.0,2660.0,1948.981201171875,20780900.0
2024-01-08,2660.0,2680.0,2620.0,2630.0,1927.0,14404100.0
2024-01-09,2640.0,2650.0,2590.0,2630.0,1927.0,12085800.0
2024-01-10,2640.0,2660.0,2620.0,2650.0,1941.6541748046875,10351400.0
2024-01-11,2650.0,2650.0,2610.0,2620.0,1919.673095703125,6832800.0
2024-01-12,2620.0,2650.0,2610.0,2640.0,1934.3270263671875,7291900.0
2024-01-15,2650.0,2720.0,2650.0,2710.0,1985.6160888671875,20575200.0
2024-01-16,2720.0,2720.0,2680.0,2700.0,1978.2890625,9765000.0
2024-01-17,2700.0,2720.0,2660.0,2660.0,1948.981201171875,12819400.0
2024-01-18,2660.0,2660.0,2620.0,2640.0,1934.3270263671875,8669100.0
2024-01-19,2650.0,2650.0,2610.0,2620.0,1919.673095703125,6349700.0
2024-01-22,2610.0,2630.0,2550.0,2550.0,1868.3841552734375,15847200.0
2024-01-23,2550.0,2590.0,2520.0,2540.0,1861.0572509765625,8693800.0
2024-01-24,2560.0,2580.0,2500.0,2510.0,1839.076171875,7820000.0
2024-01-25,2510.0,2580.0,2510.0,2570.0,1883.0380859375,9744300.0
2024-01-26,2600.0,2600.0,2540.0,2570.0,1883.0380859375,5259500.0
2024-01-29,2570.0,2590.0,2560.0,2570.0,1883.0380859375,5576600.0
2024-01-30,2560.0,2610.0,2540.0,2590.0,1897.692138671875,8538000.0
2024-01-31,2610.0,2660.0,2600.0,2610.0,1912.3460693359375,14814000.0
2024-02-01,2610.0,2610.0,2560.0,2560.0,1875.711181640625,12264200.0
2024-02-02,2560.0,2580.0,2540.0,2540.0,1861.0572509765625,6281100.0
2024-02-05,2550.0,2590.0,2540.0,2540.0,1861.0572509765625,8566700.0
2024-02-06,2550.0,2570.0,2540.0,2560.0,1875.711181640625,8824400.0
2024-02-07,2560.0,2610.0,2560.0,2610.0,1912.3460693359375,6168100.0
2024-02-12,2610.0,2660.0,2610.0,2650.0,1941.6541748046875,11854100.0
2024-02-13,2650.0,2660.0,2630.0,2640.0,1934.3270263671875,5620100.0
2024-02-15,2660.0,2700.0,2650.0,2660.0,1948.981201171875,10671400.0
2024-02-16,2680.0,2690.0,2650.0,2680.0,1963.635009765625,13090200.0
2024-02-19,2680.0,2690.0,2650.0,2690.0,1970.9620361328125,10044100.0
2024-02-20,2690.0,2690.0,2640.0,2640.0,1934.3270263671875,9295000.0
2024-02-21,2640.0,2640.0,2600.0,2610.0,1912.3460693359375,7854800.0
2024-02-22,2610.0,2650.0,2600.0,2630.0,1927.0,6881000.0
2024-02-23,2630.0,2640.0,2610.0,2630.0,1927.0,3933700.0
2024-02-26,2640.0,2640.0,2580.0,2580.0,1890.364990234375,11071200.0
2024-02-27,2600.0,2610.0,2590.0,2590.0,1897.692138671875,5649800.0
2024-02-28,2600.0,2630.0,2600.0,2620.0,1919.673095703125,4858100.0
2024-02-29,2620.0,2630.0,2560.0,2560.0,1875.711181640625,16546000.0
2024-03-01,2590.0,2610.0,2570.0,2580.0,1890.364990234375,8631800.0
2024-03-04,2590.0,2690.0,2590.0,2690.0,1970.9620361328125,27146000.0
2024-03-05,2740.0,2800.0,2740.0,2740.0,2007.5970458984375,69921100.0
2024-03-06,2760.0,2790.0,2730.0,2780.0,2036.9051513671875,27998700.0
2024-03-07,2780.0,2840.0,2750.0,2840.0,2080.866943359375,30004000.0
2024-03-08,2840.0,2900.0,2810.0,2900.0,2124.828857421875,34845300.0
2024-03-13,2900.0,2900.0,2800.0,2800.0,2051.558837890625,33678100.0
2024-03-14,2800.0,2890.0,2800.0,2880.0,2110.175048828125,31781000.0
2024-03-15,2890.0,2940.0,2840.0,2840.0,2080.866943359375,49866500.0
2024-03-18,2860.0,2880.0,2840.0,2850.0,2088.194091796875,12802300.0
2024-03-19,2850.0,2930.0,2850.0,2930.0,2146.81005859375,21766300.0
2024-03-20,2920.0,2930.0,2890.0,2890.0,2117.502197265625,14828300.0
2024-03-21,2900.0,2980.0,2900.0,2950.0,2161.4638671875,26602900.0
2024-03-22,2950.0,2980.0,2940.0,2940.0,2154.136962890625,15643300.0
2024-03-25,2950.0,2950.0,2900.0,2930.0,2146.81005859375,13402300.0
2024-03-26,2950.0,2950.0,2900.0,2940.0,2154.136962890625,13218400.0
2024-03-27,2940.0,2960.0,2940.0,2950.0,2161.4638671875,12763000.0
2024-03-28,2970.0,2990.0,2950.0,2970.0,2176.117919921875,24637300.0
2024-04-01,2970.0,2970.0,2850.0,2890.0,2117.502197265625,32364300.0
2024-04-02,2890.0,2920.0,2860.0,2920.0,2139.48291015625,16327900.0
2024-04-03,2920.0,2950.0,2900.0,2920.0,2139.48291015625,17802900.0
2024-04-04,2910.0,2940.0,2880.0,2930.0,2146.81005859375,9335400.0
2024-04-05,2930.0,2940.0,2910.0,2930.0,2146.81005859375,9068600.0
2024-04-16,2940.0,3130.0,2930.0,3100.0,2271.36865234375,58080000.0
2024-04-17,3120.0,3160.0,3060.0,3090.0,2264.0419921875,36783600.0
2024-04-18,3100.0,3130.0,3030.0,3130.0,2293.349853515625,26810000.0
2024-04-19,3130.0,3150.0,3090.0,3140.0,2300.6767578125,22919300.0
2024-04-22,3140.0,3150.0,3060.0,3080.0,2256.715087890625,19618600.0
2024-04-23,3080.0,3090.0,3050.0,3060.0,2242.06103515625,8395600.0
2024-04-24,3080.0,3100.0,2870.0,2960.0,2168.791015625,31018500.0
2024-04-25,2960.0,2960.0,2870.0,2890.0,2117.502197265625,23582700.0
2024-04-26,2900.0,2940.0,2880.0,2880.0,2110.175048828125,11557400.0
2024-04-29,2900.0,3000.0,2860.0,3000.0,2198.09912109375,11267600.0
2024-04-30,3000.0,3030.0,2980.0,3030.0,2220.079833984375,14322600.0
2024-05-02,2760.0,2920.0,2750.0,2890.0,2117.502197265625,45398700.0
2024-05-03,2910.0,2950.0,2890.0,2930.0,2146.81005859375,15044700.0
2024-05-06,2940.0,2950.0,2910.0,2930.0,2146.81005859375,14822200.0
2024-05-07,2940.0,2950.0,2870.0,2880.0,2110.175048828125,19836200.0
2024-05-08,2900.0,3020.0,2790.0,2930.0,2146.81005859375,89508200.0
2024-05-13,2950.0,2970.0,2910.0,2930.0,2146.81005859375,20604500.0
2024-05-14,2940.0,2960.0,2920.0,2920.0,2139.48291015625,22326100.0
2024-05-15,2940.0,2950.0,2900.0,2910.0,2132.156005859375,16338100.0
2024-05-16,2920.0,2930.0,2900.0,2930.0,2146.81005859375,21537000.0
2024-05-17,2930.0,2950.0,2910.0,2920.0,2139.48291015625,30769200.0
2024-05-20,2930.0,2960.0,2910.0,2930.0,2146.81005859375,72080600.0
2024-05-21,2550.0,2640.0,2530.0,2570.0,2178.781494140625,61531400.0
2024-05-22,2570.0,2600.0,2570.0,2590.0,2195.73681640625,18229700.0
2024-05-27,2600.0,2600.0,2520.0,2520.0,2136.392578125,21414000.0
2024-05-28,2540.0,2560.0,2510.0,2510.0,2127.914794921875,11910700.0
2024-05-29,2520.0,2530.0,2460.0,2470.0,2094.00390625,14743600.0
2024-05-30,2470.0,2500.0,2420.0,2490.0,2110.959228515625,9640300.0
2024-05-31,2500.0,2520.0,2490.0,2490.0,2110.959228515625,15709000.0
2024-06-03,2500.0,2590.0,2500.0,2580.0,2187.259033203125,16723300.0
2024-06-04,2590.0,2590.0,2560.0,2570.0,2178.781494140625,11333500.0
2024-06-05,2570.0,2580.0,2500.0,2530.0,2144.870361328125,9835700.0
2024-06-06,2530.0,2540.0,2500.0,2510.0,2127.914794921875,4891100.0
2024-06-07,2520.0,2550.0,2510.0,2530.0,2144.870361328125,7711700.0
2024-06-10,2530.0,2540.0,2470.0,2480.0,2102.481689453125,13448200.0
2024-06-11,2480.0,2500.0,2440.0,2440.0,2068.570556640625,12171100.0
2024-06-12,2440.0,2460.0,2420.0,2430.0,2060.0927734375,6485000.0
2024-06-13,2430.0,2520.0,2430.0,2520.0,2136.392578125,14098000.0
2024-06-14,2520.0,2520.0,2450.0,2460.0,2085.52587890625,5659700.0
2024-06-19,2460.0,2470.0,2420.0,2430.0,2060.0927734375,5276200.0
2024-06-20,2430.0,2450.0,2420.0,2420.0,2051.615234375,6492600.0
2024-06-21,2430.0,2450.0,2380.0,2420.0,2051.615234375,18936500.0
2024-06-24,2430.0,2440.0,2420.0,2430.0,2060.0927734375,6459100.0
2024-06-25,2440.0,2450.0,2410.0,2410.0,2043.13720703125,6880400.0
2024-06-26,2410.0,2440.0,2400.0,2440.0,2068.570556640625,6341900.0
2024-06-27,2440.0,2440.0,2420.0,2430.0,2060.0927734375,4573400.0
2024-06-28,2430.0,2470.0,2430.0,2450.0,2077.04833984375,12859800.0
2024-07-01,2460.0,2500.0,2450.0,2500.0,2119.43701171875,9767100.0
2024-07-02,2500.0,2520.0,2490.0,2490.0,2110.959228515625,9422500.0
2024-07-03,2500.0,2530.0,2490.0,2500.0,2119.43701171875,10030300.0
2024-07-04,2520.0,2570.0,2510.0,2530.0,2144.870361328125,18794900.0
2024-07-05,2540.0,2570.0,2520.0,2540.0,2153.34814453125,9942000.0
2024-07-08,2540.0,2560.0,2530.0,2550.0,2161.82568359375,7491700.0
2024-07-09,2550.0,2570.0,2530.0,2530.0,2144.870361328125,10477700.0
2024-07-10,2530.0,2560.0,2530.0,2540.0,2153.34814453125,7337200.0
2024-07-11,2550.0,2560.0,2540.0,2550.0,2161.82568359375,4841300.0
2024-07-12,2550.0,2560.0,2530.0,2530.0,2144.870361328125,7888600.0
2024-07-15,2560.0,2560.0,2500.0,2520.0,2136.392578125,12266200.0
2024-07-16,2530.0,2550.0,2520.0,2530.0,2144.870361328125,6947800.0
2024-07-17,2550.0,2550.0,2530.0,2540.0,2153.34814453125,7325200.0
2024-07-18,2540.0,2630.0,2520.0,2620.0,2221.170166015625,26806000.0
2024-07-19,2620.0,2680.0,2620.0,2630.0,2229.64794921875,30356300.0
2024-07-22,2640.0,2700.0,2640.0,2680.0,2272.03662109375,18786400.0
2024-07-23,2690.0,2720.0,2650.0,2650.0,2246.603271484375,21142700.0
2024-07-24,2650.0,2680.0,2610.0,2620.0,2221.170166015625,11115400.0
2024-07-25,2620.0,2660.0,2600.0,2610.0,2212.692138671875,10327000.0
2024-07-26,2620.0,2670.0,2620.0,2660.0,2255.0810546875,8478400.0
2024-07-29,2680.0,2700.0,2660.0,2670.0,2263.558837890625,10990800.0
2024-07-30,2680.0,2690.0,2640.0,2640.0,2238.12548828125,7184600.0
2024-07-31,2640.0,2680.0,2640.0,2680.0,2272.03662109375,10266700.0
2024-08-01,2700.0,2700.0,2640.0,2670.0,2263.558837890625,9702200.0
2024-08-02,2670.0,2740.0,2660.0,2720.0,2305.94775390625,22835800.0
2024-08-05,2710.0,2710.0,2510.0,2560.0,2170.303466796875,48501700.0
2024-08-06,2600.0,2630.0,2540.0,2590.0,2195.73681640625,19166600.0
2024-08-07,2600.0,2630.0,2590.0,2610.0,2212.692138671875,10480400.0
2024-08-08,2610.0,2620.0,2580.0,2590.0,2195.73681640625,8760900.0
2024-08-09,2600.0,2620.0,2580.0,2580.0,2187.259033203125,7434400.0
2024-08-12,2590.0,2650.0,2590.0,2650.0,2246.603271484375,13483400.0
2024-08-13,2670.0,2680.0,2650.0,2660.0,2255.0810546875,8739100.0
2024-08-14,2660.0,2720.0,2640.0,2720.0,2305.94775390625,22031400.0
2024-08-15,2720.0,2720.0,2670.0,2700.0,2288.991943359375,19410100.0
2024-08-16,2720.0,2750.0,2700.0,2730.0,2314.42529296875,25829000.0
2024-08-19,2730.0,2730.0,2700.0,2710.0,2297.4697265625,11115900.0
2024-08-20,2720.0,2730.0,2700.0,2720.0,2305.94775390625,9550300.0
2024-08-21,2720.0,2740.0,2710.0,2710.0,2297.4697265625,12353000.0
2024-08-22,2700.0,2740.0,2670.0,2720.0,2305.94775390625,17628700.0
2024-08-23,2720.0,2790.0,2720.0,2760.0,2339.8583984375,22179900.0
2024-08-26,2770.0,2790.0,2760.0,2770.0,2348.33642578125,12227700.0
2024-08-27,2780.0,2820.0,2760.0,2780.0,2356.814208984375,16790600.0
2024-08-28,2790.0,2800.0,2770.0,2780.0,2356.814208984375,10744200.0
2024-08-29,2780.0,2810.0,2760.0,2780.0,2356.814208984375,15032300.0
2024-08-30,2780.0,2780.0,2730.0,2730.0,2314.42529296875,21459200.0
2024-09-02,2740.0,2820.0,2730.0,2820.0,2390.724853515625,30665600.0
2024-09-03,2820.0,2850.0,2790.0,2800.0,2373.76953125,14953700.0
2024-09-04,2770.0,2810.0,2740.0,2760.0,2339.8583984375,14767300.0
2024-09-05,2760.0,2780.0,2710.0,2750.0,2331.380859375,14614200.0
2024-09-06,2750.0,2750.0,2710.0,2710.0,2297.4697265625,13816400.0
2024-09-09,2720.0,2730.0,2650.0,2680.0,2272.03662109375,22601600.0
2024-09-10,2690.0,2710.0,2650.0,2670.0,2263.558837890625,17035500.0
2024-09-11,2650.0,2690.0,2650.0,2660.0,2255.0810546875,9549300.0
2024-09-12,2690.0,2750.0,2690.0,2720.0,2305.94775390625,20896600.0
2024-09-13,2720.0,2740.0,2700.0,2730.0,2314.42529296875,10996900.0
2024-09-17,2730.0,2820.0,2710.0,2800.0,2373.76953125,32828500.0
2024-09-18,2810.0,2820.0,2780.0,2780.0,2356.814208984375,9166700.0
2024-09-19,2780.0,2800.0,2760.0,2780.0,2356.814208984375,10019700.0
2024-09-20,2790.0,2950.0,2760.0,2950.0,2500.935791015625,85703000.0
2024-09-23,2950.0,3130.0,2930.0,3120.0,2645.057373046875,127993400.0
2024-09-24,3120.0,3140.0,3060.0,3100.0,2628.10205078125,42900500.0
2024-09-25,3120.0,3160.0,3040.0,3080.0,2611.146484375,41602600.0
2024-09-26,3100.0,3120.0,3070.0,3110.0,2636.57958984375,30074500.0
2024-09-27,3110.0,3140.0,3040.0,3140.0,2662.012939453125,43117300.0
2024-09-30,3150.0,3180.0,3070.0,3080.0,2611.146484375,37413700.0
2024-10-01,3080.0,3120.0,2990.0,3070.0,2602.668701171875,55814500.0
2024-10-02,3070.0,3080.0,3010.0,3050.0,2585.713134765625,23254500.0
2024-10-03,3050.0,3080.0,3030.0,3060.0,2594.19091796875,18192500.0
2024-10-04,3060.0,3100.0,2990.0,2990.0,2534.8466796875,27042800.0
2024-10-07,3060.0,3140.0,3060.0,3100.0,2628.10205078125,31774800.0
2024-10-08,3110.0,3120.0,3060.0,3080.0,2611.146484375,21266900.0
2024-10-09,3080.0,3080.0,3020.0,3050.0,2585.713134765625,14404900.0
2024-10-10,3050.0,3070.0,3020.0,3020.0,2560.27978515625,15849000.0
2024-10-11,3050.0,3060.0,3020.0,3030.0,2568.7578125,10016300.0
2024-10-14,3040.0,3120.0,3030.0,3100.0,2628.10205078125,30455100.0
2024-10-15,3100.0,3140.0,3080.0,3100.0,2628.10205078125,24711000.0
2024-10-16,3120.0,3120.0,3050.0,3080.0,2611.146484375,21907400.0
2024-10-17,3080.0,3090.0,3060.0,3060.0,2594.19091796875,12348900.0
2024-10-18,3070.0,3080.0,3030.0,3050.0,2585.713134765625,12261800.0
2024-10-21,3050.0,3050.0,3010.0,3020.0,2560.27978515625,15196900.0
2024-10-22,3020.0,3050.0,3020.0,3040.0,2577.235595703125,7584100.0
2024-10-23,3040.0,3050.0,2950.0,2950.0,2500.935791015625,29092600.0
2024-10-24,2950.0,2970.0,2920.0,2920.0,2475.50244140625,13921900.0
2024-10-25,2920.0,2940.0,2870.0,2880.0,2441.591552734375,17372800.0
2024-10-28,2880.0,2910.0,2840.0,2870.0,2433.113525390625,16500200.0
2024-10-29,2850.0,2870.0,2830.0,2850.0,2416.158203125,9846900.0
2024-10-30,2850.0,2880.0,2800.0,2840.0,2407.680419921875,17122400.0
2024-10-31,2850.0,2960.0,2840.0,2960.0,2509.413330078125,22804100.0
2024-11-01,2950.0,2950.0,2880.0,2920.0,2475.50244140625,14265400.0
2024-11-04,2920.0,2920.0,2850.0,2870.0,2433.113525390625,9847800.0
2024-11-05,2880.0,2920.0,2860.0,2890.0,2450.0693359375,13393700.0
2024-11-06,2900.0,2900.0,2840.0,2860.0,2424.635986328125,9440000.0
2024-11-07,2860.0,2860.0,2810.0,2830.0,2399.202880859375,9943500.0
2024-11-08,2830.0,2840.0,2800.0,2800.0,2373.76953125,9176000.0
2024-11-11,2800.0,2800.0,2750.0,2770.0,2348.33642578125,16646500.0
2024-11-12,2780.0,2890.0,2780.0,2870.0,2433.113525390625,18297100.0
2024-11-13,2870.0,2890.0,2810.0,2810.0,2382.247314453125,11390000.0
2024-11-14,2810.0,2810.0,2770.0,2770.0,2348.33642578125,8777600.0
2024-11-15,2770.0,2800.0,2750.0,2750.0,2331.380859375,8098700.0
2024-11-18,2750.0,2770.0,2700.0,2720.0,2305.94775390625,11015500.0
2024-11-19,2720.0,2790.0,2720.0,2770.0,2348.33642578125,6834200.0
2024-11-20,2770.0,2780.0,2720.0,2740.0,2322.903076171875,5495500.0
2024-11-21,2740.0,2770.0,2720.0,2720.0,2305.94775390625,4713200.0
2024-11-22,2750.0,2780.0,2740.0,2770.0,2348.33642578125,5347300.0
2024-11-25,2770.0,2830.0,2760.0,2800.0,2373.76953125,12285400.0
2024-11-26,2830.0,2830.0,2760.0,2760.0,2339.8583984375,6816800.0
2024-11-28,2760.0,2790.0,2740.0,2790.0,2365.291748046875,5875400.0
2024-11-29,2790.0,2790.0,2700.0,2700.0,2288.991943359375,10744500.0
2024-12-02,2700.0,2730.0,2660.0,2670.0,2263.558837890625,12311800.0
2024-12-03,2670.0,2710.0,2670.0,2700.0,2288.991943359375,6349300.0
2024-12-04,2700.0,2750.0,2700.0,2710.0,2297.4697265625,10573800.0
2024-12-05,2730.0,2770.0,2700.0,2740.0,2322.903076171875,8311500.0
2024-12-06,2730.0,2730.0,2700.0,2730.0,2314.42529296875,7213200.0
2024-12-09,2730.0,2760.0,2730.0,2750.0,2331.380859375,10858500.0
2024-12-10,2760.0,2860.0,2740.0,2830.0,2399.202880859375,28227200.0
2024-12-11,2830.0,2860.0,2790.0,2800.0,2373.76953125,13120800.0
2024-12-12,2800.0,2830.0,2780.0,2800.0,2373.76953125,9050900.0
2024-12-13,2800.0,2810.0,2770.0,2780.0,2356.814208984375,4660300.0
2024-12-16,2780.0,2790.0,2720.0,2740.0,2322.903076171875,9329800.0
2024-12-17,2740.0,2740.0,2670.0,2670.0,2263.558837890625,12049200.0
2024-12-18,2670.0,2710.0,2660.0,2680.0,2272.03662109375,5529700.0
2024-12-19,2680.0,2680.0,2570.0,2580.0,2187.259033203125,23987000.0
2024-12-20,2590.0,2630.0,2590.0,2590.0,2195.73681640625,6238800.0
2024-12-23,2600.0,2620.0,2590.0,2590.0,2195.73681640625,7109000.0
2024-12-24,2600.0,2620.0,2590.0,2590.0,2195.73681640625,5148700.0
2024-12-27,2600.0,2640.0,2600.0,2620.0,2221.170166015625,7571900.0
2024-12-30,2630.0,2750.0,2620.0,2750.0,2331.380859375,16423500.0
2025-01-02,2750.0,2760.0,2670.0,2680.0,2272.03662109375,11358800.0
2025-01-03,2700.0,2710.0,2680.0,2700.0,2288.991943359375,6270800.0
2025-01-06,2700.0,2710.0,2650.0,2650.0,2246.603271484375,8069600.0
2025-01-07,2650.0,2670.0,2610.0,2640.0,2238.12548828125,10403000.0
2025-01-08,2610.0,2680.0,2610.0,2640.0,2238.12548828125,7642200.0
2025-01-09,2640.0,2640.0,2610.0,2620.0,2221.170166015625,7940500.0
2025-01-10,2610.0,2720.0,2610.0,2690.0,2280.514404296875,13279300.0
2025-01-13,2690.0,2690.0,2610.0,2610.0,2212.692138671875,14542900.0
2025-01-14,2610.0,2660.0,2600.0,2620.0,2221.170166015625,10125500.0
2025-01-15,2620.0,2670.0,2620.0,2670.0,2263.558837890625,10005600.0
2025-01-16,2670.0,2710.0,2670.0,2690.0,2280.514404296875,13448300.0
2025-01-17,2690.0,2700.0,2660.0,2680.0,2272.03662109375,8275600.0
2025-01-20,2670.0,2700.0,2660.0,2660.0,2255.0810546875,8433900.0
2025-01-21,2680.0,2690.0,2670.0,2690.0,2280.514404296875,6286700.0
2025-01-22,2690.0,2740.0,2690.0,2710.0,2297.4697265625,10055500.0
2025-01-23,2710.0,2710.0,2680.0,2700.0,2288.991943359375,6637800.0
2025-01-24,2700.0,2720.0,2680.0,2700.0,2288.991943359375,5699600.0
2025-01-30,2700.0,2710.0,2660.0,2680.0,2272.03662109375,7985700.0
2025-01-31,2660.0,2700.0,2630.0,2690.0,2280.514404296875,9102600.0
2025-02-03,2690.0,2690.0,2650.0,2670.0,2263.558837890625,8952800.0
2025-02-04,2680.0,2750.0,2670.0,2690.0,2280.514404296875,8784900.0
2025-02-05,2680.0,2740.0,2680.0,2720.0,2305.94775390625,8030000.0
2025-02-06,2720.0,2730.0,2650.0,2650.0,2246.603271484375,9826200.0
2025-02-07,2650.0,2700.0,2600.0,2670.0,2263.558837890625,6640700.0
2025-02-10,2670.0,2670.0,2620.0,2620.0,2221.170166015625,7866600.0
2025-02-11,2620.0,2640.0,2600.0,2620.0,2221.170166015625,5596900.0
2025-02-12,2620.0,2640.0,2590.0,2640.0,2238.12548828125,4652700.0
2025-02-13,2640.0,2730.0,2610.0,2690.0,2280.514404296875,7256600.0
2025-02-14,2680.0,2740.0,2660.0,2710.0,2297.4697265625,9924200.0
2025-02-17,2710.0,2710.0,2680.0,2710.0,2297.4697265625,5549300.0
2025-02-18,2710.0,2720.0,2680.0,2690.0,2280.514404296875,6466600.0
2025-02-19,2700.0,2720.0,2660.0,2660.0,2255.0810546875,11910500.0
2025-02-20,2670.0,2700.0,2630.0,2670.0,2263.558837890625,8642500.0
2025-02-21,2660.0,2690.0,2640.0,2660.0,2255.0810546875,7654900.0
2025-02-24,2650.0,2700.0,2630.0,2640.0,2238.12548828125,8644300.0
2025-02-25,2650.0,2670.0,2610.0,2620.0,2221.170166015625,10908400.0
2025-02-26,2620.0,2640.0,2600.0,2610.0,2212.692138671875,7508100.0
2025-02-27,2610.0,2650.0,2610.0,2620.0,2221.170166015625,11462100.0
2025-02-28,2600.0,2610.0,2480.0,2590.0,2195.73681640625,21109800.0
2025-03-03,2590.0,2610.0,2530.0,2580.0,2187.259033203125,8847900.0
2025-03-04,2580.0,2580.0,2470.0,2510.0,2127.914794921875,11829000.0
2025-03-05,2510.0,2580.0,2500.0,2580.0,2187.259033203125,13004500.0
2025-03-06,2580.0,2600.0,2560.0,2580.0,2187.259033203125,8411300.0
2025-03-07,2570.0,2580.0,2550.0,2550.0,2161.82568359375,5569000.0
2025-03-10,2550.0,2570.0,2510.0,2510.0,2127.914794921875,11349200.0
2025-03-11,2500.0,2520.0,2480.0,2490.0,2110.959228515625,5507500.0
2025-03-12,2490.0,2520.0,2480.0,2480.0,2102.481689453125,7374600.0
2025-03-13,2480.0,2500.0,2450.0,2450.0,2077.04833984375,9681000.0
2025-03-14,2460.0,2480.0,2450.0,2450.0,2077.04833984375,5732000.0
2025-03-17,2450.0,2480.0,2420.0,2450.0,2077.04833984375,6458800.0
2025-03-18,2450.0,2460.0,2350.0,2420.0,2051.615234375,13320600.0
2025-03-19,2400.0,2450.0,2380.0,2430.0,2060.0927734375,6280300.0
2025-03-20,2440.0,2470.0,2410.0,2410.0,2043.13720703125,7010200.0
2025-03-21,2410.0,2410.0,2320.0,2320.0,1966.837646484375,13568500.0
2025-03-24,2320.0,2350.0,2250.0,2300.0,1949.8822021484375,13409000.0
2025-03-25,2300.0,2470.0,2290.0,2450.0,2077.04833984375,13581800.0
2025-03-26,2460.0,2540.0,2460.0,2510.0,2127.914794921875,13483000.0
2025-03-27,2510.0,2570.0,2510.0,2520.0,2136.392578125,8070300.0
2025-04-08,2320.0,2450.0,2300.0,2420.0,2051.615234375,19199300.0
2025-04-09,2410.0,2550.0,2410.0,2460.0,2085.52587890625,12180100.0
2025-04-10,2550.0,2680.0,2530.0,2680.0,2272.03662109375,27346700.0
2025-04-11,2640.0,2690.0,2620.0,2680.0,2272.03662109375,13694600.0
2025-04-14,2680.0,2740.0,2670.0,2740.0,2322.903076171875,13422200.0
2025-04-15,2750.0,2770.0,2710.0,2760.0,2339.8583984375,13376700.0
2025-04-16,2750.0,2760.0,2710.0,2710.0,2297.4697265625,13161700.0
2025-04-17,2710.0,2750.0,2700.0,2730.0,2314.42529296875,7922200.0
2025-04-21,2730.0,2740.0,2700.0,2730.0,2314.42529296875,8532900.0
2025-04-22,2710.0,2800.0,2700.0,2760.0,2339.8583984375,19672500.0
2025-04-23,2780.0,2820.0,2760.0,2780.0,2356.814208984375,18149700.0
2025-04-24,2780.0,2810.0,2770.0,2780.0,2356.814208984375,13587300.0
2025-04-25,2780.0,2820.0,2770.0,2780.0,2356.814208984375,22505600.0
2025-04-28,2780.0,2810.0,2760.0,2770.0,2348.33642578125,26690700.0
2025-04-29,2770.0,2840.0,2770.0,2790.0,2365.291748046875,26130000.0
2025-04-30,2800.0,2850.0,2760.0,2760.0,2339.8583984375,35320900.0
2025-05-02,2700.0,2750.0,2640.0,2740.0,2322.903076171875,21611100.0
2025-05-05,2720.0,2730.0,2680.0,2720.0,2305.94775390625,16635000.0
2025-05-06,2720.0,2730.0,2710.0,2710.0,2297.4697265625,10763800.0
2025-05-07,2710.0,2770.0,2710.0,2760.0,2339.8583984375,14513800.0
2025-05-08,2770.0,2780.0,2710.0,2720.0,2305.94775390625,15449000.0
2025-05-09,2740.0,2740.0,2710.0,2710.0,2297.4697265625,10006700.0
2025-05-14,2720.0,2790.0,2720.0,2790.0,2365.291748046875,19082400.0
2025-05-15,2800.0,2810.0,2770.0,2770.0,2348.33642578125,19167800.0
2025-05-16,2790.0,2880.0,2770.0,2860.0,2424.635986328125,53076400.0
2025-05-19,2860.0,2910.0,2860.0,2900.0,2458.546875,34963000.0
2025-05-20,2920.0,2930.0,2800.0,2820.0,2390.724853515625,36974900.0
2025-05-21,2810.0,2850.0,2780.0,2790.0,2365.291748046875,42906300.0
2025-05-22,2790.0,2830.0,2790.0,2820.0,2390.724853515625,19170600.0
2025-05-23,2830.0,2840.0,2820.0,2840.0,2407.680419921875,7835700.0
2025-05-26,2860.0,2860.0,2810.0,2830.0,2399.202880859375,15733300.0
2025-05-27,2840.0,2880.0,2830.0,2850.0,2416.158203125,22143500.0
2025-05-28,2870.0,2900.0,2860.0,2890.0,2450.0693359375,30732700.0
2025-06-02,2900.0,2900.0,2840.0,2860.0,2424.635986328125,23519300.0
2025-06-03,2870.0,2880.0,2840.0,2860.0,2424.635986328125,13790600.0
2025-06-04,2860.0,2870.0,2840.0,2850.0,2416.158203125,13894600.0
2025-06-05,2850.0,2890.0,2840.0,2870.0,2433.113525390625,24750100.0
2025-06-10,2870.0,2960.0,2870.0,2960.0,2509.413330078125,52866600.0
2025-06-11,2960.0,3030.0,2960.0,3010.0,2551.80224609375,79019800.0
2025-06-12,3030.0,3070.0,2890.0,2980.0,2526.369140625,122174600.0
2025-06-13,2980.0,2990.0,2950.0,2970.0,2517.89111328125,48234700.0
2025-06-16,2980.0,3030.0,2980.0,3010.0,2551.80224609375,55322700.0
2025-06-17,3010.0,3030.0,3000.0,3030.0,2568.7578125,36623700.0
2025-06-18,3030.0,3050.0,3010.0,3020.0,2560.27978515625,42362000.0
2025-06-19,3020.0,3030.0,2960.0,2990.0,2534.8466796875,54886200.0
2025-06-20,2990.0,3000.0,2930.0,2950.0,2500.935791015625,86319100.0
2025-06-23,2520.0,2590.0,2510.0,2510.0,2398.165283203125,89814500.0
2025-06-24,2530.0,2550.0,2420.0,2440.0,2331.2841796875,50087000.0
2025-06-25,2460.0,2470.0,2400.0,2420.0,2312.17529296875,24482300.0
2025-06-26,2420.0,2420.0,2380.0,2400.0,2293.06640625,17939900.0
2025-06-30,2420.0,2470.0,2410.0,2460.0,2350.39306640625,24171400.0
2025-07-01,2470.0,2490.0,2440.0,2460.0,2350.39306640625,11130800.0
2025-07-02,2460.0,2480.0,2420.0,2440.0,2331.2841796875,10843500.0
2025-07-03,2440.0,2460.0,2410.0,2420.0,2312.17529296875,14752400.0
2025-07-04,2430.0,2440.0,2420.0,2430.0,2321.729736328125,8575200.0
2025-07-07,2440.0,2440.0,2420.0,2440.0,2331.2841796875,5802100.0
2025-07-08,2440.0,2440.0,2400.0,2400.0,2293.06640625,15150600.0
2025-07-09,2410.0,2420.0,2380.0,2390.0,2283.511962890625,12099400.0
2025-07-10,2400.0,2440.0,2390.0,2430.0,2321.729736328125,9847900.0
2025-07-11,2450.0,2490.0,2440.0,2480.0,2369.501953125,22480400.0
2025-07-14,2500.0,2510.0,2480.0,2490.0,2379.056396484375,15473600.0
2025-07-15,2490.0,2500.0,2450.0,2470.0,2359.947509765625,8920800.0
2025-07-16,2470.0,2490.0,2460.0,2460.0,2350.39306640625,8773000.0
2025-07-17,2470.0,2480.0,2440.0,2440.0,2331.2841796875,12575300.0
2025-07-18,2450.0,2460.0,2440.0,2450.0,2340.838623046875,9030100.0
2025-07-21,2460.0,2460.0,2410.0,2420.0,2312.17529296875,13727500.0
2025-07-22,2430.0,2450.0,2420.0,2420.0,2312.17529296875,16287900.0
2025-07-23,2430.0,2450.0,2420.0,2440.0,2331.2841796875,8733700.0
2025-07-24,2440.0,2490.0,2440.0,2470.0,2359.947509765625,10467000.0
2025-07-25,2470.0,2480.0,2450.0,2450.0,2340.838623046875,7215000.0
2025-07-28,2470.0,2470.0,2450.0,2460.0,2350.39306640625,5804000.0
2025-07-29,2460.0,2470.0,2450.0,2460.0,2350.39306640625,5767100.0
2025-07-30,2460.0,2470.0,2440.0,2450.0,2340.838623046875,7429700.0
2025-07-31,2450.0,2460.0,2410.0,2420.0,2312.17529296875,13453400.0
2025-08-01,2420.0,2430.0,2400.0,2420.0,2312.17529296875,8947200.0
2025-08-04,2420.0,2430.0,2400.0,2400.0,2293.06640625,12680300.0
2025-08-05,2410.0,2420.0,2400.0,2400.0,2293.06640625,10816200.0
2025-08-06,2410.0,2420.0,2400.0,2420.0,2312.17529296875,16496700.0
2025-08-07,2430.0,2430.0,2400.0,2400.0,2293.06640625,7148800.0
2025-08-08,2410.0,2420.0,2390.0,2400.0,2293.06640625,14962200.0
2025-08-11,2400.0,2420.0,2400.0,2410.0,2302.620849609375,8915300.0
2025-08-12,2420.0,2440.0,2410.0,2440.0,2331.2841796875,9569000.0
2025-08-13,2440.0,2470.0,2440.0,2450.0,2340.838623046875,11480600.0
2025-08-14,2450.0,2460.0,2420.0,2420.0,2312.17529296875,8775800.0
2025-08-15,2430.0,2440.0,2420.0,2420.0,2312.17529296875,4658600.0
2025-08-19,2420.0,2430.0,2400.0,2400.0,2293.06640625,9605000.0
2025-08-20,2420.0,2430.0,2400.0,2430.0,2321.729736328125,10212100.0
2025-08-21,2430.0,2440.0,2410.0,2430.0,2321.729736328125,8972300.0
2025-08-22,2430.0,2430.0,2410.0,2420.0,2312.17529296875,4639600.0
2025-08-25,2420.0,2430.0,2410.0,2420.0,2312.17529296875,6953800.0
2025-08-26,2430.0,2500.0,2410.0,2500.0,2388.61083984375,20508700.0
2025-08-27,2500.0,2500.0,2450.0,2450.0,2340.838623046875,10527100.0
2025-08-28,2460.0,2460.0,2420.0,2430.0,2321.729736328125,7643700.0
2025-08-29,2430.0,2430.0,2400.0,2400.0,2293.06640625,13505600.0
2025-09-01,2350.0,2410.0,2320.0,2400.0,2293.06640625,20954100.0
2025-09-02,2400.0,2430.0,2400.0,2420.0,2312.17529296875,8182200.0
2025-09-03,2420.0,2440.0,2410.0,2420.0,2312.17529296875,8285200.0
2025-09-04,2420.0,2430.0,2390.0,2410.0,2302.620849609375,12386800.0
2025-09-08,2410.0,2420.0,2400.0,2410.0,2302.620849609375,13472000.0
2025-09-09,2400.0,2410.0,2370.0,2400.0,2293.06640625,14794500.0
2025-09-10,2400.0,2400.0,2370.0,2380.0,2273.95751953125,8457200.0
2025-09-11,2380.0,2410.0,2370.0,2370.0,2264.403076171875,13348700.0
2025-09-12,2380.0,2400.0,2380.0,2390.0,2283.511962890625,10868900.0
2025-09-15,2390.0,2400.0,2380.0,2380.0,2273.95751953125,10496000.0
2025-09-16,2380.0,2400.0,2360.0,2380.0,2273.95751953125,11733200.0
2025-09-17,2380.0,2390.0,2360.0,2380.0,2273.95751953125,11005300.0
2025-09-18,2380.0,2380.0,2360.0,2360.0,2254.8486328125,5634400.0
2025-09-19,2360.0,2380.0,2350.0,2380.0,2273.95751953125,9270300.0
2025-09-22,2380.0,2390.0,2360.0,2370.0,2264.403076171875,6894200.0
2025-09-23,2370.0,2390.0,2360.0,2380.0,2273.95751953125,11688500.0
2025-09-24,2380.0,2390.0,2370.0,2380.0,2273.95751953125,9053800.0
2025-09-25,2380.0,2390.0,2330.0,2350.0,2245.294189453125,15375900.0
2025-09-26,2350.0,2360.0,2330.0,2350.0,2245.294189453125,10245200.0
2025-09-29,2350.0,2360.0,2320.0,2330.0,2226.185302734375,12694800.0
2025-09-30,2330.0,2350.0,2330.0,2350.0,2245.294189453125,7579300.0
2025-10-01,2350.0,2350.0,2320.0,2330.0,2226.185302734375,7058500.0
2025-10-02,2330.0,2340.0,2310.0,2310.0,2207.076416015625,12049700.0
2025-10-03,2310.0,2330.0,2300.0,2320.0,2216.630859375,9129300.0
2025-10-06,2340.0,2340.0,2300.0,2310.0,2207.076416015625,11174600.0
2025-10-07,2310.0,2310.0,2270.0,2270.0,2168.858642578125,16627300.0
2025-10-08,2270.0,2280.0,2230.0,2270.0,2168.858642578125,16846500.0
2025-10-09,2280.0,2360.0,2280.0,2340.0,2235.73974609375,33979600.0
2025-10-10,2360.0,2380.0,2340.0,2380.0,2273.95751953125,19662700.0
2025-10-13,2340.0,2350.0,2310.0,2340.0,2235.73974609375,9587100.0
2025-10-14,2350.0,2360.0,2280.0,2300.0,2197.52197265625,14060200.0
2025-10-15,2300.0,2310.0,2170.0,2170.0,2073.314208984375,31527000.0
2025-10-16,2220.0,2250.0,2210.0,2210.0,2111.531982421875,13972300.0
2025-10-17,2210.0,2220.0,2170.0,2210.0,2111.531982421875,13410100.0
2025-10-20,2210.0,2270.0,2200.0,2270.0,2168.858642578125,10329300.0
2025-10-21,2270.0,2340.0,2270.0,2340.0,2235.73974609375,16072500.0
2025-10-22,2350.0,2360.0,2290.0,2290.0,2187.967529296875,12005500.0
2025-10-23,2300.0,2330.0,2290.0,2320.0,2216.630859375,5932800.0
2025-10-24,2320.0,2380.0,2320.0,2350.0,2245.294189453125,16373900.0
2025-10-27,2350.0,2370.0,2300.0,2340.0,2235.73974609375,30696100.0
2025-10-28,2360.0,2360.0,2330.0,2350.0,2245.294189453125,7232900.0
2025-10-29,2350.0,2380.0,2340.0,2370.0,2264.403076171875,10528000.0
2025-10-30,2380.0,2440.0,2370.0,2430.0,2321.729736328125,30872400.0
2025-10-31,2430.0,2440.0,2390.0,2400.0,2293.06640625,13522200.0
2025-11-03,2400.0,2410.0,2380.0,2400.0,2293.06640625,10144900.0
2025-11-04,2400.0,2400.0,2380.0,2400.0,2293.06640625,10187200.0
2025-11-05,2400.0,2400.0,2370.0,2380.0,2273.95751953125,10530900.0
2025-11-06,2390.0,2400.0,2380.0,2400.0,2293.06640625,5407600.0
2025-11-07,2390.0,2390.0,2370.0,2390.0,2283.511962890625,9184800.0
2025-11-10,2390.0,2400.0,2380.0,2390.0,2283.511962890625,5360900.0
2025-11-11,2390.0,2400.0,2370.0,2390.0,2283.511962890625,7638300.0
2025-11-12,2390.0,2390.0,2360.0,2380.0,2273.95751953125,8223400.0
2025-11-13,2380.0,2390.0,2350.0,2360.0,2254.8486328125,7304300.0
2025-11-14,2360.0,2360.0,2330.0,2340.0,2235.73974609375,7367200.0
2025-11-17,2340.0,2370.0,2340.0,2350.0,2245.294189453125,7490900.0
2025-11-18,2350.0,2350.0,2310.0,2310.0,2207.076416015625,9919300.0
2025-11-19,2310.0,2330.0,2310.0,2320.0,2216.630859375,5694700.0
2025-11-20,2320.0,2340.0,2320.0,2330.0,2226.185302734375,5732100.0
2025-11-21,2320.0,2330.0,2300.0,2320.0,2216.630859375,5794800.0
2025-11-24,2320.0,2330.0,2300.0,2330.0,2226.185302734375,7934900.0
2025-11-25,2330.0,2340.0,2300.0,2310.0,2207.076416015625,5470900.0
2025-11-26,2330.0,2330.0,2300.0,2320.0,2216.630859375,5543000.0
2025-11-27,2330.0,2330.0,2300.0,2300.0,2197.52197265625,5256000.0
2025-11-28,2300.0,2310.0,2280.0,2310.0,2207.076416015625,6650100.0
2025-12-01,2300.0,2310.0,2280.0,2290.0,2187.967529296875,7593800.0
2025-12-02,2290.0,2310.0,2290.0,2310.0,2207.076416015625,5398600.0
2025-12-03,2300.0,2310.0,2290.0,2310.0,2207.076416015625,3128800.0
2025-12-04,2300.0,2320.0,2290.0,2300.0,2197.52197265625,4369500.0
2025-12-05,2310.0,2310.0,2290.0,2300.0,2197.52197265625,3949700.0
2025-12-08,2310.0,2310.0,2290.0,2300.0,2197.52197265625,6949200.0
2025-12-09,2300.0,2300.0,2280.0,2290.0,2187.967529296875,8121300.0
2025-12-10,2290.0,2300.0,2270.0,2290.0,2187.967529296875,10110400.0
2025-12-11,2280.0,2290.0,2250.0,2260.0,2159.30419921875,11068100.0
2025-12-12,2260.0,2280.0,2250.0,2260.0,2159.30419921875,9574000.0
2025-12-15,2260.0,2280.0,2240.0,2260.0,2159.30419921875,14821100.0
2025-12-16,2260.0,2280.0,2260.0,2280.0,2178.4130859375,5695500.0
2025-12-17,2280.0,2290.0,2240.0,2270.0,2168.858642578125,14496300.0
2025-12-18,2270.0,2300.0,2260.0,2260.0,2159.30419921875,11761300.0
2025-12-19,2280.0,2290.0,2250.0,2270.0,2168.858642578125,7515700.0
2025-12-22,2280.0,2280.0,2260.0,2280.0,2178.4130859375,5773900.0
2025-12-23,2270.0,2280.0,2260.0,2280.0,2178.4130859375,5748100.0
2025-12-24,2280.0,2290.0,2270.0,2280.0,2178.4130859375,4387200.0
2025-12-29,2280.0,2320.0,2270.0,2320.0,2216.630859375,9022100.0
2025-12-30,2320.0,2330.0,2290.0,2310.0,2207.076416015625,6256500.0
2026-01-02,2310.0,2320.0,2290.0,2320.0,2216.630859375,6217500.0
2026-01-05,2320.0,2350.0,2320.0,2340.0,2235.73974609375,8906900.0
2026-01-06,2350.0,2370.0,2330.0,2370.0,2264.403076171875,16784600.0
2026-01-07,2460.0,2460.0,2380.0,2420.0,2312.17529296875,34828200.0
2026-01-08,2430.0,2440.0,2390.0,2390.0,2283.511962890625,15692800.0
2026-01-09,2390.0,2420.0,2390.0,2390.0,2283.511962890625,8648400.0
2026-01-12,2400.0,2410.0,2360.0,2380.0,2273.95751953125,19351700.0
2026-01-13,2390.0,2420.0,2370.0,2420.0,2312.17529296875,17873600.0
2026-01-14,2430.0,2450.0,2430.0,2440.0,2331.2841796875,22448800.0
2026-01-15,2440.0,2460.0,2430.0,2450.0,2340.838623046875,14964900.0
2026-01-19,2450.0,2470.0,2440.0,2460.0,2350.39306640625,18156900.0
2026-01-20,2450.0,2470.0,2440.0,2470.0,2359.947509765625,14155200.0
2026-01-21,2470.0,2550.0,2420.0,2480.0,2369.501953125,42532000.0
2026-01-22,2490.0,2550.0,2490.0,2530.0,2417.274169921875,38152400.0
2026-01-23,2530.0,2570.0,2510.0,2560.0,2445.9375,30704900.0
2026-01-26,2570.0,2600.0,2560.0,2590.0,2474.600830078125,25968800.0
2026-01-27,2590.0,2600.0,2530.0,2590.0,2474.600830078125,25926900.0
2026-01-28,2530.0,2580.0,2400.0,2450.0,2340.838623046875,50716500.0
2026-01-29,2450.0,2450.0,2220.0,2440.0,2331.2841796875,37405600.0
2026-01-30,2440.0,2500.0,2420.0,2480.0,2369.501953125,21023000.0
2026-02-02,2540.0,2610.0,2480.0,2540.0,2426.82861328125,65842000.0
2026-02-03,2540.0,2550.0,2490.0,2520.0,2407.7197265625,18391400.0
2026-02-04,2520.0,2560.0,2520.0,2550.0,2436.383056640625,21583800.0
2026-02-05,2580.0,2650.0,2560.0,2590.0,2474.600830078125,52650600.0
2026-02-06,2580.0,2590.0,2520.0,2550.0,2436.383056640625,22364000.0
2026-02-09,2550.0,2580.0,2520.0,2580.0,2465.04638671875,14194400.0
2026-02-10,2580.0,2580.0,2550.0,2580.0,2465.04638671875,13434000.0
2026-02-11,2580.0,2590.0,2550.0,2550.0,2436.383056640625,17360100.0
2026-02-12,2550.0,2580.0,2530.0,2550.0,2436.383056640625,14860100.0
2026-02-13,2560.0,2560.0,2540.0,2550.0,2436.383056640625,7763900.0
2026-02-18,2560.0,2620.0,2550.0,2620.0,2503.26416015625,26334600.0
2026-02-19,2630.0,2660.0,2610.0,2640.0,2522.373046875,36299700.0
2026-02-20,2640.0,2660.0,2610.0,2620.0,2503.26416015625,14520100.0
2026-02-23,2630.0,2640.0,2600.0,2630.0,2512.818603515625,9446400.0
2026-02-24,2630.0,2630.0,2590.0,2590.0,2474.600830078125,15217600.0
2026-02-25,2620.0,2630.0,2600.0,2630.0,2512.818603515625,11896300.0
2026-02-26,2630.0,2640.0,2580.0,2610.0,2493.709716796875,12915200.0
2026-02-27,2610.0,2620.0,2570.0,2600.0,2484.1552734375,9458900.0
2026-03-02,2620.0,2750.0,2610.0,2750.0,2627.471923828125,73917100.0
2026-03-03,2840.0,2940.0,2810.0,2920.0,2789.8974609375,148905100.0
2026-03-04,2930.0,2970.0,2790.0,2860.0,2732.57080078125,121906900.0
2026-03-05,2860.0,2970.0,2860.0,2970.0,2837.669677734375,88323100.0
2026-03-06,2970.0,3010.0,2910.0,2980.0,2847.22412109375,94306700.0
2026-03-09,2990.0,2990.0,2840.0,2950.0,2818.560791015625,72725300.0
2026-03-10,2930.0,2950.0,2890.0,2950.0,2818.560791015625,26486000.0
2026-03-11,2940.0,2950.0,2850.0,2870.0,2742.125244140625,25995900.0
2026-03-12,2870.0,2930.0,2870.0,2910.0,2780.343017578125,25949100.0
2026-03-13,2920.0,2940.0,2880.0,2910.0,2780.343017578125,16326800.0
2026-03-16,2920.0,2920.0,2840.0,2920.0,2789.8974609375,27882300.0
2026-03-17,2900.0,2930.0,2880.0,2910.0,2780.343017578125,18156300.0
2026-03-25,2910.0,3170.0,2890.0,3160.0,3019.2041015625,134168900.0
2026-03-26,3160.0,3180.0,3040.0,3130.0,2990.540771484375,38485700.0
2026-03-27,3130.0,3150.0,3060.0,3100.0,2961.87744140625,26659000.0
2026-03-30,3130.0,3160.0,3100.0,3150.0,3009.649658203125,38180700.0
2026-03-31,3160.0,3220.0,3130.0,3180.0,3038.31298828125,48824200.0
2026-04-01,3180.0,3190.0,2970.0,2980.0,2847.22412109375,60499300.0
2026-04-02,3000.0,3030.0,2910.0,2910.0,2780.343017578125,41964800.0
2026-04-06,2930.0,3010.0,2930.0,2980.0,2847.22412109375,21950500.0
2026-04-07,3000.0,3010.0,2870.0,2930.0,2799.451904296875,33065800.0
2026-04-08,2870.0,2930.0,2810.0,2860.0,2732.57080078125,53019400.0
2026-04-09,2860.0,2920.0,2850.0,2880.0,2751.6796875,19539100.0
2026-04-10,2880.0,2900.0,2860.0,2890.0,2761.234130859375,14675500.0
2026-04-13,2900.0,2950.0,2890.0,2920.0,2789.8974609375,27124500.0
2026-04-14,2950.0,2960.0,2910.0,2930.0,2799.451904296875,18535000.0
2026-04-15,2940.0,2940.0,2890.0,2900.0,2770.78857421875,18766700.0
2026-04-16,2890.0,2900.0,2860.0,2870.0,2742.125244140625,13610400.0
2026-04-17,2870.0,2910.0,2860.0,2900.0,2770.78857421875,11032000.0
2026-04-20,2900.0,2910.0,2850.0,2870.0,2742.125244140625,14870300.0
2026-04-21,2870.0,2930.0,2850.0,2910.0,2780.343017578125,17370400.0
2026-04-22,2930.0,3000.0,2920.0,3000.0,2866.3330078125,26315500.0
2026-04-23,3020.0,3020.0,2930.0,2960.0,2828.115234375,21797100.0
2026-04-24,2960.0,2960.0,2880.0,2900.0,2770.78857421875,20405800.0
2026-04-27,2900.0,2930.0,2860.0,2910.0,2780.343017578125,11926400.0
2026-04-28,2910.0,2920.0,2880.0,2890.0,2761.234130859375,9708300.0
2026-04-29,2890.0,2920.0,2870.0,2910.0,2780.343017578125,8737300.0
2026-04-30,2920.0,2930.0,2850.0,2870.0,2742.125244140625,14060300.0
2026-05-04,2900.0,2950.0,2890.0,2950.0,2818.560791015625,17446300.0
2026-05-05,2960.0,2970.0,2910.0,2950.0,2818.560791015625,11847100.0
2026-05-06,2950.0,2950.0,2900.0,2930.0,2799.451904296875,10142900.0
2026-05-07,2910.0,2930.0,2870.0,2880.0,2751.6796875,15964800.0
2026-05-08,2890.0,2920.0,2850.0,2860.0,2732.57080078125,12602300.0
2026-05-11,2860.0,2900.0,2810.0,2870.0,2742.125244140625,15126200.0
2026-05-12,2870.0,2880.0,2820.0,2860.0,2732.57080078125,10044200.0
2026-05-13,2860.0,2860.0,2820.0,2830.0,2703.907470703125,7812400.0
2026-05-14,2830.0,2830.0,2830.0,2830.0,2703.907470703125,0.0
2026-05-15,2830.0,2830.0,2830.0,2830.0,2703.907470703125,0.0
2026-05-18,2840.0,2860.0,2760.0,2850.0,2723.016357421875,17488500.0
2026-05-19,2850.0,2870.0,2640.0,2650.0,2531.927490234375,39725400.0
2026-05-20,2650.0,2860.0,2620.0,2820.0,2694.35302734375,46764500.0
2026-05-21,2820.0,2850.0,2700.0,2710.0,2589.254150390625,23420700.0
2026-05-22,2710.0,2760.0,2640.0,2720.0,2598.80859375,15862400.0
2026-05-25,2750.0,2860.0,2700.0,2800.0,2675.244140625,27203100.0
2026-05-26,2820.0,2870.0,2800.0,2840.0,2713.4619140625,13647500.0
2026-05-27,2840.0,2840.0,2840.0,2840.0,2713.4619140625,0.0
2026-05-28,2840.0,2840.0,2840.0,2840.0,2713.4619140625,0.0
2026-05-29,2840.0,2870.0,2770.0,2780.0,2656.13525390625,29747600.0
2026-06-02,2790.0,2810.0,2730.0,2760.0,2637.0263671875,16488300.0
2026-06-03,2780.0,2800.0,2600.0,2620.0,2503.26416015625,28439300.0
2026-06-04,2620.0,2690.0,2510.0,2660.0,2541.48193359375,30880500.0
2026-06-05,2660.0,2670.0,2580.0,2590.0,2474.600830078125,16106500.0
2026-06-08,2580.0,2580.0,2460.0,2500.0,2388.61083984375,21406900.0
2026-06-09,2500.0,2660.0,2480.0,2640.0,2522.373046875,20332400.0
2026-06-10,2700.0,2750.0,2640.0,2740.0,2617.91748046875,25276800.0
2026-06-11,2750.0,2780.0,2580.0,2630.0,2512.818603515625,31537200.0
2026-06-12,2600.0,2670.0,2550.0,2620.0,2503.26416015625,46138000.0
2026-06-15,2620.0,2700.0,2600.0,2620.0,2503.26416015625,39951600.0
2026-06-17,2620.0,2660.0,2570.0,2590.0,2474.600830078125,26024100.0
2026-06-18,2590.0,2610.0,2570.0,2580.0,2465.04638671875,13982900.0
2026-06-19,2620.0,2620.0,2510.0,2530.0,2417.274169921875,26880500.0
2026-06-22,2570.0,2620.0,2560.0,2570.0,2455.491943359375,38825500.0
2026-06-23,2470.0,2500.0,2430.0,2480.0,2480.0,19977700.0
2026-06-24,2490.0,2500.0,2400.0,2420.0,2420.0,13699200.0
2026-06-25,2420.0,2450.0,2360.0,2370.0,2370.0,17171200.0
2026-06-26,2350.0,2390.0,2320.0,2360.0,2360.0,16820300.0
2026-06-29,2360.0,2370.0,2300.0,2320.0,2320.0,12422600.0
2026-06-30,2320.0,2330.0,2250.0,2290.0,2290.0,16909100.0
2026-07-01,2290.0,2310.0,2250.0,2290.0,2290.0,10118100.0
2026-07-02,2280.0,2320.0,2260.0,2270.0,2270.0,10241400.0
2026-07-03,2280.0,2330.0,2270.0,2310.0,2310.0,8696800.0
2026-07-06,2320.0,2350.0,2320.0,2330.0,2330.0,6111200.0
2026-07-07,2330.0,2370.0,2320.0,2370.0,2370.0,9252000.0
2026-07-08,2370.0,2380.0,2330.0,2350.0,2350.0,7131800.0
2026-07-09,2350.0,2360.0,2320.0,2360.0,2360.0,5477200.0
2026-07-10,2360.0,2390.0,2350.0,2380.0,2380.0,8656000.0
2026-07-13,2380.0,2420.0,2350.0,2410.0,2410.0,10203500.0
2026-07-14,2430.0,2450.0,2400.0,2420.0,2420.0,8463100.0
2026-07-15,2420.0,2430.0,2390.0,2420.0,2420.0,6308500.0
2026-07-16,2420.0,2430.0,2400.0,2420.0,2420.0,4940900.0
2026-07-17,2420.0,2440.0,2400.0,2410.0,2410.0,15088000.0
2026-07-20,2420.0,2450.0,2420.0,2440.0,2440.0,13428700.0
2026-07-21,2450.0,2450.0,2410.0,2420.0,2420.0,12797400.0
2026-07-22,2420.0,2450.0,2400.0,2430.0,2430.0,9281500.0
2026-07-23,2430.0,2460.0,2420.0,2440.0,2440.0,18558900.0
2026-07-24,2440.0,2440.0,2370.0,2390.0,2390.0,12444000.0
2026-07-27,2390.0,2390.0,2330.0,2360.0,2360.0,10881400.0
2026-07-28,2350.0,2360.0,2330.0,2330.0,2330.0,9691400.0
2026-07-29,2330.0,2350.0,2320.0,2330.0,2330.0,10043500.0
2026-07-30,2330.0,2360.0,2330.0,2350.0,2350.0,9252500.0
2026-07-31,2350.0,2370.0,2320.0,2320.0,2320.0,27670000.0
2026-08-03,2340.0,2340.0,2310.0,2320.0,2320.0,14504100.0
2026-08-04,2320.0,2360.0,2320.0,2360.0,2360.0,9082700.0
2026-08-05,2370.0,2370.0,2340.0,2360.0,2360.0,13690100.0
2026-08-06,2360.0,2370.0,2350.0,2350.0,2350.0,9337400.0
2026-08-07,2360.0,2370.0,2350.0,2370.0,2370.0,9940400.0
2026-08-10,2380.0,2400.0,2370.0,2390.0,2390.0,10339700.0
2026-08-11,2390.0,2390.0,2330.0,2350.0,2350.0,9427900.0
2026-08-12,2340.0,2360.0,2330.0,2350.0,2350.0,10222900.0
2026-08-13,2350.0,2360.0,2330.0,2340.0,2340.0,5823800.0
2026-08-14,2340.0,2370.0,2320.0,2360.0,2360.0,10351500.0
2026-08-18,2360.0,2380.0,2350.0,2370.0,2370.0,10452300.0
2026-08-19,2380.0,2390.0,2350.0,2370.0,2370.0,9062800.0
2026-08-20,2380.0,2400.0,2360.0,2400.0,2400.0,7825700.0
2026-08-21,2400.0,2410.0,2380.0,2400.0,2400.0,8314400.0
2026-08-24,2410.0,2510.0,2380.0,2480.0,2480.0,33941000.0
2026-08-25,2480.0,2480.0,2480.0,2480.0,2480.0,0.0
2026-08-26,2460.0,2470.0,2410.0,2420.0,2420.0,19885800.0
2026-08-27,2410.0,2510.0,2400.0,2500.0,2500.0,23812700.0
2026-08-28,2540.0,2640.0,2510.0,2530.0,2530.0,37465600.0
2026-08-31,2550.0,2590.0,2540.0,2560.0,2560.0,30232000.0
2026-09-01,2660.0,2790.0,2660.0,2670.0,2670.0,115499100.0
2026-09-02,2700.0,2830.0,2700.0,2720.0,2720.0,93828700.0
2026-09-03,2760.0,2930.0,2760.0,2890.0,2890.0,109722100.0
2026-09-04,2920.0,2930.0,2860.0,2880.0,2880.0,26032000.0
2026-09-07,2900.0,3040.0,2900.0,3010.0,3010.0,92569800.0
2026-09-08,3010.0,3030.0,2970.0,3000.0,3000.0,67132000.0
2026-09-09,3030.0,3100.0,2970.0,3100.0,3100.0,104634100.0
2026-09-10,3080.0,3200.0,3050.0,3100.0,3100.0,81084900.0
2026-09-11,3110.0,3140.0,3040.0,3100.0,3100.0,51290600.0
2026-09-14,3100.0,3160.0,3020.0,3080.0,3080.0,46598300.0
2026-09-15,3080.0,3090.0,3020.0,3020.0,3020.0,22338600.0
2026-09-16,3020.0,3070.0,2980.0,3000.0,3000.0,25481200.0
2026-09-17,3010.0,3140.0,2990.0,3140.0,3140.0,49391500.0
2026-09-18,3140.0,3150.0,3080.0,3090.0,3090.0,35040000.0
2026-09-21,3090.0,3100.0,3030.0,3080.0,3080.0,15402900.0
2026-09-22,3070.0,3070.0,2990.0,3010.0,3010.0,22639100.0
