Date,Open,High,Low,Close,Adj Close,Volume
2016-09-22,4250.0,4270.0,4200.0,4230.0,2544.745849609375,159174700.0
2016-09-23,4230.0,4250.0,4170.0,4230.0,2544.745849609375,84251000.0
2016-09-26,4200.0,4250.0,4190.0,4240.0,2550.761962890625,78037000.0
2016-09-27,4190.0,4280.0,4170.0,4280.0,2574.82568359375,106582800.0
2016-09-28,4220.0,4270.0,4220.0,4250.0,2556.777587890625,66963300.0
2016-09-29,4230.0,4340.0,4230.0,4290.0,2580.841064453125,130275100.0
2016-09-30,4290.0,4400.0,4270.0,4310.0,2592.87353515625,137113000.0
2016-10-03,4360.0,4390.0,4310.0,4380.0,2634.985107421875,58639700.0
2016-10-04,4380.0,4400.0,4360.0,4360.0,2622.952880859375,69761200.0
2016-10-05,4330.0,4350.0,4280.0,4300.0,2586.857666015625,64563500.0
2016-10-06,4280.0,4300.0,4200.0,4210.0,2532.7138671875,83690900.0
2016-10-07,4220.0,4240.0,4170.0,4200.0,2526.697998046875,50796000.0
2016-10-10,4180.0,4230.0,4150.0,4160.0,2502.63427734375,33361000.0
2016-10-11,4170.0,4180.0,4120.0,4160.0,2502.63427734375,95073200.0
2016-10-12,4130.0,4160.0,4120.0,4140.0,2490.6025390625,77235200.0
2016-10-13,4150.0,4190.0,4140.0,4180.0,2514.666015625,95797800.0
2016-10-14,4200.0,4250.0,4180.0,4210.0,2532.7138671875,127750100.0
2016-10-17,4200.0,4250.0,4200.0,4240.0,2550.761962890625,62848500.0
2016-10-18,4250.0,4260.0,4220.0,4230.0,2544.745849609375,47811100.0
2016-10-19,4230.0,4250.0,4200.0,4200.0,2526.697998046875,39787500.0
2016-10-20,4210.0,4240.0,4180.0,4200.0,2526.697998046875,49146300.0
2016-10-21,4200.0,4240.0,4190.0,4210.0,2532.7138671875,32147200.0
2016-10-24,4200.0,4240.0,4190.0,4220.0,2538.729736328125,44928300.0
2016-10-25,4200.0,4220.0,4190.0,4200.0,2526.697998046875,70646400.0
2016-10-26,4180.0,4220.0,4180.0,4190.0,2520.682373046875,51043000.0
2016-10-27,4220.0,4260.0,4210.0,4240.0,2550.761962890625,59171100.0
2016-10-28,4220.0,4250.0,4220.0,4230.0,2544.745849609375,63978700.0
2016-10-31,4230.0,4250.0,4210.0,4220.0,2538.729736328125,87255800.0
2016-11-01,4230.0,4240.0,4200.0,4200.0,2526.697998046875,40526400.0
2016-11-02,4200.0,4240.0,4190.0,4200.0,2526.697998046875,65592600.0
2016-11-03,4200.0,4210.0,4120.0,4150.0,2496.618408203125,142513800.0
2016-11-04,4120.0,4160.0,4100.0,4150.0,2496.618408203125,94570400.0
2016-11-07,4150.0,4200.0,4130.0,4150.0,2496.618408203125,56762000.0
2016-11-08,4170.0,4300.0,4170.0,4280.0,2574.82568359375,73529000.0
2016-11-09,4250.0,4290.0,4110.0,4120.0,2478.570556640625,142550300.0
2016-11-10,4180.0,4220.0,4130.0,4190.0,2520.682373046875,197201200.0
2016-11-11,4050.0,4050.0,3910.0,3960.0,2382.315185546875,244873100.0
2016-11-14,3850.0,3880.0,3640.0,3790.0,2280.044189453125,331538800.0
2016-11-15,3830.0,3950.0,3760.0,3840.0,2310.12353515625,214754300.0
2016-11-16,3900.0,4030.0,3900.0,4000.0,2406.379150390625,195298100.0
2016-11-17,3950.0,4040.0,3950.0,4000.0,2406.379150390625,84236700.0
2016-11-18,4020.0,4030.0,3960.0,3970.0,2388.331298828125,98115300.0
2016-11-21,3950.0,3970.0,3920.0,3930.0,2364.267333984375,82463000.0
2016-11-22,3920.0,3970.0,3910.0,3950.0,2376.29931640625,69602800.0
2016-11-23,3930.0,3970.0,3920.0,3940.0,2370.283447265625,108352600.0
2016-11-24,3900.0,3930.0,3760.0,3810.0,2292.075927734375,91265600.0
2016-11-25,3770.0,3830.0,3770.0,3830.0,2304.108154296875,65999500.0
2016-11-28,3850.0,3860.0,3820.0,3840.0,2310.12353515625,61860400.0
2016-11-29,3830.0,3880.0,3830.0,3840.0,2310.12353515625,73215900.0
2016-11-30,3820.0,3900.0,3770.0,3780.0,2274.0283203125,145322000.0
2016-12-01,3820.0,3900.0,3810.0,3860.0,2322.156005859375,96825100.0
2016-12-02,3820.0,3960.0,3810.0,3910.0,2352.23583984375,68873200.0
2016-12-05,3900.0,4000.0,3890.0,3960.0,2382.315185546875,56831800.0
2016-12-06,3930.0,3960.0,3900.0,3910.0,2352.23583984375,67135100.0
2016-12-07,3890.0,3890.0,3820.0,3850.0,2316.139892578125,74498300.0
2016-12-08,3880.0,3940.0,3860.0,3940.0,2370.283447265625,80253900.0
2016-12-09,3930.0,3980.0,3910.0,3960.0,2382.315185546875,73229000.0
2016-12-13,3920.0,3970.0,3900.0,3970.0,2388.331298828125,85397800.0
2016-12-14,3910.0,3970.0,3910.0,3920.0,2358.25146484375,53216800.0
2016-12-15,3840.0,3940.0,3830.0,3910.0,2363.921875,58982800.0
2016-12-16,3910.0,3910.0,3820.0,3820.0,2309.50927734375,111038700.0
2016-12-19,3850.0,3890.0,3800.0,3800.0,2297.417236328125,64957800.0
2016-12-20,3750.0,3800.0,3710.0,3730.0,2255.0966796875,88601300.0
2016-12-21,3800.0,3850.0,3760.0,3780.0,2285.32568359375,65390700.0
2016-12-22,3720.0,3780.0,3720.0,3750.0,2267.188720703125,53482700.0
2016-12-23,3790.0,3790.0,3670.0,3690.0,2230.91357421875,46232300.0
2016-12-27,3690.0,3760.0,3670.0,3730.0,2255.0966796875,48998200.0
2016-12-28,3770.0,3840.0,3770.0,3830.0,2315.555419921875,39654200.0
2016-12-29,3830.0,3960.0,3810.0,3940.0,2382.05908203125,126802300.0
2016-12-30,3940.0,4020.0,3940.0,3980.0,2406.24267578125,128649100.0
2017-01-02,3980.0,3980.0,3980.0,3980.0,2406.24267578125,0.0
2017-01-03,3950.0,3990.0,3920.0,3950.0,2388.10498046875,71660600.0
2017-01-04,3880.0,3980.0,3880.0,3950.0,2388.10498046875,68494500.0
2017-01-05,3960.0,4030.0,3940.0,3950.0,2388.10498046875,74018400.0
2017-01-06,3970.0,4010.0,3960.0,4000.0,2418.33447265625,44136900.0
2017-01-09,4000.0,4030.0,3990.0,4020.0,2430.426025390625,85713200.0
2017-01-10,4030.0,4030.0,3960.0,4000.0,2418.33447265625,44608000.0
2017-01-11,3960.0,4000.0,3950.0,3960.0,2394.15087890625,47226300.0
2017-01-12,3920.0,3970.0,3920.0,3960.0,2394.15087890625,45738500.0
2017-01-13,3930.0,3970.0,3930.0,3950.0,2388.10498046875,64704600.0
2017-01-16,3970.0,4000.0,3950.0,3950.0,2388.10498046875,42188800.0
2017-01-17,3980.0,4000.0,3960.0,3970.0,2400.197021484375,45793400.0
2017-01-18,3960.0,4010.0,3950.0,3960.0,2394.15087890625,56558200.0
2017-01-19,3940.0,3980.0,3920.0,3970.0,2400.197021484375,53435400.0
2017-01-20,3920.0,3940.0,3820.0,3830.0,2315.555419921875,101523500.0
2017-01-23,3800.0,3880.0,3780.0,3840.0,2321.6005859375,77653500.0
2017-01-24,3850.0,3950.0,3850.0,3910.0,2363.921875,113430200.0
2017-01-25,3940.0,3940.0,3890.0,3900.0,2357.8759765625,47799100.0
2017-01-26,3900.0,3960.0,3860.0,3940.0,2382.05908203125,60944600.0
2017-01-27,3900.0,3920.0,3880.0,3890.0,2351.830322265625,47240400.0
2017-01-30,3860.0,3910.0,3860.0,3860.0,2333.692626953125,30060700.0
2017-01-31,3870.0,3920.0,3860.0,3870.0,2339.73876953125,57849200.0
2017-02-01,3910.0,3980.0,3900.0,3940.0,2382.05908203125,77648400.0
2017-02-02,3940.0,3980.0,3900.0,3950.0,2388.10498046875,73895600.0
2017-02-03,3900.0,3970.0,3900.0,3950.0,2388.10498046875,59225000.0
2017-02-06,3940.0,3960.0,3910.0,3960.0,2394.15087890625,52999700.0
2017-02-07,3930.0,3960.0,3920.0,3920.0,2369.9677734375,66017500.0
2017-02-08,3900.0,3920.0,3860.0,3870.0,2339.73876953125,115706000.0
2017-02-09,3870.0,3910.0,3860.0,3870.0,2339.73876953125,78090700.0
2017-02-10,3870.0,3910.0,3860.0,3890.0,2351.830322265625,91636700.0
2017-02-13,3920.0,3920.0,3900.0,3920.0,2369.9677734375,54547600.0
2017-02-14,3900.0,3900.0,3840.0,3860.0,2333.692626953125,146309400.0
2017-02-15,3860.0,3860.0,3860.0,3860.0,2333.692626953125,0.0
2017-02-16,3880.0,3890.0,3840.0,3870.0,2339.73876953125,127779400.0
2017-02-17,3890.0,3890.0,3850.0,3870.0,2339.73876953125,80814700.0
2017-02-20,3860.0,3880.0,3850.0,3870.0,2339.73876953125,26820400.0
2017-02-21,3880.0,3890.0,3860.0,3880.0,2345.784423828125,49368500.0
2017-02-22,3880.0,3890.0,3850.0,3880.0,2345.784423828125,74260200.0
2017-02-23,3860.0,3870.0,3830.0,3840.0,2321.6005859375,122760100.0
2017-02-24,3830.0,3870.0,3830.0,3840.0,2321.6005859375,71119600.0
2017-02-27,3850.0,3890.0,3850.0,3870.0,2339.73876953125,54712100.0
2017-02-28,3860.0,3900.0,3850.0,3850.0,2327.64697265625,65928100.0
2017-03-01,3870.0,3890.0,3840.0,3850.0,2327.64697265625,79662500.0
2017-03-02,3870.0,3870.0,3830.0,3830.0,2315.555419921875,59748700.0
2017-03-03,3820.0,3870.0,3810.0,3850.0,2327.64697265625,92350100.0
2017-03-06,3860.0,3920.0,3850.0,3920.0,2369.9677734375,99064100.0
2017-03-07,3920.0,3950.0,3890.0,3950.0,2388.10498046875,61945400.0
2017-03-08,3920.0,3930.0,3880.0,3880.0,2345.784423828125,31336300.0
2017-03-09,3960.0,3960.0,3880.0,3960.0,2394.15087890625,83224900.0
2017-03-10,3970.0,3990.0,3910.0,3950.0,2388.10498046875,70318300.0
2017-03-13,3940.0,3970.0,3920.0,3950.0,2388.10498046875,54433000.0
2017-03-14,3950.0,4070.0,3950.0,4050.0,2448.5634765625,122779100.0
2017-03-15,4030.0,4080.0,4010.0,4040.0,2442.517578125,80434200.0
2017-03-16,4060.0,4150.0,4060.0,4140.0,2502.976318359375,123306900.0
2017-03-17,4140.0,4140.0,4030.0,4110.0,2484.838623046875,123085600.0
2017-03-20,4100.0,4110.0,4050.0,4100.0,2478.792724609375,87628300.0
2017-03-21,4060.0,4120.0,4060.0,4090.0,2472.746826171875,75349600.0
2017-03-22,4060.0,4080.0,4010.0,4070.0,2460.6552734375,110927600.0
2017-03-23,4070.0,4100.0,4050.0,4090.0,2472.746826171875,72319900.0
2017-03-24,4080.0,4110.0,4050.0,4080.0,2466.700927734375,71877500.0
2017-03-27,4080.0,4090.0,4070.0,4080.0,2466.700927734375,56070700.0
2017-03-29,4080.0,4150.0,4080.0,4150.0,2509.021728515625,84076600.0
2017-03-30,4140.0,4170.0,4110.0,4140.0,2502.976318359375,61410200.0
2017-03-31,4180.0,4190.0,4130.0,4130.0,2496.93017578125,88859000.0
2017-04-03,4130.0,4200.0,4130.0,4170.0,2521.11376953125,66564400.0
2017-04-04,4170.0,4290.0,4170.0,4250.0,2569.480224609375,108165500.0
2017-04-05,4250.0,4250.0,4250.0,4250.0,2569.480224609375,0.0
2017-04-06,4180.0,4200.0,4130.0,4170.0,2521.11376953125,79905800.0
2017-04-07,4130.0,4140.0,4110.0,4130.0,2496.93017578125,72954300.0
2017-04-10,4110.0,4140.0,4090.0,4100.0,2478.792724609375,53211800.0
2017-04-11,4110.0,4180.0,4110.0,4150.0,2509.021728515625,54580200.0
2017-04-12,4170.0,4170.0,4110.0,4150.0,2509.021728515625,33441400.0
2017-04-13,4150.0,4170.0,4090.0,4090.0,2472.746826171875,47225000.0
2017-04-17,4090.0,4090.0,4010.0,4010.0,2424.38037109375,51373500.0
2017-04-18,4060.0,4120.0,4050.0,4070.0,2460.6552734375,68193500.0
2017-04-19,4070.0,4070.0,4070.0,4070.0,2460.6552734375,0.0
2017-04-20,4030.0,4150.0,4030.0,4110.0,2484.838623046875,110208600.0
2017-04-21,4180.0,4420.0,4170.0,4420.0,2672.260009765625,237062100.0
2017-04-25,4500.0,4520.0,4330.0,4420.0,2672.260009765625,213322700.0
2017-04-26,4380.0,4410.0,4360.0,4400.0,2660.167724609375,103930700.0
2017-04-27,4380.0,4400.0,4360.0,4370.0,2642.030517578125,78695300.0
2017-04-28,4400.0,4410.0,4370.0,4370.0,2642.030517578125,124845700.0
2017-05-02,4410.0,4450.0,4380.0,4410.0,2666.21337890625,140198900.0
2017-05-03,4400.0,4400.0,4330.0,4340.0,2695.63427734375,92896600.0
2017-05-04,4360.0,4390.0,4340.0,4370.0,2714.267822265625,100510700.0
2017-05-05,4350.0,4360.0,4330.0,4340.0,2695.63427734375,43566800.0
2017-05-08,4370.0,4380.0,4310.0,4340.0,2695.63427734375,85508700.0
2017-05-09,4390.0,4450.0,4330.0,4340.0,2695.63427734375,90061700.0
2017-05-10,4340.0,4410.0,4330.0,4370.0,2714.267822265625,85484500.0
2017-05-12,4410.0,4440.0,4380.0,4400.0,2732.901123046875,84813500.0
2017-05-15,4420.0,4420.0,4320.0,4360.0,2708.056396484375,88965200.0
2017-05-16,4390.0,4390.0,4340.0,4340.0,2695.63427734375,79436500.0
2017-05-17,4380.0,4380.0,4300.0,4340.0,2695.63427734375,65470700.0
2017-05-18,4300.0,4340.0,4270.0,4310.0,2677.000732421875,78913600.0
2017-05-19,4300.0,4650.0,4300.0,4530.0,2813.645751953125,140860000.0
2017-05-22,4590.0,4670.0,4440.0,4470.0,2776.379150390625,92800400.0
2017-05-23,4500.0,4520.0,4370.0,4400.0,2732.901123046875,70551200.0
2017-05-24,4360.0,4410.0,4330.0,4360.0,2708.056396484375,76441800.0
2017-05-26,4430.0,4490.0,4430.0,4470.0,2776.379150390625,123903300.0
2017-05-29,4470.0,4470.0,4360.0,4390.0,2726.68994140625,69694400.0
2017-05-30,4350.0,4380.0,4330.0,4330.0,2689.423095703125,57720500.0
2017-05-31,4350.0,4370.0,4300.0,4350.0,2701.845458984375,184808900.0
2017-06-01,4350.0,4350.0,4350.0,4350.0,2701.845458984375,0.0
2017-06-02,4400.0,4450.0,4340.0,4380.0,2720.478759765625,168414800.0
2017-06-05,4340.0,4380.0,4300.0,4340.0,2695.63427734375,88200300.0
2017-06-06,4350.0,4350.0,4300.0,4310.0,2677.000732421875,99538800.0
2017-06-07,4350.0,4350.0,4290.0,4320.0,2683.212158203125,99176400.0
2017-06-08,4320.0,4320.0,4300.0,4300.0,2670.7900390625,88979800.0
2017-06-09,4370.0,4380.0,4320.0,4330.0,2689.423095703125,137960200.0
2017-06-12,4320.0,4340.0,4310.0,4330.0,2689.423095703125,52481100.0
2017-06-13,4340.0,4360.0,4330.0,4360.0,2708.056396484375,61967400.0
2017-06-14,4380.0,4380.0,4330.0,4360.0,2708.056396484375,72198600.0
2017-06-15,4350.0,4370.0,4330.0,4360.0,2708.056396484375,50887900.0
2017-06-16,4330.0,4440.0,4330.0,4370.0,2714.267822265625,267351200.0
2017-06-19,4400.0,4420.0,4390.0,4400.0,2732.901123046875,48458800.0
2017-06-20,4420.0,4510.0,4400.0,4490.0,2788.80126953125,93396600.0
2017-06-21,4480.0,4530.0,4460.0,4520.0,2807.43505859375,116596300.0
2017-06-22,4540.0,4540.0,4500.0,4520.0,2807.43505859375,76420700.0
2017-06-23,4520.0,4520.0,4520.0,4520.0,2807.43505859375,0.0
2017-06-26,4520.0,4520.0,4520.0,4520.0,2807.43505859375,0.0
2017-06-27,4520.0,4520.0,4520.0,4520.0,2807.43505859375,0.0
2017-06-28,4520.0,4520.0,4520.0,4520.0,2807.43505859375,0.0
2017-06-29,4520.0,4520.0,4520.0,4520.0,2807.43505859375,0.0
2017-06-30,4520.0,4520.0,4520.0,4520.0,2807.43505859375,0.0
2017-07-03,4530.0,4790.0,4520.0,4790.0,2975.13525390625,213322100.0
2017-07-04,4710.0,4730.0,4590.0,4590.0,2850.91259765625,126977200.0
2017-07-05,4550.0,4590.0,4530.0,4580.0,2844.70166015625,76950600.0
2017-07-06,4570.0,4680.0,4570.0,4650.0,2888.1796875,74712800.0
2017-07-07,4640.0,4690.0,4630.0,4630.0,2875.75732421875,74859600.0
2017-07-10,4670.0,4670.0,4560.0,4570.0,2838.490478515625,40905200.0
2017-07-11,4590.0,4640.0,4560.0,4600.0,2857.124267578125,59015400.0
2017-07-12,4580.0,4640.0,4580.0,4620.0,2869.546630859375,42386500.0
2017-07-13,4660.0,4680.0,4580.0,4600.0,2857.124267578125,83010800.0
2017-07-14,4580.0,4620.0,4570.0,4600.0,2857.124267578125,61198800.0
2017-07-17,4570.0,4650.0,4570.0,4650.0,2888.1796875,53983200.0
2017-07-18,4660.0,4660.0,4590.0,4630.0,2875.75732421875,63087200.0
2017-07-19,4630.0,4630.0,4570.0,4600.0,2857.124267578125,31882000.0
2017-07-20,4620.0,4650.0,4600.0,4630.0,2875.75732421875,65946300.0
2017-07-21,4600.0,4620.0,4530.0,4560.0,2832.279296875,61852600.0
2017-07-24,4500.0,4650.0,4500.0,4650.0,2888.1796875,139361700.0
2017-07-25,4680.0,4740.0,4640.0,4720.0,2931.65771484375,82776400.0
2017-07-26,4700.0,4740.0,4650.0,4700.0,2919.2353515625,65286900.0
2017-07-27,4700.0,4720.0,4650.0,4650.0,2888.1796875,79556300.0
2017-07-28,4670.0,4720.0,4660.0,4700.0,2919.2353515625,77012600.0
2017-07-31,4680.0,4750.0,4670.0,4690.0,2913.024169921875,105620500.0
2017-08-01,4700.0,4820.0,4690.0,4770.0,2962.71337890625,98006400.0
2017-08-02,4800.0,4840.0,4780.0,4800.0,2981.3466796875,76646000.0
2017-08-03,4760.0,4790.0,4670.0,4700.0,2919.2353515625,57453500.0
2017-08-04,4700.0,4710.0,4660.0,4670.0,2900.60205078125,53596700.0
2017-08-07,4670.0,4730.0,4660.0,4670.0,2900.60205078125,50259300.0
2017-08-08,4650.0,4690.0,4650.0,4690.0,2913.024169921875,55006100.0
2017-08-09,4670.0,4720.0,4670.0,4710.0,2925.4462890625,67040700.0
2017-08-10,4720.0,4730.0,4700.0,4710.0,2925.4462890625,36139000.0
2017-08-11,4690.0,4700.0,4660.0,4680.0,2906.813232421875,61681900.0
2017-08-14,4720.0,4730.0,4700.0,4710.0,2925.4462890625,45942500.0
2017-08-15,4750.0,4750.0,4710.0,4730.0,2937.86865234375,62541500.0
2017-08-16,4750.0,4780.0,4730.0,4770.0,2962.71337890625,72564900.0
2017-08-17,4770.0,4770.0,4770.0,4770.0,2962.71337890625,0.0
2017-08-18,4770.0,4820.0,4770.0,4780.0,2968.92431640625,72171800.0
2017-08-21,4800.0,4800.0,4730.0,4770.0,2962.71337890625,36963300.0
2017-08-22,4800.0,4810.0,4770.0,4790.0,2975.13525390625,45279100.0
2017-08-23,4800.0,4810.0,4750.0,4800.0,2981.3466796875,55475800.0
2017-08-24,4800.0,4800.0,4760.0,4780.0,2968.92431640625,59747100.0
2017-08-25,4800.0,4810.0,4770.0,4770.0,2962.71337890625,34666200.0
2017-08-28,4740.0,4770.0,4720.0,4750.0,2950.291015625,42681600.0
2017-08-29,4740.0,4760.0,4710.0,4730.0,2937.86865234375,66770700.0
2017-08-30,4720.0,4760.0,4720.0,4740.0,2944.079833984375,41010800.0
2017-08-31,4740.0,4750.0,4690.0,4690.0,2913.024169921875,60803000.0
2017-09-01,4690.0,4690.0,4690.0,4690.0,2913.024169921875,0.0
2017-09-04,4710.0,4710.0,4660.0,4680.0,2906.813232421875,74663400.0
2017-09-05,4670.0,4680.0,4620.0,4650.0,2888.1796875,71280300.0
2017-09-06,4650.0,4730.0,4650.0,4710.0,2925.4462890625,60257800.0
2017-09-07,4700.0,4730.0,4690.0,4700.0,2919.2353515625,47238900.0
2017-09-08,4670.0,4720.0,4670.0,4720.0,2931.65771484375,40939600.0
2017-09-11,4710.0,4720.0,4700.0,4710.0,2925.4462890625,45419200.0
2017-09-12,4720.0,4730.0,4700.0,4720.0,2931.65771484375,68810000.0
2017-09-13,4650.0,4730.0,4650.0,4690.0,2913.024169921875,55115400.0
2017-09-14,4690.0,4700.0,4660.0,4670.0,2900.60205078125,53421400.0
2017-09-15,4650.0,4700.0,4650.0,4690.0,2913.024169921875,112759200.0
2017-09-18,4680.0,4720.0,4660.0,4710.0,2925.4462890625,61345400.0
2017-09-19,4690.0,4720.0,4680.0,4710.0,2925.4462890625,54676900.0
2017-09-20,4690.0,4710.0,4680.0,4690.0,2913.024169921875,58141200.0
2017-09-21,4690.0,4690.0,4690.0,4690.0,2913.024169921875,0.0
2017-09-22,4690.0,4690.0,4610.0,4640.0,2881.968505859375,100046700.0
2017-09-25,4620.0,4670.0,4610.0,4650.0,2888.1796875,33070000.0
2017-09-26,4640.0,4710.0,4640.0,4690.0,2913.024169921875,83557100.0
2017-09-27,4690.0,4710.0,4680.0,4700.0,2919.2353515625,60995800.0
2017-09-28,4720.0,4740.0,4710.0,4710.0,2925.4462890625,105241200.0
2017-09-29,4700.0,4750.0,4670.0,4680.0,2906.813232421875,202031900.0
2017-10-02,4690.0,4690.0,4660.0,4680.0,2906.813232421875,79696400.0
2017-10-03,4650.0,4700.0,4640.0,4690.0,2913.024169921875,113933700.0
2017-10-04,4660.0,4710.0,4660.0,4690.0,2913.024169921875,101963100.0
2017-10-05,4680.0,4690.0,4640.0,4660.0,2894.390869140625,164687600.0
2017-10-06,4680.0,4680.0,4630.0,4660.0,2894.390869140625,83595800.0
2017-10-09,4640.0,4660.0,4610.0,4620.0,2869.546630859375,73027700.0
2017-10-10,4650.0,4650.0,4510.0,4530.0,2813.645751953125,95524700.0
2017-10-11,4540.0,4550.0,4310.0,4400.0,2732.901123046875,365951800.0
2017-10-12,4380.0,4490.0,4370.0,4440.0,2757.745849609375,163091000.0
2017-10-13,4440.0,4450.0,4400.0,4430.0,2751.5341796875,122491000.0
2017-10-16,4380.0,4480.0,4380.0,4450.0,2763.956787109375,167517000.0
2017-10-17,4400.0,4410.0,4320.0,4400.0,2732.901123046875,286827400.0
2017-10-18,4400.0,4400.0,4190.0,4300.0,2670.7900390625,379725700.0
2017-10-19,4230.0,4250.0,4180.0,4210.0,2614.889404296875,231274800.0
2017-10-20,4250.0,4290.0,4200.0,4270.0,2652.15625,107642900.0
2017-10-23,4270.0,4320.0,4240.0,4250.0,2639.73388671875,118213500.0
2017-10-24,4270.0,4270.0,4230.0,4230.0,2627.3115234375,69942200.0
2017-10-25,4210.0,4230.0,4060.0,4090.0,2540.355712890625,308355300.0
2017-10-26,4010.0,4260.0,4010.0,4160.0,2583.833984375,348271000.0
2017-10-27,4190.0,4200.0,4080.0,4150.0,2577.62255859375,122923500.0
2017-10-30,4150.0,4180.0,4080.0,4080.0,2534.14453125,140445100.0
2017-10-31,4150.0,4150.0,4030.0,4030.0,2503.089111328125,111757900.0
2017-11-01,4070.0,4080.0,3910.0,3950.0,2453.399658203125,267366500.0
2017-11-02,3980.0,4110.0,3970.0,4030.0,2503.089111328125,154764900.0
2017-11-03,4050.0,4100.0,4010.0,4090.0,2540.355712890625,80926400.0
2017-11-06,4100.0,4210.0,4070.0,4190.0,2602.46728515625,177511800.0
2017-11-07,4180.0,4210.0,4160.0,4190.0,2602.46728515625,84694700.0
2017-11-08,4160.0,4160.0,4100.0,4100.0,2546.56689453125,145225500.0
2017-11-09,4100.0,4180.0,4100.0,4160.0,2583.833984375,91933800.0
2017-11-10,4130.0,4160.0,4120.0,4120.0,2558.9892578125,56993800.0
2017-11-13,4130.0,4160.0,4100.0,4100.0,2546.56689453125,92109100.0
2017-11-14,4100.0,4110.0,4070.0,4080.0,2534.14453125,64809800.0
2017-11-15,4090.0,4180.0,4080.0,4130.0,2565.2001953125,96128400.0
2017-11-16,4150.0,4230.0,4150.0,4200.0,2608.678466796875,134137000.0
2017-11-17,4200.0,4230.0,4200.0,4200.0,2608.678466796875,80261800.0
2017-11-20,4220.0,4220.0,4150.0,4150.0,2577.62255859375,48453900.0
2017-11-21,4170.0,4200.0,4150.0,4200.0,2608.678466796875,96842900.0
2017-11-22,4220.0,4220.0,4190.0,4200.0,2608.678466796875,69602300.0
2017-11-23,4200.0,4270.0,4200.0,4250.0,2639.73388671875,62887900.0
2017-11-24,4220.0,4320.0,4220.0,4320.0,2683.212158203125,87879900.0
2017-11-27,4320.0,4350.0,4280.0,4300.0,2670.7900390625,82769500.0
2017-11-28,4270.0,4290.0,4230.0,4240.0,2633.523193359375,99928100.0
2017-11-29,4220.0,4240.0,4180.0,4200.0,2608.678466796875,79872900.0
2017-11-30,4200.0,4220.0,4150.0,4150.0,2577.62255859375,185905200.0
2017-12-01,4150.0,4150.0,4150.0,4150.0,2577.62255859375,0.0
2017-12-04,4180.0,4230.0,4160.0,4200.0,2608.678466796875,78040500.0
2017-12-05,4210.0,4220.0,4180.0,4200.0,2608.678466796875,96504800.0
2017-12-06,4160.0,4210.0,4160.0,4200.0,2608.678466796875,92126500.0
2017-12-07,4200.0,4210.0,4160.0,4200.0,2608.678466796875,52703100.0
2017-12-08,4150.0,4200.0,4120.0,4140.0,2571.41162109375,88536500.0
2017-12-11,4110.0,4150.0,4110.0,4140.0,2571.41162109375,47625800.0
2017-12-12,4150.0,4190.0,4150.0,4170.0,2590.045166015625,63036000.0
2017-12-13,4150.0,4200.0,4150.0,4200.0,2608.678466796875,49020200.0
2017-12-14,4220.0,4250.0,4200.0,4250.0,2639.73388671875,61517800.0
2017-12-15,4200.0,4240.0,4180.0,4230.0,2627.3115234375,77110600.0
2017-12-18,4250.0,4250.0,4170.0,4240.0,2633.523193359375,47756500.0
2017-12-19,4200.0,4200.0,4170.0,4190.0,2602.46728515625,85383600.0
2017-12-20,4190.0,4200.0,4160.0,4160.0,2583.833984375,87778400.0
2017-12-21,4190.0,4250.0,4170.0,4250.0,2639.73388671875,83893400.0
2017-12-22,4250.0,4300.0,4210.0,4300.0,2670.7900390625,50330400.0
2017-12-25,4300.0,4300.0,4300.0,4300.0,2670.7900390625,0.0
2017-12-26,4300.0,4300.0,4300.0,4300.0,2670.7900390625,0.0
2017-12-27,4270.0,4310.0,4270.0,4300.0,2670.7900390625,32211800.0
2017-12-28,4300.0,4390.0,4270.0,4390.0,2726.68994140625,88576700.0
2017-12-29,4390.0,4460.0,4390.0,4440.0,2757.745849609375,110053200.0
2018-01-01,4440.0,4440.0,4440.0,4440.0,2757.745849609375,0.0
2018-01-02,4430.0,4460.0,4380.0,4410.0,2739.112060546875,66075600.0
2018-01-03,4380.0,4380.0,4200.0,4230.0,2627.3115234375,129205000.0
2018-01-04,4230.0,4250.0,4190.0,4220.0,2621.1005859375,77953300.0
2018-01-05,4220.0,4280.0,4200.0,4280.0,2658.36767578125,55863000.0
2018-01-08,4250.0,4290.0,4250.0,4260.0,2645.9453125,42916700.0
2018-01-09,4240.0,4240.0,4180.0,4200.0,2608.678466796875,100497400.0
2018-01-10,4200.0,4250.0,4180.0,4190.0,2602.46728515625,95004000.0
2018-01-11,4200.0,4200.0,4150.0,4170.0,2590.045166015625,80524900.0
2018-01-12,4160.0,4190.0,4130.0,4130.0,2565.2001953125,70976800.0
2018-01-15,4160.0,4170.0,4100.0,4120.0,2558.9892578125,71388000.0
2018-01-16,4150.0,4220.0,4120.0,4210.0,2614.889404296875,84393300.0
2018-01-17,4210.0,4220.0,4180.0,4200.0,2608.678466796875,77197700.0
2018-01-18,4210.0,4240.0,4160.0,4170.0,2590.045166015625,100089500.0
2018-01-19,4190.0,4190.0,4120.0,4160.0,2583.833984375,70890100.0
2018-01-22,4120.0,4160.0,4120.0,4130.0,2565.2001953125,83090400.0
2018-01-23,4160.0,4160.0,4030.0,4090.0,2540.355712890625,184176500.0
2018-01-24,4090.0,4090.0,3970.0,3980.0,2472.033203125,241779600.0
2018-01-25,3980.0,4020.0,3920.0,3970.0,2465.822265625,232552500.0
2018-01-26,3990.0,4160.0,3990.0,4150.0,2577.62255859375,246067800.0
2018-01-29,4170.0,4180.0,4030.0,4070.0,2527.93359375,156356300.0
2018-01-30,4020.0,4040.0,3960.0,3970.0,2465.822265625,140694300.0
2018-01-31,3960.0,4060.0,3950.0,3990.0,2478.244384765625,112276200.0
2018-02-01,4030.0,4070.0,3980.0,3980.0,2472.033203125,102291000.0
2018-02-02,4030.0,4030.0,4000.0,4000.0,2484.45556640625,71707200.0
2018-02-05,3950.0,4030.0,3920.0,4010.0,2490.666748046875,70792500.0
2018-02-06,3950.0,3990.0,3930.0,3940.0,2447.1884765625,146207400.0
2018-02-07,3990.0,4020.0,3950.0,3980.0,2472.033203125,120081100.0
2018-02-08,3980.0,4040.0,3940.0,4020.0,2496.877685546875,101865000.0
2018-02-09,3970.0,4000.0,3940.0,3950.0,2453.399658203125,78255000.0
2018-02-12,3950.0,3990.0,3950.0,3960.0,2459.61083984375,58535200.0
2018-02-13,3990.0,4060.0,3980.0,4040.0,2509.300048828125,79288000.0
2018-02-14,4050.0,4080.0,3990.0,4040.0,2509.300048828125,63313200.0
2018-02-15,4050.0,4060.0,4000.0,4010.0,2490.666748046875,32896000.0
2018-02-16,4010.0,4010.0,4010.0,4010.0,2490.666748046875,0.0
2018-02-19,4050.0,4080.0,4040.0,4050.0,2515.51123046875,89429500.0
2018-02-20,4080.0,4080.0,4040.0,4070.0,2527.93359375,53466600.0
2018-02-21,4040.0,4080.0,4020.0,4070.0,2527.93359375,74130200.0
2018-02-22,4070.0,4070.0,4010.0,4010.0,2490.666748046875,91272600.0
2018-02-23,4030.0,4040.0,4010.0,4030.0,2503.089111328125,59706400.0
2018-02-26,4050.0,4050.0,4010.0,4030.0,2503.089111328125,56293900.0
2018-02-27,4030.0,4030.0,3960.0,4020.0,2496.877685546875,81554100.0
2018-02-28,3970.0,4050.0,3970.0,4000.0,2484.45556640625,94528200.0
2018-03-01,4050.0,4090.0,4020.0,4060.0,2521.72265625,84215600.0
2018-03-02,4060.0,4070.0,4030.0,4070.0,2527.93359375,61410200.0
2018-03-05,4050.0,4060.0,4000.0,4020.0,2496.877685546875,56394900.0
2018-03-06,4050.0,4060.0,4020.0,4020.0,2496.877685546875,59010500.0
2018-03-07,4000.0,4040.0,3980.0,4000.0,2484.45556640625,100646000.0
2018-03-08,4050.0,4140.0,4020.0,4140.0,2571.41162109375,152547000.0
2018-03-09,4150.0,4160.0,4090.0,4150.0,2577.62255859375,97354700.0
2018-03-12,4170.0,4200.0,4130.0,4200.0,2608.678466796875,87344000.0
2018-03-13,4160.0,4180.0,4080.0,4090.0,2540.355712890625,96605900.0
2018-03-14,4070.0,4090.0,4040.0,4060.0,2521.72265625,74296000.0
2018-03-15,4030.0,4040.0,3930.0,3930.0,2440.9775390625,133775500.0
2018-03-16,3930.0,3950.0,3820.0,3820.0,2372.655029296875,208216200.0
2018-03-19,3860.0,3900.0,3810.0,3820.0,2372.655029296875,111808000.0
2018-03-20,3800.0,3810.0,3640.0,3660.0,2273.276611328125,254154700.0
2018-03-21,3660.0,3720.0,3630.0,3710.0,2304.332763671875,152085900.0
2018-03-22,3720.0,3810.0,3690.0,3700.0,2298.12109375,132850400.0
2018-03-23,3520.0,3690.0,3520.0,3660.0,2273.276611328125,104485500.0
2018-03-26,3600.0,3650.0,3580.0,3590.0,2229.798583984375,104993600.0
2018-03-27,3630.0,3650.0,3540.0,3560.0,2211.16552734375,106157400.0
2018-03-28,3570.0,3620.0,3540.0,3570.0,2217.376708984375,83907700.0
2018-03-29,3580.0,3600.0,3530.0,3600.0,2236.010009765625,106930200.0
2018-03-30,3600.0,3600.0,3600.0,3600.0,2236.010009765625,0.0
2018-04-02,3640.0,3680.0,3600.0,3670.0,2279.488037109375,63944000.0
2018-04-03,3640.0,3670.0,3620.0,3630.0,2254.643310546875,57234700.0
2018-04-04,3630.0,3660.0,3570.0,3600.0,2236.010009765625,80976000.0
2018-04-05,3650.0,3690.0,3650.0,3680.0,2285.69873046875,102973700.0
2018-04-06,3680.0,3690.0,3650.0,3650.0,2267.065673828125,62905500.0
2018-04-09,3630.0,3780.0,3630.0,3770.0,2341.599609375,114947800.0
2018-04-10,3740.0,3880.0,3730.0,3860.0,2397.49951171875,138847700.0
2018-04-11,3850.0,3890.0,3850.0,3870.0,2403.7109375,58454500.0
2018-04-12,3830.0,3860.0,3740.0,3750.0,2329.17724609375,76340800.0
2018-04-13,3760.0,3780.0,3630.0,3660.0,2273.276611328125,88313600.0
2018-04-16,3660.0,3660.0,3660.0,3660.0,2273.276611328125,0.0
2018-04-17,3660.0,3660.0,3660.0,3660.0,2273.276611328125,0.0
2018-04-18,3720.0,3770.0,3710.0,3770.0,2341.599609375,65927000.0
2018-04-19,3770.0,3770.0,3770.0,3770.0,2341.599609375,0.0
2018-04-20,3770.0,3770.0,3770.0,3770.0,2341.599609375,0.0
2018-04-23,3720.0,3780.0,3720.0,3750.0,2329.17724609375,72362700.0
2018-04-24,3810.0,3830.0,3770.0,3830.0,2378.866455078125,81396500.0
2018-04-25,3830.0,3830.0,3830.0,3830.0,2378.866455078125,0.0
2018-04-26,3830.0,3830.0,3830.0,3830.0,2378.866455078125,0.0
2018-04-27,3830.0,3830.0,3830.0,3830.0,2378.866455078125,0.0
2018-04-30,3750.0,3870.0,3750.0,3830.0,2378.866455078125,95418200.0
2018-05-01,3830.0,3830.0,3830.0,3830.0,2378.866455078125,0.0
2018-05-02,3810.0,3880.0,3780.0,3870.0,2403.7109375,118872100.0
2018-05-03,3850.0,3860.0,3740.0,3740.0,2322.9658203125,91601300.0
2018-05-04,3700.0,3750.0,3650.0,3730.0,2316.754638671875,80894300.0
2018-05-07,3750.0,3820.0,3730.0,3800.0,2360.232421875,97351600.0
2018-05-08,3650.0,3670.0,3570.0,3620.0,2352.214599609375,107379900.0
2018-05-09,3600.0,3780.0,3530.0,3700.0,2404.19677734375,149687500.0
2018-05-10,3700.0,3700.0,3700.0,3700.0,2404.19677734375,0.0
2018-05-11,3700.0,3750.0,3620.0,3630.0,2358.71240234375,120995700.0
2018-05-14,3560.0,3610.0,3500.0,3540.0,2300.2314453125,161018200.0
2018-05-15,3520.0,3530.0,3350.0,3370.0,2189.768798828125,230994800.0
2018-05-16,3280.0,3530.0,3250.0,3480.0,2261.244873046875,205406800.0
2018-05-17,3510.0,3610.0,3490.0,3490.0,2267.74267578125,179026500.0
2018-05-18,3520.0,3530.0,3400.0,3490.0,2267.74267578125,75748600.0
2018-05-21,3490.0,3490.0,3410.0,3420.0,2222.258056640625,57210900.0
2018-05-22,3420.0,3500.0,3420.0,3470.0,2254.747314453125,78667200.0
2018-05-23,3460.0,3530.0,3450.0,3470.0,2254.747314453125,110630200.0
2018-05-24,3480.0,3590.0,3480.0,3560.0,2313.2275390625,84178300.0
2018-05-25,3540.0,3590.0,3530.0,3560.0,2313.2275390625,66374400.0
2018-05-28,3580.0,3700.0,3560.0,3690.0,2397.698974609375,90299200.0
2018-05-29,3690.0,3690.0,3690.0,3690.0,2397.698974609375,0.0
2018-05-30,3600.0,3730.0,3590.0,3600.0,2339.218505859375,148933500.0
2018-05-31,3600.0,3610.0,3500.0,3520.0,2287.236083984375,255204300.0
2018-06-01,3520.0,3520.0,3520.0,3520.0,2287.236083984375,0.0
2018-06-04,3540.0,3660.0,3530.0,3640.0,2365.2099609375,141754800.0
2018-06-05,3680.0,3860.0,3660.0,3830.0,2488.6689453125,181376800.0
2018-06-06,3790.0,3830.0,3760.0,3790.0,2462.677490234375,143554900.0
2018-06-07,3800.0,3830.0,3770.0,3770.0,2449.68212890625,122724300.0
2018-06-08,3710.0,3730.0,3600.0,3610.0,2345.716796875,260396300.0
2018-06-11,3610.0,3610.0,3610.0,3610.0,2345.716796875,0.0
2018-06-12,3610.0,3610.0,3610.0,3610.0,2345.716796875,0.0
2018-06-13,3610.0,3610.0,3610.0,3610.0,2345.716796875,0.0
2018-06-14,3610.0,3610.0,3610.0,3610.0,2345.716796875,0.0
2018-06-15,3610.0,3610.0,3610.0,3610.0,2345.716796875,0.0
2018-06-18,3610.0,3610.0,3610.0,3610.0,2345.716796875,0.0
2018-06-19,3610.0,3610.0,3610.0,3610.0,2345.716796875,0.0
2018-06-20,3540.0,3710.0,3510.0,3710.0,2410.69482421875,295386100.0
2018-06-21,3650.0,3700.0,3610.0,3610.0,2345.716796875,123848500.0
2018-06-22,3610.0,3630.0,3540.0,3580.0,2326.22314453125,121490900.0
2018-06-25,3630.0,3690.0,3600.0,3660.0,2378.205810546875,97826600.0
2018-06-26,3600.0,3700.0,3600.0,3690.0,2397.698974609375,91252300.0
2018-06-27,3690.0,3780.0,3690.0,3710.0,2410.69482421875,106616500.0
2018-06-28,3700.0,3720.0,3660.0,3660.0,2378.205810546875,133779300.0
2018-06-29,3650.0,3750.0,3640.0,3750.0,2436.68603515625,79116600.0
2018-07-02,3800.0,3800.0,3710.0,3750.0,2436.68603515625,55810800.0
2018-07-03,3740.0,3740.0,3670.0,3700.0,2404.19677734375,79439500.0
2018-07-04,3700.0,3810.0,3630.0,3760.0,2443.18408203125,54884500.0
2018-07-05,3800.0,3830.0,3760.0,3830.0,2488.6689453125,59717900.0
2018-07-06,3850.0,3890.0,3830.0,3860.0,2508.162353515625,67655200.0
2018-07-09,3900.0,4000.0,3880.0,3980.0,2586.13623046875,68798500.0
2018-07-10,3990.0,4050.0,3960.0,4030.0,2618.62548828125,118127300.0
2018-07-11,4000.0,4080.0,3960.0,4060.0,2638.118896484375,144055300.0
2018-07-12,4050.0,4110.0,4040.0,4100.0,2664.110107421875,114531700.0
2018-07-13,4080.0,4100.0,3970.0,4020.0,2612.127685546875,120852800.0
2018-07-16,3970.0,4030.0,3860.0,3940.0,2560.14501953125,66229700.0
2018-07-17,3970.0,3970.0,3890.0,3940.0,2560.14501953125,53740400.0
2018-07-18,3910.0,4030.0,3890.0,4010.0,2605.629638671875,75157800.0
2018-07-19,4000.0,4000.0,3910.0,3910.0,2540.651611328125,65340900.0
2018-07-20,3900.0,3990.0,3890.0,3990.0,2592.634033203125,66456000.0
2018-07-23,4030.0,4090.0,4010.0,4060.0,2638.118896484375,74605900.0
2018-07-24,4090.0,4090.0,4030.0,4030.0,2618.62548828125,64353800.0
2018-07-25,4060.0,4060.0,3900.0,3900.0,2534.1533203125,55617500.0
2018-07-26,3920.0,3940.0,3890.0,3930.0,2553.647216796875,55761900.0
2018-07-27,3910.0,3950.0,3890.0,3940.0,2560.14501953125,52506800.0
2018-07-30,3890.0,3950.0,3890.0,3910.0,2540.651611328125,49045100.0
2018-07-31,3830.0,3830.0,3550.0,3570.0,2319.725341796875,339081700.0
2018-08-01,3570.0,3600.0,3500.0,3550.0,2306.7294921875,190720900.0
2018-08-02,3550.0,3590.0,3450.0,3500.0,2274.240478515625,171276100.0
2018-08-03,3480.0,3490.0,3430.0,3460.0,2248.249267578125,224005400.0
2018-08-06,3480.0,3670.0,3480.0,3650.0,2371.707763671875,231846400.0
2018-08-07,3650.0,3670.0,3570.0,3580.0,2326.22314453125,111024900.0
2018-08-08,3600.0,3600.0,3520.0,3550.0,2306.7294921875,109077400.0
2018-08-09,3520.0,3550.0,3490.0,3490.0,2267.74267578125,110452900.0
2018-08-10,3510.0,3540.0,3480.0,3500.0,2274.240478515625,79851700.0
2018-08-13,3440.0,3450.0,3360.0,3370.0,2189.768798828125,106124800.0
2018-08-14,3360.0,3440.0,3330.0,3350.0,2176.773193359375,108189200.0
2018-08-15,3350.0,3450.0,3310.0,3430.0,2228.75537109375,95526000.0
2018-08-16,3390.0,3430.0,3350.0,3350.0,2176.773193359375,112653900.0
2018-08-17,3350.0,3350.0,3350.0,3350.0,2176.773193359375,0.0
2018-08-20,3420.0,3450.0,3370.0,3390.0,2202.76416015625,163133800.0
2018-08-21,3400.0,3440.0,3350.0,3350.0,2176.773193359375,126746000.0
2018-08-22,3350.0,3350.0,3350.0,3350.0,2176.773193359375,0.0
2018-08-23,3390.0,3390.0,3290.0,3300.0,2144.28369140625,209401300.0
2018-08-24,3290.0,3340.0,3270.0,3290.0,2137.785888671875,103476200.0
2018-08-27,3330.0,3480.0,3310.0,3460.0,2248.249267578125,142917000.0
2018-08-28,3480.0,3600.0,3480.0,3580.0,2326.22314453125,224122500.0
2018-08-29,3560.0,3610.0,3520.0,3580.0,2326.22314453125,126710100.0
2018-08-30,3580.0,3590.0,3510.0,3510.0,2280.73828125,80352300.0
2018-08-31,3500.0,3520.0,3460.0,3490.0,2267.74267578125,109920300.0
2018-09-03,3520.0,3550.0,3480.0,3490.0,2267.74267578125,46014400.0
2018-09-04,3500.0,3510.0,3410.0,3420.0,2222.258056640625,77620800.0
2018-09-05,3400.0,3400.0,3250.0,3270.0,2124.790283203125,183864900.0
2018-09-06,3250.0,3380.0,3250.0,3360.0,2183.27099609375,172294300.0
2018-09-07,3360.0,3390.0,3320.0,3390.0,2202.76416015625,99447200.0
2018-09-10,3380.0,3400.0,3350.0,3380.0,2196.265869140625,48741600.0
2018-09-11,3380.0,3380.0,3380.0,3380.0,2196.265869140625,0.0
2018-09-12,3380.0,3390.0,3310.0,3320.0,2157.279541015625,81217700.0
2018-09-13,3370.0,3470.0,3370.0,3450.0,2241.751220703125,115198100.0
2018-09-14,3470.0,3600.0,3470.0,3590.0,2332.720703125,156541000.0
2018-09-17,3550.0,3570.0,3430.0,3470.0,2254.747314453125,95431800.0
2018-09-18,3470.0,3590.0,3440.0,3570.0,2319.725341796875,132571400.0
2018-09-19,3580.0,3610.0,3540.0,3550.0,2306.7294921875,88139600.0
2018-09-20,3590.0,3640.0,3570.0,3600.0,2339.218505859375,80194400.0
2018-09-21,3630.0,3630.0,3550.0,3600.0,2339.218505859375,98577800.0
2018-09-24,3590.0,3600.0,3510.0,3540.0,2300.2314453125,48101000.0
2018-09-25,3540.0,3560.0,3520.0,3560.0,2313.2275390625,25350200.0
2018-09-26,3550.0,3590.0,3540.0,3540.0,2300.2314453125,51055900.0
2018-09-27,3580.0,3590.0,3550.0,3580.0,2326.22314453125,49549400.0
2018-09-28,3600.0,3670.0,3600.0,3640.0,2365.2099609375,116695900.0
2018-10-01,3610.0,3690.0,3610.0,3670.0,2384.70361328125,45504900.0
2018-10-02,3640.0,3670.0,3580.0,3620.0,2352.214599609375,61393800.0
2018-10-03,3570.0,3640.0,3570.0,3600.0,2339.218505859375,46611900.0
2018-10-04,3570.0,3600.0,3510.0,3600.0,2339.218505859375,82550500.0
2018-10-05,3540.0,3600.0,3530.0,3530.0,2293.73388671875,59270300.0
2018-10-08,3500.0,3530.0,3470.0,3520.0,2287.236083984375,71886100.0
2018-10-09,3530.0,3620.0,3520.0,3590.0,2332.720703125,58708100.0
2018-10-10,3640.0,3640.0,3560.0,3600.0,2339.218505859375,31937500.0
2018-10-11,3500.0,3640.0,3480.0,3570.0,2319.725341796875,114418300.0
2018-10-12,3630.0,3700.0,3620.0,3680.0,2391.201171875,87991200.0
2018-10-15,3700.0,3750.0,3650.0,3660.0,2378.205810546875,68466400.0
2018-10-16,3680.0,3780.0,3680.0,3780.0,2456.179931640625,98103600.0
2018-10-17,3800.0,3910.0,3800.0,3900.0,2534.1533203125,122953700.0
2018-10-18,3840.0,3880.0,3720.0,3760.0,2443.18408203125,102322600.0
2018-10-19,3700.0,3770.0,3690.0,3730.0,2423.6904296875,140162100.0
2018-10-22,3730.0,3830.0,3730.0,3800.0,2469.175048828125,57680500.0
2018-10-23,3800.0,3800.0,3670.0,3700.0,2404.19677734375,53266800.0
2018-10-24,3700.0,3710.0,3520.0,3520.0,2287.236083984375,117672200.0
2018-10-25,3490.0,3580.0,3460.0,3550.0,2306.7294921875,120108900.0
2018-10-26,3580.0,3660.0,3580.0,3630.0,2358.71240234375,100554100.0
2018-10-29,3630.0,3660.0,3580.0,3660.0,2378.205810546875,54304000.0
2018-10-30,3640.0,3850.0,3630.0,3800.0,2469.175048828125,158933000.0
2018-10-31,3850.0,3870.0,3730.0,3850.0,2501.664306640625,140351400.0
2018-11-01,3850.0,3880.0,3810.0,3880.0,2521.158203125,69586900.0
2018-11-02,3900.0,3940.0,3880.0,3940.0,2560.14501953125,98072700.0
2018-11-05,3850.0,3910.0,3850.0,3890.0,2527.65576171875,60121700.0
2018-11-06,3930.0,3930.0,3820.0,3890.0,2527.65576171875,58088000.0
2018-11-07,3900.0,3950.0,3870.0,3950.0,2566.642578125,98350100.0
2018-11-08,3970.0,4000.0,3920.0,4000.0,2599.1318359375,74004300.0
2018-11-09,3960.0,3960.0,3920.0,3920.0,2547.149658203125,45243300.0
2018-11-12,3890.0,3950.0,3860.0,3860.0,2508.162353515625,57256000.0
2018-11-13,3810.0,3850.0,3750.0,3830.0,2488.6689453125,89819400.0
2018-11-14,3860.0,3880.0,3750.0,3750.0,2436.68603515625,72968500.0
2018-11-15,3800.0,3940.0,3790.0,3910.0,2540.651611328125,71440400.0
2018-11-16,3930.0,4110.0,3920.0,4050.0,2631.62109375,128595600.0
2018-11-19,4050.0,4050.0,3930.0,3950.0,2566.642578125,72785900.0
2018-11-20,3950.0,3950.0,3950.0,3950.0,2566.642578125,0.0
2018-11-21,3860.0,3960.0,3850.0,3960.0,2573.140625,97525800.0
2018-11-22,3910.0,3990.0,3910.0,3980.0,2586.13623046875,52279900.0
2018-11-23,3980.0,4000.0,3950.0,3990.0,2592.634033203125,35499400.0
2018-11-26,3980.0,4000.0,3950.0,3990.0,2592.634033203125,43879100.0
2018-11-27,3940.0,3950.0,3850.0,3880.0,2521.158203125,116422400.0
2018-11-28,3890.0,3900.0,3710.0,3720.0,2417.19287109375,195860500.0
2018-11-29,3770.0,3810.0,3710.0,3740.0,2430.188232421875,120921500.0
2018-11-30,3760.0,3780.0,3680.0,3680.0,2391.201171875,151545800.0
2018-12-03,3740.0,3770.0,3700.0,3700.0,2404.19677734375,106891000.0
2018-12-04,3720.0,3780.0,3720.0,3780.0,2456.179931640625,121586400.0
2018-12-05,3740.0,3800.0,3730.0,3770.0,2449.68212890625,58424400.0
2018-12-06,3740.0,3770.0,3700.0,3710.0,2410.69482421875,62164100.0
2018-12-07,3700.0,3710.0,3660.0,3670.0,2384.70361328125,92902000.0
2018-12-10,3650.0,3720.0,3610.0,3680.0,2391.201171875,70093700.0
2018-12-11,3640.0,3670.0,3610.0,3620.0,2352.214599609375,88050700.0
2018-12-12,3660.0,3670.0,3620.0,3650.0,2371.707763671875,87333000.0
2018-12-13,3680.0,3780.0,3660.0,3750.0,2436.68603515625,118965900.0
2018-12-14,3800.0,3840.0,3730.0,3730.0,2423.6904296875,139547100.0
2018-12-17,3740.0,3770.0,3710.0,3710.0,2410.69482421875,86251600.0
2018-12-18,3700.0,3740.0,3680.0,3740.0,2430.188232421875,79833100.0
2018-12-19,3740.0,3810.0,3740.0,3810.0,2475.673095703125,81542500.0
2018-12-20,3810.0,3810.0,3720.0,3740.0,2430.188232421875,100129200.0
2018-12-21,3700.0,3770.0,3700.0,3760.0,2443.18408203125,114752300.0
2018-12-24,3760.0,3760.0,3760.0,3760.0,2443.18408203125,0.0
2018-12-25,3760.0,3760.0,3760.0,3760.0,2443.18408203125,0.0
2018-12-26,3730.0,3750.0,3700.0,3730.0,2423.6904296875,50416400.0
2018-12-27,3780.0,3790.0,3730.0,3750.0,2436.68603515625,49980900.0
2018-12-28,3770.0,3780.0,3750.0,3750.0,2436.68603515625,48224400.0
2018-12-31,3750.0,3750.0,3750.0,3750.0,2436.68603515625,0.0
2019-01-01,3750.0,3750.0,3750.0,3750.0,2436.68603515625,0.0
2019-01-02,3750.0,3760.0,3700.0,3730.0,2423.6904296875,31355300.0
2019-01-03,3710.0,3770.0,3690.0,3740.0,2430.188232421875,83842400.0
2019-01-04,3690.0,3740.0,3690.0,3710.0,2410.69482421875,73936900.0
2019-01-07,3760.0,3790.0,3750.0,3770.0,2449.68212890625,83678100.0
2019-01-08,3770.0,3800.0,3750.0,3800.0,2469.175048828125,67963700.0
2019-01-09,3820.0,3830.0,3730.0,3730.0,2423.6904296875,98529400.0
2019-01-10,3760.0,3800.0,3740.0,3800.0,2469.175048828125,126396700.0
2019-01-11,3820.0,3860.0,3800.0,3860.0,2508.162353515625,116753700.0
2019-01-14,3810.0,3850.0,3790.0,3850.0,2501.664306640625,68487000.0
2019-01-15,3860.0,3930.0,3850.0,3930.0,2553.647216796875,83464900.0
2019-01-16,3940.0,4000.0,3920.0,3990.0,2592.634033203125,139056700.0
2019-01-17,3970.0,3990.0,3960.0,3990.0,2592.634033203125,78766100.0
2019-01-18,4010.0,4020.0,3970.0,4020.0,2612.127685546875,76350400.0
2019-01-21,4040.0,4050.0,4020.0,4030.0,2618.62548828125,83317600.0
2019-01-22,4000.0,4010.0,3930.0,4000.0,2599.1318359375,95420500.0
2019-01-23,3950.0,3980.0,3920.0,3920.0,2547.149658203125,72518500.0
2019-01-24,3900.0,3910.0,3830.0,3860.0,2508.162353515625,118836500.0
2019-01-25,3880.0,3930.0,3840.0,3880.0,2521.158203125,75844000.0
2019-01-28,3880.0,3890.0,3730.0,3780.0,2456.179931640625,168983100.0
2019-01-29,3780.0,3850.0,3780.0,3840.0,2495.16650390625,118131200.0
2019-01-30,3850.0,3890.0,3830.0,3860.0,2508.162353515625,85903100.0
2019-01-31,3900.0,3920.0,3870.0,3900.0,2534.1533203125,110953700.0
2019-02-01,3910.0,3930.0,3830.0,3870.0,2514.66015625,79588900.0
2019-02-04,3890.0,3890.0,3780.0,3780.0,2456.179931640625,70070500.0
2019-02-05,3780.0,3780.0,3780.0,3780.0,2456.179931640625,0.0
2019-02-06,3820.0,3870.0,3820.0,3860.0,2508.162353515625,72180200.0
2019-02-07,3890.0,3890.0,3830.0,3860.0,2508.162353515625,39141500.0
2019-02-08,3810.0,3850.0,3810.0,3850.0,2501.664306640625,32131700.0
2019-02-11,3870.0,3940.0,3860.0,3930.0,2553.647216796875,88628900.0
2019-02-12,3900.0,3910.0,3800.0,3820.0,2482.1708984375,92427800.0
2019-02-13,3840.0,3850.0,3780.0,3790.0,2462.677490234375,113161100.0
2019-02-14,3790.0,3810.0,3740.0,3740.0,2430.188232421875,76939400.0
2019-02-15,3770.0,3800.0,3730.0,3790.0,2462.677490234375,67812600.0
2019-02-18,3830.0,3920.0,3830.0,3900.0,2534.1533203125,80275800.0
2019-02-19,3930.0,3940.0,3900.0,3920.0,2547.149658203125,82962700.0
2019-02-20,3940.0,3940.0,3830.0,3870.0,2514.66015625,87933000.0
2019-02-21,3870.0,3890.0,3860.0,3870.0,2514.66015625,48031100.0
2019-02-22,3870.0,3870.0,3820.0,3840.0,2495.16650390625,61392700.0
2019-02-25,3900.0,3920.0,3850.0,3910.0,2540.651611328125,53792400.0
2019-02-26,3920.0,3930.0,3880.0,3930.0,2553.647216796875,49657300.0
2019-02-27,3900.0,3940.0,3890.0,3910.0,2540.651611328125,48788200.0
2019-02-28,3880.0,3900.0,3840.0,3860.0,2508.162353515625,161156000.0
2019-03-01,3890.0,3920.0,3880.0,3910.0,2540.651611328125,49810100.0
2019-03-04,3910.0,3910.0,3850.0,3850.0,2501.664306640625,32250500.0
2019-03-05,3890.0,3890.0,3820.0,3870.0,2514.66015625,41171000.0
2019-03-06,3860.0,3880.0,3820.0,3820.0,2482.1708984375,69927600.0
2019-03-07,3820.0,3820.0,3820.0,3820.0,2482.1708984375,0.0
2019-03-08,3810.0,3820.0,3740.0,3740.0,2430.188232421875,105963500.0
2019-03-11,3780.0,3820.0,3760.0,3800.0,2469.175048828125,43971600.0
2019-03-12,3800.0,3820.0,3730.0,3760.0,2443.18408203125,43343700.0
2019-03-13,3730.0,3770.0,3710.0,3720.0,2417.19287109375,45607600.0
2019-03-14,3720.0,3760.0,3710.0,3740.0,2430.188232421875,62094100.0
2019-03-15,3720.0,3760.0,3710.0,3750.0,2436.68603515625,68778100.0
2019-03-18,3770.0,3820.0,3760.0,3820.0,2482.1708984375,44322600.0
2019-03-19,3800.0,3820.0,3770.0,3780.0,2456.179931640625,33156500.0
2019-03-20,3810.0,3820.0,3750.0,3760.0,2443.18408203125,42784600.0
2019-03-21,3800.0,3810.0,3780.0,3790.0,2462.677490234375,36527500.0
2019-03-22,3800.0,3820.0,3790.0,3800.0,2469.175048828125,26772900.0
2019-03-25,3730.0,3790.0,3720.0,3790.0,2462.677490234375,49162900.0
2019-03-26,3780.0,3820.0,3780.0,3820.0,2482.1708984375,23049100.0
2019-03-27,3840.0,3840.0,3810.0,3820.0,2482.1708984375,35521900.0
2019-03-28,3820.0,3890.0,3810.0,3880.0,2521.158203125,55847200.0
2019-03-29,3880.0,3970.0,3880.0,3960.0,2573.140625,82231400.0
2019-04-01,3950.0,3960.0,3900.0,3930.0,2553.647216796875,28246400.0
2019-04-02,3910.0,3950.0,3910.0,3930.0,2553.647216796875,35443400.0
2019-04-03,3930.0,3930.0,3930.0,3930.0,2553.647216796875,0.0
2019-04-04,3980.0,4040.0,3950.0,4030.0,2618.62548828125,96122100.0
2019-04-05,4020.0,4090.0,4000.0,4060.0,2638.118896484375,66832600.0
2019-04-08,4020.0,4030.0,3940.0,3950.0,2566.642578125,73208300.0
2019-04-09,3980.0,4000.0,3910.0,3950.0,2566.642578125,88580200.0
2019-04-10,3920.0,3950.0,3890.0,3930.0,2553.647216796875,52555500.0
2019-04-11,3900.0,3930.0,3880.0,3890.0,2527.65576171875,51480700.0
2019-04-12,3820.0,3870.0,3810.0,3830.0,2488.6689453125,45324300.0
2019-04-15,3860.0,3860.0,3810.0,3830.0,2488.6689453125,44510600.0
2019-04-16,3830.0,3880.0,3830.0,3870.0,2514.66015625,62572100.0
2019-04-17,3870.0,3870.0,3870.0,3870.0,2514.66015625,0.0
2019-04-18,3920.0,3950.0,3840.0,3860.0,2508.162353515625,119263400.0
2019-04-19,3860.0,3860.0,3860.0,3860.0,2508.162353515625,0.0
2019-04-22,3860.0,3860.0,3780.0,3780.0,2456.179931640625,48671200.0
2019-04-23,3780.0,3870.0,3730.0,3850.0,2501.664306640625,86443700.0
2019-04-24,3850.0,3860.0,3780.0,3840.0,2495.16650390625,76660900.0
2019-04-25,3800.0,3840.0,3790.0,3830.0,2488.6689453125,52775100.0
2019-04-26,3800.0,3910.0,3800.0,3910.0,2540.651611328125,66452700.0
2019-04-29,3850.0,3900.0,3850.0,3860.0,2508.162353515625,50143700.0
2019-04-30,3890.0,3890.0,3750.0,3790.0,2462.677490234375,132318200.0
2019-05-01,3790.0,3790.0,3790.0,3790.0,2462.677490234375,0.0
2019-05-02,3760.0,3880.0,3760.0,3830.0,2488.6689453125,136768800.0
2019-05-03,3800.0,3830.0,3760.0,3820.0,2482.1708984375,101522800.0
2019-05-06,3760.0,3840.0,3720.0,3840.0,2495.16650390625,107167400.0
2019-05-07,3870.0,3910.0,3840.0,3900.0,2534.1533203125,74814500.0
2019-05-08,3890.0,3920.0,3870.0,3900.0,2534.1533203125,77743400.0
2019-05-09,3860.0,3900.0,3800.0,3800.0,2469.175048828125,74716500.0
2019-05-10,3800.0,3840.0,3790.0,3790.0,2462.677490234375,66672500.0
2019-05-13,3820.0,3840.0,3760.0,3770.0,2449.68212890625,47605100.0
2019-05-14,3730.0,3800.0,3720.0,3760.0,2443.18408203125,77483200.0
2019-05-15,3770.0,3790.0,3660.0,3660.0,2378.205810546875,57596600.0
2019-05-16,3660.0,3720.0,3530.0,3600.0,2339.218505859375,107366200.0
2019-05-17,3610.0,3620.0,3500.0,3510.0,2280.73828125,94437400.0
2019-05-20,3520.0,3620.0,3480.0,3600.0,2339.218505859375,82354400.0
2019-05-21,3600.0,3630.0,3550.0,3600.0,2339.218505859375,106104000.0
2019-05-22,3590.0,3600.0,3540.0,3540.0,2300.2314453125,63687000.0
2019-05-23,3540.0,3690.0,3540.0,3660.0,2378.205810546875,113281100.0
2019-05-24,3700.0,3780.0,3690.0,3750.0,2436.68603515625,87594500.0
2019-05-27,3760.0,3830.0,3750.0,3820.0,2482.1708984375,87146600.0
2019-05-28,3800.0,3820.0,3690.0,3690.0,2397.698974609375,322246900.0
2019-05-29,3750.0,3830.0,3730.0,3780.0,2456.179931640625,122534500.0
2019-05-30,3780.0,3780.0,3780.0,3780.0,2456.179931640625,0.0
2019-05-31,3780.0,3930.0,3780.0,3900.0,2534.1533203125,194331700.0
2019-06-03,3900.0,3900.0,3900.0,3900.0,2534.1533203125,0.0
2019-06-04,3900.0,3900.0,3900.0,3900.0,2534.1533203125,0.0
2019-06-05,3900.0,3900.0,3900.0,3900.0,2534.1533203125,0.0
2019-06-06,3900.0,3900.0,3900.0,3900.0,2534.1533203125,0.0
2019-06-07,3900.0,3900.0,3900.0,3900.0,2534.1533203125,0.0
2019-06-10,4000.0,4060.0,3970.0,4040.0,2625.123291015625,222522800.0
2019-06-11,4010.0,4060.0,4000.0,4020.0,2612.127685546875,88861700.0
2019-06-12,3880.0,3950.0,3840.0,3940.0,2668.908203125,134724400.0
2019-06-13,3940.0,3990.0,3900.0,3990.0,2702.77734375,115734700.0
2019-06-14,4020.0,4050.0,3970.0,3990.0,2702.77734375,92466800.0
2019-06-17,3950.0,3970.0,3900.0,3900.0,2641.812255859375,60851700.0
2019-06-18,3890.0,3990.0,3890.0,3980.0,2696.00341796875,66112800.0
2019-06-20,4110.0,4110.0,4020.0,4040.0,2736.646484375,57673700.0
2019-06-21,4010.0,4040.0,3950.0,4040.0,2736.646484375,154049700.0
2019-06-24,4050.0,4050.0,3970.0,3980.0,2696.00341796875,50525100.0
2019-06-25,4040.0,4040.0,4000.0,4010.0,2716.324951171875,42601100.0
2019-06-26,4020.0,4050.0,3980.0,3980.0,2696.00341796875,56092200.0
2019-06-27,4010.0,4120.0,4000.0,4090.0,2770.516357421875,94221200.0
2019-06-28,4100.0,4200.0,4090.0,4140.0,2804.385498046875,130153100.0
2019-07-01,4200.0,4240.0,4170.0,4220.0,2858.576416015625,79382300.0
2019-07-02,4240.0,4250.0,4180.0,4250.0,2878.89794921875,87999800.0
2019-07-03,4160.0,4240.0,4160.0,4240.0,2872.12451171875,63296200.0
2019-07-04,4190.0,4260.0,4190.0,4250.0,2878.89794921875,38459300.0
2019-07-05,4260.0,4280.0,4240.0,4280.0,2899.2197265625,50332800.0
2019-07-08,4230.0,4290.0,4210.0,4270.0,2892.446044921875,57903400.0
2019-07-09,4300.0,4370.0,4270.0,4350.0,2946.63671875,124822400.0
2019-07-10,4310.0,4320.0,4260.0,4290.0,2905.99365234375,62529900.0
2019-07-11,4250.0,4280.0,4240.0,4270.0,2892.446044921875,25645900.0
2019-07-12,4240.0,4250.0,4170.0,4180.0,2831.48095703125,57088600.0
2019-07-15,4250.0,4290.0,4230.0,4280.0,2899.2197265625,66960500.0
2019-07-16,4240.0,4280.0,4210.0,4240.0,2872.12451171875,45461500.0
2019-07-17,4250.0,4260.0,4220.0,4230.0,2865.350341796875,32069800.0
2019-07-18,4220.0,4250.0,4210.0,4240.0,2872.12451171875,45408100.0
2019-07-19,4260.0,4280.0,4250.0,4270.0,2892.446044921875,60692800.0
2019-07-22,4250.0,4270.0,4230.0,4260.0,2885.671875,37513700.0
2019-07-23,4260.0,4270.0,4200.0,4250.0,2878.89794921875,62628100.0
2019-07-24,4230.0,4240.0,4160.0,4190.0,2838.255126953125,73904300.0
2019-07-25,4160.0,4240.0,4160.0,4210.0,2851.802734375,49276300.0
2019-07-26,4160.0,4210.0,4110.0,4160.0,2817.933349609375,70952400.0
2019-07-29,4150.0,4240.0,4140.0,4200.0,2845.029052734375,54336900.0
2019-07-30,4280.0,4300.0,4260.0,4270.0,2892.446044921875,88417200.0
2019-07-31,4240.0,4300.0,4210.0,4300.0,2912.767578125,175741000.0
2019-08-01,4300.0,4300.0,4260.0,4280.0,2899.2197265625,94856600.0
2019-08-02,4280.0,4300.0,4250.0,4280.0,2899.2197265625,82253800.0
2019-08-05,4200.0,4220.0,4060.0,4080.0,2763.7421875,112253200.0
2019-08-06,4060.0,4190.0,4050.0,4130.0,2797.61181640625,108890100.0
2019-08-07,4230.0,4270.0,4170.0,4210.0,2851.802734375,104785500.0
2019-08-08,4270.0,4290.0,4240.0,4260.0,2885.671875,95204000.0
2019-08-09,4300.0,4300.0,4240.0,4260.0,2885.671875,89600500.0
2019-08-12,4300.0,4320.0,4230.0,4260.0,2885.671875,41817800.0
2019-08-13,4290.0,4290.0,4230.0,4250.0,2878.89794921875,98757900.0
2019-08-14,4300.0,4300.0,4270.0,4290.0,2905.99365234375,84928200.0
2019-08-15,4200.0,4290.0,4200.0,4290.0,2905.99365234375,97255500.0
2019-08-16,4300.0,4310.0,4220.0,4280.0,2899.2197265625,51853900.0
2019-08-19,4340.0,4340.0,4290.0,4340.0,2939.86279296875,86011300.0
2019-08-20,4350.0,4470.0,4340.0,4470.0,3027.92333984375,143171600.0
2019-08-21,4460.0,4500.0,4390.0,4410.0,2987.280029296875,99649300.0
2019-08-22,4380.0,4450.0,4320.0,4450.0,3014.375732421875,110968600.0
2019-08-23,4390.0,4450.0,4340.0,4380.0,2966.958740234375,83823900.0
2019-08-26,4280.0,4360.0,4280.0,4330.0,2933.089599609375,77603200.0
2019-08-27,4390.0,4410.0,4320.0,4380.0,2966.958740234375,168209400.0
2019-08-28,4430.0,4430.0,4350.0,4370.0,2960.1845703125,68091100.0
2019-08-29,4370.0,4440.0,4370.0,4380.0,2966.958740234375,65718900.0
2019-08-30,4430.0,4450.0,4420.0,4450.0,3014.375732421875,95138200.0
2019-09-02,4440.0,4450.0,4400.0,4410.0,2987.280029296875,27531000.0
2019-09-03,4440.0,4440.0,4330.0,4350.0,2946.63671875,66884700.0
2019-09-04,4310.0,4350.0,4280.0,4290.0,2905.99365234375,78905600.0
2019-09-05,4290.0,4360.0,4290.0,4320.0,2926.315185546875,97098300.0
2019-09-06,4360.0,4360.0,4210.0,4210.0,2851.802734375,117223300.0
2019-09-09,4280.0,4300.0,4240.0,4270.0,2892.446044921875,47057300.0
2019-09-10,4300.0,4300.0,4250.0,4270.0,2892.446044921875,80403000.0
2019-09-11,4300.0,4300.0,4210.0,4250.0,2878.89794921875,90211600.0
2019-09-12,4220.0,4230.0,4160.0,4170.0,2824.707275390625,70382200.0
2019-09-13,4230.0,4230.0,4160.0,4160.0,2817.933349609375,64074800.0
2019-09-16,4160.0,4260.0,4160.0,4220.0,2858.576416015625,85284700.0
2019-09-17,4240.0,4280.0,4220.0,4270.0,2892.446044921875,86432000.0
2019-09-18,4250.0,4280.0,4230.0,4250.0,2878.89794921875,72359600.0
2019-09-19,4260.0,4260.0,4190.0,4210.0,2851.802734375,58720600.0
2019-09-20,4250.0,4300.0,4230.0,4290.0,2905.99365234375,132359100.0
2019-09-23,4290.0,4300.0,4230.0,4250.0,2878.89794921875,70483600.0
2019-09-24,4210.0,4240.0,4150.0,4210.0,2851.802734375,88979100.0
2019-09-25,4220.0,4250.0,4180.0,4220.0,2858.576416015625,84582300.0
2019-09-26,4220.0,4370.0,4200.0,4360.0,2953.410400390625,79324000.0
2019-09-27,4310.0,4350.0,4300.0,4310.0,2919.54150390625,52305800.0
2019-09-30,4270.0,4330.0,4270.0,4310.0,2919.54150390625,111879100.0
2019-10-01,4400.0,4400.0,4220.0,4250.0,2878.89794921875,60332400.0
2019-10-02,4260.0,4300.0,4190.0,4200.0,2845.029052734375,51606300.0
2019-10-03,4190.0,4250.0,4160.0,4200.0,2845.029052734375,56433000.0
2019-10-04,4250.0,4250.0,4180.0,4190.0,2838.255126953125,34082000.0
2019-10-07,4240.0,4240.0,4090.0,4110.0,2784.06396484375,42996900.0
2019-10-08,4170.0,4170.0,4060.0,4090.0,2770.516357421875,74448900.0
2019-10-09,4090.0,4170.0,4080.0,4120.0,2790.837890625,59314500.0
2019-10-10,4060.0,4120.0,4060.0,4110.0,2784.06396484375,34345600.0
2019-10-11,4100.0,4170.0,4100.0,4170.0,2824.707275390625,42198800.0
2019-10-14,4200.0,4210.0,4150.0,4190.0,2838.255126953125,52681800.0
2019-10-15,4190.0,4190.0,4150.0,4170.0,2824.707275390625,64670200.0
2019-10-16,4170.0,4190.0,4140.0,4170.0,2824.707275390625,70555700.0
2019-10-17,4160.0,4180.0,4140.0,4170.0,2824.707275390625,50695300.0
2019-10-18,4170.0,4190.0,4160.0,4190.0,2838.255126953125,169540200.0
2019-10-21,4200.0,4250.0,4190.0,4200.0,2845.029052734375,63797000.0
2019-10-22,4200.0,4250.0,4200.0,4230.0,2865.350341796875,56711100.0
2019-10-23,4210.0,4270.0,4210.0,4260.0,2885.671875,97971900.0
2019-10-24,4300.0,4350.0,4250.0,4350.0,2946.63671875,99213400.0
2019-10-25,4320.0,4360.0,4270.0,4280.0,2899.2197265625,67661500.0
2019-10-28,4280.0,4280.0,4220.0,4260.0,2885.671875,30710600.0
2019-10-29,4230.0,4330.0,4220.0,4330.0,2933.089599609375,68715000.0
2019-10-30,4290.0,4350.0,4210.0,4270.0,2892.446044921875,89575600.0
2019-10-31,4220.0,4240.0,4080.0,4110.0,2784.06396484375,185713300.0
2019-11-01,4090.0,4150.0,4060.0,4080.0,2763.7421875,107208500.0
2019-11-04,4080.0,4160.0,4080.0,4150.0,2811.15966796875,65897700.0
2019-11-05,4170.0,4200.0,4130.0,4200.0,2845.029052734375,109276000.0
2019-11-06,4180.0,4190.0,4110.0,4120.0,2790.837890625,134618700.0
2019-11-07,4150.0,4150.0,3990.0,4070.0,2756.96826171875,125291200.0
2019-11-08,4010.0,4120.0,3990.0,4110.0,2784.06396484375,70404800.0
2019-11-11,4040.0,4120.0,4040.0,4100.0,2777.2900390625,57079800.0
2019-11-12,4050.0,4190.0,4050.0,4180.0,2831.48095703125,88251100.0
2019-11-13,4130.0,4170.0,4100.0,4150.0,2811.15966796875,91925700.0
2019-11-14,4110.0,4130.0,4010.0,4050.0,2743.420654296875,123468500.0
2019-11-15,4080.0,4090.0,4030.0,4080.0,2763.7421875,50780500.0
2019-11-18,4040.0,4060.0,3990.0,4000.0,2709.551025390625,104978700.0
2019-11-19,4000.0,4020.0,3970.0,4020.0,2723.09912109375,113996600.0
2019-11-20,4000.0,4090.0,4000.0,4090.0,2770.516357421875,149185500.0
2019-11-21,4050.0,4090.0,4020.0,4020.0,2723.09912109375,64005900.0
2019-11-22,4030.0,4050.0,4000.0,4050.0,2743.420654296875,76569400.0
2019-11-25,4070.0,4070.0,3940.0,3950.0,2675.681884765625,107581200.0
2019-11-26,3950.0,3960.0,3860.0,3860.0,2614.716552734375,281002600.0
2019-11-27,3870.0,3930.0,3800.0,3880.0,2628.264892578125,97511300.0
2019-11-28,3830.0,3900.0,3800.0,3820.0,2587.621337890625,70635000.0
2019-11-29,3860.0,3950.0,3840.0,3930.0,2662.13427734375,72146900.0
2019-12-02,3960.0,3960.0,3930.0,3950.0,2675.681884765625,74263500.0
2019-12-03,3920.0,3940.0,3910.0,3920.0,2655.35986328125,74494000.0
2019-12-04,3920.0,3990.0,3900.0,3990.0,2702.77734375,64948300.0
2019-12-05,3990.0,4080.0,3990.0,4060.0,2750.194580078125,118494800.0
2019-12-06,4040.0,4100.0,4020.0,4100.0,2777.2900390625,50682100.0
2019-12-09,4080.0,4110.0,4050.0,4070.0,2756.96826171875,80864200.0
2019-12-10,4050.0,4070.0,4010.0,4040.0,2736.646484375,54824900.0
2019-12-11,4010.0,4050.0,4000.0,4050.0,2743.420654296875,79749500.0
2019-12-12,4040.0,4050.0,3950.0,3950.0,2675.681884765625,147627000.0
2019-12-13,4000.0,4020.0,3960.0,3990.0,2702.77734375,81937300.0
2019-12-16,3970.0,4020.0,3960.0,3970.0,2689.229736328125,86479200.0
2019-12-17,3970.0,3990.0,3950.0,3980.0,2696.00341796875,91747200.0
2019-12-18,3960.0,4000.0,3950.0,3990.0,2702.77734375,101569300.0
2019-12-19,3970.0,3980.0,3900.0,3900.0,2641.812255859375,127316000.0
2019-12-20,3900.0,4020.0,3900.0,4020.0,2723.09912109375,152132200.0
2019-12-23,4020.0,4030.0,3980.0,4020.0,2723.09912109375,58715700.0
2019-12-26,4020.0,4020.0,3980.0,4000.0,2709.551025390625,36935300.0
2019-12-27,3990.0,4010.0,3980.0,3990.0,2702.77734375,52812000.0
2019-12-30,3980.0,4030.0,3970.0,3970.0,2689.229736328125,67738300.0
2020-01-02,3970.0,4000.0,3900.0,3910.0,2648.58642578125,52094000.0
2020-01-03,3960.0,3980.0,3930.0,3980.0,2696.00341796875,70032900.0
2020-01-06,3930.0,3970.0,3930.0,3960.0,2682.45556640625,42908900.0
2020-01-07,3930.0,3970.0,3920.0,3940.0,2668.908203125,51837600.0
2020-01-08,3920.0,3950.0,3900.0,3900.0,2641.812255859375,52402600.0
2020-01-09,3920.0,3970.0,3920.0,3960.0,2682.45556640625,37580300.0
2020-01-10,3980.0,3990.0,3950.0,3980.0,2696.00341796875,48099000.0
2020-01-13,4000.0,4030.0,3990.0,4030.0,2729.872802734375,61913800.0
2020-01-14,3980.0,4000.0,3940.0,3950.0,2675.681884765625,95058600.0
2020-01-15,3960.0,3960.0,3870.0,3880.0,2628.264892578125,147583300.0
2020-01-16,3890.0,3890.0,3830.0,3850.0,2607.94287109375,118903100.0
2020-01-17,3860.0,3870.0,3800.0,3810.0,2580.847412109375,119904100.0
2020-01-20,3820.0,3840.0,3800.0,3810.0,2580.847412109375,73599200.0
2020-01-21,3810.0,3900.0,3810.0,3890.0,2635.03857421875,78014400.0
2020-01-22,3890.0,3890.0,3850.0,3860.0,2614.716552734375,45839800.0
2020-01-23,3860.0,3880.0,3830.0,3880.0,2628.264892578125,41077400.0
2020-01-24,3880.0,3930.0,3860.0,3920.0,2655.35986328125,58524000.0
2020-01-27,3920.0,3920.0,3830.0,3840.0,2601.16943359375,33081800.0
2020-01-28,3810.0,3840.0,3800.0,3830.0,2594.395263671875,56210000.0
2020-01-29,3840.0,3900.0,3840.0,3900.0,2641.812255859375,51929800.0
2020-01-30,3910.0,3910.0,3850.0,3860.0,2614.716552734375,60391600.0
2020-01-31,3890.0,3890.0,3780.0,3800.0,2574.073486328125,120447900.0
2020-02-03,3800.0,3820.0,3730.0,3740.0,2533.430419921875,68360600.0
2020-02-04,3810.0,3810.0,3730.0,3760.0,2546.97802734375,77259600.0
2020-02-05,3760.0,3780.0,3720.0,3770.0,2553.752197265625,68150800.0
2020-02-06,3800.0,3800.0,3750.0,3760.0,2546.97802734375,56261500.0
2020-02-07,3780.0,3820.0,3760.0,3790.0,2567.2998046875,53578900.0
2020-02-10,3800.0,3850.0,3780.0,3810.0,2580.847412109375,86588500.0
2020-02-11,3810.0,3830.0,3780.0,3790.0,2567.2998046875,50248200.0
2020-02-12,3800.0,3850.0,3780.0,3820.0,2587.621337890625,73840300.0
2020-02-13,3820.0,3830.0,3710.0,3730.0,2526.656494140625,66699800.0
2020-02-14,3680.0,3730.0,3640.0,3640.0,2465.691650390625,108793300.0
2020-02-17,3630.0,3660.0,3590.0,3610.0,2445.3701171875,94887800.0
2020-02-18,3590.0,3660.0,3590.0,3620.0,2452.14404296875,94382900.0
2020-02-19,3620.0,3640.0,3590.0,3620.0,2452.14404296875,63717800.0
2020-02-20,3620.0,3650.0,3600.0,3630.0,2458.917724609375,53035400.0
2020-02-21,3650.0,3710.0,3640.0,3690.0,2499.56103515625,86862600.0
2020-02-24,3670.0,3720.0,3630.0,3640.0,2465.691650390625,72610600.0
2020-02-25,3600.0,3670.0,3590.0,3590.0,2431.822509765625,73990700.0
2020-02-26,3530.0,3550.0,3450.0,3510.0,2377.631103515625,133449900.0
2020-02-27,3510.0,3550.0,3420.0,3470.0,2350.53564453125,88389400.0
2020-02-28,3390.0,3490.0,3340.0,3490.0,2364.083251953125,151751800.0
2020-03-02,3470.0,3550.0,3440.0,3440.0,2330.214111328125,96802900.0
2020-03-03,3510.0,3660.0,3470.0,3620.0,2452.14404296875,114698200.0
2020-03-04,3640.0,3840.0,3630.0,3830.0,2594.395263671875,136081000.0
2020-03-05,3820.0,3880.0,3760.0,3830.0,2594.395263671875,101235000.0
2020-03-06,3730.0,3790.0,3710.0,3750.0,2540.2041015625,86476000.0
2020-03-09,3560.0,3620.0,3500.0,3500.0,2370.857177734375,109347300.0
2020-03-10,3480.0,3620.0,3480.0,3490.0,2364.083251953125,119718000.0
2020-03-11,3470.0,3480.0,3370.0,3400.0,2303.11865234375,115486900.0
2020-03-12,3300.0,3440.0,3270.0,3310.0,2242.1533203125,84363800.0
2020-03-13,3310.0,3310.0,3310.0,3310.0,2242.1533203125,0.0
2020-03-16,3300.0,3300.0,3160.0,3160.0,2140.54541015625,115972300.0
2020-03-17,3160.0,3160.0,2940.0,2940.0,1991.5201416015625,150122700.0
2020-03-18,3010.0,3080.0,2740.0,2810.0,1903.4595947265625,150147300.0
2020-03-19,2810.0,2810.0,2620.0,2620.0,1774.756103515625,138987300.0
2020-03-20,2660.0,2990.0,2450.0,2880.0,1950.876953125,267694700.0
2020-03-23,2880.0,2880.0,2680.0,2680.0,1815.399169921875,86157200.0
2020-03-24,2700.0,2880.0,2570.0,2620.0,1774.756103515625,243778900.0
2020-03-26,2550.0,3080.0,2550.0,2980.0,2018.6156005859375,267369500.0
2020-03-27,3050.0,3270.0,3050.0,3090.0,2093.128173828125,200952500.0
2020-03-30,3060.0,3180.0,2880.0,3140.0,2126.99755859375,134474300.0
2020-03-31,3180.0,3300.0,3120.0,3160.0,2140.54541015625,151302900.0
2020-04-01,3180.0,3200.0,3040.0,3100.0,2099.90234375,104550600.0
2020-04-02,3100.0,3130.0,3020.0,3130.0,2120.223876953125,92893600.0
2020-04-03,3150.0,3220.0,3120.0,3200.0,2167.640625,83469200.0
2020-04-06,3280.0,3330.0,3180.0,3330.0,2255.701416015625,115495000.0
2020-04-07,3390.0,3500.0,3200.0,3220.0,2181.18896484375,166425600.0
2020-04-08,3220.0,3220.0,3050.0,3110.0,2106.67626953125,124553900.0
2020-04-09,3110.0,3180.0,3030.0,3120.0,2113.4501953125,122622400.0
2020-04-13,3140.0,3230.0,3130.0,3180.0,2154.093505859375,45469500.0
2020-04-14,3200.0,3250.0,3160.0,3240.0,2194.736572265625,79114600.0
2020-04-15,3250.0,3300.0,3090.0,3110.0,2106.67626953125,69832000.0
2020-04-16,3110.0,3110.0,3000.0,3000.0,2032.16357421875,109582500.0
2020-04-17,3050.0,3250.0,3050.0,3230.0,2187.962890625,127860400.0
2020-04-20,3270.0,3270.0,3120.0,3120.0,2113.4501953125,77306900.0
2020-04-21,3120.0,3130.0,3050.0,3070.0,2079.58056640625,43239400.0
2020-04-22,3050.0,3270.0,3030.0,3160.0,2140.54541015625,126278300.0
2020-04-23,3200.0,3240.0,3070.0,3070.0,2079.58056640625,117391500.0
2020-04-24,3100.0,3160.0,3080.0,3090.0,2093.128173828125,84061400.0
2020-04-27,3120.0,3200.0,3100.0,3150.0,2133.771728515625,85475400.0
2020-04-28,3170.0,3200.0,3140.0,3160.0,2140.54541015625,80212700.0
2020-04-29,3200.0,3390.0,3100.0,3350.0,2269.2490234375,154902100.0
2020-04-30,3400.0,3540.0,3350.0,3500.0,2370.857177734375,163170100.0
2020-05-04,3400.0,3400.0,3260.0,3320.0,2248.927490234375,108988600.0
2020-05-05,3320.0,3390.0,3320.0,3320.0,2248.927490234375,74036700.0
2020-05-06,3300.0,3340.0,3220.0,3240.0,2194.736572265625,86395000.0
2020-05-08,3270.0,3290.0,3150.0,3190.0,2160.866943359375,143584400.0
2020-05-11,3220.0,3250.0,3210.0,3220.0,2181.18896484375,58473100.0
2020-05-12,3270.0,3270.0,3100.0,3150.0,2133.771728515625,138978700.0
2020-05-13,3150.0,3170.0,3080.0,3160.0,2140.54541015625,73238700.0
2020-05-14,3110.0,3140.0,3060.0,3070.0,2079.58056640625,101581300.0
2020-05-15,3100.0,3130.0,3020.0,3100.0,2099.90234375,114753900.0
2020-05-18,3100.0,3220.0,3100.0,3220.0,2181.18896484375,108828800.0
2020-05-19,3250.0,3330.0,3250.0,3270.0,2215.05810546875,97387100.0
2020-05-20,3200.0,3260.0,3180.0,3180.0,2154.093505859375,76086600.0
2020-05-26,3150.0,3280.0,3130.0,3250.0,2201.51025390625,105792900.0
2020-05-27,3250.0,3270.0,3150.0,3170.0,2147.319580078125,128693900.0
2020-05-28,3180.0,3210.0,3130.0,3130.0,2120.223876953125,177385100.0
2020-05-29,3100.0,3150.0,3080.0,3150.0,2133.771728515625,276092100.0
2020-06-02,3160.0,3270.0,3120.0,3250.0,2201.51025390625,174790600.0
2020-06-03,3280.0,3320.0,3230.0,3290.0,2228.605712890625,216200900.0
2020-06-04,3320.0,3390.0,3250.0,3300.0,2235.379638671875,167708600.0
2020-06-05,3360.0,3360.0,3200.0,3230.0,2187.962890625,188420700.0
2020-06-08,3250.0,3290.0,3220.0,3230.0,2187.962890625,221641600.0
2020-06-09,3250.0,3270.0,3140.0,3140.0,2126.99755859375,171214500.0
2020-06-10,3150.0,3190.0,3100.0,3110.0,2106.67626953125,263483700.0
2020-06-11,3120.0,3150.0,3060.0,3080.0,2086.3544921875,175767800.0
2020-06-12,3080.0,3080.0,2970.0,3030.0,2052.48486328125,260087300.0
2020-06-15,3060.0,3150.0,3030.0,3090.0,2093.128173828125,241625700.0
2020-06-16,3150.0,3220.0,3130.0,3200.0,2167.640625,194424800.0
2020-06-17,3210.0,3230.0,3140.0,3210.0,2174.414794921875,177784900.0
2020-06-18,3210.0,3350.0,3180.0,3280.0,2221.83203125,235586600.0
2020-06-19,3300.0,3340.0,3250.0,3280.0,2221.83203125,227358800.0
2020-06-22,3290.0,3300.0,3180.0,3200.0,2167.640625,159776500.0
2020-06-23,3200.0,3200.0,3120.0,3130.0,2120.223876953125,167271000.0
2020-06-24,3150.0,3230.0,3140.0,3180.0,2154.093505859375,170895600.0
2020-06-25,3160.0,3220.0,3140.0,3160.0,2140.54541015625,100882600.0
2020-06-26,3190.0,3220.0,3180.0,3190.0,2160.866943359375,100784500.0
2020-06-29,3200.0,3250.0,3160.0,3180.0,2154.093505859375,156613200.0
2020-06-30,3090.0,3100.0,3050.0,3050.0,2171.22705078125,258068400.0
2020-07-01,3070.0,3100.0,3010.0,3040.0,2164.108154296875,148037400.0
2020-07-02,3040.0,3140.0,3040.0,3140.0,2235.295654296875,178357900.0
2020-07-03,3150.0,3180.0,3110.0,3120.0,2221.058349609375,102033100.0
2020-07-06,3130.0,3150.0,3040.0,3050.0,2171.22705078125,248572600.0
2020-07-07,3060.0,3120.0,3050.0,3120.0,2221.058349609375,169104200.0
2020-07-08,3130.0,3160.0,3110.0,3150.0,2242.41455078125,158166300.0
2020-07-09,3170.0,3190.0,3110.0,3110.0,2213.939453125,125940800.0
2020-07-10,3110.0,3130.0,3100.0,3110.0,2213.939453125,95422400.0
2020-07-13,3120.0,3130.0,3080.0,3090.0,2199.701904296875,77733900.0
2020-07-14,3100.0,3110.0,3070.0,3080.0,2192.5830078125,111442600.0
2020-07-15,3120.0,3130.0,3080.0,3090.0,2199.701904296875,102304100.0
2020-07-16,3090.0,3110.0,3080.0,3100.0,2206.82080078125,91951000.0
2020-07-17,3100.0,3110.0,3060.0,3060.0,2178.345703125,112416300.0
2020-07-20,3080.0,3080.0,3040.0,3060.0,2178.345703125,64735500.0
2020-07-21,3050.0,3110.0,3050.0,3060.0,2178.345703125,101283800.0
2020-07-22,3070.0,3090.0,3060.0,3070.0,2185.46435546875,69462100.0
2020-07-23,3070.0,3090.0,3060.0,3070.0,2185.46435546875,70482100.0
2020-07-24,3080.0,3080.0,3020.0,3020.0,2149.870361328125,137265100.0
2020-07-27,3020.0,3050.0,3020.0,3040.0,2164.108154296875,58708800.0
2020-07-28,3050.0,3050.0,3010.0,3020.0,2149.870361328125,102705300.0
2020-07-29,3030.0,3050.0,3000.0,3000.0,2135.633056640625,114352000.0
2020-07-30,3040.0,3050.0,3000.0,3050.0,2171.22705078125,95785000.0
2020-08-03,3060.0,3060.0,2850.0,2920.0,2078.682861328125,255659800.0
2020-08-04,2970.0,2970.0,2920.0,2950.0,2100.0390625,96018000.0
2020-08-05,2960.0,3040.0,2920.0,3020.0,2149.870361328125,120719100.0
2020-08-06,3050.0,3050.0,3000.0,3020.0,2149.870361328125,71699000.0
2020-08-07,3020.0,3030.0,2970.0,2980.0,2121.395263671875,78347200.0
2020-08-10,3000.0,3020.0,2970.0,2970.0,2114.276611328125,65485400.0
2020-08-11,2980.0,3000.0,2930.0,2930.0,2085.801513671875,175693000.0
2020-08-12,2930.0,2960.0,2920.0,2950.0,2100.0390625,110934800.0
2020-08-13,2950.0,3020.0,2950.0,3010.0,2142.75146484375,160906600.0
2020-08-14,3020.0,3040.0,3000.0,3030.0,2156.989013671875,93007500.0
2020-08-18,3030.0,3060.0,3000.0,3050.0,2171.22705078125,139358500.0
2020-08-19,3050.0,3050.0,3000.0,3000.0,2135.633056640625,103980600.0
2020-08-24,3010.0,3020.0,2990.0,3000.0,2135.633056640625,76713900.0
2020-08-25,3010.0,3010.0,2980.0,2980.0,2121.395263671875,100013600.0
2020-08-26,2980.0,3050.0,2980.0,3020.0,2149.870361328125,122465300.0
2020-08-27,3020.0,3040.0,2970.0,2990.0,2128.51416015625,102787800.0
2020-08-28,2990.0,2990.0,2940.0,2960.0,2107.15771484375,160569500.0
2020-08-31,2960.0,2980.0,2860.0,2860.0,2035.969970703125,204261100.0
2020-09-01,2900.0,2910.0,2860.0,2900.0,2064.445068359375,90565400.0
2020-09-02,2900.0,2970.0,2900.0,2950.0,2100.0390625,107589800.0
2020-09-03,2950.0,2960.0,2880.0,2900.0,2064.445068359375,123106100.0
2020-09-04,2850.0,2890.0,2840.0,2860.0,2035.969970703125,143569100.0
2020-09-07,2870.0,2910.0,2870.0,2900.0,2064.445068359375,62206600.0
2020-09-08,2890.0,2900.0,2860.0,2860.0,2035.969970703125,80068200.0
2020-09-09,2850.0,2860.0,2800.0,2800.0,1993.25732421875,108397400.0
2020-09-10,2800.0,2800.0,2620.0,2700.0,1922.0694580078125,287496300.0
2020-09-11,2670.0,2840.0,2650.0,2810.0,2000.3759765625,197756800.0
2020-09-14,2830.0,2890.0,2820.0,2890.0,2057.326171875,127562700.0
2020-09-15,2890.0,2900.0,2810.0,2830.0,2014.613525390625,106215900.0
2020-09-16,2810.0,2830.0,2770.0,2790.0,1986.1385498046875,68113400.0
2020-09-17,2810.0,2850.0,2780.0,2820.0,2007.4949951171875,97257400.0
2020-09-18,2850.0,2890.0,2840.0,2890.0,2057.326171875,162116700.0
2020-09-21,2890.0,2910.0,2800.0,2810.0,2000.3759765625,100305100.0
2020-09-22,2790.0,2810.0,2750.0,2780.0,1979.019775390625,75891600.0
2020-09-23,2770.0,2810.0,2740.0,2800.0,1993.25732421875,85953300.0
2020-09-24,2750.0,2760.0,2710.0,2730.0,1943.426025390625,74516800.0
2020-09-25,2720.0,2740.0,2670.0,2690.0,1914.950927734375,180968900.0
2020-09-28,2710.0,2730.0,2660.0,2660.0,1893.5946044921875,89256700.0
2020-09-29,2690.0,2690.0,2630.0,2630.0,1872.238037109375,155853900.0
2020-09-30,2630.0,2650.0,2540.0,2560.0,1822.4068603515625,235611600.0
2020-10-01,2600.0,2760.0,2600.0,2750.0,1957.66357421875,225006000.0
2020-10-02,2750.0,2750.0,2650.0,2680.0,1907.8319091796875,140161900.0
2020-10-05,2690.0,2710.0,2640.0,2650.0,1886.4757080078125,124720200.0
2020-10-06,2680.0,2700.0,2620.0,2650.0,1886.4757080078125,148977400.0
2020-10-07,2650.0,2670.0,2620.0,2660.0,1893.5946044921875,110186000.0
2020-10-08,2670.0,2720.0,2650.0,2700.0,1922.0694580078125,154587800.0
2020-10-09,2710.0,2750.0,2700.0,2730.0,1943.426025390625,109122300.0
2020-10-12,2750.0,2760.0,2710.0,2730.0,1943.426025390625,77479100.0
2020-10-13,2730.0,2740.0,2680.0,2730.0,1943.426025390625,97205500.0
2020-10-14,2730.0,2830.0,2710.0,2810.0,2000.3759765625,183236500.0
2020-10-15,2800.0,2850.0,2760.0,2780.0,1979.019775390625,138462900.0
2020-10-16,2780.0,2780.0,2720.0,2750.0,1957.66357421875,135175000.0
2020-10-19,2800.0,2810.0,2710.0,2710.0,1929.1883544921875,187840500.0
2020-10-20,2710.0,2740.0,2670.0,2670.0,1900.71337890625,168211100.0
2020-10-21,2680.0,2710.0,2670.0,2680.0,1907.8319091796875,142146300.0
2020-10-22,2670.0,2720.0,2650.0,2700.0,1922.0694580078125,257179400.0
2020-10-23,2710.0,2720.0,2630.0,2630.0,1872.238037109375,166356000.0
2020-10-26,2630.0,2680.0,2630.0,2650.0,1886.4757080078125,97523200.0
2020-10-27,2640.0,2690.0,2620.0,2620.0,1865.1195068359375,146366600.0
2020-11-02,2590.0,2620.0,2550.0,2560.0,1822.4068603515625,391510600.0
2020-11-03,2570.0,2590.0,2540.0,2580.0,1836.644287109375,188874000.0
2020-11-04,2600.0,2640.0,2580.0,2580.0,1836.644287109375,150678200.0
2020-11-05,2630.0,2810.0,2620.0,2770.0,1971.9010009765625,369260400.0
2020-11-06,2800.0,2840.0,2750.0,2830.0,2014.613525390625,243865800.0
2020-11-09,2860.0,2900.0,2840.0,2880.0,2050.207763671875,208192700.0
2020-11-10,2950.0,2950.0,2860.0,2860.0,2035.969970703125,195337300.0
2020-11-11,2900.0,3100.0,2880.0,3080.0,2192.5830078125,480530200.0
2020-11-12,3080.0,3080.0,3010.0,3040.0,2164.108154296875,169609900.0
2020-11-13,3010.0,3010.0,2950.0,2990.0,2128.51416015625,186708800.0
2020-11-16,3040.0,3100.0,3020.0,3070.0,2185.46435546875,206145500.0
2020-11-17,3100.0,3270.0,3100.0,3220.0,2292.24609375,527501800.0
2020-11-18,3200.0,3250.0,3160.0,3180.0,2263.77099609375,239122600.0
2020-11-19,3150.0,3220.0,3140.0,3170.0,2256.65234375,185558800.0
2020-11-20,3190.0,3270.0,3180.0,3220.0,2292.24609375,211892500.0
2020-11-23,3230.0,3340.0,3220.0,3320.0,2363.433837890625,260752200.0
2020-11-24,3350.0,3380.0,3330.0,3350.0,2384.7900390625,207503900.0
2020-11-25,3370.0,3390.0,3280.0,3280.0,2334.958740234375,253156200.0
2020-11-26,3280.0,3480.0,3280.0,3470.0,2470.21533203125,374185400.0
2020-11-27,3480.0,3500.0,3420.0,3460.0,2463.0966796875,163651600.0
2020-11-30,3460.0,3470.0,3220.0,3230.0,2299.364990234375,624142600.0
2020-12-01,3230.0,3320.0,3160.0,3240.0,2306.483642578125,277929200.0
2020-12-02,3270.0,3330.0,3240.0,3330.0,2370.552490234375,187276600.0
2020-12-03,3330.0,3360.0,3280.0,3300.0,2349.196044921875,121434200.0
2020-12-04,3270.0,3280.0,3210.0,3250.0,2313.60205078125,170418900.0
2020-12-07,3280.0,3330.0,3260.0,3330.0,2370.552490234375,175436900.0
2020-12-08,3350.0,3350.0,3290.0,3300.0,2349.196044921875,113775100.0
2020-12-10,3270.0,3290.0,3250.0,3260.0,2320.72119140625,229380200.0
2020-12-11,3270.0,3330.0,3250.0,3280.0,2334.958740234375,154365400.0
2020-12-14,3300.0,3340.0,3250.0,3320.0,2363.433837890625,281474900.0
2020-12-15,3320.0,3490.0,3290.0,3450.0,2455.977783203125,410175700.0
2020-12-16,3500.0,3640.0,3500.0,3610.0,2569.87841796875,455088400.0
2020-12-17,3610.0,3620.0,3520.0,3540.0,2520.046875,249797800.0
2020-12-18,3500.0,3540.0,3500.0,3510.0,2498.6904296875,187856600.0
2020-12-21,3530.0,3610.0,3510.0,3520.0,2505.80908203125,267970200.0
2020-12-22,3500.0,3540.0,3340.0,3360.0,2391.908935546875,311860000.0
2020-12-23,3350.0,3420.0,3240.0,3320.0,2363.433837890625,240067600.0
2020-12-28,3370.0,3460.0,3280.0,3430.0,2441.740234375,178138100.0
2020-12-29,3500.0,3530.0,3400.0,3420.0,2434.62158203125,184525500.0
2020-12-30,3420.0,3420.0,3310.0,3310.0,2356.31494140625,150844500.0
2021-01-04,3320.0,3500.0,3310.0,3490.0,2484.452880859375,165339800.0
2021-01-05,3480.0,3480.0,3420.0,3470.0,2470.21533203125,157800700.0
2021-01-06,3470.0,3490.0,3330.0,3370.0,2399.02734375,177877900.0
2021-01-07,3390.0,3450.0,3380.0,3390.0,2413.265380859375,140221900.0
2021-01-08,3450.0,3620.0,3440.0,3570.0,2541.4033203125,492643700.0
2021-01-11,3590.0,3640.0,3570.0,3600.0,2562.759521484375,271231200.0
2021-01-12,3600.0,3620.0,3500.0,3510.0,2498.6904296875,189779500.0
2021-01-13,3550.0,3550.0,3460.0,3480.0,2477.334228515625,162329300.0
2021-01-14,3480.0,3590.0,3470.0,3500.0,2491.571533203125,187448400.0
2021-01-15,3510.0,3540.0,3450.0,3480.0,2477.334228515625,133304300.0
2021-01-18,3480.0,3520.0,3430.0,3450.0,2455.977783203125,138913100.0
2021-01-19,3470.0,3490.0,3370.0,3410.0,2427.5029296875,144100700.0
2021-01-20,3420.0,3480.0,3380.0,3470.0,2470.21533203125,116098100.0
2021-01-21,3500.0,3520.0,3460.0,3480.0,2477.334228515625,81801900.0
2021-01-22,3420.0,3440.0,3360.0,3390.0,2413.265380859375,165024200.0
2021-01-25,3370.0,3410.0,3310.0,3370.0,2399.02734375,118131800.0
2021-01-26,3360.0,3390.0,3260.0,3260.0,2320.72119140625,111414500.0
2021-01-27,3340.0,3380.0,3260.0,3380.0,2406.146240234375,159144700.0
2021-01-28,3280.0,3330.0,3230.0,3240.0,2306.483642578125,142648800.0
2021-01-29,3290.0,3290.0,3110.0,3110.0,2213.939453125,191915100.0
2021-02-01,3130.0,3250.0,3040.0,3230.0,2299.364990234375,133929600.0
2021-02-02,3300.0,3330.0,3250.0,3270.0,2327.840087890625,114734600.0
2021-02-03,3250.0,3330.0,3220.0,3240.0,2306.483642578125,86433900.0
2021-02-04,3270.0,3330.0,3260.0,3290.0,2342.077392578125,80319500.0
2021-02-05,3320.0,3320.0,3270.0,3290.0,2342.077392578125,52630500.0
2021-02-08,3300.0,3370.0,3270.0,3280.0,2334.958740234375,96635600.0
2021-02-09,3250.0,3300.0,3180.0,3200.0,2278.008056640625,157479200.0
2021-02-10,3180.0,3220.0,3160.0,3190.0,2270.889404296875,125221400.0
2021-02-11,3220.0,3230.0,3170.0,3190.0,2270.889404296875,79940700.0
2021-02-15,3200.0,3260.0,3200.0,3220.0,2292.24609375,88883300.0
2021-02-16,3200.0,3250.0,3190.0,3210.0,2285.126953125,82026300.0
2021-02-17,3220.0,3250.0,3140.0,3150.0,2242.41455078125,121105300.0
2021-02-18,3190.0,3270.0,3180.0,3180.0,2263.77099609375,151200300.0
2021-02-19,3180.0,3220.0,3170.0,3210.0,2285.126953125,63214600.0
2021-02-22,3210.0,3240.0,3170.0,3170.0,2256.65234375,100425500.0
2021-02-23,3200.0,3480.0,3200.0,3470.0,2470.21533203125,354966200.0
2021-02-24,3490.0,3550.0,3460.0,3480.0,2477.334228515625,303017100.0
2021-02-25,3510.0,3570.0,3450.0,3490.0,2484.452880859375,226833000.0
2021-02-26,3450.0,3510.0,3410.0,3490.0,2484.452880859375,230007700.0
2021-03-01,3490.0,3510.0,3470.0,3490.0,2484.452880859375,91513500.0
2021-03-02,3490.0,3500.0,3440.0,3460.0,2463.0966796875,169061400.0
2021-03-03,3480.0,3480.0,3420.0,3440.0,2448.859130859375,82610700.0
2021-03-04,3420.0,3430.0,3350.0,3360.0,2391.908935546875,142322100.0
2021-03-05,3340.0,3370.0,3320.0,3320.0,2363.433837890625,128546000.0
2021-03-08,3360.0,3400.0,3330.0,3340.0,2377.671142578125,80094900.0
2021-03-09,3370.0,3390.0,3280.0,3290.0,2342.077392578125,110090800.0
2021-03-10,3340.0,3420.0,3310.0,3400.0,2420.384033203125,91631900.0
2021-03-12,3440.0,3480.0,3430.0,3450.0,2455.977783203125,100195200.0
2021-03-15,3440.0,3450.0,3380.0,3380.0,2406.146240234375,50077300.0
2021-03-16,3400.0,3410.0,3360.0,3360.0,2391.908935546875,60111200.0
2021-03-17,3410.0,3430.0,3370.0,3390.0,2413.265380859375,61701400.0
2021-03-18,3450.0,3480.0,3430.0,3450.0,2455.977783203125,101896400.0
2021-03-19,3410.0,3440.0,3380.0,3440.0,2448.859130859375,140000000.0
2021-03-22,3440.0,3440.0,3380.0,3380.0,2406.146240234375,53870300.0
2021-03-23,3390.0,3420.0,3350.0,3360.0,2391.908935546875,55323200.0
2021-03-24,3320.0,3390.0,3320.0,3370.0,2399.02734375,67173200.0
2021-03-25,3400.0,3430.0,3380.0,3410.0,2427.5029296875,107607200.0
2021-03-26,3410.0,3500.0,3390.0,3490.0,2484.452880859375,106810400.0
2021-03-29,3470.0,3490.0,3400.0,3410.0,2427.5029296875,72214100.0
2021-03-30,3420.0,3430.0,3360.0,3380.0,2406.146240234375,66491800.0
2021-03-31,3380.0,3420.0,3330.0,3420.0,2434.62158203125,134671900.0
2021-04-01,3390.0,3440.0,3380.0,3390.0,2413.265380859375,73332000.0
2021-04-05,3430.0,3430.0,3370.0,3380.0,2406.146240234375,36029200.0
2021-04-06,3400.0,3410.0,3370.0,3370.0,2399.02734375,40566400.0
2021-04-07,3410.0,3430.0,3380.0,3400.0,2420.384033203125,84754300.0
2021-04-08,3380.0,3400.0,3380.0,3390.0,2413.265380859375,59079700.0
2021-04-09,3390.0,3390.0,3360.0,3360.0,2391.908935546875,56861400.0
2021-04-12,3340.0,3390.0,3300.0,3310.0,2356.31494140625,79003200.0
2021-04-13,3340.0,3340.0,3300.0,3330.0,2370.552490234375,51300200.0
2021-04-14,3360.0,3360.0,3320.0,3340.0,2377.671142578125,52587500.0
2021-04-15,3340.0,3360.0,3320.0,3360.0,2391.908935546875,65669100.0
2021-04-16,3370.0,3370.0,3320.0,3360.0,2391.908935546875,52517800.0
2021-04-19,3330.0,3360.0,3330.0,3340.0,2377.671142578125,44899700.0
2021-04-20,3330.0,3350.0,3300.0,3320.0,2363.433837890625,55700100.0
2021-04-21,3290.0,3330.0,3280.0,3280.0,2334.958740234375,47167800.0
2021-04-22,3290.0,3340.0,3290.0,3330.0,2370.552490234375,54970000.0
2021-04-23,3330.0,3330.0,3290.0,3310.0,2356.31494140625,39798400.0
2021-04-26,3280.0,3300.0,3250.0,3250.0,2313.60205078125,55076200.0
2021-04-27,3240.0,3250.0,3140.0,3160.0,2249.533203125,166985400.0
2021-04-28,3160.0,3170.0,3130.0,3140.0,2235.295654296875,91596300.0
2021-04-29,3150.0,3210.0,3140.0,3200.0,2278.008056640625,111785100.0
2021-04-30,3220.0,3260.0,3200.0,3200.0,2278.008056640625,143840800.0
2021-05-03,3200.0,3210.0,3130.0,3170.0,2256.65234375,124724400.0
2021-05-04,3180.0,3210.0,3170.0,3210.0,2285.126953125,60180600.0
2021-05-05,3210.0,3210.0,3180.0,3200.0,2278.008056640625,76480300.0
2021-05-06,3200.0,3200.0,3150.0,3190.0,2270.889404296875,91955600.0
2021-05-07,3200.0,3220.0,3180.0,3190.0,2270.889404296875,98099900.0
2021-05-10,3190.0,3200.0,3160.0,3170.0,2256.65234375,104121900.0
2021-05-11,3170.0,3200.0,3150.0,3180.0,2263.77099609375,94281900.0
2021-05-17,3190.0,3190.0,3150.0,3190.0,2270.889404296875,114071400.0
2021-05-18,3190.0,3190.0,3150.0,3180.0,2263.77099609375,77310400.0
2021-05-19,3150.0,3220.0,3150.0,3160.0,2249.533203125,48958100.0
2021-05-20,3190.0,3320.0,3180.0,3310.0,2356.31494140625,197430900.0
2021-05-21,3340.0,3350.0,3270.0,3270.0,2327.840087890625,104101400.0
2021-05-24,3290.0,3330.0,3220.0,3260.0,2320.72119140625,64347100.0
2021-05-25,3290.0,3320.0,3270.0,3300.0,2349.196044921875,62218300.0
2021-05-27,3350.0,3400.0,3330.0,3380.0,2406.146240234375,233551300.0
2021-05-28,3380.0,3400.0,3260.0,3270.0,2327.840087890625,87439800.0
2021-05-31,3300.0,3460.0,3300.0,3440.0,2448.859130859375,155768200.0
2021-06-02,3490.0,3500.0,3420.0,3450.0,2455.977783203125,108933400.0
2021-06-03,3420.0,3490.0,3420.0,3490.0,2484.452880859375,77627900.0
2021-06-04,3490.0,3510.0,3450.0,3500.0,2491.571533203125,70624200.0
2021-06-07,3540.0,3570.0,3500.0,3550.0,2527.165283203125,124440300.0
2021-06-08,3550.0,3550.0,3470.0,3500.0,2491.571533203125,132409400.0
2021-06-09,3340.0,3400.0,3310.0,3390.0,2534.9501953125,112204200.0
2021-06-10,3350.0,3500.0,3340.0,3480.0,2602.249267578125,137713700.0
2021-06-11,3490.0,3500.0,3420.0,3470.0,2594.77197265625,82336600.0
2021-06-14,3460.0,3470.0,3400.0,3410.0,2549.905517578125,46016500.0
2021-06-15,3410.0,3440.0,3380.0,3440.0,2572.338623046875,60528600.0
2021-06-16,3380.0,3430.0,3380.0,3410.0,2549.905517578125,39149800.0
2021-06-17,3370.0,3420.0,3350.0,3350.0,2505.0390625,50286100.0
2021-06-18,3350.0,3400.0,3290.0,3350.0,2505.0390625,168414300.0
2021-06-21,3280.0,3340.0,3260.0,3300.0,2467.650390625,74248200.0
2021-06-22,3300.0,3370.0,3290.0,3300.0,2467.650390625,89349200.0
2021-06-23,3310.0,3420.0,3310.0,3370.0,2519.994384765625,81901000.0
2021-06-24,3330.0,3360.0,3240.0,3250.0,2430.26171875,101334200.0
2021-06-25,3250.0,3300.0,3240.0,3250.0,2430.26171875,58330700.0
2021-06-28,3250.0,3260.0,3170.0,3170.0,2370.43994140625,66338900.0
2021-06-29,3190.0,3260.0,3150.0,3160.0,2362.962158203125,123411200.0
2021-06-30,3150.0,3180.0,3130.0,3150.0,2355.484375,142204500.0
2021-07-01,3160.0,3170.0,3090.0,3110.0,2325.573486328125,143665900.0
2021-07-02,3110.0,3130.0,3060.0,3070.0,2295.662841796875,161855700.0
2021-07-05,3070.0,3090.0,3010.0,3040.0,2273.229248046875,133815000.0
2021-07-06,3050.0,3070.0,3000.0,3010.0,2250.796142578125,151573500.0
2021-07-07,3030.0,3070.0,3010.0,3030.0,2265.751708984375,110215500.0
2021-07-08,3060.0,3060.0,3000.0,3010.0,2250.796142578125,132576600.0
2021-07-09,3040.0,3170.0,3030.0,3160.0,2362.962158203125,222916400.0
2021-07-12,3190.0,3190.0,3110.0,3130.0,2340.529052734375,86268000.0
2021-07-13,3160.0,3160.0,3050.0,3070.0,2295.662841796875,82856600.0
2021-07-14,3050.0,3070.0,3020.0,3060.0,2288.184814453125,84993400.0
2021-07-15,3110.0,3140.0,3080.0,3130.0,2340.529052734375,88092800.0
2021-07-16,3140.0,3170.0,3110.0,3170.0,2370.43994140625,63626300.0
2021-07-19,3160.0,3230.0,3150.0,3220.0,2407.82861328125,116219500.0
2021-07-21,3190.0,3240.0,3180.0,3210.0,2400.350830078125,115099400.0
2021-07-22,3210.0,3260.0,3210.0,3260.0,2437.739501953125,48865700.0
2021-07-23,3250.0,3250.0,3150.0,3170.0,2370.43994140625,67128400.0
2021-07-26,3140.0,3200.0,3140.0,3190.0,2385.3955078125,55525800.0
2021-07-27,3210.0,3270.0,3160.0,3270.0,2445.217041015625,62673400.0
2021-07-28,3250.0,3250.0,3150.0,3190.0,2385.3955078125,103282300.0
2021-07-29,3210.0,3290.0,3200.0,3230.0,2415.306396484375,126542400.0
2021-07-30,3200.0,3290.0,3200.0,3240.0,2422.7841796875,95143100.0
2021-08-02,3240.0,3310.0,3210.0,3310.0,2475.128173828125,60368200.0
2021-08-03,3310.0,3360.0,3290.0,3330.0,2490.083740234375,89712500.0
2021-08-04,3330.0,3370.0,3310.0,3370.0,2519.994384765625,63108600.0
2021-08-05,3360.0,3400.0,3320.0,3340.0,2497.5615234375,89742800.0
2021-08-06,3360.0,3380.0,3310.0,3320.0,2482.60546875,31664200.0
2021-08-09,3260.0,3300.0,3220.0,3250.0,2430.26171875,70299500.0
2021-08-10,3240.0,3270.0,3190.0,3230.0,2415.306396484375,57658000.0
2021-08-12,3260.0,3350.0,3240.0,3350.0,2505.0390625,93133400.0
2021-08-13,3370.0,3380.0,3260.0,3300.0,2467.650390625,59903600.0
2021-08-16,3300.0,3340.0,3290.0,3340.0,2497.5615234375,38661800.0
2021-08-18,3360.0,3440.0,3350.0,3420.0,2557.38330078125,162921300.0
2021-08-19,3410.0,3430.0,3360.0,3390.0,2534.9501953125,100851800.0
2021-08-20,3390.0,3430.0,3370.0,3400.0,2542.427734375,113411000.0
2021-08-23,3420.0,3440.0,3400.0,3440.0,2572.338623046875,64122400.0
2021-08-24,3410.0,3420.0,3310.0,3400.0,2542.427734375,69338100.0
2021-08-25,3390.0,3390.0,3330.0,3370.0,2519.994384765625,66618200.0
2021-08-26,3330.0,3360.0,3320.0,3360.0,2512.516845703125,55756100.0
2021-08-27,3370.0,3370.0,3310.0,3320.0,2482.60546875,62419000.0
2021-08-30,3330.0,3400.0,3330.0,3400.0,2542.427734375,64177700.0
2021-08-31,3400.0,3420.0,3360.0,3400.0,2542.427734375,130019000.0
2021-09-01,3420.0,3420.0,3330.0,3340.0,2497.5615234375,85135200.0
2021-09-02,3350.0,3390.0,3350.0,3370.0,2519.994384765625,51633800.0
2021-09-03,3400.0,3420.0,3370.0,3390.0,2534.9501953125,65479800.0
2021-09-06,3410.0,3410.0,3380.0,3390.0,2534.9501953125,52640400.0
2021-09-07,3410.0,3410.0,3360.0,3380.0,2527.47216796875,42617400.0
2021-09-08,3400.0,3400.0,3310.0,3330.0,2490.083740234375,80636800.0
2021-09-09,3360.0,3390.0,3330.0,3390.0,2534.9501953125,82214400.0
2021-09-10,3380.0,3390.0,3320.0,3330.0,2490.083740234375,52115300.0
2021-09-13,3310.0,3350.0,3300.0,3350.0,2505.0390625,45547200.0
2021-09-14,3380.0,3450.0,3350.0,3440.0,2572.338623046875,166002100.0
2021-09-15,3430.0,3450.0,3410.0,3450.0,2579.81640625,73158300.0
2021-09-16,3470.0,3470.0,3400.0,3440.0,2572.338623046875,58318700.0
2021-09-17,3400.0,3530.0,3390.0,3530.0,2639.63818359375,117573100.0
2021-09-20,3500.0,3520.0,3460.0,3520.0,2632.16064453125,83985100.0
2021-09-21,3500.0,3560.0,3480.0,3530.0,2639.63818359375,95848100.0
2021-09-22,3530.0,3590.0,3520.0,3590.0,2684.50439453125,66835200.0
2021-09-23,3600.0,3610.0,3550.0,3560.0,2662.0712890625,104737500.0
2021-09-24,3560.0,3580.0,3540.0,3560.0,2662.0712890625,72224500.0
2021-09-27,3530.0,3560.0,3480.0,3520.0,2632.16064453125,87303000.0
2021-09-28,3510.0,3540.0,3490.0,3530.0,2639.63818359375,54671700.0
2021-09-29,3490.0,3540.0,3490.0,3530.0,2639.63818359375,53170100.0
2021-09-30,3550.0,3690.0,3540.0,3690.0,2759.28173828125,153853900.0
2021-10-01,3680.0,3690.0,3610.0,3660.0,2736.8486328125,109898400.0
2021-10-04,3620.0,3670.0,3600.0,3670.0,2744.326416015625,82205100.0
2021-10-05,3670.0,3680.0,3620.0,3670.0,2744.326416015625,140488300.0
2021-10-06,3690.0,3770.0,3650.0,3760.0,2811.625732421875,153535700.0
2021-10-07,3720.0,3740.0,3690.0,3720.0,2781.715087890625,56837600.0
2021-10-08,3730.0,3800.0,3720.0,3800.0,2841.536865234375,91361800.0
2021-10-11,3800.0,3850.0,3770.0,3810.0,2849.0146484375,78865000.0
2021-10-12,3780.0,3840.0,3770.0,3780.0,2826.581298828125,69866300.0
2021-10-13,3750.0,3820.0,3750.0,3770.0,2819.103515625,87143900.0
2021-10-14,3770.0,3830.0,3770.0,3830.0,2863.969970703125,95817900.0
2021-10-15,3840.0,3840.0,3750.0,3810.0,2849.0146484375,69707700.0
2021-10-18,3840.0,3840.0,3790.0,3790.0,2834.059326171875,78580700.0
2021-10-19,3750.0,3800.0,3720.0,3740.0,2796.67041015625,61095700.0
2021-10-21,3780.0,3880.0,3760.0,3850.0,2878.92529296875,169659500.0
2021-10-22,3860.0,3880.0,3820.0,3870.0,2893.881103515625,59640700.0
2021-10-25,3800.0,3840.0,3780.0,3780.0,2826.581298828125,58246300.0
2021-10-26,3800.0,3830.0,3780.0,3800.0,2841.536865234375,58615100.0
2021-10-27,3820.0,3830.0,3770.0,3790.0,2834.059326171875,52210100.0
2021-10-28,3820.0,3820.0,3710.0,3750.0,2804.148193359375,61151100.0
2021-10-29,3750.0,3810.0,3730.0,3800.0,2841.536865234375,70430900.0
2021-11-01,3810.0,3820.0,3700.0,3700.0,2766.759765625,65447100.0
2021-11-02,3700.0,3710.0,3640.0,3660.0,2736.8486328125,170260000.0
2021-11-03,3620.0,3740.0,3620.0,3720.0,2781.715087890625,48810500.0
2021-11-04,3750.0,3780.0,3720.0,3770.0,2819.103515625,53494200.0
2021-11-05,3760.0,3770.0,3710.0,3770.0,2819.103515625,43133000.0
2021-11-08,3780.0,3780.0,3710.0,3750.0,2804.148193359375,58758600.0
2021-11-09,3730.0,3740.0,3680.0,3710.0,2774.237060546875,92427800.0
2021-11-10,3670.0,3720.0,3670.0,3700.0,2766.759765625,53511200.0
2021-11-11,3700.0,3730.0,3640.0,3650.0,2729.370849609375,95789600.0
2021-11-12,3660.0,3660.0,3600.0,3600.0,2691.982177734375,115142400.0
2021-11-15,3600.0,3650.0,3600.0,3600.0,2691.982177734375,91001800.0
2021-11-16,3590.0,3680.0,3590.0,3670.0,2744.326416015625,99590700.0
2021-11-17,3690.0,3690.0,3600.0,3630.0,2714.41552734375,82023300.0
2021-11-18,3630.0,3640.0,3600.0,3630.0,2714.41552734375,53290400.0
2021-11-19,3660.0,3920.0,3660.0,3900.0,2916.31396484375,310615000.0
2021-11-22,3920.0,3930.0,3780.0,3800.0,2841.536865234375,206683100.0
2021-11-23,3800.0,3850.0,3780.0,3800.0,2841.536865234375,67778800.0
2021-11-24,3840.0,3840.0,3790.0,3800.0,2841.536865234375,67303800.0
2021-11-25,3880.0,4090.0,3850.0,4000.0,2991.091552734375,264897100.0
2021-11-26,4040.0,4050.0,3970.0,4010.0,2998.5693359375,231870300.0
2021-11-29,4010.0,4170.0,3980.0,4140.0,3095.779541015625,228774600.0
2021-11-30,4150.0,4170.0,3990.0,3990.0,2983.613525390625,435800600.0
2021-12-01,4040.0,4150.0,4020.0,4080.0,3050.91357421875,200699200.0
2021-12-02,4140.0,4190.0,4100.0,4160.0,3110.73486328125,116093100.0
2021-12-03,4130.0,4180.0,4050.0,4070.0,3043.435546875,96760700.0
2021-12-06,4060.0,4250.0,4050.0,4170.0,3118.212890625,106756900.0
2021-12-07,4180.0,4200.0,4120.0,4150.0,3103.25732421875,121543400.0
2021-12-08,4100.0,4120.0,4010.0,4090.0,3058.390869140625,113845600.0
2021-12-09,4090.0,4150.0,4080.0,4150.0,3103.25732421875,86985800.0
2021-12-10,4070.0,4150.0,4070.0,4150.0,3103.25732421875,90725000.0
2021-12-13,4150.0,4150.0,4080.0,4080.0,3050.91357421875,65533000.0
2021-12-14,4120.0,4120.0,4070.0,4100.0,3065.86865234375,75736900.0
2021-12-15,4060.0,4140.0,4060.0,4080.0,3050.91357421875,84424500.0
2021-12-16,4110.0,4150.0,4060.0,4100.0,3065.86865234375,98164300.0
2021-12-17,4010.0,4100.0,4010.0,4100.0,3065.86865234375,149615800.0
2021-12-20,4070.0,4110.0,4040.0,4080.0,3050.91357421875,72794200.0
2021-12-21,4110.0,4190.0,4100.0,4160.0,3110.73486328125,98039300.0
2021-12-22,4160.0,4170.0,4110.0,4110.0,3073.346435546875,50574500.0
2021-12-23,4110.0,4160.0,4100.0,4160.0,3110.73486328125,54508200.0
2021-12-24,4160.0,4170.0,4100.0,4110.0,3073.346435546875,29075600.0
2021-12-27,4150.0,4150.0,4070.0,4080.0,3050.91357421875,30748000.0
2021-12-28,4080.0,4130.0,4050.0,4090.0,3058.390869140625,39443300.0
2021-12-29,4100.0,4130.0,4080.0,4080.0,3050.91357421875,25596100.0
2021-12-30,4130.0,4130.0,4040.0,4040.0,3021.001953125,50575100.0
2022-01-03,4060.0,4180.0,4050.0,4180.0,3125.690673828125,65937900.0
2022-01-04,4180.0,4200.0,4150.0,4170.0,3118.212890625,42984700.0
2022-01-05,4150.0,4190.0,4030.0,4050.0,3028.47998046875,119584700.0
2022-01-06,4090.0,4120.0,4030.0,4120.0,3080.82421875,89197500.0
2022-01-07,4120.0,4190.0,4090.0,4170.0,3118.212890625,68415100.0
2022-01-10,4180.0,4190.0,4100.0,4100.0,3065.86865234375,44921200.0
2022-01-11,4120.0,4160.0,4090.0,4090.0,3058.390869140625,61890200.0
2022-01-12,4110.0,4140.0,4070.0,4110.0,3073.346435546875,45132700.0
2022-01-13,4170.0,4180.0,4110.0,4180.0,3125.690673828125,84148400.0
2022-01-14,4140.0,4190.0,4130.0,4190.0,3133.168212890625,28193100.0
2022-01-17,4200.0,4200.0,4140.0,4180.0,3125.690673828125,39816300.0
2022-01-18,4200.0,4250.0,4160.0,4250.0,3178.03466796875,112212200.0
2022-01-19,4260.0,4260.0,4230.0,4250.0,3178.03466796875,88713900.0
2022-01-20,4300.0,4300.0,4190.0,4220.0,3155.6015625,100014500.0
2022-01-21,4240.0,4330.0,4190.0,4330.0,3237.856201171875,75534800.0
2022-01-24,4260.0,4310.0,4250.0,4300.0,3215.423095703125,70404500.0
2022-01-25,4310.0,4320.0,4250.0,4290.0,3207.945556640625,116353600.0
2022-01-26,4380.0,4390.0,4290.0,4390.0,3282.722900390625,127641400.0
2022-01-27,4400.0,4400.0,4260.0,4270.0,3192.989990234375,98613900.0
2022-01-28,4260.0,4300.0,4230.0,4260.0,3185.51220703125,61686700.0
2022-01-31,4210.0,4250.0,4190.0,4190.0,3133.168212890625,88735900.0
2022-02-02,4170.0,4200.0,4150.0,4170.0,3118.212890625,144006000.0
2022-02-03,4200.0,4210.0,4160.0,4200.0,3140.64599609375,58212400.0
2022-02-04,4260.0,4260.0,4180.0,4230.0,3163.0791015625,98728700.0
2022-02-07,4230.0,4290.0,4210.0,4290.0,3207.945556640625,90285800.0
2022-02-08,4280.0,4280.0,4230.0,4230.0,3163.0791015625,71210400.0
2022-02-09,4280.0,4280.0,4210.0,4280.0,3200.468017578125,95375000.0
2022-02-10,4400.0,4470.0,4340.0,4460.0,3335.06689453125,233984700.0
2022-02-11,4500.0,4550.0,4410.0,4450.0,3327.58935546875,130081900.0
2022-02-14,4380.0,4400.0,4310.0,4400.0,3290.200439453125,104903700.0
2022-02-15,4400.0,4440.0,4360.0,4410.0,3297.67822265625,75305900.0
2022-02-16,4420.0,4460.0,4380.0,4400.0,3290.200439453125,90121200.0
2022-02-17,4400.0,4440.0,4360.0,4410.0,3297.67822265625,72970200.0
2022-02-18,4420.0,4440.0,4370.0,4400.0,3290.200439453125,71111300.0
2022-02-21,4370.0,4420.0,4340.0,4370.0,3267.767578125,58883000.0
2022-02-22,4320.0,4360.0,4250.0,4300.0,3215.423095703125,106985800.0
2022-02-23,4280.0,4370.0,4270.0,4350.0,3252.811767578125,110562400.0
2022-02-24,4280.0,4320.0,4200.0,4240.0,3170.55712890625,126158600.0
2022-02-25,4240.0,4350.0,4240.0,4340.0,3245.334228515625,208757000.0
2022-03-01,4640.0,4650.0,4350.0,4350.0,3252.811767578125,206416900.0
2022-03-02,4400.0,4400.0,4270.0,4290.0,3207.945556640625,152165300.0
2022-03-04,4440.0,4440.0,4300.0,4400.0,3290.200439453125,155369100.0
2022-03-07,4400.0,4530.0,4370.0,4510.0,3372.455322265625,177360400.0
2022-03-08,4600.0,4700.0,4540.0,4620.0,3454.710693359375,234086000.0
2022-03-09,4550.0,4620.0,4420.0,4440.0,3320.111328125,145145900.0
2022-03-10,4500.0,4500.0,4380.0,4410.0,3297.67822265625,130830800.0
2022-03-11,4410.0,4590.0,4400.0,4590.0,3432.27734375,143446200.0
2022-03-14,4650.0,4670.0,4540.0,4580.0,3424.7998046875,166572700.0
2022-03-15,4630.0,4630.0,4570.0,4620.0,3454.710693359375,231077800.0
2022-03-16,4660.0,4660.0,4550.0,4630.0,3462.188232421875,109961900.0
2022-03-17,4550.0,4580.0,4450.0,4480.0,3350.0224609375,246300800.0
2022-03-18,4490.0,4540.0,4470.0,4540.0,3394.888671875,210266100.0
2022-03-21,4550.0,4570.0,4520.0,4550.0,3402.366455078125,79691600.0
2022-03-22,4550.0,4580.0,4540.0,4550.0,3402.366455078125,98699900.0
2022-03-23,4550.0,4570.0,4500.0,4550.0,3402.366455078125,78299500.0
2022-03-24,4500.0,4570.0,4500.0,4560.0,3409.84423828125,89578400.0
2022-03-25,4510.0,4540.0,4480.0,4520.0,3379.93310546875,90053700.0
2022-03-28,4510.0,4600.0,4500.0,4600.0,3439.755126953125,184131000.0
2022-03-29,4600.0,4620.0,4560.0,4560.0,3409.84423828125,77920800.0
2022-03-30,4620.0,4620.0,4560.0,4580.0,3424.7998046875,118749100.0
2022-03-31,4620.0,4640.0,4560.0,4580.0,3424.7998046875,108109700.0
2022-04-01,4550.0,4580.0,4530.0,4580.0,3424.7998046875,86590300.0
2022-04-04,4560.0,4570.0,4490.0,4540.0,3394.888671875,103480300.0
2022-04-05,4550.0,4550.0,4500.0,4520.0,3379.93310546875,52172300.0
2022-04-06,4490.0,4500.0,4420.0,4430.0,3312.633544921875,108368800.0
2022-04-07,4450.0,4540.0,4440.0,4540.0,3394.888671875,143921800.0
2022-04-08,4580.0,4610.0,4560.0,4580.0,3424.7998046875,161974500.0
2022-04-11,4610.0,4610.0,4550.0,4590.0,3432.27734375,90521500.0
2022-04-12,4620.0,4630.0,4580.0,4630.0,3462.188232421875,187948000.0
2022-04-13,4700.0,4720.0,4650.0,4690.0,3507.054931640625,196864200.0
2022-04-14,4700.0,4730.0,4660.0,4680.0,3499.576904296875,112735200.0
2022-04-18,4720.0,4730.0,4690.0,4710.0,3522.01025390625,120778200.0
2022-04-19,4740.0,4750.0,4680.0,4680.0,3499.576904296875,92268300.0
2022-04-20,4680.0,4690.0,4620.0,4630.0,3462.188232421875,88360900.0
2022-04-21,4620.0,4670.0,4600.0,4620.0,3454.710693359375,97575800.0
2022-04-22,4620.0,4680.0,4580.0,4620.0,3454.710693359375,101299100.0
2022-04-25,4610.0,4720.0,4580.0,4710.0,3522.01025390625,92045500.0
2022-04-26,4680.0,4760.0,4670.0,4760.0,3559.39892578125,85945800.0
2022-04-27,4720.0,4790.0,4720.0,4770.0,3566.87646484375,136485600.0
2022-04-28,4850.0,4850.0,4620.0,4620.0,3454.710693359375,198484800.0
2022-05-09,4560.0,4560.0,4300.0,4310.0,3222.90087890625,343682000.0
2022-05-10,4120.0,4380.0,4120.0,4340.0,3245.334228515625,281386300.0
2022-05-11,4400.0,4480.0,4330.0,4330.0,3237.856201171875,154455400.0
2022-05-12,4340.0,4390.0,4250.0,4300.0,3215.423095703125,233518500.0
2022-05-13,4250.0,4350.0,4230.0,4260.0,3185.51220703125,190889200.0
2022-05-17,4250.0,4290.0,4180.0,4180.0,3125.690673828125,170880700.0
2022-05-18,4230.0,4290.0,4190.0,4250.0,3178.03466796875,185359500.0
2022-05-19,4180.0,4230.0,4150.0,4210.0,3148.12353515625,112679300.0
2022-05-20,4220.0,4230.0,4170.0,4170.0,3118.212890625,141701800.0
2022-05-23,4160.0,4180.0,4070.0,4110.0,3073.346435546875,196569900.0
2022-05-24,4120.0,4200.0,4120.0,4150.0,3103.25732421875,151693700.0
2022-05-25,4200.0,4210.0,4150.0,4200.0,3140.64599609375,166595400.0
2022-05-27,4260.0,4300.0,4210.0,4300.0,3215.423095703125,186513500.0
2022-05-30,4340.0,4340.0,4200.0,4250.0,3178.03466796875,107614100.0
2022-05-31,4270.0,4330.0,4230.0,4310.0,3222.90087890625,469620300.0
2022-06-02,4390.0,4390.0,4270.0,4290.0,3207.945556640625,164481100.0
2022-06-03,4310.0,4390.0,4300.0,4310.0,3222.90087890625,108852800.0
2022-06-06,4310.0,4340.0,4270.0,4340.0,3245.334228515625,79319400.0
2022-06-07,4340.0,4340.0,4250.0,4250.0,3178.03466796875,142504000.0
2022-06-08,4150.0,4170.0,4080.0,4100.0,3178.0078125,202555900.0
2022-06-09,4080.0,4130.0,4050.0,4050.0,3139.25146484375,148580200.0
2022-06-10,4040.0,4080.0,4000.0,4020.0,3115.998046875,189186700.0
2022-06-13,3950.0,4100.0,3930.0,4080.0,3162.505615234375,156054900.0
2022-06-14,4050.0,4120.0,4020.0,4110.0,3185.759033203125,117325600.0
2022-06-15,4060.0,4080.0,4030.0,4060.0,3147.003173828125,94848800.0
2022-06-16,4120.0,4120.0,4030.0,4040.0,3131.500244140625,96042200.0
2022-06-17,4010.0,4120.0,3980.0,4120.0,3193.51025390625,169375800.0
2022-06-20,4050.0,4060.0,4000.0,4040.0,3131.500244140625,82101200.0
2022-06-21,4060.0,4120.0,4030.0,4110.0,3185.759033203125,77489000.0
2022-06-22,4090.0,4090.0,4040.0,4050.0,3139.25146484375,60907800.0
2022-06-23,4030.0,4160.0,4030.0,4160.0,3224.515380859375,101065400.0
2022-06-24,4230.0,4230.0,4100.0,4150.0,3216.76416015625,81050700.0
2022-06-27,4110.0,4120.0,4040.0,4070.0,3154.75439453125,71574300.0
2022-06-28,4010.0,4050.0,4000.0,4030.0,3123.749267578125,128618800.0
2022-06-29,4000.0,4080.0,4000.0,4040.0,3131.500244140625,72888100.0
2022-06-30,4110.0,4110.0,4000.0,4000.0,3100.49560546875,116718900.0
2022-07-01,4010.0,4040.0,4000.0,4020.0,3115.998046875,39572500.0
2022-07-04,4020.0,4040.0,3840.0,3990.0,3092.744384765625,115885200.0
2022-07-05,4010.0,4070.0,3950.0,3990.0,3092.744384765625,72329600.0
2022-07-06,4050.0,4050.0,3970.0,4020.0,3115.998046875,62679000.0
2022-07-07,4040.0,4050.0,4010.0,4040.0,3131.500244140625,42393800.0
2022-07-08,4050.0,4060.0,4000.0,4010.0,3108.246826171875,64049000.0
2022-07-11,4100.0,4100.0,4000.0,4040.0,3131.500244140625,42258000.0
2022-07-12,4060.0,4060.0,4010.0,4010.0,3108.246826171875,43399800.0
2022-07-13,4010.0,4030.0,3930.0,3940.0,3053.988037109375,96218200.0
2022-07-14,3940.0,4020.0,3900.0,4020.0,3115.998046875,68708500.0
2022-07-15,4040.0,4210.0,4010.0,4150.0,3216.76416015625,146093800.0
2022-07-18,4110.0,4190.0,4070.0,4190.0,3247.76904296875,84009400.0
2022-07-19,4190.0,4190.0,4130.0,4160.0,3224.515380859375,91367900.0
2022-07-20,4140.0,4220.0,4140.0,4210.0,3263.271240234375,82344000.0
2022-07-21,4210.0,4260.0,4180.0,4260.0,3302.027587890625,107234600.0
2022-07-22,4240.0,4240.0,4190.0,4230.0,3278.77392578125,59792300.0
2022-07-25,4240.0,4260.0,4220.0,4240.0,3286.525390625,37218000.0
2022-07-26,4240.0,4250.0,4190.0,4250.0,3294.276611328125,49786900.0
2022-07-27,4230.0,4300.0,4210.0,4300.0,3333.03271484375,60672300.0
2022-07-28,4310.0,4320.0,4190.0,4240.0,3286.525390625,110767300.0
2022-07-29,4280.0,4300.0,4210.0,4230.0,3278.77392578125,108823600.0
2022-08-01,4230.0,4300.0,4230.0,4300.0,3333.03271484375,104724300.0
2022-08-02,4350.0,4450.0,4250.0,4450.0,3449.301025390625,112228800.0
2022-08-03,4450.0,4590.0,4410.0,4500.0,3488.0576171875,251825000.0
2022-08-04,4450.0,4550.0,4450.0,4550.0,3526.813720703125,186881500.0
2022-08-05,4590.0,4650.0,4530.0,4650.0,3604.32568359375,268967200.0
2022-08-08,4700.0,4700.0,4650.0,4700.0,3643.082275390625,191023500.0
2022-08-09,4700.0,4700.0,4630.0,4640.0,3596.57470703125,164453900.0
2022-08-10,4530.0,4590.0,4490.0,4560.0,3534.56494140625,162061400.0
2022-08-11,4550.0,4610.0,4520.0,4570.0,3542.316162109375,123629000.0
2022-08-12,4570.0,4600.0,4530.0,4550.0,3526.813720703125,124552500.0
2022-08-15,4540.0,4570.0,4440.0,4450.0,3449.301025390625,136882800.0
2022-08-16,4530.0,4580.0,4410.0,4410.0,3418.296142578125,127710800.0
2022-08-18,4360.0,4550.0,4350.0,4550.0,3526.813720703125,182044300.0
2022-08-19,4560.0,4610.0,4460.0,4600.0,3565.570068359375,177623900.0
2022-08-22,4550.0,4660.0,4530.0,4650.0,3604.32568359375,202320400.0
2022-08-23,4680.0,4710.0,4610.0,4660.0,3612.077392578125,229431400.0
2022-08-24,4660.0,4770.0,4600.0,4750.0,3681.838134765625,189007900.0
2022-08-25,4680.0,4700.0,4560.0,4570.0,3542.316162109375,179495700.0
2022-08-26,4510.0,4540.0,4480.0,4490.0,3480.306640625,184317100.0
2022-08-29,4370.0,4550.0,4360.0,4520.0,3503.5595703125,101529800.0
2022-08-30,4580.0,4620.0,4480.0,4480.0,3472.55517578125,118884300.0
2022-08-31,4420.0,4600.0,4420.0,4560.0,3534.56494140625,175300400.0
2022-09-01,4560.0,4650.0,4530.0,4580.0,3550.0673828125,120871700.0
2022-09-02,4540.0,4620.0,4540.0,4600.0,3565.570068359375,106985000.0
2022-09-05,4560.0,4630.0,4550.0,4620.0,3581.072265625,77323800.0
2022-09-06,4610.0,4620.0,4510.0,4510.0,3495.80859375,61970100.0
2022-09-07,4500.0,4560.0,4480.0,4490.0,3480.306640625,106145700.0
2022-09-08,4500.0,4640.0,4500.0,4560.0,3534.56494140625,123389200.0
2022-09-09,4550.0,4600.0,4530.0,4600.0,3565.570068359375,50307800.0
2022-09-12,4600.0,4600.0,4530.0,4540.0,3519.062255859375,74820600.0
2022-09-13,4540.0,4560.0,4520.0,4520.0,3503.5595703125,91510200.0
2022-09-14,4490.0,4530.0,4460.0,4480.0,3472.55517578125,97919200.0
2022-09-15,4540.0,4600.0,4500.0,4500.0,3488.0576171875,125599900.0
2022-09-16,4500.0,4500.0,4410.0,4410.0,3418.296142578125,210277300.0
2022-09-19,4460.0,4560.0,4440.0,4500.0,3488.0576171875,116164500.0
2022-09-20,4530.0,4540.0,4480.0,4480.0,3472.55517578125,100743700.0
2022-09-21,4450.0,4470.0,4410.0,4430.0,3433.798583984375,91363200.0
2022-09-22,4400.0,4450.0,4380.0,4430.0,3433.798583984375,89922900.0
2022-09-23,4400.0,4430.0,4380.0,4380.0,3395.042724609375,95911400.0
2022-09-26,4390.0,4510.0,4300.0,4460.0,3457.052490234375,132185400.0
2022-09-27,4450.0,4470.0,4380.0,4440.0,3441.550048828125,123113800.0
2022-09-28,4430.0,4530.0,4400.0,4470.0,3464.8037109375,104385500.0
2022-09-29,4460.0,4500.0,4420.0,4440.0,3441.550048828125,90290400.0
2022-09-30,4400.0,4500.0,4390.0,4460.0,3457.052490234375,111482000.0
2022-10-03,4460.0,4470.0,4380.0,4460.0,3457.052490234375,77569100.0
2022-10-04,4460.0,4510.0,4430.0,4440.0,3441.550048828125,87832800.0
2022-10-05,4490.0,4540.0,4460.0,4460.0,3457.052490234375,61888400.0
2022-10-06,4460.0,4480.0,4420.0,4430.0,3433.798583984375,60464300.0
2022-10-07,4400.0,4430.0,4350.0,4350.0,3371.788818359375,102570000.0
2022-10-10,4340.0,4420.0,4330.0,4420.0,3426.047607421875,72389100.0
2022-10-11,4360.0,4380.0,4310.0,4310.0,3340.783935546875,108794500.0
2022-10-12,4300.0,4350.0,4280.0,4340.0,3364.03759765625,107938600.0
2022-10-13,4330.0,4350.0,4290.0,4300.0,3333.03271484375,70034500.0
2022-10-14,4360.0,4360.0,4290.0,4290.0,3325.28125,68096300.0
2022-10-17,4200.0,4330.0,4200.0,4330.0,3356.286376953125,90321700.0
2022-10-18,4310.0,4340.0,4250.0,4250.0,3294.276611328125,72516000.0
2022-10-19,4220.0,4300.0,4200.0,4200.0,3255.5205078125,65848300.0
2022-10-20,4200.0,4350.0,4200.0,4350.0,3371.788818359375,165391500.0
2022-10-21,4300.0,4390.0,4300.0,4360.0,3379.5400390625,79825700.0
2022-10-24,4380.0,4450.0,4380.0,4410.0,3418.296142578125,76777200.0
2022-10-25,4430.0,4470.0,4390.0,4390.0,3402.794189453125,109154300.0
2022-10-26,4420.0,4430.0,4330.0,4370.0,3387.29150390625,97320500.0
2022-10-27,4390.0,4410.0,4340.0,4370.0,3387.29150390625,80270300.0
2022-10-28,4420.0,4450.0,4380.0,4450.0,3449.301025390625,91101500.0
2022-10-31,4460.0,4460.0,4360.0,4390.0,3402.794189453125,162753500.0
2022-11-01,4420.0,4420.0,4360.0,4420.0,3426.047607421875,108592900.0
2022-11-02,4400.0,4420.0,4220.0,4220.0,3271.022705078125,217855200.0
2022-11-03,4140.0,4170.0,4050.0,4130.0,3201.26171875,231475000.0
2022-11-04,4070.0,4210.0,4070.0,4210.0,3263.271240234375,201183100.0
2022-11-07,4250.0,4280.0,4160.0,4280.0,3317.5302734375,129868800.0
2022-11-08,4270.0,4280.0,4200.0,4220.0,3271.022705078125,110546800.0
2022-11-09,4200.0,4230.0,4180.0,4190.0,3247.76904296875,145833200.0
2022-11-10,4110.0,4210.0,4110.0,4170.0,3232.2666015625,81249200.0
2022-11-11,4160.0,4180.0,4140.0,4150.0,3216.76416015625,227799300.0
2022-11-14,4090.0,4120.0,4030.0,4050.0,3139.25146484375,188771200.0
2022-11-15,4050.0,4080.0,4030.0,4050.0,3139.25146484375,88570400.0
2022-11-16,4000.0,4070.0,3960.0,4050.0,3139.25146484375,149512300.0
2022-11-17,4020.0,4070.0,4020.0,4040.0,3131.500244140625,68616700.0
2022-11-18,4070.0,4080.0,4010.0,4010.0,3108.246826171875,115907900.0
2022-11-21,4020.0,4060.0,4010.0,4030.0,3123.749267578125,45277400.0
2022-11-22,4020.0,4040.0,4000.0,4000.0,3100.49560546875,83888300.0
2022-11-23,3990.0,4030.0,3970.0,3970.0,3077.24169921875,95750400.0
2022-11-24,3980.0,4040.0,3980.0,4030.0,3123.749267578125,50741600.0
2022-11-25,4010.0,4040.0,3980.0,4030.0,3123.749267578125,73305800.0
2022-11-28,4030.0,4040.0,3980.0,3980.0,3084.9931640625,94063100.0
2022-11-29,3980.0,4020.0,3980.0,3980.0,3084.9931640625,94389800.0
2022-11-30,3970.0,4050.0,3970.0,4040.0,3131.500244140625,585687400.0
2022-12-01,4020.0,4040.0,3960.0,3960.0,3069.490478515625,230066600.0
2022-12-02,3950.0,4020.0,3930.0,4000.0,3100.49560546875,113336600.0
2022-12-05,3980.0,3990.0,3820.0,3840.0,2976.475830078125,148751200.0
2022-12-06,3640.0,3720.0,3580.0,3600.0,2790.446044921875,416468700.0
2022-12-07,3600.0,3700.0,3570.0,3680.0,2852.455810546875,278572200.0
2022-12-08,3700.0,3780.0,3620.0,3740.0,2898.96337890625,245646400.0
2022-12-09,3680.0,3720.0,3630.0,3650.0,2829.2021484375,164606100.0
2022-12-12,3670.0,3710.0,3640.0,3700.0,2867.95849609375,170545000.0
2022-12-13,3690.0,3790.0,3680.0,3750.0,2906.714599609375,231127000.0
2022-12-14,3820.0,3820.0,3740.0,3750.0,2906.714599609375,107175700.0
2022-12-15,3680.0,3720.0,3670.0,3670.0,2844.704833984375,143233600.0
2022-12-16,3610.0,3740.0,3610.0,3680.0,2852.455810546875,310944500.0
2022-12-19,3740.0,3790.0,3680.0,3720.0,2883.460693359375,119137700.0
2022-12-20,3730.0,3750.0,3700.0,3720.0,2883.460693359375,55351300.0
2022-12-21,3690.0,3790.0,3670.0,3790.0,2937.719482421875,98741000.0
2022-12-22,3800.0,3810.0,3740.0,3750.0,2906.714599609375,68702100.0
2022-12-23,3710.0,3780.0,3700.0,3780.0,2929.96826171875,45179400.0
2022-12-26,3780.0,3800.0,3730.0,3750.0,2906.714599609375,19216700.0
2022-12-27,3770.0,3840.0,3750.0,3810.0,2953.221923828125,49816500.0
2022-12-28,3800.0,3810.0,3710.0,3730.0,2891.212158203125,65006300.0
2022-12-29,3720.0,3790.0,3710.0,3780.0,2929.96826171875,51703500.0
2022-12-30,3760.0,3800.0,3750.0,3750.0,2906.714599609375,79677300.0
2023-01-02,3750.0,3800.0,3750.0,3800.0,2945.470703125,7959900.0
2023-01-03,3790.0,3890.0,3770.0,3860.0,2991.978271484375,64235000.0
2023-01-04,3840.0,3860.0,3810.0,3820.0,2960.973388671875,56785600.0
2023-01-05,3800.0,3820.0,3720.0,3770.0,2922.217041015625,135167000.0
2023-01-06,3750.0,3770.0,3710.0,3710.0,2875.70947265625,65207400.0
2023-01-09,3730.0,3790.0,3730.0,3790.0,2937.719482421875,46616400.0
2023-01-10,3810.0,3850.0,3750.0,3830.0,2968.724365234375,80009900.0
2023-01-11,3820.0,3900.0,3790.0,3870.0,2999.7294921875,75139300.0
2023-01-12,3790.0,3900.0,3780.0,3860.0,2991.978271484375,105775500.0
2023-01-13,3820.0,3860.0,3770.0,3780.0,2929.96826171875,85780600.0
2023-01-16,3780.0,3850.0,3780.0,3850.0,2984.226806640625,58918700.0
2023-01-17,3870.0,3990.0,3860.0,3950.0,3061.7392578125,132256600.0
2023-01-18,4010.0,4010.0,3900.0,3930.0,3046.23681640625,94772000.0
2023-01-19,3900.0,3980.0,3880.0,3890.0,3015.23193359375,109555200.0
2023-01-20,3910.0,3920.0,3850.0,3870.0,2999.7294921875,88457800.0
2023-01-24,3890.0,3910.0,3850.0,3850.0,2984.226806640625,45504900.0
2023-01-25,3850.0,3880.0,3810.0,3840.0,2976.475830078125,80575100.0
2023-01-26,3850.0,4000.0,3850.0,3970.0,3077.24169921875,117238000.0
2023-01-27,3970.0,3990.0,3950.0,3960.0,3069.490478515625,100769500.0
2023-01-30,3960.0,3970.0,3910.0,3960.0,3069.490478515625,59425300.0
2023-01-31,3940.0,3950.0,3850.0,3850.0,2984.226806640625,179726700.0
2023-02-01,3850.0,3900.0,3840.0,3870.0,2999.7294921875,70997300.0
2023-02-02,3850.0,3900.0,3840.0,3890.0,3015.23193359375,78852300.0
2023-02-03,3910.0,3920.0,3870.0,3880.0,3007.48046875,55154800.0
2023-02-06,3860.0,3910.0,3850.0,3880.0,3007.48046875,58861300.0
2023-02-07,3880.0,3880.0,3800.0,3800.0,2945.470703125,76254900.0
2023-02-08,3800.0,3850.0,3790.0,3840.0,2976.475830078125,65856500.0
2023-02-09,3840.0,3840.0,3760.0,3770.0,2922.217041015625,91337300.0
2023-02-10,3750.0,3800.0,3690.0,3800.0,2945.470703125,88759600.0
2023-02-13,3800.0,3810.0,3750.0,3790.0,2937.719482421875,69004400.0
2023-02-14,3830.0,3830.0,3760.0,3800.0,2945.470703125,80331100.0
2023-02-15,3810.0,3820.0,3730.0,3790.0,2937.719482421875,59028200.0
2023-02-16,3800.0,3800.0,3750.0,3770.0,2922.217041015625,49869900.0
2023-02-17,3770.0,3770.0,3720.0,3760.0,2914.4658203125,50369000.0
2023-02-20,3760.0,3820.0,3760.0,3820.0,2960.973388671875,57438900.0
2023-02-21,3850.0,3870.0,3830.0,3840.0,2976.475830078125,63880300.0
2023-02-22,3850.0,3870.0,3800.0,3860.0,2991.978271484375,48505600.0
2023-02-23,3950.0,3970.0,3890.0,3970.0,3077.24169921875,109147100.0
2023-02-24,4000.0,4040.0,3950.0,4040.0,3131.500244140625,142165700.0
2023-02-27,3990.0,4000.0,3920.0,3960.0,3069.490478515625,66461600.0
2023-02-28,3930.0,3970.0,3880.0,3880.0,3007.48046875,115766900.0
2023-03-01,3930.0,3990.0,3910.0,3930.0,3046.23681640625,47395200.0
2023-03-02,3900.0,3930.0,3880.0,3880.0,3007.48046875,43208800.0
2023-03-03,3880.0,3920.0,3870.0,3900.0,3022.983154296875,49796000.0
2023-03-06,3940.0,3950.0,3870.0,3880.0,3007.48046875,50103800.0
2023-03-07,3890.0,3910.0,3850.0,3880.0,3007.48046875,59086800.0
2023-03-08,3850.0,3940.0,3850.0,3940.0,3053.988037109375,78551000.0
2023-03-09,3970.0,4000.0,3960.0,3970.0,3077.24169921875,68725500.0
2023-03-10,3960.0,4020.0,3930.0,4010.0,3108.246826171875,76136200.0
2023-03-13,4020.0,4090.0,3980.0,4070.0,3154.75439453125,104663300.0
2023-03-14,4030.0,4090.0,4000.0,4020.0,3115.998046875,111430100.0
2023-03-15,4050.0,4050.0,3990.0,4010.0,3108.246826171875,65025400.0
2023-03-16,4040.0,4060.0,3980.0,4050.0,3139.25146484375,96707900.0
2023-03-17,4090.0,4100.0,4030.0,4050.0,3139.25146484375,232270900.0
2023-03-20,4050.0,4050.0,3940.0,3990.0,3092.744384765625,105982700.0
2023-03-21,4000.0,4120.0,4000.0,4120.0,3193.51025390625,88808200.0
2023-03-24,4100.0,4120.0,4060.0,4070.0,3154.75439453125,96214700.0
2023-03-27,4100.0,4120.0,4030.0,4050.0,3139.25146484375,71556400.0
2023-03-28,4100.0,4100.0,4030.0,4050.0,3139.25146484375,87955300.0
2023-03-29,4090.0,4120.0,4070.0,4100.0,3178.0078125,113504700.0
2023-03-30,4050.0,4130.0,4040.0,4090.0,3170.2568359375,87690800.0
2023-03-31,4110.0,4120.0,4040.0,4060.0,3147.003173828125,93699000.0
2023-04-03,4100.0,4100.0,4070.0,4080.0,3162.505615234375,56896200.0
2023-04-04,4080.0,4100.0,4040.0,4060.0,3147.003173828125,82969200.0
2023-04-05,4100.0,4170.0,4080.0,4150.0,3216.76416015625,70419100.0
2023-04-06,4200.0,4270.0,4170.0,4250.0,3294.276611328125,125329700.0
2023-04-10,4250.0,4300.0,4190.0,4300.0,3333.03271484375,85757900.0
2023-04-11,4290.0,4300.0,4250.0,4300.0,3333.03271484375,84322900.0
2023-04-12,4320.0,4350.0,4260.0,4310.0,3340.783935546875,178923700.0
2023-04-13,4340.0,4350.0,4290.0,4340.0,3364.03759765625,119431600.0
2023-04-14,4340.0,4360.0,4320.0,4340.0,3364.03759765625,117305500.0
2023-04-17,4340.0,4340.0,4250.0,4270.0,3309.779052734375,59688000.0
2023-04-18,4240.0,4280.0,4230.0,4270.0,3309.779052734375,65644600.0
2023-04-26,4480.0,4500.0,4330.0,4400.0,3410.544921875,198984100.0
2023-04-27,4450.0,4450.0,4300.0,4320.0,3348.53515625,58407000.0
2023-04-28,4270.0,4320.0,4220.0,4250.0,3294.276611328125,112116900.0
2023-05-02,4210.0,4220.0,4130.0,4190.0,3247.76904296875,117097400.0
2023-05-03,4200.0,4200.0,4080.0,4150.0,3216.76416015625,158597800.0
2023-05-04,4170.0,4190.0,4140.0,4150.0,3216.76416015625,98421300.0
2023-05-05,4160.0,4170.0,4080.0,4170.0,3232.2666015625,113408100.0
2023-05-08,4170.0,4180.0,4040.0,4060.0,3147.003173828125,121002600.0
2023-05-09,4050.0,4090.0,4030.0,4070.0,3154.75439453125,105907900.0
2023-05-10,4050.0,4130.0,4040.0,4130.0,3201.26171875,84306600.0
2023-05-11,4100.0,4120.0,4060.0,4090.0,3170.2568359375,74171300.0
2023-05-12,4050.0,4050.0,3950.0,3980.0,3084.9931640625,236777600.0
2023-05-15,3990.0,3990.0,3930.0,3980.0,3084.9931640625,113329300.0
2023-05-16,4020.0,4020.0,3940.0,3980.0,3084.9931640625,68777200.0
2023-05-17,3980.0,4020.0,3960.0,3990.0,3092.744384765625,83183300.0
2023-05-19,3990.0,4060.0,3970.0,4020.0,3115.998046875,95986000.0
2023-05-22,4000.0,4080.0,3980.0,4040.0,3131.500244140625,115578100.0
2023-05-23,4030.0,4080.0,4030.0,4040.0,3131.500244140625,132751000.0
2023-05-24,4020.0,4200.0,4020.0,4160.0,3224.515380859375,194127500.0
2023-05-25,4190.0,4220.0,4120.0,4120.0,3193.51025390625,122121000.0
2023-05-26,4140.0,4160.0,4110.0,4130.0,3201.26171875,62211800.0
2023-05-29,4120.0,4200.0,4090.0,4200.0,3255.5205078125,77540300.0
2023-05-30,4140.0,4190.0,4120.0,4120.0,3193.51025390625,78924700.0
2023-05-31,4120.0,4160.0,4040.0,4040.0,3131.500244140625,1155861400.0
2023-06-05,4060.0,4130.0,4020.0,4080.0,3162.505615234375,189129300.0
2023-06-06,4090.0,4130.0,4050.0,4090.0,3170.2568359375,95792700.0
2023-06-07,4100.0,4150.0,4080.0,4150.0,3216.76416015625,127707400.0
2023-06-08,4160.0,4180.0,4120.0,4170.0,3232.2666015625,78989700.0
2023-06-09,4170.0,4170.0,4140.0,4150.0,3216.76416015625,83014700.0
2023-06-12,4040.0,4050.0,4010.0,4050.0,3271.366455078125,94687300.0
2023-06-13,4040.0,4060.0,4030.0,4030.0,3255.211669921875,69609000.0
2023-06-14,4020.0,4040.0,3990.0,4000.0,3230.9794921875,110730800.0
2023-06-15,3990.0,4040.0,3980.0,4020.0,3247.13427734375,85391800.0
2023-06-16,4020.0,4030.0,3960.0,3970.0,3206.7470703125,160978900.0
2023-06-19,3960.0,3990.0,3950.0,3960.0,3198.669677734375,54934100.0
2023-06-20,3980.0,3990.0,3950.0,3990.0,3222.902099609375,55155600.0
2023-06-21,3970.0,3980.0,3950.0,3980.0,3214.824462890625,60191300.0
2023-06-22,3980.0,3990.0,3940.0,3940.0,3182.5146484375,56150900.0
2023-06-23,3940.0,3960.0,3940.0,3950.0,3190.59228515625,41812400.0
2023-06-26,3940.0,3990.0,3940.0,3990.0,3222.902099609375,36011500.0
2023-06-27,4030.0,4030.0,3990.0,4000.0,3230.9794921875,64879900.0
2023-07-03,4030.0,4030.0,3970.0,4000.0,3230.9794921875,75193200.0
2023-07-04,4000.0,4010.0,3970.0,3970.0,3206.7470703125,33974300.0
2023-07-05,3970.0,3980.0,3950.0,3980.0,3214.824462890625,43303000.0
2023-07-06,3970.0,3990.0,3960.0,3960.0,3198.669677734375,68088900.0
2023-07-07,3960.0,3980.0,3950.0,3960.0,3198.669677734375,50474800.0
2023-07-10,3960.0,3980.0,3940.0,3950.0,3190.59228515625,65643300.0
2023-07-11,3950.0,3990.0,3950.0,3980.0,3214.824462890625,89768500.0
2023-07-12,3980.0,4010.0,3970.0,3980.0,3214.824462890625,73770400.0
2023-07-13,3960.0,3970.0,3910.0,3920.0,3166.35986328125,83009900.0
2023-07-14,3960.0,3960.0,3920.0,3930.0,3174.437255859375,64886900.0
2023-07-17,3950.0,3970.0,3910.0,3910.0,3158.282470703125,81399700.0
2023-07-18,3930.0,3930.0,3820.0,3850.0,3109.817626953125,135860500.0
2023-07-20,3820.0,3860.0,3810.0,3850.0,3109.817626953125,88907600.0
2023-07-21,3840.0,3870.0,3840.0,3860.0,3117.89501953125,53955100.0
2023-07-24,3880.0,3930.0,3870.0,3900.0,3150.204833984375,80710100.0
2023-07-25,3920.0,3920.0,3880.0,3880.0,3134.050048828125,66434400.0
2023-07-26,3890.0,3900.0,3830.0,3880.0,3134.050048828125,86732900.0
2023-07-27,3840.0,3860.0,3720.0,3720.0,3004.81103515625,235026400.0
2023-07-28,3710.0,3750.0,3690.0,3720.0,3004.81103515625,181626700.0
2023-07-31,3700.0,3750.0,3670.0,3720.0,3004.81103515625,153583300.0
2023-08-01,3700.0,3780.0,3700.0,3750.0,3029.043212890625,97680500.0
2023-08-02,3740.0,3740.0,3680.0,3690.0,2980.578369140625,121333500.0
2023-08-03,3670.0,3760.0,3670.0,3720.0,3004.81103515625,82013300.0
2023-08-04,3720.0,3730.0,3690.0,3690.0,2980.578369140625,67746800.0
2023-08-07,3700.0,3720.0,3680.0,3680.0,2972.501220703125,94909700.0
2023-08-08,3680.0,3760.0,3680.0,3730.0,3012.888427734375,116329400.0
2023-08-09,3750.0,3800.0,3740.0,3770.0,3045.197998046875,129416100.0
2023-08-10,3800.0,3830.0,3800.0,3800.0,3069.430419921875,140158900.0
2023-08-11,3830.0,3840.0,3790.0,3810.0,3077.508056640625,109714400.0
2023-08-14,3810.0,3830.0,3760.0,3830.0,3093.662841796875,86871800.0
2023-08-15,3800.0,3830.0,3800.0,3820.0,3085.585205078125,80015200.0
2023-08-16,3790.0,3830.0,3750.0,3830.0,3093.662841796875,81507800.0
2023-08-18,3790.0,3800.0,3760.0,3760.0,3037.12060546875,108780100.0
2023-08-21,3760.0,3780.0,3720.0,3740.0,3020.9658203125,64449000.0
2023-08-22,3740.0,3780.0,3730.0,3750.0,3029.043212890625,98059600.0
2023-08-23,3750.0,3770.0,3730.0,3740.0,3020.9658203125,84842500.0
2023-08-24,3730.0,3770.0,3720.0,3720.0,3004.81103515625,82789700.0
2023-08-25,3700.0,3730.0,3700.0,3720.0,3004.81103515625,42049200.0
2023-08-28,3730.0,3740.0,3700.0,3700.0,2988.656005859375,37727500.0
2023-08-29,3700.0,3720.0,3700.0,3720.0,3004.81103515625,53453600.0
2023-08-30,3730.0,3850.0,3720.0,3810.0,3077.508056640625,130027200.0
2023-08-31,3810.0,3820.0,3700.0,3730.0,3012.888427734375,227635800.0
2023-09-01,3710.0,3740.0,3710.0,3720.0,3004.81103515625,82253200.0
2023-09-04,3720.0,3750.0,3710.0,3730.0,3012.888427734375,55881900.0
2023-09-05,3730.0,3750.0,3710.0,3740.0,3020.9658203125,62933300.0
2023-09-06,3750.0,3810.0,3740.0,3790.0,3061.35302734375,98673400.0
2023-09-07,3780.0,3790.0,3730.0,3760.0,3037.12060546875,63054500.0
2023-09-08,3770.0,3770.0,3670.0,3690.0,2980.578369140625,143090100.0
2023-09-11,3710.0,3710.0,3680.0,3700.0,2988.656005859375,76577500.0
2023-09-12,3700.0,3740.0,3700.0,3710.0,2996.7333984375,72170600.0
2023-09-13,3720.0,3720.0,3670.0,3710.0,2996.7333984375,82635900.0
2023-09-14,3710.0,3720.0,3680.0,3680.0,2972.501220703125,55532900.0
2023-09-15,3680.0,3780.0,3670.0,3720.0,3004.81103515625,147757300.0
2023-09-18,3700.0,3720.0,3680.0,3680.0,2972.501220703125,40645900.0
2023-09-19,3690.0,3740.0,3690.0,3730.0,3012.888427734375,38375000.0
2023-09-20,3740.0,3850.0,3740.0,3810.0,3077.508056640625,171751900.0
2023-09-21,3810.0,3840.0,3790.0,3810.0,3077.508056640625,94880700.0
2023-09-22,3830.0,3880.0,3810.0,3860.0,3117.89501953125,101185700.0
2023-09-25,3810.0,3830.0,3770.0,3770.0,3045.197998046875,125817700.0
2023-09-26,3770.0,3800.0,3750.0,3760.0,3037.12060546875,74734500.0
2023-09-27,3750.0,3780.0,3720.0,3720.0,3004.81103515625,83337700.0
2023-09-29,3730.0,3800.0,3730.0,3750.0,3029.043212890625,66219300.0
2023-10-02,3750.0,3780.0,3730.0,3750.0,3029.043212890625,71945000.0
2023-10-03,3750.0,3800.0,3740.0,3770.0,3045.197998046875,61155100.0
2023-10-04,3800.0,3800.0,3740.0,3780.0,3053.275390625,77527700.0
2023-10-05,3790.0,3800.0,3720.0,3720.0,3004.81103515625,81258900.0
2023-10-06,3780.0,3800.0,3770.0,3780.0,3053.275390625,60156100.0
2023-10-09,3770.0,3780.0,3750.0,3760.0,3037.12060546875,37711400.0
2023-10-10,3780.0,3820.0,3770.0,3810.0,3077.508056640625,51167900.0
2023-10-11,3780.0,3810.0,3780.0,3780.0,3053.275390625,83154300.0
2023-10-12,3820.0,3870.0,3800.0,3830.0,3093.662841796875,101645100.0
2023-10-13,3820.0,3850.0,3810.0,3850.0,3109.817626953125,48856500.0
2023-10-16,3850.0,3850.0,3740.0,3760.0,3037.12060546875,117472800.0
2023-10-17,3780.0,3810.0,3770.0,3790.0,3061.35302734375,57046900.0
2023-10-18,3770.0,3780.0,3730.0,3750.0,3029.043212890625,64910600.0
2023-10-19,3730.0,3760.0,3720.0,3730.0,3012.888427734375,62296900.0
2023-10-20,3720.0,3730.0,3690.0,3700.0,2988.656005859375,38978200.0
2023-10-23,3710.0,3720.0,3610.0,3610.0,2915.958740234375,69428400.0
2023-10-24,3640.0,3670.0,3600.0,3650.0,2948.268798828125,67041700.0
2023-10-25,3650.0,3680.0,3580.0,3600.0,2907.881591796875,89567900.0
2023-10-26,3600.0,3610.0,3460.0,3480.0,2810.9521484375,141139700.0
2023-10-27,3480.0,3530.0,3440.0,3500.0,2827.107177734375,99607000.0
2023-10-30,3500.0,3500.0,3390.0,3420.0,2762.487548828125,82945500.0
2023-10-31,3400.0,3510.0,3400.0,3490.0,2819.029541015625,66801600.0
2023-11-01,3600.0,3700.0,3600.0,3620.0,2924.036376953125,154441100.0
2023-11-02,3690.0,3690.0,3620.0,3620.0,2924.036376953125,69582500.0
2023-11-03,3590.0,3630.0,3540.0,3570.0,2883.649169921875,85146800.0
2023-11-06,3610.0,3650.0,3600.0,3650.0,2948.268798828125,66902400.0
2023-11-07,3600.0,3610.0,3550.0,3570.0,2883.649169921875,103642200.0
2023-11-08,3520.0,3540.0,3500.0,3520.0,2843.26171875,103415400.0
2023-11-09,3500.0,3570.0,3500.0,3530.0,2851.339111328125,96594900.0
2023-11-10,3520.0,3550.0,3490.0,3550.0,2867.494140625,48619500.0
2023-11-13,3570.0,3570.0,3510.0,3520.0,2843.26171875,37975400.0
2023-11-14,3500.0,3540.0,3500.0,3500.0,2827.107177734375,45987000.0
2023-11-15,3520.0,3570.0,3520.0,3550.0,2867.494140625,114104500.0
2023-11-16,3550.0,3550.0,3510.0,3540.0,2859.416748046875,41789400.0
2023-11-17,3530.0,3550.0,3480.0,3550.0,2867.494140625,55585600.0
2023-11-20,3560.0,3600.0,3540.0,3590.0,2899.803955078125,39932700.0
2023-11-21,3590.0,3620.0,3580.0,3620.0,2924.036376953125,68255800.0
2023-11-22,3610.0,3630.0,3590.0,3610.0,2915.958740234375,34555300.0
2023-11-23,3610.0,3630.0,3590.0,3600.0,2907.881591796875,57385100.0
2023-11-24,3600.0,3620.0,3570.0,3620.0,2924.036376953125,34583700.0
2023-11-27,3640.0,3730.0,3640.0,3680.0,2972.501220703125,73888700.0
2023-11-28,3680.0,3800.0,3680.0,3770.0,3045.197998046875,106829100.0
2023-11-29,3750.0,3770.0,3700.0,3720.0,3004.81103515625,56467400.0
2023-11-30,3750.0,3820.0,3740.0,3760.0,3037.12060546875,258522400.0
2023-12-01,3790.0,3840.0,3790.0,3830.0,3093.662841796875,81037200.0
2023-12-04,3840.0,3860.0,3780.0,3810.0,3077.508056640625,118483900.0
2023-12-05,3830.0,3850.0,3800.0,3850.0,3109.817626953125,74608900.0
2023-12-06,3900.0,3950.0,3870.0,3920.0,3166.35986328125,149345100.0
2023-12-07,3950.0,3950.0,3880.0,3910.0,3158.282470703125,91076200.0
2023-12-08,3940.0,3940.0,3900.0,3940.0,3182.5146484375,61476300.0
2023-12-11,3870.0,3980.0,3850.0,3980.0,3214.824462890625,99365500.0
2023-12-12,3940.0,3950.0,3890.0,3910.0,3158.282470703125,58707700.0
2023-12-13,3870.0,3920.0,3870.0,3920.0,3166.35986328125,54386800.0
2023-12-14,3880.0,3960.0,3880.0,3940.0,3182.5146484375,70705300.0
2023-12-15,3940.0,3980.0,3900.0,3980.0,3214.824462890625,109064200.0
2023-12-18,3940.0,3970.0,3930.0,3970.0,3206.7470703125,60940400.0
2023-12-19,3950.0,3970.0,3940.0,3970.0,3206.7470703125,32984500.0
2023-12-20,3960.0,3990.0,3960.0,3960.0,3198.669677734375,59574800.0
2023-12-21,3960.0,3970.0,3930.0,3950.0,3190.59228515625,48242100.0
2023-12-22,3980.0,3980.0,3950.0,3960.0,3198.669677734375,28222700.0
2023-12-27,3990.0,4000.0,3920.0,3940.0,3182.5146484375,73157200.0
2023-12-28,3960.0,3970.0,3940.0,3960.0,3198.669677734375,34024400.0
2023-12-29,3960.0,3980.0,3940.0,3950.0,3190.59228515625,27497600.0
2024-01-02,3950.0,3990.0,3940.0,3990.0,3222.902099609375,23774100.0
2024-01-03,3990.0,3990.0,3950.0,3960.0,3198.669677734375,22018500.0
2024-01-04,3980.0,3990.0,3960.0,3970.0,3206.7470703125,33922400.0
2024-01-05,3950.0,3970.0,3880.0,3890.0,3142.127685546875,69268000.0
2024-01-08,3890.0,3920.0,3860.0,3890.0,3142.127685546875,61064100.0
2024-01-09,3930.0,3980.0,3920.0,3960.0,3198.669677734375,64015400.0
2024-01-10,4000.0,4030.0,3980.0,4000.0,3230.9794921875,99083600.0
2024-01-11,4040.0,4040.0,3990.0,3990.0,3222.902099609375,36333300.0
2024-01-12,3970.0,4010.0,3970.0,4010.0,3239.056884765625,53685600.0
2024-01-15,4040.0,4040.0,3980.0,4000.0,3230.9794921875,38339500.0
2024-01-16,4020.0,4030.0,3980.0,4010.0,3239.056884765625,44782300.0
2024-01-17,4000.0,4010.0,3970.0,3990.0,3222.902099609375,62728400.0
2024-01-18,3990.0,4010.0,3930.0,3950.0,3190.59228515625,73029300.0
2024-01-19,3950.0,3960.0,3890.0,3940.0,3182.5146484375,67016100.0
2024-01-22,3980.0,4010.0,3960.0,3980.0,3214.824462890625,50643700.0
2024-01-23,4000.0,4010.0,3910.0,3950.0,3190.59228515625,72595400.0
2024-01-24,3950.0,3980.0,3930.0,3970.0,3206.7470703125,38732000.0
2024-01-25,3980.0,4000.0,3960.0,3980.0,3214.824462890625,58541300.0
2024-01-26,3940.0,3990.0,3930.0,3980.0,3214.824462890625,65272600.0
2024-01-29,4000.0,4010.0,3970.0,4010.0,3239.056884765625,59150000.0
2024-01-30,4000.0,4020.0,3980.0,4000.0,3230.9794921875,66906900.0
2024-01-31,4000.0,4020.0,3960.0,3960.0,3198.669677734375,100403700.0
2024-02-01,3970.0,4050.0,3970.0,4040.0,3263.289306640625,105414400.0
2024-02-02,4030.0,4030.0,3930.0,3990.0,3222.902099609375,96180000.0
2024-02-05,4010.0,4010.0,3970.0,3980.0,3214.824462890625,57789500.0
2024-02-06,3970.0,4000.0,3970.0,3980.0,3214.824462890625,65167500.0
2024-02-07,4010.0,4020.0,3980.0,3980.0,3214.824462890625,53084600.0
2024-02-12,4000.0,4020.0,3970.0,4000.0,3230.9794921875,85763200.0
2024-02-13,4010.0,4010.0,3980.0,3980.0,3214.824462890625,52020300.0
2024-02-15,4040.0,4080.0,3980.0,4030.0,3255.211669921875,129347900.0
2024-02-16,4050.0,4160.0,4050.0,4160.0,3360.21875,244064200.0
2024-02-19,4130.0,4170.0,4130.0,4160.0,3360.21875,82867500.0
2024-02-20,4200.0,4210.0,4160.0,4210.0,3400.605712890625,267636700.0
2024-02-21,4190.0,4240.0,4070.0,4180.0,3376.37353515625,152787100.0
2024-02-22,4130.0,4150.0,4070.0,4090.0,3303.676513671875,93555100.0
2024-02-23,4070.0,4100.0,4040.0,4100.0,3311.75390625,87665800.0
2024-02-26,4060.0,4100.0,4050.0,4090.0,3303.676513671875,55761700.0
2024-02-27,4050.0,4060.0,3990.0,3990.0,3222.902099609375,119637000.0
2024-02-28,3980.0,4020.0,3950.0,3990.0,3222.902099609375,77255300.0
2024-02-29,4020.0,4040.0,3950.0,4000.0,3230.9794921875,157431900.0
2024-03-01,3950.0,3990.0,3860.0,3920.0,3166.35986328125,139582000.0
2024-03-04,3960.0,3960.0,3900.0,3940.0,3182.5146484375,81580800.0
2024-03-05,3880.0,3900.0,3860.0,3870.0,3125.97265625,100671500.0
2024-03-06,3870.0,3920.0,3860.0,3900.0,3150.204833984375,83251500.0
2024-03-07,3900.0,3930.0,3900.0,3900.0,3150.204833984375,86888100.0
2024-03-08,3900.0,3910.0,3840.0,3860.0,3117.89501953125,101556500.0
2024-03-13,3910.0,3910.0,3890.0,3900.0,3150.204833984375,106191400.0
2024-03-14,3930.0,3980.0,3920.0,3960.0,3198.669677734375,122570700.0
2024-03-15,4000.0,4000.0,3900.0,3970.0,3206.7470703125,184885900.0
2024-03-18,3960.0,3970.0,3920.0,3920.0,3166.35986328125,57508300.0
2024-03-19,3980.0,3980.0,3940.0,3940.0,3182.5146484375,51629700.0
2024-03-20,3910.0,3940.0,3910.0,3930.0,3174.437255859375,84777400.0
2024-03-21,3930.0,3960.0,3890.0,3890.0,3142.127685546875,81520900.0
2024-03-22,3900.0,3920.0,3890.0,3900.0,3150.204833984375,44501700.0
2024-03-25,3890.0,3890.0,3700.0,3730.0,3012.888427734375,313394400.0
2024-03-26,3680.0,3680.0,3610.0,3620.0,2924.036376953125,354086400.0
2024-03-27,3610.0,3630.0,3490.0,3490.0,2819.029541015625,496202800.0
2024-03-28,3470.0,3520.0,3430.0,3470.0,2802.87451171875,258985200.0
2024-04-01,3480.0,3520.0,3420.0,3510.0,2835.1845703125,248116300.0
2024-04-02,3460.0,3500.0,3410.0,3490.0,2819.029541015625,233017700.0
2024-04-03,3450.0,3490.0,3420.0,3420.0,2762.487548828125,150265700.0
2024-04-04,3410.0,3460.0,3410.0,3450.0,2786.7197265625,205184000.0
2024-04-05,3440.0,3450.0,3420.0,3430.0,2770.56494140625,116051700.0
2024-04-16,3260.0,3280.0,3150.0,3220.0,2600.938232421875,490658200.0
2024-04-17,3220.0,3240.0,3200.0,3200.0,2584.783447265625,187876400.0
2024-04-18,3190.0,3310.0,3110.0,3250.0,2625.1708984375,337490100.0
2024-04-19,3230.0,3230.0,3130.0,3150.0,2544.396240234375,149997000.0
2024-04-22,3150.0,3200.0,3130.0,3170.0,2560.55126953125,140971800.0
2024-04-23,3180.0,3190.0,3080.0,3100.0,2504.00927734375,312052300.0
2024-04-24,3100.0,3110.0,3040.0,3040.0,2455.54443359375,327330800.0
2024-04-25,3010.0,3060.0,2990.0,3040.0,2455.54443359375,369525200.0
2024-04-26,2980.0,3060.0,2960.0,3030.0,2447.466796875,442527900.0
2024-04-29,3030.0,3090.0,3010.0,3080.0,2487.854248046875,172773600.0
2024-04-30,3120.0,3200.0,3110.0,3170.0,2560.55126953125,273121800.0
2024-05-02,3170.0,3200.0,3120.0,3120.0,2520.1640625,157637100.0
2024-05-03,3180.0,3180.0,3120.0,3160.0,2552.4736328125,127945300.0
2024-05-06,3180.0,3200.0,3040.0,3050.0,2463.621826171875,221330900.0
2024-05-07,3070.0,3110.0,3060.0,3090.0,2495.931640625,124914600.0
2024-05-08,3130.0,3150.0,3050.0,3080.0,2487.854248046875,120622600.0
2024-05-13,3070.0,3100.0,3040.0,3090.0,2495.931640625,133048300.0
2024-05-14,3100.0,3120.0,3080.0,3120.0,2520.1640625,104126800.0
2024-05-15,3120.0,3130.0,3070.0,3100.0,2504.00927734375,149143600.0
2024-05-16,2960.0,3050.0,2960.0,3010.0,2579.865966796875,196239200.0
2024-05-17,3050.0,3050.0,2980.0,2990.0,2562.723876953125,120345300.0
2024-05-20,2950.0,3000.0,2950.0,2990.0,2562.723876953125,215877500.0
2024-05-21,2990.0,2990.0,2920.0,2950.0,2528.43994140625,138864400.0
2024-05-22,2980.0,2980.0,2910.0,2940.0,2519.868896484375,145109200.0
2024-05-27,2900.0,2920.0,2780.0,2810.0,2408.4462890625,246979600.0
2024-05-28,2810.0,2880.0,2810.0,2860.0,2451.301025390625,113093300.0
2024-05-29,2850.0,2860.0,2810.0,2810.0,2408.4462890625,148952900.0
2024-05-30,2810.0,2870.0,2720.0,2810.0,2408.4462890625,253471800.0
2024-05-31,2840.0,2920.0,2810.0,2900.0,2485.585205078125,411324600.0
2024-06-03,2930.0,2970.0,2900.0,2930.0,2511.298095703125,124570400.0
2024-06-04,2980.0,3060.0,2940.0,3000.0,2571.294921875,130203100.0
2024-06-05,3000.0,3080.0,3000.0,3060.0,2622.720947265625,141157300.0
2024-06-06,3100.0,3100.0,3030.0,3050.0,2614.14990234375,107996900.0
2024-06-07,3050.0,3090.0,3050.0,3050.0,2614.14990234375,67191100.0
2024-06-10,3050.0,3050.0,2980.0,3010.0,2579.865966796875,66983900.0
2024-06-11,2960.0,2980.0,2880.0,2880.0,2468.443115234375,172688100.0
2024-06-12,2890.0,2970.0,2890.0,2920.0,2502.72705078125,91584500.0
2024-06-13,2940.0,2940.0,2830.0,2840.0,2434.1591796875,95740000.0
2024-06-14,2820.0,2830.0,2700.0,2720.0,2331.307373046875,202750500.0
2024-06-19,2780.0,2850.0,2760.0,2830.0,2425.58837890625,128843500.0
2024-06-20,2850.0,2850.0,2800.0,2840.0,2434.1591796875,55434800.0
2024-06-21,2850.0,2960.0,2840.0,2950.0,2528.43994140625,184918000.0
2024-06-24,2930.0,2980.0,2910.0,2950.0,2528.43994140625,111618800.0
2024-06-25,2950.0,2990.0,2930.0,2990.0,2562.723876953125,89913400.0
2024-06-26,2990.0,3020.0,2980.0,3000.0,2571.294921875,73994000.0
2024-06-27,3030.0,3030.0,2990.0,3030.0,2597.0078125,70154600.0
2024-06-28,3030.0,3140.0,3030.0,3130.0,2682.7177734375,213539300.0
2024-07-01,3130.0,3130.0,3080.0,3090.0,2648.433837890625,134082800.0
2024-07-02,3070.0,3090.0,3030.0,3040.0,2605.578857421875,79024200.0
2024-07-03,3040.0,3050.0,3020.0,3030.0,2597.0078125,51977100.0
2024-07-04,3000.0,3050.0,2960.0,2960.0,2537.010986328125,93100500.0
2024-07-05,2970.0,3020.0,2960.0,3020.0,2588.436767578125,69339200.0
2024-07-08,3040.0,3090.0,3000.0,3080.0,2639.86279296875,125004600.0
2024-07-09,3050.0,3120.0,3040.0,3080.0,2639.86279296875,118245600.0
2024-07-10,3090.0,3180.0,3090.0,3160.0,2708.4306640625,120007400.0
2024-07-11,3200.0,3200.0,3160.0,3180.0,2725.57275390625,126490000.0
2024-07-12,3230.0,3270.0,3210.0,3220.0,2759.8564453125,135830300.0
2024-07-15,3220.0,3220.0,3130.0,3160.0,2708.4306640625,100918500.0
2024-07-16,3180.0,3180.0,3090.0,3100.0,2657.0048828125,78769700.0
2024-07-17,3190.0,3270.0,3160.0,3250.0,2785.569580078125,167149300.0
2024-07-18,3260.0,3280.0,3190.0,3210.0,2751.28564453125,98903500.0
2024-07-19,3200.0,3210.0,3120.0,3140.0,2691.28857421875,138117200.0
2024-07-22,3180.0,3210.0,3090.0,3100.0,2657.0048828125,139383000.0
2024-07-23,3140.0,3160.0,3100.0,3160.0,2708.4306640625,74338000.0
2024-07-24,3140.0,3150.0,3040.0,3060.0,2622.720947265625,98752100.0
2024-07-25,3080.0,3090.0,3030.0,3090.0,2648.433837890625,67060000.0
2024-07-26,3110.0,3110.0,3060.0,3100.0,2657.0048828125,94900300.0
2024-07-29,3090.0,3120.0,3040.0,3050.0,2614.14990234375,90885600.0
2024-07-30,3000.0,3000.0,2880.0,2880.0,2468.443115234375,321472800.0
2024-07-31,2880.0,2920.0,2840.0,2880.0,2468.443115234375,207440800.0
2024-08-01,2890.0,2930.0,2880.0,2880.0,2468.443115234375,121021800.0
2024-08-02,2880.0,2880.0,2820.0,2850.0,2442.730224609375,105816800.0
2024-08-05,2820.0,2830.0,2760.0,2790.0,2391.30419921875,105246400.0
2024-08-06,2800.0,2840.0,2790.0,2790.0,2391.30419921875,98524200.0
2024-08-07,2800.0,2840.0,2790.0,2820.0,2417.017333984375,77263000.0
2024-08-08,2800.0,2880.0,2800.0,2850.0,2442.730224609375,99533000.0
2024-08-09,2860.0,2880.0,2830.0,2830.0,2425.58837890625,80800300.0
2024-08-12,2850.0,2910.0,2840.0,2870.0,2459.8720703125,62746600.0
2024-08-13,2900.0,2900.0,2840.0,2850.0,2442.730224609375,82063600.0
2024-08-14,2850.0,2890.0,2850.0,2860.0,2451.301025390625,70188800.0
2024-08-15,2870.0,2880.0,2820.0,2870.0,2459.8720703125,79724100.0
2024-08-16,2910.0,2990.0,2900.0,2960.0,2537.010986328125,207060000.0
2024-08-19,2960.0,2970.0,2910.0,2930.0,2511.298095703125,68692700.0
2024-08-20,2990.0,3000.0,2960.0,2980.0,2554.153076171875,100434600.0
2024-08-21,2980.0,3010.0,2960.0,2970.0,2545.58203125,111842200.0
2024-08-22,2940.0,2970.0,2920.0,2920.0,2502.72705078125,90336300.0
2024-08-23,2970.0,3010.0,2950.0,2950.0,2528.43994140625,86092500.0
2024-08-26,2940.0,2990.0,2930.0,2980.0,2554.153076171875,88941900.0
2024-08-27,2990.0,3000.0,2950.0,2990.0,2562.723876953125,71223800.0
2024-08-28,3000.0,3000.0,2960.0,2980.0,2554.153076171875,68736300.0
2024-08-29,2980.0,3080.0,2980.0,3030.0,2597.0078125,160714800.0
2024-08-30,3030.0,3070.0,3010.0,3060.0,2622.720947265625,195809000.0
2024-09-02,3090.0,3150.0,3080.0,3140.0,2691.28857421875,118928500.0
2024-09-03,3140.0,3150.0,3080.0,3080.0,2639.86279296875,82172000.0
2024-09-04,3060.0,3100.0,3040.0,3080.0,2639.86279296875,81041700.0
2024-09-05,3080.0,3090.0,3020.0,3020.0,2588.436767578125,78989400.0
2024-09-06,3010.0,3050.0,3010.0,3040.0,2605.578857421875,82391200.0
2024-09-09,3050.0,3080.0,3000.0,3030.0,2597.0078125,69264400.0
2024-09-10,3060.0,3060.0,3020.0,3030.0,2597.0078125,46436100.0
2024-09-11,3030.0,3050.0,3020.0,3040.0,2605.578857421875,62899600.0
2024-09-12,3060.0,3070.0,3050.0,3050.0,2614.14990234375,85785000.0
2024-09-13,3080.0,3120.0,3070.0,3110.0,2665.57568359375,125032200.0
2024-09-17,3120.0,3130.0,3080.0,3090.0,2648.433837890625,56181000.0
2024-09-18,3120.0,3130.0,3100.0,3120.0,2674.146728515625,87120700.0
2024-09-19,3140.0,3150.0,3120.0,3140.0,2691.28857421875,130418300.0
2024-09-20,3150.0,3170.0,3120.0,3150.0,2699.859619140625,152477400.0
2024-09-23,3150.0,3180.0,3130.0,3170.0,2717.001708984375,82274400.0
2024-09-24,3180.0,3180.0,3150.0,3160.0,2708.4306640625,92256900.0
2024-09-25,3100.0,3190.0,3060.0,3190.0,2734.1435546875,215241700.0
2024-09-26,3170.0,3180.0,3120.0,3170.0,2717.001708984375,120042500.0
2024-09-27,3130.0,3140.0,3010.0,3050.0,2614.14990234375,291217300.0
2024-09-30,3030.0,3030.0,2990.0,2990.0,2562.723876953125,150844800.0
2024-10-01,2990.0,3040.0,2990.0,3020.0,2588.436767578125,77208500.0
2024-10-02,2950.0,2980.0,2920.0,2920.0,2502.72705078125,124629400.0
2024-10-03,2950.0,2950.0,2890.0,2890.0,2477.01416015625,92510900.0
2024-10-04,2900.0,2930.0,2860.0,2880.0,2468.443115234375,76757200.0
2024-10-07,2910.0,2910.0,2870.0,2900.0,2485.585205078125,84507100.0
2024-10-08,2890.0,2990.0,2870.0,2990.0,2562.723876953125,135357200.0
2024-10-09,2980.0,3010.0,2960.0,2960.0,2537.010986328125,69435900.0
2024-10-10,2960.0,2980.0,2940.0,2950.0,2528.43994140625,57867000.0
2024-10-11,3000.0,3000.0,2920.0,2940.0,2519.868896484375,40454300.0
2024-10-14,2930.0,2970.0,2900.0,2900.0,2485.585205078125,66631500.0
2024-10-15,2920.0,2970.0,2910.0,2940.0,2519.868896484375,74529600.0
2024-10-16,2970.0,3000.0,2930.0,3000.0,2571.294921875,163988000.0
2024-10-17,3000.0,3060.0,2980.0,3040.0,2605.578857421875,107040100.0
2024-10-18,3050.0,3130.0,3040.0,3100.0,2657.0048828125,138783600.0
2024-10-21,3100.0,3130.0,3060.0,3100.0,2657.0048828125,92240300.0
2024-10-22,3060.0,3070.0,3010.0,3010.0,2579.865966796875,93662500.0
2024-10-23,2940.0,2980.0,2930.0,2940.0,2519.868896484375,99423700.0
2024-10-24,2940.0,2960.0,2900.0,2900.0,2485.585205078125,72559000.0
2024-10-25,2900.0,2950.0,2900.0,2910.0,2494.156005859375,50694200.0
2024-10-28,2920.0,2940.0,2900.0,2920.0,2502.72705078125,38720700.0
2024-10-29,2910.0,2930.0,2880.0,2900.0,2485.585205078125,67727500.0
2024-10-30,2880.0,2900.0,2850.0,2900.0,2485.585205078125,123573100.0
2024-10-31,2860.0,2870.0,2820.0,2820.0,2417.017333984375,139590300.0
2024-11-01,2820.0,2840.0,2760.0,2780.0,2382.733154296875,99364500.0
2024-11-04,2780.0,2810.0,2750.0,2800.0,2399.875244140625,63112300.0
2024-11-05,2800.0,2810.0,2730.0,2770.0,2374.162353515625,96721100.0
2024-11-06,2780.0,2800.0,2740.0,2740.0,2348.449462890625,66808900.0
2024-11-07,2760.0,2790.0,2740.0,2760.0,2365.59130859375,79485800.0
2024-11-08,2760.0,2780.0,2750.0,2750.0,2357.0205078125,66113200.0
2024-11-11,2720.0,2730.0,2650.0,2690.0,2305.594482421875,108153500.0
2024-11-12,2660.0,2670.0,2600.0,2600.0,2228.455810546875,215910600.0
2024-11-13,2610.0,2630.0,2570.0,2580.0,2211.313720703125,142812600.0
2024-11-14,2550.0,2590.0,2530.0,2530.0,2168.458740234375,185269500.0
2024-11-15,2500.0,2580.0,2500.0,2540.0,2177.029541015625,103680400.0
2024-11-18,2540.0,2610.0,2520.0,2590.0,2219.884765625,119481300.0
2024-11-19,2610.0,2850.0,2590.0,2780.0,2382.733154296875,275670300.0
2024-11-20,2740.0,2750.0,2640.0,2680.0,2297.023681640625,150242900.0
2024-11-21,2680.0,2810.0,2680.0,2770.0,2374.162353515625,128294600.0
2024-11-22,2750.0,2790.0,2720.0,2750.0,2357.0205078125,135265300.0
2024-11-25,2740.0,2780.0,2720.0,2740.0,2348.449462890625,358617100.0
2024-11-26,2770.0,2800.0,2680.0,2710.0,2322.736328125,106721000.0
2024-11-28,2680.0,2750.0,2680.0,2720.0,2331.307373046875,102808400.0
2024-11-29,2700.0,2760.0,2700.0,2710.0,2322.736328125,103162000.0
2024-12-02,2720.0,2730.0,2680.0,2680.0,2297.023681640625,66025900.0
2024-12-03,2760.0,2830.0,2710.0,2820.0,2417.017333984375,167603900.0
2024-12-04,2820.0,2850.0,2800.0,2840.0,2434.1591796875,83412800.0
2024-12-05,2840.0,2840.0,2730.0,2770.0,2374.162353515625,96025400.0
2024-12-06,2740.0,2780.0,2740.0,2760.0,2365.59130859375,48179800.0
2024-12-09,2760.0,2770.0,2730.0,2740.0,2348.449462890625,63671900.0
2024-12-10,2770.0,2830.0,2750.0,2770.0,2374.162353515625,124138200.0
2024-12-11,2770.0,2880.0,2770.0,2860.0,2451.301025390625,140611400.0
2024-12-12,2830.0,2850.0,2780.0,2820.0,2417.017333984375,66977700.0
2024-12-13,2770.0,2790.0,2750.0,2790.0,2391.30419921875,77540100.0
2024-12-16,2760.0,2760.0,2650.0,2660.0,2279.881591796875,147655600.0
2024-12-17,2630.0,2650.0,2600.0,2620.0,2245.597412109375,113785500.0
2024-12-18,2620.0,2660.0,2570.0,2570.0,2202.74267578125,79565300.0
2024-12-19,2510.0,2560.0,2500.0,2530.0,2168.458740234375,123504200.0
2024-12-20,2530.0,2570.0,2520.0,2550.0,2185.6005859375,110308800.0
2024-12-23,2580.0,2670.0,2580.0,2650.0,2271.310546875,72113700.0
2024-12-24,2680.0,2750.0,2620.0,2740.0,2348.449462890625,117582400.0
2024-12-27,2770.0,2800.0,2710.0,2750.0,2357.0205078125,92727600.0
2024-12-30,2720.0,2760.0,2700.0,2710.0,2322.736328125,74279200.0
2025-01-02,2710.0,2740.0,2680.0,2700.0,2314.165283203125,38776700.0
2025-01-03,2740.0,2770.0,2730.0,2750.0,2357.0205078125,49907500.0
2025-01-06,2760.0,2770.0,2660.0,2690.0,2305.594482421875,54087800.0
2025-01-07,2670.0,2680.0,2570.0,2570.0,2202.74267578125,109758000.0
2025-01-08,2590.0,2700.0,2590.0,2650.0,2271.310546875,100688500.0
2025-01-09,2690.0,2700.0,2620.0,2620.0,2245.597412109375,55206700.0
2025-01-10,2640.0,2690.0,2630.0,2680.0,2297.023681640625,54496800.0
2025-01-13,2670.0,2740.0,2650.0,2670.0,2288.45263671875,90816500.0
2025-01-14,2670.0,2690.0,2610.0,2620.0,2245.597412109375,53116800.0
2025-01-15,2640.0,2670.0,2620.0,2630.0,2254.16845703125,52867900.0
2025-01-16,2660.0,2660.0,2590.0,2590.0,2219.884765625,118890200.0
2025-01-17,2630.0,2680.0,2610.0,2660.0,2279.881591796875,107245400.0
2025-01-20,2670.0,2690.0,2610.0,2610.0,2237.0263671875,49752300.0
2025-01-21,2630.0,2660.0,2600.0,2630.0,2254.16845703125,86549000.0
2025-01-22,2680.0,2750.0,2650.0,2730.0,2339.87841796875,128617700.0
2025-01-23,2730.0,2750.0,2710.0,2710.0,2322.736328125,63216100.0
2025-01-24,2740.0,2750.0,2690.0,2690.0,2305.594482421875,49844700.0
2025-01-30,2690.0,2710.0,2610.0,2640.0,2262.739501953125,89736900.0
2025-01-31,2660.0,2710.0,2660.0,2660.0,2279.881591796875,83736900.0
2025-02-03,2620.0,2630.0,2560.0,2630.0,2254.16845703125,91801900.0
2025-02-04,2640.0,2660.0,2590.0,2640.0,2262.739501953125,95311100.0
2025-02-05,2600.0,2640.0,2590.0,2620.0,2245.597412109375,110400300.0
2025-02-06,2630.0,2630.0,2520.0,2560.0,2194.171630859375,90471900.0
2025-02-07,2550.0,2590.0,2510.0,2590.0,2219.884765625,105020200.0
2025-02-10,2520.0,2550.0,2440.0,2440.0,2091.31982421875,153328500.0
2025-02-11,2430.0,2450.0,2300.0,2320.0,1988.468017578125,254907800.0
2025-02-12,2360.0,2480.0,2350.0,2480.0,2125.603759765625,173407600.0
2025-02-13,2370.0,2420.0,2310.0,2420.0,2074.177978515625,219425500.0
2025-02-14,2460.0,2530.0,2440.0,2530.0,2168.458740234375,156474300.0
2025-02-17,2570.0,2650.0,2530.0,2650.0,2271.310546875,113998200.0
2025-02-18,2660.0,2710.0,2630.0,2680.0,2297.023681640625,115881200.0
2025-02-19,2680.0,2690.0,2600.0,2670.0,2288.45263671875,119388200.0
2025-02-20,2650.0,2680.0,2620.0,2670.0,2288.45263671875,90411700.0
2025-02-21,2670.0,2680.0,2630.0,2650.0,2271.310546875,75110600.0
2025-02-24,2630.0,2640.0,2570.0,2600.0,2228.455810546875,42327600.0
2025-02-25,2560.0,2580.0,2460.0,2460.0,2108.461669921875,111687700.0
2025-02-26,2500.0,2520.0,2460.0,2520.0,2159.887939453125,65752000.0
2025-02-27,2520.0,2560.0,2430.0,2490.0,2134.1748046875,88741400.0
2025-02-28,2470.0,2470.0,2350.0,2350.0,2014.1810302734375,249795300.0
2025-03-03,2400.0,2420.0,2370.0,2400.0,2057.035888671875,178833400.0
2025-03-04,2400.0,2440.0,2350.0,2380.0,2039.89404296875,131347800.0
2025-03-05,2420.0,2470.0,2410.0,2450.0,2099.890869140625,167407400.0
2025-03-06,2490.0,2510.0,2400.0,2400.0,2057.035888671875,131136100.0
2025-03-07,2430.0,2470.0,2350.0,2410.0,2065.60693359375,182407000.0
2025-03-10,2430.0,2430.0,2370.0,2390.0,2048.46484375,88949400.0
2025-03-11,2380.0,2390.0,2350.0,2370.0,2031.3231201171875,102235600.0
2025-03-12,2410.0,2490.0,2400.0,2450.0,2099.890869140625,98938700.0
2025-03-13,2470.0,2490.0,2420.0,2430.0,2082.7490234375,66706500.0
2025-03-14,2450.0,2480.0,2410.0,2420.0,2074.177978515625,107627100.0
2025-03-17,2420.0,2450.0,2410.0,2420.0,2074.177978515625,58129400.0
2025-03-18,2450.0,2470.0,2300.0,2420.0,2074.177978515625,139758600.0
2025-03-19,2420.0,2440.0,2380.0,2430.0,2082.7490234375,96825800.0
2025-03-20,2440.0,2440.0,2350.0,2390.0,2048.46484375,94823100.0
2025-03-21,2370.0,2380.0,2300.0,2310.0,1979.89697265625,204534000.0
2025-03-24,2320.0,2360.0,2240.0,2330.0,1997.0390625,105865000.0
2025-03-25,2340.0,2360.0,2300.0,2340.0,2005.6099853515625,107964200.0
2025-03-26,2360.0,2460.0,2350.0,2440.0,2091.31982421875,215856700.0
2025-03-27,2430.0,2430.0,2390.0,2410.0,2065.60693359375,120411200.0
2025-04-08,2050.0,2300.0,2050.0,2290.0,1962.7552490234375,409973200.0
2025-04-09,2440.0,2440.0,2300.0,2320.0,1988.468017578125,120363300.0
2025-04-10,2450.0,2470.0,2320.0,2350.0,2014.1810302734375,139327100.0
2025-04-11,2320.0,2350.0,2300.0,2330.0,1997.0390625,60214100.0
2025-04-14,2320.0,2430.0,2310.0,2430.0,2082.7490234375,116968600.0
2025-04-15,2460.0,2470.0,2420.0,2450.0,2099.890869140625,99064500.0
2025-04-16,2490.0,2510.0,2450.0,2480.0,2125.603759765625,121853000.0
2025-04-17,2500.0,2660.0,2490.0,2550.0,2185.6005859375,195577900.0
2025-04-21,2600.0,2610.0,2510.0,2570.0,2202.74267578125,84209300.0
2025-04-22,2570.0,2570.0,2520.0,2550.0,2185.6005859375,44958000.0
2025-04-23,2580.0,2640.0,2570.0,2630.0,2254.16845703125,128704200.0
2025-04-24,2630.0,2650.0,2600.0,2630.0,2254.16845703125,75733400.0
2025-04-25,2630.0,2650.0,2570.0,2600.0,2228.455810546875,93439600.0
2025-04-28,2600.0,2610.0,2560.0,2560.0,2194.171630859375,51086400.0
2025-04-29,2570.0,2600.0,2560.0,2590.0,2219.884765625,56546100.0
2025-04-30,2600.0,2640.0,2600.0,2640.0,2262.739501953125,96333300.0
2025-05-02,2640.0,2720.0,2620.0,2680.0,2297.023681640625,132357600.0
2025-05-05,2710.0,2710.0,2670.0,2700.0,2314.165283203125,85592500.0
2025-05-06,2720.0,2730.0,2680.0,2680.0,2297.023681640625,76948300.0
2025-05-07,2680.0,2690.0,2620.0,2620.0,2245.597412109375,100293700.0
2025-05-08,2630.0,2640.0,2570.0,2570.0,2202.74267578125,122965300.0
2025-05-09,2570.0,2630.0,2570.0,2600.0,2228.455810546875,59433500.0
2025-05-14,2530.0,2620.0,2530.0,2590.0,2219.884765625,132760900.0
2025-05-15,2580.0,2690.0,2580.0,2660.0,2279.881591796875,120039700.0
2025-05-16,2710.0,2750.0,2680.0,2740.0,2348.449462890625,101569600.0
2025-05-19,2760.0,2860.0,2740.0,2820.0,2417.017333984375,164194700.0
2025-05-20,2830.0,2840.0,2740.0,2740.0,2348.449462890625,129805200.0
2025-05-21,2710.0,2780.0,2690.0,2750.0,2357.0205078125,120242100.0
2025-05-22,2750.0,2850.0,2750.0,2800.0,2399.875244140625,131277300.0
2025-05-23,2710.0,2720.0,2690.0,2690.0,2305.594482421875,141199500.0
2025-05-26,2720.0,2820.0,2700.0,2800.0,2399.875244140625,186806300.0
2025-05-27,2840.0,2880.0,2790.0,2830.0,2425.58837890625,279180500.0
2025-05-28,2860.0,2870.0,2800.0,2820.0,2417.017333984375,531309500.0
2025-06-02,2780.0,2820.0,2750.0,2780.0,2382.733154296875,211393400.0
2025-06-03,2780.0,2830.0,2730.0,2800.0,2399.875244140625,142896600.0
2025-06-04,2810.0,2860.0,2810.0,2820.0,2417.017333984375,125006700.0
2025-06-05,2850.0,2850.0,2820.0,2840.0,2434.1591796875,95008500.0
2025-06-10,2920.0,2920.0,2880.0,2910.0,2494.156005859375,213564000.0
2025-06-11,2750.0,2810.0,2730.0,2800.0,2588.897216796875,200609800.0
2025-06-12,2830.0,2830.0,2750.0,2780.0,2570.405029296875,97099100.0
2025-06-13,2770.0,2770.0,2720.0,2740.0,2533.4208984375,81111300.0
2025-06-16,2740.0,2770.0,2730.0,2740.0,2533.4208984375,46641000.0
2025-06-17,2800.0,2800.0,2760.0,2760.0,2551.912841796875,59643500.0
2025-06-18,2770.0,2800.0,2760.0,2770.0,2561.158935546875,70757600.0
2025-06-19,2740.0,2780.0,2630.0,2690.0,2487.1904296875,98911200.0
2025-06-20,2700.0,2710.0,2640.0,2640.0,2440.960205078125,243027500.0
2025-06-23,2610.0,2610.0,2560.0,2580.0,2385.48388671875,73554200.0
2025-06-24,2600.0,2670.0,2580.0,2590.0,2394.72998046875,107300200.0
2025-06-25,2650.0,2650.0,2560.0,2620.0,2422.468017578125,79958900.0
2025-06-26,2620.0,2710.0,2590.0,2710.0,2505.6826171875,132868200.0
2025-06-30,2780.0,2790.0,2730.0,2780.0,2570.405029296875,124299500.0
2025-07-01,2800.0,2810.0,2760.0,2810.0,2598.143310546875,73006700.0
2025-07-02,2820.0,2820.0,2730.0,2780.0,2570.405029296875,92321600.0
2025-07-03,2780.0,2810.0,2690.0,2710.0,2505.6826171875,69094400.0
2025-07-04,2710.0,2720.0,2620.0,2630.0,2431.714111328125,53587300.0
2025-07-07,2630.0,2700.0,2610.0,2700.0,2496.4365234375,33446600.0
2025-07-08,2680.0,2700.0,2640.0,2650.0,2450.206298828125,45926000.0
2025-07-09,2650.0,2680.0,2640.0,2670.0,2468.698486328125,44897100.0
2025-07-10,2690.0,2710.0,2650.0,2690.0,2487.1904296875,41108700.0
2025-07-11,2710.0,2730.0,2690.0,2730.0,2524.1748046875,47851300.0
2025-07-14,2700.0,2710.0,2640.0,2690.0,2487.1904296875,60458400.0
2025-07-15,2690.0,2690.0,2640.0,2640.0,2440.960205078125,35309100.0
2025-07-16,2660.0,2680.0,2650.0,2650.0,2450.206298828125,43385900.0
2025-07-17,2700.0,2770.0,2660.0,2770.0,2561.158935546875,102642100.0
2025-07-18,2800.0,2800.0,2750.0,2770.0,2561.158935546875,83762800.0
2025-07-21,2800.0,2800.0,2750.0,2800.0,2588.897216796875,52553200.0
2025-07-22,2800.0,2850.0,2800.0,2850.0,2635.12744140625,108243300.0
2025-07-23,2870.0,2870.0,2840.0,2850.0,2635.12744140625,86077600.0
2025-07-24,2860.0,2870.0,2800.0,2840.0,2625.88134765625,74224200.0
2025-07-25,2810.0,2830.0,2780.0,2820.0,2607.389404296875,41296200.0
2025-07-28,2870.0,2870.0,2830.0,2860.0,2644.37353515625,40193800.0
2025-07-29,2870.0,2880.0,2840.0,2880.0,2662.86572265625,46357400.0
2025-07-30,2890.0,2890.0,2850.0,2880.0,2662.86572265625,99062400.0
2025-07-31,2890.0,2930.0,2860.0,2880.0,2662.86572265625,201065700.0
2025-08-01,2960.0,2990.0,2910.0,2980.0,2755.326416015625,130977000.0
2025-08-04,3000.0,3030.0,2990.0,3030.0,2801.556640625,96385300.0
2025-08-05,3050.0,3050.0,2990.0,3030.0,2801.556640625,99396900.0
2025-08-06,3000.0,3010.0,2960.0,2990.0,2764.572265625,86215200.0
2025-08-07,2990.0,2990.0,2930.0,2950.0,2727.588134765625,46506200.0
2025-08-08,2950.0,2960.0,2930.0,2940.0,2718.342041015625,46945800.0
2025-08-11,2990.0,3010.0,2970.0,2990.0,2764.572265625,74978300.0
2025-08-12,3050.0,3200.0,3010.0,3180.0,2940.24755859375,217607800.0
2025-08-13,3220.0,3420.0,3210.0,3360.0,3106.6767578125,465722400.0
2025-08-14,3370.0,3490.0,3370.0,3420.0,3162.153076171875,232557200.0
2025-08-15,3360.0,3410.0,3310.0,3310.0,3060.4462890625,182893900.0
2025-08-19,3260.0,3330.0,3240.0,3250.0,3004.969970703125,164921000.0
2025-08-20,3220.0,3290.0,3220.0,3220.0,2977.231689453125,80084600.0
2025-08-21,3210.0,3270.0,3210.0,3250.0,3004.969970703125,63861900.0
2025-08-22,3270.0,3290.0,3220.0,3240.0,2995.723876953125,61351700.0
2025-08-25,3280.0,3350.0,3250.0,3310.0,3060.4462890625,93221500.0
2025-08-26,3310.0,3320.0,3230.0,3260.0,3014.216064453125,227364800.0
2025-08-27,3200.0,3250.0,3100.0,3170.0,2931.00146484375,118158900.0
2025-08-28,3160.0,3220.0,3150.0,3180.0,2940.24755859375,55940600.0
2025-08-29,3180.0,3210.0,3100.0,3130.0,2894.017333984375,72585500.0
2025-09-01,3080.0,3110.0,2960.0,3110.0,2875.525146484375,130027900.0
2025-09-02,3120.0,3140.0,3050.0,3070.0,2838.540771484375,64402900.0
2025-09-03,3080.0,3170.0,3070.0,3110.0,2875.525146484375,113875700.0
2025-09-04,3090.0,3170.0,3090.0,3150.0,2912.50927734375,37223800.0
2025-09-08,3300.0,3300.0,3090.0,3090.0,2857.032958984375,93725000.0
2025-09-09,3100.0,3130.0,3000.0,3050.0,2820.048828125,104463400.0
2025-09-10,3070.0,3180.0,3050.0,3150.0,2912.50927734375,49840200.0
2025-09-11,3180.0,3190.0,3070.0,3080.0,2847.786865234375,71919900.0
2025-09-12,3090.0,3110.0,3050.0,3100.0,2866.279052734375,61521400.0
2025-09-15,3150.0,3260.0,3130.0,3260.0,3014.216064453125,115361300.0
2025-09-16,3300.0,3300.0,3260.0,3300.0,3051.2001953125,80642900.0
2025-09-17,3300.0,3340.0,3210.0,3340.0,3088.1845703125,73539700.0
2025-09-18,3400.0,3400.0,3230.0,3250.0,3004.969970703125,99501600.0
2025-09-19,3210.0,3300.0,3160.0,3230.0,2986.477783203125,113834400.0
2025-09-22,3300.0,3300.0,3190.0,3220.0,2977.231689453125,53704700.0
2025-09-23,3240.0,3260.0,3130.0,3190.0,2949.49365234375,40100300.0
2025-09-24,3190.0,3190.0,3150.0,3160.0,2921.75537109375,37086500.0
2025-09-25,3160.0,3200.0,3110.0,3120.0,2884.771240234375,37627500.0
2025-09-26,3100.0,3160.0,3090.0,3110.0,2875.525146484375,66789300.0
2025-09-29,3110.0,3130.0,3050.0,3080.0,2847.786865234375,85911300.0
2025-09-30,3090.0,3140.0,3060.0,3060.0,2829.294921875,117025800.0
2025-10-01,3060.0,3100.0,3060.0,3060.0,2829.294921875,59779700.0
2025-10-02,3070.0,3200.0,3060.0,3130.0,2894.017333984375,113431700.0
2025-10-03,3110.0,3130.0,3050.0,3070.0,2838.540771484375,59116700.0
2025-10-06,3080.0,3090.0,2960.0,3010.0,2783.064453125,59707600.0
2025-10-07,3030.0,3050.0,3000.0,3010.0,2783.064453125,30353000.0
2025-10-08,3030.0,3040.0,2940.0,2990.0,2764.572265625,66090700.0
2025-10-09,2950.0,3020.0,2950.0,3010.0,2783.064453125,54769300.0
2025-10-10,3030.0,3080.0,3000.0,3040.0,2810.802734375,62254500.0
2025-10-13,3020.0,3070.0,2980.0,3020.0,2792.310546875,46978500.0
2025-10-14,3050.0,3070.0,2960.0,2960.0,2736.834228515625,38518800.0
2025-10-15,3000.0,3090.0,2950.0,3080.0,2847.786865234375,67503700.0
2025-10-16,2970.0,3020.0,2900.0,2950.0,2727.588134765625,103687000.0
2025-10-17,2950.0,2960.0,2850.0,2880.0,2662.86572265625,82482200.0
2025-10-20,2930.0,2970.0,2900.0,2940.0,2718.342041015625,96029300.0
2025-10-21,2970.0,3290.0,2970.0,3280.0,3032.708251953125,223104600.0
2025-10-22,3220.0,3220.0,3120.0,3150.0,2912.50927734375,128796800.0
2025-10-23,3180.0,3400.0,3170.0,3360.0,3106.6767578125,218967200.0
2025-10-24,3370.0,3440.0,3290.0,3290.0,3041.9541015625,115104000.0
2025-10-27,3320.0,3360.0,3280.0,3330.0,3078.9384765625,105683900.0
2025-10-28,3330.0,3480.0,3270.0,3400.0,3143.660888671875,143082100.0
2025-10-29,3390.0,3390.0,3270.0,3290.0,3041.9541015625,93073800.0
2025-10-30,3290.0,3310.0,3200.0,3250.0,3004.969970703125,83523100.0
2025-10-31,3200.0,3250.0,3150.0,3210.0,2967.98583984375,126790400.0
2025-11-03,3210.0,3380.0,3210.0,3350.0,3097.4306640625,107151300.0
2025-11-04,3360.0,3590.0,3360.0,3500.0,3236.12158203125,227450800.0
2025-11-05,3600.0,3630.0,3510.0,3540.0,3273.105712890625,182624300.0
2025-11-06,3540.0,3550.0,3470.0,3480.0,3217.62939453125,71766000.0
2025-11-07,3460.0,3490.0,3420.0,3470.0,3208.38330078125,58917900.0
2025-11-10,3490.0,3550.0,3440.0,3440.0,3180.64501953125,88941900.0
2025-11-11,3500.0,3530.0,3470.0,3520.0,3254.613525390625,63130300.0
2025-11-12,3540.0,3590.0,3510.0,3560.0,3291.597900390625,61339600.0
2025-11-13,3570.0,3570.0,3480.0,3500.0,3236.12158203125,57467900.0
2025-11-14,3530.0,3560.0,3510.0,3550.0,3282.351806640625,55079600.0
2025-11-17,3570.0,3630.0,3560.0,3610.0,3337.828125,76833800.0
2025-11-18,3610.0,3630.0,3540.0,3620.0,3347.07421875,97747000.0
2025-11-19,3620.0,3690.0,3620.0,3650.0,3374.8125,109911100.0
2025-11-20,3650.0,3660.0,3620.0,3640.0,3365.56640625,52200700.0
2025-11-21,3590.0,3610.0,3460.0,3500.0,3236.12158203125,93181600.0
2025-11-24,3560.0,3700.0,3540.0,3700.0,3421.042724609375,241304000.0
2025-11-25,3690.0,3690.0,3560.0,3650.0,3374.8125,84816600.0
2025-11-26,3600.0,3720.0,3600.0,3720.0,3439.534912109375,111114600.0
2025-11-27,3700.0,3700.0,3560.0,3570.0,3300.843994140625,48436500.0
2025-11-28,3600.0,3630.0,3500.0,3510.0,3245.36767578125,70943000.0
2025-12-01,3530.0,3650.0,3520.0,3650.0,3374.8125,89045500.0
2025-12-02,3660.0,3670.0,3560.0,3560.0,3291.597900390625,62155900.0
2025-12-03,3590.0,3650.0,3580.0,3580.0,3310.090087890625,60429900.0
2025-12-04,3660.0,3660.0,3580.0,3630.0,3356.3203125,38947500.0
2025-12-05,3630.0,3700.0,3610.0,3700.0,3421.042724609375,50641400.0
2025-12-08,3700.0,3700.0,3600.0,3630.0,3356.3203125,64911000.0
2025-12-09,3650.0,3650.0,3520.0,3570.0,3300.843994140625,94381800.0
2025-12-10,3620.0,3700.0,3590.0,3640.0,3365.56640625,68644900.0
2025-12-11,3670.0,3690.0,3500.0,3570.0,3300.843994140625,84823100.0
2025-12-12,3630.0,3630.0,3500.0,3550.0,3282.351806640625,67076200.0
2025-12-15,3550.0,3560.0,3460.0,3470.0,3208.38330078125,121707400.0
2025-12-16,3490.0,3550.0,3470.0,3520.0,3254.613525390625,120576700.0
2025-12-17,3540.0,3590.0,3490.0,3500.0,3236.12158203125,118452300.0
2025-12-18,3540.0,3580.0,3460.0,3460.0,3199.13720703125,111042200.0
2025-12-19,3520.0,3520.0,3390.0,3410.0,3152.906982421875,236770700.0
2025-12-22,3440.0,3490.0,3420.0,3470.0,3208.38330078125,113720300.0
2025-12-23,3470.0,3470.0,3420.0,3470.0,3208.38330078125,39083700.0
2025-12-24,3480.0,3500.0,3440.0,3460.0,3199.13720703125,30919800.0
2025-12-29,3480.0,3530.0,3460.0,3490.0,3226.87548828125,53079900.0
2025-12-30,3490.0,3510.0,3480.0,3480.0,3217.62939453125,48019100.0
2026-01-02,3510.0,3510.0,3450.0,3470.0,3208.38330078125,34812500.0
2026-01-05,3490.0,3590.0,3480.0,3580.0,3310.090087890625,77224000.0
2026-01-06,3600.0,3600.0,3490.0,3520.0,3254.613525390625,77477100.0
2026-01-07,3540.0,3550.0,3500.0,3540.0,3273.105712890625,60466200.0
2026-01-08,3540.0,3580.0,3520.0,3530.0,3263.859619140625,61219400.0
2026-01-09,3550.0,3560.0,3450.0,3450.0,3189.89111328125,82708700.0
2026-01-12,3470.0,3530.0,3460.0,3520.0,3254.613525390625,89165400.0
2026-01-13,3600.0,3660.0,3550.0,3620.0,3347.07421875,129812000.0
2026-01-14,3690.0,3700.0,3610.0,3650.0,3374.8125,98179400.0
2026-01-15,3650.0,3680.0,3610.0,3660.0,3384.05859375,83981800.0
2026-01-19,3590.0,3630.0,3490.0,3620.0,3347.07421875,147127900.0
2026-01-20,3550.0,3680.0,3550.0,3600.0,3328.58203125,89987800.0
2026-01-21,3670.0,3700.0,3570.0,3600.0,3328.58203125,104120400.0
2026-01-22,3670.0,3790.0,3660.0,3740.0,3458.027099609375,149259700.0
2026-01-23,3790.0,3800.0,3730.0,3770.0,3485.76513671875,109079700.0
2026-01-26,3780.0,3850.0,3750.0,3850.0,3559.733642578125,91258600.0
2026-01-27,3850.0,3990.0,3730.0,3940.0,3642.9482421875,161704800.0
2026-01-28,3800.0,3800.0,3390.0,3470.0,3208.38330078125,439277400.0
2026-01-29,3420.0,3500.0,3100.0,3450.0,3189.89111328125,582049700.0
2026-01-30,3550.0,3740.0,3540.0,3600.0,3328.58203125,332372800.0
2026-02-02,3670.0,3700.0,3430.0,3500.0,3236.12158203125,157041400.0
2026-02-03,3540.0,3550.0,3420.0,3450.0,3189.89111328125,155611200.0
2026-02-04,3420.0,3440.0,3260.0,3330.0,3078.9384765625,215692700.0
2026-02-05,3350.0,3360.0,3260.0,3290.0,3041.9541015625,148908600.0
2026-02-06,3310.0,3390.0,3270.0,3380.0,3125.168701171875,137552600.0
2026-02-09,3430.0,3430.0,3340.0,3350.0,3097.4306640625,109053400.0
2026-02-10,3380.0,3430.0,3360.0,3400.0,3143.660888671875,129254100.0
2026-02-11,3430.0,3530.0,3420.0,3530.0,3263.859619140625,151785400.0
2026-02-12,3500.0,3560.0,3470.0,3560.0,3291.597900390625,114656400.0
2026-02-13,3540.0,3550.0,3440.0,3450.0,3189.89111328125,102244000.0
2026-02-18,3470.0,3510.0,3460.0,3490.0,3226.87548828125,82797000.0
2026-02-19,3500.0,3500.0,3460.0,3480.0,3217.62939453125,70690600.0
2026-02-20,3490.0,3510.0,3430.0,3480.0,3217.62939453125,75231500.0
2026-02-23,3480.0,3550.0,3480.0,3550.0,3282.351806640625,59621900.0
2026-02-24,3600.0,3600.0,3510.0,3580.0,3310.090087890625,119024300.0
2026-02-25,3580.0,3660.0,3580.0,3600.0,3328.58203125,66237300.0
2026-02-26,3560.0,3650.0,3510.0,3650.0,3374.8125,111136200.0
2026-02-27,3630.0,3630.0,3530.0,3540.0,3273.105712890625,140862100.0
2026-03-02,3440.0,3490.0,3410.0,3450.0,3189.89111328125,80022100.0
2026-03-03,3520.0,3530.0,3440.0,3450.0,3189.89111328125,125403800.0
2026-03-04,3430.0,3450.0,3110.0,3200.0,2958.73974609375,206478300.0
2026-03-05,3300.0,3350.0,3210.0,3260.0,3014.216064453125,137853600.0
2026-03-06,3270.0,3290.0,3180.0,3190.0,2949.49365234375,84932600.0
2026-03-09,3160.0,3160.0,3000.0,3100.0,2866.279052734375,126776600.0
2026-03-10,3120.0,3150.0,2930.0,2960.0,2736.834228515625,288339600.0
2026-03-11,3000.0,3020.0,2930.0,3000.0,2773.818359375,209073500.0
2026-03-12,3020.0,3060.0,2980.0,3020.0,2792.310546875,100856000.0
2026-03-13,3030.0,3050.0,2920.0,2970.0,2746.080322265625,102546800.0
2026-03-16,2970.0,2980.0,2830.0,2960.0,2736.834228515625,95426400.0
2026-03-17,3050.0,3050.0,2960.0,3050.0,2820.048828125,164842700.0
2026-03-25,3140.0,3300.0,3130.0,3300.0,3051.2001953125,228354400.0
2026-03-26,3240.0,3260.0,3130.0,3170.0,2931.00146484375,130477500.0
2026-03-27,3150.0,3160.0,3050.0,3050.0,2820.048828125,72337500.0
2026-03-30,3050.0,3110.0,3030.0,3040.0,2810.802734375,115529200.0
2026-03-31,3130.0,3130.0,3040.0,3060.0,2829.294921875,95463800.0
2026-04-01,3150.0,3150.0,3100.0,3150.0,2912.50927734375,68303100.0
2026-04-02,3150.0,3160.0,3080.0,3130.0,2894.017333984375,56283200.0
2026-04-06,3200.0,3200.0,3100.0,3160.0,2921.75537109375,37192400.0
2026-04-07,3150.0,3160.0,3060.0,3100.0,2866.279052734375,49528200.0
2026-04-08,3150.0,3180.0,3110.0,3160.0,2921.75537109375,78411200.0
2026-04-09,3170.0,3190.0,3120.0,3190.0,2949.49365234375,58857300.0
2026-04-10,3190.0,3220.0,3170.0,3210.0,2967.98583984375,70335700.0
2026-04-13,3130.0,3200.0,3130.0,3190.0,2949.49365234375,77410000.0
2026-04-14,3190.0,3200.0,3110.0,3120.0,2884.771240234375,92852900.0
2026-04-15,3120.0,3150.0,3060.0,3090.0,2857.032958984375,89181500.0
2026-04-16,3100.0,3150.0,3100.0,3120.0,2884.771240234375,57013000.0
2026-04-17,3120.0,3150.0,3080.0,3100.0,2866.279052734375,96349500.0
2026-04-20,3130.0,3160.0,3050.0,3100.0,2866.279052734375,142308900.0
2026-04-21,3050.0,3070.0,2980.0,3010.0,2783.064453125,137586500.0
2026-04-22,3010.0,3030.0,2990.0,3000.0,2773.818359375,57088500.0
2026-04-23,3010.0,3020.0,2880.0,2880.0,2662.86572265625,164145000.0
2026-04-24,2880.0,2940.0,2750.0,2810.0,2598.143310546875,254588000.0
2026-04-27,2850.0,2850.0,2810.0,2830.0,2616.635498046875,77838700.0
2026-04-28,2790.0,2820.0,2750.0,2820.0,2607.389404296875,146311100.0
2026-04-29,2820.0,2880.0,2800.0,2870.0,2653.61962890625,144598700.0
2026-04-30,2860.0,2870.0,2810.0,2810.0,2598.143310546875,134260800.0
2026-05-04,2840.0,2890.0,2840.0,2890.0,2672.11181640625,81120300.0
2026-05-05,2910.0,2940.0,2870.0,2880.0,2662.86572265625,71127200.0
2026-05-06,2890.0,2910.0,2870.0,2900.0,2681.35791015625,82205900.0
2026-05-07,2950.0,2980.0,2920.0,2930.0,2709.095947265625,102205600.0
2026-05-08,2930.0,3000.0,2900.0,2960.0,2736.834228515625,102107300.0
2026-05-11,2990.0,3010.0,2920.0,2960.0,2736.834228515625,58491000.0
2026-05-12,3000.0,3000.0,2860.0,2950.0,2727.588134765625,91619700.0
2026-05-13,2950.0,2970.0,2920.0,2960.0,2736.834228515625,62623700.0
2026-05-14,2960.0,2960.0,2960.0,2960.0,2736.834228515625,0.0
2026-05-15,2960.0,2960.0,2960.0,2960.0,2736.834228515625,0.0
2026-05-18,2910.0,3080.0,2860.0,3080.0,2847.786865234375,148994300.0
2026-05-19,3080.0,3130.0,3030.0,3080.0,2847.786865234375,147808100.0
2026-05-20,3130.0,3190.0,3100.0,3100.0,2866.279052734375,191400600.0
2026-05-21,3100.0,3120.0,2950.0,3000.0,2773.818359375,141907000.0
2026-05-22,3000.0,3010.0,2850.0,2920.0,2699.849853515625,138085300.0
2026-05-25,2880.0,2960.0,2870.0,2930.0,2709.095947265625,88999600.0
2026-05-26,2950.0,3100.0,2940.0,3090.0,2857.032958984375,136083800.0
2026-05-27,3090.0,3090.0,3090.0,3090.0,2857.032958984375,0.0
2026-05-28,3090.0,3090.0,3090.0,3090.0,2857.032958984375,0.0
2026-05-29,2900.0,3170.0,2900.0,3030.0,2801.556640625,835364400.0
2026-06-02,2990.0,3020.0,2910.0,2950.0,2727.588134765625,242446000.0
2026-06-03,2900.0,2950.0,2850.0,2850.0,2635.12744140625,168085400.0
2026-06-04,2900.0,2950.0,2680.0,2900.0,2681.35791015625,197151900.0
2026-06-05,2900.0,2930.0,2760.0,2760.0,2551.912841796875,105040300.0
2026-06-08,2620.0,2650.0,2350.0,2350.0,2172.824462890625,331947700.0
2026-06-09,2510.0,2620.0,2510.0,2620.0,2422.468017578125,371055600.0
2026-06-10,2500.0,2810.0,2500.0,2810.0,2598.143310546875,391732600.0
2026-06-11,2870.0,2970.0,2810.0,2870.0,2653.61962890625,274793100.0
2026-06-12,2910.0,2980.0,2860.0,2860.0,2644.37353515625,181531900.0
2026-06-15,2900.0,2970.0,2890.0,2930.0,2709.095947265625,156789000.0
2026-06-17,2950.0,3030.0,2940.0,2960.0,2736.834228515625,200799700.0
2026-06-18,2800.0,2800.0,2670.0,2780.0,2780.0,210813900.0
2026-06-19,2700.0,2710.0,2580.0,2580.0,2580.0,374544500.0
2026-06-22,2580.0,2590.0,2500.0,2510.0,2510.0,194270900.0
2026-06-23,2500.0,2610.0,2500.0,2540.0,2540.0,173184800.0
2026-06-24,2570.0,2590.0,2480.0,2500.0,2500.0,173348900.0
2026-06-25,2530.0,2540.0,2500.0,2500.0,2500.0,94937900.0
2026-06-26,2420.0,2480.0,2370.0,2480.0,2480.0,220918000.0
2026-06-29,2470.0,2470.0,2410.0,2410.0,2410.0,124858100.0
2026-06-30,2390.0,2400.0,2350.0,2350.0,2350.0,318664200.0
2026-07-01,2380.0,2450.0,2350.0,2440.0,2440.0,111997100.0
2026-07-02,2470.0,2490.0,2420.0,2450.0,2450.0,112046100.0
2026-07-03,2480.0,2540.0,2470.0,2520.0,2520.0,83587600.0
2026-07-06,2520.0,2530.0,2470.0,2480.0,2480.0,48614200.0
2026-07-07,2460.0,2480.0,2420.0,2480.0,2480.0,119404100.0
2026-07-08,2480.0,2540.0,2470.0,2510.0,2510.0,98228500.0
2026-07-09,2500.0,2510.0,2450.0,2510.0,2510.0,68742100.0
2026-07-10,2480.0,2500.0,2440.0,2480.0,2480.0,129033800.0
2026-07-13,2480.0,2520.0,2460.0,2510.0,2510.0,80358400.0
2026-07-14,2500.0,2600.0,2490.0,2560.0,2560.0,118565500.0
2026-07-15,2560.0,2570.0,2490.0,2520.0,2520.0,142706600.0
2026-07-16,2520.0,2560.0,2510.0,2530.0,2530.0,56858100.0
2026-07-17,2550.0,2670.0,2540.0,2660.0,2660.0,143963900.0
2026-07-20,2670.0,2750.0,2660.0,2710.0,2710.0,146905500.0
2026-07-21,2770.0,2770.0,2700.0,2750.0,2750.0,140279600.0
2026-07-22,2730.0,2730.0,2670.0,2700.0,2700.0,122114100.0
2026-07-23,2710.0,2710.0,2650.0,2650.0,2650.0,91296700.0
2026-07-24,2600.0,2630.0,2580.0,2630.0,2630.0,92442500.0
2026-07-27,2670.0,2670.0,2560.0,2590.0,2590.0,60467000.0
2026-07-28,2580.0,2620.0,2560.0,2560.0,2560.0,69694800.0
2026-07-29,2560.0,2610.0,2540.0,2560.0,2560.0,76414900.0
2026-07-30,2600.0,2670.0,2590.0,2670.0,2670.0,103302600.0
2026-07-31,2670.0,2680.0,2600.0,2630.0,2630.0,91987400.0
2026-08-03,2600.0,2740.0,2600.0,2740.0,2740.0,112278700.0
2026-08-04,2740.0,2790.0,2710.0,2790.0,2790.0,90753600.0
2026-08-05,2780.0,2780.0,2700.0,2710.0,2710.0,109494500.0
2026-08-06,2710.0,2720.0,2650.0,2650.0,2650.0,138223900.0
2026-08-07,2650.0,2720.0,2650.0,2710.0,2710.0,66412400.0
2026-08-10,2720.0,2730.0,2620.0,2620.0,2620.0,93974000.0
2026-08-11,2640.0,2650.0,2570.0,2610.0,2610.0,84124100.0
2026-08-12,2610.0,2620.0,2570.0,2590.0,2590.0,120373100.0
2026-08-13,2600.0,2610.0,2570.0,2590.0,2590.0,76115000.0
2026-08-14,2600.0,2630.0,2590.0,2620.0,2620.0,80799200.0
2026-08-18,2640.0,2640.0,2600.0,2600.0,2600.0,80089000.0
2026-08-19,2600.0,2610.0,2580.0,2600.0,2600.0,45580300.0
2026-08-20,2610.0,2620.0,2590.0,2610.0,2610.0,86747700.0
2026-08-21,2610.0,2640.0,2610.0,2610.0,2610.0,72276500.0
2026-08-24,2620.0,2640.0,2600.0,2620.0,2620.0,46321100.0
2026-08-25,2620.0,2620.0,2620.0,2620.0,2620.0,0.0
2026-08-26,2630.0,2630.0,2590.0,2600.0,2600.0,82579200.0
2026-08-27,2590.0,2610.0,2550.0,2610.0,2610.0,115845900.0
2026-08-28,2620.0,2620.0,2570.0,2570.0,2570.0,78958600.0
2026-08-31,2570.0,2600.0,2560.0,2600.0,2600.0,204591800.0
2026-09-01,2600.0,2630.0,2590.0,2610.0,2610.0,82430900.0
2026-09-02,2600.0,2610.0,2560.0,2590.0,2590.0,105899600.0
2026-09-03,2600.0,2610.0,2580.0,2600.0,2600.0,76989700.0
2026-09-04,2610.0,2630.0,2590.0,2610.0,2610.0,84953700.0
2026-09-07,2610.0,2620.0,2600.0,2610.0,2610.0,42030200.0
2026-09-08,2620.0,2670.0,2600.0,2650.0,2650.0,173160300.0
2026-09-09,2650.0,2680.0,2630.0,2660.0,2660.0,119056300.0
2026-09-10,2680.0,2680.0,2620.0,2630.0,2630.0,87447500.0
2026-09-11,2620.0,2630.0,2590.0,2600.0,2600.0,88455300.0
2026-09-14,2610.0,2690.0,2600.0,2690.0,2690.0,139730300.0
2026-09-15,2720.0,2720.0,2670.0,2700.0,2700.0,142432700.0
2026-09-16,2700.0,2710.0,2650.0,2660.0,2660.0,72687900.0
2026-09-17,2630.0,2640.0,2590.0,2590.0,2590.0,90206300.0
2026-09-18,2590.0,2600.0,2520.0,2560.0,2560.0,212768300.0
2026-09-21,2540.0,2550.0,2500.0,2500.0,2500.0,73848400.0
2026-09-22,2500.0,2540.0,2450.0,2470.0,2470.0,111856600.0
