Date,Open,High,Low,Close,Adj Close,Volume
2016-09-22,17600.0,18250.0,17600.0,17975.0,8756.5068359375,5770900.0
2016-09-23,17925.0,18000.0,17450.0,17925.0,8732.1484375,3289500.0
2016-09-26,17700.0,17700.0,17050.0,17200.0,8378.96484375,4624000.0
2016-09-27,17000.0,18125.0,16900.0,18100.0,8817.4013671875,6356300.0
2016-09-28,18050.0,18475.0,17950.0,18250.0,8890.4736328125,6342300.0
2016-09-29,18300.0,18625.0,18075.0,18500.0,9083.435546875,3619400.0
2016-09-30,18025.0,18250.0,17550.0,17700.0,8690.634765625,5666100.0
2016-10-03,18000.0,18475.0,17850.0,18350.0,9009.7841796875,4803100.0
2016-10-04,18325.0,18600.0,18225.0,18450.0,9058.8828125,3257800.0
2016-10-05,18600.0,18825.0,18350.0,18700.0,9181.634765625,5204100.0
2016-10-06,18800.0,19325.0,18700.0,19300.0,9476.23046875,8690600.0
2016-10-07,19300.0,19450.0,19150.0,19450.0,9549.8798828125,2772300.0
2016-10-10,19250.0,19250.0,18700.0,18850.0,9255.2822265625,2239300.0
2016-10-11,18850.0,19475.0,18850.0,19450.0,9549.8798828125,4828500.0
2016-10-12,19100.0,19525.0,18925.0,19100.0,9378.03125,4795000.0
2016-10-13,19400.0,19700.0,19350.0,19400.0,9525.330078125,5019500.0
2016-10-14,19450.0,19500.0,18550.0,19200.0,9427.1318359375,5687000.0
2016-10-17,19000.0,19850.0,18700.0,19800.0,9721.7275390625,9210300.0
2016-10-18,19500.0,19975.0,19500.0,19800.0,9721.7275390625,6748200.0
2016-10-19,19825.0,20350.0,19625.0,20100.0,9869.029296875,6230100.0
2016-10-20,19900.0,20225.0,19900.0,20050.0,9844.4794921875,3372300.0
2016-10-21,20200.0,20625.0,20100.0,20200.0,9918.1279296875,6854500.0
2016-10-24,20450.0,20500.0,20100.0,20325.0,9979.5009765625,4215200.0
2016-10-25,20325.0,20850.0,20325.0,20750.0,10188.1767578125,3679300.0
2016-10-26,20625.0,21150.0,20500.0,21150.0,10384.5751953125,2873600.0
2016-10-27,21300.0,21600.0,21150.0,21550.0,10580.9736328125,5064400.0
2016-10-28,21300.0,21450.0,20925.0,21100.0,10360.025390625,2700600.0
2016-10-31,21100.0,21675.0,21100.0,21625.0,10617.7978515625,3462400.0
2016-11-01,21300.0,22300.0,21200.0,22275.0,10936.947265625,6410900.0
2016-11-02,22500.0,22700.0,21950.0,22275.0,10936.947265625,6523900.0
2016-11-03,22175.0,22175.0,20925.0,21850.0,10728.271484375,7575200.0
2016-11-04,21000.0,22000.0,21000.0,21850.0,10728.271484375,6006400.0
2016-11-07,22000.0,22425.0,21875.0,22275.0,10936.947265625,4633800.0
2016-11-08,22500.0,23150.0,22500.0,22950.0,11268.3671875,7703000.0
2016-11-09,22500.0,23425.0,21725.0,22725.0,11157.8935546875,5434900.0
2016-11-10,23000.0,23900.0,23000.0,23275.0,11427.943359375,8925900.0
2016-11-11,23000.0,23975.0,22175.0,22850.0,11219.267578125,11258900.0
2016-11-14,23425.0,23425.0,21800.0,21800.0,10703.7216796875,6734500.0
2016-11-15,21200.0,21550.0,20500.0,20700.0,10163.626953125,7197400.0
2016-11-16,21000.0,23500.0,20825.0,22900.0,11243.818359375,6311700.0
2016-11-17,22500.0,22700.0,21775.0,21900.0,10752.8232421875,3230000.0
2016-11-18,21975.0,21975.0,20750.0,21300.0,10458.2236328125,3428600.0
2016-11-21,20600.0,20975.0,20600.0,20775.0,10200.4521484375,5622300.0
2016-11-22,20525.0,21600.0,20525.0,21425.0,10519.6025390625,3974100.0
2016-11-23,21475.0,22100.0,21475.0,21900.0,10752.8232421875,5493100.0
2016-11-24,21200.0,22100.0,21200.0,21475.0,10544.1474609375,3273300.0
2016-11-25,22000.0,22000.0,21550.0,21900.0,10752.8232421875,2495500.0
2016-11-28,22025.0,22025.0,21500.0,21500.0,10556.4228515625,3123900.0
2016-11-29,21250.0,21950.0,21250.0,21775.0,10691.447265625,5601000.0
2016-11-30,22000.0,22000.0,21000.0,21000.0,10310.9267578125,6929400.0
2016-12-01,21700.0,22475.0,21625.0,22250.0,10924.6669921875,4093600.0
2016-12-02,23000.0,23000.0,22725.0,22975.0,11280.6455078125,6316900.0
2016-12-05,23200.0,23850.0,23000.0,23500.0,11538.4150390625,6191600.0
2016-12-06,23950.0,23950.0,23025.0,23250.0,11415.6669921875,1721200.0
2016-12-07,23250.0,23300.0,22700.0,23025.0,11305.193359375,4396100.0
2016-12-08,22700.0,22850.0,22125.0,22600.0,11096.5205078125,4820200.0
2016-12-09,22400.0,23000.0,22400.0,22800.0,11194.716796875,4589200.0
2016-12-13,22900.0,23075.0,22000.0,22475.0,11035.1455078125,4546800.0
2016-12-14,22475.0,22550.0,22325.0,22325.0,10961.4951171875,4165300.0
2016-12-15,22300.0,22825.0,22200.0,22550.0,11071.970703125,4199800.0
2016-12-16,22475.0,22675.0,21975.0,21975.0,10789.6474609375,5354100.0
2016-12-19,21775.0,21875.0,21050.0,21100.0,10360.025390625,4682900.0
2016-12-20,21050.0,21250.0,20625.0,20700.0,10163.626953125,4705100.0
2016-12-21,21100.0,21150.0,20150.0,20150.0,9893.5771484375,3157200.0
2016-12-22,20500.0,20550.0,19200.0,19525.0,9586.705078125,6621900.0
2016-12-23,19200.0,20125.0,19200.0,19675.0,9660.3564453125,4281600.0
2016-12-27,20000.0,20275.0,19725.0,20050.0,9844.4794921875,3204300.0
2016-12-28,20500.0,20775.0,20300.0,20775.0,10200.4521484375,3281000.0
2016-12-29,20400.0,21000.0,20400.0,20950.0,10286.3740234375,3132200.0
2016-12-30,20900.0,21450.0,20850.0,21250.0,10433.6728515625,2367800.0
2017-01-02,21250.0,21250.0,21250.0,21250.0,10433.6728515625,0.0
2017-01-03,21200.0,21200.0,20575.0,21000.0,10310.9267578125,2865600.0
2017-01-04,21025.0,21425.0,20900.0,21400.0,10507.322265625,2615000.0
2017-01-05,20900.0,22075.0,20900.0,21975.0,10789.6474609375,3816300.0
2017-01-06,21800.0,22125.0,21600.0,21700.0,10654.6240234375,1652600.0
2017-01-09,22200.0,22200.0,21700.0,21900.0,10752.8232421875,2823600.0
2017-01-10,21500.0,22025.0,21400.0,21950.0,10777.37109375,2445700.0
2017-01-11,22000.0,22000.0,21600.0,21800.0,10703.7216796875,1592100.0
2017-01-12,21700.0,21700.0,21225.0,21225.0,10421.3994140625,2319300.0
2017-01-13,21500.0,22100.0,21325.0,21925.0,10765.0947265625,4668300.0
2017-01-16,21525.0,21975.0,21525.0,21550.0,10580.9736328125,1287400.0
2017-01-17,21400.0,21600.0,21375.0,21400.0,10507.322265625,698200.0
2017-01-18,21650.0,21700.0,21575.0,21700.0,10654.6240234375,1549500.0
2017-01-19,21700.0,21775.0,21675.0,21775.0,10691.447265625,4317400.0
2017-01-20,21700.0,22250.0,21500.0,22000.0,10801.921875,2241000.0
2017-01-23,22200.0,22200.0,21500.0,21975.0,10789.6474609375,2533500.0
2017-01-24,22200.0,22850.0,22125.0,22800.0,11194.716796875,7806300.0
2017-01-25,22900.0,22900.0,22475.0,22625.0,11108.7939453125,3654400.0
2017-01-26,22800.0,22975.0,22675.0,22900.0,11243.818359375,3925700.0
2017-01-27,22975.0,22975.0,22275.0,22600.0,11096.5205078125,1268400.0
2017-01-30,22975.0,22975.0,22350.0,22375.0,10986.0439453125,893700.0
2017-01-31,21850.0,22625.0,21850.0,21850.0,10728.271484375,2047000.0
2017-02-01,22075.0,22700.0,22075.0,22300.0,10949.220703125,3418700.0
2017-02-02,22400.0,22625.0,22350.0,22600.0,11096.5205078125,3861000.0
2017-02-03,22725.0,23025.0,22700.0,23000.0,11292.9169921875,8766300.0
2017-02-06,23000.0,23250.0,23000.0,23075.0,11329.7431640625,2216500.0
2017-02-07,23075.0,23125.0,22750.0,23100.0,11342.017578125,3320800.0
2017-02-08,23075.0,23075.0,22925.0,23000.0,11292.9169921875,3529000.0
2017-02-09,23000.0,23000.0,22600.0,22750.0,11170.169921875,2773700.0
2017-02-10,22900.0,23400.0,22600.0,23000.0,11292.9169921875,9565900.0
2017-02-13,23100.0,23400.0,23100.0,23325.0,11452.4921875,3061600.0
2017-02-14,23075.0,23325.0,23000.0,23025.0,11305.193359375,2440200.0
2017-02-15,23025.0,23025.0,23025.0,23025.0,11305.193359375,0.0
2017-02-16,22775.0,23825.0,22775.0,23825.0,11697.986328125,4085100.0
2017-02-17,23100.0,24350.0,22825.0,23875.0,11722.5400390625,6471200.0
2017-02-20,24200.0,24700.0,23950.0,24425.0,11992.587890625,2546600.0
2017-02-21,24500.0,24600.0,24425.0,24475.0,12017.1357421875,3127200.0
2017-02-22,24400.0,24550.0,23750.0,24375.0,11968.0380859375,3282700.0
2017-02-23,24625.0,24650.0,24450.0,24650.0,12103.060546875,5536400.0
2017-02-24,24800.0,25525.0,24775.0,25500.0,12520.4091796875,4753300.0
2017-02-27,24875.0,25175.0,24675.0,24925.0,12238.0869140625,2784100.0
2017-02-28,25100.0,25475.0,24650.0,24650.0,12103.060546875,6150000.0
2017-03-01,24950.0,24950.0,23750.0,23900.0,11734.8125,2475200.0
2017-03-02,24250.0,25200.0,24250.0,25075.0,12311.732421875,3291500.0
2017-03-03,25075.0,25125.0,24650.0,25100.0,12324.009765625,2215100.0
2017-03-06,25100.0,26200.0,25100.0,26200.0,12864.10546875,8768000.0
2017-03-07,26350.0,26600.0,25625.0,26000.0,12765.9072265625,4097500.0
2017-03-08,26300.0,26300.0,25500.0,25600.0,12569.5078125,3732400.0
2017-03-09,25900.0,26200.0,25025.0,25900.0,12716.8076171875,4620700.0
2017-03-10,25900.0,25900.0,25200.0,25750.0,12643.1572265625,4051800.0
2017-03-13,25750.0,25900.0,25300.0,25400.0,12471.3076171875,2019400.0
2017-03-14,25550.0,26125.0,25550.0,25950.0,12741.3544921875,4308100.0
2017-03-15,25950.0,25950.0,25125.0,25350.0,12446.7568359375,1962200.0
2017-03-16,25700.0,25875.0,25600.0,25700.0,12618.6103515625,4174700.0
2017-03-17,25925.0,27000.0,25800.0,27000.0,13256.90234375,5801500.0
2017-03-20,27200.0,27275.0,25750.0,26075.0,12802.7314453125,3075800.0
2017-03-21,26250.0,27250.0,26250.0,27250.0,13379.65234375,3943200.0
2017-03-22,27125.0,27800.0,26600.0,27800.0,13649.7021484375,5783500.0
2017-03-23,27650.0,27975.0,27550.0,27600.0,13551.501953125,3413700.0
2017-03-24,27625.0,27925.0,27550.0,27775.0,13637.4267578125,2557200.0
2017-03-27,27150.0,27425.0,27075.0,27150.0,13330.5537109375,4892400.0
2017-03-29,27500.0,28200.0,27450.0,27850.0,13674.25,3458300.0
2017-03-30,27850.0,28100.0,27350.0,27850.0,13674.25,4239800.0
2017-03-31,27900.0,27900.0,26500.0,26500.0,13011.404296875,4614700.0
2017-04-03,27000.0,28375.0,27000.0,27825.0,13661.9765625,6550200.0
2017-04-04,29000.0,29450.0,28750.0,29150.0,14312.5458984375,4085800.0
2017-04-05,29150.0,29150.0,29150.0,29150.0,14312.5458984375,0.0
2017-04-06,29000.0,29175.0,28550.0,29000.0,14238.8974609375,2791500.0
2017-04-07,28750.0,28900.0,28450.0,28700.0,14091.599609375,2974600.0
2017-04-10,28700.0,28775.0,28525.0,28600.0,14042.49609375,1627500.0
2017-04-11,28625.0,29100.0,28350.0,29000.0,14238.8974609375,7201500.0
2017-04-12,29100.0,29200.0,28775.0,29000.0,14238.8974609375,2478100.0
2017-04-13,28950.0,28950.0,27900.0,28150.0,13821.5537109375,3870000.0
2017-04-17,28475.0,28475.0,27225.0,27225.0,13367.376953125,3769300.0
2017-04-18,27600.0,27925.0,27500.0,27850.0,13674.25,3445500.0
2017-04-19,27850.0,27850.0,27850.0,27850.0,13674.25,0.0
2017-04-20,27500.0,27825.0,27150.0,27400.0,13453.302734375,5085100.0
2017-04-21,27300.0,27350.0,26900.0,26925.0,13220.076171875,2823200.0
2017-04-25,26850.0,26925.0,26150.0,26600.0,13060.50390625,5957200.0
2017-04-26,26550.0,27950.0,26400.0,27900.0,13904.2265625,5980500.0
2017-04-27,27900.0,27900.0,27125.0,27250.0,13580.2919921875,3235800.0
2017-04-28,27350.0,27450.0,26825.0,26900.0,13405.8662109375,3862400.0
2017-05-02,26900.0,26900.0,25850.0,26000.0,12957.341796875,5115500.0
2017-05-03,25975.0,26425.0,25750.0,25900.0,12907.509765625,2906400.0
2017-05-04,26100.0,26100.0,24925.0,25050.0,12483.8994140625,4997600.0
2017-05-05,25150.0,25200.0,24750.0,25050.0,12483.8994140625,4371700.0
2017-05-08,25350.0,26325.0,25350.0,25900.0,12907.509765625,8069700.0
2017-05-09,26000.0,26200.0,24750.0,25500.0,12708.166015625,7799800.0
2017-05-10,25500.0,25500.0,25025.0,25050.0,12483.8994140625,3632700.0
2017-05-12,25300.0,25350.0,24300.0,24375.0,12147.509765625,6216600.0
2017-05-15,24400.0,24675.0,24100.0,24550.0,12234.7236328125,2611400.0
2017-05-16,24650.0,24700.0,23625.0,23825.0,11873.4150390625,4722000.0
2017-05-17,23750.0,24100.0,23025.0,23100.0,11512.1005859375,7034400.0
2017-05-18,23100.0,24000.0,22875.0,23450.0,11686.529296875,8523300.0
2017-05-19,23725.0,24375.0,23400.0,24150.0,12035.376953125,7065300.0
2017-05-22,24600.0,25000.0,24125.0,24400.0,12159.970703125,5781200.0
2017-05-23,24700.0,24800.0,24275.0,24600.0,12259.64453125,6348800.0
2017-05-24,24500.0,24600.0,24000.0,24100.0,12010.4619140625,3787900.0
2017-05-26,24575.0,24675.0,24050.0,24575.0,12247.1826171875,8073300.0
2017-05-29,24750.0,26100.0,24650.0,26025.0,12969.802734375,7014200.0
2017-05-30,26300.0,27100.0,26200.0,27075.0,13493.080078125,6460000.0
2017-05-31,26525.0,27775.0,26250.0,27775.0,13841.9345703125,9556500.0
2017-06-01,27775.0,27775.0,27775.0,27775.0,13841.9345703125,0.0
2017-06-02,27200.0,27200.0,26500.0,26550.0,13231.443359375,3974900.0
2017-06-05,26725.0,27000.0,26200.0,26550.0,13231.443359375,3106200.0
2017-06-06,26975.0,27050.0,26750.0,26950.0,13430.7861328125,4264100.0
2017-06-07,27225.0,27225.0,26950.0,27150.0,13530.458984375,2691800.0
2017-06-08,27200.0,27350.0,27025.0,27200.0,13555.3759765625,2045900.0
2017-06-09,27300.0,27300.0,25975.0,26500.0,13206.5224609375,5631900.0
2017-06-12,26250.0,27200.0,26250.0,27075.0,13493.080078125,3610100.0
2017-06-13,27200.0,27325.0,26900.0,27325.0,13617.6708984375,1771800.0
2017-06-14,27025.0,27700.0,27025.0,27700.0,13804.5556640625,3012000.0
2017-06-15,27475.0,27475.0,27050.0,27475.0,13692.4248046875,2782800.0
2017-06-16,27475.0,27475.0,26500.0,26500.0,13206.5224609375,9610200.0
2017-06-19,26650.0,26900.0,26150.0,26450.0,13181.6083984375,3472500.0
2017-06-20,26750.0,27000.0,26575.0,27000.0,13455.7041015625,4884400.0
2017-06-21,26775.0,27200.0,26575.0,27200.0,13555.3759765625,4307100.0
2017-06-22,27500.0,27550.0,27300.0,27450.0,13679.9619140625,3455800.0
2017-06-23,27450.0,27450.0,27450.0,27450.0,13679.9619140625,0.0
2017-06-26,27450.0,27450.0,27450.0,27450.0,13679.9619140625,0.0
2017-06-27,27450.0,27450.0,27450.0,27450.0,13679.9619140625,0.0
2017-06-28,27450.0,27450.0,27450.0,27450.0,13679.9619140625,0.0
2017-06-29,27450.0,27450.0,27450.0,27450.0,13679.9619140625,0.0
2017-06-30,27450.0,27450.0,27450.0,27450.0,13679.9619140625,0.0
2017-07-03,27800.0,28950.0,26175.0,28850.0,14377.6708984375,10273000.0
2017-07-04,28900.0,28900.0,28250.0,28500.0,14203.2431640625,3009800.0
2017-07-05,28625.0,28625.0,27600.0,27825.0,13866.8505859375,2499500.0
2017-07-06,28125.0,28125.0,27875.0,28100.0,14003.900390625,2911100.0
2017-07-07,28350.0,28350.0,27000.0,27200.0,13555.3759765625,1722500.0
2017-07-10,27450.0,27900.0,27450.0,27625.0,13767.1787109375,1302600.0
2017-07-11,27625.0,27975.0,27625.0,27975.0,13941.6044921875,1567600.0
2017-07-12,27500.0,28100.0,27500.0,27925.0,13916.6865234375,2729400.0
2017-07-13,28000.0,28050.0,27525.0,28000.0,13954.0615234375,4077000.0
2017-07-14,28200.0,28200.0,27525.0,28000.0,13954.0615234375,2016700.0
2017-07-17,28000.0,28125.0,27850.0,27950.0,13929.1474609375,1883000.0
2017-07-18,27625.0,28000.0,27625.0,27975.0,13941.6044921875,2895800.0
2017-07-19,28000.0,28750.0,27825.0,28550.0,14228.162109375,7173300.0
2017-07-20,28600.0,28900.0,28350.0,28850.0,14377.6708984375,4140500.0
2017-07-21,28850.0,28875.0,28675.0,28825.0,14365.2109375,2854700.0
2017-07-24,28850.0,28900.0,27925.0,28300.0,14103.5712890625,3999200.0
2017-07-25,28050.0,28900.0,28025.0,28900.0,14402.587890625,3281200.0
2017-07-26,28900.0,28900.0,28500.0,28850.0,14377.6708984375,1874300.0
2017-07-27,28900.0,29000.0,28825.0,28950.0,14427.5029296875,2014100.0
2017-07-28,29525.0,29575.0,29225.0,29350.0,14626.84765625,4231600.0
2017-07-31,29500.0,30200.0,29350.0,30100.0,15000.6162109375,4072600.0
2017-08-01,30300.0,30900.0,30300.0,30500.0,15199.9619140625,4369700.0
2017-08-02,30400.0,30500.0,29525.0,30400.0,15150.1279296875,1767100.0
2017-08-03,30000.0,30000.0,29200.0,29200.0,14552.09375,1957900.0
2017-08-04,29250.0,29725.0,28850.0,29200.0,14552.09375,2089400.0
2017-08-07,29300.0,29375.0,28500.0,28700.0,14302.916015625,1248100.0
2017-08-08,28975.0,29275.0,28850.0,29200.0,14552.09375,2652000.0
2017-08-09,29300.0,29825.0,29000.0,29825.0,14863.568359375,2673100.0
2017-08-10,29750.0,30525.0,29500.0,30425.0,15162.5830078125,1343300.0
2017-08-11,30200.0,30300.0,29575.0,29600.0,14751.4384765625,2169400.0
2017-08-14,29600.0,30000.0,29575.0,29900.0,14900.9453125,1882400.0
2017-08-15,29550.0,30200.0,29500.0,30175.0,15037.9921875,2296400.0
2017-08-16,30175.0,30275.0,29625.0,29975.0,14938.322265625,1982600.0
2017-08-17,29975.0,29975.0,29975.0,29975.0,14938.322265625,0.0
2017-08-18,29900.0,30150.0,29000.0,29475.0,14689.1435546875,3902600.0
2017-08-21,29650.0,29650.0,28750.0,28900.0,14402.587890625,2335600.0
2017-08-22,29050.0,29600.0,29050.0,29550.0,14726.51953125,3101100.0
2017-08-23,29700.0,29700.0,29425.0,29500.0,14701.6015625,1259100.0
2017-08-24,29700.0,30500.0,29600.0,30475.0,15187.5048828125,6593600.0
2017-08-25,30375.0,30700.0,29925.0,30350.0,15125.2080078125,1612800.0
2017-08-28,30600.0,31000.0,30200.0,30600.0,15249.7998046875,2128600.0
2017-08-29,30850.0,30850.0,30350.0,30600.0,15249.7998046875,1796700.0
2017-08-30,30400.0,30600.0,29975.0,30300.0,15100.2890625,2802300.0
2017-08-31,30450.0,30450.0,29875.0,30300.0,15100.2890625,2476100.0
2017-09-01,30300.0,30300.0,30300.0,30300.0,15100.2890625,0.0
2017-09-04,30400.0,30425.0,29500.0,29700.0,14801.275390625,1700500.0
2017-09-05,29850.0,30400.0,29700.0,30400.0,15150.1279296875,1883100.0
2017-09-06,30200.0,30325.0,30125.0,30325.0,15112.7509765625,1570400.0
2017-09-07,30500.0,31975.0,30375.0,31975.0,15935.041015625,2987500.0
2017-09-08,31900.0,31900.0,31575.0,31600.0,15748.1552734375,1526400.0
2017-09-11,31950.0,31950.0,31575.0,31850.0,15872.7451171875,1374400.0
2017-09-12,31850.0,31850.0,31550.0,31600.0,15748.1552734375,1622100.0
2017-09-13,31275.0,31600.0,29700.0,30375.0,15137.666015625,2398000.0
2017-09-14,30375.0,30625.0,29975.0,30000.0,14950.78125,2834100.0
2017-09-15,30250.0,31050.0,29850.0,31050.0,15474.05859375,3295600.0
2017-09-18,31050.0,31100.0,30475.0,30700.0,15299.6328125,1340600.0
2017-09-19,30800.0,31400.0,30450.0,31100.0,15498.9765625,3609900.0
2017-09-20,31900.0,32200.0,31250.0,31975.0,15935.041015625,3066300.0
2017-09-21,31975.0,31975.0,31975.0,31975.0,15935.041015625,0.0
2017-09-22,31975.0,32275.0,30675.0,30675.0,15287.177734375,3418000.0
2017-09-25,30675.0,30950.0,29925.0,30275.0,15087.830078125,1337300.0
2017-09-26,30500.0,31650.0,30425.0,31000.0,15449.1416015625,4945700.0
2017-09-27,31300.0,31450.0,30075.0,30425.0,15162.5830078125,1917100.0
2017-09-28,30425.0,31900.0,30425.0,31400.0,15648.482421875,2743300.0
2017-09-29,30800.0,32400.0,30800.0,32000.0,15947.498046875,2358900.0
2017-10-02,32100.0,32550.0,31800.0,32100.0,15997.3388671875,819300.0
2017-10-03,32700.0,33700.0,32200.0,33000.0,16445.861328125,3820000.0
2017-10-04,33300.0,34250.0,33000.0,33550.0,16719.958984375,2277300.0
2017-10-05,33200.0,33200.0,32050.0,32175.0,16034.7138671875,3802800.0
2017-10-06,32400.0,32750.0,32175.0,32525.0,16352.4619140625,2458200.0
2017-10-09,32500.0,33150.0,32375.0,33125.0,16654.12109375,2826500.0
2017-10-10,33200.0,34250.0,32825.0,34250.0,17219.732421875,3431000.0
2017-10-11,34000.0,34300.0,33875.0,34250.0,17219.732421875,2490700.0
2017-10-12,34250.0,35500.0,33875.0,34700.0,17445.9765625,3660900.0
2017-10-13,34500.0,34775.0,33900.0,34250.0,17219.732421875,2288100.0
2017-10-16,34300.0,35400.0,34100.0,34450.0,17320.28515625,3401900.0
2017-10-17,35050.0,35350.0,34025.0,34025.0,17106.61328125,2932300.0
2017-10-18,34300.0,34900.0,34025.0,34900.0,17546.529296875,2916100.0
2017-10-19,35000.0,35000.0,34350.0,34350.0,17270.01171875,1445500.0
2017-10-20,34500.0,34550.0,33000.0,33000.0,16591.27734375,4100300.0
2017-10-23,33250.0,33325.0,32150.0,32150.0,16163.92578125,3941500.0
2017-10-24,32150.0,32450.0,32050.0,32050.0,16113.6494140625,3892900.0
2017-10-25,32300.0,35500.0,32200.0,34950.0,17571.669921875,13271000.0
2017-10-26,35450.0,35800.0,33300.0,33300.0,16742.103515625,2928300.0
2017-10-27,33650.0,34850.0,32600.0,32675.0,16427.876953125,4714200.0
2017-10-30,33025.0,34100.0,33025.0,34100.0,17144.31640625,3462400.0
2017-10-31,34900.0,34900.0,33750.0,34675.0,17433.41015625,3395600.0
2017-11-01,35000.0,36325.0,34950.0,36250.0,18225.265625,3805900.0
2017-11-02,36500.0,37250.0,35200.0,35500.0,17848.189453125,3977800.0
2017-11-03,35975.0,35975.0,34825.0,35300.0,17747.640625,3162600.0
2017-11-06,34850.0,35450.0,34850.0,35300.0,17747.640625,2348200.0
2017-11-07,35300.0,35900.0,35250.0,35775.0,17986.453125,2226400.0
2017-11-08,35300.0,35475.0,34000.0,34250.0,17219.732421875,4843900.0
2017-11-09,34250.0,34625.0,33850.0,34100.0,17144.31640625,2870000.0
2017-11-10,33700.0,33750.0,32700.0,32725.0,16453.013671875,7483700.0
2017-11-13,32900.0,33300.0,32700.0,32875.0,16528.4296875,3641700.0
2017-11-14,33000.0,33675.0,33000.0,33525.0,16855.23046875,4382300.0
2017-11-15,33525.0,33675.0,32625.0,32700.0,16440.4453125,4466200.0
2017-11-16,32675.0,33400.0,32625.0,33200.0,16691.83203125,3912600.0
2017-11-17,33025.0,33525.0,33025.0,33075.0,16628.984375,2203100.0
2017-11-20,33425.0,33425.0,32200.0,32200.0,16189.060546875,2471800.0
2017-11-21,32300.0,32675.0,31100.0,31575.0,15874.833984375,5891400.0
2017-11-22,31625.0,32500.0,31450.0,32500.0,16339.8916015625,4968400.0
2017-11-23,32600.0,32700.0,32125.0,32375.0,16277.046875,1987100.0
2017-11-24,32375.0,32500.0,31575.0,31800.0,15987.955078125,3862400.0
2017-11-27,31700.0,31800.0,30775.0,31800.0,15987.955078125,5627500.0
2017-11-28,31600.0,32400.0,31000.0,32400.0,16289.6171875,6320700.0
2017-11-29,32700.0,33900.0,32425.0,33900.0,17043.763671875,7945000.0
2017-11-30,33650.0,33900.0,33000.0,33500.0,16842.66015625,12002400.0
2017-12-01,33500.0,33500.0,33500.0,33500.0,16842.66015625,0.0
2017-12-04,33500.0,33700.0,32075.0,33000.0,16591.27734375,8148300.0
2017-12-05,33000.0,33300.0,32600.0,32725.0,16453.013671875,2630500.0
2017-12-06,32800.0,32850.0,32500.0,32675.0,16427.876953125,3293800.0
2017-12-07,32700.0,33050.0,32675.0,33000.0,16591.27734375,1866100.0
2017-12-08,33100.0,33200.0,32700.0,32900.0,16540.99609375,2103900.0
2017-12-11,33000.0,33000.0,32450.0,32450.0,16314.751953125,2722900.0
2017-12-12,32050.0,32200.0,31700.0,32000.0,16088.5126953125,3374200.0
2017-12-13,32300.0,33225.0,32275.0,33100.0,16641.552734375,3121700.0
2017-12-14,33250.0,33375.0,32450.0,33375.0,16779.8125,4108500.0
2017-12-15,32900.0,33125.0,32600.0,33050.0,16616.412109375,4817500.0
2017-12-18,32800.0,33100.0,32650.0,33100.0,16641.552734375,3729900.0
2017-12-19,32900.0,33400.0,32825.0,33400.0,16792.3828125,3238100.0
2017-12-20,33200.0,33400.0,32700.0,32825.0,16503.291015625,4739800.0
2017-12-21,32975.0,33900.0,32950.0,33725.0,16955.779296875,3595200.0
2017-12-22,33750.0,34450.0,33750.0,34250.0,17219.732421875,3316500.0
2017-12-25,34250.0,34250.0,34250.0,34250.0,17219.732421875,0.0
2017-12-26,34250.0,34250.0,34250.0,34250.0,17219.732421875,0.0
2017-12-27,34250.0,34700.0,34225.0,34575.0,17383.126953125,2081000.0
2017-12-28,34575.0,34600.0,34225.0,34600.0,17395.701171875,2636700.0
2017-12-29,34600.0,35400.0,34575.0,35400.0,17797.91015625,4163100.0
2018-01-01,35400.0,35400.0,35400.0,35400.0,17797.91015625,0.0
2018-01-02,35400.0,35400.0,34100.0,34150.0,17169.45703125,3701100.0
2018-01-03,34025.0,34100.0,32800.0,33075.0,16628.984375,4653700.0
2018-01-04,33500.0,34000.0,33125.0,34000.0,17094.04296875,3575000.0
2018-01-05,33750.0,35425.0,33750.0,35425.0,17810.484375,4634300.0
2018-01-08,35175.0,35800.0,35000.0,35700.0,17948.744140625,3940600.0
2018-01-09,35725.0,35975.0,35600.0,35900.0,18049.29296875,4383400.0
2018-01-10,36000.0,37200.0,35950.0,36900.0,18552.060546875,6453100.0
2018-01-11,36900.0,37375.0,36500.0,36850.0,18526.923828125,2396300.0
2018-01-12,36500.0,37225.0,36450.0,37025.0,18614.90625,3433800.0
2018-01-15,37350.0,37350.0,36875.0,37175.0,18690.32421875,1136200.0
2018-01-16,37200.0,37500.0,37150.0,37325.0,18765.734375,2647900.0
2018-01-17,37300.0,37700.0,36850.0,37700.0,18954.2734375,2001200.0
2018-01-18,37400.0,37775.0,37000.0,37200.0,18702.892578125,3381800.0
2018-01-19,37000.0,37600.0,36725.0,37400.0,18803.447265625,2977200.0
2018-01-22,37400.0,39400.0,37100.0,38525.0,19369.056640625,4824300.0
2018-01-23,38975.0,40450.0,38400.0,40425.0,20324.314453125,3718900.0
2018-01-24,40425.0,40500.0,39300.0,40000.0,20110.638671875,3453800.0
2018-01-25,40100.0,40325.0,39950.0,39975.0,20098.0703125,4421800.0
2018-01-26,39675.0,40000.0,39400.0,39650.0,19934.666015625,1423100.0
2018-01-29,39650.0,39925.0,39200.0,39800.0,20010.080078125,3433100.0
2018-01-30,39200.0,39350.0,38125.0,38500.0,19356.48828125,4643000.0
2018-01-31,38450.0,39425.0,38200.0,38900.0,19557.59375,5412800.0
2018-02-01,38900.0,39275.0,38800.0,38800.0,19507.31640625,5041300.0
2018-02-02,39425.0,39625.0,39000.0,39200.0,19708.423828125,2976300.0
2018-02-05,38400.0,39700.0,37525.0,38575.0,19394.193359375,2146900.0
2018-02-06,37775.0,38325.0,37500.0,37700.0,18954.2734375,6184000.0
2018-02-07,38325.0,39600.0,38325.0,38500.0,19356.48828125,3638900.0
2018-02-08,38500.0,38825.0,38350.0,38750.0,19482.181640625,2823500.0
2018-02-09,38500.0,38600.0,37900.0,38600.0,19406.763671875,4363200.0
2018-02-12,38000.0,38000.0,37200.0,37650.0,18929.134765625,3180000.0
2018-02-13,37750.0,38000.0,37625.0,37650.0,18929.134765625,2944500.0
2018-02-14,37700.0,38075.0,37625.0,37725.0,18966.845703125,1144800.0
2018-02-15,38100.0,38200.0,37725.0,37750.0,18979.4140625,1369100.0
2018-02-16,37750.0,37750.0,37750.0,37750.0,18979.4140625,0.0
2018-02-19,38000.0,38350.0,38000.0,38200.0,19205.66015625,2193100.0
2018-02-20,38125.0,38200.0,37325.0,37350.0,18778.306640625,2466000.0
2018-02-21,37350.0,37850.0,36325.0,37000.0,18602.33984375,4768900.0
2018-02-22,36900.0,36900.0,35825.0,35875.0,18036.728515625,5752300.0
2018-02-23,36000.0,37175.0,36000.0,37000.0,18602.33984375,6904400.0
2018-02-26,37100.0,37250.0,36400.0,36600.0,18401.232421875,2592800.0
2018-02-27,36600.0,37000.0,36550.0,36600.0,18401.232421875,5791300.0
2018-02-28,36500.0,36500.0,34850.0,35600.0,17898.46484375,11188100.0
2018-03-01,35700.0,37000.0,35250.0,36525.0,18363.525390625,4192900.0
2018-03-02,36525.0,36550.0,35500.0,35700.0,17948.744140625,3938800.0
2018-03-05,36000.0,36000.0,35100.0,35175.0,17684.791015625,3868800.0
2018-03-06,35600.0,36125.0,35600.0,36075.0,18137.279296875,3056000.0
2018-03-07,36175.0,36225.0,34675.0,34900.0,17546.529296875,5016000.0
2018-03-08,35500.0,36475.0,34900.0,35975.0,18087.00390625,3678200.0
2018-03-09,36450.0,36500.0,35225.0,36225.0,18212.693359375,3419400.0
2018-03-12,36250.0,36500.0,35925.0,36450.0,18325.8203125,3581400.0
2018-03-13,36650.0,36650.0,35200.0,35200.0,17697.359375,5234000.0
2018-03-14,35600.0,35700.0,33500.0,33700.0,16943.212890625,5887300.0
2018-03-15,33400.0,34075.0,32900.0,33700.0,16943.212890625,4890200.0
2018-03-16,33500.0,33500.0,32550.0,32575.0,16377.6005859375,9680100.0
2018-03-19,32700.0,32800.0,32350.0,32500.0,16339.8916015625,4637100.0
2018-03-20,32800.0,33000.0,31875.0,32050.0,16113.6494140625,6216200.0
2018-03-21,32500.0,32800.0,32275.0,32400.0,16289.6171875,7086900.0
2018-03-22,32650.0,33075.0,32475.0,32700.0,16440.4453125,7281900.0
2018-03-23,31200.0,32050.0,31200.0,32000.0,16088.5126953125,5236000.0
2018-03-26,32000.0,32100.0,31400.0,32000.0,16088.5126953125,4856600.0
2018-03-27,32800.0,33000.0,31125.0,32000.0,16088.5126953125,11980400.0
2018-03-28,31950.0,32100.0,31700.0,31800.0,15987.955078125,6610900.0
2018-03-29,31800.0,32550.0,31050.0,32000.0,16088.5126953125,6935200.0
2018-03-30,32000.0,32000.0,32000.0,32000.0,16088.5126953125,0.0
2018-04-02,32000.0,32700.0,31875.0,32150.0,16163.92578125,6218400.0
2018-04-03,32100.0,32575.0,31850.0,32100.0,16138.787109375,4916600.0
2018-04-04,32100.0,32350.0,31850.0,32000.0,16088.5126953125,5458800.0
2018-04-05,32450.0,32475.0,31925.0,32200.0,16189.060546875,5128300.0
2018-04-06,32300.0,32400.0,32025.0,32200.0,16189.060546875,3010900.0
2018-04-09,32475.0,34475.0,32475.0,34475.0,17332.857421875,3632400.0
2018-04-10,34475.0,35650.0,33600.0,35650.0,17923.607421875,4591000.0
2018-04-11,36000.0,36100.0,34900.0,35575.0,17885.89453125,6352700.0
2018-04-12,35575.0,35825.0,35000.0,35200.0,17697.359375,3356300.0
2018-04-13,35500.0,35525.0,35075.0,35100.0,17647.08203125,2276600.0
2018-04-16,35100.0,35100.0,35100.0,35100.0,17647.08203125,0.0
2018-04-17,35100.0,35100.0,35100.0,35100.0,17647.08203125,0.0
2018-04-18,37000.0,37500.0,36325.0,36800.0,18501.7890625,4157000.0
2018-04-19,36800.0,36800.0,36800.0,36800.0,18501.7890625,0.0
2018-04-20,36800.0,36800.0,36800.0,36800.0,18501.7890625,0.0
2018-04-23,36975.0,37650.0,36225.0,37600.0,18903.998046875,3483600.0
2018-04-24,37550.0,38000.0,36900.0,37900.0,19369.5859375,5784000.0
2018-04-25,37900.0,37900.0,37900.0,37900.0,19369.5859375,0.0
2018-04-26,37900.0,37900.0,37900.0,37900.0,19369.5859375,0.0
2018-04-27,37900.0,37900.0,37900.0,37900.0,19369.5859375,0.0
2018-04-30,34350.0,34425.0,33625.0,34100.0,17427.515625,4826900.0
2018-05-01,34100.0,34100.0,34100.0,34100.0,17427.515625,0.0
2018-05-02,34300.0,34350.0,33100.0,33250.0,16993.10546875,8025300.0
2018-05-03,33500.0,34275.0,31650.0,33500.0,17120.875,8281800.0
2018-05-04,33500.0,33950.0,32825.0,33625.0,17184.76171875,4111600.0
2018-05-07,33875.0,33875.0,32750.0,32800.0,16763.125,3317900.0
2018-05-08,33050.0,33100.0,32000.0,32250.0,16482.03515625,3527300.0
2018-05-09,31700.0,33900.0,31700.0,33075.0,16903.669921875,5852600.0
2018-05-10,33075.0,33075.0,33075.0,33075.0,16903.669921875,0.0
2018-05-11,34000.0,35900.0,33700.0,35375.0,18079.130859375,4062700.0
2018-05-14,35400.0,35800.0,34450.0,35800.0,18296.3359375,2822000.0
2018-05-15,35775.0,35800.0,34625.0,34700.0,17734.15625,3683100.0
2018-05-16,34400.0,35400.0,34400.0,34775.0,17772.48828125,4196800.0
2018-05-17,35350.0,36925.0,35200.0,36275.0,18539.09375,6578700.0
2018-05-18,35925.0,36400.0,35500.0,35825.0,18309.11328125,3655900.0
2018-05-21,35875.0,35950.0,35025.0,35300.0,18040.802734375,2287700.0
2018-05-22,35450.0,36400.0,35450.0,35975.0,18385.7734375,3988000.0
2018-05-23,35500.0,36625.0,35500.0,36425.0,18615.75390625,4455300.0
2018-05-24,36900.0,37200.0,36450.0,36950.0,18884.0703125,3442300.0
2018-05-25,37000.0,38200.0,36925.0,37500.0,19165.15625,4872400.0
2018-05-28,37500.0,37500.0,36100.0,36100.0,18449.662109375,3277700.0
2018-05-29,36100.0,36100.0,36100.0,36100.0,18449.662109375,0.0
2018-05-30,36450.0,37200.0,36350.0,36800.0,18807.408203125,5440900.0
2018-05-31,37100.0,37100.0,34650.0,35050.0,17913.033203125,13378000.0
2018-06-01,35050.0,35050.0,35050.0,35050.0,17913.033203125,0.0
2018-06-04,35000.0,36025.0,35000.0,35750.0,18270.78125,6071300.0
2018-06-05,36075.0,36500.0,35725.0,36500.0,18654.0859375,2202600.0
2018-06-06,36300.0,36300.0,35225.0,35475.0,18130.23828125,3833800.0
2018-06-07,35500.0,36300.0,35475.0,36175.0,18487.98828125,2930900.0
2018-06-08,36150.0,36150.0,34800.0,34800.0,17785.265625,6516600.0
2018-06-11,34800.0,34800.0,34800.0,34800.0,17785.265625,0.0
2018-06-12,34800.0,34800.0,34800.0,34800.0,17785.265625,0.0
2018-06-13,34800.0,34800.0,34800.0,34800.0,17785.265625,0.0
2018-06-14,34800.0,34800.0,34800.0,34800.0,17785.265625,0.0
2018-06-15,34800.0,34800.0,34800.0,34800.0,17785.265625,0.0
2018-06-18,34800.0,34800.0,34800.0,34800.0,17785.265625,0.0
2018-06-19,34800.0,34800.0,34800.0,34800.0,17785.265625,0.0
2018-06-20,33800.0,33800.0,33000.0,33500.0,17120.875,9462200.0
2018-06-21,33225.0,33750.0,33050.0,33375.0,17056.990234375,3582300.0
2018-06-22,33375.0,33700.0,32800.0,32975.0,16852.560546875,3590000.0
2018-06-25,32975.0,33850.0,32100.0,32800.0,16763.125,4417200.0
2018-06-26,32600.0,32850.0,32125.0,32525.0,16622.578125,3643100.0
2018-06-27,32525.0,32925.0,32125.0,32200.0,16456.482421875,3520900.0
2018-06-28,32800.0,33175.0,31175.0,31225.0,15958.185546875,4537600.0
2018-06-29,31000.0,32050.0,31000.0,31600.0,16149.83984375,5302200.0
2018-07-02,31725.0,32700.0,31725.0,32400.0,16558.697265625,2911800.0
2018-07-03,32600.0,32700.0,31425.0,31900.0,16303.16015625,2393400.0
2018-07-04,31800.0,32500.0,31150.0,32100.0,16405.373046875,1820700.0
2018-07-05,32450.0,33425.0,32200.0,33250.0,16993.10546875,3103900.0
2018-07-06,33550.0,33750.0,33400.0,33575.0,17159.203125,2748500.0
2018-07-09,34000.0,34000.0,32550.0,32600.0,16660.91015625,3669500.0
2018-07-10,33150.0,33400.0,33075.0,33400.0,17069.767578125,2081100.0
2018-07-11,33300.0,33300.0,32500.0,32800.0,16763.125,2381100.0
2018-07-12,32300.0,33050.0,32000.0,32000.0,16354.2646484375,4513800.0
2018-07-13,32375.0,33325.0,32350.0,33050.0,16890.88671875,4970000.0
2018-07-16,33050.0,33350.0,32550.0,33300.0,17018.66015625,3413300.0
2018-07-17,33500.0,33500.0,32725.0,32800.0,16763.125,3303700.0
2018-07-18,32500.0,33100.0,32500.0,33000.0,16865.337890625,3519100.0
2018-07-19,32700.0,33175.0,32700.0,32975.0,16852.560546875,3041600.0
2018-07-20,32700.0,32775.0,32300.0,32300.0,16507.587890625,1889500.0
2018-07-23,32300.0,33000.0,32300.0,33000.0,16865.337890625,2442500.0
2018-07-24,33000.0,33400.0,32900.0,32900.0,16814.232421875,3004900.0
2018-07-25,33100.0,34625.0,33100.0,34550.0,17657.498046875,5272100.0
2018-07-26,34700.0,35075.0,34475.0,34925.0,17849.1484375,3532500.0
2018-07-27,35600.0,35650.0,34900.0,35400.0,18091.904296875,5408800.0
2018-07-30,35650.0,36075.0,35475.0,35925.0,18360.21875,4718100.0
2018-07-31,35675.0,35725.0,35050.0,35250.0,18015.244140625,3514000.0
2018-08-01,35250.0,36100.0,35225.0,35975.0,18385.7734375,3440700.0
2018-08-02,35950.0,35950.0,35325.0,35525.0,18155.791015625,3156600.0
2018-08-03,34950.0,35450.0,34025.0,34900.0,17836.37109375,4863900.0
2018-08-06,34900.0,35975.0,34900.0,35800.0,18296.3359375,2223200.0
2018-08-07,35750.0,35975.0,35225.0,35975.0,18385.7734375,3216400.0
2018-08-08,36500.0,37450.0,35725.0,36025.0,18411.326171875,3685900.0
2018-08-09,36350.0,37175.0,36025.0,36600.0,18705.1953125,5321200.0
2018-08-10,36625.0,36850.0,35800.0,36275.0,18539.09375,4337700.0
2018-08-13,35450.0,35450.0,34275.0,34500.0,17631.943359375,4857200.0
2018-08-14,34200.0,34775.0,33450.0,34050.0,17401.9609375,5820700.0
2018-08-15,34075.0,34550.0,33000.0,34000.0,17376.408203125,4201200.0
2018-08-16,33525.0,33800.0,32650.0,33400.0,17069.767578125,5146700.0
2018-08-17,33400.0,33400.0,33400.0,33400.0,17069.767578125,0.0
2018-08-20,33600.0,35100.0,33600.0,34975.0,17874.703125,4471400.0
2018-08-21,34750.0,35050.0,34200.0,34675.0,17721.384765625,4130000.0
2018-08-22,34675.0,34675.0,34675.0,34675.0,17721.384765625,0.0
2018-08-23,35000.0,35500.0,34350.0,35000.0,17887.478515625,5691400.0
2018-08-24,35000.0,35000.0,33800.0,34200.0,17478.62109375,3001200.0
2018-08-27,34500.0,35075.0,34375.0,34925.0,17849.1484375,2461400.0
2018-08-28,35000.0,35300.0,34325.0,34400.0,17580.837890625,2454000.0
2018-08-29,34250.0,35350.0,34250.0,35000.0,17887.478515625,3114100.0
2018-08-30,35000.0,35075.0,34250.0,34450.0,17606.388671875,2462200.0
2018-08-31,34050.0,34400.0,33700.0,34400.0,17580.837890625,4819400.0
2018-09-03,34450.0,34500.0,34000.0,34100.0,17427.515625,2082300.0
2018-09-04,33800.0,34100.0,33500.0,33500.0,17120.875,1926800.0
2018-09-05,33250.0,33250.0,31375.0,32450.0,16584.248046875,6227000.0
2018-09-06,31850.0,33200.0,31750.0,33000.0,16865.337890625,5969000.0
2018-09-07,32875.0,33475.0,32800.0,33125.0,16929.220703125,5009400.0
2018-09-10,32950.0,33000.0,32500.0,32700.0,16712.017578125,2593100.0
2018-09-11,32700.0,32700.0,32700.0,32700.0,16712.017578125,0.0
2018-09-12,32700.0,33250.0,32125.0,32125.0,16418.1484375,4244400.0
2018-09-13,32300.0,32975.0,32175.0,32200.0,16456.482421875,2557100.0
2018-09-14,32300.0,33225.0,32300.0,32875.0,16801.453125,2471300.0
2018-09-17,32725.0,32725.0,31900.0,32150.0,16430.9296875,1886800.0
2018-09-18,32150.0,32150.0,31525.0,31975.0,16341.4921875,4403200.0
2018-09-19,32000.0,32500.0,32000.0,32300.0,16507.587890625,2135800.0
2018-09-20,32250.0,33225.0,32100.0,32800.0,16763.125,5518800.0
2018-09-21,33175.0,33325.0,32500.0,33300.0,17018.66015625,4170000.0
2018-09-24,33300.0,33800.0,32450.0,32450.0,16584.248046875,4129900.0
2018-09-25,32450.0,32775.0,32000.0,32150.0,16430.9296875,1389500.0
2018-09-26,32075.0,32075.0,31050.0,31125.0,15907.0810546875,12810400.0
2018-09-27,31400.0,32275.0,31375.0,32175.0,16443.70703125,6537100.0
2018-09-28,32500.0,33000.0,32275.0,33000.0,16865.337890625,5318100.0
2018-10-01,33075.0,33400.0,32500.0,32775.0,16750.345703125,3426300.0
2018-10-02,32775.0,32800.0,32000.0,32425.0,16571.470703125,4463700.0
2018-10-03,32175.0,32550.0,32025.0,32500.0,16609.80078125,1858200.0
2018-10-04,32150.0,32175.0,31800.0,31925.0,16315.9365234375,4589100.0
2018-10-05,31825.0,32700.0,31750.0,32600.0,16853.59765625,3231500.0
2018-10-08,32550.0,32750.0,32050.0,32075.0,16582.18359375,3421100.0
2018-10-09,32250.0,32250.0,31700.0,32000.0,16543.408203125,3758900.0
2018-10-10,32100.0,32400.0,31500.0,32300.0,16698.501953125,4090600.0
2018-10-11,31750.0,31925.0,31400.0,31400.0,16233.2216796875,4759200.0
2018-10-12,31325.0,32125.0,31300.0,31675.0,16375.392578125,3124700.0
2018-10-15,31775.0,31975.0,31225.0,31450.0,16259.0693359375,1603500.0
2018-10-16,31675.0,31750.0,31000.0,31750.0,16414.1640625,2977600.0
2018-10-17,32150.0,32150.0,31600.0,32000.0,16543.408203125,2986200.0
2018-10-18,31800.0,31925.0,31625.0,31925.0,16504.634765625,1920700.0
2018-10-19,31925.0,32750.0,31850.0,32400.0,16750.201171875,5989800.0
2018-10-22,32475.0,32600.0,32050.0,32375.0,16737.27734375,2009400.0
2018-10-23,32375.0,32375.0,32050.0,32125.0,16608.03125,3119900.0
2018-10-24,31800.0,32625.0,31800.0,31800.0,16440.013671875,2845500.0
2018-10-25,31250.0,32650.0,31250.0,32050.0,16569.2578125,4070000.0
2018-10-26,32200.0,33475.0,32175.0,33400.0,17267.181640625,5448600.0
2018-10-29,33900.0,34000.0,32300.0,32500.0,16801.896484375,4767100.0
2018-10-30,32800.0,32900.0,32025.0,32700.0,16905.294921875,2092300.0
2018-10-31,32975.0,33500.0,32250.0,33500.0,17318.87890625,4742900.0
2018-11-01,33500.0,33875.0,33425.0,33475.0,17305.953125,3323300.0
2018-11-02,33725.0,33750.0,32675.0,32875.0,16995.767578125,3789400.0
2018-11-05,32800.0,33250.0,32400.0,32650.0,16879.447265625,3157100.0
2018-11-06,32900.0,33875.0,32900.0,33500.0,17318.87890625,7406500.0
2018-11-07,33800.0,34225.0,33675.0,33975.0,17564.4453125,5192000.0
2018-11-08,34500.0,34850.0,34175.0,34750.0,17965.109375,5221600.0
2018-11-09,34775.0,35025.0,34625.0,34900.0,18042.654296875,5667200.0
2018-11-12,35050.0,35050.0,33075.0,33075.0,17099.162109375,3687400.0
2018-11-13,32825.0,34975.0,32750.0,34900.0,18042.654296875,4963400.0
2018-11-14,34900.0,34975.0,34150.0,34500.0,17835.861328125,2663800.0
2018-11-15,34750.0,35150.0,34450.0,35075.0,18133.126953125,4595000.0
2018-11-16,35200.0,35525.0,34500.0,34800.0,17990.955078125,3757000.0
2018-11-19,34800.0,34875.0,34000.0,34400.0,17784.1640625,3882000.0
2018-11-20,34400.0,34400.0,34400.0,34400.0,17784.1640625,0.0
2018-11-21,33650.0,34525.0,31250.0,31950.0,16517.55859375,14320300.0
2018-11-22,32075.0,32500.0,31400.0,31800.0,16440.013671875,7385000.0
2018-11-23,32100.0,32150.0,31775.0,31850.0,16465.86328125,3206500.0
2018-11-26,31850.0,32000.0,30425.0,30675.0,15858.408203125,8689400.0
2018-11-27,30775.0,30825.0,29825.0,29950.0,15483.59765625,8298700.0
2018-11-28,29950.0,30000.0,28950.0,29000.0,14992.4638671875,15486000.0
2018-11-29,29200.0,29825.0,28725.0,29350.0,15173.4052734375,10576800.0
2018-11-30,29200.0,29350.0,27350.0,27500.0,14216.9921875,22953100.0
2018-12-03,28000.0,28625.0,27525.0,28600.0,14785.669921875,12880400.0
2018-12-04,28800.0,29975.0,28800.0,29825.0,15418.9755859375,13490300.0
2018-12-05,29800.0,30275.0,29350.0,29725.0,15367.2763671875,7654500.0
2018-12-06,29225.0,29375.0,28900.0,29000.0,14992.4638671875,6047300.0
2018-12-07,29025.0,29525.0,28875.0,29375.0,15186.3330078125,4639900.0
2018-12-10,29750.0,29750.0,28675.0,29750.0,15380.1982421875,3257800.0
2018-12-11,29750.0,29750.0,29075.0,29075.0,15031.2412109375,5433300.0
2018-12-12,29325.0,29700.0,29150.0,29300.0,15147.560546875,3944600.0
2018-12-13,29300.0,30075.0,29250.0,29300.0,15147.560546875,6994000.0
2018-12-14,29500.0,29600.0,29350.0,29425.0,15212.1826171875,3879100.0
2018-12-17,29425.0,29525.0,28625.0,28700.0,14837.37109375,5400100.0
2018-12-18,28550.0,29125.0,28400.0,29125.0,15057.0859375,4702100.0
2018-12-19,29300.0,29400.0,28500.0,28650.0,14811.5205078125,7848000.0
2018-12-20,28650.0,28925.0,28600.0,28825.0,14901.9912109375,2936200.0
2018-12-21,28500.0,28775.0,27950.0,27950.0,14449.6328125,9103000.0
2018-12-24,27950.0,27950.0,27950.0,27950.0,14449.6328125,0.0
2018-12-25,27950.0,27950.0,27950.0,27950.0,14449.6328125,0.0
2018-12-26,27850.0,27875.0,27000.0,27150.0,14036.0478515625,5822200.0
2018-12-27,27600.0,28025.0,27300.0,27600.0,14268.6923828125,4325500.0
2018-12-28,27600.0,27800.0,27200.0,27350.0,14139.4443359375,4792900.0
2018-12-31,27350.0,27350.0,27350.0,27350.0,14139.4443359375,0.0
2019-01-01,27350.0,27350.0,27350.0,27350.0,14139.4443359375,0.0
2019-01-02,27350.0,27650.0,27150.0,27325.0,14126.5185546875,2171300.0
2019-01-03,27400.0,27650.0,27300.0,27575.0,14255.7646484375,3808500.0
2019-01-04,27350.0,29000.0,27225.0,29000.0,14992.4638671875,10285000.0
2019-01-07,29250.0,29525.0,27850.0,27975.0,14462.5595703125,8798500.0
2019-01-08,27975.0,28300.0,27500.0,27500.0,14216.9921875,7705000.0
2019-01-09,27650.0,28225.0,27650.0,28100.0,14527.1806640625,6158200.0
2019-01-10,28250.0,28350.0,27850.0,28225.0,14591.802734375,5070800.0
2019-01-11,28225.0,28375.0,27675.0,27800.0,14372.0859375,5194700.0
2019-01-14,27825.0,27825.0,25900.0,26000.0,13441.5205078125,26482100.0
2019-01-15,26200.0,26350.0,25525.0,25600.0,13234.728515625,15944400.0
2019-01-16,25700.0,26475.0,25700.0,26050.0,13467.3720703125,11915700.0
2019-01-17,26400.0,26925.0,26400.0,26850.0,13880.9541015625,11565800.0
2019-01-18,27000.0,27375.0,26650.0,26925.0,13919.7275390625,8409500.0
2019-01-21,27000.0,27100.0,26825.0,26850.0,13880.9541015625,4554600.0
2019-01-22,26800.0,26800.0,26025.0,26100.0,13493.2197265625,7655700.0
2019-01-23,26000.0,26875.0,25950.0,26600.0,13751.7080078125,8064900.0
2019-01-24,26600.0,26975.0,26600.0,26625.0,13764.6337890625,7398500.0
2019-01-25,26625.0,26750.0,26300.0,26425.0,13661.23828125,5235400.0
2019-01-28,26450.0,26700.0,26200.0,26300.0,13596.6162109375,4997900.0
2019-01-29,26150.0,26250.0,25625.0,25650.0,13260.5771484375,7912100.0
2019-01-30,25700.0,26150.0,25700.0,25900.0,13389.822265625,5626200.0
2019-01-31,26000.0,26475.0,25725.0,25725.0,13299.349609375,6894200.0
2019-02-01,25800.0,26275.0,25800.0,26100.0,13493.2197265625,6640100.0
2019-02-04,26100.0,26325.0,26000.0,26250.0,13570.7646484375,2984700.0
2019-02-05,26250.0,26250.0,26250.0,26250.0,13570.7646484375,0.0
2019-02-06,26350.0,26775.0,26150.0,26550.0,13725.8583984375,6970600.0
2019-02-07,26600.0,26700.0,26350.0,26500.0,13700.0087890625,3108700.0
2019-02-08,26400.0,26400.0,25650.0,25725.0,13299.349609375,7834600.0
2019-02-11,25725.0,25825.0,25175.0,25375.0,13118.408203125,4718800.0
2019-02-12,25600.0,25625.0,24800.0,24825.0,12834.0654296875,6522200.0
2019-02-13,24800.0,25500.0,24250.0,25250.0,13053.7841796875,9786900.0
2019-02-14,25250.0,25650.0,25250.0,25550.0,13208.876953125,4397800.0
2019-02-15,25400.0,25500.0,25000.0,25025.0,12937.4599609375,4390800.0
2019-02-18,25075.0,26225.0,25075.0,26150.0,13519.0654296875,5056100.0
2019-02-19,26150.0,26375.0,25750.0,26050.0,13467.3720703125,4604600.0
2019-02-20,26100.0,26350.0,25650.0,26000.0,13441.5205078125,6800300.0
2019-02-21,26000.0,26775.0,25700.0,26500.0,13700.0087890625,9458700.0
2019-02-22,26700.0,28000.0,26700.0,27950.0,14449.6328125,18676300.0
2019-02-25,27950.0,28000.0,27100.0,27250.0,14087.7470703125,7454800.0
2019-02-26,27250.0,27800.0,26875.0,27800.0,14372.0859375,6512700.0
2019-02-27,27800.0,27975.0,27500.0,27600.0,14268.6923828125,5308100.0
2019-02-28,27900.0,27975.0,26500.0,26500.0,13700.0087890625,10331600.0
2019-03-01,26350.0,26875.0,26300.0,26500.0,13700.0087890625,6359700.0
2019-03-04,26500.0,27600.0,26500.0,27500.0,14216.9921875,6371000.0
2019-03-05,27500.0,27500.0,26725.0,26875.0,13893.8759765625,3844500.0
2019-03-06,27000.0,27000.0,26325.0,26600.0,13751.7080078125,4641800.0
2019-03-07,26600.0,26600.0,26600.0,26600.0,13751.7080078125,0.0
2019-03-08,26100.0,26450.0,25750.0,26100.0,13493.2197265625,5062900.0
2019-03-11,26100.0,27000.0,26025.0,26900.0,13906.802734375,2654700.0
2019-03-12,26975.0,26975.0,26150.0,26150.0,13519.0654296875,2627900.0
2019-03-13,26000.0,26475.0,26000.0,26275.0,13583.69140625,2219000.0
2019-03-14,26000.0,26225.0,25950.0,26125.0,13506.142578125,4718700.0
2019-03-15,26075.0,26500.0,26050.0,26475.0,13687.0859375,1965800.0
2019-03-18,26100.0,26850.0,26100.0,26825.0,13868.03125,2629800.0
2019-03-19,27000.0,27500.0,26750.0,27500.0,14216.9921875,4598300.0
2019-03-20,27500.0,27875.0,27225.0,27800.0,14372.0859375,5890500.0
2019-03-21,27875.0,27875.0,27275.0,27700.0,14320.38671875,3804700.0
2019-03-22,27800.0,28000.0,27525.0,27950.0,14449.6328125,4411600.0
2019-03-25,27700.0,27700.0,27075.0,27100.0,14010.2001953125,4182700.0
2019-03-26,27500.0,27575.0,27175.0,27225.0,14074.8212890625,1910300.0
2019-03-27,27200.0,27400.0,26925.0,27250.0,14087.7470703125,2464400.0
2019-03-28,27200.0,27200.0,26550.0,27000.0,13958.5009765625,3347900.0
2019-03-29,27000.0,27125.0,26675.0,27000.0,13958.5009765625,2432500.0
2019-04-01,27300.0,27450.0,26900.0,27325.0,14126.5185546875,1441800.0
2019-04-02,27200.0,27300.0,26600.0,26700.0,13803.4052734375,4272600.0
2019-04-03,26700.0,26700.0,26700.0,26700.0,13803.4052734375,0.0
2019-04-04,26650.0,26850.0,26100.0,26500.0,13700.0087890625,5449400.0
2019-04-05,26750.0,26750.0,26250.0,26375.0,13635.3876953125,1643800.0
2019-04-08,26350.0,26600.0,25825.0,25900.0,13389.822265625,3209000.0
2019-04-09,26150.0,26400.0,26000.0,26400.0,13648.3115234375,2459400.0
2019-04-10,26100.0,26275.0,26000.0,26000.0,13441.5205078125,2554500.0
2019-04-11,26050.0,26150.0,25400.0,25450.0,13157.1787109375,2979600.0
2019-04-12,25450.0,25650.0,25450.0,25450.0,13157.1787109375,1941400.0
2019-04-15,25625.0,26075.0,25525.0,25950.0,13415.671875,2832600.0
2019-04-16,26200.0,26475.0,26000.0,26425.0,13661.23828125,4018500.0
2019-04-17,26425.0,26425.0,26425.0,26425.0,13661.23828125,0.0
2019-04-18,26950.0,26950.0,25950.0,26075.0,13480.294921875,7925900.0
2019-04-19,26075.0,26075.0,26075.0,26075.0,13480.294921875,0.0
2019-04-22,26075.0,26425.0,26000.0,26075.0,13480.294921875,2903800.0
2019-04-23,26300.0,27225.0,26175.0,27200.0,14061.8994140625,6435400.0
2019-04-24,27250.0,27600.0,27025.0,27550.0,14242.8408203125,5899100.0
2019-04-25,27650.0,27800.0,27500.0,27675.0,14307.462890625,5912500.0
2019-04-26,27675.0,27750.0,27225.0,27600.0,14268.6923828125,5135100.0
2019-04-29,27000.0,27100.0,26525.0,26950.0,14363.5595703125,3397700.0
2019-04-30,27000.0,27300.0,26850.0,27175.0,14483.4775390625,5218200.0
2019-05-01,27175.0,27175.0,27175.0,27175.0,14483.4775390625,0.0
2019-05-02,27300.0,27300.0,26550.0,26825.0,14296.939453125,3423400.0
2019-05-03,27100.0,27150.0,26500.0,26625.0,14190.3447265625,3051700.0
2019-05-06,26100.0,26925.0,26050.0,26925.0,14350.232421875,1808300.0
2019-05-07,26700.0,27275.0,26675.0,27150.0,14470.1513671875,3089200.0
2019-05-08,26925.0,27150.0,26700.0,27150.0,14470.1513671875,2552100.0
2019-05-09,26750.0,26900.0,25900.0,26100.0,13910.533203125,4661100.0
2019-05-10,26350.0,26475.0,25875.0,26250.0,13990.478515625,4656200.0
2019-05-13,26250.0,26500.0,25525.0,25525.0,13604.076171875,2829800.0
2019-05-14,25500.0,25850.0,25125.0,25525.0,13604.076171875,3282700.0
2019-05-15,25550.0,25800.0,25250.0,25350.0,13510.806640625,2983300.0
2019-05-16,25050.0,25350.0,24850.0,24850.0,13244.3203125,5102400.0
2019-05-17,24850.0,25300.0,24700.0,24825.0,13230.99609375,3766600.0
2019-05-20,24800.0,24825.0,24000.0,24500.0,13057.779296875,5965300.0
2019-05-21,24500.0,25200.0,24300.0,24725.0,13177.6982421875,6887900.0
2019-05-22,24600.0,24825.0,24350.0,24400.0,13004.484375,2156400.0
2019-05-23,24500.0,25600.0,24500.0,25550.0,13617.3994140625,3830600.0
2019-05-24,25550.0,25800.0,25100.0,25100.0,13377.5615234375,2608400.0
2019-05-27,25100.0,25375.0,24825.0,24850.0,13244.3203125,2645200.0
2019-05-28,25200.0,25200.0,24300.0,24300.0,12951.1845703125,8817600.0
2019-05-29,24300.0,25225.0,24300.0,24875.0,13257.642578125,3426400.0
2019-05-30,24875.0,24875.0,24875.0,24875.0,13257.642578125,0.0
2019-05-31,24900.0,25400.0,24900.0,25350.0,13510.806640625,4839900.0
2019-06-03,25350.0,25350.0,25350.0,25350.0,13510.806640625,0.0
2019-06-04,25350.0,25350.0,25350.0,25350.0,13510.806640625,0.0
2019-06-05,25350.0,25350.0,25350.0,25350.0,13510.806640625,0.0
2019-06-06,25350.0,25350.0,25350.0,25350.0,13510.806640625,0.0
2019-06-07,25350.0,25350.0,25350.0,25350.0,13510.806640625,0.0
2019-06-10,25000.0,26625.0,25000.0,26550.0,14150.3701171875,6816800.0
2019-06-11,26250.0,26950.0,26025.0,26700.0,14230.3173828125,6395700.0
2019-06-12,26200.0,26900.0,26200.0,26775.0,14270.2880859375,2917900.0
2019-06-13,26400.0,26950.0,26400.0,26750.0,14256.9638671875,3973100.0
2019-06-14,26550.0,26925.0,26550.0,26900.0,14336.91015625,4082700.0
2019-06-17,27000.0,27150.0,26850.0,27025.0,14403.533203125,4506600.0
2019-06-18,26900.0,27200.0,26875.0,27200.0,14496.8017578125,4145600.0
2019-06-20,27600.0,27650.0,27200.0,27500.0,14656.693359375,3490900.0
2019-06-21,27600.0,27600.0,26925.0,27450.0,14630.04296875,6968800.0
2019-06-24,27100.0,27575.0,27050.0,27450.0,14630.04296875,2413400.0
2019-06-25,27200.0,27875.0,27200.0,27800.0,14816.583984375,3467000.0
2019-06-26,27800.0,27900.0,27500.0,27800.0,14816.583984375,3420900.0
2019-06-27,27900.0,28100.0,27675.0,28075.0,14963.150390625,4111200.0
2019-06-28,28075.0,28225.0,27875.0,28200.0,15029.7705078125,3846000.0
2019-07-01,28300.0,28875.0,28250.0,28825.0,15362.8798828125,4724500.0
2019-07-02,28825.0,28900.0,28200.0,28475.0,15176.3408203125,3191700.0
2019-07-03,28475.0,28475.0,28125.0,28250.0,15056.421875,2440800.0
2019-07-04,28200.0,28225.0,27625.0,27700.0,14763.2861328125,3590500.0
2019-07-05,27875.0,28050.0,27800.0,28025.0,14936.5,3846200.0
2019-07-08,28000.0,28000.0,27250.0,27300.0,14550.0986328125,3328600.0
2019-07-09,27400.0,27800.0,27400.0,27700.0,14763.2861328125,2388100.0
2019-07-10,28000.0,28025.0,27700.0,28025.0,14936.5,3185800.0
2019-07-11,27800.0,28025.0,27725.0,28000.0,14923.17578125,2023000.0
2019-07-12,28000.0,28000.0,27800.0,27850.0,14843.234375,3124800.0
2019-07-15,28000.0,28050.0,27950.0,28025.0,14936.5,3284300.0
2019-07-16,28100.0,28100.0,27400.0,27800.0,14816.583984375,3255000.0
2019-07-17,27850.0,28175.0,27800.0,28000.0,14923.17578125,3404400.0
2019-07-18,27950.0,27950.0,27250.0,27275.0,14536.7734375,4114600.0
2019-07-19,27375.0,27475.0,27200.0,27275.0,14536.7734375,3625700.0
2019-07-22,27150.0,27200.0,26550.0,26600.0,14177.01953125,4289000.0
2019-07-23,26575.0,27000.0,26575.0,27000.0,14390.2060546875,2978400.0
2019-07-24,27100.0,27150.0,26950.0,26975.0,14376.8837890625,2459400.0
2019-07-25,27125.0,27125.0,26925.0,26950.0,14363.5595703125,3295100.0
2019-07-26,26900.0,27100.0,26500.0,26525.0,14137.046875,1964900.0
2019-07-29,26525.0,26525.0,25525.0,25575.0,13630.7236328125,3932800.0
2019-07-30,25600.0,25725.0,25500.0,25500.0,13590.7509765625,4539500.0
2019-07-31,25375.0,25375.0,24875.0,24925.0,13284.29296875,6533500.0
2019-08-01,24875.0,25175.0,24425.0,24450.0,13031.130859375,5933100.0
2019-08-02,24300.0,24725.0,24300.0,24575.0,13097.75390625,6272600.0
2019-08-05,24575.0,24575.0,23850.0,23875.0,12724.6728515625,4959800.0
2019-08-06,23500.0,23500.0,22600.0,22750.0,12125.080078125,8463100.0
2019-08-07,23250.0,23375.0,22725.0,22800.0,12151.73046875,6163900.0
2019-08-08,22900.0,23300.0,22900.0,23200.0,12364.9208984375,4011800.0
2019-08-09,23300.0,23475.0,23075.0,23175.0,12351.5947265625,2970500.0
2019-08-12,23125.0,23175.0,21625.0,21700.0,11565.462890625,12763700.0
2019-08-13,21700.0,21725.0,21200.0,21225.0,11312.302734375,9243100.0
2019-08-14,21500.0,21725.0,21425.0,21575.0,11498.841796875,3772300.0
2019-08-15,21000.0,21150.0,20600.0,20750.0,11059.140625,6923800.0
2019-08-16,20700.0,21400.0,20400.0,20500.0,10925.8984375,11691500.0
2019-08-19,20750.0,20900.0,20600.0,20700.0,11032.4912109375,2639300.0
2019-08-20,20850.0,20875.0,20500.0,20550.0,10952.5458984375,4671300.0
2019-08-21,20500.0,20675.0,20025.0,20025.0,10672.7373046875,5765200.0
2019-08-22,20100.0,20150.0,19650.0,19975.0,10646.0859375,5291300.0
2019-08-23,20000.0,20575.0,19875.0,20500.0,10925.8984375,6016300.0
2019-08-26,20100.0,20175.0,19850.0,20125.0,10726.033203125,5070500.0
2019-08-27,20125.0,20700.0,20125.0,20700.0,11032.4912109375,10417700.0
2019-08-28,20800.0,21275.0,20600.0,20900.0,11139.0888671875,7013200.0
2019-08-29,20700.0,20850.0,20500.0,20675.0,11019.1689453125,2333700.0
2019-08-30,20750.0,21125.0,20600.0,20925.0,11152.4111328125,5118700.0
2019-09-02,20925.0,20925.0,20525.0,20600.0,10979.1962890625,2750300.0
2019-09-03,20700.0,20800.0,20175.0,20400.0,10872.599609375,2712600.0
2019-09-04,20800.0,20800.0,20375.0,20450.0,10899.25,3787200.0
2019-09-05,20550.0,21100.0,20275.0,21025.0,11205.70703125,4528000.0
2019-09-06,21300.0,21675.0,21275.0,21575.0,11498.841796875,6431400.0
2019-09-09,21650.0,23300.0,21650.0,23300.0,12418.2158203125,10139700.0
2019-09-10,23300.0,23350.0,22600.0,22950.0,12231.6748046875,5829000.0
2019-09-11,23350.0,23600.0,22975.0,23500.0,12524.80859375,5381100.0
2019-09-12,23600.0,23775.0,22925.0,23050.0,12284.9736328125,6808700.0
2019-09-13,23300.0,23300.0,22500.0,22775.0,12138.4052734375,2191700.0
2019-09-16,23000.0,23075.0,21850.0,23075.0,12298.2978515625,3955500.0
2019-09-17,23075.0,23075.0,22200.0,22850.0,12178.376953125,4603500.0
2019-09-18,22800.0,22800.0,22275.0,22525.0,12005.1640625,1713700.0
2019-09-19,22300.0,22375.0,21650.0,21750.0,11592.1123046875,4524700.0
2019-09-20,21750.0,22000.0,21450.0,22000.0,11725.3525390625,5820000.0
2019-09-23,22000.0,22150.0,21800.0,22100.0,11778.6494140625,1129300.0
2019-09-24,21800.0,21850.0,20900.0,21200.0,11298.9765625,6501800.0
2019-09-25,21000.0,21400.0,20800.0,21125.0,11259.00390625,2222800.0
2019-09-26,21125.0,21325.0,20800.0,20850.0,11112.4384765625,4031000.0
2019-09-27,20775.0,20775.0,20200.0,20475.0,10912.57421875,5454300.0
2019-09-30,20375.0,20800.0,20325.0,20575.0,10965.8681640625,3090800.0
2019-10-01,20650.0,20925.0,20525.0,20550.0,10952.5458984375,2131500.0
2019-10-02,20525.0,20725.0,20200.0,20200.0,10766.005859375,2282400.0
2019-10-03,20000.0,20500.0,19925.0,20200.0,10766.005859375,2102600.0
2019-10-04,20250.0,20475.0,20200.0,20200.0,10766.005859375,1457900.0
2019-10-07,20425.0,20550.0,20200.0,20400.0,10872.599609375,1672800.0
2019-10-08,20225.0,20550.0,20000.0,20225.0,10999.3193359375,4254400.0
2019-10-09,20175.0,20475.0,20000.0,20050.0,10904.142578125,3181200.0
2019-10-10,20150.0,20400.0,20050.0,20150.0,10958.529296875,4893100.0
2019-10-11,20250.0,20450.0,20200.0,20325.0,11053.701171875,2380800.0
2019-10-14,20425.0,20800.0,20425.0,20625.0,11216.85546875,2898600.0
2019-10-15,20700.0,20950.0,20575.0,20900.0,11366.4150390625,2733800.0
2019-10-16,20900.0,20975.0,20250.0,20350.0,11067.2978515625,4013500.0
2019-10-17,20350.0,20575.0,20200.0,20375.0,11080.8935546875,2854100.0
2019-10-18,20375.0,20900.0,20375.0,20850.0,11339.22265625,7225000.0
2019-10-21,20875.0,20975.0,20650.0,20775.0,11298.4345703125,2085600.0
2019-10-22,20825.0,21500.0,20825.0,21500.0,11692.72265625,4523100.0
2019-10-23,21500.0,21675.0,21100.0,21625.0,11760.703125,3583400.0
2019-10-24,21675.0,21925.0,21450.0,21925.0,11923.857421875,3223100.0
2019-10-25,21850.0,21875.0,21100.0,21200.0,11529.568359375,4676500.0
2019-10-28,21050.0,21550.0,21050.0,21450.0,11665.5302734375,1013200.0
2019-10-29,21475.0,21500.0,21125.0,21325.0,11597.548828125,3549000.0
2019-10-30,21350.0,21725.0,21175.0,21700.0,11801.4931640625,3288600.0
2019-10-31,21700.0,21900.0,21525.0,21675.0,11787.8974609375,4143700.0
2019-11-01,21625.0,21700.0,21425.0,21500.0,11692.72265625,2095400.0
2019-11-04,21700.0,21800.0,21400.0,21575.0,11733.5107421875,1998700.0
2019-11-05,21650.0,23250.0,21650.0,23250.0,12644.4560546875,8621400.0
2019-11-06,23300.0,23300.0,22550.0,22850.0,12426.9169921875,2953900.0
2019-11-07,22650.0,23100.0,21875.0,22050.0,11991.83984375,3419700.0
2019-11-08,22300.0,23300.0,22125.0,23275.0,12658.0517578125,4479000.0
2019-11-11,23275.0,23325.0,23000.0,23325.0,12685.2451171875,2922900.0
2019-11-12,23325.0,23850.0,23000.0,23800.0,12943.57421875,3901500.0
2019-11-13,23900.0,23900.0,23075.0,23225.0,12630.8583984375,2906900.0
2019-11-14,23100.0,23200.0,22250.0,22425.0,12195.78125,3469800.0
2019-11-15,22675.0,22725.0,22325.0,22375.0,12168.5888671875,1778800.0
2019-11-18,22375.0,22550.0,21650.0,21900.0,11910.2607421875,3032100.0
2019-11-19,22100.0,22450.0,21950.0,22450.0,12209.37890625,1451600.0
2019-11-20,22450.0,22675.0,22150.0,22675.0,12331.7451171875,1223700.0
2019-11-21,22500.0,22550.0,22000.0,22100.0,12019.0302734375,2215800.0
2019-11-22,22200.0,23225.0,21950.0,22750.0,12372.533203125,2530000.0
2019-11-25,22750.0,22875.0,22175.0,22350.0,12154.9931640625,2635300.0
2019-11-26,22750.0,22750.0,21375.0,21375.0,11624.7412109375,8038300.0
2019-11-27,21800.0,21950.0,21450.0,21600.0,11747.107421875,3046300.0
2019-11-28,21850.0,21850.0,20600.0,20900.0,11366.4150390625,2644900.0
2019-11-29,21100.0,21475.0,20925.0,20925.0,11380.01171875,2102100.0
2019-12-02,20925.0,21725.0,20925.0,21725.0,11815.08984375,2005100.0
2019-12-03,21600.0,21775.0,21050.0,21150.0,11502.3779296875,1514100.0
2019-12-04,21000.0,21100.0,20700.0,20700.0,11257.64453125,2869300.0
2019-12-05,20950.0,21275.0,20675.0,20800.0,11312.029296875,3220200.0
2019-12-06,20925.0,21375.0,20700.0,21325.0,11597.548828125,2316200.0
2019-12-09,21325.0,21600.0,21275.0,21350.0,11611.1455078125,1572900.0
2019-12-10,21150.0,21475.0,21150.0,21300.0,11583.9541015625,1754200.0
2019-12-11,21600.0,21600.0,20800.0,20800.0,11312.029296875,2834700.0
2019-12-12,20800.0,20875.0,20450.0,20450.0,11121.681640625,4193900.0
2019-12-13,20750.0,21200.0,20700.0,21175.0,11515.9716796875,4618500.0
2019-12-16,21250.0,22125.0,21200.0,22000.0,11964.646484375,4904500.0
2019-12-17,22000.0,22375.0,21750.0,22375.0,12168.5888671875,4607100.0
2019-12-18,22300.0,22325.0,21800.0,21800.0,11855.8759765625,3803500.0
2019-12-19,21800.0,22225.0,21575.0,21725.0,11815.08984375,3066800.0
2019-12-20,21700.0,21875.0,21150.0,21250.0,11556.759765625,5280600.0
2019-12-23,21500.0,21500.0,20925.0,21200.0,11529.568359375,3600600.0
2019-12-26,21200.0,21625.0,21200.0,21625.0,11760.703125,1559400.0
2019-12-27,21625.0,21800.0,21500.0,21675.0,11787.8974609375,1669500.0
2019-12-30,21675.0,21750.0,21200.0,21525.0,11706.3203125,3131600.0
2020-01-02,21700.0,21700.0,21025.0,21500.0,11692.72265625,1530800.0
2020-01-03,21450.0,21450.0,21125.0,21275.0,11570.3564453125,2052700.0
2020-01-06,21275.0,21600.0,21125.0,21575.0,11733.5107421875,2010900.0
2020-01-07,21600.0,21625.0,21150.0,21250.0,11556.759765625,3667600.0
2020-01-08,21250.0,21600.0,21225.0,21550.0,11719.9140625,4886000.0
2020-01-09,21625.0,21650.0,21275.0,21325.0,11597.548828125,2290600.0
2020-01-10,21525.0,22350.0,21500.0,22250.0,12100.609375,5071900.0
2020-01-13,22500.0,23150.0,22500.0,23050.0,12535.6865234375,4773700.0
2020-01-14,23250.0,23250.0,22450.0,22700.0,12345.3408203125,5819100.0
2020-01-15,22600.0,22600.0,21700.0,22000.0,11964.646484375,5589000.0
2020-01-16,22000.0,22025.0,21700.0,21900.0,11910.2607421875,2716100.0
2020-01-17,21850.0,21850.0,21650.0,21775.0,11842.279296875,2689700.0
2020-01-20,21675.0,21800.0,21300.0,21500.0,11692.72265625,2160500.0
2020-01-21,21350.0,21475.0,20925.0,21075.0,11461.5869140625,4442200.0
2020-01-22,21100.0,21250.0,20600.0,20600.0,11203.2578125,2864000.0
2020-01-23,20550.0,20675.0,20300.0,20350.0,11067.2978515625,3807600.0
2020-01-24,20500.0,20500.0,20000.0,20200.0,10985.72265625,6065000.0
2020-01-27,20200.0,20250.0,19850.0,19925.0,10836.1630859375,3788900.0
2020-01-28,19925.0,20075.0,19375.0,19875.0,10808.9716796875,5472000.0
2020-01-29,20100.0,20225.0,19900.0,20025.0,10890.546875,2351700.0
2020-01-30,20000.0,20050.0,19750.0,19975.0,10863.3544921875,2561900.0
2020-01-31,20000.0,20000.0,19125.0,19200.0,10441.8740234375,6277800.0
2020-02-03,19175.0,19350.0,19025.0,19075.0,10373.8916015625,3563400.0
2020-02-04,19275.0,19325.0,18750.0,18775.0,10210.73828125,3727900.0
2020-02-05,19000.0,19100.0,18625.0,18750.0,10197.140625,6531800.0
2020-02-06,19000.0,19100.0,18700.0,18700.0,10169.9482421875,4072800.0
2020-02-07,18700.0,18975.0,18700.0,18800.0,10224.3349609375,3671200.0
2020-02-10,18800.0,18800.0,18075.0,18275.0,9938.814453125,4234800.0
2020-02-11,18025.0,18275.0,17875.0,18025.0,9802.853515625,4673400.0
2020-02-12,18100.0,18200.0,17600.0,17700.0,9626.1005859375,4694300.0
2020-02-13,17850.0,17975.0,17225.0,17625.0,9585.3125,5915400.0
2020-02-14,17375.0,18375.0,17375.0,18325.0,9966.005859375,5591600.0
2020-02-17,18500.0,18850.0,18300.0,18350.0,9979.603515625,3545100.0
2020-02-18,18500.0,18500.0,18100.0,18350.0,9979.603515625,3981600.0
2020-02-19,18350.0,18600.0,18250.0,18475.0,10047.583984375,5036800.0
2020-02-20,18475.0,18600.0,18350.0,18425.0,10020.3896484375,2747400.0
2020-02-21,18450.0,18650.0,18150.0,18225.0,9911.623046875,4518400.0
2020-02-24,17975.0,18100.0,17650.0,17900.0,9734.87109375,5410800.0
2020-02-25,18000.0,18450.0,17700.0,18275.0,9938.814453125,3711100.0
2020-02-26,18025.0,18250.0,17900.0,18000.0,9789.255859375,3229400.0
2020-02-27,17925.0,18100.0,17525.0,17575.0,9558.1220703125,3341900.0
2020-02-28,17300.0,17300.0,16575.0,16600.0,9027.8681640625,10754000.0
2020-03-02,16800.0,17250.0,16550.0,16675.0,9068.6591796875,5773400.0
2020-03-03,17000.0,17950.0,17000.0,17650.0,9598.9111328125,3573400.0
2020-03-04,17700.0,18575.0,17500.0,18500.0,10061.181640625,5058200.0
2020-03-05,18700.0,18850.0,18000.0,18025.0,9802.853515625,3297800.0
2020-03-06,18000.0,18000.0,17250.0,17300.0,9408.564453125,3360600.0
2020-03-09,16700.0,16800.0,15725.0,15800.0,8592.7919921875,6040500.0
2020-03-10,16025.0,17000.0,16025.0,16525.0,8987.08203125,5256500.0
2020-03-11,16600.0,16675.0,16025.0,16300.0,8864.71484375,3997100.0
2020-03-12,15850.0,15900.0,15175.0,15200.0,8266.484375,4459900.0
2020-03-13,15200.0,15200.0,15200.0,15200.0,8266.484375,0.0
2020-03-16,15400.0,15400.0,14525.0,14525.0,7899.3857421875,2676400.0
2020-03-17,14525.0,14525.0,13525.0,13525.0,7355.53955078125,8346700.0
2020-03-18,13600.0,14000.0,12700.0,13400.0,7287.556640625,3964600.0
2020-03-19,13225.0,13250.0,12475.0,12600.0,6852.47998046875,3713100.0
2020-03-20,12800.0,15100.0,12000.0,14850.0,8076.1357421875,7216400.0
2020-03-23,14500.0,14500.0,13825.0,13825.0,7518.69384765625,4723500.0
2020-03-24,14100.0,14775.0,13600.0,13975.0,7600.26953125,6155500.0
2020-03-26,14500.0,15975.0,14300.0,15025.0,8171.31005859375,10097600.0
2020-03-27,15300.0,16425.0,15300.0,15500.0,8429.6357421875,8655900.0
2020-03-30,15100.0,15100.0,14425.0,14425.0,7845.00048828125,2585100.0
2020-03-31,14850.0,17075.0,14800.0,16900.0,9191.0244140625,7683500.0
2020-04-01,16800.0,17200.0,16025.0,16625.0,9041.46484375,3443100.0
2020-04-02,16575.0,17300.0,16200.0,16900.0,9191.0244140625,3412000.0
2020-04-03,16950.0,17700.0,16900.0,17150.0,9326.984375,4349900.0
2020-04-06,17250.0,18100.0,17250.0,18000.0,9789.255859375,3779900.0
2020-04-07,18100.0,19175.0,17275.0,17600.0,9571.7177734375,3972700.0
2020-04-08,17600.0,17600.0,16750.0,17500.0,9517.3330078125,2463200.0
2020-04-09,17500.0,17500.0,16700.0,17125.0,9313.3896484375,2079100.0
2020-04-13,17250.0,17750.0,16800.0,17550.0,9544.5244140625,2175200.0
2020-04-14,17550.0,18250.0,17550.0,18250.0,9925.216796875,2417300.0
2020-04-15,18250.0,18400.0,17400.0,17725.0,9639.6982421875,2841900.0
2020-04-16,17725.0,17725.0,16500.0,16625.0,9041.46484375,3891300.0
2020-04-17,16675.0,17500.0,16625.0,17325.0,9422.158203125,3344800.0
2020-04-20,17200.0,17600.0,17150.0,17300.0,9408.564453125,1674700.0
2020-04-21,17350.0,17350.0,16250.0,16400.0,8919.099609375,2224200.0
2020-04-22,16400.0,16500.0,16000.0,16250.0,8837.5234375,2610400.0
2020-04-23,16350.0,16550.0,16000.0,16200.0,8810.3310546875,4209900.0
2020-04-24,16200.0,16575.0,16050.0,16225.0,8823.92578125,2558000.0
2020-04-27,16400.0,16550.0,16175.0,16400.0,8919.099609375,1792900.0
2020-04-28,16300.0,16400.0,15525.0,15550.0,8456.8291015625,3807800.0
2020-04-29,15700.0,15725.0,15100.0,15600.0,8484.021484375,2828800.0
2020-04-30,15600.0,16400.0,15600.0,16300.0,8864.71484375,3254900.0
2020-05-04,16000.0,16225.0,15525.0,15525.0,8443.2333984375,2724100.0
2020-05-05,15625.0,15875.0,15125.0,15200.0,8266.484375,3169700.0
2020-05-06,15225.0,15500.0,15125.0,15300.0,8320.8681640625,2704900.0
2020-05-08,15300.0,15900.0,15300.0,15825.0,8606.388671875,4845100.0
2020-05-11,16000.0,16125.0,15725.0,15725.0,8552.0029296875,3087700.0
2020-05-12,15700.0,15725.0,15400.0,15500.0,8429.6357421875,1900900.0
2020-05-13,15500.0,15500.0,15075.0,15275.0,8307.2734375,2017800.0
2020-05-14,15100.0,15275.0,14800.0,15000.0,8157.71435546875,2689600.0
2020-05-15,15000.0,15100.0,14000.0,14250.0,7749.8271484375,5153400.0
2020-05-18,14250.0,14500.0,13550.0,14150.0,7695.44189453125,9059800.0
2020-05-19,14200.0,15200.0,14200.0,14500.0,7885.78955078125,4547400.0
2020-05-20,14700.0,14875.0,14400.0,14600.0,7940.1748046875,3078900.0
2020-05-26,14750.0,15100.0,14600.0,15075.0,8198.5009765625,4214200.0
2020-05-27,15100.0,15200.0,14875.0,14950.0,8130.52099609375,2535100.0
2020-05-28,14925.0,15250.0,14800.0,15100.0,8212.09765625,5091100.0
2020-05-29,15175.0,15700.0,14725.0,15700.0,8538.4072265625,8249800.0
2020-06-02,15600.0,16575.0,15500.0,16375.0,8905.50390625,6569200.0
2020-06-03,16375.0,17275.0,16375.0,17075.0,9286.1982421875,7542300.0
2020-06-04,17125.0,17675.0,16750.0,17000.0,9245.41015625,5368300.0
2020-06-05,17000.0,17225.0,16750.0,17100.0,9299.79296875,1971200.0
2020-06-08,17300.0,17800.0,17200.0,17550.0,9544.5244140625,3165000.0
2020-06-09,17650.0,18375.0,17650.0,17775.0,9666.890625,4899700.0
2020-06-10,17850.0,17850.0,17000.0,17225.0,9367.7744140625,3804400.0
2020-06-11,17225.0,17225.0,16300.0,16450.0,8946.2919921875,4527100.0
2020-06-12,16450.0,16825.0,15700.0,16450.0,8946.2919921875,4397300.0
2020-06-15,16450.0,16675.0,15900.0,16125.0,8769.54296875,2550200.0
2020-06-16,16500.0,17025.0,16425.0,16950.0,9218.2158203125,4100700.0
2020-06-17,17000.0,17950.0,16950.0,17700.0,9626.1005859375,4337900.0
2020-06-18,17700.0,18025.0,17500.0,17650.0,9598.9111328125,4874200.0
2020-06-19,17700.0,17850.0,17575.0,17850.0,9707.6787109375,7802200.0
2020-06-22,17350.0,17500.0,16850.0,16900.0,9625.0986328125,5854600.0
2020-06-23,16900.0,16900.0,16525.0,16575.0,9440.0,2390200.0
2020-06-24,16575.0,16900.0,16525.0,16725.0,9525.4296875,2318000.0
2020-06-25,16725.0,16850.0,16300.0,16475.0,9383.044921875,3157400.0
2020-06-26,16700.0,16775.0,16425.0,16475.0,9383.044921875,2213500.0
2020-06-29,16400.0,16900.0,16175.0,16700.0,9511.1904296875,1720400.0
2020-06-30,16800.0,17000.0,16525.0,16550.0,9425.759765625,2737100.0
2020-07-01,16600.0,17100.0,16475.0,17000.0,9682.05078125,2283500.0
2020-07-02,17050.0,17275.0,16900.0,17150.0,9767.4794921875,2739000.0
2020-07-03,17200.0,17300.0,17025.0,17150.0,9767.4794921875,1702000.0
2020-07-06,17150.0,17275.0,17050.0,17225.0,9810.1943359375,1801900.0
2020-07-07,17300.0,17475.0,17150.0,17325.0,9867.1484375,4504200.0
2020-07-08,17325.0,18500.0,17250.0,18450.0,10507.8720703125,6251300.0
2020-07-09,18350.0,19125.0,18325.0,18450.0,10507.8720703125,9057900.0
2020-07-10,18450.0,18550.0,17850.0,17925.0,10208.869140625,3390200.0
2020-07-13,18000.0,18800.0,17975.0,18500.0,10536.349609375,7613300.0
2020-07-14,18600.0,18925.0,18275.0,18325.0,10436.6787109375,10225900.0
2020-07-15,18425.0,18650.0,18250.0,18250.0,10393.96484375,4518100.0
2020-07-16,18325.0,18400.0,18150.0,18325.0,10436.6787109375,2478000.0
2020-07-17,18200.0,18750.0,18100.0,18450.0,10507.8720703125,6114000.0
2020-07-20,18450.0,18550.0,18200.0,18400.0,10479.39453125,2657900.0
2020-07-21,18450.0,19775.0,18325.0,19325.0,11006.212890625,12346100.0
2020-07-22,19500.0,20500.0,19500.0,20000.0,11390.6484375,8892600.0
2020-07-23,20050.0,20350.0,19700.0,20075.0,11433.3623046875,3531900.0
2020-07-24,20050.0,20125.0,19250.0,19450.0,11077.404296875,2456700.0
2020-07-27,19600.0,21000.0,19600.0,21000.0,11960.1806640625,8990700.0
2020-07-28,21200.0,22325.0,21125.0,21600.0,12301.8994140625,9975800.0
2020-07-29,21600.0,22000.0,21075.0,21500.0,12244.9453125,3823200.0
2020-07-30,21600.0,21600.0,21000.0,21350.0,12159.5166015625,3279800.0
2020-08-03,21500.0,21600.0,19875.0,20450.0,11646.935546875,5624600.0
2020-08-04,20650.0,20750.0,20150.0,20450.0,11646.935546875,3548700.0
2020-08-05,20550.0,21875.0,20550.0,21525.0,12259.1845703125,7539000.0
2020-08-06,21625.0,23875.0,21625.0,23775.0,13540.6328125,15269600.0
2020-08-07,23775.0,25175.0,23600.0,24700.0,14067.4482421875,14634000.0
2020-08-10,24700.0,25000.0,23675.0,24775.0,14110.1650390625,5907500.0
2020-08-11,24775.0,24950.0,24025.0,24275.0,13825.396484375,4453600.0
2020-08-12,24000.0,24000.0,22650.0,23525.0,13398.2490234375,9508600.0
2020-08-13,23500.0,23800.0,22775.0,23300.0,13270.103515625,5354500.0
2020-08-14,23300.0,23750.0,23025.0,23075.0,13141.9580078125,6033800.0
2020-08-18,23350.0,23975.0,23325.0,23600.0,13440.962890625,6790100.0
2020-08-19,23700.0,23800.0,23450.0,23475.0,13369.7724609375,4502000.0
2020-08-24,23475.0,23475.0,22650.0,23000.0,13099.244140625,5460100.0
2020-08-25,23025.0,23650.0,22975.0,23550.0,13412.4873046875,5037400.0
2020-08-26,23650.0,23725.0,23200.0,23250.0,13241.62890625,4310300.0
2020-08-27,23450.0,23550.0,23200.0,23525.0,13398.2490234375,2503000.0
2020-08-28,23600.0,23650.0,23350.0,23425.0,13341.296875,4648100.0
2020-08-31,23700.0,23850.0,22500.0,23000.0,13099.244140625,6523200.0
2020-09-01,23225.0,23500.0,22900.0,23500.0,13384.01171875,5722900.0
2020-09-02,23700.0,23700.0,23100.0,23350.0,13298.580078125,5951500.0
2020-09-03,23400.0,23500.0,22925.0,23400.0,13327.056640625,3426100.0
2020-09-04,23100.0,23250.0,22875.0,23100.0,13156.1962890625,3524500.0
2020-09-07,23000.0,23300.0,22850.0,23150.0,13184.673828125,2944900.0
2020-09-08,23325.0,23325.0,23025.0,23150.0,13184.673828125,1447600.0
2020-09-09,22975.0,23150.0,22075.0,22650.0,12899.9091796875,4428200.0
2020-09-10,22000.0,22275.0,21350.0,21400.0,12187.994140625,5410300.0
2020-09-11,20675.0,23075.0,20625.0,22925.0,13056.5302734375,4429900.0
2020-09-14,23000.0,23125.0,22850.0,23000.0,13099.244140625,2987900.0
2020-09-15,23300.0,24000.0,23100.0,23875.0,13597.5849609375,7435300.0
2020-09-16,23875.0,24200.0,23575.0,24025.0,13683.0146484375,6462600.0
2020-09-17,23875.0,24000.0,23000.0,23400.0,13327.056640625,3511500.0
2020-09-18,23375.0,23950.0,23125.0,23800.0,13554.873046875,3403200.0
2020-09-21,23800.0,23800.0,23475.0,23600.0,13440.962890625,2485400.0
2020-09-22,22900.0,23250.0,22675.0,22825.0,12999.578125,2571700.0
2020-09-23,23000.0,23300.0,22775.0,23150.0,13184.673828125,2545400.0
2020-09-24,22800.0,23475.0,22750.0,22875.0,13028.052734375,3142600.0
2020-09-25,23150.0,23300.0,22900.0,23200.0,13213.150390625,2065200.0
2020-09-28,23200.0,23200.0,22500.0,22575.0,12857.1943359375,2765500.0
2020-09-29,22775.0,23075.0,22075.0,22650.0,12899.9091796875,2817600.0
2020-09-30,22675.0,22950.0,22375.0,22800.0,12985.3388671875,2564000.0
2020-10-01,23000.0,23000.0,22550.0,22775.0,12971.0986328125,1607300.0
2020-10-02,22550.0,22850.0,22500.0,22675.0,12914.1484375,2575400.0
2020-10-05,22675.0,22750.0,22325.0,22325.0,12714.8095703125,1841200.0
2020-10-06,22525.0,22900.0,22525.0,22625.0,12885.669921875,2312100.0
2020-10-07,22475.0,22600.0,22175.0,22275.0,12782.94921875,3053400.0
2020-10-08,22650.0,22775.0,22425.0,22600.0,12969.4560546875,2055400.0
2020-10-09,22625.0,22775.0,22325.0,22400.0,12854.6826171875,2418400.0
2020-10-12,22500.0,22700.0,22150.0,22500.0,12912.06640625,4369600.0
2020-10-13,22375.0,22500.0,22225.0,22500.0,12912.06640625,1678400.0
2020-10-14,22400.0,22525.0,22225.0,22475.0,12897.720703125,4933300.0
2020-10-15,22500.0,22550.0,21700.0,21700.0,12452.9716796875,5865300.0
2020-10-16,21725.0,22075.0,21650.0,21875.0,12553.3974609375,2859100.0
2020-10-19,21900.0,22175.0,21900.0,22050.0,12653.8271484375,1962100.0
2020-10-20,21900.0,22325.0,21900.0,22275.0,12782.94921875,3002000.0
2020-10-21,22350.0,22450.0,22125.0,22275.0,12782.94921875,1974500.0
2020-10-22,22200.0,22275.0,22050.0,22150.0,12711.212890625,1735300.0
2020-10-23,22250.0,22250.0,21725.0,21925.0,12582.0908203125,1692400.0
2020-10-26,21925.0,22000.0,21700.0,21725.0,12467.3193359375,2164400.0
2020-10-27,21500.0,21600.0,20900.0,21125.0,12122.99609375,6217100.0
2020-11-02,20950.0,20975.0,20100.0,20450.0,11735.6328125,7408000.0
2020-11-03,20500.0,20925.0,20500.0,20900.0,11993.8759765625,4239500.0
2020-11-04,21100.0,21150.0,20525.0,20600.0,11821.7138671875,2836300.0
2020-11-05,21150.0,21150.0,20625.0,20875.0,11979.5283203125,2626800.0
2020-11-06,21200.0,21275.0,20750.0,20975.0,12036.9169921875,5102000.0
2020-11-09,21100.0,21175.0,20775.0,20875.0,11979.5283203125,3595200.0
2020-11-10,20875.0,21100.0,20550.0,20650.0,11850.408203125,6850500.0
2020-11-11,20775.0,21550.0,20700.0,21450.0,12309.50390625,6681700.0
2020-11-12,21450.0,21550.0,21025.0,21100.0,12108.6474609375,5110700.0
2020-11-13,21100.0,21300.0,21025.0,21125.0,12122.99609375,1736700.0
2020-11-16,21250.0,21325.0,21025.0,21250.0,12194.73046875,4684900.0
2020-11-17,21250.0,21300.0,21050.0,21050.0,12079.95703125,5397400.0
2020-11-18,21050.0,21250.0,21000.0,21000.0,12051.2646484375,3864900.0
2020-11-19,20950.0,21875.0,20750.0,21500.0,12338.19921875,10791700.0
2020-11-20,21700.0,21750.0,21275.0,21300.0,12223.4228515625,4641400.0
2020-11-23,21400.0,22125.0,21375.0,22100.0,12682.51953125,8064700.0
2020-11-24,22550.0,22850.0,22100.0,22425.0,12869.0283203125,5378800.0
2020-11-25,22900.0,24700.0,22900.0,24225.0,13901.9921875,21535100.0
2020-11-26,24500.0,24925.0,23925.0,24500.0,14059.8056640625,8537900.0
2020-11-27,24400.0,24925.0,24025.0,24725.0,14188.927734375,5135800.0
2020-11-30,24250.0,24500.0,23000.0,23000.0,13199.0009765625,23203100.0
2020-12-01,23500.0,24300.0,23100.0,24175.0,13873.30078125,7743900.0
2020-12-02,24350.0,26000.0,24325.0,26000.0,14920.611328125,13645600.0
2020-12-03,26300.0,26850.0,25675.0,26100.0,14977.998046875,9510300.0
2020-12-04,26300.0,26700.0,26100.0,26500.0,15207.548828125,6416700.0
2020-12-07,26800.0,27150.0,26775.0,26975.0,15480.1376953125,5053700.0
2020-12-08,27150.0,27175.0,26425.0,26775.0,15365.359375,4688300.0
2020-12-10,27000.0,27100.0,25825.0,26025.0,14934.9560546875,5261800.0
2020-12-11,26400.0,26850.0,26000.0,26150.0,15006.69140625,3551700.0
2020-12-14,26350.0,27450.0,26350.0,27400.0,15724.0283203125,6419000.0
2020-12-15,27400.0,27425.0,26500.0,26575.0,15250.587890625,5242300.0
2020-12-16,26825.0,27300.0,26825.0,27175.0,15594.908203125,4764200.0
2020-12-17,27350.0,27450.0,26675.0,27125.0,15566.2158203125,5996000.0
2020-12-18,27125.0,27300.0,26500.0,26625.0,15279.2802734375,6384100.0
2020-12-21,26900.0,28475.0,26800.0,28275.0,16226.1669921875,8120200.0
2020-12-22,28200.0,28200.0,26300.0,26450.0,15178.85546875,6674300.0
2020-12-23,27000.0,27200.0,25250.0,26075.0,14963.6494140625,6517800.0
2020-12-28,26900.0,27000.0,26125.0,26925.0,15451.4404296875,4924000.0
2020-12-29,27025.0,27300.0,26325.0,26500.0,15207.548828125,2587300.0
2020-12-30,26750.0,27050.0,26500.0,26600.0,15264.93359375,5305500.0
2021-01-04,26550.0,26975.0,25875.0,26650.0,15293.6259765625,3454200.0
2021-01-05,26650.0,26650.0,26100.0,26300.0,15092.7744140625,3682700.0
2021-01-06,26400.0,26500.0,25000.0,25800.0,14805.837890625,6610100.0
2021-01-07,25800.0,26900.0,25800.0,26800.0,15379.708984375,5124100.0
2021-01-08,27300.0,27450.0,26825.0,27275.0,15652.298828125,6137100.0
2021-01-11,27275.0,27375.0,26425.0,26550.0,15236.240234375,9466000.0
2021-01-12,26550.0,26925.0,25875.0,26225.0,15049.7333984375,6171300.0
2021-01-13,26575.0,26700.0,25900.0,26200.0,15035.38671875,7162900.0
2021-01-14,26400.0,26800.0,26150.0,26300.0,15092.7744140625,4883900.0
2021-01-15,26325.0,26500.0,26050.0,26200.0,15035.38671875,3786700.0
2021-01-18,26300.0,26850.0,25950.0,26700.0,15322.3212890625,4282500.0
2021-01-19,26800.0,26850.0,25750.0,25925.0,14877.5712890625,5403200.0
2021-01-20,25925.0,26250.0,25850.0,25975.0,14906.2646484375,4830900.0
2021-01-21,26075.0,26200.0,25875.0,25900.0,14863.224609375,1612700.0
2021-01-22,25900.0,26000.0,25000.0,25175.0,14447.16796875,5088400.0
2021-01-25,25250.0,25300.0,24050.0,24250.0,13916.3408203125,6272100.0
2021-01-26,24250.0,25150.0,23500.0,23950.0,13744.1787109375,7471100.0
2021-01-27,23975.0,24500.0,23325.0,23400.0,13428.5498046875,7200300.0
2021-01-28,23400.0,23925.0,23000.0,23875.0,13701.138671875,6160500.0
2021-01-29,23900.0,24475.0,22300.0,22850.0,13112.921875,10460400.0
2021-02-01,22850.0,24175.0,22000.0,23850.0,13686.7919921875,5091000.0
2021-02-02,23850.0,24250.0,22375.0,22575.0,12955.1083984375,10624600.0
2021-02-03,22900.0,22900.0,22200.0,22450.0,12883.375,6819500.0
2021-02-04,22400.0,22825.0,22300.0,22350.0,12825.986328125,5339300.0
2021-02-05,22750.0,23350.0,22450.0,23100.0,13256.3916015625,5024000.0
2021-02-08,23500.0,24650.0,23400.0,24325.0,13959.3798828125,6919300.0
2021-02-09,24400.0,24600.0,23500.0,23525.0,13500.283203125,6317900.0
2021-02-10,23650.0,23700.0,23150.0,23475.0,13471.58984375,2662900.0
2021-02-11,23525.0,23550.0,23250.0,23500.0,13485.9384765625,3494700.0
2021-02-15,23600.0,23825.0,22875.0,23250.0,13342.470703125,4252200.0
2021-02-16,23250.0,23300.0,23000.0,23100.0,13256.3916015625,2797300.0
2021-02-17,23175.0,23175.0,22675.0,22850.0,13112.921875,4608500.0
2021-02-18,22850.0,23475.0,22850.0,22975.0,13184.6572265625,3333200.0
2021-02-19,22975.0,23250.0,22700.0,23075.0,13242.0439453125,3389700.0
2021-02-22,23250.0,23500.0,23025.0,23250.0,13342.470703125,3753700.0
2021-02-23,23250.0,23500.0,22850.0,23125.0,13270.73828125,3517400.0
2021-02-24,23125.0,23125.0,22400.0,22550.0,12940.76171875,4608100.0
2021-02-25,22800.0,23725.0,22650.0,23650.0,13572.0166015625,6263300.0
2021-02-26,22475.0,23100.0,22250.0,22550.0,12940.76171875,9128000.0
2021-03-01,22900.0,23050.0,22550.0,22950.0,13170.3115234375,3058800.0
2021-03-02,23250.0,23250.0,22725.0,22900.0,13141.6162109375,4421700.0
2021-03-03,23400.0,23400.0,22600.0,22775.0,13069.8818359375,4270900.0
2021-03-04,22425.0,22650.0,22300.0,22350.0,12825.986328125,5694700.0
2021-03-05,22200.0,22225.0,21800.0,21800.0,12510.3583984375,7691800.0
2021-03-08,22100.0,23400.0,22100.0,23325.0,13385.509765625,11050900.0
2021-03-09,23450.0,23600.0,22450.0,22525.0,12926.4150390625,5141800.0
2021-03-10,22450.0,22525.0,21000.0,21200.0,12166.03515625,17758700.0
2021-03-12,21475.0,21550.0,21000.0,21225.0,12180.3837890625,7214500.0
2021-03-15,21300.0,21400.0,21050.0,21100.0,12108.6474609375,3942900.0
2021-03-16,21100.0,21250.0,21100.0,21175.0,12151.6884765625,3041300.0
2021-03-17,21275.0,21350.0,21050.0,21050.0,12079.95703125,2857800.0
2021-03-18,21325.0,21750.0,21200.0,21700.0,12452.9716796875,5048300.0
2021-03-19,21675.0,21875.0,21425.0,21875.0,12553.3974609375,8500000.0
2021-03-22,21900.0,22125.0,21600.0,21625.0,12409.931640625,3335300.0
2021-03-23,21800.0,21900.0,21450.0,21450.0,12309.50390625,2595800.0
2021-03-24,21300.0,21475.0,21100.0,21100.0,12108.6474609375,2062200.0
2021-03-25,21100.0,21625.0,21025.0,21350.0,12252.1171875,3328200.0
2021-03-26,21625.0,21975.0,21375.0,21900.0,12567.74609375,4497600.0
2021-03-29,21975.0,22300.0,21750.0,21800.0,12510.3583984375,3119300.0
2021-03-30,21750.0,21950.0,21475.0,21500.0,12338.19921875,1654900.0
2021-03-31,21625.0,22125.0,21225.0,22125.0,12696.8681640625,3065000.0
2021-04-01,22200.0,22250.0,21850.0,22175.0,12725.5595703125,4277300.0
2021-04-05,22250.0,22450.0,21925.0,22200.0,12739.908203125,2336400.0
2021-04-06,22200.0,22400.0,22175.0,22325.0,12811.642578125,1365700.0
2021-04-07,22450.0,22450.0,22300.0,22325.0,12811.642578125,1937300.0
2021-04-08,22500.0,22775.0,22325.0,22575.0,12955.1083984375,2416700.0
2021-04-09,22700.0,22850.0,22600.0,22725.0,13041.1884765625,2241600.0
2021-04-12,22900.0,22925.0,21250.0,21425.0,12295.158203125,3872200.0
2021-04-13,21475.0,22525.0,21075.0,22525.0,12926.4150390625,4660600.0
2021-04-14,22400.0,22400.0,21750.0,22250.0,12768.6015625,1715200.0
2021-04-15,22000.0,22025.0,21550.0,21700.0,12452.9716796875,2910900.0
2021-04-16,21700.0,22075.0,21650.0,22075.0,12668.1728515625,2740000.0
2021-04-19,22225.0,22225.0,21900.0,22200.0,12739.908203125,2435100.0
2021-04-20,21900.0,22150.0,21700.0,22000.0,12899.984375,2658600.0
2021-04-21,22000.0,22675.0,21850.0,22475.0,13178.505859375,4400300.0
2021-04-22,22475.0,22475.0,21550.0,21550.0,12636.12109375,5274600.0
2021-04-23,21550.0,21800.0,21525.0,21600.0,12665.439453125,2418200.0
2021-04-26,21800.0,21850.0,21525.0,21550.0,12636.12109375,2439600.0
2021-04-27,21700.0,21775.0,21525.0,21600.0,12665.439453125,1720300.0
2021-04-28,21725.0,21725.0,21250.0,21425.0,12562.8251953125,1981000.0
2021-04-29,21425.0,21550.0,21300.0,21375.0,12533.5048828125,2011500.0
2021-04-30,21525.0,21525.0,21150.0,21175.0,12416.232421875,2163200.0
2021-05-03,21200.0,21275.0,20900.0,20950.0,12284.3017578125,2634800.0
2021-05-04,21000.0,21625.0,21000.0,21575.0,12650.7802734375,3181800.0
2021-05-05,21600.0,22375.0,21575.0,22175.0,13002.5966796875,3807500.0
2021-05-06,22200.0,22350.0,21600.0,21800.0,12782.7099609375,2581700.0
2021-05-07,22000.0,22175.0,21675.0,21750.0,12753.3935546875,4098900.0
2021-05-10,22100.0,22100.0,21575.0,21750.0,12753.3935546875,2293700.0
2021-05-11,21750.0,21750.0,21400.0,21450.0,12577.4833984375,1969900.0
2021-05-17,21800.0,21800.0,21425.0,21425.0,12562.8251953125,2780100.0
2021-05-18,21650.0,22200.0,21625.0,21900.0,12841.34765625,5605200.0
2021-05-19,21900.0,21950.0,21725.0,21875.0,12826.6865234375,2617700.0
2021-05-20,21600.0,22250.0,21600.0,22025.0,12914.6435546875,3779900.0
2021-05-21,22100.0,22300.0,21625.0,21675.0,12709.416015625,2734700.0
2021-05-24,21675.0,21825.0,21200.0,21200.0,12430.8916015625,4470900.0
2021-05-25,21300.0,21700.0,21025.0,21500.0,12606.8037109375,4899200.0
2021-05-27,21675.0,22200.0,21525.0,21650.0,12694.7578125,7901900.0
2021-05-28,21500.0,22075.0,21500.0,21825.0,12797.3720703125,3131800.0
2021-05-31,22050.0,22700.0,21800.0,22550.0,13222.4833984375,3707100.0
2021-06-02,23000.0,23850.0,22800.0,23775.0,13940.77734375,6248700.0
2021-06-03,23700.0,23775.0,23275.0,23650.0,13867.4814453125,4330800.0
2021-06-04,23550.0,23625.0,23050.0,23525.0,13794.185546875,3461200.0
2021-06-07,23550.0,23600.0,22750.0,22975.0,13471.6884765625,2276000.0
2021-06-08,23050.0,23425.0,22725.0,23425.0,13735.5517578125,3663700.0
2021-06-09,23275.0,23375.0,22825.0,23375.0,13706.2333984375,3133900.0
2021-06-10,23200.0,23225.0,22525.0,22600.0,13251.802734375,3361600.0
2021-06-11,22775.0,23375.0,22600.0,22975.0,13471.6884765625,4338700.0
2021-06-14,22975.0,22975.0,22400.0,22500.0,13193.1640625,2343700.0
2021-06-15,22575.0,22600.0,21900.0,22050.0,12929.302734375,4071100.0
2021-06-16,22050.0,22900.0,22000.0,22650.0,13281.119140625,4093500.0
2021-06-17,22475.0,22475.0,22000.0,22000.0,12899.984375,1821600.0
2021-06-18,22000.0,22775.0,21475.0,22775.0,13354.4150390625,7436100.0
2021-06-21,22250.0,22250.0,21200.0,21600.0,12665.439453125,4061800.0
2021-06-22,21600.0,21850.0,21325.0,21625.0,12680.09765625,4352400.0
2021-06-23,21675.0,21750.0,21100.0,21100.0,12372.25390625,3869400.0
2021-06-24,21100.0,21350.0,21100.0,21300.0,12489.5283203125,2364900.0
2021-06-25,21300.0,21425.0,21225.0,21350.0,12518.84765625,1214300.0
2021-06-28,21475.0,21475.0,20400.0,20400.0,11961.8017578125,4526800.0
2021-06-29,20375.0,20725.0,20025.0,20250.0,11873.849609375,4240000.0
2021-06-30,20325.0,20450.0,20100.0,20250.0,11873.849609375,3305000.0
2021-07-01,20500.0,20550.0,20150.0,20325.0,11917.82421875,2229400.0
2021-07-02,20325.0,20550.0,20250.0,20400.0,11961.8017578125,1614900.0
2021-07-05,20550.0,20675.0,20150.0,20225.0,11859.189453125,1200800.0
2021-07-06,20250.0,20800.0,20250.0,20750.0,12167.0283203125,3088100.0
2021-07-07,20600.0,20600.0,20325.0,20375.0,11947.14453125,1223100.0
2021-07-08,20375.0,20475.0,20000.0,20050.0,11756.576171875,3126200.0
2021-07-09,20000.0,20000.0,19500.0,19500.0,11434.078125,6247600.0
2021-07-12,19550.0,19875.0,19425.0,19475.0,11419.416015625,3515000.0
2021-07-13,19575.0,19675.0,19000.0,19025.0,11155.5537109375,4059500.0
2021-07-14,19025.0,19175.0,18525.0,18600.0,10906.3505859375,4441200.0
2021-07-15,18600.0,19300.0,18600.0,19225.0,11272.8251953125,3348100.0
2021-07-16,19400.0,19525.0,19150.0,19300.0,11316.802734375,2272700.0
2021-07-19,19300.0,19550.0,19000.0,19100.0,11199.5302734375,1536600.0
2021-07-21,19300.0,19300.0,19025.0,19050.0,11170.212890625,2716600.0
2021-07-22,19200.0,20250.0,19200.0,20125.0,11800.5546875,4246900.0
2021-07-23,20125.0,20200.0,19750.0,19750.0,11580.6669921875,1813500.0
2021-07-26,19800.0,20550.0,19800.0,20200.0,11844.529296875,3757400.0
2021-07-27,20300.0,20475.0,19625.0,20000.0,11727.2587890625,2650200.0
2021-07-28,20000.0,20150.0,19625.0,19775.0,11595.3251953125,1612900.0
2021-07-29,19775.0,19925.0,19650.0,19750.0,11580.6669921875,2926500.0
2021-07-30,19950.0,20000.0,19550.0,19550.0,11463.3935546875,5507300.0
2021-08-02,19600.0,19800.0,19125.0,19300.0,11316.802734375,3560300.0
2021-08-03,19300.0,19450.0,19150.0,19150.0,11228.84765625,2294200.0
2021-08-04,19250.0,19375.0,18850.0,18925.0,11096.91796875,4676000.0
2021-08-05,18925.0,19125.0,18825.0,18900.0,11082.2587890625,3025000.0
2021-08-06,19000.0,19200.0,18900.0,18900.0,11082.2587890625,1696800.0
2021-08-09,18925.0,19000.0,18625.0,18700.0,10964.9853515625,2587700.0
2021-08-10,18950.0,19150.0,18550.0,19000.0,11140.8955078125,2200900.0
2021-08-12,19350.0,20925.0,19175.0,20700.0,12137.712890625,9640600.0
2021-08-13,20750.0,20875.0,20275.0,20650.0,12108.392578125,3358400.0
2021-08-16,20650.0,20700.0,20100.0,20175.0,11829.87109375,2410400.0
2021-08-18,20175.0,20200.0,19600.0,19725.0,11566.0068359375,4366800.0
2021-08-19,19750.0,19850.0,18975.0,19300.0,11316.802734375,4428900.0
2021-08-20,19225.0,19350.0,18975.0,19000.0,11140.8955078125,2358000.0
2021-08-23,19200.0,19300.0,18975.0,19025.0,11155.5537109375,5544100.0
2021-08-24,19200.0,19250.0,18575.0,18825.0,11038.2822265625,7852200.0
2021-08-25,18900.0,19400.0,18850.0,19125.0,11214.1904296875,3589200.0
2021-08-26,19275.0,19350.0,19125.0,19275.0,11302.1455078125,2669200.0
2021-08-27,19300.0,19500.0,19200.0,19475.0,11419.416015625,3209800.0
2021-08-30,19475.0,20000.0,19475.0,20000.0,11727.2587890625,4889600.0
2021-08-31,20000.0,20400.0,19775.0,20075.0,11771.2333984375,5355700.0
2021-09-01,20250.0,20325.0,19900.0,20050.0,11756.576171875,2881800.0
2021-09-02,20050.0,20325.0,20050.0,20325.0,11917.82421875,2570500.0
2021-09-03,20325.0,21400.0,20300.0,21375.0,12533.5048828125,9504800.0
2021-09-06,21375.0,21950.0,21300.0,21750.0,12753.3935546875,4666700.0
2021-09-07,21750.0,21925.0,21400.0,21550.0,12636.12109375,2401900.0
2021-09-08,21300.0,21500.0,20700.0,20900.0,12254.984375,4492300.0
2021-09-09,20900.0,21800.0,20800.0,21800.0,12782.7099609375,3565100.0
2021-09-10,21700.0,21700.0,21150.0,21225.0,12445.5517578125,2663900.0
2021-09-13,21150.0,21200.0,20725.0,20875.0,12240.32421875,3268500.0
2021-09-14,21000.0,21450.0,20900.0,21400.0,12548.1640625,4268900.0
2021-09-15,21150.0,21650.0,21125.0,21650.0,12694.7578125,2858800.0
2021-09-16,21650.0,22000.0,21550.0,21650.0,12694.7578125,4472000.0
2021-09-17,21150.0,21375.0,20500.0,20500.0,12020.4384765625,10581300.0
2021-09-20,20500.0,20900.0,20500.0,20575.0,12064.4150390625,2430500.0
2021-09-21,20500.0,20650.0,20375.0,20600.0,12079.07421875,1535900.0
2021-09-22,20400.0,21200.0,20400.0,20875.0,12240.32421875,2635700.0
2021-09-23,21100.0,21275.0,20875.0,21075.0,12357.595703125,2550000.0
2021-09-24,21500.0,22100.0,21400.0,22075.0,12943.9609375,10687800.0
2021-09-27,22100.0,22975.0,22100.0,22875.0,13413.05078125,7360400.0
2021-09-28,23200.0,24275.0,23200.0,24000.0,14072.70703125,13815900.0
2021-09-29,24100.0,25500.0,24000.0,25500.0,14952.2529296875,11766200.0
2021-09-30,25500.0,26325.0,24750.0,26000.0,15245.4345703125,13841700.0
2021-10-01,25900.0,26300.0,25300.0,26000.0,15245.4345703125,6692400.0
2021-10-04,26150.0,27275.0,26025.0,27100.0,15890.435546875,14466600.0
2021-10-05,27300.0,27700.0,25900.0,26100.0,15304.0703125,11018700.0
2021-10-06,26650.0,26875.0,26200.0,26525.0,15553.2763671875,6282400.0
2021-10-07,24675.0,26250.0,24675.0,25900.0,15381.0537109375,11416600.0
2021-10-08,25675.0,26250.0,25400.0,26125.0,15514.6748046875,6183600.0
2021-10-11,26125.0,26450.0,25850.0,26350.0,15648.294921875,5243000.0
2021-10-12,26500.0,26675.0,26200.0,26275.0,15603.75390625,6808500.0
2021-10-13,26000.0,26400.0,25900.0,26225.0,15574.0595703125,3187900.0
2021-10-14,26300.0,26400.0,25500.0,25700.0,15262.283203125,5901600.0
2021-10-15,25700.0,26300.0,25250.0,25500.0,15143.509765625,6839700.0
2021-10-18,25500.0,26525.0,25500.0,26300.0,15618.6015625,7323900.0
2021-10-19,26275.0,26275.0,25550.0,25650.0,15232.58984375,3590300.0
2021-10-21,25250.0,25400.0,24125.0,24700.0,14668.4189453125,14614600.0
2021-10-22,23975.0,24600.0,23700.0,23700.0,14074.556640625,7089800.0
2021-10-25,24500.0,24500.0,24000.0,24000.0,14252.7138671875,3573400.0
2021-10-26,24300.0,24725.0,24175.0,24500.0,14549.6455078125,2891500.0
2021-10-27,24575.0,24775.0,24225.0,24500.0,14549.6455078125,3560100.0
2021-10-28,24500.0,24500.0,22850.0,23000.0,13658.8515625,12321900.0
2021-10-29,23150.0,23800.0,23150.0,23550.0,13985.4755859375,5964800.0
2021-11-01,23550.0,24100.0,23300.0,23600.0,14015.169921875,3960300.0
2021-11-02,23300.0,23625.0,23000.0,23000.0,13658.8515625,2665300.0
2021-11-03,23050.0,23100.0,22300.0,22325.0,13257.9951171875,7513000.0
2021-11-04,22900.0,23000.0,22400.0,22400.0,13302.53515625,5442600.0
2021-11-05,22400.0,22975.0,22400.0,22400.0,13302.53515625,2912700.0
2021-11-08,22600.0,23200.0,22600.0,23150.0,13747.9306640625,4258700.0
2021-11-09,23250.0,23400.0,22900.0,23050.0,13688.5458984375,3227800.0
2021-11-10,23075.0,23125.0,22450.0,22550.0,13391.6123046875,5646400.0
2021-11-11,22450.0,22525.0,22275.0,22375.0,13287.6875,4459300.0
2021-11-12,22550.0,22950.0,22500.0,22800.0,13540.078125,2503500.0
2021-11-15,22650.0,22800.0,22200.0,22275.0,13228.3017578125,3266100.0
2021-11-16,22300.0,22550.0,22275.0,22425.0,13317.380859375,3120900.0
2021-11-17,22600.0,23000.0,22575.0,22975.0,13644.005859375,4475600.0
2021-11-18,22975.0,23000.0,22650.0,22775.0,13525.2314453125,3619300.0
2021-11-19,22775.0,22825.0,22400.0,22675.0,13465.845703125,3256300.0
2021-11-22,22800.0,23025.0,22700.0,23000.0,13658.8515625,2670200.0
2021-11-23,22975.0,23025.0,22600.0,22650.0,13450.998046875,2694600.0
2021-11-24,22900.0,22950.0,22325.0,22450.0,13332.2275390625,3348000.0
2021-11-25,22850.0,22875.0,22650.0,22850.0,13569.7705078125,2551700.0
2021-11-26,22750.0,22750.0,21725.0,21800.0,12946.21484375,6187000.0
2021-11-29,21800.0,21900.0,21475.0,21825.0,12961.0625,4379700.0
2021-11-30,21725.0,21850.0,21275.0,21350.0,12678.978515625,8136300.0
2021-12-01,21400.0,22125.0,21400.0,22025.0,13079.833984375,6845300.0
2021-12-02,22025.0,23350.0,21975.0,23225.0,13792.4697265625,7714100.0
2021-12-03,23225.0,23350.0,22700.0,22700.0,13480.6923828125,4464000.0
2021-12-06,22900.0,23025.0,22450.0,22450.0,13332.2275390625,2820000.0
2021-12-07,22500.0,23100.0,22500.0,23000.0,13658.8515625,3151300.0
2021-12-08,23100.0,23125.0,22350.0,22350.0,13272.8408203125,3490200.0
2021-12-09,22400.0,22625.0,22275.0,22325.0,13257.9951171875,2296500.0
2021-12-10,22350.0,23000.0,21850.0,23000.0,13658.8515625,4379200.0
2021-12-13,22800.0,22850.0,22025.0,22025.0,13079.833984375,5792000.0
2021-12-14,22025.0,22100.0,21700.0,22000.0,13064.9873046875,3483800.0
2021-12-15,22000.0,22250.0,21700.0,21700.0,12886.830078125,3564700.0
2021-12-16,21800.0,21975.0,21600.0,21825.0,12961.0625,2335700.0
2021-12-17,21450.0,21875.0,21450.0,21725.0,12901.677734375,3710900.0
2021-12-20,21600.0,21700.0,21250.0,21300.0,12649.2841796875,2790700.0
2021-12-21,21375.0,22250.0,21375.0,22025.0,13079.833984375,4460400.0
2021-12-22,22000.0,22225.0,21800.0,21800.0,12946.21484375,3007800.0
2021-12-23,21800.0,22225.0,21800.0,22225.0,13198.607421875,2729800.0
2021-12-24,22325.0,22325.0,22075.0,22150.0,13154.0673828125,925700.0
2021-12-27,22150.0,22225.0,21875.0,22025.0,13079.833984375,1501600.0
2021-12-28,22025.0,23050.0,22025.0,22950.0,13629.16015625,8122200.0
2021-12-29,22850.0,22975.0,22600.0,22800.0,13540.078125,2442500.0
2021-12-30,22800.0,22800.0,22150.0,22150.0,13154.0673828125,2203800.0
2022-01-03,21900.0,22125.0,21750.0,21825.0,12961.0625,2714800.0
2022-01-04,21850.0,22125.0,21800.0,21925.0,13020.447265625,1849100.0
2022-01-05,21925.0,22450.0,21725.0,21950.0,13035.294921875,3216800.0
2022-01-06,21850.0,21950.0,21450.0,21725.0,12901.677734375,2719200.0
2022-01-07,21900.0,22375.0,21750.0,22175.0,13168.9150390625,4067200.0
2022-01-10,22300.0,22300.0,21800.0,21800.0,12946.21484375,1267900.0
2022-01-11,22050.0,22175.0,21750.0,21750.0,12916.5224609375,4133500.0
2022-01-12,22000.0,22275.0,21750.0,22100.0,13124.375,2176100.0
2022-01-13,22075.0,22675.0,21925.0,22675.0,13465.845703125,3815800.0
2022-01-14,22575.0,23550.0,22475.0,23525.0,13970.630859375,7373800.0
2022-01-17,23550.0,23900.0,23425.0,23500.0,13955.78515625,4935000.0
2022-01-18,23500.0,23700.0,23050.0,23650.0,14044.86328125,3514900.0
2022-01-19,23650.0,23700.0,23250.0,23250.0,13807.318359375,2979200.0
2022-01-20,23100.0,23475.0,22675.0,22850.0,13569.7705078125,4772900.0
2022-01-21,22850.0,23500.0,22725.0,23500.0,13955.78515625,2128200.0
2022-01-24,23650.0,23650.0,23225.0,23400.0,13896.3974609375,2373000.0
2022-01-25,23400.0,23450.0,23000.0,23150.0,13747.9306640625,2665400.0
2022-01-26,23175.0,23425.0,22750.0,22775.0,13525.2314453125,4083900.0
2022-01-27,22725.0,23275.0,22525.0,23250.0,13807.318359375,3183000.0
2022-01-28,23250.0,23350.0,23100.0,23250.0,13807.318359375,1747600.0
2022-01-31,23475.0,23500.0,23125.0,23125.0,13733.0869140625,1988000.0
2022-02-02,23075.0,23075.0,22650.0,22925.0,13614.3115234375,1865100.0
2022-02-03,22725.0,22925.0,22250.0,22825.0,13554.927734375,2137900.0
2022-02-04,22825.0,22825.0,22375.0,22500.0,13361.919921875,2257900.0
2022-02-07,22550.0,22950.0,22425.0,22600.0,13421.3056640625,2649000.0
2022-02-08,22700.0,23225.0,22100.0,22175.0,13168.9150390625,5853000.0
2022-02-09,22425.0,22950.0,22400.0,22675.0,13465.845703125,5519200.0
2022-02-10,22700.0,23200.0,22650.0,22800.0,13540.078125,3513700.0
2022-02-11,22775.0,23050.0,22600.0,23050.0,13688.5458984375,2952200.0
2022-02-14,23050.0,23625.0,23000.0,23450.0,13926.0908203125,4407400.0
2022-02-15,23500.0,24200.0,23500.0,24175.0,14356.6416015625,5046600.0
2022-02-16,24175.0,24225.0,23800.0,23800.0,14133.9443359375,3245700.0
2022-02-17,23850.0,24025.0,23500.0,23725.0,14089.404296875,1864900.0
2022-02-18,23675.0,24075.0,23650.0,23925.0,14208.1748046875,3243900.0
2022-02-21,23975.0,24050.0,23400.0,23500.0,13955.78515625,2536000.0
2022-02-22,23500.0,23650.0,22900.0,23475.0,13940.9384765625,4244100.0
2022-02-23,23500.0,24000.0,23200.0,24000.0,14252.7138671875,4131000.0
2022-02-24,24000.0,25550.0,23950.0,25200.0,14965.3505859375,15601900.0
2022-02-25,25400.0,25750.0,24600.0,24900.0,14787.1904296875,9837600.0
2022-03-01,25050.0,25150.0,24650.0,24850.0,14757.498046875,6689700.0
2022-03-02,25200.0,26250.0,25175.0,25525.0,15158.357421875,10213100.0
2022-03-04,26225.0,27125.0,25750.0,27075.0,16078.8447265625,12956600.0
2022-03-07,27100.0,27650.0,27100.0,27350.0,16242.1552734375,8488000.0
2022-03-08,27400.0,27750.0,25700.0,25700.0,15262.283203125,9128400.0
2022-03-09,25950.0,26800.0,25950.0,26400.0,15677.9873046875,5630100.0
2022-03-10,26400.0,26400.0,24950.0,25950.0,15410.7470703125,8805300.0
2022-03-11,25625.0,26900.0,25600.0,26700.0,15856.1455078125,3706600.0
2022-03-14,26700.0,26700.0,24850.0,24850.0,14757.498046875,8458100.0
2022-03-15,24850.0,25175.0,24400.0,24475.0,14534.80078125,8071200.0
2022-03-16,24475.0,25275.0,24475.0,25000.0,14846.578125,5375600.0
2022-03-17,25225.0,25725.0,25125.0,25250.0,14995.0419921875,6569000.0
2022-03-18,25475.0,25600.0,25100.0,25425.0,15098.9697265625,5481000.0
2022-03-21,25475.0,25700.0,24925.0,25350.0,15054.4296875,4978300.0
2022-03-22,25350.0,25700.0,25225.0,25550.0,15173.203125,3161200.0
2022-03-23,25600.0,25850.0,25550.0,25725.0,15277.12890625,3037000.0
2022-03-24,26225.0,27250.0,26200.0,26600.0,15796.7587890625,8737600.0
2022-03-25,26600.0,26950.0,26200.0,26325.0,15633.4453125,5235600.0
2022-03-28,26325.0,26950.0,26325.0,26600.0,15796.7587890625,3437600.0
2022-03-29,26300.0,26425.0,26025.0,26025.0,15455.287109375,2575500.0
2022-03-30,26000.0,26250.0,25600.0,25875.0,15366.208984375,3899700.0
2022-03-31,25875.0,26000.0,25550.0,25550.0,15173.203125,3051900.0
2022-04-01,25775.0,26425.0,25475.0,25925.0,15395.9013671875,5304900.0
2022-04-04,26200.0,26775.0,26050.0,26775.0,15900.68359375,4929600.0
2022-04-05,26800.0,27200.0,26550.0,27200.0,16153.078125,5348700.0
2022-04-06,27250.0,27475.0,27200.0,27450.0,16301.541015625,5265600.0
2022-04-07,27475.0,27775.0,27150.0,27150.0,16123.3818359375,4437100.0
2022-04-08,27350.0,29000.0,27350.0,28600.0,16984.484375,11715100.0
2022-04-11,28700.0,29125.0,28225.0,28450.0,16895.40625,4165800.0
2022-04-12,28450.0,28675.0,27800.0,27950.0,16598.474609375,5667300.0
2022-04-13,28500.0,29300.0,28300.0,29275.0,17385.341796875,6826700.0
2022-04-14,29500.0,30000.0,29300.0,29800.0,17697.12109375,7336000.0
2022-04-18,29800.0,30000.0,29400.0,30000.0,17815.89453125,3747000.0
2022-04-19,30025.0,30300.0,29425.0,29600.0,17578.34765625,5063300.0
2022-04-20,29100.0,29100.0,28300.0,28350.0,17367.001953125,4896400.0
2022-04-21,28350.0,29150.0,28050.0,28125.0,17229.16796875,5369900.0
2022-04-22,28125.0,28700.0,27825.0,28300.0,17336.373046875,6007000.0
2022-04-25,28200.0,28200.0,27325.0,27625.0,16922.873046875,3748600.0
2022-04-26,27650.0,28750.0,27650.0,28750.0,17612.041015625,5751700.0
2022-04-27,28850.0,29100.0,28750.0,28900.0,17703.9296875,4676300.0
2022-04-28,30000.0,30800.0,29825.0,30275.0,18546.244140625,15039100.0
2022-05-09,31775.0,31875.0,28825.0,29225.0,17903.0234375,10347300.0
2022-05-10,28750.0,29925.0,28025.0,29625.0,18148.05859375,7278000.0
2022-05-11,29625.0,30400.0,29625.0,30225.0,18515.61328125,5873200.0
2022-05-12,29625.0,30200.0,28925.0,29300.0,17948.966796875,6666300.0
2022-05-13,29300.0,30325.0,29300.0,30225.0,18515.61328125,7486900.0
2022-05-17,30250.0,30775.0,29825.0,30075.0,18423.724609375,5467400.0
2022-05-18,30300.0,30400.0,30000.0,30300.0,18561.560546875,5814200.0
2022-05-19,30175.0,30175.0,29350.0,29975.0,18362.466796875,4037200.0
2022-05-20,29725.0,30500.0,29700.0,29900.0,18316.5234375,4926800.0
2022-05-23,30025.0,30150.0,29200.0,29650.0,18163.375,4833100.0
2022-05-24,29650.0,30325.0,29625.0,30300.0,18561.560546875,5230600.0
2022-05-25,30225.0,30800.0,29750.0,30175.0,18484.986328125,4924000.0
2022-05-27,30325.0,30400.0,30125.0,30400.0,18622.8203125,5363000.0
2022-05-30,30700.0,30875.0,29925.0,30250.0,18530.9296875,5216400.0
2022-05-31,30500.0,31975.0,30300.0,31300.0,19174.15234375,14866900.0
2022-06-02,31975.0,32500.0,30975.0,31625.0,19373.244140625,7690900.0
2022-06-03,32450.0,32725.0,31600.0,32600.0,19970.521484375,8406600.0
2022-06-06,32600.0,32700.0,31825.0,32175.0,19710.169921875,5678300.0
2022-06-07,32700.0,33375.0,32500.0,32825.0,20108.35546875,8789700.0
2022-06-08,33275.0,33300.0,32775.0,33050.0,20246.189453125,6156200.0
2022-06-09,33050.0,33075.0,32275.0,32400.0,19848.00390625,4536200.0
2022-06-10,32400.0,32700.0,32000.0,32200.0,19725.484375,4527800.0
2022-06-13,32025.0,32025.0,30175.0,30675.0,18791.283203125,7224700.0
2022-06-14,30400.0,31550.0,30100.0,31550.0,19327.30078125,8283400.0
2022-06-15,31550.0,31625.0,29700.0,29750.0,18224.634765625,8409600.0
2022-06-16,30100.0,30900.0,29950.0,30000.0,18377.78125,8649600.0
2022-06-17,29525.0,29550.0,28800.0,28800.0,17642.669921875,9257900.0
2022-06-20,28800.0,29125.0,28525.0,29000.0,17765.19140625,6580000.0
2022-06-21,29500.0,29725.0,28825.0,29150.0,17857.078125,7165100.0
2022-06-22,29200.0,29525.0,29000.0,29200.0,17887.708984375,3745800.0
2022-06-23,29450.0,29450.0,28650.0,29275.0,17933.650390625,5874700.0
2022-06-24,29400.0,29700.0,29075.0,29275.0,17933.650390625,5754100.0
2022-06-27,29500.0,29600.0,28975.0,29200.0,17887.708984375,4800100.0
2022-06-28,29400.0,29875.0,29300.0,29800.0,18255.263671875,5728200.0
2022-06-29,29700.0,29700.0,28500.0,28525.0,17474.208984375,7735500.0
2022-06-30,28400.0,28750.0,28200.0,28400.0,17397.63671875,7607100.0
2022-07-01,28400.0,28600.0,26425.0,26500.0,16233.708984375,9050200.0
2022-07-04,26500.0,27350.0,26125.0,26525.0,16249.021484375,7253600.0
2022-07-05,26875.0,28175.0,26875.0,27975.0,17137.283203125,6290800.0
2022-07-06,27875.0,27875.0,26375.0,26800.0,16417.484375,4888500.0
2022-07-07,26775.0,26925.0,26350.0,26775.0,16402.169921875,2764500.0
2022-07-08,27200.0,27600.0,26925.0,27450.0,16815.66796875,3693700.0
2022-07-11,27450.0,27450.0,26900.0,27225.0,16677.837890625,1615700.0
2022-07-12,27250.0,27750.0,26775.0,26925.0,16494.05859375,2364600.0
2022-07-13,27750.0,28450.0,27600.0,28275.0,17321.060546875,10874500.0
2022-07-14,28300.0,29975.0,28300.0,29800.0,18255.263671875,8307700.0
2022-07-15,29700.0,29700.0,28925.0,29025.0,17780.501953125,7014700.0
2022-07-18,28950.0,29100.0,28625.0,28850.0,17673.298828125,4355500.0
2022-07-19,28825.0,29325.0,28600.0,29100.0,17826.447265625,6366800.0
2022-07-20,29600.0,30350.0,29575.0,30175.0,18484.986328125,5335700.0
2022-07-21,30100.0,30200.0,29675.0,30000.0,18377.78125,5403300.0
2022-07-22,30000.0,30225.0,29850.0,30075.0,18423.724609375,4450800.0
2022-07-25,30075.0,30750.0,30075.0,30575.0,18730.021484375,1979200.0
2022-07-26,30625.0,30675.0,30375.0,30600.0,18745.33984375,2281500.0
2022-07-27,30625.0,31375.0,30500.0,31100.0,19051.634765625,6934100.0
2022-07-28,31425.0,31475.0,30725.0,31300.0,19174.15234375,7459500.0
2022-07-29,33000.0,33500.0,32225.0,32300.0,19786.748046875,12006400.0
2022-08-01,32150.0,32950.0,32075.0,32175.0,19710.169921875,8590000.0
2022-08-02,32400.0,33000.0,32325.0,32875.0,20138.984375,6454800.0
2022-08-03,32625.0,34000.0,32625.0,33950.0,20797.521484375,11305200.0
2022-08-04,33950.0,34050.0,33100.0,33200.0,20338.078125,12263500.0
2022-08-05,33150.0,33150.0,32275.0,32500.0,19909.263671875,10880900.0
2022-08-08,32500.0,32750.0,32275.0,32400.0,19848.00390625,10500800.0
2022-08-09,32700.0,33675.0,32375.0,32375.0,19832.689453125,4976300.0
2022-08-10,32675.0,33075.0,32300.0,32350.0,19817.373046875,10438900.0
2022-08-11,32950.0,32950.0,31900.0,31900.0,19541.70703125,5577400.0
2022-08-12,31600.0,31850.0,31225.0,31600.0,19357.9296875,7251400.0
2022-08-15,31700.0,32675.0,31675.0,32500.0,19909.263671875,2704300.0
2022-08-16,32600.0,32775.0,32025.0,32400.0,19848.00390625,3511300.0
2022-08-18,31925.0,32175.0,31725.0,32000.0,19602.96875,4153200.0
2022-08-19,31925.0,32100.0,31650.0,31650.0,19388.560546875,2921200.0
2022-08-22,31925.0,32025.0,31450.0,31800.0,19480.451171875,2166500.0
2022-08-23,31350.0,32375.0,31350.0,32125.0,19679.541015625,5081800.0
2022-08-24,32375.0,32850.0,32125.0,32625.0,19985.837890625,4749800.0
2022-08-25,32850.0,33000.0,32450.0,32950.0,20184.927734375,3773100.0
2022-08-26,33150.0,33325.0,33025.0,33100.0,20276.81640625,5112200.0
2022-08-29,32750.0,33000.0,32275.0,33000.0,20215.560546875,3250000.0
2022-08-30,33000.0,33825.0,32750.0,33325.0,20414.650390625,4973100.0
2022-08-31,33075.0,33850.0,32700.0,33850.0,20736.263671875,7363200.0
2022-09-01,33750.0,33750.0,33275.0,33275.0,20384.025390625,2255000.0
2022-09-02,33300.0,33950.0,33300.0,33900.0,20766.892578125,5516800.0
2022-09-05,33850.0,34975.0,33675.0,34350.0,21042.560546875,5716300.0
2022-09-06,34850.0,35925.0,34550.0,35500.0,21747.04296875,7995200.0
2022-09-07,35425.0,35425.0,34700.0,35075.0,21486.69140625,4116900.0
2022-09-08,35025.0,35500.0,34400.0,34400.0,21073.189453125,3541700.0
2022-09-09,34400.0,34500.0,34050.0,34300.0,21011.9296875,3468900.0
2022-09-12,34325.0,34825.0,34275.0,34500.0,21134.447265625,1740100.0
2022-09-13,34500.0,34750.0,34325.0,34350.0,21042.560546875,3262400.0
2022-09-14,34000.0,34175.0,33750.0,34000.0,20828.15234375,5939200.0
2022-09-15,35000.0,36200.0,34825.0,34900.0,21379.48828125,11835300.0
2022-09-16,34900.0,34900.0,33925.0,34325.0,21027.244140625,7910500.0
2022-09-19,34050.0,34925.0,33900.0,34300.0,21011.9296875,3879300.0
2022-09-20,34575.0,34950.0,34000.0,34150.0,20920.044921875,2326300.0
2022-09-21,34000.0,34450.0,33425.0,34325.0,21027.244140625,3047600.0
2022-09-22,34200.0,35100.0,33925.0,35100.0,21502.001953125,3573100.0
2022-09-23,35000.0,35000.0,34000.0,34000.0,20828.15234375,5776500.0
2022-09-26,33300.0,33325.0,32000.0,33300.0,20399.33984375,9864200.0
2022-09-27,33300.0,33650.0,33075.0,33400.0,20460.59765625,5896000.0
2022-09-28,33400.0,33725.0,33000.0,33000.0,20215.560546875,8204400.0
2022-09-29,33000.0,33750.0,32800.0,33125.0,20292.134765625,7552700.0
2022-09-30,32875.0,33100.0,32575.0,32825.0,20108.35546875,8211900.0
2022-10-03,32825.0,33200.0,32675.0,33000.0,20215.560546875,7297000.0
2022-10-04,33300.0,34100.0,33300.0,33800.0,20705.634765625,7788100.0
2022-10-05,33125.0,34000.0,33075.0,33075.0,20764.017578125,4997300.0
2022-10-06,33375.0,33600.0,32800.0,32850.0,20622.765625,3049900.0
2022-10-07,32950.0,33175.0,32700.0,33000.0,20716.93359375,2082100.0
2022-10-10,32700.0,32700.0,32000.0,32300.0,20277.484375,4267400.0
2022-10-11,32300.0,32600.0,32050.0,32200.0,20214.705078125,4923700.0
2022-10-12,32300.0,32600.0,31400.0,32350.0,20308.873046875,9727800.0
2022-10-13,32425.0,32500.0,32000.0,32200.0,20214.705078125,2041200.0
2022-10-14,32350.0,33750.0,32350.0,33750.0,21187.771484375,8183900.0
2022-10-17,33600.0,33600.0,32550.0,32900.0,20654.154296875,4607400.0
2022-10-18,32725.0,32850.0,32000.0,32000.0,20089.1484375,6185400.0
2022-10-19,31700.0,32075.0,31500.0,31800.0,19963.591796875,4172400.0
2022-10-20,31850.0,32050.0,31600.0,31825.0,19979.287109375,6895200.0
2022-10-21,31900.0,32525.0,31900.0,32000.0,20089.1484375,5119100.0
2022-10-24,32000.0,32725.0,32000.0,32375.0,20324.56640625,4007100.0
2022-10-25,32400.0,32750.0,31875.0,32000.0,20089.1484375,5432900.0
2022-10-26,32625.0,33200.0,32525.0,33200.0,20842.490234375,7372700.0
2022-10-27,33200.0,33725.0,32750.0,32750.0,20559.986328125,5031000.0
2022-10-28,32800.0,32975.0,32150.0,32250.0,20246.09375,3669600.0
2022-10-31,32275.0,32750.0,32100.0,32300.0,20277.484375,7956100.0
2022-11-01,32400.0,32700.0,31400.0,31450.0,19743.8671875,7861000.0
2022-11-02,31200.0,31350.0,30325.0,30700.0,19273.02734375,7935000.0
2022-11-03,30675.0,31000.0,30150.0,31000.0,19461.361328125,3432700.0
2022-11-04,31000.0,31275.0,30400.0,31275.0,19634.00390625,4065100.0
2022-11-07,31225.0,31275.0,30700.0,31275.0,19634.00390625,3599400.0
2022-11-08,31275.0,31275.0,30800.0,31175.0,19571.22265625,4950900.0
2022-11-09,31150.0,31150.0,30575.0,31000.0,19461.361328125,5943300.0
2022-11-10,30550.0,30550.0,29300.0,29400.0,18456.904296875,9061400.0
2022-11-11,29500.0,29750.0,29000.0,29000.0,18205.791015625,6478800.0
2022-11-14,29000.0,29200.0,28500.0,28700.0,18017.455078125,5804000.0
2022-11-15,28125.0,28775.0,28125.0,28650.0,17986.06640625,5751300.0
2022-11-16,28700.0,28800.0,28300.0,28750.0,18048.84375,6942800.0
2022-11-17,28500.0,28700.0,28150.0,28625.0,17970.37109375,3085800.0
2022-11-18,28500.0,29050.0,28325.0,28800.0,18080.232421875,2946300.0
2022-11-21,29100.0,29275.0,28675.0,28800.0,18080.232421875,3245900.0
2022-11-22,28800.0,29200.0,28800.0,28950.0,18174.400390625,4743200.0
2022-11-23,29050.0,29950.0,29050.0,29625.0,18598.15625,6978000.0
2022-11-24,29725.0,30100.0,29725.0,29975.0,18817.880859375,2407700.0
2022-11-25,29950.0,30000.0,29500.0,29850.0,18739.408203125,3091000.0
2022-11-28,29775.0,30025.0,29675.0,29750.0,18676.630859375,3434000.0
2022-11-29,29750.0,30825.0,29750.0,30700.0,19273.02734375,5461300.0
2022-11-30,30700.0,31250.0,30450.0,30800.0,19335.802734375,12416200.0
2022-12-01,31000.0,31175.0,30525.0,30675.0,19257.33203125,5655100.0
2022-12-02,30600.0,30600.0,29225.0,29225.0,18347.041015625,6103900.0
2022-12-05,29225.0,29500.0,28500.0,28500.0,17891.896484375,5464300.0
2022-12-06,28500.0,28625.0,27900.0,28100.0,17640.783203125,7208000.0
2022-12-07,28125.0,28650.0,27525.0,28050.0,17609.392578125,10339900.0
2022-12-08,27900.0,28025.0,27025.0,27300.0,17138.5546875,9505400.0
2022-12-09,27025.0,27175.0,26125.0,26125.0,16400.90625,16636200.0
2022-12-12,26125.0,26925.0,26025.0,26875.0,16871.74609375,7702300.0
2022-12-13,26850.0,27125.0,26600.0,26825.0,16840.35546875,4898200.0
2022-12-14,26825.0,27350.0,26825.0,26850.0,16856.05078125,5423900.0
2022-12-15,26775.0,26800.0,26525.0,26525.0,16652.01953125,4393300.0
2022-12-16,26475.0,26775.0,26250.0,26550.0,16667.71484375,9488700.0
2022-12-19,26300.0,26850.0,26300.0,26850.0,16856.05078125,6872900.0
2022-12-20,26850.0,27025.0,26400.0,26650.0,16730.494140625,3269900.0
2022-12-21,26625.0,26850.0,26425.0,26625.0,16714.798828125,1626500.0
2022-12-22,26750.0,27000.0,26450.0,27000.0,16950.21875,2938200.0
2022-12-23,27000.0,27000.0,26625.0,26875.0,16871.74609375,1201500.0
2022-12-26,26900.0,26900.0,26375.0,26400.0,16573.546875,1719900.0
2022-12-27,26400.0,26850.0,26375.0,26625.0,16714.798828125,2040700.0
2022-12-28,26625.0,26700.0,26025.0,26175.0,16432.294921875,2997300.0
2022-12-29,26125.0,26350.0,25675.0,26275.0,16495.07421875,2879100.0
2022-12-30,26275.0,26400.0,26075.0,26075.0,16369.515625,2527400.0
2023-01-02,26100.0,26150.0,25800.0,25800.0,16196.875,1202600.0
2023-01-03,25850.0,26000.0,25700.0,25900.0,16259.6533203125,2217400.0
2023-01-04,25900.0,26000.0,24150.0,24150.0,15161.029296875,8118200.0
2023-01-05,24025.0,24900.0,23600.0,24675.0,15490.615234375,10800300.0
2023-01-06,24825.0,25200.0,24500.0,24975.0,15678.953125,3662700.0
2023-01-09,25000.0,25200.0,24275.0,24700.0,15506.3095703125,4614600.0
2023-01-10,24575.0,25250.0,24300.0,24950.0,15663.2578125,5253000.0
2023-01-11,24725.0,25075.0,24400.0,25075.0,15741.7314453125,3983300.0
2023-01-12,24900.0,25125.0,24800.0,24950.0,15663.2578125,3982700.0
2023-01-13,25000.0,25025.0,24025.0,24150.0,15161.029296875,5715600.0
2023-01-16,24175.0,24350.0,24100.0,24225.0,15208.11328125,3296800.0
2023-01-17,24225.0,24600.0,24225.0,24325.0,15270.8916015625,6142400.0
2023-01-18,24300.0,24750.0,24275.0,24750.0,15537.701171875,5610800.0
2023-01-19,24650.0,26275.0,24600.0,26250.0,16479.37890625,7470900.0
2023-01-20,26350.0,26775.0,25950.0,26775.0,16808.966796875,6563600.0
2023-01-24,26775.0,26925.0,26025.0,26125.0,16400.90625,2635200.0
2023-01-25,26125.0,26125.0,25725.0,26050.0,16353.8212890625,2769700.0
2023-01-26,25900.0,25900.0,25250.0,25250.0,15851.591796875,6387400.0
2023-01-27,25275.0,25800.0,25275.0,25575.0,16055.625,6364500.0
2023-01-30,25275.0,25775.0,24950.0,25250.0,15851.591796875,4871700.0
2023-01-31,25200.0,25350.0,24550.0,24550.0,15412.1416015625,9282300.0
2023-02-01,24600.0,25025.0,24575.0,24725.0,15522.005859375,3148400.0
2023-02-02,24725.0,25000.0,24100.0,24100.0,15129.640625,9902000.0
2023-02-03,24175.0,24350.0,23950.0,24000.0,15066.859375,6136300.0
2023-02-06,24000.0,24225.0,23800.0,23925.0,15019.77734375,6157800.0
2023-02-07,24425.0,25375.0,24300.0,24900.0,15631.869140625,10437600.0
2023-02-08,25100.0,25275.0,24650.0,24800.0,15569.087890625,4216900.0
2023-02-09,24575.0,24925.0,24500.0,24500.0,15380.75390625,4136400.0
2023-02-10,24225.0,24600.0,24200.0,24500.0,15380.75390625,6881200.0
2023-02-13,24800.0,24875.0,24450.0,24625.0,15459.2275390625,3348900.0
2023-02-14,24650.0,24750.0,24450.0,24750.0,15537.701171875,2998800.0
2023-02-15,24775.0,25200.0,24525.0,24875.0,15616.173828125,3127800.0
2023-02-16,24900.0,24975.0,24550.0,24650.0,15474.921875,1589400.0
2023-02-17,24575.0,24650.0,24350.0,24625.0,15459.2275390625,2096000.0
2023-02-20,24525.0,24525.0,24000.0,24300.0,15255.1982421875,3973800.0
2023-02-21,24300.0,24400.0,24000.0,24000.0,15066.859375,1748900.0
2023-02-22,24250.0,24400.0,24050.0,24325.0,15270.8916015625,1693300.0
2023-02-23,24475.0,24900.0,24375.0,24700.0,15506.3095703125,3322100.0
2023-02-24,24900.0,25200.0,24800.0,24950.0,15663.2578125,2816700.0
2023-02-27,25025.0,25200.0,24900.0,25175.0,15804.5078125,2847000.0
2023-02-28,29200.0,30150.0,27750.0,27900.0,17515.2265625,29878100.0
2023-03-01,28050.0,28350.0,27550.0,27575.0,17311.1953125,6648300.0
2023-03-02,27700.0,28450.0,27650.0,28325.0,17782.03515625,5345700.0
2023-03-03,28375.0,28475.0,28000.0,28125.0,17656.4765625,3932500.0
2023-03-06,28175.0,28275.0,27650.0,27650.0,17358.279296875,4064800.0
2023-03-07,27650.0,27675.0,26800.0,26825.0,16840.35546875,7376100.0
2023-03-08,26725.0,26875.0,26200.0,26400.0,16573.546875,7875500.0
2023-03-09,26825.0,27425.0,26600.0,27025.0,16965.9140625,5548200.0
2023-03-10,27000.0,27150.0,26600.0,26825.0,16840.35546875,3722200.0
2023-03-13,27300.0,28175.0,27125.0,28075.0,17625.087890625,8860600.0
2023-03-14,28025.0,28025.0,27100.0,27100.0,17012.998046875,6085500.0
2023-03-15,27700.0,27700.0,27225.0,27250.0,17107.166015625,5667700.0
2023-03-16,26900.0,27300.0,26475.0,26925.0,16903.134765625,5059500.0
2023-03-17,27000.0,28450.0,27000.0,28450.0,17860.509765625,27286900.0
2023-03-20,28250.0,28275.0,27425.0,27700.0,17389.669921875,4306800.0
2023-03-21,27725.0,27775.0,27450.0,27475.0,17248.41796875,3029800.0
2023-03-24,27875.0,28225.0,27525.0,27675.0,17373.97265625,7905200.0
2023-03-27,27825.0,28200.0,27675.0,27800.0,17452.447265625,4863400.0
2023-03-28,27825.0,28650.0,27700.0,28575.0,17938.982421875,9304100.0
2023-03-29,28750.0,29450.0,28700.0,29125.0,18284.265625,10366100.0
2023-03-30,29000.0,29425.0,28975.0,28975.0,18190.095703125,4836300.0
2023-03-31,29000.0,29100.0,28700.0,29100.0,18268.568359375,5492300.0
2023-04-03,29150.0,29350.0,28800.0,28850.0,18111.62109375,3812200.0
2023-04-04,29100.0,29700.0,29025.0,29625.0,18598.15625,7758700.0
2023-04-05,29475.0,30125.0,29325.0,29800.0,18708.01953125,6634400.0
2023-04-06,30000.0,30075.0,29725.0,29800.0,18708.01953125,4284300.0
2023-04-10,30000.0,30200.0,29800.0,30200.0,18959.130859375,4362700.0
2023-04-11,30250.0,30800.0,30025.0,30400.0,19084.69140625,6474900.0
2023-04-12,30600.0,31700.0,30200.0,31250.0,19618.30859375,15352900.0
2023-04-13,31400.0,31500.0,31050.0,31050.0,19492.75,7536800.0
2023-04-14,31000.0,31150.0,30225.0,30225.0,18974.826171875,9270900.0
2023-04-17,30300.0,31125.0,30300.0,30500.0,19147.46875,7169200.0
2023-04-18,30650.0,31250.0,30650.0,31075.0,19508.4453125,9064600.0
2023-04-26,31200.0,31500.0,31200.0,31400.0,19712.4765625,15622400.0
2023-04-27,31400.0,31400.0,31000.0,31075.0,19508.4453125,20543300.0
2023-04-28,28900.0,28900.0,28900.0,28900.0,22651.4296875,1804800.0
2023-05-02,26900.0,26900.0,26900.0,26900.0,21083.85546875,1180700.0
2023-05-03,25025.0,25025.0,25025.0,25025.0,19614.2578125,9696100.0
2023-05-04,24900.0,24975.0,24500.0,24500.0,19202.767578125,19490700.0
2023-05-05,24400.0,24400.0,23975.0,24150.0,18928.4453125,10333700.0
2023-05-08,24175.0,25200.0,24100.0,25000.0,19594.6640625,12213200.0
2023-05-09,25025.0,25400.0,25025.0,25275.0,19810.203125,6003100.0
2023-05-10,25350.0,25500.0,25250.0,25275.0,19810.203125,5563800.0
2023-05-11,25175.0,25175.0,24675.0,24825.0,19457.498046875,5851800.0
2023-05-12,24775.0,25225.0,24675.0,24800.0,19437.904296875,4201700.0
2023-05-15,24800.0,25000.0,24450.0,24500.0,19202.767578125,6014100.0
2023-05-16,24500.0,24675.0,24450.0,24450.0,19163.580078125,3926800.0
2023-05-17,24425.0,24700.0,24025.0,24025.0,18830.470703125,6441300.0
2023-05-19,24025.0,24525.0,23300.0,23300.0,18262.2265625,14218900.0
2023-05-22,23525.0,24275.0,23525.0,23875.0,18712.900390625,7103300.0
2023-05-23,24050.0,24800.0,24050.0,24500.0,19202.767578125,7879300.0
2023-05-24,24500.0,24675.0,24300.0,24600.0,19281.146484375,4410500.0
2023-05-25,24500.0,24500.0,23500.0,23500.0,18418.982421875,8723700.0
2023-05-26,23475.0,23525.0,23000.0,23075.0,18085.873046875,6010500.0
2023-05-29,23100.0,23400.0,22625.0,22875.0,17929.115234375,5671800.0
2023-05-30,22800.0,23000.0,22500.0,22500.0,17635.1953125,5855300.0
2023-05-31,22325.0,22800.0,22200.0,22225.0,17419.654296875,50516600.0
2023-06-05,22525.0,23475.0,22525.0,22850.0,17909.51953125,10089500.0
2023-06-06,23225.0,23350.0,22875.0,23200.0,18183.845703125,6252400.0
2023-06-07,23050.0,23125.0,22775.0,22850.0,17909.51953125,6072200.0
2023-06-08,23150.0,23325.0,23000.0,23325.0,18281.818359375,4428200.0
2023-06-09,23700.0,23775.0,22825.0,23075.0,18085.873046875,6892700.0
2023-06-12,23100.0,23525.0,23075.0,23525.0,18438.576171875,5618700.0
2023-06-13,23600.0,23600.0,22925.0,22975.0,18007.49609375,6047100.0
2023-06-14,23100.0,23225.0,22975.0,22975.0,18007.49609375,4614000.0
2023-06-15,23150.0,23225.0,22925.0,23150.0,18144.65625,5018700.0
2023-06-16,23325.0,23550.0,22900.0,22900.0,17948.7109375,15055100.0
2023-06-19,22950.0,23150.0,22725.0,23150.0,18144.65625,4851100.0
2023-06-20,23200.0,23225.0,22950.0,23125.0,18125.064453125,3894700.0
2023-06-21,23175.0,23375.0,23000.0,23350.0,18301.4140625,4008800.0
2023-06-22,23500.0,23775.0,23350.0,23525.0,18438.576171875,6073600.0
2023-06-23,23525.0,23675.0,23150.0,23375.0,18321.009765625,3447800.0
2023-06-26,23400.0,23425.0,23075.0,23275.0,18242.62890625,2464000.0
2023-06-27,23275.0,23325.0,23125.0,23275.0,18242.62890625,2044700.0
2023-07-03,23325.0,23375.0,22825.0,23050.0,18066.28125,6561500.0
2023-07-04,23150.0,23250.0,23050.0,23100.0,18105.46875,2442900.0
2023-07-05,23200.0,23775.0,23150.0,23700.0,18575.740234375,5469200.0
2023-07-06,23950.0,24075.0,23825.0,24050.0,18850.064453125,4409200.0
2023-07-07,23900.0,24000.0,23600.0,23750.0,18614.9296875,4699200.0
2023-07-10,23900.0,24150.0,23875.0,24100.0,18889.25390625,2886800.0
2023-07-11,24100.0,24475.0,24075.0,24475.0,19183.17578125,3988500.0
2023-07-12,24475.0,24475.0,24000.0,24000.0,18810.873046875,3568700.0
2023-07-13,24000.0,24225.0,23975.0,24150.0,18928.4453125,2583600.0
2023-07-14,24200.0,24275.0,24050.0,24150.0,18928.4453125,2675400.0
2023-07-17,24300.0,24400.0,24200.0,24225.0,18987.228515625,3021800.0
2023-07-18,24250.0,24450.0,24050.0,24250.0,19006.822265625,3304900.0
2023-07-20,24575.0,24575.0,24225.0,24375.0,19104.794921875,3011600.0
2023-07-21,24400.0,24500.0,24275.0,24500.0,19202.767578125,2546600.0
2023-07-24,24525.0,25600.0,24525.0,25400.0,19908.17578125,7839200.0
2023-07-25,25500.0,25800.0,25400.0,25400.0,19908.17578125,5141800.0
2023-07-26,25525.0,26575.0,25525.0,26400.0,20691.9609375,9071700.0
2023-07-27,26425.0,26750.0,26100.0,26375.0,20672.37109375,6529600.0
2023-07-28,26400.0,26650.0,26025.0,26650.0,20887.908203125,4247900.0
2023-07-31,27450.0,27650.0,27075.0,27525.0,21573.720703125,10459300.0
2023-08-01,27625.0,27700.0,27150.0,27525.0,21573.720703125,4076800.0
2023-08-02,27500.0,27500.0,26500.0,26725.0,20946.693359375,8222700.0
2023-08-03,26725.0,27375.0,26725.0,27150.0,21279.802734375,4755600.0
2023-08-04,27250.0,27725.0,27250.0,27325.0,21416.96484375,3880200.0
2023-08-07,27525.0,27675.0,27300.0,27425.0,21495.345703125,4576800.0
2023-08-08,27525.0,27700.0,27500.0,27525.0,21573.720703125,1752600.0
2023-08-09,27575.0,27850.0,27575.0,27750.0,21750.072265625,3731100.0
2023-08-10,27850.0,27975.0,27600.0,27600.0,21632.505859375,3644800.0
2023-08-11,27600.0,27625.0,26800.0,27100.0,21240.61328125,4270100.0
2023-08-14,27200.0,27450.0,26850.0,27450.0,21514.9375,3157000.0
2023-08-15,27500.0,27500.0,27150.0,27375.0,21456.15234375,1785100.0
2023-08-16,27375.0,27500.0,27175.0,27500.0,21554.126953125,1667900.0
2023-08-18,27325.0,27375.0,26800.0,26800.0,21005.4765625,5084200.0
2023-08-21,26800.0,27300.0,26800.0,27075.0,21221.01953125,2444100.0
2023-08-22,27225.0,27650.0,27150.0,27600.0,21632.505859375,4336900.0
2023-08-23,27850.0,28150.0,27800.0,27875.0,21848.048828125,4536100.0
2023-08-24,27775.0,27775.0,26700.0,26700.0,20927.099609375,12388200.0
2023-08-25,26700.0,26725.0,25975.0,26050.0,20417.63671875,8528800.0
2023-08-28,26125.0,26600.0,26125.0,26400.0,20691.9609375,3056300.0
2023-08-29,26500.0,26600.0,26300.0,26350.0,20652.775390625,1930400.0
2023-08-30,26350.0,26400.0,26150.0,26150.0,20496.015625,2492400.0
2023-08-31,26150.0,26250.0,26000.0,26000.0,20378.447265625,4100400.0
2023-09-01,26000.0,26425.0,26000.0,26350.0,20652.775390625,2242300.0
2023-09-04,26425.0,26875.0,26425.0,26825.0,21025.072265625,3263600.0
2023-09-05,26850.0,27350.0,26850.0,27200.0,21318.994140625,3836800.0
2023-09-06,27400.0,27525.0,27350.0,27400.0,21475.748046875,5838100.0
2023-09-07,27400.0,27425.0,26950.0,27150.0,21279.802734375,3659600.0
2023-09-08,27125.0,27475.0,26975.0,27300.0,21397.37109375,3162700.0
2023-09-11,27325.0,27350.0,26850.0,26900.0,21083.85546875,3044900.0
2023-09-12,26950.0,27250.0,26925.0,27075.0,21221.01953125,2664400.0
2023-09-13,27150.0,27275.0,27075.0,27175.0,21299.3984375,4128300.0
2023-09-14,27325.0,27600.0,27325.0,27400.0,21475.748046875,6719500.0
2023-09-15,27400.0,28425.0,27250.0,28425.0,22279.130859375,13900400.0
2023-09-18,28375.0,28600.0,28100.0,28100.0,22024.400390625,4143000.0
2023-09-19,28150.0,28450.0,28025.0,28325.0,22200.75390625,3124700.0
2023-09-20,28400.0,28775.0,28400.0,28500.0,22337.9140625,5245200.0
2023-09-21,28475.0,28475.0,28250.0,28325.0,22200.75390625,2422500.0
2023-09-22,28250.0,28525.0,28175.0,28350.0,22220.345703125,2770200.0
2023-09-25,28350.0,28375.0,28150.0,28250.0,22141.96875,3737000.0
2023-09-26,28275.0,28400.0,27625.0,27750.0,21750.072265625,3941400.0
2023-09-27,27700.0,28300.0,27475.0,28300.0,22181.15625,3641600.0
2023-09-29,28400.0,28475.0,28100.0,28250.0,22141.96875,3858000.0
2023-10-02,28225.0,28350.0,27850.0,27925.0,21887.23828125,3404200.0
2023-10-03,27925.0,27925.0,27000.0,27000.0,21162.234375,11647700.0
2023-10-04,26675.0,26675.0,26275.0,26575.0,20829.126953125,7279900.0
2023-10-05,26575.0,26575.0,26150.0,26150.0,20496.015625,6636500.0
2023-10-06,26175.0,26525.0,26175.0,26400.0,20691.9609375,4367500.0
2023-10-09,26600.0,26875.0,26600.0,26700.0,20927.099609375,5932700.0
2023-10-10,26875.0,26950.0,26725.0,26875.0,21064.26171875,4840800.0
2023-10-11,26300.0,26375.0,26250.0,26275.0,21145.544921875,4932200.0
2023-10-12,26275.0,26275.0,25850.0,25875.0,20823.630859375,6094700.0
2023-10-13,26000.0,26325.0,26000.0,26075.0,20984.5859375,2335000.0
2023-10-16,26375.0,26450.0,26200.0,26450.0,21286.380859375,3160900.0
2023-10-17,26450.0,26475.0,26250.0,26375.0,21226.021484375,2864200.0
2023-10-18,26275.0,26425.0,26100.0,26300.0,21165.6640625,3449000.0
2023-10-19,26400.0,26400.0,26000.0,26025.0,20944.34765625,2946300.0
2023-10-20,26000.0,26050.0,25800.0,25825.0,20783.39453125,3499000.0
2023-10-23,25825.0,25850.0,25000.0,25000.0,20119.451171875,6286900.0
2023-10-24,25000.0,25425.0,24850.0,25250.0,20320.64453125,4688100.0
2023-10-25,25700.0,26800.0,25700.0,26325.0,21185.783203125,6095900.0
2023-10-26,26200.0,26500.0,26000.0,26175.0,21065.064453125,3098200.0
2023-10-27,26175.0,26250.0,25525.0,25525.0,20541.958984375,3428500.0
2023-10-30,25525.0,25525.0,24300.0,24400.0,19636.583984375,6742100.0
2023-10-31,24425.0,25300.0,24425.0,25125.0,20220.048828125,5459600.0
2023-11-01,25100.0,25100.0,24100.0,24100.0,19395.150390625,5710600.0
2023-11-02,24125.0,24350.0,23725.0,23725.0,19093.359375,8176900.0
2023-11-03,23800.0,24050.0,23775.0,23775.0,19133.59765625,4860100.0
2023-11-06,23825.0,23850.0,23550.0,23750.0,19113.4765625,5447600.0
2023-11-07,23775.0,24075.0,23225.0,23375.0,18811.6875,4395000.0
2023-11-08,23375.0,23400.0,22700.0,22800.0,18348.94140625,6130400.0
2023-11-09,23000.0,23125.0,22875.0,22875.0,18409.298828125,3576000.0
2023-11-10,22900.0,23175.0,22900.0,23100.0,18590.373046875,2101800.0
2023-11-13,23100.0,23500.0,23100.0,23250.0,18711.087890625,3114500.0
2023-11-14,23300.0,23475.0,23225.0,23250.0,18711.087890625,2907900.0
2023-11-15,23300.0,23900.0,23300.0,23400.0,18831.8046875,4376100.0
2023-11-16,23425.0,23600.0,23050.0,23450.0,18872.044921875,2570000.0
2023-11-17,23450.0,23450.0,22800.0,22875.0,18409.298828125,6357500.0
2023-11-20,22900.0,23000.0,22750.0,22950.0,18469.65625,3459700.0
2023-11-21,22950.0,22950.0,22700.0,22775.0,18328.8203125,3666100.0
2023-11-22,22775.0,22775.0,22275.0,22325.0,17966.671875,5961700.0
2023-11-23,22500.0,22575.0,22325.0,22525.0,18127.626953125,3194100.0
2023-11-24,22575.0,22650.0,22475.0,22625.0,18208.103515625,1515600.0
2023-11-27,22625.0,22875.0,22450.0,22450.0,18067.267578125,4817100.0
2023-11-28,22500.0,22725.0,22325.0,22500.0,18107.505859375,3764500.0
2023-11-29,22600.0,22600.0,22300.0,22450.0,18067.267578125,2918000.0
2023-11-30,22450.0,22500.0,21900.0,21900.0,17624.640625,17524100.0
2023-12-01,22025.0,22350.0,22000.0,22150.0,17825.833984375,6149700.0
2023-12-04,22200.0,22675.0,22200.0,22425.0,18047.1484375,6252400.0
2023-12-05,22425.0,22450.0,22025.0,22050.0,17745.359375,4377100.0
2023-12-06,22050.0,22150.0,21600.0,21625.0,17403.32421875,8207400.0
2023-12-07,21675.0,21850.0,21425.0,21700.0,17463.68359375,4424500.0
2023-12-08,21800.0,22350.0,21725.0,22300.0,17946.55078125,6433900.0
2023-12-11,22425.0,22450.0,21825.0,21825.0,17564.28125,3168200.0
2023-12-12,22000.0,22025.0,21850.0,21850.0,17584.40234375,2215600.0
2023-12-13,21700.0,21725.0,20925.0,20925.0,16839.982421875,9856200.0
2023-12-14,21075.0,21675.0,21000.0,21450.0,17262.490234375,6299800.0
2023-12-15,21500.0,21950.0,21275.0,21275.0,17121.654296875,9804200.0
2023-12-18,21425.0,21850.0,21375.0,21800.0,17544.162109375,4388700.0
2023-12-19,21750.0,21825.0,21450.0,21825.0,17564.28125,3672200.0
2023-12-20,21875.0,22250.0,21800.0,21800.0,17544.162109375,3792900.0
2023-12-21,21800.0,22075.0,21775.0,22000.0,17705.1171875,3131700.0
2023-12-22,22050.0,22150.0,21850.0,22025.0,17725.23828125,2347300.0
2023-12-27,22025.0,22625.0,21975.0,22425.0,18047.1484375,4317700.0
2023-12-28,22525.0,22775.0,22450.0,22700.0,18268.46484375,3878400.0
2023-12-29,22700.0,22750.0,22500.0,22625.0,18208.103515625,2695900.0
2024-01-02,22600.0,23575.0,22600.0,23475.0,18892.166015625,4723500.0
2024-01-03,23200.0,23400.0,22600.0,23225.0,18690.970703125,6744300.0
2024-01-04,23225.0,23500.0,23225.0,23275.0,18731.208984375,4746100.0
2024-01-05,23500.0,23550.0,23250.0,23250.0,18711.087890625,2368600.0
2024-01-08,23300.0,23525.0,23000.0,23025.0,18530.015625,3133000.0
2024-01-09,23200.0,23350.0,23025.0,23100.0,18590.373046875,1704600.0
2024-01-10,23100.0,23450.0,23100.0,23300.0,18751.328125,2628600.0
2024-01-11,23350.0,23450.0,23250.0,23300.0,18751.328125,2043100.0
2024-01-12,23350.0,23925.0,23325.0,23900.0,19234.193359375,4858500.0
2024-01-15,23900.0,24750.0,23900.0,24725.0,19898.13671875,6691700.0
2024-01-16,24750.0,24800.0,24375.0,24600.0,19797.5390625,4671400.0
2024-01-17,25000.0,25000.0,24200.0,24225.0,19495.74609375,5386800.0
2024-01-18,24225.0,24550.0,24050.0,24100.0,19395.150390625,3894900.0
2024-01-19,24200.0,24300.0,23825.0,24075.0,19375.03125,2316600.0
2024-01-22,24075.0,24075.0,23225.0,23250.0,18711.087890625,4516700.0
2024-01-23,23275.0,23425.0,22400.0,22700.0,18268.46484375,6071400.0
2024-01-24,22800.0,22850.0,22325.0,22550.0,18147.74609375,3048300.0
2024-01-25,22475.0,23250.0,22475.0,23125.0,18610.4921875,3391200.0
2024-01-26,23150.0,23250.0,22925.0,22975.0,18489.775390625,1481500.0
2024-01-29,23025.0,23325.0,23025.0,23325.0,18771.447265625,2216300.0
2024-01-30,23325.0,23325.0,22800.0,22850.0,18389.1796875,3999100.0
2024-01-31,23025.0,23200.0,22875.0,22950.0,18469.65625,2614300.0
2024-02-01,22925.0,23075.0,22575.0,22800.0,18348.94140625,2536700.0
2024-02-02,22850.0,22950.0,22725.0,22850.0,18389.1796875,1986200.0
2024-02-05,22850.0,22925.0,22675.0,22675.0,18248.34375,2076200.0
2024-02-06,22700.0,22975.0,22700.0,22800.0,18348.94140625,1364700.0
2024-02-07,22850.0,23100.0,22825.0,22900.0,18429.41796875,2345100.0
2024-02-12,22900.0,23325.0,22900.0,23225.0,18690.970703125,2262400.0
2024-02-13,23225.0,23450.0,23050.0,23150.0,18630.611328125,2086300.0
2024-02-15,23325.0,23450.0,23125.0,23200.0,18670.8515625,3634900.0
2024-02-16,23250.0,23400.0,23100.0,23250.0,18711.087890625,2014600.0
2024-02-19,23250.0,23275.0,22900.0,22950.0,18469.65625,2607800.0
2024-02-20,22975.0,23075.0,22750.0,22900.0,18429.41796875,2365100.0
2024-02-21,22925.0,23175.0,22900.0,23025.0,18530.015625,2391800.0
2024-02-22,23075.0,23150.0,23000.0,23125.0,18610.4921875,2192600.0
2024-02-23,23150.0,23150.0,22800.0,22800.0,18348.94140625,2730500.0
2024-02-26,22900.0,23100.0,22875.0,23000.0,18509.896484375,2112000.0
2024-02-27,23000.0,23850.0,22825.0,23850.0,19193.955078125,5853700.0
2024-02-28,24000.0,24350.0,23800.0,23850.0,19193.955078125,6239000.0
2024-02-29,23875.0,23950.0,23500.0,23525.0,18932.404296875,6885600.0
2024-03-01,23525.0,23775.0,23450.0,23725.0,19093.359375,2829700.0
2024-03-04,23775.0,24175.0,23775.0,24000.0,19314.673828125,3593600.0
2024-03-05,24025.0,24375.0,24025.0,24125.0,19415.26953125,3829900.0
2024-03-06,24200.0,24400.0,24025.0,24325.0,19576.2265625,3278000.0
2024-03-07,24325.0,24400.0,24000.0,24000.0,19314.673828125,5365900.0
2024-03-08,24025.0,24325.0,24025.0,24175.0,19455.509765625,2820700.0
2024-03-13,24125.0,24150.0,23500.0,23525.0,18932.404296875,8514900.0
2024-03-14,23575.0,24125.0,23550.0,24125.0,19415.26953125,3875200.0
2024-03-15,24125.0,24775.0,24000.0,24175.0,19455.509765625,10622400.0
2024-03-18,24225.0,24575.0,24225.0,24275.0,19535.986328125,2128700.0
2024-03-19,24300.0,24475.0,24275.0,24375.0,19616.46484375,1701500.0
2024-03-20,24375.0,24550.0,24375.0,24550.0,19757.30078125,1929300.0
2024-03-21,24550.0,24900.0,24550.0,24775.0,19938.376953125,3500300.0
2024-03-22,24775.0,24775.0,24525.0,24600.0,19797.5390625,2660100.0
2024-03-25,24825.0,24825.0,24400.0,24550.0,19757.30078125,2976400.0
2024-03-26,24650.0,24650.0,24225.0,24300.0,19556.10546875,4020000.0
2024-03-27,24450.0,24700.0,24450.0,24600.0,19797.5390625,3195300.0
2024-03-28,24625.0,24650.0,24175.0,24175.0,19455.509765625,4523000.0
2024-04-01,24350.0,24350.0,23850.0,24025.0,19334.79296875,3481400.0
2024-04-02,24100.0,24900.0,24025.0,24900.0,20038.97265625,6997100.0
2024-04-03,24900.0,25375.0,24700.0,25250.0,20320.64453125,4933500.0
2024-04-04,25250.0,25275.0,25000.0,25050.0,20159.689453125,2738800.0
2024-04-05,25125.0,25425.0,25125.0,25250.0,20320.64453125,2163800.0
2024-04-16,25225.0,26400.0,25000.0,26250.0,21125.421875,11555700.0
2024-04-17,26300.0,26300.0,25575.0,25575.0,20582.197265625,4004900.0
2024-04-18,25575.0,25825.0,25200.0,25525.0,20541.958984375,4682400.0
2024-04-19,25675.0,25725.0,25200.0,25350.0,20401.123046875,3059000.0
2024-04-22,25525.0,25675.0,25225.0,25300.0,20360.884765625,3983900.0
2024-04-23,25300.0,25400.0,24800.0,24950.0,20079.2109375,5906300.0
2024-04-24,25050.0,25450.0,24450.0,24850.0,19998.736328125,8926400.0
2024-04-25,24850.0,25000.0,24100.0,24250.0,19515.869140625,4990600.0
2024-04-26,24300.0,24450.0,24150.0,24150.0,19435.390625,4944300.0
2024-04-29,24200.0,25100.0,23850.0,24875.0,20018.8515625,5182100.0
2024-04-30,24575.0,25100.0,24550.0,24825.0,19978.615234375,6749600.0
2024-05-02,24850.0,24850.0,24100.0,24300.0,19556.10546875,6755200.0
2024-05-03,24300.0,24425.0,23850.0,23950.0,19274.43359375,8328400.0
2024-05-06,22500.0,22525.0,22250.0,22400.0,19290.796875,7044600.0
2024-05-07,22400.0,22400.0,22150.0,22250.0,19161.619140625,4786800.0
2024-05-08,22300.0,22375.0,22050.0,22100.0,19032.4375,6823300.0
2024-05-13,22100.0,22300.0,22050.0,22200.0,19118.55859375,5549600.0
2024-05-14,22300.0,22650.0,22150.0,22500.0,19376.916015625,3991500.0
2024-05-15,22550.0,22650.0,22250.0,22250.0,19161.619140625,3645600.0
2024-05-16,22325.0,22400.0,22100.0,22150.0,19075.498046875,4701000.0
2024-05-17,22150.0,22350.0,22150.0,22300.0,19204.677734375,1884000.0
2024-05-20,22300.0,22850.0,22300.0,22850.0,19678.3359375,4692000.0
2024-05-21,22950.0,22950.0,22325.0,22425.0,19312.328125,4259000.0
2024-05-22,22400.0,22625.0,22200.0,22600.0,19463.037109375,3633900.0
2024-05-27,22600.0,22650.0,22400.0,22625.0,19484.56640625,3000300.0
2024-05-28,22675.0,22700.0,22325.0,22475.0,19355.38671875,3405500.0
2024-05-29,22500.0,22525.0,22275.0,22525.0,19398.447265625,2738700.0
2024-05-30,22500.0,22500.0,22125.0,22275.0,19183.1484375,3150400.0
2024-05-31,22350.0,22650.0,22075.0,22075.0,19010.908203125,14689400.0
2024-06-03,22425.0,23200.0,22250.0,22975.0,19785.984375,8682500.0
2024-06-04,22975.0,23350.0,22950.0,22975.0,19785.984375,4707400.0
2024-06-05,22975.0,23150.0,22475.0,22575.0,19441.505859375,2641200.0
2024-06-06,22625.0,22750.0,22400.0,22575.0,19441.505859375,4000100.0
2024-06-07,22600.0,22975.0,22575.0,22800.0,19635.27734375,4005700.0
2024-06-10,22700.0,22700.0,22300.0,22325.0,19226.208984375,2503400.0
2024-06-11,22325.0,22325.0,21850.0,21850.0,18817.140625,8097000.0
2024-06-12,21900.0,22075.0,21850.0,22000.0,18946.318359375,4300800.0
2024-06-13,22000.0,22175.0,21900.0,22025.0,18967.849609375,3585000.0
2024-06-14,22025.0,22050.0,21150.0,21225.0,18278.892578125,5698200.0
2024-06-19,21275.0,21600.0,21100.0,21400.0,18429.6015625,5043300.0
2024-06-20,21450.0,22050.0,21425.0,22050.0,18989.380859375,2530200.0
2024-06-21,22000.0,22000.0,21625.0,21625.0,18623.369140625,8057800.0
2024-06-24,21625.0,21875.0,21525.0,21725.0,18709.490234375,3234100.0
2024-06-25,21725.0,21850.0,21500.0,21625.0,18623.369140625,2727800.0
2024-06-26,21750.0,21800.0,21600.0,21750.0,18731.021484375,2216800.0
2024-06-27,21775.0,21775.0,21575.0,21750.0,18731.021484375,2199500.0
2024-06-28,21750.0,22075.0,21750.0,21975.0,18924.7890625,3994400.0
2024-07-01,22175.0,22400.0,21900.0,22125.0,19053.970703125,5852700.0
2024-07-02,22100.0,22500.0,22000.0,22300.0,19204.677734375,4902100.0
2024-07-03,22450.0,23400.0,22375.0,23400.0,20151.9921875,8772600.0
2024-07-04,23550.0,23800.0,23475.0,23700.0,20410.3515625,4671000.0
2024-07-05,23700.0,23800.0,23525.0,23800.0,20496.47265625,2121400.0
2024-07-08,23850.0,24000.0,23625.0,24000.0,20668.7109375,3710900.0
2024-07-09,24000.0,24000.0,23650.0,23675.0,20388.822265625,2585500.0
2024-07-10,23700.0,23900.0,23425.0,23550.0,20281.171875,3284800.0
2024-07-11,23700.0,23875.0,23450.0,23500.0,20238.11328125,2196100.0
2024-07-12,23500.0,23650.0,23300.0,23500.0,20238.11328125,2252700.0
2024-07-15,23500.0,23750.0,23500.0,23750.0,20453.41015625,2293500.0
2024-07-16,23825.0,23950.0,23675.0,23800.0,20496.47265625,3031900.0
2024-07-17,23950.0,23950.0,23700.0,23800.0,20496.47265625,3733100.0
2024-07-18,23800.0,24450.0,23750.0,24350.0,20970.12890625,5230200.0
2024-07-19,24350.0,24850.0,24275.0,24650.0,21228.48828125,6120800.0
2024-07-22,24950.0,25500.0,24900.0,25300.0,21788.265625,7633600.0
2024-07-23,25300.0,25350.0,24850.0,24850.0,21400.728515625,3513500.0
2024-07-24,24925.0,24925.0,24625.0,24825.0,21379.197265625,3332200.0
2024-07-25,24825.0,25175.0,24650.0,24900.0,21443.787109375,3157400.0
2024-07-26,25025.0,25100.0,24825.0,24975.0,21508.376953125,3073200.0
2024-07-29,24975.0,25100.0,24675.0,24675.0,21250.017578125,2178100.0
2024-07-30,24800.0,25175.0,24650.0,25000.0,21529.90625,4414000.0
2024-07-31,25150.0,25825.0,25100.0,25800.0,22218.865234375,9902100.0
2024-08-01,25800.0,25875.0,25475.0,25550.0,22003.564453125,4227300.0
2024-08-02,25550.0,25975.0,25250.0,25650.0,22089.68359375,4665000.0
2024-08-05,25275.0,25275.0,24175.0,24425.0,21034.716796875,8787200.0
2024-08-06,24600.0,24750.0,24100.0,24150.0,20797.890625,7129900.0
2024-08-07,24275.0,24950.0,24250.0,24725.0,21293.078125,4726300.0
2024-08-08,24675.0,24775.0,24275.0,24625.0,21206.95703125,3126500.0
2024-08-09,24625.0,24900.0,24625.0,24700.0,21271.548828125,2528100.0
2024-08-12,24875.0,25325.0,24700.0,25200.0,21702.14453125,5446800.0
2024-08-13,25225.0,25300.0,25025.0,25025.0,21551.4375,3163000.0
2024-08-14,25025.0,25175.0,24900.0,25050.0,21572.966796875,3223400.0
2024-08-15,25050.0,25150.0,24750.0,24800.0,21357.666015625,3558000.0
2024-08-16,24925.0,25200.0,24850.0,25075.0,21594.49609375,4087400.0
2024-08-19,24975.0,25100.0,24925.0,25100.0,21616.025390625,1369500.0
2024-08-20,25225.0,25450.0,25150.0,25175.0,21680.615234375,3138200.0
2024-08-21,25400.0,25400.0,25150.0,25150.0,21659.0859375,2428200.0
2024-08-22,25150.0,26375.0,25100.0,26225.0,22584.87109375,10021000.0
2024-08-23,26225.0,27150.0,26125.0,26925.0,23187.708984375,10662800.0
2024-08-26,26900.0,27050.0,26750.0,26950.0,23209.240234375,2805300.0
2024-08-27,27000.0,27250.0,26900.0,27250.0,23467.599609375,4744400.0
2024-08-28,27300.0,27850.0,27175.0,27700.0,23855.13671875,9220800.0
2024-08-29,27700.0,27700.0,27200.0,27325.0,23532.1875,3975300.0
2024-08-30,27325.0,27375.0,26850.0,27050.0,23295.359375,8569100.0
2024-09-02,27300.0,27975.0,27300.0,27900.0,24027.375,5370100.0
2024-09-03,27950.0,28150.0,27700.0,27775.0,23919.7265625,2578800.0
2024-09-04,27575.0,27675.0,27350.0,27650.0,23812.078125,2090400.0
2024-09-05,27650.0,27675.0,27275.0,27525.0,23704.42578125,3362100.0
2024-09-06,27375.0,27700.0,26900.0,27050.0,23295.359375,5239200.0
2024-09-09,27050.0,27300.0,26500.0,27250.0,23467.599609375,6924400.0
2024-09-10,27300.0,27325.0,26525.0,26700.0,22993.939453125,4888100.0
2024-09-11,26600.0,26675.0,26050.0,26225.0,22584.87109375,5507400.0
2024-09-12,26250.0,26725.0,26225.0,26350.0,22692.521484375,5337400.0
2024-09-13,26350.0,26625.0,26225.0,26350.0,22692.521484375,2559200.0
2024-09-17,26425.0,26700.0,26400.0,26675.0,22972.412109375,3545000.0
2024-09-18,26675.0,26925.0,26600.0,26725.0,23015.470703125,2423100.0
2024-09-19,26725.0,26900.0,26625.0,26625.0,22929.349609375,2357100.0
2024-09-20,26625.0,27000.0,26500.0,26925.0,23187.708984375,3949100.0
2024-09-23,26950.0,27175.0,26925.0,27125.0,23359.94921875,3043800.0
2024-09-24,27125.0,27375.0,27100.0,27375.0,23575.248046875,2358500.0
2024-09-25,27400.0,27450.0,26700.0,27450.0,23639.837890625,4933400.0
2024-09-26,27450.0,27450.0,26900.0,27300.0,23510.658203125,3559000.0
2024-09-27,27400.0,27725.0,27225.0,27700.0,23855.13671875,6214300.0
2024-09-30,27700.0,27975.0,27150.0,27150.0,23381.478515625,6814500.0
2024-10-01,27325.0,27450.0,27000.0,27450.0,23639.837890625,3331300.0
2024-10-02,27450.0,27650.0,27075.0,27250.0,23467.599609375,3323800.0
2024-10-03,27425.0,27425.0,27025.0,27225.0,23446.068359375,2465500.0
2024-10-04,27225.0,27275.0,27000.0,27275.0,23489.12890625,3472700.0
2024-10-07,27400.0,27425.0,26800.0,27075.0,23316.888671875,5963900.0
2024-10-08,26575.0,26625.0,26300.0,26425.0,23331.900390625,4799200.0
2024-10-09,26425.0,26650.0,26150.0,26600.0,23486.4140625,3140800.0
2024-10-10,26600.0,26600.0,25900.0,25900.0,22868.3515625,4306100.0
2024-10-11,26050.0,26350.0,25925.0,26150.0,23089.087890625,2164600.0
2024-10-14,26200.0,26300.0,25850.0,26025.0,22978.720703125,2835000.0
2024-10-15,26025.0,26050.0,25575.0,25775.0,22757.984375,3490800.0
2024-10-16,25900.0,26500.0,25575.0,26325.0,23243.60546875,5882600.0
2024-10-17,26325.0,26925.0,26325.0,26725.0,23596.783203125,4325400.0
2024-10-18,26825.0,26825.0,26525.0,26725.0,23596.783203125,2136700.0
2024-10-21,26750.0,26775.0,26350.0,26725.0,23596.783203125,3041200.0
2024-10-22,26800.0,27125.0,26625.0,27075.0,23905.81640625,4095800.0
2024-10-23,27050.0,27075.0,26850.0,27025.0,23861.66796875,2255900.0
2024-10-24,27025.0,27050.0,26875.0,26875.0,23729.2265625,1516700.0
2024-10-25,26875.0,26925.0,26725.0,26800.0,23663.005859375,1790100.0
2024-10-28,26775.0,26875.0,26400.0,26800.0,23663.005859375,1739600.0
2024-10-29,26800.0,26800.0,26325.0,26350.0,23265.6796875,2023700.0
2024-10-30,26300.0,26500.0,25875.0,26425.0,23331.900390625,4383000.0
2024-10-31,27050.0,27500.0,26775.0,27450.0,24236.921875,9741000.0
2024-11-01,27350.0,27425.0,26900.0,27250.0,24060.33203125,2627300.0
2024-11-04,27250.0,27350.0,26850.0,27350.0,24148.626953125,2410900.0
2024-11-05,27150.0,27250.0,26850.0,27000.0,23839.59375,2680500.0
2024-11-06,27000.0,27575.0,27000.0,27200.0,24016.18359375,5360700.0
2024-11-07,27200.0,27475.0,26925.0,27225.0,24038.2578125,4194400.0
2024-11-08,27325.0,27700.0,27325.0,27450.0,24236.921875,4231500.0
2024-11-11,27450.0,27450.0,26100.0,26100.0,23044.94140625,4067600.0
2024-11-12,26275.0,26750.0,26050.0,26725.0,23596.783203125,4228400.0
2024-11-13,26750.0,26750.0,26125.0,26400.0,23309.826171875,2402100.0
2024-11-14,26400.0,26400.0,25750.0,25975.0,22934.57421875,4118900.0
2024-11-15,25975.0,26650.0,25975.0,26550.0,23442.267578125,3965800.0
2024-11-18,26550.0,26575.0,25800.0,25850.0,22824.203125,3489200.0
2024-11-19,25850.0,26450.0,25850.0,26350.0,23265.6796875,3589000.0
2024-11-20,26400.0,26550.0,26225.0,26425.0,23331.900390625,2877800.0
2024-11-21,26500.0,26875.0,26500.0,26675.0,23552.63671875,4192700.0
2024-11-22,26750.0,27175.0,26750.0,27000.0,23839.59375,4332300.0
2024-11-25,27200.0,27900.0,27025.0,27600.0,24369.36328125,10559100.0
2024-11-26,27600.0,27900.0,27350.0,27500.0,24281.068359375,3365800.0
2024-11-28,27500.0,27900.0,27350.0,27375.0,24170.69921875,2831500.0
2024-11-29,27375.0,27500.0,26775.0,26775.0,23640.931640625,3598000.0
2024-12-02,26775.0,27800.0,26775.0,27400.0,24192.7734375,3899900.0
2024-12-03,27450.0,27775.0,26925.0,27150.0,23972.037109375,2433500.0
2024-12-04,27300.0,27625.0,27275.0,27625.0,24391.4375,2384200.0
2024-12-05,27625.0,27650.0,27500.0,27625.0,24391.4375,1133200.0
2024-12-06,27650.0,27975.0,27525.0,27950.0,24678.39453125,2622700.0
2024-12-09,28000.0,28500.0,27975.0,28500.0,25164.015625,3842500.0
2024-12-10,28500.0,28500.0,27975.0,28200.0,24899.1328125,3040000.0
2024-12-11,27700.0,28200.0,27650.0,27775.0,24523.880859375,3233200.0
2024-12-12,27775.0,28400.0,27750.0,27950.0,24678.39453125,2407100.0
2024-12-13,27950.0,28125.0,27700.0,28125.0,24832.912109375,2534000.0
2024-12-16,28125.0,28150.0,27650.0,28025.0,24744.6171875,2294000.0
2024-12-17,27975.0,27975.0,26050.0,26250.0,23177.3828125,7094300.0
2024-12-18,26375.0,26775.0,26225.0,26275.0,23199.458984375,2372600.0
2024-12-19,26275.0,26350.0,25850.0,26300.0,23221.53125,2782200.0
2024-12-20,26300.0,26375.0,25150.0,25675.0,22669.689453125,7273800.0
2024-12-23,25700.0,25900.0,25050.0,25450.0,22471.025390625,4394000.0
2024-12-24,25525.0,25525.0,25075.0,25200.0,22250.287109375,1643700.0
2024-12-27,25200.0,25400.0,25100.0,25400.0,22426.87890625,1661000.0
2024-12-30,25400.0,26775.0,25050.0,26775.0,23640.931640625,3934400.0
2025-01-02,26600.0,26600.0,25500.0,25700.0,22691.76171875,3884300.0
2025-01-03,25725.0,26025.0,25375.0,25575.0,22581.396484375,3428600.0
2025-01-06,25575.0,25725.0,25125.0,25400.0,22426.87890625,2878100.0
2025-01-07,25525.0,25925.0,25375.0,25850.0,22824.203125,4428000.0
2025-01-08,25900.0,25925.0,25175.0,25175.0,22228.21484375,3282800.0
2025-01-09,25200.0,25450.0,24925.0,24975.0,22051.625,2091600.0
2025-01-10,25000.0,25250.0,24825.0,25100.0,22161.994140625,3075600.0
2025-01-13,25200.0,25550.0,24825.0,25400.0,22426.87890625,4009100.0
2025-01-14,25525.0,25725.0,25150.0,25500.0,22515.173828125,2289400.0
2025-01-15,25675.0,25875.0,25625.0,25700.0,22691.76171875,1736400.0
2025-01-16,25700.0,26300.0,25700.0,26175.0,23111.162109375,2570100.0
2025-01-17,26250.0,26500.0,26175.0,26425.0,23331.900390625,2917500.0
2025-01-20,26525.0,26600.0,25975.0,25975.0,22934.57421875,2690200.0
2025-01-21,26125.0,26500.0,25700.0,25700.0,22691.76171875,2606400.0
2025-01-22,25825.0,26100.0,25625.0,25925.0,22890.42578125,2601600.0
2025-01-23,25950.0,26025.0,25450.0,25450.0,22471.025390625,2287000.0
2025-01-24,25600.0,25700.0,25100.0,25100.0,22161.994140625,2611600.0
2025-01-30,25100.0,25100.0,24300.0,24475.0,21610.150390625,4037500.0
2025-01-31,24450.0,25000.0,24425.0,24875.0,21963.330078125,3379800.0
2025-02-03,24875.0,25025.0,24500.0,25000.0,22073.69921875,2278000.0
2025-02-04,25025.0,25225.0,24575.0,25000.0,22073.69921875,2061300.0
2025-02-05,25500.0,25500.0,24850.0,25150.0,22206.140625,3431600.0
2025-02-06,25150.0,25150.0,24200.0,24425.0,21566.00390625,3032100.0
2025-02-07,24425.0,24800.0,23950.0,24800.0,21897.109375,2811700.0
2025-02-10,24625.0,24625.0,24000.0,24125.0,21301.119140625,3925000.0
2025-02-11,24175.0,24500.0,24075.0,24425.0,21566.00390625,2780500.0
2025-02-12,24425.0,25125.0,24300.0,24875.0,21963.330078125,2726000.0
2025-02-13,24900.0,24900.0,24250.0,24500.0,21632.2265625,2606900.0
2025-02-14,24525.0,25125.0,24400.0,25050.0,22117.845703125,1981700.0
2025-02-17,25050.0,25050.0,24525.0,24800.0,21897.109375,2133500.0
2025-02-18,24800.0,25275.0,24725.0,24725.0,21830.888671875,1909700.0
2025-02-19,24950.0,25200.0,24775.0,25200.0,22250.287109375,3952300.0
2025-02-20,25050.0,25125.0,24625.0,24750.0,21852.9609375,3703300.0
2025-02-21,24750.0,24975.0,24525.0,24575.0,21698.4453125,2283200.0
2025-02-24,24600.0,25175.0,24550.0,25000.0,22073.69921875,1932400.0
2025-02-25,24800.0,24850.0,23350.0,23500.0,20749.275390625,7395400.0
2025-02-26,23900.0,23900.0,23075.0,23400.0,20660.982421875,4548200.0
2025-02-27,23400.0,23950.0,23125.0,23425.0,20683.0546875,7783600.0
2025-02-28,23025.0,23100.0,22025.0,22350.0,19733.88671875,9195200.0
2025-03-03,22000.0,22950.0,21900.0,22425.0,19800.107421875,6022800.0
2025-03-04,22400.0,22650.0,22100.0,22175.0,19579.37109375,3062000.0
2025-03-05,22275.0,23900.0,22175.0,23675.0,20903.79296875,6473400.0
2025-03-06,23975.0,25000.0,23825.0,24925.0,22007.478515625,7949000.0
2025-03-07,24925.0,24925.0,23850.0,24050.0,21234.8984375,4288900.0
2025-03-10,24075.0,24100.0,23525.0,23650.0,20881.71875,2002700.0
2025-03-11,23650.0,24000.0,23375.0,23700.0,20925.865234375,2667100.0
2025-03-12,23700.0,23800.0,23350.0,23350.0,20616.8359375,2375900.0
2025-03-13,23350.0,23400.0,22925.0,23050.0,20351.94921875,2738400.0
2025-03-14,23100.0,23125.0,22525.0,22725.0,20064.9921875,2657100.0
2025-03-17,22750.0,23375.0,22750.0,23225.0,20506.466796875,1996100.0
2025-03-18,23175.0,23175.0,22100.0,22450.0,19822.18359375,5435500.0
2025-03-19,22450.0,22600.0,22100.0,22325.0,19711.8125,4929100.0
2025-03-20,22600.0,22875.0,22500.0,22625.0,19976.6953125,2893300.0
2025-03-21,22625.0,22875.0,22025.0,22875.0,20197.435546875,11578400.0
2025-03-24,22750.0,22750.0,22050.0,22700.0,20042.91796875,2517500.0
2025-03-25,22700.0,23000.0,22525.0,22825.0,20153.287109375,2182200.0
2025-03-26,23000.0,23600.0,22850.0,23500.0,20749.275390625,3551000.0
2025-03-27,23475.0,23725.0,23025.0,23550.0,20793.423828125,2953300.0
2025-04-08,21000.0,21000.0,20025.0,20100.0,17747.25390625,14254900.0
2025-04-09,20175.0,21100.0,20175.0,20550.0,18144.580078125,6180300.0
2025-04-10,21800.0,21925.0,21450.0,21800.0,19248.265625,5663600.0
2025-04-11,21600.0,21975.0,21125.0,21850.0,19292.412109375,3308000.0
2025-04-14,22000.0,22775.0,22000.0,22650.0,19998.771484375,4202900.0
2025-04-15,22700.0,23100.0,22550.0,22825.0,20153.287109375,3996700.0
2025-04-16,22900.0,22900.0,22150.0,22225.0,19623.517578125,4093900.0
2025-04-17,22225.0,22500.0,22100.0,22225.0,19623.517578125,4299600.0
2025-04-21,22375.0,22900.0,22375.0,22900.0,20219.5078125,2175500.0
2025-04-22,22900.0,23300.0,22750.0,23025.0,20329.875,4352600.0
2025-04-23,23200.0,23500.0,23025.0,23050.0,20351.94921875,4577400.0
2025-04-24,23100.0,23275.0,22900.0,23050.0,20351.94921875,5416500.0
2025-04-25,23250.0,23400.0,23050.0,23100.0,20396.09765625,8712600.0
2025-04-28,23400.0,23450.0,22900.0,22900.0,20219.5078125,6636800.0
2025-04-29,22925.0,23125.0,22600.0,22675.0,20020.84375,7189600.0
2025-04-30,22500.0,22725.0,22400.0,22700.0,20042.91796875,8997100.0
2025-05-02,22700.0,23100.0,22700.0,22775.0,20109.140625,5846200.0
2025-05-05,22800.0,22950.0,22775.0,22800.0,20131.212890625,5795000.0
2025-05-06,22800.0,22925.0,22700.0,22875.0,20197.435546875,7751200.0
2025-05-07,21500.0,21875.0,21450.0,21750.0,20536.40234375,9371400.0
2025-05-08,21750.0,21775.0,21450.0,21475.0,20276.748046875,5812200.0
2025-05-09,21575.0,21575.0,21150.0,21250.0,20064.30078125,4584300.0
2025-05-14,21275.0,22000.0,21275.0,21950.0,20725.2421875,7941400.0
2025-05-15,21950.0,21975.0,21625.0,21625.0,20418.376953125,4968500.0
2025-05-16,21925.0,21925.0,21625.0,21900.0,20678.033203125,3448700.0
2025-05-19,21900.0,22200.0,21825.0,22100.0,20866.873046875,2920100.0
2025-05-20,22200.0,22425.0,21700.0,21750.0,20536.40234375,4812000.0
2025-05-21,21750.0,21925.0,21625.0,21800.0,20583.61328125,4423200.0
2025-05-22,21800.0,22100.0,21750.0,21875.0,20654.427734375,3654300.0
2025-05-23,22050.0,22075.0,21900.0,21950.0,20725.2421875,1692700.0
2025-05-26,22100.0,22250.0,21700.0,21725.0,20512.796875,2773800.0
2025-05-27,21800.0,21975.0,21800.0,21900.0,20678.033203125,2323800.0
2025-05-28,21925.0,22450.0,21800.0,22450.0,21197.345703125,7558800.0
2025-06-02,22350.0,22350.0,21800.0,21900.0,20678.033203125,5007400.0
2025-06-03,21900.0,21950.0,21400.0,21400.0,20205.931640625,5893200.0
2025-06-04,21475.0,21500.0,21250.0,21400.0,20205.931640625,5321500.0
2025-06-05,21550.0,21625.0,21400.0,21425.0,20229.537109375,2769600.0
2025-06-10,21650.0,21650.0,21400.0,21475.0,20276.748046875,3609400.0
2025-06-11,21475.0,21775.0,21300.0,21625.0,20418.376953125,3822900.0
2025-06-12,21500.0,21675.0,21450.0,21625.0,20418.376953125,3581300.0
2025-06-13,21700.0,22025.0,21600.0,21975.0,20748.84765625,3844200.0
2025-06-16,21975.0,22300.0,21975.0,22100.0,20866.873046875,5394500.0
2025-06-17,22150.0,22150.0,21850.0,21850.0,20630.822265625,2988700.0
2025-06-18,21975.0,22075.0,21725.0,21800.0,20583.61328125,2434800.0
2025-06-19,21800.0,21900.0,21350.0,21450.0,20253.140625,3095700.0
2025-06-20,21425.0,21475.0,21275.0,21450.0,20253.140625,7082300.0
2025-06-23,21300.0,21300.0,20900.0,20900.0,19733.830078125,4743900.0
2025-06-24,21075.0,21275.0,21075.0,21175.0,19993.486328125,1890100.0
2025-06-25,21625.0,21625.0,21025.0,21100.0,19922.671875,3475000.0
2025-06-26,21100.0,21100.0,20950.0,21100.0,19922.671875,2992700.0
2025-06-30,21450.0,21625.0,21300.0,21450.0,20253.140625,3917400.0
2025-07-01,21275.0,21500.0,21175.0,21475.0,20276.748046875,3875500.0
2025-07-02,21475.0,21625.0,21225.0,21300.0,20111.51171875,3927300.0
2025-07-03,21500.0,21550.0,21325.0,21500.0,20300.3515625,1664100.0
2025-07-04,21500.0,21550.0,21375.0,21550.0,20347.560546875,1945200.0
2025-07-07,21550.0,21550.0,21225.0,21450.0,20253.140625,1941800.0
2025-07-08,21450.0,21600.0,21400.0,21600.0,20394.771484375,2482100.0
2025-07-09,21600.0,21975.0,21600.0,21975.0,20748.84765625,2693500.0
2025-07-10,21975.0,22250.0,21850.0,22200.0,20961.29296875,4626400.0
2025-07-11,22300.0,22400.0,22225.0,22400.0,21150.134765625,3363700.0
2025-07-14,22400.0,22600.0,22250.0,22575.0,21315.369140625,4771000.0
2025-07-15,22600.0,22600.0,22450.0,22600.0,21338.974609375,2514400.0
2025-07-16,22600.0,22625.0,22375.0,22575.0,21315.369140625,2967400.0
2025-07-17,22600.0,22600.0,22400.0,22600.0,21338.974609375,2291500.0
2025-07-18,22625.0,22775.0,22475.0,22475.0,21220.94921875,2968600.0
2025-07-21,22675.0,22950.0,22475.0,22950.0,21669.4453125,3346100.0
2025-07-22,22975.0,23150.0,22925.0,23050.0,21763.865234375,4614300.0
2025-07-23,23175.0,24000.0,23100.0,24000.0,22660.857421875,10111100.0
2025-07-24,24150.0,24325.0,23875.0,24225.0,22873.3046875,4356300.0
2025-07-25,24225.0,24225.0,23725.0,23850.0,22519.228515625,2563800.0
2025-07-28,24250.0,24300.0,23950.0,24175.0,22826.09375,3839800.0
2025-07-29,24300.0,24300.0,23975.0,24150.0,22802.48828125,2656100.0
2025-07-30,24200.0,24400.0,24150.0,24375.0,23014.93359375,3178000.0
2025-07-31,24375.0,24400.0,23925.0,24150.0,22802.48828125,4018200.0
2025-08-01,24150.0,24175.0,23800.0,24025.0,22684.462890625,2340600.0
2025-08-04,24050.0,24500.0,23800.0,24500.0,23132.9609375,3634900.0
2025-08-05,24500.0,24500.0,24200.0,24350.0,22991.328125,1859600.0
2025-08-06,24350.0,24375.0,23925.0,24050.0,22708.068359375,5234100.0
2025-08-07,24075.0,24300.0,23975.0,24100.0,22755.27734375,2599600.0
2025-08-08,24100.0,24350.0,23900.0,24150.0,22802.48828125,2356800.0
2025-08-11,24200.0,24450.0,24125.0,24275.0,22920.513671875,1923100.0
2025-08-12,24275.0,24475.0,24100.0,24200.0,22849.69921875,2648300.0
2025-08-13,24200.0,24500.0,23900.0,24000.0,22660.857421875,3620200.0
2025-08-14,24175.0,24275.0,24100.0,24175.0,22826.09375,2142100.0
2025-08-15,24300.0,24300.0,24000.0,24000.0,22660.857421875,1942100.0
2025-08-19,24000.0,24000.0,23250.0,23675.0,22353.9921875,3955800.0
2025-08-20,23700.0,24400.0,23675.0,24400.0,23038.5390625,2607800.0
2025-08-21,24475.0,25850.0,24250.0,25800.0,24360.421875,10584600.0
2025-08-22,25900.0,25900.0,25400.0,25800.0,24360.421875,4907200.0
2025-08-25,25875.0,26125.0,25225.0,25225.0,23817.505859375,5207300.0
2025-08-26,25450.0,25650.0,24475.0,24600.0,23227.380859375,6672800.0
2025-08-27,24650.0,25225.0,24650.0,25000.0,23605.060546875,2370500.0
2025-08-28,25050.0,25225.0,24675.0,24675.0,23298.193359375,2568100.0
2025-08-29,24600.0,24800.0,24350.0,24400.0,23038.5390625,4363900.0
2025-09-01,24000.0,24800.0,23500.0,24475.0,23109.353515625,4447100.0
2025-09-02,24725.0,25900.0,24650.0,25900.0,24454.841796875,5195100.0
2025-09-03,25900.0,25975.0,25250.0,25600.0,24171.58203125,5081600.0
2025-09-04,25925.0,26000.0,25325.0,25350.0,23935.53125,3176800.0
2025-09-08,25700.0,27000.0,25475.0,26450.0,24974.154296875,11781400.0
2025-09-09,26450.0,27500.0,26450.0,27200.0,25682.3046875,8888100.0
2025-09-10,27200.0,27250.0,26350.0,26350.0,24879.734375,3134400.0
2025-09-11,27175.0,27175.0,26350.0,26525.0,25044.96875,2943000.0
2025-09-12,26650.0,26650.0,26175.0,26475.0,24997.759765625,2220400.0
2025-09-15,26700.0,27075.0,26300.0,26300.0,24832.5234375,3309300.0
2025-09-16,26450.0,26775.0,26225.0,26700.0,25210.205078125,2320300.0
2025-09-17,26725.0,27000.0,26725.0,27000.0,25493.46484375,2792600.0
2025-09-18,27000.0,27000.0,26400.0,26400.0,24926.943359375,3305400.0
2025-09-19,26625.0,26775.0,26300.0,26750.0,25257.416015625,3614500.0
2025-09-22,26950.0,26975.0,26550.0,26750.0,25257.416015625,2093900.0
2025-09-23,26850.0,27250.0,26675.0,27200.0,25682.3046875,3277000.0
2025-09-24,27450.0,27450.0,26650.0,26650.0,25162.99609375,2905500.0
2025-09-25,26700.0,26900.0,26425.0,26675.0,25186.599609375,2227700.0
2025-09-26,26700.0,26825.0,26325.0,26350.0,24879.734375,1811300.0
2025-09-29,26675.0,27150.0,26450.0,26925.0,25422.6484375,2710100.0
2025-09-30,27300.0,27300.0,26525.0,26775.0,25281.01953125,3295500.0
2025-10-01,26800.0,26800.0,26000.0,26050.0,24596.47265625,3451300.0
2025-10-02,26275.0,26325.0,26075.0,26150.0,24690.892578125,1119100.0
2025-10-03,26150.0,26875.0,26150.0,26500.0,25021.36328125,2096600.0
2025-10-06,26500.0,26525.0,26200.0,26400.0,24926.943359375,1812400.0
2025-10-07,26250.0,26300.0,25500.0,25600.0,24171.58203125,4114100.0
2025-10-08,25225.0,25225.0,24725.0,25175.0,24308.6953125,2331800.0
2025-10-09,25000.0,25975.0,25000.0,25850.0,24960.466796875,2619800.0
2025-10-10,25750.0,25900.0,25300.0,25600.0,24719.0703125,2095300.0
2025-10-13,25025.0,26125.0,25025.0,26000.0,25105.306640625,2941600.0
2025-10-14,26200.0,26225.0,25500.0,25525.0,24646.650390625,1736200.0
2025-10-15,25875.0,26000.0,25525.0,25950.0,25057.02734375,2045800.0
2025-10-16,26000.0,26100.0,25825.0,25975.0,25081.166015625,1187600.0
2025-10-17,25975.0,27200.0,25975.0,26950.0,26022.615234375,7298900.0
2025-10-20,27000.0,27000.0,26025.0,26600.0,25684.658203125,3474200.0
2025-10-21,26800.0,26975.0,26475.0,26950.0,26022.615234375,4098600.0
2025-10-22,26475.0,27125.0,26150.0,26875.0,25950.1953125,4310200.0
2025-10-23,26600.0,27375.0,26600.0,27300.0,26360.5703125,2807400.0
2025-10-24,27300.0,27450.0,27125.0,27125.0,26191.59375,2606300.0
2025-10-27,27025.0,27925.0,27025.0,27900.0,26939.923828125,5861000.0
2025-10-28,27975.0,28000.0,27625.0,27625.0,26674.38671875,3128400.0
2025-10-29,27625.0,27975.0,27525.0,27625.0,26674.38671875,2460300.0
2025-10-30,27600.0,27975.0,27400.0,27975.0,27012.34375,2818600.0
2025-10-31,27975.0,28475.0,26775.0,26900.0,25974.3359375,12245200.0
2025-11-03,26775.0,27500.0,26775.0,27275.0,26336.431640625,4994700.0
2025-11-04,27250.0,27400.0,26800.0,27200.0,26264.01171875,6373900.0
2025-11-05,27200.0,27200.0,26650.0,27000.0,26070.89453125,4335300.0
2025-11-06,26900.0,27375.0,26850.0,27375.0,26432.990234375,2596200.0
2025-11-07,27375.0,27575.0,27200.0,27500.0,26553.689453125,1718000.0
2025-11-10,27700.0,27950.0,27550.0,27875.0,26915.78515625,2620400.0
2025-11-11,27975.0,28000.0,27775.0,27950.0,26988.203125,1783100.0
2025-11-12,27875.0,28350.0,27750.0,28300.0,27326.16015625,4204400.0
2025-11-13,28300.0,28450.0,28125.0,28250.0,27277.880859375,2214000.0
2025-11-14,28250.0,28250.0,27900.0,28050.0,27084.763671875,1727200.0
2025-11-17,28000.0,28250.0,27975.0,28025.0,27060.623046875,1640800.0
2025-11-18,28025.0,28200.0,27150.0,27250.0,26312.291015625,3085600.0
2025-11-19,27250.0,27425.0,27175.0,27300.0,26360.5703125,2083900.0
2025-11-20,27350.0,27550.0,27000.0,27000.0,26070.89453125,2288100.0
2025-11-21,27000.0,27150.0,26900.0,27025.0,26095.03515625,2051500.0
2025-11-24,27000.0,27350.0,26700.0,27300.0,26360.5703125,6369800.0
2025-11-25,27800.0,27800.0,27150.0,27375.0,26432.990234375,2328200.0
2025-11-26,27450.0,27800.0,27325.0,27800.0,26843.365234375,2627300.0
2025-11-27,27900.0,28375.0,27675.0,28350.0,27374.439453125,3673200.0
2025-11-28,28350.0,28425.0,28000.0,28000.0,27036.482421875,2742600.0
2025-12-01,27125.0,27975.0,27125.0,27975.0,27012.34375,3000800.0
2025-12-02,27925.0,28700.0,27925.0,28525.0,27543.41796875,4451300.0
2025-12-03,28475.0,28800.0,28475.0,28700.0,27712.39453125,2378800.0
2025-12-04,29000.0,30675.0,28800.0,30675.0,29619.43359375,12219400.0
2025-12-05,30825.0,31000.0,30100.0,30850.0,29788.41015625,5572500.0
2025-12-08,30650.0,30650.0,29200.0,29350.0,28340.02734375,5912500.0
2025-12-09,29500.0,29800.0,28950.0,29500.0,28484.8671875,6501700.0
2025-12-10,29725.0,30000.0,29300.0,30000.0,28967.66015625,3015900.0
2025-12-11,29800.0,29800.0,29325.0,29425.0,28412.447265625,3297600.0
2025-12-12,29750.0,29750.0,28600.0,28875.0,27881.373046875,4647700.0
2025-12-15,28800.0,28800.0,28300.0,28350.0,27374.439453125,3238700.0
2025-12-16,28350.0,28450.0,28150.0,28150.0,27181.322265625,2697300.0
2025-12-17,28150.0,28200.0,27850.0,28050.0,27084.763671875,5006500.0
2025-12-18,28050.0,28975.0,28025.0,28975.0,27977.931640625,4630000.0
2025-12-19,29325.0,30125.0,28975.0,29800.0,28774.54296875,14764500.0
2025-12-22,29425.0,30500.0,29200.0,29975.0,28943.521484375,5642100.0
2025-12-23,29850.0,30250.0,29675.0,29800.0,28774.54296875,2561000.0
2025-12-24,29575.0,30000.0,29575.0,29650.0,28629.705078125,1669600.0
2025-12-29,29625.0,29800.0,29375.0,29600.0,28581.42578125,3747900.0
2025-12-30,29600.0,29800.0,29400.0,29500.0,28484.8671875,4433400.0
2026-01-02,29050.0,30100.0,29050.0,30100.0,29064.21875,2932800.0
2026-01-05,30000.0,31200.0,29975.0,30800.0,29740.130859375,5271500.0
2026-01-06,30800.0,31275.0,30450.0,31275.0,30198.787109375,4260000.0
2026-01-07,31275.0,31800.0,31250.0,31500.0,30416.04296875,4616800.0
2026-01-08,31100.0,31750.0,31100.0,31650.0,30560.8828125,2504900.0
2026-01-09,31125.0,31800.0,31125.0,31500.0,30416.04296875,4066400.0
2026-01-12,31625.0,31900.0,30900.0,31350.0,30271.205078125,2643600.0
2026-01-13,31350.0,31550.0,31100.0,31450.0,30367.763671875,2386400.0
2026-01-14,31450.0,31825.0,31125.0,31500.0,30416.04296875,2675500.0
2026-01-15,31300.0,31675.0,31050.0,31050.0,29981.529296875,2853700.0
2026-01-19,31000.0,31775.0,30725.0,31500.0,30416.04296875,3893200.0
2026-01-20,31100.0,32000.0,31100.0,31975.0,30874.69921875,5647100.0
2026-01-21,27200.0,28425.0,27200.0,27200.0,26264.01171875,46189400.0
2026-01-22,27225.0,27675.0,26075.0,27450.0,26505.41015625,29386100.0
2026-01-23,27750.0,27975.0,27150.0,27275.0,26336.431640625,5197700.0
2026-01-26,27500.0,27800.0,27225.0,27275.0,26336.431640625,7015600.0
2026-01-27,27000.0,27000.0,24550.0,25675.0,24791.490234375,21562000.0
2026-01-28,24300.0,25125.0,23775.0,24950.0,24091.4375,20669600.0
2026-01-29,24950.0,24950.0,22625.0,24400.0,23560.36328125,13460000.0
2026-01-30,24900.0,26100.0,24750.0,26050.0,25153.5859375,14599200.0
2026-02-02,26450.0,26450.0,24075.0,24450.0,23608.642578125,8495900.0
2026-02-03,24600.0,26525.0,24475.0,26175.0,25274.283203125,8608000.0
2026-02-04,27000.0,28125.0,26550.0,27850.0,26891.64453125,13042700.0
2026-02-05,27850.0,27850.0,27150.0,27400.0,26457.130859375,5215200.0
2026-02-06,27000.0,27050.0,26225.0,26400.0,25491.541015625,5591300.0
2026-02-09,26950.0,27150.0,26600.0,27000.0,26070.89453125,4055300.0
2026-02-10,27325.0,27625.0,27150.0,27475.0,26529.548828125,5781600.0
2026-02-11,27450.0,28600.0,27450.0,28450.0,27470.998046875,7662800.0
2026-02-12,29000.0,30100.0,28750.0,28750.0,27760.673828125,8902300.0
2026-02-13,29300.0,29475.0,28900.0,29400.0,28388.306640625,6423500.0
2026-02-18,29500.0,29975.0,28875.0,29975.0,28943.521484375,6128700.0
2026-02-19,29975.0,30875.0,29800.0,30275.0,29233.197265625,6794600.0
2026-02-20,30275.0,30900.0,30225.0,30725.0,29667.712890625,3743400.0
2026-02-23,30725.0,30800.0,30275.0,30725.0,29667.712890625,4506600.0
2026-02-24,30725.0,30925.0,30300.0,30800.0,29740.130859375,5270600.0
2026-02-25,30875.0,31500.0,30725.0,31500.0,30416.04296875,3953100.0
2026-02-26,31500.0,31500.0,30050.0,30400.0,29353.896484375,4379000.0
2026-02-27,29975.0,29975.0,28475.0,28600.0,27615.8359375,10181300.0
2026-03-02,28725.0,29450.0,28625.0,28700.0,27712.39453125,3834500.0
2026-03-03,28700.0,29975.0,28700.0,29450.0,28436.5859375,4095100.0
2026-03-04,30000.0,30000.0,28625.0,28900.0,27905.513671875,6998000.0
2026-03-05,29000.0,29750.0,28900.0,29625.0,28605.564453125,3964900.0
2026-03-06,29600.0,29775.0,29075.0,29700.0,28677.984375,3331200.0
2026-03-09,29450.0,29575.0,28650.0,29575.0,28557.28515625,4326200.0
2026-03-10,30000.0,30475.0,29700.0,29775.0,28750.40234375,4821100.0
2026-03-11,30425.0,30425.0,29000.0,29000.0,28002.072265625,3405900.0
2026-03-12,29375.0,29975.0,29025.0,29975.0,28943.521484375,3435000.0
2026-03-13,29925.0,29950.0,29075.0,29075.0,28074.490234375,2328200.0
2026-03-16,28800.0,29700.0,28575.0,29475.0,28460.7265625,2908000.0
2026-03-17,30000.0,30250.0,29725.0,30000.0,28967.66015625,5571900.0
2026-03-25,30750.0,30900.0,30300.0,30775.0,29715.9921875,5282600.0
2026-03-26,30775.0,30875.0,30300.0,30800.0,29740.130859375,4291000.0
2026-03-27,30800.0,30850.0,30000.0,30600.0,29547.013671875,3464100.0
2026-03-30,30825.0,31450.0,30300.0,31125.0,30053.947265625,2942900.0
2026-03-31,31125.0,31200.0,30400.0,31050.0,29981.529296875,5621600.0
2026-04-01,31000.0,31800.0,30650.0,30925.0,29860.830078125,5616400.0
2026-04-02,30925.0,31500.0,30500.0,30750.0,29691.8515625,2966100.0
2026-04-06,30600.0,30725.0,30350.0,30550.0,29498.734375,955600.0
2026-04-07,30625.0,30725.0,29750.0,30000.0,28967.66015625,1611800.0
2026-04-08,29800.0,31125.0,29700.0,31100.0,30029.80859375,2841700.0
2026-04-09,29600.0,30625.0,29600.0,30025.0,28991.80078125,3237800.0
2026-04-10,30050.0,31400.0,30050.0,31300.0,30222.92578125,5090400.0
2026-04-13,31300.0,31300.0,30825.0,30875.0,29812.55078125,1164700.0
2026-04-14,30600.0,31400.0,30600.0,31300.0,30222.92578125,3921900.0
2026-04-15,31300.0,31475.0,31125.0,31475.0,30391.904296875,2887900.0
2026-04-16,31400.0,31875.0,31300.0,31475.0,30391.904296875,3008600.0
2026-04-17,31475.0,32050.0,31475.0,31700.0,30609.162109375,2600100.0
2026-04-20,31750.0,31775.0,31450.0,31600.0,30512.603515625,1659300.0
2026-04-21,32000.0,32225.0,31725.0,31975.0,30874.69921875,3372500.0
2026-04-22,32400.0,32550.0,32200.0,32500.0,31381.6328125,3460500.0
2026-04-23,32625.0,32825.0,32200.0,32500.0,31381.6328125,3299700.0
2026-04-24,32500.0,32500.0,31650.0,31850.0,30754.0,2912800.0
2026-04-27,31425.0,31425.0,30200.0,30675.0,30675.0,2868500.0
2026-04-28,30675.0,30750.0,30100.0,30175.0,30175.0,2181700.0
2026-04-29,30250.0,30975.0,30100.0,30425.0,30425.0,1691600.0
2026-04-30,29975.0,29975.0,28500.0,29050.0,29050.0,7029800.0
2026-05-04,29000.0,29400.0,28500.0,29100.0,29100.0,3439500.0
2026-05-05,29100.0,29175.0,28750.0,28750.0,28750.0,2598800.0
2026-05-06,29000.0,29350.0,28700.0,29350.0,29350.0,2535000.0
2026-05-07,29400.0,29575.0,29275.0,29550.0,29550.0,1826700.0
2026-05-08,29550.0,29550.0,27400.0,27400.0,27400.0,4791100.0
2026-05-11,27575.0,27800.0,27175.0,27175.0,27175.0,3776000.0
2026-05-12,27200.0,27400.0,26250.0,27175.0,27175.0,3876600.0
2026-05-13,27175.0,27200.0,26600.0,26900.0,26900.0,2598700.0
2026-05-14,26900.0,26900.0,26900.0,26900.0,26900.0,0.0
2026-05-15,26900.0,26900.0,26900.0,26900.0,26900.0,0.0
2026-05-18,26900.0,26900.0,25600.0,26475.0,26475.0,5329700.0
2026-05-19,26600.0,26650.0,25400.0,25500.0,25500.0,3883000.0
2026-05-20,25500.0,25500.0,24700.0,24850.0,24850.0,3562100.0
2026-05-21,24900.0,25275.0,23850.0,24100.0,24100.0,2919700.0
2026-05-22,24100.0,24225.0,23500.0,24050.0,24050.0,5451100.0
2026-05-25,24075.0,24975.0,24000.0,24575.0,24575.0,4283500.0
2026-05-26,24575.0,24650.0,23625.0,23800.0,23800.0,5015300.0
2026-05-27,23800.0,23800.0,23800.0,23800.0,23800.0,0.0
2026-05-28,23800.0,23800.0,23800.0,23800.0,23800.0,0.0
2026-05-29,23200.0,24000.0,22925.0,22925.0,22925.0,28939600.0
2026-06-02,22600.0,23000.0,22100.0,22500.0,22500.0,8257600.0
2026-06-03,22675.0,22775.0,21725.0,22000.0,22000.0,7258900.0
2026-06-04,22025.0,22125.0,21500.0,22000.0,22000.0,6039600.0
2026-06-05,21750.0,21825.0,21200.0,21250.0,21250.0,5219300.0
2026-06-08,21200.0,21275.0,20425.0,20875.0,20875.0,5393000.0
2026-06-09,20875.0,21875.0,20125.0,21875.0,21875.0,5605400.0
2026-06-10,21850.0,22325.0,21475.0,22000.0,22000.0,6375900.0
2026-06-11,22075.0,22200.0,21200.0,21750.0,21750.0,4444900.0
2026-06-12,21900.0,22825.0,21900.0,22500.0,22500.0,5608900.0
2026-06-15,22750.0,23300.0,22675.0,22750.0,22750.0,5603800.0
2026-06-17,22775.0,23200.0,22775.0,23000.0,23000.0,2812200.0
2026-06-18,23000.0,23000.0,22400.0,22800.0,22800.0,7435400.0
2026-06-19,22850.0,23175.0,22575.0,22675.0,22675.0,17466500.0
2026-06-22,22975.0,22975.0,22325.0,22325.0,22325.0,5489500.0
2026-06-23,22350.0,22575.0,22250.0,22500.0,22500.0,3731800.0
2026-06-24,22500.0,22800.0,21900.0,22000.0,22000.0,4021000.0
2026-06-25,22100.0,22525.0,21875.0,22500.0,22500.0,6633000.0
2026-06-26,22525.0,22600.0,21900.0,22600.0,22600.0,5771900.0
2026-06-29,22600.0,22725.0,22100.0,22575.0,22575.0,2991600.0
2026-06-30,22500.0,23000.0,21975.0,23000.0,23000.0,5806300.0
2026-07-01,23000.0,23000.0,22000.0,22025.0,22025.0,3260800.0
2026-07-02,22025.0,22800.0,22025.0,22800.0,22800.0,3250400.0
2026-07-03,22800.0,24300.0,22800.0,24000.0,24000.0,4589100.0
2026-07-06,24000.0,24000.0,23600.0,23800.0,23800.0,2241800.0
2026-07-07,23800.0,24050.0,23725.0,24000.0,24000.0,3165900.0
2026-07-08,24000.0,24550.0,23825.0,24300.0,24300.0,3202100.0
2026-07-09,24300.0,24375.0,23825.0,24050.0,24050.0,2807200.0
2026-07-10,24150.0,24600.0,24125.0,24500.0,24500.0,3530400.0
2026-07-13,24750.0,25900.0,24575.0,25900.0,25900.0,5522400.0
2026-07-14,25900.0,27650.0,25600.0,27500.0,27500.0,5239300.0
2026-07-15,26725.0,27550.0,26525.0,27400.0,27400.0,3349900.0
2026-07-16,27000.0,27300.0,26900.0,26925.0,26925.0,5460400.0
2026-07-17,26950.0,27100.0,26550.0,26550.0,26550.0,3399300.0
2026-07-20,26550.0,26750.0,25925.0,26200.0,26200.0,5489400.0
2026-07-21,26500.0,26500.0,25975.0,26100.0,26100.0,4167600.0
2026-07-22,26100.0,26100.0,25500.0,25550.0,25550.0,3860800.0
2026-07-23,25525.0,26175.0,25350.0,25500.0,25500.0,4396900.0
2026-07-24,25500.0,25650.0,25250.0,25500.0,25500.0,3622000.0
2026-07-27,25400.0,25675.0,25125.0,25400.0,25400.0,2856500.0
2026-07-28,25400.0,25500.0,25000.0,25000.0,25000.0,3292200.0
2026-07-29,25000.0,25100.0,24500.0,24500.0,24500.0,4799300.0
2026-07-30,23975.0,24250.0,23425.0,24250.0,24250.0,9314000.0
2026-07-31,24000.0,24100.0,23825.0,23950.0,23950.0,6777400.0
2026-08-03,24900.0,24900.0,23700.0,23800.0,23800.0,4528600.0
2026-08-04,23800.0,24000.0,23700.0,24000.0,24000.0,4196500.0
2026-08-05,23975.0,24000.0,23725.0,23800.0,23800.0,5001400.0
2026-08-06,23975.0,24000.0,23625.0,23800.0,23800.0,3604900.0
2026-08-07,23800.0,23800.0,23675.0,23675.0,23675.0,3126900.0
2026-08-10,23675.0,24450.0,23650.0,24050.0,24050.0,4484600.0
2026-08-11,24050.0,24100.0,23625.0,23625.0,23625.0,3289700.0
2026-08-12,23625.0,23625.0,23250.0,23300.0,23300.0,4416100.0
2026-08-13,23325.0,23575.0,23075.0,23075.0,23075.0,3430900.0
2026-08-14,23125.0,23425.0,23075.0,23275.0,23275.0,2698800.0
2026-08-18,23500.0,24025.0,23325.0,23325.0,23325.0,4130500.0
2026-08-19,23400.0,23900.0,23300.0,23575.0,23575.0,1940700.0
2026-08-20,23950.0,23975.0,23650.0,23825.0,23825.0,5422900.0
2026-08-21,23875.0,24000.0,23700.0,23900.0,23900.0,3736300.0
2026-08-24,23850.0,24275.0,23750.0,24125.0,24125.0,3088600.0
2026-08-25,24125.0,24125.0,24125.0,24125.0,24125.0,0.0
2026-08-26,24150.0,24300.0,23850.0,23850.0,23850.0,8561500.0
2026-08-27,23925.0,24475.0,23850.0,24475.0,24475.0,1865900.0
2026-08-28,24475.0,24475.0,24000.0,24000.0,24000.0,3900400.0
2026-08-31,24000.0,24350.0,23725.0,24200.0,24200.0,11778800.0
2026-09-01,24200.0,26000.0,24150.0,25575.0,25575.0,7683500.0
2026-09-02,25600.0,25675.0,24950.0,25050.0,25050.0,4146100.0
2026-09-03,25050.0,25875.0,25050.0,25300.0,25300.0,3627200.0
2026-09-04,25375.0,25400.0,24950.0,24950.0,24950.0,3324100.0
2026-09-07,25175.0,25850.0,25100.0,25300.0,25300.0,2415300.0
2026-09-08,25450.0,25975.0,25400.0,25875.0,25875.0,2465400.0
2026-09-09,25825.0,26125.0,25475.0,26000.0,26000.0,5932800.0
2026-09-10,26025.0,26975.0,26025.0,26375.0,26375.0,5299700.0
2026-09-11,26400.0,26550.0,26000.0,26300.0,26300.0,2728900.0
2026-09-14,26400.0,26800.0,26250.0,26400.0,26400.0,3504700.0
2026-09-15,26400.0,26500.0,26050.0,26100.0,26100.0,3085100.0
2026-09-16,26300.0,26400.0,26000.0,26075.0,26075.0,3413600.0
2026-09-17,26025.0,26400.0,25700.0,25700.0,25700.0,3053100.0
2026-09-18,25750.0,25900.0,24825.0,24825.0,24825.0,7669800.0
2026-09-21,25125.0,25200.0,24600.0,24700.0,24700.0,2826000.0
2026-09-22,24725.0,25000.0,24325.0,24325.0,24325.0,4116400.0
