Date,Open,High,Low,Close,Adj Close,Volume
2016-09-22,9060.0,9060.0,8860.0,8960.0,6119.6904296875,8543500
2016-09-23,9110.0,9110.0,8805.0,9110.0,6222.14208984375,13743000
2016-09-26,9020.0,9025.0,8900.0,8970.0,6126.5205078125,8890000
2016-09-27,8985.0,9085.0,8820.0,9085.0,6205.064453125,9685500
2016-09-28,9085.0,9170.0,9025.0,9090.0,6208.47998046875,8513500
2016-09-29,9200.0,9200.0,9030.0,9140.0,6242.6298828125,6547500
2016-09-30,9000.0,9090.0,8880.0,8910.0,6085.541015625,16182000
2016-10-03,8910.0,9040.0,8910.0,9040.0,6174.33056640625,7613500
2016-10-04,9040.0,9065.0,8940.0,9010.0,6153.8408203125,8721500
2016-10-05,9000.0,9000.0,8905.0,8965.0,6123.10595703125,6811500
2016-10-06,8995.0,9040.0,8910.0,9035.0,6170.9140625,4423000
2016-10-07,8905.0,9015.0,8890.0,8900.0,6078.70947265625,7042500
2016-10-10,8890.0,8950.0,8840.0,8920.0,6092.36962890625,3833500
2016-10-11,8865.0,9050.0,8860.0,9050.0,6181.16015625,9922000
2016-10-12,9050.0,9050.0,8905.0,9000.0,6147.01123046875,8362000
2016-10-13,8905.0,8960.0,8875.0,8900.0,6078.70947265625,11205000
2016-10-14,8900.0,9010.0,8875.0,9000.0,6147.01123046875,8837500
2016-10-17,8900.0,8945.0,8870.0,8945.0,6109.4453125,8730500
2016-10-18,8920.0,8950.0,8880.0,8895.0,6075.29541015625,5930500
2016-10-19,8880.0,8890.0,8840.0,8865.0,6054.80517578125,9793500
2016-10-20,8840.0,8885.0,8820.0,8860.0,6051.3896484375,7724000
2016-10-21,8840.0,8885.0,8825.0,8830.0,6030.90087890625,9579500
2016-10-24,8855.0,8920.0,8845.0,8880.0,6065.05029296875,6481500
2016-10-25,8880.0,8920.0,8880.0,8885.0,6068.46435546875,3372000
2016-10-26,8830.0,8905.0,8830.0,8900.0,6078.70947265625,29380500
2016-10-27,8890.0,8890.0,8850.0,8885.0,6068.46435546875,9740500
2016-10-28,8870.0,8935.0,8870.0,8905.0,6082.125,3799500
2016-10-31,8920.0,8920.0,8845.0,8895.0,6075.29541015625,16500000
2016-11-01,8910.0,8910.0,8870.0,8890.0,6071.87890625,7860500
2016-11-02,8885.0,8895.0,8850.0,8885.0,6068.46435546875,4580000
2016-11-03,8860.0,8900.0,8835.0,8835.0,6034.31494140625,10304500
2016-11-04,8820.0,8830.0,8770.0,8795.0,6006.9951171875,8900500
2016-11-07,8855.0,8855.0,8760.0,8800.0,6010.40869140625,7680000
2016-11-08,8820.0,8900.0,8805.0,8875.0,6061.63525390625,4887500
2016-11-09,8900.0,8900.0,8815.0,8875.0,6061.63525390625,4272500
2016-11-10,8895.0,8900.0,8740.0,8740.0,5969.43115234375,6658000
2016-11-11,8740.0,8740.0,8200.0,8200.0,5600.60888671875,25943500
2016-11-14,8220.0,8260.0,7955.0,8200.0,5600.60888671875,20385000
2016-11-15,8200.0,8220.0,8140.0,8195.0,5597.19384765625,24557000
2016-11-16,8300.0,8370.0,8220.0,8220.0,5614.26904296875,10789000
2016-11-17,8270.0,8280.0,8000.0,8100.0,5532.30859375,12753500
2016-11-18,8040.0,8050.0,7920.0,8050.0,5498.15869140625,9546500
2016-11-21,8005.0,8030.0,7960.0,8000.0,5464.0107421875,8153000
2016-11-22,8020.0,8050.0,7960.0,7960.0,5436.689453125,8661500
2016-11-23,7960.0,8120.0,7955.0,8090.0,5525.47900390625,13188500
2016-11-24,8090.0,8090.0,8000.0,8020.0,5477.66943359375,5289500
2016-11-25,8020.0,8045.0,7995.0,8040.0,5491.3291015625,3128000
2016-11-28,8000.0,8030.0,7960.0,8020.0,5477.66943359375,6196000
2016-11-29,7990.0,8190.0,7985.0,8125.0,5549.384765625,5960500
2016-11-30,8125.0,8200.0,8105.0,8105.0,5535.72412109375,16699000
2016-12-01,8180.0,8420.0,8125.0,8385.0,5726.9638671875,8930500
2016-12-02,8400.0,8480.0,8270.0,8480.0,5791.8486328125,6132500
2016-12-05,8480.0,8485.0,8365.0,8445.0,5767.94482421875,10806000
2016-12-06,8400.0,8430.0,8310.0,8360.0,5761.052734375,10034000
2016-12-07,8390.0,8395.0,8250.0,8265.0,5695.58740234375,11687000
2016-12-08,8250.0,8330.0,8250.0,8290.0,5712.81494140625,9661500
2016-12-09,8250.0,8290.0,8215.0,8290.0,5712.81494140625,7430000
2016-12-13,8290.0,8290.0,8100.0,8145.0,5612.8916015625,12197500
2016-12-14,8200.0,8200.0,8000.0,8010.0,5519.8603515625,12759000
2016-12-15,8010.0,8090.0,7990.0,8030.0,5533.64306640625,11335000
2016-12-16,8140.0,8140.0,7995.0,7995.0,5509.5234375,19354500
2016-12-19,7995.0,8000.0,7950.0,7970.0,5492.29638671875,15589000
2016-12-20,7965.0,7985.0,7925.0,7930.0,5464.7314453125,15179000
2016-12-21,7920.0,8015.0,7700.0,7700.0,5306.23388671875,12917500
2016-12-22,7700.0,7700.0,7590.0,7595.0,5233.87548828125,11090500
2016-12-23,7570.0,7610.0,7565.0,7575.0,5220.09326171875,11779000
2016-12-27,7575.0,7725.0,7575.0,7640.0,5264.8857421875,8392000
2016-12-28,7740.0,7955.0,7740.0,7860.0,5416.49267578125,9242500
2016-12-29,7880.0,8040.0,7880.0,8000.0,5512.9697265625,19092500
2016-12-30,8000.0,8080.0,7740.0,7760.0,5347.58056640625,11107000
2017-01-02,7760.0,7760.0,7760.0,7760.0,5347.58056640625,0
2017-01-03,7800.0,7840.0,7760.0,7765.0,5351.0263671875,5014500
2017-01-04,7770.0,8070.0,7770.0,8040.0,5540.5341796875,10642000
2017-01-05,8100.0,8110.0,8005.0,8110.0,5588.77294921875,10493500
2017-01-06,8060.0,8190.0,7965.0,8120.0,5595.66455078125,5400500
2017-01-09,8120.0,8150.0,8010.0,8030.0,5533.64306640625,14270500
2017-01-10,8130.0,8130.0,7940.0,8020.0,5526.751953125,9536000
2017-01-11,8100.0,8100.0,7945.0,7995.0,5509.5234375,10807500
2017-01-12,7995.0,8010.0,7970.0,7990.0,5506.07861328125,18933500
2017-01-13,8030.0,8040.0,7920.0,7920.0,5457.83984375,16274500
2017-01-16,7920.0,7970.0,7900.0,7925.0,5461.28564453125,14102500
2017-01-17,7900.0,7970.0,7880.0,7925.0,5461.28564453125,5194000
2017-01-18,7970.0,8180.0,7890.0,8180.0,5637.01123046875,8547000
2017-01-19,8180.0,8180.0,8060.0,8080.0,5568.09912109375,11411000
2017-01-20,8040.0,8100.0,7960.0,8100.0,5581.88232421875,4806500
2017-01-23,8010.0,8240.0,7915.0,8240.0,5678.3583984375,4978500
2017-01-24,8235.0,8400.0,8090.0,8400.0,5788.61865234375,7744000
2017-01-25,8400.0,8400.0,8320.0,8380.0,5774.83642578125,4441000
2017-01-26,8380.0,8400.0,8205.0,8360.0,5761.052734375,4564500
2017-01-27,8300.0,8375.0,8200.0,8340.0,5747.27099609375,6680500
2017-01-30,8260.0,8350.0,8210.0,8265.0,5695.58740234375,3937500
2017-01-31,8240.0,8320.0,8220.0,8240.0,5678.3583984375,5297500
2017-02-01,8345.0,8345.0,8220.0,8255.0,5688.6953125,5480000
2017-02-02,8255.0,8310.0,8225.0,8310.0,5726.59716796875,8396000
2017-02-03,8250.0,8400.0,8250.0,8400.0,5788.61865234375,7854500
2017-02-06,8270.0,8370.0,8255.0,8340.0,5747.27099609375,10406000
2017-02-07,8280.0,8345.0,8280.0,8345.0,5750.71728515625,7658500
2017-02-08,8340.0,8355.0,8295.0,8345.0,5750.71728515625,13802000
2017-02-09,8340.0,8420.0,8310.0,8365.0,5764.49853515625,10496000
2017-02-10,8385.0,8580.0,8375.0,8520.0,5871.31201171875,11434500
2017-02-13,8535.0,8575.0,8470.0,8485.0,5847.193359375,7033000
2017-02-14,8480.0,8550.0,8440.0,8485.0,5847.193359375,6386500
2017-02-15,8485.0,8485.0,8485.0,8485.0,5847.193359375,0
2017-02-16,8560.0,8560.0,8500.0,8520.0,5871.31201171875,5261500
2017-02-17,8545.0,8550.0,8500.0,8520.0,5871.31201171875,5510000
2017-02-20,8570.0,8580.0,8410.0,8420.0,5802.400390625,2679000
2017-02-21,8470.0,8555.0,8455.0,8550.0,5891.98681640625,3526500
2017-02-22,8580.0,8580.0,8450.0,8575.0,5909.21435546875,3714000
2017-02-23,8540.0,8540.0,8435.0,8450.0,5823.07421875,3569000
2017-02-24,8420.0,8510.0,8415.0,8450.0,5823.07421875,3763500
2017-02-27,8460.0,8565.0,8425.0,8450.0,5823.07421875,4240500
2017-02-28,8520.0,8520.0,8425.0,8435.0,5812.7373046875,8622500
2017-03-01,8420.0,8470.0,8380.0,8435.0,5812.7373046875,7570000
2017-03-02,8495.0,8505.0,8420.0,8420.0,5802.400390625,5019500
2017-03-03,8420.0,8430.0,8365.0,8395.0,5785.17236328125,6217500
2017-03-06,8395.0,8480.0,8395.0,8475.0,5840.302734375,4533500
2017-03-07,8475.0,8500.0,8425.0,8495.0,5854.08447265625,3158000
2017-03-08,8470.0,8495.0,8460.0,8485.0,5847.193359375,5689000
2017-03-09,8485.0,8485.0,8400.0,8485.0,5847.193359375,3264000
2017-03-10,8500.0,8500.0,8370.0,8460.0,5829.9658203125,4783500
2017-03-13,8410.0,8480.0,8410.0,8480.0,5843.74658203125,2544000
2017-03-14,8480.0,8510.0,8440.0,8440.0,5816.18408203125,2946000
2017-03-15,8445.0,8480.0,8375.0,8435.0,5812.7373046875,4130000
2017-03-16,8445.0,8720.0,8435.0,8720.0,6009.13671875,7009000
2017-03-17,8720.0,8840.0,8600.0,8800.0,6064.26611328125,25389000
2017-03-20,8780.0,8800.0,8680.0,8785.0,6053.9306640625,7018000
2017-03-21,8785.0,8795.0,8695.0,8785.0,6053.9306640625,11059000
2017-03-22,8685.0,8685.0,8505.0,8570.0,5905.7685546875,17937000
2017-03-23,8570.0,8640.0,8500.0,8500.0,5857.53076171875,6258500
2017-03-24,8440.0,8630.0,8440.0,8630.0,5947.1162109375,5829000
2017-03-27,8670.0,8700.0,8620.0,8670.0,5974.68017578125,4163500
2017-03-29,8670.0,8800.0,8670.0,8730.0,6016.029296875,10144500
2017-03-30,8740.0,8760.0,8550.0,8740.0,6022.92041015625,5878000
2017-03-31,8680.0,8700.0,8595.0,8665.0,5971.23583984375,11354500
2017-04-03,8680.0,8795.0,8680.0,8775.0,6047.0390625,14857500
2017-04-04,8775.0,8855.0,8685.0,8855.0,6102.16796875,8027000
2017-04-05,8855.0,8855.0,8855.0,8855.0,6102.16796875,0
2017-04-06,9000.0,9000.0,8915.0,9000.0,6202.09130859375,6647500
2017-04-07,9000.0,9080.0,8980.0,9020.0,6215.8740234375,10242500
2017-04-10,9040.0,9065.0,8980.0,9060.0,6243.43798828125,3269000
2017-04-11,9080.0,9100.0,8980.0,8980.0,6188.30859375,5696000
2017-04-12,9000.0,9095.0,9000.0,9095.0,6267.55810546875,3203000
2017-04-13,9100.0,9100.0,9005.0,9065.0,6246.8837890625,3820000
2017-04-17,9065.0,9100.0,9035.0,9060.0,6243.43798828125,5929500
2017-04-18,9060.0,9070.0,9030.0,9060.0,6243.43798828125,8118000
2017-04-19,9060.0,9060.0,9060.0,9060.0,6243.43798828125,0
2017-04-20,9085.0,9085.0,9030.0,9060.0,6243.43798828125,4249000
2017-04-21,9060.0,9120.0,8900.0,9105.0,6274.4482421875,6051000
2017-04-25,9090.0,9090.0,9020.0,9060.0,6243.43798828125,6080000
2017-04-26,8960.0,9160.0,8935.0,9160.0,6312.35009765625,10011500
2017-04-27,9155.0,9160.0,9045.0,9150.0,6305.458984375,9834000
2017-04-28,9080.0,9080.0,8865.0,8900.0,6133.1796875,9480500
2017-05-02,8970.0,9080.0,8960.0,9060.0,6243.43798828125,11603500
2017-05-03,9060.0,9085.0,9020.0,9020.0,6215.8740234375,3844500
2017-05-04,9035.0,9100.0,9000.0,9085.0,6260.666015625,12887500
2017-05-05,9110.0,9170.0,9075.0,9095.0,6267.55810546875,18200500
2017-05-08,9150.0,9260.0,9105.0,9200.0,6339.916015625,14577000
2017-05-09,9200.0,9285.0,9200.0,9240.0,6367.4794921875,13155000
2017-05-10,9240.0,9290.0,9220.0,9270.0,6388.1533203125,14584000
2017-05-12,9295.0,9405.0,9270.0,9360.0,6450.1748046875,16485000
2017-05-15,9370.0,9600.0,9370.0,9600.0,6615.56298828125,15043000
2017-05-16,9600.0,9715.0,9475.0,9560.0,6588.0,7529000
2017-05-17,9600.0,9620.0,9525.0,9550.0,6581.1064453125,12379000
2017-05-18,9550.0,9550.0,9360.0,9515.0,6556.98779296875,11714000
2017-05-19,9465.0,10005.0,9370.0,9750.0,6718.93212890625,11993000
2017-05-22,9900.0,9900.0,9455.0,9490.0,6539.7607421875,16544000
2017-05-23,9540.0,9730.0,9430.0,9730.0,6705.14697265625,11528500
2017-05-24,9510.0,9585.0,9450.0,9545.0,6577.66162109375,11251500
2017-05-26,9500.0,9605.0,9440.0,9540.0,6574.21484375,8029000
2017-05-29,9560.0,9580.0,9445.0,9465.0,6522.53076171875,4053500
2017-05-30,9440.0,9490.0,9200.0,9200.0,6339.916015625,10209000
2017-05-31,9280.0,9405.0,9215.0,9235.0,6364.03466796875,24250000
2017-06-01,9235.0,9235.0,9235.0,9235.0,6364.03466796875,0
2017-06-02,9250.0,9405.0,9250.0,9380.0,6463.9560546875,6941000
2017-06-05,9350.0,9440.0,9315.0,9435.0,6501.85888671875,3277000
2017-06-06,9430.0,9450.0,9360.0,9365.0,6453.61962890625,3346000
2017-06-07,9380.0,9470.0,9380.0,9440.0,6505.30322265625,4699500
2017-06-08,9440.0,9550.0,9435.0,9510.0,6553.5439453125,4918500
2017-06-09,9460.0,9620.0,9420.0,9510.0,6553.5439453125,5631000
2017-06-12,9540.0,9620.0,9440.0,9440.0,6505.30322265625,5031000
2017-06-13,9540.0,9595.0,9460.0,9580.0,6601.78125,3052000
2017-06-14,9580.0,9700.0,9570.0,9700.0,6684.4765625,9012500
2017-06-15,9700.0,9795.0,9670.0,9770.0,6732.71435546875,4430000
2017-06-16,9720.0,9770.0,9465.0,9560.0,6588.0,17764500
2017-06-19,9530.0,9580.0,9440.0,9520.0,6560.43359375,5516000
2017-06-20,9555.0,9685.0,9500.0,9650.0,6650.01953125,5140500
2017-06-21,9650.0,9800.0,9605.0,9800.0,6753.38671875,8036500
2017-06-22,9840.0,9900.0,9760.0,9760.0,6725.82373046875,8018000
2017-06-23,9760.0,9760.0,9760.0,9760.0,6725.82373046875,0
2017-06-26,9760.0,9760.0,9760.0,9760.0,6725.82373046875,0
2017-06-27,9760.0,9760.0,9760.0,9760.0,6725.82373046875,0
2017-06-28,9760.0,9760.0,9760.0,9760.0,6725.82373046875,0
2017-06-29,9760.0,9760.0,9760.0,9760.0,6725.82373046875,0
2017-06-30,9760.0,9760.0,9760.0,9760.0,6725.82373046875,0
2017-07-03,9900.0,9905.0,9730.0,9890.0,6815.408203125,14225000
2017-07-04,9770.0,9820.0,9745.0,9750.0,6718.93212890625,5706500
2017-07-05,9805.0,9860.0,9620.0,9700.0,6684.4765625,9309500
2017-07-06,9625.0,9790.0,9610.0,9780.0,6804.1396484375,4656500
2017-07-07,9700.0,9755.0,9560.0,9620.0,6692.8251953125,4487500
2017-07-10,9620.0,9630.0,9305.0,9345.0,6501.501953125,8638500
2017-07-11,9455.0,9500.0,9325.0,9500.0,6609.337890625,5419500
2017-07-12,9500.0,9700.0,9450.0,9660.0,6720.65234375,6120500
2017-07-13,9700.0,9720.0,9630.0,9700.0,6748.48095703125,10013000
2017-07-14,9630.0,9720.0,9535.0,9720.0,6762.39599609375,3841000
2017-07-17,9715.0,9715.0,9585.0,9665.0,6724.13037109375,5036500
2017-07-18,9600.0,9600.0,9485.0,9530.0,6630.20947265625,7084500
2017-07-19,9530.0,9530.0,9435.0,9500.0,6609.337890625,9267000
2017-07-20,9490.0,9660.0,9460.0,9655.0,6717.17431640625,6951500
2017-07-21,9655.0,9655.0,9525.0,9545.0,6640.64453125,3462500
2017-07-24,9580.0,9720.0,9560.0,9670.0,6727.611328125,10861500
2017-07-25,9670.0,9680.0,9600.0,9610.0,6685.86572265625,9731500
2017-07-26,9660.0,9680.0,9550.0,9550.0,6644.123046875,8408500
2017-07-27,9600.0,9600.0,9465.0,9560.0,6651.0810546875,10461000
2017-07-28,9560.0,9720.0,9475.0,9675.0,6731.0888671875,7681500
2017-07-31,9620.0,9910.0,9540.0,9790.0,6811.0966796875,17823000
2017-08-01,9820.0,9820.0,9680.0,9695.0,6745.00341796875,6125000
2017-08-02,9695.0,9705.0,9650.0,9695.0,6745.00341796875,6305500
2017-08-03,9650.0,9660.0,9535.0,9540.0,6637.166015625,13967500
2017-08-04,9525.0,9550.0,9505.0,9515.0,6619.77392578125,10639000
2017-08-07,9500.0,9530.0,9385.0,9415.0,6550.2021484375,11487500
2017-08-08,9445.0,9505.0,9440.0,9485.0,6598.90185546875,7408000
2017-08-09,9505.0,9620.0,9505.0,9620.0,6692.8251953125,10842000
2017-08-10,9560.0,9605.0,9475.0,9605.0,6682.38916015625,4518000
2017-08-11,9580.0,9580.0,9460.0,9500.0,6609.337890625,7609000
2017-08-14,9550.0,9700.0,9535.0,9650.0,6713.6962890625,4960500
2017-08-15,9645.0,9800.0,9580.0,9660.0,6720.65234375,6857500
2017-08-16,9760.0,9880.0,9640.0,9870.0,6866.75439453125,10184500
2017-08-17,9870.0,9870.0,9870.0,9870.0,6866.75439453125,0
2017-08-18,9840.0,9900.0,9830.0,9895.0,6884.14794921875,7911000
2017-08-21,9895.0,9900.0,9615.0,9665.0,6724.13037109375,4622500
2017-08-22,9680.0,9860.0,9680.0,9855.0,6856.3193359375,8817500
2017-08-23,9870.0,10000.0,9825.0,9985.0,6946.7626953125,6244000
2017-08-24,9970.0,9985.0,9690.0,9900.0,6887.626953125,8362000
2017-08-25,9940.0,10095.0,9810.0,9990.0,6950.24072265625,11047500
2017-08-28,9985.0,9985.0,9950.0,9960.0,6929.3701171875,3337500
2017-08-29,9985.0,10110.0,9955.0,10100.0,7026.76904296875,15226000
2017-08-30,10150.0,10200.0,10100.0,10100.0,7026.76904296875,12592500
2017-08-31,10200.0,10200.0,10045.0,10110.0,7033.7265625,8868000
2017-09-01,10110.0,10110.0,10110.0,10110.0,7033.7265625,0
2017-09-04,10110.0,10240.0,10110.0,10195.0,7092.86376953125,7962000
2017-09-05,10170.0,10205.0,10080.0,10200.0,7096.34228515625,4802000
2017-09-06,10100.0,10145.0,10080.0,10120.0,7040.68359375,7837000
2017-09-07,10120.0,10160.0,10090.0,10120.0,7040.68359375,5440500
2017-09-08,10120.0,10180.0,10100.0,10160.0,7068.5126953125,5309000
2017-09-11,10120.0,10200.0,10105.0,10105.0,7030.24853515625,4821000
2017-09-12,10120.0,10215.0,10115.0,10120.0,7040.68359375,6335500
2017-09-13,10120.0,10280.0,10120.0,10240.0,7124.1708984375,5244500
2017-09-14,10200.0,10350.0,10175.0,10220.0,7110.255859375,7497000
2017-09-15,10270.0,10300.0,10080.0,10185.0,7085.90625,13225500
2017-09-18,10185.0,10235.0,10015.0,10200.0,7096.34228515625,5104500
2017-09-19,10285.0,10285.0,10120.0,10200.0,7096.34228515625,9661000
2017-09-20,10200.0,10230.0,10105.0,10200.0,7096.34228515625,8159000
2017-09-21,10200.0,10200.0,10200.0,10200.0,7096.34228515625,0
2017-09-22,10200.0,10205.0,9975.0,10000.0,6957.1962890625,13066500
2017-09-25,10000.0,10005.0,9795.0,9940.0,6915.45361328125,9983000
2017-09-26,9940.0,9955.0,9830.0,9870.0,6866.75439453125,8519000
2017-09-27,9965.0,10030.0,9910.0,10000.0,6957.1962890625,10578500
2017-09-28,10025.0,10090.0,9815.0,9840.0,6845.88330078125,12687500
2017-09-29,9920.0,10070.0,9795.0,9795.0,6814.57568359375,9658000
2017-10-02,9840.0,10030.0,9840.0,10030.0,6978.06982421875,6749500
2017-10-03,10035.0,10235.0,10005.0,10165.0,7071.99169921875,11272000
2017-10-04,10200.0,10230.0,10165.0,10180.0,7082.42724609375,10373000
2017-10-05,10180.0,10180.0,10005.0,10020.0,6971.11279296875,8606000
2017-10-06,10100.0,10100.0,9980.0,9995.0,6953.71923828125,6094000
2017-10-09,10000.0,10055.0,9900.0,9960.0,6929.3701171875,5257500
2017-10-10,10000.0,10020.0,9840.0,9865.0,6863.275390625,8980500
2017-10-11,9860.0,9860.0,9725.0,9775.0,6800.6611328125,13506000
2017-10-12,9775.0,9900.0,9775.0,9800.0,6818.0546875,11075500
2017-10-13,9805.0,9890.0,9720.0,9850.0,6852.83984375,7564000
2017-10-16,9840.0,9840.0,9710.0,9840.0,6845.88330078125,14947500
2017-10-17,9840.0,10000.0,9840.0,10000.0,6957.1962890625,9172000
2017-10-18,10010.0,10040.0,9920.0,9995.0,6953.71923828125,8779500
2017-10-19,10000.0,10000.0,9935.0,9935.0,6911.97607421875,8349000
2017-10-20,9935.0,10000.0,9880.0,9910.0,6894.58251953125,5250500
2017-10-23,9910.0,9950.0,9820.0,9830.0,6838.92578125,5488000
2017-10-24,9900.0,9960.0,9810.0,9830.0,6838.92578125,6441000
2017-10-25,9840.0,9900.0,9815.0,9900.0,6887.626953125,11117500
2017-10-26,9905.0,9905.0,9815.0,9905.0,6891.10498046875,13064000
2017-10-27,9820.0,9905.0,9810.0,9830.0,6838.92578125,9376500
2017-10-30,9830.0,9920.0,9780.0,9830.0,6838.92578125,6617500
2017-10-31,9990.0,9990.0,9850.0,9920.0,6901.54052734375,11025500
2017-11-01,9850.0,9955.0,9850.0,9920.0,6901.54052734375,4798500
2017-11-02,9955.0,9955.0,9810.0,9815.0,6828.48876953125,15044500
2017-11-03,9830.0,9980.0,9815.0,9975.0,6939.8046875,5694000
2017-11-06,9840.0,9960.0,9810.0,9835.0,6842.4052734375,11908000
2017-11-07,9900.0,9900.0,9840.0,9870.0,6866.75439453125,6445500
2017-11-08,9860.0,9900.0,9860.0,9890.0,6880.66748046875,3795500
2017-11-09,9900.0,9900.0,9860.0,9860.0,6859.7958984375,6427500
2017-11-10,9850.0,9930.0,9830.0,9835.0,6842.4052734375,7882000
2017-11-13,9830.0,9945.0,9830.0,9845.0,6849.361328125,7800000
2017-11-14,9830.0,9850.0,9795.0,9795.0,6814.57568359375,10573000
2017-11-15,9795.0,9845.0,9790.0,9795.0,6814.57568359375,11142000
2017-11-16,9785.0,9960.0,9785.0,9850.0,6852.83984375,8375500
2017-11-17,9830.0,10000.0,9830.0,9930.0,6908.4970703125,11551500
2017-11-20,9895.0,9980.0,9885.0,9885.0,6877.189453125,9124500
2017-11-21,9885.0,9965.0,9800.0,9880.0,6873.7109375,10193000
2017-11-22,9880.0,9940.0,9840.0,9890.0,6880.66748046875,9824500
2017-11-23,9920.0,9940.0,9845.0,9870.0,6866.75439453125,4044500
2017-11-24,9935.0,9960.0,9830.0,9960.0,6929.3701171875,9735500
2017-11-27,9960.0,10080.0,9860.0,10080.0,7012.8544921875,9359500
2017-11-28,10050.0,10200.0,9985.0,10200.0,7096.34228515625,12345500
2017-11-29,10100.0,10200.0,10015.0,10045.0,6988.5048828125,15500500
2017-11-30,10000.0,10000.0,9860.0,9860.0,6916.25634765625,34073000
2017-12-01,9860.0,9860.0,9860.0,9860.0,6916.25634765625,0
2017-12-04,9860.0,9980.0,9815.0,9860.0,6916.25634765625,12580000
2017-12-05,9900.0,10120.0,9900.0,9930.0,6965.35791015625,9735500
2017-12-06,9895.0,10010.0,9895.0,9930.0,6965.35791015625,9752000
2017-12-07,9900.0,10065.0,9900.0,10060.0,7056.54443359375,5973500
2017-12-08,10060.0,10180.0,10045.0,10180.0,7140.71875,4845000
2017-12-11,10190.0,10500.0,10140.0,10200.0,7154.7470703125,8978500
2017-12-12,10200.0,10300.0,10190.0,10220.0,7168.7763671875,4723500
2017-12-13,10220.0,10245.0,10100.0,10200.0,7154.7470703125,4754000
2017-12-14,10200.0,10280.0,10125.0,10200.0,7154.7470703125,12766500
2017-12-15,10140.0,10425.0,10135.0,10425.0,7312.57275390625,21064000
2017-12-18,10430.0,10595.0,10265.0,10595.0,7431.8193359375,7777500
2017-12-19,10420.0,10820.0,10410.0,10820.0,7589.64453125,14134000
2017-12-20,10820.0,10820.0,10580.0,10600.0,7435.32763671875,24206500
2017-12-21,10600.0,10795.0,10540.0,10710.0,7512.48486328125,14735000
2017-12-22,10700.0,10835.0,10660.0,10825.0,7593.14990234375,9648500
2017-12-25,10825.0,10825.0,10825.0,10825.0,7593.14990234375,0
2017-12-26,10825.0,10825.0,10825.0,10825.0,7593.14990234375,0
2017-12-27,10760.0,10840.0,10760.0,10825.0,7593.14990234375,15840500
2017-12-28,10830.0,10880.0,10610.0,10880.0,7631.73095703125,14564500
2017-12-29,10880.0,11195.0,10875.0,11180.0,7842.1630859375,12763000
2018-01-01,11180.0,11180.0,11180.0,11180.0,7842.1630859375,0
2018-01-02,11235.0,11620.0,11000.0,11175.0,7838.65625,12108500
2018-01-03,11175.0,11180.0,10640.0,10800.0,7575.61474609375,13805500
2018-01-04,10680.0,10800.0,10655.0,10680.0,7491.44287109375,9651500
2018-01-05,10680.0,10800.0,10635.0,10800.0,7575.61474609375,8882500
2018-01-08,10800.0,10940.0,10800.0,10880.0,7631.73095703125,6800000
2018-01-09,10885.0,10905.0,10700.0,10700.0,7505.470703125,15647500
2018-01-10,10700.0,10885.0,10700.0,10840.0,7603.6728515625,7498000
2018-01-11,10840.0,10875.0,10765.0,10875.0,7628.22314453125,7824500
2018-01-12,10875.0,10915.0,10740.0,10850.0,7610.6875,5859500
2018-01-15,10850.0,10920.0,10850.0,10920.0,7659.78857421875,5317000
2018-01-16,10920.0,11000.0,10920.0,11000.0,7715.9052734375,6961500
2018-01-17,10960.0,10960.0,10860.0,10870.0,7624.7158203125,23525500
2018-01-18,10870.0,10970.0,10865.0,10870.0,7624.7158203125,9439000
2018-01-19,10870.0,11000.0,10860.0,10890.0,7638.7451171875,14025000
2018-01-22,10890.0,10900.0,10875.0,10880.0,7631.73095703125,11736000
2018-01-23,10900.0,11100.0,10860.0,11100.0,7786.05029296875,9284000
2018-01-24,11100.0,11135.0,10980.0,11120.0,7800.07666015625,8882500
2018-01-25,11140.0,11155.0,11005.0,11005.0,7719.4111328125,6900000
2018-01-26,11025.0,11110.0,10900.0,10910.0,7652.775390625,7240500
2018-01-29,11000.0,11080.0,10920.0,11080.0,7772.0205078125,9640000
2018-01-30,11080.0,11090.0,10950.0,10975.0,7698.369140625,13392000
2018-01-31,10975.0,11140.0,10500.0,10880.0,7631.73095703125,14159000
2018-02-01,10900.0,11070.0,10880.0,10880.0,7631.73095703125,8391500
2018-02-02,11070.0,11075.0,10900.0,11005.0,7719.4111328125,14217000
2018-02-05,10790.0,11000.0,10790.0,10825.0,7593.14990234375,10111500
2018-02-06,10700.0,10955.0,10700.0,10780.0,7561.5869140625,30560000
2018-02-07,10900.0,10980.0,10900.0,10935.0,7670.3095703125,12607500
2018-02-08,10990.0,10990.0,10800.0,10875.0,7628.22314453125,10242000
2018-02-09,10900.0,11080.0,10865.0,11080.0,7772.0205078125,12072000
2018-02-12,11040.0,11110.0,10920.0,11000.0,7715.9052734375,9905500
2018-02-13,11000.0,11040.0,10930.0,10985.0,7705.38330078125,7792500
2018-02-14,10920.0,10980.0,10855.0,10900.0,7645.759765625,7630000
2018-02-15,10860.0,11000.0,10860.0,10910.0,7652.775390625,10587500
2018-02-16,10910.0,10910.0,10910.0,10910.0,7652.775390625,0
2018-02-19,10900.0,10990.0,10860.0,10960.0,7687.8466796875,6783500
2018-02-20,11000.0,11000.0,10820.0,10890.0,7638.7451171875,10324500
2018-02-21,10865.0,10900.0,10840.0,10900.0,7645.759765625,8576000
2018-02-22,10900.0,10930.0,10800.0,10800.0,7575.61474609375,10958000
2018-02-23,10890.0,10935.0,10790.0,10890.0,7638.7451171875,13641000
2018-02-26,10890.0,10890.0,10780.0,10795.0,7572.10888671875,7089500
2018-02-27,10760.0,10795.0,10750.0,10795.0,7572.10888671875,13849000
2018-02-28,10900.0,10920.0,10745.0,10780.0,7561.5869140625,20500000
2018-03-01,10780.0,10840.0,10775.0,10795.0,7572.10888671875,8966000
2018-03-02,10850.0,10870.0,10755.0,10780.0,7561.5869140625,6073000
2018-03-05,10900.0,10900.0,10795.0,10795.0,7572.10888671875,16006500
2018-03-06,10760.0,10795.0,10505.0,10505.0,7368.68896484375,9490000
2018-03-07,10540.0,10560.0,10200.0,10230.0,7175.7919921875,20482500
2018-03-08,10260.0,10400.0,10235.0,10240.0,7182.8076171875,12961500
2018-03-09,10240.0,10265.0,10040.0,10110.0,7091.6171875,12133500
2018-03-12,10165.0,10205.0,10055.0,10090.0,7077.58935546875,16465500
2018-03-13,10090.0,10100.0,10035.0,10090.0,7077.58935546875,11372500
2018-03-14,10150.0,10180.0,10010.0,10025.0,7031.99658203125,4367500
2018-03-15,10010.0,10100.0,9890.0,10025.0,7031.99658203125,7245500
2018-03-16,10020.0,10030.0,9830.0,9940.0,6972.37060546875,22295000
2018-03-19,9940.0,10000.0,9940.0,9980.0,7000.43115234375,3898000
2018-03-20,9900.0,10000.0,9900.0,10000.0,7014.45849609375,6551000
2018-03-21,10050.0,10255.0,10050.0,10255.0,7193.326171875,7897000
2018-03-22,10360.0,10360.0,10055.0,10150.0,7119.6767578125,9370500
2018-03-23,9880.0,10195.0,9870.0,10195.0,7151.2412109375,12332500
2018-03-26,10200.0,10210.0,10060.0,10070.0,7063.55908203125,11523500
2018-03-27,10100.0,10245.0,9945.0,10000.0,7014.45849609375,6272000
2018-03-28,10000.0,10000.0,9875.0,9880.0,6930.28515625,4383500
2018-03-29,9880.0,9925.0,9795.0,9905.0,6947.82177734375,11235500
2018-03-30,9905.0,9905.0,9905.0,9905.0,6947.82177734375,0
2018-04-02,10030.0,10070.0,9910.0,10040.0,7042.5166015625,6970500
2018-04-03,10030.0,10080.0,9980.0,10020.0,7028.48876953125,5223500
2018-04-04,10020.0,10070.0,9810.0,9910.0,6951.328125,5087000
2018-04-05,9980.0,10045.0,9980.0,10005.0,7017.9658203125,3107000
2018-04-06,10005.0,10160.0,9915.0,10155.0,7123.18310546875,3063500
2018-04-09,10155.0,10380.0,10090.0,10380.0,7281.0078125,5733500
2018-04-10,10380.0,10400.0,10095.0,10400.0,7295.03759765625,8846500
2018-04-11,10420.0,10500.0,10350.0,10380.0,7281.0078125,6913000
2018-04-12,10340.0,10350.0,10190.0,10340.0,7252.94873046875,5920000
2018-04-13,10230.0,10330.0,10040.0,10040.0,7042.5166015625,4735500
2018-04-16,10040.0,10040.0,10040.0,10040.0,7042.5166015625,0
2018-04-17,10040.0,10040.0,10040.0,10040.0,7042.5166015625,0
2018-04-18,10220.0,10380.0,10220.0,10315.0,7235.41259765625,7122000
2018-04-19,10315.0,10315.0,10315.0,10315.0,7235.41259765625,0
2018-04-20,10315.0,10315.0,10315.0,10315.0,7235.41259765625,0
2018-04-23,10220.0,10220.0,10145.0,10160.0,7126.689453125,18258500
2018-04-24,10060.0,10060.0,9600.0,9600.0,6733.88037109375,29048500
2018-04-25,9600.0,9600.0,9600.0,9600.0,6733.88037109375,0
2018-04-26,9600.0,9600.0,9600.0,9600.0,6733.88037109375,0
2018-04-27,9600.0,9600.0,9600.0,9600.0,6733.88037109375,0
2018-04-30,9230.0,9470.0,9230.0,9270.0,6502.40283203125,6115500
2018-05-01,9270.0,9270.0,9270.0,9270.0,6502.40283203125,0
2018-05-02,9320.0,9350.0,9080.0,9190.0,6446.287109375,12729500
2018-05-03,9160.0,9180.0,9040.0,9040.0,6341.07080078125,7128500
2018-05-04,9000.0,9135.0,8980.0,9070.0,6362.11474609375,6355500
2018-05-07,9160.0,9595.0,9160.0,9580.0,6719.8515625,9679500
2018-05-08,9580.0,9585.0,9380.0,9410.0,6600.60595703125,9377000
2018-05-09,9225.0,9905.0,9225.0,9890.0,6937.298828125,19843000
2018-05-10,9890.0,9890.0,9890.0,9890.0,6937.298828125,0
2018-05-11,9700.0,9925.0,9680.0,9800.0,6874.16943359375,21548500
2018-05-14,9800.0,9800.0,9800.0,9800.0,6874.16943359375,0
2018-05-15,9800.0,9805.0,9400.0,9490.0,6656.72119140625,10121500
2018-05-16,9300.0,9420.0,9060.0,9150.0,6418.22802734375,17244000
2018-05-17,9160.0,9270.0,9100.0,9100.0,6383.15771484375,23338500
2018-05-18,9120.0,9270.0,9120.0,9235.0,6477.85302734375,11921500
2018-05-21,9255.0,9335.0,9160.0,9240.0,6481.35888671875,5784000
2018-05-22,9395.0,9410.0,9235.0,9240.0,6481.35888671875,9639000
2018-05-23,9290.0,9420.0,9260.0,9280.0,6509.4189453125,7356000
2018-05-24,9370.0,9645.0,9355.0,9620.0,6747.91015625,8080000
2018-05-25,9600.0,9600.0,9355.0,9360.0,6565.533203125,10020000
2018-05-28,9360.0,9465.0,9300.0,9420.0,6607.61962890625,8938500
2018-05-29,9420.0,9420.0,9420.0,9420.0,6607.61962890625,0
2018-05-30,9420.0,9590.0,9300.0,9310.0,6530.4609375,12386500
2018-05-31,9330.0,9470.0,9080.0,9120.0,6397.18505859375,38013500
2018-06-01,9120.0,9120.0,9120.0,9120.0,6397.18505859375,0
2018-06-04,9120.0,9240.0,9080.0,9080.0,6440.45361328125,13623000
2018-06-05,9120.0,9360.0,9090.0,9360.0,6639.05810546875,10943000
2018-06-06,9360.0,9380.0,9215.0,9240.0,6553.94140625,10571000
2018-06-07,9270.0,9325.0,9240.0,9240.0,6553.94140625,6000500
2018-06-08,9180.0,9245.0,9080.0,9080.0,6440.45361328125,25477000
2018-06-11,9080.0,9080.0,9080.0,9080.0,6440.45361328125,0
2018-06-12,9080.0,9080.0,9080.0,9080.0,6440.45361328125,0
2018-06-13,9080.0,9080.0,9080.0,9080.0,6440.45361328125,0
2018-06-14,9080.0,9080.0,9080.0,9080.0,6440.45361328125,0
2018-06-15,9080.0,9080.0,9080.0,9080.0,6440.45361328125,0
2018-06-18,9080.0,9080.0,9080.0,9080.0,6440.45361328125,0
2018-06-19,9080.0,9080.0,9080.0,9080.0,6440.45361328125,0
2018-06-20,9220.0,9220.0,8855.0,8855.0,6280.86083984375,29721000
2018-06-21,8940.0,9010.0,8775.0,8840.0,6270.22216796875,14450000
2018-06-22,8840.0,8960.0,8780.0,8840.0,6270.22216796875,15193500
2018-06-25,8860.0,9100.0,8780.0,9000.0,6383.70947265625,8633000
2018-06-26,9000.0,9005.0,8900.0,8910.0,6319.873046875,9360000
2018-06-27,8910.0,9190.0,8880.0,8885.0,6302.14013671875,10589000
2018-06-28,8900.0,9100.0,8805.0,8910.0,6319.873046875,13394500
2018-06-29,8920.0,9220.0,8920.0,9220.0,6539.755859375,10911500
2018-07-02,9180.0,9190.0,9040.0,9070.0,6433.361328125,5207500
2018-07-03,9000.0,9040.0,8810.0,8935.0,6337.60400390625,6845500
2018-07-04,8965.0,9300.0,8825.0,9295.0,6592.95361328125,5389500
2018-07-05,9240.0,9340.0,9090.0,9250.0,6561.03466796875,4884000
2018-07-06,9230.0,9280.0,9080.0,9150.0,6490.10302734375,6534500
2018-07-09,9240.0,9280.0,9115.0,9280.0,6582.31494140625,3660500
2018-07-10,9360.0,9430.0,9310.0,9425.0,6685.1611328125,7011000
2018-07-11,9400.0,9525.0,9320.0,9505.0,6741.90673828125,7940000
2018-07-12,9510.0,9510.0,9300.0,9380.0,6653.24169921875,4884500
2018-07-13,9340.0,9465.0,9330.0,9380.0,6653.24169921875,6592500
2018-07-16,9460.0,9470.0,9040.0,9150.0,6490.10302734375,7972500
2018-07-17,9080.0,9115.0,9005.0,9080.0,6440.45361328125,3969000
2018-07-18,9010.0,9155.0,9010.0,9155.0,6493.65087890625,4346500
2018-07-19,9150.0,9160.0,8950.0,8950.0,6348.2451171875,7982500
2018-07-20,8970.0,8985.0,8840.0,8840.0,6270.22216796875,6970000
2018-07-23,8840.0,8960.0,8830.0,8900.0,6312.77978515625,5777500
2018-07-24,8950.0,8975.0,8885.0,8900.0,6312.77978515625,5636500
2018-07-25,8900.0,8900.0,8795.0,8810.0,6248.94140625,5838000
2018-07-26,8815.0,8880.0,8765.0,8785.0,6231.208984375,10636000
2018-07-27,8785.0,8865.0,8715.0,8865.0,6287.9541015625,7331500
2018-07-30,8880.0,8880.0,8770.0,8820.0,6256.03564453125,9204500
2018-07-31,8760.0,8760.0,8530.0,8650.0,6135.45458984375,19481500
2018-08-01,8740.0,8945.0,8675.0,8945.0,6344.6982421875,14157500
2018-08-02,8945.0,9045.0,8900.0,8990.0,6376.615234375,7817500
2018-08-03,8990.0,9035.0,8890.0,8990.0,6376.615234375,5851500
2018-08-06,8990.0,9035.0,8915.0,8945.0,6344.6982421875,13798000
2018-08-07,8920.0,8945.0,8670.0,8710.0,6178.0126953125,18736500
2018-08-08,8760.0,8795.0,8595.0,8600.0,6099.9892578125,15150000
2018-08-09,8600.0,8680.0,8580.0,8600.0,6099.9892578125,7640000
2018-08-10,8680.0,8720.0,8635.0,8710.0,6178.0126953125,6211000
2018-08-13,8710.0,8710.0,8515.0,8520.0,6043.2451171875,7364500
2018-08-14,8520.0,8520.0,8080.0,8200.0,5816.26904296875,26017500
2018-08-15,8220.0,8295.0,8095.0,8160.0,5787.896484375,8085000
2018-08-16,8160.0,8510.0,8120.0,8505.0,6032.60595703125,12282000
2018-08-17,8505.0,8505.0,8505.0,8505.0,6032.60595703125,0
2018-08-20,8520.0,8640.0,8470.0,8470.0,6007.77978515625,10759000
2018-08-21,8475.0,8690.0,8475.0,8520.0,6043.2451171875,5905500
2018-08-22,8520.0,8520.0,8520.0,8520.0,6043.2451171875,0
2018-08-23,8540.0,8680.0,8400.0,8670.0,6149.6396484375,14146500
2018-08-24,8700.0,8700.0,8555.0,8600.0,6099.9892578125,5122500
2018-08-27,8600.0,8740.0,8560.0,8740.0,6199.29150390625,7378500
2018-08-28,8740.0,8835.0,8720.0,8835.0,6266.6748046875,8690000
2018-08-29,8835.0,8905.0,8640.0,8890.0,6305.6875,11313500
2018-08-30,8890.0,8920.0,8755.0,8860.0,6284.4072265625,7008000
2018-08-31,8700.0,8795.0,8635.0,8770.0,6220.5703125,11247000
2018-09-03,8790.0,8790.0,8695.0,8735.0,6195.744140625,5491000
2018-09-04,8745.0,8800.0,8630.0,8795.0,6238.30224609375,5183000
2018-09-05,8790.0,8790.0,8200.0,8320.0,5901.3837890625,13913500
2018-09-06,8320.0,8600.0,8320.0,8415.0,5968.767578125,15019500
2018-09-07,8430.0,8910.0,8430.0,8895.0,6309.23291015625,18795500
2018-09-10,8895.0,9105.0,8750.0,9105.0,6458.185546875,24314000
2018-09-11,9105.0,9105.0,9105.0,9105.0,6458.185546875,0
2018-09-12,9110.0,9320.0,9105.0,9225.0,6543.302734375,20178000
2018-09-13,9225.0,9315.0,9210.0,9310.0,6603.5927734375,9448500
2018-09-14,9300.0,9445.0,9250.0,9420.0,6681.6162109375,13296500
2018-09-17,9420.0,9425.0,9130.0,9210.0,6532.66162109375,8578000
2018-09-18,9190.0,9210.0,9000.0,9105.0,6458.185546875,12961500
2018-09-19,9110.0,9360.0,9110.0,9240.0,6553.94140625,7205000
2018-09-20,9295.0,9430.0,9295.0,9325.0,6614.232421875,12398500
2018-09-21,9420.0,9420.0,9360.0,9415.0,6678.0693359375,12007500
2018-09-24,9420.0,9430.0,9395.0,9415.0,6678.0693359375,10079000
2018-09-25,9415.0,9420.0,9200.0,9200.0,6525.5693359375,7353000
2018-09-26,9200.0,9420.0,9195.0,9215.0,6536.20947265625,9266500
2018-09-27,9220.0,9440.0,9215.0,9430.0,6688.70947265625,9335500
2018-09-28,9430.0,9440.0,9380.0,9405.0,6670.97705078125,8419000
2018-10-01,9305.0,9440.0,9255.0,9260.0,6568.1279296875,6590000
2018-10-02,9260.0,9300.0,9155.0,9155.0,6493.65087890625,7686500
2018-10-03,9155.0,9210.0,8920.0,8970.0,6362.43115234375,5431000
2018-10-04,8970.0,8970.0,8570.0,8605.0,6103.53515625,16013000
2018-10-05,8605.0,8630.0,8460.0,8535.0,6053.88525390625,11899500
2018-10-08,8560.0,9000.0,8560.0,8840.0,6270.22216796875,11964000
2018-10-09,8840.0,8970.0,8645.0,8880.0,6298.5927734375,5861000
2018-10-10,8960.0,9000.0,8840.0,8980.0,6369.52392578125,5666500
2018-10-11,8800.0,8930.0,8600.0,8820.0,6256.03564453125,11703500
2018-10-12,8820.0,9040.0,8800.0,8860.0,6284.4072265625,7792500
2018-10-15,8935.0,8980.0,8720.0,8720.0,6185.10546875,5271500
2018-10-16,8735.0,9120.0,8735.0,9120.0,6468.82470703125,7668000
2018-10-17,9125.0,9145.0,8910.0,9000.0,6383.70947265625,6646000
2018-10-18,9000.0,9000.0,8840.0,8920.0,6326.9658203125,9406500
2018-10-19,8840.0,8995.0,8770.0,8970.0,6362.43115234375,9321000
2018-10-22,8970.0,9030.0,8885.0,8895.0,6309.23291015625,7491000
2018-10-23,8960.0,9030.0,8850.0,8900.0,6312.77978515625,8347500
2018-10-24,8850.0,8895.0,8600.0,8600.0,6099.9892578125,12487500
2018-10-25,8440.0,8900.0,8440.0,8860.0,6284.4072265625,13398000
2018-10-26,8800.0,8880.0,8800.0,8835.0,6266.6748046875,4003500
2018-10-29,8880.0,8900.0,8740.0,8790.0,6234.7548828125,3624000
2018-10-30,8790.0,8900.0,8760.0,8900.0,6312.77978515625,9480000
2018-10-31,8950.0,8960.0,8550.0,8645.0,6131.9072265625,24829500
2018-11-01,8700.0,8715.0,8405.0,8440.0,5986.5009765625,23544000
2018-11-02,8560.0,8580.0,8455.0,8545.0,6060.9775390625,18657000
2018-11-05,8545.0,8660.0,8545.0,8615.0,6110.6279296875,10290500
2018-11-06,8655.0,8680.0,8530.0,8600.0,6099.9892578125,10743000
2018-11-07,8600.0,8600.0,8405.0,8440.0,5986.5009765625,28285500
2018-11-08,8495.0,8540.0,8445.0,8460.0,6000.68603515625,16435500
2018-11-09,8210.0,8360.0,8025.0,8065.0,5720.513671875,62636500
2018-11-12,8100.0,8155.0,7780.0,7875.0,5585.7451171875,26985500
2018-11-13,7875.0,8060.0,7800.0,7990.0,5667.314453125,20431500
2018-11-14,8005.0,8180.0,8000.0,8000.0,5674.40869140625,14030000
2018-11-15,8050.0,8245.0,8050.0,8220.0,5830.45458984375,13245500
2018-11-16,8260.0,8370.0,8130.0,8295.0,5942.93701171875,18344000
2018-11-19,8360.0,8360.0,8205.0,8260.0,5917.861328125,9715500
2018-11-20,8260.0,8260.0,8260.0,8260.0,5917.861328125,0
2018-11-21,8120.0,8185.0,8000.0,8180.0,5860.54541015625,15001500
2018-11-22,8200.0,8260.0,8120.0,8225.0,5892.78515625,9237000
2018-11-23,8220.0,8450.0,8185.0,8430.0,6039.65771484375,11279000
2018-11-26,8430.0,8500.0,8320.0,8425.0,6036.076171875,12876500
2018-11-27,8400.0,8450.0,8350.0,8450.0,6053.98681640625,8156500
2018-11-28,8450.0,8450.0,8100.0,8100.0,5803.22998046875,9570000
2018-11-29,8260.0,8440.0,8260.0,8420.0,6032.494140625,13306000
2018-11-30,8420.0,8500.0,8410.0,8450.0,6053.98681640625,18001000
2018-12-03,8550.0,8800.0,8550.0,8760.0,6276.0859375,22435500
2018-12-04,8760.0,8810.0,8635.0,8800.0,6304.7431640625,19312000
2018-12-05,8600.0,8750.0,8580.0,8750.0,6268.921875,8043000
2018-12-06,8600.0,8840.0,8600.0,8840.0,6333.400390625,9609500
2018-12-07,8700.0,8835.0,8700.0,8800.0,6304.7431640625,8952500
2018-12-10,8800.0,8820.0,8740.0,8790.0,6297.57861328125,6368000
2018-12-11,8800.0,8800.0,8730.0,8735.0,6258.173828125,5037000
2018-12-12,8735.0,8810.0,8735.0,8800.0,6304.7431640625,9384500
2018-12-13,8800.0,8920.0,8760.0,8885.0,6365.6416015625,17429500
2018-12-14,8885.0,8930.0,8865.0,8900.0,6376.388671875,7705500
2018-12-17,8900.0,8900.0,8680.0,8700.0,6233.09912109375,7403000
2018-12-18,8700.0,8800.0,8535.0,8790.0,6297.57861328125,7689000
2018-12-19,8780.0,9000.0,8780.0,9000.0,6448.0322265625,14906000
2018-12-20,8900.0,9050.0,8785.0,9050.0,6483.85498046875,8704500
2018-12-21,9000.0,9320.0,8960.0,9320.0,6677.296875,17106000
2018-12-24,9320.0,9320.0,9320.0,9320.0,6677.296875,0
2018-12-25,9320.0,9320.0,9320.0,9320.0,6677.296875,0
2018-12-26,9200.0,9320.0,9005.0,9105.0,6523.25927734375,7617000
2018-12-27,9220.0,9320.0,9155.0,9320.0,6677.296875,10728500
2018-12-28,9300.0,9360.0,9080.0,9080.0,6505.34814453125,9755500
2018-12-31,9080.0,9080.0,9080.0,9080.0,6505.34814453125,0
2019-01-01,9080.0,9080.0,9080.0,9080.0,6505.34814453125,0
2019-01-02,9085.0,9350.0,9085.0,9280.0,6648.638671875,9111000
2019-01-03,9280.0,9500.0,9275.0,9500.0,6806.25634765625,11008000
2019-01-04,9490.0,9560.0,9400.0,9560.0,6849.24267578125,4863500
2019-01-07,9600.0,9840.0,9600.0,9720.0,6963.87451171875,10195500
2019-01-08,9720.0,9720.0,9305.0,9470.0,6784.76416015625,16261000
2019-01-09,9475.0,9600.0,9200.0,9200.0,6591.322265625,10060500
2019-01-10,9280.0,9665.0,9255.0,9665.0,6924.470703125,12351000
2019-01-11,9660.0,9690.0,9440.0,9690.0,6942.3818359375,10777000
2019-01-14,9660.0,9710.0,9540.0,9710.0,6956.7119140625,8833500
2019-01-15,9765.0,9960.0,9760.0,9960.0,7135.82275390625,11469500
2019-01-16,9960.0,9970.0,9565.0,9585.0,6867.154296875,17816500
2019-01-17,9660.0,9800.0,9660.0,9775.0,7003.279296875,8912500
2019-01-18,9730.0,9785.0,9605.0,9785.0,7010.44384765625,10810000
2019-01-21,9795.0,9820.0,9725.0,9750.0,6985.36865234375,6446500
2019-01-22,9750.0,9830.0,9750.0,9810.0,7028.3564453125,8455500
2019-01-23,9820.0,9820.0,9700.0,9790.0,7014.02685546875,7077500
2019-01-24,9790.0,9815.0,9765.0,9815.0,7031.9384765625,8645500
2019-01-25,9815.0,9820.0,9700.0,9810.0,7028.3564453125,7809500
2019-01-28,9800.0,9800.0,9500.0,9555.0,6845.66162109375,13522500
2019-01-29,9555.0,9725.0,9520.0,9520.0,6820.58544921875,10453000
2019-01-30,9640.0,9830.0,9640.0,9815.0,7031.9384765625,16914000
2019-01-31,9970.0,10000.0,9860.0,10000.0,7164.48193359375,29132500
2019-02-01,10000.0,10000.0,9965.0,10000.0,7164.48193359375,9109000
2019-02-04,10000.0,10010.0,9700.0,9780.0,7006.86328125,8699000
2019-02-05,9780.0,9780.0,9780.0,9780.0,7006.86328125,0
2019-02-06,9800.0,9980.0,9800.0,9975.0,7146.57080078125,8369000
2019-02-07,9975.0,9975.0,9880.0,9945.0,7125.07470703125,4857500
2019-02-08,9925.0,9965.0,9800.0,9965.0,7139.4052734375,5335000
2019-02-11,9960.0,9960.0,9775.0,9775.0,7003.279296875,5718000
2019-02-12,9780.0,9940.0,9780.0,9820.0,7035.51953125,6486000
2019-02-13,9820.0,9865.0,9780.0,9850.0,7057.01416015625,8230000
2019-02-14,9840.0,9840.0,9775.0,9775.0,7003.279296875,5928500
2019-02-15,9700.0,9720.0,9600.0,9600.0,6877.90185546875,8939000
2019-02-18,9600.0,9940.0,9585.0,9885.0,7082.08984375,8248000
2019-02-19,9860.0,9945.0,9740.0,9860.0,7064.177734375,8475500
2019-02-20,10000.0,10025.0,9980.0,10005.0,7168.06298828125,18266500
2019-02-21,9990.0,9990.0,9790.0,9905.0,7096.41748046875,7230500
2019-02-22,9910.0,9920.0,9810.0,9900.0,7092.83544921875,6609000
2019-02-25,9970.0,9970.0,9765.0,9765.0,6996.1162109375,6915000
2019-02-26,9800.0,9995.0,9760.0,9995.0,7160.8984375,7338500
2019-02-27,9900.0,9955.0,9760.0,9800.0,7021.19140625,8259500
2019-02-28,9880.0,9890.0,9735.0,9735.0,6974.62255859375,13420000
2019-03-01,9815.0,9920.0,9775.0,9810.0,7028.3564453125,10601500
2019-03-04,9810.0,9815.0,9760.0,9800.0,7021.19140625,5538000
2019-03-05,9800.0,9800.0,9680.0,9730.0,6971.0390625,4664500
2019-03-06,9800.0,9820.0,9780.0,9780.0,7006.86328125,4931500
2019-03-07,9780.0,9780.0,9780.0,9780.0,7006.86328125,0
2019-03-08,9780.0,9780.0,9600.0,9620.0,6892.22900390625,6789000
2019-03-11,9750.0,9750.0,9610.0,9610.0,6885.06591796875,3792500
2019-03-12,9685.0,9800.0,9670.0,9800.0,7021.19140625,5973000
2019-03-13,9800.0,9900.0,9760.0,9890.0,7085.67138671875,6034000
2019-03-14,9990.0,9990.0,9845.0,9930.0,7114.32958984375,2794000
2019-03-15,9840.0,9990.0,9820.0,9960.0,7135.82275390625,6909500
2019-03-18,9980.0,9980.0,9830.0,9900.0,7092.83544921875,2775000
2019-03-19,9970.0,9970.0,9835.0,9845.0,7053.431640625,2173500
2019-03-20,9855.0,9920.0,9810.0,9900.0,7092.83544921875,3830000
2019-03-21,9940.0,9940.0,9770.0,9815.0,7031.9384765625,4658500
2019-03-22,9885.0,9900.0,9815.0,9830.0,7042.68212890625,2706000
2019-03-25,9845.0,9855.0,9700.0,9700.0,6949.54638671875,5126000
2019-03-26,9700.0,9840.0,9650.0,9650.0,6913.72412109375,2225500
2019-03-27,9660.0,9765.0,9655.0,9760.0,6992.53369140625,2002000
2019-03-28,9800.0,9840.0,9670.0,9840.0,7049.84912109375,2972500
2019-03-29,9900.0,9900.0,9765.0,9840.0,7049.84912109375,5046000
2019-04-01,9845.0,9855.0,9785.0,9850.0,7057.01416015625,3215000
2019-04-02,9890.0,9890.0,9835.0,9875.0,7074.9248046875,3642000
2019-04-03,9875.0,9875.0,9875.0,9875.0,7074.9248046875,0
2019-04-04,9860.0,9860.0,9770.0,9795.0,7017.60888671875,2120000
2019-04-05,9770.0,9800.0,9715.0,9755.0,6988.95166015625,2670500
2019-04-08,9805.0,9850.0,9615.0,9650.0,6913.72412109375,4217500
2019-04-09,9720.0,9800.0,9690.0,9795.0,7017.60888671875,3271500
2019-04-10,9800.0,9830.0,9740.0,9820.0,7035.51953125,3713000
2019-04-11,9780.0,9785.0,9725.0,9730.0,6971.0390625,3010000
2019-04-12,9700.0,9820.0,9690.0,9820.0,7035.51953125,3001500
2019-04-15,9890.0,9890.0,9755.0,9760.0,6992.53369140625,8603000
2019-04-16,9825.0,9890.0,9720.0,9880.0,7078.5068359375,9376000
2019-04-17,9880.0,9880.0,9880.0,9880.0,7078.5068359375,0
2019-04-18,10100.0,10105.0,9800.0,9880.0,7078.5068359375,11425000
2019-04-19,9880.0,9880.0,9880.0,9880.0,7078.5068359375,0
2019-04-22,9880.0,9880.0,9625.0,9655.0,6917.30712890625,11023500
2019-04-23,9700.0,9870.0,9700.0,9850.0,7057.01416015625,7307000
2019-04-24,9730.0,9890.0,9670.0,9730.0,6971.0390625,14873000
2019-04-25,9665.0,9680.0,9220.0,9280.0,6648.638671875,27116500
2019-04-26,9280.0,9300.0,9050.0,9100.0,6519.67822265625,25324000
2019-04-29,9100.0,9120.0,8755.0,9000.0,6448.0322265625,24365000
2019-04-30,9000.0,9110.0,8990.0,9100.0,6519.67822265625,19369500
2019-05-01,9100.0,9100.0,9100.0,9100.0,6519.67822265625,0
2019-05-02,9100.0,9185.0,8990.0,9045.0,6480.2724609375,12988500
2019-05-03,9045.0,9045.0,8800.0,8930.0,6397.88037109375,14367500
2019-05-06,8860.0,9100.0,8780.0,9065.0,6494.6025390625,7044500
2019-05-07,9070.0,9105.0,8900.0,8900.0,6376.388671875,12761500
2019-05-08,8840.0,8960.0,8785.0,8960.0,6419.37451171875,14426500
2019-05-09,8825.0,8880.0,8600.0,8610.0,6168.6171875,15345500
2019-05-10,8620.0,8900.0,8620.0,8840.0,6333.400390625,16378000
2019-05-13,8840.0,8860.0,8720.0,8720.0,6247.42724609375,6865500
2019-05-14,8640.0,8695.0,8450.0,8570.0,6139.96142578125,12198500
2019-05-15,8590.0,8680.0,8400.0,8400.0,6018.1640625,15858000
2019-05-16,8400.0,8550.0,8360.0,8360.0,5989.505859375,18517500
2019-05-17,8500.0,8500.0,8305.0,8320.0,5960.8486328125,13720500
2019-05-20,8400.0,8525.0,8355.0,8460.0,6061.1513671875,12193000
2019-05-21,8455.0,8570.0,8455.0,8475.0,6071.8974609375,12633500
2019-05-22,8480.0,8505.0,8400.0,8415.0,6028.91064453125,5336000
2019-05-23,8400.0,8640.0,8400.0,8620.0,6175.78271484375,10304500
2019-05-24,8750.0,8750.0,8675.0,8705.0,6236.681640625,6671000
2019-05-27,8705.0,8780.0,8640.0,8640.0,6190.1123046875,8987000
2019-05-28,8640.0,8725.0,8500.0,8500.0,6089.81005859375,67192000
2019-05-29,8550.0,8750.0,8550.0,8700.0,6233.09912109375,14890000
2019-05-30,8700.0,8700.0,8700.0,8700.0,6233.09912109375,0
2019-05-31,8540.0,8900.0,8540.0,8900.0,6492.05126953125,16063500
2019-06-03,8900.0,8900.0,8900.0,8900.0,6492.05126953125,0
2019-06-04,8900.0,8900.0,8900.0,8900.0,6492.05126953125,0
2019-06-05,8900.0,8900.0,8900.0,8900.0,6492.05126953125,0
2019-06-06,8900.0,8900.0,8900.0,8900.0,6492.05126953125,0
2019-06-07,8900.0,8900.0,8900.0,8900.0,6492.05126953125,0
2019-06-10,8880.0,9000.0,8790.0,8930.0,6513.93310546875,20845500
2019-06-11,8930.0,8930.0,8810.0,8860.0,6462.87353515625,8295500
2019-06-12,8860.0,9000.0,8820.0,9000.0,6564.99462890625,6516500
2019-06-13,8985.0,8995.0,8830.0,8980.0,6550.40673828125,8692000
2019-06-14,8940.0,8980.0,8865.0,8960.0,6535.81689453125,8558000
2019-06-17,8960.0,9000.0,8900.0,8960.0,6535.81689453125,8016500
2019-06-18,8955.0,9120.0,8950.0,9120.0,6652.529296875,13299500
2019-06-19,9200.0,9205.0,9100.0,9180.0,6696.2958984375,11532500
2019-06-20,9165.0,9225.0,9085.0,9220.0,6725.47314453125,12524500
2019-06-21,9220.0,9220.0,8980.0,9060.0,6608.76123046875,28048000
2019-06-24,9060.0,9090.0,8930.0,8935.0,6517.5810546875,10221500
2019-06-25,9100.0,9100.0,9000.0,9045.0,6597.81982421875,7883500
2019-06-26,9000.0,9030.0,8915.0,8965.0,6539.46435546875,8068000
2019-06-27,9000.0,9000.0,8950.0,8970.0,6543.111328125,12202500
2019-06-28,9000.0,9015.0,8990.0,9000.0,6564.99462890625,13158000
2019-07-01,9010.0,9040.0,8905.0,9000.0,6564.99462890625,10045000
2019-07-02,9000.0,9020.0,8970.0,9015.0,6575.9365234375,6470000
2019-07-03,9000.0,9015.0,8935.0,8980.0,6550.40673828125,8537500
2019-07-04,8980.0,9000.0,8980.0,8995.0,6561.34814453125,8033000
2019-07-05,8960.0,9010.0,8960.0,8990.0,6557.7001953125,7784500
2019-07-08,9020.0,9020.0,8960.0,9000.0,6564.99462890625,5654500
2019-07-09,9000.0,9030.0,8990.0,9005.0,6568.64208984375,8196000
2019-07-10,9025.0,9025.0,8985.0,9000.0,6564.99462890625,7777500
2019-07-11,9000.0,9000.0,8860.0,8960.0,6535.81689453125,11532000
2019-07-12,9000.0,9000.0,8905.0,8955.0,6532.1708984375,6548500
2019-07-15,8980.0,8990.0,8890.0,8890.0,6484.755859375,8622000
2019-07-16,8935.0,8935.0,8850.0,8880.0,6477.46142578125,7330000
2019-07-17,8880.0,8980.0,8880.0,8980.0,6550.40673828125,7233000
2019-07-18,8980.0,9150.0,8955.0,9150.0,6674.4111328125,10264000
2019-07-19,9160.0,9160.0,9100.0,9160.0,6681.70654296875,6700500
2019-07-22,9160.0,9160.0,9010.0,9055.0,6605.115234375,4966500
2019-07-23,9140.0,9160.0,9100.0,9110.0,6645.23486328125,8086000
2019-07-24,9115.0,9130.0,9085.0,9085.0,6626.99853515625,7682000
2019-07-25,9085.0,9105.0,8990.0,8990.0,6557.7001953125,12683000
2019-07-26,9000.0,9000.0,8520.0,8960.0,6535.81689453125,20596500
2019-07-29,8960.0,8965.0,8620.0,8640.0,6302.39599609375,30262500
2019-07-30,8780.0,8780.0,8525.0,8610.0,6280.51123046875,25277500
2019-07-31,8600.0,8735.0,8535.0,8720.0,6360.7509765625,25767500
2019-08-01,8720.0,9170.0,8700.0,9110.0,6645.23486328125,42201500
2019-08-02,8950.0,9105.0,8825.0,9000.0,6564.99462890625,17366500
2019-08-05,8805.0,8950.0,8755.0,8765.0,6393.5751953125,11157500
2019-08-06,8760.0,8950.0,8640.0,8865.0,6466.52099609375,16009500
2019-08-07,8865.0,9010.0,8865.0,8965.0,6539.46435546875,11356000
2019-08-08,8995.0,9010.0,8895.0,8930.0,6513.93310546875,13177000
2019-08-09,8995.0,9010.0,8965.0,8965.0,6539.46435546875,8400000
2019-08-12,9000.0,9000.0,8880.0,8995.0,6561.34814453125,4298500
2019-08-13,8995.0,8995.0,8820.0,8855.0,6459.22607421875,11396000
2019-08-14,8940.0,8995.0,8795.0,8980.0,6550.40673828125,7387500
2019-08-15,8820.0,8940.0,8800.0,8940.0,6521.22802734375,10298000
2019-08-16,8990.0,9000.0,8880.0,8995.0,6561.34814453125,6083000
2019-08-19,9020.0,9020.0,8885.0,8900.0,6492.05126953125,6630500
2019-08-20,9000.0,9050.0,8995.0,9035.0,6590.52587890625,11163000
2019-08-21,9040.0,9045.0,8960.0,8975.0,6546.759765625,9075500
2019-08-22,9000.0,9060.0,8995.0,9060.0,6608.76123046875,7765500
2019-08-23,9060.0,9200.0,9030.0,9165.0,6685.35302734375,9615000
2019-08-26,9000.0,9180.0,8930.0,9175.0,6692.6474609375,7562500
2019-08-27,9200.0,9510.0,9190.0,9455.0,6896.89306640625,30809500
2019-08-28,9455.0,9615.0,9450.0,9575.0,6984.4248046875,17452000
2019-08-29,9600.0,9615.0,9510.0,9570.0,6980.77783203125,11929000
2019-08-30,9595.0,9795.0,9465.0,9770.0,7126.66650390625,18651000
2019-09-02,9745.0,9745.0,9580.0,9590.0,6995.36767578125,7859000
2019-09-03,9590.0,9695.0,9470.0,9495.0,6926.06982421875,8994500
2019-09-04,9465.0,9600.0,9405.0,9515.0,6940.658203125,6995500
2019-09-05,9515.0,9615.0,9445.0,9605.0,7006.30859375,10878500
2019-09-06,9555.0,9555.0,9410.0,9410.0,6864.0673828125,6405500
2019-09-09,9505.0,9565.0,9425.0,9540.0,6958.89453125,5419000
2019-09-10,9525.0,9530.0,9440.0,9530.0,6951.6005859375,7449000
2019-09-11,9480.0,9480.0,9270.0,9325.0,6802.064453125,15294000
2019-09-12,9370.0,9380.0,9180.0,9215.0,6721.826171875,7347000
2019-09-13,9215.0,9320.0,9215.0,9320.0,6798.41796875,4853500
2019-09-16,9325.0,9390.0,9260.0,9390.0,6849.47802734375,9070000
2019-09-17,9420.0,9420.0,9350.0,9390.0,6849.47802734375,13025000
2019-09-18,9345.0,9390.0,9310.0,9335.0,6809.3583984375,8172500
2019-09-19,9385.0,9385.0,9310.0,9315.0,6794.7705078125,5096000
2019-09-20,9315.0,9340.0,9230.0,9230.0,6732.7666015625,17498000
2019-09-23,9390.0,9460.0,9320.0,9460.0,6900.5390625,7890500
2019-09-24,9460.0,9460.0,9280.0,9455.0,6896.89306640625,7827500
2019-09-25,9450.0,9450.0,9300.0,9400.0,6856.7724609375,7335500
2019-09-26,9400.0,9400.0,9335.0,9350.0,6820.30078125,8141500
2019-09-27,9350.0,9440.0,9345.0,9400.0,6856.7724609375,4740000
2019-09-30,9350.0,9350.0,9240.0,9300.0,6783.828125,16251500
2019-10-01,9325.0,9330.0,9225.0,9240.0,6740.060546875,4559000
2019-10-02,9240.0,9330.0,9090.0,9090.0,6630.6455078125,11275500
2019-10-03,9080.0,9100.0,8955.0,9015.0,6575.9365234375,4972500
2019-10-04,9100.0,9190.0,9015.0,9085.0,6626.99853515625,3978500
2019-10-07,9085.0,9090.0,8800.0,8800.0,6419.1064453125,9297000
2019-10-08,8820.0,9000.0,8820.0,8945.0,6524.8759765625,7417000
2019-10-09,8840.0,8905.0,8840.0,8840.0,6448.283203125,3110000
2019-10-10,8870.0,8895.0,8775.0,8775.0,6400.87109375,4056500
2019-10-11,8780.0,8835.0,8780.0,8835.0,6444.63720703125,3231000
2019-10-14,8840.0,8945.0,8820.0,8900.0,6492.05126953125,5184000
2019-10-15,8900.0,8995.0,8880.0,8950.0,6528.5234375,7670000
2019-10-16,8970.0,9120.0,8970.0,9120.0,6652.529296875,9784500
2019-10-17,9120.0,9200.0,8950.0,8950.0,6528.5234375,13035500
2019-10-18,8950.0,8950.0,8540.0,8625.0,6291.45361328125,21716000
2019-10-21,8625.0,8700.0,8625.0,8685.0,6335.220703125,6865500
2019-10-22,8685.0,8795.0,8680.0,8790.0,6411.81201171875,12824000
2019-10-23,8790.0,8865.0,8705.0,8855.0,6459.22607421875,7454000
2019-10-24,8860.0,8865.0,8800.0,8855.0,6459.22607421875,12462500
2019-10-25,8855.0,8855.0,8605.0,8630.0,6295.10009765625,16448000
2019-10-28,8640.0,8750.0,8640.0,8700.0,6346.16259765625,7270000
2019-10-29,8700.0,8720.0,8660.0,8715.0,6357.10400390625,10711000
2019-10-30,8850.0,8850.0,8620.0,8720.0,6360.7509765625,10075500
2019-10-31,8780.0,8810.0,8700.0,8745.0,6378.9873046875,10841500
2019-11-01,8650.0,8740.0,8650.0,8740.0,6375.3388671875,5072500
2019-11-04,8745.0,8765.0,8605.0,8605.0,6276.865234375,6687500
2019-11-05,8680.0,8770.0,8620.0,8770.0,6397.22216796875,8690500
2019-11-06,8770.0,8770.0,8655.0,8690.0,6338.8671875,6230500
2019-11-07,8760.0,8760.0,8620.0,8670.0,6324.27880859375,8469000
2019-11-08,8660.0,8665.0,8615.0,8630.0,6295.10009765625,5199500
2019-11-11,8640.0,8655.0,8595.0,8655.0,6313.33740234375,5530500
2019-11-12,8655.0,8655.0,8560.0,8640.0,6302.39599609375,7759000
2019-11-13,8630.0,8630.0,8460.0,8465.0,6174.74267578125,9261000
2019-11-14,8470.0,8560.0,8470.0,8560.0,6244.03955078125,5768500
2019-11-15,8515.0,8515.0,8440.0,8445.0,6160.15380859375,9221000
2019-11-18,8445.0,8455.0,8400.0,8430.0,6149.21240234375,7779500
2019-11-19,8430.0,8560.0,8420.0,8560.0,6244.03955078125,6868000
2019-11-20,8530.0,8540.0,8425.0,8510.0,6207.56787109375,7245000
2019-11-21,8500.0,8500.0,8400.0,8405.0,6130.9765625,11587500
2019-11-22,8405.0,8475.0,8400.0,8430.0,6149.21240234375,6406500
2019-11-25,8420.0,8445.0,8355.0,8415.0,6138.2705078125,8773500
2019-11-26,8460.0,8460.0,8300.0,8300.0,6054.38427734375,34735000
2019-11-27,8300.0,8400.0,8200.0,8200.0,5981.44091796875,8223000
2019-11-28,8200.0,8430.0,8200.0,8360.0,6098.15087890625,9734000
2019-11-29,8330.0,8470.0,8325.0,8360.0,6098.15087890625,10553000
2019-12-02,8360.0,8570.0,8360.0,8570.0,6251.33544921875,9898000
2019-12-03,8530.0,8560.0,8420.0,8535.0,6288.9130859375,6575000
2019-12-04,8520.0,8520.0,8390.0,8400.0,6189.44091796875,8455000
2019-12-05,8400.0,8500.0,8400.0,8430.0,6211.54443359375,5020000
2019-12-06,8420.0,8460.0,8400.0,8450.0,6226.28173828125,6634500
2019-12-09,8450.0,8470.0,8420.0,8455.0,6229.9658203125,6782000
2019-12-10,8455.0,8465.0,8415.0,8435.0,6215.22900390625,10179000
2019-12-11,8500.0,8500.0,8365.0,8420.0,6204.17724609375,8613500
2019-12-12,8350.0,8420.0,8200.0,8200.0,6042.072265625,13365500
2019-12-13,8280.0,8300.0,8200.0,8245.0,6075.2294921875,12891500
2019-12-16,8250.0,8275.0,8180.0,8180.0,6027.33544921875,12503000
2019-12-17,8180.0,8225.0,8180.0,8195.0,6038.38818359375,10837000
2019-12-18,8195.0,8205.0,8120.0,8185.0,6031.01904296875,15872500
2019-12-19,8185.0,8210.0,8110.0,8140.0,5997.861328125,14785500
2019-12-20,8140.0,8325.0,8070.0,8325.0,6134.177734375,19230000
2019-12-23,8325.0,8335.0,8180.0,8330.0,6137.86083984375,11073000
2019-12-26,8330.0,8500.0,8330.0,8490.0,6255.755859375,9169000
2019-12-27,8500.0,8580.0,8500.0,8560.0,6307.33349609375,7352500
2019-12-30,8560.0,8595.0,8400.0,8400.0,6189.44091796875,13919000
2020-01-02,8500.0,8700.0,8500.0,8550.0,6299.96435546875,11059800
2020-01-03,8675.0,8675.0,8550.0,8575.0,6318.3876953125,8071700
2020-01-06,8575.0,8600.0,8350.0,8475.0,6244.70263671875,7913300
2020-01-07,8475.0,8500.0,8400.0,8450.0,6226.28173828125,5793000
2020-01-08,8450.0,8450.0,8275.0,8325.0,6134.177734375,8261400
2020-01-09,8350.0,8425.0,8250.0,8350.0,6152.5986328125,9224300
2020-01-10,8400.0,8400.0,8250.0,8250.0,6078.9140625,14849800
2020-01-13,8275.0,8400.0,8275.0,8400.0,6189.44091796875,8904800
2020-01-14,8400.0,8500.0,8300.0,8475.0,6244.70263671875,11761100
2020-01-15,8475.0,8525.0,8350.0,8475.0,6244.70263671875,14965200
2020-01-16,8475.0,8475.0,8350.0,8425.0,6207.861328125,9151100
2020-01-17,8425.0,8425.0,8350.0,8400.0,6189.44091796875,5501800
2020-01-20,8400.0,8425.0,8325.0,8325.0,6134.177734375,5343800
2020-01-21,8325.0,8375.0,8300.0,8325.0,6134.177734375,5211000
2020-01-22,8375.0,8375.0,8225.0,8300.0,6115.75537109375,4975800
2020-01-23,8300.0,8375.0,8275.0,8325.0,6134.177734375,3400500
2020-01-24,8325.0,8325.0,8150.0,8175.0,6023.65185546875,7927900
2020-01-27,8175.0,8300.0,8075.0,8275.0,6097.3349609375,7078300
2020-01-28,8275.0,8300.0,8100.0,8250.0,6078.9140625,8825000
2020-01-29,8250.0,8300.0,8225.0,8250.0,6078.9140625,4723100
2020-01-30,8250.0,8250.0,8150.0,8225.0,6060.4931640625,4297800
2020-01-31,8225.0,8225.0,7950.0,7950.0,5857.86328125,17743300
2020-02-03,7950.0,8075.0,7800.0,7850.0,5784.17919921875,8731500
2020-02-04,7850.0,7950.0,7850.0,7875.0,5802.60009765625,8182500
2020-02-05,7900.0,8100.0,7850.0,8100.0,5968.388671875,7284300
2020-02-06,8100.0,8100.0,7950.0,7950.0,5857.86328125,10884300
2020-02-07,7950.0,7975.0,7900.0,7900.0,5821.02099609375,11461800
2020-02-10,7900.0,7925.0,7800.0,7875.0,5802.60009765625,6277000
2020-02-11,7850.0,7875.0,7825.0,7850.0,5784.17919921875,5773900
2020-02-12,7825.0,7850.0,7575.0,7600.0,5599.96875,17269400
2020-02-13,7575.0,7600.0,7350.0,7400.0,5452.6025390625,13678700
2020-02-14,7400.0,7625.0,7300.0,7475.0,5507.86474609375,8792800
2020-02-17,7475.0,7500.0,7325.0,7400.0,5452.6025390625,8267100
2020-02-18,7350.0,7475.0,7325.0,7400.0,5452.6025390625,11377400
2020-02-19,7400.0,7500.0,7375.0,7475.0,5507.86474609375,7178400
2020-02-20,7500.0,7700.0,7475.0,7650.0,5636.8115234375,11991000
2020-02-21,7650.0,7650.0,7475.0,7500.0,5526.28515625,9864100
2020-02-24,7400.0,7425.0,7225.0,7225.0,5323.65478515625,11614600
2020-02-25,7150.0,7350.0,7075.0,7300.0,5378.91845703125,14739700
2020-02-26,7250.0,7375.0,7200.0,7300.0,5378.91845703125,10567900
2020-02-27,7300.0,7300.0,7025.0,7150.0,5268.39306640625,13251400
2020-02-28,7075.0,7075.0,6725.0,6825.0,5028.9208984375,34476300
2020-03-02,6825.0,7200.0,6800.0,6900.0,5084.18310546875,20747600
2020-03-03,7100.0,7200.0,6950.0,7125.0,5249.97021484375,27945100
2020-03-04,7125.0,7450.0,7100.0,7425.0,5471.0224609375,16142200
2020-03-05,7475.0,7600.0,7375.0,7400.0,5452.6025390625,12512400
2020-03-06,7375.0,7475.0,7225.0,7450.0,5489.4443359375,10982200
2020-03-09,7000.0,7200.0,6900.0,7025.0,5176.2880859375,21278700
2020-03-10,7025.0,7375.0,7025.0,7100.0,5231.55029296875,14816900
2020-03-11,7100.0,7450.0,7075.0,7300.0,5378.91845703125,19638900
2020-03-12,7225.0,7450.0,7000.0,7225.0,5323.65478515625,20637800
2020-03-13,7225.0,7225.0,7225.0,7225.0,5323.65478515625,0
2020-03-16,7475.0,7500.0,6975.0,6975.0,5139.44482421875,18254300
2020-03-17,6975.0,7175.0,6500.0,6500.0,4789.44775390625,29370900
2020-03-18,6650.0,6650.0,6050.0,6050.0,4457.8701171875,34350500
2020-03-19,6050.0,6150.0,5650.0,5650.0,4163.13525390625,13743300
2020-03-20,5475.0,6475.0,5275.0,6225.0,4586.8173828125,45224600
2020-03-23,6125.0,6225.0,5800.0,5800.0,4273.6611328125,16961000
2020-03-24,5900.0,6100.0,5575.0,5675.0,4181.55615234375,19279500
2020-03-26,5825.0,6800.0,5825.0,6775.0,4992.078125,29296900
2020-03-27,7000.0,7725.0,6500.0,6800.0,5010.498046875,30521200
2020-03-30,6775.0,6800.0,6325.0,6425.0,4734.1845703125,18135300
2020-03-31,6600.0,7250.0,6600.0,7250.0,5342.0751953125,27011000
2020-04-01,7250.0,7475.0,7000.0,7150.0,5268.39306640625,13801800
2020-04-02,7150.0,7225.0,6925.0,7225.0,5323.65478515625,11148700
2020-04-03,7225.0,7250.0,6925.0,7100.0,5231.55029296875,18556300
2020-04-06,7125.0,7300.0,7100.0,7300.0,5378.91845703125,8882300
2020-04-07,7350.0,7600.0,7050.0,7275.0,5360.49755859375,11884600
2020-04-08,7250.0,7250.0,6800.0,7125.0,5249.97021484375,14428900
2020-04-09,7000.0,7250.0,6900.0,7250.0,5342.0751953125,8617000
2020-04-13,7250.0,7250.0,7050.0,7100.0,5231.55029296875,4282500
2020-04-14,7100.0,7150.0,7025.0,7150.0,5268.39306640625,6534300
2020-04-15,7150.0,7200.0,6925.0,6975.0,5139.44482421875,11877300
2020-04-16,6975.0,6975.0,6600.0,6650.0,4899.97412109375,17260700
2020-04-17,6800.0,6950.0,6800.0,6875.0,5065.76171875,11696600
2020-04-20,6900.0,7075.0,6875.0,7000.0,5157.86669921875,13853300
2020-04-21,7000.0,7075.0,6850.0,6925.0,5102.6044921875,10394700
2020-04-22,7000.0,7150.0,6800.0,7100.0,5231.55029296875,10220900
2020-04-23,7100.0,7700.0,7050.0,7500.0,5526.28515625,26530100
2020-04-24,7400.0,7700.0,7350.0,7500.0,5526.28515625,28075100
2020-04-27,7500.0,7725.0,7425.0,7500.0,5526.28515625,9643200
2020-04-28,7525.0,7925.0,7525.0,7850.0,5784.17919921875,21296700
2020-04-29,7900.0,8025.0,7650.0,8000.0,5894.705078125,16761500
2020-04-30,8000.0,8450.0,8000.0,8275.0,6097.3349609375,28226900
2020-05-04,8250.0,8250.0,7850.0,7925.0,5839.4423828125,17119000
2020-05-05,8000.0,8300.0,7975.0,8300.0,6115.75537109375,18737600
2020-05-06,8300.0,8325.0,8050.0,8100.0,5968.388671875,11498100
2020-05-08,8125.0,8200.0,7925.0,8050.0,5931.5458984375,11108900
2020-05-11,8050.0,8250.0,8050.0,8075.0,5949.96728515625,8239200
2020-05-12,8100.0,8225.0,8025.0,8175.0,6023.65185546875,11132700
2020-05-13,8175.0,8250.0,8050.0,8250.0,6078.9140625,9910100
2020-05-14,8225.0,8300.0,8125.0,8300.0,6115.75537109375,11861700
2020-05-15,8300.0,8600.0,8275.0,8575.0,6318.3876953125,23052700
2020-05-18,8800.0,8800.0,8325.0,8475.0,6244.70263671875,13193900
2020-05-19,8425.0,8575.0,8250.0,8250.0,6078.9140625,12088400
2020-05-20,8250.0,8350.0,8000.0,8050.0,5931.5458984375,16948600
2020-05-26,8050.0,8275.0,8050.0,8150.0,6005.22998046875,27690800
2020-05-27,8000.0,8250.0,8000.0,8200.0,6042.072265625,15919300
2020-05-28,8200.0,8300.0,8000.0,8025.0,5913.1259765625,27680500
2020-05-29,8050.0,8125.0,7750.0,7750.0,5710.49462890625,90601000
2020-06-02,7850.0,8200.0,7800.0,8100.0,5968.388671875,27780700
2020-06-03,8200.0,8450.0,8125.0,8225.0,6060.4931640625,23576100
2020-06-04,8250.0,8325.0,8100.0,8175.0,6023.65185546875,16634700
2020-06-05,8175.0,8200.0,7975.0,8050.0,5931.5458984375,18066100
2020-06-08,8100.0,8225.0,8025.0,8200.0,6042.072265625,12675400
2020-06-09,8250.0,8475.0,8200.0,8300.0,6115.75537109375,26608700
2020-06-10,8475.0,8475.0,8150.0,8200.0,6042.072265625,15919600
2020-06-11,8200.0,8300.0,8100.0,8200.0,6042.072265625,19429200
2020-06-12,8200.0,8200.0,8000.0,8200.0,6042.072265625,10835600
2020-06-15,8200.0,8300.0,8175.0,8275.0,6097.3349609375,14159100
2020-06-16,8325.0,8400.0,8250.0,8275.0,6097.3349609375,12197800
2020-06-17,8275.0,8325.0,8150.0,8275.0,6097.3349609375,10800100
2020-06-18,8225.0,8225.0,8050.0,8050.0,5931.5458984375,15200400
2020-06-19,8100.0,8150.0,8050.0,8050.0,5931.5458984375,12756000
2020-06-22,8150.0,8150.0,8025.0,8050.0,5931.5458984375,11487400
2020-06-23,8050.0,8100.0,8000.0,8000.0,5894.705078125,5947400
2020-06-24,8050.0,8125.0,8000.0,8075.0,5949.96728515625,10739900
2020-06-25,8050.0,8100.0,7900.0,7900.0,5821.02099609375,13066500
2020-06-26,8025.0,8025.0,7825.0,7900.0,5821.02099609375,15566700
2020-06-29,7925.0,7950.0,7800.0,7925.0,5839.4423828125,11377500
2020-06-30,7925.0,8000.0,7850.0,7900.0,5821.02099609375,10394200
2020-07-01,7925.0,7950.0,7750.0,7800.0,5747.33642578125,10729600
2020-07-02,7800.0,8050.0,7800.0,8050.0,5931.5458984375,15082500
2020-07-03,8000.0,8075.0,7900.0,7900.0,5821.02099609375,8394200
2020-07-06,7950.0,8000.0,7875.0,7900.0,5821.02099609375,17782600
2020-07-07,7925.0,8000.0,7850.0,7925.0,5839.4423828125,14181500
2020-07-08,7925.0,8150.0,7900.0,8100.0,5968.388671875,19068800
2020-07-09,8100.0,8175.0,7975.0,7975.0,5876.28369140625,12857400
2020-07-10,7950.0,8000.0,7925.0,7925.0,5839.4423828125,9371900
2020-07-13,7950.0,8050.0,7925.0,8025.0,5913.1259765625,7824700
2020-07-14,8025.0,8100.0,8000.0,8075.0,5949.96728515625,6440700
2020-07-15,8100.0,8125.0,8050.0,8050.0,5931.5458984375,10766900
2020-07-16,8050.0,8150.0,8050.0,8100.0,5968.388671875,10655000
2020-07-17,8100.0,8125.0,7900.0,8125.0,5986.8095703125,5335500
2020-07-20,8125.0,8150.0,8025.0,8125.0,5986.8095703125,9056400
2020-07-21,8125.0,8125.0,8000.0,8000.0,5894.705078125,12476400
2020-07-22,8100.0,8200.0,8000.0,8000.0,5894.705078125,10728700
2020-07-23,8025.0,8075.0,7975.0,8050.0,5931.5458984375,18413300
2020-07-24,8075.0,8100.0,8000.0,8050.0,5931.5458984375,12211100
2020-07-27,8100.0,8100.0,8000.0,8075.0,5949.96728515625,6391600
2020-07-28,8075.0,8150.0,8075.0,8150.0,6005.22998046875,16665100
2020-07-29,8150.0,8300.0,8125.0,8250.0,6078.9140625,18793500
2020-07-30,8250.0,8400.0,8200.0,8400.0,6189.44091796875,19708600
2020-08-03,8400.0,8450.0,8100.0,8250.0,6078.9140625,19125400
2020-08-04,8350.0,8350.0,8150.0,8225.0,6060.4931640625,13251900
2020-08-05,8225.0,8250.0,8100.0,8250.0,6159.03759765625,10465900
2020-08-06,8275.0,8300.0,8150.0,8175.0,6103.046875,12406300
2020-08-07,8175.0,8225.0,8075.0,8125.0,6065.71826171875,8987900
2020-08-10,8125.0,8200.0,8100.0,8100.0,6047.05615234375,7982000
2020-08-11,8125.0,8150.0,8050.0,8050.0,6009.72705078125,16657800
2020-08-12,8075.0,8125.0,8025.0,8050.0,6009.72705078125,11451200
2020-08-13,8075.0,8175.0,8050.0,8175.0,6103.046875,11271500
2020-08-14,8175.0,8250.0,8150.0,8200.0,6121.71044921875,13065900
2020-08-18,8225.0,8250.0,8175.0,8225.0,6140.37451171875,12267900
2020-08-19,8225.0,8275.0,8200.0,8200.0,6121.71044921875,9945900
2020-08-24,8225.0,8275.0,8175.0,8175.0,6103.046875,8029000
2020-08-25,8175.0,8250.0,8175.0,8200.0,6121.71044921875,11597200
2020-08-26,8200.0,8250.0,8200.0,8200.0,6121.71044921875,14121900
2020-08-27,8200.0,8250.0,8175.0,8250.0,6159.03759765625,11343100
2020-08-28,8250.0,8275.0,8200.0,8250.0,6159.03759765625,13210800
2020-08-31,8275.0,8275.0,8150.0,8225.0,6140.37451171875,17339800
2020-09-01,8350.0,8350.0,8150.0,8225.0,6140.37451171875,15367200
2020-09-02,8300.0,8300.0,8125.0,8150.0,6084.3828125,17081900
2020-09-03,8150.0,8225.0,8150.0,8175.0,6103.046875,9683100
2020-09-04,8200.0,8400.0,8125.0,8400.0,6271.02099609375,14782100
2020-09-07,8400.0,8400.0,8250.0,8375.0,6252.3564453125,14396400
2020-09-08,8375.0,8375.0,8325.0,8375.0,6252.3564453125,5156800
2020-09-09,8225.0,8325.0,8225.0,8250.0,6159.03759765625,11364100
2020-09-10,8200.0,8200.0,7900.0,7975.0,5953.736328125,25116900
2020-09-11,7850.0,8300.0,7800.0,8300.0,6196.36572265625,8948800
2020-09-14,8325.0,8325.0,8125.0,8200.0,6121.71044921875,17218200
2020-09-15,8200.0,8225.0,8050.0,8100.0,6047.05615234375,11223900
2020-09-16,8100.0,8150.0,8000.0,8000.0,5972.40087890625,3827300
2020-09-17,8025.0,8100.0,8000.0,8075.0,6028.39208984375,2734700
2020-09-18,8100.0,8125.0,8025.0,8025.0,5991.064453125,8783200
2020-09-21,8025.0,8075.0,7950.0,8000.0,5972.40087890625,3295800
2020-09-22,7900.0,8000.0,7900.0,7950.0,5935.0732421875,7428400
2020-09-23,7950.0,8000.0,7900.0,7925.0,5916.41015625,9067300
2020-09-24,7850.0,7900.0,7775.0,7800.0,5823.09033203125,7510400
2020-09-25,7850.0,7975.0,7775.0,7925.0,5916.41015625,8029400
2020-09-28,7875.0,7950.0,7875.0,7900.0,5897.7451171875,5378100
2020-09-29,7900.0,8200.0,7900.0,7975.0,5953.736328125,7464700
2020-09-30,8050.0,8100.0,7950.0,8100.0,6047.05615234375,5521300
2020-10-01,8075.0,8100.0,7975.0,8025.0,5991.064453125,4384800
2020-10-02,7950.0,8000.0,7950.0,8000.0,5972.40087890625,3689800
2020-10-05,8100.0,8100.0,8000.0,8075.0,6028.39208984375,7906400
2020-10-06,8100.0,8125.0,7950.0,7975.0,5953.736328125,6818900
2020-10-07,7975.0,8025.0,7925.0,8000.0,5972.40087890625,7614400
2020-10-08,8000.0,8050.0,7950.0,8025.0,5991.064453125,5225600
2020-10-09,8025.0,8050.0,7975.0,8050.0,6009.72705078125,4652000
2020-10-12,8100.0,8100.0,7950.0,7950.0,5935.0732421875,6704300
2020-10-13,7950.0,7975.0,7900.0,7975.0,5953.736328125,5744000
2020-10-14,7975.0,7975.0,7900.0,7925.0,5916.41015625,9576500
2020-10-15,7925.0,7975.0,7900.0,7925.0,5916.41015625,6237200
2020-10-16,7925.0,8000.0,7900.0,8000.0,5972.40087890625,4947200
2020-10-19,8000.0,8025.0,7900.0,7900.0,5897.7451171875,6586600
2020-10-20,7950.0,8000.0,7900.0,8000.0,5972.40087890625,4784600
2020-10-21,8000.0,8025.0,7950.0,7950.0,5935.0732421875,8550600
2020-10-22,7950.0,8000.0,7850.0,7850.0,5860.41845703125,9883400
2020-10-23,7825.0,7950.0,7800.0,7925.0,5916.41015625,7956200
2020-10-26,7950.0,7950.0,7875.0,7875.0,5879.08154296875,5298300
2020-10-27,7875.0,7900.0,7750.0,7825.0,5841.75439453125,13298500
2020-11-02,7825.0,7825.0,7600.0,7625.0,5692.44384765625,17741500
2020-11-03,7725.0,7850.0,7650.0,7825.0,5841.75439453125,8572700
2020-11-04,7850.0,7950.0,7800.0,7800.0,5823.09033203125,6185300
2020-11-05,7950.0,7975.0,7775.0,7900.0,5897.7451171875,9875000
2020-11-06,7900.0,8100.0,7825.0,8075.0,6028.39208984375,18386900
2020-11-09,8075.0,8100.0,7850.0,7950.0,5935.0732421875,15537900
2020-11-10,8050.0,8050.0,7800.0,7800.0,5823.09033203125,25530300
2020-11-11,7850.0,7875.0,7750.0,7750.0,5785.76171875,22515700
2020-11-12,7750.0,7825.0,7750.0,7800.0,5823.09033203125,11094800
2020-11-13,7825.0,7875.0,7750.0,7750.0,5785.76171875,6119200
2020-11-16,7800.0,7850.0,7700.0,7725.0,5767.0986328125,14162300
2020-11-17,7725.0,7800.0,7725.0,7775.0,5804.4267578125,16284000
2020-11-18,7800.0,7900.0,7800.0,7800.0,5823.09033203125,20505800
2020-11-19,7800.0,7850.0,7750.0,7775.0,5804.4267578125,12509800
2020-11-20,7775.0,7825.0,7725.0,7725.0,5767.0986328125,11720600
2020-11-23,7800.0,7875.0,7750.0,7825.0,5841.75439453125,13048300
2020-11-24,7850.0,7900.0,7850.0,7850.0,5860.41845703125,13733400
2020-11-25,7850.0,7900.0,7725.0,7725.0,5767.0986328125,20714100
2020-11-26,7750.0,7800.0,7750.0,7750.0,5785.76171875,9155400
2020-11-27,7750.0,7800.0,7725.0,7750.0,5785.76171875,17354300
2020-11-30,7750.0,7800.0,7675.0,7725.0,5767.0986328125,43997600
2020-12-01,7650.0,7750.0,7650.0,7700.0,5813.91259765625,15747200
2020-12-02,7725.0,7725.0,7625.0,7650.0,5776.1591796875,23596500
2020-12-03,7650.0,7675.0,7525.0,7550.0,5700.6552734375,30312300
2020-12-04,7575.0,7650.0,7575.0,7600.0,5738.40673828125,10334600
2020-12-07,7625.0,7750.0,7625.0,7675.0,5795.0361328125,18574500
2020-12-08,7700.0,7800.0,7600.0,7625.0,5757.2822265625,21827800
2020-12-10,7675.0,7725.0,7550.0,7550.0,5700.6552734375,19499000
2020-12-11,7575.0,7600.0,7450.0,7475.0,5644.025390625,18572300
2020-12-14,7500.0,7550.0,7475.0,7500.0,5662.90087890625,14561300
2020-12-15,7500.0,7550.0,7450.0,7475.0,5644.025390625,11350700
2020-12-16,7500.0,7575.0,7475.0,7500.0,5662.90087890625,14947200
2020-12-17,7500.0,7550.0,7425.0,7425.0,5606.2724609375,19682500
2020-12-18,7425.0,7675.0,7425.0,7600.0,5738.40673828125,35360700
2020-12-21,7600.0,7700.0,7600.0,7625.0,5757.2822265625,20648100
2020-12-22,7625.0,7650.0,7450.0,7475.0,5644.025390625,13101600
2020-12-23,7550.0,7550.0,7300.0,7425.0,5606.2724609375,13560700
2020-12-28,7500.0,7500.0,7375.0,7450.0,5625.1494140625,8543700
2020-12-29,7450.0,7475.0,7350.0,7350.0,5549.6435546875,8044100
2020-12-30,7450.0,7550.0,7350.0,7350.0,5549.6435546875,11852400
2021-01-04,7450.0,7500.0,7350.0,7475.0,5644.025390625,8203000
2021-01-05,7475.0,7500.0,7375.0,7375.0,5568.5205078125,11869900
2021-01-06,7375.0,7400.0,7175.0,7200.0,5436.38525390625,24431200
2021-01-07,7200.0,7250.0,7125.0,7200.0,5436.38525390625,14692600
2021-01-08,7250.0,7275.0,7125.0,7175.0,5417.50830078125,24667000
2021-01-11,7175.0,7350.0,7100.0,7200.0,5436.38525390625,25591700
2021-01-12,7250.0,7275.0,7100.0,7100.0,5360.8798828125,20896700
2021-01-13,7200.0,7200.0,7000.0,7025.0,5304.25146484375,28188400
2021-01-14,7025.0,7075.0,7000.0,7000.0,5285.375,27720000
2021-01-15,7000.0,7050.0,6925.0,6950.0,5247.6220703125,18780400
2021-01-18,6950.0,7525.0,6900.0,7500.0,5662.90087890625,44943900
2021-01-19,7800.0,8000.0,7525.0,7575.0,5719.53076171875,108575300
2021-01-20,7600.0,7675.0,7325.0,7400.0,5587.396484375,34817000
2021-01-21,7400.0,7500.0,7325.0,7325.0,5530.76611328125,16702700
2021-01-22,7375.0,7400.0,7225.0,7275.0,5493.01513671875,14718800
2021-01-25,7275.0,7325.0,7025.0,7250.0,5474.1376953125,17025000
2021-01-26,7275.0,7475.0,7175.0,7250.0,5474.1376953125,17948000
2021-01-27,7325.0,7350.0,7050.0,7125.0,5379.755859375,14628000
2021-01-28,7100.0,7175.0,6925.0,7075.0,5342.00341796875,20723700
2021-01-29,7075.0,7225.0,6900.0,6925.0,5228.74609375,36432100
2021-02-01,6900.0,7100.0,6800.0,7025.0,5304.25146484375,15324400
2021-02-02,7100.0,7125.0,6950.0,7000.0,5285.375,11678200
2021-02-03,7100.0,7325.0,7000.0,7175.0,5417.50830078125,16730800
2021-02-04,7250.0,7325.0,7175.0,7300.0,5511.89111328125,17606900
2021-02-05,7325.0,7350.0,7200.0,7225.0,5455.26220703125,11295000
2021-02-08,7225.0,7250.0,7100.0,7100.0,5360.8798828125,14010900
2021-02-09,7150.0,7175.0,7025.0,7100.0,5360.8798828125,10394200
2021-02-10,7150.0,7150.0,7025.0,7150.0,5398.63330078125,6019200
2021-02-11,7175.0,7175.0,7100.0,7175.0,5417.50830078125,3700200
2021-02-15,7175.0,7175.0,7025.0,7050.0,5323.12744140625,8252200
2021-02-16,7100.0,7100.0,7000.0,7025.0,5304.25146484375,11529000
2021-02-17,7000.0,7100.0,6975.0,7100.0,5360.8798828125,6980200
2021-02-18,7075.0,7100.0,6975.0,6975.0,5266.49853515625,11085900
2021-02-19,6975.0,6975.0,6900.0,6950.0,5247.6220703125,8791400
2021-02-22,6975.0,7000.0,6875.0,6875.0,5190.9931640625,14949100
2021-02-23,6900.0,6925.0,6800.0,6850.0,5172.11669921875,12860600
2021-02-24,6850.0,6950.0,6850.0,6850.0,5172.11669921875,10340700
2021-02-25,6850.0,6900.0,6750.0,6775.0,5115.48779296875,14021800
2021-02-26,6750.0,7000.0,6675.0,7000.0,5285.375,26873400
2021-03-01,7000.0,7000.0,6800.0,6825.0,5153.2412109375,13054100
2021-03-02,6825.0,6850.0,6725.0,6825.0,5153.2412109375,17348900
2021-03-03,6825.0,6900.0,6775.0,6875.0,5190.9931640625,8276700
2021-03-04,6875.0,6875.0,6725.0,6725.0,5077.7353515625,10778200
2021-03-05,6700.0,6750.0,6675.0,6725.0,5077.7353515625,6029300
2021-03-08,6800.0,6800.0,6625.0,6650.0,5021.1064453125,10141900
2021-03-09,6700.0,6700.0,6475.0,6550.0,4945.6005859375,18687300
2021-03-10,6575.0,6625.0,6525.0,6575.0,4964.47705078125,6458000
2021-03-12,6575.0,6700.0,6575.0,6700.0,5058.85791015625,6978300
2021-03-15,6700.0,6725.0,6575.0,6575.0,4964.47705078125,12546500
2021-03-16,6575.0,6650.0,6525.0,6550.0,4945.6005859375,12107300
2021-03-17,6550.0,6600.0,6475.0,6475.0,4888.9716796875,10231700
2021-03-18,6500.0,6600.0,6500.0,6600.0,4983.35302734375,12740200
2021-03-19,6600.0,6750.0,6525.0,6750.0,5096.6123046875,24004400
2021-03-22,6750.0,6775.0,6675.0,6700.0,5058.85791015625,6044900
2021-03-23,6675.0,6800.0,6675.0,6750.0,5096.6123046875,8836500
2021-03-24,6725.0,6750.0,6550.0,6575.0,4964.47705078125,11037200
2021-03-25,6600.0,6650.0,6500.0,6650.0,5021.1064453125,10704500
2021-03-26,6650.0,6700.0,6600.0,6600.0,4983.35302734375,5548000
2021-03-29,6600.0,6775.0,6575.0,6725.0,5077.7353515625,11959200
2021-03-30,6700.0,6725.0,6525.0,6550.0,4945.6005859375,14708700
2021-03-31,6600.0,6600.0,6450.0,6575.0,4964.47705078125,14361800
2021-04-01,6575.0,6700.0,6525.0,6625.0,5002.2294921875,9105000
2021-04-05,6625.0,6625.0,6475.0,6475.0,4888.9716796875,5799200
2021-04-06,6500.0,6525.0,6450.0,6475.0,4888.9716796875,5009900
2021-04-07,6475.0,6550.0,6450.0,6525.0,4926.724609375,5096500
2021-04-08,6525.0,6800.0,6525.0,6600.0,4983.35302734375,10879400
2021-04-09,6600.0,6625.0,6475.0,6475.0,4888.9716796875,9479200
2021-04-12,6500.0,6550.0,6300.0,6325.0,4775.71337890625,15823700
2021-04-13,6350.0,6350.0,6150.0,6225.0,4700.20849609375,12975200
2021-04-14,6250.0,6325.0,6225.0,6300.0,4756.83740234375,5450700
2021-04-15,6300.0,6400.0,6225.0,6400.0,4832.34326171875,8910100
2021-04-16,6400.0,6450.0,6250.0,6325.0,4775.71337890625,7481000
2021-04-19,6350.0,6375.0,6225.0,6300.0,4756.83740234375,7032700
2021-04-20,6300.0,6300.0,6150.0,6225.0,4700.20849609375,13695800
2021-04-21,6150.0,6200.0,6100.0,6100.0,4605.82763671875,14082200
2021-04-22,6100.0,6150.0,6075.0,6125.0,4624.703125,12095300
2021-04-23,6150.0,6150.0,6025.0,6075.0,4586.94970703125,11471100
2021-04-26,6075.0,6200.0,6075.0,6125.0,4624.703125,8628200
2021-04-27,6200.0,6200.0,6025.0,6025.0,4549.197265625,10560300
2021-04-28,6025.0,6075.0,6000.0,6075.0,4586.94970703125,9453200
2021-04-29,6100.0,6125.0,6000.0,6050.0,4568.0732421875,21365800
2021-04-30,6050.0,6100.0,5925.0,6000.0,4530.32080078125,22253900
2021-05-03,6000.0,6000.0,5900.0,5900.0,4454.8154296875,11454300
2021-05-04,5900.0,5950.0,5700.0,5750.0,4341.5576171875,27736500
2021-05-05,5750.0,5900.0,5725.0,5775.0,4360.43408203125,23481700
2021-05-06,5750.0,5775.0,5550.0,5550.0,4190.546875,41445900
2021-05-07,5550.0,5625.0,5500.0,5525.0,4171.67041015625,32723800
2021-05-10,5550.0,5875.0,5550.0,5700.0,4303.8056640625,42701900
2021-05-11,5650.0,5825.0,5600.0,5625.0,4247.17626953125,28767800
2021-05-17,5650.0,5725.0,5500.0,5600.0,4228.2998046875,20202700
2021-05-18,5650.0,5650.0,5525.0,5575.0,4209.423828125,12773900
2021-05-19,5550.0,5550.0,5425.0,5450.0,4115.04150390625,16176000
2021-05-20,5450.0,5625.0,5450.0,5625.0,4247.17626953125,20439300
2021-05-21,5650.0,5675.0,5550.0,5575.0,4209.423828125,12760600
2021-05-24,5650.0,5750.0,5575.0,5725.0,4322.681640625,19589000
2021-05-25,5750.0,5750.0,5575.0,5675.0,4284.92919921875,23086400
2021-05-27,5725.0,5850.0,5675.0,5825.0,4398.1875,53308600
2021-05-28,5850.0,5850.0,5625.0,5775.0,4360.43408203125,26276900
2021-05-31,5775.0,5850.0,5700.0,5850.0,4417.0634765625,17773400
2021-06-02,6000.0,6000.0,5725.0,5850.0,4417.0634765625,31109000
2021-06-03,5800.0,5800.0,5675.0,5775.0,4360.43408203125,21195800
2021-06-04,5775.0,5775.0,5650.0,5650.0,4266.052734375,15902700
2021-06-07,5650.0,5700.0,5625.0,5625.0,4247.17626953125,18097900
2021-06-08,5575.0,5575.0,5450.0,5475.0,4208.74072265625,18894700
2021-06-09,5475.0,5500.0,5250.0,5300.0,4074.214599609375,41615400
2021-06-10,5375.0,5425.0,5275.0,5300.0,4074.214599609375,22243100
2021-06-11,5300.0,5350.0,5225.0,5350.0,4112.650390625,23436200
2021-06-14,5350.0,5375.0,5250.0,5250.0,4035.7783203125,11521500
2021-06-15,5225.0,5250.0,5125.0,5175.0,3978.125,26706500
2021-06-16,5150.0,5275.0,5100.0,5200.0,3997.3427734375,23034600
2021-06-17,5175.0,5175.0,5075.0,5075.0,3901.252197265625,19772100
2021-06-18,5075.0,5075.0,4900.0,4900.0,3766.725830078125,57214300
2021-06-21,4800.0,5150.0,4710.0,5100.0,3920.470947265625,34387400
2021-06-22,5100.0,5125.0,5000.0,5050.0,3882.03515625,17867700
2021-06-23,5050.0,5100.0,4990.0,4990.0,3835.91162109375,9268200
2021-06-24,4990.0,5050.0,4960.0,4960.0,3812.849365234375,5114800
2021-06-25,5025.0,5025.0,4950.0,5000.0,3843.59814453125,13206100
2021-06-28,5025.0,5100.0,4900.0,5025.0,3862.816650390625,15756100
2021-06-29,5100.0,5150.0,4960.0,5000.0,3843.59814453125,17471600
2021-06-30,5000.0,5000.0,4950.0,4950.0,3805.162841796875,13308000
2021-07-01,4950.0,5250.0,4950.0,5225.0,4016.560546875,24688000
2021-07-02,5200.0,5200.0,5075.0,5150.0,3958.906005859375,22708800
2021-07-05,5150.0,5150.0,4940.0,4950.0,3805.162841796875,20589900
2021-07-06,4960.0,5025.0,4930.0,5000.0,3843.59814453125,11307700
2021-07-07,4960.0,4980.0,4900.0,4930.0,3789.7880859375,19448300
2021-07-08,4950.0,4960.0,4860.0,4860.0,3735.9775390625,14979500
2021-07-09,4850.0,4890.0,4810.0,4890.0,3759.039306640625,13202300
2021-07-12,4900.0,5075.0,4900.0,5025.0,3862.816650390625,27418800
2021-07-13,5100.0,5200.0,5025.0,5100.0,3920.470947265625,29032400
2021-07-14,5100.0,5125.0,4910.0,5100.0,3920.470947265625,23386200
2021-07-15,5025.0,5175.0,5025.0,5150.0,3958.906005859375,14978400
2021-07-16,5150.0,5200.0,5050.0,5150.0,3958.906005859375,9184800
2021-07-19,5100.0,5125.0,5025.0,5075.0,3901.252197265625,7018000
2021-07-21,5075.0,5150.0,5050.0,5125.0,3939.6884765625,11283600
2021-07-22,5125.0,5150.0,5000.0,5025.0,3862.816650390625,20499500
2021-07-23,4960.0,4960.0,4800.0,4800.0,3689.8544921875,74486500
2021-07-26,4800.0,4820.0,4700.0,4700.0,3612.982666015625,33290700
2021-07-27,4700.0,4700.0,4460.0,4500.0,3459.238525390625,55131100
2021-07-28,4500.0,4540.0,4420.0,4450.0,3420.802734375,17865300
2021-07-29,4450.0,4460.0,4330.0,4330.0,3328.55615234375,35079600
2021-07-30,4390.0,4410.0,4220.0,4220.0,3243.9970703125,59329000
2021-08-02,4220.0,4400.0,4210.0,4400.0,3382.366455078125,47024900
2021-08-03,4400.0,4470.0,4370.0,4380.0,3366.99169921875,25149400
2021-08-04,4400.0,4420.0,4300.0,4330.0,3328.55615234375,25519900
2021-08-05,4330.0,4450.0,4260.0,4440.0,3413.115478515625,47119200
2021-08-06,4440.0,4480.0,4400.0,4420.0,3397.74072265625,23050300
2021-08-09,4410.0,4420.0,4300.0,4310.0,3313.181640625,17401800
2021-08-10,4300.0,4320.0,4220.0,4250.0,3267.05908203125,20393900
2021-08-12,4290.0,4330.0,4170.0,4210.0,3236.310302734375,28977900
2021-08-13,4230.0,4260.0,4210.0,4250.0,3267.05908203125,10076000
2021-08-16,4240.0,4250.0,4130.0,4150.0,3190.186767578125,17673100
2021-08-18,4170.0,4280.0,4150.0,4230.0,3251.684326171875,32100800
2021-08-19,4250.0,4260.0,4100.0,4110.0,3159.438232421875,18192800
2021-08-20,4090.0,4120.0,4050.0,4070.0,3128.68896484375,12646500
2021-08-23,4080.0,4140.0,4030.0,4060.0,3121.002197265625,22533200
2021-08-24,4060.0,4100.0,4040.0,4080.0,3136.376220703125,18406800
2021-08-25,4110.0,4180.0,4100.0,4170.0,3205.56103515625,22682800
2021-08-26,4170.0,4170.0,4050.0,4090.0,3144.063720703125,19988900
2021-08-27,4060.0,4070.0,4010.0,4030.0,3097.940673828125,21212400
2021-08-30,4040.0,4130.0,4030.0,4130.0,3174.8125,21892200
2021-08-31,4110.0,4150.0,4050.0,4050.0,3113.31494140625,38977800
2021-09-01,4070.0,4110.0,4060.0,4100.0,3151.7509765625,23793400
2021-09-02,4110.0,4150.0,4100.0,4150.0,3190.186767578125,12173000
2021-09-03,4170.0,4250.0,4150.0,4240.0,3259.371337890625,22908300
2021-09-06,4240.0,4300.0,4210.0,4250.0,3267.05908203125,18434200
2021-09-07,4250.0,4290.0,4250.0,4250.0,3267.05908203125,16097400
2021-09-08,4250.0,4270.0,4070.0,4100.0,3151.7509765625,27585800
2021-09-09,4100.0,4150.0,4070.0,4100.0,3151.7509765625,22145100
2021-09-10,4130.0,4150.0,4080.0,4080.0,3136.376220703125,14311100
2021-09-13,4080.0,4100.0,4030.0,4040.0,3105.627685546875,16431100
2021-09-14,4050.0,4090.0,4030.0,4050.0,3113.31494140625,15456600
2021-09-15,4050.0,4080.0,4030.0,4040.0,3105.627685546875,16681800
2021-09-16,4050.0,4070.0,4000.0,4010.0,3082.566162109375,20730600
2021-09-17,4010.0,4020.0,3950.0,3950.0,3036.44287109375,42311400
2021-09-20,3950.0,3960.0,3860.0,3880.0,2982.63232421875,25006900
2021-09-21,3860.0,3870.0,3800.0,3840.0,2951.883056640625,27510700
2021-09-22,3840.0,4060.0,3840.0,4040.0,3105.627685546875,53992900
2021-09-23,4050.0,4080.0,4010.0,4050.0,3113.31494140625,30884400
2021-09-24,4040.0,4060.0,3950.0,3970.0,3051.8173828125,28440200
2021-09-27,3970.0,3970.0,3850.0,3860.0,2967.258056640625,26324200
2021-09-28,3860.0,3870.0,3810.0,3820.0,2936.50927734375,14852900
2021-09-29,3800.0,3920.0,3800.0,3920.0,3013.381591796875,21762400
2021-09-30,3930.0,4010.0,3930.0,3950.0,3036.44287109375,35514100
2021-10-01,3930.0,3990.0,3830.0,3860.0,2967.258056640625,32614400
2021-10-04,3880.0,4020.0,3870.0,3980.0,3059.50439453125,42279800
2021-10-05,3980.0,4190.0,3980.0,4150.0,3190.186767578125,50537400
2021-10-06,4200.0,4300.0,4160.0,4270.0,3282.432861328125,53674800
2021-10-07,4300.0,5050.0,4300.0,4830.0,3712.916015625,250903800
2021-10-08,4880.0,4930.0,4720.0,4760.0,3659.10595703125,68396500
2021-10-11,4760.0,4850.0,4730.0,4830.0,3712.916015625,39246200
2021-10-12,4830.0,4930.0,4750.0,4930.0,3789.7880859375,49064900
2021-10-13,4950.0,5275.0,4880.0,5250.0,4035.7783203125,101550600
2021-10-14,5250.0,5400.0,5150.0,5325.0,4093.432861328125,86890500
2021-10-15,5325.0,5400.0,5125.0,5225.0,4016.560546875,76894800
2021-10-18,5225.0,5275.0,5100.0,5100.0,3920.470947265625,46484400
2021-10-19,5100.0,5150.0,5050.0,5125.0,3939.6884765625,26024500
2021-10-21,5150.0,5150.0,4940.0,5000.0,3843.59814453125,49450100
2021-10-22,4950.0,4950.0,4810.0,4850.0,3728.2900390625,49601400
2021-10-25,4850.0,4850.0,4580.0,4580.0,3520.736083984375,76202500
2021-10-26,4580.0,4740.0,4570.0,4640.0,3566.859375,40624300
2021-10-27,4650.0,4690.0,4520.0,4540.0,3489.9873046875,39664600
2021-10-28,4530.0,4610.0,4410.0,4440.0,3413.115478515625,48607600
2021-10-29,4460.0,4550.0,4400.0,4420.0,3397.74072265625,43142600
2021-11-01,4500.0,4550.0,4410.0,4420.0,3397.74072265625,37917000
2021-11-02,4450.0,4470.0,4360.0,4470.0,3436.177490234375,23580400
2021-11-03,4490.0,4510.0,4440.0,4450.0,3420.802734375,20173500
2021-11-04,4460.0,4530.0,4450.0,4450.0,3420.802734375,19606500
2021-11-05,4460.0,4480.0,4400.0,4430.0,3405.428466796875,15950300
2021-11-08,4450.0,4470.0,4430.0,4460.0,3428.490234375,12599400
2021-11-09,4460.0,4470.0,4380.0,4430.0,3405.428466796875,23025100
2021-11-10,4420.0,4430.0,4360.0,4370.0,3359.30517578125,15585200
2021-11-11,4410.0,4690.0,4390.0,4660.0,3582.234130859375,63047300
2021-11-12,4690.0,4740.0,4580.0,4600.0,3536.110107421875,30654100
2021-11-15,4630.0,4630.0,4510.0,4510.0,3466.92578125,14544700
2021-11-16,4510.0,4570.0,4460.0,4570.0,3513.048828125,12701100
2021-11-17,4570.0,4580.0,4500.0,4500.0,3459.238525390625,15347100
2021-11-18,4480.0,4540.0,4460.0,4480.0,3443.8642578125,15522000
2021-11-19,4500.0,4670.0,4500.0,4660.0,3582.234130859375,39746800
2021-11-22,4660.0,4840.0,4620.0,4840.0,3720.603271484375,38502000
2021-11-23,4840.0,4890.0,4760.0,4880.0,3751.3515625,33067100
2021-11-24,4870.0,4870.0,4810.0,4840.0,3720.603271484375,18237600
2021-11-25,4840.0,4860.0,4800.0,4820.0,3705.228759765625,13327300
2021-11-26,4810.0,4830.0,4670.0,4710.0,3620.669677734375,22837400
2021-11-29,4700.0,4700.0,4570.0,4630.0,3559.171630859375,24000400
2021-11-30,4600.0,4650.0,4460.0,4480.0,3493.666015625,66592500
2021-12-01,4480.0,4550.0,4300.0,4310.0,3361.093505859375,40625400
2021-12-02,4310.0,4340.0,4220.0,4290.0,3345.4970703125,34857400
2021-12-03,4300.0,4340.0,4200.0,4220.0,3290.908447265625,31096900
2021-12-06,4230.0,4250.0,4160.0,4200.0,3275.31201171875,16426600
2021-12-07,4240.0,4300.0,4230.0,4270.0,3329.900146484375,16917800
2021-12-08,4300.0,4350.0,4270.0,4270.0,3329.900146484375,10992800
2021-12-09,4300.0,4370.0,4270.0,4370.0,3407.884033203125,10364600
2021-12-10,4370.0,4430.0,4310.0,4430.0,3454.67431640625,14291300
2021-12-13,4400.0,4430.0,4380.0,4380.0,3415.681884765625,13018900
2021-12-14,4350.0,4360.0,4280.0,4290.0,3345.4970703125,13487200
2021-12-15,4290.0,4370.0,4260.0,4270.0,3329.900146484375,11306700
2021-12-16,4290.0,4320.0,4200.0,4210.0,3283.110595703125,13521600
2021-12-17,4180.0,4240.0,4150.0,4150.0,3236.320068359375,18949400
2021-12-20,4150.0,4160.0,4120.0,4140.0,3228.521728515625,12059600
2021-12-21,4150.0,4180.0,4080.0,4080.0,3181.7314453125,15689800
2021-12-22,4100.0,4130.0,4050.0,4060.0,3166.135009765625,10188400
2021-12-23,4060.0,4120.0,4060.0,4080.0,3181.7314453125,7863700
2021-12-24,4090.0,4210.0,4080.0,4200.0,3275.31201171875,11979500
2021-12-27,4200.0,4230.0,4170.0,4210.0,3283.110595703125,7238100
2021-12-28,4210.0,4230.0,4180.0,4180.0,3259.71533203125,7006900
2021-12-29,4180.0,4190.0,4120.0,4120.0,3212.925048828125,9030700
2021-12-30,4130.0,4170.0,4110.0,4110.0,3205.126953125,7633100
2022-01-03,4120.0,4340.0,4120.0,4230.0,3298.70703125,24420300
2022-01-04,4250.0,4310.0,4230.0,4250.0,3314.303955078125,13276500
2022-01-05,4260.0,4270.0,4180.0,4210.0,3283.110595703125,9697800
2022-01-06,4210.0,4240.0,4180.0,4230.0,3298.70703125,7594500
2022-01-07,4230.0,4240.0,4200.0,4220.0,3290.908447265625,7219700
2022-01-10,4220.0,4290.0,4200.0,4250.0,3314.303955078125,12806600
2022-01-11,4260.0,4270.0,4150.0,4180.0,3259.71533203125,17846600
2022-01-12,4200.0,4340.0,4180.0,4330.0,3376.6904296875,29769500
2022-01-13,4330.0,4340.0,4240.0,4270.0,3329.900146484375,13806300
2022-01-14,4280.0,4280.0,4210.0,4220.0,3290.908447265625,11920000
2022-01-17,4240.0,4240.0,4140.0,4150.0,3236.320068359375,20035500
2022-01-18,4160.0,4230.0,4070.0,4110.0,3205.126953125,27044300
2022-01-19,4110.0,4110.0,4080.0,4100.0,3197.328369140625,7662700
2022-01-20,4100.0,4120.0,4070.0,4100.0,3197.328369140625,9264200
2022-01-21,4090.0,4150.0,4080.0,4150.0,3236.320068359375,15210700
2022-01-24,4130.0,4140.0,4080.0,4080.0,3181.7314453125,9762900
2022-01-25,4100.0,4110.0,4010.0,4060.0,3166.135009765625,17157500
2022-01-26,4060.0,4130.0,4050.0,4130.0,3220.723388671875,11479200
2022-01-27,4120.0,4120.0,4050.0,4060.0,3166.135009765625,6277700
2022-01-28,4060.0,4090.0,4030.0,4050.0,3158.336669921875,10458800
2022-01-31,4060.0,4080.0,4000.0,4030.0,3142.739990234375,19204300
2022-02-02,4030.0,4060.0,4010.0,4050.0,3158.336669921875,8369600
2022-02-03,4050.0,4050.0,4000.0,4010.0,3127.14306640625,8460100
2022-02-04,4020.0,4040.0,3990.0,4020.0,3134.94140625,14487100
2022-02-07,4020.0,4050.0,4000.0,4000.0,3119.3447265625,14546900
2022-02-08,4000.0,4080.0,4000.0,4000.0,3119.3447265625,19022800
2022-02-09,4000.0,4020.0,3960.0,3960.0,3088.1513671875,20209400
2022-02-10,3960.0,4040.0,3960.0,3980.0,3103.747802734375,21580200
2022-02-11,3950.0,3960.0,3880.0,3900.0,3041.36083984375,38093800
2022-02-14,3900.0,3910.0,3850.0,3850.0,3002.369384765625,27720300
2022-02-15,3860.0,3880.0,3850.0,3870.0,3017.965576171875,16340600
2022-02-16,3880.0,3920.0,3870.0,3870.0,3017.965576171875,22715500
2022-02-17,3880.0,3910.0,3820.0,3830.0,2986.772216796875,28291200
2022-02-18,3840.0,3900.0,3840.0,3850.0,3002.369384765625,27431100
2022-02-21,3850.0,3900.0,3850.0,3850.0,3002.369384765625,12790900
2022-02-22,3850.0,3870.0,3800.0,3810.0,2971.175537109375,28240100
2022-02-23,3810.0,3860.0,3800.0,3820.0,2978.97412109375,21559300
2022-02-24,3810.0,3840.0,3670.0,3690.0,2877.595458984375,51511000
2022-02-25,3700.0,3750.0,3680.0,3680.0,2869.796875,39737700
2022-03-01,3690.0,3730.0,3670.0,3680.0,2869.796875,21312400
2022-03-02,3680.0,3810.0,3650.0,3660.0,2854.2001953125,37310800
2022-03-04,3660.0,3670.0,3520.0,3520.0,2745.0234375,42359200
2022-03-07,3500.0,3510.0,3400.0,3430.0,2674.837890625,41980800
2022-03-08,3420.0,3520.0,3360.0,3360.0,2620.249755859375,35450900
2022-03-09,3370.0,3450.0,3370.0,3400.0,2651.44287109375,24068100
2022-03-10,3450.0,3460.0,3370.0,3430.0,2674.837890625,19292400
2022-03-11,3420.0,3420.0,3370.0,3370.0,2628.048095703125,19258300
2022-03-14,3380.0,3410.0,3370.0,3380.0,2635.846435546875,20868200
2022-03-15,3400.0,3440.0,3280.0,3280.0,2557.86279296875,35618500
2022-03-16,3290.0,3540.0,3280.0,3450.0,2690.43505859375,66871800
2022-03-17,3490.0,3520.0,3380.0,3420.0,2667.039794921875,33986000
2022-03-18,3430.0,3440.0,3340.0,3360.0,2620.249755859375,23334800
2022-03-21,3360.0,3470.0,3330.0,3460.0,2698.232666015625,29782900
2022-03-22,3460.0,3500.0,3440.0,3490.0,2721.628173828125,24196400
2022-03-23,3500.0,3510.0,3410.0,3410.0,2659.2412109375,16459800
2022-03-24,3400.0,3420.0,3360.0,3380.0,2635.846435546875,24615200
2022-03-25,3390.0,3420.0,3380.0,3400.0,2651.44287109375,14146900
2022-03-28,3400.0,3490.0,3370.0,3460.0,2698.232666015625,23752600
2022-03-29,3480.0,3560.0,3480.0,3480.0,2713.829833984375,41388600
2022-03-30,3500.0,3740.0,3500.0,3720.0,2900.990478515625,91287100
2022-03-31,3730.0,3760.0,3650.0,3660.0,2854.2001953125,47424200
2022-04-01,3660.0,3690.0,3600.0,3620.0,2823.007080078125,26735700
2022-04-04,3630.0,3660.0,3540.0,3570.0,2784.01513671875,36823300
2022-04-05,3570.0,3690.0,3570.0,3680.0,2869.796875,30816700
2022-04-06,3680.0,3680.0,3560.0,3600.0,2807.41015625,25193400
2022-04-07,3600.0,3640.0,3550.0,3570.0,2784.01513671875,18081300
2022-04-08,3590.0,3600.0,3520.0,3540.0,2760.6201171875,14057400
2022-04-11,3570.0,3570.0,3450.0,3460.0,2698.232666015625,27777500
2022-04-12,3460.0,3520.0,3410.0,3520.0,2745.0234375,17817400
2022-04-13,3520.0,3520.0,3410.0,3440.0,2682.63623046875,20850000
2022-04-14,3430.0,3460.0,3400.0,3400.0,2651.44287109375,9591300
2022-04-18,3400.0,3440.0,3370.0,3390.0,2643.64453125,10009100
2022-04-19,3390.0,3410.0,3350.0,3350.0,2612.45068359375,13023000
2022-04-20,3390.0,3510.0,3370.0,3470.0,2706.03125,29867500
2022-04-21,3470.0,3500.0,3400.0,3400.0,2651.44287109375,19189900
2022-04-22,3400.0,3440.0,3370.0,3430.0,2674.837890625,16244400
2022-04-25,3420.0,3720.0,3400.0,3690.0,2877.595458984375,53256900
2022-04-26,3720.0,3930.0,3690.0,3890.0,3033.5625,96737500
2022-04-27,3890.0,3900.0,3770.0,3810.0,2971.175537109375,36437100
2022-04-28,3830.0,3920.0,3770.0,3890.0,3033.5625,33886500
2022-05-09,4000.0,4140.0,3890.0,4010.0,3127.14306640625,103950200
2022-05-10,4010.0,4400.0,3990.0,4380.0,3415.681884765625,172562700
2022-05-11,4400.0,4940.0,4380.0,4880.0,3805.599853515625,197748700
2022-05-12,4920.0,4940.0,4580.0,4690.0,3657.431396484375,118621900
2022-05-13,4690.0,4900.0,4660.0,4800.0,3743.213623046875,79196200
2022-05-17,4810.0,4900.0,4660.0,4800.0,3743.213623046875,43843800
2022-05-18,4820.0,5075.0,4810.0,5025.0,3918.6767578125,88532400
2022-05-19,4960.0,5000.0,4850.0,4880.0,3805.599853515625,56274400
2022-05-20,4870.0,5125.0,4860.0,5050.0,3938.17333984375,58516300
2022-05-23,5050.0,5075.0,4850.0,4880.0,3805.599853515625,37184300
2022-05-24,4920.0,4950.0,4700.0,4810.0,3751.011962890625,39458200
2022-05-25,4860.0,4900.0,4730.0,4770.0,3719.818359375,38989700
2022-05-27,4800.0,4840.0,4710.0,4760.0,3712.020263671875,31887700
2022-05-30,4760.0,4760.0,4620.0,4650.0,3626.238037109375,49609700
2022-05-31,4680.0,4820.0,4630.0,4730.0,3688.62548828125,93943100
2022-06-02,4760.0,4890.0,4710.0,4790.0,3735.4150390625,56089200
2022-06-03,4810.0,4810.0,4720.0,4720.0,3680.826171875,25523600
2022-06-06,4720.0,4780.0,4700.0,4770.0,3719.818359375,16170500
2022-06-07,4770.0,4780.0,4720.0,4730.0,3688.62548828125,19562800
2022-06-08,4740.0,4970.0,4730.0,4890.0,3813.398681640625,56202700
2022-06-09,4900.0,4930.0,4760.0,4820.0,3758.81005859375,32236200
2022-06-10,4780.0,4790.0,4720.0,4750.0,3704.221923828125,20081200
2022-06-13,4690.0,4700.0,4600.0,4690.0,3657.431396484375,28947200
2022-06-14,4640.0,4740.0,4610.0,4740.0,3696.423095703125,22498700
2022-06-15,4750.0,4810.0,4690.0,4800.0,3743.213623046875,24158700
2022-06-16,4850.0,4850.0,4730.0,4800.0,3743.213623046875,19890100
2022-06-17,4760.0,4800.0,4650.0,4650.0,3626.238037109375,35637800
2022-06-20,4680.0,5025.0,4660.0,5025.0,3918.6767578125,64615100
2022-06-21,5050.0,5100.0,4950.0,5050.0,3938.17333984375,38363600
2022-06-22,5050.0,5050.0,4860.0,4890.0,3813.398681640625,25752200
2022-06-23,4900.0,5000.0,4860.0,4960.0,3867.987060546875,33615200
2022-06-24,4930.0,4990.0,4870.0,4990.0,3958.42041015625,22538000
2022-06-27,4990.0,5000.0,4900.0,4980.0,3950.487060546875,19512800
2022-06-28,4980.0,5075.0,4960.0,5050.0,4006.01708984375,25740300
2022-06-29,5000.0,5050.0,4910.0,4940.0,3918.756591796875,19482000
2022-06-30,4950.0,4980.0,4750.0,4770.0,3783.900390625,32840700
2022-07-01,4750.0,4860.0,4690.0,4830.0,3831.496826171875,19350200
2022-07-04,4800.0,4820.0,4550.0,4700.0,3728.37158203125,22093000
2022-07-05,4700.0,4780.0,4680.0,4760.0,3775.968017578125,14993200
2022-07-06,4740.0,4830.0,4710.0,4780.0,3791.8330078125,12189400
2022-07-07,4820.0,5025.0,4800.0,5000.0,3966.3525390625,37537700
2022-07-08,5025.0,5025.0,4810.0,4890.0,3879.093017578125,26420400
2022-07-11,4900.0,4910.0,4750.0,4800.0,3807.69873046875,20528000
2022-07-12,4800.0,4880.0,4770.0,4880.0,3871.15966796875,15676300
2022-07-13,4900.0,4920.0,4820.0,4900.0,3887.025146484375,13093300
2022-07-14,4900.0,4900.0,4800.0,4900.0,3887.025146484375,17033300
2022-07-15,4900.0,4930.0,4820.0,4830.0,3831.496826171875,13119700
2022-07-18,4870.0,4980.0,4830.0,4980.0,3950.487060546875,10748900
2022-07-19,4970.0,4990.0,4890.0,4970.0,3942.55419921875,16537800
2022-07-20,4990.0,5100.0,4950.0,4970.0,3942.55419921875,37835400
2022-07-21,4970.0,5000.0,4890.0,5000.0,3966.3525390625,13828900
2022-07-22,5000.0,5000.0,4940.0,5000.0,3966.3525390625,14582600
2022-07-25,4980.0,4980.0,4920.0,4930.0,3910.823974609375,9190300
2022-07-26,4930.0,4950.0,4900.0,4930.0,3910.823974609375,8239100
2022-07-27,4950.0,5025.0,4710.0,4720.0,3744.236572265625,49444700
2022-07-28,4720.0,4770.0,4500.0,4510.0,3577.650146484375,82746200
2022-07-29,4520.0,4560.0,4480.0,4510.0,3577.650146484375,55532300
2022-08-01,4530.0,4650.0,4510.0,4550.0,3609.381103515625,28250300
2022-08-02,4550.0,4610.0,4530.0,4600.0,3649.044189453125,22763900
2022-08-03,4600.0,4600.0,4550.0,4590.0,3641.111572265625,14248900
2022-08-04,4590.0,4610.0,4530.0,4600.0,3649.044189453125,21726600
2022-08-05,4650.0,4740.0,4620.0,4720.0,3744.236572265625,32171000
2022-08-08,4740.0,4800.0,4730.0,4790.0,3799.765869140625,20764800
2022-08-09,4800.0,4800.0,4720.0,4720.0,3744.236572265625,14898200
2022-08-10,4720.0,4780.0,4660.0,4780.0,3791.8330078125,21241700
2022-08-11,4790.0,4800.0,4740.0,4750.0,3768.035400390625,17603200
2022-08-12,4750.0,4850.0,4750.0,4770.0,3783.900390625,20011800
2022-08-15,4770.0,4780.0,4710.0,4760.0,3775.968017578125,14082800
2022-08-16,4780.0,4810.0,4710.0,4770.0,3783.900390625,11493000
2022-08-18,4800.0,4810.0,4730.0,4790.0,3799.765869140625,14617400
2022-08-19,4810.0,4830.0,4730.0,4730.0,3752.170166015625,13156500
2022-08-22,4750.0,4800.0,4730.0,4750.0,3768.035400390625,14214600
2022-08-23,4800.0,4830.0,4760.0,4810.0,3815.63134765625,18458700
2022-08-24,4820.0,4880.0,4800.0,4850.0,3847.36181640625,14304200
2022-08-25,4850.0,4870.0,4800.0,4840.0,3839.429443359375,10177700
2022-08-26,4850.0,4850.0,4610.0,4610.0,3656.976806640625,44804400
2022-08-29,4560.0,4600.0,4510.0,4580.0,3633.178955078125,20184000
2022-08-30,4590.0,4630.0,4580.0,4580.0,3633.178955078125,23733200
2022-08-31,4580.0,4620.0,4530.0,4590.0,3641.111572265625,38272000
2022-09-01,4590.0,4610.0,4540.0,4540.0,3601.4482421875,13106400
2022-09-02,4540.0,4600.0,4540.0,4550.0,3609.381103515625,11307400
2022-09-05,4550.0,4570.0,4510.0,4530.0,3593.515380859375,13208600
2022-09-06,4530.0,4540.0,4450.0,4510.0,3577.650146484375,23742100
2022-09-07,4510.0,4590.0,4490.0,4590.0,3641.111572265625,26881000
2022-09-08,4590.0,4610.0,4520.0,4520.0,3585.5830078125,13657900
2022-09-09,4520.0,4570.0,4500.0,4500.0,3569.717529296875,10000000
2022-09-12,4510.0,4560.0,4510.0,4550.0,3609.381103515625,7679800
2022-09-13,4570.0,4670.0,4560.0,4670.0,3704.573486328125,22934000
2022-09-14,4640.0,4640.0,4600.0,4630.0,3672.84228515625,10053400
2022-09-15,4640.0,4660.0,4580.0,4600.0,3649.044189453125,16878200
2022-09-16,4640.0,4640.0,4610.0,4630.0,3672.84228515625,21233900
2022-09-19,4630.0,4630.0,4510.0,4600.0,3649.044189453125,9791100
2022-09-20,4630.0,4730.0,4620.0,4730.0,3752.170166015625,25974800
2022-09-21,4730.0,4840.0,4730.0,4810.0,3815.63134765625,33960700
2022-09-22,4810.0,4810.0,4740.0,4810.0,3815.63134765625,14406800
2022-09-23,4810.0,4820.0,4770.0,4810.0,3815.63134765625,11888400
2022-09-26,4810.0,4830.0,4750.0,4790.0,3799.765869140625,17728200
2022-09-27,4800.0,4810.0,4770.0,4800.0,3807.69873046875,10292300
2022-09-28,4800.0,4840.0,4780.0,4810.0,3815.63134765625,16851700
2022-09-29,4800.0,4870.0,4790.0,4850.0,3847.36181640625,18109500
2022-09-30,4840.0,4850.0,4710.0,4830.0,3831.496826171875,23108800
2022-10-03,4830.0,4870.0,4820.0,4850.0,3847.36181640625,14748400
2022-10-04,4880.0,4900.0,4850.0,4870.0,3863.22802734375,12967400
2022-10-05,4900.0,4900.0,4830.0,4830.0,3831.496826171875,13566800
2022-10-06,4860.0,4900.0,4840.0,4900.0,3887.025146484375,17339500
2022-10-07,4900.0,4910.0,4760.0,4840.0,3839.429443359375,14439400
2022-10-10,4840.0,4840.0,4700.0,4800.0,3807.69873046875,8699400
2022-10-11,4780.0,4780.0,4730.0,4730.0,3752.170166015625,10775800
2022-10-12,4730.0,4790.0,4660.0,4790.0,3799.765869140625,11194200
2022-10-13,4790.0,4840.0,4770.0,4840.0,3839.429443359375,12495000
2022-10-14,4840.0,4860.0,4770.0,4810.0,3815.63134765625,9611600
2022-10-17,4850.0,4850.0,4800.0,4830.0,3831.496826171875,11650600
2022-10-18,4850.0,4900.0,4810.0,4900.0,3887.025146484375,18797200
2022-10-19,4930.0,5375.0,4930.0,5350.0,4243.99755859375,82474800
2022-10-20,5350.0,5450.0,5225.0,5400.0,4283.6611328125,51712800
2022-10-21,5400.0,5400.0,5250.0,5300.0,4204.333984375,18231200
2022-10-24,5275.0,5475.0,5250.0,5325.0,4224.166015625,27349200
2022-10-25,5325.0,5375.0,5200.0,5275.0,4184.501953125,16874900
2022-10-26,5250.0,5400.0,5175.0,5400.0,4283.6611328125,28826300
2022-10-27,5400.0,5450.0,5275.0,5350.0,4243.99755859375,22168700
2022-10-28,5050.0,5075.0,4980.0,4980.0,3950.487060546875,33806300
2022-10-31,4650.0,4740.0,4640.0,4640.0,3680.775390625,83268400
2022-11-01,4590.0,4690.0,4500.0,4530.0,3593.515380859375,88422300
2022-11-02,4530.0,4590.0,4460.0,4500.0,3569.717529296875,37943000
2022-11-03,4510.0,4560.0,4500.0,4510.0,3577.650146484375,15402200
2022-11-04,4530.0,4550.0,4470.0,4540.0,3601.4482421875,20812100
2022-11-07,4540.0,4620.0,4500.0,4620.0,3664.91015625,20715100
2022-11-08,4640.0,4650.0,4600.0,4630.0,3672.84228515625,15497800
2022-11-09,4630.0,4630.0,4520.0,4540.0,3601.4482421875,24941900
2022-11-10,4530.0,4580.0,4500.0,4560.0,3617.313720703125,10140300
2022-11-11,4610.0,4610.0,4520.0,4540.0,3601.4482421875,16741500
2022-11-14,4540.0,4600.0,4530.0,4590.0,3641.111572265625,10527700
2022-11-15,4590.0,4610.0,4540.0,4610.0,3656.976806640625,11794000
2022-11-16,4610.0,4610.0,4550.0,4610.0,3656.976806640625,8942300
2022-11-17,4600.0,4610.0,4560.0,4590.0,3641.111572265625,12105800
2022-11-18,4590.0,4660.0,4560.0,4640.0,3680.775390625,16515900
2022-11-21,4630.0,4630.0,4550.0,4550.0,3609.381103515625,13807100
2022-11-22,4570.0,4620.0,4560.0,4560.0,3617.313720703125,18963600
2022-11-23,4580.0,4590.0,4550.0,4550.0,3609.381103515625,8656200
2022-11-24,4550.0,4600.0,4550.0,4560.0,3617.313720703125,5155100
2022-11-25,4570.0,4600.0,4530.0,4600.0,3649.044189453125,11209600
2022-11-28,4600.0,4730.0,4560.0,4710.0,3736.304443359375,35089100
2022-11-29,4710.0,4710.0,4660.0,4700.0,3728.37158203125,21257100
2022-11-30,4660.0,4800.0,4620.0,4800.0,3864.431884765625,83228400
2022-12-01,4800.0,4800.0,4670.0,4710.0,3791.973876953125,16755100
2022-12-02,4710.0,4710.0,4660.0,4710.0,3791.973876953125,6918500
2022-12-05,4710.0,4800.0,4700.0,4740.0,3816.1259765625,9788500
2022-12-06,4740.0,4750.0,4670.0,4740.0,3816.1259765625,12811800
2022-12-07,4740.0,4740.0,4670.0,4700.0,3783.922607421875,19509900
2022-12-08,4670.0,4690.0,4560.0,4660.0,3751.71923828125,21123600
2022-12-09,4660.0,4660.0,4600.0,4620.0,3719.515625,13482300
2022-12-12,4620.0,4690.0,4580.0,4690.0,3775.871826171875,12297700
2022-12-13,4700.0,4720.0,4630.0,4720.0,3800.02490234375,13797700
2022-12-14,4720.0,4720.0,4670.0,4720.0,3800.02490234375,7415600
2022-12-15,4720.0,4720.0,4640.0,4700.0,3783.922607421875,11297400
2022-12-16,4690.0,4870.0,4660.0,4870.0,3920.788330078125,25213200
2022-12-19,4830.0,4830.0,4730.0,4730.0,3808.0751953125,16789200
2022-12-20,4730.0,4770.0,4700.0,4770.0,3840.279296875,5433100
2022-12-21,4770.0,4790.0,4740.0,4780.0,3848.330322265625,5871100
2022-12-22,4780.0,4840.0,4770.0,4840.0,3896.63525390625,10005000
2022-12-23,4830.0,4830.0,4760.0,4820.0,3880.533447265625,5698800
2022-12-26,4820.0,4820.0,4740.0,4750.0,3824.17724609375,4053500
2022-12-27,4760.0,4810.0,4740.0,4810.0,3872.482177734375,6738300
2022-12-28,4810.0,4820.0,4710.0,4770.0,3840.279296875,7938100
2022-12-29,4740.0,4760.0,4700.0,4760.0,3832.22802734375,6825900
2022-12-30,4780.0,4780.0,4700.0,4700.0,3783.922607421875,13027100
2023-01-02,4700.0,4700.0,4610.0,4620.0,3719.515625,4266600
2023-01-03,4600.0,4650.0,4570.0,4600.0,3703.413330078125,10663500
2023-01-04,4610.0,4690.0,4610.0,4640.0,3735.61767578125,6705200
2023-01-05,4650.0,4730.0,4600.0,4730.0,3808.0751953125,12524500
2023-01-06,4720.0,4760.0,4670.0,4760.0,3832.22802734375,8390300
2023-01-09,4760.0,4770.0,4690.0,4760.0,3832.22802734375,7932200
2023-01-10,4760.0,4770.0,4660.0,4690.0,3775.871826171875,13402300
2023-01-11,4680.0,4700.0,4640.0,4700.0,3783.922607421875,5806200
2023-01-12,4700.0,4760.0,4660.0,4760.0,3832.22802734375,11533000
2023-01-13,4750.0,4790.0,4720.0,4790.0,3856.38134765625,7554200
2023-01-16,4790.0,4800.0,4750.0,4770.0,3840.279296875,6778300
2023-01-17,4770.0,4800.0,4720.0,4760.0,3832.22802734375,12333700
2023-01-18,4760.0,4800.0,4720.0,4800.0,3864.431884765625,5977900
2023-01-19,4800.0,4830.0,4770.0,4800.0,3864.431884765625,7752900
2023-01-20,4800.0,4830.0,4760.0,4810.0,3872.482177734375,6893400
2023-01-24,4810.0,4850.0,4790.0,4830.0,3888.584228515625,9638600
2023-01-25,4830.0,4860.0,4810.0,4850.0,3904.686279296875,6010000
2023-01-26,4850.0,4870.0,4760.0,4800.0,3864.431884765625,10397400
2023-01-27,4800.0,4820.0,4750.0,4750.0,3824.17724609375,12410500
2023-01-30,4750.0,4780.0,4710.0,4760.0,3832.22802734375,8435700
2023-01-31,4760.0,4760.0,4660.0,4660.0,3751.71923828125,26752500
2023-02-01,4630.0,4680.0,4620.0,4630.0,3727.566650390625,14128700
2023-02-02,4630.0,4740.0,4630.0,4730.0,3808.0751953125,23504300
2023-02-03,4740.0,4740.0,4680.0,4690.0,3775.871826171875,8988300
2023-02-06,4690.0,4730.0,4660.0,4730.0,3808.0751953125,5956100
2023-02-07,4730.0,4890.0,4720.0,4860.0,3912.7373046875,19128400
2023-02-08,4860.0,5025.0,4810.0,5025.0,4045.577392578125,28304900
2023-02-09,5025.0,5050.0,4920.0,4920.0,3961.042236328125,25346700
2023-02-10,4770.0,4770.0,4580.0,4580.0,3687.31201171875,80984400
2023-02-13,4580.0,4580.0,4490.0,4520.0,3639.00634765625,29413500
2023-02-14,4520.0,4570.0,4520.0,4560.0,3671.21044921875,15661400
2023-02-15,4560.0,4560.0,4500.0,4550.0,3663.15966796875,12590200
2023-02-16,4550.0,4560.0,4510.0,4520.0,3639.00634765625,7598500
2023-02-17,4520.0,4530.0,4480.0,4510.0,3630.955322265625,13591200
2023-02-20,4520.0,4560.0,4500.0,4540.0,3655.1083984375,6671700
2023-02-21,4540.0,4540.0,4500.0,4500.0,3622.90478515625,9337400
2023-02-22,4490.0,4490.0,4380.0,4480.0,3606.8037109375,17514500
2023-02-23,4490.0,4490.0,4400.0,4400.0,3542.395751953125,12166800
2023-02-24,4400.0,4440.0,4350.0,4350.0,3502.1416015625,13276600
2023-02-27,4350.0,4350.0,4210.0,4300.0,3461.886962890625,25283100
2023-02-28,4300.0,4320.0,4180.0,4180.0,3365.2763671875,56167600
2023-03-01,4170.0,4200.0,4110.0,4150.0,3341.123291015625,20343000
2023-03-02,4160.0,4220.0,4150.0,4150.0,3341.123291015625,18391700
2023-03-03,4150.0,4170.0,4050.0,4060.0,3268.665283203125,25480200
2023-03-06,4080.0,4190.0,4070.0,4170.0,3357.22509765625,18877200
2023-03-07,4160.0,4160.0,4080.0,4080.0,3284.767333984375,20025900
2023-03-08,4080.0,4120.0,4060.0,4100.0,3300.86865234375,9159100
2023-03-09,4100.0,4140.0,4080.0,4100.0,3300.86865234375,12777500
2023-03-10,4100.0,4140.0,4080.0,4110.0,3308.919921875,6405200
2023-03-13,4090.0,4180.0,4080.0,4160.0,3349.17431640625,10109400
2023-03-14,4140.0,4240.0,4130.0,4210.0,3389.428955078125,20377200
2023-03-15,4210.0,4230.0,4100.0,4100.0,3300.86865234375,11897200
2023-03-16,4100.0,4120.0,4040.0,4070.0,3276.71630859375,9016800
2023-03-17,4070.0,4170.0,4070.0,4160.0,3349.17431640625,25725700
2023-03-20,4160.0,4170.0,4100.0,4160.0,3349.17431640625,3705900
2023-03-21,4160.0,4200.0,4150.0,4200.0,3381.3779296875,7708900
2023-03-24,4370.0,4370.0,4240.0,4270.0,3437.734375,16680100
2023-03-27,4270.0,4290.0,4230.0,4290.0,3453.8359375,6187200
2023-03-28,4290.0,4320.0,4280.0,4300.0,3461.886962890625,5785600
2023-03-29,4300.0,4370.0,4300.0,4360.0,3510.192138671875,12264000
2023-03-30,4360.0,4370.0,4260.0,4260.0,3429.68310546875,5407700
2023-03-31,4270.0,4360.0,4260.0,4350.0,3502.1416015625,10607100
2023-04-03,4350.0,4350.0,4250.0,4290.0,3453.8359375,8983700
2023-04-04,4280.0,4290.0,4220.0,4290.0,3453.8359375,14526800
2023-04-05,4290.0,4320.0,4250.0,4250.0,3421.63232421875,7687900
2023-04-06,4250.0,4290.0,4230.0,4250.0,3421.63232421875,5191100
2023-04-10,4250.0,4290.0,4230.0,4290.0,3453.8359375,5001000
2023-04-11,4290.0,4290.0,4200.0,4200.0,3381.3779296875,8782600
2023-04-12,4210.0,4220.0,4180.0,4190.0,3373.326904296875,12391300
2023-04-13,4160.0,4180.0,4100.0,4100.0,3300.86865234375,15132500
2023-04-14,4120.0,4220.0,4120.0,4150.0,3341.123291015625,20757900
2023-04-17,4160.0,4180.0,4090.0,4130.0,3325.021728515625,11180200
2023-04-18,4130.0,4150.0,4090.0,4090.0,3292.818115234375,8436800
2023-04-26,4090.0,4100.0,3960.0,4100.0,3300.86865234375,32563400
2023-04-27,4150.0,4470.0,4150.0,4400.0,3542.395751953125,65436100
2023-04-28,4400.0,4440.0,4360.0,4400.0,3542.395751953125,14421200
2023-05-02,4400.0,4410.0,4280.0,4400.0,3542.395751953125,11600900
2023-05-03,4400.0,4420.0,4350.0,4400.0,3542.395751953125,18996600
2023-05-04,4400.0,4480.0,4400.0,4450.0,3582.650634765625,15745000
2023-05-05,4450.0,4490.0,4390.0,4490.0,3614.853759765625,19170300
2023-05-08,4480.0,4490.0,4430.0,4470.0,3598.752197265625,8305100
2023-05-09,4470.0,4470.0,4360.0,4390.0,3534.344970703125,13264100
2023-05-10,4420.0,4500.0,4400.0,4500.0,3622.90478515625,12468600
2023-05-11,4500.0,4500.0,4370.0,4430.0,3566.548828125,10646000
2023-05-12,4430.0,4430.0,4370.0,4400.0,3542.395751953125,7003400
2023-05-15,4450.0,4530.0,4400.0,4500.0,3622.90478515625,17448600
2023-05-16,4500.0,4510.0,4460.0,4510.0,3630.955322265625,6163000
2023-05-17,4500.0,4510.0,4420.0,4460.0,3590.70166015625,8527400
2023-05-19,4460.0,4500.0,4430.0,4430.0,3566.548828125,10102700
2023-05-22,4430.0,4480.0,4390.0,4420.0,3558.497314453125,10990800
2023-05-23,4420.0,4480.0,4420.0,4450.0,3582.650634765625,15329600
2023-05-24,4450.0,4450.0,4390.0,4410.0,3550.44677734375,0
2023-05-25,4410.0,4450.0,4370.0,4410.0,3550.44677734375,16244400
2023-05-26,4410.0,4430.0,4380.0,4380.0,3526.2939453125,8749200
2023-05-29,4400.0,4550.0,4380.0,4550.0,3663.15966796875,26644200
2023-05-30,4550.0,4600.0,4510.0,4540.0,3655.1083984375,14103700
2023-05-31,4540.0,4580.0,4500.0,4530.0,3647.057373046875,221662700
2023-06-05,4530.0,4550.0,4460.0,4500.0,3622.90478515625,14140400
2023-06-06,4500.0,4510.0,4440.0,4460.0,3590.70166015625,6400200
2023-06-07,4470.0,4570.0,4460.0,4570.0,3679.260986328125,30637600
2023-06-08,4570.0,4630.0,4540.0,4600.0,3703.413330078125,15742600
2023-06-09,4580.0,4600.0,4540.0,4550.0,3663.15966796875,11332500
2023-06-12,4590.0,4610.0,4560.0,4610.0,3711.464599609375,8165300
2023-06-13,4610.0,4630.0,4480.0,4510.0,3630.955322265625,19167100
2023-06-14,4500.0,4510.0,4410.0,4440.0,3574.59912109375,13107000
2023-06-15,4440.0,4520.0,4410.0,4520.0,3639.00634765625,10369100
2023-06-16,4500.0,4500.0,4390.0,4390.0,3534.344970703125,17780000
2023-06-19,4390.0,4420.0,4320.0,4380.0,3526.2939453125,10327500
2023-06-20,4380.0,4390.0,4300.0,4300.0,3461.886962890625,14414700
2023-06-21,4300.0,4370.0,4300.0,4360.0,3510.192138671875,11124900
2023-06-22,4370.0,4370.0,4250.0,4250.0,3421.63232421875,15969700
2023-06-23,4250.0,4290.0,4210.0,4270.0,3437.734375,7696300
2023-06-26,4270.0,4270.0,4230.0,4230.0,3405.53076171875,6553900
2023-06-27,4230.0,4280.0,4230.0,4260.0,3429.68310546875,10533700
2023-07-03,4250.0,4310.0,4210.0,4310.0,3469.937744140625,11030200
2023-07-04,4320.0,4340.0,4300.0,4330.0,3486.03955078125,3652500
2023-07-05,4330.0,4330.0,4280.0,4310.0,3469.937744140625,6305600
2023-07-06,4260.0,4290.0,4220.0,4250.0,3478.942138671875,12604100
2023-07-07,4230.0,4240.0,4210.0,4240.0,3470.756103515625,6160700
2023-07-10,4240.0,4320.0,4240.0,4250.0,3478.942138671875,7747800
2023-07-11,4260.0,4280.0,4240.0,4250.0,3478.942138671875,4794700
2023-07-12,4250.0,4260.0,4200.0,4210.0,3446.199462890625,16641400
2023-07-13,4220.0,4250.0,4210.0,4250.0,3478.942138671875,6041000
2023-07-14,4250.0,4290.0,4230.0,4250.0,3478.942138671875,10570200
2023-07-17,4260.0,4290.0,4250.0,4270.0,3495.3134765625,9589000
2023-07-18,4270.0,4300.0,4230.0,4270.0,3495.3134765625,4258600
2023-07-20,4260.0,4270.0,4210.0,4220.0,3454.384765625,8607100
2023-07-21,4220.0,4290.0,4220.0,4290.0,3511.68505859375,6015200
2023-07-24,4290.0,4340.0,4270.0,4290.0,3511.68505859375,8770000
2023-07-25,4190.0,4190.0,4020.0,4050.0,3315.22705078125,49204900
2023-07-26,4050.0,4070.0,3950.0,3970.0,3249.741455078125,37401200
2023-07-27,3970.0,4000.0,3840.0,3840.0,3143.326416015625,40562400
2023-07-28,3850.0,3900.0,3810.0,3870.0,3167.8837890625,20221700
2023-07-31,3870.0,3890.0,3830.0,3850.0,3151.51220703125,19175000
2023-08-01,3830.0,3850.0,3770.0,3770.0,3086.026611328125,20623500
2023-08-02,3770.0,3800.0,3680.0,3690.0,3020.540283203125,28813900
2023-08-03,3690.0,3830.0,3670.0,3770.0,3086.026611328125,26351700
2023-08-04,3780.0,3810.0,3730.0,3740.0,3061.46875,18183400
2023-08-07,3740.0,3770.0,3720.0,3720.0,3045.097412109375,7680200
2023-08-08,3730.0,3790.0,3730.0,3750.0,3069.65478515625,10061700
2023-08-09,3750.0,3770.0,3720.0,3720.0,3045.097412109375,13411000
2023-08-10,3720.0,3730.0,3680.0,3680.0,3012.3544921875,13438900
2023-08-11,3680.0,3720.0,3680.0,3700.0,3028.72607421875,7702800
2023-08-14,3700.0,3730.0,3630.0,3730.0,3053.283203125,13589300
2023-08-15,3750.0,3750.0,3690.0,3730.0,3053.283203125,9907900
2023-08-16,3730.0,3730.0,3680.0,3730.0,3053.283203125,5265200
2023-08-18,3680.0,3720.0,3680.0,3690.0,3020.540283203125,10416200
2023-08-21,3700.0,3730.0,3690.0,3710.0,3036.911865234375,6141700
2023-08-22,3710.0,3720.0,3700.0,3710.0,3036.911865234375,5435600
2023-08-23,3710.0,3780.0,3700.0,3750.0,3069.65478515625,9837500
2023-08-24,3750.0,3760.0,3720.0,3720.0,3045.097412109375,6318100
2023-08-25,3720.0,3760.0,3700.0,3760.0,3077.84033203125,5639900
2023-08-28,3790.0,3800.0,3760.0,3780.0,3094.2119140625,4538300
2023-08-29,3780.0,3800.0,3760.0,3760.0,3077.84033203125,4023200
2023-08-30,3790.0,3790.0,3740.0,3740.0,3061.46875,6862300
2023-08-31,3740.0,3760.0,3670.0,3670.0,3004.168701171875,17604900
2023-09-01,3670.0,3720.0,3630.0,3660.0,2995.98291015625,14230900
2023-09-04,3670.0,3690.0,3660.0,3660.0,2995.98291015625,4215000
2023-09-05,3660.0,3670.0,3600.0,3620.0,2963.239990234375,13723200
2023-09-06,3620.0,3680.0,3600.0,3650.0,2987.797119140625,9878900
2023-09-07,3660.0,3670.0,3600.0,3630.0,2971.42578125,13672200
2023-09-08,3630.0,3630.0,3570.0,3610.0,2955.054443359375,13784500
2023-09-11,3610.0,3650.0,3580.0,3650.0,2987.797119140625,7703500
2023-09-12,3650.0,3660.0,3610.0,3620.0,2963.239990234375,6763100
2023-09-13,3630.0,3630.0,3570.0,3590.0,2938.6826171875,7890700
2023-09-14,3580.0,3610.0,3560.0,3560.0,2914.12548828125,7980500
2023-09-15,3550.0,3570.0,3500.0,3500.0,2865.01123046875,19503200
2023-09-18,3500.0,3520.0,3460.0,3470.0,2840.453857421875,11035100
2023-09-19,3490.0,3630.0,3480.0,3580.0,2930.4970703125,10301100
2023-09-20,3580.0,3670.0,3570.0,3630.0,2971.42578125,12091400
2023-09-21,3630.0,3780.0,3580.0,3770.0,3086.026611328125,24626400
2023-09-22,3770.0,3890.0,3750.0,3850.0,3151.51220703125,24114800
2023-09-25,3860.0,3890.0,3790.0,3820.0,3126.954833984375,10923700
2023-09-26,3800.0,3820.0,3770.0,3820.0,3126.954833984375,11435500
2023-09-27,3820.0,3820.0,3720.0,3770.0,3086.026611328125,9958600
2023-09-29,3770.0,3780.0,3690.0,3740.0,3061.46875,10670700
2023-10-02,3740.0,3780.0,3700.0,3700.0,3028.72607421875,7916700
2023-10-03,3700.0,3700.0,3590.0,3590.0,2938.6826171875,19196000
2023-10-04,3590.0,3610.0,3540.0,3580.0,2930.4970703125,9896800
2023-10-05,3610.0,3680.0,3580.0,3660.0,2995.98291015625,12777300
2023-10-06,3680.0,3840.0,3670.0,3800.0,3110.58349609375,23551700
2023-10-09,3800.0,3800.0,3700.0,3720.0,3045.097412109375,8305700
2023-10-10,3720.0,3750.0,3670.0,3670.0,3004.168701171875,3722500
2023-10-11,3670.0,3710.0,3610.0,3610.0,2955.054443359375,12320900
2023-10-12,3620.0,3670.0,3610.0,3630.0,2971.42578125,10447600
2023-10-13,3610.0,3660.0,3610.0,3650.0,2987.797119140625,5584300
2023-10-16,3660.0,3670.0,3620.0,3650.0,2987.797119140625,4544700
2023-10-17,3650.0,3840.0,3630.0,3830.0,3135.14013671875,21600800
2023-10-18,3830.0,3840.0,3760.0,3820.0,3126.954833984375,8686200
2023-10-19,3800.0,3850.0,3770.0,3810.0,3118.769287109375,8884300
2023-10-20,3810.0,3880.0,3730.0,3860.0,3159.697998046875,13601000
2023-10-23,3860.0,3860.0,3760.0,3840.0,3143.326416015625,7703300
2023-10-24,3830.0,4000.0,3790.0,3990.0,3266.112548828125,29824500
2023-10-25,4000.0,4100.0,4000.0,4080.0,3339.784423828125,27547000
2023-10-26,4050.0,4050.0,3960.0,3980.0,3257.927001953125,19249700
2023-10-27,3980.0,4070.0,3950.0,3980.0,3257.927001953125,19668800
2023-10-30,3970.0,3970.0,3720.0,3790.0,3102.397705078125,26309000
2023-10-31,3790.0,3820.0,3620.0,3620.0,2963.239990234375,26496500
2023-11-01,3600.0,3650.0,3550.0,3580.0,2930.4970703125,22592200
2023-11-02,3600.0,3670.0,3570.0,3590.0,2938.6826171875,20934700
2023-11-03,3590.0,3610.0,3520.0,3550.0,2905.93994140625,17879200
2023-11-06,3550.0,3630.0,3550.0,3620.0,2963.239990234375,11111200
2023-11-07,3620.0,3620.0,3550.0,3570.0,2922.311279296875,10356800
2023-11-08,3560.0,3600.0,3560.0,3600.0,2946.86865234375,6267300
2023-11-09,3600.0,3600.0,3580.0,3600.0,2946.86865234375,4264700
2023-11-10,3600.0,3600.0,3550.0,3590.0,2938.6826171875,4501100
2023-11-13,3590.0,3590.0,3510.0,3530.0,2889.568603515625,9074200
2023-11-14,3510.0,3520.0,3470.0,3480.0,2848.639404296875,13579700
2023-11-15,3500.0,3530.0,3410.0,3430.0,2807.7109375,30575200
2023-11-16,3440.0,3460.0,3420.0,3460.0,2832.26806640625,7704400
2023-11-17,3470.0,3470.0,3420.0,3470.0,2840.453857421875,13562900
2023-11-20,3470.0,3470.0,3420.0,3460.0,2832.26806640625,4352900
2023-11-21,3460.0,3490.0,3430.0,3480.0,2848.639404296875,11470300
2023-11-22,3480.0,3520.0,3450.0,3500.0,2865.01123046875,16968700
2023-11-23,3510.0,3580.0,3500.0,3540.0,2897.754150390625,16669800
2023-11-24,3550.0,3580.0,3520.0,3530.0,2889.568603515625,4341700
2023-11-27,3530.0,3550.0,3500.0,3520.0,2881.38232421875,11935500
2023-11-28,3520.0,3640.0,3520.0,3600.0,2946.86865234375,13638400
2023-11-29,3600.0,3640.0,3560.0,3630.0,2971.42578125,9785100
2023-11-30,3630.0,3650.0,3570.0,3650.0,2987.797119140625,40876300
2023-12-01,3600.0,3700.0,3590.0,3630.0,2971.42578125,11652900
2023-12-04,3640.0,3670.0,3550.0,3630.0,2971.42578125,17107000
2023-12-05,3590.0,3620.0,3570.0,3620.0,3015.57666015625,14546100
2023-12-06,3620.0,3630.0,3500.0,3510.0,2923.943115234375,16666500
2023-12-07,3510.0,3570.0,3500.0,3570.0,2973.9248046875,7254400
2023-12-08,3570.0,3570.0,3490.0,3510.0,2923.943115234375,10274300
2023-12-11,3500.0,3510.0,3470.0,3500.0,2915.61279296875,7700700
2023-12-12,3500.0,3510.0,3420.0,3430.0,2857.300537109375,11409300
2023-12-13,3430.0,3460.0,3400.0,3450.0,2873.961181640625,5871300
2023-12-14,3450.0,3450.0,3400.0,3400.0,2832.309326171875,6953500
2023-12-15,3400.0,3500.0,3330.0,3500.0,2915.61279296875,24909000
2023-12-18,3480.0,3480.0,3380.0,3410.0,2840.6396484375,10582500
2023-12-19,3410.0,3440.0,3380.0,3430.0,2857.300537109375,4909700
2023-12-20,3430.0,3520.0,3420.0,3460.0,2882.29150390625,15667400
2023-12-21,3470.0,3480.0,3440.0,3470.0,2890.621826171875,4497500
2023-12-22,3470.0,3490.0,3440.0,3470.0,2890.621826171875,6665700
2023-12-27,3470.0,3520.0,3450.0,3470.0,2890.621826171875,7000200
2023-12-28,3500.0,3570.0,3500.0,3540.0,2948.933837890625,12314500
2023-12-29,3540.0,3550.0,3500.0,3530.0,2940.603515625,6004400
2024-01-02,3530.0,3550.0,3500.0,3550.0,2957.26416015625,5999200
2024-01-03,3550.0,3560.0,3520.0,3530.0,2940.603515625,3253600
2024-01-04,3530.0,3560.0,3520.0,3520.0,2932.273193359375,4485500
2024-01-05,3540.0,3580.0,3520.0,3520.0,2932.273193359375,7584800
2024-01-08,3530.0,3560.0,3470.0,3480.0,2898.9521484375,7215700
2024-01-09,3480.0,3490.0,3420.0,3430.0,2857.300537109375,6680700
2024-01-10,3430.0,3480.0,3410.0,3410.0,2840.6396484375,12276500
2024-01-11,3450.0,3450.0,3410.0,3410.0,2840.6396484375,1810300
2024-01-12,3430.0,3480.0,3410.0,3470.0,2890.621826171875,8747800
2024-01-15,3470.0,3480.0,3430.0,3430.0,2857.300537109375,7943000
2024-01-16,3430.0,3470.0,3410.0,3410.0,2840.6396484375,5862800
2024-01-17,3440.0,3440.0,3310.0,3320.0,2765.666748046875,30689000
2024-01-18,3330.0,3340.0,3290.0,3300.0,2749.006591796875,14864200
2024-01-19,3300.0,3300.0,3210.0,3240.0,2699.024169921875,15821600
2024-01-22,3220.0,3240.0,3120.0,3120.0,2599.06005859375,22069700
2024-01-23,3140.0,3200.0,3130.0,3180.0,2649.04248046875,17207800
2024-01-24,3180.0,3220.0,3150.0,3200.0,2665.703125,8517800
2024-01-25,3190.0,3200.0,3150.0,3160.0,2632.3818359375,11169800
2024-01-26,3160.0,3170.0,3130.0,3160.0,2632.3818359375,5350200
2024-01-29,3160.0,3160.0,3070.0,3080.0,2565.739013671875,13848500
2024-01-30,3080.0,3130.0,3010.0,3130.0,2607.390869140625,26092800
2024-01-31,3130.0,3150.0,3100.0,3100.0,2582.399658203125,18463900
2024-02-01,3100.0,3130.0,3090.0,3100.0,2582.399658203125,12723500
2024-02-02,3100.0,3200.0,3100.0,3170.0,2640.712158203125,18042600
2024-02-05,3190.0,3240.0,3180.0,3200.0,2665.703125,16177900
2024-02-06,3220.0,3270.0,3170.0,3250.0,2707.3544921875,14521500
2024-02-07,3250.0,3280.0,3240.0,3270.0,2724.01513671875,12311500
2024-02-12,3170.0,3170.0,2920.0,2920.0,2432.453857421875,82247100
2024-02-13,2920.0,2930.0,2800.0,2800.0,2332.489990234375,56546400
2024-02-15,2860.0,2940.0,2830.0,2930.0,2440.784423828125,37986300
2024-02-16,2930.0,2940.0,2830.0,2830.0,2357.481201171875,22773700
2024-02-19,2830.0,2870.0,2800.0,2800.0,2332.489990234375,19247100
2024-02-20,2800.0,2820.0,2760.0,2760.0,2299.1689453125,25789800
2024-02-21,2760.0,2760.0,2650.0,2690.0,2240.856689453125,42514700
2024-02-22,2690.0,2740.0,2690.0,2720.0,2265.847412109375,14447400
2024-02-23,2730.0,2740.0,2660.0,2690.0,2240.856689453125,14969800
2024-02-26,2690.0,2690.0,2590.0,2590.0,2157.55322265625,30113500
2024-02-27,2590.0,2640.0,2570.0,2620.0,2182.54443359375,23069800
2024-02-28,2620.0,2720.0,2610.0,2700.0,2249.18701171875,23977800
2024-02-29,2710.0,2730.0,2640.0,2730.0,2274.177734375,33006500
2024-03-01,2710.0,2730.0,2660.0,2730.0,2274.177734375,13019300
2024-03-04,2730.0,2740.0,2660.0,2670.0,2224.196044921875,9755100
2024-03-05,2670.0,2690.0,2640.0,2670.0,2224.196044921875,9041900
2024-03-06,2680.0,2720.0,2670.0,2690.0,2240.856689453125,8404900
2024-03-07,2700.0,2730.0,2680.0,2730.0,2274.177734375,18964900
2024-03-08,2730.0,2740.0,2660.0,2660.0,2215.865966796875,9291000
2024-03-13,2720.0,2720.0,2660.0,2720.0,2265.847412109375,18542100
2024-03-14,2720.0,2720.0,2660.0,2690.0,2240.856689453125,23624800
2024-03-15,2660.0,2690.0,2620.0,2640.0,2199.204833984375,31980100
2024-03-18,2640.0,2800.0,2640.0,2770.0,2307.499267578125,31870900
2024-03-19,2780.0,2790.0,2740.0,2740.0,2282.508056640625,7212400
2024-03-20,2760.0,2820.0,2740.0,2760.0,2299.1689453125,20534200
2024-03-21,2760.0,2780.0,2720.0,2720.0,2265.847412109375,10191700
2024-03-22,2720.0,2750.0,2670.0,2720.0,2265.847412109375,12568600
2024-03-25,2760.0,2760.0,2690.0,2760.0,2299.1689453125,9638300
2024-03-26,2770.0,2770.0,2730.0,2770.0,2307.499267578125,12137600
2024-03-27,2730.0,2770.0,2720.0,2730.0,2274.177734375,8171400
2024-03-28,2730.0,2740.0,2650.0,2700.0,2249.18701171875,22405000
2024-04-01,2700.0,2730.0,2630.0,2730.0,2274.177734375,10886900
2024-04-02,2720.0,2740.0,2700.0,2740.0,2282.508056640625,7454900
2024-04-03,2740.0,2740.0,2670.0,2690.0,2240.856689453125,10531600
2024-04-04,2690.0,2790.0,2690.0,2710.0,2257.51708984375,15061600
2024-04-05,2710.0,2730.0,2680.0,2680.0,2232.526123046875,4694500
2024-04-16,2600.0,2630.0,2540.0,2540.0,2115.90185546875,20692600
2024-04-17,2540.0,2550.0,2370.0,2370.0,1974.286376953125,35911000
2024-04-18,2370.0,2430.0,2370.0,2390.0,1990.947021484375,13303400
2024-04-19,2380.0,2440.0,2330.0,2380.0,1982.6168212890625,13199200
2024-04-22,2400.0,2430.0,2370.0,2410.0,2007.607666015625,6973300
2024-04-23,2420.0,2430.0,2330.0,2330.0,1940.965087890625,13225400
2024-04-24,2350.0,2420.0,2350.0,2390.0,1990.947021484375,14639700
2024-04-25,2500.0,2690.0,2500.0,2640.0,2199.204833984375,49635500
2024-04-26,2650.0,2750.0,2590.0,2590.0,2157.55322265625,31837700
2024-04-29,2600.0,2610.0,2480.0,2590.0,2157.55322265625,20630300
2024-04-30,2590.0,2670.0,2560.0,2620.0,2182.54443359375,21069900
2024-05-02,2620.0,2640.0,2570.0,2640.0,2199.204833984375,12789700
2024-05-03,2640.0,2650.0,2570.0,2600.0,2165.883544921875,12159100
2024-05-06,2650.0,2650.0,2570.0,2600.0,2165.883544921875,4220900
2024-05-07,2600.0,2600.0,2530.0,2540.0,2115.90185546875,8625300
2024-05-08,2540.0,2580.0,2530.0,2560.0,2132.5625,11512500
2024-05-13,2560.0,2690.0,2560.0,2650.0,2207.535400390625,23948700
2024-05-14,2670.0,2710.0,2640.0,2700.0,2249.18701171875,10089800
2024-05-15,2700.0,2710.0,2650.0,2680.0,2232.526123046875,7512400
2024-05-16,2680.0,2700.0,2660.0,2700.0,2249.18701171875,8083900
2024-05-17,2700.0,2750.0,2700.0,2710.0,2257.51708984375,9948800
2024-05-20,2710.0,2750.0,2680.0,2700.0,2249.18701171875,6973900
2024-05-21,2710.0,2910.0,2700.0,2910.0,2424.123779296875,44624100
2024-05-22,2910.0,3090.0,2870.0,3060.0,2549.07861328125,50452500
2024-05-27,3090.0,3270.0,3090.0,3260.0,2715.684814453125,54566200
2024-05-28,3290.0,3390.0,3160.0,3280.0,2732.34521484375,29382200
2024-05-29,3280.0,3280.0,2970.0,3010.0,2507.4267578125,28321900
2024-05-30,3000.0,3190.0,2970.0,3110.0,2590.72998046875,32045000
2024-05-31,3160.0,3230.0,3120.0,3120.0,2599.06005859375,93435800
2024-06-03,3150.0,3190.0,3070.0,3080.0,2565.739013671875,16632800
2024-06-04,3080.0,3200.0,3070.0,3130.0,2607.390869140625,20118800
2024-06-05,3140.0,3160.0,3060.0,3070.0,2557.408935546875,15373900
2024-06-06,3080.0,3170.0,3070.0,3080.0,2565.739013671875,9097200
2024-06-07,3080.0,3100.0,3010.0,3010.0,2507.4267578125,18546500
2024-06-10,3010.0,3160.0,3010.0,3070.0,2557.408935546875,16337700
2024-06-11,3090.0,3120.0,3050.0,3060.0,2549.07861328125,9309500
2024-06-12,3060.0,3120.0,3020.0,3060.0,2549.07861328125,9454500
2024-06-13,3060.0,3120.0,3060.0,3060.0,2549.07861328125,11469600
2024-06-14,3090.0,3210.0,3070.0,3200.0,2665.703125,31693600
2024-06-19,3200.0,3200.0,3060.0,3070.0,2557.408935546875,26712400
2024-06-20,3090.0,3100.0,2950.0,3040.0,2532.41796875,15901600
2024-06-21,3040.0,3100.0,2990.0,2990.0,2490.766357421875,31954300
2024-06-24,3010.0,3060.0,3010.0,3010.0,2507.4267578125,11463100
2024-06-25,3010.0,3030.0,3000.0,3010.0,2507.4267578125,6407300
2024-06-26,3010.0,3050.0,2990.0,3010.0,2507.4267578125,10002000
2024-06-27,3030.0,3100.0,3010.0,3080.0,2565.739013671875,11445600
2024-06-28,3070.0,3100.0,3020.0,3020.0,2515.75732421875,22976500
2024-07-01,2990.0,3000.0,2950.0,2960.0,2530.289306640625,19111600
2024-07-02,2960.0,2980.0,2940.0,2970.0,2538.83740234375,18080200
2024-07-03,2970.0,2970.0,2920.0,2940.0,2513.192626953125,13475700
2024-07-04,2930.0,2950.0,2900.0,2920.0,2496.095947265625,9162800
2024-07-05,2920.0,2940.0,2910.0,2910.0,2487.5478515625,3813800
2024-07-08,2920.0,3050.0,2920.0,3050.0,2607.223876953125,13331300
2024-07-09,3070.0,3080.0,2970.0,3000.0,2564.482177734375,9920600
2024-07-10,3000.0,3010.0,2950.0,2960.0,2530.289306640625,7287100
2024-07-11,2970.0,2990.0,2900.0,2900.0,2478.99951171875,15616700
2024-07-12,2910.0,2950.0,2900.0,2920.0,2496.095947265625,8178100
2024-07-15,2940.0,2950.0,2890.0,2930.0,2504.64453125,11015000
2024-07-16,2930.0,2930.0,2810.0,2810.0,2402.065185546875,16544200
2024-07-17,2830.0,2880.0,2820.0,2860.0,2444.806640625,6442600
2024-07-18,2860.0,2880.0,2800.0,2800.0,2393.516845703125,15388600
2024-07-19,2800.0,2830.0,2770.0,2800.0,2393.516845703125,13042200
2024-07-22,2800.0,2830.0,2730.0,2740.0,2342.227294921875,11835200
2024-07-23,2740.0,2770.0,2710.0,2730.0,2333.678955078125,9975200
2024-07-24,2730.0,2740.0,2700.0,2720.0,2325.130615234375,8819600
2024-07-25,2600.0,2630.0,2460.0,2490.0,2128.520263671875,49706400
2024-07-26,2500.0,2520.0,2480.0,2490.0,2128.520263671875,10432400
2024-07-29,2490.0,2520.0,2450.0,2460.0,2102.87548828125,15273200
2024-07-30,2480.0,2480.0,2410.0,2430.0,2077.23046875,13418000
2024-07-31,2440.0,2450.0,2410.0,2440.0,2085.779052734375,12819500
2024-08-01,2440.0,2510.0,2440.0,2500.0,2137.06884765625,12299900
2024-08-02,2500.0,2540.0,2430.0,2430.0,2077.23046875,12724200
2024-08-05,2430.0,2450.0,2370.0,2410.0,2060.13427734375,12797900
2024-08-06,2430.0,2490.0,2410.0,2460.0,2102.87548828125,13817000
2024-08-07,2460.0,2480.0,2440.0,2480.0,2119.97216796875,7543700
2024-08-08,2470.0,2500.0,2460.0,2460.0,2102.87548828125,6237100
2024-08-09,2470.0,2490.0,2440.0,2460.0,2102.87548828125,4069500
2024-08-12,2460.0,2480.0,2440.0,2460.0,2102.87548828125,6165000
2024-08-13,2470.0,2470.0,2430.0,2450.0,2094.327392578125,9960500
2024-08-14,2450.0,2460.0,2410.0,2430.0,2077.23046875,19701700
2024-08-15,2410.0,2430.0,2380.0,2380.0,2034.4893798828125,14678100
2024-08-16,2390.0,2410.0,2380.0,2390.0,2043.037353515625,15338700
2024-08-19,2390.0,2410.0,2340.0,2360.0,2017.392822265625,27231100
2024-08-20,2360.0,2410.0,2340.0,2370.0,2025.9412841796875,47604400
2024-08-21,2380.0,2430.0,2360.0,2360.0,2017.392822265625,58997300
2024-08-22,2360.0,2390.0,2330.0,2350.0,2008.8443603515625,23164600
2024-08-23,2350.0,2380.0,2350.0,2350.0,2008.8443603515625,17697600
2024-08-26,2350.0,2380.0,2330.0,2350.0,2008.8443603515625,20397600
2024-08-27,2350.0,2360.0,2250.0,2290.0,1957.554931640625,53066300
2024-08-28,2290.0,2290.0,2240.0,2250.0,1923.36181640625,33915800
2024-08-29,2250.0,2280.0,2240.0,2240.0,1914.8134765625,16896700
2024-08-30,2240.0,2280.0,2240.0,2270.0,1940.4581298828125,35048000
2024-09-02,2280.0,2330.0,2260.0,2290.0,1957.554931640625,33193700
2024-09-03,2290.0,2300.0,2250.0,2250.0,1923.36181640625,20121900
2024-09-04,2250.0,2260.0,2230.0,2240.0,1914.8134765625,17653400
2024-09-05,2240.0,2250.0,2220.0,2220.0,1897.716796875,19923600
2024-09-06,2220.0,2250.0,2200.0,2220.0,1897.716796875,22143400
2024-09-09,2220.0,2230.0,2170.0,2190.0,1872.072021484375,28639100
2024-09-10,2190.0,2240.0,2190.0,2210.0,1889.168701171875,15566300
2024-09-11,2210.0,2270.0,2190.0,2190.0,1872.072021484375,19451900
2024-09-12,2200.0,2240.0,2190.0,2220.0,1897.716796875,19386200
2024-09-13,2220.0,2230.0,2180.0,2200.0,1880.6202392578125,22249000
2024-09-17,2200.0,2210.0,2170.0,2180.0,1863.5238037109375,16822800
2024-09-18,2190.0,2210.0,2180.0,2210.0,1889.168701171875,14504400
2024-09-19,2210.0,2300.0,2200.0,2200.0,1880.6202392578125,71191900
2024-09-20,2200.0,2210.0,2170.0,2170.0,1854.9755859375,41017800
2024-09-23,2190.0,2210.0,2170.0,2210.0,1889.168701171875,17520500
2024-09-24,2220.0,2270.0,2210.0,2260.0,1931.909912109375,25946800
2024-09-25,2260.0,2300.0,2240.0,2300.0,1966.103271484375,36252700
2024-09-26,2300.0,2310.0,2260.0,2300.0,1966.103271484375,24682000
2024-09-27,2310.0,2340.0,2270.0,2270.0,1940.4581298828125,38117300
2024-09-30,2270.0,2290.0,2210.0,2210.0,1889.168701171875,29424700
2024-10-01,2230.0,2240.0,2190.0,2210.0,1889.168701171875,19633500
2024-10-02,2200.0,2210.0,2160.0,2170.0,1854.9755859375,28428400
2024-10-03,2170.0,2200.0,2140.0,2190.0,1872.072021484375,17310900
2024-10-04,2190.0,2200.0,2170.0,2170.0,1854.9755859375,8635300
2024-10-07,2180.0,2270.0,2180.0,2270.0,1940.4581298828125,27472500
2024-10-08,2270.0,2330.0,2240.0,2310.0,1974.6512451171875,31078200
2024-10-09,2310.0,2350.0,2280.0,2280.0,1949.006591796875,24865600
2024-10-10,2310.0,2320.0,2260.0,2280.0,1949.006591796875,11655300
2024-10-11,2280.0,2300.0,2240.0,2270.0,1940.4581298828125,11215100
2024-10-14,2270.0,2320.0,2250.0,2320.0,1983.1995849609375,15728600
2024-10-15,2320.0,2380.0,2310.0,2350.0,2008.8443603515625,40827200
2024-10-16,2370.0,2440.0,2320.0,2440.0,2085.779052734375,43977800
2024-10-17,2400.0,2410.0,2370.0,2370.0,2025.9412841796875,21524500
2024-10-18,2370.0,2370.0,2330.0,2330.0,1991.748046875,12024900
2024-10-21,2340.0,2370.0,2300.0,2330.0,1991.748046875,20893700
2024-10-22,2330.0,2360.0,2310.0,2320.0,1983.1995849609375,21455700
2024-10-23,2320.0,2340.0,2290.0,2330.0,1991.748046875,12440600
2024-10-24,2170.0,2200.0,2100.0,2130.0,1820.782470703125,81409800
2024-10-25,2130.0,2160.0,2100.0,2100.0,1795.1375732421875,30244700
2024-10-28,2100.0,2110.0,2020.0,2020.0,1726.75146484375,23210300
2024-10-29,2020.0,2060.0,1990.0,2020.0,1726.75146484375,31036200
2024-10-30,2020.0,2020.0,1960.0,1960.0,1675.4617919921875,29695000
2024-10-31,1960.0,1985.0,1960.0,1965.0,1679.73583984375,12410700
2024-11-01,1965.0,1970.0,1950.0,1955.0,1671.1876220703125,9685800
2024-11-04,1955.0,1960.0,1870.0,1870.0,1598.52734375,22080600
2024-11-05,1870.0,1895.0,1780.0,1780.0,1521.5928955078125,44741100
2024-11-06,1775.0,1790.0,1745.0,1755.0,1500.22216796875,35209700
2024-11-07,1755.0,1785.0,1735.0,1735.0,1483.1256103515625,19840000
2024-11-08,1745.0,1775.0,1740.0,1760.0,1504.496337890625,19093300
2024-11-11,1765.0,1770.0,1735.0,1740.0,1487.3997802734375,22473500
2024-11-12,1745.0,1825.0,1740.0,1825.0,1560.0601806640625,24318400
2024-11-13,1895.0,1895.0,1800.0,1800.0,1538.689453125,22535900
2024-11-14,1800.0,1815.0,1770.0,1770.0,1513.0445556640625,12795300
2024-11-15,1770.0,1850.0,1770.0,1845.0,1577.156494140625,25035400
2024-11-18,1850.0,1850.0,1805.0,1820.0,1555.7860107421875,9937400
2024-11-19,1820.0,1835.0,1805.0,1805.0,1542.9635009765625,7647900
2024-11-20,1805.0,1830.0,1800.0,1805.0,1542.9635009765625,8032900
2024-11-21,1800.0,1820.0,1740.0,1740.0,1487.3997802734375,21864200
2024-11-22,1755.0,1810.0,1750.0,1795.0,1534.415283203125,11683400
2024-11-25,1810.0,1915.0,1810.0,1915.0,1636.99462890625,51638500
2024-11-26,1920.0,1935.0,1870.0,1870.0,1598.52734375,25359300
2024-11-28,1900.0,1940.0,1885.0,1885.0,1611.3497314453125,18645200
2024-11-29,1885.0,1905.0,1855.0,1865.0,1594.2530517578125,15027900
2024-12-02,1850.0,1900.0,1850.0,1875.0,1602.801513671875,8835100
2024-12-03,1880.0,1900.0,1860.0,1875.0,1602.801513671875,8008800
2024-12-04,1865.0,1920.0,1860.0,1910.0,1632.7203369140625,11996400
2024-12-05,1890.0,1890.0,1850.0,1875.0,1637.9619140625,6319800
2024-12-06,1875.0,1885.0,1860.0,1870.0,1633.593994140625,3507600
2024-12-09,1870.0,1915.0,1865.0,1895.0,1655.4334716796875,7794200
2024-12-10,1910.0,2040.0,1900.0,2000.0,1747.1593017578125,39307500
2024-12-11,2000.0,2020.0,1945.0,1945.0,1699.1124267578125,19931300
2024-12-12,1950.0,1955.0,1905.0,1905.0,1664.1693115234375,7574000
2024-12-13,1905.0,1905.0,1855.0,1870.0,1633.593994140625,8899500
2024-12-16,1870.0,1870.0,1820.0,1825.0,1594.2828369140625,7627000
2024-12-17,1810.0,1830.0,1760.0,1760.0,1537.500244140625,17086100
2024-12-18,1785.0,1820.0,1750.0,1805.0,1576.811279296875,10167000
2024-12-19,1795.0,1795.0,1760.0,1770.0,1546.2359619140625,6313900
2024-12-20,1770.0,1785.0,1750.0,1750.0,1528.764404296875,16051300
2024-12-23,1765.0,1795.0,1755.0,1785.0,1559.3397216796875,5679500
2024-12-24,1785.0,1820.0,1780.0,1780.0,1554.9716796875,3695800
2024-12-27,1785.0,1860.0,1780.0,1840.0,1607.3865966796875,9226300
2024-12-30,1840.0,1890.0,1820.0,1885.0,1646.6976318359375,9186900
2025-01-02,1900.0,1900.0,1820.0,1835.0,1603.0186767578125,6628000
2025-01-03,1835.0,1840.0,1775.0,1775.0,1550.6038818359375,22048300
2025-01-06,1775.0,1805.0,1745.0,1745.0,1524.396484375,8325600
2025-01-07,1750.0,1780.0,1750.0,1780.0,1554.9716796875,6024700
2025-01-08,1780.0,1780.0,1725.0,1725.0,1506.9249267578125,10493000
2025-01-09,1725.0,1745.0,1690.0,1690.0,1476.349609375,6587100
2025-01-10,1695.0,1715.0,1685.0,1705.0,1489.4532470703125,6937800
2025-01-13,1710.0,1745.0,1705.0,1720.0,1502.5570068359375,6631600
2025-01-14,1720.0,1790.0,1720.0,1745.0,1524.396484375,13966800
2025-01-15,1745.0,1765.0,1735.0,1735.0,1515.6607666015625,7251900
2025-01-16,1750.0,1790.0,1745.0,1785.0,1559.3397216796875,12071200
2025-01-17,1785.0,1790.0,1765.0,1790.0,1563.7076416015625,3435700
2025-01-20,1790.0,1790.0,1750.0,1750.0,1528.764404296875,5138200
2025-01-21,1760.0,1770.0,1730.0,1730.0,1511.2928466796875,6381600
2025-01-22,1730.0,1750.0,1695.0,1695.0,1480.7174072265625,11612400
2025-01-23,1700.0,1740.0,1700.0,1740.0,1520.028564453125,12035700
2025-01-24,1745.0,1745.0,1690.0,1690.0,1476.349609375,7185100
2025-01-30,1690.0,1690.0,1645.0,1650.0,1441.406494140625,8535800
2025-01-31,1650.0,1660.0,1630.0,1630.0,1423.934814453125,12703300
2025-02-03,1635.0,1640.0,1580.0,1580.0,1380.255859375,12109000
2025-02-04,1580.0,1620.0,1560.0,1565.0,1367.1522216796875,9816400
2025-02-05,1565.0,1575.0,1550.0,1565.0,1367.1522216796875,7078900
2025-02-06,1565.0,1565.0,1500.0,1510.0,1319.1053466796875,11260100
2025-02-07,1510.0,1510.0,1425.0,1425.0,1244.85107421875,23092400
2025-02-10,1425.0,1545.0,1425.0,1505.0,1314.7374267578125,22972400
2025-02-11,1525.0,1530.0,1425.0,1425.0,1244.85107421875,12501100
2025-02-12,1425.0,1445.0,1370.0,1375.0,1201.1719970703125,47552000
2025-02-13,1370.0,1420.0,1290.0,1415.0,1236.115234375,74244500
2025-02-14,1420.0,1500.0,1420.0,1465.0,1279.794189453125,30530500
2025-02-17,1475.0,1500.0,1425.0,1440.0,1257.95458984375,30852000
2025-02-18,1440.0,1460.0,1420.0,1450.0,1266.6904296875,24087300
2025-02-19,1450.0,1450.0,1375.0,1375.0,1201.1719970703125,36371600
2025-02-20,1380.0,1405.0,1330.0,1350.0,1179.33251953125,29020400
2025-02-21,1345.0,1355.0,1290.0,1290.0,1126.917724609375,37424600
2025-02-24,1295.0,1305.0,1255.0,1265.0,1105.078369140625,33750800
2025-02-25,1240.0,1255.0,1150.0,1150.0,1004.6165771484375,116532600
2025-02-26,1160.0,1225.0,1155.0,1200.0,1048.295654296875,123211400
2025-02-27,1215.0,1265.0,1185.0,1200.0,1048.295654296875,64065200
2025-02-28,1200.0,1210.0,1015.0,1015.0,886.683349609375,785826000
2025-03-03,985.0,1215.0,985.0,1125.0,982.7771606445312,505933700
2025-03-04,1125.0,1160.0,1075.0,1090.0,952.2018432617188,169188900
2025-03-05,1095.0,1185.0,1095.0,1120.0,978.4091796875,152284100
2025-03-06,1130.0,1165.0,1110.0,1140.0,995.8807983398438,75420000
2025-03-07,1150.0,1240.0,1150.0,1200.0,1048.295654296875,116830700
2025-03-10,1205.0,1230.0,1175.0,1180.0,1030.8240966796875,73948200
2025-03-11,1170.0,1200.0,1145.0,1190.0,1039.559814453125,35888100
2025-03-12,1200.0,1210.0,1150.0,1150.0,1004.6165771484375,59364000
2025-03-13,1160.0,1280.0,1155.0,1260.0,1100.71044921875,123437300
2025-03-14,1270.0,1335.0,1260.0,1300.0,1135.6534423828125,148060700
2025-03-17,1310.0,1375.0,1305.0,1365.0,1192.4361572265625,98617100
2025-03-18,1365.0,1380.0,1300.0,1360.0,1188.068359375,112819800
2025-03-19,1360.0,1420.0,1335.0,1360.0,1188.068359375,84280900
2025-03-20,1365.0,1370.0,1295.0,1305.0,1140.021484375,72533700
2025-03-21,1305.0,1330.0,1255.0,1295.0,1131.28564453125,76199400
2025-03-24,1275.0,1290.0,1225.0,1250.0,1091.974609375,34134300
2025-03-25,1255.0,1275.0,1220.0,1245.0,1087.606689453125,26275100
2025-03-26,1240.0,1275.0,1235.0,1240.0,1083.23876953125,24278400
2025-03-27,1240.0,1285.0,1225.0,1265.0,1105.078369140625,24029300
2025-04-08,1150.0,1180.0,1125.0,1180.0,1030.8240966796875,43015400
2025-04-09,1165.0,1220.0,1135.0,1155.0,1008.9844360351562,37069200
2025-04-10,1210.0,1285.0,1195.0,1285.0,1122.5499267578125,43797500
2025-04-11,1275.0,1340.0,1255.0,1310.0,1144.3892822265625,27972400
2025-04-14,1310.0,1420.0,1310.0,1360.0,1188.068359375,49982800
2025-04-15,1375.0,1380.0,1325.0,1330.0,1161.8609619140625,30552000
2025-04-16,1335.0,1355.0,1300.0,1320.0,1153.125244140625,21173800
2025-04-17,1335.0,1345.0,1305.0,1320.0,1153.125244140625,18038000
2025-04-21,1320.0,1415.0,1310.0,1345.0,1174.9647216796875,43443800
2025-04-22,1350.0,1400.0,1335.0,1385.0,1209.90771484375,31082500
2025-04-23,1410.0,1450.0,1390.0,1425.0,1244.85107421875,57026800
2025-04-24,1450.0,1500.0,1435.0,1495.0,1306.0015869140625,77362800
2025-04-25,1530.0,1865.0,1530.0,1750.0,1528.764404296875,238892100
2025-04-28,1760.0,1795.0,1650.0,1665.0,1454.5101318359375,80356100
2025-04-29,1665.0,1700.0,1645.0,1680.0,1467.6138916015625,31457700
2025-04-30,1680.0,1750.0,1665.0,1715.0,1498.1890869140625,50952000
2025-05-02,1720.0,1775.0,1700.0,1755.0,1533.13232421875,44238500
2025-05-05,1755.0,1850.0,1750.0,1775.0,1550.6038818359375,47018900
2025-05-06,1790.0,1835.0,1780.0,1835.0,1603.0186767578125,30049700
2025-05-07,1850.0,1860.0,1810.0,1810.0,1581.17919921875,22389700
2025-05-08,1810.0,1810.0,1750.0,1780.0,1554.9716796875,36530300
2025-05-09,1760.0,1815.0,1755.0,1780.0,1554.9716796875,14223700
2025-05-14,1780.0,1820.0,1765.0,1785.0,1559.3397216796875,24584500
2025-05-15,1785.0,1825.0,1785.0,1790.0,1563.7076416015625,18453900
2025-05-16,1820.0,1820.0,1755.0,1765.0,1541.8681640625,21422400
2025-05-19,1770.0,1785.0,1715.0,1765.0,1541.8681640625,32689200
2025-05-20,1770.0,1780.0,1705.0,1710.0,1493.8212890625,31119800
2025-05-21,1705.0,1760.0,1670.0,1760.0,1537.500244140625,27634600
2025-05-22,1760.0,1855.0,1735.0,1815.0,1585.547119140625,86079500
2025-05-23,1780.0,1805.0,1780.0,1785.0,1559.3397216796875,12099800
2025-05-26,1785.0,1805.0,1760.0,1765.0,1541.8681640625,18393000
2025-05-27,1765.0,1790.0,1740.0,1740.0,1520.028564453125,14533400
2025-05-28,1745.0,1750.0,1710.0,1730.0,1511.2928466796875,25197600
2025-06-02,1730.0,1765.0,1710.0,1730.0,1511.2928466796875,26515500
2025-06-03,1720.0,1765.0,1685.0,1690.0,1476.349609375,31456000
2025-06-04,1720.0,1735.0,1640.0,1645.0,1437.03857421875,31712900
2025-06-05,1655.0,1655.0,1605.0,1625.0,1419.5670166015625,17144300
2025-06-10,1625.0,1665.0,1610.0,1620.0,1415.198974609375,16264300
2025-06-11,1630.0,1635.0,1595.0,1615.0,1410.8311767578125,23130800
2025-06-12,1610.0,1650.0,1600.0,1625.0,1419.5670166015625,23384800
2025-06-13,1625.0,1625.0,1545.0,1560.0,1362.7843017578125,34564600
2025-06-16,1515.0,1535.0,1480.0,1500.0,1351.074951171875,32740100
2025-06-17,1500.0,1500.0,1465.0,1480.0,1333.0606689453125,21223700
2025-06-18,1475.0,1475.0,1425.0,1470.0,1324.0533447265625,27062700
2025-06-19,1460.0,1470.0,1420.0,1450.0,1306.0390625,27276600
2025-06-20,1440.0,1455.0,1380.0,1380.0,1242.9888916015625,31257500
2025-06-23,1340.0,1390.0,1305.0,1365.0,1229.4781494140625,48228000
2025-06-24,1400.0,1465.0,1400.0,1445.0,1301.5355224609375,47068000
2025-06-25,1470.0,1470.0,1430.0,1455.0,1310.542724609375,24246700
2025-06-26,1450.0,1460.0,1425.0,1460.0,1315.0462646484375,9127100
2025-06-30,1475.0,1475.0,1450.0,1450.0,1306.0390625,17199800
2025-07-01,1445.0,1485.0,1430.0,1470.0,1324.0533447265625,22311700
2025-07-02,1480.0,1530.0,1450.0,1470.0,1324.0533447265625,37642300
2025-07-03,1470.0,1625.0,1455.0,1595.0,1436.64306640625,55965500
2025-07-04,1600.0,1605.0,1515.0,1545.0,1391.6070556640625,38933100
2025-07-07,1565.0,1570.0,1525.0,1560.0,1405.117919921875,16928200
2025-07-08,1560.0,1560.0,1515.0,1520.0,1369.0892333984375,18964100
2025-07-09,1520.0,1520.0,1485.0,1515.0,1364.585693359375,8633400
2025-07-10,1515.0,1600.0,1485.0,1580.0,1423.1322021484375,38371900
2025-07-11,1585.0,1620.0,1570.0,1575.0,1418.628662109375,30404800
2025-07-14,1575.0,1600.0,1550.0,1575.0,1418.628662109375,12776800
2025-07-15,1575.0,1580.0,1545.0,1570.0,1414.1251220703125,9128300
2025-07-16,1565.0,1575.0,1540.0,1560.0,1405.117919921875,14183800
2025-07-17,1560.0,1610.0,1550.0,1575.0,1418.628662109375,24874600
2025-07-18,1580.0,1595.0,1510.0,1510.0,1360.0821533203125,23315100
2025-07-21,1515.0,1590.0,1515.0,1550.0,1396.1107177734375,25039900
2025-07-22,1550.0,1585.0,1550.0,1570.0,1414.1251220703125,15936600
2025-07-23,1580.0,1590.0,1535.0,1570.0,1414.1251220703125,15743800
2025-07-24,1570.0,1625.0,1570.0,1585.0,1427.6358642578125,24659800
2025-07-25,1595.0,1610.0,1540.0,1545.0,1391.6070556640625,14119700
2025-07-28,1545.0,1580.0,1545.0,1555.0,1400.6143798828125,26625700
2025-07-29,1560.0,1575.0,1540.0,1555.0,1400.6143798828125,29894600
2025-07-30,1555.0,1560.0,1525.0,1530.0,1378.096435546875,16040100
2025-07-31,1570.0,1740.0,1525.0,1710.0,1540.2254638671875,213621800
2025-08-01,1705.0,1780.0,1690.0,1770.0,1594.268310546875,99467400
2025-08-04,1775.0,1785.0,1735.0,1760.0,1585.26123046875,37102700
2025-08-05,1760.0,1835.0,1750.0,1800.0,1621.2899169921875,85662300
2025-08-06,1800.0,1800.0,1735.0,1735.0,1562.743408203125,33639400
2025-08-07,1735.0,1770.0,1735.0,1765.0,1589.764892578125,15105200
2025-08-08,1765.0,1795.0,1735.0,1750.0,1576.2540283203125,12034100
2025-08-11,1755.0,1780.0,1750.0,1760.0,1585.26123046875,18272400
2025-08-12,1760.0,1820.0,1760.0,1790.0,1612.2828369140625,38523100
2025-08-13,1800.0,1825.0,1775.0,1785.0,1607.7791748046875,26026700
2025-08-14,1795.0,1915.0,1790.0,1830.0,1648.3114013671875,85270700
2025-08-15,1830.0,1840.0,1750.0,1750.0,1576.2540283203125,36984000
2025-08-19,1755.0,1845.0,1755.0,1830.0,1648.3114013671875,40630500
2025-08-20,1830.0,1840.0,1785.0,1805.0,1625.79345703125,21223900
2025-08-21,1800.0,1830.0,1800.0,1815.0,1634.8006591796875,10486800
2025-08-22,1830.0,1830.0,1770.0,1770.0,1594.268310546875,14344500
2025-08-25,1775.0,1810.0,1770.0,1775.0,1598.77197265625,10311100
2025-08-26,1775.0,1800.0,1750.0,1790.0,1612.2828369140625,14548700
2025-08-27,1790.0,1795.0,1735.0,1755.0,1580.7576904296875,15955700
2025-08-28,1755.0,1760.0,1745.0,1750.0,1576.2540283203125,13246200
2025-08-29,1730.0,1730.0,1690.0,1700.0,1531.21826171875,24836500
2025-09-01,1650.0,1710.0,1645.0,1700.0,1531.21826171875,15262900
2025-09-02,1700.0,1745.0,1700.0,1700.0,1531.21826171875,15840700
2025-09-03,1700.0,1730.0,1700.0,1710.0,1540.2254638671875,11426700
2025-09-04,1705.0,1735.0,1700.0,1705.0,1535.7218017578125,27702300
2025-09-08,1705.0,1715.0,1685.0,1695.0,1526.714599609375,38625200
2025-09-09,1695.0,1695.0,1645.0,1655.0,1490.68603515625,54269100
2025-09-10,1670.0,1720.0,1660.0,1700.0,1531.21826171875,26787800
2025-09-11,1725.0,1745.0,1710.0,1720.0,1549.2325439453125,10286400
2025-09-12,1720.0,1725.0,1690.0,1695.0,1526.714599609375,10326000
2025-09-15,1695.0,1730.0,1685.0,1690.0,1522.2110595703125,44103900
2025-09-16,1700.0,1770.0,1695.0,1740.0,1567.246826171875,28476400
2025-09-17,1740.0,1765.0,1715.0,1735.0,1562.743408203125,12700500
2025-09-18,1745.0,1755.0,1705.0,1710.0,1540.2254638671875,11695200
2025-09-19,1715.0,1725.0,1700.0,1715.0,1544.72900390625,22797600
2025-09-22,1725.0,1730.0,1710.0,1715.0,1544.72900390625,12021400
2025-09-23,1725.0,1780.0,1700.0,1775.0,1598.77197265625,29171000
2025-09-24,1800.0,1805.0,1730.0,1735.0,1562.743408203125,23291800
2025-09-25,1715.0,1780.0,1715.0,1735.0,1562.743408203125,14402500
2025-09-26,1780.0,1940.0,1775.0,1830.0,1648.3114013671875,134223700
2025-09-29,1830.0,1840.0,1750.0,1760.0,1585.26123046875,37519500
2025-09-30,1750.0,1790.0,1735.0,1780.0,1603.2755126953125,23784800
2025-10-01,1770.0,1815.0,1745.0,1780.0,1603.2755126953125,22048100
2025-10-02,1785.0,1860.0,1765.0,1790.0,1612.2828369140625,24568600
2025-10-03,1790.0,1875.0,1785.0,1835.0,1652.81494140625,33563100
2025-10-06,1850.0,1890.0,1820.0,1860.0,1675.3328857421875,22207000
2025-10-07,1860.0,1885.0,1810.0,1830.0,1648.3114013671875,27722000
2025-10-08,1840.0,1880.0,1825.0,1855.0,1670.8292236328125,15182700
2025-10-09,1865.0,1975.0,1865.0,1915.0,1724.872314453125,78749900
2025-10-10,1935.0,1940.0,1890.0,1900.0,1711.361572265625,14263100
2025-10-13,1870.0,1900.0,1815.0,1850.0,1666.32568359375,25615900
2025-10-14,1870.0,1870.0,1800.0,1800.0,1621.2899169921875,26174800
2025-10-15,1825.0,1855.0,1810.0,1835.0,1652.81494140625,23439100
2025-10-16,1860.0,2020.0,1860.0,1985.0,1787.9224853515625,80433300
2025-10-17,1985.0,1995.0,1885.0,1900.0,1711.361572265625,51732500
2025-10-20,1935.0,2130.0,1935.0,2080.0,1873.490478515625,86711600
2025-10-21,2100.0,2110.0,2020.0,2050.0,1846.468994140625,29597600
2025-10-22,2050.0,2150.0,2020.0,2070.0,1864.4833984375,49090900
2025-10-23,2180.0,2270.0,2140.0,2260.0,2035.6195068359375,130049800
2025-10-24,2260.0,2700.0,2250.0,2530.0,2278.813232421875,267179900
2025-10-27,2580.0,2840.0,2530.0,2710.0,2440.94189453125,277535000
2025-10-28,2680.0,2720.0,2450.0,2490.0,2242.784423828125,156918700
2025-10-29,2510.0,2610.0,2470.0,2580.0,2323.848876953125,73171300
2025-10-30,2610.0,2670.0,2560.0,2560.0,2305.83447265625,49537500
2025-10-31,2600.0,2660.0,2530.0,2580.0,2323.848876953125,63108200
2025-11-03,2630.0,2700.0,2590.0,2670.0,2404.913330078125,49127900
2025-11-04,2700.0,2750.0,2600.0,2690.0,2422.927734375,57648100
2025-11-05,2690.0,2740.0,2660.0,2690.0,2422.927734375,41343200
2025-11-06,2660.0,2680.0,2600.0,2620.0,2359.87744140625,29525900
2025-11-07,2600.0,2610.0,2520.0,2530.0,2278.813232421875,48504400
2025-11-10,2570.0,2600.0,2500.0,2530.0,2278.813232421875,49312800
2025-11-11,2560.0,2570.0,2460.0,2490.0,2242.784423828125,47905800
2025-11-12,2490.0,2590.0,2480.0,2550.0,2296.827392578125,35515000
2025-11-13,2560.0,2560.0,2490.0,2490.0,2242.784423828125,16292900
2025-11-14,2490.0,2560.0,2490.0,2510.0,2260.798828125,16720600
2025-11-17,2540.0,2620.0,2520.0,2590.0,2332.85595703125,37359900
2025-11-18,2610.0,2630.0,2510.0,2510.0,2260.798828125,28725900
2025-11-19,2520.0,2580.0,2520.0,2580.0,2323.848876953125,13777400
2025-11-20,2600.0,2620.0,2560.0,2600.0,2341.863037109375,20738000
2025-11-21,2600.0,2670.0,2540.0,2540.0,2287.820068359375,27647200
2025-11-24,2560.0,2670.0,2560.0,2670.0,2404.913330078125,32673700
2025-11-25,2670.0,2670.0,2580.0,2630.0,2368.884765625,25207700
2025-11-26,2640.0,2690.0,2590.0,2600.0,2341.863037109375,21031000
2025-11-27,2620.0,2630.0,2560.0,2600.0,2341.863037109375,34235900
2025-11-28,2620.0,2640.0,2590.0,2600.0,2341.863037109375,18013700
2025-12-01,2570.0,2650.0,2570.0,2620.0,2359.87744140625,17322300
2025-12-02,2620.0,2670.0,2600.0,2650.0,2386.89892578125,35263000
2025-12-03,2670.0,2800.0,2670.0,2770.0,2494.98486328125,65741000
2025-12-04,2800.0,2810.0,2690.0,2770.0,2494.98486328125,40071400
2025-12-05,2780.0,2790.0,2710.0,2710.0,2440.94189453125,34350200
2025-12-08,2730.0,2730.0,2620.0,2620.0,2359.87744140625,34429000
2025-12-09,2620.0,2710.0,2590.0,2670.0,2404.913330078125,44953900
2025-12-10,2710.0,2750.0,2670.0,2730.0,2458.956298828125,29651800
2025-12-11,2730.0,2740.0,2600.0,2640.0,2377.89208984375,30830400
2025-12-12,2640.0,2660.0,2600.0,2630.0,2368.884765625,14728100
2025-12-15,2590.0,2610.0,2570.0,2580.0,2403.351318359375,18476400
2025-12-16,2580.0,2710.0,2580.0,2710.0,2524.450439453125,32058000
2025-12-17,2700.0,2700.0,2630.0,2630.0,2449.927978515625,20817800
2025-12-18,2630.0,2680.0,2620.0,2650.0,2468.55859375,17521000
2025-12-19,2660.0,2770.0,2610.0,2770.0,2580.34228515625,28983500
2025-12-22,2730.0,2730.0,2670.0,2700.0,2515.13525390625,22606200
2025-12-23,2690.0,2700.0,2610.0,2610.0,2431.29736328125,17218500
2025-12-24,2620.0,2620.0,2590.0,2600.0,2421.98193359375,10056300
2025-12-29,2610.0,2630.0,2560.0,2600.0,2421.98193359375,13763200
2025-12-30,2600.0,2660.0,2590.0,2600.0,2421.98193359375,17928600
2026-01-02,2620.0,2630.0,2600.0,2620.0,2440.612548828125,7859600
2026-01-05,2620.0,2620.0,2580.0,2580.0,2403.351318359375,13513400
2026-01-06,2580.0,2620.0,2580.0,2610.0,2431.29736328125,16595700
2026-01-07,2610.0,2640.0,2600.0,2600.0,2421.98193359375,18804300
2026-01-08,2620.0,2730.0,2610.0,2620.0,2440.612548828125,44404400
2026-01-09,2640.0,2680.0,2620.0,2620.0,2440.612548828125,23053000
2026-01-12,2650.0,2650.0,2590.0,2600.0,2421.98193359375,44075100
2026-01-13,2600.0,2630.0,2590.0,2600.0,2421.98193359375,33925600
2026-01-14,2610.0,2620.0,2580.0,2580.0,2403.351318359375,15761400
2026-01-15,2580.0,2590.0,2420.0,2450.0,2282.252197265625,51451800
2026-01-19,2450.0,2460.0,2310.0,2330.0,2170.468505859375,56292600
2026-01-20,2330.0,2360.0,2320.0,2320.0,2161.153076171875,18395300
2026-01-21,2320.0,2320.0,2240.0,2290.0,2133.207275390625,30521200
2026-01-22,2270.0,2310.0,2270.0,2280.0,2123.891845703125,21043700
2026-01-23,2280.0,2280.0,2200.0,2250.0,2095.946044921875,20403500
2026-01-26,2250.0,2260.0,2130.0,2150.0,2002.7928466796875,27241300
2026-01-27,2140.0,2180.0,2030.0,2060.0,1918.9549560546875,35658400
2026-01-28,2000.0,2020.0,1930.0,1980.0,1844.4324951171875,39800600
2026-01-29,1960.0,1960.0,1690.0,1860.0,1732.648681640625,74521700
2026-01-30,1890.0,1960.0,1885.0,1925.0,1793.1982421875,33230400
2026-02-02,1955.0,2070.0,1920.0,2030.0,1891.009033203125,52588100
2026-02-03,2010.0,2110.0,1995.0,2010.0,1872.37841796875,46081200
2026-02-04,2010.0,2090.0,1980.0,2050.0,1909.6396484375,49767000
2026-02-05,2060.0,2250.0,2040.0,2210.0,2058.684814453125,71314600
2026-02-06,2190.0,2300.0,2140.0,2300.0,2142.5224609375,71485600
2026-02-09,2300.0,2300.0,2250.0,2300.0,2142.5224609375,23163100
2026-02-10,2300.0,2420.0,2280.0,2300.0,2142.5224609375,56389900
2026-02-11,2300.0,2320.0,2250.0,2260.0,2105.26123046875,18622600
2026-02-12,2290.0,2330.0,2270.0,2300.0,2142.5224609375,40499400
2026-02-13,2320.0,2370.0,2300.0,2300.0,2142.5224609375,19683200
2026-02-18,2340.0,2340.0,2260.0,2260.0,2105.26123046875,16593000
2026-02-19,2270.0,2310.0,2220.0,2220.0,2068.0,17971200
2026-02-20,2220.0,2250.0,2210.0,2240.0,2086.630615234375,7587400
2026-02-23,2260.0,2370.0,2250.0,2370.0,2207.729736328125,34184100
2026-02-24,2370.0,2380.0,2320.0,2350.0,2189.09912109375,24678900
2026-02-25,2350.0,2370.0,2320.0,2330.0,2170.468505859375,15559900
2026-02-26,2350.0,2360.0,2300.0,2310.0,2151.837890625,15417900
2026-02-27,2320.0,2410.0,2310.0,2380.0,2217.045166015625,68472600
2026-03-02,2310.0,2320.0,2240.0,2250.0,2095.946044921875,23912200
2026-03-03,2260.0,2280.0,2080.0,2080.0,1937.5855712890625,29682000
2026-03-04,2090.0,2090.0,1920.0,1935.0,1802.5135498046875,31919800
2026-03-05,1975.0,2040.0,1975.0,1990.0,1853.747802734375,14954200
2026-03-06,1990.0,2040.0,1955.0,1975.0,1839.7747802734375,11788500
2026-03-09,1955.0,1955.0,1845.0,1880.0,1751.279296875,20756600
2026-03-10,1910.0,1945.0,1890.0,1945.0,1811.828857421875,11695700
2026-03-11,1965.0,2050.0,1945.0,2000.0,1863.0631103515625,19351000
2026-03-12,2010.0,2020.0,1890.0,1890.0,1760.5946044921875,27876700
2026-03-13,1890.0,1910.0,1870.0,1870.0,1741.9639892578125,12154900
2026-03-16,1870.0,1880.0,1820.0,1855.0,1727.990966796875,10659400
2026-03-17,1865.0,2080.0,1865.0,2000.0,1863.0631103515625,50594200
2026-03-25,1930.0,1950.0,1905.0,1935.0,1802.5135498046875,34597400
2026-03-26,1935.0,1960.0,1920.0,1940.0,1807.1712646484375,20185700
2026-03-27,1940.0,1940.0,1855.0,1860.0,1732.648681640625,20510900
2026-03-30,1820.0,1845.0,1810.0,1835.0,1709.3603515625,14256600
2026-03-31,1860.0,1865.0,1815.0,1820.0,1695.387451171875,21371200
2026-04-01,1845.0,1970.0,1845.0,1910.0,1779.2252197265625,46209400
2026-04-02,1910.0,1960.0,1910.0,1930.0,1797.8558349609375,17567700
2026-04-06,1935.0,1940.0,1885.0,1915.0,1783.8829345703125,5661100
2026-04-07,1915.0,1920.0,1890.0,1905.0,1774.567626953125,3248600
2026-04-08,1925.0,1960.0,1915.0,1955.0,1821.1441650390625,11687600
2026-04-09,1945.0,1945.0,1905.0,1910.0,1779.2252197265625,10902500
2026-04-10,1920.0,1935.0,1910.0,1920.0,1788.54052734375,8206300
2026-04-13,1910.0,1915.0,1885.0,1910.0,1779.2252197265625,7397900
2026-04-14,1920.0,1925.0,1900.0,1910.0,1779.2252197265625,10440100
2026-04-15,1920.0,1925.0,1895.0,1895.0,1765.2523193359375,11235900
2026-04-16,1895.0,1900.0,1855.0,1860.0,1732.648681640625,13626400
2026-04-17,1860.0,1895.0,1860.0,1865.0,1737.306396484375,9601000
2026-04-20,1870.0,1885.0,1820.0,1820.0,1695.387451171875,14771400
2026-04-21,1820.0,1820.0,1790.0,1800.0,1676.7568359375,13679100
2026-04-22,1800.0,1820.0,1760.0,1765.0,1644.1531982421875,20485500
2026-04-23,1760.0,1760.0,1675.0,1675.0,1560.3153076171875,46396500
2026-04-24,1675.0,1685.0,1565.0,1575.0,1467.1622314453125,41658200
2026-04-27,1575.0,1575.0,1510.0,1520.0,1415.927978515625,40053800
2026-04-28,1525.0,1545.0,1485.0,1485.0,1383.3243408203125,42672500
2026-04-29,1495.0,1595.0,1495.0,1575.0,1467.1622314453125,38824200
2026-04-30,1615.0,1615.0,1530.0,1535.0,1429.90087890625,50188300
2026-05-04,1555.0,1600.0,1550.0,1560.0,1453.189208984375,36660100
2026-05-05,1555.0,1685.0,1540.0,1640.0,1527.7117919921875,42348300
2026-05-06,1655.0,1810.0,1655.0,1805.0,1681.4144287109375,75977100
2026-05-07,1810.0,1855.0,1790.0,1835.0,1709.3603515625,47653800
2026-05-08,1835.0,1840.0,1795.0,1800.0,1676.7568359375,18226100
2026-05-11,1805.0,1815.0,1760.0,1785.0,1662.7838134765625,15722700
2026-05-12,1790.0,1825.0,1755.0,1800.0,1676.7568359375,15541900
2026-05-13,1800.0,1800.0,1770.0,1785.0,1662.7838134765625,6834600
2026-05-14,1785.0,1785.0,1785.0,1785.0,1662.7838134765625,0
2026-05-15,1785.0,1785.0,1785.0,1785.0,1662.7838134765625,0
2026-05-18,1775.0,1780.0,1710.0,1770.0,1648.810791015625,18683500
2026-05-19,1765.0,1775.0,1720.0,1755.0,1634.837890625,14016100
2026-05-20,1755.0,1815.0,1750.0,1795.0,1672.09912109375,19068500
2026-05-21,1810.0,1815.0,1745.0,1750.0,1630.18017578125,17561800
2026-05-22,1755.0,1775.0,1745.0,1765.0,1644.1531982421875,8894800
2026-05-25,1780.0,1795.0,1755.0,1770.0,1648.810791015625,9593400
2026-05-26,1795.0,1795.0,1750.0,1760.0,1639.4954833984375,16040300
2026-05-27,1760.0,1760.0,1760.0,1760.0,1639.4954833984375,0
2026-05-28,1760.0,1760.0,1760.0,1760.0,1639.4954833984375,0
2026-05-29,1630.0,1805.0,1580.0,1710.0,1592.9189453125,133330600
2026-06-02,1710.0,1710.0,1635.0,1665.0,1551.0,28441900
2026-06-03,1680.0,1735.0,1570.0,1600.0,1490.450439453125,30595500
2026-06-04,1600.0,1635.0,1530.0,1615.0,1504.4234619140625,17974200
2026-06-05,1620.0,1630.0,1530.0,1570.0,1462.5045166015625,24377100
2026-06-08,1570.0,1600.0,1505.0,1575.0,1467.1622314453125,16472200
2026-06-09,1575.0,1615.0,1565.0,1605.0,1495.108154296875,14614800
2026-06-10,1610.0,1615.0,1580.0,1600.0,1490.450439453125,33735000
2026-06-11,1610.0,1680.0,1610.0,1635.0,1523.0540771484375,22363100
2026-06-12,1640.0,1670.0,1640.0,1665.0,1551.0,28345900
2026-06-15,1620.0,1695.0,1615.0,1660.0,1660.0,41419400
2026-06-17,1660.0,1705.0,1645.0,1650.0,1650.0,12881200
2026-06-18,1645.0,1690.0,1620.0,1665.0,1665.0,9988800
2026-06-19,1665.0,1735.0,1620.0,1685.0,1685.0,59195200
2026-06-22,1725.0,1725.0,1665.0,1700.0,1700.0,8146100
2026-06-23,1695.0,1695.0,1650.0,1655.0,1655.0,7518300
2026-06-24,1660.0,1690.0,1645.0,1685.0,1685.0,11911100
2026-06-25,1675.0,1805.0,1655.0,1735.0,1735.0,49717400
2026-06-26,1740.0,1760.0,1715.0,1730.0,1730.0,16495000
2026-06-29,1750.0,1780.0,1740.0,1770.0,1770.0,11099300
2026-06-30,1770.0,1845.0,1760.0,1805.0,1805.0,37171400
2026-07-01,1815.0,1825.0,1775.0,1775.0,1775.0,13228800
2026-07-02,1775.0,1795.0,1755.0,1760.0,1760.0,7673700
2026-07-03,1760.0,1805.0,1760.0,1800.0,1800.0,7797200
2026-07-06,1800.0,1805.0,1760.0,1770.0,1770.0,7874100
2026-07-07,1775.0,1775.0,1740.0,1765.0,1765.0,9647400
2026-07-08,1770.0,1775.0,1715.0,1735.0,1735.0,8601900
2026-07-09,1735.0,1740.0,1715.0,1715.0,1715.0,3144000
2026-07-10,1715.0,1735.0,1715.0,1730.0,1730.0,3626900
2026-07-13,1720.0,1725.0,1655.0,1680.0,1680.0,27320400
2026-07-14,1680.0,1690.0,1670.0,1675.0,1675.0,14159900
2026-07-15,1685.0,1690.0,1660.0,1670.0,1670.0,9093900
2026-07-16,1670.0,1690.0,1670.0,1685.0,1685.0,9252900
2026-07-17,1685.0,1715.0,1675.0,1700.0,1700.0,13265800
2026-07-20,1710.0,1770.0,1705.0,1735.0,1735.0,22167900
2026-07-21,1740.0,1755.0,1710.0,1710.0,1710.0,17491600
2026-07-22,1710.0,1720.0,1680.0,1705.0,1705.0,18808800
2026-07-23,1710.0,1715.0,1680.0,1680.0,1680.0,12951900
2026-07-24,1680.0,1690.0,1670.0,1685.0,1685.0,9819500
2026-07-27,1690.0,1695.0,1675.0,1680.0,1680.0,6492500
2026-07-28,1685.0,1705.0,1680.0,1705.0,1705.0,10422500
2026-07-29,1705.0,1720.0,1685.0,1695.0,1695.0,10834900
2026-07-30,1695.0,1720.0,1685.0,1715.0,1715.0,9551500
2026-07-31,1720.0,1755.0,1700.0,1755.0,1755.0,25612000
2026-08-03,1760.0,1765.0,1730.0,1740.0,1740.0,7946900
2026-08-04,1740.0,1825.0,1740.0,1820.0,1820.0,21581300
2026-08-05,1820.0,1845.0,1785.0,1845.0,1845.0,26005100
2026-08-06,1845.0,1845.0,1790.0,1805.0,1805.0,19384100
2026-08-07,1805.0,1825.0,1800.0,1820.0,1820.0,12769600
2026-08-10,1820.0,1830.0,1795.0,1800.0,1800.0,13969800
2026-08-11,1795.0,1810.0,1740.0,1745.0,1745.0,14732400
2026-08-12,1750.0,1765.0,1740.0,1760.0,1760.0,7995300
2026-08-13,1760.0,1760.0,1715.0,1730.0,1730.0,9995800
2026-08-14,1730.0,1775.0,1730.0,1775.0,1775.0,7372300
2026-08-18,1785.0,1820.0,1775.0,1800.0,1800.0,13363200
2026-08-19,1800.0,1805.0,1770.0,1780.0,1780.0,6136400
2026-08-20,1785.0,1840.0,1780.0,1835.0,1835.0,19369300
2026-08-21,1830.0,1830.0,1790.0,1795.0,1795.0,10450200
2026-08-24,1800.0,1810.0,1795.0,1800.0,1800.0,3955100
2026-08-25,1800.0,1800.0,1800.0,1800.0,1800.0,0
2026-08-26,1800.0,1800.0,1755.0,1765.0,1765.0,8457300
2026-08-27,1765.0,1775.0,1750.0,1760.0,1760.0,10229600
2026-08-28,1775.0,1785.0,1750.0,1755.0,1755.0,9388700
2026-08-31,1760.0,1775.0,1615.0,1755.0,1755.0,140113900
2026-09-01,1735.0,1735.0,1680.0,1710.0,1710.0,18693200
2026-09-02,1710.0,1715.0,1685.0,1700.0,1700.0,15880100
2026-09-03,1700.0,1715.0,1695.0,1710.0,1710.0,10622000
2026-09-04,1710.0,1715.0,1685.0,1685.0,1685.0,12529100
2026-09-07,1675.0,1690.0,1670.0,1670.0,1670.0,11070200
2026-09-08,1675.0,1685.0,1670.0,1675.0,1675.0,12456800
2026-09-09,1675.0,1685.0,1665.0,1675.0,1675.0,8950100
2026-09-10,1675.0,1680.0,1650.0,1655.0,1655.0,17776200
2026-09-11,1655.0,1655.0,1625.0,1630.0,1630.0,16732500
2026-09-14,1630.0,1645.0,1620.0,1620.0,1620.0,26738400
2026-09-15,1625.0,1635.0,1620.0,1625.0,1625.0,20072700
2026-09-16,1630.0,1630.0,1615.0,1620.0,1620.0,26907500
2026-09-17,1620.0,1640.0,1615.0,1640.0,1640.0,8239000
2026-09-18,1640.0,1650.0,1620.0,1650.0,1650.0,14395300
2026-09-21,1650.0,1655.0,1620.0,1620.0,1620.0,9360200
2026-09-22,1620.0,1625.0,1610.0,1620.0,1620.0,13581800
