Date,BBCA.JK,BBRI.JK,BMRI.JK,BBNI.JK,TLKM.JK,EXCL.JK,ASII.JK,UNTR.JK,UNVR.JK,ICBP.JK,INDF.JK,KLBF.JK,ANTM.JK,PTBA.JK,ITMG.JK
2016-09-22,3070.0,2195.41650390625,2912.5,2787.5,4230.0,2600.0,8775.0,17975.0,8960.0,9475.0,8675.0,1720.0,675.0,1970.0,10475.0
2016-09-23,3095.0,2195.41650390625,2875.0,2762.5,4230.0,2600.0,8600.0,17925.0,9110.0,9500.0,8875.0,1740.0,665.0,2005.0,10450.0
2016-09-26,3070.0,2186.325927734375,2912.5,2762.5,4240.0,2500.0,8425.0,17200.0,8970.0,9350.0,8750.0,1715.0,645.0,1970.0,10475.0
2016-09-27,3200.0,2199.9619140625,2937.5,2800.0,4280.0,2500.0,8700.0,18100.0,9085.0,9300.0,9125.0,1730.0,770.0,1960.0,10575.0
2016-09-28,3085.0,2199.9619140625,2825.0,2812.5,4250.0,2580.0,8725.0,18250.0,9090.0,9625.0,9000.0,1795.0,795.0,1940.0,10625.0
2016-09-29,3145.0,2222.68896484375,2856.25,2800.0,4290.0,2750.0,8675.0,18500.0,9140.0,9725.0,9150.0,1745.0,830.0,2005.0,11250.0
2016-09-30,3140.0,2218.1435546875,2800.0,2775.0,4310.0,2700.0,8250.0,17700.0,8910.0,9475.0,8700.0,1715.0,820.0,1925.0,10900.0
2016-10-03,3195.0,2231.779541015625,2818.75,2812.5,4380.0,2770.0,8475.0,18350.0,9040.0,9750.0,9150.0,1725.0,805.0,1990.0,11200.0
2016-10-04,3190.0,2231.779541015625,2800.0,2787.5,4360.0,2660.0,8600.0,18450.0,9010.0,9750.0,8925.0,1740.0,830.0,2055.0,11400.0
2016-10-05,3160.0,2236.324951171875,2750.0,2762.5,4300.0,2690.0,8425.0,18700.0,8965.0,9725.0,8900.0,1710.0,795.0,2050.0,11400.0
2016-10-06,3155.0,2254.506591796875,2737.5,2700.0,4210.0,2600.0,8350.0,19300.0,9035.0,9725.0,8900.0,1710.0,790.0,2130.0,12325.0
2016-10-07,3160.0,2177.235107421875,2725.0,2650.0,4200.0,2640.0,8200.0,19450.0,8900.0,9575.0,8900.0,1710.0,800.0,2170.0,12875.0
2016-10-10,3140.0,2154.50830078125,2725.0,2650.0,4160.0,2600.0,8275.0,18850.0,8920.0,9625.0,8725.0,1715.0,790.0,2240.0,13025.0
2016-10-11,3160.0,2172.689697265625,2712.5,2600.0,4160.0,2650.0,8325.0,19450.0,9050.0,9800.0,8925.0,1720.0,830.0,2335.0,13950.0
2016-10-12,3120.0,2181.780517578125,2750.0,2587.5,4140.0,2610.0,8300.0,19100.0,9000.0,9800.0,8925.0,1710.0,840.0,2325.0,13900.0
2016-10-13,3090.0,2177.235107421875,2762.5,2687.5,4180.0,2570.0,8200.0,19400.0,8900.0,9475.0,8700.0,1725.0,830.0,2320.0,13350.0
2016-10-14,3160.0,2222.68896484375,2837.5,2737.5,4210.0,2530.0,8325.0,19200.0,9000.0,9800.0,8825.0,1725.0,825.0,2340.0,13500.0
2016-10-17,3180.0,2209.052734375,2843.75,2750.0,4240.0,2470.0,8225.0,19800.0,8945.0,9600.0,8625.0,1735.0,835.0,2485.0,14000.0
2016-10-18,3210.0,2218.1435546875,2850.0,2700.0,4230.0,2420.0,8475.0,19800.0,8895.0,9525.0,8650.0,1735.0,830.0,2440.0,13500.0
2016-10-19,3195.0,2209.052734375,2843.75,2700.0,4200.0,2360.0,8375.0,20100.0,8865.0,9450.0,8550.0,1730.0,825.0,2505.0,14050.0
2016-10-20,3150.0,2204.50732421875,2825.0,2725.0,4200.0,2490.0,8375.0,20050.0,8860.0,9475.0,8600.0,1730.0,810.0,2500.0,13575.0
2016-10-21,3160.0,2222.68896484375,2806.25,2712.5,4210.0,2500.0,8375.0,20200.0,8830.0,9575.0,8725.0,1720.0,820.0,2400.0,13200.0
2016-10-24,3135.0,2218.1435546875,2800.0,2725.0,4220.0,2480.0,8300.0,20325.0,8880.0,9500.0,8725.0,1730.0,840.0,2435.0,13075.0
2016-10-25,3100.0,2209.052734375,2793.75,2737.5,4200.0,2420.0,8175.0,20750.0,8885.0,9600.0,8525.0,1720.0,835.0,2455.0,13725.0
2016-10-26,3100.0,2195.41650390625,2768.75,2725.0,4190.0,2330.0,8200.0,21150.0,8900.0,9525.0,8525.0,1750.0,840.0,2535.0,14400.0
2016-10-27,3105.0,2218.1435546875,2831.25,2762.5,4240.0,2340.0,8250.0,21550.0,8885.0,9575.0,8625.0,1745.0,875.0,2500.0,14700.0
2016-10-28,3120.0,2218.1435546875,2843.75,2762.5,4230.0,2290.0,8175.0,21100.0,8905.0,9525.0,8525.0,1730.0,865.0,2405.0,14500.0
2016-10-31,3105.0,2218.1435546875,2868.75,2787.5,4220.0,2200.0,8225.0,21625.0,8895.0,9400.0,8500.0,1740.0,895.0,2380.0,14325.0
2016-11-01,3090.0,2222.68896484375,2856.25,2762.5,4200.0,2190.0,8325.0,22275.0,8890.0,9200.0,8500.0,1735.0,900.0,2535.0,14875.0
2016-11-02,3095.0,2254.506591796875,2875.0,2762.5,4200.0,2160.0,8325.0,22275.0,8885.0,9150.0,8450.0,1720.0,900.0,2535.0,15250.0
2016-11-03,3085.0,2240.870361328125,2787.5,2737.5,4150.0,2270.0,8125.0,21850.0,8835.0,8800.0,8200.0,1725.0,890.0,2360.0,14800.0
2016-11-04,3100.0,2254.506591796875,2775.0,2800.0,4150.0,2280.0,8125.0,21850.0,8795.0,9100.0,8175.0,1725.0,910.0,2495.0,15400.0
2016-11-07,3080.0,2263.59716796875,2843.75,2787.5,4150.0,2270.0,8225.0,22275.0,8800.0,9275.0,8150.0,1690.0,910.0,2610.0,16600.0
2016-11-08,3100.0,2340.86865234375,2893.75,2862.5,4280.0,2510.0,8375.0,22950.0,8875.0,9575.0,8375.0,1710.0,910.0,2575.0,16500.0
2016-11-09,3060.0,2290.86962890625,2837.5,2787.5,4120.0,2500.0,8250.0,22725.0,8875.0,9450.0,8200.0,1710.0,890.0,2575.0,15925.0
2016-11-10,3045.0,2309.051025390625,2856.25,2787.5,4190.0,2580.0,8300.0,23275.0,8740.0,9425.0,8300.0,1670.0,895.0,2680.0,17000.0
2016-11-11,2935.0,2177.235107421875,2712.5,2575.0,3960.0,2400.0,7700.0,22850.0,8200.0,8775.0,7675.0,1535.0,900.0,2720.0,18000.0
2016-11-14,2875.0,2022.6923828125,2581.25,2562.5,3790.0,2280.0,7625.0,21800.0,8200.0,8550.0,7600.0,1495.0,885.0,2565.0,17775.0
2016-11-15,2910.0,2004.5108642578125,2637.5,2500.0,3840.0,2220.0,7625.0,20700.0,8195.0,8650.0,7600.0,1475.0,885.0,2295.0,16000.0
2016-11-16,2945.0,2090.873046875,2706.25,2612.5,4000.0,2250.0,7825.0,22900.0,8220.0,8825.0,7700.0,1475.0,880.0,2505.0,16100.0
2016-11-17,2950.0,2090.873046875,2725.0,2612.5,4000.0,2380.0,7850.0,21900.0,8100.0,9100.0,7825.0,1480.0,900.0,2385.0,15350.0
2016-11-18,2945.0,2090.873046875,2731.25,2612.5,3970.0,2340.0,7850.0,21300.0,8050.0,9100.0,7775.0,1465.0,900.0,2225.0,14725.0
2016-11-21,2945.0,2081.7822265625,2675.0,2600.0,3930.0,2250.0,7900.0,20775.0,8000.0,8775.0,7800.0,1460.0,890.0,2225.0,14700.0
2016-11-22,2930.0,2086.32763671875,2731.25,2625.0,3950.0,2280.0,7750.0,21425.0,7960.0,8725.0,7700.0,1460.0,910.0,2310.0,15575.0
2016-11-23,2940.0,2090.873046875,2725.0,2562.5,3940.0,2250.0,7775.0,21900.0,8090.0,8775.0,7700.0,1500.0,975.0,2380.0,16200.0
2016-11-24,2910.0,2054.510009765625,2525.0,2500.0,3810.0,2160.0,7525.0,21475.0,8020.0,8550.0,7450.0,1445.0,970.0,2285.0,16200.0
2016-11-25,2905.0,1986.329345703125,2537.5,2512.5,3830.0,2140.0,7625.0,21900.0,8040.0,8275.0,7425.0,1410.0,965.0,2360.0,16450.0
2016-11-28,2875.0,1904.5125732421875,2537.5,2537.5,3840.0,2040.0,7825.0,21500.0,8020.0,8350.0,7325.0,1400.0,985.0,2310.0,15800.0
2016-11-29,2870.0,1918.148681640625,2581.25,2550.0,3840.0,2110.0,7700.0,21775.0,8125.0,8425.0,7525.0,1460.0,975.0,2310.0,15800.0
2016-11-30,2860.0,1981.783935546875,2625.0,2587.5,3780.0,2300.0,7550.0,21000.0,8105.0,8650.0,7575.0,1500.0,970.0,2360.0,16000.0
2016-12-01,2900.0,2009.05615234375,2625.0,2637.5,3860.0,2220.0,7700.0,22250.0,8385.0,8625.0,7700.0,1590.0,955.0,2425.0,16275.0
2016-12-02,2935.0,2054.510009765625,2675.0,2650.0,3910.0,2260.0,7850.0,22975.0,8480.0,8750.0,7450.0,1540.0,965.0,2460.0,16975.0
2016-12-05,2930.0,2022.6923828125,2662.5,2662.5,3960.0,2270.0,7875.0,23500.0,8445.0,8875.0,7525.0,1525.0,965.0,2695.0,17225.0
2016-12-06,2935.0,2059.055419921875,2662.5,2687.5,3910.0,2280.0,7850.0,23250.0,8360.0,8700.0,7500.0,1570.0,960.0,2610.0,16750.0
2016-12-07,2930.0,2077.23681640625,2675.0,2675.0,3850.0,2280.0,7775.0,23025.0,8265.0,8675.0,7875.0,1570.0,960.0,2555.0,16250.0
2016-12-08,2940.0,2090.873046875,2737.5,2712.5,3940.0,2380.0,7800.0,22600.0,8290.0,8850.0,8100.0,1585.0,950.0,2520.0,16650.0
2016-12-09,2940.0,2086.32763671875,2743.75,2737.5,3960.0,2380.0,7825.0,22800.0,8290.0,8850.0,8050.0,1575.0,945.0,2540.0,16550.0
2016-12-13,2940.0,2131.78125,2706.25,2737.5,3970.0,2380.0,7850.0,22475.0,8145.0,8950.0,8125.0,1545.0,900.0,2525.0,17100.0
2016-12-14,2950.0,2090.873046875,2718.75,2737.5,3920.0,2340.0,7775.0,22325.0,8010.0,8925.0,7975.0,1535.0,880.0,2520.0,17650.0
2016-12-15,2955.0,2072.69140625,2700.0,2700.0,3910.0,2270.0,7750.0,22550.0,8030.0,8700.0,7975.0,1530.0,895.0,2540.0,17500.0
2016-12-16,2960.0,2049.964599609375,2687.5,2675.0,3820.0,2310.0,7575.0,21975.0,7995.0,8625.0,7750.0,1530.0,885.0,2500.0,17225.0
2016-12-19,2945.0,2045.419189453125,2706.25,2712.5,3800.0,2330.0,7625.0,21100.0,7970.0,8325.0,7700.0,1460.0,870.0,2460.0,17150.0
2016-12-20,2955.0,2040.873779296875,2700.0,2700.0,3730.0,2350.0,7550.0,20700.0,7930.0,8175.0,7625.0,1465.0,865.0,2420.0,16575.0
2016-12-21,2935.0,1999.9654541015625,2687.5,2675.0,3780.0,2220.0,7700.0,20150.0,7700.0,7925.0,7375.0,1455.0,885.0,2435.0,16700.0
2016-12-22,2910.0,1977.238525390625,2687.5,2650.0,3750.0,2240.0,7525.0,19525.0,7595.0,7775.0,7250.0,1430.0,860.0,2435.0,16075.0
2016-12-23,2890.0,1977.238525390625,2693.75,2625.0,3690.0,2250.0,7325.0,19675.0,7575.0,7550.0,7275.0,1440.0,855.0,2360.0,16100.0
2016-12-27,2960.0,1999.9654541015625,2700.0,2625.0,3730.0,2250.0,7625.0,20050.0,7640.0,7950.0,7650.0,1465.0,850.0,2420.0,16000.0
2016-12-28,2945.0,2068.14599609375,2787.5,2687.5,3830.0,2290.0,7825.0,20775.0,7860.0,8325.0,7625.0,1535.0,890.0,2430.0,16175.0
2016-12-29,3070.0,2118.145263671875,2893.75,2737.5,3940.0,2350.0,8125.0,20950.0,8000.0,8625.0,7850.0,1555.0,895.0,2500.0,16500.0
2016-12-30,3100.0,2122.690673828125,2893.75,2762.5,3980.0,2310.0,8275.0,21250.0,7760.0,8575.0,7925.0,1515.0,895.0,2500.0,16875.0
2017-01-02,3100.0,2122.690673828125,2893.75,2762.5,3980.0,2310.0,8275.0,21250.0,7760.0,8575.0,7925.0,1515.0,895.0,2500.0,16875.0
2017-01-03,3155.0,2163.598876953125,2825.0,2737.5,3950.0,2280.0,8200.0,21000.0,7765.0,8600.0,7725.0,1510.0,885.0,2555.0,17300.0
2017-01-04,3140.0,2218.1435546875,2837.5,2800.0,3950.0,2320.0,8000.0,21400.0,8040.0,8600.0,7800.0,1540.0,865.0,2475.0,17000.0
2017-01-05,3135.0,2199.9619140625,2812.5,2812.5,3950.0,2560.0,8125.0,21975.0,8110.0,8575.0,8000.0,1565.0,870.0,2410.0,16425.0
2017-01-06,3120.0,2199.9619140625,2843.75,2800.0,4000.0,2650.0,8175.0,21700.0,8120.0,8525.0,8025.0,1565.0,865.0,2455.0,16600.0
2017-01-09,3070.0,2136.32666015625,2818.75,2775.0,4020.0,2640.0,8150.0,21900.0,8030.0,8800.0,7825.0,1540.0,855.0,2405.0,16225.0
2017-01-10,3080.0,2145.41748046875,2850.0,2800.0,4000.0,2670.0,8200.0,21950.0,8020.0,8775.0,7975.0,1550.0,865.0,2410.0,15775.0
2017-01-11,3060.0,2145.41748046875,2843.75,2800.0,3960.0,2690.0,8025.0,21800.0,7995.0,8575.0,7950.0,1545.0,875.0,2420.0,15550.0
2017-01-12,3065.0,2159.0537109375,2825.0,2775.0,3960.0,2770.0,7925.0,21225.0,7990.0,8550.0,7875.0,1530.0,865.0,2440.0,15850.0
2017-01-13,3055.0,2172.689697265625,2775.0,2737.5,3950.0,2770.0,8000.0,21925.0,7920.0,8525.0,7875.0,1515.0,920.0,2455.0,15925.0
2017-01-16,3035.0,2163.598876953125,2731.25,2737.5,3950.0,2780.0,7975.0,21550.0,7925.0,8450.0,7800.0,1505.0,905.0,2440.0,15800.0
2017-01-17,3035.0,2168.144287109375,2731.25,2762.5,3970.0,2770.0,8050.0,21400.0,7925.0,8425.0,7800.0,1490.0,895.0,2415.0,15700.0
2017-01-18,3060.0,2172.689697265625,2762.5,2787.5,3960.0,2720.0,8125.0,21700.0,8180.0,8575.0,7950.0,1525.0,895.0,2410.0,15775.0
2017-01-19,3075.0,2181.780517578125,2762.5,2725.0,3970.0,2650.0,8150.0,21775.0,8080.0,8600.0,8025.0,1500.0,900.0,2405.0,15625.0
2017-01-20,3050.0,2145.41748046875,2750.0,2725.0,3830.0,2660.0,8000.0,22000.0,8100.0,8500.0,8050.0,1500.0,885.0,2360.0,15100.0
2017-01-23,3010.0,2145.41748046875,2743.75,2762.5,3840.0,2630.0,8025.0,21975.0,8240.0,8450.0,8100.0,1470.0,865.0,2340.0,15125.0
2017-01-24,3010.0,2149.962890625,2750.0,2775.0,3910.0,2680.0,8050.0,22800.0,8400.0,8475.0,8000.0,1495.0,805.0,2260.0,14800.0
2017-01-25,2990.0,2127.236083984375,2750.0,2750.0,3900.0,2830.0,8100.0,22625.0,8380.0,8600.0,8000.0,1495.0,805.0,2195.0,14525.0
2017-01-26,3060.0,2136.32666015625,2725.0,2800.0,3940.0,2910.0,8075.0,22900.0,8360.0,8550.0,8000.0,1510.0,810.0,2160.0,14325.0
2017-01-27,3080.0,2131.78125,2743.75,2875.0,3890.0,2870.0,8100.0,22600.0,8340.0,8550.0,8000.0,1480.0,805.0,2165.0,14525.0
2017-01-30,3090.0,2136.32666015625,2756.25,2862.5,3860.0,2890.0,7900.0,22375.0,8265.0,8475.0,7800.0,1465.0,800.0,2265.0,15000.0
2017-01-31,3060.0,2131.78125,2725.0,2850.0,3870.0,2910.0,7950.0,21850.0,8240.0,8400.0,7925.0,1450.0,800.0,2320.0,15000.0
2017-02-01,3085.0,2172.689697265625,2743.75,2975.0,3940.0,2850.0,8050.0,22300.0,8255.0,8425.0,7925.0,1485.0,810.0,2340.0,15175.0
2017-02-02,3090.0,2177.235107421875,2750.0,3012.5,3950.0,2910.0,8100.0,22600.0,8310.0,8450.0,7925.0,1475.0,840.0,2320.0,15450.0
2017-02-03,3095.0,2181.780517578125,2768.75,2987.5,3950.0,2900.0,8100.0,23000.0,8400.0,8450.0,7875.0,1470.0,830.0,2350.0,15800.0
2017-02-06,3120.0,2190.871337890625,2843.75,3012.5,3960.0,2920.0,8125.0,23075.0,8340.0,8575.0,7950.0,1480.0,815.0,2240.0,15800.0
2017-02-07,3125.0,2186.325927734375,2850.0,3050.0,3920.0,2900.0,8125.0,23100.0,8345.0,8475.0,7925.0,1470.0,805.0,2200.0,15600.0
2017-02-08,3120.0,2172.689697265625,2806.25,3062.5,3870.0,3070.0,8050.0,23000.0,8345.0,8500.0,7950.0,1475.0,805.0,2280.0,15500.0
2017-02-09,3125.0,2177.235107421875,2868.75,3100.0,3870.0,3080.0,8075.0,22750.0,8365.0,8500.0,7950.0,1480.0,800.0,2215.0,15650.0
2017-02-10,3000.0,2186.325927734375,2850.0,3125.0,3890.0,3070.0,8050.0,23000.0,8520.0,8550.0,8000.0,1485.0,810.0,2200.0,15400.0
2017-02-13,3105.0,2195.41650390625,2862.5,3150.0,3920.0,3040.0,8100.0,23325.0,8485.0,8500.0,8000.0,1495.0,810.0,2215.0,15025.0
2017-02-14,3100.0,2181.780517578125,2856.25,3150.0,3860.0,3130.0,8075.0,23025.0,8485.0,8450.0,7975.0,1475.0,800.0,2185.0,15075.0
2017-02-15,3100.0,2181.780517578125,2856.25,3150.0,3860.0,3130.0,8075.0,23025.0,8485.0,8450.0,7975.0,1475.0,800.0,2185.0,15075.0
2017-02-16,3100.0,2181.780517578125,2800.0,3100.0,3870.0,3150.0,8100.0,23825.0,8520.0,8400.0,8000.0,1485.0,800.0,2150.0,15300.0
2017-02-17,3095.0,2127.236083984375,2768.75,3150.0,3870.0,3130.0,7900.0,23875.0,8520.0,8375.0,8000.0,1470.0,795.0,2135.0,15300.0
2017-02-20,3090.0,2136.32666015625,2818.75,3137.5,3870.0,3230.0,7950.0,24425.0,8420.0,8375.0,8125.0,1460.0,785.0,2220.0,15475.0
2017-02-21,3100.0,2163.598876953125,2787.5,3137.5,3880.0,3070.0,7925.0,24475.0,8550.0,8250.0,8150.0,1460.0,790.0,2250.0,16525.0
2017-02-22,3100.0,2181.780517578125,2825.0,3137.5,3880.0,3130.0,7975.0,24375.0,8575.0,8250.0,8125.0,1495.0,785.0,2240.0,16325.0
2017-02-23,3100.0,2168.144287109375,2787.5,3162.5,3840.0,3240.0,8050.0,24650.0,8450.0,8300.0,8075.0,1495.0,785.0,2260.0,16700.0
2017-02-24,3100.0,2172.689697265625,2775.0,3175.0,3840.0,3120.0,8125.0,25500.0,8450.0,8325.0,8100.0,1495.0,765.0,2230.0,17225.0
2017-02-27,3100.0,2159.0537109375,2793.75,3087.5,3870.0,3010.0,8025.0,24925.0,8450.0,8350.0,7975.0,1535.0,740.0,2205.0,16800.0
2017-02-28,3090.0,2172.689697265625,2825.0,3125.0,3850.0,2990.0,8200.0,24650.0,8435.0,8325.0,8125.0,1530.0,745.0,2235.0,17600.0
2017-03-01,3100.0,2172.689697265625,2837.5,3112.5,3850.0,2940.0,8325.0,23900.0,8435.0,8275.0,8000.0,1495.0,750.0,2225.0,17500.0
2017-03-02,3100.0,2154.50830078125,2831.25,3112.5,3830.0,2910.0,8475.0,25075.0,8420.0,8250.0,8025.0,1475.0,770.0,2240.0,17950.0
2017-03-03,3095.0,2154.50830078125,2837.5,3175.0,3850.0,2890.0,8400.0,25100.0,8395.0,8225.0,8050.0,1485.0,755.0,2195.0,17525.0
2017-03-06,3095.0,2172.689697265625,2825.0,3150.0,3920.0,2900.0,8550.0,26200.0,8475.0,8300.0,8075.0,1525.0,760.0,2150.0,17075.0
2017-03-07,3090.0,2181.780517578125,2831.25,3150.0,3950.0,2870.0,8500.0,26000.0,8495.0,8225.0,8025.0,1495.0,750.0,2190.0,17150.0
2017-03-08,3100.0,2181.780517578125,2831.25,3137.5,3880.0,2830.0,8400.0,25600.0,8485.0,8200.0,7975.0,1500.0,730.0,2160.0,17125.0
2017-03-09,3125.0,2195.41650390625,2843.75,3200.0,3960.0,2960.0,8250.0,25900.0,8485.0,8150.0,8000.0,1460.0,735.0,2170.0,17375.0
2017-03-10,3125.0,2195.41650390625,2850.0,3150.0,3950.0,2980.0,8150.0,25750.0,8460.0,8150.0,7925.0,1470.0,730.0,2075.0,16300.0
2017-03-13,3110.0,2195.41650390625,2850.0,3175.0,3950.0,3000.0,8250.0,25400.0,8480.0,8325.0,7950.0,1485.0,725.0,2080.0,16300.0
2017-03-14,3135.0,2190.871337890625,2856.25,3187.5,4050.0,3050.0,8200.0,25950.0,8440.0,8375.0,7925.0,1480.0,705.0,2160.0,16800.0
2017-03-15,3130.0,2209.052734375,2862.5,3200.0,4040.0,3010.0,8175.0,25350.0,8435.0,8475.0,7975.0,1475.0,695.0,2190.0,17000.0
2017-03-16,3175.0,2277.2333984375,2893.75,3300.0,4140.0,3180.0,8575.0,25700.0,8720.0,8825.0,8300.0,1495.0,715.0,2280.0,17525.0
2017-03-17,3190.0,2363.595458984375,2906.25,3350.0,4110.0,3250.0,8475.0,27000.0,8800.0,8700.0,8325.0,1510.0,760.0,2285.0,17750.0
2017-03-20,3215.0,2363.595458984375,2943.75,3300.0,4100.0,3200.0,8500.0,26075.0,8785.0,8725.0,8175.0,1520.0,760.0,2265.0,18050.0
2017-03-21,3250.0,2363.595458984375,2950.0,3287.5,4090.0,3250.0,8475.0,27250.0,8785.0,8725.0,8125.0,1520.0,750.0,2295.0,18775.0
2017-03-22,3265.0,2399.95849609375,2943.75,3300.0,4070.0,3180.0,8400.0,27800.0,8570.0,8800.0,8100.0,1490.0,740.0,2315.0,18650.0
2017-03-23,3320.0,2390.86767578125,2975.0,3450.0,4090.0,3280.0,8450.0,27600.0,8500.0,8775.0,8075.0,1490.0,745.0,2325.0,19200.0
2017-03-24,3310.0,2390.86767578125,2975.0,3400.0,4080.0,3270.0,8525.0,27775.0,8630.0,8600.0,8050.0,1505.0,730.0,2365.0,19875.0
2017-03-27,3310.0,2322.687255859375,2925.0,3262.5,4080.0,3290.0,8525.0,27150.0,8670.0,8425.0,7950.0,1520.0,720.0,2350.0,19725.0
2017-03-29,3340.0,2331.77783203125,2943.75,3300.0,4150.0,3180.0,8725.0,27850.0,8730.0,8375.0,8000.0,1540.0,745.0,2450.0,20050.0
2017-03-30,3365.0,2354.5048828125,2943.75,3187.5,4140.0,3220.0,8675.0,27850.0,8740.0,8250.0,8000.0,1550.0,725.0,2585.0,19925.0
2017-03-31,3310.0,2359.050048828125,2925.0,3237.5,4130.0,3060.0,8625.0,26500.0,8665.0,8150.0,8000.0,1540.0,730.0,2640.0,20200.0
2017-04-03,3315.0,2368.140869140625,2937.5,3225.0,4170.0,3030.0,8775.0,27825.0,8775.0,8425.0,8000.0,1555.0,715.0,2640.0,20200.0
2017-04-04,3350.0,2368.140869140625,2937.5,3275.0,4250.0,3090.0,8775.0,29150.0,8855.0,8400.0,8075.0,1600.0,720.0,2770.0,22200.0
2017-04-05,3350.0,2368.140869140625,2937.5,3287.5,4250.0,3090.0,8775.0,29150.0,8855.0,8400.0,7975.0,1600.0,710.0,2770.0,21550.0
2017-04-06,3465.0,2395.4130859375,3106.25,3350.0,4170.0,3040.0,8750.0,29000.0,9000.0,8225.0,8000.0,1610.0,715.0,2570.0,20450.0
2017-04-07,3470.0,2372.686279296875,3050.0,3237.5,4130.0,2940.0,8575.0,28700.0,9020.0,8175.0,7975.0,1565.0,715.0,2620.0,20450.0
2017-04-10,3470.0,2381.777099609375,3012.5,3225.0,4100.0,2930.0,8600.0,28600.0,9060.0,8175.0,7975.0,1550.0,705.0,2605.0,20100.0
2017-04-11,3490.0,2345.4140625,2937.5,3187.5,4150.0,2940.0,8575.0,29000.0,8980.0,8125.0,7975.0,1550.0,700.0,2595.0,19950.0
2017-04-12,3530.0,2322.687255859375,2925.0,3187.5,4150.0,3040.0,8575.0,29000.0,9095.0,8100.0,7975.0,1595.0,725.0,2395.0,19850.0
2017-04-13,3470.0,2309.051025390625,2912.5,3137.5,4090.0,3030.0,8500.0,28150.0,9065.0,8125.0,7975.0,1580.0,735.0,2500.0,19800.0
2017-04-17,3385.0,2259.052001953125,2906.25,3125.0,4010.0,2940.0,8375.0,27225.0,9060.0,8150.0,7975.0,1540.0,720.0,2565.0,19600.0
2017-04-18,3385.0,2340.86865234375,2937.5,3175.0,4070.0,3000.0,8375.0,27850.0,9060.0,8200.0,7950.0,1550.0,710.0,2520.0,20075.0
2017-04-19,3385.0,2340.86865234375,2937.5,3175.0,4070.0,3000.0,8375.0,27850.0,9060.0,8200.0,7950.0,1550.0,710.0,2520.0,20075.0
2017-04-20,3465.0,2318.141845703125,2881.25,3125.0,4110.0,3000.0,8575.0,27400.0,9060.0,8175.0,7950.0,1570.0,700.0,2520.0,19700.0
2017-04-21,3495.0,2349.95947265625,2850.0,3075.0,4420.0,3000.0,9150.0,26925.0,9105.0,8400.0,8025.0,1580.0,700.0,2490.0,18800.0
2017-04-25,3480.0,2386.322509765625,2887.5,3100.0,4420.0,3190.0,9025.0,26600.0,9060.0,8500.0,8100.0,1600.0,700.0,2535.0,19100.0
2017-04-26,3600.0,2404.50390625,2956.25,3200.0,4400.0,3230.0,9025.0,27900.0,9160.0,8525.0,8125.0,1605.0,700.0,2535.0,19500.0
2017-04-27,3505.0,2363.595458984375,2931.25,3187.5,4370.0,3210.0,9000.0,27250.0,9150.0,8700.0,8450.0,1595.0,695.0,2570.0,19625.0
2017-04-28,3550.0,2345.4140625,2925.0,3187.5,4370.0,3210.0,8950.0,26900.0,8900.0,8775.0,8375.0,1585.0,695.0,2535.0,19125.0
2017-05-02,3580.0,2372.686279296875,2918.75,3212.5,4410.0,3080.0,9000.0,26000.0,9060.0,8550.0,8425.0,1515.0,685.0,2470.0,18625.0
2017-05-03,3550.0,2399.95849609375,2893.75,3200.0,4340.0,3080.0,8850.0,25900.0,9020.0,8600.0,8475.0,1545.0,665.0,2475.0,18050.0
2017-05-04,3565.0,2531.7744140625,2925.0,3312.5,4370.0,3180.0,8800.0,25050.0,9085.0,8600.0,8475.0,1575.0,645.0,2375.0,18475.0
2017-05-05,3555.0,2531.7744140625,2993.75,3287.5,4340.0,3140.0,8700.0,25050.0,9095.0,8625.0,8475.0,1550.0,630.0,2300.0,18400.0
2017-05-08,3590.0,2563.592041015625,3012.5,3362.5,4340.0,3060.0,8800.0,25900.0,9200.0,8600.0,8450.0,1520.0,640.0,2330.0,18400.0
2017-05-09,3600.0,2545.41064453125,3000.0,3325.0,4340.0,3120.0,8700.0,25500.0,9240.0,8625.0,8475.0,1555.0,630.0,2275.0,17425.0
2017-05-10,3585.0,2540.865234375,3006.25,3287.5,4370.0,3150.0,8600.0,25050.0,9270.0,8700.0,8400.0,1575.0,625.0,2170.0,16275.0
2017-05-12,3600.0,2549.9560546875,3000.0,3337.5,4400.0,3050.0,8675.0,24375.0,9360.0,8600.0,8475.0,1535.0,620.0,2195.0,15950.0
2017-05-15,3650.0,2599.955078125,3031.25,3262.5,4360.0,3120.0,8700.0,24550.0,9600.0,8625.0,8475.0,1525.0,610.0,2175.0,15150.0
2017-05-16,3480.0,2549.9560546875,2993.75,3275.0,4340.0,3010.0,8600.0,23825.0,9560.0,8575.0,8375.0,1510.0,700.0,2170.0,15000.0
2017-05-17,3390.0,2563.592041015625,3000.0,3250.0,4340.0,3080.0,8350.0,23100.0,9550.0,8700.0,8475.0,1500.0,705.0,2115.0,14850.0
2017-05-18,3480.0,2563.592041015625,3037.5,3262.5,4310.0,3030.0,8500.0,23450.0,9515.0,8700.0,8450.0,1535.0,695.0,2120.0,15300.0
2017-05-19,3580.0,2636.318115234375,3225.0,3350.0,4530.0,3060.0,8750.0,24150.0,9750.0,9100.0,8650.0,1580.0,700.0,2160.0,15750.0
2017-05-22,3530.0,2659.044921875,3131.25,3412.5,4470.0,2990.0,8775.0,24400.0,9490.0,8750.0,8700.0,1570.0,695.0,2150.0,15175.0
2017-05-23,3540.0,2631.772705078125,3062.5,3287.5,4400.0,3000.0,8700.0,24600.0,9730.0,8825.0,8800.0,1545.0,705.0,2155.0,15400.0
2017-05-24,3495.0,2572.682861328125,3100.0,3262.5,4360.0,3040.0,8725.0,24100.0,9545.0,8825.0,8800.0,1515.0,705.0,2150.0,15350.0
2017-05-26,3515.0,2586.31884765625,3037.5,3237.5,4470.0,2960.0,8750.0,24575.0,9540.0,8800.0,8750.0,1505.0,700.0,2150.0,16000.0
2017-05-29,3555.0,2581.773681640625,3087.5,3262.5,4390.0,3080.0,8700.0,26025.0,9465.0,8825.0,8850.0,1530.0,750.0,2145.0,15800.0
2017-05-30,3520.0,2581.773681640625,3106.25,3262.5,4330.0,3000.0,8675.0,27075.0,9200.0,8675.0,8775.0,1525.0,735.0,2130.0,15875.0
2017-05-31,3430.0,2631.772705078125,3150.0,3275.0,4350.0,2960.0,8750.0,27775.0,9235.0,8700.0,8750.0,1540.0,775.0,2180.0,15200.0
2017-06-01,3430.0,2631.772705078125,3150.0,3275.0,4350.0,2960.0,8750.0,27775.0,9235.0,8700.0,8750.0,1540.0,775.0,2180.0,15200.0
2017-06-02,3510.0,2681.77197265625,3150.0,3225.0,4380.0,3040.0,9000.0,26550.0,9380.0,8700.0,8825.0,1550.0,760.0,2160.0,15525.0
2017-06-05,3545.0,2731.77099609375,3168.75,3237.5,4340.0,3210.0,9000.0,26550.0,9435.0,8800.0,8875.0,1555.0,725.0,2165.0,15750.0
2017-06-06,3510.0,2668.1357421875,3125.0,3250.0,4310.0,3340.0,8875.0,26950.0,9365.0,8750.0,8875.0,1555.0,720.0,2210.0,16350.0
2017-06-07,3560.0,2713.589599609375,3100.0,3237.5,4320.0,3410.0,8900.0,27150.0,9440.0,8725.0,8925.0,1560.0,720.0,2275.0,17000.0
2017-06-08,3585.0,2663.59033203125,3081.25,3225.0,4300.0,3280.0,8825.0,27200.0,9510.0,8475.0,8600.0,1570.0,715.0,2240.0,17450.0
2017-06-09,3540.0,2613.59130859375,3056.25,3200.0,4330.0,3350.0,8650.0,26500.0,9510.0,8400.0,8500.0,1550.0,715.0,2250.0,17175.0
2017-06-12,3550.0,2659.044921875,3056.25,3225.0,4330.0,3380.0,8725.0,27075.0,9440.0,8475.0,8475.0,1535.0,705.0,2210.0,17100.0
2017-06-13,3575.0,2631.772705078125,3062.5,3225.0,4360.0,3200.0,8800.0,27325.0,9580.0,8500.0,8475.0,1550.0,725.0,2240.0,17200.0
2017-06-14,3595.0,2699.953369140625,3125.0,3250.0,4360.0,3410.0,9150.0,27700.0,9700.0,8750.0,8550.0,1565.0,740.0,2310.0,18075.0
2017-06-15,3610.0,2668.1357421875,3125.0,3287.5,4360.0,3280.0,8900.0,27475.0,9770.0,8750.0,8500.0,1570.0,725.0,2280.0,17525.0
2017-06-16,3560.0,2668.1357421875,3118.75,3250.0,4370.0,3160.0,8725.0,26500.0,9560.0,8750.0,8325.0,1575.0,720.0,2280.0,17000.0
2017-06-19,3585.0,2690.862548828125,3118.75,3275.0,4400.0,3230.0,8725.0,26450.0,9520.0,8675.0,8325.0,1590.0,705.0,2285.0,17225.0
2017-06-20,3620.0,2722.68017578125,3131.25,3350.0,4490.0,3240.0,8950.0,27000.0,9650.0,8775.0,8500.0,1605.0,710.0,2370.0,17550.0
2017-06-21,3640.0,2781.77001953125,3175.0,3312.5,4520.0,3360.0,8900.0,27200.0,9800.0,8800.0,8500.0,1625.0,695.0,2370.0,17850.0
2017-06-22,3630.0,2772.679443359375,3187.5,3300.0,4520.0,3410.0,8925.0,27450.0,9760.0,8800.0,8600.0,1625.0,695.0,2390.0,17300.0
2017-06-23,3630.0,2772.679443359375,3187.5,3300.0,4520.0,3410.0,8925.0,27450.0,9760.0,8800.0,8600.0,1625.0,695.0,2390.0,17300.0
2017-06-26,3630.0,2772.679443359375,3187.5,3300.0,4520.0,3410.0,8925.0,27450.0,9760.0,8800.0,8600.0,1625.0,695.0,2390.0,17300.0
2017-06-27,3630.0,2772.679443359375,3187.5,3300.0,4520.0,3410.0,8925.0,27450.0,9760.0,8800.0,8600.0,1625.0,695.0,2390.0,17300.0
2017-06-28,3630.0,2772.679443359375,3187.5,3300.0,4520.0,3410.0,8925.0,27450.0,9760.0,8800.0,8600.0,1625.0,695.0,2390.0,17300.0
2017-06-29,3630.0,2772.679443359375,3187.5,3300.0,4520.0,3410.0,8925.0,27450.0,9760.0,8800.0,8600.0,1625.0,695.0,2390.0,17300.0
2017-06-30,3630.0,2772.679443359375,3187.5,3300.0,4520.0,3410.0,8925.0,27450.0,9760.0,8800.0,8600.0,1625.0,695.0,2390.0,17300.0
2017-07-03,3700.0,2818.133056640625,3375.0,3300.0,4790.0,3310.0,8775.0,28850.0,9890.0,8800.0,8775.0,1655.0,700.0,2410.0,17800.0
2017-07-04,3710.0,2781.77001953125,3375.0,3287.5,4590.0,3290.0,8775.0,28500.0,9750.0,8800.0,8750.0,1655.0,705.0,2480.0,17650.0
2017-07-05,3670.0,2763.588623046875,3331.25,3325.0,4580.0,3250.0,8800.0,27825.0,9700.0,8675.0,8750.0,1640.0,700.0,2420.0,17650.0
2017-07-06,3645.0,2736.31640625,3331.25,3387.5,4650.0,3210.0,8800.0,28100.0,9780.0,8525.0,8750.0,1640.0,695.0,2450.0,18300.0
2017-07-07,3700.0,2736.31640625,3312.5,3362.5,4630.0,3200.0,8775.0,27200.0,9620.0,8500.0,8750.0,1625.0,710.0,2480.0,18250.0
2017-07-10,3660.0,2677.2265625,3275.0,3425.0,4570.0,3130.0,8775.0,27625.0,9345.0,8500.0,8600.0,1585.0,705.0,2480.0,18225.0
2017-07-11,3665.0,2659.044921875,3243.75,3450.0,4600.0,3220.0,8725.0,27975.0,9500.0,8475.0,8675.0,1595.0,695.0,2410.0,18650.0
2017-07-12,3685.0,2695.407958984375,3306.25,3500.0,4620.0,3300.0,8725.0,27925.0,9660.0,8525.0,8700.0,1600.0,700.0,2500.0,19325.0
2017-07-13,3700.0,2709.044189453125,3350.0,3512.5,4600.0,3300.0,8725.0,28000.0,9700.0,8600.0,8750.0,1610.0,700.0,2480.0,19675.0
2017-07-14,3680.0,2690.862548828125,3387.5,3550.0,4600.0,3300.0,8725.0,28000.0,9720.0,8700.0,8775.0,1640.0,695.0,2500.0,19650.0
2017-07-17,3660.0,2727.2255859375,3393.75,3512.5,4650.0,3290.0,8725.0,27950.0,9665.0,8650.0,8775.0,1645.0,720.0,2590.0,19950.0
2017-07-18,3670.0,2709.044189453125,3381.25,3500.0,4630.0,3250.0,8675.0,27975.0,9530.0,8625.0,8775.0,1650.0,715.0,2575.0,19400.0
2017-07-19,3695.0,2677.2265625,3331.25,3500.0,4600.0,3230.0,8475.0,28550.0,9500.0,8500.0,8675.0,1675.0,725.0,2640.0,21100.0
2017-07-20,3690.0,2677.2265625,3375.0,3475.0,4630.0,3230.0,8550.0,28850.0,9655.0,8500.0,8775.0,1675.0,715.0,2660.0,21600.0
2017-07-21,3645.0,2668.1357421875,3262.5,3475.0,4560.0,3150.0,8200.0,28825.0,9545.0,8475.0,8575.0,1680.0,705.0,2630.0,21150.0
2017-07-24,3715.0,2668.1357421875,3318.75,3525.0,4650.0,3200.0,8225.0,28300.0,9670.0,8650.0,8725.0,1700.0,700.0,2600.0,20950.0
2017-07-25,3715.0,2690.862548828125,3337.5,3550.0,4720.0,3280.0,8100.0,28900.0,9610.0,8675.0,8725.0,1710.0,700.0,2620.0,20500.0
2017-07-26,3755.0,2686.317138671875,3337.5,3575.0,4700.0,3210.0,8100.0,28850.0,9550.0,8625.0,8625.0,1700.0,720.0,2590.0,20750.0
2017-07-27,3760.0,2672.68115234375,3343.75,3650.0,4650.0,3300.0,8075.0,28950.0,9560.0,8600.0,8600.0,1710.0,715.0,2595.0,20500.0
2017-07-28,3760.0,2636.318115234375,3343.75,3675.0,4700.0,3300.0,7950.0,29350.0,9675.0,8475.0,8600.0,1720.0,690.0,2635.0,20525.0
2017-07-31,3740.0,2686.317138671875,3412.5,3725.0,4690.0,3360.0,7975.0,30100.0,9790.0,8350.0,8375.0,1735.0,690.0,2620.0,20000.0
2017-08-01,3785.0,2690.862548828125,3350.0,3625.0,4770.0,3470.0,7850.0,30500.0,9695.0,8325.0,8300.0,1690.0,690.0,2675.0,20925.0
2017-08-02,3785.0,2718.134765625,3318.75,3637.5,4800.0,3600.0,7825.0,30400.0,9695.0,8300.0,8300.0,1730.0,685.0,2690.0,20800.0
2017-08-03,3750.0,2699.953369140625,3281.25,3587.5,4700.0,3570.0,7775.0,29200.0,9540.0,8300.0,8250.0,1735.0,680.0,2665.0,20400.0
2017-08-04,3715.0,2713.589599609375,3268.75,3637.5,4670.0,3430.0,7775.0,29200.0,9515.0,8300.0,8225.0,1775.0,660.0,2705.0,20600.0
2017-08-07,3725.0,2709.044189453125,3293.75,3587.5,4670.0,3390.0,7900.0,28700.0,9415.0,8275.0,8200.0,1695.0,650.0,2750.0,20600.0
2017-08-08,3800.0,2718.134765625,3356.25,3612.5,4690.0,3520.0,8000.0,29200.0,9485.0,8350.0,8400.0,1740.0,670.0,2710.0,20150.0
2017-08-09,3795.0,2731.77099609375,3350.0,3637.5,4710.0,3420.0,8000.0,29825.0,9620.0,8350.0,8400.0,1740.0,695.0,2620.0,20225.0
2017-08-10,3765.0,2727.2255859375,3331.25,3637.5,4710.0,3450.0,7925.0,30425.0,9605.0,8300.0,8450.0,1740.0,700.0,2695.0,20150.0
2017-08-11,3735.0,2727.2255859375,3300.0,3637.5,4680.0,3390.0,7775.0,29600.0,9500.0,8350.0,8250.0,1725.0,690.0,2660.0,19950.0
2017-08-14,3750.0,2740.86181640625,3312.5,3650.0,4710.0,3400.0,7850.0,29900.0,9650.0,8350.0,8250.0,1725.0,685.0,2645.0,19950.0
2017-08-15,3735.0,2736.31640625,3325.0,3700.0,4730.0,3490.0,7825.0,30175.0,9660.0,8400.0,8325.0,1720.0,680.0,2630.0,20425.0
2017-08-16,3780.0,2772.679443359375,3331.25,3700.0,4770.0,3460.0,7850.0,29975.0,9870.0,8675.0,8375.0,1755.0,680.0,2630.0,20500.0
2017-08-17,3780.0,2772.679443359375,3331.25,3700.0,4770.0,3460.0,7850.0,29975.0,9870.0,8675.0,8375.0,1755.0,680.0,2630.0,20500.0
2017-08-18,3740.0,2754.497802734375,3275.0,3700.0,4780.0,3440.0,7900.0,29475.0,9895.0,8700.0,8400.0,1750.0,685.0,2630.0,20575.0
2017-08-21,3760.0,2777.224853515625,3300.0,3700.0,4770.0,3380.0,7875.0,28900.0,9665.0,8675.0,8300.0,1760.0,715.0,2580.0,20025.0
2017-08-22,3760.0,2781.77001953125,3312.5,3700.0,4790.0,3420.0,7925.0,29550.0,9855.0,8725.0,8325.0,1775.0,725.0,2620.0,20025.0
2017-08-23,3830.0,2781.77001953125,3318.75,3700.0,4800.0,3590.0,7975.0,29500.0,9985.0,8725.0,8350.0,1755.0,720.0,2630.0,20100.0
2017-08-24,3790.0,2768.134033203125,3300.0,3712.5,4780.0,3510.0,7975.0,30475.0,9900.0,8600.0,8400.0,1725.0,740.0,2640.0,20225.0
2017-08-25,3820.0,2781.77001953125,3293.75,3712.5,4770.0,3660.0,8000.0,30350.0,9990.0,8850.0,8600.0,1725.0,720.0,2620.0,20025.0
2017-08-28,3815.0,2768.134033203125,3306.25,3687.5,4750.0,3630.0,8000.0,30600.0,9960.0,8800.0,8625.0,1720.0,715.0,2575.0,19750.0
2017-08-29,3815.0,2722.68017578125,3275.0,3675.0,4730.0,3630.0,7900.0,30600.0,10100.0,8675.0,8675.0,1745.0,730.0,2595.0,19200.0
2017-08-30,3820.0,2740.86181640625,3275.0,3675.0,4740.0,3640.0,7875.0,30300.0,10100.0,8650.0,8675.0,1715.0,755.0,2485.0,18550.0
2017-08-31,3790.0,2749.952392578125,3275.0,3675.0,4690.0,3600.0,7875.0,30300.0,10110.0,8725.0,8375.0,1710.0,740.0,2475.0,19450.0
2017-09-01,3790.0,2749.952392578125,3275.0,3675.0,4690.0,3600.0,7875.0,30300.0,10110.0,8725.0,8375.0,1710.0,740.0,2475.0,19450.0
2017-09-04,3775.0,2704.498779296875,3262.5,3600.0,4680.0,3700.0,7750.0,29700.0,10195.0,8675.0,8375.0,1695.0,710.0,2340.0,19000.0
2017-09-05,3800.0,2727.2255859375,3268.75,3612.5,4650.0,3730.0,7800.0,30400.0,10200.0,8575.0,8375.0,1715.0,710.0,2430.0,19050.0
2017-09-06,3780.0,2699.953369140625,3237.5,3600.0,4710.0,3850.0,7825.0,30325.0,10120.0,8775.0,8375.0,1695.0,705.0,2455.0,19350.0
2017-09-07,3790.0,2727.2255859375,3256.25,3650.0,4700.0,3810.0,7650.0,31975.0,10120.0,8725.0,8525.0,1700.0,695.0,2420.0,19150.0
2017-09-08,3770.0,2727.2255859375,3318.75,3612.5,4720.0,3820.0,7825.0,31600.0,10160.0,8725.0,8650.0,1730.0,700.0,2475.0,19650.0
2017-09-11,3780.0,2718.134765625,3300.0,3612.5,4710.0,3820.0,7900.0,31850.0,10105.0,8700.0,8600.0,1725.0,690.0,2470.0,20450.0
2017-09-12,3805.0,2713.589599609375,3300.0,3625.0,4720.0,3870.0,7900.0,31600.0,10120.0,8775.0,8700.0,1725.0,680.0,2435.0,20175.0
2017-09-13,3810.0,2709.044189453125,3287.5,3625.0,4690.0,3950.0,7900.0,30375.0,10240.0,8775.0,8575.0,1720.0,670.0,2015.0,19350.0
2017-09-14,3820.0,2695.407958984375,3275.0,3625.0,4670.0,4020.0,7900.0,30000.0,10220.0,8725.0,8525.0,1725.0,680.0,1995.0,19500.0
2017-09-15,3775.0,2699.953369140625,3312.5,3637.5,4690.0,4000.0,7850.0,31050.0,10185.0,8700.0,8500.0,1725.0,680.0,1925.0,19700.0
2017-09-18,3795.0,2727.2255859375,3287.5,3625.0,4710.0,3970.0,7850.0,30700.0,10200.0,8775.0,8475.0,1750.0,680.0,2075.0,20100.0
2017-09-19,3815.0,2731.77099609375,3300.0,3675.0,4710.0,3850.0,7925.0,31100.0,10200.0,8825.0,8575.0,1750.0,675.0,2090.0,20200.0
2017-09-20,3810.0,2731.77099609375,3300.0,3687.5,4690.0,3800.0,7825.0,31975.0,10200.0,8850.0,8725.0,1735.0,680.0,2085.0,19725.0
2017-09-21,3810.0,2731.77099609375,3300.0,3687.5,4690.0,3800.0,7825.0,31975.0,10200.0,8850.0,8725.0,1735.0,680.0,2085.0,19725.0
2017-09-22,3975.0,2849.95068359375,3300.0,3737.5,4640.0,3850.0,7775.0,30675.0,10000.0,8875.0,8525.0,1740.0,675.0,2055.0,19750.0
2017-09-25,3935.0,2849.95068359375,3287.5,3750.0,4650.0,3780.0,7800.0,30275.0,9940.0,8900.0,8625.0,1705.0,650.0,1995.0,19500.0
2017-09-26,3930.0,2827.223876953125,3275.0,3700.0,4690.0,3780.0,7800.0,31000.0,9870.0,8800.0,8525.0,1680.0,645.0,1980.0,18750.0
2017-09-27,3950.0,2772.679443359375,3300.0,3637.5,4700.0,3770.0,7825.0,30425.0,10000.0,8825.0,8550.0,1740.0,625.0,1845.0,18725.0
2017-09-28,3965.0,2672.68115234375,3287.5,3650.0,4710.0,3700.0,7700.0,31400.0,9840.0,8725.0,8400.0,1670.0,630.0,2000.0,19450.0
2017-09-29,4060.0,2777.224853515625,3362.5,3700.0,4680.0,3740.0,7900.0,32000.0,9795.0,8725.0,8425.0,1665.0,640.0,2090.0,20250.0
2017-10-02,4065.0,2772.679443359375,3350.0,3737.5,4680.0,3700.0,7925.0,32100.0,10030.0,8875.0,8550.0,1675.0,640.0,2010.0,19600.0
2017-10-03,4070.0,2786.3154296875,3350.0,3825.0,4690.0,3640.0,8000.0,33000.0,10165.0,8700.0,8600.0,1675.0,645.0,2120.0,19575.0
2017-10-04,4065.0,2777.224853515625,3325.0,3812.5,4690.0,3680.0,8000.0,33550.0,10180.0,8775.0,8600.0,1725.0,650.0,2130.0,19875.0
2017-10-05,4055.0,2786.3154296875,3300.0,3750.0,4660.0,3660.0,7950.0,32175.0,10020.0,8675.0,8425.0,1680.0,645.0,2165.0,20075.0
2017-10-06,4090.0,2795.40625,3300.0,3712.5,4660.0,3680.0,7975.0,32525.0,9995.0,8650.0,8400.0,1685.0,650.0,2220.0,20250.0
2017-10-09,4070.0,2795.40625,3300.0,3687.5,4620.0,3640.0,7975.0,33125.0,9960.0,8700.0,8400.0,1710.0,650.0,2200.0,20350.0
2017-10-10,4075.0,2777.224853515625,3350.0,3650.0,4530.0,3630.0,7975.0,34250.0,9865.0,8700.0,8425.0,1725.0,660.0,2170.0,20375.0
2017-10-11,4075.0,2777.224853515625,3362.5,3650.0,4400.0,3460.0,8025.0,34250.0,9775.0,8725.0,8375.0,1730.0,640.0,2255.0,20775.0
2017-10-12,4160.0,2795.40625,3412.5,3750.0,4440.0,3530.0,8200.0,34700.0,9800.0,8700.0,8400.0,1700.0,650.0,2240.0,21150.0
2017-10-13,4135.0,2790.86083984375,3387.5,3812.5,4430.0,3530.0,8475.0,34250.0,9850.0,8825.0,8325.0,1700.0,645.0,2215.0,20800.0
2017-10-16,4145.0,2790.86083984375,3462.5,3762.5,4450.0,3540.0,8375.0,34450.0,9840.0,8700.0,8325.0,1700.0,655.0,2130.0,21400.0
2017-10-17,4100.0,2799.95166015625,3512.5,3775.0,4400.0,3530.0,8250.0,34025.0,10000.0,8850.0,8250.0,1700.0,650.0,2150.0,21700.0
2017-10-18,4040.0,2799.95166015625,3537.5,3825.0,4300.0,3400.0,8050.0,34900.0,9995.0,8875.0,8325.0,1700.0,655.0,2185.0,21550.0
2017-10-19,4065.0,2818.133056640625,3487.5,3837.5,4210.0,3370.0,7925.0,34350.0,9935.0,8925.0,8150.0,1700.0,660.0,2200.0,22375.0
2017-10-20,4070.0,2840.860107421875,3550.0,3825.0,4270.0,3400.0,8000.0,33000.0,9910.0,8725.0,8225.0,1700.0,660.0,2120.0,22350.0
2017-10-23,4200.0,2840.860107421875,3475.0,3775.0,4250.0,3400.0,8050.0,32150.0,9830.0,8850.0,8350.0,1685.0,645.0,2140.0,22700.0
2017-10-24,4120.0,2813.587646484375,3412.5,3775.0,4230.0,3230.0,8175.0,32050.0,9830.0,8725.0,8400.0,1660.0,645.0,2160.0,23000.0
2017-10-25,4210.0,2836.314697265625,3500.0,3800.0,4090.0,3400.0,8150.0,34950.0,9900.0,8875.0,8475.0,1660.0,645.0,2145.0,22700.0
2017-10-26,4155.0,2840.860107421875,3512.5,3800.0,4160.0,3330.0,8000.0,33300.0,9905.0,8900.0,8475.0,1600.0,655.0,2205.0,21500.0
2017-10-27,4060.0,2836.314697265625,3475.0,3850.0,4150.0,3380.0,7900.0,32675.0,9830.0,8900.0,8250.0,1620.0,645.0,2185.0,21275.0
2017-10-30,4085.0,2827.223876953125,3537.5,3800.0,4080.0,3310.0,8000.0,34100.0,9830.0,8825.0,8150.0,1620.0,645.0,2285.0,22175.0
2017-10-31,4180.0,2836.314697265625,3525.0,3800.0,4030.0,3380.0,8000.0,34675.0,9920.0,8800.0,8200.0,1600.0,645.0,2295.0,22200.0
2017-11-01,4265.0,2854.49609375,3550.0,3962.5,3950.0,3500.0,8075.0,36250.0,9920.0,8850.0,8200.0,1600.0,710.0,2335.0,22800.0
2017-11-02,4295.0,2899.949951171875,3637.5,3912.5,4030.0,3560.0,8150.0,35500.0,9815.0,8625.0,8100.0,1590.0,670.0,2315.0,22500.0
2017-11-03,4205.0,2909.040771484375,3625.0,3875.0,4090.0,3560.0,8100.0,35300.0,9975.0,8850.0,8225.0,1610.0,670.0,2310.0,22500.0
2017-11-06,4200.0,2954.494384765625,3612.5,3850.0,4190.0,3550.0,8075.0,35300.0,9835.0,8750.0,8200.0,1610.0,670.0,2280.0,21475.0
2017-11-07,4210.0,2945.403564453125,3562.5,3975.0,4190.0,3570.0,8200.0,35775.0,9870.0,8575.0,8125.0,1620.0,695.0,2410.0,21525.0
2017-11-08,4160.0,2990.857421875,3587.5,3937.5,4100.0,3520.0,8300.0,34250.0,9890.0,8500.0,8075.0,1600.0,705.0,2350.0,21175.0
2017-11-09,4160.0,2990.857421875,3537.5,3987.5,4160.0,3520.0,8275.0,34100.0,9860.0,8500.0,7950.0,1600.0,710.0,2360.0,21150.0
2017-11-10,4130.0,2981.7666015625,3525.0,3987.5,4120.0,3500.0,8350.0,32725.0,9835.0,8525.0,8025.0,1600.0,705.0,2375.0,21500.0
2017-11-13,4095.0,2963.585205078125,3525.0,3925.0,4100.0,3500.0,8350.0,32875.0,9845.0,8550.0,7950.0,1600.0,685.0,2400.0,20975.0
2017-11-14,4095.0,2881.768310546875,3475.0,3937.5,4080.0,3360.0,8300.0,33525.0,9795.0,8550.0,7950.0,1600.0,680.0,2360.0,20575.0
2017-11-15,4205.0,2854.49609375,3487.5,3837.5,4130.0,3330.0,8175.0,32700.0,9795.0,8575.0,7875.0,1595.0,660.0,2245.0,20000.0
2017-11-16,4205.0,2918.13134765625,3550.0,3937.5,4200.0,3250.0,8250.0,33200.0,9850.0,8750.0,7750.0,1600.0,660.0,2225.0,20450.0
2017-11-17,4235.0,2990.857421875,3662.5,4087.5,4200.0,3210.0,8200.0,33075.0,9930.0,8950.0,7800.0,1620.0,660.0,2240.0,20400.0
2017-11-20,4205.0,3036.311279296875,3712.5,3987.5,4150.0,3190.0,8200.0,32200.0,9885.0,8925.0,7800.0,1630.0,665.0,2235.0,20225.0
2017-11-21,4225.0,2981.7666015625,3700.0,3962.5,4200.0,3090.0,8125.0,31575.0,9880.0,8900.0,7725.0,1650.0,665.0,2155.0,19700.0
2017-11-22,4235.0,3090.855712890625,3687.5,4125.0,4200.0,3000.0,8450.0,32500.0,9890.0,8825.0,7725.0,1640.0,660.0,2210.0,20000.0
2017-11-23,4200.0,3054.49267578125,3725.0,4112.5,4250.0,3070.0,8475.0,32375.0,9870.0,8725.0,7800.0,1635.0,660.0,2180.0,19825.0
2017-11-24,4200.0,3045.40185546875,3725.0,4112.5,4320.0,3010.0,8550.0,31800.0,9960.0,8550.0,7700.0,1655.0,660.0,2160.0,19650.0
2017-11-27,4260.0,2999.9482421875,3712.5,4075.0,4300.0,2900.0,8525.0,31800.0,10080.0,8675.0,7825.0,1675.0,655.0,2180.0,19800.0
2017-11-28,4260.0,3072.67431640625,3712.5,4200.0,4240.0,2980.0,8375.0,32400.0,10200.0,8675.0,7700.0,1640.0,650.0,2170.0,19800.0
2017-11-29,4235.0,2999.9482421875,3700.0,4200.0,4200.0,3130.0,8350.0,33900.0,10045.0,8775.0,7600.0,1635.0,665.0,2250.0,20700.0
2017-11-30,4070.0,2918.13134765625,3700.0,4050.0,4150.0,3080.0,7975.0,33500.0,9860.0,8450.0,7325.0,1600.0,665.0,2250.0,21150.0
2017-12-01,4070.0,2918.13134765625,3700.0,4050.0,4150.0,3080.0,7975.0,33500.0,9860.0,8450.0,7325.0,1600.0,665.0,2250.0,21150.0
2017-12-04,4160.0,2999.9482421875,3725.0,4112.5,4200.0,2960.0,8100.0,33000.0,9860.0,8750.0,7300.0,1610.0,650.0,2295.0,21125.0
2017-12-05,4200.0,3045.40185546875,3737.5,4225.0,4200.0,3010.0,8200.0,32725.0,9930.0,8650.0,7300.0,1610.0,630.0,2240.0,21100.0
2017-12-06,4260.0,3145.400146484375,3737.5,4262.5,4200.0,2980.0,8350.0,32675.0,9930.0,8850.0,7325.0,1645.0,610.0,2220.0,21300.0
2017-12-07,4195.0,3072.67431640625,3675.0,4262.5,4200.0,2950.0,8300.0,33000.0,10060.0,8675.0,7325.0,1655.0,605.0,2190.0,21200.0
2017-12-08,4225.0,3063.58349609375,3737.5,4425.0,4140.0,2940.0,8250.0,32900.0,10180.0,8775.0,7375.0,1675.0,625.0,2210.0,21100.0
2017-12-11,4215.0,3127.21875,3737.5,4450.0,4140.0,2900.0,8400.0,32450.0,10200.0,8700.0,7375.0,1640.0,605.0,2185.0,20775.0
2017-12-12,4250.0,3136.3095703125,3725.0,4400.0,4170.0,3070.0,8200.0,32000.0,10220.0,8800.0,7350.0,1655.0,605.0,2200.0,20775.0
2017-12-13,4185.0,3136.3095703125,3737.5,4550.0,4200.0,3090.0,8100.0,33100.0,10200.0,8775.0,7475.0,1660.0,620.0,2240.0,20700.0
2017-12-14,4220.0,3145.400146484375,3737.5,4612.5,4250.0,3050.0,8325.0,33375.0,10200.0,8800.0,7525.0,1695.0,635.0,2240.0,20800.0
2017-12-15,4220.0,3081.764892578125,3712.5,4687.5,4230.0,3000.0,8300.0,33050.0,10425.0,8725.0,7450.0,1665.0,630.0,2280.0,20450.0
2017-12-18,4220.0,3081.764892578125,3750.0,4650.0,4240.0,2990.0,8175.0,33100.0,10595.0,8925.0,7500.0,1685.0,635.0,2260.0,20350.0
2017-12-19,4220.0,3127.21875,3737.5,4762.5,4190.0,2950.0,8175.0,33400.0,10820.0,8875.0,7650.0,1685.0,645.0,2460.0,20500.0
2017-12-20,4185.0,3090.855712890625,3725.0,4762.5,4160.0,2840.0,8000.0,32825.0,10600.0,8925.0,7550.0,1675.0,630.0,2460.0,20000.0
2017-12-21,4220.0,3109.037109375,3812.5,4925.0,4250.0,2880.0,8100.0,33725.0,10710.0,9075.0,7600.0,1645.0,625.0,2550.0,20300.0
2017-12-22,4300.0,3145.400146484375,3837.5,4925.0,4300.0,2880.0,8200.0,34250.0,10825.0,9000.0,7625.0,1650.0,630.0,2520.0,20400.0
2017-12-25,4300.0,3145.400146484375,3837.5,4925.0,4300.0,2880.0,8200.0,34250.0,10825.0,9000.0,7625.0,1650.0,630.0,2520.0,20400.0
2017-12-26,4300.0,3145.400146484375,3837.5,4925.0,4300.0,2880.0,8200.0,34250.0,10825.0,9000.0,7625.0,1650.0,630.0,2520.0,20400.0
2017-12-27,4305.0,3227.217041015625,4000.0,4950.0,4300.0,2890.0,8150.0,34575.0,10825.0,9000.0,7625.0,1685.0,635.0,2510.0,20775.0
2017-12-28,4385.0,3299.943115234375,3975.0,4962.5,4390.0,2970.0,8050.0,34600.0,10880.0,8900.0,7700.0,1685.0,620.0,2500.0,20450.0
2017-12-29,4380.0,3309.03369140625,4000.0,4950.0,4440.0,2960.0,8300.0,35400.0,11180.0,8900.0,7625.0,1690.0,625.0,2460.0,20700.0
2018-01-01,4380.0,3309.03369140625,4000.0,4950.0,4440.0,2960.0,8300.0,35400.0,11180.0,8900.0,7625.0,1690.0,625.0,2460.0,20700.0
2018-01-02,4380.0,3299.943115234375,3925.0,4887.5,4410.0,2880.0,8200.0,34150.0,11175.0,9100.0,7550.0,1730.0,635.0,2500.0,20475.0
2018-01-03,4380.0,3281.761474609375,3850.0,4712.5,4230.0,2920.0,8050.0,33075.0,10800.0,9100.0,7650.0,1695.0,630.0,2440.0,19975.0
2018-01-04,4445.0,3227.217041015625,3912.5,4700.0,4220.0,2920.0,8225.0,34000.0,10680.0,9125.0,7725.0,1745.0,640.0,2480.0,20100.0
2018-01-05,4450.0,3263.580078125,3912.5,4650.0,4280.0,3010.0,8300.0,35425.0,10800.0,9275.0,7675.0,1760.0,655.0,2610.0,21075.0
2018-01-08,4470.0,3263.580078125,3962.5,4650.0,4260.0,3210.0,8300.0,35700.0,10880.0,9000.0,7850.0,1785.0,650.0,2670.0,22975.0
2018-01-09,4505.0,3245.3984375,3950.0,4650.0,4200.0,3350.0,8175.0,35900.0,10700.0,8875.0,7825.0,1780.0,655.0,2730.0,23275.0
2018-01-10,4490.0,3209.035400390625,3950.0,4637.5,4190.0,3230.0,8275.0,36900.0,10840.0,8725.0,7825.0,1740.0,650.0,2720.0,23850.0
2018-01-11,4540.0,3218.126220703125,4037.5,4637.5,4170.0,3290.0,8250.0,36850.0,10875.0,8725.0,7875.0,1750.0,650.0,2800.0,23700.0
2018-01-12,4485.0,3218.126220703125,4050.0,4637.5,4130.0,3200.0,8175.0,37025.0,10850.0,8850.0,7850.0,1695.0,665.0,2890.0,23750.0
2018-01-15,4495.0,3227.217041015625,4100.0,4750.0,4120.0,3180.0,8175.0,37175.0,10920.0,8850.0,7800.0,1680.0,660.0,3030.0,24850.0
2018-01-16,4520.0,3281.761474609375,4112.5,4800.0,4210.0,3220.0,8225.0,37325.0,11000.0,8850.0,7900.0,1745.0,705.0,3060.0,25500.0
2018-01-17,4430.0,3299.943115234375,4050.0,4800.0,4200.0,3220.0,8200.0,37700.0,10870.0,8875.0,7950.0,1730.0,730.0,3020.0,25900.0
2018-01-18,4515.0,3290.852294921875,4062.5,4750.0,4170.0,3200.0,8300.0,37200.0,10870.0,8875.0,7900.0,1735.0,740.0,3040.0,25825.0
2018-01-19,4490.0,3290.852294921875,4037.5,4712.5,4160.0,3150.0,8350.0,37400.0,10890.0,8700.0,7925.0,1705.0,760.0,3120.0,26550.0
2018-01-22,4495.0,3318.12451171875,4037.5,4700.0,4130.0,3000.0,8250.0,38525.0,10880.0,8700.0,8075.0,1695.0,775.0,3300.0,28475.0
2018-01-23,4530.0,3563.57470703125,4087.5,4825.0,4090.0,3110.0,8525.0,40425.0,11100.0,8850.0,8125.0,1735.0,800.0,3320.0,28500.0
2018-01-24,4515.0,3481.758056640625,4125.0,4862.5,3980.0,3090.0,8725.0,40000.0,11120.0,8850.0,8075.0,1725.0,780.0,3330.0,29750.0
2018-01-25,4515.0,3427.213623046875,4075.0,4800.0,3970.0,3010.0,8725.0,39975.0,11005.0,8825.0,8000.0,1725.0,845.0,3340.0,30325.0
2018-01-26,4540.0,3499.939453125,4100.0,4800.0,4150.0,3130.0,8625.0,39650.0,10910.0,8825.0,8075.0,1695.0,855.0,3330.0,30050.0
2018-01-29,4560.0,3454.48583984375,4087.5,4750.0,4070.0,3130.0,8650.0,39800.0,11080.0,8875.0,8075.0,1695.0,905.0,3430.0,31300.0
2018-01-30,4560.0,3381.759765625,4025.0,4612.5,3970.0,3020.0,8425.0,38500.0,10975.0,8700.0,7800.0,1660.0,910.0,3400.0,30100.0
2018-01-31,4545.0,3363.578369140625,4075.0,4700.0,3990.0,2990.0,8500.0,38900.0,10880.0,8725.0,7750.0,1665.0,915.0,3400.0,30300.0
2018-02-01,4675.0,3363.578369140625,4100.0,4662.5,3980.0,2940.0,8575.0,38800.0,10880.0,8700.0,7700.0,1685.0,910.0,3340.0,30800.0
2018-02-02,4795.0,3399.941162109375,4062.5,4650.0,4000.0,3000.0,8700.0,39200.0,11005.0,8800.0,7775.0,1660.0,905.0,3300.0,29600.0
2018-02-05,4760.0,3436.30419921875,4062.5,4637.5,4010.0,2940.0,8525.0,38575.0,10825.0,8750.0,7800.0,1655.0,870.0,3300.0,29600.0
2018-02-06,4705.0,3345.396728515625,4012.5,4537.5,3940.0,2900.0,8425.0,37700.0,10780.0,8750.0,7650.0,1640.0,850.0,3170.0,29100.0
2018-02-07,4700.0,3363.578369140625,4062.5,4775.0,3980.0,2960.0,8450.0,38500.0,10935.0,8825.0,7925.0,1680.0,870.0,3170.0,28800.0
2018-02-08,4740.0,3381.759765625,4087.5,4750.0,4020.0,2910.0,8375.0,38750.0,10875.0,8950.0,7850.0,1670.0,855.0,3130.0,29000.0
2018-02-09,4715.0,3372.6689453125,4112.5,4712.5,3950.0,2860.0,8200.0,38600.0,11080.0,8925.0,7750.0,1645.0,830.0,3050.0,28300.0
2018-02-12,4700.0,3454.48583984375,4100.0,4762.5,3960.0,2860.0,8200.0,37650.0,11000.0,8900.0,7775.0,1630.0,855.0,3090.0,28400.0
2018-02-13,4760.0,3527.2119140625,4137.5,4850.0,4040.0,2960.0,8275.0,37650.0,10985.0,8900.0,7750.0,1620.0,875.0,3270.0,28900.0
2018-02-14,4740.0,3509.0302734375,4150.0,4850.0,4040.0,2910.0,8375.0,37725.0,10900.0,8950.0,7825.0,1620.0,885.0,3230.0,29175.0
2018-02-15,4690.0,3490.848876953125,4150.0,4812.5,4010.0,2910.0,8275.0,37750.0,10910.0,8975.0,7800.0,1600.0,910.0,3240.0,30075.0
2018-02-16,4690.0,3490.848876953125,4150.0,4812.5,4010.0,2910.0,8275.0,37750.0,10910.0,8975.0,7800.0,1600.0,910.0,3240.0,30075.0
2018-02-19,4850.0,3509.0302734375,4237.5,4937.5,4050.0,2910.0,8425.0,38200.0,10960.0,9100.0,7850.0,1635.0,920.0,3320.0,30000.0
2018-02-20,4805.0,3454.48583984375,4525.0,4962.5,4070.0,2920.0,8300.0,37350.0,10890.0,8875.0,7750.0,1620.0,900.0,3330.0,29975.0
2018-02-21,4805.0,3454.48583984375,4400.0,5087.5,4070.0,2930.0,8175.0,37000.0,10900.0,8825.0,7625.0,1635.0,910.0,3380.0,29600.0
2018-02-22,4780.0,3427.213623046875,4312.5,4887.5,4010.0,2930.0,8000.0,35875.0,10800.0,8900.0,7700.0,1615.0,900.0,3360.0,30525.0
2018-02-23,4850.0,3445.39501953125,4275.0,4925.0,4030.0,2970.0,8200.0,37000.0,10890.0,8925.0,7625.0,1600.0,895.0,3400.0,31700.0
2018-02-26,4705.0,3399.941162109375,4150.0,4912.5,4030.0,2980.0,8100.0,36600.0,10795.0,8925.0,7550.0,1605.0,900.0,3240.0,31475.0
2018-02-27,4710.0,3427.213623046875,4212.5,4912.5,4020.0,3010.0,8200.0,36600.0,10795.0,9000.0,7575.0,1610.0,945.0,3110.0,30600.0
2018-02-28,4635.0,3436.30419921875,4150.0,4862.5,4000.0,2950.0,8075.0,35600.0,10780.0,8975.0,7575.0,1600.0,955.0,3170.0,30800.0
2018-03-01,4635.0,3445.39501953125,4187.5,4812.5,4060.0,2890.0,8075.0,36525.0,10795.0,9000.0,7775.0,1600.0,940.0,3170.0,30175.0
2018-03-02,4575.0,3445.39501953125,4237.5,4762.5,4070.0,2840.0,8150.0,35700.0,10780.0,9100.0,7700.0,1620.0,920.0,3070.0,28675.0
2018-03-05,4575.0,3427.213623046875,4112.5,4775.0,4020.0,2860.0,8150.0,35175.0,10795.0,9000.0,7600.0,1600.0,910.0,3090.0,27300.0
2018-03-06,4555.0,3390.8505859375,4025.0,4587.5,4020.0,2870.0,8050.0,36075.0,10505.0,8925.0,7450.0,1560.0,905.0,3050.0,27200.0
2018-03-07,4520.0,3327.21533203125,3962.5,4537.5,4000.0,2760.0,7825.0,34900.0,10230.0,8725.0,7275.0,1510.0,885.0,2930.0,26550.0
2018-03-08,4660.0,3427.213623046875,4050.0,4675.0,4140.0,2720.0,7850.0,35975.0,10240.0,8800.0,7325.0,1500.0,875.0,2800.0,26900.0
2018-03-09,4660.0,3354.487548828125,4050.0,4700.0,4150.0,2750.0,7775.0,36225.0,10110.0,9000.0,7450.0,1545.0,850.0,2890.0,27125.0
2018-03-12,4725.0,3418.122802734375,4162.5,4675.0,4200.0,2730.0,7800.0,36450.0,10090.0,9100.0,7550.0,1575.0,900.0,3000.0,28900.0
2018-03-13,4690.0,3418.122802734375,4087.5,4625.0,4090.0,2650.0,7700.0,35200.0,10090.0,8725.0,7500.0,1520.0,880.0,2930.0,28000.0
2018-03-14,4680.0,3409.031982421875,4100.0,4725.0,4060.0,2590.0,7575.0,33700.0,10025.0,8700.0,7325.0,1475.0,880.0,2850.0,26400.0
2018-03-15,4675.0,3309.03369140625,4000.0,4700.0,3930.0,2550.0,7450.0,33700.0,10025.0,8625.0,7175.0,1485.0,860.0,2790.0,26000.0
2018-03-16,4670.0,3345.396728515625,3962.5,4762.5,3820.0,2500.0,7450.0,32575.0,9940.0,8750.0,7150.0,1470.0,845.0,2810.0,27825.0
2018-03-19,4670.0,3354.487548828125,4037.5,4800.0,3820.0,2600.0,7275.0,32500.0,9980.0,8825.0,7200.0,1480.0,820.0,2840.0,27500.0
2018-03-20,4655.0,3399.941162109375,4050.0,4625.0,3660.0,2550.0,7300.0,32050.0,10000.0,8575.0,7000.0,1435.0,805.0,2870.0,26850.0
2018-03-21,4675.0,3463.576416015625,4100.0,4637.5,3710.0,2580.0,7300.0,32400.0,10255.0,8600.0,7275.0,1450.0,835.0,2880.0,27900.0
2018-03-22,4690.0,3336.305908203125,4000.0,4450.0,3700.0,2530.0,7350.0,32700.0,10150.0,8750.0,7150.0,1430.0,820.0,2890.0,28375.0
2018-03-23,4760.0,3272.670654296875,4025.0,4362.5,3660.0,2460.0,7275.0,32000.0,10195.0,8700.0,7150.0,1430.0,790.0,2890.0,28900.0
2018-03-26,4655.0,3272.670654296875,4037.5,4575.0,3590.0,2520.0,7225.0,32000.0,10070.0,8550.0,7200.0,1400.0,785.0,2930.0,29050.0
2018-03-27,4690.0,3272.670654296875,4000.0,4600.0,3560.0,2520.0,7300.0,32000.0,10000.0,8375.0,7150.0,1440.0,775.0,2950.0,29575.0
2018-03-28,4665.0,3227.217041015625,3900.0,4325.0,3570.0,2520.0,7100.0,31800.0,9880.0,8475.0,7125.0,1440.0,770.0,2910.0,28125.0
2018-03-29,4660.0,3272.670654296875,3837.5,4337.5,3600.0,2520.0,7300.0,32000.0,9905.0,8275.0,7200.0,1500.0,775.0,2940.0,28500.0
2018-03-30,4660.0,3272.670654296875,3837.5,4337.5,3600.0,2520.0,7300.0,32000.0,9905.0,8275.0,7200.0,1500.0,775.0,2940.0,28500.0
2018-04-02,4680.0,3272.670654296875,3912.5,4362.5,3670.0,2430.0,7550.0,32150.0,10040.0,8350.0,7350.0,1545.0,795.0,3060.0,28625.0
2018-04-03,4680.0,3272.670654296875,3900.0,4312.5,3630.0,2360.0,7675.0,32100.0,10020.0,8200.0,7150.0,1550.0,805.0,3090.0,26975.0
2018-04-04,4660.0,3172.67236328125,3800.0,4137.5,3600.0,2540.0,7575.0,32000.0,9910.0,8150.0,7200.0,1560.0,775.0,3050.0,26300.0
2018-04-05,4610.0,3154.490966796875,3825.0,4100.0,3680.0,2570.0,7600.0,32200.0,10005.0,8200.0,7125.0,1550.0,800.0,3230.0,27400.0
2018-04-06,4545.0,3163.581787109375,3775.0,4150.0,3650.0,2560.0,7525.0,32200.0,10155.0,8175.0,7100.0,1545.0,805.0,3180.0,27400.0
2018-04-09,4555.0,3209.035400390625,3787.5,4250.0,3770.0,2570.0,7750.0,34475.0,10380.0,8275.0,7175.0,1520.0,850.0,3210.0,27425.0
2018-04-10,4660.0,3254.4892578125,3937.5,4362.5,3860.0,2730.0,7825.0,35650.0,10400.0,8425.0,7250.0,1525.0,850.0,3300.0,28450.0
2018-04-11,4665.0,3318.12451171875,4025.0,4287.5,3870.0,2750.0,7950.0,35575.0,10380.0,8400.0,7225.0,1545.0,865.0,3420.0,27400.0
2018-04-12,4630.0,3263.580078125,4012.5,4325.0,3750.0,2680.0,7725.0,35200.0,10340.0,8350.0,7125.0,1595.0,865.0,3420.0,27175.0
2018-04-13,4580.0,3227.217041015625,4012.5,4412.5,3660.0,2620.0,7525.0,35100.0,10040.0,8350.0,7075.0,1565.0,880.0,3430.0,27075.0
2018-04-16,4580.0,3227.217041015625,4012.5,4412.5,3660.0,2620.0,7525.0,35100.0,10040.0,8350.0,7050.0,1565.0,865.0,3430.0,26900.0
2018-04-17,4580.0,3227.217041015625,4012.5,4412.5,3660.0,2620.0,7525.0,35100.0,10040.0,8350.0,7100.0,1565.0,870.0,3430.0,26875.0
2018-04-18,4595.0,3327.21533203125,4025.0,4387.5,3770.0,2510.0,7525.0,36800.0,10315.0,8325.0,7050.0,1555.0,885.0,3480.0,26925.0
2018-04-19,4595.0,3327.21533203125,4025.0,4387.5,3770.0,2510.0,7525.0,36800.0,10315.0,8325.0,7150.0,1555.0,935.0,3480.0,27875.0
2018-04-20,4595.0,3327.21533203125,4025.0,4387.5,3770.0,2510.0,7525.0,36800.0,10315.0,8325.0,7100.0,1555.0,905.0,3480.0,27775.0
2018-04-23,4600.0,3254.4892578125,4000.0,4362.5,3750.0,2470.0,7475.0,37600.0,10160.0,8375.0,7000.0,1525.0,895.0,3350.0,27500.0
2018-04-24,4585.0,3172.67236328125,3862.5,4187.5,3830.0,2420.0,7325.0,37900.0,9600.0,8350.0,6900.0,1465.0,860.0,3330.0,26650.0
2018-04-25,4585.0,3172.67236328125,3862.5,4187.5,3830.0,2420.0,7325.0,37900.0,9600.0,8350.0,6875.0,1465.0,850.0,3330.0,25450.0
2018-04-26,4585.0,3172.67236328125,3862.5,4187.5,3830.0,2420.0,7325.0,37900.0,9600.0,8350.0,6750.0,1465.0,830.0,3330.0,24825.0
2018-04-27,4585.0,3172.67236328125,3862.5,4187.5,3830.0,2420.0,7325.0,37900.0,9600.0,8350.0,6775.0,1465.0,830.0,3330.0,23600.0
2018-04-30,4420.0,2927.22216796875,3562.5,4025.0,3830.0,2120.0,7150.0,34100.0,9270.0,8675.0,6975.0,1505.0,845.0,3240.0,23650.0
2018-05-01,4420.0,2927.22216796875,3562.5,4025.0,3830.0,2120.0,7150.0,34100.0,9270.0,8675.0,6975.0,1505.0,845.0,3240.0,23650.0
2018-05-02,4580.0,2936.31298828125,3600.0,4000.0,3870.0,2100.0,7375.0,33250.0,9190.0,8700.0,6925.0,1515.0,865.0,3430.0,24100.0
2018-05-03,4460.0,2863.5869140625,3425.0,3862.5,3740.0,1945.0,7275.0,33500.0,9040.0,8200.0,6725.0,1445.0,840.0,3280.0,22350.0
2018-05-04,4405.0,2754.497802734375,3312.5,3737.5,3730.0,1830.0,7250.0,33625.0,9070.0,8200.0,6350.0,1390.0,830.0,3350.0,22475.0
2018-05-07,4460.0,2772.679443359375,3400.0,3662.5,3800.0,1900.0,7075.0,32800.0,9580.0,8575.0,6375.0,1480.0,810.0,3270.0,23350.0
2018-05-08,4405.0,2790.86083984375,3400.0,3662.5,3620.0,1790.0,6950.0,32250.0,9410.0,8450.0,6200.0,1455.0,790.0,3260.0,22400.0
2018-05-09,4580.0,2918.13134765625,3587.5,4025.0,3700.0,1890.0,7100.0,33075.0,9890.0,8475.0,6375.0,1435.0,805.0,3430.0,23200.0
2018-05-10,4580.0,2918.13134765625,3587.5,4025.0,3700.0,1890.0,7100.0,33075.0,9890.0,8475.0,6375.0,1435.0,805.0,3430.0,23200.0
2018-05-11,4550.0,2872.677734375,3600.0,4137.5,3630.0,1975.0,7050.0,35375.0,9800.0,8375.0,6500.0,1450.0,810.0,3450.0,25625.0
2018-05-14,4595.0,2899.949951171875,3600.0,4100.0,3540.0,1900.0,7025.0,35800.0,9800.0,8350.0,6450.0,1445.0,815.0,3560.0,25900.0
2018-05-15,4440.0,2790.86083984375,3425.0,4037.5,3370.0,1750.0,6925.0,34700.0,9490.0,8200.0,6475.0,1385.0,820.0,3530.0,26325.0
2018-05-16,4475.0,2790.86083984375,3425.0,4000.0,3480.0,1810.0,6900.0,34775.0,9150.0,8300.0,6425.0,1340.0,810.0,3500.0,27425.0
2018-05-17,4400.0,2718.134765625,3350.0,3900.0,3490.0,2180.0,6725.0,36275.0,9100.0,8175.0,6300.0,1320.0,825.0,3550.0,26375.0
2018-05-18,4340.0,2672.68115234375,3400.0,3787.5,3490.0,2140.0,6525.0,35825.0,9235.0,8000.0,6375.0,1270.0,850.0,3690.0,26000.0
2018-05-21,4330.0,2509.047607421875,3337.5,3650.0,3420.0,2040.0,6525.0,35300.0,9240.0,8000.0,6300.0,1290.0,880.0,3830.0,26650.0
2018-05-22,4400.0,2472.6845703125,3262.5,3562.5,3470.0,2020.0,6950.0,35975.0,9240.0,8100.0,6550.0,1320.0,845.0,3790.0,26200.0
2018-05-23,4400.0,2618.136474609375,3387.5,3600.0,3470.0,2160.0,7000.0,36425.0,9280.0,8025.0,6800.0,1285.0,845.0,3770.0,25000.0
2018-05-24,4490.0,2781.77001953125,3500.0,3837.5,3560.0,2320.0,7225.0,36950.0,9620.0,8250.0,6975.0,1320.0,885.0,3760.0,24450.0
2018-05-25,4510.0,2836.314697265625,3500.0,3987.5,3560.0,2280.0,7250.0,37500.0,9360.0,8300.0,7025.0,1370.0,870.0,3750.0,25150.0
2018-05-28,4570.0,2954.494384765625,3687.5,4287.5,3690.0,2260.0,7175.0,36100.0,9420.0,8625.0,7075.0,1405.0,855.0,3660.0,25375.0
2018-05-29,4570.0,2954.494384765625,3687.5,4287.5,3690.0,2260.0,7175.0,36100.0,9420.0,8625.0,7075.0,1405.0,855.0,3660.0,25375.0
2018-05-30,4540.0,2854.49609375,3625.0,4325.0,3600.0,2160.0,7000.0,36800.0,9310.0,8500.0,7025.0,1370.0,850.0,3780.0,25900.0
2018-05-31,4540.0,2799.95166015625,3525.0,4237.5,3520.0,2100.0,6900.0,35050.0,9120.0,8700.0,7075.0,1370.0,865.0,3800.0,25825.0
2018-06-01,4540.0,2799.95166015625,3525.0,4237.5,3520.0,2100.0,6900.0,35050.0,9120.0,8700.0,7075.0,1370.0,865.0,3800.0,25825.0
2018-06-04,4585.0,2845.405517578125,3687.5,4237.5,3640.0,2370.0,7000.0,35750.0,9080.0,8675.0,7025.0,1365.0,880.0,3960.0,26425.0
2018-06-05,4545.0,2827.223876953125,3675.0,4137.5,3830.0,2540.0,7000.0,36500.0,9360.0,8775.0,7200.0,1415.0,885.0,4000.0,28200.0
2018-06-06,4605.0,2863.5869140625,3662.5,4125.0,3790.0,2660.0,6975.0,35475.0,9240.0,8850.0,6975.0,1410.0,995.0,3910.0,27650.0
2018-06-07,4595.0,2972.676025390625,3687.5,4225.0,3770.0,2560.0,6975.0,36175.0,9240.0,9000.0,7100.0,1465.0,945.0,3940.0,26850.0
2018-06-08,4450.0,2854.49609375,3475.0,4025.0,3610.0,2630.0,6900.0,34800.0,9080.0,8850.0,6950.0,1360.0,905.0,4070.0,27000.0
2018-06-11,4450.0,2854.49609375,3475.0,4025.0,3610.0,2630.0,6900.0,34800.0,9080.0,8850.0,6950.0,1360.0,905.0,4070.0,27000.0
2018-06-12,4450.0,2854.49609375,3475.0,4025.0,3610.0,2630.0,6900.0,34800.0,9080.0,8850.0,6950.0,1360.0,905.0,4070.0,27000.0
2018-06-13,4450.0,2854.49609375,3475.0,4025.0,3610.0,2630.0,6900.0,34800.0,9080.0,8850.0,6950.0,1360.0,905.0,4070.0,27000.0
2018-06-14,4450.0,2854.49609375,3475.0,4025.0,3610.0,2630.0,6900.0,34800.0,9080.0,8850.0,6950.0,1360.0,905.0,4070.0,27000.0
2018-06-15,4450.0,2854.49609375,3475.0,4025.0,3610.0,2630.0,6900.0,34800.0,9080.0,8850.0,6950.0,1360.0,905.0,4070.0,27000.0
2018-06-18,4450.0,2854.49609375,3475.0,4025.0,3610.0,2630.0,6900.0,34800.0,9080.0,8850.0,6950.0,1360.0,905.0,4070.0,27000.0
2018-06-19,4450.0,2854.49609375,3475.0,4025.0,3610.0,2630.0,6900.0,34800.0,9080.0,8850.0,6950.0,1360.0,905.0,4070.0,27000.0
2018-06-20,4300.0,2690.862548828125,3350.0,3762.5,3710.0,2520.0,6950.0,33500.0,8855.0,8600.0,6700.0,1315.0,880.0,4240.0,25700.0
2018-06-21,4230.0,2645.408935546875,3350.0,3700.0,3610.0,2570.0,6675.0,33375.0,8840.0,8250.0,6525.0,1250.0,890.0,4100.0,24325.0
2018-06-22,4385.0,2709.044189453125,3350.0,3700.0,3580.0,2600.0,6600.0,32975.0,8840.0,8400.0,6550.0,1310.0,910.0,4150.0,23675.0
2018-06-25,4440.0,2627.227294921875,3350.0,3650.0,3660.0,2580.0,6600.0,32800.0,9000.0,8750.0,6625.0,1295.0,890.0,4130.0,22875.0
2018-06-26,4275.0,2563.592041015625,3312.5,3575.0,3690.0,2500.0,6700.0,32525.0,8910.0,8800.0,6625.0,1265.0,870.0,4100.0,22775.0
2018-06-27,4270.0,2581.773681640625,3300.0,3525.0,3710.0,2540.0,6425.0,32200.0,8885.0,8575.0,6550.0,1240.0,840.0,4040.0,22275.0
2018-06-28,4190.0,2499.956787109375,3250.0,3400.0,3660.0,2490.0,6350.0,31225.0,8910.0,8525.0,6350.0,1155.0,835.0,3840.0,21925.0
2018-06-29,4295.0,2581.773681640625,3425.0,3525.0,3750.0,2520.0,6600.0,31600.0,9220.0,8850.0,6650.0,1220.0,890.0,3970.0,22375.0
2018-07-02,4290.0,2590.8642578125,3262.5,3525.0,3750.0,2530.0,6250.0,32400.0,9070.0,8875.0,6525.0,1250.0,820.0,4000.0,22025.0
2018-07-03,4120.0,2572.682861328125,3162.5,3475.0,3700.0,2490.0,6100.0,31900.0,8935.0,8825.0,6250.0,1225.0,800.0,4000.0,21300.0
2018-07-04,4245.0,2663.59033203125,3300.0,3600.0,3760.0,2360.0,6250.0,32100.0,9295.0,9075.0,6425.0,1250.0,805.0,4000.0,22300.0
2018-07-05,4245.0,2645.408935546875,3262.5,3550.0,3830.0,2410.0,6300.0,33250.0,9250.0,8900.0,6300.0,1250.0,800.0,4000.0,23250.0
2018-07-06,4185.0,2581.773681640625,3150.0,3475.0,3860.0,2450.0,6300.0,33575.0,9150.0,8700.0,6200.0,1250.0,780.0,3950.0,24575.0
2018-07-09,4380.0,2736.31640625,3212.5,3600.0,3980.0,2620.0,6325.0,32600.0,9280.0,8775.0,6550.0,1270.0,800.0,4000.0,24725.0
2018-07-10,4380.0,2772.679443359375,3225.0,3650.0,4030.0,2670.0,6350.0,33400.0,9425.0,8900.0,6650.0,1310.0,810.0,3990.0,25000.0
2018-07-11,4465.0,2718.134765625,3175.0,3587.5,4060.0,2650.0,6625.0,32800.0,9505.0,8800.0,6625.0,1315.0,845.0,4070.0,25300.0
2018-07-12,4565.0,2699.953369140625,3225.0,3512.5,4100.0,2790.0,6675.0,32000.0,9380.0,8825.0,6550.0,1305.0,860.0,4230.0,24725.0
2018-07-13,4605.0,2699.953369140625,3300.0,3625.0,4020.0,2790.0,6800.0,33050.0,9380.0,8875.0,6525.0,1310.0,910.0,4170.0,24500.0
2018-07-16,4625.0,2699.953369140625,3275.0,3675.0,3940.0,2680.0,6700.0,33300.0,9150.0,8825.0,6525.0,1320.0,900.0,4240.0,23700.0
2018-07-17,4545.0,2609.0458984375,3162.5,3712.5,3940.0,2730.0,6625.0,32800.0,9080.0,8675.0,6425.0,1275.0,880.0,4380.0,24200.0
2018-07-18,4640.0,2590.8642578125,3200.0,3687.5,4010.0,2840.0,6650.0,33000.0,9155.0,8650.0,6400.0,1270.0,885.0,4330.0,24825.0
2018-07-19,4640.0,2627.227294921875,3187.5,3687.5,3910.0,2800.0,6700.0,32975.0,8950.0,8600.0,6325.0,1280.0,875.0,4400.0,25300.0
2018-07-20,4620.0,2709.044189453125,3175.0,3625.0,3990.0,2850.0,6675.0,32300.0,8840.0,8600.0,6275.0,1290.0,870.0,4260.0,24200.0
2018-07-23,4670.0,2763.588623046875,3200.0,3650.0,4060.0,2980.0,6675.0,33000.0,8900.0,8675.0,6425.0,1285.0,885.0,4310.0,24900.0
2018-07-24,4705.0,2736.31640625,3262.5,3675.0,4030.0,2980.0,6650.0,32900.0,8900.0,8675.0,6400.0,1315.0,885.0,4240.0,25300.0
2018-07-25,4715.0,2718.134765625,3237.5,3650.0,3900.0,2870.0,6875.0,34550.0,8810.0,8550.0,6350.0,1305.0,880.0,4320.0,26350.0
2018-07-26,4665.0,2763.588623046875,3275.0,3787.5,3930.0,2830.0,6675.0,34925.0,8785.0,8650.0,6375.0,1310.0,890.0,4430.0,28125.0
2018-07-27,4645.0,2809.04248046875,3287.5,3725.0,3940.0,2880.0,6975.0,35400.0,8865.0,8600.0,6275.0,1290.0,900.0,4600.0,29000.0
2018-07-30,4655.0,2799.95166015625,3362.5,3750.0,3910.0,2820.0,7100.0,35925.0,8820.0,8775.0,6275.0,1320.0,955.0,4360.0,30000.0
2018-07-31,4655.0,2790.86083984375,3325.0,3700.0,3570.0,2750.0,7150.0,35250.0,8650.0,8725.0,6350.0,1295.0,915.0,4480.0,28475.0
2018-08-01,4695.0,2899.949951171875,3500.0,3912.5,3550.0,2730.0,7475.0,35975.0,8945.0,8725.0,6425.0,1360.0,940.0,4540.0,29225.0
2018-08-02,4690.0,2954.494384765625,3525.0,3900.0,3500.0,2730.0,7300.0,35525.0,8990.0,8775.0,6400.0,1315.0,915.0,4490.0,28800.0
2018-08-03,4690.0,3027.220458984375,3600.0,3950.0,3460.0,2730.0,7125.0,34900.0,8990.0,8775.0,6375.0,1300.0,900.0,4500.0,29000.0
2018-08-06,4760.0,3099.946533203125,3650.0,4100.0,3650.0,2850.0,7425.0,35800.0,8945.0,9000.0,6600.0,1300.0,935.0,4580.0,28700.0
2018-08-07,4760.0,3045.40185546875,3600.0,4050.0,3580.0,3050.0,7375.0,35975.0,8710.0,9000.0,6575.0,1300.0,925.0,4780.0,28950.0
2018-08-08,4785.0,3027.220458984375,3662.5,4050.0,3550.0,3050.0,7425.0,36025.0,8600.0,8950.0,6450.0,1290.0,920.0,4810.0,28650.0
2018-08-09,4820.0,3027.220458984375,3637.5,3975.0,3490.0,3160.0,7500.0,36600.0,8600.0,8975.0,6425.0,1275.0,910.0,4800.0,28125.0
2018-08-10,4775.0,3081.764892578125,3675.0,3987.5,3500.0,3070.0,7400.0,36275.0,8710.0,8975.0,6400.0,1290.0,895.0,4890.0,27800.0
2018-08-13,4665.0,2854.49609375,3462.5,3700.0,3370.0,2850.0,7100.0,34500.0,8520.0,8550.0,6200.0,1260.0,855.0,4850.0,26400.0
2018-08-14,4700.0,2845.405517578125,3362.5,3650.0,3350.0,2730.0,6825.0,34050.0,8200.0,8200.0,6125.0,1220.0,845.0,4160.0,25900.0
2018-08-15,4690.0,2918.13134765625,3400.0,3687.5,3430.0,2920.0,6975.0,34000.0,8160.0,8550.0,6125.0,1215.0,865.0,4030.0,26750.0
2018-08-16,4675.0,2772.679443359375,3350.0,3537.5,3350.0,2890.0,7100.0,33400.0,8505.0,8650.0,6100.0,1210.0,830.0,4120.0,26175.0
2018-08-17,4675.0,2772.679443359375,3350.0,3537.5,3350.0,2890.0,7100.0,33400.0,8505.0,8650.0,6100.0,1210.0,830.0,4120.0,26175.0
2018-08-20,4780.0,2890.859130859375,3362.5,3637.5,3390.0,2990.0,7400.0,34975.0,8470.0,8600.0,6200.0,1215.0,855.0,4260.0,27625.0
2018-08-21,4775.0,2863.5869140625,3350.0,3687.5,3350.0,3050.0,7475.0,34675.0,8520.0,8800.0,6475.0,1320.0,835.0,4120.0,26800.0
2018-08-22,4775.0,2863.5869140625,3350.0,3687.5,3350.0,3050.0,7475.0,34675.0,8520.0,8800.0,6475.0,1320.0,835.0,4120.0,26800.0
2018-08-23,4915.0,2972.676025390625,3425.0,3775.0,3300.0,2990.0,7425.0,35000.0,8670.0,8925.0,6600.0,1325.0,870.0,4040.0,25675.0
2018-08-24,5015.0,2972.676025390625,3387.5,3712.5,3290.0,2950.0,7375.0,34200.0,8600.0,8875.0,6675.0,1300.0,875.0,4070.0,25900.0
2018-08-27,4955.0,3072.67431640625,3487.5,3837.5,3460.0,2980.0,7575.0,34925.0,8740.0,8800.0,6675.0,1300.0,895.0,4060.0,25900.0
2018-08-28,4995.0,3027.220458984375,3500.0,3937.5,3580.0,2940.0,7350.0,34400.0,8835.0,8625.0,6450.0,1295.0,880.0,4140.0,27775.0
2018-08-29,4960.0,2990.857421875,3500.0,3925.0,3580.0,3090.0,7475.0,35000.0,8890.0,8825.0,6375.0,1310.0,875.0,4150.0,28300.0
2018-08-30,5015.0,2899.949951171875,3425.0,3812.5,3510.0,3150.0,7475.0,34450.0,8860.0,8800.0,6300.0,1345.0,865.0,4160.0,29000.0
2018-08-31,4960.0,2890.859130859375,3450.0,3900.0,3490.0,3180.0,7250.0,34400.0,8770.0,8675.0,6375.0,1345.0,870.0,4050.0,28300.0
2018-09-03,4955.0,2881.768310546875,3350.0,3925.0,3490.0,3080.0,7100.0,34100.0,8735.0,8700.0,6375.0,1320.0,830.0,4100.0,27550.0
2018-09-04,4950.0,2827.223876953125,3287.5,3750.0,3420.0,2910.0,7075.0,33500.0,8795.0,8650.0,6350.0,1270.0,805.0,4000.0,27225.0
2018-09-05,4800.0,2663.59033203125,3162.5,3537.5,3270.0,2800.0,6775.0,32450.0,8320.0,8400.0,5950.0,1210.0,775.0,3790.0,25900.0
2018-09-06,4940.0,2690.862548828125,3275.0,3637.5,3360.0,2830.0,6800.0,33000.0,8415.0,8650.0,5950.0,1215.0,800.0,3810.0,25425.0
2018-09-07,4970.0,2754.497802734375,3312.5,3675.0,3390.0,2950.0,7175.0,33125.0,8895.0,8850.0,6100.0,1235.0,795.0,3770.0,25375.0
2018-09-10,4950.0,2699.953369140625,3287.5,3637.5,3380.0,2900.0,7175.0,32700.0,9105.0,8900.0,6125.0,1225.0,795.0,3720.0,25200.0
2018-09-11,4950.0,2699.953369140625,3287.5,3637.5,3380.0,2900.0,7175.0,32700.0,9105.0,8900.0,6125.0,1225.0,795.0,3720.0,25200.0
2018-09-12,4780.0,2645.408935546875,3187.5,3562.5,3320.0,2930.0,7125.0,32125.0,9225.0,8875.0,6125.0,1200.0,780.0,3940.0,25775.0
2018-09-13,4800.0,2727.2255859375,3287.5,3675.0,3450.0,2970.0,7075.0,32200.0,9310.0,8850.0,6000.0,1190.0,805.0,3970.0,25900.0
2018-09-14,4795.0,2790.86083984375,3375.0,3762.5,3590.0,3030.0,7225.0,32875.0,9420.0,8925.0,6175.0,1235.0,800.0,3970.0,27100.0
2018-09-17,4785.0,2699.953369140625,3225.0,3612.5,3470.0,2970.0,6950.0,32150.0,9210.0,8825.0,6100.0,1220.0,790.0,3930.0,26275.0
2018-09-18,4800.0,2672.68115234375,3187.5,3612.5,3570.0,2960.0,7025.0,31975.0,9105.0,8775.0,5925.0,1210.0,790.0,4130.0,26150.0
2018-09-19,4800.0,2727.2255859375,3200.0,3587.5,3550.0,2990.0,7400.0,32300.0,9240.0,8725.0,5850.0,1255.0,790.0,4140.0,26275.0
2018-09-20,4790.0,2809.04248046875,3337.5,3650.0,3600.0,2920.0,7500.0,32800.0,9325.0,8850.0,6000.0,1260.0,795.0,4160.0,27000.0
2018-09-21,4740.0,2836.314697265625,3425.0,3825.0,3600.0,2850.0,7250.0,33300.0,9415.0,8950.0,6075.0,1290.0,820.0,4170.0,26400.0
2018-09-24,4785.0,2736.31640625,3375.0,3687.5,3540.0,2810.0,7125.0,32450.0,9415.0,8800.0,5975.0,1290.0,800.0,4120.0,25425.0
2018-09-25,4785.0,2754.497802734375,3312.5,3675.0,3560.0,2790.0,7200.0,32150.0,9200.0,8850.0,6000.0,1320.0,805.0,4130.0,25600.0
2018-09-26,4840.0,2718.134765625,3300.0,3662.5,3540.0,2810.0,7350.0,31125.0,9215.0,8600.0,5975.0,1320.0,805.0,4110.0,25450.0
2018-09-27,4800.0,2790.86083984375,3312.5,3675.0,3580.0,2820.0,7375.0,32175.0,9430.0,8825.0,5975.0,1355.0,835.0,4160.0,25700.0
2018-09-28,4830.0,2863.5869140625,3362.5,3700.0,3640.0,2760.0,7350.0,33000.0,9405.0,8825.0,5900.0,1380.0,845.0,4320.0,25850.0
2018-10-01,4790.0,2890.859130859375,3350.0,3750.0,3670.0,2800.0,7325.0,32775.0,9260.0,8825.0,6025.0,1385.0,825.0,4400.0,26000.0
2018-10-02,4790.0,2827.223876953125,3225.0,3637.5,3620.0,2750.0,7200.0,32425.0,9155.0,8950.0,5975.0,1375.0,795.0,4590.0,25750.0
2018-10-03,4785.0,2818.133056640625,3250.0,3625.0,3600.0,2860.0,7200.0,32500.0,8970.0,8825.0,5950.0,1380.0,810.0,4660.0,26000.0
2018-10-04,4720.0,2727.2255859375,3112.5,3450.0,3600.0,2790.0,7075.0,31925.0,8605.0,8825.0,5900.0,1300.0,800.0,4710.0,25675.0
2018-10-05,4610.0,2709.044189453125,3137.5,3437.5,3530.0,2870.0,6950.0,32600.0,8535.0,8800.0,5775.0,1265.0,800.0,4740.0,25675.0
2018-10-08,4690.0,2699.953369140625,3100.0,3412.5,3520.0,2930.0,6850.0,32075.0,8840.0,8825.0,5575.0,1290.0,810.0,4690.0,26250.0
2018-10-09,4750.0,2745.4072265625,3175.0,3412.5,3590.0,2880.0,7025.0,32000.0,8880.0,8875.0,5600.0,1250.0,810.0,4500.0,25750.0
2018-10-10,4675.0,2736.31640625,3237.5,3475.0,3600.0,2830.0,6950.0,32300.0,8980.0,8625.0,5700.0,1285.0,820.0,4540.0,25500.0
2018-10-11,4545.0,2645.408935546875,3137.5,3362.5,3570.0,2750.0,6725.0,31400.0,8820.0,8575.0,5525.0,1255.0,785.0,4470.0,24975.0
2018-10-12,4650.0,2681.77197265625,3200.0,3462.5,3680.0,2770.0,6850.0,31675.0,8860.0,8725.0,5575.0,1270.0,795.0,4560.0,24950.0
2018-10-15,4770.0,2727.2255859375,3187.5,3525.0,3660.0,2760.0,6850.0,31450.0,8720.0,8725.0,5525.0,1285.0,765.0,4440.0,24725.0
2018-10-16,4820.0,2727.2255859375,3250.0,3625.0,3780.0,2790.0,6975.0,31750.0,9120.0,8750.0,5650.0,1350.0,760.0,4390.0,25225.0
2018-10-17,4805.0,2790.86083984375,3287.5,3662.5,3900.0,2830.0,7025.0,32000.0,9000.0,8800.0,6000.0,1360.0,780.0,4500.0,26000.0
2018-10-18,4720.0,2809.04248046875,3250.0,3600.0,3760.0,2830.0,7025.0,31925.0,8920.0,8850.0,6100.0,1365.0,765.0,4490.0,26000.0
2018-10-19,4675.0,2745.4072265625,3225.0,3587.5,3730.0,2780.0,7300.0,32400.0,8970.0,8775.0,6000.0,1380.0,765.0,4540.0,24950.0
2018-10-22,4630.0,2772.679443359375,3225.0,3587.5,3800.0,2870.0,7275.0,32375.0,8895.0,8750.0,5950.0,1340.0,765.0,4610.0,25350.0
2018-10-23,4590.0,2745.4072265625,3212.5,3562.5,3700.0,2820.0,7350.0,32125.0,8900.0,8750.0,5800.0,1320.0,755.0,4510.0,24750.0
2018-10-24,4530.0,2681.77197265625,3162.5,3525.0,3520.0,2760.0,7300.0,31800.0,8600.0,8750.0,5700.0,1280.0,740.0,4300.0,25775.0
2018-10-25,4580.0,2727.2255859375,3237.5,3537.5,3550.0,2740.0,7375.0,32050.0,8860.0,8775.0,5800.0,1315.0,720.0,4490.0,26100.0
2018-10-26,4720.0,2718.134765625,3225.0,3550.0,3630.0,2760.0,7425.0,33400.0,8835.0,8775.0,5700.0,1335.0,725.0,4250.0,26950.0
2018-10-29,4625.0,2681.77197265625,3200.0,3537.5,3660.0,2680.0,7500.0,32500.0,8790.0,8800.0,5650.0,1340.0,705.0,4190.0,25950.0
2018-10-30,4700.0,2754.497802734375,3262.5,3587.5,3800.0,2630.0,7700.0,32700.0,8900.0,8650.0,5700.0,1350.0,675.0,4190.0,25950.0
2018-10-31,4730.0,2863.5869140625,3425.0,3662.5,3850.0,2620.0,7900.0,33500.0,8645.0,8925.0,5975.0,1370.0,680.0,4250.0,24900.0
2018-11-01,4760.0,2909.040771484375,3612.5,3712.5,3880.0,2220.0,8050.0,33475.0,8440.0,8925.0,5925.0,1340.0,685.0,4230.0,24800.0
2018-11-02,4800.0,2981.7666015625,3712.5,3887.5,3940.0,2090.0,8175.0,32875.0,8545.0,8925.0,6025.0,1360.0,695.0,4200.0,24500.0
2018-11-05,4835.0,2972.676025390625,3687.5,3800.0,3890.0,2100.0,8250.0,32650.0,8615.0,8975.0,5975.0,1340.0,690.0,4390.0,23825.0
2018-11-06,4880.0,3027.220458984375,3675.0,3875.0,3890.0,2230.0,8100.0,33500.0,8600.0,8900.0,5825.0,1335.0,680.0,4450.0,24275.0
2018-11-07,4820.0,3063.58349609375,3675.0,3900.0,3950.0,2160.0,8225.0,33975.0,8440.0,8725.0,5725.0,1390.0,695.0,4470.0,24250.0
2018-11-08,4800.0,3136.3095703125,3750.0,3950.0,4000.0,2270.0,8200.0,34750.0,8460.0,8750.0,5975.0,1405.0,710.0,4470.0,23475.0
2018-11-09,4800.0,3036.311279296875,3612.5,4000.0,3920.0,2270.0,8175.0,34900.0,8065.0,8575.0,5775.0,1420.0,700.0,4330.0,23075.0
2018-11-12,4740.0,2981.7666015625,3487.5,3800.0,3860.0,2190.0,7875.0,33075.0,7875.0,8425.0,5575.0,1335.0,685.0,4420.0,23875.0
2018-11-13,4815.0,3045.40185546875,3575.0,3950.0,3830.0,2120.0,8000.0,34900.0,7990.0,8550.0,5600.0,1450.0,690.0,4650.0,23500.0
2018-11-14,4810.0,3045.40185546875,3562.5,4012.5,3750.0,2140.0,8175.0,34500.0,8000.0,8700.0,5650.0,1485.0,670.0,4880.0,22575.0
2018-11-15,4835.0,3099.946533203125,3700.0,4125.0,3910.0,2160.0,8525.0,35075.0,8220.0,8725.0,5875.0,1515.0,670.0,4700.0,23075.0
2018-11-16,4965.0,3172.67236328125,3725.0,4150.0,4050.0,2200.0,8550.0,34800.0,8295.0,8775.0,5950.0,1535.0,680.0,4740.0,22775.0
2018-11-19,5020.0,3199.94482421875,3737.5,4200.0,3950.0,2190.0,8500.0,34400.0,8260.0,8775.0,5950.0,1540.0,675.0,4660.0,22025.0
2018-11-20,5020.0,3199.94482421875,3737.5,4200.0,3950.0,2190.0,8500.0,34400.0,8260.0,8775.0,5950.0,1540.0,675.0,4660.0,22025.0
2018-11-21,4960.0,3118.1279296875,3637.5,4125.0,3960.0,2180.0,8450.0,31950.0,8180.0,8850.0,6000.0,1560.0,645.0,4350.0,20025.0
2018-11-22,5020.0,3227.217041015625,3662.5,4200.0,3980.0,2210.0,8450.0,31800.0,8225.0,8950.0,6250.0,1590.0,625.0,4220.0,19625.0
2018-11-23,5020.0,3163.581787109375,3650.0,4212.5,3990.0,2220.0,8400.0,31850.0,8430.0,8925.0,6250.0,1565.0,625.0,4310.0,20025.0
2018-11-26,5045.0,3218.126220703125,3687.5,4212.5,3990.0,2210.0,8325.0,30675.0,8425.0,8900.0,6275.0,1610.0,605.0,3940.0,20175.0
2018-11-27,5100.0,3272.670654296875,3725.0,4325.0,3880.0,2200.0,8400.0,29950.0,8450.0,8950.0,6225.0,1570.0,595.0,3870.0,19750.0
2018-11-28,5090.0,3318.12451171875,3700.0,4275.0,3720.0,2030.0,8400.0,29000.0,8100.0,9000.0,6050.0,1575.0,600.0,3990.0,20525.0
2018-11-29,5240.0,3372.6689453125,3825.0,4387.5,3740.0,2050.0,8475.0,29350.0,8420.0,9700.0,6400.0,1535.0,625.0,4140.0,21250.0
2018-11-30,5210.0,3290.852294921875,3700.0,4250.0,3680.0,2040.0,8550.0,27500.0,8450.0,9850.0,6600.0,1525.0,615.0,4020.0,21250.0
2018-12-03,5160.0,3354.487548828125,3800.0,4375.0,3700.0,2020.0,8600.0,28600.0,8760.0,9625.0,6650.0,1555.0,735.0,3960.0,21000.0
2018-12-04,5240.0,3372.6689453125,3825.0,4400.0,3780.0,1980.0,8525.0,29825.0,8800.0,9750.0,6625.0,1600.0,710.0,4000.0,21425.0
2018-12-05,5230.0,3318.12451171875,3787.5,4375.0,3770.0,1890.0,8325.0,29725.0,8750.0,9750.0,6575.0,1610.0,740.0,3950.0,20600.0
2018-12-06,5260.0,3318.12451171875,3737.5,4325.0,3710.0,1950.0,8100.0,29000.0,8840.0,9700.0,6675.0,1630.0,735.0,4080.0,20800.0
2018-12-07,5190.0,3290.852294921875,3750.0,4287.5,3670.0,1960.0,8225.0,29375.0,8800.0,9700.0,6700.0,1635.0,725.0,3990.0,20425.0
2018-12-10,5180.0,3281.761474609375,3712.5,4287.5,3680.0,1915.0,8150.0,29750.0,8790.0,9725.0,6525.0,1580.0,720.0,4020.0,19800.0
2018-12-11,5160.0,3290.852294921875,3725.0,4225.0,3620.0,1880.0,8150.0,29075.0,8735.0,9700.0,6575.0,1505.0,755.0,4280.0,20100.0
2018-12-12,5165.0,3290.852294921875,3737.5,4225.0,3650.0,1915.0,8250.0,29300.0,8800.0,9675.0,6725.0,1475.0,755.0,4310.0,21100.0
2018-12-13,5165.0,3345.396728515625,3850.0,4275.0,3750.0,1945.0,8450.0,29300.0,8885.0,9825.0,6900.0,1500.0,765.0,4500.0,21200.0
2018-12-14,5165.0,3345.396728515625,3787.5,4300.0,3730.0,1920.0,8450.0,29425.0,8900.0,10100.0,7075.0,1490.0,755.0,4460.0,20625.0
2018-12-17,5165.0,3272.670654296875,3700.0,4287.5,3710.0,1910.0,8300.0,28700.0,8700.0,10125.0,6975.0,1475.0,730.0,4390.0,20150.0
2018-12-18,5065.0,3299.943115234375,3675.0,4312.5,3740.0,1935.0,8375.0,29125.0,8790.0,10050.0,7075.0,1460.0,750.0,4230.0,20000.0
2018-12-19,5230.0,3336.305908203125,3712.5,4350.0,3810.0,2040.0,8425.0,28650.0,9000.0,10200.0,7300.0,1490.0,760.0,4220.0,20025.0
2018-12-20,5115.0,3318.12451171875,3650.0,4337.5,3740.0,2010.0,8475.0,28825.0,9050.0,10475.0,7350.0,1530.0,765.0,4270.0,20000.0
2018-12-21,5170.0,3290.852294921875,3612.5,4337.5,3760.0,2050.0,8425.0,27950.0,9320.0,10525.0,7500.0,1545.0,770.0,4230.0,19900.0
2018-12-24,5170.0,3290.852294921875,3612.5,4337.5,3760.0,2050.0,8425.0,27950.0,9320.0,10525.0,7500.0,1545.0,770.0,4230.0,19900.0
2018-12-25,5170.0,3290.852294921875,3612.5,4337.5,3760.0,2050.0,8425.0,27950.0,9320.0,10525.0,7500.0,1545.0,770.0,4230.0,19900.0
2018-12-26,5225.0,3272.670654296875,3612.5,4350.0,3730.0,1940.0,8125.0,27150.0,9105.0,10250.0,7375.0,1510.0,770.0,4290.0,19900.0
2018-12-27,5195.0,3327.21533203125,3637.5,4400.0,3750.0,2000.0,8225.0,27600.0,9320.0,10700.0,7450.0,1525.0,770.0,4290.0,20050.0
2018-12-28,5200.0,3327.21533203125,3687.5,4400.0,3750.0,1980.0,8225.0,27350.0,9080.0,10450.0,7450.0,1520.0,765.0,4300.0,20250.0
2018-12-31,5200.0,3327.21533203125,3687.5,4400.0,3750.0,1980.0,8225.0,27350.0,9080.0,10450.0,7450.0,1520.0,765.0,4300.0,20250.0
2019-01-01,5200.0,3327.21533203125,3687.5,4400.0,3750.0,1980.0,8225.0,27350.0,9080.0,10450.0,7450.0,1520.0,765.0,4300.0,20250.0
2019-01-02,5240.0,3281.761474609375,3662.5,4362.5,3730.0,1980.0,8200.0,27325.0,9280.0,10400.0,7275.0,1525.0,740.0,4240.0,20075.0
2019-01-03,5180.0,3290.852294921875,3587.5,4362.5,3740.0,2020.0,8375.0,27575.0,9500.0,10575.0,7475.0,1540.0,750.0,4160.0,19900.0
2019-01-04,5205.0,3327.21533203125,3725.0,4362.5,3710.0,2040.0,8350.0,29000.0,9560.0,10600.0,7425.0,1570.0,760.0,4380.0,21575.0
2019-01-07,5245.0,3327.21533203125,3712.5,4437.5,3770.0,2140.0,8150.0,27975.0,9720.0,10350.0,7425.0,1595.0,770.0,4400.0,20850.0
2019-01-08,5240.0,3345.396728515625,3675.0,4450.0,3800.0,2190.0,8175.0,27500.0,9470.0,10175.0,7300.0,1565.0,760.0,4370.0,22075.0
2019-01-09,5255.0,3381.759765625,3787.5,4425.0,3730.0,2250.0,8200.0,28100.0,9200.0,10250.0,7325.0,1540.0,780.0,4330.0,22450.0
2019-01-10,5255.0,3409.031982421875,3850.0,4425.0,3800.0,2250.0,8200.0,28225.0,9665.0,10150.0,7450.0,1600.0,790.0,4290.0,22000.0
2019-01-11,5250.0,3390.8505859375,3850.0,4462.5,3860.0,2200.0,8300.0,27800.0,9690.0,10150.0,7475.0,1620.0,790.0,4330.0,22525.0
2019-01-14,5200.0,3445.39501953125,3850.0,4437.5,3850.0,2110.0,8150.0,26000.0,9710.0,10000.0,7400.0,1615.0,780.0,4390.0,22250.0
2019-01-15,5260.0,3436.30419921875,3900.0,4500.0,3930.0,2190.0,8150.0,25600.0,9960.0,10100.0,7500.0,1635.0,820.0,4380.0,21850.0
2019-01-16,5285.0,3436.30419921875,3900.0,4625.0,3990.0,2310.0,8250.0,26050.0,9585.0,10025.0,7500.0,1625.0,870.0,4380.0,21875.0
2019-01-17,5330.0,3463.576416015625,3937.5,4625.0,3990.0,2300.0,8275.0,26850.0,9775.0,10000.0,7500.0,1610.0,845.0,4450.0,22425.0
2019-01-18,5425.0,3472.667236328125,3937.5,4700.0,4020.0,2290.0,8475.0,26925.0,9785.0,10150.0,7500.0,1615.0,850.0,4470.0,23100.0
2019-01-21,5545.0,3454.48583984375,3900.0,4612.5,4030.0,2250.0,8325.0,26850.0,9750.0,10200.0,7500.0,1605.0,855.0,4470.0,23350.0
2019-01-22,5600.0,3427.213623046875,3875.0,4625.0,4000.0,2270.0,8200.0,26100.0,9810.0,10450.0,7575.0,1615.0,830.0,4420.0,22400.0
2019-01-23,5500.0,3427.213623046875,3737.5,4525.0,3920.0,2320.0,8175.0,26600.0,9790.0,10475.0,7650.0,1600.0,860.0,4390.0,22250.0
2019-01-24,5460.0,3445.39501953125,3737.5,4500.0,3860.0,2330.0,8425.0,26625.0,9815.0,10850.0,7775.0,1600.0,895.0,4390.0,22300.0
2019-01-25,5500.0,3436.30419921875,3687.5,4550.0,3880.0,2190.0,8425.0,26425.0,9810.0,10750.0,7850.0,1615.0,930.0,4370.0,22125.0
2019-01-28,5495.0,3436.30419921875,3587.5,4550.0,3780.0,2130.0,8375.0,26300.0,9555.0,10750.0,7700.0,1610.0,910.0,4350.0,22125.0
2019-01-29,5540.0,3354.487548828125,3562.5,4512.5,3840.0,2060.0,8375.0,25650.0,9520.0,10725.0,7700.0,1610.0,920.0,4380.0,21850.0
2019-01-30,5520.0,3409.031982421875,3625.0,4500.0,3860.0,2110.0,8350.0,25900.0,9815.0,10775.0,7700.0,1610.0,950.0,4300.0,21750.0
2019-01-31,5635.0,3499.939453125,3725.0,4537.5,3900.0,2170.0,8450.0,25725.0,10000.0,10775.0,7750.0,1600.0,965.0,4310.0,22800.0
2019-02-01,5635.0,3563.57470703125,3800.0,4625.0,3870.0,2100.0,8450.0,26100.0,10000.0,10750.0,7775.0,1615.0,960.0,4320.0,22175.0
2019-02-04,5500.0,3545.393310546875,3675.0,4562.5,3780.0,2120.0,8200.0,26250.0,9780.0,10650.0,7600.0,1605.0,1010.0,4240.0,22250.0
2019-02-05,5500.0,3545.393310546875,3675.0,4562.5,3780.0,2120.0,8200.0,26250.0,9780.0,10650.0,7600.0,1605.0,1010.0,4240.0,22250.0
2019-02-06,5535.0,3563.57470703125,3737.5,4550.0,3860.0,2200.0,8225.0,26550.0,9975.0,10600.0,7650.0,1595.0,1095.0,4290.0,22325.0
2019-02-07,5530.0,3572.66552734375,3775.0,4537.5,3860.0,2170.0,8200.0,26500.0,9945.0,10525.0,7600.0,1610.0,1060.0,4310.0,22175.0
2019-02-08,5520.0,3536.302490234375,3787.5,4487.5,3850.0,2180.0,8150.0,25725.0,9965.0,10600.0,7700.0,1595.0,1025.0,4300.0,21875.0
2019-02-11,5495.0,3518.12109375,3812.5,4525.0,3930.0,2130.0,8000.0,25375.0,9775.0,10500.0,7750.0,1595.0,980.0,4260.0,21275.0
2019-02-12,5460.0,3499.939453125,3712.5,4450.0,3820.0,2070.0,7650.0,24825.0,9820.0,10450.0,7600.0,1570.0,960.0,4190.0,21400.0
2019-02-13,5420.0,3445.39501953125,3625.0,4325.0,3790.0,2020.0,7675.0,25250.0,9850.0,10425.0,7600.0,1570.0,1010.0,4120.0,21150.0
2019-02-14,5380.0,3454.48583984375,3587.5,4387.5,3740.0,2050.0,7600.0,25550.0,9775.0,10500.0,7550.0,1585.0,1000.0,4050.0,21100.0
2019-02-15,5360.0,3427.213623046875,3587.5,4387.5,3790.0,2340.0,7600.0,25025.0,9600.0,10425.0,7425.0,1575.0,950.0,3980.0,20800.0
2019-02-18,5480.0,3490.848876953125,3637.5,4487.5,3900.0,2530.0,7875.0,26150.0,9885.0,10550.0,7625.0,1575.0,995.0,3980.0,21100.0
2019-02-19,5380.0,3554.484130859375,3600.0,4437.5,3920.0,2610.0,7775.0,26050.0,9860.0,10475.0,7500.0,1550.0,1025.0,4200.0,21400.0
2019-02-20,5500.0,3536.302490234375,3550.0,4412.5,3870.0,2620.0,7775.0,26000.0,10005.0,10500.0,7500.0,1545.0,1060.0,4160.0,21975.0
2019-02-21,5505.0,3554.484130859375,3662.5,4462.5,3870.0,2650.0,7700.0,26500.0,9905.0,10475.0,7550.0,1530.0,1035.0,4200.0,23025.0
2019-02-22,5490.0,3545.393310546875,3550.0,4362.5,3840.0,2640.0,7625.0,27950.0,9900.0,10400.0,7625.0,1510.0,1055.0,4130.0,23650.0
2019-02-25,5490.0,3599.937744140625,3625.0,4400.0,3910.0,2590.0,7650.0,27250.0,9765.0,10250.0,7600.0,1505.0,1085.0,4130.0,22900.0
2019-02-26,5555.0,3581.75634765625,3637.5,4425.0,3930.0,2500.0,7600.0,27800.0,9995.0,10400.0,7600.0,1505.0,1045.0,4150.0,22175.0
2019-02-27,5565.0,3518.12109375,3600.0,4425.0,3910.0,2400.0,7600.0,27600.0,9800.0,10425.0,7475.0,1520.0,1030.0,4100.0,21675.0
2019-02-28,5515.0,3499.939453125,3562.5,4400.0,3860.0,2400.0,7150.0,26500.0,9735.0,10225.0,7075.0,1495.0,1015.0,3980.0,21375.0
2019-03-01,5540.0,3518.12109375,3587.5,4487.5,3910.0,2490.0,7225.0,26500.0,9810.0,10300.0,7300.0,1540.0,1055.0,4040.0,21300.0
2019-03-04,5535.0,3527.2119140625,3550.0,4475.0,3850.0,2450.0,7150.0,27500.0,9800.0,10350.0,7375.0,1515.0,1050.0,4060.0,22700.0
2019-03-05,5495.0,3509.0302734375,3475.0,4400.0,3870.0,2400.0,7300.0,26875.0,9730.0,10275.0,7150.0,1505.0,1035.0,3970.0,22400.0
2019-03-06,5490.0,3545.393310546875,3537.5,4400.0,3820.0,2420.0,7325.0,26600.0,9780.0,10250.0,7200.0,1510.0,1045.0,4040.0,22300.0
2019-03-07,5490.0,3545.393310546875,3537.5,4400.0,3820.0,2420.0,7325.0,26600.0,9780.0,10250.0,7200.0,1510.0,1045.0,4040.0,22300.0
2019-03-08,5440.0,3499.939453125,3450.0,4337.5,3740.0,2350.0,7150.0,26100.0,9620.0,10250.0,7250.0,1525.0,990.0,4000.0,22275.0
2019-03-11,5505.0,3509.0302734375,3425.0,4337.5,3800.0,2400.0,7225.0,26900.0,9610.0,10300.0,7150.0,1520.0,995.0,4020.0,23025.0
2019-03-12,5500.0,3490.848876953125,3362.5,4337.5,3760.0,2460.0,7175.0,26150.0,9800.0,10225.0,7100.0,1500.0,970.0,3990.0,22750.0
2019-03-13,5500.0,3445.39501953125,3350.0,4300.0,3720.0,2620.0,7125.0,26275.0,9890.0,10350.0,7175.0,1505.0,965.0,4020.0,23300.0
2019-03-14,5480.0,3490.848876953125,3450.0,4412.5,3740.0,2560.0,7200.0,26125.0,9930.0,10375.0,7075.0,1500.0,965.0,4020.0,22800.0
2019-03-15,5540.0,3590.84716796875,3550.0,4537.5,3750.0,2590.0,7325.0,26475.0,9960.0,10425.0,7175.0,1545.0,975.0,4050.0,22850.0
2019-03-18,5550.0,3636.30078125,3550.0,4675.0,3820.0,2700.0,7325.0,26825.0,9900.0,10375.0,7225.0,1545.0,955.0,4050.0,23025.0
2019-03-19,5490.0,3618.119384765625,3687.5,4675.0,3780.0,2650.0,7275.0,27500.0,9845.0,10300.0,7300.0,1555.0,960.0,4020.0,22850.0
2019-03-20,5470.0,3627.2099609375,3700.0,4650.0,3760.0,2700.0,7275.0,27800.0,9900.0,10375.0,7275.0,1520.0,960.0,4020.0,22825.0
2019-03-21,5475.0,3627.2099609375,3737.5,4762.5,3790.0,2680.0,7250.0,27700.0,9815.0,10375.0,7300.0,1505.0,965.0,4040.0,23375.0
2019-03-22,5485.0,3681.754638671875,3725.0,4800.0,3800.0,2660.0,7225.0,27950.0,9830.0,10325.0,7400.0,1510.0,960.0,4080.0,23325.0
2019-03-25,5455.0,3645.3916015625,3587.5,4600.0,3790.0,2590.0,7050.0,27100.0,9700.0,9400.0,6775.0,1505.0,920.0,4140.0,23850.0
2019-03-26,5470.0,3690.845458984375,3650.0,4687.5,3820.0,2680.0,7100.0,27225.0,9650.0,9575.0,6900.0,1515.0,915.0,4240.0,23975.0
2019-03-27,5485.0,3681.754638671875,3612.5,4675.0,3820.0,2680.0,7175.0,27250.0,9760.0,9150.0,6550.0,1515.0,900.0,4120.0,23800.0
2019-03-28,5470.0,3699.93603515625,3687.5,4712.5,3880.0,2680.0,7100.0,27000.0,9840.0,9275.0,6575.0,1520.0,880.0,4160.0,23850.0
2019-03-29,5510.0,3736.299072265625,3737.5,4700.0,3960.0,2680.0,7300.0,27000.0,9840.0,9325.0,6375.0,1520.0,885.0,4210.0,23925.0
2019-04-01,5500.0,3772.662109375,3750.0,4725.0,3930.0,2710.0,7350.0,27325.0,9850.0,9250.0,6275.0,1490.0,940.0,4200.0,23775.0
2019-04-02,5500.0,3772.662109375,3712.5,4737.5,3930.0,2680.0,7425.0,26700.0,9875.0,9000.0,6225.0,1510.0,920.0,4170.0,23875.0
2019-04-03,5500.0,3772.662109375,3712.5,4737.5,3930.0,2680.0,7425.0,26700.0,9875.0,9000.0,6225.0,1510.0,920.0,4170.0,23875.0
2019-04-04,5540.0,3836.29736328125,3837.5,4850.0,4030.0,2630.0,7550.0,26500.0,9795.0,9050.0,6425.0,1535.0,915.0,4040.0,20900.0
2019-04-05,5530.0,3881.751220703125,3775.0,4862.5,4060.0,2640.0,7650.0,26375.0,9755.0,9075.0,6475.0,1510.0,905.0,4020.0,20200.0
2019-04-08,5480.0,3863.569580078125,3750.0,4737.5,3950.0,2530.0,7525.0,25900.0,9650.0,9025.0,6500.0,1520.0,885.0,4040.0,19525.0
2019-04-09,5535.0,3909.0234375,3837.5,4837.5,3950.0,2550.0,7675.0,26400.0,9795.0,9250.0,6550.0,1530.0,900.0,4070.0,19750.0
2019-04-10,5525.0,3918.1142578125,3775.0,4850.0,3930.0,2580.0,7650.0,26000.0,9820.0,9300.0,6525.0,1525.0,895.0,4010.0,19700.0
2019-04-11,5480.0,3909.0234375,3700.0,4812.5,3890.0,2670.0,7525.0,25450.0,9730.0,9050.0,6175.0,1515.0,895.0,4010.0,20000.0
2019-04-12,5500.0,3918.1142578125,3662.5,4837.5,3830.0,2810.0,7525.0,25450.0,9820.0,9050.0,6325.0,1500.0,880.0,4030.0,20425.0
2019-04-15,5505.0,3954.47705078125,3675.0,4825.0,3830.0,2770.0,7600.0,25950.0,9760.0,9050.0,6400.0,1495.0,885.0,3970.0,20200.0
2019-04-16,5495.0,3945.386474609375,3812.5,4850.0,3870.0,2760.0,7750.0,26425.0,9880.0,9075.0,6450.0,1495.0,895.0,3980.0,20050.0
2019-04-17,5495.0,3945.386474609375,3812.5,4850.0,3870.0,2760.0,7750.0,26425.0,9880.0,9075.0,6450.0,1495.0,895.0,3980.0,20050.0
2019-04-18,5625.0,4054.475341796875,3900.0,4925.0,3860.0,2850.0,7850.0,26075.0,9880.0,9100.0,6275.0,1495.0,885.0,3950.0,19725.0
2019-04-19,5625.0,4054.475341796875,3900.0,4925.0,3860.0,2850.0,7850.0,26075.0,9880.0,9100.0,6275.0,1495.0,885.0,3950.0,19725.0
2019-04-22,5625.0,4036.2939453125,3875.0,4837.5,3780.0,2800.0,7525.0,26075.0,9655.0,9025.0,6250.0,1480.0,855.0,4050.0,19675.0
2019-04-23,5630.0,4027.203125,3837.5,4900.0,3850.0,2930.0,7650.0,27200.0,9850.0,9200.0,6350.0,1500.0,890.0,4050.0,20125.0
2019-04-24,5630.0,3999.930908203125,3837.5,4900.0,3840.0,2870.0,7650.0,27550.0,9730.0,9200.0,6325.0,1510.0,880.0,4130.0,20200.0
2019-04-25,5595.0,3936.295654296875,3825.0,4800.0,3830.0,2860.0,7550.0,27675.0,9280.0,9075.0,6250.0,1470.0,870.0,4030.0,20225.0
2019-04-26,5620.0,3936.295654296875,3862.5,4825.0,3910.0,2870.0,7650.0,27600.0,9100.0,9175.0,6400.0,1515.0,875.0,4020.0,20300.0
2019-04-29,5685.0,3945.386474609375,3887.5,4812.5,3860.0,2900.0,7600.0,26950.0,9000.0,9300.0,6425.0,1500.0,875.0,3950.0,19975.0
2019-04-30,5750.0,3972.65869140625,3862.5,4800.0,3790.0,2920.0,7625.0,27175.0,9100.0,9725.0,6950.0,1545.0,865.0,3960.0,19225.0
2019-05-01,5750.0,3972.65869140625,3862.5,4800.0,3790.0,2920.0,7625.0,27175.0,9100.0,9725.0,6950.0,1545.0,865.0,3960.0,19225.0
2019-05-02,5685.0,3972.65869140625,3850.0,4712.5,3830.0,2780.0,7475.0,26825.0,9045.0,9700.0,7000.0,1510.0,820.0,3940.0,18825.0
2019-05-03,5675.0,3981.74951171875,3825.0,4625.0,3820.0,2780.0,7425.0,26625.0,8930.0,9625.0,6800.0,1495.0,790.0,3790.0,18225.0
2019-05-06,5620.0,3845.38818359375,3762.5,4437.5,3840.0,2850.0,7425.0,26925.0,9065.0,9600.0,6775.0,1475.0,760.0,3790.0,18125.0
2019-05-07,5660.0,3863.569580078125,3825.0,4475.0,3900.0,2980.0,7525.0,27150.0,8900.0,9700.0,6850.0,1500.0,765.0,3400.0,18100.0
2019-05-08,5700.0,3836.29736328125,3762.5,4375.0,3900.0,2960.0,7400.0,27150.0,8960.0,9700.0,6750.0,1500.0,765.0,3190.0,17925.0
2019-05-09,5630.0,3745.389892578125,3750.0,4287.5,3800.0,2960.0,7150.0,26100.0,8610.0,9675.0,6625.0,1460.0,730.0,3110.0,16950.0
2019-05-10,5610.0,3745.389892578125,3737.5,4300.0,3790.0,2930.0,7175.0,26250.0,8840.0,9825.0,6650.0,1445.0,745.0,3080.0,17450.0
2019-05-13,5610.0,3727.208251953125,3762.5,4250.0,3770.0,2760.0,7025.0,25525.0,8720.0,9625.0,6400.0,1440.0,730.0,2940.0,17775.0
2019-05-14,5495.0,3681.754638671875,3725.0,4225.0,3760.0,2770.0,7000.0,25525.0,8570.0,9650.0,6375.0,1390.0,710.0,3050.0,17700.0
2019-05-15,5460.0,3536.302490234375,3712.5,4112.5,3660.0,2650.0,6950.0,25350.0,8400.0,9525.0,6250.0,1350.0,700.0,2900.0,17350.0
2019-05-16,5280.0,3509.0302734375,3675.0,4087.5,3600.0,2560.0,6775.0,24850.0,8360.0,9500.0,6100.0,1295.0,685.0,2810.0,17000.0
2019-05-17,5180.0,3445.39501953125,3537.5,4050.0,3510.0,2540.0,6700.0,24825.0,8320.0,9300.0,6000.0,1260.0,670.0,2750.0,16200.0
2019-05-20,5380.0,3409.031982421875,3612.5,4212.5,3600.0,2650.0,6900.0,24500.0,8460.0,9375.0,6225.0,1330.0,685.0,2810.0,16225.0
2019-05-21,5460.0,3409.031982421875,3625.0,4300.0,3600.0,2670.0,7000.0,24725.0,8475.0,9625.0,6250.0,1340.0,710.0,2810.0,17025.0
2019-05-22,5460.0,3427.213623046875,3650.0,4150.0,3540.0,2640.0,7000.0,24400.0,8415.0,9500.0,6250.0,1325.0,710.0,2850.0,17025.0
2019-05-23,5605.0,3499.939453125,3787.5,4250.0,3660.0,2740.0,7100.0,25550.0,8620.0,9725.0,6400.0,1340.0,740.0,2880.0,17175.0
2019-05-24,5610.0,3499.939453125,3850.0,4325.0,3750.0,2790.0,7175.0,25100.0,8705.0,9700.0,6300.0,1345.0,730.0,2880.0,17100.0
2019-05-27,5685.0,3563.57470703125,3862.5,4350.0,3820.0,2810.0,7125.0,24850.0,8640.0,9775.0,6525.0,1345.0,740.0,2880.0,17050.0
2019-05-28,5735.0,3463.576416015625,3687.5,4075.0,3690.0,2790.0,7075.0,24300.0,8500.0,9725.0,6400.0,1360.0,720.0,3000.0,17000.0
2019-05-29,5740.0,3581.75634765625,3775.0,4075.0,3780.0,2900.0,7200.0,24875.0,8700.0,9725.0,6350.0,1355.0,715.0,3000.0,17250.0
2019-05-30,5740.0,3581.75634765625,3775.0,4075.0,3780.0,2900.0,7200.0,24875.0,8700.0,9725.0,6350.0,1355.0,715.0,3000.0,17250.0
2019-05-31,5820.0,3727.208251953125,3837.5,4200.0,3900.0,2860.0,7450.0,25350.0,8900.0,9800.0,6600.0,1405.0,725.0,3060.0,17525.0
2019-06-03,5820.0,3727.208251953125,3837.5,4200.0,3900.0,2860.0,7450.0,25350.0,8900.0,9800.0,6600.0,1405.0,725.0,3060.0,17525.0
2019-06-04,5820.0,3727.208251953125,3837.5,4200.0,3900.0,2860.0,7450.0,25350.0,8900.0,9800.0,6600.0,1405.0,725.0,3060.0,17525.0
2019-06-05,5820.0,3727.208251953125,3837.5,4200.0,3900.0,2860.0,7450.0,25350.0,8900.0,9800.0,6600.0,1405.0,725.0,3060.0,17525.0
2019-06-06,5820.0,3727.208251953125,3837.5,4200.0,3900.0,2860.0,7450.0,25350.0,8900.0,9800.0,6600.0,1405.0,725.0,3060.0,17525.0
2019-06-07,5820.0,3727.208251953125,3837.5,4200.0,3900.0,2860.0,7450.0,25350.0,8900.0,9800.0,6600.0,1405.0,725.0,3060.0,17525.0
2019-06-10,5880.0,3845.38818359375,3925.0,4337.5,4040.0,2940.0,7675.0,26550.0,8930.0,9800.0,6900.0,1450.0,780.0,2940.0,17000.0
2019-06-11,5910.0,3845.38818359375,3937.5,4287.5,4020.0,2940.0,7625.0,26700.0,8860.0,10150.0,7050.0,1460.0,795.0,2930.0,17000.0
2019-06-12,5845.0,3827.20654296875,3937.5,4300.0,3940.0,2900.0,7500.0,26775.0,9000.0,10150.0,7025.0,1450.0,785.0,2880.0,17100.0
2019-06-13,5805.0,3818.115966796875,3912.5,4325.0,3990.0,2860.0,7500.0,26750.0,8980.0,10000.0,7025.0,1440.0,780.0,2840.0,17000.0
2019-06-14,5800.0,3845.38818359375,3912.5,4250.0,3990.0,2860.0,7425.0,26900.0,8960.0,9975.0,7050.0,1495.0,790.0,2830.0,16800.0
2019-06-17,5795.0,3818.115966796875,3900.0,4225.0,3900.0,2850.0,7375.0,27025.0,8960.0,9950.0,6900.0,1400.0,765.0,2820.0,16850.0
2019-06-18,5900.0,3872.660400390625,3925.0,4362.5,3980.0,2910.0,7500.0,27200.0,9120.0,10125.0,7050.0,1470.0,775.0,2880.0,17000.0
2019-06-19,5940.0,3899.9326171875,3987.5,4450.0,,2950.0,,,9180.0,,7050.0,1480.0,795.0,,17025.0
2019-06-20,5910.0,3918.1142578125,3975.0,4400.0,4040.0,2990.0,7600.0,27500.0,9220.0,10150.0,7000.0,1470.0,805.0,2920.0,17000.0
2019-06-21,5880.0,3963.56787109375,3987.5,4425.0,4040.0,2900.0,7450.0,27450.0,9060.0,10025.0,7075.0,1455.0,800.0,2900.0,17000.0
2019-06-24,5875.0,3918.1142578125,3987.5,4437.5,3980.0,2860.0,7350.0,27450.0,8935.0,9950.0,7050.0,1465.0,795.0,2880.0,17025.0
2019-06-25,5910.0,3936.295654296875,3975.0,4462.5,4010.0,2860.0,7350.0,27800.0,9045.0,10000.0,6975.0,1480.0,845.0,3060.0,18000.0
2019-06-26,5865.0,3963.56787109375,3975.0,4425.0,3980.0,2920.0,7250.0,27800.0,8965.0,10050.0,6950.0,1470.0,825.0,2990.0,17700.0
2019-06-27,5935.0,3981.74951171875,4000.0,4450.0,4090.0,2920.0,7375.0,28075.0,8970.0,10150.0,7000.0,1455.0,830.0,2960.0,17775.0
2019-06-28,5995.0,3963.56787109375,4012.5,4600.0,4140.0,2980.0,7450.0,28200.0,9000.0,10150.0,7025.0,1460.0,845.0,2960.0,17550.0
2019-07-01,5990.0,4018.1123046875,4000.0,4687.5,4220.0,2990.0,7375.0,28825.0,9000.0,10125.0,7075.0,1450.0,850.0,3060.0,17825.0
2019-07-02,6000.0,4009.021728515625,4012.5,4675.0,4250.0,2960.0,7300.0,28475.0,9015.0,10125.0,7125.0,1450.0,840.0,3020.0,17250.0
2019-07-03,6000.0,3999.930908203125,4012.5,4662.5,4240.0,2860.0,7275.0,28250.0,8980.0,10125.0,7100.0,1445.0,815.0,3000.0,17275.0
2019-07-04,5990.0,3990.840087890625,4012.5,4687.5,4250.0,2850.0,7250.0,27700.0,8995.0,10100.0,7050.0,1440.0,820.0,3050.0,17200.0
2019-07-05,5970.0,3999.930908203125,3912.5,4600.0,4280.0,2900.0,7150.0,28025.0,8990.0,10100.0,7000.0,1440.0,810.0,3050.0,17800.0
2019-07-08,5880.0,3999.930908203125,3937.5,4487.5,4270.0,2860.0,7300.0,27300.0,9000.0,10025.0,6925.0,1435.0,825.0,2980.0,17300.0
2019-07-09,6000.0,4009.021728515625,3950.0,4575.0,4350.0,2930.0,7275.0,27700.0,9005.0,10100.0,6850.0,1450.0,825.0,2930.0,17400.0
2019-07-10,6000.0,4063.566162109375,3975.0,4575.0,4290.0,2890.0,7450.0,28025.0,9000.0,10125.0,6900.0,1465.0,820.0,2940.0,17500.0
2019-07-11,6025.0,4099.92919921875,4000.0,4625.0,4270.0,2900.0,7525.0,28000.0,8960.0,10250.0,6850.0,1440.0,850.0,2910.0,17500.0
2019-07-12,6010.0,4099.92919921875,4037.5,4600.0,4180.0,2860.0,7450.0,27850.0,8955.0,10275.0,6775.0,1370.0,845.0,2840.0,17250.0
2019-07-15,6105.0,4118.11083984375,4075.0,4587.5,4280.0,2930.0,7425.0,28025.0,8890.0,10375.0,6775.0,1460.0,880.0,2840.0,17425.0
2019-07-16,6085.0,4136.2919921875,4037.5,4537.5,4240.0,2940.0,7450.0,27800.0,8880.0,10425.0,6900.0,1435.0,895.0,2840.0,17425.0
2019-07-17,6150.0,4109.02001953125,3987.5,4525.0,4230.0,2980.0,7100.0,28000.0,8980.0,10625.0,6975.0,1455.0,900.0,2820.0,17225.0
2019-07-18,6145.0,4045.384765625,3925.0,4437.5,4240.0,3110.0,7150.0,27275.0,9150.0,10725.0,7050.0,1475.0,950.0,2870.0,17225.0
2019-07-19,6200.0,4072.656982421875,3937.5,4450.0,4270.0,3110.0,7100.0,27275.0,9160.0,10850.0,7050.0,1490.0,940.0,2880.0,17150.0
2019-07-22,6290.0,4090.83837890625,3887.5,4425.0,4260.0,3100.0,7100.0,26600.0,9055.0,10650.0,6950.0,1485.0,960.0,2840.0,16850.0
2019-07-23,6235.0,4081.74755859375,3850.0,4312.5,4250.0,3160.0,7150.0,27000.0,9110.0,10725.0,7075.0,1470.0,940.0,2830.0,16950.0
2019-07-24,6250.0,4045.384765625,3850.0,4212.5,4190.0,3120.0,7175.0,26975.0,9085.0,10575.0,6950.0,1440.0,945.0,2780.0,17050.0
2019-07-25,6250.0,4054.475341796875,3900.0,4250.0,4210.0,3250.0,7300.0,26950.0,8990.0,10700.0,6975.0,1475.0,930.0,2790.0,16950.0
2019-07-26,6195.0,4036.2939453125,3875.0,4212.5,4160.0,3170.0,7075.0,26525.0,8960.0,10575.0,6675.0,1450.0,890.0,2750.0,17000.0
2019-07-29,6190.0,4054.475341796875,3900.0,4175.0,4200.0,3270.0,7175.0,25575.0,8640.0,10550.0,6900.0,1460.0,895.0,2700.0,17075.0
2019-07-30,6220.0,4090.83837890625,3975.0,4175.0,4270.0,3300.0,7275.0,25500.0,8610.0,10625.0,6900.0,1460.0,935.0,2730.0,16750.0
2019-07-31,6190.0,4072.656982421875,3987.5,4237.5,4300.0,3230.0,7000.0,24925.0,8720.0,10700.0,7075.0,1470.0,935.0,2740.0,16825.0
2019-08-01,6210.0,4045.384765625,3887.5,4125.0,4280.0,3280.0,7025.0,24450.0,9110.0,10700.0,7225.0,1485.0,925.0,2730.0,16850.0
2019-08-02,6165.0,4045.384765625,3837.5,4050.0,4280.0,3260.0,7075.0,24575.0,9000.0,10850.0,7075.0,1455.0,900.0,2690.0,16850.0
2019-08-05,6000.0,3881.751220703125,3712.5,3962.5,4080.0,3130.0,6925.0,23875.0,8765.0,10875.0,7050.0,1410.0,860.0,2620.0,16850.0
2019-08-06,5880.0,3727.208251953125,3625.0,3912.5,4130.0,3140.0,6750.0,22750.0,8865.0,10775.0,7050.0,1385.0,940.0,2550.0,16050.0
2019-08-07,6010.0,3863.569580078125,3675.0,3937.5,4210.0,3300.0,6725.0,22800.0,8965.0,11225.0,7200.0,1430.0,1005.0,2560.0,15700.0
2019-08-08,6005.0,3899.9326171875,3750.0,4062.5,4260.0,3350.0,6900.0,23200.0,8930.0,11175.0,7425.0,1415.0,1020.0,2570.0,15325.0
2019-08-09,6065.0,3936.295654296875,3725.0,3962.5,4260.0,3310.0,6775.0,23175.0,8965.0,11300.0,7475.0,1440.0,1065.0,2540.0,15050.0
2019-08-12,6040.0,3909.0234375,3700.0,3962.5,4260.0,3360.0,6750.0,21700.0,8995.0,11275.0,7525.0,1465.0,1035.0,2480.0,14650.0
2019-08-13,6015.0,3890.841796875,3675.0,3950.0,4250.0,3340.0,6675.0,21225.0,8855.0,11250.0,7400.0,1460.0,1065.0,2420.0,14000.0
2019-08-14,6010.0,3936.295654296875,3750.0,4050.0,4290.0,3360.0,6675.0,21575.0,8980.0,11350.0,7450.0,1480.0,1110.0,2430.0,13975.0
2019-08-15,6000.0,3863.569580078125,3700.0,4012.5,4290.0,3320.0,6525.0,20750.0,8940.0,11500.0,7575.0,1490.0,1120.0,2380.0,13400.0
2019-08-16,5960.0,3827.20654296875,3687.5,3962.5,4280.0,3250.0,6500.0,20500.0,8995.0,11625.0,7575.0,1510.0,1120.0,2440.0,12900.0
2019-08-19,6015.0,3799.934326171875,3675.0,3937.5,4340.0,3250.0,6425.0,20700.0,8900.0,11525.0,7675.0,1565.0,1085.0,2450.0,12950.0
2019-08-20,5985.0,3727.208251953125,3687.5,3875.0,4470.0,3250.0,6425.0,20550.0,9035.0,11900.0,7775.0,1570.0,1050.0,2460.0,12925.0
2019-08-21,5975.0,3681.754638671875,3612.5,3787.5,4410.0,3270.0,6350.0,20025.0,8975.0,11800.0,7700.0,1575.0,1070.0,2420.0,12400.0
2019-08-22,6000.0,3699.93603515625,3612.5,3800.0,4450.0,3350.0,6325.0,19975.0,9060.0,11825.0,7600.0,1625.0,1040.0,2420.0,12025.0
2019-08-23,5995.0,3709.02685546875,3587.5,3812.5,4380.0,3330.0,6575.0,20500.0,9165.0,11775.0,7775.0,1620.0,1015.0,2490.0,12075.0
2019-08-26,5990.0,3699.93603515625,3525.0,3750.0,4330.0,3320.0,6575.0,20125.0,9175.0,11750.0,7725.0,1620.0,1030.0,2410.0,12000.0
2019-08-27,6005.0,3818.115966796875,3512.5,3787.5,4380.0,3380.0,6525.0,20700.0,9455.0,11750.0,7750.0,1625.0,1020.0,2420.0,12200.0
2019-08-28,5995.0,3809.025146484375,3525.0,3800.0,4370.0,3330.0,6450.0,20900.0,9575.0,11825.0,7750.0,1655.0,1050.0,2410.0,12225.0
2019-08-29,6005.0,3818.115966796875,3537.5,3762.5,4380.0,3390.0,6425.0,20675.0,9570.0,12000.0,7825.0,1670.0,1055.0,2410.0,12650.0
2019-08-30,6100.0,3881.751220703125,3625.0,3850.0,4450.0,3480.0,6675.0,20925.0,9770.0,12050.0,7925.0,1690.0,1070.0,2470.0,13000.0
2019-09-02,6000.0,3836.29736328125,3587.5,3812.5,4410.0,3620.0,6550.0,20600.0,9590.0,11975.0,8000.0,1675.0,1170.0,2420.0,12450.0
2019-09-03,6055.0,3772.662109375,3450.0,3725.0,4350.0,3500.0,6475.0,20400.0,9495.0,12000.0,8000.0,1650.0,1110.0,2440.0,12575.0
2019-09-04,6020.0,3781.7529296875,3462.5,3712.5,4290.0,3500.0,6500.0,20450.0,9515.0,12000.0,7925.0,1660.0,1100.0,2440.0,13150.0
2019-09-05,6040.0,3836.29736328125,3487.5,3762.5,4320.0,3520.0,6700.0,21025.0,9605.0,12000.0,8025.0,1670.0,1100.0,2470.0,14025.0
2019-09-06,6025.0,3881.751220703125,3525.0,3800.0,4210.0,3270.0,6750.0,21575.0,9410.0,11900.0,7975.0,1675.0,1075.0,2600.0,14425.0
2019-09-09,6035.0,3790.843505859375,3487.5,3775.0,4270.0,3280.0,6650.0,23300.0,9540.0,11850.0,8000.0,1675.0,1120.0,2700.0,14900.0
2019-09-10,6055.0,3809.025146484375,3525.0,3875.0,4270.0,3280.0,6675.0,22950.0,9530.0,12025.0,7950.0,1680.0,1130.0,2650.0,14700.0
2019-09-11,6100.0,3863.569580078125,3575.0,4000.0,4250.0,3270.0,6925.0,23500.0,9325.0,11950.0,7750.0,1680.0,1125.0,2690.0,14625.0
2019-09-12,6020.0,3890.841796875,3575.0,3937.5,4170.0,3350.0,6750.0,23050.0,9215.0,11925.0,7550.0,1690.0,1120.0,2620.0,14075.0
2019-09-13,6030.0,3918.1142578125,3600.0,3925.0,4160.0,3450.0,6750.0,22775.0,9320.0,11600.0,7500.0,1680.0,1070.0,2560.0,13350.0
2019-09-16,6005.0,3809.025146484375,3500.0,3837.5,4220.0,3380.0,6700.0,23075.0,9390.0,11825.0,7750.0,1680.0,1050.0,2580.0,13300.0
2019-09-17,6030.0,3863.569580078125,3487.5,3875.0,4270.0,3440.0,6475.0,22850.0,9390.0,11950.0,7775.0,1680.0,1050.0,2570.0,13300.0
2019-09-18,6040.0,3854.478759765625,3600.0,3950.0,4250.0,3500.0,6700.0,22525.0,9335.0,11875.0,7875.0,1680.0,1065.0,2550.0,12925.0
2019-09-19,6030.0,3836.29736328125,3550.0,3887.5,4210.0,3470.0,6600.0,21750.0,9315.0,11900.0,7875.0,1680.0,1045.0,2460.0,12750.0
2019-09-20,5990.0,3781.7529296875,3537.5,3825.0,4290.0,3410.0,6575.0,22000.0,9230.0,11950.0,7700.0,1665.0,1065.0,2470.0,12425.0
2019-09-23,6025.0,3799.934326171875,3500.0,3787.5,4250.0,3390.0,6625.0,22100.0,9460.0,11875.0,7650.0,1665.0,1055.0,2400.0,12450.0
2019-09-24,5945.0,3736.299072265625,3475.0,3725.0,4210.0,3290.0,6475.0,21200.0,9455.0,11800.0,7600.0,1660.0,1015.0,2320.0,12900.0
2019-09-25,5935.0,3709.02685546875,3450.0,3737.5,4220.0,3300.0,6500.0,21125.0,9400.0,11800.0,7625.0,1670.0,1010.0,2300.0,12775.0
2019-09-26,6060.0,3827.20654296875,3550.0,3775.0,4360.0,3500.0,6700.0,20850.0,9350.0,12000.0,7725.0,1670.0,1015.0,2300.0,12800.0
2019-09-27,6070.0,3799.934326171875,3487.5,3712.5,4310.0,3500.0,6650.0,20475.0,9400.0,11950.0,7825.0,1675.0,990.0,2300.0,12675.0
2019-09-30,6070.0,3745.389892578125,3487.5,3675.0,4310.0,3440.0,6600.0,20575.0,9300.0,12025.0,7700.0,1675.0,975.0,2260.0,12400.0
2019-10-01,6040.0,3699.93603515625,3450.0,3637.5,4250.0,3450.0,6550.0,20550.0,9240.0,11925.0,7625.0,1675.0,955.0,2280.0,12475.0
2019-10-02,6050.0,3572.66552734375,3262.5,3462.5,4200.0,3450.0,6450.0,20200.0,9090.0,12200.0,7675.0,1670.0,920.0,2240.0,12150.0
2019-10-03,6040.0,3463.576416015625,3200.0,3450.0,4200.0,3380.0,6475.0,20200.0,9015.0,12200.0,7675.0,1650.0,965.0,2240.0,12125.0
2019-10-04,6045.0,3590.84716796875,3200.0,3437.5,4190.0,3350.0,6425.0,20200.0,9085.0,12225.0,7850.0,1650.0,960.0,2200.0,12025.0
2019-10-07,6070.0,3545.393310546875,3175.0,3337.5,4110.0,3350.0,6325.0,20400.0,8800.0,12275.0,7700.0,1630.0,955.0,2150.0,12100.0
2019-10-08,6100.0,3572.66552734375,3250.0,3412.5,4090.0,3450.0,6350.0,20225.0,8945.0,12400.0,7775.0,1660.0,930.0,2230.0,12400.0
2019-10-09,6070.0,3599.937744140625,3212.5,3375.0,4120.0,3440.0,6275.0,20050.0,8840.0,12000.0,7800.0,1650.0,990.0,2240.0,12650.0
2019-10-10,6110.0,3536.302490234375,3262.5,3375.0,4110.0,3490.0,6275.0,20150.0,8775.0,11450.0,7650.0,1650.0,995.0,2260.0,12875.0
2019-10-11,6125.0,3563.57470703125,3275.0,3487.5,4170.0,3490.0,6475.0,20325.0,8835.0,11625.0,7650.0,1660.0,1015.0,2270.0,12925.0
2019-10-14,6200.0,3563.57470703125,3300.0,3462.5,4190.0,3490.0,6425.0,20625.0,8900.0,11600.0,7700.0,1670.0,1000.0,2250.0,13150.0
2019-10-15,6175.0,3581.75634765625,3287.5,3575.0,4170.0,3530.0,6400.0,20900.0,8950.0,11375.0,7600.0,1660.0,985.0,2260.0,13000.0
2019-10-16,6215.0,3627.2099609375,3312.5,3625.0,4170.0,3530.0,6375.0,20350.0,9120.0,11325.0,7575.0,1655.0,960.0,2260.0,12675.0
2019-10-17,6115.0,3681.754638671875,3350.0,3687.5,4170.0,3530.0,6625.0,20375.0,8950.0,11550.0,7650.0,1655.0,955.0,2220.0,12450.0
2019-10-18,6160.0,3790.843505859375,3387.5,3737.5,4190.0,3540.0,6700.0,20850.0,8625.0,11275.0,7550.0,1625.0,935.0,2350.0,12250.0
2019-10-21,6220.0,3745.389892578125,3400.0,3687.5,4200.0,3500.0,6725.0,20775.0,8685.0,11400.0,7475.0,1635.0,925.0,2350.0,12750.0
2019-10-22,6300.0,3763.5712890625,3412.5,3662.5,4230.0,3520.0,6750.0,21500.0,8790.0,11425.0,7375.0,1630.0,930.0,2360.0,12700.0
2019-10-23,6275.0,3799.934326171875,3537.5,3775.0,4260.0,3480.0,6750.0,21625.0,8855.0,11500.0,7550.0,1610.0,955.0,2450.0,13450.0
2019-10-24,6300.0,3909.0234375,3612.5,3950.0,4350.0,3450.0,6950.0,21925.0,8855.0,11600.0,7650.0,1615.0,975.0,2410.0,13500.0
2019-10-25,6200.0,3845.38818359375,3500.0,3912.5,4280.0,3390.0,6800.0,21200.0,8630.0,11425.0,7550.0,1570.0,955.0,2350.0,13475.0
2019-10-28,6205.0,3845.38818359375,3500.0,3887.5,4260.0,3460.0,6900.0,21450.0,8700.0,11700.0,7700.0,1605.0,915.0,2370.0,13475.0
2019-10-29,6220.0,3845.38818359375,3550.0,3862.5,4330.0,3520.0,6975.0,21325.0,8715.0,11600.0,7500.0,1635.0,925.0,2350.0,13325.0
2019-10-30,6265.0,3863.569580078125,3512.5,3875.0,4270.0,3550.0,6950.0,21700.0,8720.0,11675.0,7600.0,1645.0,930.0,2340.0,13450.0
2019-10-31,6290.0,3827.20654296875,3512.5,3837.5,4110.0,3550.0,6950.0,21675.0,8745.0,11625.0,7700.0,1595.0,890.0,2250.0,13300.0
2019-11-01,6325.0,3799.934326171875,3487.5,3837.5,4080.0,3520.0,6800.0,21500.0,8740.0,11625.0,7750.0,1625.0,855.0,2190.0,12650.0
2019-11-04,6275.0,3781.7529296875,3437.5,3812.5,4150.0,3550.0,6700.0,21575.0,8605.0,11350.0,7800.0,1550.0,840.0,2300.0,12500.0
2019-11-05,6360.0,3909.0234375,3600.0,3862.5,4200.0,3500.0,6900.0,23250.0,8770.0,11200.0,8000.0,1610.0,835.0,2430.0,12750.0
2019-11-06,6295.0,3781.7529296875,3487.5,3750.0,4120.0,3520.0,6850.0,22850.0,8690.0,11225.0,7875.0,1600.0,850.0,2460.0,12700.0
2019-11-07,6285.0,3636.30078125,3500.0,3800.0,4070.0,3500.0,6725.0,22050.0,8670.0,10800.0,7750.0,1585.0,845.0,2390.0,12400.0
2019-11-08,6280.0,3627.2099609375,3550.0,3837.5,4110.0,3450.0,6625.0,23275.0,8630.0,11275.0,7750.0,1585.0,835.0,2580.0,12900.0
2019-11-11,6295.0,3636.30078125,3525.0,3775.0,4100.0,3300.0,6650.0,23325.0,8655.0,11400.0,7925.0,1555.0,830.0,2600.0,13100.0
2019-11-12,6265.0,3636.30078125,3512.5,3800.0,4180.0,3460.0,6775.0,23800.0,8640.0,11400.0,7825.0,1550.0,820.0,2620.0,12875.0
2019-11-13,6280.0,3599.937744140625,3437.5,3675.0,4150.0,3440.0,6725.0,23225.0,8465.0,11475.0,7775.0,1520.0,820.0,2550.0,12500.0
2019-11-14,6270.0,3581.75634765625,3437.5,3650.0,4050.0,3480.0,6575.0,22425.0,8560.0,11400.0,7700.0,1510.0,815.0,2460.0,12350.0
2019-11-15,6275.0,3718.11767578125,3475.0,3725.0,4080.0,3480.0,6525.0,22375.0,8445.0,11400.0,7875.0,1510.0,825.0,2510.0,12375.0
2019-11-18,6280.0,3745.389892578125,3487.5,3712.5,4000.0,3480.0,6600.0,21900.0,8430.0,11400.0,7975.0,1510.0,820.0,2510.0,12200.0
2019-11-19,6315.0,3809.025146484375,3575.0,3800.0,4020.0,3530.0,6650.0,22450.0,8560.0,11425.0,7950.0,1520.0,835.0,2480.0,12050.0
2019-11-20,6350.0,3836.29736328125,3550.0,3825.0,4090.0,3550.0,6625.0,22675.0,8510.0,11425.0,8000.0,1525.0,825.0,2450.0,12000.0
2019-11-21,6300.0,3836.29736328125,3587.5,3850.0,4020.0,3500.0,6600.0,22100.0,8405.0,11400.0,7950.0,1525.0,815.0,2380.0,11850.0
2019-11-22,6305.0,3827.20654296875,3537.5,3825.0,4050.0,3540.0,6625.0,22750.0,8430.0,11425.0,7925.0,1515.0,810.0,2430.0,11525.0
2019-11-25,6275.0,3754.480712890625,3487.5,3750.0,3950.0,3550.0,6500.0,22350.0,8415.0,11400.0,7950.0,1515.0,815.0,2500.0,11525.0
2019-11-26,6285.0,3772.662109375,3462.5,3750.0,3860.0,3490.0,6350.0,21375.0,8300.0,11375.0,7950.0,1530.0,810.0,2630.0,11300.0
2019-11-27,6300.0,3790.843505859375,3450.0,3737.5,3880.0,3390.0,6425.0,21600.0,8200.0,11375.0,7950.0,1515.0,780.0,2580.0,10950.0
2019-11-28,6250.0,3681.754638671875,3387.5,3700.0,3820.0,3230.0,6400.0,20900.0,8360.0,11325.0,7925.0,1485.0,750.0,2470.0,10575.0
2019-11-29,6280.0,3718.11767578125,3487.5,3750.0,3930.0,3340.0,6500.0,20925.0,8360.0,11325.0,7950.0,1525.0,750.0,2420.0,10225.0
2019-12-02,6425.0,3827.20654296875,3550.0,3775.0,3950.0,3390.0,6650.0,21725.0,8570.0,11400.0,8000.0,1570.0,790.0,2530.0,10625.0
2019-12-03,6375.0,3790.843505859375,3587.5,3775.0,3920.0,3420.0,6525.0,21150.0,8535.0,11400.0,7950.0,1600.0,775.0,2500.0,10275.0
2019-12-04,6365.0,3754.480712890625,3537.5,3712.5,3990.0,3410.0,6550.0,20700.0,8400.0,11100.0,7850.0,1570.0,785.0,2460.0,10200.0
2019-12-05,6340.0,3836.29736328125,3587.5,3725.0,4060.0,3350.0,6700.0,20800.0,8430.0,11250.0,7875.0,1565.0,805.0,2560.0,10100.0
2019-12-06,6395.0,3790.843505859375,3587.5,3787.5,4100.0,3400.0,6775.0,21325.0,8450.0,11425.0,8000.0,1570.0,810.0,2550.0,10100.0
2019-12-09,6395.0,3799.934326171875,3625.0,3787.5,4070.0,3270.0,6675.0,21350.0,8455.0,11375.0,8025.0,1565.0,825.0,2590.0,10200.0
2019-12-10,6365.0,3790.843505859375,3687.5,3800.0,4040.0,3300.0,6650.0,21300.0,8435.0,11375.0,7950.0,1570.0,825.0,2550.0,10850.0
2019-12-11,6380.0,3827.20654296875,3675.0,3762.5,4050.0,3300.0,6550.0,20800.0,8420.0,11450.0,7850.0,1565.0,825.0,2520.0,10725.0
2019-12-12,6340.0,3863.569580078125,3650.0,3762.5,3950.0,3260.0,6550.0,20450.0,8200.0,11375.0,7625.0,1570.0,835.0,2470.0,10750.0
2019-12-13,6360.0,3890.841796875,3687.5,3825.0,3990.0,3240.0,6850.0,21175.0,8245.0,11450.0,7750.0,1600.0,850.0,2580.0,11050.0
2019-12-16,6360.0,3936.295654296875,3675.0,3850.0,3970.0,3210.0,6975.0,22000.0,8180.0,11350.0,7875.0,1575.0,865.0,2690.0,11375.0
2019-12-17,6500.0,3954.47705078125,3675.0,3850.0,3980.0,3310.0,6950.0,22375.0,8195.0,11500.0,7950.0,1635.0,860.0,2650.0,11275.0
2019-12-18,6755.0,3999.930908203125,3762.5,3912.5,3990.0,3330.0,6900.0,21800.0,8185.0,11500.0,7950.0,1635.0,830.0,2670.0,11325.0
2019-12-19,6600.0,3954.47705078125,3800.0,3912.5,3900.0,3220.0,6850.0,21725.0,8140.0,11425.0,7925.0,1610.0,835.0,2650.0,11225.0
2019-12-20,6660.0,3963.56787109375,3850.0,3900.0,4020.0,3320.0,6925.0,21250.0,8325.0,11525.0,7925.0,1610.0,830.0,2600.0,11350.0
2019-12-23,6660.0,4045.384765625,3862.5,3962.5,4020.0,3310.0,6900.0,21200.0,8330.0,11400.0,7950.0,1625.0,825.0,2610.0,11175.0
2019-12-26,6680.0,4009.021728515625,3900.0,3975.0,4000.0,3260.0,6875.0,21625.0,8490.0,11275.0,7800.0,1595.0,840.0,2640.0,11250.0
2019-12-27,6695.0,4027.203125,3875.0,3962.5,3990.0,3250.0,6925.0,21675.0,8560.0,11175.0,7925.0,1615.0,835.0,2650.0,11225.0
2019-12-30,6685.0,3999.930908203125,3837.5,3925.0,3970.0,3150.0,6925.0,21525.0,8400.0,11150.0,7925.0,1620.0,840.0,2660.0,11475.0
2020-01-02,6690.0,4009.021728515625,3875.0,3887.5,3910.0,3210.0,6875.0,21500.0,8550.0,11150.0,7975.0,1615.0,840.0,2630.0,11350.0
2020-01-03,6800.0,4018.1123046875,3862.5,3900.0,3980.0,3200.0,6950.0,21275.0,8575.0,11250.0,8025.0,1635.0,850.0,2670.0,11725.0
2020-01-06,6735.0,3972.65869140625,3800.0,3812.5,3960.0,3240.0,6750.0,21575.0,8475.0,11500.0,8000.0,1640.0,885.0,2730.0,11800.0
2020-01-07,6740.0,3999.930908203125,3800.0,3775.0,3940.0,3250.0,6775.0,21250.0,8450.0,11500.0,8200.0,1635.0,875.0,2710.0,11900.0
2020-01-08,6680.0,3981.74951171875,3750.0,3712.5,3900.0,3300.0,6775.0,21550.0,8325.0,11550.0,8225.0,1585.0,905.0,2670.0,11725.0
2020-01-09,6740.0,3999.930908203125,3850.0,3850.0,3960.0,3290.0,6875.0,21325.0,8350.0,11525.0,8250.0,1600.0,880.0,2670.0,11825.0
2020-01-10,6725.0,4009.021728515625,3862.5,3862.5,3980.0,3290.0,6825.0,22250.0,8250.0,11525.0,8250.0,1600.0,885.0,2780.0,12675.0
2020-01-13,6745.0,4099.92919921875,3862.5,3887.5,4030.0,3310.0,6925.0,23050.0,8400.0,11550.0,8150.0,1600.0,870.0,2830.0,13350.0
2020-01-14,6870.0,4154.4736328125,3875.0,3925.0,3950.0,3330.0,7175.0,22700.0,8475.0,11600.0,8125.0,1585.0,850.0,2790.0,13300.0
2020-01-15,6835.0,4163.564453125,3825.0,3837.5,3880.0,3250.0,7200.0,22000.0,8475.0,11475.0,8050.0,1580.0,835.0,2690.0,12700.0
2020-01-16,6850.0,4154.4736328125,3775.0,3850.0,3850.0,3330.0,7125.0,21900.0,8425.0,11600.0,8175.0,1665.0,845.0,2680.0,12700.0
2020-01-17,6875.0,4209.01806640625,3862.5,3887.5,3810.0,3360.0,7075.0,21775.0,8400.0,11575.0,8250.0,1615.0,840.0,2670.0,12775.0
2020-01-20,6835.0,4236.29052734375,3812.5,3775.0,3810.0,3360.0,7000.0,21500.0,8325.0,11600.0,8250.0,1620.0,795.0,2590.0,12375.0
2020-01-21,6830.0,4245.38134765625,3850.0,3787.5,3890.0,3300.0,7025.0,21075.0,8325.0,11700.0,8250.0,1610.0,795.0,2560.0,12150.0
2020-01-22,6840.0,4281.744140625,3900.0,3812.5,3860.0,3200.0,7000.0,20600.0,8300.0,11750.0,8050.0,1590.0,770.0,2480.0,12025.0
2020-01-23,6840.0,4309.0166015625,3887.5,3825.0,3880.0,3220.0,7050.0,20350.0,8325.0,11700.0,8150.0,1575.0,780.0,2410.0,11850.0
2020-01-24,6810.0,4309.0166015625,3962.5,3850.0,3920.0,3190.0,6975.0,20200.0,8175.0,11700.0,8200.0,1540.0,785.0,2370.0,11700.0
2020-01-27,6840.0,4227.19970703125,3862.5,3725.0,3840.0,3060.0,6725.0,19925.0,8275.0,11650.0,8125.0,1520.0,750.0,2240.0,11350.0
2020-01-28,6790.0,4199.92724609375,3875.0,3737.5,3830.0,3050.0,6825.0,19875.0,8250.0,11625.0,8125.0,1500.0,750.0,2330.0,11175.0
2020-01-29,6785.0,4199.92724609375,3900.0,3675.0,3900.0,3010.0,6825.0,20025.0,8250.0,11700.0,7925.0,1525.0,750.0,2330.0,10900.0
2020-01-30,6740.0,4163.564453125,3825.0,3625.0,3860.0,2940.0,6625.0,19975.0,8225.0,11625.0,7900.0,1515.0,740.0,2240.0,10750.0
2020-01-31,6480.0,4054.475341796875,3775.0,3600.0,3800.0,2900.0,6350.0,19200.0,7950.0,11375.0,7825.0,1430.0,720.0,2210.0,10050.0
2020-02-03,6440.0,4054.475341796875,3750.0,3562.5,3740.0,2840.0,6275.0,19075.0,7850.0,11400.0,7675.0,1470.0,715.0,2170.0,10050.0
2020-02-04,6600.0,4145.3828125,3762.5,3675.0,3760.0,2840.0,6400.0,18775.0,7875.0,11600.0,7750.0,1480.0,730.0,2230.0,10150.0
2020-02-05,6730.0,4145.3828125,3850.0,3712.5,3770.0,2890.0,6400.0,18750.0,8100.0,11500.0,7750.0,1485.0,725.0,2320.0,10450.0
2020-02-06,6740.0,4136.2919921875,3850.0,3675.0,3760.0,2890.0,6500.0,18700.0,7950.0,11500.0,7700.0,1460.0,735.0,2290.0,10525.0
2020-02-07,6760.0,4136.2919921875,3862.5,3675.0,3790.0,2900.0,6400.0,18800.0,7900.0,11500.0,7850.0,1470.0,730.0,2320.0,10425.0
2020-02-10,6785.0,4090.83837890625,3862.5,3662.5,3810.0,2800.0,6200.0,18275.0,7875.0,11575.0,7750.0,1480.0,720.0,2250.0,10150.0
2020-02-11,6780.0,4099.92919921875,3887.5,3650.0,3790.0,2860.0,6100.0,18025.0,7850.0,11475.0,7675.0,1460.0,720.0,2310.0,10150.0
2020-02-12,6800.0,4118.11083984375,3900.0,3637.5,3820.0,2860.0,5975.0,17700.0,7600.0,10750.0,7000.0,1410.0,715.0,2280.0,10075.0
2020-02-13,6790.0,4154.4736328125,3925.0,3700.0,3730.0,2710.0,5950.0,17625.0,7400.0,10800.0,7000.0,1370.0,680.0,2280.0,10150.0
2020-02-14,6680.0,4136.2919921875,3912.5,3762.5,3640.0,2620.0,6100.0,18325.0,7475.0,10775.0,7150.0,1390.0,675.0,2330.0,10050.0
2020-02-17,6720.0,4063.566162109375,3925.0,3812.5,3610.0,2650.0,6100.0,18350.0,7400.0,10850.0,7150.0,1390.0,680.0,2340.0,10500.0
2020-02-18,6695.0,3999.930908203125,3912.5,3850.0,3620.0,2720.0,6100.0,18350.0,7400.0,10850.0,7100.0,1395.0,690.0,2380.0,10950.0
2020-02-19,6695.0,4072.656982421875,3975.0,3887.5,3620.0,2760.0,6250.0,18475.0,7475.0,11000.0,7050.0,1435.0,705.0,2400.0,10800.0
2020-02-20,6595.0,4145.3828125,4000.0,3962.5,3630.0,2680.0,6275.0,18425.0,7650.0,11225.0,7300.0,1420.0,710.0,2490.0,10925.0
2020-02-21,6615.0,4099.92919921875,3950.0,3887.5,3690.0,2600.0,6200.0,18225.0,7500.0,10950.0,7200.0,1365.0,700.0,2410.0,10575.0
2020-02-24,6525.0,4081.74755859375,3887.5,3787.5,3640.0,2520.0,6100.0,17900.0,7225.0,11025.0,7200.0,1355.0,685.0,2350.0,10650.0
2020-02-25,6530.0,4090.83837890625,3900.0,3750.0,3590.0,2580.0,6225.0,18275.0,7300.0,10975.0,7225.0,1295.0,660.0,2410.0,11000.0
2020-02-26,6420.0,4072.656982421875,3825.0,3650.0,3510.0,2540.0,6050.0,18000.0,7300.0,10825.0,7025.0,1285.0,630.0,2360.0,11150.0
2020-02-27,6290.0,3754.480712890625,3675.0,3537.5,3470.0,2460.0,5950.0,17575.0,7150.0,10550.0,6900.0,1250.0,600.0,2290.0,11025.0
2020-02-28,6290.0,3809.025146484375,3637.5,3512.5,3490.0,2590.0,5525.0,16600.0,6825.0,10275.0,6500.0,1220.0,575.0,2240.0,11300.0
2020-03-02,6080.0,3618.119384765625,3475.0,3375.0,3440.0,2520.0,5700.0,16675.0,6900.0,10150.0,6675.0,1195.0,585.0,2200.0,10875.0
2020-03-03,6320.0,3727.208251953125,3600.0,3400.0,3620.0,2500.0,5900.0,17650.0,7125.0,10950.0,7125.0,1210.0,615.0,2370.0,11050.0
2020-03-04,6440.0,3836.29736328125,3737.5,3475.0,3830.0,2540.0,5975.0,18500.0,7425.0,10950.0,7175.0,1275.0,630.0,2470.0,10950.0
2020-03-05,6435.0,3772.662109375,3800.0,3412.5,3830.0,2480.0,6050.0,18025.0,7400.0,10950.0,7200.0,1330.0,630.0,2460.0,10900.0
2020-03-06,6200.0,3645.3916015625,3625.0,3200.0,3750.0,2310.0,5675.0,17300.0,7450.0,10950.0,6950.0,1235.0,610.0,2450.0,10425.0
2020-03-09,5785.0,3409.031982421875,3287.5,2825.0,3500.0,2100.0,5025.0,15800.0,7025.0,10375.0,6375.0,1140.0,555.0,2210.0,9550.0
2020-03-10,5925.0,3554.484130859375,3437.5,2837.5,3490.0,2130.0,5150.0,16525.0,7100.0,10775.0,6750.0,1155.0,575.0,2310.0,9500.0
2020-03-11,5850.0,3554.484130859375,3412.5,2762.5,3400.0,1995.0,5125.0,16300.0,7300.0,10950.0,6800.0,1115.0,540.0,2200.0,9025.0
2020-03-12,5560.0,3281.761474609375,3212.5,2512.5,3310.0,1865.0,4910.0,15200.0,7225.0,10525.0,6650.0,1045.0,490.0,2060.0,8300.0
2020-03-13,5560.0,3381.759765625,3175.0,2512.5,3310.0,1800.0,4910.0,15200.0,7225.0,10975.0,6900.0,1045.0,478.0,2060.0,7975.0
2020-03-16,5560.0,3181.76318359375,3175.0,2420.0,3160.0,1675.0,4590.0,14525.0,6975.0,10400.0,6425.0,1000.0,446.0,2060.0,7450.0
2020-03-17,5120.0,2963.585205078125,2762.5,2255.0,2940.0,1575.0,4270.0,13525.0,6500.0,9750.0,6125.0,995.0,416.0,1710.0,6950.0
2020-03-18,5000.0,2854.49609375,2575.0,2100.0,2810.0,1515.0,4150.0,13400.0,6050.0,9325.0,6075.0,1045.0,388.0,1595.0,6475.0
2020-03-19,4650.0,2663.59033203125,2395.0,1955.0,2620.0,1410.0,3860.0,12600.0,5650.0,8850.0,5650.0,975.0,362.0,1485.0,6025.0
2020-03-20,4735.0,2554.501220703125,2230.0,1820.0,2880.0,1595.0,3780.0,14850.0,6225.0,8975.0,5750.0,980.0,374.0,1800.0,6825.0
2020-03-23,4430.0,2381.777099609375,2075.0,1695.0,2680.0,1485.0,3520.0,13825.0,5800.0,8350.0,5350.0,915.0,348.0,1675.0,6400.0
2020-03-24,4500.0,2218.1435546875,1930.0,1580.0,2620.0,1410.0,3280.0,13975.0,5675.0,8300.0,5050.0,865.0,364.0,1790.0,6650.0
2020-03-26,5280.0,2672.68115234375,2235.0,1795.0,2980.0,1760.0,3620.0,15025.0,6775.0,9500.0,5975.0,950.0,416.0,2020.0,7650.0
2020-03-27,5510.0,2936.31298828125,2470.0,1995.0,3090.0,1800.0,4080.0,15500.0,6800.0,9975.0,6800.0,1010.0,460.0,2040.0,7900.0
2020-03-30,5495.0,2736.31640625,2300.0,1860.0,3140.0,1800.0,3800.0,14425.0,6425.0,9650.0,6350.0,1045.0,432.0,1900.0,7350.0
2020-03-31,5525.0,2745.4072265625,2340.0,1910.0,3160.0,2000.0,3900.0,16900.0,7250.0,10225.0,6350.0,1200.0,450.0,2180.0,8100.0
2020-04-01,5480.0,2663.59033203125,2305.0,1840.0,3100.0,1950.0,3770.0,16625.0,7150.0,10150.0,6350.0,1165.0,436.0,2050.0,8100.0
2020-04-02,5410.0,2609.0458984375,2375.0,1925.0,3130.0,2050.0,3930.0,16900.0,7225.0,10200.0,6800.0,1285.0,452.0,2030.0,8150.0
2020-04-03,5495.0,2627.227294921875,2512.5,2005.0,3200.0,2150.0,3900.0,17150.0,7100.0,10000.0,6600.0,1250.0,464.0,2110.0,8225.0
2020-04-06,5735.0,2745.4072265625,2600.0,2145.0,3330.0,2380.0,4030.0,18000.0,7300.0,10250.0,6725.0,1270.0,540.0,2160.0,8625.0
2020-04-07,5655.0,2754.497802734375,2562.5,2155.0,3220.0,2280.0,4060.0,17600.0,7275.0,10075.0,6525.0,1230.0,555.0,2100.0,8250.0
2020-04-08,5635.0,2563.592041015625,2385.0,2005.0,3110.0,2210.0,3850.0,17500.0,7125.0,9600.0,6250.0,1145.0,520.0,1995.0,8025.0
2020-04-09,5595.0,2536.31982421875,2335.0,1995.0,3120.0,2150.0,4090.0,17125.0,7250.0,10100.0,6375.0,1140.0,520.0,1980.0,7725.0
2020-04-13,5500.0,2518.138427734375,2235.0,1995.0,3180.0,2170.0,3960.0,17550.0,7100.0,10200.0,6400.0,1100.0,535.0,2000.0,7750.0
2020-04-14,5515.0,2636.318115234375,2285.0,2075.0,3240.0,2270.0,3960.0,18250.0,7150.0,10350.0,6450.0,1185.0,555.0,2080.0,7975.0
2020-04-15,5485.0,2509.047607421875,2200.0,2100.0,3110.0,2230.0,3820.0,17725.0,6975.0,10175.0,6425.0,1210.0,525.0,1960.0,7900.0
2020-04-16,5240.0,2372.686279296875,2105.0,1990.0,3000.0,2120.0,3620.0,16625.0,6650.0,9900.0,6050.0,1145.0,505.0,1905.0,7550.0
2020-04-17,5425.0,2572.682861328125,2190.0,2080.0,3230.0,2400.0,3800.0,17325.0,6875.0,10200.0,6250.0,1195.0,520.0,1980.0,7700.0
2020-04-20,5355.0,2527.22900390625,2185.0,2050.0,3120.0,2350.0,3720.0,17300.0,7000.0,10075.0,6225.0,1200.0,500.0,1935.0,7500.0
2020-04-21,5160.0,2472.6845703125,2175.0,2015.0,3070.0,2300.0,3640.0,16400.0,6925.0,9975.0,6275.0,1210.0,482.0,1825.0,7150.0
2020-04-22,5145.0,2536.31982421875,2245.0,2010.0,3160.0,2560.0,3640.0,16250.0,7100.0,10025.0,6300.0,1250.0,492.0,1855.0,6925.0
2020-04-23,5120.0,2545.41064453125,2250.0,2010.0,3070.0,2410.0,3760.0,16200.0,7500.0,10150.0,6525.0,1265.0,498.0,1890.0,6975.0
2020-04-24,4920.0,2390.86767578125,2140.0,1900.0,3090.0,2380.0,3630.0,16225.0,7500.0,9900.0,6325.0,1255.0,494.0,1850.0,6900.0
2020-04-27,4960.0,2418.14013671875,2075.0,1900.0,3150.0,2480.0,3710.0,16400.0,7500.0,9925.0,6300.0,1330.0,505.0,1825.0,7100.0
2020-04-28,4830.0,2354.5048828125,2075.0,1910.0,3160.0,2550.0,3740.0,15550.0,7850.0,10025.0,6475.0,1445.0,492.0,1780.0,6900.0
2020-04-29,4850.0,2345.4140625,2000.0,1880.0,3350.0,2590.0,3690.0,15600.0,8000.0,10000.0,6675.0,1470.0,498.0,1790.0,6925.0
2020-04-30,5170.0,2481.775390625,2230.0,2050.0,3500.0,2540.0,3850.0,16300.0,8275.0,9875.0,6525.0,1440.0,510.0,1875.0,7200.0
2020-05-04,5220.0,2390.86767578125,2145.0,1960.0,3320.0,2450.0,3610.0,15525.0,7925.0,9700.0,6600.0,1380.0,494.0,1815.0,7000.0
2020-05-05,5285.0,2390.86767578125,2110.0,1920.0,3320.0,2420.0,3610.0,15200.0,8300.0,9750.0,6525.0,1360.0,500.0,1815.0,7650.0
2020-05-06,5355.0,2381.777099609375,2080.0,1915.0,3240.0,2320.0,3640.0,15300.0,8100.0,9675.0,6500.0,1405.0,500.0,1895.0,7850.0
2020-05-08,5245.0,2354.5048828125,2100.0,1900.0,3190.0,2380.0,3740.0,15825.0,8050.0,9625.0,6625.0,1400.0,535.0,2060.0,7875.0
2020-05-11,5295.0,2381.777099609375,2115.0,1900.0,3220.0,2400.0,3920.0,15725.0,8075.0,9750.0,6525.0,1385.0,530.0,2050.0,7800.0
2020-05-12,5220.0,2263.59716796875,2005.0,1830.0,3150.0,2290.0,3820.0,15500.0,8175.0,9750.0,6325.0,1385.0,515.0,1990.0,7700.0
2020-05-13,5110.0,2245.415771484375,2005.0,1860.0,3160.0,2400.0,3730.0,15275.0,8250.0,9650.0,6325.0,1400.0,535.0,1905.0,7650.0
2020-05-14,4920.0,2136.32666015625,1975.0,1770.0,3070.0,2350.0,3570.0,15000.0,8300.0,9725.0,6575.0,1400.0,515.0,1865.0,7525.0
2020-05-15,4785.0,2036.3284912109375,1880.0,1670.0,3100.0,2460.0,3710.0,14250.0,8575.0,9700.0,6575.0,1400.0,520.0,1815.0,7400.0
2020-05-18,4765.0,1972.6932373046875,1860.0,1665.0,3220.0,2510.0,3910.0,14150.0,8475.0,9725.0,6500.0,1400.0,525.0,1900.0,7725.0
2020-05-19,4680.0,2154.50830078125,1930.0,1760.0,3270.0,2480.0,3950.0,14500.0,8250.0,9900.0,6750.0,1390.0,525.0,1915.0,7850.0
2020-05-20,4765.0,2254.506591796875,2035.0,1800.0,3180.0,2400.0,3970.0,14600.0,8050.0,9600.0,6425.0,1340.0,520.0,1920.0,7675.0
2020-05-26,4970.0,2290.86962890625,2050.0,1815.0,3250.0,2430.0,4330.0,15075.0,8150.0,8950.0,6000.0,1325.0,530.0,2040.0,8100.0
2020-05-27,4965.0,2390.86767578125,2055.0,1815.0,3170.0,2630.0,4350.0,14950.0,8200.0,8325.0,5600.0,1320.0,520.0,2090.0,8200.0
2020-05-28,5295.0,2481.775390625,2145.0,1830.0,3130.0,2490.0,4540.0,15100.0,8025.0,8325.0,5675.0,1355.0,525.0,2090.0,8200.0
2020-05-29,5190.0,2681.77197265625,2235.0,1915.0,3150.0,2590.0,4770.0,15700.0,7750.0,8150.0,5750.0,1415.0,535.0,1945.0,8100.0
2020-06-02,5360.0,2890.859130859375,2310.0,1985.0,3250.0,2570.0,4730.0,16375.0,8100.0,8475.0,6025.0,1385.0,555.0,2080.0,8475.0
2020-06-03,5780.0,2818.133056640625,2430.0,2065.0,3290.0,2580.0,4890.0,17075.0,8225.0,8500.0,6200.0,1415.0,555.0,2110.0,8825.0
2020-06-04,5790.0,2781.77001953125,2365.0,2070.0,3300.0,2650.0,4760.0,17000.0,8175.0,8500.0,6150.0,1410.0,570.0,2180.0,8925.0
2020-06-05,5725.0,2827.223876953125,2425.0,2125.0,3230.0,2730.0,5000.0,17100.0,8050.0,8625.0,6150.0,1410.0,590.0,2210.0,8925.0
2020-06-08,5900.0,2999.9482421875,2625.0,2415.0,3230.0,2700.0,5025.0,17550.0,8200.0,8775.0,6200.0,1425.0,630.0,2300.0,8600.0
2020-06-09,5805.0,2918.13134765625,2637.5,2430.0,3140.0,2650.0,5000.0,17775.0,8300.0,8900.0,6300.0,1410.0,610.0,2390.0,8450.0
2020-06-10,5800.0,2754.497802734375,2455.0,2260.0,3110.0,2640.0,4850.0,17225.0,8200.0,8650.0,6150.0,1470.0,595.0,2370.0,7925.0
2020-06-11,5680.0,2699.953369140625,2345.0,2105.0,3080.0,2550.0,4700.0,16450.0,8200.0,8600.0,6100.0,1420.0,580.0,2280.0,7750.0
2020-06-12,5670.0,2754.497802734375,2445.0,2235.0,3030.0,2560.0,4790.0,16450.0,8200.0,8600.0,6100.0,1380.0,580.0,2390.0,7825.0
2020-06-15,5500.0,2636.318115234375,2360.0,2100.0,3090.0,2530.0,4740.0,16125.0,8275.0,8700.0,6200.0,1405.0,565.0,2360.0,7575.0
2020-06-16,5760.0,2845.405517578125,2512.5,2305.0,3200.0,2610.0,4970.0,16950.0,8275.0,8875.0,6400.0,1425.0,610.0,2440.0,7850.0
2020-06-17,5720.0,2818.133056640625,2450.0,2275.0,3210.0,2690.0,4970.0,17700.0,8275.0,8950.0,6550.0,1430.0,635.0,2470.0,7825.0
2020-06-18,5585.0,2772.679443359375,2410.0,2250.0,3280.0,2750.0,4800.0,17650.0,8050.0,8750.0,6475.0,1410.0,620.0,2450.0,7750.0
2020-06-19,5575.0,2818.133056640625,2440.0,2240.0,3280.0,2790.0,4890.0,17850.0,8050.0,8925.0,6575.0,1460.0,610.0,2280.0,7225.0
2020-06-22,5540.0,2781.77001953125,2405.0,2235.0,3200.0,2720.0,4890.0,16900.0,8050.0,9100.0,6575.0,1470.0,605.0,2130.0,7475.0
2020-06-23,5620.0,2736.31640625,2395.0,2190.0,3130.0,2690.0,4900.0,16575.0,8000.0,8925.0,6425.0,1435.0,595.0,2080.0,7400.0
2020-06-24,5705.0,2836.314697265625,2575.0,2370.0,3180.0,2690.0,5000.0,16725.0,8075.0,9075.0,6525.0,1460.0,605.0,2120.0,7400.0
2020-06-25,5725.0,2781.77001953125,2512.5,2275.0,3160.0,2640.0,4900.0,16475.0,7900.0,8975.0,6375.0,1455.0,600.0,2060.0,7275.0
2020-06-26,5645.0,2754.497802734375,2500.0,2290.0,3190.0,2750.0,4900.0,16475.0,7900.0,9225.0,6675.0,1445.0,605.0,2060.0,7250.0
2020-06-29,5675.0,2763.588623046875,2470.0,2295.0,3180.0,2770.0,4800.0,16700.0,7925.0,9400.0,6750.0,1440.0,595.0,2030.0,7225.0
2020-06-30,5695.0,2754.497802734375,2475.0,2290.0,3050.0,2770.0,4800.0,16550.0,7900.0,9350.0,6525.0,1460.0,605.0,2020.0,7100.0
2020-07-01,5800.0,2781.77001953125,2495.0,2270.0,3040.0,2730.0,4810.0,17000.0,7800.0,9200.0,6550.0,1465.0,600.0,2090.0,7250.0
2020-07-02,5870.0,2781.77001953125,2500.0,2295.0,3140.0,2720.0,4870.0,17150.0,8050.0,9550.0,6575.0,1495.0,610.0,2070.0,7350.0
2020-07-03,5870.0,2772.679443359375,2500.0,2280.0,3120.0,2770.0,4850.0,17150.0,7900.0,9425.0,6675.0,1495.0,600.0,2050.0,7325.0
2020-07-06,5935.0,2763.588623046875,2537.5,2305.0,3050.0,2950.0,4840.0,17225.0,7900.0,9425.0,6625.0,1530.0,640.0,2070.0,7425.0
2020-07-07,5990.0,2754.497802734375,2525.0,2300.0,3120.0,2900.0,4830.0,17325.0,7925.0,9500.0,6575.0,1515.0,650.0,2050.0,7425.0
2020-07-08,6200.0,2899.949951171875,2637.5,2400.0,3150.0,2960.0,4910.0,18450.0,8100.0,9450.0,6625.0,1520.0,660.0,2080.0,7475.0
2020-07-09,6100.0,2854.49609375,2625.0,2365.0,3110.0,2920.0,4900.0,18450.0,7975.0,9350.0,6550.0,1530.0,650.0,2100.0,7700.0
2020-07-10,6200.0,2827.223876953125,2587.5,2335.0,3110.0,2860.0,4830.0,17925.0,7925.0,9225.0,6500.0,1470.0,645.0,2070.0,7450.0
2020-07-13,6175.0,2872.677734375,2625.0,2375.0,3090.0,2940.0,4900.0,18500.0,8025.0,9250.0,6575.0,1460.0,675.0,2170.0,7750.0
2020-07-14,6200.0,2881.768310546875,2650.0,2360.0,3080.0,2970.0,4950.0,18325.0,8075.0,9450.0,6600.0,1505.0,660.0,2140.0,7625.0
2020-07-15,6150.0,2845.405517578125,2637.5,2355.0,3090.0,2930.0,5150.0,18250.0,8050.0,9450.0,6525.0,1510.0,655.0,2150.0,7675.0
2020-07-16,6180.0,2854.49609375,2637.5,2350.0,3100.0,2870.0,5250.0,18325.0,8100.0,9575.0,6625.0,1485.0,650.0,2120.0,7675.0
2020-07-17,6120.0,2818.133056640625,2587.5,2335.0,3060.0,2850.0,5200.0,18450.0,8125.0,9275.0,6550.0,1465.0,660.0,2140.0,7850.0
2020-07-20,6140.0,2772.679443359375,2550.0,2270.0,3060.0,2870.0,5100.0,18400.0,8125.0,9325.0,6600.0,1485.0,650.0,2080.0,7675.0
2020-07-21,6200.0,2863.5869140625,2650.0,2340.0,3060.0,2840.0,5375.0,19325.0,8000.0,9325.0,6675.0,1520.0,685.0,2110.0,7800.0
2020-07-22,6180.0,2818.133056640625,2712.5,2335.0,3070.0,2800.0,5300.0,20000.0,8000.0,9375.0,6675.0,1575.0,685.0,2080.0,7750.0
2020-07-23,6200.0,2854.49609375,2850.0,2355.0,3070.0,2820.0,5175.0,20075.0,8050.0,9400.0,6725.0,1615.0,690.0,2110.0,7900.0
2020-07-24,6100.0,2809.04248046875,2800.0,2305.0,3020.0,2760.0,5050.0,19450.0,8050.0,9175.0,6475.0,1570.0,685.0,2070.0,7675.0
2020-07-27,6100.0,2863.5869140625,2937.5,2325.0,3040.0,2800.0,5125.0,21000.0,8075.0,9000.0,6475.0,1550.0,725.0,2080.0,8000.0
2020-07-28,6185.0,2854.49609375,2925.0,2340.0,3020.0,2730.0,5175.0,21600.0,8150.0,9050.0,6425.0,1515.0,720.0,2080.0,8050.0
2020-07-29,6135.0,2836.314697265625,2850.0,2295.0,3000.0,2540.0,5075.0,21500.0,8250.0,9125.0,6400.0,1525.0,730.0,2070.0,7900.0
2020-07-30,6240.0,2872.677734375,2900.0,2300.0,3050.0,2500.0,5150.0,21350.0,8400.0,9200.0,6450.0,1565.0,730.0,2030.0,7900.0
2020-08-03,6130.0,2718.134765625,2750.0,2220.0,2920.0,2380.0,4880.0,20450.0,8250.0,9300.0,6475.0,1560.0,700.0,1975.0,7650.0
2020-08-04,6210.0,2799.95166015625,2787.5,2280.0,2950.0,2440.0,4960.0,20450.0,8225.0,10025.0,6750.0,1575.0,705.0,2010.0,7725.0
2020-08-05,6205.0,2799.95166015625,2850.0,2315.0,3020.0,2480.0,5050.0,21525.0,8250.0,10550.0,7075.0,1615.0,750.0,2040.0,7725.0
2020-08-06,6260.0,2827.223876953125,2887.5,2320.0,3020.0,2530.0,5225.0,23775.0,8175.0,10325.0,7025.0,1600.0,835.0,2080.0,7975.0
2020-08-07,6180.0,2827.223876953125,2900.0,2310.0,2980.0,2440.0,5275.0,24700.0,8125.0,10175.0,6875.0,1580.0,840.0,2050.0,7850.0
2020-08-10,6120.0,2845.405517578125,2900.0,2310.0,2970.0,2450.0,5125.0,24775.0,8100.0,10175.0,6975.0,1610.0,825.0,2120.0,8575.0
2020-08-11,6175.0,2899.949951171875,2987.5,2390.0,2930.0,2410.0,5225.0,24275.0,8050.0,10200.0,7050.0,1600.0,800.0,2100.0,8375.0
2020-08-12,6260.0,3045.40185546875,3075.0,2562.5,2950.0,2430.0,5400.0,23525.0,8050.0,10150.0,7050.0,1615.0,770.0,2060.0,8125.0
2020-08-13,6300.0,3027.220458984375,3025.0,2537.5,3010.0,2610.0,5400.0,23300.0,8175.0,10250.0,7225.0,1625.0,770.0,2070.0,8175.0
2020-08-14,6405.0,3036.311279296875,3012.5,2500.0,3030.0,2550.0,5375.0,23075.0,8200.0,10175.0,7325.0,1625.0,785.0,2060.0,8125.0
2020-08-18,6360.0,3199.94482421875,3075.0,2525.0,3050.0,2520.0,5375.0,23600.0,8225.0,10200.0,7250.0,1620.0,805.0,2080.0,8200.0
2020-08-19,6330.0,3236.3076171875,3050.0,2525.0,3000.0,2520.0,5300.0,23475.0,8200.0,10100.0,7200.0,1605.0,795.0,2110.0,8200.0
2020-08-24,6315.0,3309.03369140625,3000.0,2550.0,3000.0,2490.0,5300.0,23000.0,8175.0,10225.0,7500.0,1600.0,780.0,2100.0,8150.0
2020-08-25,6365.0,3454.48583984375,3125.0,2637.5,2980.0,2480.0,5300.0,23550.0,8200.0,10425.0,7850.0,1620.0,790.0,2120.0,8300.0
2020-08-26,6340.0,3399.941162109375,3175.0,2662.5,3020.0,2540.0,5350.0,23250.0,8200.0,10350.0,7675.0,1590.0,785.0,2130.0,8400.0
2020-08-27,6600.0,3363.578369140625,3150.0,2650.0,2990.0,2540.0,5300.0,23525.0,8250.0,10350.0,7675.0,1615.0,795.0,2130.0,8500.0
2020-08-28,6495.0,3354.487548828125,3112.5,2625.0,2960.0,2550.0,5325.0,23425.0,8250.0,10325.0,7625.0,1610.0,820.0,2130.0,8600.0
2020-08-31,6275.0,3190.85400390625,2975.0,2550.0,2860.0,2440.0,5100.0,23000.0,8225.0,10225.0,7625.0,1580.0,820.0,2040.0,8275.0
2020-09-01,6520.0,3281.761474609375,3062.5,2587.5,2900.0,2420.0,5250.0,23500.0,8225.0,10225.0,7650.0,1595.0,840.0,2100.0,8650.0
2020-09-02,6435.0,3327.21533203125,3037.5,2612.5,2950.0,2410.0,5300.0,23350.0,8150.0,10200.0,7750.0,1600.0,850.0,2150.0,8700.0
2020-09-03,6500.0,3254.4892578125,2987.5,2675.0,2900.0,2340.0,5175.0,23400.0,8175.0,10225.0,7725.0,1595.0,830.0,2140.0,8650.0
2020-09-04,6380.0,3227.217041015625,2962.5,2612.5,2860.0,2300.0,5050.0,23100.0,8400.0,10300.0,7600.0,1590.0,825.0,2100.0,8500.0
2020-09-07,6285.0,3190.85400390625,2925.0,2625.0,2900.0,2250.0,5025.0,23150.0,8375.0,10325.0,7800.0,1600.0,825.0,2110.0,8550.0
2020-09-08,6335.0,3199.94482421875,2987.5,2625.0,2860.0,2240.0,5125.0,23150.0,8375.0,10325.0,7900.0,1580.0,825.0,2080.0,8550.0
2020-09-09,6245.0,3099.946533203125,2887.5,2512.5,2800.0,2190.0,4900.0,22650.0,8250.0,10275.0,7575.0,1555.0,795.0,2040.0,8375.0
2020-09-10,5810.0,2890.859130859375,2687.5,2340.0,2700.0,2040.0,4560.0,21400.0,7975.0,9975.0,7250.0,1480.0,740.0,1900.0,7800.0
2020-09-11,5905.0,2954.494384765625,2737.5,2435.0,2810.0,2190.0,4630.0,22925.0,8300.0,10250.0,7575.0,1575.0,775.0,1970.0,8250.0
2020-09-14,6050.0,3127.21875,2875.0,2525.0,2890.0,2270.0,4790.0,23000.0,8200.0,10550.0,7800.0,1590.0,800.0,2050.0,8375.0
2020-09-15,5860.0,3027.220458984375,2837.5,2470.0,2830.0,2200.0,4820.0,23875.0,8100.0,10400.0,7675.0,1545.0,805.0,2050.0,8450.0
2020-09-16,5750.0,2963.585205078125,2825.0,2435.0,2790.0,2130.0,4780.0,24025.0,8000.0,10450.0,7600.0,1540.0,795.0,2040.0,8400.0
2020-09-17,5755.0,2909.040771484375,2787.5,2360.0,2820.0,2090.0,4860.0,23400.0,8075.0,10200.0,7400.0,1515.0,775.0,2010.0,8300.0
2020-09-18,5630.0,2927.22216796875,2787.5,2370.0,2890.0,2150.0,4780.0,23800.0,8025.0,10175.0,7525.0,1545.0,790.0,2000.0,8325.0
2020-09-21,5605.0,2899.949951171875,2737.5,2295.0,2810.0,2060.0,4670.0,23600.0,8000.0,10150.0,7525.0,1500.0,765.0,2000.0,8275.0
2020-09-22,5450.0,2845.405517578125,2650.0,2270.0,2780.0,2030.0,4670.0,22825.0,7950.0,10250.0,7525.0,1455.0,735.0,2000.0,8325.0
2020-09-23,5505.0,2799.95166015625,2600.0,2210.0,2800.0,1985.0,4630.0,23150.0,7925.0,10350.0,7425.0,1530.0,750.0,1980.0,8225.0
2020-09-24,5445.0,2754.497802734375,2537.5,2165.0,2730.0,1930.0,4600.0,22875.0,7800.0,10100.0,7125.0,1515.0,720.0,1950.0,8050.0
2020-09-25,5610.0,2872.677734375,2675.0,2300.0,2690.0,1965.0,4860.0,23200.0,7925.0,10050.0,7125.0,1580.0,730.0,1990.0,8175.0
2020-09-28,5515.0,2809.04248046875,2575.0,2270.0,2660.0,2010.0,4740.0,22575.0,7900.0,10075.0,7000.0,1525.0,725.0,1970.0,8075.0
2020-09-29,5505.0,2763.588623046875,2537.5,2255.0,2630.0,1990.0,4570.0,22650.0,7975.0,10150.0,7000.0,1510.0,715.0,1985.0,8175.0
2020-09-30,5420.0,2763.588623046875,2480.0,2220.0,2560.0,2030.0,4460.0,22800.0,8100.0,10075.0,7150.0,1550.0,705.0,1970.0,8150.0
2020-10-01,5570.0,2872.677734375,2600.0,2285.0,2750.0,2200.0,4610.0,22775.0,8025.0,10150.0,7175.0,1610.0,735.0,2000.0,8200.0
2020-10-02,5505.0,2818.133056640625,2600.0,2255.0,2680.0,2100.0,4590.0,22675.0,8000.0,10075.0,7075.0,1570.0,725.0,1970.0,8125.0
2020-10-05,5520.0,2872.677734375,2675.0,2310.0,2650.0,2090.0,4560.0,22325.0,8075.0,10100.0,7100.0,1565.0,720.0,1950.0,8075.0
2020-10-06,5700.0,2899.949951171875,2750.0,2335.0,2650.0,2120.0,4620.0,22625.0,7975.0,10100.0,7225.0,1565.0,720.0,1970.0,8125.0
2020-10-07,5755.0,2836.314697265625,2775.0,2335.0,2660.0,2180.0,4630.0,22275.0,8000.0,10000.0,7125.0,1590.0,715.0,1965.0,8100.0
2020-10-08,5780.0,2863.5869140625,2725.0,2335.0,2700.0,2200.0,4750.0,22600.0,8025.0,10075.0,7225.0,1600.0,720.0,1990.0,8125.0
2020-10-09,5775.0,2863.5869140625,2775.0,2320.0,2730.0,2200.0,4740.0,22400.0,8050.0,10050.0,7225.0,1570.0,765.0,1985.0,8100.0
2020-10-12,5855.0,2899.949951171875,2812.5,2335.0,2730.0,2210.0,4700.0,22500.0,7950.0,9950.0,7200.0,1580.0,780.0,2020.0,8200.0
2020-10-13,5855.0,2981.7666015625,2837.5,2380.0,2730.0,2190.0,4740.0,22500.0,7975.0,9925.0,7250.0,1585.0,765.0,2030.0,8200.0
2020-10-14,5900.0,3054.49267578125,2887.5,2475.0,2810.0,2210.0,4820.0,22475.0,7925.0,9950.0,7125.0,1590.0,955.0,2050.0,8225.0
2020-10-15,5785.0,3009.038818359375,2800.0,2390.0,2780.0,2130.0,4740.0,21700.0,7925.0,9750.0,7050.0,1560.0,935.0,2010.0,8100.0
2020-10-16,5760.0,2954.494384765625,2787.5,2405.0,2750.0,2130.0,4930.0,21875.0,8000.0,9750.0,7075.0,1550.0,940.0,2050.0,8300.0
2020-10-19,5900.0,2981.7666015625,2850.0,2445.0,2710.0,2130.0,5000.0,22050.0,7900.0,9825.0,7150.0,1570.0,1055.0,2050.0,8450.0
2020-10-20,5805.0,2954.494384765625,2825.0,2405.0,2670.0,2090.0,5175.0,22275.0,8000.0,9725.0,7025.0,1565.0,1035.0,2010.0,8350.0
2020-10-21,5780.0,2945.403564453125,2762.5,2440.0,2680.0,2050.0,5250.0,22275.0,7950.0,9700.0,7075.0,1565.0,1100.0,2000.0,8225.0
2020-10-22,5800.0,2999.9482421875,2725.0,2430.0,2700.0,2110.0,5250.0,22150.0,7850.0,9650.0,7225.0,1580.0,1085.0,1965.0,8050.0
2020-10-23,5770.0,2990.857421875,2775.0,2425.0,2630.0,2070.0,5400.0,21925.0,7925.0,9725.0,7075.0,1585.0,1085.0,1960.0,8075.0
2020-10-26,5815.0,3036.311279296875,2887.5,2425.0,2650.0,2040.0,5400.0,21725.0,7875.0,9775.0,7075.0,1545.0,1060.0,1970.0,8125.0
2020-10-27,5790.0,3054.49267578125,2887.5,2370.0,2620.0,2030.0,5425.0,21125.0,7825.0,9650.0,7000.0,1525.0,1055.0,1960.0,8125.0
2020-11-02,5820.0,3072.67431640625,2987.5,2330.0,2560.0,2010.0,5400.0,20450.0,7625.0,9750.0,7025.0,1495.0,1100.0,1940.0,8250.0
2020-11-03,5890.0,3072.67431640625,3000.0,2335.0,2580.0,2010.0,5500.0,20900.0,7825.0,9725.0,7000.0,1475.0,1110.0,1950.0,8300.0
2020-11-04,5820.0,2990.857421875,2850.0,2310.0,2580.0,1985.0,5400.0,20600.0,7800.0,9775.0,6950.0,1455.0,1105.0,1935.0,8275.0
2020-11-05,6150.0,3172.67236328125,2987.5,2415.0,2770.0,2110.0,5500.0,20875.0,7900.0,9900.0,7125.0,1500.0,1125.0,1970.0,8350.0
2020-11-06,6300.0,3236.3076171875,3025.0,2480.0,2830.0,2180.0,5825.0,20975.0,8075.0,9875.0,7175.0,1515.0,1125.0,1990.0,8550.0
2020-11-09,6285.0,3354.487548828125,3075.0,2550.0,2880.0,2130.0,5600.0,20875.0,7950.0,9750.0,7200.0,1480.0,1240.0,2010.0,8575.0
2020-11-10,6480.0,3636.30078125,3187.5,2662.5,2860.0,2190.0,5750.0,20650.0,7800.0,9675.0,7150.0,1495.0,1200.0,2020.0,8450.0
2020-11-11,6540.0,3745.389892578125,3187.5,2737.5,3080.0,2340.0,6000.0,21450.0,7750.0,9600.0,7050.0,1470.0,1195.0,2070.0,8525.0
2020-11-12,6420.0,3590.84716796875,3087.5,2687.5,3040.0,2290.0,6000.0,21100.0,7800.0,9775.0,7175.0,1485.0,1170.0,2040.0,8550.0
2020-11-13,6390.0,3636.30078125,3125.0,2825.0,2990.0,2290.0,5900.0,21125.0,7750.0,9700.0,7100.0,1495.0,1170.0,2040.0,8475.0
2020-11-16,6480.0,3599.937744140625,3100.0,2837.5,3070.0,2320.0,5925.0,21250.0,7725.0,9750.0,7150.0,1490.0,1185.0,2130.0,9100.0
2020-11-17,6550.0,3599.937744140625,3125.0,2875.0,3220.0,2300.0,5800.0,21050.0,7775.0,10250.0,7275.0,1500.0,1190.0,2110.0,9150.0
2020-11-18,6570.0,3672.663818359375,3175.0,2862.5,3180.0,2300.0,5775.0,21000.0,7800.0,10275.0,7350.0,1505.0,1240.0,2110.0,9200.0
2020-11-19,6615.0,3672.663818359375,3162.5,2875.0,3170.0,2300.0,5725.0,21500.0,7775.0,10350.0,7275.0,1495.0,1235.0,2230.0,10275.0
2020-11-20,6600.0,3654.482421875,3150.0,2837.5,3220.0,2300.0,5725.0,21300.0,7725.0,10100.0,7225.0,1495.0,1210.0,2190.0,10150.0
2020-11-23,6600.0,3709.02685546875,3200.0,2950.0,3320.0,2430.0,5800.0,22100.0,7825.0,10200.0,7275.0,1495.0,1255.0,2280.0,10500.0
2020-11-24,6565.0,3818.115966796875,3212.5,2975.0,3350.0,2500.0,5800.0,22425.0,7850.0,10125.0,7250.0,1485.0,1235.0,2280.0,10950.0
2020-11-25,6410.0,3927.204833984375,3262.5,3025.0,3280.0,2490.0,5550.0,24225.0,7725.0,10000.0,7150.0,1470.0,1205.0,2280.0,11200.0
2020-11-26,6480.0,3899.9326171875,3362.5,3150.0,3470.0,2540.0,5650.0,24500.0,7750.0,10125.0,7225.0,1490.0,1210.0,2360.0,11500.0
2020-11-27,6385.0,3881.751220703125,3325.0,3175.0,3460.0,2530.0,5550.0,24725.0,7750.0,10600.0,7300.0,1480.0,1230.0,2410.0,11850.0
2020-11-30,6205.0,3718.11767578125,3162.5,3000.0,3230.0,2410.0,5300.0,23000.0,7725.0,9900.0,7100.0,1505.0,1145.0,2360.0,13100.0
2020-12-01,6395.0,3854.478759765625,3262.5,3125.0,3240.0,2450.0,5550.0,24175.0,7700.0,10100.0,7100.0,1485.0,1155.0,2430.0,13800.0
2020-12-02,6450.0,3909.0234375,3325.0,3175.0,3330.0,2460.0,5725.0,26000.0,7650.0,10175.0,7150.0,1495.0,1245.0,2450.0,14875.0
2020-12-03,6460.0,3999.930908203125,3287.5,3175.0,3300.0,2420.0,5625.0,26100.0,7550.0,10025.0,7050.0,1465.0,1255.0,2440.0,14900.0
2020-12-04,6390.0,3909.0234375,3300.0,3175.0,3250.0,2450.0,5700.0,26500.0,7600.0,9950.0,7025.0,1475.0,1245.0,2480.0,14950.0
2020-12-07,6520.0,3999.930908203125,3350.0,3325.0,3330.0,2520.0,5850.0,26975.0,7675.0,9950.0,7100.0,1485.0,1280.0,2680.0,14975.0
2020-12-08,6490.0,3999.930908203125,3337.5,3325.0,3300.0,2480.0,5700.0,26775.0,7625.0,9800.0,7000.0,1475.0,1300.0,2820.0,14825.0
2020-12-10,6575.0,3936.295654296875,3400.0,3300.0,3260.0,2420.0,5825.0,26025.0,7550.0,9950.0,6975.0,1480.0,1395.0,2800.0,14250.0
2020-12-11,6735.0,3890.841796875,3387.5,3287.5,3280.0,2460.0,5675.0,26150.0,7475.0,9825.0,6925.0,1465.0,1450.0,2810.0,14675.0
2020-12-14,6820.0,3890.841796875,3362.5,3287.5,3320.0,2620.0,5675.0,27400.0,7500.0,9825.0,7025.0,1485.0,1525.0,3050.0,15400.0
2020-12-15,6790.0,3890.841796875,3350.0,3250.0,3450.0,2700.0,5950.0,26575.0,7475.0,9700.0,6900.0,1485.0,1560.0,3070.0,15225.0
2020-12-16,6950.0,3927.204833984375,3387.5,3337.5,3610.0,2900.0,6125.0,27175.0,7500.0,9775.0,6900.0,1545.0,1815.0,3170.0,15250.0
2020-12-17,6935.0,3936.295654296875,3437.5,3337.5,3540.0,2790.0,6200.0,27125.0,7425.0,9725.0,6850.0,1540.0,1815.0,3040.0,14725.0
2020-12-18,6800.0,3890.841796875,3350.0,3325.0,3510.0,2790.0,6200.0,26625.0,7600.0,9700.0,6825.0,1540.0,1950.0,2980.0,14875.0
2020-12-21,6830.0,3827.20654296875,3350.0,3300.0,3520.0,2900.0,6150.0,28275.0,7625.0,9775.0,7050.0,1545.0,1965.0,3040.0,15075.0
2020-12-22,6715.0,3754.480712890625,3200.0,3150.0,3360.0,2760.0,6075.0,26450.0,7475.0,9600.0,6825.0,1505.0,1835.0,2880.0,14275.0
2020-12-23,6725.0,3781.7529296875,3175.0,3125.0,3320.0,2710.0,6000.0,26075.0,7425.0,9525.0,6800.0,1465.0,1790.0,2820.0,14250.0
2020-12-28,6780.0,3863.569580078125,3262.5,3225.0,3430.0,2810.0,6075.0,26925.0,7450.0,9475.0,6925.0,1500.0,2000.0,2850.0,14350.0
2020-12-29,6765.0,3799.934326171875,3212.5,3150.0,3420.0,2850.0,6050.0,26500.0,7350.0,9300.0,6825.0,1490.0,1945.0,2890.0,14275.0
2020-12-30,6770.0,3790.843505859375,3162.5,3087.5,3310.0,2730.0,6025.0,26600.0,7350.0,9575.0,6850.0,1480.0,1935.0,2810.0,13850.0
2021-01-04,6835.0,3918.1142578125,3250.0,3187.5,3490.0,2840.0,6225.0,26650.0,7475.0,9575.0,6825.0,1475.0,2190.0,2790.0,13650.0
2021-01-05,7090.0,3881.751220703125,3212.5,3250.0,3470.0,2810.0,6175.0,26300.0,7375.0,9450.0,6850.0,1470.0,2230.0,2770.0,13600.0
2021-01-06,6945.0,3818.115966796875,3212.5,3200.0,3370.0,2740.0,6150.0,25800.0,7200.0,9425.0,6750.0,1500.0,2220.0,2680.0,13125.0
2021-01-07,6965.0,3890.841796875,3237.5,3212.5,3390.0,2730.0,6075.0,26800.0,7200.0,9500.0,6775.0,1485.0,2600.0,2820.0,13475.0
2021-01-08,7050.0,3990.840087890625,3275.0,3237.5,3570.0,2810.0,6425.0,27275.0,7175.0,9525.0,6800.0,1495.0,2600.0,2850.0,13600.0
2021-01-11,7345.0,4227.19970703125,3425.0,3262.5,3600.0,2790.0,6525.0,26550.0,7200.0,9525.0,6750.0,1760.0,2580.0,2910.0,14075.0
2021-01-12,7160.0,4290.8349609375,3475.0,3250.0,3510.0,2760.0,6525.0,26225.0,7100.0,9425.0,6725.0,1680.0,2770.0,2860.0,14100.0
2021-01-13,7120.0,4354.47021484375,3462.5,3262.5,3480.0,2750.0,6775.0,26200.0,7025.0,9325.0,6700.0,1565.0,3120.0,3040.0,14625.0
2021-01-14,7020.0,4336.28857421875,3425.0,3225.0,3500.0,2700.0,6775.0,26300.0,7000.0,9350.0,6725.0,1595.0,3180.0,3000.0,14700.0
2021-01-15,6955.0,4163.564453125,3362.5,3162.5,3480.0,2600.0,6575.0,26200.0,6950.0,9375.0,6675.0,1645.0,3120.0,2940.0,14200.0
2021-01-18,7120.0,4199.92724609375,3462.5,3150.0,3450.0,2480.0,6675.0,26700.0,7500.0,9625.0,6850.0,1660.0,2910.0,2950.0,13875.0
2021-01-19,7095.0,4199.92724609375,3487.5,3112.5,3410.0,2630.0,6675.0,25925.0,7575.0,9750.0,6800.0,1585.0,2710.0,2850.0,13475.0
2021-01-20,7095.0,4445.3779296875,3687.5,3212.5,3470.0,2570.0,6675.0,25975.0,7400.0,9675.0,6750.0,1590.0,3190.0,2880.0,13650.0
2021-01-21,7075.0,4354.47021484375,3625.0,3212.5,3480.0,2550.0,6800.0,25900.0,7325.0,9575.0,6775.0,1655.0,3090.0,2860.0,13550.0
2021-01-22,7080.0,4290.8349609375,3600.0,3137.5,3390.0,2430.0,6700.0,25175.0,7275.0,9475.0,6675.0,1615.0,2880.0,2770.0,13050.0
2021-01-25,7035.0,4345.37939453125,3650.0,3112.5,3370.0,2400.0,6475.0,24250.0,7250.0,9500.0,6625.0,1605.0,2870.0,2700.0,12650.0
2021-01-26,6820.0,4227.19970703125,3687.5,3037.5,3260.0,2290.0,6350.0,23950.0,7250.0,9500.0,6575.0,1545.0,2670.0,2760.0,12425.0
2021-01-27,6790.0,4199.92724609375,3650.0,2987.5,3380.0,2350.0,6275.0,23400.0,7125.0,9500.0,6550.0,1510.0,2550.0,2680.0,11900.0
2021-01-28,6900.0,4063.566162109375,3525.0,2887.5,3240.0,2270.0,6275.0,23875.0,7075.0,9350.0,6325.0,1515.0,2380.0,2590.0,11850.0
2021-01-29,6760.0,3799.934326171875,3287.5,2775.0,3110.0,2220.0,6100.0,22850.0,6925.0,9100.0,6050.0,1465.0,2220.0,2580.0,12250.0
2021-02-01,6820.0,3999.930908203125,3350.0,2925.0,3230.0,2310.0,6025.0,23850.0,7025.0,9225.0,6250.0,1490.0,2600.0,2610.0,12475.0
2021-02-02,6800.0,3963.56787109375,3237.5,2950.0,3270.0,2270.0,5975.0,22575.0,7000.0,9500.0,6325.0,1520.0,2420.0,2490.0,12075.0
2021-02-03,6825.0,3981.74951171875,3250.0,3150.0,3240.0,2340.0,6150.0,22450.0,7175.0,9425.0,6300.0,1560.0,2330.0,2410.0,11675.0
2021-02-04,6855.0,4081.74755859375,3287.5,3137.5,3290.0,2410.0,6200.0,22350.0,7300.0,9325.0,6325.0,1545.0,2400.0,2480.0,12125.0
2021-02-05,6915.0,4063.566162109375,3275.0,3150.0,3290.0,2370.0,6100.0,23100.0,7225.0,9225.0,6325.0,1590.0,2660.0,2560.0,12600.0
2021-02-08,6920.0,4054.475341796875,3287.5,3150.0,3280.0,2340.0,6100.0,24325.0,7100.0,9100.0,6250.0,1570.0,2830.0,2610.0,12725.0
2021-02-09,6980.0,4199.92724609375,3250.0,3112.5,3200.0,2330.0,5825.0,23525.0,7100.0,8800.0,6150.0,1520.0,2730.0,2590.0,12575.0
2021-02-10,6920.0,4227.19970703125,3250.0,3100.0,3190.0,2340.0,5900.0,23475.0,7150.0,9000.0,6125.0,1525.0,2930.0,2550.0,12500.0
2021-02-11,6880.0,4254.47216796875,3250.0,3100.0,3190.0,2340.0,5850.0,23500.0,7175.0,8975.0,6300.0,1525.0,2870.0,2590.0,12950.0
2021-02-15,6800.0,4281.744140625,3250.0,3112.5,3220.0,2300.0,5950.0,23250.0,7050.0,8975.0,6150.0,1525.0,2900.0,2600.0,12750.0
2021-02-16,6940.0,4245.38134765625,3237.5,3175.0,3210.0,2210.0,5925.0,23100.0,7025.0,8825.0,6100.0,1525.0,2870.0,2600.0,12675.0
2021-02-17,6900.0,4209.01806640625,3175.0,3075.0,3150.0,2160.0,5800.0,22850.0,7100.0,8825.0,6100.0,1515.0,2750.0,2560.0,12350.0
2021-02-18,6735.0,4245.38134765625,3125.0,3012.5,3180.0,2180.0,5725.0,22975.0,6975.0,8750.0,6050.0,1490.0,2780.0,2560.0,12150.0
2021-02-19,6825.0,4354.47021484375,3187.5,3000.0,3210.0,2140.0,5775.0,23075.0,6950.0,8600.0,6075.0,1585.0,2880.0,2550.0,12200.0
2021-02-22,6790.0,4354.47021484375,3187.5,2962.5,3170.0,2130.0,5700.0,23250.0,6875.0,8625.0,6050.0,1570.0,2950.0,2740.0,12775.0
2021-02-23,6825.0,4354.47021484375,3162.5,2975.0,3470.0,2220.0,5725.0,23125.0,6850.0,8550.0,6050.0,1540.0,2940.0,2720.0,12275.0
2021-02-24,6725.0,4299.92578125,3187.5,3037.5,3480.0,2160.0,5625.0,22550.0,6850.0,8650.0,6100.0,1505.0,2910.0,2630.0,12125.0
2021-02-25,6705.0,4299.92578125,3137.5,3037.5,3490.0,2220.0,5575.0,23650.0,6775.0,8575.0,6125.0,1500.0,2960.0,2680.0,12100.0
2021-02-26,6710.0,4281.744140625,3075.0,2975.0,3490.0,2200.0,5400.0,22550.0,7000.0,8575.0,6050.0,1470.0,2840.0,2710.0,12200.0
2021-03-01,7045.0,4390.8330078125,3287.5,3112.5,3490.0,2220.0,5600.0,22950.0,6825.0,8600.0,6100.0,1520.0,2840.0,2720.0,12050.0
2021-03-02,7015.0,4363.56103515625,3300.0,3075.0,3460.0,2250.0,5575.0,22900.0,6825.0,8700.0,6275.0,1550.0,2730.0,2730.0,12000.0
2021-03-03,7000.0,4409.0146484375,3300.0,3012.5,3440.0,2240.0,5675.0,22775.0,6875.0,8725.0,6300.0,1550.0,2700.0,2710.0,11925.0
2021-03-04,6720.0,4327.19775390625,3275.0,3000.0,3360.0,2220.0,5575.0,22350.0,6725.0,8600.0,6200.0,1555.0,2520.0,2710.0,11900.0
2021-03-05,6800.0,4336.28857421875,3237.5,3000.0,3320.0,2190.0,5500.0,21800.0,6725.0,8500.0,6125.0,1555.0,2420.0,2710.0,11675.0
2021-03-08,6720.0,4299.92578125,3212.5,3000.0,3340.0,2180.0,5550.0,23325.0,6650.0,8375.0,6175.0,1555.0,2280.0,2680.0,11650.0
2021-03-09,6605.0,4163.564453125,3212.5,2987.5,3290.0,2130.0,5525.0,22525.0,6550.0,8325.0,6200.0,1545.0,2230.0,2610.0,11450.0
2021-03-10,6705.0,4209.01806640625,3250.0,3025.0,3400.0,2120.0,5425.0,21200.0,6575.0,8375.0,6400.0,1585.0,2230.0,2600.0,11425.0
2021-03-12,6765.0,4163.564453125,3362.5,3075.0,3450.0,2150.0,5475.0,21225.0,6700.0,8375.0,6375.0,1595.0,2420.0,2730.0,11550.0
2021-03-15,6665.0,4154.4736328125,3325.0,3162.5,3380.0,2150.0,5525.0,21100.0,6575.0,8500.0,6400.0,1585.0,2340.0,2740.0,11825.0
2021-03-16,6625.0,4290.8349609375,3275.0,3112.5,3360.0,2220.0,5550.0,21175.0,6550.0,8600.0,6400.0,1585.0,2270.0,2710.0,11875.0
2021-03-17,6610.0,4245.38134765625,3262.5,3050.0,3390.0,2210.0,5575.0,21050.0,6475.0,8625.0,6350.0,1590.0,2300.0,2710.0,11725.0
2021-03-18,6705.0,4327.19775390625,3400.0,3137.5,3450.0,2210.0,5725.0,21700.0,6600.0,8700.0,6300.0,1575.0,2290.0,2750.0,12275.0
2021-03-19,6760.0,4245.38134765625,3387.5,3075.0,3440.0,2210.0,5775.0,21875.0,6750.0,8825.0,6500.0,1605.0,2250.0,2760.0,12375.0
2021-03-22,6620.0,4209.01806640625,3312.5,3050.0,3380.0,2160.0,5575.0,21625.0,6700.0,8825.0,6350.0,1600.0,2260.0,2770.0,12450.0
2021-03-23,6565.0,4245.38134765625,3337.5,3050.0,3360.0,2150.0,5575.0,21450.0,6750.0,9200.0,6675.0,1575.0,2270.0,2800.0,12650.0
2021-03-24,6440.0,4245.38134765625,3212.5,2975.0,3370.0,2080.0,5450.0,21100.0,6575.0,9250.0,6725.0,1525.0,2170.0,2740.0,12075.0
2021-03-25,6370.0,4199.92724609375,3200.0,2950.0,3410.0,2090.0,5450.0,21350.0,6650.0,8950.0,6625.0,1590.0,2180.0,2690.0,11950.0
2021-03-26,6415.0,4290.8349609375,3212.5,3025.0,3490.0,2100.0,5600.0,21900.0,6600.0,9100.0,6750.0,1580.0,2430.0,2700.0,12200.0
2021-03-29,6360.0,4290.8349609375,3187.5,3025.0,3410.0,2090.0,5525.0,21800.0,6725.0,9225.0,6800.0,1540.0,2260.0,2680.0,12175.0
2021-03-30,6395.0,4090.83837890625,3162.5,2900.0,3380.0,2050.0,5400.0,21500.0,6550.0,9075.0,6700.0,1540.0,2210.0,2630.0,11850.0
2021-03-31,6215.0,3999.930908203125,3075.0,2862.5,3420.0,2090.0,5275.0,22125.0,6575.0,9200.0,6600.0,1570.0,2250.0,2620.0,11425.0
2021-04-01,6225.0,3899.9326171875,3100.0,2837.5,3390.0,2090.0,5350.0,22175.0,6625.0,8950.0,6725.0,1550.0,2240.0,2650.0,11700.0
2021-04-05,6155.0,3818.115966796875,3112.5,2875.0,3380.0,2070.0,5350.0,22200.0,6475.0,8925.0,6650.0,1550.0,2200.0,2540.0,12700.0
2021-04-06,6165.0,3818.115966796875,3137.5,2912.5,3370.0,2160.0,5350.0,22325.0,6475.0,8825.0,6750.0,1555.0,2330.0,2520.0,12575.0
2021-04-07,6250.0,3818.115966796875,3162.5,2887.5,3400.0,2200.0,5325.0,22325.0,6525.0,8900.0,6775.0,1550.0,2360.0,2520.0,12600.0
2021-04-08,6135.0,3954.47705078125,3137.5,2900.0,3390.0,2160.0,5300.0,22575.0,6600.0,8800.0,6675.0,1565.0,2470.0,2540.0,12575.0
2021-04-09,6200.0,3954.47705078125,3237.5,3000.0,3360.0,2160.0,5275.0,22725.0,6475.0,8875.0,6600.0,1550.0,2340.0,2540.0,12375.0
2021-04-12,6065.0,3827.20654296875,3150.0,2925.0,3310.0,2070.0,5075.0,21425.0,6325.0,8650.0,6600.0,1510.0,2250.0,2460.0,11900.0
2021-04-13,6000.0,3781.7529296875,3150.0,2900.0,3330.0,2040.0,5075.0,22525.0,6225.0,8625.0,6575.0,1490.0,2270.0,2460.0,11700.0
2021-04-14,6305.0,3954.47705078125,3162.5,2950.0,3340.0,2070.0,5250.0,22250.0,6300.0,8750.0,6575.0,1495.0,2330.0,2420.0,12075.0
2021-04-15,6280.0,4009.021728515625,3150.0,2987.5,3360.0,2050.0,5250.0,21700.0,6400.0,8750.0,6650.0,1515.0,2320.0,2370.0,11925.0
2021-04-16,6275.0,3945.386474609375,3150.0,2975.0,3360.0,2010.0,5250.0,22075.0,6325.0,8950.0,6700.0,1495.0,2390.0,2380.0,11925.0
2021-04-19,6270.0,3981.74951171875,3112.5,2937.5,3340.0,2030.0,5200.0,22200.0,6300.0,8950.0,6750.0,1495.0,2340.0,2420.0,12600.0
2021-04-20,6235.0,3918.1142578125,3100.0,2962.5,3320.0,2030.0,5300.0,22000.0,6225.0,8900.0,6750.0,1495.0,2350.0,2420.0,12250.0
2021-04-21,6165.0,3845.38818359375,3062.5,2887.5,3280.0,2020.0,5225.0,22475.0,6100.0,8800.0,6775.0,1495.0,2370.0,2390.0,12150.0
2021-04-22,6215.0,3818.115966796875,3062.5,2837.5,3330.0,2060.0,5450.0,21550.0,6125.0,8750.0,6675.0,1490.0,2350.0,2360.0,12075.0
2021-04-23,6390.0,3863.569580078125,3075.0,2887.5,3310.0,2040.0,5625.0,21600.0,6075.0,8875.0,6750.0,1500.0,2320.0,2390.0,12075.0
2021-04-26,6285.0,3763.5712890625,2987.5,2862.5,3250.0,2030.0,5625.0,21550.0,6125.0,8700.0,6675.0,1485.0,2390.0,2390.0,11850.0
2021-04-27,6405.0,3790.843505859375,3025.0,2950.0,3160.0,2020.0,5525.0,21600.0,6025.0,8600.0,6525.0,1475.0,2390.0,2390.0,11775.0
2021-04-28,6320.0,3754.480712890625,3100.0,2912.5,3140.0,2050.0,5350.0,21425.0,6075.0,8575.0,6675.0,1470.0,2430.0,2400.0,11900.0
2021-04-29,6410.0,3781.7529296875,3112.5,2937.5,3200.0,2090.0,5425.0,21375.0,6050.0,8625.0,6525.0,1470.0,2510.0,2420.0,12000.0
2021-04-30,6405.0,3681.754638671875,3087.5,2850.0,3200.0,2090.0,5500.0,21175.0,6000.0,8700.0,6525.0,1440.0,2490.0,2370.0,11875.0
2021-05-03,6390.0,3645.3916015625,3025.0,2787.5,3170.0,2060.0,5425.0,20950.0,5900.0,8550.0,6475.0,1435.0,2520.0,2280.0,11875.0
2021-05-04,6400.0,3690.845458984375,3050.0,2812.5,3210.0,2030.0,5500.0,21575.0,5750.0,8525.0,6575.0,1470.0,2620.0,2300.0,12100.0
2021-05-05,6425.0,3718.11767578125,3025.0,2837.5,3200.0,2060.0,5525.0,22175.0,5775.0,8525.0,6500.0,1445.0,2630.0,2290.0,12000.0
2021-05-06,6425.0,3736.299072265625,3037.5,2850.0,3190.0,2030.0,5425.0,21800.0,5550.0,8500.0,6550.0,1460.0,2620.0,2290.0,12125.0
2021-05-07,6400.0,3681.754638671875,2975.0,2800.0,3190.0,2030.0,5325.0,21750.0,5525.0,8450.0,6500.0,1460.0,2620.0,2280.0,12175.0
2021-05-10,6420.0,3681.754638671875,2987.5,2787.5,3170.0,2030.0,5375.0,21750.0,5700.0,8600.0,6575.0,1470.0,2680.0,2280.0,12350.0
2021-05-11,6480.0,3627.2099609375,2950.0,2762.5,3180.0,2020.0,5225.0,21450.0,5625.0,8525.0,6575.0,1445.0,2670.0,2280.0,12875.0
2021-05-17,6500.0,3545.393310546875,2962.5,2750.0,3190.0,1980.0,5175.0,21425.0,5600.0,8250.0,6350.0,1460.0,2510.0,2260.0,13000.0
2021-05-18,6390.0,3545.393310546875,2950.0,2725.0,3180.0,2060.0,5150.0,21900.0,5575.0,8300.0,6375.0,1450.0,2600.0,2260.0,13075.0
2021-05-19,6345.0,3518.12109375,2837.5,2625.0,3160.0,2060.0,5050.0,21875.0,5450.0,8275.0,6375.0,1445.0,2550.0,2230.0,12775.0
2021-05-20,6380.0,3527.2119140625,2825.0,2625.0,3310.0,2220.0,5175.0,22025.0,5625.0,8375.0,6375.0,1460.0,2420.0,2160.0,12700.0
2021-05-21,6360.0,3536.302490234375,2912.5,2662.5,3270.0,2240.0,5050.0,21675.0,5575.0,8325.0,6350.0,1470.0,2330.0,2150.0,12725.0
2021-05-24,6325.0,3672.663818359375,2875.0,2650.0,3260.0,2230.0,5100.0,21200.0,5725.0,8200.0,6275.0,1450.0,2270.0,2120.0,13025.0
2021-05-25,6355.0,3690.845458984375,2950.0,2662.5,3300.0,2290.0,5075.0,21500.0,5675.0,8175.0,6300.0,1460.0,2330.0,2190.0,12975.0
2021-05-27,6270.0,3590.84716796875,2875.0,2575.0,3380.0,2390.0,5150.0,21650.0,5825.0,8275.0,6250.0,1420.0,2390.0,2180.0,12950.0
2021-05-28,6340.0,3699.93603515625,2900.0,2600.0,3270.0,2360.0,5150.0,21825.0,5775.0,8125.0,6225.0,1440.0,2460.0,2190.0,12975.0
2021-05-31,6375.0,3872.660400390625,3000.0,2700.0,3440.0,2460.0,5250.0,22550.0,5850.0,8200.0,6350.0,1450.0,2450.0,2210.0,12925.0
2021-06-02,6465.0,3872.660400390625,3050.0,2775.0,3450.0,2580.0,5325.0,23775.0,5850.0,8225.0,6450.0,1445.0,2550.0,2350.0,14150.0
2021-06-03,6600.0,3963.56787109375,3125.0,2875.0,3490.0,2560.0,5350.0,23650.0,5775.0,8700.0,6675.0,1500.0,2520.0,2320.0,14050.0
2021-06-04,6580.0,3945.386474609375,3062.5,2812.5,3500.0,2550.0,5225.0,23525.0,5650.0,8450.0,6575.0,1485.0,2430.0,2280.0,14100.0
2021-06-07,6530.0,3863.569580078125,3062.5,2762.5,3550.0,2590.0,5250.0,22975.0,5625.0,8350.0,6575.0,1495.0,2380.0,2220.0,13750.0
2021-06-08,6430.0,3818.115966796875,3000.0,2762.5,3500.0,2430.0,5275.0,23425.0,5475.0,8175.0,6375.0,1450.0,2350.0,2190.0,14225.0
2021-06-09,6530.0,3836.29736328125,3075.0,2812.5,3390.0,2470.0,5325.0,23375.0,5300.0,8150.0,6275.0,1440.0,2460.0,2220.0,14175.0
2021-06-10,6620.0,3909.0234375,3100.0,2837.5,3480.0,2570.0,5400.0,22600.0,5300.0,8150.0,6250.0,1440.0,2420.0,2200.0,14100.0
2021-06-11,6470.0,3890.841796875,3137.5,2837.5,3470.0,2570.0,5275.0,22975.0,5350.0,8175.0,6275.0,1450.0,2480.0,2290.0,14900.0
2021-06-14,6410.0,3954.47705078125,3137.5,2775.0,3410.0,2480.0,5175.0,22500.0,5250.0,8150.0,6275.0,1435.0,2410.0,2290.0,15025.0
2021-06-15,6470.0,3845.38818359375,3162.5,2762.5,3440.0,2500.0,5150.0,22050.0,5175.0,8150.0,6250.0,1450.0,2360.0,2240.0,15175.0
2021-06-16,6385.0,3645.3916015625,3137.5,2687.5,3410.0,2660.0,5150.0,22650.0,5200.0,8175.0,6275.0,1425.0,2320.0,2260.0,15200.0
2021-06-17,6330.0,3663.572998046875,3100.0,2625.0,3350.0,2590.0,5100.0,22000.0,5075.0,8125.0,6250.0,1405.0,2330.0,2200.0,15050.0
2021-06-18,6325.0,3554.484130859375,3100.0,2470.0,3350.0,2580.0,5000.0,22775.0,4900.0,7750.0,5975.0,1360.0,2230.0,2120.0,14600.0
2021-06-21,6250.0,3581.75634765625,3012.5,2485.0,3300.0,2700.0,4920.0,21600.0,5100.0,7925.0,6025.0,1480.0,2200.0,2080.0,14400.0
2021-06-22,6340.0,3672.663818359375,3087.5,2475.0,3300.0,2780.0,4920.0,21625.0,5050.0,8050.0,6175.0,1420.0,2260.0,2100.0,14675.0
2021-06-23,6230.0,3581.75634765625,3012.5,2425.0,3370.0,2750.0,4930.0,21100.0,4990.0,7975.0,6025.0,1360.0,2250.0,2050.0,14375.0
2021-06-24,6210.0,3627.2099609375,2987.5,2410.0,3250.0,2730.0,4940.0,21300.0,4960.0,8025.0,5975.0,1370.0,2250.0,2030.0,14350.0
2021-06-25,6190.0,3627.2099609375,2950.0,2380.0,3250.0,2730.0,4920.0,21350.0,5000.0,8025.0,6050.0,1355.0,2300.0,2030.0,14600.0
2021-06-28,6055.0,3572.66552734375,2850.0,2290.0,3170.0,2630.0,4710.0,20400.0,5025.0,7975.0,6000.0,1375.0,2240.0,2010.0,14375.0
2021-06-29,6045.0,3545.393310546875,2887.5,2290.0,3160.0,2630.0,4840.0,20250.0,5000.0,8250.0,6225.0,1375.0,2220.0,2000.0,13800.0
2021-06-30,6025.0,3581.75634765625,2950.0,2315.0,3150.0,2670.0,4940.0,20250.0,4950.0,8150.0,6175.0,1400.0,2300.0,2000.0,14200.0
2021-07-01,6025.0,3581.75634765625,2987.5,2350.0,3110.0,2640.0,5025.0,20325.0,5225.0,8500.0,6550.0,1400.0,2230.0,2010.0,13975.0
2021-07-02,6100.0,3627.2099609375,2975.0,2415.0,3070.0,2630.0,5000.0,20400.0,5150.0,8425.0,6575.0,1400.0,2220.0,2100.0,14275.0
2021-07-05,6110.0,3545.393310546875,2925.0,2360.0,3040.0,2550.0,4940.0,20225.0,4950.0,8225.0,6450.0,1390.0,2240.0,2060.0,14000.0
2021-07-06,6055.0,3536.302490234375,2887.5,2355.0,3010.0,2590.0,4900.0,20750.0,5000.0,8400.0,6450.0,1370.0,2480.0,2150.0,15475.0
2021-07-07,6065.0,3472.667236328125,2875.0,2365.0,3030.0,2600.0,4900.0,20375.0,4930.0,8450.0,6450.0,1355.0,2460.0,2100.0,15125.0
2021-07-08,6015.0,3518.12109375,2950.0,2380.0,3010.0,2560.0,4880.0,20050.0,4860.0,8475.0,6425.0,1325.0,2550.0,2070.0,14750.0
2021-07-09,6020.0,3454.48583984375,2887.5,2320.0,3160.0,2600.0,4910.0,19500.0,4890.0,8550.0,6475.0,1320.0,2590.0,2130.0,14850.0
2021-07-12,6170.0,3418.122802734375,2900.0,2350.0,3130.0,2610.0,4920.0,19475.0,5025.0,8825.0,6600.0,1335.0,2550.0,2120.0,14825.0
2021-07-13,6045.0,3436.30419921875,2887.5,2335.0,3070.0,2440.0,4900.0,19025.0,5100.0,8950.0,6625.0,1330.0,2540.0,2080.0,14350.0
2021-07-14,5990.0,3372.6689453125,2850.0,2290.0,3060.0,2490.0,4730.0,18600.0,5100.0,8700.0,6625.0,1365.0,2590.0,2070.0,14900.0
2021-07-15,6115.0,3463.576416015625,2937.5,2360.0,3130.0,2480.0,4810.0,19225.0,5150.0,8675.0,6675.0,1365.0,2610.0,2100.0,15050.0
2021-07-16,6110.0,3490.848876953125,2937.5,2405.0,3170.0,2490.0,4880.0,19300.0,5150.0,8575.0,6625.0,1390.0,2620.0,2130.0,15250.0
2021-07-19,6005.0,3436.30419921875,2875.0,2410.0,3220.0,2470.0,4780.0,19100.0,5075.0,8500.0,6650.0,1390.0,2640.0,2140.0,15475.0
2021-07-21,6010.0,3472.667236328125,2962.5,2450.0,3210.0,2470.0,4870.0,19050.0,5125.0,8500.0,6525.0,1350.0,2560.0,2130.0,15350.0
2021-07-22,6155.0,3545.393310546875,3025.0,2575.0,3260.0,2510.0,4980.0,20125.0,5025.0,8825.0,6525.0,1355.0,2570.0,2250.0,16450.0
2021-07-23,6035.0,3518.12109375,2987.5,2537.5,3170.0,2450.0,4950.0,19750.0,4800.0,8650.0,6475.0,1345.0,2620.0,2220.0,16300.0
2021-07-26,6005.0,3481.758056640625,2900.0,2525.0,3190.0,2410.0,4770.0,20200.0,4700.0,8725.0,6500.0,1345.0,2630.0,2240.0,16025.0
2021-07-27,6005.0,3454.48583984375,2912.5,2512.5,3270.0,2430.0,4760.0,20000.0,4500.0,8500.0,6575.0,1340.0,2530.0,2230.0,16000.0
2021-07-28,5980.0,3390.8505859375,2950.0,2480.0,3190.0,2400.0,4710.0,19775.0,4450.0,8500.0,6500.0,1315.0,2520.0,2210.0,16750.0
2021-07-29,6040.0,3427.213623046875,2875.0,2465.0,3230.0,2540.0,4650.0,19750.0,4330.0,8350.0,6375.0,1295.0,2590.0,2240.0,17050.0
2021-07-30,5970.0,3372.6689453125,2850.0,2390.0,3240.0,2690.0,4720.0,19550.0,4220.0,8125.0,6075.0,1260.0,2520.0,2230.0,16950.0
2021-08-02,5960.0,3399.941162109375,2837.5,2410.0,3310.0,2650.0,4820.0,19300.0,4400.0,8125.0,6175.0,1305.0,2510.0,2240.0,16950.0
2021-08-03,6145.0,3409.031982421875,2887.5,2475.0,3330.0,2660.0,4940.0,19150.0,4380.0,8225.0,6125.0,1315.0,2470.0,2220.0,16925.0
2021-08-04,6120.0,3499.939453125,2912.5,2525.0,3370.0,2670.0,4900.0,18925.0,4330.0,8175.0,6175.0,1305.0,2420.0,2260.0,16750.0
2021-08-05,6300.0,3681.754638671875,3025.0,2600.0,3340.0,2610.0,4890.0,18900.0,4440.0,8150.0,6200.0,1295.0,2370.0,2190.0,16125.0
2021-08-06,6160.0,3572.66552734375,2987.5,2562.5,3320.0,2590.0,4940.0,18900.0,4420.0,8275.0,6225.0,1270.0,2330.0,2220.0,16175.0
2021-08-09,6200.0,3499.939453125,2900.0,2490.0,3250.0,2560.0,4860.0,18700.0,4310.0,8150.0,6150.0,1240.0,2260.0,2210.0,16550.0
2021-08-10,6300.0,3472.667236328125,2900.0,2495.0,3230.0,2540.0,4910.0,19000.0,4250.0,8050.0,6125.0,1305.0,2340.0,2250.0,17100.0
2021-08-12,6300.0,3463.576416015625,2962.5,2537.5,3350.0,2610.0,4940.0,20700.0,4210.0,8075.0,6200.0,1290.0,2400.0,2370.0,17300.0
2021-08-13,6410.0,3518.12109375,3000.0,2550.0,3300.0,2570.0,5025.0,20650.0,4250.0,8200.0,6225.0,1300.0,2380.0,2340.0,17100.0
2021-08-16,6420.0,3572.66552734375,2987.5,2575.0,3340.0,2590.0,5075.0,20175.0,4150.0,8250.0,6350.0,1300.0,2390.0,2330.0,17350.0
2021-08-18,6600.0,3699.93603515625,3025.0,2712.5,3420.0,2680.0,5225.0,19725.0,4230.0,8350.0,6400.0,1310.0,2400.0,2250.0,16400.0
2021-08-19,6600.0,3527.2119140625,2925.0,2650.0,3390.0,2600.0,5150.0,19300.0,4110.0,8150.0,6250.0,1250.0,2270.0,2150.0,16000.0
2021-08-20,6600.0,3572.66552734375,2950.0,2712.5,3400.0,2700.0,5100.0,19000.0,4070.0,8150.0,6175.0,1295.0,2280.0,2110.0,15800.0
2021-08-23,6590.0,3599.937744140625,2987.5,2675.0,3440.0,2730.0,5100.0,19025.0,4060.0,8225.0,6225.0,1300.0,2290.0,2100.0,16050.0
2021-08-24,6600.0,3536.302490234375,2912.5,2662.5,3400.0,2640.0,5075.0,18825.0,4080.0,8200.0,6300.0,1295.0,2270.0,2080.0,15300.0
2021-08-25,6600.0,3536.302490234375,2975.0,2625.0,3370.0,2680.0,5150.0,19125.0,4170.0,8225.0,6325.0,1340.0,2300.0,2090.0,15400.0
2021-08-26,6560.0,3518.12109375,2912.5,2612.5,3360.0,2660.0,5100.0,19275.0,4090.0,8225.0,6275.0,1345.0,2270.0,2100.0,15450.0
2021-08-27,6510.0,3490.848876953125,2900.0,2650.0,3320.0,2650.0,5050.0,19475.0,4030.0,8300.0,6425.0,1365.0,2260.0,2080.0,15250.0
2021-08-30,6565.0,3581.75634765625,2975.0,2700.0,3400.0,2670.0,5275.0,20000.0,4130.0,8600.0,6525.0,1395.0,2310.0,2110.0,15800.0
2021-08-31,6550.0,3572.66552734375,3050.0,2700.0,3400.0,2670.0,5225.0,20075.0,4050.0,8425.0,6175.0,1345.0,2390.0,2110.0,16000.0
2021-09-01,6565.0,3536.302490234375,3000.0,2662.5,3340.0,2670.0,5175.0,20050.0,4100.0,8400.0,6350.0,1365.0,2390.0,2180.0,16250.0
2021-09-02,6540.0,3518.12109375,3025.0,2625.0,3370.0,2680.0,5250.0,20325.0,4150.0,8450.0,6450.0,1385.0,2320.0,2190.0,16550.0
2021-09-03,6600.0,3572.66552734375,3062.5,2725.0,3390.0,2660.0,5350.0,21375.0,4240.0,8475.0,6525.0,1440.0,2350.0,2290.0,16925.0
2021-09-06,6575.0,3499.939453125,3100.0,2725.0,3390.0,2640.0,5425.0,21750.0,4250.0,8525.0,6475.0,1480.0,2380.0,2310.0,16875.0
2021-09-07,6570.0,3554.484130859375,3125.0,2700.0,3380.0,2640.0,5350.0,21550.0,4250.0,8425.0,6250.0,1460.0,2350.0,2280.0,16975.0
2021-09-08,6440.0,3730.0,3125.0,2662.5,3330.0,2610.0,5250.0,20900.0,4100.0,8425.0,6175.0,1460.0,2320.0,2300.0,17300.0
2021-09-09,6570.0,3730.0,3175.0,2700.0,3390.0,2650.0,5450.0,21800.0,4100.0,8525.0,6275.0,1490.0,2440.0,2340.0,17300.0
2021-09-10,6520.0,3780.0,3100.0,2725.0,3330.0,2690.0,5425.0,21225.0,4080.0,8500.0,6225.0,1470.0,2590.0,2350.0,17125.0
2021-09-13,6555.0,3700.0,3075.0,2700.0,3350.0,2710.0,5450.0,20875.0,4040.0,8425.0,6225.0,1470.0,2520.0,2330.0,17450.0
2021-09-14,6545.0,3700.0,3050.0,2700.0,3440.0,2950.0,5525.0,21400.0,4050.0,8450.0,6175.0,1480.0,2470.0,2370.0,17775.0
2021-09-15,6495.0,3660.0,3062.5,2675.0,3450.0,3000.0,5400.0,21650.0,4040.0,8375.0,6250.0,1490.0,2490.0,2410.0,18000.0
2021-09-16,6500.0,3640.0,3075.0,2637.5,3440.0,2970.0,5375.0,21650.0,4010.0,8225.0,6200.0,1440.0,2410.0,2410.0,18250.0
2021-09-17,6520.0,3610.0,3025.0,2650.0,3530.0,3000.0,5425.0,20500.0,3950.0,8150.0,6200.0,1450.0,2400.0,2320.0,17825.0
2021-09-20,6585.0,3590.0,3012.5,2575.0,3520.0,2980.0,5300.0,20575.0,3880.0,8125.0,6150.0,1430.0,2350.0,2290.0,17650.0
2021-09-21,6490.0,3570.0,2987.5,2562.5,3530.0,3020.0,5225.0,20600.0,3840.0,8300.0,6150.0,1405.0,2360.0,2280.0,17700.0
2021-09-22,6555.0,3610.0,3037.5,2575.0,3590.0,2990.0,5275.0,20875.0,4040.0,8200.0,6200.0,1420.0,2340.0,2350.0,18150.0
2021-09-23,6580.0,3770.0,3037.5,2562.5,3560.0,2980.0,5150.0,21075.0,4050.0,8250.0,6150.0,1395.0,2290.0,2420.0,18725.0
2021-09-24,6585.0,3820.0,2987.5,2550.0,3560.0,2950.0,5150.0,22075.0,3970.0,8300.0,6150.0,1400.0,2290.0,2450.0,18450.0
2021-09-27,6580.0,3750.0,2950.0,2537.5,3520.0,2890.0,5175.0,22875.0,3860.0,8350.0,6100.0,1400.0,2290.0,2460.0,18525.0
2021-09-28,6520.0,3720.0,2975.0,2525.0,3530.0,2940.0,5075.0,24000.0,3820.0,8225.0,6150.0,1380.0,2270.0,2630.0,19700.0
2021-09-29,6580.0,3740.0,3000.0,2612.5,3530.0,2940.0,5325.0,25500.0,3920.0,8225.0,6150.0,1410.0,2310.0,2640.0,19525.0
2021-09-30,7000.0,3850.0,3075.0,2687.5,3690.0,3040.0,5500.0,26000.0,3950.0,8350.0,6350.0,1430.0,2290.0,2760.0,20800.0
2021-10-01,6760.0,3900.0,3050.0,2675.0,3660.0,3000.0,5450.0,26000.0,3860.0,8325.0,6250.0,1400.0,2220.0,2720.0,21175.0
2021-10-04,6960.0,3970.0,3237.5,2850.0,3670.0,3010.0,5575.0,27100.0,3980.0,8650.0,6425.0,1380.0,2310.0,2890.0,24575.0
2021-10-05,6945.0,3930.0,3212.5,2850.0,3670.0,2920.0,5550.0,26100.0,4150.0,8825.0,6500.0,1370.0,2300.0,2840.0,24825.0
2021-10-06,7180.0,4120.0,3300.0,3000.0,3760.0,2880.0,5975.0,26525.0,4270.0,8850.0,6600.0,1370.0,2300.0,2840.0,25650.0
2021-10-07,7160.0,4120.0,3350.0,2987.5,3720.0,2870.0,5700.0,25900.0,4830.0,8850.0,6700.0,1370.0,2330.0,2680.0,23875.0
2021-10-08,7290.0,4160.0,3450.0,3075.0,3800.0,3000.0,5900.0,26125.0,4760.0,8900.0,6700.0,1380.0,2340.0,2780.0,24850.0
2021-10-11,7255.0,4180.0,3450.0,3200.0,3810.0,3200.0,5775.0,26350.0,4830.0,8850.0,6625.0,1360.0,2420.0,2840.0,26750.0
2021-10-12,7320.0,4220.0,3500.0,3200.0,3780.0,3230.0,5875.0,26275.0,4930.0,8875.0,6675.0,1370.0,2370.0,2830.0,26425.0
2021-10-13,7525.0,4280.0,3550.0,3337.5,3770.0,3150.0,6275.0,26225.0,5250.0,8950.0,6775.0,1385.0,2340.0,2790.0,26250.0
2021-10-14,7750.0,4250.0,3587.5,3437.5,3830.0,3170.0,6225.0,25700.0,5325.0,9325.0,6850.0,1435.0,2420.0,2820.0,25550.0
2021-10-15,7650.0,4320.0,3575.0,3375.0,3810.0,3150.0,6250.0,25500.0,5225.0,9275.0,6775.0,1445.0,2470.0,2830.0,26000.0
2021-10-18,7525.0,4410.0,3587.5,3537.5,3790.0,3090.0,6225.0,26300.0,5100.0,9300.0,6775.0,1440.0,2510.0,2860.0,25675.0
2021-10-19,7500.0,4400.0,3600.0,3612.5,3740.0,3080.0,6350.0,25650.0,5125.0,9300.0,6825.0,1450.0,2530.0,2820.0,25425.0
2021-10-21,7400.0,4360.0,3587.5,3662.5,3850.0,3080.0,6150.0,24700.0,5000.0,9225.0,6700.0,1490.0,2450.0,2720.0,24225.0
2021-10-22,7525.0,4400.0,3600.0,3725.0,3870.0,3110.0,6175.0,23700.0,4850.0,9100.0,6650.0,1455.0,2430.0,2670.0,23800.0
2021-10-25,7525.0,4300.0,3562.5,3675.0,3780.0,3080.0,6050.0,24000.0,4580.0,9100.0,6650.0,1465.0,2420.0,2740.0,24850.0
2021-10-26,7525.0,4350.0,3587.5,3637.5,3800.0,3080.0,6150.0,24500.0,4640.0,9100.0,6675.0,1540.0,2400.0,2800.0,25200.0
2021-10-27,7450.0,4290.0,3575.0,3537.5,3790.0,3070.0,6000.0,24500.0,4540.0,8850.0,6475.0,1600.0,2350.0,2780.0,24150.0
2021-10-28,7375.0,4240.0,3512.5,3525.0,3750.0,3020.0,6000.0,23000.0,4440.0,8800.0,6400.0,1590.0,2320.0,2640.0,22475.0
2021-10-29,7475.0,4250.0,3587.5,3500.0,3800.0,3080.0,6025.0,23550.0,4420.0,8800.0,6350.0,1600.0,2340.0,2680.0,21600.0
2021-11-01,7400.0,4230.0,3587.5,3425.0,3700.0,3000.0,6025.0,23600.0,4420.0,8800.0,6275.0,1590.0,2330.0,2670.0,22250.0
2021-11-02,7300.0,4210.0,3512.5,3400.0,3660.0,2950.0,5900.0,23000.0,4470.0,8850.0,6275.0,1620.0,2310.0,2600.0,21525.0
2021-11-03,7350.0,4290.0,3562.5,3512.5,3720.0,3010.0,5975.0,22325.0,4450.0,8775.0,6250.0,1635.0,2320.0,2640.0,22300.0
2021-11-04,7375.0,4250.0,3587.5,3500.0,3770.0,2970.0,5975.0,22400.0,4450.0,8800.0,6275.0,1630.0,2380.0,2680.0,22400.0
2021-11-05,7450.0,4240.0,3550.0,3475.0,3770.0,2990.0,5925.0,22400.0,4430.0,8800.0,6250.0,1630.0,2360.0,2650.0,22325.0
2021-11-08,7575.0,4230.0,3500.0,3525.0,3750.0,2990.0,5925.0,23150.0,4460.0,8900.0,6275.0,1620.0,2370.0,2680.0,22625.0
2021-11-09,7675.0,4250.0,3437.5,3525.0,3710.0,3040.0,5850.0,23050.0,4430.0,8925.0,6350.0,1620.0,2340.0,2680.0,22675.0
2021-11-10,7650.0,4250.0,3575.0,3537.5,3700.0,3030.0,6175.0,22550.0,4370.0,8900.0,6275.0,1625.0,2340.0,2680.0,22275.0
2021-11-11,7675.0,4250.0,3612.5,3512.5,3650.0,3000.0,6175.0,22375.0,4660.0,8850.0,6325.0,1590.0,2370.0,2680.0,21575.0
2021-11-12,7525.0,4220.0,3550.0,3450.0,3600.0,3000.0,6150.0,22800.0,4600.0,8950.0,6350.0,1610.0,2400.0,2660.0,20775.0
2021-11-15,7500.0,4160.0,3525.0,3400.0,3600.0,2940.0,6125.0,22275.0,4510.0,8925.0,6300.0,1595.0,2390.0,2510.0,19325.0
2021-11-16,7475.0,4130.0,3612.5,3437.5,3670.0,2920.0,6175.0,22425.0,4570.0,8825.0,6300.0,1620.0,2380.0,2510.0,19100.0
2021-11-17,7575.0,4200.0,3612.5,3500.0,3630.0,2930.0,6250.0,22975.0,4500.0,8850.0,6300.0,1615.0,2350.0,2550.0,19950.0
2021-11-18,7400.0,4180.0,3587.5,3462.5,3630.0,2860.0,6200.0,22775.0,4480.0,9075.0,6550.0,1615.0,2330.0,2540.0,19500.0
2021-11-19,7425.0,4280.0,3625.0,3512.5,3900.0,2980.0,6225.0,22675.0,4660.0,9025.0,6550.0,1595.0,2390.0,2620.0,20175.0
2021-11-22,7475.0,4280.0,3675.0,3587.5,3800.0,2960.0,6200.0,23000.0,4840.0,9075.0,6625.0,1600.0,2370.0,2600.0,20000.0
2021-11-23,7475.0,4210.0,3575.0,3500.0,3800.0,2940.0,6250.0,22650.0,4880.0,8950.0,6600.0,1610.0,2400.0,2640.0,21050.0
2021-11-24,7475.0,4210.0,3575.0,3537.5,3800.0,2970.0,6225.0,22450.0,4840.0,9000.0,6550.0,1610.0,2440.0,2660.0,21075.0
2021-11-25,7425.0,4220.0,3675.0,3587.5,4000.0,3010.0,6225.0,22850.0,4820.0,8950.0,6475.0,1620.0,2440.0,2700.0,21550.0
2021-11-26,7275.0,4160.0,3550.0,3437.5,4010.0,2950.0,5900.0,21800.0,4710.0,8875.0,6350.0,1590.0,2340.0,2600.0,20425.0
2021-11-29,7400.0,4170.0,3587.5,3475.0,4140.0,3000.0,5975.0,21825.0,4630.0,8875.0,6500.0,1605.0,2330.0,2660.0,20875.0
2021-11-30,7275.0,4090.0,3500.0,3400.0,3990.0,3070.0,5775.0,21350.0,4480.0,8450.0,6300.0,1600.0,2300.0,2600.0,21550.0
2021-12-01,7300.0,4080.0,3537.5,3325.0,4080.0,3070.0,5650.0,22025.0,4310.0,8925.0,6525.0,1590.0,2270.0,2600.0,20900.0
2021-12-02,7500.0,4200.0,3600.0,3412.5,4160.0,3150.0,5850.0,23225.0,4290.0,8850.0,6475.0,1615.0,2340.0,2740.0,21875.0
2021-12-03,7375.0,4170.0,3575.0,3362.5,4070.0,3140.0,5750.0,22700.0,4220.0,8700.0,6450.0,1610.0,2340.0,2710.0,21550.0
2021-12-06,7350.0,4110.0,3587.5,3425.0,4170.0,3120.0,5650.0,22450.0,4200.0,8750.0,6425.0,1580.0,2320.0,2750.0,21500.0
2021-12-07,7350.0,4230.0,3650.0,3525.0,4150.0,3120.0,5925.0,23000.0,4270.0,8750.0,6350.0,1615.0,2340.0,2750.0,21000.0
2021-12-08,7425.0,4210.0,3575.0,3425.0,4090.0,3120.0,5800.0,22350.0,4270.0,8775.0,6375.0,1595.0,2330.0,2720.0,20825.0
2021-12-09,7350.0,4190.0,3675.0,3412.5,4150.0,3110.0,6000.0,22325.0,4370.0,8950.0,6550.0,1610.0,2330.0,2720.0,20750.0
2021-12-10,7375.0,4130.0,3600.0,3387.5,4150.0,3120.0,5925.0,23000.0,4430.0,8850.0,6625.0,1610.0,2320.0,2740.0,20100.0
2021-12-13,7300.0,4160.0,3562.5,3425.0,4080.0,3170.0,5900.0,22025.0,4380.0,8750.0,6550.0,1605.0,2320.0,2710.0,20225.0
2021-12-14,7300.0,4130.0,3587.5,3437.5,4100.0,3190.0,5875.0,22000.0,4290.0,8700.0,6450.0,1610.0,2290.0,2730.0,20325.0
2021-12-15,7300.0,4200.0,3637.5,3437.5,4080.0,3130.0,6000.0,21700.0,4270.0,8800.0,6500.0,1615.0,2280.0,2700.0,20325.0
2021-12-16,7275.0,4140.0,3625.0,3375.0,4100.0,3170.0,5800.0,21825.0,4210.0,8750.0,6425.0,1625.0,2290.0,2680.0,20000.0
2021-12-17,7500.0,4110.0,3575.0,3375.0,4100.0,3230.0,5800.0,21725.0,4150.0,8800.0,6475.0,1610.0,2250.0,2730.0,20675.0
2021-12-20,7375.0,4120.0,3537.5,3362.5,4080.0,3180.0,5675.0,21300.0,4140.0,8825.0,6375.0,1615.0,2220.0,2650.0,20025.0
2021-12-21,7375.0,4080.0,3575.0,3350.0,4160.0,3170.0,5650.0,22025.0,4080.0,8750.0,6375.0,1605.0,2260.0,2690.0,20400.0
2021-12-22,7325.0,4050.0,3525.0,3312.5,4110.0,3140.0,5625.0,21800.0,4060.0,8675.0,6300.0,1570.0,2250.0,2700.0,20150.0
2021-12-23,7300.0,4100.0,3537.5,3325.0,4160.0,3090.0,5725.0,22225.0,4080.0,8775.0,6375.0,1590.0,2240.0,2700.0,20050.0
2021-12-24,7300.0,4070.0,3525.0,3362.5,4110.0,3080.0,5675.0,22150.0,4200.0,8725.0,6400.0,1575.0,2280.0,2710.0,20100.0
2021-12-27,7350.0,4060.0,3500.0,3375.0,4080.0,3090.0,5675.0,22025.0,4210.0,8650.0,6375.0,1610.0,2300.0,2700.0,20150.0
2021-12-28,7350.0,4090.0,3525.0,3350.0,4090.0,3070.0,5725.0,22950.0,4180.0,8700.0,6325.0,1605.0,2260.0,2800.0,21375.0
2021-12-29,7300.0,4080.0,3550.0,3362.5,4080.0,3130.0,5750.0,22800.0,4120.0,8675.0,6400.0,1615.0,2270.0,2790.0,21125.0
2021-12-30,7300.0,4110.0,3512.5,3375.0,4040.0,3170.0,5700.0,22150.0,4110.0,8700.0,6325.0,1615.0,2250.0,2710.0,20400.0
2022-01-03,7325.0,4180.0,3525.0,3362.5,4180.0,3160.0,5725.0,21825.0,4230.0,8625.0,6250.0,1620.0,2340.0,2670.0,19625.0
2022-01-04,7400.0,4160.0,3587.5,3512.5,4170.0,3140.0,5775.0,21925.0,4250.0,8775.0,6275.0,1620.0,2300.0,2700.0,19925.0
2022-01-05,7450.0,4210.0,3512.5,3475.0,4050.0,3090.0,5575.0,21950.0,4210.0,8825.0,6225.0,1625.0,2270.0,2730.0,20050.0
2022-01-06,7475.0,4160.0,3512.5,3475.0,4120.0,2970.0,5675.0,21725.0,4230.0,8850.0,6300.0,1620.0,2230.0,2700.0,19625.0
2022-01-07,7650.0,4190.0,3525.0,3537.5,4170.0,3020.0,5700.0,22175.0,4220.0,8875.0,6425.0,1655.0,2230.0,2790.0,20025.0
2022-01-10,7600.0,4180.0,3525.0,3525.0,4100.0,3000.0,5650.0,21800.0,4250.0,8850.0,6400.0,1695.0,2220.0,2780.0,20050.0
2022-01-11,7700.0,4150.0,3525.0,3512.5,4090.0,2930.0,5700.0,21750.0,4180.0,8700.0,6525.0,1675.0,2080.0,2830.0,20175.0
2022-01-12,7700.0,4160.0,3575.0,3525.0,4110.0,2950.0,5725.0,22100.0,4330.0,8750.0,6600.0,1700.0,1935.0,2760.0,20175.0
2022-01-13,7700.0,4190.0,3562.5,3512.5,4180.0,3020.0,5775.0,22675.0,4270.0,8775.0,6600.0,1700.0,1965.0,2810.0,20600.0
2022-01-14,7850.0,4180.0,3587.5,3550.0,4190.0,3090.0,5725.0,23525.0,4220.0,8750.0,6500.0,1695.0,1950.0,2830.0,20700.0
2022-01-17,7750.0,4210.0,3600.0,3600.0,4180.0,3050.0,5675.0,23500.0,4150.0,8775.0,6475.0,1705.0,1855.0,2810.0,21125.0
2022-01-18,7675.0,4190.0,3625.0,3537.5,4250.0,2990.0,5650.0,23650.0,4110.0,8775.0,6425.0,1715.0,1780.0,2820.0,20825.0
2022-01-19,7675.0,4130.0,3512.5,3550.0,4250.0,3050.0,5600.0,23250.0,4100.0,8750.0,6425.0,1700.0,1725.0,2810.0,20950.0
2022-01-20,7775.0,4130.0,3587.5,3575.0,4220.0,3060.0,5525.0,22850.0,4100.0,8525.0,6350.0,1700.0,1935.0,2820.0,20825.0
2022-01-21,7950.0,4170.0,3650.0,3587.5,4330.0,3050.0,5600.0,23500.0,4150.0,8675.0,6475.0,1705.0,1945.0,2830.0,20800.0
2022-01-24,7800.0,4120.0,3637.5,3550.0,4300.0,2990.0,5525.0,23400.0,4080.0,8600.0,6400.0,1700.0,1885.0,2870.0,21500.0
2022-01-25,7775.0,4070.0,3612.5,3400.0,4290.0,2940.0,5450.0,23150.0,4060.0,8750.0,6350.0,1700.0,1760.0,2810.0,21225.0
2022-01-26,7700.0,4090.0,3737.5,3562.5,4390.0,3080.0,5450.0,22775.0,4130.0,8750.0,6450.0,1700.0,1805.0,2870.0,21400.0
2022-01-27,7800.0,4140.0,3775.0,3600.0,4270.0,3160.0,5475.0,23250.0,4060.0,8700.0,6425.0,1690.0,1765.0,2900.0,22150.0
2022-01-28,7775.0,4140.0,3825.0,3750.0,4260.0,3290.0,5475.0,23250.0,4050.0,8675.0,6375.0,1670.0,1770.0,2880.0,22550.0
2022-01-31,7625.0,4070.0,3737.5,3662.5,4190.0,3320.0,5475.0,23125.0,4030.0,8725.0,6325.0,1640.0,1770.0,2850.0,21650.0
2022-02-02,7800.0,4070.0,3737.5,3687.5,4170.0,3310.0,5500.0,22925.0,4050.0,8675.0,6400.0,1690.0,1780.0,2810.0,21325.0
2022-02-03,7725.0,4130.0,3737.5,3650.0,4200.0,3270.0,5500.0,22825.0,4010.0,8500.0,6425.0,1660.0,1840.0,2820.0,20925.0
2022-02-04,7725.0,4210.0,3737.5,3662.5,4230.0,3190.0,5500.0,22500.0,4020.0,8625.0,6425.0,1690.0,1810.0,2790.0,20800.0
2022-02-07,7800.0,4400.0,3750.0,3687.5,4290.0,3110.0,5475.0,22600.0,4000.0,8650.0,6475.0,1685.0,1810.0,2820.0,21075.0
2022-02-08,7725.0,4440.0,3812.5,3750.0,4230.0,3070.0,5550.0,22175.0,4000.0,8625.0,6375.0,1640.0,1790.0,2840.0,20825.0
2022-02-09,7950.0,4450.0,3837.5,3787.5,4280.0,3070.0,5550.0,22675.0,3960.0,8675.0,6350.0,1650.0,1780.0,2870.0,21650.0
2022-02-10,7750.0,4470.0,3862.5,3837.5,4460.0,3090.0,5450.0,22800.0,3980.0,8625.0,6325.0,1640.0,1880.0,2840.0,21250.0
2022-02-11,7825.0,4450.0,3862.5,3850.0,4450.0,3080.0,5450.0,23050.0,3900.0,8650.0,6350.0,1635.0,1845.0,2880.0,21875.0
2022-02-14,7700.0,4410.0,3900.0,3850.0,4400.0,2980.0,5300.0,23450.0,3850.0,8550.0,6350.0,1600.0,1890.0,2910.0,22925.0
2022-02-15,7875.0,4430.0,3950.0,3962.5,4410.0,2980.0,5500.0,24175.0,3870.0,8550.0,6375.0,1640.0,1880.0,2910.0,23375.0
2022-02-16,7975.0,4420.0,3925.0,3975.0,4400.0,2980.0,5475.0,23800.0,3870.0,8500.0,6300.0,1620.0,1880.0,2900.0,23475.0
2022-02-17,7900.0,4400.0,3925.0,3950.0,4410.0,2920.0,5475.0,23725.0,3830.0,8525.0,6375.0,1600.0,1945.0,2900.0,22975.0
2022-02-18,7925.0,4430.0,3925.0,3987.5,4400.0,2950.0,5600.0,23925.0,3850.0,8525.0,6375.0,1600.0,2090.0,2930.0,23100.0
2022-02-21,7950.0,4490.0,3925.0,3950.0,4370.0,2880.0,5575.0,23500.0,3850.0,8500.0,6275.0,1590.0,2170.0,2940.0,23150.0
2022-02-22,7900.0,4430.0,3937.5,3875.0,4300.0,2860.0,5575.0,23475.0,3810.0,8525.0,6400.0,1620.0,2180.0,2940.0,23200.0
2022-02-23,8050.0,4480.0,3937.5,3962.5,4350.0,2880.0,5650.0,24000.0,3820.0,8700.0,6400.0,1650.0,2200.0,3010.0,23975.0
2022-02-24,8000.0,4390.0,3850.0,3912.5,4240.0,2770.0,5700.0,25200.0,3690.0,8525.0,6325.0,1630.0,2220.0,3170.0,26975.0
2022-02-25,8050.0,4550.0,3850.0,4000.0,4340.0,2860.0,5800.0,24900.0,3680.0,8500.0,6200.0,1645.0,2220.0,3140.0,26675.0
2022-03-01,8050.0,4630.0,3825.0,3962.5,4350.0,2880.0,5700.0,24850.0,3680.0,8250.0,6175.0,1580.0,2260.0,3190.0,27650.0
2022-03-02,7975.0,4560.0,3812.5,3887.5,4290.0,2770.0,5525.0,25525.0,3660.0,7925.0,6200.0,1600.0,2290.0,3250.0,28125.0
2022-03-04,7900.0,4670.0,3825.0,3950.0,4400.0,2740.0,5625.0,27075.0,3520.0,7825.0,6075.0,1640.0,2450.0,3540.0,29225.0
2022-03-07,7700.0,4520.0,3775.0,3862.5,4510.0,2640.0,5800.0,27350.0,3430.0,7400.0,5725.0,1605.0,2820.0,3620.0,30075.0
2022-03-08,7650.0,4430.0,3775.0,3800.0,4620.0,2590.0,6250.0,25700.0,3360.0,7600.0,5925.0,1590.0,2840.0,3480.0,28300.0
2022-03-09,7850.0,4570.0,3812.5,3887.5,4440.0,2660.0,6300.0,26400.0,3400.0,7625.0,5950.0,1585.0,2650.0,3540.0,27800.0
2022-03-10,7925.0,4570.0,3837.5,3887.5,4410.0,2680.0,6250.0,25950.0,3430.0,7750.0,6075.0,1605.0,2570.0,3470.0,27150.0
2022-03-11,7950.0,4400.0,3825.0,3975.0,4590.0,2790.0,6275.0,26700.0,3370.0,7550.0,6050.0,1615.0,2520.0,3480.0,27050.0
2022-03-14,8075.0,4520.0,3875.0,4050.0,4580.0,2740.0,6375.0,24850.0,3380.0,7525.0,6100.0,1630.0,2400.0,3310.0,26025.0
2022-03-15,8150.0,4610.0,3887.5,4037.5,4620.0,2640.0,6300.0,24475.0,3280.0,7425.0,6050.0,1620.0,2370.0,3300.0,25825.0
2022-03-16,8200.0,4650.0,3975.0,4175.0,4630.0,2700.0,6400.0,25000.0,3450.0,7625.0,6150.0,1620.0,2390.0,3380.0,26975.0
2022-03-17,8000.0,4650.0,3975.0,4112.5,4480.0,2640.0,6425.0,25250.0,3420.0,7575.0,6125.0,1610.0,2350.0,3320.0,26300.0
2022-03-18,7900.0,4580.0,3962.5,4150.0,4540.0,2650.0,6400.0,25425.0,3360.0,7575.0,6025.0,1630.0,2390.0,3190.0,26975.0
2022-03-21,7900.0,4590.0,3825.0,4037.5,4550.0,2690.0,6600.0,25350.0,3460.0,7450.0,5975.0,1650.0,2360.0,3220.0,26650.0
2022-03-22,7925.0,4640.0,3837.5,4012.5,4550.0,2720.0,6575.0,25550.0,3490.0,7475.0,6025.0,1655.0,2550.0,3300.0,27350.0
2022-03-23,7900.0,4650.0,3887.5,4037.5,4550.0,2700.0,6475.0,25725.0,3410.0,7500.0,5975.0,1660.0,2500.0,3330.0,28050.0
2022-03-24,7925.0,4730.0,3962.5,4112.5,4560.0,2760.0,6575.0,26600.0,3380.0,7550.0,5950.0,1690.0,2640.0,3350.0,27800.0
2022-03-25,7950.0,4710.0,3925.0,4112.5,4520.0,2760.0,6400.0,26325.0,3400.0,7250.0,5775.0,1670.0,2660.0,3320.0,28525.0
2022-03-28,7900.0,4730.0,3937.5,4250.0,4600.0,2790.0,6700.0,26600.0,3460.0,7275.0,5800.0,1630.0,2630.0,3430.0,29350.0
2022-03-29,7850.0,4690.0,3962.5,4187.5,4560.0,2760.0,6550.0,26025.0,3480.0,7300.0,5825.0,1630.0,2530.0,3370.0,28975.0
2022-03-30,7875.0,4710.0,3937.5,4200.0,4580.0,2710.0,6650.0,25875.0,3720.0,7375.0,5925.0,1660.0,2510.0,3280.0,28325.0
2022-03-31,7975.0,4660.0,3950.0,4125.0,4580.0,2650.0,6575.0,25550.0,3660.0,7350.0,5950.0,1610.0,2440.0,3290.0,28550.0
2022-04-01,7925.0,4730.0,3937.5,4100.0,4580.0,2610.0,6700.0,25925.0,3620.0,7525.0,6050.0,1615.0,2510.0,3330.0,28825.0
2022-04-04,7900.0,4700.0,3912.5,4212.5,4540.0,2680.0,6825.0,26775.0,3570.0,7550.0,6100.0,1685.0,2640.0,3360.0,26825.0
2022-04-05,7900.0,4700.0,3912.5,4187.5,4520.0,2700.0,6900.0,27200.0,3680.0,7575.0,6100.0,1610.0,2670.0,3480.0,26225.0
2022-04-06,7750.0,4600.0,3837.5,4075.0,4430.0,2700.0,7000.0,27450.0,3600.0,7400.0,6100.0,1595.0,2650.0,3490.0,27625.0
2022-04-07,7750.0,4630.0,3850.0,4150.0,4540.0,2660.0,6900.0,27150.0,3570.0,7575.0,6100.0,1580.0,2760.0,3500.0,27200.0
2022-04-08,7850.0,4610.0,3850.0,4212.5,4580.0,2690.0,7000.0,28600.0,3540.0,7450.0,6125.0,1580.0,2800.0,3600.0,27475.0
2022-04-11,7725.0,4570.0,3837.5,4200.0,4590.0,2580.0,6850.0,28450.0,3460.0,7525.0,6075.0,1585.0,2630.0,3550.0,27475.0
2022-04-12,7800.0,4610.0,3850.0,4212.5,4630.0,2570.0,6950.0,27950.0,3520.0,7400.0,6150.0,1585.0,2670.0,3510.0,26625.0
2022-04-13,7800.0,4610.0,3862.5,4225.0,4690.0,2720.0,6975.0,29275.0,3440.0,7325.0,6200.0,1595.0,2790.0,3760.0,28175.0
2022-04-14,7700.0,4540.0,3837.5,4200.0,4680.0,2710.0,6875.0,29800.0,3400.0,7175.0,6125.0,1585.0,2780.0,3770.0,28300.0
2022-04-18,7700.0,4550.0,3812.5,4212.5,4710.0,2940.0,7000.0,30000.0,3390.0,7100.0,6125.0,1600.0,2900.0,3760.0,27700.0
2022-04-19,7625.0,4570.0,3787.5,4200.0,4680.0,2950.0,6900.0,29600.0,3350.0,7175.0,6200.0,1575.0,2850.0,3750.0,27125.0
2022-04-20,7650.0,4850.0,3925.0,4487.5,4630.0,3180.0,6900.0,28350.0,3470.0,7325.0,6225.0,1560.0,2820.0,3700.0,27150.0
2022-04-21,7925.0,4800.0,4150.0,4687.5,4620.0,3240.0,7000.0,28125.0,3400.0,7425.0,6250.0,1600.0,2790.0,3720.0,27275.0
2022-04-22,7875.0,4750.0,4137.5,4675.0,4620.0,3160.0,7050.0,28300.0,3430.0,7300.0,6300.0,1575.0,2740.0,3690.0,27275.0
2022-04-25,8000.0,4840.0,4112.5,4750.0,4710.0,3290.0,7075.0,27625.0,3690.0,7425.0,6300.0,1605.0,2620.0,3700.0,26800.0
2022-04-26,8125.0,4940.0,4175.0,4800.0,4760.0,3200.0,7200.0,28750.0,3890.0,7575.0,6300.0,1625.0,2500.0,3640.0,26300.0
2022-04-27,8200.0,4850.0,4112.5,4725.0,4770.0,3180.0,7125.0,28900.0,3810.0,7600.0,6350.0,1615.0,2560.0,3700.0,27100.0
2022-04-28,8125.0,4870.0,4475.0,4612.5,4620.0,3190.0,7575.0,30275.0,3890.0,7625.0,6300.0,1640.0,2600.0,3820.0,28400.0
2022-05-09,7600.0,4530.0,4162.5,4412.5,4310.0,3040.0,7050.0,29225.0,4010.0,7400.0,6125.0,1530.0,2530.0,3770.0,28550.0
2022-05-10,7525.0,4530.0,4050.0,4450.0,4340.0,2990.0,7000.0,29625.0,4380.0,7975.0,6400.0,1615.0,2420.0,3660.0,28675.0
2022-05-11,7650.0,4490.0,4000.0,4387.5,4330.0,2990.0,6900.0,30225.0,4880.0,8300.0,6450.0,1635.0,2400.0,3710.0,28900.0
2022-05-12,7275.0,4320.0,3937.5,4100.0,4300.0,2790.0,6850.0,29300.0,4690.0,8025.0,6400.0,1580.0,2330.0,3650.0,29500.0
2022-05-13,7325.0,4250.0,3900.0,4125.0,4260.0,2850.0,7125.0,30225.0,4800.0,8175.0,6450.0,1600.0,2330.0,3800.0,31725.0
2022-05-17,7400.0,4450.0,3925.0,4225.0,4180.0,2790.0,7000.0,30075.0,4800.0,7825.0,6500.0,1625.0,2390.0,4100.0,33300.0
2022-05-18,7575.0,4450.0,3950.0,4375.0,4250.0,2710.0,7100.0,30300.0,5025.0,8100.0,6500.0,1625.0,2400.0,4000.0,32500.0
2022-05-19,7450.0,4440.0,3950.0,4337.5,4210.0,2660.0,7000.0,29975.0,4880.0,7975.0,6450.0,1605.0,2460.0,3950.0,31450.0
2022-05-20,7400.0,4430.0,4000.0,4387.5,4170.0,2690.0,7125.0,29900.0,5050.0,8050.0,6450.0,1625.0,2490.0,4050.0,33050.0
2022-05-23,7375.0,4330.0,3937.5,4425.0,4110.0,2600.0,6950.0,29650.0,4880.0,7975.0,6400.0,1630.0,2530.0,4100.0,32900.0
2022-05-24,7350.0,4460.0,3962.5,4537.5,4150.0,2600.0,7150.0,30300.0,4810.0,8150.0,6275.0,1615.0,2570.0,4400.0,33050.0
2022-05-25,7375.0,4350.0,3925.0,4462.5,4200.0,2570.0,7100.0,30175.0,4770.0,8250.0,6400.0,1630.0,2490.0,4390.0,33200.0
2022-05-27,7575.0,4540.0,4050.0,4600.0,4300.0,2670.0,7225.0,30400.0,4760.0,8625.0,6425.0,1610.0,2470.0,4420.0,32850.0
2022-05-30,7575.0,4430.0,4100.0,4600.0,4250.0,2690.0,7250.0,30250.0,4650.0,8550.0,6450.0,1630.0,2560.0,4430.0,32750.0
2022-05-31,7750.0,4630.0,4250.0,4587.5,4310.0,2640.0,7350.0,31300.0,4730.0,8575.0,6600.0,1675.0,2510.0,4530.0,35000.0
2022-06-02,7575.0,4480.0,4100.0,4425.0,4290.0,2680.0,7325.0,31625.0,4790.0,8550.0,6700.0,1605.0,2510.0,4550.0,34675.0
2022-06-03,7600.0,4520.0,4100.0,4475.0,4310.0,2640.0,7300.0,32600.0,4720.0,8575.0,6675.0,1600.0,2500.0,4630.0,34950.0
2022-06-06,7450.0,4430.0,4075.0,4450.0,4340.0,2570.0,7225.0,32175.0,4770.0,8650.0,6925.0,1640.0,2450.0,4310.0,35150.0
2022-06-07,7375.0,4400.0,4150.0,4450.0,4250.0,2590.0,7200.0,32825.0,4730.0,8575.0,6925.0,1595.0,2420.0,4070.0,36450.0
2022-06-08,7600.0,4470.0,4200.0,4500.0,4100.0,2670.0,7175.0,33050.0,4890.0,8575.0,6975.0,1625.0,2420.0,4050.0,35150.0
2022-06-09,7500.0,4490.0,4212.5,4337.5,4050.0,2600.0,7200.0,32400.0,4820.0,8625.0,6875.0,1635.0,2400.0,4070.0,35000.0
2022-06-10,7350.0,4400.0,4087.5,4150.0,4020.0,2560.0,6925.0,32200.0,4750.0,8500.0,6875.0,1625.0,2290.0,3920.0,33675.0
2022-06-13,7350.0,4340.0,4050.0,4125.0,4080.0,2410.0,7025.0,30675.0,4690.0,8600.0,6825.0,1625.0,2260.0,3870.0,32800.0
2022-06-14,7400.0,4360.0,4100.0,4137.5,4110.0,2440.0,6975.0,31550.0,4740.0,8650.0,6875.0,1625.0,2180.0,3880.0,32875.0
2022-06-15,7325.0,4450.0,4150.0,4137.5,4060.0,2410.0,6700.0,29750.0,4800.0,8600.0,6800.0,1615.0,2170.0,3680.0,31450.0
2022-06-16,7575.0,4430.0,4187.5,4125.0,4040.0,2380.0,6850.0,30000.0,4800.0,8675.0,6800.0,1625.0,2150.0,3820.0,32600.0
2022-06-17,7500.0,4370.0,4037.5,4087.5,4120.0,2330.0,6950.0,28800.0,4650.0,8550.0,6825.0,1625.0,2110.0,3730.0,31800.0
2022-06-20,7625.0,4400.0,4125.0,4062.5,4040.0,2320.0,6925.0,29000.0,5025.0,8975.0,6900.0,1620.0,2070.0,3730.0,31300.0
2022-06-21,7650.0,4380.0,4125.0,4225.0,4110.0,2500.0,6850.0,29150.0,5050.0,9150.0,6875.0,1625.0,2150.0,4030.0,32975.0
2022-06-22,7500.0,4320.0,4075.0,4075.0,4050.0,2480.0,6800.0,29200.0,4890.0,9225.0,6975.0,1625.0,2020.0,4120.0,32950.0
2022-06-23,7525.0,4310.0,4075.0,4075.0,4160.0,2670.0,6875.0,29275.0,4960.0,9325.0,7125.0,1700.0,1965.0,4090.0,32200.0
2022-06-24,7475.0,4340.0,4150.0,4075.0,4150.0,2630.0,6675.0,29275.0,4990.0,9425.0,7075.0,1710.0,1970.0,4090.0,32200.0
2022-06-27,7350.0,4280.0,4112.5,4025.0,4070.0,2680.0,6650.0,29200.0,4980.0,9500.0,7200.0,1695.0,1890.0,3970.0,31725.0
2022-06-28,7300.0,4300.0,4062.5,4037.5,4030.0,2630.0,6700.0,29800.0,5050.0,9500.0,7250.0,1700.0,1865.0,4030.0,31950.0
2022-06-29,7275.0,4180.0,3975.0,4012.5,4040.0,2550.0,6500.0,28525.0,4940.0,9450.0,7100.0,1690.0,1835.0,3990.0,31525.0
2022-06-30,7250.0,4150.0,3962.5,3925.0,4000.0,2600.0,6625.0,28400.0,4770.0,9550.0,7050.0,1660.0,1800.0,3820.0,30675.0
2022-07-01,7250.0,4140.0,3800.0,3925.0,4020.0,2560.0,6525.0,26500.0,4830.0,9350.0,7025.0,1685.0,1750.0,3720.0,30025.0
2022-07-04,7050.0,4040.0,3700.0,3825.0,3990.0,2400.0,6500.0,26525.0,4700.0,9225.0,6825.0,1635.0,1720.0,3680.0,30050.0
2022-07-05,7250.0,4090.0,3825.0,3875.0,3990.0,2380.0,6325.0,27975.0,4760.0,9175.0,6925.0,1690.0,1790.0,3950.0,33000.0
2022-07-06,7300.0,4080.0,3762.5,3825.0,4020.0,2240.0,6075.0,26800.0,4780.0,9450.0,7000.0,1685.0,1720.0,3860.0,32000.0
2022-07-07,7100.0,4050.0,3712.5,3800.0,4040.0,2260.0,5950.0,26775.0,5000.0,9475.0,6900.0,1680.0,1720.0,3850.0,31850.0
2022-07-08,7150.0,4200.0,3737.5,3800.0,4010.0,2300.0,5975.0,27450.0,4890.0,9425.0,7025.0,1670.0,1715.0,3930.0,32300.0
2022-07-11,7125.0,4120.0,3737.5,3750.0,4040.0,2250.0,6050.0,27225.0,4800.0,9450.0,7025.0,1700.0,1720.0,3870.0,31375.0
2022-07-12,7175.0,4110.0,3712.5,3725.0,4010.0,2300.0,6100.0,26925.0,4880.0,9325.0,7050.0,1680.0,1740.0,3980.0,33300.0
2022-07-13,7000.0,4060.0,3637.5,3612.5,3940.0,2300.0,5825.0,28275.0,4900.0,9300.0,6825.0,1690.0,1720.0,4030.0,33800.0
2022-07-14,7025.0,4070.0,3637.5,3637.5,4020.0,2280.0,6100.0,29800.0,4900.0,9250.0,6925.0,1720.0,1650.0,4060.0,34025.0
2022-07-15,7000.0,4110.0,3587.5,3637.5,4150.0,2320.0,5950.0,29025.0,4830.0,9350.0,6900.0,1680.0,1540.0,3940.0,33000.0
2022-07-18,7150.0,4140.0,3675.0,3662.5,4190.0,2340.0,6025.0,28850.0,4980.0,9500.0,7050.0,1655.0,1560.0,3890.0,33025.0
2022-07-19,7175.0,4110.0,3712.5,3650.0,4160.0,2500.0,6075.0,29100.0,4970.0,9450.0,7150.0,1700.0,1655.0,3980.0,33750.0
2022-07-20,7400.0,4300.0,3950.0,3837.5,4210.0,2530.0,6275.0,30175.0,4970.0,9450.0,7100.0,1730.0,1695.0,4030.0,34050.0
2022-07-21,7400.0,4310.0,3950.0,3862.5,4260.0,2460.0,6175.0,30000.0,5000.0,9500.0,7175.0,1680.0,1675.0,4020.0,34150.0
2022-07-22,7325.0,4270.0,3925.0,3850.0,4230.0,2460.0,6075.0,30075.0,5000.0,9400.0,7050.0,1715.0,1780.0,4050.0,35075.0
2022-07-25,7300.0,4250.0,3887.5,3800.0,4240.0,2450.0,6075.0,30575.0,4930.0,9450.0,7025.0,1690.0,1755.0,4060.0,35050.0
2022-07-26,7300.0,4330.0,4000.0,3837.5,4250.0,2380.0,6100.0,30600.0,4930.0,9375.0,7000.0,1695.0,1790.0,4090.0,35600.0
2022-07-27,7325.0,4320.0,4050.0,3887.5,4300.0,2370.0,6100.0,31100.0,4720.0,9275.0,7000.0,1690.0,1785.0,4270.0,38900.0
2022-07-28,7350.0,4360.0,4025.0,3912.5,4240.0,2380.0,6050.0,31300.0,4510.0,8975.0,6900.0,1670.0,2000.0,4270.0,39175.0
2022-07-29,7350.0,4360.0,4137.5,3925.0,4230.0,2370.0,6325.0,32300.0,4510.0,8825.0,6800.0,1620.0,1955.0,4300.0,39600.0
2022-08-01,7500.0,4360.0,3987.5,3975.0,4300.0,2410.0,6475.0,32175.0,4550.0,8900.0,6900.0,1585.0,2080.0,4280.0,40750.0
2022-08-02,7600.0,4400.0,4087.5,4037.5,4450.0,2400.0,6475.0,32875.0,4600.0,8975.0,6700.0,1590.0,1995.0,4190.0,39750.0
2022-08-03,7625.0,4380.0,4125.0,4062.5,4500.0,2580.0,6600.0,33950.0,4590.0,8800.0,6575.0,1590.0,1970.0,4230.0,40250.0
2022-08-04,7800.0,4360.0,4125.0,4000.0,4550.0,2590.0,6600.0,33200.0,4600.0,8925.0,6650.0,1595.0,1970.0,4110.0,39400.0
2022-08-05,7875.0,4360.0,4125.0,4125.0,4650.0,2600.0,6625.0,32500.0,4720.0,8800.0,6625.0,1590.0,2020.0,4120.0,39750.0
2022-08-08,7875.0,4370.0,4175.0,4125.0,4700.0,2620.0,6700.0,32400.0,4790.0,8800.0,6625.0,1615.0,2060.0,4040.0,39600.0
2022-08-09,7900.0,4410.0,4237.5,4225.0,4640.0,2610.0,6750.0,32375.0,4720.0,8725.0,6550.0,1585.0,2180.0,4070.0,40225.0
2022-08-10,7900.0,4310.0,4300.0,4237.5,4560.0,2720.0,6850.0,32350.0,4780.0,8725.0,6625.0,1600.0,2120.0,4170.0,40300.0
2022-08-11,7950.0,4350.0,4262.5,4262.5,4570.0,2750.0,6950.0,31900.0,4750.0,8875.0,6600.0,1585.0,2240.0,4150.0,37600.0
2022-08-12,7925.0,4320.0,4237.5,4262.5,4550.0,2770.0,6950.0,31600.0,4770.0,8675.0,6625.0,1615.0,2220.0,4150.0,37750.0
2022-08-15,7950.0,4300.0,4225.0,4275.0,4450.0,2730.0,6875.0,32500.0,4760.0,8875.0,6625.0,1595.0,2130.0,4130.0,37300.0
2022-08-16,7975.0,4280.0,4262.5,4287.5,4410.0,2640.0,6975.0,32400.0,4770.0,8750.0,6550.0,1635.0,2080.0,4080.0,36700.0
2022-08-18,8000.0,4330.0,4300.0,4325.0,4550.0,2600.0,6975.0,32000.0,4790.0,8775.0,6575.0,1635.0,2050.0,4130.0,36800.0
2022-08-19,7900.0,4300.0,4250.0,4250.0,4600.0,2600.0,6975.0,31650.0,4730.0,8700.0,6575.0,1610.0,2060.0,4210.0,37500.0
2022-08-22,8000.0,4270.0,4262.5,4150.0,4650.0,2530.0,6925.0,31800.0,4750.0,8725.0,6650.0,1610.0,1985.0,4100.0,36950.0
2022-08-23,7900.0,4300.0,4312.5,4150.0,4660.0,2660.0,6975.0,32125.0,4810.0,8800.0,6650.0,1625.0,2030.0,4250.0,38250.0
2022-08-24,7950.0,4290.0,4312.5,4150.0,4750.0,2670.0,7050.0,32625.0,4850.0,8775.0,6650.0,1615.0,2010.0,4330.0,38575.0
2022-08-25,8075.0,4270.0,4287.5,4137.5,4570.0,2680.0,6975.0,32950.0,4840.0,8775.0,6575.0,1610.0,1995.0,4360.0,38500.0
2022-08-26,8000.0,4270.0,4250.0,4150.0,4490.0,2700.0,6875.0,33100.0,4610.0,8725.0,6500.0,1620.0,1955.0,4360.0,38500.0
2022-08-29,8150.0,4250.0,4275.0,4100.0,4520.0,2640.0,6825.0,33000.0,4580.0,8850.0,6625.0,1630.0,1900.0,4360.0,39550.0
2022-08-30,8175.0,4260.0,4325.0,4212.5,4480.0,2730.0,6900.0,33325.0,4580.0,8725.0,6500.0,1630.0,1985.0,4340.0,39425.0
2022-08-31,8200.0,4340.0,4425.0,4262.5,4560.0,2630.0,6975.0,33850.0,4590.0,8300.0,6225.0,1680.0,1990.0,4250.0,39300.0
2022-09-01,8150.0,4390.0,4462.5,4262.5,4580.0,2680.0,6925.0,33275.0,4540.0,8700.0,6275.0,1655.0,1935.0,4240.0,40200.0
2022-09-02,8225.0,4450.0,4425.0,4350.0,4600.0,2630.0,6925.0,33900.0,4550.0,8725.0,6400.0,1675.0,1900.0,4260.0,40475.0
2022-09-05,8275.0,4590.0,4475.0,4425.0,4620.0,2640.0,6875.0,34350.0,4530.0,8700.0,6375.0,1640.0,1970.0,4450.0,42550.0
2022-09-06,8275.0,4560.0,4412.5,4375.0,4510.0,2620.0,6900.0,35500.0,4510.0,8650.0,6350.0,1660.0,1990.0,4470.0,44175.0
2022-09-07,8375.0,4460.0,4437.5,4287.5,4490.0,2620.0,6650.0,35075.0,4590.0,8550.0,6300.0,1665.0,1950.0,4430.0,44025.0
2022-09-08,8350.0,4600.0,4475.0,4387.5,4560.0,2700.0,6650.0,34400.0,4520.0,8525.0,6250.0,1665.0,1920.0,4330.0,42650.0
2022-09-09,8375.0,4610.0,4537.5,4400.0,4600.0,2670.0,6775.0,34300.0,4500.0,8450.0,6225.0,1700.0,1975.0,4310.0,43325.0
2022-09-12,8375.0,4560.0,4587.5,4400.0,4540.0,2640.0,6975.0,34500.0,4550.0,8600.0,6225.0,1750.0,1980.0,4340.0,43850.0
2022-09-13,8525.0,4580.0,4725.0,4487.5,4520.0,2650.0,7200.0,34350.0,4670.0,8525.0,6200.0,1795.0,2070.0,4370.0,43550.0
2022-09-14,8500.0,4580.0,4650.0,4450.0,4480.0,2590.0,7150.0,34000.0,4630.0,8525.0,6225.0,1795.0,2120.0,4360.0,43550.0
2022-09-15,8750.0,4610.0,4675.0,4587.5,4500.0,2580.0,7050.0,34900.0,4600.0,8600.0,6175.0,1835.0,2070.0,4410.0,44000.0
2022-09-16,8450.0,4500.0,4550.0,4475.0,4410.0,2500.0,6900.0,34325.0,4630.0,8650.0,6300.0,1900.0,2040.0,4320.0,43425.0
2022-09-19,8650.0,4570.0,4612.5,4487.5,4500.0,2550.0,7125.0,34300.0,4600.0,8700.0,6200.0,1875.0,2050.0,4220.0,42275.0
2022-09-20,8550.0,4490.0,4600.0,4487.5,4480.0,2550.0,7175.0,34150.0,4730.0,8875.0,6200.0,1850.0,2050.0,4200.0,42100.0
2022-09-21,8475.0,4550.0,4637.5,4487.5,4430.0,2520.0,7150.0,34325.0,4810.0,8700.0,6250.0,1840.0,2080.0,4210.0,42525.0
2022-09-22,8475.0,4560.0,4600.0,4500.0,4430.0,2550.0,7175.0,35100.0,4810.0,8825.0,6250.0,1855.0,2080.0,4340.0,43775.0
2022-09-23,8375.0,4480.0,4600.0,4500.0,4380.0,2500.0,7150.0,34000.0,4810.0,9000.0,6200.0,1845.0,2040.0,4300.0,43250.0
2022-09-26,8425.0,4540.0,4625.0,4500.0,4460.0,2460.0,6975.0,33300.0,4790.0,9075.0,6200.0,1850.0,1970.0,4150.0,41300.0
2022-09-27,8300.0,4530.0,4675.0,4500.0,4440.0,2530.0,6950.0,33400.0,4800.0,8850.0,6150.0,1850.0,1965.0,4170.0,41750.0
2022-09-28,8325.0,4520.0,4650.0,4500.0,4470.0,2500.0,6800.0,33000.0,4810.0,8800.0,6100.0,1820.0,1925.0,4150.0,41250.0
2022-09-29,8375.0,4480.0,4625.0,4487.5,4440.0,2450.0,6775.0,33125.0,4850.0,8850.0,6025.0,1830.0,1920.0,4140.0,41500.0
2022-09-30,8550.0,4490.0,4712.5,4487.5,4460.0,2460.0,6625.0,32825.0,4830.0,8650.0,6025.0,1830.0,1940.0,4170.0,41425.0
2022-10-03,8500.0,4530.0,4637.5,4450.0,4460.0,2450.0,6625.0,33000.0,4850.0,8725.0,6025.0,1810.0,1890.0,4160.0,42150.0
2022-10-04,8550.0,4640.0,4612.5,4425.0,4440.0,2500.0,6725.0,33800.0,4870.0,8525.0,6050.0,1815.0,1925.0,4240.0,44150.0
2022-10-05,8450.0,4540.0,4637.5,4425.0,4460.0,2540.0,6675.0,33075.0,4830.0,8650.0,6025.0,1845.0,1940.0,4210.0,43600.0
2022-10-06,8425.0,4510.0,4662.5,4450.0,4430.0,2550.0,6600.0,32850.0,4900.0,8825.0,6100.0,1850.0,1930.0,4230.0,43300.0
2022-10-07,8200.0,4440.0,4712.5,4387.5,4350.0,2520.0,6475.0,33000.0,4840.0,8900.0,6075.0,1845.0,1935.0,4290.0,43800.0
2022-10-10,8300.0,4370.0,4650.0,4375.0,4420.0,2500.0,6500.0,32300.0,4800.0,8950.0,6125.0,1895.0,1910.0,4150.0,41900.0
2022-10-11,8250.0,4430.0,4650.0,4350.0,4310.0,2510.0,6525.0,32200.0,4730.0,9000.0,6125.0,1835.0,1895.0,4220.0,41700.0
2022-10-12,8325.0,4400.0,4712.5,4325.0,4340.0,2450.0,6350.0,32350.0,4790.0,8950.0,6075.0,1900.0,1880.0,4260.0,42075.0
2022-10-13,8275.0,4350.0,4737.5,4375.0,4300.0,2470.0,6350.0,32200.0,4840.0,8850.0,6050.0,1860.0,1830.0,4250.0,42500.0
2022-10-14,8250.0,4270.0,4700.0,4212.5,4290.0,2380.0,6350.0,33750.0,4810.0,8700.0,6050.0,1845.0,1820.0,4230.0,42125.0
2022-10-17,8250.0,4300.0,4725.0,4287.5,4330.0,2400.0,6425.0,32900.0,4830.0,8825.0,6125.0,1930.0,1805.0,4250.0,42450.0
2022-10-18,8300.0,4290.0,4750.0,4337.5,4250.0,2480.0,6350.0,32000.0,4900.0,8950.0,6175.0,1900.0,1795.0,3960.0,41900.0
2022-10-19,8275.0,4300.0,4737.5,4387.5,4200.0,2490.0,6525.0,31800.0,5350.0,9125.0,6225.0,1980.0,1825.0,3730.0,41900.0
2022-10-20,8500.0,4390.0,4950.0,4500.0,4350.0,2560.0,6425.0,31825.0,5400.0,9500.0,6350.0,2030.0,1820.0,3830.0,43450.0
2022-10-21,8650.0,4430.0,5175.0,4500.0,4360.0,2470.0,6575.0,32000.0,5300.0,9425.0,6275.0,1975.0,1800.0,3830.0,43675.0
2022-10-24,8900.0,4500.0,5125.0,4675.0,4410.0,2400.0,6650.0,32375.0,5325.0,9425.0,6300.0,1995.0,1795.0,3780.0,44150.0
2022-10-25,8700.0,4590.0,5112.5,4712.5,4390.0,2400.0,6700.0,32000.0,5275.0,9525.0,6200.0,2000.0,1770.0,3750.0,43750.0
2022-10-26,8550.0,4530.0,5100.0,4612.5,4370.0,2420.0,6575.0,33200.0,5400.0,9800.0,6325.0,2040.0,1810.0,3810.0,45350.0
2022-10-27,8700.0,4600.0,5100.0,4675.0,4370.0,2420.0,6650.0,32750.0,5350.0,9825.0,6300.0,2010.0,1840.0,3790.0,44800.0
2022-10-28,8750.0,4630.0,5100.0,4662.5,4450.0,2450.0,6550.0,32250.0,4980.0,9800.0,6375.0,2020.0,1835.0,3790.0,44525.0
2022-10-31,8800.0,4650.0,5275.0,4700.0,4390.0,2520.0,6650.0,32300.0,4640.0,9725.0,6450.0,2050.0,1845.0,3910.0,45050.0
2022-11-01,8800.0,4660.0,5200.0,4700.0,4420.0,2470.0,6575.0,31450.0,4530.0,9500.0,6450.0,1985.0,1810.0,3750.0,42300.0
2022-11-02,8750.0,4610.0,5037.5,4625.0,4220.0,2430.0,6425.0,30700.0,4500.0,9600.0,6425.0,1970.0,1865.0,3740.0,41925.0
2022-11-03,8800.0,4650.0,5087.5,4650.0,4130.0,2430.0,6375.0,31000.0,4510.0,9550.0,6375.0,1970.0,1830.0,3750.0,43600.0
2022-11-04,8775.0,4650.0,5075.0,4637.5,4210.0,2430.0,6425.0,31275.0,4540.0,9650.0,6450.0,1965.0,1915.0,3750.0,43600.0
2022-11-07,8850.0,4690.0,5125.0,4637.5,4280.0,2460.0,6500.0,31275.0,4620.0,9750.0,6500.0,2020.0,2000.0,3830.0,43575.0
2022-11-08,8750.0,4620.0,5075.0,4625.0,4220.0,2440.0,6525.0,31175.0,4630.0,9750.0,6475.0,1980.0,1985.0,3790.0,42975.0
2022-11-09,8875.0,4650.0,5075.0,4650.0,4190.0,2440.0,6550.0,31000.0,4540.0,9750.0,6550.0,1960.0,2000.0,3660.0,41925.0
2022-11-10,8800.0,4530.0,5050.0,4637.5,4170.0,2400.0,6525.0,29400.0,4560.0,9725.0,6475.0,1980.0,2000.0,3470.0,40375.0
2022-11-11,8850.0,4650.0,5212.5,4650.0,4150.0,2400.0,6450.0,29000.0,4540.0,9850.0,6400.0,2000.0,2120.0,3480.0,37550.0
2022-11-14,8750.0,4580.0,5125.0,4550.0,4050.0,2400.0,6300.0,28700.0,4590.0,9750.0,6475.0,2010.0,2120.0,3480.0,37100.0
2022-11-15,8800.0,4580.0,5125.0,4562.5,4050.0,2390.0,6225.0,28650.0,4610.0,9800.0,6500.0,2030.0,2160.0,3500.0,37775.0
2022-11-16,8600.0,4520.0,5000.0,4550.0,4050.0,2260.0,6175.0,28750.0,4610.0,9775.0,6500.0,2030.0,2030.0,3500.0,38000.0
2022-11-17,8725.0,4670.0,4950.0,4637.5,4040.0,2300.0,6300.0,28625.0,4590.0,9675.0,6525.0,2030.0,1975.0,3550.0,38025.0
2022-11-18,8825.0,4610.0,5087.5,4600.0,4010.0,2290.0,6225.0,28800.0,4640.0,9650.0,6500.0,2060.0,1960.0,3550.0,38425.0
2022-11-21,8725.0,4590.0,5050.0,4587.5,4030.0,2270.0,6325.0,28800.0,4550.0,9800.0,6525.0,2110.0,1960.0,3650.0,39750.0
2022-11-22,8900.0,4590.0,5062.5,4625.0,4000.0,2280.0,6225.0,28950.0,4560.0,9650.0,6450.0,2020.0,1935.0,3690.0,41475.0
2022-11-23,8875.0,4670.0,5100.0,4625.0,3970.0,2280.0,6200.0,29625.0,4550.0,9900.0,6450.0,2050.0,1975.0,3700.0,41375.0
2022-11-24,9000.0,4720.0,5112.5,4637.5,4030.0,2270.0,6200.0,29975.0,4560.0,9800.0,6425.0,2070.0,1970.0,3690.0,41650.0
2022-11-25,8975.0,4750.0,5087.5,4650.0,4030.0,2210.0,6175.0,29850.0,4600.0,9900.0,6325.0,2100.0,1950.0,3640.0,40925.0
2022-11-28,9025.0,4820.0,5062.5,4637.5,3980.0,2210.0,6225.0,29750.0,4710.0,9975.0,6275.0,2120.0,1915.0,3680.0,41050.0
2022-11-29,8975.0,4850.0,5162.5,4687.5,3980.0,2200.0,6050.0,30700.0,4700.0,9975.0,6325.0,2100.0,1965.0,3750.0,41850.0
2022-11-30,9300.0,4980.0,5262.5,4950.0,4040.0,2170.0,6050.0,30800.0,4800.0,10100.0,6450.0,2070.0,1985.0,3800.0,41750.0
2022-12-01,9000.0,4940.0,5200.0,4850.0,3960.0,2250.0,6175.0,30675.0,4710.0,10150.0,6675.0,2050.0,2040.0,3810.0,42000.0
2022-12-02,8900.0,4890.0,5262.5,4875.0,4000.0,2300.0,6125.0,29225.0,4710.0,10200.0,6775.0,2060.0,2040.0,3770.0,41600.0
2022-12-05,8775.0,4890.0,5437.5,4875.0,3840.0,2300.0,6025.0,28500.0,4740.0,10350.0,6775.0,2060.0,2060.0,3690.0,40800.0
2022-12-06,8675.0,4860.0,5450.0,4775.0,3600.0,2290.0,5875.0,28100.0,4740.0,10350.0,6775.0,2030.0,1965.0,3660.0,41000.0
2022-12-07,8450.0,4760.0,5187.5,4750.0,3680.0,2220.0,5725.0,28050.0,4700.0,10325.0,6850.0,2030.0,1920.0,3690.0,41350.0
2022-12-08,8500.0,4840.0,5025.0,4750.0,3740.0,2170.0,5675.0,27300.0,4660.0,10200.0,6900.0,2140.0,1990.0,3700.0,40650.0
2022-12-09,8575.0,4800.0,4962.5,4775.0,3650.0,2070.0,5675.0,26125.0,4620.0,10150.0,6925.0,2130.0,1935.0,3620.0,39250.0
2022-12-12,8700.0,4850.0,4975.0,4762.5,3700.0,2070.0,5675.0,26875.0,4690.0,10400.0,6975.0,2150.0,1950.0,3800.0,39900.0
2022-12-13,8700.0,4970.0,4950.0,4825.0,3750.0,2020.0,5825.0,26825.0,4720.0,10300.0,6925.0,2110.0,1930.0,3720.0,39350.0
2022-12-14,8625.0,4980.0,4975.0,4762.5,3750.0,2080.0,5825.0,26850.0,4720.0,10325.0,6950.0,2120.0,1940.0,3790.0,40500.0
2022-12-15,8500.0,4910.0,4950.0,4737.5,3670.0,2050.0,5800.0,26525.0,4700.0,10300.0,6975.0,2050.0,1935.0,3770.0,40275.0
2022-12-16,8600.0,4980.0,5050.0,4900.0,3680.0,2010.0,5775.0,26550.0,4870.0,10425.0,6950.0,2120.0,2020.0,3800.0,40600.0
2022-12-19,8650.0,4970.0,5000.0,4712.5,3720.0,2050.0,5700.0,26850.0,4730.0,10150.0,7000.0,2170.0,2040.0,3820.0,40675.0
2022-12-20,8575.0,4910.0,5025.0,4725.0,3720.0,2100.0,5700.0,26650.0,4770.0,10300.0,6975.0,2100.0,2010.0,3770.0,40775.0
2022-12-21,8675.0,4890.0,5000.0,4675.0,3790.0,2070.0,5700.0,26625.0,4780.0,10225.0,6900.0,2100.0,2040.0,3760.0,41000.0
2022-12-22,8575.0,4960.0,4975.0,4712.5,3750.0,2100.0,5775.0,27000.0,4840.0,10125.0,6800.0,2060.0,2030.0,3760.0,41000.0
2022-12-23,8500.0,4880.0,4962.5,4662.5,3780.0,2080.0,5675.0,26875.0,4820.0,10025.0,6825.0,2040.0,2000.0,3740.0,40825.0
2022-12-26,8575.0,4930.0,5025.0,4662.5,3750.0,2080.0,5650.0,26400.0,4750.0,10150.0,6875.0,2070.0,2000.0,3700.0,40400.0
2022-12-27,8600.0,4870.0,4975.0,4650.0,3810.0,2130.0,5675.0,26625.0,4810.0,10075.0,6800.0,2030.0,1990.0,3690.0,40250.0
2022-12-28,8650.0,4820.0,4987.5,4612.5,3730.0,2150.0,5625.0,26175.0,4770.0,10175.0,6725.0,2030.0,2010.0,3670.0,39800.0
2022-12-29,8575.0,4870.0,4987.5,4612.5,3780.0,2140.0,5650.0,26275.0,4760.0,10175.0,6800.0,2090.0,2010.0,3670.0,39300.0
2022-12-30,8550.0,4940.0,4962.5,4612.5,3750.0,2140.0,5700.0,26075.0,4700.0,10000.0,6725.0,2090.0,1985.0,3690.0,39025.0
2023-01-02,8550.0,4870.0,4937.5,4612.5,3800.0,2170.0,5700.0,25800.0,4620.0,10150.0,6775.0,2060.0,1980.0,3690.0,39600.0
2023-01-03,8550.0,4850.0,4975.0,4637.5,3860.0,2350.0,5650.0,25900.0,4600.0,10175.0,6750.0,2120.0,2000.0,3730.0,39050.0
2023-01-04,8350.0,4770.0,5012.5,4587.5,3820.0,2340.0,5675.0,24150.0,4640.0,10100.0,6850.0,2090.0,2050.0,3620.0,37525.0
2023-01-05,8250.0,4640.0,4912.5,4500.0,3770.0,2290.0,5375.0,24675.0,4730.0,10225.0,6850.0,2070.0,1965.0,3410.0,35150.0
2023-01-06,8300.0,4620.0,4900.0,4450.0,3710.0,2260.0,5450.0,24975.0,4760.0,10175.0,6950.0,2050.0,1985.0,3430.0,35400.0
2023-01-09,8450.0,4590.0,4862.5,4500.0,3790.0,2290.0,5350.0,24700.0,4760.0,10200.0,6950.0,2100.0,2060.0,3280.0,34800.0
2023-01-10,8175.0,4430.0,4637.5,4362.5,3830.0,2300.0,5325.0,24950.0,4690.0,10200.0,6675.0,2050.0,2040.0,3360.0,36100.0
2023-01-11,8125.0,4380.0,4475.0,4250.0,3870.0,2320.0,5225.0,25075.0,4700.0,10525.0,6675.0,2040.0,2070.0,3400.0,36075.0
2023-01-12,8175.0,4500.0,4600.0,4300.0,3860.0,2290.0,5350.0,24950.0,4760.0,10450.0,6625.0,2020.0,2130.0,3330.0,34875.0
2023-01-13,8050.0,4480.0,4587.5,4337.5,3780.0,2270.0,5450.0,24150.0,4790.0,10450.0,6700.0,2050.0,2150.0,3330.0,35300.0
2023-01-16,8150.0,4520.0,4650.0,4387.5,3850.0,2290.0,5600.0,24225.0,4770.0,10400.0,6700.0,2060.0,2180.0,3320.0,35075.0
2023-01-17,8325.0,4560.0,4875.0,4462.5,3950.0,2300.0,5550.0,24325.0,4760.0,10350.0,6825.0,2070.0,2270.0,3350.0,35550.0
2023-01-18,8300.0,4600.0,4775.0,4437.5,3930.0,2350.0,5650.0,24750.0,4800.0,10475.0,6950.0,2090.0,2260.0,3410.0,35700.0
2023-01-19,8325.0,4610.0,4875.0,4475.0,3890.0,2410.0,5850.0,26250.0,4800.0,10500.0,6875.0,2100.0,2270.0,3490.0,36850.0
2023-01-20,8300.0,4650.0,4987.5,4512.5,3870.0,2360.0,5900.0,26775.0,4810.0,10500.0,6875.0,2060.0,2320.0,3570.0,38325.0
2023-01-24,8225.0,4620.0,4950.0,4525.0,3850.0,2360.0,5925.0,26125.0,4830.0,10400.0,6925.0,2060.0,2320.0,3540.0,37500.0
2023-01-25,8200.0,4560.0,4850.0,4537.5,3840.0,2330.0,5950.0,26050.0,4850.0,10425.0,6800.0,2050.0,2290.0,3480.0,36525.0
2023-01-26,8475.0,4590.0,4912.5,4737.5,3970.0,2300.0,5900.0,25250.0,4800.0,10075.0,6700.0,2040.0,2320.0,3390.0,35125.0
2023-01-27,8700.0,4640.0,5012.5,4775.0,3960.0,2290.0,5875.0,25575.0,4750.0,10000.0,6700.0,2050.0,2300.0,3470.0,36100.0
2023-01-30,8700.0,4610.0,4975.0,4650.0,3960.0,2240.0,5875.0,25250.0,4760.0,10100.0,6800.0,2150.0,2290.0,3450.0,35650.0
2023-01-31,8475.0,4580.0,4975.0,4575.0,3850.0,2300.0,6000.0,24550.0,4660.0,10100.0,6725.0,2060.0,2310.0,3400.0,36200.0
2023-02-01,8500.0,4680.0,4850.0,4562.5,3870.0,2280.0,6000.0,24725.0,4630.0,10375.0,6650.0,2080.0,2370.0,3380.0,35500.0
2023-02-02,8450.0,4600.0,4862.5,4550.0,3890.0,2230.0,5925.0,24100.0,4730.0,10250.0,6600.0,2200.0,2350.0,3420.0,35100.0
2023-02-03,8700.0,4750.0,4962.5,4650.0,3880.0,2240.0,5875.0,24000.0,4690.0,10475.0,6700.0,2180.0,2330.0,3330.0,34275.0
2023-02-06,8725.0,4740.0,4937.5,4675.0,3880.0,2300.0,5850.0,23925.0,4730.0,10275.0,6675.0,2170.0,2270.0,3260.0,33900.0
2023-02-07,8850.0,4750.0,5087.5,4687.5,3800.0,2310.0,5875.0,24900.0,4860.0,10275.0,6675.0,2210.0,2250.0,3470.0,36500.0
2023-02-08,8825.0,4790.0,5100.0,4737.5,3840.0,2280.0,5800.0,24800.0,5025.0,10325.0,6800.0,2250.0,2240.0,3490.0,36100.0
2023-02-09,8900.0,4810.0,5125.0,4775.0,3770.0,2240.0,5675.0,24500.0,4920.0,10300.0,6775.0,2250.0,2220.0,3480.0,35375.0
2023-02-10,8825.0,4860.0,5150.0,4762.5,3800.0,2250.0,5700.0,24500.0,4580.0,10300.0,6900.0,2360.0,2220.0,3370.0,34150.0
2023-02-13,8875.0,4800.0,5175.0,4750.0,3790.0,2300.0,5725.0,24625.0,4520.0,10275.0,6725.0,2230.0,2240.0,3370.0,35225.0
2023-02-14,8950.0,4870.0,5187.5,4725.0,3800.0,2270.0,5725.0,24750.0,4560.0,10300.0,6750.0,2330.0,2210.0,3400.0,35125.0
2023-02-15,8875.0,4870.0,5112.5,4712.5,3790.0,2260.0,5675.0,24875.0,4550.0,10300.0,6675.0,2310.0,2200.0,3440.0,35425.0
2023-02-16,8700.0,4870.0,5087.5,4675.0,3770.0,2280.0,5700.0,24650.0,4520.0,10200.0,6600.0,2290.0,2110.0,3510.0,35400.0
2023-02-17,8725.0,4880.0,5150.0,4637.5,3760.0,2250.0,5675.0,24625.0,4510.0,10350.0,6600.0,2250.0,2090.0,3490.0,35125.0
2023-02-20,8750.0,4880.0,5137.5,4575.0,3820.0,2340.0,5600.0,24300.0,4540.0,10350.0,6625.0,2300.0,2080.0,3570.0,35500.0
2023-02-21,8700.0,4820.0,5100.0,4525.0,3840.0,2350.0,5575.0,24000.0,4500.0,10300.0,6525.0,2290.0,2080.0,3520.0,35150.0
2023-02-22,8675.0,4760.0,5000.0,4425.0,3860.0,2280.0,5625.0,24325.0,4480.0,10225.0,6600.0,2160.0,2050.0,3540.0,35575.0
2023-02-23,8725.0,4800.0,5037.5,4475.0,3970.0,2270.0,5650.0,24700.0,4400.0,10225.0,6575.0,2180.0,2030.0,3560.0,35900.0
2023-02-24,8675.0,4760.0,5062.5,4450.0,4040.0,2280.0,5750.0,24950.0,4350.0,10175.0,6575.0,2270.0,2000.0,3660.0,36025.0
2023-02-27,8775.0,4810.0,5075.0,4475.0,3960.0,2170.0,5800.0,25175.0,4300.0,10050.0,6600.0,2170.0,2010.0,3730.0,36050.0
2023-02-28,8750.0,4670.0,5000.0,4387.5,3880.0,2090.0,6100.0,27900.0,4180.0,10125.0,6475.0,2110.0,1990.0,3860.0,37200.0
2023-03-01,8600.0,4720.0,5050.0,4475.0,3930.0,2060.0,6150.0,27575.0,4150.0,9900.0,6275.0,2110.0,2000.0,3880.0,36975.0
2023-03-02,8625.0,4780.0,5112.5,4437.5,3880.0,2080.0,6150.0,28325.0,4150.0,9850.0,6250.0,2100.0,2010.0,4000.0,38000.0
2023-03-03,8475.0,4760.0,5025.0,4375.0,3900.0,2090.0,6050.0,28125.0,4060.0,9725.0,6275.0,2060.0,1995.0,4010.0,37950.0
2023-03-06,8400.0,4790.0,5062.5,4400.0,3880.0,2060.0,6075.0,27650.0,4170.0,9750.0,6250.0,2110.0,1960.0,3990.0,37750.0
2023-03-07,8425.0,4840.0,5087.5,4450.0,3880.0,2080.0,5950.0,26825.0,4080.0,9975.0,6250.0,2080.0,1940.0,3830.0,37025.0
2023-03-08,8575.0,4840.0,5137.5,4437.5,3940.0,2060.0,5925.0,26400.0,4100.0,9800.0,6150.0,2100.0,1885.0,3860.0,37900.0
2023-03-09,8575.0,4810.0,5225.0,4575.0,3970.0,2070.0,6025.0,27025.0,4100.0,9800.0,6150.0,2080.0,1875.0,3940.0,38350.0
2023-03-10,8450.0,4820.0,5187.5,4512.5,4010.0,2070.0,5975.0,26825.0,4110.0,9750.0,6125.0,2060.0,1880.0,3890.0,38050.0
2023-03-13,8550.0,4830.0,5175.0,4500.0,4070.0,2070.0,5925.0,28075.0,4160.0,9650.0,6125.0,2110.0,1850.0,3930.0,38750.0
2023-03-14,8325.0,4710.0,4962.5,4387.5,4020.0,2020.0,5775.0,27100.0,4210.0,9650.0,6175.0,2090.0,1815.0,3830.0,37475.0
2023-03-15,8325.0,4700.0,5025.0,4400.0,4010.0,1900.0,5775.0,27250.0,4100.0,9325.0,6100.0,2070.0,1855.0,3810.0,37900.0
2023-03-16,8300.0,4730.0,4925.0,4475.0,4050.0,1870.0,5850.0,26925.0,4070.0,9400.0,6150.0,2130.0,1795.0,3650.0,37200.0
2023-03-17,8375.0,4900.0,5050.0,4512.5,4050.0,1950.0,5850.0,28450.0,4160.0,9550.0,6125.0,2220.0,1895.0,3880.0,39250.0
2023-03-20,8400.0,4880.0,5000.0,4500.0,3990.0,1900.0,5875.0,27700.0,4160.0,9625.0,6200.0,2170.0,1900.0,3830.0,38200.0
2023-03-21,8500.0,4900.0,5250.0,4612.5,4120.0,2050.0,5875.0,27475.0,4200.0,9700.0,6125.0,2210.0,1885.0,3750.0,38350.0
2023-03-24,8825.0,4770.0,5450.0,4812.5,4070.0,2000.0,5950.0,27675.0,4270.0,9975.0,6325.0,2130.0,1895.0,3710.0,38400.0
2023-03-27,8700.0,4740.0,5100.0,4750.0,4050.0,1990.0,5875.0,27800.0,4290.0,9975.0,6375.0,2100.0,1960.0,3700.0,38500.0
2023-03-28,8675.0,4770.0,5062.5,4512.5,4050.0,2050.0,5850.0,28575.0,4300.0,10100.0,6375.0,2150.0,1995.0,3810.0,39725.0
2023-03-29,8800.0,4810.0,5175.0,4600.0,4100.0,2040.0,5950.0,29125.0,4360.0,9975.0,6350.0,2200.0,2080.0,3910.0,40800.0
2023-03-30,8825.0,4750.0,5112.5,4675.0,4090.0,2020.0,5900.0,28975.0,4260.0,9875.0,6400.0,2170.0,2090.0,3870.0,39175.0
2023-03-31,8750.0,4730.0,5162.5,4675.0,4060.0,1980.0,6000.0,29100.0,4350.0,9975.0,6200.0,2100.0,2090.0,3990.0,39400.0
2023-04-03,8800.0,4800.0,5262.5,4675.0,4080.0,2010.0,6000.0,28850.0,4290.0,9975.0,6175.0,2080.0,2090.0,4040.0,39900.0
2023-04-04,8775.0,4820.0,5200.0,4675.0,4060.0,1985.0,6025.0,29625.0,4290.0,10200.0,6350.0,2100.0,2050.0,4100.0,40525.0
2023-04-05,8725.0,4830.0,5225.0,4662.5,4150.0,1985.0,6000.0,29800.0,4250.0,10125.0,6275.0,2090.0,2100.0,4070.0,40900.0
2023-04-06,8750.0,4840.0,5175.0,4687.5,4250.0,1960.0,5925.0,29800.0,4250.0,10075.0,6250.0,2050.0,2100.0,4030.0,41125.0
2023-04-10,8800.0,4860.0,5100.0,4662.5,4300.0,1875.0,5975.0,30200.0,4290.0,10075.0,6325.0,2070.0,2020.0,3960.0,40875.0
2023-04-11,8825.0,4880.0,5100.0,4687.5,4300.0,1820.0,6075.0,30400.0,4200.0,10200.0,6350.0,2070.0,2110.0,3980.0,38025.0
2023-04-12,8900.0,4930.0,5150.0,4675.0,4310.0,1835.0,6250.0,31250.0,4190.0,10050.0,6275.0,2040.0,2110.0,3920.0,35375.0
2023-04-13,8925.0,4980.0,5125.0,4687.5,4340.0,1800.0,6250.0,31050.0,4100.0,10250.0,6275.0,2030.0,2130.0,3980.0,34600.0
2023-04-14,9000.0,5075.0,5225.0,4700.0,4340.0,1805.0,6200.0,30225.0,4150.0,10250.0,6300.0,2060.0,2110.0,3970.0,33725.0
2023-04-17,9025.0,4990.0,5125.0,4725.0,4270.0,1785.0,6225.0,30500.0,4130.0,10225.0,6325.0,2040.0,2120.0,3950.0,32250.0
2023-04-18,9125.0,4950.0,5175.0,4737.5,4270.0,1795.0,6425.0,31075.0,4090.0,10200.0,6350.0,2060.0,2100.0,4040.0,33700.0
2023-04-26,9200.0,5025.0,5200.0,4787.5,4400.0,1765.0,6700.0,31400.0,4100.0,10200.0,6500.0,2080.0,2110.0,4140.0,33875.0
2023-04-27,9150.0,5150.0,5200.0,4750.0,4320.0,1760.0,6700.0,31075.0,4400.0,10250.0,6425.0,2120.0,2080.0,4130.0,33600.0
2023-04-28,9050.0,5100.0,5175.0,4712.5,4250.0,1750.0,6750.0,28900.0,4400.0,10575.0,6450.0,2120.0,2100.0,4140.0,33300.0
2023-05-02,9050.0,5150.0,5250.0,4775.0,4190.0,1730.0,6675.0,26900.0,4400.0,10400.0,6500.0,2070.0,2060.0,3860.0,31675.0
2023-05-03,8925.0,5100.0,5225.0,4737.5,4150.0,1820.0,6625.0,25025.0,4400.0,10750.0,6650.0,2060.0,2120.0,3590.0,31750.0
2023-05-04,9000.0,5150.0,5175.0,4650.0,4150.0,1830.0,6600.0,24500.0,4450.0,10800.0,6625.0,2090.0,2130.0,3410.0,31175.0
2023-05-05,9000.0,5225.0,5175.0,4625.0,4170.0,1815.0,6150.0,24150.0,4490.0,10875.0,6700.0,2150.0,2040.0,3360.0,29650.0
2023-05-08,9000.0,5100.0,5125.0,4575.0,4060.0,1810.0,6125.0,25000.0,4470.0,11025.0,6875.0,2100.0,2070.0,3490.0,30000.0
2023-05-09,8925.0,5125.0,5050.0,4562.5,4070.0,1905.0,6325.0,25275.0,4390.0,11000.0,6825.0,2060.0,2110.0,3490.0,29875.0
2023-05-10,8925.0,5150.0,5075.0,4600.0,4130.0,1900.0,6325.0,25275.0,4500.0,10900.0,6900.0,2060.0,2100.0,3490.0,30200.0
2023-05-11,8825.0,5150.0,5100.0,4575.0,4090.0,1955.0,6250.0,24825.0,4430.0,10975.0,6800.0,2130.0,2040.0,3440.0,28275.0
2023-05-12,8800.0,5150.0,5000.0,4500.0,3980.0,1965.0,6225.0,24800.0,4400.0,10875.0,6725.0,2110.0,2000.0,3400.0,27825.0
2023-05-15,8775.0,5150.0,5050.0,4450.0,3980.0,1940.0,6350.0,24500.0,4500.0,11000.0,6725.0,2140.0,1990.0,3410.0,27750.0
2023-05-16,8700.0,5200.0,4990.0,4375.0,3980.0,1915.0,6275.0,24450.0,4510.0,11000.0,6825.0,2200.0,1970.0,3370.0,27500.0
2023-05-17,8775.0,5200.0,5000.0,4375.0,3990.0,1960.0,6325.0,24025.0,4460.0,11000.0,6800.0,2160.0,1935.0,3270.0,26300.0
2023-05-19,9000.0,5400.0,5075.0,4412.5,4020.0,2010.0,6475.0,23300.0,4430.0,10950.0,6950.0,2170.0,1955.0,3120.0,24700.0
2023-05-22,9000.0,5425.0,5225.0,4425.0,4040.0,2010.0,6600.0,23875.0,4420.0,11000.0,6900.0,2130.0,1940.0,3160.0,25175.0
2023-05-23,9125.0,5500.0,5125.0,4475.0,4040.0,1940.0,6600.0,24500.0,4450.0,11175.0,6950.0,2120.0,1945.0,3150.0,25475.0
2023-05-24,9025.0,5600.0,5075.0,4412.5,4160.0,1945.0,6675.0,24600.0,4410.0,11200.0,6950.0,2040.0,1950.0,3110.0,24950.0
2023-05-25,9050.0,5475.0,5175.0,4500.0,4120.0,1965.0,6600.0,23500.0,4410.0,11200.0,7100.0,2050.0,1945.0,3010.0,23800.0
2023-05-26,9150.0,5600.0,5125.0,4475.0,4130.0,1940.0,6600.0,23075.0,4380.0,11200.0,7200.0,2050.0,1920.0,2940.0,23525.0
2023-05-29,9150.0,5550.0,5150.0,4525.0,4200.0,1945.0,6600.0,22875.0,4550.0,11175.0,7200.0,2110.0,1935.0,2960.0,22975.0
2023-05-30,9250.0,5500.0,5150.0,4512.5,4120.0,1970.0,6500.0,22500.0,4540.0,11200.0,7150.0,2070.0,1940.0,3090.0,23075.0
2023-05-31,9050.0,5575.0,5050.0,4525.0,4040.0,1985.0,6450.0,22225.0,4530.0,11700.0,7100.0,2030.0,1895.0,3060.0,22125.0
2023-06-05,9200.0,5425.0,5075.0,4500.0,4080.0,1985.0,6825.0,22850.0,4500.0,11550.0,7250.0,2050.0,1975.0,3150.0,22750.0
2023-06-06,9150.0,5450.0,5050.0,4600.0,4090.0,1970.0,6800.0,23200.0,4460.0,11300.0,7375.0,2040.0,2010.0,3280.0,23675.0
2023-06-07,9100.0,5400.0,5025.0,4575.0,4150.0,2050.0,6800.0,22850.0,4570.0,11300.0,7450.0,2050.0,2020.0,3190.0,22900.0
2023-06-08,9125.0,5475.0,5025.0,4600.0,4170.0,2120.0,6775.0,23325.0,4600.0,11300.0,7425.0,2040.0,1985.0,3300.0,23525.0
2023-06-09,9100.0,5425.0,5125.0,4612.5,4150.0,2050.0,6800.0,23075.0,4550.0,11375.0,7425.0,2050.0,1975.0,3380.0,23275.0
2023-06-12,9150.0,5400.0,5100.0,4650.0,4050.0,2040.0,6775.0,23525.0,4610.0,11300.0,7450.0,2060.0,1995.0,3530.0,23550.0
2023-06-13,9150.0,5550.0,5100.0,4562.5,4030.0,2050.0,6750.0,22975.0,4510.0,11250.0,7350.0,2080.0,2010.0,3490.0,23500.0
2023-06-14,9075.0,5550.0,5050.0,4487.5,4000.0,2010.0,6900.0,22975.0,4440.0,11300.0,7425.0,2050.0,2030.0,3480.0,23525.0
2023-06-15,9050.0,5525.0,5125.0,4550.0,4020.0,2020.0,6875.0,23150.0,4520.0,11325.0,7450.0,2080.0,2040.0,3630.0,24250.0
2023-06-16,9050.0,5550.0,5150.0,4512.5,3970.0,2020.0,6850.0,22900.0,4390.0,11200.0,7275.0,2100.0,2060.0,3820.0,24225.0
2023-06-19,9000.0,5525.0,5125.0,4525.0,3960.0,1970.0,6875.0,23150.0,4380.0,11250.0,7400.0,2070.0,2030.0,3790.0,24000.0
2023-06-20,9050.0,5550.0,5100.0,4537.5,3990.0,1965.0,6800.0,23125.0,4300.0,11200.0,7150.0,2070.0,2020.0,3850.0,23925.0
2023-06-21,9125.0,5575.0,5100.0,4550.0,3980.0,1955.0,6925.0,23350.0,4360.0,11325.0,7375.0,2050.0,2010.0,3850.0,24000.0
2023-06-22,9050.0,5475.0,5075.0,4525.0,3940.0,1930.0,6775.0,23525.0,4250.0,11175.0,7225.0,2020.0,2010.0,3780.0,24025.0
2023-06-23,9050.0,5400.0,5075.0,4512.5,3950.0,1930.0,6775.0,23375.0,4270.0,11175.0,7300.0,2050.0,2010.0,3700.0,23900.0
2023-06-26,9075.0,5450.0,5125.0,4562.5,3990.0,1980.0,6800.0,23275.0,4230.0,11325.0,7325.0,2070.0,1950.0,3150.0,24000.0
2023-06-27,9150.0,5425.0,5200.0,4575.0,4000.0,1955.0,6775.0,23275.0,4260.0,11325.0,7350.0,2050.0,1950.0,2680.0,24125.0
2023-07-03,9075.0,5475.0,5350.0,4612.5,4000.0,1960.0,6825.0,23050.0,4310.0,11575.0,7250.0,2020.0,1965.0,2720.0,24675.0
2023-07-04,9050.0,5450.0,5250.0,4550.0,3970.0,1975.0,6775.0,23100.0,4330.0,11475.0,7375.0,1985.0,1970.0,2730.0,24825.0
2023-07-05,9050.0,5450.0,5275.0,4575.0,3980.0,2000.0,6775.0,23700.0,4310.0,11450.0,7425.0,2010.0,1985.0,2780.0,24925.0
2023-07-06,9075.0,5425.0,5300.0,4550.0,3960.0,2040.0,6800.0,24050.0,4250.0,11400.0,7450.0,1990.0,2020.0,2810.0,25600.0
2023-07-07,9025.0,5375.0,5150.0,4537.5,3960.0,2060.0,6825.0,23750.0,4240.0,11275.0,7275.0,1990.0,1975.0,2770.0,24850.0
2023-07-10,9050.0,5400.0,5175.0,4525.0,3950.0,2030.0,6775.0,24100.0,4250.0,11325.0,7250.0,2000.0,1980.0,2780.0,25450.0
2023-07-11,9025.0,5425.0,5275.0,4487.5,3980.0,2040.0,6800.0,24475.0,4250.0,11525.0,7300.0,2030.0,2000.0,2760.0,25650.0
2023-07-12,9175.0,5450.0,5300.0,4475.0,3980.0,2050.0,6775.0,24000.0,4210.0,11650.0,7400.0,2000.0,1990.0,2730.0,25250.0
2023-07-13,9125.0,5450.0,5350.0,4450.0,3920.0,2010.0,6800.0,24150.0,4250.0,11700.0,7450.0,2020.0,1990.0,2740.0,24900.0
2023-07-14,9200.0,5525.0,5400.0,4462.5,3930.0,2030.0,6750.0,24150.0,4250.0,11775.0,7450.0,2070.0,2000.0,2770.0,25200.0
2023-07-17,9175.0,5575.0,5375.0,4475.0,3910.0,2030.0,6675.0,24225.0,4270.0,11650.0,7300.0,2020.0,1990.0,2790.0,25425.0
2023-07-18,9150.0,5625.0,5350.0,4450.0,3850.0,2000.0,6575.0,24250.0,4270.0,11750.0,7350.0,2000.0,1990.0,2750.0,25250.0
2023-07-20,9150.0,5625.0,5525.0,4525.0,3850.0,2070.0,6525.0,24375.0,4220.0,11475.0,7325.0,1950.0,1990.0,2770.0,25500.0
2023-07-21,9150.0,5625.0,5550.0,4525.0,3860.0,2060.0,6450.0,24500.0,4290.0,11500.0,7325.0,1970.0,1975.0,2790.0,26775.0
2023-07-24,9100.0,5600.0,5500.0,4512.5,3900.0,2050.0,6550.0,25400.0,4290.0,11525.0,7275.0,1970.0,1975.0,2880.0,28000.0
2023-07-25,9150.0,5650.0,5550.0,4512.5,3880.0,2040.0,6500.0,25400.0,4050.0,11225.0,7175.0,1965.0,1975.0,2850.0,27525.0
2023-07-26,9350.0,5675.0,5575.0,4475.0,3880.0,2070.0,6600.0,26400.0,3970.0,11175.0,7175.0,1935.0,1985.0,2880.0,28125.0
2023-07-27,9225.0,5650.0,5625.0,4450.0,3720.0,2070.0,6525.0,26375.0,3840.0,11175.0,7250.0,1905.0,1970.0,2830.0,28025.0
2023-07-28,9125.0,5700.0,5700.0,4437.5,3720.0,2250.0,6625.0,26650.0,3870.0,11200.0,7325.0,1910.0,1960.0,2800.0,27875.0
2023-07-31,9125.0,5650.0,5725.0,4437.5,3720.0,2270.0,6850.0,27525.0,3850.0,11200.0,7325.0,1915.0,1985.0,2770.0,27200.0
2023-08-01,9125.0,5700.0,5650.0,4337.5,3750.0,2280.0,6875.0,27525.0,3770.0,11075.0,7000.0,1805.0,2040.0,2730.0,27000.0
2023-08-02,9200.0,5700.0,5700.0,4437.5,3690.0,2290.0,6850.0,26725.0,3690.0,11175.0,7050.0,1795.0,2010.0,2740.0,26625.0
2023-08-03,9250.0,5700.0,5800.0,4475.0,3720.0,2270.0,6825.0,27150.0,3770.0,11200.0,7050.0,1885.0,2010.0,2740.0,27175.0
2023-08-04,9150.0,5575.0,5775.0,4500.0,3690.0,2270.0,6800.0,27325.0,3740.0,11250.0,7050.0,1875.0,2020.0,2780.0,27225.0
2023-08-07,9275.0,5700.0,5875.0,4500.0,3680.0,2270.0,6875.0,27425.0,3720.0,11125.0,7075.0,1850.0,2040.0,2770.0,27225.0
2023-08-08,9200.0,5625.0,5900.0,4462.5,3730.0,2330.0,6850.0,27525.0,3750.0,11150.0,7000.0,1855.0,2010.0,2770.0,27475.0
2023-08-09,9400.0,5700.0,5900.0,4537.5,3770.0,2330.0,6875.0,27750.0,3720.0,11100.0,6975.0,1875.0,2010.0,2780.0,27950.0
2023-08-10,9400.0,5700.0,5975.0,4550.0,3800.0,2330.0,6750.0,27600.0,3680.0,11450.0,7075.0,1845.0,1990.0,2790.0,28375.0
2023-08-11,9400.0,5650.0,5925.0,4550.0,3810.0,2280.0,6750.0,27100.0,3700.0,11475.0,7050.0,1850.0,1990.0,2770.0,27600.0
2023-08-14,9350.0,5650.0,5950.0,4600.0,3830.0,2240.0,6800.0,27450.0,3730.0,11400.0,7050.0,1850.0,2000.0,2780.0,28075.0
2023-08-15,9300.0,5575.0,5800.0,4550.0,3820.0,2280.0,6725.0,27375.0,3730.0,11475.0,7000.0,1850.0,1990.0,2790.0,28250.0
2023-08-16,9300.0,5525.0,5800.0,4550.0,3830.0,2350.0,6750.0,27500.0,3730.0,11675.0,7100.0,1870.0,1960.0,2770.0,28200.0
2023-08-18,9250.0,5575.0,5775.0,4525.0,3760.0,2420.0,6525.0,26800.0,3690.0,11700.0,7050.0,1845.0,1950.0,2790.0,28050.0
2023-08-21,9175.0,5500.0,5825.0,4562.5,3740.0,2400.0,6475.0,27075.0,3710.0,11675.0,7000.0,1845.0,1950.0,2800.0,28225.0
2023-08-22,9300.0,5575.0,5950.0,4550.0,3750.0,2390.0,6550.0,27600.0,3710.0,11525.0,7000.0,1855.0,1945.0,2990.0,29400.0
2023-08-23,9300.0,5600.0,5850.0,4537.5,3740.0,2400.0,6550.0,27875.0,3750.0,11500.0,7075.0,1810.0,1955.0,3020.0,29600.0
2023-08-24,9200.0,5550.0,5950.0,4562.5,3720.0,2380.0,6475.0,26700.0,3720.0,11350.0,7025.0,1810.0,1995.0,2950.0,29150.0
2023-08-25,9275.0,5600.0,5900.0,4550.0,3720.0,2380.0,6450.0,26050.0,3760.0,11425.0,7125.0,1810.0,1990.0,2910.0,28700.0
2023-08-28,9200.0,5550.0,6000.0,4550.0,3700.0,2460.0,6425.0,26400.0,3780.0,11300.0,7100.0,1805.0,1995.0,2970.0,29225.0
2023-08-29,9250.0,5600.0,5950.0,4575.0,3720.0,2490.0,6400.0,26350.0,3760.0,11375.0,7150.0,1860.0,1995.0,2960.0,29050.0
2023-08-30,9200.0,5525.0,5975.0,4600.0,3810.0,2560.0,6450.0,26150.0,3740.0,11250.0,7050.0,1845.0,1995.0,2910.0,29175.0
2023-08-31,9175.0,5550.0,6025.0,4587.5,3730.0,2500.0,6450.0,26000.0,3670.0,11200.0,7100.0,1815.0,1990.0,2860.0,28925.0
2023-09-01,9225.0,5575.0,6075.0,4587.5,3720.0,2440.0,6550.0,26350.0,3660.0,11200.0,7000.0,1775.0,1955.0,2880.0,29200.0
2023-09-04,9225.0,5625.0,6100.0,4725.0,3730.0,2450.0,6600.0,26825.0,3660.0,11200.0,6900.0,1785.0,1950.0,2920.0,30975.0
2023-09-05,9225.0,5625.0,6100.0,4812.5,3740.0,2490.0,6600.0,27200.0,3620.0,11175.0,6850.0,1770.0,1950.0,2930.0,30925.0
2023-09-06,9150.0,5575.0,6050.0,4787.5,3790.0,2480.0,6525.0,27400.0,3650.0,11050.0,6875.0,1740.0,1945.0,2990.0,31100.0
2023-09-07,9175.0,5450.0,5875.0,4750.0,3760.0,2280.0,6400.0,27150.0,3630.0,11200.0,6950.0,1705.0,1955.0,2920.0,30750.0
2023-09-08,9125.0,5350.0,5900.0,4687.5,3690.0,2340.0,6400.0,27300.0,3610.0,11125.0,6925.0,1720.0,1945.0,2930.0,30750.0
2023-09-11,9125.0,5425.0,5925.0,4725.0,3700.0,2390.0,6375.0,26900.0,3650.0,11175.0,6950.0,1860.0,1955.0,2880.0,30375.0
2023-09-12,9100.0,5375.0,5875.0,4650.0,3710.0,2350.0,6300.0,27075.0,3620.0,11200.0,6850.0,1820.0,1945.0,2870.0,28100.0
2023-09-13,9075.0,5400.0,5850.0,4675.0,3710.0,2380.0,6300.0,27175.0,3590.0,11200.0,6900.0,1785.0,1915.0,2830.0,28425.0
2023-09-14,9100.0,5425.0,5825.0,4725.0,3680.0,2390.0,6325.0,27400.0,3560.0,11000.0,6700.0,1785.0,1900.0,2890.0,29350.0
2023-09-15,9000.0,5375.0,5925.0,4737.5,3720.0,2350.0,6300.0,28425.0,3500.0,10975.0,6750.0,1765.0,1900.0,2850.0,29000.0
2023-09-18,9000.0,5325.0,5900.0,4675.0,3680.0,2330.0,6300.0,28100.0,3470.0,10850.0,6600.0,1815.0,1845.0,2840.0,28675.0
2023-09-19,9075.0,5375.0,6000.0,4725.0,3730.0,2300.0,6350.0,28325.0,3580.0,10825.0,6675.0,1790.0,1840.0,2880.0,29000.0
2023-09-20,9150.0,5375.0,6075.0,4787.5,3810.0,2340.0,6300.0,28500.0,3630.0,10850.0,6800.0,1750.0,1860.0,2870.0,29000.0
2023-09-21,9125.0,5350.0,6000.0,4800.0,3810.0,2350.0,6200.0,28325.0,3770.0,11200.0,6700.0,1815.0,1835.0,2820.0,28775.0
2023-09-22,9075.0,5350.0,6000.0,4875.0,3860.0,2430.0,6200.0,28350.0,3850.0,11350.0,6775.0,1780.0,1850.0,2860.0,28900.0
2023-09-25,9000.0,5300.0,6000.0,5025.0,3770.0,2380.0,6250.0,28250.0,3820.0,11250.0,6775.0,1775.0,1850.0,2850.0,29075.0
2023-09-26,8950.0,5200.0,5925.0,4987.5,3760.0,2340.0,6200.0,27750.0,3820.0,11175.0,6700.0,1805.0,1840.0,2810.0,28500.0
2023-09-27,8875.0,5225.0,6000.0,5062.5,3720.0,2360.0,6150.0,28300.0,3770.0,11000.0,6750.0,1755.0,1820.0,2800.0,28375.0
2023-09-29,8825.0,5225.0,6025.0,5162.5,3750.0,2380.0,6225.0,28250.0,3740.0,11075.0,6625.0,1755.0,1815.0,2800.0,28975.0
2023-10-02,9075.0,5250.0,6050.0,5150.0,3750.0,2410.0,6275.0,27925.0,3700.0,11100.0,6750.0,1785.0,1805.0,2800.0,28675.0
2023-10-03,9200.0,5275.0,6075.0,5212.5,3770.0,2440.0,6200.0,27000.0,3590.0,10950.0,6725.0,1795.0,1765.0,2740.0,28050.0
2023-10-04,9200.0,5250.0,6125.0,5187.5,3780.0,2370.0,6075.0,26575.0,3580.0,11200.0,6750.0,1765.0,1740.0,2690.0,27200.0
2023-10-05,9075.0,5175.0,6125.0,5187.5,3720.0,2370.0,6025.0,26150.0,3660.0,11625.0,6875.0,1835.0,1705.0,2660.0,26325.0
2023-10-06,9025.0,5175.0,6025.0,5200.0,3780.0,2360.0,6075.0,26400.0,3800.0,11500.0,6875.0,1835.0,1715.0,2660.0,26450.0
2023-10-09,9050.0,5125.0,5900.0,5100.0,3760.0,2360.0,6125.0,26700.0,3720.0,11100.0,6850.0,1780.0,1810.0,2720.0,26975.0
2023-10-10,8925.0,5175.0,6000.0,5200.0,3810.0,2370.0,6050.0,26875.0,3670.0,10850.0,6800.0,1755.0,1815.0,2750.0,27150.0
2023-10-11,8925.0,5250.0,6050.0,5175.0,3780.0,2380.0,6050.0,26275.0,3610.0,10700.0,6750.0,1750.0,1815.0,2740.0,27475.0
2023-10-12,9050.0,5300.0,6075.0,5325.0,3830.0,2380.0,5950.0,25875.0,3630.0,10975.0,6725.0,1740.0,1775.0,2710.0,26850.0
2023-10-13,9075.0,5275.0,6075.0,5175.0,3850.0,2380.0,5975.0,26075.0,3650.0,10875.0,6700.0,1750.0,1755.0,2690.0,27200.0
2023-10-16,9100.0,5250.0,6025.0,5200.0,3760.0,2380.0,5850.0,26450.0,3650.0,10900.0,6725.0,1760.0,1805.0,2710.0,27475.0
2023-10-17,8950.0,5150.0,6000.0,5200.0,3790.0,2380.0,5850.0,26375.0,3830.0,10900.0,6850.0,1825.0,1810.0,2720.0,27575.0
2023-10-18,8850.0,5150.0,5850.0,5125.0,3750.0,2300.0,5825.0,26300.0,3820.0,10625.0,6800.0,1805.0,1850.0,2720.0,27850.0
2023-10-19,8750.0,5000.0,5725.0,4940.0,3730.0,2240.0,5725.0,26025.0,3810.0,10425.0,6750.0,1800.0,1815.0,2690.0,27950.0
2023-10-20,8975.0,5050.0,5750.0,4970.0,3700.0,2200.0,5700.0,25825.0,3860.0,10600.0,6675.0,1770.0,1825.0,2720.0,28150.0
2023-10-23,8850.0,5000.0,5675.0,4990.0,3610.0,2180.0,5600.0,25000.0,3840.0,10500.0,6600.0,1770.0,1750.0,2660.0,27375.0
2023-10-24,8775.0,5100.0,5750.0,5000.0,3650.0,2190.0,5800.0,25250.0,3990.0,10800.0,6725.0,1825.0,1765.0,2670.0,27400.0
2023-10-25,8875.0,5175.0,5850.0,4970.0,3600.0,2130.0,5775.0,26325.0,4080.0,10450.0,6750.0,1760.0,1730.0,2690.0,27250.0
2023-10-26,8725.0,4920.0,5700.0,4880.0,3480.0,2090.0,5725.0,26175.0,3980.0,10275.0,6750.0,1750.0,1730.0,2660.0,26850.0
2023-10-27,8700.0,5000.0,5700.0,4850.0,3500.0,2120.0,5725.0,25525.0,3980.0,10525.0,6750.0,1755.0,1725.0,2660.0,26975.0
2023-10-30,8850.0,5000.0,5725.0,4850.0,3420.0,2050.0,5800.0,24400.0,3790.0,10525.0,6725.0,1705.0,1725.0,2590.0,26250.0
2023-10-31,8750.0,4960.0,5675.0,4790.0,3490.0,2270.0,5775.0,25125.0,3620.0,10350.0,6650.0,1690.0,1705.0,2480.0,26525.0
2023-11-01,8600.0,4830.0,5650.0,4820.0,3620.0,2060.0,5800.0,24100.0,3580.0,10375.0,6650.0,1605.0,1650.0,2360.0,25025.0
2023-11-02,8850.0,5000.0,5900.0,4870.0,3620.0,2030.0,5800.0,23725.0,3590.0,10350.0,6475.0,1595.0,1650.0,2380.0,25225.0
2023-11-03,8900.0,5100.0,5825.0,4890.0,3570.0,2050.0,5900.0,23775.0,3550.0,10450.0,6375.0,1590.0,1655.0,2390.0,25450.0
2023-11-06,9050.0,5200.0,5925.0,4970.0,3650.0,2110.0,5925.0,23750.0,3620.0,10475.0,6350.0,1615.0,1700.0,2400.0,25650.0
2023-11-07,8975.0,5250.0,5875.0,4940.0,3570.0,2110.0,5825.0,23375.0,3570.0,10475.0,6375.0,1605.0,1690.0,2360.0,25350.0
2023-11-08,9000.0,5225.0,5850.0,4880.0,3520.0,2160.0,5725.0,22800.0,3600.0,10475.0,6350.0,1615.0,1660.0,2330.0,24725.0
2023-11-09,9000.0,5200.0,5875.0,4860.0,3530.0,2170.0,5750.0,22875.0,3600.0,10450.0,6325.0,1620.0,1655.0,2350.0,24775.0
2023-11-10,8825.0,5075.0,5775.0,4860.0,3550.0,2220.0,5775.0,23100.0,3590.0,10575.0,6325.0,1590.0,1625.0,2340.0,24850.0
2023-11-13,8875.0,5025.0,5825.0,4890.0,3520.0,2200.0,5650.0,23250.0,3530.0,10375.0,6450.0,1600.0,1620.0,2360.0,24675.0
2023-11-14,8925.0,5075.0,5825.0,4880.0,3500.0,2160.0,5675.0,23250.0,3480.0,10450.0,6375.0,1605.0,1620.0,2390.0,25000.0
2023-11-15,9050.0,5250.0,5925.0,4980.0,3550.0,2150.0,5750.0,23400.0,3430.0,10575.0,6425.0,1610.0,1640.0,2400.0,25400.0
2023-11-16,9075.0,5250.0,5925.0,4950.0,3540.0,2100.0,5825.0,23450.0,3460.0,10575.0,6450.0,1615.0,1650.0,2380.0,25425.0
2023-11-17,9075.0,5225.0,5900.0,4980.0,3550.0,2080.0,5700.0,22875.0,3470.0,10475.0,6425.0,1620.0,1635.0,2400.0,25475.0
2023-11-20,8875.0,5250.0,5875.0,4980.0,3590.0,2090.0,5800.0,22950.0,3460.0,10525.0,6400.0,1625.0,1610.0,2420.0,25600.0
2023-11-21,8775.0,5200.0,5875.0,5075.0,3620.0,2070.0,5775.0,22775.0,3480.0,10500.0,6425.0,1605.0,1620.0,2430.0,25600.0
2023-11-22,8875.0,5275.0,5875.0,5075.0,3610.0,2070.0,5675.0,22325.0,3500.0,10500.0,6350.0,1645.0,1605.0,2420.0,25525.0
2023-11-23,8925.0,5350.0,5900.0,5150.0,3600.0,2090.0,5700.0,22525.0,3540.0,10550.0,6350.0,1640.0,1600.0,2430.0,25475.0
2023-11-24,8925.0,5400.0,5875.0,5200.0,3620.0,2080.0,5725.0,22625.0,3530.0,10425.0,6425.0,1595.0,1605.0,2460.0,25400.0
2023-11-27,8875.0,5350.0,5900.0,5275.0,3680.0,2100.0,5625.0,22450.0,3520.0,10650.0,6400.0,1625.0,1620.0,2440.0,25200.0
2023-11-28,8875.0,5350.0,5900.0,5175.0,3770.0,2150.0,5550.0,22500.0,3600.0,10650.0,6375.0,1605.0,1655.0,2440.0,24975.0
2023-11-29,8900.0,5300.0,5850.0,5225.0,3720.0,2160.0,5525.0,22450.0,3630.0,10500.0,6425.0,1605.0,1700.0,2420.0,24700.0
2023-11-30,8975.0,5275.0,5850.0,5275.0,3760.0,2120.0,5400.0,21900.0,3650.0,11550.0,6425.0,1615.0,1740.0,2420.0,24550.0
2023-12-01,8950.0,5350.0,5900.0,5250.0,3830.0,2080.0,5750.0,22150.0,3630.0,10525.0,6325.0,1665.0,1705.0,2430.0,24550.0
2023-12-04,8925.0,5500.0,6000.0,5300.0,3810.0,2070.0,5750.0,22425.0,3630.0,10500.0,6350.0,1640.0,1750.0,2460.0,24575.0
2023-12-05,8900.0,5450.0,5975.0,5300.0,3850.0,2050.0,5725.0,22050.0,3620.0,10675.0,6475.0,1660.0,1745.0,2420.0,23950.0
2023-12-06,8800.0,5425.0,5800.0,5225.0,3920.0,2140.0,5725.0,21625.0,3510.0,10650.0,6500.0,1700.0,1700.0,2410.0,23850.0
2023-12-07,8825.0,5475.0,5750.0,5275.0,3910.0,2070.0,5675.0,21700.0,3570.0,10650.0,6450.0,1670.0,1635.0,2420.0,23725.0
2023-12-08,8750.0,5375.0,5700.0,5075.0,3940.0,2040.0,5675.0,22300.0,3510.0,10975.0,6400.0,1645.0,1685.0,2410.0,24000.0
2023-12-11,8750.0,5300.0,5775.0,5175.0,3980.0,1945.0,5600.0,21825.0,3500.0,10525.0,6375.0,1630.0,1655.0,2370.0,23800.0
2023-12-12,8700.0,5325.0,5800.0,5275.0,3910.0,1930.0,5575.0,21850.0,3430.0,10625.0,6425.0,1610.0,1625.0,2350.0,24000.0
2023-12-13,8675.0,5300.0,5725.0,5175.0,3920.0,1925.0,5525.0,20925.0,3450.0,10550.0,6400.0,1610.0,1595.0,2300.0,23800.0
2023-12-14,9050.0,5550.0,5950.0,5350.0,3940.0,1945.0,5625.0,21450.0,3400.0,10575.0,6400.0,1600.0,1640.0,2310.0,24075.0
2023-12-15,9225.0,5550.0,5900.0,5275.0,3980.0,1930.0,5650.0,21275.0,3500.0,10425.0,6325.0,1600.0,1670.0,2310.0,24450.0
2023-12-18,9200.0,5500.0,5925.0,5200.0,3970.0,1895.0,5600.0,21800.0,3410.0,10600.0,6275.0,1615.0,1665.0,2330.0,24200.0
2023-12-19,9250.0,5550.0,5975.0,5200.0,3970.0,1945.0,5625.0,21825.0,3430.0,10575.0,6325.0,1660.0,1640.0,2370.0,24525.0
2023-12-20,9300.0,5550.0,5925.0,5200.0,3960.0,1975.0,5625.0,21800.0,3460.0,10575.0,6275.0,1615.0,1635.0,2360.0,24800.0
2023-12-21,9325.0,5575.0,5975.0,5150.0,3950.0,1980.0,5550.0,22000.0,3470.0,10550.0,6275.0,1600.0,1635.0,2380.0,25025.0
2023-12-22,9325.0,5675.0,5975.0,5250.0,3960.0,2010.0,5550.0,22025.0,3470.0,10525.0,6275.0,1585.0,1665.0,2400.0,25350.0
2023-12-27,9375.0,5625.0,6000.0,5275.0,3940.0,1970.0,5550.0,22425.0,3470.0,10575.0,6350.0,1620.0,1735.0,2440.0,25350.0
2023-12-28,9400.0,5725.0,6125.0,5350.0,3960.0,1970.0,5600.0,22700.0,3540.0,10650.0,6450.0,1620.0,1715.0,2460.0,25500.0
2023-12-29,9400.0,5725.0,6050.0,5375.0,3950.0,2000.0,5650.0,22625.0,3530.0,10575.0,6450.0,1610.0,1705.0,2440.0,25650.0
2024-01-02,9425.0,5675.0,6125.0,5375.0,3990.0,2000.0,5700.0,23475.0,3550.0,10650.0,6450.0,1620.0,1735.0,2530.0,26375.0
2024-01-03,9350.0,5600.0,6100.0,5350.0,3960.0,2050.0,5600.0,23225.0,3530.0,10625.0,6400.0,1605.0,1700.0,2530.0,25750.0
2024-01-04,9475.0,5700.0,6350.0,5600.0,3970.0,2090.0,5700.0,23275.0,3520.0,11050.0,6450.0,1590.0,1685.0,2650.0,26600.0
2024-01-05,9575.0,5750.0,6425.0,5575.0,3890.0,2100.0,5625.0,23250.0,3520.0,10725.0,6450.0,1580.0,1675.0,2660.0,26775.0
2024-01-08,9575.0,5625.0,6400.0,5575.0,3890.0,2110.0,5575.0,23025.0,3480.0,10750.0,6400.0,1590.0,1650.0,2630.0,27100.0
2024-01-09,9625.0,5700.0,6375.0,5650.0,3960.0,2110.0,5575.0,23100.0,3430.0,11025.0,6375.0,1590.0,1645.0,2630.0,26975.0
2024-01-10,9550.0,5700.0,6425.0,5600.0,4000.0,2150.0,5525.0,23300.0,3410.0,11350.0,6350.0,1580.0,1655.0,2650.0,26975.0
2024-01-11,9575.0,5750.0,6450.0,5600.0,3990.0,2280.0,5550.0,23300.0,3410.0,11125.0,6350.0,1595.0,1635.0,2620.0,26800.0
2024-01-12,9700.0,5850.0,6575.0,5600.0,4010.0,2200.0,5600.0,23900.0,3470.0,11175.0,6375.0,1595.0,1625.0,2640.0,26950.0
2024-01-15,9725.0,5825.0,6500.0,5625.0,4000.0,2280.0,5525.0,24725.0,3430.0,11125.0,6450.0,1590.0,1605.0,2710.0,27450.0
2024-01-16,9700.0,5825.0,6525.0,5600.0,4010.0,2270.0,5500.0,24600.0,3410.0,11075.0,6450.0,1585.0,1605.0,2700.0,27400.0
2024-01-17,9750.0,5775.0,6525.0,5550.0,3990.0,2250.0,5400.0,24225.0,3320.0,11125.0,6400.0,1580.0,1605.0,2660.0,27400.0
2024-01-18,9675.0,5750.0,6525.0,5550.0,3950.0,2320.0,5375.0,24100.0,3300.0,11275.0,6375.0,1580.0,1620.0,2640.0,27100.0
2024-01-19,9625.0,5800.0,6525.0,5500.0,3940.0,2370.0,5350.0,24075.0,3240.0,11550.0,6450.0,1555.0,1645.0,2620.0,26800.0
2024-01-22,9625.0,5775.0,6500.0,5525.0,3980.0,2400.0,5225.0,23250.0,3120.0,11400.0,6425.0,1555.0,1645.0,2550.0,26250.0
2024-01-23,9600.0,5700.0,6500.0,5425.0,3950.0,2430.0,5125.0,22700.0,3180.0,11375.0,6400.0,1555.0,1610.0,2540.0,25900.0
2024-01-24,9525.0,5650.0,6400.0,5475.0,3970.0,2350.0,5075.0,22550.0,3200.0,11400.0,6450.0,1595.0,1535.0,2510.0,25775.0
2024-01-25,9500.0,5525.0,6275.0,5400.0,3980.0,2360.0,5050.0,23125.0,3160.0,11400.0,6400.0,1575.0,1555.0,2570.0,26525.0
2024-01-26,9350.0,5425.0,6300.0,5425.0,3980.0,2330.0,5075.0,22975.0,3160.0,11450.0,6425.0,1540.0,1575.0,2570.0,26700.0
2024-01-29,9550.0,5575.0,6475.0,5575.0,4010.0,2310.0,4930.0,23325.0,3080.0,11400.0,6425.0,1510.0,1565.0,2570.0,26800.0
2024-01-30,9650.0,5625.0,6650.0,5650.0,4000.0,2250.0,5100.0,22850.0,3130.0,11225.0,6400.0,1510.0,1565.0,2590.0,26550.0
2024-01-31,9550.0,5700.0,6650.0,5750.0,3960.0,2320.0,5125.0,22950.0,3100.0,11775.0,6375.0,1510.0,1550.0,2610.0,27050.0
2024-02-01,9700.0,5750.0,6550.0,5725.0,4040.0,2300.0,5125.0,22800.0,3100.0,11575.0,6350.0,1510.0,1535.0,2560.0,26625.0
2024-02-02,9700.0,5850.0,6675.0,5775.0,3990.0,2310.0,5325.0,22850.0,3170.0,11575.0,6400.0,1540.0,1525.0,2540.0,26225.0
2024-02-05,9575.0,5775.0,6825.0,5750.0,3980.0,2270.0,5175.0,22675.0,3200.0,11475.0,6300.0,1545.0,1440.0,2540.0,26200.0
2024-02-06,9625.0,5825.0,6850.0,5775.0,3980.0,2370.0,5250.0,22800.0,3250.0,11525.0,6350.0,1545.0,1425.0,2560.0,26650.0
2024-02-07,9700.0,5850.0,6950.0,5750.0,3980.0,2300.0,5325.0,22900.0,3270.0,11425.0,6350.0,1500.0,1410.0,2610.0,26700.0
2024-02-12,9800.0,6025.0,7100.0,5950.0,4000.0,2330.0,5300.0,23225.0,2920.0,11650.0,6400.0,1490.0,1465.0,2650.0,27050.0
2024-02-13,9725.0,6000.0,7025.0,5875.0,3980.0,2310.0,5200.0,23150.0,2800.0,11375.0,6350.0,1480.0,1545.0,2640.0,27125.0
2024-02-15,9850.0,6125.0,7200.0,6000.0,4030.0,2310.0,5125.0,23200.0,2930.0,11650.0,6400.0,1455.0,1540.0,2660.0,27075.0
2024-02-16,9950.0,6150.0,7200.0,6000.0,4160.0,2270.0,5200.0,23250.0,2830.0,11450.0,6425.0,1485.0,1530.0,2680.0,27025.0
2024-02-19,9875.0,6100.0,7150.0,5875.0,4160.0,2200.0,5125.0,22950.0,2800.0,11575.0,6475.0,1470.0,1515.0,2690.0,26875.0
2024-02-20,10025.0,6300.0,7150.0,6025.0,4210.0,2210.0,5200.0,22900.0,2760.0,11550.0,6550.0,1500.0,1505.0,2640.0,26575.0
2024-02-21,9975.0,6300.0,7250.0,6000.0,4180.0,2230.0,5250.0,23025.0,2690.0,11475.0,6600.0,1490.0,1470.0,2610.0,26475.0
2024-02-22,9875.0,6250.0,7100.0,5950.0,4090.0,2310.0,5275.0,23125.0,2720.0,11600.0,6725.0,1485.0,1500.0,2630.0,26075.0
2024-02-23,9825.0,6125.0,7050.0,5900.0,4100.0,2340.0,5125.0,22800.0,2690.0,11550.0,6725.0,1475.0,1550.0,2630.0,26200.0
2024-02-26,9800.0,6175.0,7050.0,5900.0,4090.0,2290.0,5125.0,23000.0,2590.0,11550.0,6625.0,1470.0,1515.0,2580.0,25800.0
2024-02-27,9875.0,6125.0,7075.0,6000.0,3990.0,2330.0,5175.0,23850.0,2620.0,11600.0,6575.0,1460.0,1480.0,2590.0,26075.0
2024-02-28,10000.0,6225.0,7125.0,5975.0,3990.0,2330.0,5225.0,23850.0,2700.0,11600.0,6625.0,1455.0,1490.0,2620.0,26375.0
2024-02-29,9875.0,6125.0,7000.0,6000.0,4000.0,2380.0,5225.0,23525.0,2730.0,11550.0,6625.0,1490.0,1460.0,2560.0,26200.0
2024-03-01,9825.0,6125.0,7025.0,5900.0,3920.0,2560.0,5225.0,23725.0,2730.0,11625.0,6675.0,1490.0,1480.0,2580.0,26250.0
2024-03-04,9750.0,6050.0,7025.0,5875.0,3940.0,2490.0,5200.0,24000.0,2670.0,11450.0,6550.0,1500.0,1460.0,2690.0,26375.0
2024-03-05,9800.0,6125.0,7025.0,5900.0,3870.0,2540.0,5100.0,24125.0,2670.0,11375.0,6500.0,1485.0,1460.0,2740.0,27175.0
2024-03-06,9950.0,6200.0,7075.0,5950.0,3900.0,2400.0,5175.0,24325.0,2690.0,11150.0,6500.0,1500.0,1525.0,2780.0,27125.0
2024-03-07,10125.0,6225.0,7100.0,5975.0,3900.0,2410.0,5125.0,24000.0,2730.0,10700.0,6350.0,1465.0,1575.0,2840.0,27700.0
2024-03-08,10150.0,6350.0,7125.0,6100.0,3860.0,2460.0,5150.0,24175.0,2660.0,10775.0,6350.0,1440.0,1565.0,2900.0,27650.0
2024-03-13,10000.0,6400.0,7275.0,6225.0,3900.0,2470.0,5150.0,23525.0,2720.0,10725.0,6300.0,1425.0,1620.0,2800.0,27000.0
2024-03-14,10325.0,6150.0,7400.0,6150.0,3960.0,2440.0,5275.0,24125.0,2690.0,10900.0,6425.0,1435.0,1645.0,2880.0,27400.0
2024-03-15,10150.0,5975.0,7400.0,5800.0,3970.0,2400.0,5175.0,24175.0,2640.0,10725.0,6425.0,1430.0,1615.0,2840.0,27100.0
2024-03-18,10150.0,6000.0,7175.0,5800.0,3920.0,2410.0,5150.0,24275.0,2770.0,10850.0,6450.0,1415.0,1655.0,2850.0,27375.0
2024-03-19,10175.0,6000.0,7275.0,5850.0,3940.0,2470.0,5225.0,24375.0,2740.0,11000.0,6425.0,1415.0,1660.0,2930.0,27225.0
2024-03-20,10125.0,6100.0,7050.0,5875.0,3930.0,2440.0,5275.0,24550.0,2760.0,11225.0,6475.0,1480.0,1660.0,2890.0,27625.0
2024-03-21,10125.0,6100.0,7050.0,5800.0,3890.0,2400.0,5350.0,24775.0,2720.0,10950.0,6450.0,1460.0,1700.0,2950.0,27750.0
2024-03-22,10100.0,6125.0,7050.0,5850.0,3900.0,2390.0,5375.0,24600.0,2720.0,11125.0,6425.0,1485.0,1670.0,2940.0,27800.0
2024-03-25,10075.0,6250.0,7250.0,5925.0,3730.0,2410.0,5350.0,24550.0,2760.0,11200.0,6450.0,1520.0,1660.0,2930.0,27750.0
2024-03-26,10050.0,6300.0,7175.0,5950.0,3620.0,2390.0,5300.0,24300.0,2770.0,10850.0,6375.0,1505.0,1665.0,2940.0,27775.0
2024-03-27,10075.0,6250.0,7175.0,5925.0,3490.0,2280.0,5275.0,24600.0,2730.0,11000.0,6325.0,1460.0,1635.0,2950.0,28425.0
2024-03-28,10075.0,6050.0,7250.0,5900.0,3470.0,2260.0,5150.0,24175.0,2700.0,11600.0,6375.0,1475.0,1600.0,2970.0,26700.0
2024-04-01,9850.0,5925.0,6900.0,5650.0,3510.0,2270.0,5200.0,24025.0,2730.0,11225.0,6425.0,1465.0,1580.0,2890.0,26300.0
2024-04-02,9900.0,5675.0,6900.0,5475.0,3490.0,2300.0,5275.0,24900.0,2740.0,11200.0,6600.0,1475.0,1640.0,2920.0,26675.0
2024-04-03,9525.0,5625.0,6775.0,5325.0,3420.0,2270.0,5250.0,25250.0,2690.0,11000.0,6550.0,1500.0,1645.0,2920.0,26975.0
2024-04-04,9850.0,5700.0,6875.0,5350.0,3450.0,2340.0,5175.0,25050.0,2710.0,11025.0,6500.0,1500.0,1660.0,2930.0,26900.0
2024-04-05,9825.0,5650.0,6825.0,5300.0,3430.0,2300.0,5275.0,25250.0,2680.0,10850.0,6500.0,1480.0,1670.0,2930.0,26850.0
2024-04-16,9475.0,5350.0,6625.0,5200.0,3220.0,2270.0,5100.0,26250.0,2540.0,10100.0,6150.0,1450.0,1810.0,3100.0,27400.0
2024-04-17,9525.0,5300.0,6625.0,5250.0,3200.0,2120.0,5125.0,25575.0,2370.0,10150.0,6050.0,1455.0,1795.0,3090.0,25850.0
2024-04-18,9475.0,5475.0,6800.0,5300.0,3250.0,2190.0,5100.0,25525.0,2390.0,10100.0,6125.0,1415.0,1725.0,3130.0,25925.0
2024-04-19,9475.0,5275.0,6725.0,5225.0,3150.0,2190.0,4900.0,25350.0,2380.0,9725.0,6100.0,1400.0,1760.0,3140.0,25700.0
2024-04-22,9350.0,5300.0,6725.0,5350.0,3170.0,2300.0,4950.0,25300.0,2410.0,9800.0,6150.0,1405.0,1770.0,3080.0,25575.0
2024-04-23,9725.0,5300.0,6825.0,5250.0,3100.0,2390.0,5025.0,24950.0,2330.0,9925.0,6025.0,1425.0,1740.0,3060.0,25525.0
2024-04-24,9950.0,5225.0,7050.0,5300.0,3040.0,2380.0,4910.0,24850.0,2390.0,10175.0,6050.0,1405.0,1680.0,2960.0,25350.0
2024-04-25,9775.0,5150.0,6950.0,5300.0,3040.0,2380.0,4950.0,24250.0,2640.0,10700.0,6200.0,1430.0,1590.0,2890.0,24975.0
2024-04-26,9625.0,4830.0,6750.0,5150.0,3030.0,2380.0,4880.0,24150.0,2590.0,10600.0,6050.0,1405.0,1595.0,2880.0,24500.0
2024-04-29,9800.0,4770.0,6925.0,5225.0,3080.0,2440.0,5025.0,24875.0,2590.0,10675.0,6175.0,1405.0,1615.0,3000.0,24950.0
2024-04-30,9800.0,4940.0,6900.0,5250.0,3170.0,2470.0,5150.0,24825.0,2620.0,10875.0,6250.0,1455.0,1640.0,3030.0,25225.0
2024-05-02,9550.0,4760.0,6325.0,4830.0,3120.0,2420.0,5175.0,24300.0,2640.0,10475.0,6225.0,1490.0,1510.0,2890.0,24900.0
2024-05-03,9850.0,4750.0,6150.0,4830.0,3160.0,2480.0,5225.0,23950.0,2600.0,10850.0,6225.0,1490.0,1490.0,2930.0,24825.0
2024-05-06,9800.0,4790.0,6275.0,4810.0,3050.0,2410.0,5100.0,22400.0,2600.0,10850.0,6225.0,1455.0,1515.0,2930.0,24500.0
2024-05-07,9700.0,4670.0,6275.0,4700.0,3090.0,2430.0,5050.0,22250.0,2540.0,10775.0,6150.0,1445.0,1505.0,2880.0,24800.0
2024-05-08,9375.0,4680.0,6275.0,4670.0,3080.0,2480.0,5125.0,22100.0,2560.0,10775.0,6200.0,1420.0,1535.0,2930.0,25350.0
2024-05-13,9525.0,4680.0,6200.0,4780.0,3090.0,2610.0,5075.0,22200.0,2650.0,10300.0,6100.0,1425.0,1525.0,2930.0,24650.0
2024-05-14,9550.0,4730.0,6200.0,4930.0,3120.0,2600.0,4580.0,22500.0,2700.0,10300.0,6175.0,1410.0,1525.0,2920.0,24500.0
2024-05-15,9500.0,4820.0,6375.0,5025.0,3100.0,2580.0,4530.0,22250.0,2680.0,10600.0,6100.0,1445.0,1565.0,2910.0,24100.0
2024-05-16,9600.0,4840.0,6350.0,5200.0,3010.0,2380.0,4710.0,22150.0,2700.0,10575.0,6150.0,1445.0,1565.0,2930.0,24200.0
2024-05-17,9750.0,4920.0,6575.0,5175.0,2990.0,2440.0,4800.0,22300.0,2710.0,10550.0,6150.0,1500.0,1620.0,2920.0,24075.0
2024-05-20,9475.0,4820.0,6325.0,4980.0,2990.0,2460.0,4740.0,22850.0,2700.0,10500.0,6225.0,1530.0,1655.0,2930.0,24350.0
2024-05-21,9375.0,4680.0,6025.0,4770.0,2950.0,2470.0,4700.0,22425.0,2910.0,10400.0,6150.0,1505.0,1565.0,2570.0,24250.0
2024-05-22,9425.0,4720.0,6050.0,4760.0,2940.0,2470.0,4710.0,22600.0,3060.0,10475.0,6150.0,1560.0,1525.0,2590.0,24325.0
2024-05-27,9300.0,4550.0,5825.0,4670.0,2810.0,2460.0,4550.0,22625.0,3260.0,10425.0,6125.0,1565.0,1495.0,2520.0,24250.0
2024-05-28,9300.0,4530.0,5950.0,4710.0,2860.0,2440.0,4510.0,22475.0,3280.0,10600.0,6125.0,1550.0,1515.0,2510.0,24300.0
2024-05-29,9150.0,4410.0,5800.0,4530.0,2810.0,2410.0,4460.0,22525.0,3010.0,10425.0,6125.0,1515.0,1525.0,2470.0,24375.0
2024-05-30,9000.0,4380.0,5875.0,4490.0,2810.0,2430.0,4320.0,22275.0,3110.0,10150.0,6050.0,1520.0,1490.0,2490.0,24950.0
2024-05-31,9250.0,4340.0,5900.0,4400.0,2900.0,2310.0,4290.0,22075.0,3120.0,9750.0,5875.0,1490.0,1465.0,2490.0,24975.0
2024-06-03,9275.0,4530.0,6100.0,4620.0,2930.0,2320.0,4500.0,22975.0,3080.0,10200.0,6050.0,1520.0,1470.0,2580.0,25225.0
2024-06-04,9350.0,4450.0,6150.0,4640.0,3000.0,2290.0,4580.0,22975.0,3130.0,10325.0,6100.0,1540.0,1440.0,2570.0,25400.0
2024-06-05,9450.0,4400.0,6000.0,4610.0,3060.0,2310.0,4600.0,22575.0,3070.0,10450.0,6125.0,1550.0,1340.0,2530.0,24850.0
2024-06-06,9475.0,4500.0,6175.0,4770.0,3050.0,2250.0,4560.0,22575.0,3080.0,10600.0,6200.0,1575.0,1315.0,2510.0,24600.0
2024-06-07,9325.0,4350.0,6275.0,4700.0,3050.0,2230.0,4560.0,22800.0,3010.0,10575.0,6200.0,1600.0,1300.0,2530.0,24750.0
2024-06-10,9525.0,4400.0,6275.0,4610.0,3010.0,2230.0,4510.0,22325.0,3070.0,10500.0,6175.0,1595.0,1240.0,2480.0,24425.0
2024-06-11,9300.0,4340.0,6125.0,4480.0,2880.0,2220.0,4350.0,21850.0,3060.0,10550.0,6125.0,1555.0,1255.0,2440.0,24100.0
2024-06-12,9250.0,4350.0,5925.0,4430.0,2920.0,2180.0,4360.0,22000.0,3060.0,10575.0,6200.0,1565.0,1270.0,2430.0,24300.0
2024-06-13,9200.0,4310.0,5875.0,4480.0,2840.0,2160.0,4460.0,22025.0,3060.0,10675.0,6125.0,1565.0,1255.0,2520.0,24200.0
2024-06-14,9200.0,4180.0,5750.0,4310.0,2720.0,2080.0,4420.0,21225.0,3200.0,10500.0,6075.0,1565.0,1210.0,2460.0,24050.0
2024-06-19,9050.0,4100.0,5750.0,4300.0,2830.0,2130.0,4450.0,21400.0,3070.0,10200.0,5925.0,1555.0,1215.0,2430.0,23875.0
2024-06-20,9425.0,4270.0,5950.0,4400.0,2840.0,2140.0,4450.0,22050.0,3040.0,10175.0,5925.0,1560.0,1215.0,2420.0,23900.0
2024-06-21,9600.0,4440.0,6125.0,4540.0,2950.0,2180.0,4490.0,21625.0,2990.0,10300.0,5975.0,1570.0,1230.0,2420.0,24250.0
2024-06-24,9600.0,4400.0,6000.0,4540.0,2950.0,2160.0,4430.0,21725.0,3010.0,10300.0,5925.0,1550.0,1250.0,2430.0,23900.0
2024-06-25,9600.0,4380.0,5925.0,4480.0,2990.0,2160.0,4400.0,21625.0,3010.0,10125.0,5950.0,1525.0,1225.0,2410.0,23600.0
2024-06-26,9500.0,4370.0,5850.0,4420.0,3000.0,2180.0,4420.0,21750.0,3010.0,10375.0,5900.0,1535.0,1215.0,2440.0,23800.0
2024-06-27,9750.0,4460.0,6000.0,4580.0,3030.0,2200.0,4430.0,21750.0,3080.0,10500.0,6025.0,1540.0,1230.0,2430.0,23750.0
2024-06-28,9925.0,4600.0,6150.0,4660.0,3130.0,2160.0,4460.0,21975.0,3020.0,10300.0,6075.0,1525.0,1250.0,2450.0,23900.0
2024-07-01,9875.0,4630.0,6250.0,4710.0,3090.0,2180.0,4620.0,22125.0,2960.0,10300.0,6100.0,1505.0,1305.0,2500.0,24275.0
2024-07-02,9900.0,4570.0,6200.0,4710.0,3040.0,2190.0,4530.0,22300.0,2970.0,10250.0,6100.0,1440.0,1295.0,2490.0,25000.0
2024-07-03,10000.0,4600.0,6225.0,4650.0,3030.0,2170.0,4570.0,23400.0,2940.0,10275.0,6100.0,1455.0,1315.0,2500.0,25800.0
2024-07-04,9825.0,4790.0,6250.0,4710.0,2960.0,2210.0,4550.0,23700.0,2920.0,10225.0,6075.0,1470.0,1325.0,2530.0,26150.0
2024-07-05,9950.0,4800.0,6425.0,4700.0,3020.0,2180.0,4580.0,23800.0,2910.0,10275.0,6125.0,1490.0,1310.0,2540.0,26150.0
2024-07-08,10050.0,4750.0,6225.0,4670.0,3080.0,2210.0,4640.0,24000.0,3050.0,10400.0,6200.0,1560.0,1365.0,2550.0,26000.0
2024-07-09,10075.0,4870.0,6375.0,4860.0,3080.0,2270.0,4560.0,23675.0,3000.0,10325.0,5950.0,1550.0,1345.0,2530.0,25525.0
2024-07-10,10100.0,4850.0,6375.0,4820.0,3160.0,2270.0,4540.0,23550.0,2960.0,10300.0,6000.0,1530.0,1345.0,2540.0,25650.0
2024-07-11,10075.0,4840.0,6400.0,4870.0,3180.0,2270.0,4510.0,23500.0,2900.0,10300.0,5925.0,1565.0,1360.0,2550.0,25500.0
2024-07-12,10075.0,4900.0,6425.0,5025.0,3220.0,2280.0,4540.0,23500.0,2920.0,10375.0,5950.0,1560.0,1360.0,2530.0,25550.0
2024-07-15,10050.0,4820.0,6350.0,5025.0,3160.0,2240.0,4470.0,23750.0,2930.0,10575.0,5975.0,1560.0,1350.0,2520.0,25500.0
2024-07-16,9950.0,4730.0,6350.0,4980.0,3100.0,2240.0,4380.0,23800.0,2810.0,10475.0,5950.0,1565.0,1340.0,2530.0,25950.0
2024-07-17,9800.0,4760.0,6450.0,5000.0,3250.0,2240.0,4460.0,23800.0,2860.0,10750.0,6050.0,1570.0,1380.0,2540.0,25800.0
2024-07-18,10100.0,4890.0,6550.0,5075.0,3210.0,2240.0,4540.0,24350.0,2800.0,10750.0,6075.0,1570.0,1375.0,2620.0,26175.0
2024-07-19,10125.0,4900.0,6525.0,5100.0,3140.0,2180.0,4530.0,24650.0,2800.0,10800.0,6075.0,1575.0,1350.0,2630.0,26525.0
2024-07-22,10100.0,4910.0,6700.0,5100.0,3100.0,2200.0,4520.0,25300.0,2740.0,10900.0,6025.0,1575.0,1340.0,2680.0,27350.0
2024-07-23,10175.0,4790.0,6625.0,5050.0,3160.0,2250.0,4450.0,24850.0,2730.0,10725.0,6100.0,1575.0,1315.0,2650.0,26650.0
2024-07-24,10075.0,4780.0,6475.0,5100.0,3060.0,2210.0,4530.0,24825.0,2720.0,10800.0,6000.0,1575.0,1310.0,2620.0,26350.0
2024-07-25,10300.0,4700.0,6575.0,5025.0,3090.0,2190.0,4490.0,24900.0,2490.0,10850.0,6100.0,1590.0,1280.0,2610.0,26050.0
2024-07-26,10325.0,4760.0,6550.0,5000.0,3100.0,2180.0,4610.0,24975.0,2490.0,10850.0,6125.0,1575.0,1295.0,2660.0,26400.0
2024-07-29,10250.0,4780.0,6475.0,5025.0,3050.0,2170.0,4610.0,24675.0,2460.0,10825.0,6075.0,1560.0,1310.0,2670.0,26175.0
2024-07-30,10175.0,4670.0,6475.0,4950.0,2880.0,2170.0,4540.0,25000.0,2430.0,10900.0,6050.0,1565.0,1300.0,2640.0,26350.0
2024-07-31,10275.0,4670.0,6400.0,4970.0,2880.0,2170.0,4720.0,25800.0,2440.0,10925.0,6125.0,1590.0,1315.0,2680.0,26300.0
2024-08-01,10375.0,4750.0,6750.0,5075.0,2880.0,2170.0,4740.0,25550.0,2500.0,11000.0,6150.0,1650.0,1345.0,2670.0,26625.0
2024-08-02,10200.0,4710.0,6800.0,5100.0,2850.0,2170.0,4690.0,25650.0,2430.0,11175.0,6100.0,1640.0,1345.0,2720.0,26975.0
2024-08-05,9875.0,4530.0,6575.0,4960.0,2790.0,2080.0,4560.0,24425.0,2410.0,10900.0,6050.0,1630.0,1285.0,2560.0,25625.0
2024-08-06,10000.0,4600.0,6625.0,5025.0,2790.0,2190.0,4610.0,24150.0,2460.0,11000.0,6100.0,1645.0,1295.0,2590.0,25525.0
2024-08-07,10100.0,4620.0,6775.0,5000.0,2820.0,2170.0,4630.0,24725.0,2480.0,11050.0,6125.0,1650.0,1295.0,2610.0,25800.0
2024-08-08,10225.0,4660.0,6800.0,5025.0,2850.0,2140.0,4740.0,24625.0,2460.0,10975.0,6225.0,1655.0,1270.0,2590.0,25825.0
2024-08-09,10150.0,4670.0,6850.0,5125.0,2830.0,2160.0,4760.0,24700.0,2460.0,11200.0,6275.0,1665.0,1285.0,2580.0,25850.0
2024-08-12,10200.0,4680.0,6900.0,5125.0,2870.0,2180.0,4760.0,25200.0,2460.0,11000.0,6250.0,1670.0,1310.0,2650.0,26475.0
2024-08-13,10300.0,4720.0,7000.0,5175.0,2850.0,2190.0,4760.0,25025.0,2450.0,11175.0,6325.0,1665.0,1310.0,2660.0,26825.0
2024-08-14,10200.0,4820.0,7075.0,5275.0,2860.0,2260.0,4890.0,25050.0,2430.0,11350.0,6500.0,1680.0,1305.0,2720.0,26225.0
2024-08-15,10225.0,4830.0,7025.0,5250.0,2870.0,2220.0,4890.0,24800.0,2380.0,11275.0,6475.0,1670.0,1385.0,2700.0,26200.0
2024-08-16,10325.0,4830.0,7075.0,5300.0,2960.0,2240.0,4970.0,25075.0,2390.0,11375.0,6525.0,1650.0,1460.0,2730.0,26425.0
2024-08-19,10375.0,4820.0,7150.0,5350.0,2930.0,2240.0,5025.0,25100.0,2360.0,11400.0,6450.0,1610.0,1470.0,2710.0,26475.0
2024-08-20,10425.0,4950.0,7200.0,5475.0,2980.0,2320.0,5125.0,25175.0,2370.0,11425.0,6525.0,1700.0,1475.0,2720.0,26400.0
2024-08-21,10425.0,5100.0,7250.0,5450.0,2970.0,2290.0,5075.0,25150.0,2360.0,11450.0,6625.0,1730.0,1470.0,2710.0,26675.0
2024-08-22,10325.0,5050.0,7050.0,5275.0,2920.0,2210.0,5000.0,26225.0,2350.0,11350.0,6650.0,1725.0,1440.0,2720.0,26725.0
2024-08-23,10325.0,5150.0,7050.0,5450.0,2950.0,2260.0,5100.0,26925.0,2350.0,11475.0,6700.0,1720.0,1450.0,2760.0,26675.0
2024-08-26,10325.0,5300.0,7050.0,5525.0,2980.0,2230.0,5150.0,26950.0,2350.0,11400.0,6850.0,1730.0,1480.0,2770.0,27000.0
2024-08-27,10200.0,5175.0,7025.0,5400.0,2990.0,2240.0,5150.0,27250.0,2290.0,11425.0,6800.0,1740.0,1470.0,2780.0,27000.0
2024-08-28,10350.0,5150.0,7225.0,5375.0,2980.0,2240.0,5025.0,27700.0,2250.0,11400.0,6825.0,1725.0,1450.0,2780.0,27225.0
2024-08-29,10225.0,5125.0,7100.0,5300.0,3030.0,2230.0,5075.0,27325.0,2240.0,11400.0,6800.0,1700.0,1410.0,2780.0,27175.0
2024-08-30,10325.0,5150.0,7125.0,5350.0,3060.0,2230.0,5100.0,27050.0,2270.0,11475.0,6850.0,1650.0,1390.0,2730.0,27225.0
2024-09-02,10275.0,5175.0,7200.0,5350.0,3140.0,2270.0,5200.0,27900.0,2290.0,11500.0,6725.0,1680.0,1395.0,2820.0,27675.0
2024-09-03,10175.0,5175.0,7075.0,5375.0,3080.0,2270.0,5125.0,27775.0,2250.0,11375.0,6775.0,1680.0,1370.0,2800.0,27800.0
2024-09-04,10300.0,5100.0,7175.0,5350.0,3080.0,2230.0,5050.0,27650.0,2240.0,11400.0,6700.0,1730.0,1345.0,2760.0,27500.0
2024-09-05,10250.0,5150.0,7175.0,5450.0,3020.0,2360.0,5075.0,27525.0,2220.0,11650.0,6975.0,1690.0,1345.0,2750.0,27275.0
2024-09-06,10300.0,5225.0,7250.0,5650.0,3040.0,2330.0,5050.0,27050.0,2220.0,11450.0,7025.0,1710.0,1335.0,2710.0,27225.0
2024-09-09,10275.0,5175.0,7250.0,5725.0,3030.0,2250.0,5025.0,27250.0,2190.0,11600.0,6925.0,1740.0,1320.0,2680.0,27225.0
2024-09-10,10350.0,5250.0,7250.0,5700.0,3030.0,2270.0,5025.0,26700.0,2210.0,11575.0,7050.0,1740.0,1320.0,2670.0,26100.0
2024-09-11,10425.0,5175.0,7375.0,5650.0,3040.0,2270.0,5025.0,26225.0,2190.0,11575.0,7000.0,1720.0,1315.0,2660.0,26000.0
2024-09-12,10475.0,5175.0,7300.0,5600.0,3050.0,2290.0,5025.0,26350.0,2220.0,11475.0,7150.0,1740.0,1345.0,2720.0,26375.0
2024-09-13,10425.0,5300.0,7275.0,5625.0,3110.0,2320.0,5075.0,26350.0,2200.0,11325.0,7100.0,1705.0,1335.0,2730.0,26200.0
2024-09-17,10500.0,5300.0,7425.0,5650.0,3090.0,2290.0,5075.0,26675.0,2180.0,11400.0,7100.0,1705.0,1380.0,2800.0,25850.0
2024-09-18,10625.0,5350.0,7400.0,5700.0,3120.0,2280.0,5250.0,26725.0,2210.0,11500.0,7075.0,1750.0,1365.0,2780.0,25925.0
2024-09-19,10900.0,5400.0,7400.0,5825.0,3140.0,2300.0,5275.0,26625.0,2200.0,11700.0,7075.0,1730.0,1375.0,2780.0,26000.0
2024-09-20,10775.0,5375.0,7300.0,5750.0,3150.0,2280.0,5225.0,26925.0,2170.0,12000.0,7150.0,1720.0,1370.0,2950.0,25900.0
2024-09-23,10950.0,5500.0,7450.0,5800.0,3170.0,2300.0,5225.0,27125.0,2210.0,12200.0,7100.0,1735.0,1395.0,3120.0,26175.0
2024-09-24,10800.0,5525.0,7425.0,5800.0,3160.0,2290.0,5275.0,27375.0,2260.0,12425.0,7175.0,1745.0,1410.0,3100.0,26900.0
2024-09-25,10850.0,5325.0,7200.0,5600.0,3190.0,2310.0,5225.0,27450.0,2300.0,12450.0,7175.0,1740.0,1440.0,3080.0,26525.0
2024-09-26,10700.0,5050.0,7175.0,5600.0,3170.0,2350.0,5250.0,27300.0,2300.0,12775.0,7225.0,1740.0,1425.0,3110.0,26500.0
2024-09-27,10650.0,5100.0,7050.0,5450.0,3050.0,2310.0,5100.0,27700.0,2270.0,12650.0,7175.0,1735.0,1470.0,3140.0,26500.0
2024-09-30,10325.0,4950.0,6925.0,5350.0,2990.0,2290.0,5050.0,27150.0,2210.0,12325.0,7050.0,1725.0,1480.0,3080.0,26475.0
2024-10-01,10550.0,5075.0,7050.0,5375.0,3020.0,2260.0,5175.0,27450.0,2210.0,12450.0,7175.0,1740.0,1500.0,3070.0,26350.0
2024-10-02,10500.0,4940.0,6975.0,5350.0,2920.0,2200.0,5150.0,27250.0,2170.0,12200.0,7075.0,1725.0,1535.0,3050.0,26025.0
2024-10-03,10450.0,4920.0,7050.0,5375.0,2890.0,2260.0,5250.0,27225.0,2190.0,12000.0,7100.0,1740.0,1535.0,3060.0,26100.0
2024-10-04,10475.0,4860.0,6950.0,5325.0,2880.0,2250.0,5150.0,27275.0,2170.0,12125.0,7050.0,1740.0,1525.0,2990.0,25975.0
2024-10-07,10300.0,4820.0,6875.0,5200.0,2900.0,2260.0,5100.0,27075.0,2270.0,12000.0,6925.0,1730.0,1545.0,3100.0,26325.0
2024-10-08,10400.0,5000.0,7075.0,5350.0,2990.0,2270.0,5225.0,26425.0,2310.0,12300.0,7000.0,1700.0,1525.0,3080.0,26050.0
2024-10-09,10425.0,4930.0,6950.0,5325.0,2960.0,2300.0,5075.0,26600.0,2280.0,12075.0,6925.0,1670.0,1515.0,3050.0,26050.0
2024-10-10,10500.0,4860.0,6950.0,5325.0,2950.0,2320.0,5125.0,25900.0,2280.0,12050.0,7025.0,1650.0,1535.0,3020.0,26025.0
2024-10-11,10375.0,4900.0,6950.0,5375.0,2940.0,2310.0,5075.0,26150.0,2270.0,12250.0,7000.0,1720.0,1565.0,3030.0,25925.0
2024-10-14,10500.0,4900.0,6925.0,5425.0,2900.0,2290.0,4930.0,26025.0,2320.0,12350.0,7050.0,1715.0,1630.0,3100.0,25950.0
2024-10-15,10625.0,4920.0,7050.0,5500.0,2940.0,2290.0,4930.0,25775.0,2350.0,12575.0,7200.0,1750.0,1600.0,3100.0,26150.0
2024-10-16,10475.0,4950.0,7000.0,5475.0,3000.0,2300.0,4960.0,26325.0,2440.0,12500.0,7175.0,1730.0,1570.0,3080.0,25850.0
2024-10-17,10725.0,4980.0,7225.0,5500.0,3040.0,2270.0,4950.0,26725.0,2370.0,12500.0,7175.0,1690.0,1620.0,3060.0,25950.0
2024-10-18,10750.0,4970.0,7175.0,5650.0,3100.0,2290.0,4920.0,26725.0,2330.0,12800.0,7425.0,1715.0,1625.0,3050.0,25925.0
2024-10-21,10675.0,4990.0,7200.0,5625.0,3100.0,2300.0,5100.0,26725.0,2330.0,12500.0,7400.0,1660.0,1690.0,3020.0,25875.0
2024-10-22,10500.0,4900.0,7075.0,5650.0,3010.0,2280.0,5275.0,27075.0,2320.0,12525.0,7425.0,1680.0,1670.0,3040.0,25925.0
2024-10-23,10650.0,4860.0,7075.0,5675.0,2940.0,2260.0,5300.0,27025.0,2330.0,12600.0,7500.0,1675.0,1650.0,2950.0,25675.0
2024-10-24,10700.0,4820.0,6975.0,5625.0,2900.0,2260.0,5275.0,26875.0,2130.0,12525.0,7525.0,1645.0,1620.0,2920.0,25675.0
2024-10-25,10750.0,4770.0,7050.0,5650.0,2910.0,2270.0,5225.0,26800.0,2100.0,12650.0,7500.0,1620.0,1585.0,2880.0,25525.0
2024-10-28,10600.0,4760.0,6825.0,5500.0,2920.0,2250.0,5250.0,26800.0,2020.0,12650.0,7525.0,1630.0,1610.0,2870.0,25525.0
2024-10-29,10500.0,4700.0,6825.0,5300.0,2900.0,2280.0,5125.0,26350.0,2020.0,12575.0,7575.0,1615.0,1615.0,2850.0,25450.0
2024-10-30,10350.0,4710.0,6750.0,5225.0,2900.0,2260.0,5200.0,26425.0,1960.0,12450.0,7475.0,1605.0,1630.0,2840.0,25150.0
2024-10-31,10250.0,4800.0,6700.0,5250.0,2820.0,2250.0,5100.0,27450.0,1965.0,12325.0,7600.0,1615.0,1600.0,2960.0,25075.0
2024-11-01,10425.0,4700.0,6650.0,5200.0,2780.0,2250.0,5075.0,27250.0,1955.0,12100.0,7300.0,1570.0,1520.0,2920.0,25500.0
2024-11-04,10375.0,4720.0,6750.0,5300.0,2800.0,2240.0,5125.0,27350.0,1870.0,12325.0,7450.0,1590.0,1525.0,2870.0,25125.0
2024-11-05,10500.0,4710.0,6925.0,5400.0,2770.0,2230.0,5175.0,27000.0,1780.0,12600.0,7875.0,1600.0,1575.0,2890.0,25375.0
2024-11-06,10450.0,4600.0,6550.0,5125.0,2740.0,2220.0,5050.0,27200.0,1755.0,12150.0,7800.0,1590.0,1540.0,2860.0,25250.0
2024-11-07,10175.0,4550.0,6425.0,5025.0,2760.0,2210.0,5000.0,27225.0,1735.0,12075.0,7900.0,1570.0,1575.0,2830.0,25425.0
2024-11-08,10075.0,4520.0,6325.0,4980.0,2750.0,2210.0,4960.0,27450.0,1760.0,12100.0,7700.0,1540.0,1585.0,2800.0,25250.0
2024-11-11,10050.0,4460.0,6350.0,4990.0,2690.0,2140.0,4970.0,26100.0,1740.0,11950.0,7800.0,1510.0,1530.0,2770.0,25150.0
2024-11-12,10150.0,4500.0,6375.0,4930.0,2600.0,2130.0,4970.0,26725.0,1825.0,11850.0,7850.0,1500.0,1565.0,2870.0,25700.0
2024-11-13,10150.0,4580.0,6425.0,4960.0,2580.0,2150.0,5025.0,26400.0,1800.0,11850.0,7725.0,1500.0,1500.0,2810.0,26200.0
2024-11-14,10100.0,4500.0,6375.0,4950.0,2530.0,2160.0,4950.0,25975.0,1770.0,11450.0,7700.0,1450.0,1480.0,2770.0,26300.0
2024-11-15,10175.0,4470.0,6350.0,4910.0,2540.0,2140.0,4940.0,26550.0,1845.0,11675.0,7725.0,1420.0,1400.0,2750.0,26500.0
2024-11-18,10000.0,4350.0,6325.0,4870.0,2590.0,2150.0,4930.0,25850.0,1820.0,11975.0,7725.0,1435.0,1395.0,2720.0,26850.0
2024-11-19,9925.0,4360.0,6250.0,4850.0,2780.0,2180.0,4970.0,26350.0,1805.0,11900.0,7800.0,1425.0,1475.0,2770.0,26800.0
2024-11-20,10075.0,4330.0,6225.0,4850.0,2680.0,2170.0,5000.0,26425.0,1805.0,11800.0,7800.0,1465.0,1470.0,2740.0,26700.0
2024-11-21,9850.0,4250.0,6150.0,4720.0,2770.0,2210.0,4890.0,26675.0,1740.0,11800.0,7625.0,1450.0,1490.0,2720.0,27375.0
2024-11-22,9850.0,4400.0,6250.0,4840.0,2750.0,2180.0,4910.0,27000.0,1795.0,12000.0,7475.0,1470.0,1450.0,2770.0,27950.0
2024-11-25,10175.0,4470.0,6575.0,4990.0,2740.0,2190.0,5175.0,27600.0,1915.0,11950.0,7600.0,1500.0,1485.0,2800.0,27600.0
2024-11-26,10000.0,4400.0,6400.0,4950.0,2710.0,2180.0,5150.0,27500.0,1870.0,11975.0,7650.0,1480.0,1450.0,2760.0,27425.0
2024-11-28,10000.0,4330.0,6450.0,5025.0,2720.0,2180.0,5125.0,27375.0,1885.0,11900.0,7650.0,1495.0,1420.0,2790.0,27300.0
2024-11-29,10000.0,4250.0,6150.0,4980.0,2710.0,2220.0,5100.0,26775.0,1865.0,11900.0,7550.0,1500.0,1430.0,2700.0,26650.0
2024-12-02,9750.0,4170.0,6000.0,4710.0,2680.0,2230.0,4940.0,27400.0,1875.0,11850.0,7550.0,1475.0,1410.0,2670.0,26900.0
2024-12-03,10200.0,4240.0,6275.0,4780.0,2820.0,2240.0,5125.0,27150.0,1875.0,11925.0,7775.0,1480.0,1450.0,2700.0,27100.0
2024-12-04,10200.0,4350.0,6375.0,4950.0,2840.0,2230.0,5225.0,27625.0,1910.0,11800.0,7850.0,1485.0,1465.0,2710.0,27500.0
2024-12-05,10250.0,4260.0,6150.0,4820.0,2770.0,2250.0,5200.0,27625.0,1875.0,11900.0,7875.0,1505.0,1490.0,2740.0,27450.0
2024-12-06,10075.0,4310.0,6225.0,4860.0,2760.0,2310.0,5150.0,27950.0,1870.0,11825.0,7925.0,1465.0,1485.0,2730.0,27700.0
2024-12-09,10350.0,4390.0,6375.0,5000.0,2740.0,2300.0,5225.0,28500.0,1895.0,11775.0,8200.0,1485.0,1490.0,2750.0,27850.0
2024-12-10,10350.0,4360.0,6300.0,5100.0,2770.0,2290.0,5225.0,28200.0,2000.0,11725.0,8150.0,1505.0,1625.0,2830.0,27875.0
2024-12-11,10425.0,4380.0,6300.0,5075.0,2860.0,2240.0,5250.0,27775.0,1945.0,11725.0,8200.0,1505.0,1600.0,2800.0,28200.0
2024-12-12,10175.0,4260.0,6125.0,4880.0,2820.0,2260.0,5100.0,27950.0,1905.0,11600.0,8200.0,1455.0,1615.0,2800.0,28025.0
2024-12-13,10050.0,4170.0,6025.0,4730.0,2790.0,2270.0,5125.0,28125.0,1870.0,11850.0,8175.0,1445.0,1585.0,2780.0,27850.0
2024-12-16,10100.0,4250.0,6075.0,4640.0,2660.0,2270.0,5125.0,28025.0,1825.0,11800.0,8125.0,1440.0,1560.0,2740.0,27750.0
2024-12-17,9900.0,4150.0,5950.0,4470.0,2620.0,2280.0,4980.0,26250.0,1760.0,11525.0,8050.0,1400.0,1510.0,2670.0,27250.0
2024-12-18,9800.0,4150.0,5825.0,4430.0,2570.0,2260.0,5000.0,26275.0,1805.0,11325.0,7825.0,1380.0,1515.0,2680.0,27150.0
2024-12-19,9675.0,4090.0,5675.0,4310.0,2530.0,2240.0,4880.0,26300.0,1770.0,11200.0,7650.0,1320.0,1470.0,2580.0,26325.0
2024-12-20,9650.0,4060.0,5675.0,4260.0,2550.0,2280.0,4870.0,25675.0,1750.0,11250.0,7625.0,1275.0,1420.0,2590.0,25525.0
2024-12-23,9775.0,4210.0,5825.0,4380.0,2650.0,2280.0,4950.0,25450.0,1785.0,11425.0,7725.0,1330.0,1455.0,2590.0,25650.0
2024-12-24,9750.0,4200.0,5750.0,4380.0,2740.0,2260.0,4880.0,25200.0,1780.0,11575.0,7625.0,1400.0,1435.0,2590.0,25300.0
2024-12-27,9800.0,4100.0,5800.0,4360.0,2750.0,2250.0,4930.0,25400.0,1840.0,11425.0,7700.0,1355.0,1525.0,2620.0,25850.0
2024-12-30,9675.0,4080.0,5700.0,4350.0,2710.0,2250.0,4900.0,26775.0,1885.0,11375.0,7700.0,1360.0,1525.0,2750.0,26700.0
2025-01-02,9900.0,4210.0,5850.0,4590.0,2700.0,2250.0,4950.0,25700.0,1835.0,11225.0,7475.0,1340.0,1545.0,2680.0,26175.0
2025-01-03,9850.0,4150.0,5800.0,4540.0,2750.0,2230.0,4950.0,25575.0,1775.0,11375.0,7550.0,1325.0,1520.0,2700.0,26300.0
2025-01-06,9675.0,4100.0,5675.0,4430.0,2690.0,2240.0,4860.0,25400.0,1745.0,11175.0,7375.0,1280.0,1465.0,2650.0,25800.0
2025-01-07,9525.0,4030.0,5600.0,4360.0,2570.0,2230.0,4920.0,25850.0,1780.0,10925.0,7450.0,1290.0,1435.0,2640.0,25800.0
2025-01-08,9675.0,4080.0,5750.0,4370.0,2650.0,2250.0,4810.0,25175.0,1725.0,11100.0,7475.0,1275.0,1430.0,2640.0,25375.0
2025-01-09,9850.0,4030.0,5750.0,4380.0,2620.0,2230.0,4930.0,24975.0,1690.0,11025.0,7500.0,1270.0,1420.0,2620.0,25300.0
2025-01-10,9725.0,4010.0,5600.0,4350.0,2680.0,2230.0,4900.0,25100.0,1705.0,11075.0,7725.0,1260.0,1465.0,2690.0,25275.0
2025-01-13,9675.0,3850.0,5525.0,4210.0,2670.0,2270.0,4750.0,25400.0,1720.0,11100.0,7725.0,1265.0,1480.0,2610.0,25225.0
2025-01-14,9525.0,3800.0,5400.0,4130.0,2620.0,2250.0,4750.0,25500.0,1745.0,10750.0,7525.0,1225.0,1520.0,2620.0,25400.0
2025-01-15,9800.0,4090.0,5750.0,4410.0,2630.0,2270.0,4940.0,25700.0,1735.0,10775.0,7700.0,1255.0,1530.0,2670.0,25750.0
2025-01-16,9750.0,4160.0,5875.0,4500.0,2590.0,2270.0,4880.0,26175.0,1785.0,10925.0,7575.0,1235.0,1520.0,2690.0,26000.0
2025-01-17,9900.0,4090.0,5875.0,4470.0,2660.0,2270.0,4940.0,26425.0,1790.0,10825.0,7600.0,1225.0,1520.0,2680.0,26100.0
2025-01-20,9625.0,4220.0,6000.0,4620.0,2610.0,2250.0,4910.0,25975.0,1750.0,10525.0,7375.0,1220.0,1510.0,2660.0,25900.0
2025-01-21,9575.0,4260.0,6050.0,4740.0,2630.0,2270.0,4910.0,25700.0,1730.0,11000.0,7450.0,1240.0,1510.0,2690.0,26125.0
2025-01-22,9600.0,4260.0,6150.0,4790.0,2730.0,2280.0,4960.0,25925.0,1695.0,11375.0,7625.0,1260.0,1520.0,2710.0,26425.0
2025-01-23,9600.0,4300.0,6175.0,4650.0,2710.0,2310.0,4900.0,25450.0,1740.0,11275.0,7500.0,1235.0,1490.0,2700.0,26400.0
2025-01-24,9350.0,4190.0,6125.0,4610.0,2690.0,2290.0,4870.0,25100.0,1690.0,11425.0,7550.0,1220.0,1490.0,2700.0,26325.0
2025-01-30,9150.0,4120.0,6100.0,4640.0,2640.0,2270.0,4780.0,24475.0,1650.0,11575.0,7625.0,1235.0,1395.0,2680.0,25900.0
2025-01-31,9450.0,4220.0,6025.0,4770.0,2660.0,2270.0,4800.0,24875.0,1630.0,11500.0,7850.0,1265.0,1390.0,2690.0,25875.0
2025-02-03,9350.0,4250.0,5800.0,4780.0,2630.0,2290.0,4760.0,25000.0,1580.0,11225.0,7625.0,1200.0,1380.0,2670.0,26075.0
2025-02-04,9175.0,4260.0,5675.0,4700.0,2640.0,2290.0,4800.0,25000.0,1565.0,11100.0,7700.0,1250.0,1400.0,2690.0,25875.0
2025-02-05,9125.0,4140.0,5525.0,4500.0,2620.0,2270.0,4740.0,25150.0,1565.0,10900.0,7525.0,1210.0,1450.0,2720.0,26050.0
2025-02-06,8950.0,3970.0,5100.0,4290.0,2560.0,2290.0,4550.0,24425.0,1510.0,10950.0,7525.0,1300.0,1400.0,2650.0,25450.0
2025-02-07,9350.0,4030.0,5150.0,4270.0,2590.0,2290.0,4650.0,24800.0,1425.0,11375.0,7650.0,1265.0,1430.0,2670.0,25675.0
2025-02-10,9150.0,3970.0,5000.0,4150.0,2440.0,2280.0,4570.0,24125.0,1505.0,11275.0,7775.0,1320.0,1385.0,2620.0,25200.0
2025-02-11,9075.0,4010.0,4880.0,4070.0,2320.0,2270.0,4610.0,24425.0,1425.0,11225.0,7700.0,1250.0,1400.0,2620.0,25075.0
2025-02-12,9150.0,4030.0,4940.0,4300.0,2480.0,2270.0,4640.0,24875.0,1375.0,11150.0,7800.0,1285.0,1395.0,2640.0,25350.0
2025-02-13,9000.0,3990.0,5025.0,4250.0,2420.0,2280.0,4660.0,24500.0,1415.0,11225.0,7800.0,1290.0,1470.0,2690.0,25425.0
2025-02-14,8975.0,3860.0,5125.0,4370.0,2530.0,2280.0,4680.0,25050.0,1465.0,11525.0,7750.0,1290.0,1530.0,2710.0,25600.0
2025-02-17,9325.0,4030.0,5425.0,4570.0,2650.0,2270.0,4740.0,24800.0,1440.0,11500.0,7825.0,1285.0,1555.0,2710.0,25725.0
2025-02-18,9300.0,4150.0,5450.0,4750.0,2680.0,2270.0,4800.0,24725.0,1450.0,11525.0,7850.0,1295.0,1550.0,2690.0,25775.0
2025-02-19,8950.0,4020.0,5175.0,4520.0,2670.0,2260.0,4700.0,25200.0,1375.0,11650.0,8000.0,1235.0,1575.0,2660.0,25700.0
2025-02-20,9000.0,3910.0,5150.0,4460.0,2670.0,2270.0,4720.0,24750.0,1350.0,11550.0,7975.0,1210.0,1685.0,2670.0,25225.0
2025-02-21,9000.0,3890.0,5075.0,4300.0,2650.0,2250.0,4750.0,24575.0,1290.0,11500.0,7700.0,1220.0,1620.0,2660.0,25275.0
2025-02-24,8925.0,3920.0,5025.0,4200.0,2600.0,2260.0,4700.0,25000.0,1265.0,11875.0,7900.0,1210.0,1640.0,2640.0,25200.0
2025-02-25,8825.0,3800.0,4870.0,4230.0,2460.0,2240.0,4560.0,23500.0,1150.0,11325.0,7825.0,1160.0,1635.0,2620.0,24825.0
2025-02-26,8775.0,3820.0,4920.0,4350.0,2520.0,2240.0,4580.0,23400.0,1200.0,10500.0,7725.0,1185.0,1630.0,2610.0,24675.0
2025-02-27,8525.0,3630.0,4660.0,4340.0,2490.0,2240.0,4590.0,23425.0,1200.0,10400.0,7600.0,1140.0,1625.0,2620.0,24825.0
2025-02-28,8425.0,3360.0,4600.0,4030.0,2350.0,2210.0,4530.0,22350.0,1015.0,10450.0,7125.0,1080.0,1585.0,2590.0,23700.0
2025-03-03,8800.0,3670.0,4900.0,4260.0,2400.0,2220.0,4680.0,22425.0,1125.0,10575.0,7350.0,1110.0,1585.0,2580.0,24025.0
2025-03-04,8850.0,3670.0,4840.0,4220.0,2380.0,2220.0,4690.0,22175.0,1090.0,10575.0,7325.0,1110.0,1540.0,2510.0,23075.0
2025-03-05,9000.0,3840.0,4860.0,4460.0,2450.0,2270.0,4900.0,23675.0,1120.0,10400.0,7425.0,1090.0,1620.0,2580.0,23225.0
2025-03-06,8975.0,3950.0,4870.0,4590.0,2400.0,2250.0,4900.0,24925.0,1140.0,10350.0,7300.0,1150.0,1625.0,2580.0,23500.0
2025-03-07,8925.0,3810.0,4840.0,4540.0,2410.0,2250.0,4930.0,24050.0,1200.0,10550.0,7250.0,1160.0,1630.0,2550.0,23700.0
2025-03-10,8925.0,3760.0,4710.0,4450.0,2390.0,2270.0,4770.0,23650.0,1180.0,10600.0,7550.0,1080.0,1490.0,2510.0,23850.0
2025-03-11,8925.0,3790.0,4740.0,4450.0,2370.0,2260.0,4800.0,23700.0,1190.0,10425.0,7275.0,1060.0,1520.0,2490.0,23900.0
2025-03-12,9125.0,3890.0,4880.0,4530.0,2450.0,2270.0,4810.0,23350.0,1150.0,10925.0,7475.0,1070.0,1545.0,2480.0,23275.0
2025-03-13,8975.0,3800.0,4740.0,4530.0,2430.0,2250.0,4730.0,23050.0,1260.0,11000.0,7300.0,1085.0,1535.0,2450.0,23400.0
2025-03-14,8750.0,3750.0,4740.0,4430.0,2420.0,2260.0,4620.0,22725.0,1300.0,10750.0,7175.0,1050.0,1590.0,2450.0,23125.0
2025-03-17,8600.0,3830.0,4680.0,4330.0,2420.0,2270.0,4620.0,23225.0,1365.0,10950.0,7275.0,1060.0,1655.0,2450.0,22925.0
2025-03-18,8300.0,3680.0,4530.0,4190.0,2420.0,2250.0,4650.0,22450.0,1360.0,10825.0,7075.0,1015.0,1635.0,2420.0,22500.0
2025-03-19,8325.0,3710.0,4680.0,4170.0,2430.0,2270.0,4690.0,22325.0,1360.0,10725.0,7200.0,1030.0,1660.0,2430.0,22650.0
2025-03-20,8375.0,3660.0,4620.0,4080.0,2390.0,2270.0,4710.0,22625.0,1305.0,10600.0,7025.0,1090.0,1645.0,2410.0,22900.0
2025-03-21,7900.0,3700.0,4410.0,3770.0,2310.0,2260.0,4840.0,22875.0,1295.0,10575.0,6975.0,1120.0,1585.0,2320.0,22475.0
2025-03-24,7950.0,3610.0,4460.0,3720.0,2330.0,2260.0,4690.0,22700.0,1250.0,10425.0,6800.0,1105.0,1590.0,2300.0,21875.0
2025-03-25,8050.0,3800.0,4740.0,3900.0,2340.0,2230.0,4650.0,22825.0,1245.0,10375.0,6800.0,1135.0,1600.0,2450.0,22450.0
2025-03-26,8525.0,4000.0,5150.0,4250.0,2440.0,2250.0,4800.0,23500.0,1240.0,10550.0,6925.0,1100.0,1650.0,2510.0,22950.0
2025-03-27,8500.0,4050.0,5200.0,4240.0,2410.0,2280.0,4920.0,23550.0,1265.0,10175.0,7100.0,1135.0,1635.0,2520.0,22950.0
2025-04-08,7775.0,3640.0,4670.0,4030.0,2290.0,2200.0,4480.0,20100.0,1180.0,9700.0,7200.0,1055.0,1400.0,2420.0,21825.0
2025-04-09,7925.0,3630.0,4710.0,4040.0,2320.0,2250.0,4620.0,20550.0,1155.0,9575.0,6675.0,1105.0,1475.0,2460.0,22775.0
2025-04-10,8225.0,3800.0,5025.0,4260.0,2350.0,2280.0,4710.0,21800.0,1285.0,10000.0,7075.0,1145.0,1630.0,2680.0,23275.0
2025-04-11,8275.0,3630.0,5100.0,4390.0,2330.0,2200.0,4710.0,21850.0,1310.0,9925.0,6900.0,1180.0,1690.0,2680.0,23400.0
2025-04-14,8400.0,3690.0,4750.0,4550.0,2430.0,2190.0,4930.0,22650.0,1360.0,10325.0,7125.0,1240.0,1830.0,2740.0,24800.0
2025-04-15,8575.0,3690.0,4710.0,4280.0,2450.0,2170.0,4870.0,22825.0,1330.0,10475.0,7300.0,1195.0,1860.0,2760.0,24700.0
2025-04-16,8475.0,3650.0,4630.0,4100.0,2480.0,2190.0,4780.0,22225.0,1320.0,10250.0,7400.0,1255.0,1925.0,2710.0,24600.0
2025-04-17,8500.0,3640.0,4600.0,4040.0,2550.0,2180.0,4750.0,22225.0,1320.0,10600.0,7300.0,1200.0,1945.0,2730.0,24800.0
2025-04-21,8300.0,3620.0,4610.0,3990.0,2570.0,2120.0,4790.0,22900.0,1345.0,10550.0,7350.0,1225.0,2090.0,2730.0,22175.0
2025-04-22,8500.0,3630.0,4720.0,4010.0,2550.0,2100.0,4740.0,23025.0,1385.0,10475.0,7200.0,1200.0,2190.0,2760.0,22325.0
2025-04-23,8725.0,3760.0,4900.0,4150.0,2630.0,2110.0,4820.0,23050.0,1425.0,10700.0,7350.0,1280.0,2070.0,2780.0,22300.0
2025-04-24,8475.0,3730.0,4890.0,4170.0,2630.0,2090.0,4770.0,23050.0,1495.0,11000.0,7250.0,1265.0,2150.0,2780.0,22050.0
2025-04-25,8600.0,3740.0,4900.0,4200.0,2600.0,2100.0,4860.0,23100.0,1750.0,11000.0,7475.0,1240.0,2140.0,2780.0,22100.0
2025-04-28,8775.0,3840.0,4920.0,4190.0,2560.0,2100.0,4890.0,22900.0,1665.0,11000.0,7425.0,1260.0,2130.0,2770.0,22075.0
2025-04-29,8725.0,3850.0,4940.0,4140.0,2590.0,2130.0,4800.0,22675.0,1680.0,11250.0,7500.0,1260.0,2180.0,2790.0,22050.0
2025-04-30,8825.0,3850.0,4890.0,4180.0,2640.0,2150.0,4800.0,22700.0,1715.0,11350.0,8000.0,1365.0,2170.0,2760.0,22000.0
2025-05-02,8975.0,3880.0,4960.0,4200.0,2680.0,2220.0,4790.0,22775.0,1755.0,11000.0,7700.0,1315.0,2290.0,2740.0,21950.0
2025-05-05,8975.0,3860.0,4980.0,4210.0,2700.0,2200.0,4780.0,22800.0,1775.0,11200.0,7600.0,1390.0,2320.0,2720.0,22050.0
2025-05-06,9025.0,3880.0,4980.0,4180.0,2680.0,2180.0,4750.0,22875.0,1835.0,11275.0,7525.0,1410.0,2540.0,2710.0,22275.0
2025-05-07,9075.0,3910.0,4950.0,4160.0,2620.0,2180.0,4830.0,21750.0,1810.0,11075.0,7750.0,1405.0,2750.0,2760.0,22350.0
2025-05-08,8975.0,3790.0,4790.0,4120.0,2570.0,2130.0,4780.0,21475.0,1780.0,11400.0,7775.0,1440.0,2610.0,2720.0,22125.0
2025-05-09,9000.0,3840.0,4770.0,4100.0,2600.0,2160.0,4780.0,21250.0,1780.0,11200.0,7975.0,1450.0,2680.0,2710.0,22100.0
2025-05-14,9275.0,4090.0,5050.0,4370.0,2590.0,2210.0,4810.0,21950.0,1785.0,11175.0,7875.0,1480.0,2550.0,2790.0,22475.0
2025-05-15,9275.0,4270.0,5325.0,4500.0,2660.0,2160.0,4820.0,21625.0,1790.0,11050.0,8100.0,1525.0,2550.0,2770.0,22450.0
2025-05-16,9300.0,4250.0,5475.0,4500.0,2740.0,2180.0,4880.0,21900.0,1765.0,11075.0,8450.0,1505.0,2640.0,2860.0,22600.0
2025-05-19,9500.0,4230.0,5525.0,4460.0,2820.0,2210.0,4940.0,22100.0,1765.0,10950.0,8225.0,1455.0,2720.0,2900.0,22800.0
2025-05-20,9475.0,4210.0,5400.0,4450.0,2740.0,2170.0,4860.0,21750.0,1710.0,10750.0,7875.0,1500.0,2730.0,2820.0,22325.0
2025-05-21,9700.0,4260.0,5450.0,4520.0,2750.0,2180.0,4670.0,21800.0,1760.0,10825.0,7975.0,1530.0,2910.0,2790.0,22550.0
2025-05-22,9650.0,4300.0,5450.0,4470.0,2800.0,2170.0,4630.0,21875.0,1815.0,10800.0,7900.0,1440.0,2960.0,2820.0,22650.0
2025-05-23,9675.0,4350.0,5425.0,4510.0,2690.0,2170.0,4740.0,21950.0,1785.0,10825.0,7850.0,1460.0,3130.0,2840.0,22500.0
2025-05-26,9625.0,4320.0,5475.0,4500.0,2800.0,2170.0,4730.0,21725.0,1765.0,11025.0,7850.0,1520.0,3110.0,2830.0,22400.0
2025-05-27,9450.0,4370.0,5400.0,4530.0,2830.0,2180.0,4700.0,21900.0,1740.0,11125.0,7875.0,1570.0,3030.0,2850.0,22525.0
2025-05-28,9400.0,4450.0,5300.0,4490.0,2820.0,2200.0,4850.0,22450.0,1730.0,10900.0,7875.0,1515.0,3110.0,2890.0,22575.0
2025-06-02,9100.0,4200.0,5075.0,4370.0,2780.0,2180.0,4780.0,21900.0,1730.0,10800.0,7675.0,1560.0,3320.0,2860.0,22225.0
2025-06-03,9050.0,4200.0,5050.0,4370.0,2800.0,2160.0,4700.0,21400.0,1690.0,10625.0,7825.0,1550.0,3360.0,2860.0,22200.0
2025-06-04,8975.0,4080.0,5025.0,4300.0,2820.0,2190.0,4610.0,21400.0,1645.0,10825.0,8225.0,1600.0,3550.0,2850.0,22300.0
2025-06-05,8925.0,4100.0,5075.0,4420.0,2840.0,2200.0,4610.0,21425.0,1625.0,10700.0,8150.0,1600.0,3450.0,2870.0,22200.0
2025-06-10,9100.0,4150.0,5250.0,4520.0,2910.0,2180.0,4600.0,21475.0,1620.0,10650.0,8200.0,1580.0,3260.0,2960.0,22450.0
2025-06-11,9050.0,4070.0,5200.0,4540.0,2800.0,2220.0,4610.0,21625.0,1615.0,10700.0,8500.0,1540.0,3280.0,3010.0,22600.0
2025-06-12,9125.0,4070.0,5175.0,4540.0,2780.0,2190.0,4560.0,21625.0,1625.0,10675.0,8225.0,1535.0,3170.0,2980.0,22675.0
2025-06-13,9025.0,4000.0,5150.0,4540.0,2740.0,2190.0,4570.0,21975.0,1560.0,10600.0,8325.0,1530.0,3300.0,2970.0,22950.0
2025-06-16,8925.0,3990.0,5150.0,4400.0,2740.0,2220.0,4610.0,22100.0,1500.0,10575.0,8225.0,1530.0,3280.0,3010.0,23600.0
2025-06-17,9075.0,3960.0,5100.0,4360.0,2760.0,2240.0,4600.0,21850.0,1480.0,10625.0,8200.0,1595.0,3470.0,3030.0,23425.0
2025-06-18,8900.0,3940.0,5075.0,4300.0,2770.0,2220.0,4590.0,21800.0,1470.0,10650.0,8125.0,1550.0,3550.0,3020.0,23575.0
2025-06-19,8775.0,3800.0,4970.0,4130.0,2690.0,2230.0,4530.0,21450.0,1450.0,10450.0,8050.0,1515.0,3330.0,2990.0,22775.0
2025-06-20,8700.0,3790.0,4930.0,4110.0,2640.0,2240.0,4490.0,21450.0,1380.0,10425.0,8050.0,1500.0,3200.0,2950.0,22375.0
2025-06-23,8625.0,3720.0,4920.0,4060.0,2580.0,2250.0,4430.0,20900.0,1365.0,9950.0,7925.0,1430.0,3190.0,2510.0,22325.0
2025-06-24,8775.0,3780.0,5025.0,4140.0,2590.0,2220.0,4470.0,21175.0,1445.0,10225.0,7925.0,1495.0,3090.0,2440.0,22200.0
2025-06-25,8600.0,3760.0,4880.0,4110.0,2620.0,2250.0,4470.0,21100.0,1455.0,10225.0,8050.0,1540.0,2930.0,2420.0,22100.0
2025-06-26,8650.0,3830.0,5025.0,4120.0,2710.0,2240.0,4450.0,21100.0,1460.0,10150.0,8050.0,1515.0,2940.0,2400.0,22025.0
2025-06-30,8675.0,3740.0,4880.0,4120.0,2780.0,2250.0,4500.0,21450.0,1450.0,10500.0,8125.0,1525.0,3040.0,2460.0,22000.0
2025-07-01,8700.0,3700.0,4750.0,4010.0,2810.0,2310.0,4450.0,21475.0,1470.0,10625.0,8200.0,1520.0,3070.0,2460.0,22075.0
2025-07-02,8675.0,3680.0,4770.0,4020.0,2780.0,2280.0,4540.0,21300.0,1470.0,10500.0,7975.0,1510.0,2990.0,2440.0,22275.0
2025-07-03,8600.0,3680.0,4740.0,3970.0,2710.0,2300.0,4570.0,21500.0,1595.0,10750.0,8100.0,1560.0,3120.0,2420.0,22075.0
2025-07-04,8650.0,3670.0,4740.0,4000.0,2630.0,2300.0,4620.0,21550.0,1545.0,10650.0,8100.0,1515.0,3000.0,2430.0,22100.0
2025-07-07,8625.0,3700.0,4740.0,4000.0,2700.0,2290.0,4680.0,21450.0,1560.0,10500.0,8100.0,1500.0,2910.0,2440.0,22100.0
2025-07-08,8500.0,3670.0,4720.0,3970.0,2650.0,2260.0,4660.0,21600.0,1520.0,10500.0,8025.0,1500.0,2930.0,2400.0,22025.0
2025-07-09,8500.0,3680.0,4710.0,4000.0,2670.0,2290.0,4720.0,21975.0,1515.0,10525.0,8175.0,1510.0,2920.0,2390.0,22050.0
2025-07-10,8600.0,3870.0,4820.0,4110.0,2690.0,2300.0,4680.0,22200.0,1580.0,10450.0,8150.0,1505.0,2990.0,2430.0,22275.0
2025-07-11,8625.0,3880.0,4970.0,4180.0,2730.0,2290.0,4710.0,22400.0,1575.0,10325.0,8250.0,1595.0,2990.0,2480.0,22500.0
2025-07-14,8525.0,3780.0,4690.0,4040.0,2690.0,2320.0,4700.0,22575.0,1575.0,10400.0,8350.0,1560.0,3030.0,2490.0,22450.0
2025-07-15,8550.0,3880.0,4700.0,4050.0,2640.0,2490.0,4700.0,22600.0,1570.0,10400.0,8325.0,1530.0,3000.0,2470.0,22400.0
2025-07-16,8525.0,3880.0,4690.0,4130.0,2650.0,2570.0,4750.0,22575.0,1560.0,10350.0,8275.0,1510.0,2990.0,2460.0,22475.0
2025-07-17,8525.0,3890.0,4720.0,4110.0,2770.0,2670.0,4790.0,22600.0,1575.0,10350.0,8225.0,1505.0,3010.0,2440.0,22450.0
2025-07-18,8425.0,3860.0,4740.0,4120.0,2770.0,2630.0,4750.0,22475.0,1510.0,10400.0,8225.0,1510.0,2970.0,2450.0,22525.0
2025-07-21,8450.0,3830.0,4680.0,4070.0,2800.0,2610.0,4760.0,22950.0,1550.0,10500.0,8300.0,1505.0,3190.0,2420.0,22550.0
2025-07-22,8400.0,3840.0,4660.0,4050.0,2850.0,2570.0,4690.0,23050.0,1570.0,10350.0,8225.0,1460.0,2960.0,2420.0,22800.0
2025-07-23,8425.0,3800.0,4680.0,4100.0,2850.0,2580.0,4950.0,24000.0,1570.0,10450.0,8350.0,1495.0,3040.0,2440.0,22925.0
2025-07-24,8500.0,3950.0,4800.0,4220.0,2840.0,2610.0,5050.0,24225.0,1585.0,10350.0,8350.0,1510.0,3030.0,2470.0,23100.0
2025-07-25,8450.0,3880.0,4690.0,4090.0,2820.0,2550.0,5000.0,23850.0,1545.0,10550.0,8400.0,1485.0,2970.0,2450.0,22950.0
2025-07-28,8500.0,3940.0,4700.0,4210.0,2860.0,2520.0,5100.0,24175.0,1555.0,10225.0,8375.0,1475.0,2970.0,2460.0,23250.0
2025-07-29,8400.0,3920.0,4710.0,4150.0,2880.0,2550.0,5100.0,24150.0,1555.0,10000.0,8300.0,1490.0,3000.0,2460.0,23225.0
2025-07-30,8375.0,3780.0,4620.0,4120.0,2880.0,2510.0,5150.0,24375.0,1530.0,9925.0,8375.0,1485.0,2990.0,2450.0,23450.0
2025-07-31,8275.0,3710.0,4510.0,4010.0,2880.0,2520.0,5100.0,24150.0,1710.0,9800.0,8525.0,1430.0,2850.0,2420.0,23000.0
2025-08-01,8300.0,3740.0,4530.0,4010.0,2980.0,2570.0,5000.0,24025.0,1770.0,9900.0,8475.0,1430.0,2880.0,2420.0,22925.0
2025-08-04,8275.0,3710.0,4620.0,4010.0,3030.0,2620.0,5025.0,24500.0,1760.0,9550.0,8375.0,1415.0,2910.0,2400.0,23100.0
2025-08-05,8425.0,3740.0,4750.0,4220.0,3030.0,2580.0,5025.0,24350.0,1800.0,9575.0,8325.0,1415.0,2940.0,2400.0,23025.0
2025-08-06,8300.0,3710.0,4700.0,4100.0,2990.0,2580.0,4900.0,24050.0,1735.0,9550.0,8200.0,1395.0,3080.0,2420.0,23075.0
2025-08-07,8300.0,3710.0,4680.0,4120.0,2950.0,2530.0,4960.0,24100.0,1765.0,9500.0,8200.0,1380.0,3150.0,2400.0,23125.0
2025-08-08,8300.0,3700.0,4670.0,4070.0,2940.0,2640.0,4920.0,24150.0,1750.0,9350.0,8150.0,1375.0,3090.0,2400.0,23350.0
2025-08-11,8550.0,3810.0,4720.0,4200.0,2990.0,2700.0,4900.0,24275.0,1760.0,9550.0,8075.0,1370.0,2940.0,2410.0,23700.0
2025-08-12,8850.0,4050.0,4910.0,4360.0,3180.0,2850.0,4990.0,24200.0,1790.0,9550.0,8050.0,1380.0,2900.0,2440.0,22550.0
2025-08-13,8925.0,4080.0,4870.0,4370.0,3360.0,2910.0,5175.0,24000.0,1785.0,9475.0,8025.0,1400.0,2910.0,2450.0,22475.0
2025-08-14,8775.0,4060.0,4850.0,4390.0,3420.0,2960.0,5100.0,24175.0,1830.0,9725.0,8150.0,1435.0,2890.0,2420.0,22400.0
2025-08-15,8700.0,4120.0,4850.0,4370.0,3310.0,2920.0,5025.0,24000.0,1750.0,9900.0,8050.0,1385.0,2900.0,2420.0,22250.0
2025-08-19,8500.0,4040.0,4800.0,4330.0,3250.0,2960.0,5525.0,23675.0,1830.0,9775.0,7925.0,1365.0,2810.0,2400.0,22050.0
2025-08-20,8525.0,4150.0,4950.0,4430.0,3220.0,2950.0,5525.0,24400.0,1805.0,9650.0,7975.0,1400.0,2840.0,2430.0,22275.0
2025-08-21,8550.0,4150.0,4900.0,4490.0,3250.0,2930.0,5625.0,25800.0,1815.0,9550.0,7925.0,1410.0,2830.0,2430.0,22275.0
2025-08-22,8450.0,4100.0,4890.0,4390.0,3240.0,2930.0,5700.0,25800.0,1770.0,9575.0,7850.0,1355.0,2820.0,2420.0,22300.0
2025-08-25,8475.0,4210.0,4950.0,4450.0,3310.0,2930.0,5750.0,25225.0,1775.0,9500.0,7700.0,1300.0,2870.0,2420.0,22400.0
2025-08-26,8250.0,4170.0,4900.0,4540.0,3260.0,2960.0,5625.0,24600.0,1790.0,9375.0,7800.0,1290.0,2880.0,2500.0,22375.0
2025-08-27,8300.0,4130.0,4800.0,4450.0,3170.0,2760.0,5500.0,25000.0,1755.0,9325.0,7600.0,1290.0,2960.0,2450.0,22400.0
2025-08-28,8325.0,4140.0,4770.0,4460.0,3180.0,2770.0,5575.0,24675.0,1750.0,9300.0,7600.0,1270.0,2980.0,2430.0,22425.0
2025-08-29,8075.0,4050.0,4730.0,4380.0,3130.0,2750.0,5500.0,24400.0,1700.0,8975.0,7450.0,1215.0,3040.0,2400.0,22125.0
2025-09-01,8000.0,3980.0,4600.0,4320.0,3110.0,2720.0,5450.0,24475.0,1700.0,9200.0,7400.0,1175.0,3200.0,2400.0,22200.0
2025-09-02,8000.0,3960.0,4570.0,4310.0,3070.0,2770.0,5475.0,25900.0,1700.0,9200.0,7500.0,1160.0,3470.0,2420.0,22350.0
2025-09-03,7975.0,4030.0,4620.0,4410.0,3110.0,2750.0,5500.0,25600.0,1710.0,9300.0,7700.0,1180.0,3480.0,2420.0,22275.0
2025-09-04,8000.0,4000.0,4680.0,4370.0,3150.0,2740.0,5500.0,25350.0,1705.0,9250.0,7525.0,1180.0,3390.0,2410.0,22350.0
2025-09-08,7700.0,3900.0,4490.0,4180.0,3090.0,2680.0,5425.0,26450.0,1695.0,9375.0,7425.0,1150.0,3610.0,2410.0,22275.0
2025-09-09,7525.0,3790.0,4310.0,4080.0,3050.0,2590.0,5525.0,27200.0,1655.0,9225.0,7350.0,1140.0,3660.0,2400.0,22250.0
2025-09-10,7800.0,3880.0,4400.0,4100.0,3150.0,2600.0,5475.0,26350.0,1700.0,9225.0,7425.0,1160.0,3510.0,2380.0,22200.0
2025-09-11,7850.0,4080.0,4480.0,4420.0,3080.0,2590.0,5550.0,26525.0,1720.0,9300.0,7475.0,1200.0,3390.0,2370.0,22325.0
2025-09-12,7925.0,4180.0,4520.0,4520.0,3100.0,2590.0,5675.0,26475.0,1695.0,9250.0,7550.0,1180.0,3490.0,2390.0,22325.0
2025-09-15,8025.0,4140.0,4530.0,4410.0,3260.0,2590.0,5625.0,26300.0,1690.0,9225.0,7650.0,1175.0,3490.0,2380.0,22450.0
2025-09-16,7925.0,4130.0,4480.0,4370.0,3300.0,2650.0,5650.0,26700.0,1740.0,9300.0,7650.0,1190.0,3600.0,2380.0,22350.0
2025-09-17,7850.0,4220.0,4510.0,4450.0,3340.0,2760.0,5700.0,27000.0,1735.0,9500.0,7775.0,1190.0,3460.0,2380.0,22575.0
2025-09-18,7700.0,4250.0,4420.0,4340.0,3250.0,2810.0,5575.0,26400.0,1710.0,9425.0,7650.0,1160.0,3420.0,2360.0,22675.0
2025-09-19,7800.0,4250.0,4380.0,4270.0,3230.0,2800.0,5725.0,26750.0,1715.0,9700.0,7825.0,1180.0,3450.0,2380.0,23100.0
2025-09-22,7725.0,4160.0,4420.0,4210.0,3220.0,2730.0,5700.0,26750.0,1715.0,9625.0,7850.0,1180.0,3580.0,2370.0,23100.0
2025-09-23,7875.0,4140.0,4410.0,4200.0,3190.0,2700.0,5900.0,27200.0,1775.0,9700.0,7775.0,1190.0,3670.0,2380.0,22975.0
2025-09-24,7775.0,4170.0,4390.0,4190.0,3160.0,2730.0,5900.0,26650.0,1735.0,9550.0,7875.0,1165.0,3470.0,2380.0,22825.0
2025-09-25,7700.0,4070.0,4360.0,4190.0,3120.0,2700.0,5775.0,26675.0,1735.0,9800.0,7750.0,1145.0,3170.0,2350.0,22675.0
2025-09-26,7625.0,4040.0,4420.0,4180.0,3110.0,2720.0,5875.0,26350.0,1830.0,10000.0,7650.0,1165.0,3210.0,2350.0,22750.0
2025-09-29,7775.0,3980.0,4400.0,4170.0,3080.0,2710.0,5775.0,26925.0,1760.0,9650.0,7575.0,1120.0,3300.0,2330.0,22825.0
2025-09-30,7625.0,3900.0,4400.0,4100.0,3060.0,2660.0,5775.0,26775.0,1780.0,9475.0,7225.0,1130.0,3160.0,2350.0,22875.0
2025-10-01,7500.0,3810.0,4380.0,4050.0,3060.0,2610.0,5675.0,26050.0,1780.0,9325.0,7100.0,1100.0,3210.0,2330.0,22525.0
2025-10-02,7500.0,3710.0,4360.0,4040.0,3130.0,2510.0,5700.0,26150.0,1790.0,9500.0,7025.0,1100.0,3110.0,2310.0,22600.0
2025-10-03,7525.0,3690.0,4310.0,4040.0,3070.0,2630.0,5825.0,26500.0,1835.0,9550.0,7150.0,1080.0,3200.0,2320.0,22700.0
2025-10-06,7500.0,3660.0,4260.0,4000.0,3010.0,2630.0,5825.0,26400.0,1860.0,9500.0,7100.0,1070.0,3190.0,2310.0,22500.0
2025-10-07,7575.0,3710.0,4290.0,3990.0,3010.0,2620.0,5750.0,25600.0,1830.0,9200.0,7225.0,1060.0,3140.0,2270.0,22425.0
2025-10-08,7375.0,3720.0,4250.0,3940.0,2990.0,2650.0,5725.0,25175.0,1855.0,9200.0,7250.0,1060.0,3330.0,2270.0,22150.0
2025-10-09,7550.0,3860.0,4390.0,4100.0,3010.0,2580.0,5925.0,25850.0,1915.0,9100.0,7150.0,1085.0,3220.0,2340.0,22450.0
2025-10-10,7400.0,3730.0,4250.0,3970.0,3040.0,2700.0,5900.0,25600.0,1900.0,8850.0,7200.0,1085.0,3310.0,2380.0,22775.0
2025-10-13,7325.0,3660.0,4230.0,3900.0,3020.0,2600.0,5800.0,26000.0,1850.0,8800.0,7200.0,1085.0,3370.0,2340.0,22600.0
2025-10-14,7250.0,3550.0,4090.0,3800.0,2960.0,2540.0,5825.0,25525.0,1800.0,8475.0,7050.0,1055.0,3350.0,2300.0,22300.0
2025-10-15,7250.0,3500.0,4050.0,3770.0,3080.0,2470.0,5775.0,25950.0,1835.0,8675.0,6900.0,1085.0,3400.0,2170.0,22000.0
2025-10-16,7300.0,3530.0,4090.0,3850.0,2950.0,2510.0,5750.0,25975.0,1985.0,9250.0,7075.0,1190.0,3430.0,2210.0,22375.0
2025-10-17,7500.0,3500.0,4050.0,3800.0,2880.0,2420.0,5625.0,26950.0,1900.0,9400.0,7125.0,1190.0,3450.0,2210.0,22225.0
2025-10-20,7875.0,3680.0,4300.0,4040.0,2940.0,2420.0,5925.0,26600.0,2080.0,9375.0,7250.0,1200.0,3270.0,2270.0,22450.0
2025-10-21,8475.0,3760.0,4350.0,4050.0,3280.0,2500.0,6000.0,26950.0,2050.0,9275.0,7275.0,1220.0,3290.0,2340.0,22550.0
2025-10-22,8200.0,3700.0,4330.0,4030.0,3150.0,2420.0,6175.0,26875.0,2070.0,8900.0,7175.0,1180.0,3170.0,2290.0,22550.0
2025-10-23,8325.0,3820.0,4430.0,4240.0,3360.0,2610.0,6325.0,27300.0,2260.0,8825.0,7375.0,1185.0,3190.0,2320.0,22675.0
2025-10-24,8275.0,3850.0,4550.0,4370.0,3290.0,2590.0,6575.0,27125.0,2530.0,8800.0,7300.0,1225.0,3130.0,2350.0,22700.0
2025-10-27,8350.0,3860.0,4470.0,4370.0,3330.0,2450.0,6600.0,27900.0,2710.0,8850.0,7450.0,1275.0,3150.0,2340.0,22725.0
2025-10-28,8275.0,3850.0,4510.0,4370.0,3400.0,2430.0,6325.0,27625.0,2490.0,8775.0,7500.0,1330.0,3100.0,2350.0,22800.0
2025-10-29,8600.0,3890.0,4650.0,4440.0,3290.0,2550.0,6475.0,27625.0,2580.0,8700.0,7425.0,1325.0,3200.0,2370.0,22975.0
2025-10-30,8525.0,3910.0,4800.0,4410.0,3250.0,2630.0,6275.0,27975.0,2560.0,8800.0,7400.0,1315.0,3120.0,2430.0,23500.0
2025-10-31,8525.0,3980.0,4720.0,4380.0,3210.0,2610.0,6150.0,26900.0,2580.0,8700.0,7400.0,1275.0,3100.0,2400.0,23500.0
2025-11-03,8650.0,4040.0,4760.0,4430.0,3350.0,2690.0,6350.0,27275.0,2670.0,8500.0,7200.0,1250.0,3110.0,2400.0,23025.0
2025-11-04,8650.0,3970.0,4730.0,4450.0,3500.0,2730.0,6300.0,27200.0,2690.0,8475.0,7075.0,1225.0,2960.0,2400.0,23200.0
2025-11-05,8700.0,3980.0,4770.0,4460.0,3540.0,2700.0,6250.0,27000.0,2690.0,8700.0,7125.0,1320.0,2980.0,2380.0,23600.0
2025-11-06,8550.0,4000.0,4750.0,4440.0,3480.0,2740.0,6325.0,27375.0,2620.0,8575.0,7025.0,1250.0,2930.0,2400.0,23400.0
2025-11-07,8675.0,3980.0,4750.0,4500.0,3470.0,2740.0,6425.0,27500.0,2530.0,8600.0,7125.0,1265.0,2900.0,2390.0,23400.0
2025-11-10,8575.0,3930.0,4730.0,4420.0,3440.0,2750.0,6425.0,27875.0,2530.0,8650.0,7100.0,1270.0,2910.0,2390.0,23350.0
2025-11-11,8400.0,3890.0,4680.0,4420.0,3520.0,2750.0,6525.0,27950.0,2490.0,8550.0,7050.0,1285.0,2880.0,2390.0,23200.0
2025-11-12,8500.0,3900.0,4760.0,4460.0,3560.0,2750.0,6450.0,28300.0,2550.0,8525.0,7175.0,1265.0,2880.0,2380.0,23100.0
2025-11-13,8375.0,3870.0,4700.0,4420.0,3500.0,2750.0,6375.0,28250.0,2490.0,8475.0,7150.0,1285.0,2890.0,2360.0,22650.0
2025-11-14,8425.0,3900.0,4750.0,4390.0,3550.0,2720.0,6400.0,28050.0,2510.0,8425.0,7100.0,1235.0,3040.0,2340.0,22425.0
2025-11-17,8575.0,3940.0,4820.0,4390.0,3610.0,2730.0,6450.0,28025.0,2590.0,8375.0,7100.0,1225.0,3060.0,2350.0,22400.0
2025-11-18,8400.0,3970.0,4790.0,4460.0,3620.0,2710.0,6425.0,27250.0,2510.0,8325.0,7000.0,1180.0,3010.0,2310.0,22100.0
2025-11-19,8475.0,4000.0,4850.0,4460.0,3650.0,2750.0,6400.0,27300.0,2580.0,8400.0,7025.0,1230.0,3000.0,2320.0,22150.0
2025-11-20,8425.0,3990.0,4940.0,4460.0,3640.0,2760.0,6425.0,27000.0,2600.0,8325.0,7075.0,1210.0,2980.0,2330.0,22100.0
2025-11-21,8400.0,3960.0,4950.0,4390.0,3500.0,2730.0,6425.0,27025.0,2540.0,8350.0,7125.0,1210.0,2910.0,2320.0,22125.0
2025-11-24,8475.0,3980.0,5100.0,4390.0,3700.0,2760.0,6475.0,27300.0,2670.0,8350.0,7450.0,1170.0,2930.0,2330.0,22250.0
2025-11-25,8500.0,3830.0,5025.0,4420.0,3650.0,2750.0,6450.0,27375.0,2630.0,8575.0,7250.0,1230.0,3000.0,2310.0,22100.0
2025-11-26,8425.0,3790.0,5025.0,4410.0,3720.0,2860.0,6600.0,27800.0,2600.0,8600.0,7425.0,1255.0,3030.0,2320.0,22050.0
2025-11-27,8325.0,3740.0,4860.0,4350.0,3570.0,2840.0,6575.0,28350.0,2600.0,8550.0,7375.0,1225.0,3000.0,2300.0,22000.0
2025-11-28,8275.0,3680.0,4830.0,4260.0,3510.0,2890.0,6550.0,28000.0,2600.0,8450.0,7350.0,1200.0,2910.0,2310.0,22050.0
2025-12-01,8400.0,3670.0,4860.0,4310.0,3650.0,2860.0,6375.0,27975.0,2620.0,8400.0,7350.0,1205.0,2990.0,2290.0,21900.0
2025-12-02,8375.0,3710.0,4850.0,4270.0,3560.0,2810.0,6625.0,28525.0,2650.0,8100.0,7200.0,1140.0,2980.0,2310.0,22000.0
2025-12-03,8300.0,3660.0,4880.0,4260.0,3580.0,2790.0,6600.0,28700.0,2770.0,8125.0,7050.0,1175.0,2920.0,2310.0,21975.0
2025-12-04,8225.0,3690.0,4920.0,4310.0,3630.0,2890.0,6725.0,30675.0,2770.0,8200.0,7025.0,1190.0,2900.0,2300.0,21950.0
2025-12-05,8300.0,3650.0,4900.0,4290.0,3700.0,3200.0,6700.0,30850.0,2710.0,8050.0,7100.0,1160.0,2910.0,2300.0,22000.0
2025-12-08,8300.0,3670.0,4950.0,4310.0,3630.0,3300.0,6725.0,29350.0,2620.0,8075.0,6975.0,1190.0,2970.0,2300.0,22000.0
2025-12-09,8100.0,3680.0,4890.0,4320.0,3570.0,3440.0,6600.0,29500.0,2670.0,8000.0,6850.0,1170.0,2920.0,2290.0,21925.0
2025-12-10,8075.0,3660.0,4970.0,4310.0,3640.0,3710.0,6625.0,30000.0,2730.0,8025.0,6900.0,1175.0,2930.0,2290.0,21900.0
2025-12-11,8000.0,3620.0,4950.0,4230.0,3570.0,3700.0,6450.0,29425.0,2640.0,8025.0,6575.0,1135.0,2890.0,2260.0,21750.0
2025-12-12,8000.0,3630.0,4820.0,4240.0,3550.0,3790.0,6600.0,28875.0,2630.0,8075.0,6775.0,1160.0,3050.0,2260.0,21725.0
2025-12-15,8300.0,3780.0,4990.0,4440.0,3470.0,3710.0,6600.0,28350.0,2580.0,8300.0,6775.0,1220.0,3030.0,2260.0,21550.0
2025-12-16,8075.0,3690.0,5000.0,4400.0,3520.0,3700.0,6600.0,28150.0,2710.0,8350.0,6775.0,1200.0,2970.0,2280.0,21150.0
2025-12-17,8025.0,3750.0,5025.0,4370.0,3500.0,3850.0,6600.0,28050.0,2630.0,8325.0,6775.0,1225.0,3020.0,2270.0,21400.0
2025-12-18,8175.0,3780.0,5150.0,4380.0,3460.0,3690.0,6500.0,28975.0,2650.0,8250.0,6875.0,1225.0,3110.0,2260.0,21325.0
2025-12-19,8050.0,3770.0,5175.0,4340.0,3410.0,3900.0,6525.0,29800.0,2770.0,8425.0,6750.0,1200.0,3070.0,2270.0,21575.0
2025-12-22,8175.0,3760.0,5100.0,4330.0,3470.0,3760.0,6575.0,29975.0,2700.0,8350.0,6850.0,1225.0,3190.0,2280.0,21550.0
2025-12-23,8025.0,3770.0,5050.0,4290.0,3470.0,3740.0,6500.0,29800.0,2610.0,8250.0,6800.0,1215.0,3190.0,2280.0,21875.0
2025-12-24,8025.0,3770.0,5050.0,4270.0,3460.0,3750.0,6625.0,29650.0,2600.0,8250.0,6800.0,1210.0,3220.0,2280.0,22000.0
2025-12-29,8025.0,3780.0,5075.0,4260.0,3490.0,3830.0,6675.0,29600.0,2600.0,8300.0,6775.0,1230.0,3300.0,2320.0,21975.0
2025-12-30,8075.0,3660.0,5100.0,4370.0,3480.0,3750.0,6700.0,29500.0,2600.0,8200.0,6775.0,1205.0,3150.0,2310.0,21875.0
2026-01-02,8025.0,3640.0,5075.0,4260.0,3470.0,3750.0,6800.0,30100.0,2620.0,8075.0,6675.0,1205.0,3210.0,2320.0,22025.0
2026-01-05,8075.0,3630.0,5050.0,4230.0,3580.0,3820.0,6875.0,30800.0,2580.0,8100.0,6850.0,1225.0,3390.0,2340.0,21925.0
2026-01-06,8175.0,3680.0,4880.0,4240.0,3520.0,3800.0,6900.0,31275.0,2610.0,8100.0,7000.0,1195.0,3450.0,2370.0,21975.0
2026-01-07,8150.0,3700.0,4810.0,4200.0,3540.0,4000.0,7025.0,31500.0,2600.0,8050.0,6725.0,1195.0,3850.0,2420.0,22025.0
2026-01-08,8050.0,3710.0,4810.0,4210.0,3530.0,4300.0,7000.0,31650.0,2620.0,8025.0,6625.0,1190.0,3490.0,2390.0,22000.0
2026-01-09,8125.0,3680.0,4760.0,4180.0,3450.0,4260.0,6875.0,31500.0,2620.0,8000.0,6600.0,1185.0,3630.0,2390.0,21925.0
2026-01-12,8025.0,3700.0,4770.0,4220.0,3520.0,4010.0,7000.0,31350.0,2600.0,7900.0,6600.0,1220.0,3830.0,2380.0,21850.0
2026-01-13,8075.0,3720.0,4820.0,4340.0,3620.0,3910.0,7300.0,31450.0,2600.0,7975.0,6700.0,1230.0,3880.0,2420.0,22000.0
2026-01-14,8000.0,3720.0,4840.0,4360.0,3650.0,4110.0,7125.0,31500.0,2580.0,7950.0,6725.0,1230.0,4090.0,2440.0,22150.0
2026-01-15,8075.0,3820.0,4990.0,4540.0,3660.0,4010.0,7050.0,31050.0,2450.0,8050.0,6750.0,1205.0,4050.0,2450.0,22275.0
2026-01-19,8125.0,3840.0,5000.0,4620.0,3620.0,3940.0,7400.0,31500.0,2330.0,8100.0,6825.0,1215.0,4000.0,2460.0,22325.0
2026-01-20,8000.0,3850.0,5025.0,4570.0,3600.0,4270.0,7275.0,31975.0,2320.0,8125.0,6700.0,1190.0,4120.0,2470.0,22400.0
2026-01-21,7700.0,3820.0,4990.0,4590.0,3600.0,4150.0,6600.0,27200.0,2290.0,8100.0,6700.0,1200.0,4270.0,2480.0,22300.0
2026-01-22,7650.0,3810.0,4980.0,4590.0,3740.0,4310.0,6775.0,27450.0,2280.0,8325.0,6750.0,1225.0,4220.0,2530.0,22725.0
2026-01-23,7650.0,3850.0,4990.0,4600.0,3770.0,4360.0,6825.0,27275.0,2250.0,8275.0,6825.0,1220.0,4290.0,2560.0,22500.0
2026-01-26,7650.0,3850.0,4910.0,4530.0,3850.0,4360.0,6875.0,27275.0,2150.0,8400.0,6800.0,1180.0,4760.0,2590.0,22650.0
2026-01-27,7500.0,3820.0,4810.0,4500.0,3940.0,4490.0,6300.0,25675.0,2060.0,8225.0,6700.0,1135.0,4610.0,2590.0,22200.0
2026-01-28,7025.0,3590.0,4560.0,4440.0,3470.0,3820.0,6175.0,24950.0,1980.0,7775.0,6850.0,1100.0,4420.0,2450.0,21925.0
2026-01-29,7200.0,3780.0,4630.0,4420.0,3450.0,3250.0,6475.0,24400.0,1860.0,7675.0,6775.0,1085.0,4320.0,2440.0,22200.0
2026-01-30,7400.0,3810.0,4820.0,4490.0,3600.0,3300.0,6350.0,26050.0,1925.0,7950.0,6800.0,1145.0,4210.0,2480.0,21950.0
2026-02-02,7600.0,3830.0,4800.0,4500.0,3500.0,2910.0,6275.0,24450.0,2030.0,8375.0,7025.0,1140.0,3810.0,2540.0,21900.0
2026-02-03,7650.0,3800.0,4830.0,4590.0,3450.0,3130.0,6800.0,26175.0,2010.0,8575.0,7200.0,1150.0,3930.0,2520.0,22025.0
2026-02-04,7800.0,3870.0,5000.0,4630.0,3330.0,3100.0,6675.0,27850.0,2050.0,8300.0,7050.0,1140.0,3990.0,2550.0,22050.0
2026-02-05,7800.0,3850.0,5050.0,4570.0,3290.0,2920.0,6950.0,27400.0,2210.0,8300.0,7000.0,1115.0,3810.0,2590.0,22125.0
2026-02-06,7675.0,3780.0,5050.0,4530.0,3380.0,2890.0,6700.0,26400.0,2300.0,8075.0,6850.0,1120.0,3710.0,2550.0,21950.0
2026-02-09,7500.0,3770.0,5000.0,4520.0,3350.0,2930.0,6650.0,27000.0,2300.0,8075.0,6825.0,1105.0,3890.0,2580.0,22025.0
2026-02-10,7475.0,3780.0,5100.0,4510.0,3400.0,2900.0,6850.0,27475.0,2300.0,8125.0,6900.0,1110.0,3890.0,2580.0,22100.0
2026-02-11,7450.0,3800.0,5025.0,4480.0,3530.0,3010.0,6750.0,28450.0,2260.0,8175.0,6700.0,1105.0,3990.0,2550.0,22250.0
2026-02-12,7325.0,3790.0,5075.0,4510.0,3560.0,3010.0,6775.0,28750.0,2300.0,8200.0,6775.0,1100.0,4120.0,2550.0,22025.0
2026-02-13,7200.0,3780.0,5075.0,4480.0,3450.0,2850.0,6650.0,29400.0,2300.0,8200.0,6675.0,1080.0,4050.0,2550.0,22200.0
2026-02-18,7275.0,3830.0,5275.0,4490.0,3490.0,2890.0,6700.0,29975.0,2260.0,8200.0,6750.0,1080.0,4050.0,2620.0,22350.0
2026-02-19,7175.0,3770.0,5075.0,4450.0,3480.0,2860.0,6600.0,30275.0,2220.0,8125.0,6725.0,1080.0,4230.0,2640.0,22600.0
2026-02-20,7225.0,3840.0,5125.0,4470.0,3480.0,3120.0,6550.0,30725.0,2240.0,8025.0,6650.0,1055.0,4220.0,2620.0,22475.0
2026-02-23,7300.0,3900.0,5275.0,4500.0,3550.0,3280.0,6625.0,30725.0,2370.0,8150.0,6650.0,1080.0,4390.0,2630.0,22625.0
2026-02-24,7225.0,3870.0,5375.0,4450.0,3580.0,3170.0,6550.0,30800.0,2350.0,7950.0,6600.0,1060.0,4380.0,2590.0,22650.0
2026-02-25,7325.0,3970.0,5300.0,4500.0,3600.0,3360.0,6650.0,31500.0,2330.0,8025.0,6575.0,1115.0,4460.0,2630.0,22575.0
2026-02-26,7300.0,3950.0,5325.0,4460.0,3650.0,3180.0,6725.0,30400.0,2310.0,7900.0,6725.0,1075.0,4330.0,2610.0,22450.0
2026-02-27,7175.0,3910.0,5275.0,4400.0,3540.0,3170.0,6675.0,28600.0,2380.0,7850.0,6450.0,1100.0,4350.0,2600.0,22775.0
2026-03-02,7025.0,3820.0,5075.0,4300.0,3450.0,2960.0,6300.0,28700.0,2250.0,7600.0,6400.0,1050.0,4610.0,2750.0,23500.0
2026-03-03,7075.0,3770.0,5100.0,4300.0,3450.0,2930.0,6275.0,29450.0,2080.0,7700.0,6400.0,1035.0,4410.0,2920.0,25000.0
2026-03-04,6875.0,3690.0,4980.0,4150.0,3200.0,2820.0,6150.0,28900.0,1935.0,7475.0,6125.0,1015.0,4050.0,2860.0,25000.0
2026-03-05,7100.0,3750.0,5125.0,4280.0,3260.0,2870.0,6325.0,29625.0,1990.0,7475.0,6225.0,1040.0,4130.0,2970.0,25975.0
2026-03-06,7000.0,3670.0,4980.0,4270.0,3190.0,2760.0,6125.0,29700.0,1975.0,7450.0,6275.0,1025.0,4040.0,2980.0,26975.0
2026-03-09,6875.0,3570.0,4820.0,4290.0,3100.0,2580.0,5850.0,29575.0,1880.0,7125.0,6050.0,995.0,3820.0,2950.0,28300.0
2026-03-10,6975.0,3560.0,4910.0,4260.0,2960.0,2850.0,6000.0,29775.0,1945.0,7250.0,6000.0,1000.0,4020.0,2950.0,28025.0
2026-03-11,6825.0,3580.0,4880.0,4290.0,3000.0,2780.0,5950.0,29000.0,2000.0,7250.0,6025.0,1000.0,3970.0,2870.0,26250.0
2026-03-12,6900.0,3570.0,4960.0,4280.0,3020.0,2820.0,5950.0,29975.0,1890.0,7575.0,6050.0,1000.0,3890.0,2910.0,27725.0
2026-03-13,6875.0,3510.0,4750.0,4240.0,2970.0,2650.0,5825.0,29075.0,1870.0,7250.0,5900.0,965.0,3810.0,2910.0,27725.0
2026-03-16,6750.0,3480.0,4700.0,4320.0,2960.0,2560.0,5850.0,29475.0,1855.0,7075.0,5975.0,970.0,3640.0,2920.0,27825.0
2026-03-17,6775.0,3480.0,4730.0,4390.0,3050.0,2960.0,5800.0,30000.0,2000.0,7100.0,5975.0,985.0,3750.0,2910.0,28000.0
2026-03-25,6900.0,3540.0,4970.0,4040.0,3300.0,2920.0,6600.0,30775.0,1935.0,7250.0,6025.0,995.0,3620.0,3160.0,30050.0
2026-03-26,6875.0,3490.0,4840.0,4000.0,3170.0,2910.0,6250.0,30800.0,1940.0,7275.0,6075.0,985.0,3430.0,3130.0,29500.0
2026-03-27,6700.0,3420.0,4760.0,3900.0,3050.0,2830.0,6125.0,30600.0,1860.0,7100.0,5975.0,960.0,3500.0,3100.0,28825.0
2026-03-30,6450.0,3360.0,4700.0,3850.0,3040.0,2850.0,6350.0,31125.0,1835.0,7225.0,5950.0,940.0,3500.0,3150.0,30075.0
2026-03-31,6450.0,3330.0,4720.0,3760.0,3060.0,2950.0,6250.0,31050.0,1820.0,7350.0,6350.0,970.0,3500.0,3180.0,29725.0
2026-04-01,6500.0,3350.0,4720.0,3720.0,3150.0,3000.0,6250.0,30925.0,1910.0,7400.0,6575.0,980.0,3710.0,2980.0,27775.0
2026-04-02,6575.0,3320.0,4650.0,3700.0,3130.0,2900.0,6075.0,30750.0,1930.0,7375.0,6625.0,970.0,3640.0,2910.0,27325.0
2026-04-06,6500.0,3310.0,4610.0,3640.0,3160.0,2900.0,6100.0,30550.0,1915.0,7425.0,6575.0,960.0,3650.0,2980.0,26650.0
2026-04-07,6500.0,3230.0,4510.0,3510.0,3100.0,2830.0,5900.0,30000.0,1905.0,7325.0,6575.0,950.0,3470.0,2930.0,26650.0
2026-04-08,6750.0,3340.0,4670.0,3780.0,3160.0,3120.0,6200.0,31100.0,1955.0,7525.0,6650.0,985.0,3740.0,2860.0,26175.0
2026-04-09,6475.0,3280.0,4570.0,3710.0,3190.0,3090.0,6175.0,30025.0,1910.0,7450.0,6600.0,980.0,3750.0,2880.0,27125.0
2026-04-10,6700.0,3390.0,4670.0,3730.0,3210.0,3160.0,6300.0,31300.0,1920.0,7375.0,6700.0,985.0,3710.0,2890.0,27000.0
2026-04-13,6575.0,3370.0,4600.0,3680.0,3190.0,3110.0,6175.0,30875.0,1910.0,7225.0,6750.0,980.0,3750.0,2920.0,26650.0
2026-04-14,6750.0,3460.0,4710.0,3740.0,3120.0,3190.0,6150.0,31300.0,1910.0,7225.0,6825.0,980.0,3900.0,2930.0,27250.0
2026-04-15,6550.0,3400.0,4650.0,3670.0,3090.0,3190.0,6300.0,31475.0,1895.0,7200.0,6825.0,990.0,3940.0,2900.0,27425.0
2026-04-16,6525.0,3410.0,4640.0,3700.0,3120.0,3160.0,6200.0,31475.0,1860.0,7275.0,6975.0,975.0,4060.0,2870.0,26825.0
2026-04-17,6425.0,3430.0,4620.0,3710.0,3100.0,3280.0,6375.0,31700.0,1865.0,7300.0,6975.0,960.0,4070.0,2900.0,26575.0
2026-04-20,6475.0,3440.0,4620.0,3670.0,3100.0,3200.0,6350.0,31600.0,1820.0,7175.0,6925.0,935.0,4010.0,2870.0,26075.0
2026-04-21,6500.0,3270.0,4700.0,3730.0,3010.0,3210.0,6325.0,31975.0,1800.0,7150.0,7000.0,940.0,4030.0,2910.0,26250.0
2026-04-22,6450.0,3240.0,4750.0,3830.0,3000.0,3170.0,6600.0,32500.0,1765.0,7100.0,7025.0,940.0,4100.0,3000.0,26800.0
2026-04-23,6425.0,3160.0,4630.0,3870.0,2880.0,3140.0,6325.0,32500.0,1675.0,7075.0,6975.0,910.0,4020.0,2960.0,26750.0
2026-04-24,6050.0,3070.0,4500.0,3770.0,2810.0,3070.0,6325.0,31850.0,1575.0,6825.0,6900.0,875.0,4050.0,2900.0,26400.0
2026-04-27,5975.0,3050.0,4400.0,3720.0,2830.0,3140.0,6125.0,30675.0,1520.0,6900.0,6900.0,875.0,4120.0,2910.0,25450.0
2026-04-28,6000.0,3070.0,4430.0,3790.0,2820.0,3030.0,6025.0,30175.0,1485.0,6775.0,6825.0,885.0,4040.0,2890.0,25475.0
2026-04-29,5975.0,3070.0,4430.0,3800.0,2870.0,3000.0,6050.0,30425.0,1575.0,6725.0,6850.0,875.0,3880.0,2910.0,26200.0
2026-04-30,5850.0,2990.0,4390.0,3720.0,2810.0,2940.0,5975.0,29050.0,1535.0,6775.0,6750.0,865.0,3740.0,2870.0,26650.0
2026-05-04,5900.0,3040.0,4420.0,3840.0,2890.0,3030.0,6075.0,29100.0,1560.0,6800.0,6950.0,865.0,3800.0,2950.0,26800.0
2026-05-05,5950.0,3150.0,4490.0,3920.0,2880.0,3070.0,5875.0,28750.0,1640.0,6725.0,6950.0,850.0,3690.0,2950.0,26850.0
2026-05-06,5950.0,3160.0,4510.0,3830.0,2900.0,3110.0,5750.0,29350.0,1805.0,6800.0,7050.0,865.0,3800.0,2930.0,26175.0
2026-05-07,6225.0,3310.0,4640.0,3980.0,2930.0,3230.0,5850.0,29550.0,1835.0,7175.0,7125.0,900.0,3880.0,2880.0,25500.0
2026-05-08,6175.0,3260.0,4630.0,3860.0,2960.0,3050.0,5825.0,27400.0,1800.0,7050.0,6975.0,920.0,3630.0,2860.0,24300.0
2026-05-11,6150.0,3200.0,4250.0,3820.0,2960.0,3020.0,6050.0,27175.0,1785.0,7100.0,6925.0,890.0,3700.0,2870.0,24150.0
2026-05-12,6125.0,3220.0,4240.0,3910.0,2950.0,3100.0,5850.0,27175.0,1800.0,6950.0,6975.0,870.0,3570.0,2860.0,24100.0
2026-05-13,6100.0,3120.0,4200.0,3870.0,2960.0,3030.0,5750.0,26900.0,1785.0,6825.0,6825.0,850.0,3500.0,2830.0,23950.0
2026-05-14,6100.0,3120.0,4200.0,3870.0,2960.0,3030.0,5750.0,26900.0,1785.0,6825.0,6825.0,850.0,3500.0,2830.0,23950.0
2026-05-15,6100.0,3120.0,4200.0,3870.0,2960.0,3030.0,5750.0,26900.0,1785.0,6825.0,6825.0,850.0,3500.0,2830.0,23950.0
2026-05-18,6125.0,3060.0,4130.0,3800.0,3080.0,2940.0,6000.0,26475.0,1770.0,6800.0,6725.0,840.0,3160.0,2850.0,24950.0
2026-05-19,5950.0,3040.0,4130.0,3810.0,3080.0,2930.0,5950.0,25500.0,1755.0,6725.0,6650.0,835.0,3060.0,2650.0,23225.0
2026-05-20,5975.0,3040.0,4230.0,3800.0,3100.0,2910.0,5975.0,24850.0,1795.0,6750.0,6600.0,830.0,3100.0,2820.0,23525.0
2026-05-21,5950.0,3020.0,4170.0,3800.0,3000.0,2660.0,5600.0,24100.0,1750.0,6675.0,6750.0,810.0,2970.0,2710.0,22325.0
2026-05-22,5900.0,3050.0,4120.0,3780.0,2920.0,2750.0,5400.0,24050.0,1765.0,6825.0,6725.0,800.0,3090.0,2720.0,23175.0
2026-05-25,6100.0,3170.0,4220.0,3890.0,2930.0,2880.0,5600.0,24575.0,1770.0,7100.0,6950.0,810.0,3070.0,2800.0,22525.0
2026-05-26,5975.0,3070.0,4130.0,3840.0,3090.0,2770.0,5125.0,23800.0,1760.0,6875.0,6825.0,795.0,2960.0,2840.0,22725.0
2026-05-27,5975.0,3070.0,4130.0,3840.0,3090.0,2770.0,5125.0,23800.0,1760.0,6875.0,6825.0,795.0,2960.0,2840.0,22725.0
2026-05-28,5975.0,3070.0,4130.0,3840.0,3090.0,2770.0,5125.0,23800.0,1760.0,6875.0,6825.0,795.0,2960.0,2840.0,22725.0
2026-05-29,5700.0,2950.0,4080.0,3700.0,3030.0,2830.0,5000.0,22925.0,1710.0,7100.0,6925.0,770.0,2900.0,2780.0,22100.0
2026-06-02,5825.0,3040.0,4170.0,3760.0,2950.0,2880.0,4900.0,22500.0,1665.0,6800.0,6575.0,745.0,2960.0,2760.0,22000.0
2026-06-03,5525.0,2900.0,4050.0,3570.0,2850.0,2830.0,4840.0,22000.0,1600.0,6525.0,6250.0,730.0,2610.0,2620.0,22075.0
2026-06-04,5425.0,2810.0,3970.0,3420.0,2900.0,2670.0,4630.0,22000.0,1615.0,6625.0,6250.0,720.0,2760.0,2660.0,22075.0
2026-06-05,5075.0,2740.0,3840.0,3210.0,2760.0,2650.0,4570.0,21250.0,1570.0,6450.0,6050.0,695.0,2750.0,2590.0,21900.0
2026-06-08,4850.0,2590.0,3710.0,3010.0,2350.0,2440.0,4360.0,20875.0,1575.0,6000.0,5925.0,665.0,2530.0,2500.0,21875.0
2026-06-09,5150.0,2790.0,4090.0,3270.0,2620.0,2510.0,4670.0,21875.0,1605.0,6325.0,6200.0,705.0,2880.0,2640.0,21800.0
2026-06-10,5650.0,2880.0,4260.0,3450.0,2810.0,2540.0,4700.0,22000.0,1600.0,6250.0,6250.0,705.0,2750.0,2740.0,22000.0
2026-06-11,5825.0,2850.0,4250.0,3500.0,2870.0,2610.0,4700.0,21750.0,1635.0,6250.0,6225.0,725.0,2720.0,2630.0,22350.0
2026-06-12,5925.0,2850.0,4200.0,3560.0,2860.0,2570.0,4740.0,22500.0,1665.0,6350.0,6425.0,740.0,2850.0,2620.0,23475.0
2026-06-15,6275.0,2990.0,4500.0,3800.0,2930.0,2550.0,4890.0,22750.0,1660.0,6600.0,6650.0,740.0,3130.0,2620.0,23375.0
2026-06-17,6275.0,3080.0,4490.0,3800.0,2960.0,2580.0,4800.0,23000.0,1650.0,6625.0,6750.0,720.0,3160.0,2590.0,22550.0
2026-06-18,6075.0,2960.0,4470.0,3730.0,2780.0,2550.0,4770.0,22800.0,1665.0,6625.0,6800.0,710.0,3170.0,2580.0,22250.0
2026-06-19,6300.0,2930.0,4310.0,3670.0,2580.0,2580.0,4810.0,22675.0,1685.0,6700.0,6725.0,700.0,3080.0,2530.0,22225.0
2026-06-22,6225.0,2870.0,4220.0,3490.0,2510.0,2520.0,4730.0,22325.0,1700.0,6575.0,6725.0,680.0,2960.0,2570.0,22550.0
2026-06-23,6125.0,2910.0,4120.0,3430.0,2540.0,2530.0,4680.0,22500.0,1655.0,6600.0,6750.0,760.0,2870.0,2480.0,22350.0
2026-06-24,5925.0,2810.0,3970.0,3320.0,2500.0,2490.0,4640.0,22000.0,1685.0,6500.0,6750.0,765.0,2750.0,2420.0,21975.0
2026-06-25,6025.0,2850.0,4000.0,3350.0,2500.0,2520.0,4920.0,22500.0,1735.0,6725.0,6725.0,780.0,2740.0,2370.0,21900.0
2026-06-26,6175.0,2870.0,3990.0,3320.0,2480.0,2480.0,4760.0,22600.0,1730.0,6600.0,6725.0,790.0,2710.0,2360.0,22050.0
2026-06-29,5925.0,2840.0,3940.0,3260.0,2410.0,2380.0,4710.0,22575.0,1770.0,6650.0,6600.0,780.0,2720.0,2320.0,22100.0
2026-06-30,5550.0,2730.0,3850.0,3160.0,2350.0,2370.0,4520.0,23000.0,1805.0,6800.0,6675.0,765.0,2590.0,2290.0,22025.0
2026-07-01,5600.0,2670.0,3810.0,3100.0,2440.0,2370.0,4600.0,22025.0,1775.0,6800.0,6600.0,765.0,2610.0,2290.0,22350.0
2026-07-02,5800.0,2690.0,3900.0,3170.0,2450.0,2410.0,4580.0,22800.0,1760.0,6750.0,6775.0,745.0,2760.0,2270.0,22475.0
2026-07-03,6050.0,2710.0,4010.0,3250.0,2520.0,2530.0,4810.0,24000.0,1800.0,6950.0,6925.0,750.0,2930.0,2310.0,22525.0
2026-07-06,6125.0,2790.0,4030.0,3280.0,2480.0,2510.0,4780.0,23800.0,1770.0,6925.0,6900.0,750.0,2940.0,2330.0,22625.0
2026-07-07,6300.0,2860.0,4070.0,3470.0,2480.0,2590.0,4930.0,24000.0,1765.0,6725.0,6675.0,745.0,2930.0,2370.0,22750.0
2026-07-08,6175.0,2790.0,3970.0,3380.0,2510.0,2510.0,4890.0,24300.0,1735.0,6625.0,6575.0,740.0,2790.0,2350.0,22875.0
2026-07-09,6200.0,2780.0,4040.0,3420.0,2510.0,2450.0,4880.0,24050.0,1715.0,6675.0,6625.0,725.0,2850.0,2360.0,23000.0
2026-07-10,6175.0,2790.0,4080.0,3420.0,2480.0,2450.0,4810.0,24500.0,1730.0,6650.0,6775.0,725.0,2900.0,2380.0,23300.0
2026-07-13,6225.0,2870.0,4250.0,3530.0,2510.0,2480.0,4850.0,25900.0,1680.0,6625.0,6750.0,725.0,2920.0,2410.0,23925.0
2026-07-14,6125.0,2800.0,4160.0,3470.0,2560.0,2530.0,4880.0,27500.0,1675.0,6650.0,6775.0,730.0,2920.0,2420.0,24000.0
2026-07-15,6125.0,2830.0,4200.0,3460.0,2520.0,2550.0,4850.0,27400.0,1670.0,6600.0,6750.0,705.0,3040.0,2420.0,24025.0
2026-07-16,6225.0,2860.0,4310.0,3500.0,2530.0,2600.0,5100.0,26925.0,1685.0,6700.0,6750.0,720.0,3080.0,2420.0,23825.0
2026-07-17,6475.0,2970.0,4480.0,3580.0,2660.0,2580.0,5100.0,26550.0,1700.0,6850.0,6700.0,760.0,3070.0,2410.0,23850.0
2026-07-20,6475.0,3020.0,4450.0,3590.0,2710.0,2600.0,5050.0,26200.0,1735.0,6900.0,6800.0,770.0,3000.0,2440.0,24325.0
2026-07-21,6525.0,3070.0,4480.0,3620.0,2750.0,2570.0,5100.0,26100.0,1710.0,7000.0,6850.0,745.0,3060.0,2420.0,24175.0
2026-07-22,6500.0,3020.0,4420.0,3610.0,2700.0,2550.0,5150.0,25550.0,1705.0,7075.0,6900.0,730.0,3120.0,2430.0,24275.0
2026-07-23,6275.0,2990.0,4380.0,3600.0,2650.0,2540.0,5000.0,25500.0,1680.0,7125.0,6925.0,725.0,3080.0,2440.0,24400.0
2026-07-24,6275.0,2960.0,4130.0,3520.0,2630.0,2410.0,4980.0,25500.0,1685.0,6975.0,6850.0,720.0,2990.0,2390.0,24500.0
2026-07-27,6300.0,2950.0,4160.0,3520.0,2590.0,2370.0,4910.0,25400.0,1680.0,6950.0,6875.0,715.0,2970.0,2360.0,24350.0
2026-07-28,6225.0,2930.0,4100.0,3480.0,2560.0,2440.0,4970.0,25000.0,1705.0,6950.0,6850.0,700.0,2890.0,2330.0,24225.0
2026-07-29,6275.0,2920.0,4090.0,3460.0,2560.0,2420.0,4960.0,24500.0,1695.0,6950.0,6875.0,700.0,2840.0,2330.0,24450.0
2026-07-30,6450.0,2990.0,4160.0,3550.0,2670.0,2460.0,4950.0,24250.0,1715.0,7025.0,6950.0,695.0,2860.0,2350.0,24800.0
2026-07-31,6325.0,3040.0,4190.0,3530.0,2630.0,2440.0,5100.0,23950.0,1755.0,6975.0,6975.0,725.0,2880.0,2320.0,24575.0
2026-08-03,6300.0,3020.0,4170.0,3520.0,2740.0,2530.0,5050.0,23800.0,1740.0,7200.0,7075.0,725.0,2870.0,2320.0,24625.0
2026-08-04,6500.0,3060.0,4260.0,3660.0,2790.0,2510.0,5125.0,24000.0,1820.0,7175.0,7200.0,735.0,2890.0,2360.0,24825.0
2026-08-05,6450.0,3020.0,4220.0,3630.0,2710.0,2560.0,5025.0,23800.0,1845.0,7300.0,7250.0,800.0,3070.0,2360.0,24700.0
2026-08-06,6350.0,3040.0,4200.0,3620.0,2650.0,2500.0,5100.0,23800.0,1805.0,7450.0,7275.0,790.0,3080.0,2350.0,24700.0
2026-08-07,6375.0,3130.0,4240.0,3630.0,2710.0,2550.0,5100.0,23675.0,1820.0,7750.0,7450.0,790.0,3160.0,2370.0,25125.0
2026-08-10,6375.0,3090.0,4180.0,3650.0,2620.0,2500.0,5000.0,24050.0,1800.0,7600.0,7325.0,785.0,3140.0,2390.0,24900.0
2026-08-11,6300.0,3090.0,4120.0,3550.0,2610.0,2410.0,4870.0,23625.0,1745.0,7575.0,7275.0,800.0,3090.0,2350.0,24675.0
2026-08-12,6350.0,3130.0,4130.0,3580.0,2590.0,2560.0,4860.0,23300.0,1760.0,7550.0,7375.0,800.0,3090.0,2350.0,24750.0
2026-08-13,6375.0,3110.0,4130.0,3610.0,2590.0,2630.0,4800.0,23075.0,1730.0,7550.0,7350.0,800.0,3000.0,2340.0,24425.0
2026-08-14,6350.0,3120.0,4170.0,3630.0,2620.0,2800.0,4780.0,23275.0,1775.0,7600.0,7425.0,800.0,3070.0,2360.0,25000.0
2026-08-18,6300.0,3080.0,4150.0,3590.0,2600.0,2910.0,4790.0,23325.0,1800.0,7625.0,7350.0,800.0,3100.0,2370.0,24750.0
2026-08-19,6300.0,3080.0,4140.0,3560.0,2600.0,2860.0,4730.0,23575.0,1780.0,7675.0,7275.0,780.0,3030.0,2370.0,25000.0
2026-08-20,6400.0,3140.0,4150.0,3590.0,2610.0,2830.0,4790.0,23825.0,1835.0,7700.0,7350.0,825.0,3140.0,2400.0,25400.0
2026-08-21,6450.0,3230.0,4220.0,3730.0,2610.0,2840.0,4780.0,23900.0,1795.0,7625.0,7375.0,810.0,3170.0,2400.0,25200.0
2026-08-24,6400.0,3180.0,4200.0,3680.0,2620.0,2700.0,4790.0,24125.0,1800.0,7750.0,7375.0,805.0,3190.0,2480.0,25400.0
2026-08-25,,3180.0,4200.0,3680.0,2620.0,,4790.0,24125.0,1800.0,,7375.0,805.0,3190.0,2480.0,25400.0
2026-08-26,6350.0,3130.0,4160.0,3680.0,2600.0,2700.0,4780.0,23850.0,1765.0,7850.0,7275.0,805.0,3160.0,2420.0,25100.0
2026-08-27,6400.0,3150.0,4210.0,3710.0,2610.0,2770.0,4790.0,24475.0,1760.0,7950.0,7300.0,805.0,3180.0,2500.0,25550.0
2026-08-28,6475.0,3190.0,4250.0,3780.0,2570.0,2770.0,4800.0,24000.0,1755.0,7950.0,7300.0,800.0,3160.0,2530.0,25650.0
2026-08-31,6475.0,3250.0,4230.0,3860.0,2600.0,2820.0,4800.0,24200.0,1755.0,7600.0,7500.0,785.0,3100.0,2560.0,26050.0
2026-09-01,6600.0,3380.0,4320.0,3870.0,2610.0,2770.0,4920.0,25575.0,1710.0,7375.0,7200.0,775.0,3080.0,2670.0,26000.0
2026-09-02,6675.0,3390.0,4360.0,3900.0,2590.0,2710.0,4840.0,25050.0,1700.0,7375.0,7175.0,755.0,3030.0,2720.0,26100.0
2026-09-03,6775.0,3410.0,4460.0,3960.0,2600.0,2740.0,5050.0,25300.0,1710.0,7375.0,7250.0,780.0,3150.0,2890.0,26150.0
2026-09-04,6700.0,3390.0,4420.0,3940.0,2610.0,2710.0,4900.0,24950.0,1685.0,7275.0,7225.0,775.0,3120.0,2880.0,26100.0
2026-09-07,6625.0,3370.0,4390.0,3910.0,2610.0,2710.0,4910.0,25300.0,1670.0,7250.0,7350.0,785.0,3080.0,3010.0,26525.0
2026-09-08,6675.0,3410.0,4430.0,3870.0,2650.0,2740.0,4930.0,25875.0,1675.0,7200.0,7500.0,780.0,3080.0,3000.0,26750.0
2026-09-09,6525.0,3420.0,4390.0,3820.0,2660.0,2730.0,4850.0,26000.0,1675.0,7200.0,7500.0,760.0,3200.0,3100.0,26550.0
2026-09-10,6425.0,3320.0,4370.0,3800.0,2630.0,2700.0,4870.0,26375.0,1655.0,7175.0,7325.0,755.0,3270.0,3100.0,26100.0
2026-09-11,6325.0,3270.0,4360.0,3750.0,2600.0,2630.0,4910.0,26300.0,1630.0,7125.0,7300.0,735.0,3270.0,3100.0,26100.0
2026-09-14,6500.0,3400.0,4440.0,3870.0,2690.0,2550.0,4980.0,26400.0,1620.0,7125.0,7250.0,735.0,3190.0,3080.0,26150.0
2026-09-15,6400.0,3320.0,4340.0,3750.0,2700.0,2550.0,4890.0,26100.0,1625.0,6900.0,7275.0,770.0,3270.0,3020.0,26175.0
2026-09-16,6325.0,3330.0,4260.0,3730.0,2660.0,2540.0,4850.0,26075.0,1620.0,7025.0,7225.0,760.0,3220.0,3000.0,26225.0
2026-09-17,6350.0,3330.0,4350.0,3740.0,2590.0,2580.0,4900.0,25700.0,1640.0,6950.0,7175.0,775.0,3280.0,3140.0,26500.0
2026-09-18,6300.0,3310.0,4260.0,3650.0,2560.0,2500.0,4820.0,24825.0,1650.0,6900.0,7025.0,760.0,3340.0,3090.0,26700.0
2026-09-21,6225.0,3300.0,4200.0,3620.0,2500.0,2420.0,4820.0,24700.0,1620.0,6800.0,7000.0,750.0,3240.0,3080.0,26125.0
2026-09-22,6200.0,3180.0,4160.0,3570.0,2470.0,2410.0,4780.0,24325.0,1620.0,6650.0,6925.0,750.0,3170.0,3010.0,25300.0
