Date,BBCA.JK,BBRI.JK,BMRI.JK,BBNI.JK,TLKM.JK,EXCL.JK,ASII.JK,UNTR.JK,UNVR.JK,ICBP.JK,INDF.JK,KLBF.JK,ANTM.JK,PTBA.JK,ITMG.JK
2016-09-22,112772500.0,148067507,84429200,56785600,159174700.0,41779400.0,39805500.0,5770900.0,8543500,7244400.0,9009000,44836500,127206700,12905500.0,558900
2016-09-23,111259000.0,122425514,80014800,56021000,84251000.0,5937400.0,35593100.0,3289500.0,13743000,6806100.0,14196400,41593800,45387900,14317500.0,284400
2016-09-26,56087500.0,79398821,54502000,22779400,78037000.0,10904800.0,24364400.0,4624000.0,8890000,2836400.0,7288300,16977500,40092100,4915500.0,793700
2016-09-27,121486000.0,132320735,132846400,75715400,106582800.0,14818400.0,41810600.0,6356300.0,9685500,12236400.0,11017200,34339500,504324900,11915500.0,2676100
2016-09-28,104262000.0,228429395,248204400,46971200,66963300.0,29791600.0,28727300.0,6342300.0,8513500,13060600.0,15543200,35526100,351019700,14824000.0,272000
2016-09-29,131983000.0,142713715,153378800,22490200,130275100.0,36160800.0,32973700.0,3619400.0,6547500,5939800.0,8495200,21377800,441474400,28777000.0,2321000
2016-09-30,146694500.0,123068475,134034000,46017000,137113000.0,13965400.0,53471300.0,5666100.0,16182000,6148100.0,12719500,43780600,279351200,20652000.0,1007600
2016-10-03,78715000.0,153450450,72856400,23626600,58639700.0,18747000.0,23741300.0,4803100.0,7613500,2909900.0,7491600,15978900,126934100,17739500.0,1475400
2016-10-04,81285000.0,75091147,84598000,37721200,69761200.0,17596000.0,30866100.0,3257800.0,8721500,4785300.0,6970100,24157800,397881200,41796500.0,990700
2016-10-05,63367500.0,151006208,145494400,46409400,64563500.0,7799700.0,15212400.0,5204100.0,6811500,2798900.0,5222100,29091400,220020500,14746500.0,443300
2016-10-06,58324500.0,115097738,103363600,57628200,83690900.0,7830400.0,12990900.0,8690600.0,4423000,1875100.0,4708900,22640800,102494300,40879000.0,3128900
2016-10-07,46006500.0,142339158,57687200,52964200,50796000.0,4018900.0,25228600.0,2772300.0,7042500,2410900.0,2914700,19897800,87401100,29029000.0,3863100
2016-10-10,24959000.0,66738702,56290400,21297000,33361000.0,5571900.0,9528300.0,2239300.0,3833500,1783600.0,3208900,7288600,40937600,33658000.0,2178000
2016-10-11,72176500.0,174577415,89322800,50950600,95073200.0,3441200.0,43085200.0,4828500.0,9922000,3758900.0,11488300,26310200,378940600,30346500.0,4119800
2016-10-12,78936000.0,70169662,58748000,40623800,77235200.0,3425100.0,27172600.0,4795000.0,8362000,5154700.0,4556800,16017800,411468100,10832500.0,1129100
2016-10-13,57745000.0,98899408,74737200,151527200,95797800.0,3920400.0,26352300.0,5019500.0,11205000,3217500.0,5373200,17817700,116043400,9409000.0,2052100
2016-10-14,107271500.0,96902873,94256800,71206000,127750100.0,13173400.0,42981500.0,5687000.0,8837500,4129300.0,8629900,22844900,96521300,14533500.0,1783800
2016-10-17,114630500.0,110866514,67042000,48777400,62848500.0,13541400.0,18988500.0,9210300.0,8730500,4754800.0,6431000,13024700,233367300,23818000.0,4241700
2016-10-18,160526000.0,75698907,56909600,64476400,47811100.0,13215600.0,49669800.0,6748200.0,5930500,2668700.0,8060300,20267600,101209600,32602500.0,3930800
2016-10-19,43748000.0,41200111,51456800,38732400,39787500.0,15984600.0,32308300.0,6230100.0,9793500,3324400.0,8421500,10282700,47547700,22488500.0,6878500
2016-10-20,38996000.0,67079708,53644400,28023800,49146300.0,21746900.0,17963700.0,3372300.0,7724000,1461900.0,20371700,11429100,58552300,12946500.0,3234000
2016-10-21,52681000.0,48630189,50378800,16972400,32147200.0,12703400.0,11044900.0,6854500.0,9579500,2176700.0,11929900,6703900,67782000,36381500.0,4396900
2016-10-24,64539500.0,55387606,63450800,12904000,44928300.0,3216300.0,20644900.0,4215200.0,6481500,2595300.0,6274400,23277400,95607700,6404500.0,2103900
2016-10-25,105666000.0,60999353,73782400,26919200,70646400.0,4360700.0,29964900.0,3679300.0,3372000,1662300.0,7269400,22477200,72098900,12227500.0,5067800
2016-10-26,61653500.0,124992408,141981200,39708800,51043000.0,10241000.0,34332500.0,2873600.0,29380500,2304300.0,11709800,20296300,104685700,24348500.0,3823300
2016-10-27,79667000.0,77750442,69336400,36726800,59171100.0,18489700.0,37049100.0,5064400.0,9740500,3010700.0,6210800,6134400,427882900,16940000.0,3149200
2016-10-28,72105000.0,73928426,43510800,25195200,63978700.0,16604800.0,17564500.0,2700600.0,3799500,774700.0,8609600,6533300,74901000,20533500.0,1709300
2016-10-31,65543500.0,106301436,132730800,27359600,87255800.0,29129600.0,24458400.0,3462400.0,16500000,4146000.0,8062100,15231800,182704100,11545000.0,1149600
2016-11-01,77657500.0,77841744,74071200,16872600,40526400.0,18714900.0,20065900.0,6410900.0,7860500,6362800.0,6441900,17325500,182576500,33396500.0,4139000
2016-11-02,101446000.0,107751261,72401600,20852000,65592600.0,19785000.0,32143000.0,6523900.0,4580000,4497700.0,4306400,8878600,124615400,52114000.0,5076300
2016-11-03,68455000.0,79249218,91768800,28545600,142513800.0,32730200.0,60106500.0,7575200.0,10304500,6631700.0,11030000,22415900,221275500,34033000.0,2402200
2016-11-04,62182500.0,52651309,58732400,40066000,94570400.0,11594000.0,45768800.0,6006400.0,8900500,5100200.0,8128400,18581900,113935700,39769000.0,2558900
2016-11-07,110497000.0,107605508,69898800,42251400,56762000.0,10541200.0,36417500.0,4633800.0,7680000,4900200.0,13029600,24337000,142260400,30440000.0,4160400
2016-11-08,106514500.0,141713797,82063200,50772000,73529000.0,40232400.0,31162900.0,7703000.0,4887500,7809500.0,12279900,9346700,144103500,19320000.0,2938900
2016-11-09,126875000.0,154245214,114585600,80248800,142550300.0,20686300.0,60972000.0,5434900.0,4272500,7722400.0,14384200,30408000,168970200,24252000.0,3619300
2016-11-10,69882500.0,96667469,54770400,39344400,197201200.0,20002400.0,24768700.0,8925900.0,6658000,5432600.0,13305400,25490300,130109100,29885000.0,3864600
2016-11-11,222566500.0,327442105,200151200,147343200,244873100.0,15173800.0,104109100.0,11258900.0,25943500,11327100.0,16300600,90241400,133914300,45006500.0,6173600
2016-11-14,156689000.0,418181573,193930000,77205800,331538800.0,19574900.0,85211400.0,6734500.0,20385000,17381700.0,29160300,47588300,83387400,16922000.0,1549100
2016-11-15,135474500.0,245969198,84936400,94661400,214754300.0,11782100.0,35039200.0,7197400.0,24557000,12599700.0,15813900,86675500,130221700,27018000.0,3047000
2016-11-16,129035500.0,199883902,51892800,85505200,195298100.0,6027700.0,46434900.0,6311700.0,10789000,6880100.0,13864800,103826500,68695000,24797000.0,8245000
2016-11-17,120499000.0,105917529,52244800,47763000,84236700.0,13159600.0,27155400.0,3230000.0,12753500,2864200.0,6190200,46774600,127935600,14291000.0,2317300
2016-11-18,80701500.0,106213984,42805200,27620400,98115300.0,7189700.0,23176400.0,3428600.0,9546500,6086400.0,7473300,34988300,34541100,25486000.0,2384700
2016-11-21,87375000.0,80737544,82676800,46062400,82463000.0,6057200.0,27592100.0,5622300.0,8153000,6870800.0,11781400,35091600,30702600,22813000.0,2644700
2016-11-22,129317000.0,112346590,71874000,29017600,69602800.0,5569400.0,29573500.0,3974100.0,8661500,5117400.0,13076500,28896900,76454500,19918000.0,2089200
2016-11-23,51143500.0,96602568,69157200,67469000,108352600.0,12634100.0,24919700.0,5493100.0,13188500,4595100.0,12067000,36372200,540027600,22910500.0,3413900
2016-11-24,83313000.0,124643702,230784000,57387600,91265600.0,9401100.0,24274400.0,3273300.0,5289500,3254100.0,10919500,23694400,235396300,15815000.0,2508200
2016-11-25,71262500.0,212318517,112994800,20519800,65999500.0,7070700.0,14112800.0,2495500.0,3128000,5137100.0,4395000,44719000,52239300,9948000.0,867200
2016-11-28,75786000.0,321262748,111426000,15719400,61860400.0,13289800.0,30602500.0,3123900.0,6196000,4295500.0,5872600,51576000,184406700,8934500.0,1572600
2016-11-29,101969000.0,187128632,83037200,21526000,73215900.0,13127100.0,26501300.0,5601000.0,5960500,4288600.0,5857700,28323300,46960100,12585000.0,996100
2016-11-30,163078500.0,312543448,157626400,52320200,145322000.0,30957800.0,41566100.0,6929400.0,16699000,6724600.0,43279600,65393300,77320900,20171000.0,2165000
2016-12-01,107127500.0,138604594,112836400,40543400,96825100.0,11179000.0,25469700.0,4093600.0,8930500,2329600.0,12731500,56356900,58240900,15469000.0,1921500
2016-12-02,137411500.0,122104309,74612800,20305200,68873200.0,8221800.0,25896900.0,6316900.0,6132500,2588500.0,29875200,60119700,58494500,13454000.0,2780000
2016-12-05,64879000.0,98347198,43111200,27042200,56831800.0,6689800.0,13664000.0,6191600.0,10806000,2353500.0,12187400,29726600,47397300,53396500.0,4699600
2016-12-06,59009500.0,110179553,95774000,30842800,67135100.0,6964000.0,28645900.0,1721200.0,10034000,3537700.0,7695100,24492700,20850600,18273500.0,2620200
2016-12-07,69524500.0,55707712,42293200,19935600,74498300.0,5054800.0,17371800.0,4396100.0,11687000,4306300.0,19907700,18795000,47380800,19772500.0,2942500
2016-12-08,121795500.0,80500490,62835600,24786400,80253900.0,12078500.0,29145400.0,4820200.0,9661500,4035300.0,13527300,29400000,52673800,12961000.0,2158600
2016-12-09,86596000.0,92402146,64734800,10871000,73229000.0,2436400.0,34361400.0,4589200.0,7430000,1367200.0,4342800,16635300,46448400,11290000.0,1302000
2016-12-13,121360000.0,102773125,52023200,42354800,85397800.0,5243900.0,31561800.0,4546800.0,12197500,3094300.0,12477200,31690700,146916800,15019500.0,3384400
2016-12-14,128356000.0,114209472,40252400,21261800,53216800.0,7005200.0,26827000.0,4165300.0,12759000,2122900.0,7594000,17074800,67959800,10501000.0,2655400
2016-12-15,125417000.0,108499274,55218400,24828000,58982800.0,4005900.0,32915000.0,4199800.0,11335000,1550300.0,3768900,18429600,68821900,8562500.0,1400600
2016-12-16,105628500.0,193178186,70044800,41465400,111038700.0,5700000.0,38768700.0,5354100.0,19354500,5904800.0,8485200,40495600,91495400,28235000.0,1277200
2016-12-19,53658000.0,78321352,23188800,32474200,64957800.0,7547000.0,20215200.0,4682900.0,15589000,3434300.0,3746100,17045700,41865600,11976500.0,1162000
2016-12-20,37145000.0,83385290,33521600,17226400,88601300.0,4684800.0,14635800.0,4705100.0,15179000,3391800.0,3404200,13872900,33456000,6027500.0,537600
2016-12-21,97165000.0,104368702,46268800,32095000,65390700.0,3152600.0,21196600.0,3157200.0,12917500,4791800.0,9314500,25960200,52606200,3631000.0,843200
2016-12-22,75773000.0,143815934,97122800,16088400,53482700.0,6076800.0,21018100.0,6621900.0,11090500,5362800.0,5084100,25115300,38139400,5064000.0,1012400
2016-12-23,73656500.0,110680611,54570000,18293400,46232300.0,3005900.0,16161800.0,4281600.0,11779000,6383800.0,6158300,20376500,28303600,9782000.0,1004100
2016-12-27,41749000.0,56481575,38650800,7868400,48998200.0,2063000.0,12811500.0,3204300.0,8392000,2735300.0,4380100,16046100,18819500,9846000.0,1109800
2016-12-28,70098000.0,89001987,47457600,27567000,39654200.0,2308700.0,14942500.0,3281000.0,9242500,5231800.0,4977800,17917400,43766900,4734000.0,655100
2016-12-29,122316500.0,146719984,77951200,38823600,126802300.0,6820900.0,55270000.0,3132200.0,19092500,4821800.0,11993900,27291400,54890000,16339500.0,1176800
2016-12-30,235500500.0,213082480,136139600,56855600,128649100.0,5346200.0,58357800.0,2367800.0,11107000,6203000.0,8171400,48879900,56281600,12049000.0,1024600
2017-01-02,0.0,0,0,0,0.0,0.0,0.0,0.0,0,0.0,0,0,0,0.0,0
2017-01-03,46748000.0,74339834,50412000,13421000,71660600.0,6897200.0,24401500.0,2865600.0,5014500,2040600.0,5389900,7276300,3577900,10855500.0,1436400
2017-01-04,85216500.0,87881617,41110400,42813200,68494500.0,5094200.0,40244000.0,2615000.0,10642000,4027100.0,4002000,28990300,34615900,14496500.0,956600
2017-01-05,97909000.0,159895461,66554400,21081800,74018400.0,20877500.0,30992200.0,3816300.0,10493500,3970900.0,6301900,32865900,22442900,12154000.0,1146300
2017-01-06,36603000.0,80566491,54337600,23327000,44136900.0,18375700.0,16866600.0,1652600.0,5400500,1497300.0,5791100,11745500,31596400,11847000.0,1380400
2017-01-09,88087500.0,79011614,36349200,11181400,85713200.0,7533500.0,14383700.0,2823600.0,14270500,5899200.0,8242700,10136800,28355600,14924000.0,832800
2017-01-10,52004500.0,69075143,24804800,18516800,44608000.0,6217800.0,21384600.0,2445700.0,9536000,1942400.0,3999400,8996300,25951400,6921000.0,1931100
2017-01-11,43772500.0,75141197,68727200,24233200,47226300.0,3222800.0,14060000.0,1592100.0,10807500,2354800.0,5501200,10149300,54071100,13733000.0,2268500
2017-01-12,30781000.0,72817407,29136000,10459600,45738500.0,6775600.0,25391700.0,2319300.0,18933500,1985700.0,4348600,18220600,26714800,8027000.0,1373500
2017-01-13,69512500.0,110485908,56228800,21799800,64704600.0,9497500.0,30164500.0,4668300.0,16274500,4278600.0,5265200,20213500,249158500,6504500.0,621700
2017-01-16,62039500.0,101515803,77629200,34845200,42188800.0,7692400.0,12032400.0,1287400.0,14102500,3834200.0,3164200,11086200,94797700,2872500.0,321900
2017-01-17,22368500.0,43271447,62045200,36704400,45793400.0,6767300.0,5848500.0,698200.0,5194000,2273700.0,2975800,6647400,48280000,4129000.0,436200
2017-01-18,93410500.0,70248313,94687200,41365400,56558200.0,8524700.0,17112300.0,1549500.0,8547000,4515000.0,6164100,6764300,31798300,5147000.0,476500
2017-01-19,34360500.0,92075440,72744000,24863600,53435400.0,6897400.0,15267800.0,4317400.0,11411000,4785000.0,15221600,12109000,163836300,5143500.0,470900
2017-01-20,44242500.0,40153443,40007200,22994600,101523500.0,7038500.0,11094700.0,2241000.0,4806500,2326100.0,5446100,13400100,65489900,6257000.0,1231500
2017-01-23,21962000.0,51390687,16690800,35973800,77653500.0,4270700.0,9106800.0,2533500.0,4978500,1040900.0,5644600,13202800,87451000,7199500.0,362400
2017-01-24,36251000.0,66106191,83274400,20096600,113430200.0,2950400.0,16250900.0,7806300.0,7744000,3841900.0,5629400,16856700,274193800,10787000.0,1310100
2017-01-25,33161500.0,125776722,76550000,51693400,47799100.0,21547000.0,25295000.0,3654400.0,4441000,1916400.0,5232200,10645600,99975500,19979000.0,848500
2017-01-26,53606000.0,94049974,49446000,65486200,60944600.0,13343100.0,22812200.0,3925700.0,4564500,2818800.0,3434400,9157100,74909100,18508500.0,1325600
2017-01-27,37555500.0,54107184,24174800,121405400,47240400.0,7386700.0,12243700.0,1268400.0,6680500,923300.0,4757000,10166200,57687700,15637500.0,788700
2017-01-30,33673000.0,65218476,35440400,56967600,30060700.0,8744900.0,17179100.0,893700.0,3937500,1782100.0,6930900,14945100,68393700,15373500.0,628700
2017-01-31,36946500.0,75222599,38055600,39560600,57849200.0,17162000.0,22016600.0,2047000.0,5297500,2976900.0,5304400,13919800,101645300,15804500.0,1728200
2017-02-01,43359000.0,178441232,117245600,139906000,77648400.0,9091700.0,20593800.0,3418700.0,5480000,3966000.0,6561800,20529900,69998700,13735000.0,1403300
2017-02-02,61584000.0,129157080,79610000,86636200,73895600.0,12473500.0,19035500.0,3861000.0,8396000,6861500.0,12175000,37833900,162025700,9108500.0,614100
2017-02-03,44754000.0,135167034,111316000,36413600,59225000.0,6173300.0,20891200.0,8766300.0,7854500,5433300.0,10019500,26299800,73688300,9036500.0,1381800
2017-02-06,63275000.0,250986935,198014400,49930600,52999700.0,6731100.0,18280300.0,2216500.0,10406000,2118200.0,4396800,16975700,36778500,21714000.0,1816600
2017-02-07,47873500.0,85484676,117718800,50780200,66017500.0,9253300.0,14697600.0,3320800.0,7658500,2710300.0,5169800,20717200,28704900,16923000.0,600600
2017-02-08,73968000.0,147025239,109655200,104383600,115706000.0,11252900.0,21574700.0,3529000.0,13802000,2501600.0,5632300,30032300,31882400,26388000.0,291900
2017-02-09,134806500.0,127802407,97844000,130720800,78090700.0,3914900.0,30856800.0,2773700.0,10496000,3318400.0,13166700,21645000,36337000,13574500.0,612900
2017-02-10,82921000.0,95515199,96540400,88864600,91636700.0,5352200.0,26024600.0,9565900.0,11434500,3053900.0,4119300,37492400,28055200,11225000.0,453000
2017-02-13,98775500.0,96346814,81397200,57634200,54547600.0,8701700.0,20576800.0,3061600.0,7033000,7923300.0,9040100,21813600,28476300,9305000.0,798500
2017-02-14,68492000.0,69135094,79745200,46191600,146309400.0,13678300.0,23611200.0,2440200.0,6386500,7508800.0,8175600,33296100,36332700,9421500.0,854500
2017-02-15,0.0,0,0,0,0.0,0.0,0.0,0.0,0,0.0,0,0,0,0.0,0
2017-02-16,109934500.0,128769324,207778000,88349000,127779400.0,7724300.0,38036600.0,4085100.0,5261500,16963200.0,7016400,20835300,26544400,20496000.0,873800
2017-02-17,54111500.0,98121144,103224000,34119000,80814700.0,7900800.0,53666200.0,6471200.0,5510000,4533500.0,2499100,25760500,17888100,6765500.0,873000
2017-02-20,49225000.0,83084435,72190000,32296800,26820400.0,11748000.0,13073400.0,2546600.0,2679000,4499500.0,3241000,18937300,45617300,14562000.0,790800
2017-02-21,47016500.0,86270090,50008400,39851600,49368500.0,3935100.0,30564700.0,3127200.0,3526500,4601400.0,8230600,17270900,63762800,30190500.0,3790700
2017-02-22,47767500.0,103578889,106237200,41170800,74260200.0,6385100.0,23042300.0,3282700.0,3714000,8560200.0,12770300,18810200,23326100,11109500.0,2069000
2017-02-23,81655500.0,65381829,43852800,26113000,122760100.0,10647000.0,15700700.0,5536400.0,3569000,9825900.0,4173100,22689600,19677800,9955000.0,1543100
2017-02-24,33280500.0,83788997,59158000,37439800,71119600.0,6782800.0,26949200.0,4753300.0,3763500,5325200.0,3257300,15371100,25128900,13756000.0,3177900
2017-02-27,28618000.0,58183854,30397600,62320000,54712100.0,6489600.0,21673600.0,2784100.0,4240500,3935800.0,3414400,19506400,58062400,8415500.0,871400
2017-02-28,110184500.0,149039374,43444400,37481000,65928100.0,11177400.0,93601900.0,6150000.0,8622500,4578500.0,7012500,34382300,59062300,10155500.0,3757100
2017-03-01,102209000.0,58873566,91156400,43642400,79662500.0,8154200.0,38356600.0,2475200.0,7570000,3424800.0,7024400,23383700,47113700,5673000.0,1400800
2017-03-02,78309500.0,87007102,57482800,40377000,59748700.0,3521800.0,62638300.0,3291500.0,5019500,3950900.0,6605000,20642000,65126800,5842500.0,2964600
2017-03-03,88454000.0,47146264,29331600,50498600,92350100.0,4752400.0,19648000.0,2215100.0,6217500,3121200.0,5377900,22286800,27159000,11695000.0,1779200
2017-03-06,44661500.0,54321138,42578400,28593800,99064100.0,3397200.0,47114500.0,8768000.0,4533500,1353200.0,3315200,27915100,31431800,9060500.0,1261900
2017-03-07,52582000.0,103532138,86823200,36690400,61945400.0,5445000.0,40699100.0,4097500.0,3158000,7297300.0,3497600,15083300,13194100,13180000.0,1169800
2017-03-08,87391500.0,89386993,33371200,26250000,31336300.0,3576100.0,19314600.0,3732400.0,5689000,6077600.0,3772200,9049500,29069300,7004500.0,840200
2017-03-09,47322000.0,80096233,14298400,22003000,83224900.0,10601500.0,15842000.0,4620700.0,3264000,1970600.0,2017800,17836500,70456200,4326000.0,1085100
2017-03-10,34386000.0,83685045,22744800,25122600,70318300.0,12835300.0,14405300.0,4051800.0,4783500,2782500.0,4617900,28034700,12387900,16143000.0,1675200
2017-03-13,24933000.0,107761711,45914400,40875000,54433000.0,6878800.0,20977300.0,2019400.0,2544000,1766300.0,1300000,10805700,17603800,16383500.0,1684000
2017-03-14,62225000.0,59510477,32416800,16369200,122779100.0,4930500.0,21438000.0,4308100.0,2946000,3421700.0,17856800,24208100,53558600,24621000.0,1896200
2017-03-15,70286000.0,133583557,38783600,41721200,80434200.0,2178800.0,16327000.0,1962200.0,4130000,4179400.0,6909400,17442900,35648700,12552000.0,866400
2017-03-16,186021500.0,297074431,124136800,87940800,123306900.0,7835700.0,56153700.0,4174700.0,7009000,10142600.0,15511000,24426700,54707700,46393000.0,1506800
2017-03-17,223808500.0,408559706,115811200,77644200,123085600.0,9413700.0,54184000.0,5801500.0,25389000,10546500.0,17094300,39376400,141376300,23633000.0,1930600
2017-03-20,191276500.0,119646316,84118000,43940200,87628300.0,3186800.0,17509900.0,3075800.0,7018000,2024700.0,6339500,22568800,46958900,8506000.0,1689100
2017-03-21,133231500.0,117868135,98651200,58168800,75349600.0,5358400.0,28519700.0,3943200.0,11059000,2329100.0,9418800,25030200,22188200,10242500.0,2318600
2017-03-22,178821000.0,261472316,137866400,94426200,110927600.0,7584200.0,47467800.0,5783500.0,17937000,5600600.0,14244800,48351100,15535300,17527000.0,2479000
2017-03-23,195774000.0,127782607,164951600,109918400,72319900.0,7891600.0,30401200.0,3413700.0,6258500,3011200.0,5941800,11196000,15433100,22271000.0,2331200
2017-03-24,86403000.0,54328838,101622400,40437600,71877500.0,2879100.0,27602200.0,2557200.0,5829000,6528800.0,14880900,19722400,16775200,13620500.0,1812300
2017-03-27,74524000.0,79188167,43376800,69825000,56070700.0,2512400.0,27343500.0,4892400.0,4163500,2833700.0,9061400,23809200,13391800,13445000.0,1022500
2017-03-29,112645500.0,152638636,55658000,70928600,84076600.0,12706100.0,58758000.0,3458300.0,10144500,9925900.0,18234400,18698500,21848400,28844500.0,3189900
2017-03-30,96488000.0,97370381,32161600,95210600,61410200.0,2129200.0,37527000.0,4239800.0,5878000,7328100.0,7205400,19133700,16325800,36077000.0,2269900
2017-03-31,81642500.0,81472907,63985600,98190600,88859000.0,2846000.0,51447000.0,4614700.0,11354500,4878300.0,10022300,26858300,12350500,41582500.0,2104800
2017-04-03,186889000.0,132470888,58964400,37513400,66564400.0,2064200.0,20295500.0,6550200.0,14857500,2068600.0,5892000,19074100,22045400,16592500.0,1648100
2017-04-04,74096500.0,64004605,77408800,28773800,108165500.0,6188700.0,33188800.0,4085800.0,8027000,3444200.0,8092000,26946700,24341900,33451500.0,4407600
2017-04-05,0.0,0,0,34305400,0.0,0.0,0.0,0.0,0,0.0,13999200,0,23488800,0.0,5003500
2017-04-06,117034500.0,69225295,87415600,42290200,79905800.0,5862500.0,15591900.0,2791500.0,6647500,10471800.0,4195500,11026300,11373700,57325000.0,4589400
2017-04-07,133337000.0,155016877,79835600,69664000,72954300.0,4030600.0,28337200.0,2974600.0,10242500,7078600.0,7729500,16730200,21113000,13751000.0,2127800
2017-04-10,79805500.0,112550094,36636800,55668000,53211800.0,2823200.0,17526600.0,1627500.0,3269000,3083400.0,6438400,7872400,14646900,16101500.0,1742500
2017-04-11,88702000.0,43567352,43113200,43714200,54580200.0,4126800.0,27937100.0,7201500.0,5696000,7277700.0,9772700,12095600,11258400,9105500.0,1484100
2017-04-12,56825500.0,41581818,32561600,49709200,33441400.0,5538600.0,12732300.0,2478100.0,3203000,13885500.0,4027900,12533500,40154800,16578500.0,1681900
2017-04-13,52786000.0,62858935,56194400,107989600,47225000.0,5130700.0,21574000.0,3870000.0,3820000,4228100.0,3379400,16394800,32527700,12261500.0,1452200
2017-04-17,93984000.0,49219250,19153200,35810200,51373500.0,2155900.0,14593900.0,3769300.0,5929500,3206500.0,5392700,7147400,16084400,7094000.0,711600
2017-04-18,102219500.0,69504150,89368000,44421200,68193500.0,4633200.0,33899000.0,3445500.0,8118000,7389500.0,5197600,9598900,17214600,15032500.0,1912200
2017-04-19,0.0,0,0,0,0.0,0.0,0.0,0.0,0,0.0,0,0,0,0.0,0
2017-04-20,146846500.0,125882874,81478400,99001000,110208600.0,6089100.0,37608900.0,5085100.0,4249000,3410900.0,4689400,21104800,29325100,7348000.0,2573400
2017-04-21,86655500.0,93732618,38329600,108255200,237062100.0,2721700.0,74209300.0,2823200.0,6051000,4351900.0,5063500,8774300,23755000,12470500.0,1664000
2017-04-25,111180500.0,209825324,149208000,114931600,213322700.0,10826300.0,34514400.0,5957200.0,6080000,6203900.0,7333600,18952000,18629700,17722000.0,2020200
2017-04-26,82166000.0,174112107,319850400,88643800,103930700.0,6433700.0,33994900.0,5980500.0,10011500,6733500.0,9944100,22280900,17763500,8578500.0,2121300
2017-04-27,68316500.0,74987745,106382000,30487600,78695300.0,3572600.0,34402800.0,3235800.0,9834000,10926300.0,63743900,16679300,16444000,29942500.0,749000
2017-04-28,68971000.0,55645011,83747600,29885600,124845700.0,3299600.0,29155000.0,3862400.0,9480500,16681500.0,14963600,16455300,44285700,27436000.0,2694100
2017-05-02,138473000.0,146474679,83054400,25304000,140198900.0,3435100.0,31580900.0,5115500.0,11603500,3454900.0,13445900,19271200,26785400,14466500.0,1516500
2017-05-03,43521500.0,168168154,99818800,22819000,92896600.0,2386900.0,17435900.0,2906400.0,3844500,5304900.0,22302800,23416600,39252200,7218500.0,1977100
2017-05-04,123050500.0,221305122,134070000,53207000,100510700.0,2322300.0,26140500.0,4997600.0,12887500,6363800.0,17737700,18806000,33320500,23483500.0,4113500
2017-05-05,33583500.0,90490862,146848400,33947600,43566800.0,2921700.0,29628000.0,4371700.0,18200500,3246000.0,7505100,7789700,32981900,25187500.0,3326400
2017-05-08,64042500.0,200488362,150575200,52663600,85508700.0,4575600.0,37860400.0,8069700.0,14577000,5840400.0,13372200,21666200,35290200,17490500.0,1433400
2017-05-09,50148500.0,153557152,60982800,66973800,90061700.0,2613500.0,19822400.0,7799800.0,13155000,4784600.0,7634800,36231100,17059800,24410000.0,2724600
2017-05-10,78922000.0,113189205,78420400,62057000,85484500.0,2801700.0,43704700.0,3632700.0,14584000,3719900.0,7460500,17496400,27182000,17358000.0,1999600
2017-05-12,141996500.0,132790993,97264400,25568400,84813500.0,2437700.0,30361100.0,6216600.0,16485000,3426100.0,6216200,41574500,16641100,19784500.0,2085200
2017-05-15,41290500.0,134878279,45706000,16491800,88965200.0,1503000.0,30796400.0,2611400.0,15043000,2144400.0,3717300,13673400,32166200,11926500.0,2879700
2017-05-16,237774500.0,125902674,75918000,38206000,79436500.0,7807100.0,25436100.0,4722000.0,7529000,2670000.0,7650800,16010200,133675800,17976000.0,2848500
2017-05-17,166786000.0,139094102,84887200,49303400,65470700.0,3049300.0,48442000.0,7034400.0,12379000,8964800.0,14161700,51780900,108904600,15937500.0,2699600
2017-05-18,203136500.0,158054579,35564400,70218600,78913600.0,2852000.0,53502800.0,8523300.0,11714000,3936900.0,17968600,24185100,30963400,19956500.0,3746400
2017-05-19,182948000.0,199162840,113093200,78460600,140860000.0,10200200.0,52777500.0,7065300.0,11993000,8295800.0,12826900,45626600,24996400,14071000.0,2965300
2017-05-22,81751500.0,178052925,102829200,86980000,92800400.0,5033500.0,50711500.0,5781200.0,16544000,7913700.0,22704000,23475300,61079400,35480000.0,3504000
2017-05-23,87609500.0,110151502,73616400,73723600,70551200.0,8344700.0,40611000.0,6348800.0,11528500,6923600.0,16512000,26022500,32925900,14630500.0,2304900
2017-05-24,97663500.0,124781205,50502800,39729400,76441800.0,4633400.0,28548100.0,3787900.0,11251500,2350300.0,13258200,39995400,14749300,10371000.0,1268300
2017-05-26,126066500.0,151350514,57578000,60636600,123903300.0,5570200.0,21515800.0,8073300.0,8029000,5057600.0,10230300,12246200,29798500,12392500.0,3817700
2017-05-29,103340500.0,48242983,46570000,22523800,69694400.0,3315400.0,17837200.0,7014200.0,4053500,2551400.0,2667300,12906700,141141200,5313000.0,1261900
2017-05-30,56862000.0,46155147,40218400,22183400,57720500.0,2349600.0,18482400.0,6460000.0,10209000,4949200.0,9242600,9837800,64525500,7135500.0,608200
2017-05-31,1062861500.0,182778607,85243600,64066000,184808900.0,39779700.0,40011500.0,9556500.0,24250000,11977000.0,13099200,69435500,183754000,16184500.0,2161900
2017-06-01,0.0,0,0,0,0.0,0.0,0.0,0.0,0,0.0,0,0,0,0.0,0
2017-06-02,241656500.0,97643186,59829200,66151400,168414800.0,6851600.0,34516200.0,3974900.0,6941000,7379300.0,7398200,14899100,36832000,24168000.0,2926400
2017-06-05,102575000.0,98219596,47045600,26167200,88200300.0,14479600.0,26482300.0,3106200.0,3277000,1720100.0,4884500,11013400,115261500,19864000.0,445100
2017-06-06,87003500.0,90498013,28721200,15752200,99538800.0,13360200.0,31668900.0,4264100.0,3346000,4460800.0,7211900,9842200,35456100,52055000.0,1995400
2017-06-07,74324000.0,95703303,49372000,16201200,99176400.0,7635200.0,13672900.0,2691800.0,4699500,1998200.0,3348100,16642100,25556500,22255000.0,3077000
2017-06-08,92743000.0,73026411,71202800,41492000,88979800.0,7664000.0,12097300.0,2045900.0,4918500,23630500.0,44088100,13804200,57808300,17213000.0,2283700
2017-06-09,101066500.0,159540705,32254000,64262400,137960200.0,6713600.0,20044400.0,5631900.0,5631000,15467600.0,27551100,17807800,15215200,11187000.0,2020700
2017-06-12,38489500.0,50916029,25720400,17724600,52481100.0,8981100.0,12909000.0,3610100.0,5031000,3301800.0,11935200,11886100,19076100,6182500.0,1261100
2017-06-13,49797000.0,64995172,33952400,36639000,61967400.0,5704900.0,16459600.0,1771800.0,3052000,4854500.0,14432200,43961200,36398000,12987500.0,2048700
2017-06-14,79121500.0,88024620,47202400,29828400,72198600.0,6140700.0,21545600.0,3012000.0,9012500,3812300.0,20291100,30774600,43368600,31954000.0,4131600
2017-06-15,116159000.0,60059387,93786800,27510600,50887900.0,2462700.0,23078400.0,2782800.0,4430000,3319400.0,16345000,21575000,14858200,8396500.0,1393100
2017-06-16,607322000.0,182217047,87512000,54740000,267351200.0,13373000.0,53399700.0,9610200.0,17764500,6907000.0,16091100,40355400,21389700,28463000.0,2043200
2017-06-19,56511500.0,49042147,30677600,23813000,48458800.0,5533100.0,19307300.0,3472500.0,5516000,2558900.0,11059000,14443800,17487600,5843500.0,1311300
2017-06-20,87824500.0,65427480,69688000,43861400,93396600.0,2601500.0,37530000.0,4884400.0,5140500,6849400.0,9129900,52913200,9263500,27016000.0,686200
2017-06-21,68809000.0,125778922,194634400,50395400,116596300.0,11308300.0,45981300.0,4307100.0,8036500,4372000.0,7901700,57797600,20616500,14777000.0,1209500
2017-06-22,82107500.0,142911718,140644400,67970200,76420700.0,10632200.0,45673700.0,3455800.0,8018000,1813600.0,13105900,61501600,6431000,30466000.0,1950400
2017-06-23,0.0,0,0,0,0.0,0.0,0.0,0.0,0,0.0,0,0,0,0.0,0
2017-06-26,0.0,0,0,0,0.0,0.0,0.0,0.0,0,0.0,0,0,0,0.0,0
2017-06-27,0.0,0,0,0,0.0,0.0,0.0,0.0,0,0.0,0,0,0,0.0,0
2017-06-28,0.0,0,0,0,0.0,0.0,0.0,0.0,0,0.0,0,0,0,0.0,0
2017-06-29,0.0,0,0,0,0.0,0.0,0.0,0.0,0,0.0,0,0,0,0.0,0
2017-06-30,0.0,0,0,0,0.0,0.0,0.0,0.0,0,0.0,0,0,0,0.0,0
2017-07-03,213038500.0,244610675,116340400,78688000,213322100.0,17349300.0,60820600.0,10273000.0,14225000,4120600.0,13126900,47567900,15816300,19096500.0,2668700
2017-07-04,64599000.0,160913529,65585600,40810000,126977200.0,1697800.0,27327700.0,3009800.0,5706500,9774600.0,11112700,19652600,25412300,20594000.0,772200
2017-07-05,56981000.0,130771358,156807200,32820000,76950600.0,5605500.0,49131100.0,2499500.0,9309500,6315500.0,8292900,23964300,25318300,22350500.0,1974300
2017-07-06,89306500.0,129686189,68512000,36769400,74712800.0,3756500.0,33107000.0,2911100.0,4656500,12517900.0,4677100,14005200,6155100,11993500.0,2571900
2017-07-07,82260000.0,112193137,94396000,46046200,74859600.0,7528700.0,31017800.0,1722500.0,4487500,6387800.0,7710200,21707700,22957900,12074000.0,783900
2017-07-10,40506000.0,107130300,44828000,33435800,40905200.0,2819000.0,27066400.0,1302600.0,8638500,1792400.0,4205200,9516100,5487400,0.0,286500
2017-07-11,61603500.0,125045759,49422400,56502800,59015400.0,4905100.0,28895800.0,1567600.0,5419500,3445800.0,5029200,23017400,11048100,7705500.0,1424500
2017-07-12,89196500.0,81526258,33112400,46648600,42386500.0,8720300.0,36580200.0,2729400.0,6120500,1416000.0,7133400,9973600,6873200,10080500.0,1735600
2017-07-13,64456000.0,91359878,102872000,41157200,83010800.0,8019900.0,65107500.0,4077000.0,10013000,2903300.0,9377600,18009600,4404900,7574500.0,1666500
2017-07-14,41700000.0,172757433,23547200,29511000,61198800.0,1692800.0,34370300.0,2016700.0,3841000,3428100.0,4365900,12839400,6158400,3600500.0,1113400
2017-07-17,61702000.0,74671489,28083200,27866400,53983200.0,6377500.0,20377100.0,1883000.0,5036500,2186300.0,4656000,10308400,72311400,11377000.0,1171800
2017-07-18,39056500.0,112101286,17110400,42780000,63087200.0,2294400.0,26018200.0,2895800.0,7084500,2151500.0,3183700,16011200,37100300,4421500.0,623700
2017-07-19,45057500.0,76411169,47982400,9804400,31882000.0,1492000.0,86130500.0,7173300.0,9267000,8057800.0,5206000,19454700,21032700,17960500.0,2479300
2017-07-20,59790000.0,102125213,31556800,34954600,65946300.0,966600.0,22992700.0,4140500.0,6951500,6661200.0,2737900,10537200,8878600,15483000.0,2530900
2017-07-21,25438500.0,43555802,62956800,14910000,61852600.0,2624600.0,46991000.0,2854700.0,3462500,13697800.0,7429900,26997000,10171800,11479500.0,1601800
2017-07-24,91781000.0,106487889,68629600,32003200,139361700.0,3089800.0,61331300.0,3999200.0,10861500,6005200.0,4864600,54816200,13504500,13681000.0,764600
2017-07-25,64479500.0,95088392,56757200,18762400,82776400.0,3121600.0,71959500.0,3281200.0,9731500,2926200.0,6022900,49399000,14167700,8530500.0,1338400
2017-07-26,118081000.0,134958581,114075600,17456600,65286900.0,1682200.0,42348400.0,1874300.0,8408500,4498600.0,4887700,39577700,59653900,9902000.0,801300
2017-07-27,63409500.0,84358807,74731600,43950400,79556300.0,8194400.0,33556800.0,2014100.0,10461000,4940000.0,4113200,29718300,26317600,5992500.0,601700
2017-07-28,84735000.0,250806532,87392800,31100000,77012600.0,6309300.0,96029800.0,4231600.0,7681500,6042700.0,7315500,25039900,109987400,11724000.0,728300
2017-07-31,65311000.0,246660010,85417600,39497000,105620500.0,12005900.0,57540900.0,4072600.0,17823000,11906600.0,12752100,24428400,19661600,15087500.0,1744300
2017-08-01,88810000.0,95166493,29979200,34837800,98006400.0,13252200.0,75196300.0,4369700.0,6125000,6721800.0,9058200,29328600,29985500,21720000.0,2118500
2017-08-02,62681500.0,58345007,65299600,21540400,76646000.0,15130200.0,61600300.0,1767100.0,6305500,4626600.0,4753300,48417600,32474400,9006000.0,2185400
2017-08-03,43917500.0,111998984,75375200,12995800,57453500.0,5270000.0,39479300.0,1957900.0,13967500,4140600.0,6708500,42387400,25897800,3998000.0,571200
2017-08-04,70007000.0,63645449,62769600,22174200,53596700.0,1748000.0,62576700.0,2089400.0,10639000,5412100.0,6600200,54651000,61558600,8172500.0,1900800
2017-08-07,57609000.0,77243334,71766800,19663600,50259300.0,5544400.0,58213100.0,1248100.0,11487500,3145300.0,6799900,21880900,33692700,13476000.0,1720700
2017-08-08,58013000.0,83898999,58065600,27112600,55006100.0,2914700.0,49160800.0,2652000.0,7408000,2875600.0,4036400,21393500,27776800,9774000.0,951800
2017-08-09,62335500.0,109413939,49458800,30474600,67040700.0,3878400.0,30630400.0,2673100.0,10842000,5668900.0,7303600,46034400,50302900,10169000.0,891900
2017-08-10,38466500.0,92427996,41486400,51320800,36139000.0,2005900.0,32682600.0,1343300.0,4518000,1069600.0,3290400,44617200,50850900,6608000.0,1654700
2017-08-11,68837000.0,165214053,111049200,32354600,61681900.0,5716400.0,40834900.0,2169400.0,7609000,3737400.0,6379900,49496400,12102600,4082500.0,594800
2017-08-14,32254000.0,89218141,77951600,37100400,45942500.0,3784500.0,27663800.0,1882400.0,4960500,2787400.0,2446300,55186600,7751500,8144500.0,1270800
2017-08-15,42814000.0,94434981,47208800,41808200,62541500.0,4273400.0,25118000.0,2296400.0,6857500,2480500.0,2245000,47549600,12460000,6951500.0,1205800
2017-08-16,54188500.0,78198700,40337200,34834000,72564900.0,8238700.0,23947900.0,1982600.0,10184500,5832600.0,4965000,50437400,10240400,7653000.0,1043600
2017-08-17,0.0,0,0,0,0.0,0.0,0.0,0.0,0,0.0,0,0,0,0.0,0
2017-08-18,54443500.0,87112154,143414400,50459600,72171800.0,2147200.0,69231100.0,3902600.0,7911000,5200300.0,3986300,25075900,18410200,6786000.0,1327700
2017-08-21,20734000.0,105929629,56732800,35679000,36963300.0,4380000.0,39339900.0,2335600.0,4622500,3484700.0,3944700,13944900,102629300,11180000.0,826800
2017-08-22,35817000.0,126503835,37080400,31880800,45279100.0,6646400.0,21229100.0,3101100.0,8817500,4678600.0,4511500,34107000,182949100,12526500.0,1637200
2017-08-23,48576500.0,64812019,46171200,20972400,55475800.0,10501700.0,22579300.0,1259100.0,6244000,5490200.0,4373400,15351800,42780700,6942500.0,1568400
2017-08-24,57641000.0,55936516,84711600,29051400,59747100.0,6234600.0,33232300.0,6593600.0,8362000,1898200.0,4660700,9145400,177441400,4306500.0,1275600
2017-08-25,43855500.0,69625152,45026400,15856800,34666200.0,11059300.0,14260900.0,1612800.0,11047500,5923100.0,6548800,24406700,34707600,4241000.0,1322000
2017-08-28,28840500.0,37006289,15407600,14060200,42681600.0,3516800.0,13320400.0,2128600.0,3337500,1071700.0,1562800,13636000,36112300,6194500.0,1345900
2017-08-29,32155000.0,87108854,83386400,28986000,66770700.0,9512700.0,23577800.0,1796700.0,15226000,5370400.0,3673100,18314200,122694300,4295500.0,2603200
2017-08-30,42254000.0,59839933,48228400,34258200,41010800.0,13017500.0,19964000.0,2802300.0,12592500,2446100.0,5397500,38289500,224928900,24084500.0,2805800
2017-08-31,65610500.0,63930904,69100800,19382600,60803000.0,3746800.0,16196800.0,2476100.0,8868000,1772800.0,7684600,18655500,81253900,23050500.0,2063600
2017-09-01,0.0,0,0,0,0.0,0.0,0.0,0.0,0,0.0,0,0,0,0.0,0
2017-09-04,37213500.0,71365932,69268400,21464800,74663400.0,7033600.0,25464400.0,1700500.0,7962000,2763400.0,4531000,15050800,107837600,17044000.0,583500
2017-09-05,73701500.0,34966853,53423200,21064200,71280300.0,3397300.0,32642400.0,1883100.0,4802000,2221300.0,3513700,9165500,69302100,12236500.0,755600
2017-09-06,59771000.0,100974044,126368400,35728200,60257800.0,14150000.0,21294500.0,1570400.0,7837000,3715400.0,4532000,11635200,23984600,6202000.0,1309500
2017-09-07,44964000.0,64340661,45544400,28816600,47238900.0,2144500.0,66835400.0,2987500.0,5440500,2045800.0,4356300,17204900,30548300,8758500.0,1841800
2017-09-08,51583000.0,57494143,92788000,34090800,40939600.0,4168900.0,21174500.0,1526400.0,5309000,2544200.0,5785600,14018000,31039600,6928500.0,648200
2017-09-11,36496500.0,91614532,51046400,10727800,45419200.0,2103100.0,23092100.0,1374400.0,4821000,1464100.0,3978600,16400900,30436400,6431500.0,1292700
2017-09-12,52225000.0,108926631,51482000,55121600,68810000.0,2999900.0,20592600.0,1622100.0,6335500,3686200.0,4194200,6447700,25738800,5538500.0,1837400
2017-09-13,29835000.0,47172664,22269800,15760000,55115400.0,5191700.0,18785000.0,2398000.0,5244500,3350500.0,2842700,13828100,37638600,100979500.0,3542200
2017-09-14,37754000.0,53380622,32387000,22083200,53421400.0,14130500.0,23106600.0,2834100.0,7497000,2231100.0,4132100,29636000,36698200,89501500.0,2374600
2017-09-15,163473500.0,168131304,96577000,58041000,112759200.0,7301100.0,68407700.0,3295600.0,13225500,5403000.0,11066600,42037900,22670800,107659500.0,927400
2017-09-18,30903500.0,93380612,31203000,36413200,61345400.0,1114800.0,13151900.0,1340600.0,5104500,2503700.0,3842600,23805600,13545400,67341000.0,606500
2017-09-19,59579500.0,90070105,65627600,22051400,54676900.0,5492800.0,29776800.0,3609900.0,9661000,3482000.0,7630800,15865000,19730200,20837500.0,710400
2017-09-20,76382000.0,64475413,152308200,24931800,58141200.0,7308400.0,29674000.0,3066300.0,8159000,7447000.0,6021600,8508100,41602000,17656000.0,566800
2017-09-21,0.0,0,0,0,0.0,0.0,0.0,0.0,0,0.0,0,0,0,0.0,0
2017-09-22,125871000.0,200934970,88331600,55570800,100046700.0,11837800.0,26283500.0,3418000.0,13066500,6249600.0,9517400,23138900,12778300,9854000.0,875200
2017-09-25,97549500.0,90188907,55045800,19905000,33070000.0,6906700.0,11458400.0,1337300.0,9983000,3282400.0,2846600,7547100,78522200,15406500.0,855100
2017-09-26,99934500.0,135448639,94085400,26820400,83557100.0,2655100.0,24368000.0,4945700.0,8519000,1374100.0,5980400,8905800,29735000,6123500.0,1523200
2017-09-27,122173500.0,110312105,121814200,45995600,60995800.0,4885800.0,26298600.0,1917100.0,10578500,3019400.0,7354500,19610300,18345200,53720500.0,1447500
2017-09-28,101703500.0,143143272,56049600,30117200,105241200.0,9642700.0,39139000.0,2743300.0,12687500,2436900.0,6959900,23265900,14424300,109677000.0,1902400
2017-09-29,188602500.0,181632387,175719200,36827000,202031900.0,6934400.0,46487800.0,2358900.0,9658000,5858300.0,7300700,18233900,24072600,49633500.0,2082400
2017-10-02,52865500.0,76614673,41590800,16754200,79696400.0,6252700.0,9926400.0,819300.0,6749500,2844500.0,3636400,12332500,16530400,24891500.0,1360100
2017-10-03,48209500.0,55486608,59653400,44025600,113933700.0,11048100.0,21948000.0,3820000.0,11272000,4266100.0,7394100,15004900,17013200,42329500.0,1186400
2017-10-04,101610500.0,54583492,43641800,24178600,101963100.0,5695900.0,13975000.0,2277300.0,10373000,4151100.0,2437300,21567400,24907700,24009000.0,2955100
2017-10-05,120569000.0,75609255,77918000,36479800,164687600.0,7931500.0,14579200.0,3802800.0,8606000,10442900.0,10440500,15343000,8762500,37973500.0,697900
2017-10-06,100290500.0,100901442,22471200,22916600,83595800.0,1355900.0,22631900.0,2458200.0,6094000,3780500.0,5878000,12184000,5793900,34677500.0,1207100
2017-10-09,65156500.0,110383056,21028600,16586600,73027700.0,6372700.0,6730400.0,2826500.0,5257500,2114100.0,9358800,14725700,12896700,12753500.0,449000
2017-10-10,55606000.0,75044946,53161200,33340000,95524700.0,3362300.0,20537300.0,3431000.0,8980500,2812300.0,5187400,14029400,18229500,10635000.0,717200
2017-10-11,67298000.0,69635052,117588400,38843400,365951800.0,9089600.0,21573000.0,2490700.0,13506000,2031400.0,9194200,11555900,10587800,27816500.0,2439600
2017-10-12,103676500.0,179268446,167578400,84402000,163091000.0,6976700.0,22737500.0,3660900.0,11075500,12663700.0,7717900,13915700,12507300,12056000.0,1217200
2017-10-13,55690000.0,136602009,98661000,32849600,122491000.0,2742000.0,41940300.0,2288100.0,7564000,2883300.0,17438600,17426800,11977700,14420500.0,760500
2017-10-16,54328000.0,63029988,177292000,30412000,167517000.0,4567900.0,26598000.0,3401900.0,14947500,2555700.0,6637200,11001000,35225800,21777500.0,804800
2017-10-17,115934500.0,79215118,112955000,24675600,286827400.0,6178400.0,37010200.0,2932300.0,9172000,5599700.0,7392100,15980700,6222200,15796000.0,1556500
2017-10-18,124576000.0,134680276,152454400,37451200,379725700.0,7734200.0,32143300.0,2916100.0,8779500,2611800.0,5620100,12406100,25437000,21116500.0,696300
2017-10-19,68639000.0,150718553,78878400,26468400,231274800.0,4635800.0,32412000.0,1445500.0,8349000,5052900.0,6156900,18305200,14121600,18423500.0,1592800
2017-10-20,60758000.0,118719550,55557200,35181800,107642900.0,4830600.0,24764300.0,4100300.0,5250500,3103800.0,3576900,11115000,13645500,36807000.0,1760400
2017-10-23,62843500.0,90630565,65908600,19664800,118213500.0,5319200.0,12519500.0,3941500.0,5488000,3298400.0,4812800,11351500,12261700,17635500.0,963800
2017-10-24,65380000.0,63772501,44982200,28144400,69942200.0,3358700.0,14194000.0,3892900.0,6441000,1931100.0,5353100,23653700,7100400,23769500.0,604100
2017-10-25,69421500.0,87973469,166683400,31484200,308355300.0,10969800.0,31668600.0,13271000.0,11117500,3556700.0,4369200,20719600,26980900,7113500.0,1087000
2017-10-26,41336000.0,124320297,91155200,43112200,348271000.0,7313400.0,21507300.0,2928300.0,13064000,5364300.0,11333500,45362000,24938000,29502000.0,1224200
2017-10-27,101701000.0,148027906,63364400,51126400,122923500.0,6912000.0,25414900.0,4714200.0,9376500,5206600.0,6246400,29880800,23814100,15542500.0,1934600
2017-10-30,55210500.0,127284848,107043000,15308000,140445100.0,4305700.0,20373600.0,3462400.0,6617500,4968200.0,6944500,14216500,21423800,38236000.0,1539600
2017-10-31,78009000.0,136784612,78930400,28586200,111757900.0,7903700.0,20477100.0,3395600.0,11025500,4606300.0,6001300,48384000,20497400,42394000.0,1662500
2017-11-01,103776500.0,53466423,43310400,66702600,267366500.0,12536100.0,20372200.0,3805900.0,4798500,2518000.0,5341700,38455300,187604600,15759500.0,1020900
2017-11-02,95839000.0,133842061,68625800,22962000,154764900.0,16658200.0,27319900.0,3977800.0,15044500,5279800.0,6435600,29003900,256093000,9622500.0,847800
2017-11-03,70070000.0,81419556,78730200,23064200,80926400.0,6422500.0,18109000.0,3162600.0,5694000,2488300.0,5582300,21559800,22853300,7655000.0,1190600
2017-11-06,38234000.0,174081306,59551800,32297000,177511800.0,2411300.0,13226900.0,2348200.0,11908000,2780900.0,4338100,21551700,28975500,14087000.0,1456500
2017-11-07,49234500.0,87061553,56480400,30663000,84694700.0,2988000.0,14733300.0,2226400.0,6445500,2895900.0,13398500,18518500,103506100,40732500.0,1036100
2017-11-08,61518000.0,218007815,80597600,24461600,145225500.0,5370500.0,17351000.0,4843900.0,3795500,3348000.0,5650000,64706400,63204500,21642500.0,1511100
2017-11-09,51541000.0,205777254,170971800,24000400,91933800.0,3457400.0,19154200.0,2870000.0,6427500,3479900.0,11225200,71432400,103690000,14260500.0,1814500
2017-11-10,79178500.0,110164042,84111200,18561000,56993800.0,3427600.0,21907200.0,7483700.0,7882000,2194000.0,10264200,28895600,38442300,6614500.0,2088400
2017-11-13,56963000.0,61585773,33709000,40349400,92109100.0,4114000.0,19112700.0,3641700.0,7800000,2212100.0,6142600,13569500,83549000,6301500.0,926800
2017-11-14,54986000.0,115708028,59334000,29833400,64809800.0,2616900.0,30370500.0,4382300.0,10573000,2366700.0,2857300,11884500,42247300,13632000.0,1248900
2017-11-15,94253500.0,86956171,81461200,42070400,96128400.0,5931000.0,27970500.0,4466200.0,11142000,2507100.0,4615700,34420600,45943200,50945500.0,1540500
2017-11-16,61512500.0,85818202,79021400,33774000,134137000.0,5151300.0,18888400.0,3912600.0,8375500,2238400.0,10602100,18894900,25308500,27644000.0,1371500
2017-11-17,126881500.0,125462337,96578200,32994200,80261800.0,4249400.0,18047300.0,2203100.0,11551500,4087700.0,13645600,13292800,34187200,15407500.0,914400
2017-11-20,90902500.0,101541653,53410000,22218200,48453900.0,5584800.0,15859900.0,2471800.0,9124500,3709400.0,9330600,14297000,14196200,7342000.0,558200
2017-11-21,63695000.0,120809256,191716800,20395800,96842900.0,9143500.0,20031300.0,5891400.0,10193000,4210400.0,9885300,21735900,10088000,22291500.0,1366400
2017-11-22,86719000.0,162404055,72659600,56956400,69602300.0,12340400.0,44718900.0,4968400.0,9824500,3103700.0,7497000,18293800,20933300,14066500.0,669400
2017-11-23,66003500.0,54675014,55739600,15367600,62887900.0,4022400.0,22538000.0,1987100.0,4044500,1951300.0,10216400,8072200,6915400,6401500.0,355300
2017-11-24,60888000.0,90988291,36058400,16894600,87879900.0,7208700.0,16053600.0,3862400.0,9735500,2882200.0,9343400,14763300,14418800,9817500.0,401900
2017-11-27,78146500.0,117102632,122810200,19265800,82769500.0,7947500.0,29480600.0,5627500.0,9359500,8435400.0,12473100,19269100,12238700,11467500.0,589900
2017-11-28,77432000.0,151327083,68486600,39602200,99928100.0,11478100.0,37782300.0,6320700.0,12345500,12187700.0,14653400,24099700,23712100,12267000.0,490900
2017-11-29,103370500.0,114279873,139273800,27398000,79872900.0,12522100.0,20756600.0,7945000.0,15500500,11105600.0,11133500,15360200,28563000,29830500.0,1462900
2017-11-30,205897500.0,221839511,167540000,46617800,185905200.0,11993600.0,66309200.0,12002400.0,34073000,14947800.0,27027000,66936700,12440800,20424000.0,1134400
2017-12-01,0.0,0,0,0,0.0,0.0,0.0,0.0,0,0.0,0,0,0,0.0,0
2017-12-04,128402500.0,146562241,73258000,39724000,78040500.0,10841200.0,42133200.0,8148300.0,12580000,5190000.0,14221600,33136000,12930500,26462500.0,1493100
2017-12-05,62670500.0,71912862,65673400,29186000,96504800.0,6281500.0,28286400.0,2630500.0,9735500,2874300.0,13366800,15362400,23577400,18458000.0,810600
2017-12-06,106299500.0,183323556,47704000,31801600,92126500.0,3316400.0,35433100.0,3293800.0,9752000,2963500.0,8356500,10990300,26738900,6521500.0,1624400
2017-12-07,69664000.0,62940997,50580000,19778000,52703100.0,2159700.0,13232000.0,1866100.0,5973500,3179500.0,8866800,12607200,23986400,7092000.0,1180800
2017-12-08,40480000.0,72219767,33166400,57970000,88536500.0,6073400.0,10274500.0,2103900.0,4845000,1299300.0,9393400,22959800,45310200,9609000.0,365200
2017-12-11,32973500.0,73592811,17030400,37139000,47625800.0,3394500.0,16605000.0,2722900.0,8978500,1581200.0,6757400,19634600,16493100,10623000.0,423400
2017-12-12,67854000.0,67555576,51088800,23971400,63036000.0,6063500.0,35361100.0,3374200.0,4723500,2017400.0,12214700,17726800,11540300,10400000.0,336600
2017-12-13,61131000.0,47317867,54077800,35945600,49020200.0,2996400.0,29885700.0,3121700.0,4754000,2723400.0,18456700,9217600,9749200,121137500.0,364000
2017-12-14,75550000.0,105853068,122524400,34487600,61517800.0,5765900.0,32461700.0,4108500.0,12766500,4387300.0,15601800,26765300,16982600,17020600.0,709200
2017-12-15,64630500.0,125414486,94872200,45623800,77110600.0,7271900.0,27656800.0,4817500.0,21064000,11590100.0,16750900,33744600,10841200,12516000.0,1488000
2017-12-18,76474000.0,76208216,33166000,34211200,47756500.0,4515800.0,24673600.0,3729900.0,7777500,3682000.0,9181300,17557500,9895500,10645100.0,567600
2017-12-19,76553500.0,99956306,70926400,24860400,85383600.0,3071900.0,18550800.0,3238100.0,14134000,2925000.0,15706100,30166900,16647700,79232400.0,891800
2017-12-20,102963500.0,82864651,79075800,33156400,87778400.0,9533700.0,38299700.0,4739800.0,24206500,3561800.0,14606300,30894000,9719700,46183200.0,1321700
2017-12-21,61100000.0,75601775,88489000,59538000,83893400.0,4836400.0,15656700.0,3595200.0,14735000,10573300.0,10857700,16241700,9024500,59619100.0,1035100
2017-12-22,94573000.0,72740626,158513400,135247200,50330400.0,4370300.0,15451000.0,3316500.0,9648500,3190600.0,4686000,15280100,7568100,25920200.0,1151700
2017-12-25,0.0,0,0,0,0.0,0.0,0.0,0.0,0,0.0,0,0,0,0.0,0
2017-12-26,0.0,0,0,0,0.0,0.0,0.0,0.0,0,0.0,0,0,0,0.0,0
2017-12-27,86689000.0,92024509,53968200,30633200,32211800.0,2357900.0,28066200.0,2081000.0,15840500,2361800.0,3274600,13398400,11145100,20194800.0,371800
2017-12-28,106501000.0,102250066,251049600,211920600,88576700.0,3844800.0,43106600.0,2636700.0,14564500,6811300.0,10295800,23078400,30355400,13912700.0,556800
2017-12-29,81347000.0,118481396,78314600,88298600,110053200.0,2845800.0,89127600.0,4163100.0,12763000,5181700.0,12848100,40084400,23985600,16900100.0,1029700
2018-01-01,0.0,0,0,0,0.0,0.0,0.0,0.0,0,0.0,0,0,0,0.0,0
2018-01-02,82303500.0,100241541,59351600,24868000,66075600.0,3933100.0,24661300.0,3701100.0,12108500,5599400.0,6875700,17137900,36621000,22905300.0,577400
2018-01-03,68214000.0,77164902,84278000,53786400,129205000.0,3648800.0,40976100.0,4653700.0,13805500,4366800.0,11532300,15571500,43607600,29528800.0,1189400
2018-01-04,76567000.0,172049901,90123000,50780200,77953300.0,5236700.0,30604400.0,3575000.0,9651500,2862200.0,6861700,17727400,15064900,31256700.0,2091600
2018-01-05,65268000.0,95806814,75378600,46092600,55863000.0,5863100.0,18885300.0,4634300.0,8882500,1810300.0,8060200,16178100,49323700,63472900.0,2310700
2018-01-08,57928000.0,60016046,73784000,41349400,42916700.0,9762200.0,17178400.0,3940600.0,6800000,8825800.0,13357200,12831400,31920500,38304300.0,3827700
2018-01-09,61213000.0,99669091,67352000,28577200,100497400.0,8158300.0,23323800.0,4383400.0,15647500,8099000.0,13531800,22156800,51688900,50899300.0,1682500
2018-01-10,47292000.0,128052221,68746400,49823600,95004000.0,5935100.0,29616100.0,6453100.0,7498000,23830700.0,9997600,13610700,20774300,24974300.0,1490700
2018-01-11,57569000.0,125818963,89346200,53450000,80524900.0,5848300.0,19294700.0,2396300.0,7824500,13582800.0,5038700,10064200,14235700,50492000.0,477600
2018-01-12,66590500.0,146792365,84306400,47965600,70976800.0,5213300.0,15456000.0,3433800.0,5859500,6192400.0,8527900,21871200,66859000,31830300.0,1729800
2018-01-15,41875000.0,95279025,38412200,58879800,71388000.0,3646100.0,12912900.0,1136200.0,5317000,3709200.0,2802200,27815500,52828200,33808600.0,1483700
2018-01-16,50055000.0,101318790,46720000,40633200,84393300.0,3338200.0,25472200.0,2647900.0,6961500,10673500.0,15046200,34295700,236009800,29814600.0,2034000
2018-01-17,183003000.0,89613597,56945400,51065400,77197700.0,9114100.0,44342900.0,2001200.0,23525500,8573100.0,13872400,20086000,242283100,20336900.0,1293000
2018-01-18,84980500.0,87056383,53685800,41036600,100089500.0,4300500.0,41790200.0,3381800.0,9439000,7097200.0,7602900,13805400,276688800,17858500.0,1212700
2018-01-19,50450500.0,87535331,50158600,48248000,70890100.0,4172000.0,28789700.0,2977200.0,14025000,18329300.0,6292200,32398700,91891800,33179700.0,1600400
2018-01-22,81367500.0,128524019,91243800,48618200,83090400.0,8821900.0,40680600.0,4824300.0,11736000,14068700.0,19058300,16390700,142992100,45054500.0,2414700
2018-01-23,68752000.0,186238386,111192600,33345800,184176500.0,4231000.0,39074200.0,3718900.0,9284000,7788500.0,14253300,18200000,153083300,47668100.0,2051900
2018-01-24,94254500.0,165077211,84633200,31866000,241779600.0,2612400.0,36840200.0,3453800.0,8882500,12676600.0,7079200,37379200,93794700,36426500.0,2299500
2018-01-25,53653500.0,155403974,65155800,31179800,232552500.0,5186100.0,27585500.0,4421800.0,6900000,7479000.0,7476600,59394100,352356500,40008900.0,1880500
2018-01-26,58121000.0,149193706,69599800,18113800,246067800.0,3913600.0,24505100.0,1423100.0,7240500,3105800.0,3990400,36420000,136492700,31706200.0,986000
2018-01-29,114814500.0,134887519,101413600,43650600,156356300.0,4955600.0,17150200.0,3433100.0,9640000,3686400.0,6652900,40875600,289138600,69800200.0,1899500
2018-01-30,114055000.0,197268607,102154200,52189600,140694300.0,7850600.0,23643200.0,4643000.0,13392000,10278600.0,11507100,27592700,315950100,65155900.0,2403200
2018-01-31,106803000.0,289533250,79788400,48221400,112276200.0,8545000.0,29112000.0,5412800.0,14159000,7407400.0,11965100,32040600,144940600,36172700.0,1572000
2018-02-01,138208000.0,160147366,72274400,38814200,102291000.0,12844100.0,31700800.0,5041300.0,8391500,3019700.0,10204300,18001500,89292800,42603600.0,1658600
2018-02-02,98474000.0,125526688,60042800,28083000,71707200.0,9666000.0,24482800.0,2976300.0,14217000,6075700.0,4592300,18333600,99715700,63009400.0,3163200
2018-02-05,49501500.0,123946840,63620600,42141600,70792500.0,5350900.0,23045600.0,2146900.0,10111500,3366700.0,5115700,18596700,81427400,41271500.0,1250600
2018-02-06,117589500.0,286316245,92415600,66860400,146207400.0,5190400.0,33410900.0,6184000.0,30560000,6984600.0,16499000,31505700,226942600,37651800.0,2002400
2018-02-07,121947000.0,151721770,57427400,67478600,120081100.0,5186600.0,31215400.0,3638900.0,12607500,3048600.0,9916400,16122900,135418800,16980100.0,1332600
2018-02-08,68461000.0,122222231,79067200,50903000,101865000.0,2673100.0,28406900.0,2823500.0,10242000,6702000.0,6543200,13779000,33518900,16982200.0,1035800
2018-02-09,71076500.0,102455989,211953600,38761800,78255000.0,5094600.0,64748600.0,4363200.0,12072000,2997700.0,8919100,15716200,56923900,16681000.0,612300
2018-02-12,38409500.0,89670248,72517000,20123800,58535200.0,3647000.0,20368800.0,3180000.0,9905500,4221100.0,3646800,13131800,44170700,14238400.0,440600
2018-02-13,59406000.0,119062096,75870600,56807200,79288000.0,3367300.0,30608200.0,2944500.0,7792500,2290900.0,10107000,16865800,58777900,64682100.0,1229800
2018-02-14,75553000.0,74433005,26730800,27068800,63313200.0,3414600.0,24033700.0,1144800.0,7630000,1151800.0,3861800,19550000,73143000,41812300.0,543500
2018-02-15,52958500.0,58183854,65557000,22594000,32896000.0,3666200.0,14832000.0,1369100.0,10587500,4885100.0,4137500,65805200,122690300,20886100.0,986900
2018-02-16,0.0,0,0,0,0.0,0.0,0.0,0.0,0,0.0,0,0,0,0.0,0
2018-02-19,50185500.0,69751104,49342200,31345000,89429500.0,6392200.0,22998500.0,2193100.0,6783500,2251200.0,4795300,22731900,70904500,28026700.0,1076100
2018-02-20,34830000.0,100658888,79298400,36932000,53466600.0,5036500.0,17276200.0,2466000.0,10324500,4421100.0,3427900,12763400,39191400,33912200.0,963100
2018-02-21,62499000.0,120299507,83845600,50223200,74130200.0,9651900.0,43896000.0,4768900.0,8576000,3621700.0,10740300,29578000,53100700,24226400.0,1007800
2018-02-22,47217000.0,114220142,39301400,33322000,91272600.0,6703300.0,33253700.0,5752300.0,10958000,3901700.0,6050200,17002500,25720600,10688100.0,1528200
2018-02-23,82233000.0,118526277,62711800,30031800,59706400.0,13053300.0,29457600.0,6904400.0,13641000,5070100.0,6811800,30853900,45745800,25570600.0,2624100
2018-02-26,85227500.0,107300693,66541400,15133000,56293900.0,8511500.0,23816800.0,2592800.0,7089500,2994500.0,7874900,15610000,24513000,22774300.0,1067300
2018-02-27,87429500.0,84161903,92994400,23121200,81554100.0,7701800.0,23718200.0,5791300.0,13849000,3027600.0,7910600,26920700,291118200,34596900.0,1288800
2018-02-28,132869000.0,138929979,81356600,37228800,94528200.0,10994200.0,45102600.0,11188100.0,20500000,3183900.0,10388200,33662700,90085600,33959800.0,1450800
2018-03-01,125474500.0,118792591,50682200,29107800,84215600.0,8334000.0,25963100.0,4192900.0,8966000,3388200.0,8506100,14533500,69385900,22108900.0,622300
2018-03-02,151511000.0,68018134,49761400,33001400,61410200.0,5419800.0,15833800.0,3938800.0,6073000,2119300.0,6042200,21414200,40085400,21078300.0,2535400
2018-03-05,87744000.0,60785289,44376600,30119000,56394900.0,2282500.0,19421500.0,3868800.0,16006500,3145800.0,13235400,19708500,36938600,10911900.0,1746800
2018-03-06,75907000.0,100183130,77337000,38385800,59010500.0,2359300.0,29864500.0,3056000.0,9490000,2274900.0,11197500,28568200,35601300,13366200.0,1757800
2018-03-07,106152000.0,155776220,116997600,46561200,100646000.0,8320800.0,56371600.0,5016000.0,20482500,2871700.0,9955000,22095800,102570500,22734900.0,1766800
2018-03-08,102994500.0,143707692,86635600,44365200,152547000.0,6913300.0,45172700.0,3678200.0,12961500,3326800.0,9359200,17765600,33177200,53460300.0,4323600
2018-03-09,66797000.0,109099004,46391000,18643400,97354700.0,4662200.0,26855700.0,3419400.0,12133500,1054400.0,3127000,11962800,39720000,85692200.0,1931400
2018-03-12,111180500.0,158650900,78310600,22744600,87344000.0,8541900.0,34352400.0,3581400.0,16465500,3017500.0,6550500,30800300,57585600,67077600.0,3060700
2018-03-13,80643000.0,140515107,79622600,34127400,96605900.0,6838700.0,29718200.0,5234000.0,11372500,4525100.0,7593700,30736700,29402200,29446200.0,2157800
2018-03-14,54505500.0,64433502,41997000,28243800,74296000.0,4587100.0,25878500.0,5887300.0,4367500,1899100.0,3518500,39940000,27065400,28915700.0,2284500
2018-03-15,60774500.0,165019570,66507000,23676600,133775500.0,7690700.0,38893700.0,4890200.0,7245500,8421300.0,7585400,9077600,28052000,32357700.0,1573000
2018-03-16,193122000.0,249097762,155572000,56727000,208216200.0,13332700.0,93558800.0,9680100.0,22295000,6026300.0,14475200,38247700,24534400,33017500.0,6234700
2018-03-19,74200000.0,99120072,95158400,16168000,111808000.0,7353100.0,44260000.0,4637100.0,3898000,1869400.0,3136100,12487600,24939800,15224900.0,867000
2018-03-20,89683500.0,115814840,77864800,31426800,254154700.0,3638200.0,53047800.0,6216200.0,6551000,2730400.0,5952200,15890600,34026000,15885000.0,954300
2018-03-21,67617500.0,147523988,113297400,53244600,152085900.0,3348100.0,41451100.0,7086900.0,7897000,2585200.0,7725200,16147200,37710400,15905800.0,1491100
2018-03-22,60791500.0,159015446,183372000,65698800,132850400.0,3811800.0,40302400.0,7281900.0,9370500,2256000.0,5782000,15122900,26026400,13129200.0,1335800
2018-03-23,62978000.0,216369227,90662600,53481400,104485500.0,4456600.0,38206300.0,5236000.0,12332500,2748100.0,8574000,24948600,45850200,12339200.0,1652500
2018-03-26,100407000.0,98906118,42673400,32974600,104993600.0,3343000.0,22640900.0,4856600.0,11523500,3240700.0,3789000,12118700,54393300,21131500.0,966400
2018-03-27,66088000.0,112691006,55450200,44409200,106157400.0,5604100.0,24060300.0,11980400.0,6272000,4033900.0,8866500,25485600,61345200,16978200.0,2425100
2018-03-28,36212500.0,108206998,76203200,49024600,83907700.0,5314400.0,32341200.0,6610900.0,4383500,1894200.0,7495400,10787400,32011800,16657900.0,1817600
2018-03-29,77650500.0,143949036,78477600,38270000,106930200.0,4252500.0,40859700.0,6935200.0,11235500,5206500.0,8823500,39368400,204176400,14023000.0,1799400
2018-03-30,0.0,0,0,0,0.0,0.0,0.0,0.0,0,0.0,0,0,0,0.0,0
2018-04-02,37162500.0,76216686,31435200,13011400,63944000.0,7548500.0,30899400.0,6218400.0,6970500,1382800.0,2889600,30795300,45249700,26837500.0,1806000
2018-04-03,56261000.0,50078034,47967200,29600400,57234700.0,6626900.0,30007800.0,4916600.0,5223500,8654000.0,6528100,8138400,55993500,24676300.0,2206500
2018-04-04,49877000.0,97768588,38287200,45351800,80976000.0,14698700.0,22563400.0,5458800.0,5087000,3334900.0,5165100,35450900,71182400,24110000.0,1684100
2018-04-05,22521500.0,88018240,54709000,43163200,102973700.0,9789500.0,16561500.0,5128300.0,3107000,1341900.0,2348600,9031300,51596500,34597300.0,1607400
2018-04-06,47941500.0,74313983,45831200,29745000,62905500.0,3291100.0,8268700.0,3010900.0,3063500,1366300.0,3894200,20930300,66940200,19702600.0,646100
2018-04-09,51013000.0,53455753,32505800,22361400,114947800.0,3452500.0,17097200.0,3632400.0,5733500,3147300.0,6902600,5659600,89643600,18093900.0,688500
2018-04-10,79533500.0,94237087,87487000,39371400,138847700.0,10384200.0,27654600.0,4591000.0,8846500,4882800.0,11617900,16260000,58705500,26943900.0,1454100
2018-04-11,41891500.0,96474306,58578400,27757600,58454500.0,7352400.0,34716800.0,6352700.0,6913000,2938000.0,9453000,10460400,170456400,121675600.0,1529700
2018-04-12,45957000.0,68189737,56053600,16139400,76340800.0,2846700.0,26558600.0,3356300.0,5920000,3597100.0,10132200,25484900,137906400,44261100.0,788000
2018-04-13,70179500.0,64579915,33896200,17638400,88313600.0,8947700.0,17816300.0,2276600.0,4735500,3511600.0,7042900,25644800,54329700,25169400.0,543700
2018-04-16,0.0,0,0,0,0.0,0.0,0.0,0.0,0,0.0,5150100,0,34008800,0.0,758500
2018-04-17,0.0,0,0,0,0.0,0.0,0.0,0.0,0,0.0,12172100,0,41694300,0.0,1184800
2018-04-18,43716000.0,74694590,28595200,42338600,65927000.0,9186200.0,23356500.0,4157000.0,7122000,1849400.0,8005200,16835200,65244700,63977900.0,546400
2018-04-19,0.0,0,0,0,0.0,0.0,0.0,0.0,0,0.0,3752100,0,341606500,0.0,1082300
2018-04-20,0.0,0,0,0,0.0,0.0,0.0,0.0,0,0.0,6606500,0,67632100,0.0,553500
2018-04-23,46236000.0,96494986,62793000,44285800,72362700.0,3307300.0,12648900.0,3483600.0,18258500,2153300.0,8442300,35794000,57180100,28666700.0,627600
2018-04-24,72223500.0,111607927,49193400,47569000,81396500.0,2807300.0,33995200.0,5784000.0,29048500,2618100.0,4391400,21325900,124908400,19411100.0,904900
2018-04-25,0.0,0,0,0,0.0,0.0,0.0,0.0,0,0.0,4629800,0,66736500,0.0,1337900
2018-04-26,0.0,0,0,0,0.0,0.0,0.0,0.0,0,0.0,10318400,0,76732300,0.0,1520000
2018-04-27,0.0,0,0,0,0.0,0.0,0.0,0.0,0,0.0,4395000,0,84351900,0.0,2186700
2018-04-30,90414000.0,143226213,94666400,46437600,95418200.0,5666900.0,20489400.0,4826900.0,6115500,8316100.0,9476200,21877100,40924600,32573800.0,2272000
2018-05-01,0.0,0,0,0,0.0,0.0,0.0,0.0,0,0.0,0,0,0,0.0,0
2018-05-02,82346000.0,130874320,53590000,26325800,118872100.0,21801700.0,28029500.0,8025300.0,12729500,3340300.0,7277400,15058000,44583500,33905400.0,2276700
2018-05-03,138704500.0,159331482,104380400,32683400,91601300.0,15131500.0,38116700.0,8281800.0,7128500,3011300.0,7637400,16862400,41029900,28449500.0,1979400
2018-05-04,74133500.0,200761167,54995600,47915000,80894300.0,24331200.0,20155100.0,4111600.0,6355500,2153900.0,14993100,22540900,27663100,18293600.0,1913000
2018-05-07,49054500.0,202507337,66820800,45072800,97351600.0,11002300.0,24167400.0,3317900.0,9679500,3357500.0,4370700,14864400,34347200,16270400.0,1065100
2018-05-08,70739000.0,121509198,106457400,34080000,107379900.0,15138500.0,45877500.0,3527300.0,9377000,3361800.0,7322600,17741400,38955100,12413100.0,870800
2018-05-09,72094000.0,203973553,111977600,84378800,149687500.0,18923100.0,51249600.0,5852600.0,19843000,2741600.0,14518000,28060300,31952100,33053500.0,1474300
2018-05-10,0.0,0,0,0,0.0,0.0,0.0,0.0,0,0.0,0,0,0,0.0,0
2018-05-11,80000500.0,177597297,103564000,59191400,120995700.0,16320700.0,21370800.0,4062700.0,21548500,5241400.0,7990000,33692100,21166000,25028400.0,1931300
2018-05-14,57370500.0,105848998,73256600,25569800,161018200.0,10554600.0,28081600.0,2822000.0,0,1674500.0,6590000,11969100,52437900,33819700.0,2307800
2018-05-15,130583000.0,118834392,117942000,25320200,230994800.0,49319100.0,30656400.0,3683100.0,10121500,3056100.0,7393200,37772000,35206800,34699300.0,1120700
2018-05-16,87185000.0,328823179,171743000,58816400,205406800.0,20068900.0,39298500.0,4196800.0,17244000,7731500.0,6789500,25694000,43438700,23301800.0,1265400
2018-05-17,84030500.0,190119473,108035800,40817200,179026500.0,64529900.0,31996300.0,6578700.0,23338500,2961100.0,9836700,27631500,30909700,30675900.0,1792400
2018-05-18,88681000.0,236572616,73179600,42973600,75748600.0,15494200.0,32946300.0,3655900.0,11921500,2644400.0,5593800,32053900,68215100,53990000.0,1032900
2018-05-21,82237000.0,569723380,93035200,43757400,57210900.0,10967000.0,19666000.0,2287700.0,5784000,1104300.0,10348400,21235400,90967600,44817000.0,1874200
2018-05-22,62761000.0,365772377,95244600,55586800,78667200.0,38736700.0,52564600.0,3988000.0,9639000,2170800.0,11034400,20814400,62235400,43277100.0,686800
2018-05-23,79515500.0,450918248,98477800,94261400,110630200.0,37761900.0,46432300.0,4455300.0,7356000,3673900.0,15409400,21342400,28834200,45281600.0,2307300
2018-05-24,77697000.0,277046605,105512200,53658400,84178300.0,48340200.0,31517700.0,3442300.0,8080000,4315900.0,16201500,19199800,63594700,47310400.0,1374400
2018-05-25,63913500.0,211478322,87283000,40285400,66374400.0,11694300.0,23149300.0,4872400.0,10020000,2592300.0,9524400,40664100,50343600,51245100.0,1280200
2018-05-28,64104500.0,204653144,129253400,86863600,90299200.0,29386000.0,20768800.0,3277700.0,8938500,4993000.0,9057800,8392800,28157100,28734900.0,489800
2018-05-29,0.0,0,0,0,0.0,0.0,0.0,0.0,0,0.0,0,0,0,0.0,0
2018-05-30,109761500.0,336856508,170628800,95135200,148933500.0,45601600.0,38264900.0,5440900.0,12386500,5819600.0,11301000,33648200,33098900,81247500.0,1787400
2018-05-31,178023000.0,343554524,211020800,95773400,255204300.0,268258400.0,99330400.0,13378000.0,38013500,12836100.0,21651200,93874300,43953700,40076300.0,1328900
2018-06-01,0.0,0,0,0,0.0,0.0,0.0,0.0,0,0.0,0,0,0,0.0,0
2018-06-04,89585000.0,233134066,80221000,69138600,141754800.0,101854000.0,29071700.0,6071300.0,13623000,3096000.0,7713300,29865600,62291200,59256200.0,1392700
2018-06-05,77233000.0,149580143,73520200,48378400,181376800.0,37090300.0,32973400.0,2202600.0,10943000,5751800.0,8137300,19353200,60110800,62334700.0,3484200
2018-06-06,57913500.0,109462340,72158600,40252000,143554900.0,55791200.0,27978000.0,3833800.0,10571000,2107000.0,10755400,19451500,508895400,27261200.0,1663400
2018-06-07,40681500.0,202124311,49787600,28292200,122724300.0,69590800.0,34005400.0,2930900.0,6000500,3601800.0,12775900,27487900,275452400,27420400.0,1476400
2018-06-08,170845000.0,289274526,134418800,69727800,260396300.0,35133500.0,82723800.0,6516600.0,25477000,7813700.0,17604100,74019200,200362500,46079200.0,2093700
2018-06-11,0.0,0,0,0,0.0,0.0,0.0,0.0,0,0.0,0,0,0,0.0,0
2018-06-12,0.0,0,0,0,0.0,0.0,0.0,0.0,0,0.0,0,0,0,0.0,0
2018-06-13,0.0,0,0,0,0.0,0.0,0.0,0.0,0,0.0,0,0,0,0.0,0
2018-06-14,0.0,0,0,0,0.0,0.0,0.0,0.0,0,0.0,0,0,0,0.0,0
2018-06-15,0.0,0,0,0,0.0,0.0,0.0,0.0,0,0.0,0,0,0,0.0,0
2018-06-18,0.0,0,0,0,0.0,0.0,0.0,0.0,0,0.0,0,0,0,0.0,0
2018-06-19,0.0,0,0,0,0.0,0.0,0.0,0.0,0,0.0,0,0,0,0.0,0
2018-06-20,253439000.0,391042344,170142400,124367800,295386100.0,24450900.0,94750500.0,9462200.0,29721000,6157600.0,20191400,73150800,64935900,58511600.0,3435200
2018-06-21,90593500.0,149165766,109648600,38436200,123848500.0,22124600.0,40710000.0,3582300.0,14450000,6583900.0,7803300,58045000,52368400,24215800.0,3839700
2018-06-22,96509500.0,232759070,90954000,56812000,121490900.0,22747900.0,30220100.0,3590000.0,15193500,6807400.0,8909500,31164600,42965100,22123000.0,3258000
2018-06-25,62513000.0,157345947,59331600,47743200,97826600.0,17903100.0,35216300.0,4417200.0,8633000,3340500.0,5831500,17667800,91154400,23189800.0,5133000
2018-06-26,54763500.0,204397610,55935600,45583800,91252300.0,8873900.0,21592800.0,3643100.0,9360000,4183200.0,9372700,24416100,54919100,11509800.0,2512400
2018-06-27,67309500.0,146981678,51148600,45340600,106616500.0,9582200.0,26041600.0,3520900.0,10589000,3189100.0,4276300,17399400,66853300,37884900.0,2419500
2018-06-28,118098500.0,217214701,109565000,59204200,133779300.0,19745600.0,47122000.0,4537600.0,13394500,2851600.0,8162800,46756000,50855300,35209900.0,2099200
2018-06-29,119188000.0,238570030,82868000,63937600,79116600.0,9407600.0,44077400.0,5302200.0,10911500,6143100.0,7575500,28005300,46732000,32722700.0,2369000
2018-07-02,59441500.0,166470935,55579800,36233600,55810800.0,4758900.0,30044400.0,2911800.0,5207500,1545300.0,3110700,19469500,55488600,24171200.0,2546400
2018-07-03,73038000.0,97720407,74286400,43162800,79439500.0,6862100.0,31918600.0,2393400.0,6845500,1892800.0,7073200,14711100,56216500,23568600.0,3158400
2018-07-04,61994500.0,141800039,54066400,56031800,54884500.0,23853700.0,26706500.0,1820700.0,5389500,3172300.0,2508700,11257800,43947900,14089400.0,2172600
2018-07-05,34144000.0,69844936,49814600,36731000,59717900.0,13741300.0,10071000.0,3103900.0,4884000,3362000.0,5574800,4229700,47671200,27873000.0,1795300
2018-07-06,37609000.0,84006801,51696400,34994000,67655200.0,4077000.0,12516100.0,2748500.0,6534500,1343400.0,2360100,11075100,34218400,25122400.0,2847000
2018-07-09,80049500.0,140680769,111683800,51496800,68798500.0,16784600.0,17337000.0,3669500.0,3660500,1404900.0,5603200,12007200,39966000,18080300.0,1978600
2018-07-10,116639500.0,144808151,87662000,54029400,118127300.0,10272100.0,36086900.0,2081100.0,7011000,2344400.0,6278100,19835600,38359900,24437600.0,1570800
2018-07-11,95570000.0,146347957,71600600,36394400,144055300.0,9753400.0,29415100.0,2381100.0,7940000,2448000.0,5216400,12471500,123699500,29899000.0,1075600
2018-07-12,79008000.0,100852711,69482600,53100400,114531700.0,12865400.0,22465500.0,4513800.0,4884500,1993100.0,3074800,24287900,72284300,49301600.0,1054400
2018-07-13,73936000.0,112109646,71123600,50913800,120852800.0,6060200.0,27647800.0,4970000.0,6592500,2202100.0,4189300,22298500,172649900,37962000.0,1359000
2018-07-16,71571000.0,95277155,57879600,47717000,66229700.0,8230000.0,16831500.0,3413300.0,7972500,1890300.0,3613900,15660100,119203500,34479900.0,1555000
2018-07-17,30322000.0,150798524,84860000,48973600,53740400.0,8886000.0,15901500.0,3303700.0,3969000,799600.0,3247700,17524500,73995300,49660900.0,953000
2018-07-18,80090500.0,125471907,46293000,37139200,75157800.0,15362500.0,19002100.0,3519100.0,4346500,2430100.0,3124000,18556500,74310200,36878200.0,2877500
2018-07-19,76925500.0,156549643,69942000,87599600,65340900.0,17674200.0,27562100.0,3041600.0,7982500,1262600.0,4363400,16997700,62368900,31058600.0,2046500
2018-07-20,57104000.0,79807478,101994800,52653000,66456000.0,9439800.0,22005400.0,1889500.0,6970000,1007600.0,5042500,9397800,48279400,21604200.0,1618100
2018-07-23,70157500.0,97874520,80140200,38023200,74605900.0,10532600.0,13735600.0,2442500.0,5777500,516100.0,3590000,3868600,62488300,53583800.0,1384500
2018-07-24,88291000.0,80259146,38980400,39779600,64353800.0,13567800.0,8932500.0,3004900.0,5636500,2254600.0,2898800,13549300,65016400,18294300.0,1575800
2018-07-25,50131500.0,79152417,62149400,34586400,55617500.0,12412100.0,15946900.0,5272100.0,5838000,2790600.0,1290200,7467700,44411000,19731200.0,1885700
2018-07-26,54317500.0,93167319,57947800,57461200,55761900.0,10838000.0,20823800.0,3532500.0,10636000,2187200.0,3138900,16230400,127167800,39352200.0,3629700
2018-07-27,46642500.0,60176759,35688800,26280400,52506800.0,5143800.0,31156700.0,5408800.0,7331500,1489200.0,8735200,6683300,47461800,48018800.0,1685300
2018-07-30,40096500.0,73543200,54608200,26875200,49045100.0,9288400.0,21379900.0,4718100.0,9204500,2696700.0,9155400,11466700,218292600,93903300.0,3917500
2018-07-31,66803000.0,118206281,66929400,51961200,339081700.0,21364700.0,25841400.0,3514000.0,19481500,2065400.0,6709500,15378000,118883000,63878500.0,4169400
2018-08-01,56594000.0,161810924,110824000,70371600,190720900.0,15953400.0,53935800.0,3440700.0,14157500,1516400.0,7581800,29879100,84475200,37044300.0,2212400
2018-08-02,79333000.0,174250489,61392400,45352400,171276100.0,5633200.0,19141400.0,3156600.0,7817500,758400.0,3044800,10538500,58688100,21721700.0,1044800
2018-08-03,41404000.0,110650581,63550400,40284200,224005400.0,7399200.0,24035700.0,4863900.0,5851500,1996700.0,3678500,7515900,50570900,29213500.0,1873100
2018-08-06,63000500.0,157644712,102478600,56627400,231846400.0,17878400.0,37077600.0,2223200.0,13798000,5029200.0,7211500,12866900,69575600,22559300.0,1473600
2018-08-07,114379000.0,98346098,102967800,54457200,111024900.0,37255300.0,23222200.0,3216400.0,18736500,3082000.0,5339500,7125000,123380900,37076700.0,1815600
2018-08-08,64702500.0,99782943,48967400,38430800,109077400.0,9554100.0,16794100.0,3685900.0,15150000,22165200.0,5200300,22984200,48764400,27973700.0,1745500
2018-08-09,65947500.0,76621053,28914800,63746200,110452900.0,15917200.0,17331500.0,5321200.0,7640000,7343300.0,2776800,10718300,31836400,17356100.0,1249100
2018-08-10,80348000.0,127559853,36267800,44564400,79851700.0,5235500.0,16288400.0,4337700.0,6211000,1972700.0,4038200,13451800,45945400,20050200.0,1148600
2018-08-13,80184000.0,197264867,82658400,76200600,106124800.0,17348500.0,25732900.0,4857200.0,7364500,2544700.0,4920300,15747000,64752100,29644100.0,1780000
2018-08-14,85527500.0,170317811,122915000,59987200,108189200.0,29144200.0,34274000.0,5820700.0,26017500,7136900.0,8213400,27551300,64021600,160956200.0,1606700
2018-08-15,57330500.0,152206658,82042800,91331800,95526000.0,22130500.0,44615000.0,4201200.0,8085000,5691600.0,7347500,16318000,47421900,69077500.0,1401700
2018-08-16,52903500.0,180034939,42463600,62182200,112653900.0,7460900.0,21705200.0,5146700.0,12282000,3220400.0,6587800,12480000,59004900,51023400.0,752600
2018-08-17,0.0,0,0,0,0.0,0.0,0.0,0.0,0,0.0,0,0,0,0.0,0
2018-08-20,96832000.0,111516626,81139200,45915000,163133800.0,12618000.0,44690500.0,4471400.0,10759000,1946100.0,3653100,12259900,56120800,44262600.0,1756700
2018-08-21,67938000.0,65465430,62399200,32475600,126746000.0,4937600.0,20659500.0,4130000.0,5905500,1410000.0,7230000,39738500,54643400,56123300.0,1938900
2018-08-22,0.0,0,0,0,0.0,0.0,0.0,0.0,0,0.0,0,0,0,0.0,0
2018-08-23,145868000.0,171421680,98059800,53901400,209401300.0,14541100.0,30246600.0,5691400.0,14146500,2496500.0,7411300,37801200,96147600,36131300.0,3454000
2018-08-24,103975000.0,106494709,75683200,33672800,103476200.0,6117300.0,15617800.0,3001200.0,5122500,1498800.0,5193600,21136600,63389000,24379400.0,928700
2018-08-27,91285000.0,123606274,84503200,30290000,142917000.0,4275500.0,32820400.0,2461400.0,7378500,1602900.0,5229200,9622100,140381500,30642100.0,1136200
2018-08-28,63353500.0,109603913,80591200,54147200,224122500.0,6397600.0,17798200.0,2454000.0,8690000,3579100.0,7898300,13343200,57171900,34660900.0,2516400
2018-08-29,87695500.0,87007762,55272600,25725200,126710100.0,8017000.0,26083000.0,3114100.0,11313500,5056700.0,7805700,17070100,52790500,24666200.0,3169000
2018-08-30,96273500.0,91898887,52753200,35013400,80352300.0,11992200.0,15151400.0,2462200.0,7008000,2882500.0,6908000,20210300,79928200,38205900.0,2674500
2018-08-31,111563000.0,156934320,110408200,59789400,109920300.0,7370100.0,40829300.0,4819400.0,11247000,6453900.0,7698200,23444900,34526100,109255600.0,2102600
2018-09-03,38489500.0,70837593,55590200,29308200,46014400.0,2539500.0,25016000.0,2082300.0,5491000,2369000.0,3770400,9924300,67120100,28891600.0,607700
2018-09-04,42271500.0,83758086,59803000,27216800,77620800.0,6036200.0,30739500.0,1926800.0,5183000,3434000.0,5213400,11245100,59449300,22298400.0,1187000
2018-09-05,95608500.0,233835878,83838600,64997600,183864900.0,14109500.0,52098900.0,6227000.0,13913500,3221100.0,11865300,27718200,87152200,53173400.0,1622200
2018-09-06,95265000.0,226602703,96306200,83033200,172294300.0,10835200.0,60188600.0,5969000.0,15019500,3732200.0,7774000,18683200,61378500,57015300.0,2084000
2018-09-07,72551500.0,155714509,75525400,35350000,99447200.0,7403400.0,42928600.0,5009400.0,18795500,4017100.0,9081900,10317000,66652400,39546200.0,1609300
2018-09-10,66696500.0,95204004,37301800,35205400,48741600.0,5620500.0,21884300.0,2593100.0,24314000,2134000.0,3213300,14006900,28979600,35224600.0,1025700
2018-09-11,0.0,0,0,0,0.0,0.0,0.0,0.0,0,0.0,0,0,0,0.0,0
2018-09-12,87900500.0,129887933,46357000,35547000,81217700.0,12825200.0,27126400.0,4244400.0,20178000,3262700.0,8838700,21469000,52060300,81377800.0,2151600
2018-09-13,94051000.0,138077684,36668600,44958800,115198100.0,4560200.0,22644700.0,2557100.0,9448500,1077900.0,17650500,41734100,71033800,28861100.0,632100
2018-09-14,72473500.0,115639387,30656000,24322200,156541000.0,4797800.0,17697900.0,2471300.0,13296500,2550700.0,9231100,26844600,29160200,22781000.0,1572500
2018-09-17,39478000.0,100504005,88368200,22685200,95431800.0,6516700.0,15380700.0,1886800.0,8578000,2265300.0,3320100,3431300,38810700,13694100.0,1740400
2018-09-18,75119500.0,152222609,101172800,47723200,132571400.0,4052500.0,31839500.0,4403200.0,12961500,1789400.0,12712800,10940900,31323700,47601600.0,1372800
2018-09-19,111558500.0,115947612,42616400,34212400,88139600.0,4756700.0,28048600.0,2135800.0,7205000,2291900.0,10491700,14090700,53035200,30723200.0,964100
2018-09-20,60786000.0,170051827,99827000,30649200,80194400.0,8065300.0,37420600.0,5518800.0,12398500,1868600.0,9299100,12838400,77237500,25321200.0,1888800
2018-09-21,152052000.0,223538491,124841800,84890600,98577800.0,11863200.0,48533000.0,4170000.0,12007500,3613300.0,11840000,34421100,90191400,20881200.0,1903400
2018-09-24,59902000.0,104783739,81188200,29753800,48101000.0,10457800.0,24764900.0,4129900.0,10079000,1015200.0,3544000,8239800,85676100,6572000.0,1651800
2018-09-25,42771000.0,121129032,46091400,12861400,25350200.0,4363600.0,14404300.0,1389500.0,7353000,707900.0,2098800,9457400,33820000,13013000.0,473600
2018-09-26,71715500.0,73480719,32016600,21784800,51055900.0,4273200.0,25803300.0,12810400.0,9266500,1980700.0,1938000,10416600,26522800,11987600.0,672900
2018-09-27,71001000.0,135712644,82349800,45618800,49549400.0,3706100.0,29349300.0,6537100.0,9335500,2377000.0,5665100,16709300,121821300,13987600.0,912900
2018-09-28,96975000.0,170043797,101686800,27470800,116695900.0,6762500.0,31995300.0,5318100.0,8419000,10593300.0,9676200,26615200,117168800,63262300.0,1714900
2018-10-01,36388000.0,100581667,66513400,26562800,45504900.0,10859200.0,14131300.0,3426300.0,6590000,2298200.0,3788200,6806300,46380400,30505300.0,1054700
2018-10-02,50639500.0,145599614,120652800,34934600,61393800.0,9743700.0,19915100.0,4463700.0,7686500,2330900.0,4198100,21906000,70836100,68013600.0,960700
2018-10-03,33524500.0,77064031,68383400,24585200,46611900.0,14016000.0,16575900.0,1858200.0,5431000,1461100.0,3465400,17018000,33628000,31540000.0,621500
2018-10-04,67869500.0,161892546,116478400,123736000,82550500.0,6546700.0,19705600.0,4589100.0,16013000,8672200.0,4041000,18932300,64982700,33505200.0,712900
2018-10-05,98249500.0,160008103,67792400,75743200,59270300.0,8638400.0,25996300.0,3231500.0,11899500,3270600.0,5549400,16508100,32173200,27384900.0,895100
2018-10-08,57250000.0,71328312,55327600,48992200,71886100.0,10076200.0,19133100.0,3421100.0,11964000,6186600.0,13184800,15463500,67517200,14236800.0,1271600
2018-10-09,36940000.0,56325372,40331400,44143600,58708100.0,15968600.0,17361000.0,3758900.0,5861000,2333800.0,8004300,12386900,21828100,14837700.0,1187700
2018-10-10,59394500.0,67385623,39230800,41122000,31937500.0,9933100.0,17102700.0,4090600.0,5666500,4218800.0,9256600,13994100,35832700,23170800.0,1475800
2018-10-11,102336000.0,193058944,64054000,60893800,114418300.0,9511500.0,40456500.0,4759200.0,11703500,2258900.0,9393100,19617700,60716400,23564100.0,1132900
2018-10-12,82574500.0,130162058,70448200,69904800,87991200.0,15622400.0,28756200.0,3124700.0,7792500,2614400.0,6643500,16827900,50812800,29412800.0,902900
2018-10-15,65950000.0,94319479,40880400,55786800,68466400.0,2780100.0,18822300.0,1603500.0,5271500,1846700.0,5150300,13990300,103162700,20091100.0,617300
2018-10-16,47449000.0,71567346,29777600,54997800,98103600.0,2483000.0,18553300.0,2977600.0,7668000,1266800.0,5789800,14598900,33977500,23007900.0,1066200
2018-10-17,38359000.0,88091831,43108000,34304800,122953700.0,8749500.0,23333900.0,2986200.0,6646000,3144600.0,11591500,11494900,51076700,42250800.0,1323200
2018-10-18,29360500.0,71647977,39270000,19334000,102322600.0,4661200.0,12591900.0,1920700.0,9406500,708700.0,7135800,11651300,61519900,18713200.0,2140700
2018-10-19,45219500.0,89090208,47990000,31419600,140162100.0,9249500.0,48440500.0,5989800.0,9321000,1054400.0,6181900,19837800,59274100,20393400.0,3195100
2018-10-22,63484000.0,53687637,36415600,11799000,57680500.0,10679900.0,22418400.0,2009400.0,7491000,4283800.0,3023600,11131600,29023400,27245400.0,1119900
2018-10-23,62162500.0,64410732,25707400,17643000,53266800.0,4845500.0,38954800.0,3119900.0,8347500,6620300.0,3202900,12159800,36483800,23360300.0,1234200
2018-10-24,59493500.0,93019806,33969400,24047400,117672200.0,3900500.0,36406600.0,2845500.0,12487500,4655500.0,4055800,12581300,51771700,27168800.0,2925800
2018-10-25,87732500.0,144333712,62781600,34361200,120108900.0,3488300.0,26522600.0,4070000.0,13398000,2652600.0,4207100,21732800,47540600,25579100.0,2227200
2018-10-26,83994000.0,72852718,39723200,11779000,100554100.0,4862700.0,22297400.0,5448600.0,4003500,2886000.0,3074400,18493200,35077800,32077600.0,2718600
2018-10-29,34553000.0,56418764,40472000,9894000,54304000.0,7137900.0,50786300.0,4767100.0,3624000,2504200.0,967500,11946700,30060300,27864700.0,2906400
2018-10-30,68882500.0,79624985,34731200,32280200,158933000.0,6401200.0,39056900.0,2092300.0,9480000,6590800.0,2559100,14696000,99346500,13300900.0,2423700
2018-10-31,128908500.0,240391992,111265400,56326400,140351400.0,4664500.0,46586400.0,4742900.0,24829500,17387500.0,8572600,23580400,50382400,19530400.0,1832500
2018-11-01,117906500.0,216901746,185151800,64499800,69586900.0,52029600.0,59367100.0,3323300.0,23544000,4464800.0,6362700,10453600,92372600,11951200.0,1259300
2018-11-02,114054500.0,184006228,143785200,117606000,98072700.0,88668000.0,58720200.0,3789400.0,18657000,7017900.0,9164200,17361400,63297900,10915900.0,1673700
2018-11-05,76754500.0,87555902,56013400,39611800,60121700.0,28898300.0,32945600.0,3157100.0,10290500,4029700.0,5153600,16421700,17071600,31859800.0,1896800
2018-11-06,94410500.0,153414589,124000800,54707200,58088000.0,38982100.0,40294600.0,7406500.0,10743000,3141600.0,6954700,15351900,28148600,30680100.0,1734500
2018-11-07,83875500.0,178995971,92281000,44942000,98350100.0,25946000.0,44005500.0,5192000.0,28285500,6283800.0,12166500,21511600,52473300,17824800.0,1365400
2018-11-08,99739000.0,220276054,130444200,86107000,74004300.0,32014800.0,48031900.0,5221600.0,16435500,5848100.0,14676900,37200400,84546900,25794600.0,2759300
2018-11-09,62938500.0,126597116,123465600,58920600,45243300.0,14170300.0,26391600.0,5667200.0,62636500,8597400.0,10561400,33517200,33748400,15214600.0,1551900
2018-11-12,65125000.0,84809154,65689800,62775800,57256000.0,13115400.0,27601900.0,3687400.0,26985500,4511300.0,7536900,29250200,22863900,24190400.0,1608600
2018-11-13,61231500.0,112074555,85750000,61796000,89819400.0,20623800.0,40483500.0,4963400.0,20431500,2443500.0,6991700,58977200,35992700,44704500.0,940300
2018-11-14,68511500.0,125174682,68203400,77461200,72968500.0,15557900.0,35668500.0,2663800.0,14030000,1716000.0,7765800,39946400,48399300,96979200.0,2265400
2018-11-15,87085500.0,117577840,115193000,73903400,71440400.0,10707200.0,59979400.0,4595000.0,13245500,3112700.0,9805100,23952500,61467300,59573300.0,2681000
2018-11-16,134145500.0,191148871,113146000,56912600,128595600.0,16645400.0,45617600.0,3757000.0,18344000,3503600.0,18547200,23210900,54547400,24047500.0,2490600
2018-11-19,103822500.0,86540804,52926800,31995600,72785900.0,9953700.0,26364000.0,3882000.0,9715500,3051900.0,5507600,27496800,25582600,23279200.0,2706700
2018-11-20,0.0,0,0,0,0.0,0.0,0.0,0.0,0,0.0,0,0,0,0.0,0
2018-11-21,107889000.0,151878633,121808800,65909400,97525800.0,4971200.0,27715700.0,14320300.0,15001500,8274600.0,7348600,43711200,72891500,65978300.0,7002900
2018-11-22,87270000.0,130140277,89601400,46871200,52279900.0,10282500.0,21296200.0,7385000.0,9237000,7275300.0,10940500,18678400,65660900,44667700.0,5079300
2018-11-23,57460000.0,85703360,82350000,16390400,35499400.0,4753800.0,7150800.0,3206500.0,11279000,2860800.0,7701700,10083500,46061900,37523600.0,3723300
2018-11-26,64336500.0,90217398,62934800,29419800,43879100.0,5444200.0,18712300.0,8689400.0,12876500,3159600.0,3249900,18257600,60427400,90097500.0,1868900
2018-11-27,73989000.0,190169964,61028800,81898400,116422400.0,4738600.0,21522600.0,8298700.0,8156500,3747100.0,2954100,23377500,48074000,61331700.0,3367200
2018-11-28,90687500.0,105678495,67675000,54515400,195860500.0,18635700.0,40728200.0,15486000.0,9570000,3249300.0,5126100,18092100,38118700,63465800.0,2103900
2018-11-29,113847500.0,152003595,141202600,90010200,120921500.0,12457900.0,46667000.0,10576800.0,13306000,24076300.0,17057500,49954200,51894500,67164700.0,2344300
2018-11-30,178034500.0,233078735,148482800,122445000,151545800.0,17929200.0,69165200.0,22953100.0,18001000,18507400.0,21054400,206346800,44427900,248474300.0,7040600
2018-12-03,100923000.0,150413738,136684600,72859800,106891000.0,10873300.0,44652600.0,12880400.0,22435500,3880300.0,11643000,43366400,319380300,51990700.0,2152500
2018-12-04,119232500.0,147855643,60153200,37438200,121586400.0,11990300.0,50127600.0,13490300.0,19312000,5133200.0,10223700,26653800,114477100,45990900.0,3156900
2018-12-05,74994000.0,154153142,73322400,36191200,58424400.0,24077800.0,28909900.0,7654500.0,8043000,2964800.0,8844300,19185500,181244900,30515400.0,1890400
2018-12-06,75450000.0,119712097,74092000,57573800,62164100.0,22524900.0,55894200.0,6047300.0,9609500,4119600.0,9982000,25783500,87724500,47642100.0,2506600
2018-12-07,71070000.0,122365123,41692800,39306200,92902000.0,15009300.0,58677800.0,4639900.0,8952500,8743900.0,4687400,27817800,43586800,25615100.0,1131300
2018-12-10,81221000.0,102384708,41105200,22645600,70093700.0,6676500.0,23912000.0,3257800.0,6368000,1197100.0,5459500,9315800,39041000,32151600.0,2983200
2018-12-11,93017000.0,123936060,55657400,36969600,88050700.0,7964300.0,34673200.0,5433300.0,5037000,2852500.0,7863500,27233800,138590700,66827000.0,1530400
2018-12-12,121623000.0,97374011,80631400,45196000,87333000.0,11163500.0,23533500.0,3944600.0,9384500,6880600.0,11801200,36646500,49860000,41563400.0,1749500
2018-12-13,84280500.0,116914199,92920000,68130200,118965900.0,20301500.0,57420600.0,6994000.0,17429500,11804000.0,18246800,44388700,82314700,59699500.0,2527900
2018-12-14,184435000.0,135202785,68756400,40382000,139547100.0,8055500.0,36739100.0,3879100.0,7705500,14592100.0,16119700,29851300,35617200,21022800.0,1625100
2018-12-17,101438500.0,137139148,78685000,42779800,86251600.0,7817200.0,37179000.0,5400100.0,7403000,5966000.0,10255200,28800200,44969700,12981600.0,930800
2018-12-18,132039000.0,130615046,98608800,31801800,79833100.0,5999700.0,27136700.0,4702100.0,7689000,8961500.0,9169400,25780200,82577000,21918600.0,4497600
2018-12-19,102220500.0,146409778,89550000,48642800,81542500.0,27021900.0,29886700.0,7848000.0,14906000,5853500.0,21249900,45512300,47553700,23695800.0,1715600
2018-12-20,94455000.0,74063179,61216000,29529600,100129200.0,31897000.0,24652800.0,2936200.0,8704500,24269900.0,16585400,31011500,85694000,10561700.0,892300
2018-12-21,89979500.0,191917014,98207400,32951600,114752300.0,19388400.0,31157200.0,9103000.0,17106000,7629400.0,20143900,31783000,135346100,14891400.0,1405200
2018-12-24,0.0,0,0,0,0.0,0.0,0.0,0.0,0,0.0,0,0,0,0.0,0
2018-12-25,0.0,0,0,0,0.0,0.0,0.0,0.0,0,0.0,0,0,0,0.0,0
2018-12-26,66511500.0,91749064,52356800,25778200,50416400.0,8224700.0,19355100.0,5822200.0,7617000,3278500.0,6946900,26290000,71071800,9515600.0,411200
2018-12-27,50265500.0,78890942,48514400,31929800,49980900.0,15916700.0,25748300.0,4325500.0,10728500,6170400.0,7934800,16261300,37337500,10801300.0,864100
2018-12-28,54467500.0,135242605,97081600,32431600,48224400.0,22007600.0,24480400.0,4792900.0,9755500,6873000.0,5658600,12671900,38070900,13908200.0,939300
2018-12-31,0.0,0,0,0,0.0,0.0,0.0,0.0,0,0.0,0,0,0,0.0,0
2019-01-01,0.0,0,0,0,0.0,0.0,0.0,0.0,0,0.0,0,0,0,0.0,0
2019-01-02,35956000.0,82441033,45319200,15681200,31355300.0,5313100.0,14014100.0,2171300.0,9111000,1844700.0,2114300,5035800,53128900,5920600.0,1095100
2019-01-03,72358000.0,102805905,74174000,21416600,83842400.0,11314600.0,25148400.0,3808500.0,11008000,3283000.0,7396900,15603900,34641100,16436300.0,2248100
2019-01-04,51465000.0,125907734,78514000,41078600,73936900.0,18759700.0,32475900.0,10285000.0,4863500,3964600.0,6549600,19765600,59878500,25670400.0,3855300
2019-01-07,73438000.0,82106628,53624800,48108200,83678100.0,51722500.0,32649700.0,8798500.0,10195500,5581500.0,8385000,28281300,65853100,18429000.0,3383600
2019-01-08,66247500.0,89499635,80073200,45945800,67963700.0,32563100.0,29130800.0,7705000.0,16261000,10049900.0,7246100,16847400,82485900,10791700.0,2999300
2019-01-09,84871000.0,131331598,104903400,50484000,98529400.0,28621800.0,42977800.0,6158200.0,10060500,2295000.0,9373200,9920400,105654500,13994100.0,2187000
2019-01-10,114314500.0,156122176,130603200,44421400,126396700.0,13872500.0,76803900.0,5070800.0,12351000,6857000.0,10032700,32039200,150289500,17745200.0,1712000
2019-01-11,84826500.0,118649479,88899400,47217000,116753700.0,11299600.0,32212200.0,5194700.0,10777000,5601300.0,7313100,25318000,56407400,13298400.0,1828500
2019-01-14,87547500.0,126576436,71320000,26702800,68487000.0,13180700.0,40449800.0,26482100.0,8833500,6259600.0,4955300,25662800,41648200,14094100.0,543100
2019-01-15,87763000.0,154948896,86697200,49947400,83464900.0,20372700.0,56524700.0,15944400.0,11469500,5476000.0,7321500,14905500,165281200,16836700.0,1098000
2019-01-16,94972500.0,114151831,78625600,58089800,139056700.0,40171200.0,33593600.0,11915700.0,17816500,7694600.0,11507300,20240700,245187100,13923600.0,1376500
2019-01-17,91654000.0,131847617,101961200,47773600,78766100.0,21537800.0,38888100.0,11565800.0,8912500,4156500.0,9129800,18529300,92137700,38360000.0,2225200
2019-01-18,100873500.0,105708085,56790000,39366000,76350400.0,11992000.0,45180500.0,8409500.0,10810000,13240200.0,10220600,18565100,73986800,22593300.0,2194500
2019-01-21,87118000.0,89020137,111624400,33397400,83317600.0,11608400.0,39949600.0,4554600.0,6446500,6783200.0,7266700,8777600,72190100,12099600.0,1450400
2019-01-22,91907000.0,131658634,123558000,42127800,95420500.0,22784000.0,33129500.0,7655700.0,8455500,7422200.0,10249300,16694600,77107300,10041300.0,1272600
2019-01-23,98512500.0,179807675,162196000,51746000,72518500.0,27481400.0,26554900.0,8064900.0,7077500,6877100.0,9811700,13179200,141396200,10107200.0,1932600
2019-01-24,106781000.0,193786497,179821400,88315800,118836500.0,15091400.0,56764700.0,7398500.0,8645500,14756500.0,13757400,16844100,196537400,9429000.0,1303000
2019-01-25,68944000.0,139857845,143184800,51100800,75844000.0,37595300.0,27967500.0,5235400.0,7809500,5926300.0,6857200,22451600,261090200,5444000.0,2234400
2019-01-28,69704000.0,102940988,207013400,42198000,168983100.0,32743000.0,25672700.0,4997900.0,13522500,9435600.0,8105700,34907300,132450700,14585000.0,1809200
2019-01-29,77679000.0,206378414,162587800,38083600,118131200.0,29299200.0,34675500.0,7912100.0,10453000,3958700.0,6990300,13322900,96595800,14647800.0,1286400
2019-01-30,76285000.0,159225000,175565200,40402400,85903100.0,16156100.0,40835000.0,5626200.0,16914000,4598500.0,11433500,23609500,180203800,22200200.0,1807600
2019-01-31,135904500.0,277698146,214008600,72412200,110953700.0,11999900.0,49304900.0,6894200.0,29132500,11009300.0,15054900,36542300,133938100,21052100.0,2636700
2019-02-01,57719500.0,154119152,104295400,83559800,79588900.0,10715500.0,23915300.0,6640100.0,9109000,2471600.0,12587000,25854900,59971800,10496900.0,1628900
2019-02-04,113846500.0,83552603,80919200,45077600,70070500.0,16082100.0,27634200.0,2984700.0,8699000,4469100.0,13322100,25455800,303518900,17761000.0,895100
2019-02-05,0.0,0,0,0,0.0,0.0,0.0,0.0,0,0.0,0,0,0,0.0,0
2019-02-06,121996500.0,85882773,60281400,39366200,72180200.0,40880800.0,28617900.0,6970600.0,8369000,7406500.0,11891700,33819200,285524200,10841300.0,885400
2019-02-07,63697500.0,91233705,31622800,11857200,39141500.0,28062500.0,27500100.0,3108700.0,4857500,3523400.0,9943100,24717700,369835900,6551200.0,1176100
2019-02-08,65268500.0,86321790,46828400,25850600,32131700.0,21432400.0,36834100.0,7834600.0,5335000,5670000.0,9997000,12267000,179593300,9321800.0,1560000
2019-02-11,37639000.0,61147416,72358200,29542600,88628900.0,23067700.0,34439900.0,4718800.0,5718000,4834800.0,5865200,9189800,222915600,5431800.0,2191400
2019-02-12,95883500.0,104459344,82644200,25694400,92427800.0,21694700.0,84655500.0,6522200.0,6486000,5405200.0,8761200,21731100,182840300,10790000.0,1170900
2019-02-13,103115500.0,119001265,75046400,57993000,113161100.0,15619400.0,60065900.0,9786900.0,8230000,3454900.0,9769800,11236800,277124100,17535900.0,1129200
2019-02-14,108738500.0,131498911,95699000,34647200,76939400.0,43970600.0,37462300.0,4397800.0,5928500,4307200.0,6118100,19127000,139034400,11820200.0,701300
2019-02-15,81340000.0,96513687,92002800,25669400,67812600.0,211910100.0,51353000.0,4390800.0,8939000,3255100.0,4941500,29752800,142476600,13945700.0,2318800
2019-02-18,62991000.0,103030419,86216800,32794600,80275800.0,95862900.0,39041200.0,5056100.0,8248000,5625800.0,3942700,31288900,173591600,12340700.0,1268000
2019-02-19,64469000.0,153943258,92714200,17644000,82962700.0,59416800.0,24292900.0,4604600.0,8475500,3472600.0,2286800,17400900,255674400,25487000.0,2364100
2019-02-20,89583000.0,136475507,192881200,30538000,87933000.0,30943600.0,46538800.0,6800300.0,18266500,6394400.0,6396800,25303700,261788400,22225400.0,1394100
2019-02-21,54561500.0,125997166,100203800,26466400,48031100.0,16555400.0,41248700.0,9458700.0,7230500,15449600.0,5095900,29788200,158909700,25676300.0,3491400
2019-02-22,48271500.0,89872212,167596800,59643400,61392700.0,14537900.0,32076500.0,18676300.0,6609000,8520200.0,6665200,34067200,129281800,13983400.0,4532500
2019-02-25,47887000.0,117405577,91520000,31297800,53792400.0,11932100.0,34983600.0,7454800.0,6915000,5233500.0,3938800,33020800,177237000,7772900.0,1551700
2019-02-26,98446000.0,67561846,94091000,32625400,49657300.0,31258600.0,29923400.0,6512700.0,7338500,5769300.0,4703500,33464200,148389300,10342700.0,1859400
2019-02-27,78519500.0,96869983,72356800,19073600,48788200.0,22082600.0,38903200.0,5308100.0,8259500,4188700.0,6564000,13616000,61838900,12771900.0,2182000
2019-02-28,99366000.0,117143553,84980200,33411200,161156000.0,28718100.0,119005400.0,10331600.0,13420000,5742300.0,18118700,46482400,192898000,18995700.0,1424700
2019-03-01,72589500.0,78576447,47003200,26656800,49810100.0,23691300.0,56265500.0,6359700.0,10601500,5823400.0,15756800,13025800,117661600,10162500.0,1583100
2019-03-04,63910500.0,62730673,29659800,28548200,32250500.0,9909200.0,31484700.0,6371000.0,5538000,1743000.0,4126900,17738800,100864600,12983500.0,2653500
2019-03-05,46499500.0,77678611,223113200,28743600,41171000.0,14575000.0,60708500.0,3844500.0,4664500,1656800.0,5515000,10501300,126418900,14203400.0,1457400
2019-03-06,37777000.0,62160643,94977600,23339600,69927600.0,3207900.0,35643300.0,4641800.0,4931500,2877200.0,7002100,10222000,87855200,10901200.0,1698300
2019-03-07,0.0,0,0,0,0.0,0.0,0.0,0.0,0,0.0,0,0,0,0.0,0
2019-03-08,61126000.0,142765635,71523400,37957000,105963500.0,20327500.0,86989800.0,5062900.0,6789000,1951100.0,4010100,13406000,137044900,11833300.0,1471800
2019-03-11,32469000.0,51418628,53912400,14711800,43971600.0,11314900.0,33829300.0,2654700.0,3792500,882300.0,3948900,5657800,133205500,8611500.0,2881700
2019-03-12,40178500.0,69851316,60509600,20181600,43343700.0,11946700.0,36724200.0,2627900.0,5973000,2133600.0,6397300,8441800,144227600,7039600.0,2092600
2019-03-13,17722000.0,51432598,55730600,32738800,45607600.0,35771200.0,35882400.0,2219000.0,6034000,2021700.0,5830500,3102900,98820400,6046800.0,1866700
2019-03-14,41096000.0,99175072,44212200,13382000,62094100.0,8467900.0,29057900.0,4718700.0,2794000,3788300.0,5297400,10924400,65563000,7374500.0,1336800
2019-03-15,41759500.0,106867285,71744400,34814400,68778100.0,12313300.0,39356200.0,1965800.0,6909500,4923600.0,15581700,16407600,72567000,17600200.0,7738000
2019-03-18,42791000.0,102196275,52140200,38275600,44322600.0,21103300.0,32558100.0,2629800.0,2775000,2640000.0,4684600,4608300,95086600,8162500.0,759200
2019-03-19,51527000.0,63741150,158696000,39436000,33156500.0,10211800.0,40585700.0,4598300.0,2173500,1519700.0,5455800,3338000,69781500,9037600.0,985100
2019-03-20,42388500.0,94567643,51652800,23188800,42784600.0,13744500.0,30377700.0,5890500.0,3830000,2728000.0,4502700,8387600,55325000,8733800.0,1626500
2019-03-21,39866000.0,121229463,68829800,38604000,36527500.0,10669000.0,31066900.0,3804700.0,4658500,1341800.0,4435700,8730400,42876300,7417300.0,1497000
2019-03-22,29601000.0,104102388,45259400,33572000,26772900.0,2572000.0,13387300.0,4411600.0,2706000,1489800.0,3714500,5230200,38781500,10320600.0,1407200
2019-03-25,23054500.0,90384491,45751600,26670200,49162900.0,8303100.0,51758500.0,4182700.0,5126000,23557600.0,44339900,11404500,105587900,15175700.0,4996200
2019-03-26,19895500.0,75475383,28799400,6754600,23049100.0,8179200.0,23711700.0,1910300.0,2225500,8418700.0,16052300,6829100,63741400,19100600.0,2578600
2019-03-27,17804500.0,56170270,38906600,7113800,35521900.0,5639200.0,12546100.0,2464400.0,2002000,19033200.0,29274400,4645500,59113200,13590300.0,2239600
2019-03-28,32187500.0,67263631,47868600,22824600,55847200.0,6086000.0,17584700.0,3347900.0,2972500,9427300.0,13698900,3251300,101873800,9870100.0,1813000
2019-03-29,36234000.0,71215890,71140200,19813600,82231400.0,2525300.0,30122900.0,2432500.0,5046000,6738300.0,24330600,7590100,73446700,12882500.0,2043300
2019-04-01,21786000.0,73530330,57890600,9954200,28246400.0,8439600.0,13152600.0,1441800.0,3215000,4725200.0,14803600,7441700,132618300,7709000.0,2000300
2019-04-02,36853000.0,48845023,36872800,22445400,35443400.0,4412800.0,28647700.0,4272600.0,3642000,10437700.0,12941600,4543700,102133500,5149200.0,3085700
2019-04-03,0.0,0,0,0,0.0,0.0,0.0,0.0,0,0.0,0,0,0,0.0,0
2019-04-04,48112000.0,69303837,119083400,48871200,96122100.0,4286200.0,38598100.0,5449400.0,2120000,9460500.0,14697600,6032500,49497700,21427600.0,7059100
2019-04-05,21913500.0,54041183,40534200,11966400,66832600.0,5133300.0,21303800.0,1643800.0,2670500,4860900.0,11060000,5363700,33851900,13730200.0,2478100
2019-04-08,39910000.0,82999953,45862600,17860200,73208300.0,7210800.0,23973800.0,3209000.0,4217500,7669000.0,8122100,6588200,70696700,11642600.0,3630800
2019-04-09,29447000.0,80659003,61437800,14496600,88580200.0,6235800.0,31230600.0,2459400.0,3271500,5422000.0,5995000,6242500,53409600,6002700.0,2383300
2019-04-10,19508500.0,116840608,30552600,17295200,52555500.0,5073500.0,18506200.0,2554500.0,3713000,6151300.0,8191500,6300600,45347600,9264700.0,2703400
2019-04-11,25356000.0,188618827,70389000,31259200,51480700.0,12387200.0,17082800.0,2979600.0,3010000,6438100.0,26701300,4779500,36952500,3931800.0,1787200
2019-04-12,18577000.0,84244625,53372400,19171400,45324300.0,25336100.0,12332300.0,1941400.0,3001500,5680700.0,18944000,26667100,45356300,4407200.0,2264500
2019-04-15,68152000.0,70577659,48251000,22821200,44510600.0,10623500.0,30002000.0,2832600.0,8603000,7383800.0,18831600,29657600,30757400,13128300.0,1571800
2019-04-16,71017000.0,99923195,143066800,43281000,62572100.0,19715400.0,37600500.0,4018500.0,9376000,9366900.0,7864100,16842400,27035500,12290400.0,1391700
2019-04-17,0.0,0,0,0,0.0,0.0,0.0,0.0,0,0.0,0,0,0,0.0,0
2019-04-18,129332500.0,200241958,243343400,90501000,119263400.0,33758200.0,88459900.0,7925900.0,11425000,9814000.0,20284300,38798400,41688500,13862800.0,1889300
2019-04-19,0.0,0,0,0,0.0,0.0,0.0,0.0,0,0.0,0,0,0,0.0,0
2019-04-22,62837500.0,112161787,69981800,38719000,48671200.0,34552200.0,33999600.0,2903800.0,11023500,4508800.0,7073400,18126300,75543000,9967500.0,612900
2019-04-23,48654000.0,60325921,65384600,25165200,86443700.0,28490600.0,30486900.0,6435400.0,7307000,7391100.0,5276700,15935500,54820700,12470500.0,1363700
2019-04-24,46975000.0,190094393,55408400,22612800,76660900.0,11371700.0,22044600.0,5899100.0,14873000,4551000.0,4957400,9784600,28625000,24595100.0,915300
2019-04-25,61482500.0,202913024,111185200,61278200,52775100.0,6940600.0,34998300.0,5912500.0,27116500,8457600.0,7537000,27010100,28515800,51970600.0,959800
2019-04-26,66204500.0,146163924,150697400,62720800,66452700.0,7321000.0,31531100.0,5135100.0,25324000,9330800.0,5748900,11807000,33910900,23691500.0,598800
2019-04-29,65480500.0,84609831,112773000,26364400,50143700.0,12936000.0,33169300.0,3397700.0,24365000,7772200.0,4708200,8461500,26437700,22089900.0,1087800
2019-04-30,107607500.0,140586828,103243000,46762800,132318200.0,9537500.0,29569700.0,5218200.0,19369500,23070300.0,50600300,43375800,47939900,24542500.0,1715300
2019-05-01,0.0,0,0,0,0.0,0.0,0.0,0.0,0,0.0,0,0,0,0.0,0
2019-05-02,80879500.0,139594281,68943800,60074200,136768800.0,11696900.0,37010600.0,3423400.0,12988500,9553100.0,17405800,55555500,105857000,15633000.0,1836100
2019-05-03,58244500.0,120435690,60141600,59192200,101522800.0,14894300.0,30801100.0,3051700.0,14367500,7205900.0,10742200,27461400,95259500,43590200.0,2201900
2019-05-06,36649500.0,157313497,100956600,55552200,107167400.0,21344400.0,22291100.0,1808300.0,7044500,4011200.0,3462800,28357200,83337600,19066900.0,730300
2019-05-07,59177000.0,124070152,68861800,61910000,74814500.0,43528900.0,22700800.0,3089200.0,12761500,5647100.0,6338000,12350500,37394800,78132400.0,1101800
2019-05-08,59062000.0,132170032,79916800,41682400,77743400.0,12287700.0,22454500.0,2552100.0,14426500,4525600.0,7032200,17486600,38541800,124110500.0,1105200
2019-05-09,126636500.0,179677103,90947000,69829800,74716500.0,11767700.0,42585100.0,4661100.0,15345500,7134000.0,9143600,34466900,55956100,65673700.0,1751400
2019-05-10,76130500.0,132313475,65009400,45151200,66672500.0,15030400.0,37086400.0,4656200.0,16378000,8510000.0,8679000,23369200,57424000,37161200.0,2323500
2019-05-13,63720500.0,79066285,83342800,20710000,47605100.0,14260300.0,26992400.0,2829800.0,6865500,5054900.0,8865100,25711300,45550200,46174800.0,2479800
2019-05-14,114800500.0,126601626,85983800,68445400,77483200.0,15250000.0,47782200.0,3282700.0,12198500,5829500.0,14284900,31724800,66670300,55003800.0,1201700
2019-05-15,72065000.0,184137240,112972400,90706000,57596600.0,14982700.0,30786000.0,2983300.0,15858000,6269800.0,8574000,29428800,100102600,35715000.0,944800
2019-05-16,87939000.0,158507017,86481000,36448400,107366200.0,6731200.0,47245500.0,5102400.0,18517500,5387200.0,7602800,26297800,52975400,30683700.0,1495400
2019-05-17,74207000.0,170721848,59716600,61447200,94437400.0,7490000.0,25102800.0,3766600.0,13720500,3029000.0,6890000,33258400,36307200,36491200.0,1058000
2019-05-20,54764500.0,181806520,93447200,43655000,82354400.0,9392800.0,28865800.0,5965300.0,12193000,2840200.0,7418900,24935600,49978300,48074300.0,1395700
2019-05-21,97371000.0,227189674,128877200,78310800,106104000.0,5280300.0,35020100.0,6887900.0,12633500,2987200.0,9653100,12531500,65902900,35060000.0,763100
2019-05-22,38519000.0,130499434,88253000,40857000,63687000.0,2000400.0,22967500.0,2156400.0,5336000,2243500.0,5867400,9887200,49193900,23406500.0,436100
2019-05-23,54926000.0,230153565,65668800,43215600,113281100.0,10154800.0,26460200.0,3830600.0,10304500,3942700.0,5311200,14773900,62518900,44323400.0,1132200
2019-05-24,37402000.0,165441097,99151200,48374800,87594500.0,7215000.0,22372000.0,2608400.0,6671000,2087200.0,4276100,10313000,84783700,31992900.0,1245500
2019-05-27,68564000.0,135938587,144611000,32246800,87146600.0,9575700.0,20859100.0,2645200.0,8987000,2815700.0,7857500,17398400,75187700,20297400.0,390800
2019-05-28,209923000.0,414291135,298780800,222512000,322246900.0,4355000.0,77066000.0,8817600.0,67192000,11469100.0,18328800,65365400,56803700,63191500.0,487800
2019-05-29,133044500.0,153687174,89397400,78292800,122534500.0,9654100.0,28805600.0,3426400.0,14890000,3939700.0,8068500,29183800,38469900,27637200.0,1163600
2019-05-30,0.0,0,0,0,0.0,0.0,0.0,0.0,0,0.0,0,0,0,0.0,0
2019-05-31,96875000.0,287219580,173453000,89160800,194331700.0,20433200.0,46478800.0,4839900.0,16063500,7160600.0,13993100,47925100,33515000,42958800.0,1200500
2019-06-03,0.0,0,0,0,0.0,0.0,0.0,0.0,0,0.0,0,0,0,0.0,0
2019-06-04,0.0,0,0,0,0.0,0.0,0.0,0.0,0,0.0,0,0,0,0.0,0
2019-06-05,0.0,0,0,0,0.0,0.0,0.0,0.0,0,0.0,0,0,0,0.0,0
2019-06-06,0.0,0,0,0,0.0,0.0,0.0,0.0,0,0.0,0,0,0,0.0,0
2019-06-07,0.0,0,0,0,0.0,0.0,0.0,0.0,0,0.0,0,0,0,0.0,0
2019-06-10,179238000.0,216423568,208042400,101675200,222522800.0,14450100.0,50332200.0,6816800.0,20845500,4458100.0,16927100,18929100,172262900,70543500.0,3941000
2019-06-11,72901000.0,127900199,107140400,44879800,88861700.0,5801400.0,37387000.0,6395700.0,8295500,9200400.0,14457400,15553200,116959700,30082300.0,4352200
2019-06-12,69255500.0,102196275,69330800,39229000,134724400.0,6123100.0,27570300.0,2917900.0,6516500,4065500.0,9086900,13802100,54716300,45497800.0,1159700
2019-06-13,78802500.0,128510489,63482400,54401400,115734700.0,8567800.0,33860400.0,3973100.0,8692000,5328600.0,10009100,18236400,41048700,36078500.0,970500
2019-06-14,57220500.0,79530053,61672200,40394600,92466800.0,5537200.0,28282900.0,4082700.0,8558000,3172900.0,9405000,13729000,51605300,29226200.0,2394600
2019-06-17,83624000.0,60714008,47269400,21955800,60851700.0,2026100.0,11239700.0,4506600.0,8016500,2591800.0,8436000,8921600,46657900,16575500.0,1404500
2019-06-18,78788000.0,174179428,104106200,62706200,66112800.0,6053800.0,17393200.0,4145600.0,13299500,16228900.0,11929200,25368700,24803000,28509100.0,1283000
2019-06-19,66944500.0,183945837,156615200,79746600,,7574200.0,,,11532500,,4303800,30480000,48304200,,1361900
2019-06-20,59504500.0,118489316,93589200,54402200,57673700.0,10083200.0,26961500.0,3490900.0,12524500,4722800.0,6887300,23322700,91642200,17671700.0,1199200
2019-06-21,144149000.0,187213443,145919600,51525600,154049700.0,8630700.0,72597200.0,6968800.0,28048000,12671700.0,15619600,57082300,82014000,27930000.0,1995300
2019-06-24,30084000.0,90828128,70252200,32097800,50525100.0,2968700.0,23779400.0,2413400.0,10221500,1975100.0,3912800,5649800,37223500,9595800.0,1443100
2019-06-25,40561500.0,65402729,59303200,18337600,42601100.0,4768200.0,23606900.0,3467000.0,7883500,24636700.0,3575500,8008100,242773400,70032300.0,2417700
2019-06-26,59334500.0,113137174,72115200,28871200,56092200.0,4080800.0,20215500.0,3420900.0,8068000,4283700.0,4211900,8889400,105044300,78050500.0,2550900
2019-06-27,77525000.0,89922813,63152000,18194800,94221200.0,4830300.0,24916300.0,4111200.0,12202500,4233600.0,5640300,13759800,64619500,32033900.0,788600
2019-06-28,80919000.0,112840719,61888000,81840600,130153100.0,16338700.0,22286100.0,3846000.0,13158000,5163200.0,4512100,14398600,131205700,26468300.0,771300
2019-07-01,56612500.0,115331382,61455600,56506600,79382300.0,7193000.0,28466100.0,4724500.0,10045000,1810900.0,3767400,7220600,112441000,46328600.0,1015100
2019-07-02,48563500.0,147886774,64875600,33067800,87999800.0,4694000.0,30466600.0,3191700.0,6470000,2919400.0,6254100,17786600,34077600,36968600.0,1534700
2019-07-03,43640000.0,81810503,93933600,34549000,63296200.0,7888800.0,30525700.0,2440800.0,8537500,3023200.0,4854700,14890400,82796400,25327500.0,1466500
2019-07-04,28224500.0,42557425,31578600,24270400,38459300.0,7483000.0,25196500.0,3590500.0,8033000,1186700.0,1376400,16376300,42211300,16206700.0,775200
2019-07-05,32722500.0,59149341,186756200,40019800,50332800.0,8873400.0,17084700.0,3846200.0,7784500,4857300.0,3080800,14993200,27266000,43347900.0,1124600
2019-07-08,38361000.0,50857398,105905600,39037200,57903400.0,3213600.0,20878100.0,3328600.0,5654500,3219300.0,2060100,7463400,47875600,44526600.0,550100
2019-07-09,47740500.0,71191359,88590800,21892000,124822400.0,2796200.0,21689700.0,2388100.0,8196000,2957200.0,4418800,14935100,49279300,28031000.0,1315700
2019-07-10,52183500.0,89077008,100964600,34132000,62529900.0,4467600.0,39466400.0,3185800.0,7777500,4132100.0,7377400,16001800,33570400,19539400.0,792600
2019-07-11,34279500.0,100559886,70231200,27475200,25645900.0,4126000.0,33821300.0,2023000.0,11532000,4959400.0,7875600,9454900,114504000,21374100.0,1411000
2019-07-12,29838000.0,71034166,73474000,27073600,57088600.0,5579900.0,31711400.0,3124800.0,6548500,4944000.0,5875300,26107600,54953400,35322000.0,1395500
2019-07-15,61453500.0,75851590,89444800,39008200,66960500.0,7362100.0,26628700.0,3284300.0,8622000,3802600.0,6387300,23010300,192125200,25467400.0,1001900
2019-07-16,38075000.0,92926745,146626400,34469200,45461500.0,7216200.0,18188000.0,3255000.0,7330000,2887800.0,10006800,9421700,141194200,30885700.0,1226800
2019-07-17,45487000.0,71834980,128231000,21264800,32069800.0,9777300.0,56668400.0,3404400.0,7233000,4657700.0,12993600,10614000,238303800,14372800.0,1442100
2019-07-18,43625500.0,84732483,142262000,39663600,45408100.0,21650300.0,22334900.0,4114600.0,10264000,3141500.0,8577200,21017200,335413700,23888200.0,1787500
2019-07-19,43973500.0,70769832,104530000,29465600,60692800.0,10942200.0,28008400.0,3625700.0,6700500,4500500.0,5075200,19603700,137797900,12921000.0,718100
2019-07-22,37314500.0,46139636,82851000,29243600,37513700.0,8278100.0,18040600.0,4289000.0,4966500,2231900.0,3394900,10416800,119839200,11271800.0,1060700
2019-07-23,39129500.0,47649853,74981800,82475600,62628100.0,17721600.0,25156100.0,2978400.0,8086000,3789800.0,8500200,8203100,82880700,21399400.0,823500
2019-07-24,51343500.0,58359418,65565800,86821600,73904300.0,7569800.0,25597700.0,2459400.0,7682000,2573700.0,3569600,9584900,48601800,26408000.0,635400
2019-07-25,53477500.0,66445547,77462000,64678600,49276300.0,27474800.0,35643500.0,3295100.0,12683000,4393300.0,6629000,17168100,78453700,18414000.0,1330900
2019-07-26,51797500.0,85121120,62727400,39358000,70952400.0,14060600.0,26627900.0,1964900.0,20596500,5094200.0,9454000,21710600,87812600,14034400.0,986000
2019-07-29,68509500.0,101066445,55206400,40294600,54336900.0,9457500.0,18841000.0,3932800.0,30262500,4662100.0,4438700,14182700,63726900,16759600.0,809000
2019-07-30,38225500.0,75632686,87075600,54556800,88417200.0,47197900.0,30765800.0,4539500.0,25277500,6836000.0,5031900,12891400,84114000,13025400.0,518800
2019-07-31,64129000.0,116420070,59008800,43706400,175741000.0,14222200.0,61515300.0,6533500.0,25767500,9353300.0,19169900,49488800,48705800,20532800.0,1769900
2019-08-01,78228000.0,157991988,96731000,64720000,94856600.0,17978100.0,37270900.0,5933100.0,42201500,5747800.0,18334700,27669200,46309500,10080000.0,841100
2019-08-02,62989500.0,131279017,103727000,78779000,82253800.0,10374400.0,40942800.0,6272600.0,17366500,6844300.0,10270700,25023300,100773500,16007600.0,876200
2019-08-05,90924000.0,165923785,129862600,61291400,112253200.0,19561200.0,44819000.0,4959800.0,11157500,10260200.0,12609000,37991300,83532300,17234300.0,913800
2019-08-06,183296000.0,272405185,157132400,69999200,108890100.0,17576600.0,55429900.0,8463100.0,16009500,7514300.0,10653000,34883400,247604900,23625700.0,1116700
2019-08-07,92102000.0,161676832,103932800,56503000,104785500.0,11495800.0,31631500.0,6163900.0,11356000,8654200.0,17231200,31772500,487598800,26664100.0,1435100
2019-08-08,58295500.0,102671923,85711800,52673200,95204000.0,17136900.0,31521500.0,4011800.0,13177000,7458300.0,20685700,34351700,257680900,10745500.0,1535400
2019-08-09,48118500.0,90719996,39017600,41206600,89600500.0,6504300.0,22712900.0,2970500.0,8400000,4156500.0,7997400,24758900,240007000,23442600.0,1611300
2019-08-12,52705000.0,56163890,69256600,26290000,41817800.0,8831500.0,17186100.0,12763700.0,4298500,2861900.0,4498900,22342100,179863500,20580000.0,1174100
2019-08-13,84406000.0,88148482,68067800,36218200,98757900.0,13759200.0,34123600.0,9243100.0,11396000,7798500.0,11267800,25253000,175124700,18919100.0,2049900
2019-08-14,81942000.0,102602292,107613000,53094000,84928200.0,8527800.0,36012100.0,3772300.0,7387500,4994700.0,5866700,26353100,323676500,16649300.0,1488100
2019-08-15,52561500.0,126758709,57456400,34110000,97255500.0,11339100.0,36960700.0,6923800.0,10298000,7785500.0,7643200,24390000,195784600,20207700.0,1859300
2019-08-16,49821500.0,102969368,47693000,25707800,51853900.0,13561000.0,24416100.0,11691500.0,6083000,7037500.0,5535400,37517100,141043100,56470000.0,5722900
2019-08-19,30619000.0,66407047,38551200,21047400,86011300.0,12462100.0,31718800.0,2639300.0,6630500,7924300.0,8249500,78866000,85735700,12316000.0,893700
2019-08-20,58393500.0,112883069,75396200,34351800,143171600.0,10764600.0,29465900.0,4671300.0,11163000,11360000.0,9977800,68933500,117148500,12784600.0,1033500
2019-08-21,55927500.0,92826643,49841400,36213000,99649300.0,12651500.0,21306900.0,5765200.0,9075500,7288200.0,6443600,44922900,151189900,12268000.0,1917700
2019-08-22,65888000.0,136489697,77652800,62568600,110968600.0,14523300.0,53070300.0,5291300.0,7765500,7625300.0,7393700,75268000,65051200,10769000.0,2145000
2019-08-23,33083500.0,64061696,44535800,35492200,83823900.0,6255300.0,35340800.0,6016300.0,9615000,7936400.0,7149600,23525700,87934800,26484800.0,2971700
2019-08-26,41388500.0,71268030,78614600,30273800,77603200.0,7539300.0,24275700.0,5070500.0,7562500,6608200.0,5711000,26232000,147239400,22206000.0,950400
2019-08-27,123780000.0,196025365,153201600,46766400,168209400.0,11016600.0,79684000.0,10417700.0,30809500,12491900.0,13192800,81110000,69950500,21763000.0,1078200
2019-08-28,55688000.0,109954819,96082400,29902600,68091100.0,7011500.0,28499000.0,7013200.0,17452000,8964800.0,7963000,85445900,102409700,8920700.0,1405300
2019-08-29,51525500.0,74831102,63748800,42715800,65718900.0,7206800.0,18028100.0,2333700.0,11929000,12311400.0,11700100,46905600,161352000,11826900.0,1484400
2019-08-30,73650000.0,119899980,106370600,36471000,95138200.0,16924800.0,53158400.0,5118700.0,18651000,7502900.0,9889400,79928200,100688800,19139600.0,1731600
2019-09-02,42429000.0,75321490,37622200,20164000,27531000.0,18483100.0,18009100.0,2750300.0,7859000,2153200.0,9369700,25346000,380923500,11107200.0,937800
2019-09-03,42743500.0,83772936,96998200,34817800,66884700.0,8704600.0,26812500.0,2712600.0,8994500,2459000.0,7706100,23714900,184669600,22955600.0,517000
2019-09-04,41979000.0,84356057,74434600,49092600,78905600.0,13015700.0,25562700.0,3787200.0,6995500,5760400.0,9324600,21149800,108867300,35551000.0,1296200
2019-09-05,53650500.0,84846225,78642800,31491600,97098300.0,8878100.0,26551900.0,4528000.0,10878500,4230700.0,7312800,42419800,109971500,20546700.0,1848000
2019-09-06,54349000.0,125869894,88646000,37695400,117223300.0,50259300.0,21425300.0,6431400.0,6405500,2320000.0,5362100,15630900,70609200,56924300.0,2357200
2019-09-09,25912000.0,75150988,55841400,25346600,47057300.0,28767900.0,21619600.0,10139700.0,5419000,2642700.0,4149100,16638800,153116500,81823400.0,2188500
2019-09-10,40291000.0,76217016,52070400,39409600,80403000.0,30773800.0,20241600.0,5829000.0,7449000,4550900.0,4575600,20762000,202036800,32325400.0,1128300
2019-09-11,45243500.0,125741191,80777800,59184000,90211600.0,14896900.0,29449700.0,5381100.0,15294000,5861100.0,11398100,32795700,65474500,33609700.0,1120300
2019-09-12,40034000.0,95813194,84564600,48065600,70382200.0,25527900.0,18842400.0,6808700.0,7347000,2164800.0,6983000,18908500,59565600,26637500.0,1373200
2019-09-13,28419500.0,61703145,28700200,17730000,64074800.0,16207500.0,13398000.0,2191700.0,4853500,4968500.0,6772500,6903700,128241500,28450400.0,1942800
2019-09-16,77289000.0,145880779,66615800,35483200,85284700.0,8829600.0,25529200.0,3955500.0,9070000,6073500.0,5113900,26976900,95702700,22555400.0,1381400
2019-09-17,92037500.0,117840195,70992200,28974800,86432000.0,15618500.0,27745300.0,4603500.0,13025000,5113400.0,4795900,23823500,40393900,16643900.0,893900
2019-09-18,28667000.0,84048931,53708400,24518400,72359600.0,15169200.0,24627700.0,1713700.0,8172500,2632200.0,2632100,33115300,77525900,27744100.0,1599600
2019-09-19,61988500.0,101320660,35941600,25170600,58720600.0,6187000.0,13478800.0,4524700.0,5096000,2160600.0,6527100,57726800,46921500,22492800.0,809000
2019-09-20,133433000.0,239258752,104743400,53056600,132359100.0,9784500.0,45888900.0,5820000.0,17498000,8730600.0,13737300,50429400,77305700,20320500.0,1564800
2019-09-23,47231500.0,93391943,49012600,34235800,70483600.0,6534300.0,14044900.0,1129300.0,7890500,2435100.0,2778400,16192600,50722600,23032200.0,796100
2019-09-24,79718500.0,104585626,52110000,38873600,88979100.0,7695900.0,29738600.0,6501800.0,7827500,2092300.0,3600000,30151800,104106400,30356200.0,2249000
2019-09-25,88620000.0,91472409,37565400,26900200,84582300.0,6192200.0,17781500.0,2222800.0,7335500,4008700.0,3972700,15618200,67498200,27631500.0,1190900
2019-09-26,109859000.0,88134402,45471400,30615000,79324000.0,14984500.0,37979500.0,4031000.0,8141500,4714500.0,4446500,24797500,70656200,21164600.0,844000
2019-09-27,48010000.0,63434135,44329400,30928400,52305800.0,14775500.0,9831000.0,5454300.0,4740000,2938500.0,5460800,19302200,65010900,23032200.0,842700
2019-09-30,73391000.0,83981500,58294000,80081800,111879100.0,8336900.0,21089600.0,3090800.0,16251500,3417900.0,6606000,31366800,73819000,13196000.0,776500
2019-10-01,40057000.0,87507501,31243400,32188800,60332400.0,6286600.0,7452500.0,2131500.0,4559000,2714500.0,5195000,6910000,70031100,7765200.0,626800
2019-10-02,52376500.0,182983980,129586200,73132000,51606300.0,8620400.0,11128500.0,2282400.0,11275500,3768000.0,2689900,9516000,79407500,11565700.0,829500
2019-10-03,50269000.0,195391424,146789000,42558800,56433000.0,10902400.0,20769800.0,2102600.0,4972500,6457500.0,5708400,11511300,77444800,6640600.0,884300
2019-10-04,56890500.0,103236563,69121800,26569200,34082000.0,8835800.0,10680600.0,1457900.0,3978500,1296900.0,3454800,19488200,46452800,11964400.0,573000
2019-10-07,56705500.0,139378677,36656400,43606000,42996900.0,7013200.0,13250100.0,1672800.0,9297000,1419100.0,3308900,19631800,45234500,16376500.0,485600
2019-10-08,46997500.0,131777876,104992000,41912800,74448900.0,8264800.0,25385900.0,4254400.0,7417000,2937900.0,5185000,22399600,49179800,16859700.0,530200
2019-10-09,41496500.0,129617548,55131400,25237400,59314500.0,9908300.0,15376200.0,3181200.0,3110000,3141600.0,4204200,16388100,139352700,15658200.0,638700
2019-10-10,65806500.0,118644859,120255400,23288400,34345600.0,8978700.0,12172600.0,4893100.0,4056500,9475400.0,10380200,7200500,106467700,18207800.0,1007300
2019-10-11,40863500.0,112429201,96816400,33226000,42198800.0,8844000.0,16181100.0,2380800.0,3231000,6715800.0,4374300,4397400,72275400,15699200.0,530000
2019-10-14,37514500.0,120763165,65272800,51132400,52681800.0,10066700.0,21236100.0,2898600.0,5184000,6405900.0,4499900,7028700,61701300,8465600.0,783700
2019-10-15,40935000.0,140902423,94139600,68801400,64670200.0,12183000.0,20590600.0,2733800.0,7670000,3905000.0,7251800,20787700,34088600,14802000.0,725100
2019-10-16,65776500.0,90212558,118973800,65482600,70555700.0,9894100.0,32586000.0,4013500.0,9784500,8774100.0,8010700,75947300,85270100,13826800.0,1409200
2019-10-17,45666500.0,115003686,150037800,61564000,50695300.0,7245900.0,49979500.0,2854100.0,13035500,4469900.0,6389800,13880800,57845600,19263100.0,1064000
2019-10-18,41008500.0,113976708,117544400,38171800,169540200.0,4672200.0,38012800.0,7225000.0,21716000,5140100.0,7120500,14812700,125613800,51681800.0,2065200
2019-10-21,59971500.0,89234971,83622800,37392000,63797000.0,8987300.0,12245000.0,2085600.0,6865500,4684500.0,4544700,19021000,80512500,17523300.0,1256000
2019-10-22,67259500.0,90846609,62050200,44307200,56711100.0,7836700.0,32099000.0,4523100.0,12824000,5062200.0,11591900,30314200,50069600,13939300.0,831600
2019-10-23,62219000.0,139892606,98440400,65670400,97971900.0,11054400.0,28015600.0,3583400.0,7454000,5815300.0,9843300,27558200,74596500,42560400.0,2574400
2019-10-24,73101000.0,172727403,132797200,149978000,99213400.0,7440900.0,44294700.0,3223100.0,12462500,8818700.0,8181100,35382900,108649300,18263400.0,3205000
2019-10-25,61929500.0,123528393,105735200,58625000,67661500.0,11250900.0,25245600.0,4676500.0,16448000,5173500.0,9747800,32521500,87426200,28610000.0,2126100
2019-10-28,43249500.0,42188588,46389600,21229200,30710600.0,12915400.0,12206400.0,1013200.0,7270000,2733100.0,4391100,31786900,177588400,16107300.0,1511800
2019-10-29,79861500.0,90745077,91735400,48916600,68715000.0,10084300.0,32681600.0,3549000.0,10711000,4852400.0,7541900,29620400,133909400,16981300.0,1313600
2019-10-30,60738000.0,52187101,47667200,46691200,89575600.0,18887100.0,22319800.0,3288600.0,10075500,4996400.0,4998800,30054100,69322000,8763900.0,1285800
2019-10-31,58420500.0,83146256,78160000,28738000,185713300.0,10474300.0,26502100.0,4143700.0,10841500,6226300.0,9579200,32757600,126383800,29125000.0,1974900
2019-11-01,42080500.0,69610742,24366800,19296200,107208500.0,9657500.0,17213000.0,2095400.0,5072500,3642500.0,3249100,22218400,118830800,17881000.0,1479400
2019-11-04,43794500.0,55300375,56584800,33528400,65897700.0,26170300.0,19339100.0,1998700.0,6687500,4044400.0,7750100,23333900,148393600,22374200.0,993500
2019-11-05,66161500.0,145802018,94253000,101298400,109276000.0,17822800.0,42041800.0,8621400.0,8690500,9265000.0,11215700,30704900,80390400,49811800.0,2010300
2019-11-06,63393000.0,145752957,113175200,73559600,134618700.0,11876400.0,29565500.0,2953900.0,6230500,6111800.0,8828500,12598100,109181300,71502800.0,1423700
2019-11-07,61972000.0,321561514,78753600,47956400,125291200.0,9760400.0,29891900.0,3419700.0,8469000,6648400.0,8626700,21063300,53514100,47709200.0,1694000
2019-11-08,90040500.0,148082467,76355000,34375400,70404800.0,71413500.0,34878600.0,4479000.0,5199500,8192000.0,3504300,20392100,41949800,90666400.0,2578200
2019-11-11,70207000.0,125489617,45212000,29695800,57079800.0,21046300.0,19373700.0,2922900.0,5530500,9711300.0,5005400,35561600,28520100,36136900.0,1632500
2019-11-12,47635500.0,120754695,52900800,43277200,88251100.0,25200300.0,29633100.0,3901500.0,7759000,6231700.0,6407100,27976700,66391100,40791500.0,1234800
2019-11-13,40083500.0,165100201,75148400,47613000,91925700.0,17493000.0,20566300.0,2906900.0,9261000,3092400.0,4591100,28837900,43113100,33803400.0,1861100
2019-11-14,37862000.0,129874843,66698600,59175600,123468500.0,22803200.0,18695900.0,3469800.0,5768500,13000400.0,5521600,15455400,49980300,49560800.0,1623300
2019-11-15,47138000.0,134210348,47017200,34211400,50780500.0,19547400.0,30343300.0,1778800.0,9221000,8348400.0,5739900,11801400,44594900,16303600.0,591500
2019-11-18,65599000.0,102464019,61287000,41639200,104978700.0,19152500.0,27729100.0,3032100.0,7779500,3468700.0,5867400,16541100,24328500,24614400.0,932700
2019-11-19,60115000.0,155302002,67006200,42106200,113996600.0,20500100.0,18139800.0,1451600.0,6868000,7517700.0,3962900,14736200,35948500,21764300.0,1277900
2019-11-20,43229500.0,170292181,46727600,48311000,149185500.0,10459700.0,24083000.0,1223700.0,7245000,2800200.0,3206700,12690800,38079700,17586400.0,1242700
2019-11-21,57523500.0,125613039,60944600,42079800,64005900.0,23152800.0,19675100.0,2215800.0,11587500,5055700.0,9687500,13558000,35867700,29775300.0,1443300
2019-11-22,56035000.0,82167459,40452800,21247000,76569400.0,40647700.0,23600000.0,2530000.0,6406500,1941500.0,7584100,11006000,27803700,21145000.0,2391300
2019-11-25,55133500.0,62254255,47676200,25178600,107581200.0,36810500.0,24848800.0,2635300.0,8773500,8105000.0,7782900,21121300,19463000,27497500.0,1519000
2019-11-26,192783500.0,244288809,173533200,73842800,281002600.0,218231500.0,79166300.0,8038300.0,34735000,13063100.0,18468700,73213700,35581900,89132700.0,5271500
2019-11-27,58833500.0,72910799,72928800,24769800,97511300.0,22229100.0,37566700.0,3046300.0,8223000,2689000.0,3531100,27995500,53831000,34853500.0,2114300
2019-11-28,44248000.0,67893172,56275200,21981000,70635000.0,16174300.0,17353400.0,2644900.0,9734000,2859600.0,4600700,19711500,56329600,21173900.0,1362700
2019-11-29,52954500.0,70620339,53250600,20343400,72146900.0,8546700.0,33440400.0,2102100.0,10553000,3762100.0,5127000,16931000,46034900,13394500.0,1426200
2019-12-02,49909000.0,60937642,74561000,64660200,74263500.0,9834600.0,22114700.0,2005100.0,9898000,2671100.0,7471500,16641700,68015300,15718900.0,1276300
2019-12-03,42823000.0,48090300,79039000,41645000,74494000.0,13072800.0,15510600.0,1514100.0,6575000,2400700.0,7427300,16227300,51903700,16071500.0,1619400
2019-12-04,37552000.0,55684281,65802200,42196800,64948300.0,10036900.0,16154100.0,2869300.0,8455000,6445900.0,4190600,16765000,36996800,20090900.0,1803200
2019-12-05,54168000.0,80063892,74217800,53985800,118494800.0,10002900.0,26468200.0,3220200.0,5020000,6379900.0,5737000,9809000,71148200,28990000.0,2482500
2019-12-06,69920500.0,73924136,53720600,29544800,50682100.0,10281300.0,27395100.0,2316200.0,6634500,2077700.0,8394200,26183300,58178100,9373200.0,2216300
2019-12-09,51667500.0,52623808,72098600,36970600,80864200.0,7995800.0,16336900.0,1572900.0,6782000,2446300.0,8359900,11019400,97666600,25638800.0,2784600
2019-12-10,57654000.0,88013950,132230000,38381200,54824900.0,9858500.0,19229100.0,1754200.0,10179000,3879900.0,6171400,9935300,45785500,20799900.0,5332700
2019-12-11,48469000.0,69260056,68454200,31571800,79749500.0,6693500.0,22787600.0,2834700.0,8613500,2694800.0,4544100,17872900,24139700,14370700.0,3370400
2019-12-12,79198500.0,138108485,79738600,50870000,147627000.0,9334700.0,16626700.0,4193900.0,13365500,3944900.0,11772400,26446200,102156900,16313400.0,1757800
2019-12-13,70822500.0,184381444,127472400,48904000,81937300.0,10939400.0,66943600.0,4618500.0,12891500,3441700.0,5810400,18588700,73516800,28503500.0,2328400
2019-12-16,78684000.0,196854450,96037400,59955600,86479200.0,8656200.0,43517600.0,4904500.0,12503000,4959000.0,4859200,16279800,83127000,64818900.0,3541600
2019-12-17,102914500.0,155154269,100790000,45188200,91747200.0,7381000.0,29835500.0,4607100.0,10837000,7056800.0,6208100,46622200,42848800,30387500.0,1870800
2019-12-18,181804000.0,174183278,123281600,84394000,101569300.0,12475400.0,31614900.0,3803500.0,15872500,9347100.0,8303900,42302800,56603100,28631000.0,1474900
2019-12-19,74171000.0,103421146,112903200,38600800,127316000.0,4637100.0,17259400.0,3066800.0,14785500,3900600.0,4551700,16402600,43386700,11609500.0,1082800
2019-12-20,99453000.0,171838258,150472200,37723600,152132200.0,11562300.0,38886700.0,5280600.0,19230000,12072700.0,10539600,40962600,35549100,16557600.0,864900
2019-12-23,46558500.0,135606712,131246800,45834400,58715700.0,5436300.0,23654800.0,3600600.0,11073000,4627300.0,5099500,30143000,38930900,11993800.0,831300
2019-12-26,38188500.0,55258354,140936400,35309200,36935300.0,3863700.0,18685200.0,1559400.0,9169000,2931200.0,5716000,14648500,56216100,11773200.0,729700
2019-12-27,29945000.0,62113562,58182800,19371400,52812000.0,4899800.0,13714400.0,1669500.0,7352500,6856300.0,6021500,8196900,34923000,10007300.0,532400
2019-12-30,61168000.0,73085482,78005800,35604600,67738300.0,5075500.0,25494000.0,3131600.0,13919000,5838000.0,5321600,14635200,25759500,14763500.0,1387600
2020-01-02,49445000.0,45886302,37379800,18602600,52094000.0,3718200.0,15008600.0,1530800.0,11059800,1240200.0,5257300,14075700,26829200,8093400.0,866600
2020-01-03,47755500.0,91189705,70294600,32251400,70032900.0,3907700.0,19068800.0,2052700.0,8071700,3044300.0,7682700,20606000,52105900,13483900.0,1902800
2020-01-06,27300000.0,48648450,61892000,26249200,42908900.0,3513500.0,22261900.0,2010900.0,7913300,3369400.0,5142700,10231400,153322300,26770600.0,1353300
2020-01-07,45022500.0,114344885,70895600,38049800,51837600.0,3419200.0,27963000.0,3667600.0,5793000,4636500.0,7510200,17153100,93750600,22952100.0,1004200
2020-01-08,53692500.0,188929583,105080600,40926800,52402600.0,6944000.0,15150400.0,4886000.0,8261400,3602100.0,7760200,11666700,217122000,15608000.0,1420400
2020-01-09,40363500.0,79280569,75587000,43770600,37580300.0,9408900.0,19691200.0,2290600.0,9224300,4490400.0,5890300,13555900,109423800,10703400.0,1452100
2020-01-10,73362000.0,137292491,64231800,41985000,48099000.0,7746400.0,17687600.0,5071900.0,14849800,4671700.0,6471300,15949700,47623200,52606300.0,4392600
2020-01-13,67855000.0,122488655,75399600,24716600,61913800.0,9256500.0,29585200.0,4773700.0,8904800,3006900.0,5178800,12854000,47500600,44452800.0,3302800
2020-01-14,93582000.0,174258629,104134400,40286800,95058600.0,10518100.0,41214400.0,5819100.0,11761100,4265000.0,6547800,24032800,98284800,28139900.0,2644100
2020-01-15,75623500.0,112825318,89795200,35369800,147583300.0,11805100.0,38535100.0,5589000.0,14965200,4462500.0,13124400,23321300,73346600,27000700.0,3030500
2020-01-16,88931500.0,147387255,145432200,38027400,118903100.0,7904800.0,38504400.0,2716100.0,9151100,4698300.0,7232700,29672400,52551000,23356800.0,1596900
2020-01-17,38249500.0,133295352,130500200,33630000,119904100.0,7431600.0,26714800.0,2689700.0,5501800,2827400.0,7379500,26629600,36767000,9792700.0,742500
2020-01-20,93554500.0,90022804,24031800,35184600,73599200.0,4466800.0,22389100.0,2160500.0,5343800,3167900.0,11314800,8492800,164357600,21197700.0,763900
2020-01-21,103984500.0,81224962,39166600,32903600,78014400.0,4644000.0,12520300.0,4442200.0,5211000,3918900.0,12007100,4057400,72996000,20624800.0,604400
2020-01-22,94311500.0,90609115,122175200,44490400,45839800.0,5932000.0,20100300.0,2864000.0,4975800,5004000.0,8109000,12417900,129107000,27981500.0,954600
2020-01-23,87728000.0,153849977,83127800,44155400,41077400.0,3442100.0,18020200.0,3807600.0,3400500,1669200.0,4747900,14530800,38416900,35676700.0,1422800
2020-01-24,69653500.0,105620964,154702000,35702000,58524000.0,4855800.0,13710000.0,6065000.0,7927900,1701000.0,2377300,13044800,25277000,25342900.0,693100
2020-01-27,39679000.0,103076840,98280000,28379600,33081800.0,7645600.0,17470800.0,3788900.0,7078300,2236100.0,4163600,10525000,92354300,39268200.0,903000
2020-01-28,82615000.0,104935872,69349600,42985000,56210000.0,8042100.0,23466100.0,5472000.0,8825000,3602200.0,5373100,15578300,81359900,48613600.0,2068400
2020-01-29,43821000.0,214362682,109661000,33503800,51929800.0,3538400.0,12646100.0,2351700.0,4723100,2873700.0,3673100,12069700,38092300,31015700.0,2517600
2020-01-30,71990000.0,96500596,85395600,26904000,60391600.0,6612800.0,25324800.0,2561900.0,4297800,5091400.0,4874900,12903500,60227100,30619900.0,1403900
2020-01-31,163136500.0,150763654,157661000,54195000,120447900.0,12812900.0,66460400.0,6277800.0,17743300,6281100.0,10189200,36468300,65280900,17939300.0,2668400
2020-02-03,149797000.0,144745560,87271800,40300400,68360600.0,6528100.0,34538400.0,3563400.0,8731500,2396500.0,6488600,15229400,45970300,35172600.0,3045400
2020-02-04,113316500.0,123617275,138857400,39320000,77259600.0,15726100.0,46272800.0,3727900.0,8182500,6060300.0,5253300,16757500,49024800,21085800.0,1370400
2020-02-05,123002500.0,100395764,130211200,32161400,68150800.0,25188300.0,32227100.0,6531800.0,7284300,2591600.0,5380800,14550100,28225000,32483400.0,2809900
2020-02-06,154693500.0,104342852,111029400,33597000,56261500.0,30048700.0,26015800.0,4072800.0,10884300,2299400.0,4353700,16990900,28180200,15297600.0,1858900
2020-02-07,82609000.0,146349277,86438600,39234200,53578900.0,39432100.0,13918700.0,3671200.0,11461800,1786400.0,4827500,12388300,27156200,11738300.0,1145100
2020-02-10,66578500.0,187982906,78553800,24158600,86588500.0,26809000.0,45366900.0,4234800.0,6277000,2697700.0,3995300,16341600,50506700,13933600.0,1627900
2020-02-11,77526500.0,93666727,98520200,17313800,50248200.0,28109900.0,54325000.0,4673400.0,5773900,13191900.0,7945200,6665900,21224000,13944500.0,1430800
2020-02-12,69971500.0,143167912,104678800,22518200,73840300.0,14918400.0,51100700.0,4694300.0,17269400,38781300.0,25892100,40079300,20699300,16223000.0,1471100
2020-02-13,49737000.0,87683284,87904000,41031400,66699800.0,16894300.0,33021700.0,5915400.0,13678700,6782100.0,11580200,29853100,48920800,11677000.0,940400
2020-02-14,147028500.0,139707803,41345200,51465800,108793300.0,25077200.0,60901000.0,5591600.0,8792800,5096600.0,4838500,10208800,29968100,18474200.0,1156400
2020-02-17,115319000.0,131738165,29816600,28980000,94887800.0,17448000.0,16567600.0,3545100.0,8267100,3487400.0,3342000,5852800,33798800,13087400.0,1853300
2020-02-18,98436500.0,97565635,65442000,46645800,94382900.0,11817200.0,27960300.0,3981600.0,11377400,5428000.0,5887700,22990100,61588700,17424900.0,2077500
2020-02-19,74594000.0,110893685,121614200,51704600,63717800.0,7839900.0,35186100.0,5036800.0,7178400,3665500.0,5247600,13279400,94198000,20155700.0,1313300
2020-02-20,136724500.0,108000305,114537600,71856200,53035400.0,14956100.0,37995400.0,2747400.0,11991000,5472600.0,10616800,13565400,23540300,32998700.0,1956000
2020-02-21,98261000.0,117658802,91798000,94446000,86862600.0,13942600.0,33804700.0,4518400.0,9864100,4520700.0,6993800,30858700,74636900,22774600.0,1617700
2020-02-24,84910000.0,113200755,128768800,59512800,72610600.0,13293200.0,34190600.0,5410800.0,11614600,2871700.0,6967200,21385300,67340700,17784200.0,1927500
2020-02-25,86446500.0,125324724,105951800,33976200,73990700.0,13474300.0,40723200.0,3711100.0,14739700,3213600.0,6131700,23418400,97963600,23201800.0,3497200
2020-02-26,92824500.0,164120194,198171000,72455400,133449900.0,12914700.0,34453700.0,3229400.0,10567900,4142700.0,9428000,47271500,93935900,26455900.0,2552400
2020-02-27,129254500.0,227877075,223088600,59326400,88389400.0,9745400.0,44801100.0,3341900.0,13251400,5781400.0,5442100,39329700,104666900,26832100.0,3220000
2020-02-28,169946500.0,211162617,188868200,104295000,151751800.0,30542000.0,100693900.0,10754000.0,34476300,12019600.0,13279200,44307700,137409800,42001000.0,3843400
2020-03-02,144871500.0,206428685,101550200,82760000,96802900.0,11254300.0,63765800.0,5773400.0,20747600,6373100.0,14024800,31720700,117769700,39002300.0,2510300
2020-03-03,114663500.0,218258509,96445200,83411600,114698200.0,15310400.0,53817300.0,3573400.0,27945100,7187600.0,8924900,34175900,101217900,30483600.0,2895600
2020-03-04,83025000.0,127937929,92555400,77696400,136081000.0,12409200.0,43566600.0,5058200.0,16142200,4640300.0,8989200,30659400,93281500,33038400.0,2944300
2020-03-05,77583000.0,146949558,104748600,78261200,101235000.0,10332200.0,40537300.0,3297800.0,12512400,6386500.0,4037100,38274500,53646700,29850800.0,1200100
2020-03-06,77835500.0,175334118,72311200,85722600,86476000.0,22686000.0,31282500.0,3360600.0,10982200,5805700.0,5741200,25366200,49754200,18529800.0,2154300
2020-03-09,140889500.0,163934401,113132400,136122600,109347300.0,19039800.0,87904100.0,6040500.0,21278700,4459700.0,10550500,48812000,105445200,38358000.0,2647400
2020-03-10,133667000.0,182576203,114052000,164540600,119718000.0,19489400.0,86444600.0,5256500.0,14816900,4665700.0,10166500,38897600,76294500,23587000.0,2336200
2020-03-11,93204500.0,195275262,97168800,106587600,115486900.0,24564900.0,45134700.0,3997100.0,19638900,5798300.0,5828200,35408000,84825600,24599500.0,1714900
2020-03-12,129845500.0,167137546,91578200,135371800,84363800.0,15832400.0,64824200.0,4459900.0,20637800,4114900.0,7287800,23037600,98610300,23191300.0,1698600
2020-03-13,0.0,295725807,238623800,0,0.0,20056500.0,0.0,0.0,0,9473800.0,21040100,0,117132200,0.0,2625200
2020-03-16,0.0,196265939,0,98330000,115972300.0,9633300.0,55655900.0,2676400.0,18254300,6384200.0,13687800,59267400,57292700,0.0,1195200
2020-03-17,212200000.0,229429422,186380400,137142000,150122700.0,27694000.0,67166600.0,8346700.0,29370900,8147300.0,11764900,72013900,45123800,23282900.0,3494700
2020-03-18,180053500.0,272919333,215103400,144534400,150147300.0,18421000.0,61972000.0,3964600.0,34350500,6285700.0,9846800,56301900,78790100,29978700.0,2232900
2020-03-19,264419000.0,151744210,167876200,21906200,138987300.0,4997000.0,27066700.0,3713100.0,13743300,7344600.0,5986200,40775100,8977100,2795600.0,1769200
2020-03-20,335132000.0,658210668,478236600,351439200,267694700.0,43914600.0,141147800.0,7216400.0,45224600,16501400.0,31471200,83889600,164706400,79840200.0,3412300
2020-03-23,217843500.0,180848183,59985800,21148600,86157200.0,16354800.0,40318500.0,4723500.0,16961000,4901900.0,7765500,40907000,90136700,74786200.0,4594000
2020-03-24,253971000.0,544651637,237296200,264178600,243778900.0,37792500.0,89502100.0,6155500.0,19279500,10642400.0,16410200,64666100,155141100,48910700.0,2479700
2020-03-26,331633000.0,698059077,386557200,381513800,267369500.0,49825000.0,180290700.0,10097600.0,29296900,14307800.0,22194900,114141000,267248200,41809200.0,3792300
2020-03-27,269683000.0,529032687,396812000,329983600,200952500.0,33266600.0,150312000.0,8655900.0,30521200,6618600.0,26793200,180228800,292787100,71887800.0,3502100
2020-03-30,159964500.0,239264252,39766600,82145200,134474300.0,23104200.0,45490800.0,2585100.0,18135300,4572400.0,10482900,59372100,74651200,16821100.0,1966100
2020-03-31,182638500.0,346502244,208047600,199220400,151302900.0,15755800.0,62534800.0,7683500.0,27011000,10710300.0,23828700,104586800,89306500,33618700.0,3905600
2020-04-01,152831500.0,298923123,152367000,172971000,104550600.0,12908300.0,78042900.0,3443100.0,13801800,4606400.0,15997900,111236300,81224700,30561000.0,2045100
2020-04-02,136623500.0,329876337,132225200,117968800,92893600.0,10830400.0,39717300.0,3412000.0,11148700,7811800.0,12752200,63583600,83577100,23837600.0,904500
2020-04-03,110506000.0,322467159,105225600,95169200,83469200.0,16417900.0,42577100.0,4349900.0,18556300,4190800.0,12287400,59542900,115728200,25841300.0,1097000
2020-04-06,78184000.0,313615306,113980400,122959600,115495000.0,17230100.0,71205800.0,3779900.0,8882300,5343900.0,12455800,35382900,224870500,18666000.0,1392400
2020-04-07,149153500.0,445935822,191464600,163256600,166425600.0,26475200.0,79018000.0,3972700.0,11884600,6342100.0,14200200,68562800,256413700,21588800.0,2041200
2020-04-08,106111500.0,322246825,155834800,123065400,124553900.0,17191900.0,55980400.0,2463200.0,14428900,7488000.0,12756300,57568300,90030300,19039300.0,2377700
2020-04-09,89997000.0,292370749,163570800,73319200,122622400.0,13564400.0,53526100.0,2079100.0,8617000,5938100.0,10662800,58108500,105623600,9649000.0,1547100
2020-04-13,58043000.0,136106890,115331000,41042600,45469500.0,6483900.0,27520900.0,2175200.0,4282500,3225000.0,6005200,39794600,72240600,5783600.0,1080400
2020-04-14,95796000.0,241711574,132848000,57683200,79114600.0,14478900.0,64571400.0,2417300.0,6534300,4600800.0,7463700,42772000,84352000,15932800.0,1540700
2020-04-15,95342000.0,351010672,124661000,75203600,69832000.0,17678000.0,86149800.0,2841900.0,11877300,3361900.0,12517200,50981100,87961700,19782000.0,1418300
2020-04-16,176990500.0,404530667,215224000,92763800,109582500.0,16145900.0,61494300.0,3891300.0,17260700,5543800.0,13443500,42548300,100312000,15573500.0,873400
2020-04-17,160935500.0,442565694,163407600,89041400,127860400.0,14347300.0,78593000.0,3344800.0,11696600,6244900.0,11213400,70564600,94759700,14020600.0,1106400
2020-04-20,90744000.0,244213568,120672000,69765600,77306900.0,14988800.0,50406600.0,1674700.0,13853300,5211200.0,8954400,44882900,80546300,7323100.0,1090100
2020-04-21,73431000.0,146163154,92203200,41715200,43239400.0,14017300.0,36590700.0,2224200.0,10394700,2472900.0,6468800,34694200,92065100,26386000.0,1731600
2020-04-22,107263500.0,197501041,126786800,105656400,126278300.0,22452100.0,76750500.0,2610400.0,10220900,4752000.0,9006400,66130900,74583700,18720700.0,1840800
2020-04-23,105419500.0,237791877,115336400,76382800,117391500.0,15180600.0,85068700.0,4209900.0,26530100,5175900.0,10046800,51439800,86760800,25778600.0,1025800
2020-04-24,131149500.0,323088010,131631400,100645000,84061400.0,13346800.0,49597000.0,2558000.0,28075100,6779300.0,7318000,43175900,86275300,28119600.0,1568900
2020-04-27,151103500.0,200872709,205382600,68610200,85475400.0,12819400.0,45682200.0,1792900.0,9643200,3587100.0,4302000,38936000,56062600,16358000.0,850800
2020-04-28,180488000.0,295130807,157370600,69997600,80212700.0,12994700.0,53532700.0,3807800.0,21296700,3350600.0,6777000,61167100,45388100,17254900.0,1376100
2020-04-29,121161000.0,230054013,192650200,65257600,154902100.0,21013300.0,40557200.0,2828800.0,16761500,3956900.0,10002500,52010200,25492400,9910000.0,941600
2020-04-30,174081000.0,475289499,229509600,126389200,163170100.0,19337500.0,92257000.0,3254900.0,28226900,7794500.0,9999100,53666000,85174700,20464800.0,2345300
2020-05-04,114497500.0,220673601,80572600,66251600,108988600.0,18170500.0,71301800.0,2724100.0,17119000,5036700.0,10894100,46895400,64158400,11936000.0,846900
2020-05-05,118643500.0,203241160,185282400,108560200,74036700.0,13024700.0,54983300.0,3169700.0,18737600,2481700.0,4467200,17606400,37904200,35220100.0,2988800
2020-05-06,86395500.0,190361478,138733000,82511800,86395000.0,22750500.0,70425000.0,2704900.0,11498100,5417100.0,4649100,55190700,40511700,58599000.0,3288400
2020-05-08,123028000.0,226345299,127482200,91046000,143584400.0,15509100.0,63346500.0,4845100.0,11108900,7505800.0,9168700,37146000,185061500,86015500.0,3280300
2020-05-11,40615500.0,170062057,83552200,80701600,58473100.0,34528100.0,79511800.0,3087700.0,8239200,3409000.0,6007600,33331300,113381700,38337600.0,2367400
2020-05-12,118660000.0,405546974,188578000,164776400,138978700.0,39079300.0,58347900.0,1900900.0,11132700,10015800.0,9522400,30687000,47048500,26412900.0,1421900
2020-05-13,94973000.0,372457853,134821600,78014600,73238700.0,22512700.0,44974600.0,2017800.0,9910100,3462800.0,6378600,20203800,69026200,58253000.0,755000
2020-05-14,131268000.0,517300545,141388800,94613200,101581300.0,8810500.0,80570900.0,2689600.0,11861700,7272200.0,10183700,35697000,81959800,37832000.0,930700
2020-05-15,205790000.0,654135428,227234200,173916400,114753900.0,16102900.0,65284900.0,5153400.0,23052700,6164400.0,6817800,25213800,67020800,30769700.0,878900
2020-05-18,139997500.0,501017513,158710600,83620800,108828800.0,19642400.0,88368200.0,9059800.0,13193900,3533300.0,7220700,17406600,46702500,45956600.0,1331900
2020-05-19,128504500.0,584451204,199655000,154163000,97387100.0,22573900.0,77238800.0,4547400.0,12088400,6299300.0,7364000,38331600,61033100,45276000.0,1368700
2020-05-20,119158000.0,433842983,237644400,148603000,76086600.0,15726700.0,38965700.0,3078900.0,16948600,11973600.0,14400700,50884000,41916400,24247000.0,952900
2020-05-26,176076500.0,444514707,180545000,88906800,105792900.0,20617900.0,116041900.0,4214200.0,27690800,10324600.0,17466600,35300400,32358800,51276500.0,3255700
2020-05-27,151753500.0,476102523,124329600,128476400,128693900.0,21257300.0,68841200.0,2535100.0,15919300,13319000.0,17652100,22108500,43519100,41042300.0,2720800
2020-05-28,229233000.0,498739044,265460200,233662000,177385100.0,24822200.0,86825700.0,5091100.0,27680500,204450600.0,81128900,35733300,71853100,46169400.0,3076500
2020-05-29,399414000.0,959884609,350546800,294115600,276092100.0,39056100.0,164786500.0,8249800.0,90601000,61130900.0,54627900,206001100,58928900,364481600.0,2493600
2020-06-02,181369500.0,514215761,207635400,263164400,174790600.0,15722700.0,72425900.0,6569200.0,27780700,39990400.0,35346700,63506700,137754600,125564400.0,3981800
2020-06-03,279673500.0,481917223,296607800,277008600,216200900.0,11365900.0,76654100.0,7542300.0,23576100,38866800.0,24004300,62660000,147855500,87870700.0,4258900
2020-06-04,236158500.0,275162272,169836200,227041600,167708600.0,27762400.0,82711000.0,5368300.0,16634700,28171800.0,19460100,34757300,214067000,132199300.0,5685700
2020-06-05,88157500.0,294137820,185391000,145380800,188420700.0,20842500.0,63578800.0,1971200.0,18066100,13685700.0,13867100,22870400,187740200,66641200.0,6492500
2020-06-08,173557500.0,422772612,292605200,311447600,221641600.0,15718800.0,53808200.0,3165000.0,12675400,24469300.0,22630400,23174600,246393600,93899700.0,9295300
2020-06-09,100110000.0,279951975,147413600,285710200,171214500.0,10685100.0,43049500.0,4899700.0,26608700,21394700.0,29253100,28018500,137515700,119439500.0,6073200
2020-06-10,115382500.0,487562851,289644200,303568800,263483700.0,19467600.0,39812900.0,3804400.0,15919600,15356000.0,11632900,61440900,78090100,269829400.0,5596000
2020-06-11,85187500.0,409589324,364783800,444085400,175767800.0,11626200.0,53920100.0,4527100.0,19429200,11516100.0,12513600,27319800,73061000,115570200.0,2787600
2020-06-12,96044000.0,519350210,289959400,399567400,260087300.0,11645400.0,45837700.0,4397300.0,10835600,15411500.0,9715900,41876600,58198800,161447100.0,3084400
2020-06-15,100844500.0,253847754,169814600,233304600,241625700.0,16195500.0,42880500.0,2550200.0,14159100,12064600.0,16214900,25094000,44814200,132252000.0,2173500
2020-06-16,91518500.0,372556634,146116600,263297600,194424800.0,16326800.0,38736700.0,4100700.0,12197800,9437600.0,15697800,18727900,110517900,99983800.0,2134600
2020-06-17,79800000.0,240003025,213944600,186268000,177784900.0,14320500.0,24744500.0,4337900.0,10800100,7449300.0,15534000,32750200,195616600,115857300.0,1944000
2020-06-18,68032000.0,144039347,152175200,104127000,235586600.0,9497600.0,40331900.0,4874200.0,15200400,6346200.0,11351300,24563000,88492800,216195200.0,1661500
2020-06-19,110071000.0,183669732,126356800,82478400,227358800.0,16779000.0,62874800.0,7802200.0,12756000,6381100.0,11836400,48608900,59835400,109431900.0,18816500
2020-06-22,51590500.0,104916512,66825000,51006800,159776500.0,9454900.0,25097200.0,5854600.0,11487400,15587900.0,10163000,20082300,49752700,207937000.0,10095500
2020-06-23,69954000.0,188566907,95010400,83534400,167271000.0,7044600.0,29490500.0,2390200.0,5947400,12104800.0,6372400,12054700,31468100,156000400.0,3283100
2020-06-24,57333000.0,339338591,278417000,302121200,170895600.0,7548000.0,55421700.0,2318000.0,10739900,6518200.0,5955300,13277500,58104500,108004000.0,3267200
2020-06-25,51415000.0,174033235,146123000,235644400,100882600.0,8159900.0,34952700.0,3157400.0,13066500,5614100.0,6437400,8121400,18727500,79582000.0,3901400
2020-06-26,57467500.0,162039618,85829000,133600200,100784500.0,10432300.0,24019200.0,2213500.0,15566700,10454900.0,11505900,14323700,29811500,48365400.0,2878600
2020-06-29,48796500.0,130693147,99123000,69967400,156613200.0,9168700.0,29368700.0,1720400.0,11377500,12020200.0,7600200,13293100,25880900,63577100.0,2348500
2020-06-30,74474000.0,147418716,113994400,123530000,258068400.0,9112600.0,25197000.0,2737100.0,10394200,13922700.0,13636700,39455800,30619800,51448600.0,4574900
2020-07-01,63959000.0,111421694,67747600,74028600,148037400.0,4448900.0,22586000.0,2283500.0,10729600,7022000.0,10713100,15494600,21393300,82565200.0,4387700
2020-07-02,75585500.0,186436280,80606600,57236400,178357900.0,5566100.0,26575000.0,2739000.0,15082500,7749600.0,11912300,31753200,41575700,80132800.0,5531700
2020-07-03,52219000.0,54421019,57839800,47528000,102033100.0,4611100.0,20400200.0,1702000.0,8394200,3649100.0,9538000,9003800,30660200,31700400.0,2225300
2020-07-06,67800000.0,148148028,90019000,62036400,248572600.0,24444700.0,17783800.0,1801900.0,17782600,3042600.0,3128400,31247600,133412200,33927100.0,1959600
2020-07-07,74168000.0,228112810,80447600,82084400,169104200.0,15060700.0,46178600.0,4504200.0,14181500,6629600.0,6934800,25055700,234409300,30740100.0,2514900
2020-07-08,106444500.0,373640813,149466800,230576800,158166300.0,8637100.0,45246000.0,6251300.0,19068800,9140000.0,4221100,18521200,116131400,57910300.0,3035800
2020-07-09,93543500.0,211404181,98277200,116501200,125940800.0,9827200.0,33377800.0,9057900.0,12857400,5609200.0,9461600,33397400,66422900,129801200.0,10393800
2020-07-10,67224000.0,117829855,77850000,75306000,95422400.0,4576800.0,23181700.0,3390200.0,9371900,6827600.0,7994100,31067400,44571600,53632400.0,4024300
2020-07-13,86006000.0,105451891,72688200,71091800,77733900.0,5843900.0,22481400.0,7613300.0,7824700,4046700.0,6617200,18842500,148923800,142137400.0,5981700
2020-07-14,45616500.0,232365483,78259800,96113000,111442600.0,4121300.0,22418400.0,10225900.0,6440700,4863900.0,8191900,31936900,77241200,111290100.0,4401000
2020-07-15,61468000.0,182296468,60755400,84620000,102304100.0,5143600.0,64249400.0,4518100.0,10766900,5436400.0,9117100,26236800,38423500,51534200.0,2254100
2020-07-16,66520500.0,128809144,43859400,86094200,91951000.0,6349200.0,72113500.0,2478000.0,10655000,12667900.0,23742800,24543800,19244200,31992300.0,1981800
2020-07-17,73348000.0,131548742,60177000,37567000,112416300.0,5311100.0,46235300.0,6114000.0,5335500,18966400.0,23964500,17736000,21499000,59441700.0,9901300
2020-07-20,59794500.0,150206164,52111600,135393000,64735500.0,3809200.0,24829000.0,2657900.0,9056400,13802800.0,21600300,19394400,31533100,44068400.0,3068200
2020-07-21,84159500.0,224576578,145051400,121672800,101283800.0,9268000.0,51878900.0,12346100.0,12476400,7936100.0,14061700,420160800,158932500,29396200.0,2970900
2020-07-22,44725500.0,190916547,119245000,96854200,69462100.0,11019600.0,29493500.0,8892600.0,10728700,5859000.0,14452000,365930700,192426100,31878600.0,2790300
2020-07-23,84026500.0,162646279,145829600,152124600,70482100.0,10565300.0,27787400.0,3531900.0,18413300,9044800.0,21204800,378713700,90668500,32352000.0,5518500
2020-07-24,58366500.0,104287961,66603400,109205600,137265100.0,11446400.0,32338100.0,2456700.0,12211100,9935000.0,13204100,210299200,134255200,31699900.0,3677500
2020-07-27,41972500.0,103970385,58848200,54144000,58708800.0,5974800.0,17645200.0,8990700.0,6391600,12846800.0,6303500,108755400,197203700,23222200.0,6373500
2020-07-28,65279000.0,113763744,74524600,70478400,102705300.0,14211600.0,30210400.0,9975800.0,16665100,9219900.0,9564800,72817700,186698000,30856500.0,6011200
2020-07-29,50262500.0,73895646,69737200,128065400,114352000.0,57573700.0,32010100.0,3823200.0,18793500,6255400.0,7944800,87768200,79691500,14713800.0,2774000
2020-07-30,80533500.0,86328061,52644600,96801600,95785000.0,60590100.0,32720500.0,3279800.0,19708600,8499300.0,10514000,104773100,68996600,46692000.0,3453200
2020-08-03,137079000.0,373214336,259720800,146498200,255659800.0,38058800.0,66053200.0,5624600.0,19125400,20483300.0,12457500,87572700,110870200,77529900.0,4671500
2020-08-04,79357000.0,171919769,89173800,66409200,96018000.0,36354000.0,32307000.0,3548700.0,13251900,45798800.0,45557500,37390200,43434000,53867700.0,1970400
2020-08-05,49393000.0,177648668,133844600,82299800,120719100.0,32538000.0,22883900.0,7539000.0,10465900,25765000.0,29370600,118886200,182812800,30482100.0,4259300
2020-08-06,55258500.0,126064817,90911200,64511600,71699000.0,20712500.0,45906700.0,15269600.0,12406300,11910700.0,15089000,93925600,446658400,38585900.0,3150500
2020-08-07,43621000.0,98910738,57228800,56842400,78347200.0,26103200.0,35036700.0,14634000.0,8987900,11490600.0,11677700,32217900,263824700,26817300.0,2027400
2020-08-10,37774500.0,100613457,50162400,29651200,65485400.0,6831200.0,30588200.0,5907500.0,7982000,8662600.0,11772200,34923100,100818900,69697100.0,12694300
2020-08-11,38795500.0,189708286,117978200,192912200,175693000.0,17850500.0,19877700.0,4453600.0,16657800,8829900.0,12655100,21846900,133787400,37992000.0,7418200
2020-08-12,35612000.0,505369848,92910400,362397000,110934800.0,9634000.0,31304300.0,9508600.0,11451200,7687000.0,16834200,46451800,188570300,36475500.0,6189000
2020-08-13,48581000.0,235648930,85989200,175205000,160906600.0,58717500.0,36344700.0,5354500.0,11271500,8840200.0,13482600,45146800,99028400,12773500.0,3425000
2020-08-14,57316000.0,109069303,66653400,114290200,93007500.0,47890100.0,15337700.0,6033800.0,13065900,6382600.0,6606400,30761900,209371300,17210000.0,2854500
2020-08-18,81563500.0,288206078,115981200,203541200,139358500.0,19770700.0,34974800.0,6790100.0,12267900,6105900.0,11570800,35788100,178541000,19991700.0,2321800
2020-08-19,58793500.0,239290433,64511800,159091800,103980600.0,17607900.0,24870200.0,4502000.0,9945900,5372500.0,8552800,24769400,88404200,55754100.0,4469000
2020-08-24,66882500.0,214473234,132486400,105466800,76713900.0,13155200.0,20000900.0,5460100.0,8029000,7070300.0,10263900,24237900,116065100,26481700.0,2684800
2020-08-25,49211000.0,197233406,132365800,185542800,100013600.0,9946700.0,27807900.0,5037400.0,11597200,8463700.0,18916800,40737100,69089200,26816900.0,3883000
2020-08-26,42983000.0,178162157,78703400,145659800,122465300.0,14089700.0,29957700.0,4310300.0,14121900,4974600.0,10434100,31078500,72181500,45944800.0,5773700
2020-08-27,68326000.0,206786961,93450200,113335600,102787800.0,21293200.0,27491500.0,2503000.0,11343100,3609200.0,7856800,22442600,87815900,26375900.0,4373600
2020-08-28,52292500.0,85678499,75655000,83795800,160569500.0,17994200.0,20347900.0,4648100.0,13210800,3591500.0,7054400,16439300,278492100,26919000.0,4349900
2020-08-31,97032000.0,292651694,222818800,251920000,204261100.0,30595700.0,42240600.0,6523200.0,17339800,6480900.0,15223500,46202700,229956400,63035800.0,5923000
2020-09-01,67446000.0,216658972,85330800,108883800,90565400.0,20611800.0,20881000.0,5722900.0,15367200,5985500.0,15776700,17692900,131125800,34663600.0,4708300
2020-09-02,66065000.0,117619091,93203600,92414800,107589800.0,15335700.0,19074500.0,5951500.0,17081900,6190400.0,10946000,22441400,126138900,43367500.0,5411900
2020-09-03,68208500.0,197577052,129014800,267877200,123106100.0,33632500.0,38323300.0,3426100.0,9683100,4452600.0,7228900,24605200,96483000,25352600.0,2297100
2020-09-04,80613500.0,148013826,106844400,188192000,143569100.0,23127600.0,47966200.0,3524500.0,14782100,6204400.0,7578500,33556900,93463300,18682000.0,1790300
2020-09-07,64249500.0,104297421,100673600,81856400,62206600.0,25311600.0,37120700.0,2944900.0,14396400,2898700.0,8595700,17009800,35138000,17178600.0,2388400
2020-09-08,39649000.0,89521636,60346000,45193600,80068200.0,16285100.0,22790200.0,1447600.0,5156800,8859000.0,11121800,9604300,60255800,19034400.0,1861000
2020-09-09,49285000.0,196282440,98282200,146843600,108397400.0,22900900.0,62626200.0,4428200.0,11364100,5255900.0,12012800,28690100,109624500,27289600.0,2986700
2020-09-10,175735000.0,305637969,172775200,264205400,287496300.0,27586900.0,142910700.0,5410300.0,25116900,14206300.0,17395800,82214600,121922400,68273200.0,7230600
2020-09-11,403032500.0,641858446,271155800,242923200,197756800.0,38634100.0,76725700.0,4429900.0,8948800,12182000.0,12441000,38160300,114696400,46751800.0,4721100
2020-09-14,138115000.0,303482811,143569800,155021200,127562700.0,22762500.0,57904800.0,2987900.0,17218200,6768500.0,13583200,29711700,61791200,26702000.0,1536000
2020-09-15,170087000.0,215087925,128927400,98187400,106215900.0,17481300.0,35809700.0,7435300.0,11223900,3665900.0,11969000,26859400,66313200,28752300.0,2128200
2020-09-16,158565500.0,152384862,57936000,60506400,68113400.0,12124900.0,21529200.0,6462600.0,3827300,3624200.0,4784000,9081800,31285000,13859300.0,1707100
2020-09-17,138796000.0,184375724,76432000,124173000,97257400.0,11929300.0,26234600.0,3511500.0,2734700,4053600.0,7810000,18504500,47543300,15857900.0,1223700
2020-09-18,316912000.0,223172404,91596600,87300200,162116700.0,14899900.0,46011300.0,3403200.0,8783200,4415000.0,12208400,27388900,28855300,18694700.0,1370700
2020-09-21,112443000.0,125587849,52930000,88031200,100305100.0,9385900.0,23388100.0,2485400.0,3295800,2745700.0,6058000,13841800,34817700,15419900.0,1630700
2020-09-22,163442500.0,148046607,113596600,96480800,75891600.0,8424800.0,22893300.0,2571700.0,7428400,5540400.0,5940800,30309700,52789600,17243900.0,2720300
2020-09-23,100517000.0,132670981,84710800,111629000,85953300.0,22773800.0,15696100.0,2545400.0,9067300,6495900.0,6002300,26996700,95405500,12875500.0,2069200
2020-09-24,88618500.0,180569548,121965000,101549000,74516800.0,14736500.0,24393300.0,3142600.0,7510400,5972900.0,13985400,23564800,69787900,11910700.0,1996400
2020-09-25,100705000.0,186363128,140455600,109984600,180968900.0,18214300.0,40064600.0,2065200.0,8029400,6329100.0,10590700,35804500,42231400,11710500.0,1024700
2020-09-28,93522000.0,149014953,99702600,62118800,89256700.0,20240900.0,28967600.0,2765500.0,5378100,3033500.0,8872000,17599100,23365500,5436200.0,909500
2020-09-29,117778500.0,200970281,111325600,84460000,155853900.0,11958900.0,31707100.0,2817600.0,7464700,3448900.0,8282300,22775100,47576900,17340900.0,2346900
2020-09-30,107377000.0,184622458,151529800,63903400,235611600.0,13929900.0,40490200.0,2564000.0,5521300,3833100.0,6032400,30404800,40688700,11323400.0,866600
2020-10-01,56893000.0,143036570,78954200,51766000,225006000.0,31801300.0,32822900.0,1607300.0,4384800,2693500.0,2470600,84701900,45502700,9175800.0,1343200
2020-10-02,66848000.0,172772944,99143400,61431000,140161900.0,22525200.0,33355000.0,2575400.0,3689800,2634300.0,4691800,37452400,56903300,9279700.0,1457900
2020-10-05,58291000.0,101996951,74300800,59714200,124720200.0,7714500.0,20624400.0,1841200.0,7906400,2439600.0,2731300,14393000,20089800,11708500.0,842600
2020-10-06,141955500.0,132900775,89104400,98068200,148977400.0,8640800.0,23682500.0,2312100.0,6818900,2538900.0,7241600,14093100,39918300,6498000.0,1171100
2020-10-07,89937500.0,317619596,88748600,48203400,110186000.0,16304900.0,21814000.0,3053400.0,7614400,4764400.0,8868400,18601400,22001600,18221500.0,912700
2020-10-08,77384500.0,136318754,88763400,42166800,154587800.0,23602800.0,32946600.0,2055400.0,5225600,3209400.0,6069800,16693400,28843100,30616700.0,1038400
2020-10-09,54250500.0,89241681,90248600,51010400,109122300.0,17913200.0,19525000.0,2418400.0,4652000,2004200.0,2322100,14912300,175465400,11386800.0,1262600
2020-10-12,82918500.0,172174643,77947000,63289000,77479100.0,14458100.0,23749400.0,4369600.0,6704300,6518600.0,5120500,18457000,108451600,15389500.0,1042200
2020-10-13,48250500.0,224885904,69863400,90512400,97205500.0,10805900.0,25032100.0,1678400.0,5744000,7526700.0,8052700,15181500,47798000,14388400.0,4365300
2020-10-14,83117500.0,213271353,109787200,133840600,183236500.0,21953100.0,50174100.0,4933300.0,9576500,9351800.0,10279200,38990400,1116793100,28140300.0,2232600
2020-10-15,82067000.0,201627762,77289200,106439400,138462900.0,18152600.0,29382300.0,5865300.0,6237200,10009200.0,14582800,23355700,1510069900,19485700.0,2211800
2020-10-16,89051500.0,154490628,67817800,54115000,135175000.0,8366500.0,37775400.0,2859100.0,4947200,7227300.0,10694800,20957300,638756000,26072500.0,3078600
2020-10-19,56871500.0,105821057,58936200,73015200,187840500.0,10254500.0,38057900.0,1962100.0,6586600,2188500.0,3912200,27999500,1158293800,15469800.0,3508900
2020-10-20,74995500.0,147444676,77213200,57256800,168211100.0,12525000.0,68915600.0,3002000.0,4784600,6697000.0,8968700,31977500,789265700,18312400.0,3527100
2020-10-21,77944000.0,128682202,113901800,89392600,142146300.0,11580300.0,52567200.0,1974500.0,8550600,9752700.0,5279800,18320700,1370011500,13260800.0,1526400
2020-10-22,96872500.0,176153302,138701400,44578200,257179400.0,15297300.0,75883000.0,1735300.0,9883400,5281200.0,8964200,22801100,465407900,71860900.0,7631900
2020-10-23,66328000.0,128973377,65900200,46222200,166356000.0,13956000.0,46040700.0,1692400.0,7956200,2466700.0,6734900,13897500,392722300,22850600.0,944900
2020-10-26,70452500.0,111346673,188574400,112967200,97523200.0,13638200.0,33055000.0,2164400.0,5298300,5331300.0,6495000,29947600,183290100,19051200.0,2706700
2020-10-27,89482000.0,201640192,112695800,176476000,146366600.0,16338100.0,45393900.0,6217100.0,13298500,4979000.0,9447300,35680300,333734100,11583500.0,1842100
2020-11-02,151006500.0,172465378,216862800,145155000,391510600.0,21849400.0,48772200.0,7408000.0,17741500,9102800.0,16241000,58395800,571253300,18159000.0,3532200
2020-11-03,78152000.0,133604017,75963400,89949600,188874000.0,24213900.0,44789800.0,4239500.0,8572700,4004300.0,6839400,42358100,317572700,9393500.0,1672400
2020-11-04,78626000.0,152055736,152817400,70802200,150678200.0,27511600.0,22433700.0,2836300.0,6185300,2680800.0,7124700,38146400,410216500,16673900.0,1830300
2020-11-05,161090000.0,258276321,175877400,180563400,369260400.0,95943600.0,25384200.0,2626800.0,9875000,5042500.0,9670300,45161400,240422000,14737000.0,1702100
2020-11-06,137303500.0,295649686,164219000,240710000,243865800.0,71675400.0,62036900.0,5102000.0,18386900,10391600.0,17154400,52447500,202159600,35428700.0,4319000
2020-11-09,82739500.0,283205831,122653200,166734000,208192700.0,72118100.0,53921900.0,3595200.0,15537900,9146900.0,15842000,68198900,846313500,29260700.0,5578600
2020-11-10,191073500.0,622129055,249588800,251065000,195337300.0,62591600.0,60062700.0,6850500.0,25530300,21280100.0,16395800,62694100,604934300,20916700.0,5287900
2020-11-11,131383500.0,392814584,166490200,214751400,480530200.0,138426900.0,56581600.0,6681700.0,22515700,20988000.0,15180200,63661600,628878500,65778900.0,5119900
2020-11-12,83082500.0,366633582,136150600,133987600,169609900.0,35445500.0,67819100.0,5110700.0,11094800,10317600.0,14050400,38384100,200055900,24822800.0,2237300
2020-11-13,82374500.0,261115910,122043800,198407400,186708800.0,22623400.0,24090900.0,1736700.0,6119200,7350000.0,7229400,12767200,172842400,17436800.0,1647300
2020-11-16,54905000.0,212327977,133917600,173760800,206145500.0,22309600.0,62526400.0,4684900.0,14162300,7054800.0,8258000,33134800,213486900,61569000.0,8581100
2020-11-17,119784000.0,198939646,106261600,126882200,527501800.0,47270300.0,28012800.0,5397400.0,16284000,24735800.0,19444400,33292200,300731400,53820400.0,6809200
2020-11-18,99789000.0,200926500,124936000,97499400,239122600.0,20395100.0,25384700.0,3864900.0,20505800,10675000.0,12693300,35735900,853419900,27678900.0,2770700
2020-11-19,147346500.0,219674674,94808200,122667200,185558800.0,18962300.0,35427800.0,10791700.0,12509800,7159300.0,8422500,33518700,286394100,132673300.0,12185400
2020-11-20,68468500.0,137266310,100573600,106282800,211892500.0,32517100.0,33703300.0,4641400.0,11720600,10424600.0,13621800,18059200,220936900,72908500.0,6548300
2020-11-23,75265500.0,135864336,106905400,165072200,260752200.0,86246300.0,40933800.0,8064700.0,13048300,5293500.0,7560300,33386700,371401400,77900700.0,5758800
2020-11-24,72349500.0,226784757,140929200,123975400,207503900.0,78027200.0,33117500.0,5378800.0,13733400,8640800.0,9553000,55053900,351292500,88378800.0,8011300
2020-11-25,170140500.0,311676963,197704000,202412800,253156200.0,56208700.0,117614100.0,21535100.0,20714100,12555600.0,18608200,32909400,303117600,102632700.0,13020300
2020-11-26,64339000.0,150181303,132275400,133546200,374185400.0,41247500.0,89572000.0,8537900.0,9155400,13527800.0,6716000,31101300,147126800,99508100.0,5903800
2020-11-27,87361500.0,126437063,124346800,129836400,163651600.0,44053700.0,98376500.0,5135800.0,17354300,28037600.0,11056100,40326700,308954300,61249600.0,5450200
2020-11-30,393091500.0,493687757,307900800,320814200,624142600.0,358988600.0,311402400.0,23203100.0,43997600,64378700.0,41426700,146595800,446062400,192854700.0,31753000
2020-12-01,114563500.0,251258199,176568000,199570600,277929200.0,87903400.0,119445500.0,7743900.0,15747200,20983400.0,12223000,46698600,240765000,91179000.0,15724500
2020-12-02,93897500.0,149985830,114721600,103987400,187276600.0,110992200.0,94220300.0,13645600.0,23596500,14997900.0,20584900,45553200,803420400,64008000.0,13603400
2020-12-03,98210000.0,218887830,155342400,128300400,121434200.0,66043400.0,54407800.0,9510300.0,30312300,15979900.0,17398300,71615300,615002200,61766600.0,19555500
2020-12-04,64995500.0,165420527,74976000,87823400,170418900.0,83546400.0,52405500.0,6416700.0,10334600,16025500.0,7084500,33404600,155578400,64010900.0,10424800
2020-12-07,96636000.0,154937236,133585800,121274800,175436900.0,65723500.0,92859500.0,5053700.0,18574500,14777600.0,15162700,65984300,367250700,156851600.0,8669500
2020-12-08,70561500.0,89400744,70350400,70337400,113775100.0,47643100.0,77339200.0,4688300.0,21827800,37259300.0,20773900,61017900,377826500,139826000.0,8973600
2020-12-10,151420500.0,212997338,187847000,97416000,229380200.0,42946600.0,92988900.0,5261800.0,19499000,27446400.0,24969200,50894900,686885600,107887700.0,12725200
2020-12-11,214160000.0,191894904,94541800,62718600,154365400.0,34539400.0,53669200.0,3551700.0,18572300,15130000.0,12019500,40746500,487755900,59382300.0,7534300
2020-12-14,179785500.0,140126140,94645200,118385600,281474900.0,245113700.0,43821600.0,6419000.0,14561300,7997300.0,14940000,25148000,417804400,106224600.0,10132600
2020-12-15,164024500.0,147085740,135663800,83508200,410175700.0,173537800.0,128853200.0,5242300.0,11350700,17300900.0,24500700,23441200,462918300,92609200.0,7160100
2020-12-16,138674000.0,143051750,97361800,98639200,455088400.0,252281100.0,98362500.0,4764200.0,14947200,16458300.0,21226500,152710000,1272844700,57825600.0,5551200
2020-12-17,91920000.0,155902502,109966000,81480800,249797800.0,101866300.0,76361900.0,5996000.0,19682500,12290800.0,13726500,99783300,542949200,85604700.0,8846300
2020-12-18,147238500.0,228155710,142797800,56371400,187856600.0,88493100.0,81878000.0,6384100.0,35360700,15122100.0,18415800,55796800,1083731700,72485000.0,4811200
2020-12-21,93692500.0,240869950,83174600,68494800,267970200.0,128295300.0,54800500.0,8120200.0,20648100,10927500.0,18759700,60691700,627035000,85692700.0,5778700
2020-12-22,61790500.0,188635658,165929800,127411600,311860000.0,97458400.0,94394100.0,6674300.0,13101600,15824100.0,17134800,46819400,678922000,75288800.0,5631600
2020-12-23,76948000.0,187175822,110032400,111054800,240067600.0,61822500.0,73880100.0,6517800.0,13560700,11933300.0,10921000,40311000,659296400,81613400.0,7554500
2020-12-28,60234000.0,94730336,75527000,61917400,178138100.0,58886400.0,32572200.0,4924000.0,8543700,10841700.0,5918900,28002400,992175000,52184700.0,2890300
2020-12-29,34212500.0,82725388,57422600,51736600,184525500.0,81822400.0,40341500.0,2587300.0,8044100,18237100.0,7869500,26060300,739754900,64321200.0,2572200
2020-12-30,52675500.0,99024700,88941400,76480000,150844500.0,48118500.0,39615400.0,5305500.0,11852400,16093100.0,13708100,24632300,535943500,47652800.0,6034000
2021-01-04,47937000.0,106226854,61058000,81711400,165339800.0,35547100.0,34840200.0,3454200.0,8203000,6040400.0,6655300,20906300,1040753400,76884400.0,8796600
2021-01-05,104831000.0,106964857,69928200,68509200,157800700.0,24647900.0,27318400.0,3682700.0,11869900,10086200.0,14953600,34835700,1139014700,46044200.0,3562100
2021-01-06,89753500.0,128299616,87109000,74299600,177877900.0,37062700.0,42778200.0,6610100.0,24431200,10369600.0,13331700,71557400,629211500,64679600.0,6643200
2021-01-07,71360000.0,141798389,80114200,74138800,140221900.0,44467300.0,33536400.0,5124100.0,14692600,8826900.0,7031400,42590000,1982112200,108301800.0,11828000
2021-01-08,75033500.0,205011531,93635600,72826800,492643700.0,64480200.0,88590400.0,6137100.0,24667000,11195000.0,12862000,26719000,1052618000,107126400.0,7736000
2021-01-11,169034500.0,422093240,212763000,149359200,271231200.0,41151700.0,57622400.0,9466000.0,25591700,5309300.0,15471100,563868500,521301600,86412200.0,6480900
2021-01-12,95235000.0,260390447,168626000,120481200,189779500.0,38200300.0,38226200.0,6171300.0,20896700,6644300.0,15844300,730883800,1147172800,51911000.0,3789400
2021-01-13,76581500.0,231181533,107392200,84618200,162329300.0,33432500.0,56171600.0,7162900.0,28188400,11366200.0,13975500,318606200,1280852600,162580800.0,7977700
2021-01-14,89319500.0,146980798,70295000,68392400,187448400.0,30861900.0,48209800.0,4883900.0,27720000,6211400.0,9115700,272061900,1499058400,97453500.0,5214400
2021-01-15,89853500.0,225189839,77235600,105609800,133304300.0,57119200.0,45722300.0,3786700.0,18780400,6773600.0,12883300,215382800,915912100,57645400.0,3542500
2021-01-18,86343000.0,182568723,119006800,80840600,138913100.0,74290200.0,48444700.0,4282500.0,44943900,15779400.0,12872200,215422400,930618200,62283700.0,4230300
2021-01-19,73777000.0,152430182,77834600,88881200,144100700.0,89602800.0,37236400.0,5403200.0,108575300,34368300.0,29859400,83675200,360498600,66704700.0,3273700
2021-01-20,107216000.0,277723446,220934600,109658000,116098100.0,36460700.0,27403000.0,4830900.0,34817000,14452800.0,12921600,60163400,1983213100,38652700.0,2595600
2021-01-21,66428000.0,177275431,82052000,59591200,81801900.0,25922500.0,32219700.0,1612700.0,16702700,7065100.0,7256800,161395300,1273877400,29798700.0,1815600
2021-01-22,80829000.0,183332136,117367200,89496000,165024200.0,43953400.0,34960500.0,5088400.0,14718800,5631500.0,12729400,102447800,894766800,39287300.0,3321700
2021-01-25,76836500.0,165278734,100647600,62801600,118131800.0,42651600.0,73391700.0,6272100.0,17025000,8009500.0,9830000,70622700,1222991300,41122900.0,3686400
2021-01-26,98658000.0,163850580,206712400,94759800,111414500.0,49666000.0,39158300.0,7471100.0,17948000,13587300.0,12599500,79451300,786819300,78348700.0,4250500
2021-01-27,97920000.0,198692361,171581400,121073600,159144700.0,44536800.0,56444100.0,7200300.0,14628000,9466000.0,8761900,73126300,1341364800,138977300.0,7559300
2021-01-28,104627000.0,176270344,135745000,105682200,142648800.0,37148300.0,54596400.0,6160500.0,20723700,8804700.0,11374700,80221200,731854900,107796600.0,7450000
2021-01-29,132762500.0,308226863,334227600,155809200,191915100.0,40832800.0,71886200.0,10460400.0,36432100,14066800.0,27088500,79625700,450321200,108401800.0,5322300
2021-02-01,113129000.0,355113743,242540200,153317600,133929600.0,32512600.0,57416200.0,5091000.0,15324400,6846000.0,13536900,71988500,2186652700,70788300.0,3831300
2021-02-02,86741000.0,167527833,160482800,113771800,114734600.0,21978200.0,42421400.0,10624600.0,11678200,12534000.0,16938300,73428200,942434300,80881200.0,4453300
2021-02-03,67291000.0,124241205,167044600,239553600,86433900.0,26217900.0,76420800.0,6819500.0,16730800,8510200.0,10659800,58843900,948031000,87968000.0,5696900
2021-02-04,80950500.0,162519997,139040400,100262200,80319500.0,57229100.0,29508100.0,5339300.0,17606900,6585300.0,9622800,41055300,874173400,79730000.0,5801600
2021-02-05,51602000.0,99005120,97199600,46060200,52630500.0,29994800.0,34366600.0,5024000.0,11295000,7215800.0,7175100,45768600,1157647700,72468700.0,4704800
2021-02-08,45604000.0,120218986,125050800,44851400,96635600.0,27172800.0,28817400.0,6919300.0,14010900,11335300.0,10698600,30326700,977135300,37956000.0,2670300
2021-02-09,75574000.0,464366860,208380400,86257400,157479200.0,30931900.0,113795000.0,6317900.0,10394200,35900200.0,16389300,48636900,877784900,38755800.0,2971200
2021-02-10,44984500.0,202155881,102693600,30024200,125221400.0,24148800.0,43492200.0,2662900.0,6019200,19472200.0,12959600,25973600,1401720500,19875200.0,1601300
2021-02-11,36926000.0,99681961,35879400,26663000,79940700.0,6941700.0,37890700.0,3494700.0,3700200,4249400.0,9091500,27319000,620114900,19691700.0,2517600
2021-02-15,83922000.0,93158189,48995200,53067000,88883300.0,24967300.0,178642200.0,4252200.0,8252200,4050100.0,12525200,21673000,361594300,18710800.0,3191200
2021-02-16,47221000.0,71623667,63202000,75821200,82026300.0,113296400.0,35796600.0,2797300.0,11529000,14656600.0,15087800,15732600,349266100,26515700.0,1667600
2021-02-17,66011500.0,101529553,117413600,89886200,121105300.0,54910900.0,56517500.0,4608500.0,6980200,5044600.0,5738900,32963400,443154100,42563500.0,1388700
2021-02-18,91204000.0,152089286,113989000,64395600,151200300.0,32259100.0,56765900.0,3333200.0,11085900,10242500.0,8654700,34834700,349948000,22065500.0,1990900
2021-02-19,70487500.0,109884637,102020400,51525600,63214600.0,39768500.0,42627800.0,3389700.0,8791400,16657400.0,5309600,152425200,482821700,10726800.0,1401100
2021-02-22,68913000.0,157619632,107680600,69472200,100425500.0,30665800.0,55230300.0,3753700.0,14949100,6220800.0,8928400,66610200,834610300,117066900.0,3342100
2021-02-23,58360000.0,107810772,89107800,38327600,354966200.0,63740500.0,60745000.0,3517400.0,12860600,11933200.0,10874800,34042400,327105100,48060500.0,3169200
2021-02-24,71869000.0,105582023,82498600,62323600,303017100.0,50930400.0,73050200.0,4608100.0,10340700,17672400.0,11677000,72954800,386381000,53690300.0,1902800
2021-02-25,78688000.0,131635423,133614800,68416400,226833000.0,38663200.0,123672200.0,6263300.0,14021800,7989700.0,7496000,52390100,346787800,37517300.0,1985800
2021-02-26,173631500.0,161796404,246190600,135017000,230007700.0,35677300.0,146271500.0,9128000.0,26873400,11519000.0,21120400,133986100,1305042600,36346300.0,2693000
2021-03-01,205539000.0,127020403,220785400,82388800,91513500.0,20313400.0,118418900.0,3058800.0,13054100,4982200.0,9537900,58528000,166782500,23529500.0,1775600
2021-03-02,81446500.0,75195758,163296600,57119200,169061400.0,34594800.0,87061500.0,4421700.0,17348900,13965700.0,16995000,58307000,298489400,42723000.0,3451000
2021-03-03,84470000.0,85026738,78532200,64855000,82610700.0,14698600.0,49030200.0,4270900.0,8276700,9225100.0,14417200,48819600,192152700,22092100.0,1639700
2021-03-04,120802500.0,117897176,120612600,35366800,142322100.0,19508600.0,70766800.0,5694700.0,10778200,7279700.0,10535500,67889800,466387000,42974700.0,3199200
2021-03-05,111871500.0,71188389,87239000,48207200,128546000.0,20833400.0,48034400.0,7691800.0,6029300,12683100.0,10281700,35614600,745024700,19286700.0,2568600
2021-03-08,90883000.0,69917647,54098000,24737800,80094900.0,20290100.0,55652900.0,11050900.0,10141900,12971400.0,8327900,31401200,476947100,18341300.0,2089700
2021-03-09,135582000.0,165527119,111838800,43320000,110090800.0,20511500.0,66908800.0,5141800.0,18687300,8629600.0,11669300,38671000,515109500,28531500.0,3188100
2021-03-10,50302000.0,77405916,51903000,30935000,91631900.0,13536300.0,66154200.0,17758700.0,6458000,7208800.0,12830000,40133700,193024600,16141100.0,1308800
2021-03-12,74328000.0,152360111,159202400,74997200,100195200.0,15503900.0,87065000.0,7214500.0,6978300,6857000.0,13809200,71273800,537855700,45093100.0,2865700
2021-03-15,57416000.0,95483079,79922400,133769600,50077300.0,11779100.0,48489500.0,3942900.0,12546500,9366100.0,7742700,43715300,371987500,27693700.0,3275900
2021-03-16,70755500.0,151028868,112248400,56139400,60111200.0,91487900.0,64804400.0,3041300.0,12107300,4733700.0,4449100,22390500,231241100,20082000.0,1887100
2021-03-17,71474500.0,116245827,50841200,44703400,61701400.0,16411000.0,61881600.0,2857800.0,10231700,6268400.0,5487400,30764600,147188700,17423100.0,1047800
2021-03-18,70067500.0,95635541,152427600,88289600,101896400.0,24453800.0,90338700.0,5048300.0,12740200,8262600.0,9918000,19222800,149549500,42697500.0,4792500
2021-03-19,125853000.0,166398004,150713800,59625600,140000000.0,18277000.0,80429800.0,8500000.0,24004400,15236900.0,18918100,99339900,123414100,50493100.0,3925100
2021-03-22,67523500.0,67100278,115979200,40516200,53870300.0,23015000.0,57320300.0,3335300.0,6044900,7289500.0,12601900,29442900,125924600,63607300.0,4428700
2021-03-23,127762500.0,115036356,97289600,38971000,55323200.0,8768900.0,46973100.0,2595800.0,8836500,30860800.0,30644300,37466600,141239100,39694200.0,5376300
2021-03-24,152050000.0,120514341,115254200,64499200,67173200.0,37687100.0,40065300.0,2062200.0,11037200,12586500.0,14817700,34585300,156928900,28610400.0,2994000
2021-03-25,119101500.0,95145043,71666600,46671400,107607200.0,25301000.0,49497900.0,3328200.0,10704500,11930600.0,15252100,36607700,191883200,32469400.0,2311000
2021-03-26,134467500.0,106978057,84478000,37882400,106810400.0,13398300.0,24880300.0,4497600.0,5548000,7860900.0,14473700,11780400,652293400,23697000.0,1605700
2021-03-29,113370500.0,106807554,79520400,34467400,72214100.0,12245400.0,25164100.0,3119300.0,11959200,5927500.0,8711200,30661700,454909500,14444900.0,1129600
2021-03-30,83115500.0,214898061,41180600,80632200,66491800.0,18449300.0,55842300.0,1654900.0,14708700,6974500.0,8013900,23063900,282270900,29091500.0,1233900
2021-03-31,223390500.0,323139711,159155800,87859400,134671900.0,14612300.0,89835200.0,3065000.0,14361800,11218500.0,14076000,22300400,268981300,24382700.0,2868100
2021-04-01,112286000.0,340183845,77715200,42609800,73332000.0,9835300.0,33323600.0,4277300.0,9105000,8292600.0,10400800,17604600,160897600,17046300.0,1623400
2021-04-05,73311500.0,345533898,39468400,29858600,36029200.0,7686500.0,29142200.0,2336400.0,5799200,1842800.0,8378100,14155000,107349400,72616600.0,6388900
2021-04-06,80215000.0,167319270,29650600,36015000,40566400.0,20579200.0,26040800.0,1365700.0,5009900,4493200.0,7035000,23411100,323980600,48211800.0,3102900
2021-04-07,107908000.0,116953800,46420200,35170000,84754300.0,20134200.0,33361900.0,1937300.0,5096500,3186900.0,4626500,15104900,237921000,22051100.0,1677200
2021-04-08,123697500.0,158572578,88449600,32473000,59079700.0,18247200.0,43680100.0,2416700.0,10879400,7579300.0,6318100,17501800,327839300,18123700.0,1409300
2021-04-09,116961000.0,125277643,126420200,99272400,56861400.0,18518700.0,59348800.0,2241600.0,9479200,2731400.0,5953200,28744400,264837100,12621600.0,1498200
2021-04-12,110411500.0,115119078,48429000,43708800,79003200.0,16509400.0,68211200.0,3872200.0,15823700,5958000.0,8463900,14682200,194738500,30610800.0,1797700
2021-04-13,119211500.0,120186645,76327000,36617000,51300200.0,18775300.0,53505400.0,4660600.0,12975200,2735700.0,7908500,22230800,111017700,27946200.0,2755200
2021-04-14,135519500.0,113531640,80914000,42649600,52587500.0,12979800.0,39277800.0,1715200.0,5450700,2798800.0,2736900,23625400,143891700,29522000.0,1106400
2021-04-15,102686500.0,86272180,68337400,35951800,65669100.0,22275200.0,34533700.0,2910900.0,8910100,2319600.0,4067600,15550100,109175800,19323000.0,1497500
2021-04-16,79293500.0,74495706,63194400,35331800,52517800.0,47488800.0,38151200.0,2740000.0,7481000,4801000.0,8024700,25365600,173387400,20695200.0,904300
2021-04-19,47095000.0,62185614,43598600,23835600,44899700.0,27001500.0,30832600.0,2435100.0,7032700,4496300.0,6456700,9322500,91552300,26395000.0,5021800
2021-04-20,72721000.0,98216076,63882600,16545000,55700100.0,19262600.0,46601200.0,2658600.0,13695800,2117200.0,4485900,14811000,60372200,10846000.0,1077900
2021-04-21,68397000.0,51954007,65425600,26455400,47167800.0,11897000.0,47261000.0,4400300.0,14082200,2711600.0,5957600,8530700,112742900,10382800.0,696800
2021-04-22,63758000.0,118813822,71452000,57216600,54970000.0,14378700.0,86785100.0,5274600.0,12095300,1843600.0,5354200,11533000,119644900,13289600.0,743900
2021-04-23,108498500.0,120513461,104928400,37571600,39798400.0,11515600.0,95175600.0,2418200.0,11471100,3492000.0,4746700,15203100,41022800,11052800.0,750500
2021-04-26,108742000.0,157367288,115305000,29762200,55076200.0,11699600.0,65428000.0,2439600.0,8628200,4114300.0,5724200,10788100,139616000,12495000.0,1050100
2021-04-27,132650000.0,146082083,96850800,61601400,166985400.0,11219900.0,41552600.0,1720300.0,10560300,7502700.0,6433900,18573600,96606300,8821700.0,706800
2021-04-28,87660000.0,126586116,161162600,34861800,91596300.0,17312000.0,72011700.0,1981000.0,9453200,5144400.0,4379400,19011800,138325400,6040200.0,434100
2021-04-29,57355000.0,124711354,82870600,22594200,111785100.0,26099500.0,43203100.0,2011500.0,21365800,2352400.0,7824600,10495400,325392600,10663900.0,1584500
2021-04-30,65829500.0,257497837,69941600,51811400,143840800.0,33397400.0,56668600.0,2163200.0,22253900,3825600.0,4426900,33231500,124672100,28344800.0,1903400
2021-05-03,42065500.0,124235705,65334000,47424400,124724400.0,8858000.0,29451000.0,2634800.0,11454300,3563800.0,5685300,15108800,171047200,30773300.0,1040500
2021-05-04,50123500.0,84287635,56355200,34481200,60180600.0,10799500.0,39860400.0,3181800.0,27736500,6310100.0,2921300,16904400,284137700,19078000.0,1228500
2021-05-05,51685000.0,117321536,45851800,38031800,76480300.0,10294200.0,27270000.0,3807500.0,23481700,2506600.0,3234600,18379900,180649900,9690200.0,577300
2021-05-06,38115500.0,86226199,37091000,30785200,91955600.0,5918700.0,34361400.0,2581700.0,41445900,6187000.0,3749600,26802700,150793800,13024900.0,1280300
2021-05-07,48864000.0,83358229,65331800,29105000,98099900.0,9839900.0,30771700.0,4098900.0,32723800,2904100.0,3537800,20893200,133080200,11633000.0,1337800
2021-05-10,68180500.0,81377755,35481400,28382000,104121900.0,5405300.0,25429700.0,2293700.0,42701900,3839900.0,7849700,18464900,157887500,18400000.0,1687100
2021-05-11,70680000.0,167031505,69381800,25122800,94281900.0,10231300.0,49162600.0,1969900.0,28767800,2161700.0,7528400,23113700,164247600,24415700.0,7472800
2021-05-17,129058500.0,214824800,95099800,53778600,114071400.0,20517300.0,47623100.0,2780100.0,20202700,9477500.0,12918300,31595500,185205000,20751000.0,7422700
2021-05-18,73563000.0,127276708,73965200,26061200,77310400.0,18465100.0,45784300.0,5605200.0,12773900,3770500.0,5181000,18704800,179403400,12949900.0,2261300
2021-05-19,64912500.0,135307947,98436000,58396200,48958100.0,28031700.0,47008800.0,2617700.0,16176000,4186400.0,6071500,22644700,111892800,17102600.0,2014400
2021-05-20,64950000.0,164832677,69610000,47329400,197430900.0,134303900.0,49746900.0,3779900.0,20439300,4715400.0,6549800,26107300,214175900,28546300.0,1954900
2021-05-21,92620000.0,121124632,140453000,51714600,104101400.0,70443200.0,43416900.0,2734700.0,12760600,2032000.0,4549500,10921100,147528900,18400400.0,1502300
2021-05-24,59210000.0,147190132,54897600,29090200,64347100.0,29168300.0,33540000.0,4470900.0,19589000,3906400.0,6645400,9693700,128408600,11103400.0,4175800
2021-05-25,87470000.0,168676803,90594400,47884600,62218300.0,68743200.0,45393500.0,4899200.0,23086400,8978000.0,9217700,22179100,186483800,16105500.0,2340100
2021-05-27,537971500.0,622692705,353889800,161699000,233551300.0,68682000.0,99709500.0,7901900.0,53308600,11260600.0,19375100,162541000,148943500,18092400.0,1756900
2021-05-28,102108500.0,274099434,78305800,43171200,87439800.0,32188200.0,24346700.0,3131800.0,26276900,7763900.0,11134300,24377200,118544200,10980900.0,2974300
2021-05-31,101442000.0,326538660,96660000,69536200,155768200.0,101613500.0,41498000.0,3707100.0,17773400,4574100.0,7281000,24095700,57366900,11327800.0,2388900
2021-06-02,141732500.0,312257333,157335600,76636200,108933400.0,63670500.0,43217400.0,6248700.0,31109000,5611200.0,8305800,30212300,125654300,64936900.0,14867800
2021-06-03,133810500.0,173444725,86426400,54852600,77627900.0,56949100.0,49012700.0,4330800.0,21195800,10251900.0,9230800,44274700,131141700,22029200.0,2495000
2021-06-04,62108500.0,138144236,76307800,60249000,70624200.0,28430900.0,35211100.0,3461200.0,15902700,9862700.0,7802700,23701700,160479400,12600600.0,3315700
2021-06-07,62576000.0,152755788,42514400,29282200,124440300.0,39327600.0,31693200.0,2276000.0,18097900,3596700.0,5807400,16701100,62115900,18213400.0,2346100
2021-06-08,64348000.0,108888570,57084000,39074200,132409400.0,82070400.0,35402300.0,3663700.0,18894700,8321100.0,5824900,17121600,58838700,30094000.0,5497100
2021-06-09,77198000.0,107433795,47078600,31051200,112204200.0,34257300.0,24331300.0,3133900.0,41615400,4260000.0,8710600,13979800,117338500,21115000.0,1753600
2021-06-10,73262500.0,106984877,43543600,36977200,137713700.0,61336900.0,42924200.0,3361600.0,22243100,2264700.0,7499200,20588200,79751900,22824900.0,1720500
2021-06-11,72780500.0,57809408,77757800,37208800,82336600.0,30540200.0,44421700.0,4338700.0,23436200,2528900.0,5349300,14598700,94696000,76607700.0,9271900
2021-06-14,61478500.0,133363443,50043400,37052800,46016500.0,22979600.0,40699500.0,2343700.0,11521500,2865900.0,1774100,18638300,64557400,21724800.0,2803100
2021-06-15,87799000.0,200713646,107187800,28499000,60528600.0,26247200.0,35915800.0,4071100.0,26706500,4067700.0,6205400,23112800,84189100,14850800.0,4343400
2021-06-16,48984000.0,481002668,90051600,41794200,39149800.0,98526200.0,29144900.0,4093500.0,23034600,4552800.0,3877900,12235400,77248800,30760900.0,2489000
2021-06-17,68448500.0,336253477,146517200,51324600,50286100.0,58230800.0,38074600.0,1821600.0,19772100,4122100.0,3618300,21227200,74868000,21771400.0,2433500
2021-06-18,118043000.0,325605954,201335400,309557000,168414300.0,37770000.0,112157600.0,7436100.0,57214300,22478200.0,31608600,97394900,125507700,37712000.0,3753000
2021-06-21,60823500.0,159544775,138949200,106378400,74248200.0,80185500.0,48183300.0,4061800.0,34387400,8643800.0,7919800,220726700,100386700,22927200.0,2463200
2021-06-22,65824000.0,132832794,96680600,73577200,89349200.0,68415700.0,47156200.0,4352400.0,17867700,4253300.0,7005100,67090200,97671600,13637600.0,1561100
2021-06-23,52451000.0,178751767,66074200,79150800,81901000.0,37422900.0,46351900.0,3869400.0,9268200,3698700.0,8020900,31460400,64275900,16552300.0,3322900
2021-06-24,56010000.0,55421157,52248000,58488200,101334200.0,16817100.0,24665200.0,2364900.0,5114800,5529100.0,7558400,28444200,59257500,14156800.0,2887600
2021-06-25,68939500.0,83150216,61052000,55871200,58330700.0,14812100.0,33125300.0,1214300.0,13206100,3121500.0,4983500,49431500,90478300,18516800.0,4048800
2021-06-28,84420500.0,155357663,127109000,107955600,66338900.0,24892100.0,53083400.0,4526800.0,15756100,3796900.0,4362200,36530100,65985000,12391800.0,2229800
2021-06-29,53704000.0,133952393,96970800,51061600,123411200.0,25759600.0,70425700.0,4240000.0,17471600,9487400.0,11014600,34027000,55524500,13399800.0,3941900
2021-06-30,65795000.0,124133954,146560200,75289400,142204500.0,21387400.0,34641700.0,3305000.0,13308000,5574700.0,6063400,28588600,95174800,18161700.0,2736100
2021-07-01,58153000.0,105240907,87385400,58895400,143665900.0,35634200.0,42856900.0,2229400.0,24688000,17723600.0,25772000,19917700,89606900,11926800.0,1968200
2021-07-02,67392500.0,93832940,80422400,70071000,161855700.0,10735800.0,22436900.0,1614900.0,22708800,10481800.0,13176700,12907400,57200500,19535700.0,2531100
2021-07-05,39710500.0,93466744,29242400,49599400,133815000.0,43171800.0,27554100.0,1200800.0,20589900,3802800.0,9409300,22506700,60698700,16037200.0,1374800
2021-07-06,34279500.0,60849751,56066200,53836400,151573500.0,36414100.0,31280100.0,3088100.0,11307700,2930700.0,5961000,21419400,365880400,24718600.0,9027600
2021-07-07,35595000.0,163599005,96691000,40015800,110215500.0,11669900.0,35907800.0,1223100.0,19448300,4513900.0,8760800,26750100,146473200,13590700.0,2733600
2021-07-08,47297000.0,162349164,81459000,50402000,132576600.0,28020700.0,40566600.0,3126200.0,14979500,3402100.0,6331800,32821200,227835500,11132900.0,1879900
2021-07-09,40707500.0,140611578,50822400,56642000,222916400.0,16354900.0,21088500.0,6247600.0,13202300,6327200.0,6737800,19171100,185723500,15219500.0,1708200
2021-07-12,65981500.0,131702194,39692600,50318200,86268000.0,34004200.0,26816600.0,3515000.0,27418800,12916200.0,6033900,34874000,176941700,12700100.0,2109300
2021-07-13,65946500.0,175683484,65117000,35251400,82856600.0,49178300.0,28998600.0,4059500.0,29032400,16894100.0,9462600,20606700,128321100,12721100.0,1830300
2021-07-14,59321000.0,115704508,59225200,47666600,84993400.0,41389000.0,43408700.0,4441200.0,23386200,7941000.0,9076900,34479500,73148100,11271500.0,3513100
2021-07-15,49724000.0,139855425,94438400,69427000,88092800.0,17350000.0,50750700.0,3348100.0,14978400,2707700.0,6065800,21126700,107128500,7678900.0,1427600
2021-07-16,47998500.0,108336691,39567600,52095400,63626300.0,11208600.0,32544000.0,2272700.0,9184800,5375000.0,5581900,22813100,171972500,27623200.0,2435300
2021-07-19,47119000.0,69326497,31460200,35613800,116219500.0,16181200.0,25106100.0,1536600.0,7018000,3177400.0,6565300,24056800,74138600,13533600.0,2433100
2021-07-21,55009500.0,111008747,87100200,72049800,115099400.0,21375100.0,41716000.0,2716600.0,11283600,4519000.0,8853700,31672600,99038100,17241000.0,1857600
2021-07-22,60792000.0,93842180,55171400,121692000,48865700.0,20560000.0,36287300.0,4246900.0,20499500,4700400.0,6293400,12050700,59407500,44501800.0,7982100
2021-07-23,79938000.0,95960267,37457600,40381400,67128400.0,23954700.0,26847700.0,1813500.0,74486500,4113700.0,6496900,17402300,130437900,32513700.0,2851800
2021-07-26,48171500.0,90198037,77160200,37694000,55525800.0,23519000.0,43373400.0,3757400.0,33290700,3926200.0,2365400,27036000,223203900,17187000.0,1555800
2021-07-27,53107500.0,99741692,79279400,29688200,62673400.0,10169500.0,42635500.0,2650200.0,55131100,3332900.0,3170500,23973200,126951200,11666700.0,1583900
2021-07-28,74133000.0,77777283,41266000,49192200,103282300.0,20385100.0,24083000.0,1612900.0,17865300,2409400.0,2551700,17882100,64034100,13950700.0,3039200
2021-07-29,84605000.0,102817895,68168400,29831400,126542400.0,36647700.0,50238500.0,2926500.0,35079600,4082900.0,8460000,39331900,90764300,20433300.0,2697400
2021-07-30,105685000.0,113633172,92132400,84261600,95143100.0,67138900.0,65379500.0,5507300.0,59329000,7765100.0,17612100,49489900,90628600,19335700.0,2758100
2021-08-02,119981500.0,105807637,68571000,27577000,60368200.0,32009200.0,39192600.0,3560300.0,47024900,5251600.0,7791300,55975500,79180000,13784600.0,1194600
2021-08-03,110071500.0,87862477,70957400,37556000,89712500.0,18290200.0,46414100.0,2294200.0,25149400,3370400.0,6803100,32658700,79440900,9003000.0,1404900
2021-08-04,41112000.0,91847406,67410400,42847800,63108600.0,14578300.0,25646900.0,4676000.0,25519900,2039900.0,8354800,16906900,75331700,15136800.0,1191100
2021-08-05,93768000.0,294149590,140254000,84034200,89742800.0,30263300.0,31304900.0,3025000.0,47119200,4600500.0,5577600,33208700,105003300,23635900.0,4279600
2021-08-06,67285000.0,152456913,63682000,37009400,31664200.0,13753100.0,45454600.0,1696800.0,23050300,2308400.0,4446500,38165500,73813800,11295600.0,1631800
2021-08-09,52858500.0,102404178,50317400,33795000,70299500.0,22512400.0,31858700.0,2587700.0,17401800,2627400.0,4900300,46508600,118970000,16669900.0,5549000
2021-08-10,60446000.0,94349949,54893400,23582400,57658000.0,21559000.0,41920300.0,2200900.0,20393900,6585900.0,6276400,55389800,131980200,15439200.0,7353700
2021-08-12,118325500.0,94464021,51328800,20368000,93133400.0,19451900.0,22191700.0,9640600.0,28977900,3115600.0,8716200,40262100,127108900,53808100.0,6456800
2021-08-13,86929000.0,104829940,41771600,17836000,59903600.0,12413900.0,62673300.0,3358400.0,10076000,2441900.0,4764300,22061200,66587000,29949200.0,3136800
2021-08-16,69282000.0,70083530,53074000,27000000,38661800.0,27167400.0,46949700.0,2410400.0,17673100,1827100.0,7940600,11843300,48998000,18091800.0,4042400
2021-08-18,186354500.0,247351372,141229400,125505200,162921300.0,40629100.0,102560600.0,4366800.0,32100800,4277300.0,6963400,25693500,85335000,34384400.0,7173500
2021-08-19,100926000.0,218214729,101976800,95932200,100851800.0,28576300.0,53594900.0,4428900.0,18192800,4775800.0,6790800,31387700,131304600,43424500.0,6442600
2021-08-20,120163500.0,88330535,62841600,55731800,113411000.0,34938900.0,32878200.0,2358000.0,12646500,2045300.0,4015600,23424000,71969400,39361100.0,3771000
2021-08-23,68253000.0,68133856,46346200,40378000,64122400.0,23561300.0,30921500.0,5544100.0,22533200,1949700.0,4877300,22388600,65261800,53197900.0,2706600
2021-08-24,59561500.0,150882016,85217600,32190600,69338100.0,19932700.0,32783500.0,7852200.0,18406800,5218600.0,4955000,23528300,43554200,35462400.0,7483900
2021-08-25,80751500.0,86571495,60726800,22969800,66618200.0,10913100.0,26870400.0,3589200.0,22682800,7193700.0,5437500,30449300,61473600,15412100.0,1959100
2021-08-26,74337000.0,69144334,55050200,33832400,55756100.0,12159400.0,28757400.0,2669200.0,19988900,3990200.0,6674600,23005600,30446800,15548200.0,2232900
2021-08-27,71572500.0,79498923,35765000,37452800,62419000.0,13789800.0,26966100.0,3209800.0,21212400,7356500.0,11218400,24342500,31806000,11491100.0,1596100
2021-08-30,74564500.0,128539860,65062000,47411800,64177700.0,7667200.0,51914600.0,4889600.0,21892200,11729900.0,8838300,49180500,37542900,17414300.0,2996600
2021-08-31,115373500.0,134879489,135700400,42541400,130019000.0,10498000.0,45649200.0,5355700.0,38977800,5271700.0,29734700,93408300,117729600,24026300.0,2428500
2021-09-01,67362500.0,97691477,70082000,16831200,85135200.0,6824400.0,26732500.0,2881800.0,23793400,3241900.0,10351400,31866400,81067300,72378300.0,2647200
2021-09-02,53257000.0,81242343,51554400,32874400,51633800.0,12373000.0,17335000.0,2570500.0,12173000,1920100.0,6606600,11738400,44419100,33632700.0,2884200
2021-09-03,35764500.0,165056860,50760000,50949800,65479800.0,7800200.0,28004500.0,9504800.0,22908300,3556700.0,14115000,49704400,29176500,57376600.0,3470000
2021-09-06,36780000.0,188929693,51684400,38296400,52640400.0,8181800.0,28315200.0,4666700.0,18434200,4167800.0,11023000,57271900,65055100,34645400.0,1994300
2021-09-07,53902000.0,140380354,70448400,48409200,42617400.0,6058200.0,23685800.0,2401900.0,16097400,2986500.0,9378400,16775400,33406100,18759700.0,1064400
2021-09-08,77888000.0,228087900,84660600,38505400,80636800.0,13956400.0,44076000.0,4492300.0,27585800,6423000.0,11104500,41785000,58229900,28186200.0,3711000
2021-09-09,110074000.0,306319600,93331600,39836600,82214400.0,22673400.0,49118000.0,3565100.0,22145100,3731500.0,9251000,42971600,150815700,41081700.0,2928800
2021-09-10,41483500.0,177033000,107576800,34009400,52115300.0,15163300.0,31997100.0,2663900.0,14311100,1793900.0,3664000,21709100,423200100,26774900.0,1361600
2021-09-13,29929000.0,169825000,104806600,17832600,45547200.0,17860500.0,29796400.0,3268500.0,16431100,2351900.0,1815700,8362500,131318700,11547300.0,1969400
2021-09-14,51990500.0,216363400,84931400,17803800,166002100.0,116986300.0,34356900.0,4268900.0,15456600,1167000.0,3388600,23492600,139289700,31209400.0,4111000
2021-09-15,44514000.0,263544000,135497800,32731600,73158300.0,43293600.0,61522300.0,2858800.0,16681800,5544500.0,4024900,19610700,110525900,38499200.0,7063100
2021-09-16,58672500.0,194782800,61344200,31792000,58318700.0,18520800.0,27187700.0,4472000.0,20730600,6857300.0,3692500,24009000,163306000,41284500.0,5094400
2021-09-17,117540000.0,346529100,82452800,36439800,117573100.0,33427400.0,44004000.0,10581300.0,42311400,4816000.0,9684300,30924100,61535600,51739300.0,4178000
2021-09-20,73157500.0,357971300,57569200,44196800,83985100.0,11036600.0,46896100.0,2430500.0,25006900,4134700.0,3568800,9378600,82487500,17119100.0,1657600
2021-09-21,57115500.0,410533900,45153400,54314200,95848100.0,34245200.0,23656300.0,1535900.0,27510700,3757800.0,3730100,14673100,66014000,25481900.0,2967600
2021-09-22,68722000.0,416087300,26711200,41978200,66835200.0,35953900.0,21750800.0,2635700.0,53992900,1639100.0,2410500,12157700,88209700,26238200.0,5525200
2021-09-23,60998500.0,432390800,40606000,61940400,104737500.0,9249000.0,27178400.0,2550000.0,30884400,1829100.0,5395000,21547200,153137400,36159800.0,5325200
2021-09-24,60539500.0,634549600,50278400,39455000,72224500.0,9800500.0,29394300.0,10687800.0,28440200,2634400.0,6243600,19823600,159085400,60322600.0,5960600
2021-09-27,55052500.0,380151200,68500800,26683200,87303000.0,40972800.0,25252300.0,7360400.0,26324200,5104700.0,4794800,10494500,52714300,28935900.0,2815300
2021-09-28,80186000.0,306827400,64652200,27900800,54671700.0,22298400.0,35640900.0,13815900.0,14852900,4369400.0,6688300,10162000,99767900,97944900.0,8110000
2021-09-29,74079000.0,143081800,56467400,42313400,53170100.0,10395600.0,42995900.0,11766200.0,21762400,2750800.0,4698800,24028200,97068300,70824000.0,6296200
2021-09-30,156848000.0,416099000,82812000,69114400,153853900.0,41813700.0,44723000.0,13841700.0,35514100,5656600.0,17585000,23730600,125415100,81040500.0,10377800
2021-10-01,103954500.0,359864700,74975400,28026800,109898400.0,34983200.0,27484100.0,6692400.0,32614400,4065700.0,8796400,21204400,199919600,84607400.0,8163800
2021-10-04,74719000.0,335762600,156691600,147876600,82205100.0,17253000.0,52074900.0,14466600.0,42279800,11058600.0,13243300,24057600,143892700,99049500.0,14176700
2021-10-05,54986500.0,236562700,94886200,65757000,140488300.0,31680200.0,27128000.0,11018700.0,50537400,13184600.0,10904600,15698000,297763700,121685900.0,11392400
2021-10-06,174312000.0,446708800,168775800,222205600,153535700.0,14592800.0,168237500.0,6282400.0,53674800,9047000.0,14518800,30270100,98305700,99269600.0,7975900
2021-10-07,107263500.0,264905400,253196600,84459800,56837600.0,17549500.0,97516000.0,11416600.0,250903800,9890400.0,14057700,37530500,106183800,119597200.0,9258600
2021-10-08,94643500.0,196631600,223592000,96927800,91361800.0,65443700.0,91094200.0,6183600.0,68396500,5016500.0,7786300,24962100,159593300,62867400.0,9878300
2021-10-11,47201000.0,146720100,123020200,146990800,78865000.0,75346600.0,38994500.0,5243000.0,39246200,4998400.0,4124900,20811400,233370800,68436800.0,7529400
2021-10-12,91067000.0,241196000,191044200,144795200,69866300.0,56112700.0,68823100.0,6808500.0,49064900,7922600.0,6394400,26638500,131463700,56681900.0,8845700
2021-10-13,210893300.0,264629400,134998000,297783800,87143900.0,36103300.0,143652900.0,3187900.0,101550600,9413800.0,14065500,29785100,70802000,29495800.0,4508700
2021-10-14,138811900.0,196989500,104307800,156735200,95817900.0,24245000.0,104502800.0,5901600.0,86890500,19813500.0,20074200,65304500,189624300,36796500.0,5001900
2021-10-15,142378200.0,318189600,84353000,118737200,69707700.0,22726200.0,82896700.0,6839700.0,76894800,10441700.0,15567200,45210300,260095700,39191200.0,4779400
2021-10-18,116644300.0,286829000,152951600,206314600,78580700.0,22277300.0,61419000.0,7323900.0,46484400,7172800.0,14298500,25759700,237360500,53083800.0,4065100
2021-10-19,134601200.0,161256300,99358000,128186800,61095700.0,19802500.0,52117000.0,3590300.0,26024500,5926900.0,13144700,16828400,153636200,34372100.0,2916000
2021-10-21,106120100.0,319230200,189264000,140777400,169659500.0,33226100.0,132905200.0,14614600.0,49450100,8833800.0,12586700,52190200,346789000,83092500.0,11720700
2021-10-22,96730700.0,160459300,65782600,95312000,59640700.0,47481700.0,26886400.0,7089800.0,49601400,8038500.0,7423900,34304000,124149100,46458000.0,8629100
2021-10-25,60329800.0,128240100,76296200,97000800,58246300.0,29079900.0,51872000.0,3573400.0,76202500,5603700.0,6118400,23810800,50651600,63608600.0,4086500
2021-10-26,70103000.0,108782400,55872800,52453800,58615100.0,24317500.0,25950500.0,2891500.0,40624300,6724600.0,7012800,166793500,64791500,52184000.0,4182900
2021-10-27,57067000.0,258038300,82925200,95347600,52210100.0,19021100.0,40588700.0,3560100.0,39664600,7857600.0,9480800,164887800,75548400,37901500.0,3019400
2021-10-28,75271900.0,159645200,99023600,78045400,61151100.0,20802100.0,50046900.0,12321900.0,48607600,7670900.0,10016800,102437000,77309100,93386600.0,8828100
2021-10-29,60639200.0,155011100,160952400,118294800,70430900.0,21820500.0,82397400.0,5964800.0,43142600,7541300.0,8757400,155669800,52556000,35804400.0,14505300
2021-11-01,38593400.0,102079300,65621400,69669000,65447100.0,28091000.0,37254100.0,3960300.0,37917000,6520400.0,16153400,63028700,34622200,51187000.0,8565800
2021-11-02,90535400.0,124799700,51923400,60944600,170260000.0,15638300.0,25293400.0,2665300.0,23580400,3320900.0,11685600,125599400,27322900,45731500.0,4887500
2021-11-03,61621500.0,100486300,107556600,93339800,48810500.0,19998700.0,90495000.0,7513000.0,20173500,6778900.0,8534200,139441900,21938100,19187100.0,4887400
2021-11-04,61081400.0,119591100,103726400,54733000,53494200.0,11877000.0,41774200.0,5442600.0,19606500,2796400.0,7149400,147923700,67025700,27267200.0,6459600
2021-11-05,43120400.0,74347000,48035600,32817000,43133000.0,12762000.0,80775400.0,2912700.0,15950300,5357200.0,6618800,120743600,40241200,11416000.0,3285900
2021-11-08,85441700.0,79465600,50517400,49871600,58758600.0,8211000.0,23177300.0,4258700.0,12599400,2606200.0,6313200,140655600,46985500,17516800.0,2289900
2021-11-09,101785800.0,92453200,120574200,24198600,92427800.0,24071600.0,41112200.0,3227800.0,23025100,2936800.0,7461700,50026200,44444800,21991400.0,4313900
2021-11-10,47503900.0,69475400,156118000,25594600,53511200.0,16039700.0,104312600.0,5646400.0,15585200,2206900.0,10524900,55784500,38322000,11782000.0,5554900
2021-11-11,55790000.0,149637700,86362400,31442200,95789600.0,22255600.0,51111700.0,4459300.0,63047300,1269200.0,11349000,52529900,41526700,9624900.0,5716200
2021-11-12,52590100.0,80234400,56807000,46965800,115142400.0,10078900.0,26920800.0,2503500.0,30654100,1767300.0,3702900,31257500,80769500,13547900.0,7600200
2021-11-15,67344200.0,220142300,40131000,49796800,91001800.0,10881400.0,22148900.0,3266100.0,14544700,2870000.0,5020300,20170900,100184600,58991100.0,13203200
2021-11-16,98616900.0,163555000,76140200,38494800,99590700.0,16379200.0,42681000.0,3120900.0,12701100,6167400.0,5785000,56316100,47663300,22806700.0,8718600
2021-11-17,61968100.0,126523700,72789600,40673800,82023300.0,9186000.0,49120900.0,4475600.0,15347100,6965500.0,4586800,23329400,50176400,24562900.0,6970800
2021-11-18,78839600.0,114881200,30911600,21636600,53290400.0,13955300.0,29629900.0,3619300.0,15522000,9739300.0,27526600,28281300,52679900,10476000.0,3040500
2021-11-19,68203700.0,182167700,101125800,47973200,310615000.0,26488700.0,37505200.0,3256300.0,39746800,4570900.0,15329300,22639000,93539700,29270100.0,4425600
2021-11-22,66328300.0,151514000,92374400,105224000,206683100.0,11473700.0,62612600.0,2670200.0,38502000,3401900.0,6550100,41133000,46485000,17143100.0,2767500
2021-11-23,43477500.0,104294200,63127600,64255400,67778800.0,8565200.0,31557400.0,2694600.0,33067100,5458400.0,5566900,31824100,159836400,21397900.0,6752000
2021-11-24,35181400.0,111072800,56217000,39856200,67303800.0,13356900.0,25645300.0,3348000.0,18237600,1648300.0,6460100,36474100,73287900,15699500.0,4838800
2021-11-25,40216100.0,123609400,97473400,94781000,264897100.0,37675300.0,32763500.0,2551700.0,13327300,1599300.0,5060400,48835900,109033700,21725900.0,4058900
2021-11-26,113288400.0,148652500,78633400,136419000,231870300.0,18250800.0,93634100.0,6187000.0,22837400,5372700.0,10209100,47932800,162294600,23076900.0,4406800
2021-11-29,87907900.0,164312800,112673000,110182000,228774600.0,54572300.0,87367400.0,4379700.0,24000400,7196000.0,10021900,66271400,82567700,26057700.0,3655400
2021-11-30,144923700.0,316653200,219340400,103074800,435800600.0,44680000.0,97592700.0,8136300.0,66592500,12610000.0,18352800,162594600,151186400,29610300.0,5651700
2021-12-01,76538100.0,163457900,93119800,102525600,200699200.0,33311700.0,102412800.0,6845300.0,40625400,15597800.0,18018500,44533500,83612700,19843900.0,3340500
2021-12-02,66831000.0,139281800,70416400,80505200,116093100.0,41740000.0,48422300.0,7714100.0,34857400,2949200.0,7752700,56231800,89010800,53396300.0,5238600
2021-12-03,63283700.0,93227100,46109400,25241800,96760700.0,15129800.0,31882900.0,4464000.0,31096900,5921800.0,11984300,41788400,38757200,15291300.0,1862100
2021-12-06,56944100.0,106610000,52050400,53587600,106756900.0,16071200.0,53112400.0,2820000.0,16426600,4168800.0,9863600,31633400,31951700,22381700.0,1554400
2021-12-07,51258200.0,182048000,64289400,52704600,121543400.0,17040200.0,39679500.0,3151300.0,16917800,4921400.0,7943100,24030800,21542900,21647800.0,2650400
2021-12-08,74775000.0,143230200,56064200,69263600,113845600.0,9262900.0,44189500.0,3490200.0,10992800,2751100.0,3746700,26973800,24204300,15037900.0,1567400
2021-12-09,54886400.0,90471500,42688600,22996000,86985800.0,7168600.0,35386900.0,2296500.0,10364600,2668700.0,5859900,42152900,20800100,15640600.0,2093100
2021-12-10,91092400.0,122999200,93532200,44792200,90725000.0,18387300.0,55629400.0,4379200.0,14291300,4209200.0,9437900,21711000,13962600,30834000.0,3488000
2021-12-13,59977100.0,86848900,50091200,44218400,65533000.0,19935500.0,30655800.0,5792000.0,13018900,2949100.0,6051800,30298500,15212500,19058600.0,1205800
2021-12-14,49763600.0,100110000,65061400,28209200,75736900.0,11155800.0,17233700.0,3483800.0,13487200,4739900.0,6530400,44663200,28618000,16520100.0,2238100
2021-12-15,52477600.0,124522800,75677400,39056400,84424500.0,8638400.0,51113700.0,3564700.0,11306700,2295800.0,3988500,32761400,34080000,34563600.0,2508100
2021-12-16,95171400.0,136646600,69082400,44312200,98164300.0,8021900.0,56929600.0,2335700.0,13521600,3678900.0,5261600,99342000,35249800,23601400.0,1976500
2021-12-17,107096800.0,153165400,83945200,46617600,149615800.0,17248100.0,55854900.0,3710900.0,18949400,5451900.0,8264800,41416100,50857800,17001300.0,2974200
2021-12-20,74753000.0,89198900,57932600,42364800,72794200.0,8881600.0,26290000.0,2790700.0,12059600,2285700.0,5455500,33529500,53770200,22005300.0,1943300
2021-12-21,52386100.0,109561800,49859600,27763600,98039300.0,9417700.0,29127800.0,4460400.0,15689800,2317600.0,5431900,23899000,37964200,12443700.0,1192600
2021-12-22,33232000.0,104738000,34814400,36773200,50574500.0,2688400.0,33727100.0,3007800.0,10188400,6189900.0,4308500,46200100,28786500,18016500.0,1422700
2021-12-23,37136400.0,72736800,44565000,20865200,54508200.0,4728500.0,21744100.0,2729800.0,7863700,2797800.0,3952900,29951800,19005000,9183800.0,1118400
2021-12-24,30802100.0,59795000,54902200,27466400,29075600.0,4162400.0,16203800.0,925700.0,11979500,2906000.0,2114600,14266300,30712000,15486400.0,1108800
2021-12-27,20722100.0,65491200,34096400,21300600,30748000.0,6706700.0,20426700.0,1501600.0,7238100,1290200.0,1824500,14905100,18193100,6821500.0,584700
2021-12-28,39343800.0,52952500,39835400,29432600,39443300.0,4260700.0,21833300.0,8122200.0,7006900,3719600.0,3868400,20479500,29787500,108072700.0,4824700
2021-12-29,42079500.0,27676500,20860200,16851800,25596100.0,9613900.0,14260000.0,2442500.0,9030700,2009000.0,2810200,13887200,14304600,28686800.0,1474700
2021-12-30,49954700.0,146989400,34951600,23619400,50575100.0,12685800.0,17144000.0,2203800.0,7633100,4302200.0,5535600,24016700,27319000,24442600.0,2800400
2022-01-03,54287400.0,90842500,30999600,23056600,65937900.0,2956000.0,27052300.0,2714800.0,24420300,2449700.0,7155400,25774000,74416700,40712700.0,6248000
2022-01-04,70624000.0,93950000,44541400,103142000,42984700.0,5378900.0,29770700.0,1849100.0,13276500,4450000.0,9175000,24471900,32222200,27350500.0,3148100
2022-01-05,76164900.0,174376400,98910200,71824800,119584700.0,14991300.0,50423900.0,3216800.0,9697800,3133400.0,10376700,47707800,51315000,34201700.0,3537100
2022-01-06,63657100.0,137280000,65651200,44384800,89197500.0,17719500.0,32155800.0,2719200.0,7594500,1984800.0,4718900,27428300,45325800,23256700.0,3597300
2022-01-07,143433300.0,101275000,68452800,67311600,68415100.0,10497500.0,25014800.0,4067200.0,7219700,6266500.0,10167800,87215800,26661900,69207200.0,4142100
2022-01-10,45351900.0,70722600,44378600,63924600,44921200.0,8623900.0,15379400.0,1267900.0,12806600,3461300.0,7142500,132840300,35421200,14976200.0,997200
2022-01-11,110334600.0,99404900,50367600,38404400,61890200.0,11313900.0,21800300.0,4133500.0,17846600,3692600.0,12672700,44595500,170397900,78645300.0,2554500
2022-01-12,62606000.0,65907000,34249200,28322200,45132700.0,4834600.0,21283700.0,2176100.0,29769500,2584900.0,9446400,36149500,394745900,19484700.0,1386900
2022-01-13,50025200.0,103522400,35763800,25598400,84148400.0,5549100.0,18618100.0,3815800.0,13806300,2367700.0,5598300,28302700,284219000,24127600.0,2109100
2022-01-14,65898700.0,110213800,43651400,39342200,28193100.0,8096800.0,17719100.0,7373800.0,11920000,1865900.0,6834000,21589300,106442100,28433000.0,1899700
2022-01-17,63902600.0,102957100,43188000,92592800,39816300.0,4413700.0,15859100.0,4935000.0,20035500,3363800.0,7248800,36515000,183492900,17583800.0,2603100
2022-01-18,71476300.0,120275000,64484800,70206600,112212200.0,6792900.0,28165300.0,3514900.0,27044300,3038300.0,7813200,50948500,219496200,22623300.0,3156200
2022-01-19,60389700.0,109954700,103093600,44159000,88713900.0,2529100.0,38051800.0,2979200.0,7662700,2877200.0,4464400,71878500,230606700,12803500.0,1383200
2022-01-20,59925500.0,86394600,53067000,33241200,100014500.0,4194100.0,46564600.0,4772900.0,9264200,9525700.0,8229600,56582000,368848100,18520300.0,1465800
2022-01-21,63370500.0,84972500,76806800,21681400,75534800.0,3348400.0,40709600.0,2128200.0,15210700,8287900.0,7217800,22979900,169331400,10488600.0,1176700
2022-01-24,40278300.0,76709900,44476800,40845000,70404500.0,5831400.0,27127800.0,2373000.0,9762900,2233500.0,3787900,37893600,70289800,41539700.0,4409400
2022-01-25,106796900.0,185007800,69268000,144670400,116353600.0,12342400.0,56709200.0,2665400.0,17157500,5194200.0,5219900,31244100,201603100,22515400.0,2437700
2022-01-26,53350200.0,97589500,140636400,107417000,127641400.0,12754900.0,27985700.0,4083900.0,11479200,3207700.0,6722000,24644500,162799900,20867000.0,2321800
2022-01-27,71945100.0,80682900,113618000,97516000,98613900.0,15885900.0,34574800.0,3183000.0,6277700,1600000.0,4047800,22397200,133831800,47926500.0,5322500
2022-01-28,70595000.0,84812100,121145200,127578000,61686700.0,51019400.0,27378500.0,1747600.0,10458800,3084800.0,5353300,25104500,49925500,22974900.0,3732600
2022-01-31,68122000.0,78498500,101700800,60466600,88735900.0,20971300.0,32006300.0,1988000.0,19204300,11996000.0,4971500,17549900,81820500,14587800.0,3660000
2022-02-02,65308100.0,81546300,68769000,38728000,144006000.0,16930200.0,33450400.0,1865100.0,8369600,2102100.0,3565700,17161600,158843900,16747000.0,2195200
2022-02-03,35100600.0,157898800,60204000,32303800,58212400.0,5710100.0,38565600.0,2137900.0,8460100,4600200.0,2665200,23942400,125115700,17408000.0,3394600
2022-02-04,39324700.0,236602900,36629400,21974000,98728700.0,8016600.0,16052500.0,2257900.0,14487100,4939500.0,3232400,17949800,80295500,10788200.0,1219500
2022-02-07,56813200.0,468016600,68867800,57166000,90285800.0,9868800.0,46685400.0,2649000.0,14546900,5159100.0,5443600,15681800,74469900,15870300.0,2379600
2022-02-08,61883100.0,310878100,158581800,131125400,71210400.0,13228900.0,95691000.0,5853000.0,19022800,4900000.0,5007900,36457000,90880800,12237700.0,4245300
2022-02-09,108922200.0,149000100,107360800,110157800,95375000.0,11534500.0,80244900.0,5519200.0,20209400,6006500.0,8939600,27205100,73968100,26572100.0,3160900
2022-02-10,93277000.0,112521600,107679400,142626800,233984700.0,12514900.0,93265400.0,3513700.0,21580200,5007100.0,8112700,23853300,255038700,9756900.0,1934600
2022-02-11,71968800.0,103418200,81582600,70289600,130081900.0,5340100.0,36376700.0,2952200.0,38093800,6545700.0,7515200,22112600,112845700,22618000.0,2595900
2022-02-14,57710700.0,105260000,76263200,72269600,104903700.0,14164900.0,74307400.0,4407400.0,27720300,3905100.0,4262800,27660100,126046500,44303800.0,5991900
2022-02-15,55617000.0,96658500,67804400,136495000,75305900.0,6084200.0,77964800.0,5046600.0,16340600,11049400.0,5152400,31125900,80643100,34432700.0,3541700
2022-02-16,77055100.0,89636300,74785000,93191200,90121200.0,9880500.0,46730000.0,3245700.0,22715500,7178700.0,6400300,17463200,48783800,18397500.0,3412500
2022-02-17,48704600.0,118305100,103038800,41691800,72970200.0,11488200.0,47572000.0,1864900.0,28291200,5767000.0,3840500,31645800,118149300,22027700.0,2998100
2022-02-18,56813400.0,127058000,81303200,39658800,71111300.0,8214100.0,53981400.0,3243900.0,27431100,9210400.0,6763400,26231800,412835800,21449300.0,1670700
2022-02-21,43821700.0,133717300,31720800,49586600,58883000.0,22300400.0,27509200.0,2536000.0,12790900,7714500.0,8706200,32018300,210845000,39800200.0,1498600
2022-02-22,80095500.0,109060900,69476600,62886200,106985800.0,25197800.0,49233600.0,4244100.0,28240100,7311200.0,7470200,51416700,215581800,21463000.0,2174400
2022-02-23,99240300.0,160827800,85991000,71828400,110562400.0,29196400.0,44299100.0,4131000.0,21559300,7812000.0,6864000,44613000,140926300,70217300.0,4480000
2022-02-24,124947700.0,217523600,170297000,166483000,126158600.0,36924000.0,76492000.0,15601900.0,51511000,10974000.0,8360500,37300400,303802600,131871800.0,19453000
2022-02-25,135899900.0,301346400,163299800,94301200,208757000.0,39163600.0,97598000.0,9837600.0,39737700,10382300.0,24140700,116915300,189907800,73101000.0,8341200
2022-03-01,136616800.0,494657800,149532200,74543000,206416900.0,22596900.0,101227600.0,6689700.0,21312400,21470900.0,15672200,73898600,137694700,61140500.0,8939000
2022-03-02,100301000.0,186635200,110824000,79796000,152165300.0,26674200.0,80565600.0,10213100.0,37310800,28428600.0,14053900,63136800,152871500,48840200.0,7478400
2022-03-04,132983400.0,292022600,104914600,60579000,155369100.0,14606900.0,50348400.0,12956600.0,42359200,24282500.0,14789200,42707800,320796500,99834700.0,12324500
2022-03-07,130990900.0,224515800,137667600,76482800,177360400.0,41669900.0,59978000.0,8488000.0,41980800,25237400.0,35629100,40066800,642031000,112276900.0,11311000
2022-03-08,119256500.0,214870200,104072200,86761000,234086000.0,36394400.0,256655000.0,9128400.0,35450900,21825800.0,20442800,56565000,1404951500,74669100.0,9665100
2022-03-09,132814500.0,191967100,115109200,78102800,145145900.0,25089400.0,107853200.0,5630100.0,24068100,11438800.0,8867300,19148100,706107000,44823300.0,7098500
2022-03-10,86484000.0,225575800,105803000,38764200,130830800.0,18200200.0,56584100.0,8805300.0,19292400,8712200.0,8016200,32861500,489605600,54914800.0,7828000
2022-03-11,61053900.0,275965300,122401600,61069000,143446200.0,27237700.0,32940500.0,3706600.0,19258300,8055000.0,5351600,14480100,359113700,30616000.0,3818000
2022-03-14,78432100.0,212052100,173513400,107659400,166572700.0,13297000.0,61811900.0,8458100.0,20868200,6353200.0,8130600,26761400,394132400,58766900.0,5760100
2022-03-15,111214500.0,357755700,146735400,67142400,231077800.0,23263000.0,57193600.0,8071200.0,35618500,15064300.0,8829700,35968000,170695100,39740800.0,3423100
2022-03-16,149761300.0,226817000,291909800,129432200,109961900.0,18929100.0,55776300.0,5375600.0,66871800,7742600.0,7731600,55709500,235835100,19332100.0,3449600
2022-03-17,132439400.0,224068000,235559000,63973200,246300800.0,22038500.0,53844700.0,6569000.0,33986000,6832200.0,7419900,34000900,153546800,12122900.0,4173600
2022-03-18,143981700.0,257863400,212233400,117918600,210266100.0,13142300.0,69493500.0,5481000.0,23334800,8157900.0,15851000,55156200,173667600,173133100.0,3322300
2022-03-21,85485500.0,118791900,162364400,60900600,79691600.0,15822900.0,72452300.0,4978300.0,29782900,4030800.0,6475900,23066400,92728200,55014500.0,3184500
2022-03-22,60010900.0,177758500,112672400,44859000,98699900.0,9367800.0,39260600.0,3161200.0,24196400,4588300.0,6930300,29045900,321561500,32211000.0,5209400
2022-03-23,82208000.0,146545100,183894800,71597200,78299500.0,18760400.0,27348900.0,3037000.0,16459800,3310700.0,5430300,37044800,177608500,25727600.0,5351500
2022-03-24,95245100.0,206271600,210909800,91401400,89578400.0,19910800.0,37635100.0,8737600.0,24615200,3315100.0,9611600,43946500,269047800,26027000.0,11516500
2022-03-25,85101200.0,137104800,136083000,58910800,90053700.0,28565500.0,42984300.0,5235600.0,14146900,28613700.0,21806000,52626100,200436800,18989500.0,9149000
2022-03-28,83911500.0,106801800,95354400,95596200,184131000.0,28344700.0,68545500.0,3437600.0,23752600,13828500.0,15893200,31051600,121087900,31588100.0,6139800
2022-03-29,62180600.0,93155100,160112200,37284800,77920800.0,14517600.0,24901500.0,2575500.0,41388600,9243600.0,11353400,26030300,144731100,33505700.0,6603800
2022-03-30,71430600.0,83364400,82476000,52844800,118749100.0,11013600.0,34320500.0,3899700.0,91287100,9768800.0,11301400,19430300,131170000,43628200.0,8894300
2022-03-31,112691900.0,158650000,69174000,53597400,108109700.0,22069300.0,41346500.0,3051900.0,47424200,6875300.0,11813300,45789300,97395700,13814700.0,7237200
2022-04-01,105575400.0,145105000,62912400,68466400,86590300.0,19629400.0,35365600.0,5304900.0,26735700,14229300.0,11891700,29819100,107947200,20596500.0,12158600
2022-04-04,57321200.0,103902000,82013800,69486600,103480300.0,16122000.0,29374100.0,4929600.0,36823300,9542200.0,10168700,25992600,138741900,17373500.0,2043100
2022-04-05,48528300.0,76154300,82378200,29250200,52172300.0,16777500.0,28581200.0,5348700.0,30816700,6290300.0,6112700,34164600,141698900,38725700.0,9575000
2022-04-06,119263000.0,111009800,129476400,69207400,108368800.0,16466700.0,48854700.0,5265600.0,25193400,14545900.0,10919600,49125700,98442600,60587800.0,10995200
2022-04-07,68619400.0,91942500,136162800,53820600,143921800.0,15861600.0,41492600.0,4437100.0,18081300,11142300.0,11712800,68102400,286617900,28540400.0,8539200
2022-04-08,69791600.0,125657900,94622400,83823600,161974500.0,15891300.0,55006300.0,11715100.0,14057400,4565300.0,9286800,36379600,189362100,40875900.0,5062600
2022-04-11,62776200.0,109861100,107966400,71495400,90521500.0,32565300.0,51481700.0,4165800.0,27777500,4994400.0,6762800,51859100,163864600,44012000.0,7191100
2022-04-12,73471300.0,96961200,92691200,55549200,187948000.0,14278200.0,41879800.0,5667300.0,17817400,4546800.0,9354300,46610200,88390900,27267200.0,4635900
2022-04-13,57622100.0,112327600,90558600,57121000,196864200.0,49700000.0,52818100.0,6826700.0,20850000,8990800.0,11091100,34085700,143822800,93553600.0,8244000
2022-04-14,93342900.0,150659600,63275600,35981200,112735200.0,21968200.0,23891600.0,7336000.0,9591300,10581800.0,5824500,26345100,201698200,40945400.0,4332900
2022-04-18,68464700.0,82795100,101496000,42492600,120778200.0,73450800.0,32962100.0,3747000.0,10009100,7820300.0,8823500,18765800,190855400,28935400.0,5527100
2022-04-19,98632000.0,148475600,104508400,44256000,92268300.0,24148700.0,29237600.0,5063300.0,13023000,8334300.0,6003800,42560700,190460400,23595300.0,5017300
2022-04-20,124388800.0,404383100,164354800,138547200,88360900.0,95096000.0,39881900.0,4896400.0,29867500,7752700.0,12880200,51769300,137086000,43015000.0,4644800
2022-04-21,129323400.0,208253300,337363200,132273800,97575800.0,50212200.0,51438900.0,5369900.0,19189900,8557700.0,12424000,32175900,69884500,41534000.0,4943900
2022-04-22,85956100.0,174349500,168301800,85603200,101299100.0,33912400.0,39795300.0,6007000.0,16244400,6678100.0,14597300,57504900,82088900,21773500.0,4347500
2022-04-25,91279600.0,235752400,179082600,155795400,92045500.0,40134600.0,52305700.0,3748600.0,53256900,7140000.0,9508800,33865200,171951100,24476200.0,4055000
2022-04-26,128360900.0,262734300,131930600,79762000,85945800.0,42770200.0,39223700.0,5751700.0,96737500,11541600.0,12656500,16248100,229686600,24081900.0,3972400
2022-04-27,89463100.0,191955100,118272800,103426600,136485600.0,23364600.0,34988500.0,4676300.0,36437100,7890200.0,10374300,30454300,161589400,20516600.0,3240100
2022-04-28,133730600.0,193821200,443163800,140241600,198484800.0,21720800.0,118152200.0,15039100.0,33886500,7891500.0,9008400,49356100,115518800,47082900.0,8582400
2022-05-09,456796600.0,561600400,351637800,209052000,343682000.0,25744500.0,81089600.0,10347300.0,103950200,9648400.0,21830800,76978200,165439100,55066700.0,9592100
2022-05-10,268445700.0,435782800,498444800,166343000,281386300.0,57369100.0,118477400.0,7278000.0,172562700,24691800.0,22214800,52064100,146403900,89346300.0,10687300
2022-05-11,156535200.0,205233800,198922600,69604200,154455400.0,20468200.0,71287600.0,5873200.0,197748700,21331500.0,22876600,50650000,110097300,41108200.0,9993500
2022-05-12,240529600.0,207373600,162727200,219025000,233518500.0,21577500.0,45587500.0,6666300.0,118621900,16279900.0,14638500,36570400,183788200,54157300.0,9475000
2022-05-13,212968600.0,336711300,165507800,110677200,190889200.0,29174700.0,73260300.0,7486900.0,79196200,11232900.0,16624400,49784100,81842400,52937900.0,10436500
2022-05-17,159657600.0,272650400,149548800,87783400,170880700.0,16414900.0,40279200.0,5467400.0,43843800,11289000.0,13570400,159495200,94097400,108021000.0,7142300
2022-05-18,153514300.0,129716500,162519200,106075600,185359500.0,21749900.0,44859900.0,5814200.0,88532400,13474300.0,6964900,111379300,79223300,123533500.0,7790700
2022-05-19,140908900.0,132614900,127740400,64859200,112679300.0,17144000.0,27558300.0,4037200.0,56274400,10620900.0,13302700,61712100,122968900,47998400.0,6494300
2022-05-20,86520200.0,122101000,106866400,70372000,141701800.0,15492000.0,37674800.0,4926800.0,58516300,5593000.0,5765400,61642000,125630800,58291500.0,4831400
2022-05-23,71603500.0,175709000,144005200,60898200,196569900.0,23738300.0,46368600.0,4833100.0,37184300,5300800.0,11788700,36912700,244871700,71425900.0,4005000
2022-05-24,108710800.0,165758600,134555000,58031400,151693700.0,13737100.0,52177200.0,5230600.0,39458200,6395400.0,8924500,49342000,110538500,245375200.0,2605000
2022-05-25,76747400.0,138961700,132635400,73700400,166595400.0,11908400.0,51200500.0,4924000.0,38989700,6948800.0,8163400,22287100,115849600,142694400.0,4143500
2022-05-27,84336900.0,209962100,155078600,119132800,186513500.0,27422300.0,34766600.0,5363000.0,31887700,14411000.0,8665600,32989700,76174000,59131500.0,2862400
2022-05-30,105411400.0,193724500,117617200,66577800,107614100.0,13122600.0,37147800.0,5216400.0,49609700,5869400.0,4042200,23066200,125203400,70833100.0,2608600
2022-05-31,286292700.0,379626500,262054000,173358200,469620300.0,27409400.0,90800300.0,14866900.0,93943100,8505500.0,20679300,115863900,168242000,99567500.0,6144000
2022-06-02,149226300.0,225697500,203021800,69562600,164481100.0,42788300.0,72733400.0,7690900.0,56089200,8258900.0,19442300,58671200,116209300,137664800.0,3166300
2022-06-03,80563100.0,117643300,147960000,44234800,108852800.0,23988000.0,43947400.0,8406600.0,25523600,4816900.0,12168900,27458200,71245700,160576400.0,3304700
2022-06-06,81140300.0,157277700,148785000,70969000,79319400.0,38358200.0,53388400.0,5678300.0,16170500,4912400.0,27810700,30976700,93793800,5083700.0,2317600
2022-06-07,129242500.0,133318000,132673800,59999400,142504000.0,23493100.0,54814500.0,8789700.0,19562800,5391500.0,14439800,39892100,64431900,341714900.0,4236300
2022-06-08,108910500.0,150604000,153409200,36033000,202555900.0,38782400.0,33478600.0,6156200.0,56202700,4854600.0,14006900,44783800,57669200,97305700.0,4462200
2022-06-09,107828300.0,161768800,216804400,104568600,148580200.0,26752200.0,37787500.0,4536200.0,32236200,6835000.0,15634600,65482700,59980800,69345500.0,3010800
2022-06-10,111768600.0,222410400,165119600,148581400,189186700.0,27034000.0,57621000.0,4527800.0,20081200,6748700.0,7714700,31155500,131007700,69686500.0,5146600
2022-06-13,85539500.0,164017200,122467200,168106400,156054900.0,40408400.0,59781700.0,7224700.0,28947200,9404100.0,12818500,38442100,113102900,86455600.0,6138600
2022-06-14,80865100.0,150381800,100136600,89451800,117325600.0,23564400.0,38001800.0,8283400.0,22498700,5273000.0,11888800,25687400,140882200,43898700.0,4035500
2022-06-15,130367100.0,160729900,142400800,50537200,94848800.0,33293500.0,50804600.0,8409600.0,24158700,2774400.0,8012700,25656400,94872500,69214900.0,5585900
2022-06-16,132666300.0,240023000,186692600,70161000,96042200.0,20872600.0,74982600.0,8649600.0,19890100,6615900.0,8840900,47197200,99487000,64469500.0,4152600
2022-06-17,117839400.0,185763100,156836200,85689800,169375800.0,47456300.0,63931400.0,9257900.0,35637800,15529900.0,20368400,44887100,70818600,43960700.0,4871500
2022-06-20,88138700.0,95058800,74978200,54511600,82101200.0,31233700.0,44263700.0,6580000.0,64615100,18639200.0,10905200,47509600,78282700,27244500.0,5023500
2022-06-21,44295700.0,103964600,62996600,55051400,77489000.0,52556300.0,31247000.0,7165100.0,38363600,18588800.0,7172600,34306700,83298700,153209600.0,5879200
2022-06-22,53041800.0,106208500,88306600,62430800,60907800.0,25184700.0,35536800.0,3745800.0,25752200,12168500.0,14873800,57150900,171508200,127231900.0,6384300
2022-06-23,60443000.0,127600700,48817400,48869800,101065400.0,63068800.0,30137200.0,5874700.0,33615200,14035700.0,18142900,86030200,127468500,64292400.0,3586600
2022-06-24,57956600.0,66083900,60638400,46945000,81050700.0,28862400.0,42386000.0,5754100.0,22538000,14596100.0,15927400,30114800,73717900,34837300.0,1772300
2022-06-27,76354100.0,152306100,76574400,43368800,71574300.0,19883200.0,48277300.0,4800100.0,19512800,12022100.0,9670700,23443100,172003400,40998500.0,3568600
2022-06-28,146078100.0,178535800,110131200,64516600,128618800.0,7069900.0,36838200.0,5728200.0,25740300,14198000.0,13067400,71276400,106446700,33674700.0,1780900
2022-06-29,98517800.0,228536100,113216400,80254600,72888100.0,13093700.0,46682700.0,7735500.0,19482000,7580700.0,10225300,48413700,118684300,24862800.0,2363100
2022-06-30,101343900.0,239939100,125507600,51193400,116718900.0,11701200.0,52839200.0,7607100.0,32840700,14236800.0,12205400,37727000,77824200,60279700.0,4094800
2022-07-01,68738800.0,154659500,191672200,47117800,39572500.0,5317700.0,52387100.0,9050200.0,19350200,6160300.0,6190600,29391000,114976000,52894800.0,4248800
2022-07-04,102238600.0,246853600,246417000,119435800,115885200.0,17278200.0,43087400.0,7253600.0,22093000,8105800.0,8577700,51526900,101952600,50271500.0,5241900
2022-07-05,69172900.0,180648400,90919800,44476000,72329600.0,18523700.0,39700000.0,6290800.0,14993200,4827900.0,7717600,23903000,123382000,60671300.0,7752100
2022-07-06,66801100.0,125309100,180812800,61698000,62679000.0,31908700.0,67773900.0,4888500.0,12189400,8890700.0,6837000,23649900,96872200,26374200.0,3938600
2022-07-07,86126800.0,172127500,120444800,53792800,42393800.0,21830400.0,62871600.0,2764500.0,37537700,8219500.0,6754100,16128800,73058900,14136700.0,1583200
2022-07-08,64312400.0,112914000,57156600,66599600,64049000.0,29937200.0,78131700.0,3693700.0,26420400,4717000.0,5318200,27956500,83303200,37218100.0,2994600
2022-07-11,36830800.0,80867700,22860800,38983600,42258000.0,9276700.0,49946600.0,1615700.0,20528000,2464400.0,2961000,14169600,49575300,11693400.0,5211800
2022-07-12,34269000.0,56085200,51524400,91270400,43399800.0,16428700.0,22900800.0,2364600.0,15676300,4425700.0,5209400,25137900,88165200,36237800.0,6715600
2022-07-13,71988200.0,165745200,142494200,70323600,96218200.0,30265600.0,56747900.0,10874500.0,13093300,6786200.0,10978800,46771600,50792800,43410200.0,5676500
2022-07-14,83316300.0,188729700,158438200,53467400,68708500.0,12930000.0,59847700.0,8307700.0,17033300,5480200.0,7611600,62948300,165952800,36588500.0,4289900
2022-07-15,57419900.0,91362800,191949400,91881600,146093800.0,17830600.0,32403800.0,7014700.0,13119700,5190200.0,4235000,21810800,227657100,21496700.0,2910500
2022-07-18,60077700.0,135284500,152078400,33885200,84009400.0,14579700.0,27618400.0,4355500.0,10748900,4903100.0,8349100,42585900,137279400,15850200.0,1613300
2022-07-19,59641000.0,122905900,128963600,52625000,91367900.0,37510200.0,50725600.0,6366800.0,16537800,4373500.0,10570700,40514700,159974800,22969200.0,2600100
2022-07-20,105792900.0,220223600,215712600,99752400,82344000.0,30210700.0,70493600.0,5335700.0,37835400,7280900.0,9147600,55562200,110080500,31963000.0,2552800
2022-07-21,64337100.0,130405400,125699200,91623800,107234600.0,11081000.0,55415500.0,5403300.0,13828900,5238400.0,12515300,48156000,49659100,8932100.0,2086300
2022-07-22,38956500.0,86561100,54461200,39950200,59792300.0,8307200.0,37583800.0,4450800.0,14582600,4172000.0,3703400,39897000,129865600,20685700.0,2944700
2022-07-25,31247600.0,60952800,30750600,22755600,37218000.0,17109500.0,24674200.0,1979200.0,9190300,2168900.0,4355300,29266000,105812300,17318700.0,3452400
2022-07-26,44379900.0,97709800,58317600,40742800,49786900.0,14518000.0,21937400.0,2281500.0,8239100,3983700.0,6311400,27325600,63350000,19512700.0,2353300
2022-07-27,58465500.0,88570800,87439200,61470200,60672300.0,11660800.0,35066000.0,6934100.0,49444700,6584100.0,7768600,28115000,33964700,77959700.0,8455200
2022-07-28,86909700.0,136421400,94427400,90037400,110767300.0,32689100.0,51909300.0,7459500.0,82746200,36869300.0,13846500,32757200,342364100,46216600.0,5124000
2022-07-29,131553000.0,228669400,132709400,96026000,108823600.0,58053600.0,150285200.0,12006400.0,55532300,15100400.0,17090700,99313700,152840800,42404400.0,3919800
2022-08-01,104841600.0,200791700,95909000,141365800,104724300.0,35009600.0,55511700.0,8590000.0,28250300,5969300.0,14285000,57374200,243188600,26438200.0,4759700
2022-08-02,106466900.0,173931000,57458200,61474600,112228800.0,26158200.0,53235100.0,6454800.0,22763900,8753500.0,11697200,54396100,150196700,22471500.0,3257300
2022-08-03,60170600.0,103412300,55822800,39764400,251825000.0,88429400.0,40666300.0,11305200.0,14248900,8092700.0,10883100,63652200,102367400,18590500.0,2597500
2022-08-04,164221000.0,120175700,75188600,71928200,186881500.0,32466400.0,66966300.0,12263500.0,21726600,7101900.0,14150300,93037900,76571800,27594700.0,4096900
2022-08-05,118734200.0,168879400,64150800,50346600,268967200.0,17187800.0,46702100.0,10880900.0,32171000,5847300.0,10508000,48888500,85399300,42041100.0,4714300
2022-08-08,84328900.0,107242600,82522000,26413800,191023500.0,22856700.0,32971000.0,10500800.0,20764800,5381600.0,9518400,39012000,130808300,44836600.0,2988500
2022-08-09,92875800.0,181747100,117148200,80592200,164453900.0,30914100.0,61001700.0,4976300.0,14898200,9512100.0,10862800,49268200,405818700,36672200.0,3062400
2022-08-10,104376300.0,205341100,79950200,49372400,162061400.0,50292300.0,37086500.0,10438900.0,21241700,9132000.0,11884700,26886700,148697800,44328300.0,3540200
2022-08-11,73204700.0,193329000,106627400,54002400,123629000.0,36698700.0,42007400.0,5577400.0,17603200,8299700.0,7552600,39752900,278414000,44076200.0,23464200
2022-08-12,59381200.0,103916700,62626200,34264400,124552500.0,19249000.0,58469000.0,7251400.0,20011800,12405000.0,6935600,24070900,121265600,16067100.0,5979400
2022-08-15,81411000.0,135099400,44464800,43855800,136882800.0,9640700.0,35283300.0,2704300.0,14082800,7725900.0,3707800,26916300,111112000,16300500.0,3763000
2022-08-16,83556700.0,205432400,109260400,36326200,127710800.0,21999600.0,61907800.0,3511300.0,11493000,6877200.0,15973400,48444300,117043800,19514200.0,4011900
2022-08-18,86136900.0,138795300,116693200,51415600,182044300.0,9904800.0,25190000.0,4153200.0,14617400,4612700.0,10405500,91254000,116651400,16799000.0,4406500
2022-08-19,58194900.0,84552100,48290200,33229600,177623900.0,12535600.0,32914500.0,2921200.0,13156500,2671500.0,9669600,25423300,101507400,29511500.0,4180700
2022-08-22,97293300.0,121124400,121399800,80695200,202320400.0,14000100.0,48266600.0,2166500.0,14214600,6545700.0,6047100,28461400,140299600,26489200.0,3640900
2022-08-23,71671800.0,107799500,95553400,43109000,229431400.0,39933600.0,56381000.0,5081800.0,18458700,4274600.0,4805600,49113600,87682800,45538300.0,4437100
2022-08-24,108892400.0,75055900,60958200,31310600,189007900.0,23467000.0,30605000.0,4749800.0,14304200,4350700.0,5240700,17502700,54617900,41538600.0,3148700
2022-08-25,99503500.0,117653800,77254800,18239400,179495700.0,15040200.0,22793800.0,3773100.0,10177700,3658400.0,4791100,26101800,90209100,126329500.0,2497400
2022-08-26,80472400.0,87375200,82356600,27294200,184317100.0,12082800.0,31120500.0,5112200.0,44804400,3573500.0,6220300,26577900,135647800,40084500.0,1431800
2022-08-29,57762100.0,88409800,62683800,50521600,101529800.0,13251100.0,29722100.0,3250000.0,20184000,2426600.0,4316400,17284600,117016500,34708100.0,4071400
2022-08-30,124467000.0,157219500,109649400,64186600,118884300.0,17098700.0,45566100.0,4973100.0,23733200,5118700.0,7090200,64797200,139215000,34388600.0,3922200
2022-08-31,137659900.0,191475700,151631600,88222800,175300400.0,19630000.0,55714900.0,7363200.0,38272000,40179900.0,28438200,79897200,134229100,74260800.0,2139400
2022-09-01,74960800.0,139929300,120967800,24754600,120871700.0,11250000.0,36691900.0,2255000.0,13106400,22198800.0,13391800,13257300,63085900,32141600.0,3847700
2022-09-02,71430600.0,220616600,90044600,76147000,106985000.0,21418900.0,26077700.0,5516800.0,11307400,8052700.0,13138800,30355500,105457000,27124700.0,3092700
2022-09-05,62906000.0,261126600,60491000,40541000,77323800.0,16940500.0,24953800.0,5716300.0,13208600,7694000.0,9181400,11291400,131398400,73175300.0,6620800
2022-09-06,67079900.0,188042700,65296200,39143800,61970100.0,22382200.0,18626800.0,7995200.0,23742100,8195400.0,6556900,26368700,138906100,35981300.0,6097400
2022-09-07,117931700.0,231936700,97771400,45680600,106145700.0,22786300.0,77218400.0,4116900.0,26881000,7229800.0,11491000,25598300,81794000,21382600.0,3380800
2022-09-08,132777400.0,250373200,96931000,48818600,123389200.0,28372200.0,39405200.0,3541700.0,13657900,2567400.0,10362500,24542300,78962000,31126800.0,3430300
2022-09-09,91234600.0,119286700,128510800,66122800,50307800.0,18614800.0,31904200.0,3468900.0,10000000,4783500.0,14636800,40502200,75063600,26030100.0,2177800
2022-09-12,52395300.0,97988000,110819000,33164600,74820600.0,16463100.0,51563200.0,1740100.0,7679800,3479000.0,10782800,29347500,96249700,12531400.0,1410100
2022-09-13,124485200.0,141828800,185487800,65135200,91510200.0,16819600.0,70555900.0,3262400.0,22934000,5413000.0,9240200,68663000,282112800,13358400.0,1372800
2022-09-14,116642400.0,149960600,119631200,46548200,97919200.0,19206100.0,56832100.0,5939200.0,10053400,5287300.0,8907600,33147400,230625300,17757300.0,2373100
2022-09-15,190404800.0,295664100,156750600,154342800,125599900.0,24934100.0,63346200.0,11835300.0,16878200,6959000.0,15583400,68525700,147893600,28087800.0,4380700
2022-09-16,363127600.0,282492200,167812600,90832000,210277300.0,31295200.0,65885100.0,7910500.0,21233900,13190200.0,18158600,112579900,97988100,35922800.0,3268100
2022-09-19,102530600.0,134432000,137396600,63689800,116164500.0,22894600.0,52232700.0,3879300.0,9791100,4445400.0,9070800,86049100,80428100,38555600.0,3629500
2022-09-20,89238400.0,138695500,140752200,35548200,100743700.0,12464600.0,47337700.0,2326300.0,25974800,6978300.0,6634700,53757900,46000700,25845100.0,2198500
2022-09-21,90933700.0,159976900,71044400,33158800,91363200.0,12837600.0,26007500.0,3047600.0,33960700,4979500.0,7204000,48378000,122337200,25503200.0,2512200
2022-09-22,61908500.0,100425300,96479200,25991400,89922900.0,10729100.0,26295200.0,3573100.0,14406800,3474200.0,6200900,62485200,56857200,30196900.0,3224100
2022-09-23,60567600.0,139074000,61877000,47123200,95911400.0,12470300.0,22258800.0,5776500.0,11888400,7310000.0,6647900,35652700,54897400,13667700.0,2386000
2022-09-26,106228200.0,280747500,133769600,77318600,132185400.0,28413300.0,61422800.0,9864200.0,17728200,11479900.0,8771700,81519600,95293700,50781400.0,7422300
2022-09-27,89567100.0,213704600,130959400,42385400,123113800.0,16469200.0,42809400.0,5896000.0,10292300,8523700.0,9551400,79268200,75589600,16453700.0,3284200
2022-09-28,89153400.0,161815300,133085000,74439000,104385500.0,8953900.0,50825400.0,8204400.0,16851700,3243300.0,13294700,40202000,70315600,14137400.0,2549200
2022-09-29,62643700.0,169368600,67945200,24479200,90290400.0,12664700.0,36653400.0,7552700.0,18109500,4652900.0,7205400,34876300,48688700,14467700.0,2796900
2022-09-30,176524800.0,224229200,113501000,45655600,111482000.0,12160200.0,71017400.0,8211900.0,23108800,8292000.0,12140400,50240300,61879600,18311600.0,2546700
2022-10-03,115079600.0,159559600,54662400,28349400,77569100.0,2761100.0,27280600.0,7297000.0,14748400,3692900.0,5291700,20938800,57708700,10035000.0,1531800
2022-10-04,80524500.0,256367100,90247000,58380200,87832800.0,6192400.0,33322400.0,7788100.0,12967400,7330500.0,8703800,22605800,73564600,18377000.0,5310500
2022-10-05,63788000.0,182246200,75891600,64983000,61888400.0,9602600.0,31019300.0,4997300.0,13566800,3838300.0,8316000,16903000,84847500,13327400.0,1903000
2022-10-06,43967400.0,123346200,43279200,23969000,60464300.0,5034500.0,37002600.0,3049900.0,17339500,4286500.0,5066900,33851500,46688800,29068300.0,1522600
2022-10-07,112043400.0,133678600,51267000,36556000,102570000.0,5445600.0,54850200.0,2082100.0,14439400,3913000.0,6908800,29216100,28671100,13954900.0,1810700
2022-10-10,80238200.0,193923600,55465000,32778000,72389100.0,5459800.0,34319700.0,4267400.0,8699400,5712500.0,6180000,24787700,29237400,30417100.0,3768300
2022-10-11,64060000.0,133742200,71925600,56959000,108794500.0,4056500.0,35320000.0,4923700.0,10775800,3055500.0,6202100,33465900,23307600,13346800.0,2429800
2022-10-12,47569700.0,128741800,118731400,46026200,107938600.0,11140800.0,72794100.0,9727800.0,11194200,4142100.0,5408900,23860300,45420900,23061800.0,2321700
2022-10-13,62282800.0,104269900,58832000,60923600,70034500.0,5175800.0,44281200.0,2041200.0,12495000,3106000.0,7809000,67251900,61806000,30507400.0,2434700
2022-10-14,70642900.0,180841100,106401600,49869400,68096300.0,12226000.0,45496900.0,8183900.0,9611600,2742200.0,5931800,34128200,35742200,14881500.0,1448700
2022-10-17,56387500.0,145506000,60905200,46023600,90321700.0,4916100.0,50710300.0,4607400.0,11650600,3735500.0,10678400,93740100,44920200,12921500.0,1701300
2022-10-18,85665300.0,161444100,67904400,34089400,72516000.0,9206800.0,42600400.0,6185400.0,18797200,4606600.0,7913800,107641800,29114900,82991500.0,2349200
2022-10-19,66753500.0,81682300,71544800,26287200,65848300.0,7218800.0,25542800.0,4172400.0,82474800,5120900.0,12959800,66266800,50663500,181494300.0,2439600
2022-10-20,91812300.0,149521700,102422400,74454000,165391500.0,12214500.0,32226200.0,6895200.0,51712800,11282000.0,12801200,117918400,55821200,142412300.0,8048300
2022-10-21,122777800.0,165052200,183987800,67147400,79825700.0,11031300.0,52148500.0,5119100.0,18231200,12299200.0,7353500,65666200,53313900,33609400.0,1903100
2022-10-24,89416500.0,186997700,102168000,93991000,76777200.0,18789600.0,37202900.0,4007100.0,27349200,7596200.0,7061800,30724200,42005500,32953300.0,2189400
2022-10-25,84696300.0,233948800,83305200,79026600,109154300.0,11384000.0,37836000.0,5432900.0,16874900,10549000.0,11860800,44422400,61312200,31677000.0,2557800
2022-10-26,98962100.0,178298500,80531400,57301400,97320500.0,7115200.0,36289700.0,7372700.0,28826300,21378000.0,10509600,22343400,93571200,34456500.0,4555800
2022-10-27,77003400.0,131385300,84531200,32568200,80270300.0,8364700.0,30429800.0,5031000.0,22168700,9880700.0,8558700,59875500,117436400,52332800.0,2237800
2022-10-28,84980600.0,227256400,102437400,67024200,91101500.0,7293600.0,28492900.0,3669600.0,33806300,10192100.0,11249000,37954400,48489400,17110100.0,1619400
2022-10-31,138922800.0,275184000,173874600,57043600,162753500.0,17517800.0,45774000.0,7956100.0,83268400,12513900.0,15454700,98912400,32276200,61756700.0,2254600
2022-11-01,118118400.0,230590200,111898000,41443800,108592900.0,10588200.0,59240700.0,7861000.0,88422300,10660500.0,10859900,62496200,27067000,53983400.0,6919800
2022-11-02,68323600.0,163816900,127515400,49775000,217855200.0,15276800.0,59695600.0,7935000.0,37943000,5675700.0,8049600,80371900,112301800,38596200.0,3682500
2022-11-03,81856300.0,174423000,119598600,47748600,231475000.0,16686100.0,29905800.0,3432700.0,15402200,4470100.0,6507700,36548900,55063600,19265200.0,10199900
2022-11-04,84458300.0,85292300,70781200,33068200,201183100.0,19945700.0,60465200.0,4065100.0,20812100,7272400.0,8342600,40378400,94024700,23911100.0,3471500
2022-11-07,94794000.0,112070500,98034400,43164600,129868800.0,8277100.0,41824000.0,3599400.0,20715100,8038600.0,9420800,53098200,213462800,20922900.0,3640800
2022-11-08,42525500.0,80916300,39585800,34329200,110546800.0,4257500.0,35241500.0,4950900.0,15497800,1953700.0,4847400,28466700,102934900,19180800.0,6013300
2022-11-09,96599500.0,126493900,68010400,44354400,145833200.0,6960600.0,45144800.0,5943300.0,24941900,7885600.0,11459700,50696100,109456900,58128700.0,9618300
2022-11-10,89463000.0,196277400,61964000,35056000,81249200.0,13292200.0,33770400.0,9061400.0,10140300,3773300.0,6477700,26816600,111703400,84559700.0,14213600
2022-11-11,59597900.0,153238500,102008200,76578200,227799300.0,23069900.0,50938200.0,6478800.0,16741500,8391000.0,6379700,67795400,262785800,27996300.0,15699400
2022-11-14,49208200.0,140187600,61055200,53046400,188771200.0,4714800.0,46011200.0,5804000.0,10527700,2114500.0,3416300,17679800,148342000,27835700.0,3595300
2022-11-15,59092900.0,87986300,83000800,32362600,88570400.0,4742700.0,65536000.0,5751300.0,11794000,5912100.0,6211600,29218700,165401200,16334300.0,4536500
2022-11-16,143424800.0,245789200,128257800,84179400,149512300.0,23812300.0,60298900.0,6942800.0,8942300,3665800.0,5248500,17946700,174441800,23171500.0,4292000
2022-11-17,72679800.0,214514600,167562600,42451400,68616700.0,22945900.0,35165100.0,3085800.0,12105800,3762600.0,5720700,18995500,149717300,13789700.0,2408000
2022-11-18,83556900.0,105313200,111646200,34503000,115907900.0,6242100.0,29302300.0,2946300.0,16515900,3350000.0,3196400,21737700,59274700,11151000.0,3089700
2022-11-21,35901000.0,82279300,52311600,24552400,45277400.0,4327800.0,19074900.0,3245900.0,13807100,2648000.0,3922700,36647800,54986700,21065200.0,4092900
2022-11-22,84684200.0,154866000,79850600,24036600,83888300.0,7665200.0,33102700.0,4743200.0,18963600,2625200.0,4377700,29365400,56464900,15741500.0,5371800
2022-11-23,84642100.0,147280600,78250600,26480000,95750400.0,2941600.0,30863200.0,6978000.0,8656200,2818100.0,4470700,25096500,55881800,11413000.0,3996700
2022-11-24,53520800.0,156735700,59701400,33691200,50741600.0,9087600.0,21534300.0,2407700.0,5155100,2652000.0,3331400,28228800,35329400,6081200.0,2409500
2022-11-25,75048300.0,177861100,77984800,28538800,73305800.0,21914900.0,40948100.0,3091000.0,11209600,4931600.0,7401400,22959700,30261700,6007100.0,2128800
2022-11-28,96209700.0,214611600,64779000,46613400,94063100.0,10058200.0,37901700.0,3434000.0,35089100,7923400.0,7771700,44193200,64871100,9513300.0,1678300
2022-11-29,91562100.0,184916300,72261000,59310800,94389800.0,12380200.0,121505900.0,5461300.0,21257100,4824800.0,6442200,34545100,56748100,14829100.0,2593300
2022-11-30,644359600.0,560639800,347136800,228769000,585687400.0,12061000.0,191276100.0,12416200.0,83228400,21565300.0,27602900,199167700,119645000,26589900.0,2696900
2022-12-01,155775400.0,267382600,141493000,60043200,230066600.0,19018000.0,88307900.0,5655100.0,16755100,11562700.0,23432500,36250600,119554800,13035900.0,1911000
2022-12-02,130982100.0,199981400,70811400,74888600,113336600.0,22752600.0,51843800.0,6103900.0,6918500,7169200.0,18869100,20615100,71325000,8869700.0,1270400
2022-12-05,114656300.0,88463000,146472800,46350800,148751200.0,27456300.0,64357800.0,5464300.0,9788500,6783100.0,5681800,23264800,61782900,10447500.0,2022300
2022-12-06,180553800.0,151325300,139360200,80960600,416468700.0,20697100.0,69873000.0,7208000.0,12811800,4223600.0,10495400,29565600,67396800,10636100.0,1815900
2022-12-07,229308700.0,253330100,200886200,74967200,278572200.0,16954800.0,116677600.0,10339900.0,19509900,5592100.0,13883500,39551300,81990800,15604000.0,1853600
2022-12-08,172590100.0,154313900,279908400,60297600,245646400.0,26063000.0,161238600.0,9505400.0,21123600,4883200.0,12426900,26193800,67037700,12590200.0,2199200
2022-12-09,90851300.0,203573100,241338200,58429600,164606100.0,32015900.0,55355700.0,16636200.0,13482300,3475600.0,13036900,31532700,49685200,11010300.0,2919700
2022-12-12,102851800.0,139582400,183717600,36690000,170545000.0,27706600.0,92687900.0,7702300.0,12297700,7138500.0,11385900,35819700,31247700,24873400.0,1510400
2022-12-13,104580200.0,194233200,224176000,44457600,231127000.0,31302700.0,113893000.0,4898200.0,13797700,5890400.0,6947300,32483200,57151100,13723700.0,1413700
2022-12-14,118164300.0,201275800,162689200,51313400,107175700.0,19776200.0,78775300.0,5423900.0,7415600,2376400.0,8285900,21458700,47643500,21040500.0,1950400
2022-12-15,113255700.0,170702300,82673400,45526000,143233600.0,10583600.0,61581800.0,4393300.0,11297400,3197500.0,7323000,42287000,33879300,14399200.0,1530800
2022-12-16,181516700.0,594601900,770252400,106781400,310944500.0,19216200.0,95271600.0,9488700.0,25213200,9094300.0,18611800,78765700,96998400,15471000.0,1927300
2022-12-19,67482900.0,82959800,100871400,60549800,119137700.0,14663400.0,57531200.0,6872900.0,16789200,3943600.0,7004500,33261000,84860900,11047100.0,955500
2022-12-20,41243700.0,78671600,56633800,37995800,55351300.0,16152400.0,25876100.0,3269900.0,5433100,1999800.0,4376800,20441700,52011600,12167500.0,2699700
2022-12-21,33617700.0,71277800,37945200,40936600,98741000.0,11443400.0,34940600.0,1626500.0,5871100,1492500.0,2354800,23249900,63043600,6824700.0,1986700
2022-12-22,59591500.0,87321400,78836200,30139000,68702100.0,42673100.0,32103400.0,2938200.0,10005000,1609900.0,3586200,25628500,38430500,5661500.0,1654700
2022-12-23,47393000.0,53350600,38571200,30492000,45179400.0,18530800.0,31969000.0,1201500.0,5698800,1559600.0,3652000,21975000,33726500,6330000.0,922100
2022-12-26,20495900.0,43581100,19578800,18889400,19216700.0,7811300.0,13540500.0,1719900.0,4053500,1028000.0,1596500,11136200,15934600,9093600.0,1133500
2022-12-27,27193800.0,74123800,43282000,30410200,49816500.0,32160300.0,13680300.0,2040700.0,6738300,1260200.0,1878100,11941300,36854400,6339500.0,652000
2022-12-28,40420200.0,117912500,30258400,26057600,65006300.0,14405100.0,29919100.0,2997300.0,7938100,1017400.0,5291600,17306900,62750900,5923500.0,1554000
2022-12-29,47020900.0,106690700,56981400,22647000,51703500.0,14047000.0,32241500.0,2879100.0,6825900,3858600.0,4037800,20241300,43604000,5196900.0,1706200
2022-12-30,44681400.0,182091500,40655800,30472400,79677300.0,11469100.0,36384500.0,2527400.0,13027100,1958000.0,3503600,24171100,23123000,9279800.0,2089700
2023-01-02,10653900.0,100200100,5985400,13398400,7959900.0,6972100.0,12068800.0,1202600.0,4266600,1201400.0,1627200,2631000,15045200,3809800.0,715600
2023-01-03,27399100.0,95136500,13815200,26463000,64235000.0,46974300.0,22854400.0,2217400.0,10663500,3169800.0,3939000,9282100,45001200,8567800.0,1454700
2023-01-04,90918800.0,188071000,38575800,48118400,56785600.0,14346400.0,32578900.0,8118200.0,6705200,3973100.0,5506500,18204200,142169900,13984400.0,3524000
2023-01-05,128838500.0,292142000,84945800,91135000,135167000.0,23833000.0,106047000.0,10800300.0,12524500,3774400.0,7888600,24355100,130118600,29603400.0,5661500
2023-01-06,69286600.0,175932000,44097000,47075000,65207400.0,14351800.0,59754600.0,3662700.0,8390300,6288100.0,6807500,24694200,55673400,17087900.0,3838200
2023-01-09,86916900.0,166164900,67250600,38714400,46616400.0,10488600.0,63437700.0,4614600.0,7932200,5829300.0,6662300,16257600,118054500,33010300.0,2579100
2023-01-10,101759100.0,282510000,214538800,66338200,80009900.0,8435100.0,62964600.0,5253000.0,13402300,12903700.0,14808700,22750900,57625700,17511900.0,2876500
2023-01-11,96069100.0,211610100,193915000,97985200,75139300.0,10083900.0,45514800.0,3983300.0,5806200,10176300.0,8614300,20078400,48480600,11056600.0,2119700
2023-01-12,103804600.0,210887800,219659400,74713600,105775500.0,10153300.0,61374300.0,3982700.0,11533000,5439200.0,5670600,25827400,185136300,10809700.0,3028100
2023-01-13,119748200.0,134592100,107483800,31492000,85780600.0,5970600.0,52039800.0,5715600.0,7554200,6858700.0,10145600,27201200,148853000,6907600.0,1176400
2023-01-16,105710700.0,172170900,145710000,27930400,58918700.0,16139700.0,48458700.0,3296800.0,6778300,4400700.0,5525400,26503700,92259000,6438200.0,1065900
2023-01-17,88695900.0,150577400,146238000,58844000,132256600.0,12973000.0,66999600.0,6142400.0,12333700,3597900.0,10513800,19593900,242582700,8112900.0,1655200
2023-01-18,96814600.0,178026000,95360600,42102800,94772000.0,18923000.0,28120700.0,5610800.0,5977900,1468700.0,8657000,25470900,122109900,10347000.0,1969900
2023-01-19,66391800.0,117204100,81704200,34502200,109555200.0,31522500.0,95543300.0,7470900.0,7752900,3508100.0,5746900,13570700,132011300,9464800.0,1497700
2023-01-20,96859500.0,116038300,93227400,36841800,88457800.0,13269100.0,54173000.0,6563600.0,6893400,2174100.0,8859000,15027500,113403800,12454900.0,2872300
2023-01-24,42474500.0,81964700,35028000,28496000,45504900.0,8925500.0,26217800.0,2635200.0,9638600,1978500.0,2858200,12531800,65599100,12646500.0,2093300
2023-01-25,66124500.0,84009300,72767800,72962200,80575100.0,10480300.0,18115800.0,2769700.0,6010000,1422900.0,4065400,12840200,55275800,9716900.0,1835900
2023-01-26,77582300.0,113840400,70558600,77131800,117238000.0,18032000.0,40168400.0,6387400.0,10397400,11211000.0,7859300,20288500,91463800,16932400.0,4227400
2023-01-27,196804700.0,178282600,216788400,89603000,100769500.0,10512200.0,31869800.0,6364500.0,12410500,6769700.0,11380600,23462500,36469600,12588300.0,2506100
2023-01-30,68544300.0,185972400,82589400,63021600,59425300.0,13090300.0,34817500.0,4871700.0,8435700,3962300.0,4366900,22700400,58533200,8147600.0,1598200
2023-01-31,200589000.0,280039200,167297000,139348400,179726700.0,16644400.0,89064100.0,9282300.0,26752500,19385600.0,13151600,72512700,56896100,16209800.0,2913800
2023-02-01,77396200.0,181849300,165628800,58539000,70997300.0,8365700.0,35355300.0,3148400.0,14128700,6394700.0,6670400,23314300,134564600,13751700.0,1775400
2023-02-02,99109500.0,145413400,99351800,47100600,78852300.0,20424400.0,30039900.0,9902000.0,23504300,3471900.0,12490700,67982100,55219600,12761100.0,1900900
2023-02-03,71716700.0,198479900,108125400,42774000,55154800.0,8345500.0,24629700.0,6136300.0,8988300,6290200.0,7031300,21774000,69916100,17534100.0,2638800
2023-02-06,117757700.0,141366300,109098400,38504200,58861300.0,25165800.0,31033700.0,6157800.0,5956100,3375400.0,5734700,23459000,60509800,31840600.0,2450000
2023-02-07,116014700.0,140923100,118132000,38887200,76254900.0,12082000.0,29536700.0,10437600.0,19128400,1421900.0,3099300,18130200,130229800,34808600.0,6081400
2023-02-08,54495500.0,168599500,75656000,34054800,65856500.0,10777900.0,27235100.0,4216900.0,28304900,1465900.0,6700000,24568500,52970000,15272900.0,1951200
2023-02-09,72381700.0,177400700,121757400,56866600,91337300.0,13029600.0,48263600.0,4136400.0,25346700,3348000.0,4626300,21628300,50507500,15367900.0,1651100
2023-02-10,62060900.0,181146600,81114600,24979400,88759600.0,13840200.0,71158200.0,6881200.0,80984400,2206800.0,6431600,30431100,77590000,20199900.0,3286100
2023-02-13,63775000.0,144569400,56771800,30348000,69004400.0,14418200.0,22154800.0,3348900.0,29413500,9716000.0,5797100,27916400,27137900,12384800.0,2420600
2023-02-14,81678200.0,120995200,39570600,48802600,80331100.0,7385500.0,31292000.0,2998800.0,15661400,8167300.0,4590400,33642000,47466500,7805600.0,1465900
2023-02-15,38037000.0,84568100,75595200,38279800,59028200.0,6466900.0,38862100.0,3127800.0,12590200,2018800.0,7480200,18109600,66560400,18276700.0,1913000
2023-02-16,66040400.0,69966200,49569000,38386000,49869900.0,10073700.0,19014100.0,1589400.0,7598500,3145300.0,5561500,10569500,130493400,13802700.0,724800
2023-02-17,43588900.0,104019300,58521000,27312200,50369000.0,13281300.0,31273200.0,2096000.0,13591200,2249400.0,11153200,22609100,90798900,8531200.0,1484300
2023-02-20,40077000.0,88432500,40696400,64976600,57438900.0,62751200.0,29576500.0,3973800.0,6671700,1671600.0,4762600,18255500,99587300,11345300.0,1347000
2023-02-21,25390500.0,59319100,52604400,72588200,63880300.0,19666000.0,26985200.0,1748900.0,9337400,2415800.0,6341600,12838200,70008500,5918800.0,1218400
2023-02-22,38671900.0,107327900,75513400,92300400,48505600.0,13594500.0,24822300.0,1693300.0,17514500,1786400.0,2984600,56438400,74407800,6890700.0,1457100
2023-02-23,53412300.0,139144500,177505200,52724200,109147100.0,15443600.0,33406700.0,3322100.0,12166800,2221800.0,4014800,56207900,74657800,8374700.0,3500600
2023-02-24,44123400.0,46409300,54138200,53277000,142165700.0,7644100.0,30869400.0,2816700.0,13276600,1169200.0,2435400,22398100,48747500,15629200.0,3271400
2023-02-27,59983900.0,89918800,47901800,48120000,66461600.0,36713500.0,28650400.0,2847000.0,25283100,3355700.0,6349700,39487100,60281100,17146400.0,2007000
2023-02-28,106349400.0,273125500,146440400,108313400,115766900.0,53205600.0,154669700.0,29878100.0,56167600,6041600.0,15811400,92212400,99649100,36876800.0,4923200
2023-03-01,67034700.0,115578600,89565600,48204200,47395200.0,29548100.0,49851200.0,6648300.0,20343000,11688400.0,14766000,13968900,49985200,19526100.0,2432500
2023-03-02,56672000.0,59377900,72991800,49577200,43208800.0,17353200.0,26943600.0,5345700.0,18391700,9145000.0,9675100,15271000,57745800,36403900.0,2904700
2023-03-03,95376900.0,84777000,88630600,54989400,49796000.0,17107100.0,32818500.0,3932500.0,25480200,4486000.0,7910700,39606500,63901300,24567900.0,1869200
2023-03-06,92652000.0,78292000,53728800,42464200,50103800.0,14658900.0,22141000.0,4064800.0,18877200,4757200.0,5126200,27319100,74031000,19550700.0,1422400
2023-03-07,106115600.0,111953700,80065800,45285800,59086800.0,21597200.0,41630000.0,7376100.0,20025900,10589900.0,8384500,24611800,76557300,24036800.0,1277800
2023-03-08,79350900.0,125766100,104838200,33221200,78551000.0,11512700.0,40374900.0,7875500.0,9159100,4646700.0,9222400,24318700,144493200,22532000.0,3387800
2023-03-09,54201400.0,79549800,83286000,112172600,68725500.0,7914500.0,23104400.0,5548200.0,12777500,1450100.0,5789000,16285200,75244200,23742100.0,2594100
2023-03-10,59580100.0,125140500,107531000,72647400,76136200.0,9468400.0,33330500.0,3722200.0,6405200,3436700.0,5466400,21501800,96320400,12200200.0,1416000
2023-03-13,82077700.0,106769300,92827600,87385200,104663300.0,20014400.0,28402600.0,8860600.0,10109400,1858700.0,5179700,19186000,60375200,16218900.0,3822400
2023-03-14,90495300.0,192444400,191898400,124869200,111430100.0,17463500.0,56988600.0,6085500.0,20377200,2627200.0,7033700,19329800,107452200,23028400.0,3227400
2023-03-15,86747400.0,107761200,262828600,97799600,65025400.0,49887700.0,40170800.0,5667700.0,11897200,4882400.0,6553100,25129200,67314600,11839300.0,2000900
2023-03-16,105894000.0,155984500,135467400,109964600,96707900.0,23769800.0,33947700.0,5059500.0,9016800,5112400.0,3570900,24002300,98076300,28905300.0,2838000
2023-03-17,198558600.0,267753300,224171600,151227200,232270900.0,52254700.0,74811900.0,27286900.0,25725700,8527800.0,17695500,118558700,109506100,144938200.0,13410000
2023-03-20,37277900.0,113829400,46333000,32195200,105982700.0,14084200.0,22146000.0,4306800.0,3705900,2151300.0,2325300,14432700,60151400,13420800.0,1215800
2023-03-21,91617400.0,214639300,131331000,49801400,88808200.0,19655100.0,40671600.0,3029800.0,7708900,3073600.0,7628100,33220400,36252300,9262600.0,1184700
2023-03-24,145603600.0,266103900,222156200,161637200,96214700.0,13530400.0,60721800.0,7905200.0,16680100,7244800.0,9974300,36062700,78590800,11071300.0,1471500
2023-03-27,110692800.0,144925200,151825600,99699200,71556400.0,8846300.0,32493100.0,4863400.0,6187200,2852200.0,7332800,18006100,128759700,11044100.0,3260500
2023-03-28,98296600.0,105217100,103951000,77714200,87955300.0,15172800.0,42944400.0,9304100.0,5785600,5237500.0,7110100,33190400,71821100,20342500.0,4144700
2023-03-29,101068200.0,141800500,107454600,67383200,113504700.0,11055300.0,81945000.0,10366100.0,12264000,5013700.0,10059800,35518000,147076200,27957300.0,5353500
2023-03-30,118912100.0,98847200,97186200,67522400,87690800.0,16152600.0,40174400.0,4836300.0,5407700,5282600.0,7313600,21147600,83062700,16050300.0,8988400
2023-03-31,97146900.0,161561800,92013200,54065000,93699000.0,14574000.0,40364100.0,5492300.0,10607100,4672700.0,15207500,39487500,63907600,22278900.0,8890800
2023-04-03,60288900.0,133511700,101724400,29520600,56896200.0,7457900.0,44636200.0,3812200.0,8983700,3949200.0,7453300,39144600,48072300,31523300.0,5651200
2023-04-04,60975800.0,88097800,94482600,46922000,82969200.0,13960400.0,35612700.0,7758700.0,14526800,6696500.0,7999600,39340200,64915300,25067200.0,5018800
2023-04-05,36922100.0,119316500,42655500,50698800,70419100.0,8278600.0,27556300.0,6634400.0,7687900,4243900.0,6600000,21920600,112473600,12105400.0,3738800
2023-04-06,45489400.0,88012300,47999400,46209000,125329700.0,10536600.0,32964500.0,4284300.0,5191100,2480300.0,6684600,16191700,73515100,9000200.0,5781000
2023-04-10,32996000.0,58886800,74787800,37676400,85757900.0,37120100.0,40039500.0,4362700.0,5001000,2263100.0,5879200,14604800,50599000,13363600.0,12093500
2023-04-11,44554300.0,67275600,37744800,29357800,84322900.0,67119800.0,37545800.0,6474900.0,8782600,1579100.0,4139000,12614600,86677500,12151300.0,634700
2023-04-12,91903600.0,194839900,111901500,46097000,178923700.0,44743900.0,126817700.0,15352900.0,12391300,3379700.0,7923000,40144000,61352700,16002900.0,1914000
2023-04-13,51726500.0,141279800,67928500,39924200,119431600.0,37007100.0,35138600.0,7536800.0,15132500,3551000.0,2624900,21326200,46749000,21928200.0,6879100
2023-04-14,110354200.0,190097200,142479800,64999800,117305500.0,20828000.0,45556300.0,9270900.0,20757900,4102000.0,8912100,30646000,96329700,18329300.0,5871600
2023-04-17,83946900.0,121231300,95789900,28538400,59688000.0,24663400.0,33965200.0,7169200.0,11180200,4558000.0,10704300,43702800,45802200,14543500.0,6301500
2023-04-18,91178700.0,95747700,106962300,57641400,65644600.0,19317400.0,101792500.0,9064600.0,8436800,4165200.0,4925100,25079900,41960600,22457900.0,4753400
2023-04-26,186928200.0,273336000,207338000,93228000,198984100.0,35643700.0,182919200.0,15622400.0,32563400,11287900.0,14098900,77840300,53065900,35310300.0,3251100
2023-04-27,54842400.0,125947200,51076300,26137000,58407000.0,35508500.0,45762900.0,20543300.0,65436100,4748200.0,7393900,11342900,24606800,10775200.0,1880500
2023-04-28,145775300.0,251912000,116957800,46132800,112116900.0,31675900.0,64976400.0,1804800.0,14421200,9935000.0,11951800,26544400,38485900,18429100.0,2192500
2023-05-02,83645900.0,84246100,98024100,28908400,117097400.0,18970400.0,62972600.0,1180700.0,11600900,5413700.0,6229800,38222900,45566000,14301100.0,3841100
2023-05-03,83728800.0,183524700,110683000,30178200,158597800.0,65730000.0,106341300.0,9696100.0,18996600,19269600.0,20460100,68209600,84879600,24435700.0,2839000
2023-05-04,67565000.0,140482000,100945900,44453400,98421300.0,59075600.0,132167800.0,19490700.0,15745000,8644600.0,13351700,31081500,56925500,125846600.0,2089500
2023-05-05,64815100.0,182599600,64499500,54129200,113408100.0,26565600.0,82270600.0,10333700.0,19170300,15775700.0,8005500,24418800,65433100,53580000.0,4819400
2023-05-08,84754500.0,107804200,64678000,33599400,121002600.0,15453500.0,95087500.0,12213200.0,8305100,16280400.0,15963300,31552100,29706800,41505500.0,2527800
2023-05-09,40929600.0,102987300,93531000,36728200,105907900.0,74317200.0,96938100.0,6003100.0,13264100,12832600.0,8982000,14251400,38860300,17810800.0,1824400
2023-05-10,45322600.0,108369600,58148200,35383600,84306600.0,39121900.0,52404700.0,5563800.0,12468600,4090800.0,8697100,19898500,29596100,13856500.0,1704700
2023-05-11,81993900.0,85618800,63262300,38690600,74171300.0,49376300.0,39596900.0,5851800.0,10646000,4074000.0,4955500,45802400,60984800,18151200.0,5874300
2023-05-12,96525600.0,92625800,105407300,50498800,236777600.0,21202800.0,67576500.0,4201700.0,7003400,3636400.0,8843800,20176200,55827200,13302600.0,2497500
2023-05-15,64830300.0,163732600,76451700,78164000,113329300.0,33842700.0,42039400.0,6014100.0,17448600,11802100.0,8207300,17513900,52156000,12768700.0,2256800
2023-05-16,49497000.0,73611200,42752200,101617400,68777200.0,8171000.0,19445400.0,3926800.0,6163000,6701500.0,12010300,18569300,46780700,14421100.0,1488900
2023-05-17,69996100.0,115834500,63396700,101667400,83183300.0,20789100.0,29480000.0,6441300.0,8527400,9627800.0,8442300,17462800,57535100,37555700.0,4314300
2023-05-19,123592500.0,185672200,78499800,96444800,95986000.0,37180000.0,75548600.0,14218900.0,10102700,13878600.0,13551700,30346900,45974800,43420000.0,5010200
2023-05-22,91000000.0,162655900,120027200,88480000,115578100.0,22524200.0,63793800.0,7103300.0,10990800,18449000.0,9774100,20090900,51978000,33256500.0,2899300
2023-05-23,102980500.0,255251600,165534100,107289400,132751000.0,16178000.0,49261900.0,7879300.0,15329600,16962200.0,17598400,42918300,50066400,23083500.0,2028400
2023-05-24,77392900.0,187436100,125575300,133024800,194127500.0,16879800.0,54136600.0,4410500.0,0,10976800.0,10056700,57639500,25578300,16240300.0,0
2023-05-25,76325700.0,224391900,76424100,74127200,122121000.0,11609300.0,43564900.0,8723700.0,16244400,16498000.0,18238400,28601500,30649800,40149100.0,3226500
2023-05-26,55675900.0,154003100,42313700,43538600,62211800.0,14067100.0,25356200.0,6010500.0,8749200,9079400.0,12859400,23341900,35480500,30321200.0,1754500
2023-05-29,79148200.0,125049100,60646900,27492000,77540300.0,7673400.0,27939400.0,5671800.0,26644200,7607500.0,8783500,28726300,33236600,36353800.0,2568000
2023-05-30,97189500.0,67363200,49086100,41695200,78924700.0,21507800.0,23340800.0,5855300.0,14103700,11956500.0,4062300,18171400,20104800,31065600.0,2273100
2023-05-31,722827900.0,898453700,393735900,278133800,1155861400.0,24005100.0,154796300.0,50516600.0,221662700,55219100.0,30276400,270941900,112564800,30729400.0,3356200
2023-06-05,163535600.0,255472600,149191300,53155600,189129300.0,14185600.0,200252000.0,10089500.0,14140400,19610600.0,16147500,72504600,65371800,22083900.0,3362700
2023-06-06,74872200.0,92019300,244590500,82211400,95792700.0,18194000.0,65282100.0,6252400.0,6400200,16325200.0,20431800,71091800,49988100,41069800.0,3738400
2023-06-07,87492200.0,150377000,130408700,62411600,127707400.0,41848200.0,81991400.0,6072200.0,30637600,14861700.0,15381300,65246600,33846900,35833900.0,2980700
2023-06-08,53188400.0,92794100,173484200,34322400,78989700.0,47900300.0,32704900.0,4428200.0,15742600,10950100.0,7128700,17271000,36123800,26853300.0,2706800
2023-06-09,44632400.0,77251000,150849200,35863800,83014700.0,14773900.0,24893400.0,6892700.0,11332500,14068100.0,7917400,34354400,24991800,28242500.0,1522900
2023-06-12,38082300.0,92314200,91080300,34347200,94687300.0,11549900.0,37558000.0,5618700.0,8165300,5427500.0,9202800,22303000,23090500,44733700.0,1999300
2023-06-13,45552600.0,108831400,143804700,40190000,69609000.0,28018200.0,23911800.0,6047100.0,19167100,5166300.0,6909100,22482300,27907100,51190800.0,1178200
2023-06-14,72223700.0,79137600,96670300,91447800,110730800.0,25797500.0,34146100.0,4614000.0,13107000,4387300.0,7028600,26515000,54535600,44344200.0,1511000
2023-06-15,59073000.0,74388400,94097900,35271200,85391800.0,13298100.0,16414000.0,5018700.0,10369100,8669700.0,6013200,22591500,44386500,97154700.0,2127900
2023-06-16,112769400.0,189062600,103942500,53221000,160978900.0,16935800.0,63892800.0,15055100.0,17780000,14121200.0,20763800,56618400,34334100,284014900.0,3398900
2023-06-19,32330600.0,55144200,36211300,28209000,54934100.0,18131300.0,12514200.0,4851100.0,10327500,4302900.0,12730100,12624000,11742200,63449900.0,1177400
2023-06-20,54990100.0,102926800,44316800,27112200,55155600.0,11849900.0,24394300.0,3894700.0,14414700,8294300.0,15719800,18373900,16397800,62961300.0,1397800
2023-06-21,42676300.0,84605400,58061600,21594600,60191300.0,13067500.0,37629300.0,4008800.0,11124900,9926300.0,9816700,19151200,19148800,61158000.0,1590500
2023-06-22,48291100.0,94143200,60457300,41779600,56150900.0,14034400.0,51199300.0,6073600.0,15969700,6988400.0,6933500,45701700,40103700,111652300.0,1117500
2023-06-23,47813500.0,123350300,47276900,22346200,41812400.0,10522100.0,32156800.0,3447800.0,7696300,5224200.0,6846700,29118600,30401200,225347500.0,1705700
2023-06-26,36389900.0,85472100,74263700,27723200,36011500.0,19824700.0,31726400.0,2464000.0,6553900,7496000.0,10303900,12739800,42017600,4857300.0,841300
2023-06-27,36225100.0,110716500,101592900,33973200,64879900.0,11248300.0,36422700.0,2044700.0,10533700,11473200.0,5117200,34950500,18194100,64168100.0,954200
2023-07-03,108855900.0,168559800,227354700,63091600,75193200.0,7452600.0,37348600.0,6561500.0,11030200,7246700.0,13036000,63533500,20374900,116625000.0,2762400
2023-07-04,35049300.0,94462600,119841200,31937600,33974300.0,11185800.0,20047800.0,2442900.0,3652500,3933600.0,7371300,75416000,16313500,33908200.0,1587300
2023-07-05,44609200.0,109632800,78430000,16724200,43303000.0,23977100.0,34751800.0,5469200.0,6305600,8144000.0,9377600,51042500,35622000,47096400.0,2198700
2023-07-06,52532400.0,109446200,90981000,48292600,68088900.0,32329200.0,35473800.0,4409200.0,12604100,3790500.0,18386200,39236900,88546800,33725200.0,2399800
2023-07-07,37641300.0,114043800,128515100,24713400,50474800.0,23596300.0,28755500.0,4699200.0,6160700,3881200.0,13723700,39362000,40420700,26853600.0,3184900
2023-07-10,28981500.0,78972100,82685700,19832600,65643300.0,8067900.0,15301300.0,2886800.0,7747800,3372200.0,5040100,32144400,14134300,20234400.0,1717900
2023-07-11,43703500.0,122094700,100578900,46162800,89768500.0,11391000.0,32949200.0,3988500.0,4794700,7366100.0,6802300,28824700,19295300,24286200.0,1222300
2023-07-12,61566500.0,104993700,123947700,83926600,73770400.0,6093400.0,29210200.0,3568700.0,16641400,11957300.0,7082100,40082300,21168800,26430800.0,1113500
2023-07-13,65230900.0,134905700,101281200,115995200,83009900.0,11336800.0,31298400.0,2583600.0,6041000,9467200.0,13443000,37406000,36336200,16924300.0,1610800
2023-07-14,55554500.0,127814200,122343600,43596800,64886900.0,8069800.0,56060600.0,2675400.0,10570200,4077400.0,8083900,29285700,21060000,22841800.0,1194700
2023-07-17,62550100.0,166951300,99897600,60019400,81399700.0,10644700.0,41698600.0,3021800.0,9589000,8656700.0,8103500,39937300,21903600,20966500.0,1370500
2023-07-18,52924600.0,120810300,65073800,65080800,135860500.0,10963200.0,68904700.0,3304900.0,4258600,8160500.0,4210000,65524300,25067900,17228700.0,967200
2023-07-20,83476600.0,111117300,132054000,62532400,88907600.0,17754200.0,64069100.0,3011600.0,8607100,17637200.0,4843300,79634100,31137300,9100600.0,1604000
2023-07-21,42667800.0,63094600,111275700,19578200,53955100.0,8991100.0,64037700.0,2546600.0,6015200,5102000.0,4121300,42962900,30200700,16007800.0,3412300
2023-07-24,62061200.0,62962500,54865000,37485400,80710100.0,8609900.0,40830500.0,7839200.0,8770000,4574500.0,2613300,24367300,19326300,52006600.0,4262000
2023-07-25,122802700.0,111248100,65237300,45959000,66434400.0,11453600.0,23958900.0,5141800.0,49204900,9932300.0,7641300,40692500,25532000,51691700.0,4511100
2023-07-26,113868700.0,76200300,88526700,104007400,86732900.0,19164800.0,38599800.0,9071700.0,37401200,5003000.0,6788300,25482000,35649600,25935800.0,2114900
2023-07-27,77848400.0,109859200,86556200,85572800,235026400.0,28069900.0,27816700.0,6529600.0,40562400,4539400.0,4790800,62633600,21145100,19828800.0,1583800
2023-07-28,74510200.0,74036700,121968500,81248000,181626700.0,117144400.0,28288300.0,4247900.0,20221700,7477300.0,6679800,44609300,36810200,15406900.0,1673400
2023-07-31,80868000.0,186727400,189375700,65017400,153583300.0,55651900.0,87828900.0,10459300.0,19175000,4635800.0,10226200,70534200,33449700,25251600.0,2968700
2023-08-01,49756400.0,100137500,114702500,136286600,97680500.0,49265400.0,29425300.0,4076800.0,20623500,7197300.0,15284400,125530500,136288500,23270900.0,1748400
2023-08-02,60629900.0,90611300,133546200,66452600,121333500.0,25295200.0,29463700.0,8222700.0,28813900,6184000.0,10482500,91491000,78406600,13498100.0,1254400
2023-08-03,64596100.0,82775000,68587500,82168800,82013300.0,13027300.0,29272000.0,4755600.0,26351700,5683300.0,7667100,40142500,38816800,8719400.0,998200
2023-08-04,52675900.0,150738500,47144200,56224800,67746800.0,16506500.0,16646300.0,3880200.0,18183400,6014000.0,3234300,17972100,40798600,17940600.0,1128700
2023-08-07,55589300.0,88104900,104342100,35042800,94909700.0,10282500.0,32608000.0,4576800.0,7680200,5146000.0,6723400,38131200,41290300,8800700.0,759400
2023-08-08,43373400.0,89189600,66473200,28001600,116329400.0,23182300.0,16515100.0,1752600.0,10061700,3765300.0,10356300,19920800,22252100,12299300.0,1059600
2023-08-09,77056800.0,91930000,64495400,67682000,129416100.0,34842900.0,13781700.0,3731100.0,13411000,2993400.0,8377200,17220000,28570200,12224700.0,1472500
2023-08-10,76738100.0,85474200,78859600,47185600,140158900.0,15824400.0,32076700.0,3644800.0,13438900,7467000.0,11422100,31667300,25992700,13118900.0,2871900
2023-08-11,68898600.0,74321000,46568600,33962600,109714400.0,16952100.0,42320900.0,4270100.0,7702800,5047600.0,10644900,16674600,24628600,9851300.0,2156800
2023-08-14,75495400.0,127358400,86460500,90433400,86871800.0,21743600.0,27616200.0,3157000.0,13589300,4849400.0,9921900,36798900,28640500,11758100.0,1918600
2023-08-15,59303700.0,89597300,116815700,48732000,80015200.0,19205500.0,32385400.0,1785100.0,9907900,4388600.0,5207500,23619600,23413100,15620300.0,1193700
2023-08-16,53440000.0,188191900,163744100,54525000,81507800.0,31353500.0,24913200.0,1667900.0,5265200,5716100.0,4884000,12646100,62356300,8650100.0,1196100
2023-08-18,79328900.0,121561200,104894600,51664400,108780100.0,69293500.0,69001300.0,5084200.0,10416200,6270900.0,6531000,50347600,42360900,21852700.0,1275000
2023-08-21,73573000.0,91640000,61845800,35954600,64449000.0,39489000.0,34702500.0,2444100.0,6141700,4556600.0,7689000,12787100,18371900,19218000.0,1253500
2023-08-22,65664600.0,101221500,93617200,30726000,98059600.0,16854700.0,37704700.0,4336900.0,5435600,2811800.0,3011900,14606900,36188400,116091200.0,4285800
2023-08-23,63749800.0,78686900,40844700,27342600,84842500.0,21327800.0,27624900.0,4536100.0,9837500,5173500.0,8107300,34969400,35653600,64887800.0,2471700
2023-08-24,53725900.0,74407500,42648300,28494200,82789700.0,6029500.0,33278500.0,12388200.0,6318100,2938500.0,5008100,28276000,81402400,35075400.0,2042800
2023-08-25,50379000.0,65096500,65093100,27453200,42049200.0,10925500.0,35673300.0,8528800.0,5639900,2972100.0,6990900,16350700,34868200,19594600.0,1221100
2023-08-28,44423100.0,37126600,63980400,21944400,37727500.0,44942700.0,14871100.0,3056300.0,4538300,2836900.0,3667400,13537400,20521600,17600500.0,1274400
2023-08-29,45428500.0,57547200,50839300,49788000,53453600.0,36006500.0,29937800.0,1930400.0,4023200,3082600.0,7986000,29399700,23010600,25740000.0,974800
2023-08-30,56227000.0,171282700,65727400,83251800,130027200.0,42600800.0,41993300.0,2492400.0,6862300,3638000.0,6222700,18648400,31964100,26862600.0,789900
2023-08-31,136107200.0,175088200,159062900,64007200,227635800.0,20503200.0,44502000.0,4100400.0,17604900,10231100.0,8339000,48819500,34775700,17422300.0,951300
2023-09-01,42152700.0,87366100,50796000,16703400,82253200.0,17859400.0,26069500.0,2242300.0,14230900,4602100.0,7093600,25897000,89347300,9102500.0,479900
2023-09-04,40610600.0,43898200,56317700,146903600,55881900.0,10722900.0,17384000.0,3263600.0,4215000,4055000.0,10757100,33778600,50595200,24017100.0,4750100
2023-09-05,42007200.0,72464300,24893100,100659200,62933300.0,23143900.0,23070700.0,3836800.0,13723200,2295000.0,9101400,26047300,30663500,21273000.0,2757000
2023-09-06,49318400.0,106367800,40547800,60567600,98673400.0,11197000.0,18421300.0,5838100.0,9878900,4817600.0,11380400,29734200,46818400,40392900.0,2071000
2023-09-07,61405200.0,157998600,124351400,52556600,63054500.0,56869100.0,49921600.0,3659600.0,13672200,4889200.0,11387100,59123900,29131200,23288700.0,1954300
2023-09-08,80732300.0,243324500,81980400,49974400,143090100.0,48709800.0,32416900.0,3162700.0,13784500,5514100.0,6631800,55673400,28062400,12325600.0,2184600
2023-09-11,53155900.0,80474100,74510600,54934600,76577500.0,28746600.0,33422100.0,3044900.0,7703500,3452600.0,4051500,58535600,28507500,16394900.0,6157600
2023-09-12,66479000.0,121654400,54076800,53087200,72170600.0,13401000.0,30225600.0,2664400.0,6763100,3767200.0,7691500,41058000,19270100,10707800.0,4173700
2023-09-13,69490200.0,59408000,69884000,44955600,82635900.0,14602100.0,40040900.0,4128300.0,7890700,3169500.0,7498200,40498300,42991700,22179100.0,2239500
2023-09-14,112757900.0,76831700,59132600,57207600,55532900.0,25568300.0,40259300.0,6719500.0,7980500,4753700.0,14765100,35127100,53126700,19874100.0,3756800
2023-09-15,121005300.0,141455400,165106200,73345200,147757300.0,15771400.0,132198700.0,13900400.0,19503200,8271100.0,16267700,64227000,46983300,15248700.0,1882100
2023-09-18,34272200.0,61329000,53450400,32816000,40645900.0,10314400.0,35517300.0,4143000.0,11035100,4752900.0,10488700,29281000,55122100,9005200.0,1121900
2023-09-19,33325800.0,50612700,84608400,26575600,38375000.0,11495400.0,31439200.0,3124700.0,10301100,3828900.0,4209900,26756200,50949200,24105700.0,705900
2023-09-20,54305500.0,98710100,64864900,82221800,171751900.0,23689300.0,39764900.0,5245200.0,12091400,4337500.0,13558600,41154900,30863900,22569600.0,1258800
2023-09-21,40607000.0,68584900,60535000,56156800,94880700.0,13913600.0,46231100.0,2422500.0,24626400,5964300.0,14277900,32625300,39716700,26347700.0,939200
2023-09-22,42445300.0,83184100,51069900,93225000,101185700.0,20290800.0,30610900.0,2770200.0,24114800,8580400.0,8640500,23992200,20902800,15150600.0,804300
2023-09-25,56132200.0,120196700,40650900,110954800,125817700.0,13019600.0,32700500.0,3737000.0,10923700,2726800.0,10989900,21196100,15640300,11448200.0,991000
2023-09-26,73544700.0,180280600,109786400,127165000,74734500.0,6963900.0,43217400.0,3941400.0,11435500,3475600.0,8020900,18365400,23825200,12175400.0,1566500
2023-09-27,84345000.0,119774700,75050600,92088000,83337700.0,6493700.0,31688400.0,3641600.0,9958600,2605000.0,6313500,18244000,17418400,16730500.0,1687600
2023-09-29,118960000.0,140331100,71554100,76949400,66219300.0,5154400.0,20902300.0,3858000.0,10670700,3978700.0,10802800,22639600,23052100,13238700.0,1578700
2023-10-02,93663000.0,81674600,33296500,52562400,71945000.0,20058500.0,23884400.0,3404200.0,7916700,3048800.0,6077200,23826000,25415600,10995500.0,982100
2023-10-03,98380200.0,54462700,37093100,49593400,61155100.0,9120600.0,25350100.0,11647700.0,19196000,4392200.0,8195600,17612700,42107800,29890100.0,1995300
2023-10-04,112582800.0,121445000,69154000,57958800,77527700.0,6605200.0,55496200.0,7279900.0,9896800,9283000.0,10500800,28841300,34753800,27672800.0,2343400
2023-10-05,72855700.0,116814800,69566800,69727000,81258900.0,14876300.0,55924900.0,6636500.0,12777300,12755300.0,15362100,32076300,44516900,22059800.0,2866400
2023-10-06,53344400.0,70202300,25913600,41840100,60156100.0,2608100.0,18104300.0,4367500.0,23551700,4721300.0,11936900,23319900,33650000,15054100.0,1841300
2023-10-09,43774500.0,144477000,45321700,55808900,37711400.0,2834200.0,43718300.0,5932700.0,8305700,4360800.0,6425200,19018900,63728500,17938500.0,2086600
2023-10-10,71966100.0,98457000,42820800,27090900,51167900.0,4889600.0,36797700.0,4840800.0,3722500,5032600.0,4329100,14881700,36959900,16467200.0,1633500
2023-10-11,84305800.0,100394800,72955000,63713600,83154300.0,13453400.0,45959600.0,4932200.0,12320900,6408300.0,14465700,21443100,27092400,14138600.0,2127100
2023-10-12,71064500.0,174022400,91341800,71485100,101645100.0,5419400.0,71954600.0,6094700.0,10447600,6821900.0,7306700,15541900,41983500,6972300.0,2027300
2023-10-13,62941800.0,84648800,39914700,49138900,48856500.0,13912700.0,32794800.0,2335000.0,5584300,2727400.0,3865100,11069700,32334300,9031100.0,1230100
2023-10-16,29429200.0,45782300,53416400,35029400,117472800.0,6976100.0,52414600.0,3160900.0,4544700,2385800.0,6263100,6388200,47543000,10559400.0,1108800
2023-10-17,59606000.0,127287200,74702300,29834000,57046900.0,9155300.0,40295600.0,2864200.0,21600800,4515200.0,6085400,38125100,22543800,4603300.0,630500
2023-10-18,50919200.0,77217600,80637400,46027500,64910600.0,24625900.0,53751300.0,3449000.0,8686200,5680900.0,6339600,7358800,28110900,8393100.0,938900
2023-10-19,89509700.0,195831400,160277800,96750500,62296900.0,8571400.0,60258300.0,2946300.0,8884300,11233800.0,8549100,30146000,32542000,10048500.0,1233500
2023-10-20,64554500.0,173353600,82132000,48517500,38978200.0,17707000.0,56606100.0,3499000.0,13601000,3439700.0,4622200,17027100,17059500,8034000.0,1273000
2023-10-23,50633500.0,82756100,73897500,36582200,69428400.0,27495200.0,57516800.0,6286900.0,7703300,4213500.0,6392900,14040000,37513800,15562700.0,1183900
2023-10-24,76963200.0,104021500,72469200,43655100,67041700.0,8637100.0,57283100.0,4688100.0,29824500,5166900.0,5377200,32868900,18292500,4910200.0,522200
2023-10-25,54748400.0,142215000,90426500,49108000,89567900.0,15718800.0,51542400.0,6095900.0,27547000,3907400.0,3305700,25913500,30552900,7822600.0,996500
2023-10-26,63199400.0,330618800,86348700,77078100,141139700.0,21167700.0,18969800.0,3098200.0,19249700,6579200.0,13444300,14364300,16159400,8877200.0,915500
2023-10-27,52450700.0,129599800,90177000,39350600,99607000.0,6418000.0,35328800.0,3428500.0,19668800,5503300.0,3881200,16699100,11293000,3865600.0,637800
2023-10-30,51958200.0,108523700,81547000,34312600,82945500.0,7205600.0,17820800.0,6742100.0,26309000,3187000.0,7559900,24521300,14473600,13971700.0,1446900
2023-10-31,64907600.0,106760300,99449400,62061200,66801600.0,23836800.0,46118000.0,5459600.0,26496500,4549800.0,5296800,84591000,34363300,35009600.0,1714600
2023-11-01,67027600.0,191567200,74281200,58008400,154441100.0,13000300.0,91836500.0,5710600.0,22592200,13173300.0,17099100,90226000,43647900,29746200.0,1972200
2023-11-02,56050900.0,208075400,115678200,61528700,69582500.0,12297600.0,46166200.0,8176900.0,20934700,4731600.0,14730300,61585900,31660400,14768500.0,639200
2023-11-03,60414100.0,125504000,53379500,37333500,85146800.0,17993200.0,43395900.0,4860100.0,17879200,4688400.0,17258700,32629000,27879000,15475300.0,830900
2023-11-06,84994200.0,122333800,58266100,54278500,66902400.0,31670100.0,29757300.0,5447600.0,11111200,4923200.0,11673400,22496600,36428600,10389400.0,652800
2023-11-07,60648200.0,137039400,56161300,38213600,103642200.0,12598100.0,30298200.0,4395000.0,10356800,5949700.0,8637700,28239600,22153500,11316700.0,424000
2023-11-08,31829300.0,86713700,63442400,30691100,103415400.0,6942500.0,38367700.0,6130400.0,6267300,5589900.0,9490600,21281000,29121500,10537000.0,855900
2023-11-09,46076800.0,66236400,45026200,32999400,96594900.0,13540600.0,20420100.0,3576000.0,4264700,2166300.0,4705100,14238800,15805800,9197100.0,742700
2023-11-10,50754600.0,113811900,59611500,37753900,48619500.0,14327900.0,15229800.0,2101800.0,4501100,2215700.0,4843800,16704000,22031500,5557200.0,433400
2023-11-13,20827700.0,63126900,17444600,17199700,37975400.0,13008500.0,24673700.0,3114500.0,9074200,2206900.0,5301800,14028100,25305600,6214200.0,994700
2023-11-14,37195700.0,85419500,50587800,27961100,45987000.0,5152700.0,12066000.0,2907900.0,13579700,6893000.0,4049000,24224400,22911400,6851600.0,684000
2023-11-15,84977900.0,193790400,74255700,93350800,114104500.0,12540100.0,34814300.0,4376100.0,30575200,3453900.0,4640400,30926600,63104500,7956100.0,854800
2023-11-16,48714300.0,99488800,36004500,38121600,41789400.0,19703100.0,17422800.0,2570000.0,7704400,5186400.0,4296200,44734100,18218200,4847000.0,692300
2023-11-17,57050500.0,70727500,33963900,48489500,55585600.0,10755900.0,27116700.0,6357500.0,13562900,4270900.0,4205400,43668800,26463700,4944200.0,1029300
2023-11-20,49216000.0,54123600,20014600,52108800,39932700.0,2841100.0,22940000.0,3459700.0,4352900,972500.0,2162700,14474100,32144100,5072600.0,759300
2023-11-21,107614800.0,104110500,55094300,129449900,68255800.0,7170000.0,17153300.0,3666100.0,11470300,2778800.0,4177300,30532300,23501100,4335600.0,733100
2023-11-22,40364800.0,103585500,21111100,28872800,34555300.0,15668700.0,36329500.0,5961700.0,16968700,2170800.0,5321400,28702700,24708100,8969300.0,527300
2023-11-23,55542100.0,174572400,36725600,80157000,57385100.0,25714200.0,43425400.0,3194100.0,16669800,3034500.0,4273200,22415700,24227300,3260600.0,554900
2023-11-24,43631900.0,92571400,27087900,61211100,34583700.0,12956200.0,9347300.0,1515600.0,4341700,1244800.0,1745400,23731900,13563500,5179400.0,340300
2023-11-27,35679000.0,76019100,39719300,79553000,73888700.0,9003200.0,63360900.0,4817100.0,11935500,3045400.0,5362700,25615200,23279700,7940300.0,667600
2023-11-28,69070600.0,147993400,58255800,43142000,106829100.0,16657100.0,86907600.0,3764500.0,13638400,4504400.0,5766500,48173500,42651500,4994200.0,883400
2023-11-29,54715600.0,106197800,36796600,48041400,56467400.0,9142700.0,75070800.0,2918000.0,9785100,4096900.0,4533600,22564800,89761900,5818000.0,1038500
2023-11-30,205312100.0,224426400,117365000,127524100,258522400.0,13509400.0,161684600.0,17524100.0,40876300,14781100.0,27474900,138930200,75641800,6078200.0,750900
2023-12-01,80566400.0,99499500,31365100,31223300,81037200.0,15771700.0,145374400.0,6149700.0,11652900,7478900.0,10269200,37087700,41222800,6114400.0,760600
2023-12-04,54747400.0,235595700,66145100,34104500,118483900.0,26251100.0,57590700.0,6252400.0,17107000,10072200.0,6679200,16280100,108764700,7547600.0,1006800
2023-12-05,94363900.0,114689900,58668400,29788300,74608900.0,16769300.0,25787200.0,4377100.0,14546100,2323900.0,7961900,21335900,36711700,5829600.0,1826400
2023-12-06,81852800.0,119716700,88747200,32453700,149345100.0,37650700.0,41363700.0,8207400.0,16666500,4963900.0,10236700,34553800,38302400,7407000.0,1089800
2023-12-07,91322500.0,102126600,97966700,36511000,91076200.0,31625900.0,40599000.0,4424500.0,7254400,3033800.0,5407500,28217700,50450100,9757500.0,1173100
2023-12-08,43891600.0,130542600,98036700,47842200,61476300.0,19201100.0,26972000.0,6433900.0,10274300,5209000.0,7280800,21423900,41337300,10357500.0,1484400
2023-12-11,78642800.0,124468600,68655000,36394800,99365500.0,24475600.0,39510200.0,3168200.0,7700700,6701100.0,4425400,24836400,29210100,11896500.0,941600
2023-12-12,87589300.0,134501600,55110500,40554100,58707700.0,20299700.0,19272900.0,2215600.0,11409300,2993100.0,3053800,13677300,29865200,9805900.0,779400
2023-12-13,51560500.0,98881600,121450600,39240500,54386800.0,14930200.0,31196600.0,9856200.0,5871300,3286000.0,3848400,58989200,33258000,10745300.0,1346100
2023-12-14,115332800.0,239261700,171595800,85061100,70705300.0,13505600.0,65510200.0,6299800.0,6953500,2834700.0,2822100,42641800,42144600,6876400.0,740500
2023-12-15,275013500.0,252448800,142382200,58451500,109064200.0,19400100.0,93580400.0,9804200.0,24909000,8340900.0,11985300,124244000,34436800,23165500.0,1604300
2023-12-18,111712200.0,102780900,101458600,51524600,60940400.0,19988200.0,39134200.0,4388700.0,10582500,6538900.0,14586700,33861800,34081200,11128000.0,1229900
2023-12-19,65174500.0,135207300,40763200,42678100,32984500.0,11357800.0,33668300.0,3672200.0,4909700,1511400.0,2670000,35486800,10954000,7665600.0,509900
2023-12-20,72938100.0,138470900,65361000,54306000,59574800.0,32212600.0,27178500.0,3792900.0,15667400,1858400.0,5902400,23730800,33524500,9858700.0,1644300
2023-12-21,88116700.0,99049600,50363900,48767200,48242100.0,30809900.0,114749900.0,3131700.0,4497500,1724900.0,5786000,15974500,14967800,6161100.0,595100
2023-12-22,64449600.0,109411300,29975600,35234900,28222700.0,39439900.0,38055800.0,2347300.0,6665700,1311300.0,6712600,24334200,24415400,7311600.0,616800
2023-12-27,64464700.0,122236700,43114900,31289300,73157200.0,16322000.0,34332400.0,4317700.0,7000200,1530000.0,3536000,17926300,86013100,10653600.0,1044700
2023-12-28,70184600.0,121434600,75118700,37566900,34024400.0,22839400.0,31643200.0,3878400.0,12314500,3160100.0,8530100,12132400,115723900,8040000.0,1272300
2023-12-29,79903400.0,93126000,63097100,38423300,27497600.0,13669900.0,36245000.0,2695900.0,6004400,4680900.0,4935900,9755000,83597900,8144200.0,919800
2024-01-02,30545200.0,91143100,26235700,20147500,23774100.0,17268500.0,36479600.0,4723500.0,5999200,3555400.0,5426000,9431600,24718300,20588900.0,1695100
2024-01-03,34603300.0,83659700,30053900,27547700,22018500.0,33557500.0,37187300.0,6744300.0,3253600,803100.0,4723600,11021100,37300200,15782700.0,1593300
2024-01-04,56501800.0,92683500,135344500,77162400,33922400.0,43128400.0,52008000.0,4746100.0,4485500,6276400.0,3613500,16377400,50670900,36304400.0,2019700
2024-01-05,85290100.0,134929600,114339400,69463500,69268000.0,27968900.0,39167600.0,2368600.0,7584800,3438400.0,8987300,35255400,27724900,20780900.0,1109500
2024-01-08,50896000.0,152015000,151018300,60606600,61064100.0,19284900.0,39614600.0,3133000.0,7215700,3206700.0,5581500,132829500,38882100,14404100.0,1179200
2024-01-09,59848600.0,105666200,77953400,34897000,64015400.0,10259600.0,36777600.0,1704600.0,6680700,4437300.0,7189600,82106400,35557300,12085800.0,1040300
2024-01-10,52774900.0,82626400,50019800,37988500,99083600.0,42369900.0,75423900.0,2628600.0,12276500,7536000.0,8212600,26139600,23255700,10351400.0,920000
2024-01-11,39381500.0,116804400,32120200,22855800,36333300.0,77067500.0,39941000.0,2043100.0,1810300,3633700.0,3817600,30429900,23738400,6832800.0,470400
2024-01-12,68253400.0,109715700,114039700,40942900,53685600.0,37004700.0,28821000.0,4858500.0,8747800,1897600.0,5482500,69328700,37633100,7291900.0,680500
2024-01-15,88399500.0,115126700,83066800,51408800,38339500.0,28710100.0,79502600.0,6691700.0,7943000,3546600.0,6476000,20946300,41059100,20575200.0,2054500
2024-01-16,44869200.0,97074300,83516800,37795700,44782300.0,13345100.0,44840900.0,4671400.0,5862800,3301700.0,9762800,29062200,28690900,9765000.0,779000
2024-01-17,107706100.0,107941600,80929000,61481200,62728400.0,27231600.0,114587100.0,5386800.0,30689000,2865600.0,7956300,186920700,22340500,12819400.0,1150300
2024-01-18,71048900.0,87259100,78209900,33241700,73029300.0,31273400.0,71517600.0,3894900.0,14864200,5651900.0,6634800,58898900,42791800,8669100.0,908900
2024-01-19,63176500.0,75370700,74814000,29776100,67016100.0,57782800.0,52865000.0,2316600.0,15821600,9591900.0,7319600,21475600,138276200,6349700.0,1435600
2024-01-22,52868300.0,97545600,96993100,30949600,50643700.0,35148500.0,169967200.0,4516700.0,22069700,6162800.0,7346000,38130800,40064300,15847200.0,1127700
2024-01-23,92348600.0,122999700,77037800,48824300,72595400.0,19456100.0,176612600.0,6071400.0,17207800,3755700.0,7874600,63568200,45771000,8693800.0,1207800
2024-01-24,84906000.0,104225000,97290600,42436800,38732000.0,15076600.0,246293300.0,3048300.0,8517800,3733500.0,4089900,19226900,100907600,7820000.0,1111800
2024-01-25,63212700.0,120478800,99094100,47955600,58541300.0,18441600.0,81025300.0,3391200.0,11169800,4040000.0,6866400,13335500,53174200,9744300.0,1247900
2024-01-26,78977300.0,185244400,77236800,30545600,65272600.0,7485500.0,71861600.0,1481500.0,5350200,5350200.0,5164900,18469700,36596700,5259500.0,864100
2024-01-29,73452800.0,145629600,124753000,63056100,59150000.0,11378200.0,132819200.0,2216300.0,13848500,2404000.0,6407200,65901500,25068100,5576600.0,784900
2024-01-30,73136400.0,150513700,123330900,55020500,66906900.0,37224300.0,165689300.0,3999100.0,26092800,3672600.0,4531400,37016900,21896800,8538000.0,569200
2024-01-31,102581200.0,245117200,128185000,70045600,100403700.0,10921200.0,79343600.0,2614300.0,18463900,16694400.0,9544700,49470200,23365800,14814000.0,837800
2024-02-01,104208700.0,156633900,168145800,49179400,105414400.0,10339400.0,55358600.0,2536700.0,12723500,7741600.0,10779600,93332300,21202800,12264200.0,1201700
2024-02-02,99324000.0,177209700,120116200,44074200,96180000.0,10264900.0,104840200.0,1986200.0,18042600,6564300.0,7356800,43348900,46157600,6281100.0,1271200
2024-02-05,57983300.0,113760000,150535100,47096400,57789500.0,8450200.0,88826000.0,2076200.0,16177900,2374000.0,9865400,40439700,109746600,8566700.0,717600
2024-02-06,87651000.0,126704300,90146000,41834000,65167500.0,19271700.0,46257400.0,1364700.0,14521500,2815200.0,9445700,46060600,59462600,8824400.0,815500
2024-02-07,92953500.0,147005300,88745500,39906900,53084600.0,19165300.0,68376900.0,2345100.0,12311500,2784200.0,10270400,42017800,51571600,6168100.0,424600
2024-02-12,87949400.0,171514600,162771300,64615800,85763200.0,14789900.0,80552600.0,2262400.0,82247100,6509900.0,7077000,32025600,38567300,11854100.0,910100
2024-02-13,66072400.0,145852200,102668900,74976200,52020300.0,17949400.0,63689100.0,2086300.0,56546400,5869200.0,5485300,44531200,140446400,5620100.0,604000
2024-02-15,164748900.0,308685100,220530000,128792500,129347900.0,14818800.0,124120800.0,3634900.0,37986300,6995500.0,12271900,46620500,62446100,10671400.0,1052200
2024-02-16,142277200.0,130814400,142022100,62601000,244064200.0,21980100.0,75502700.0,2014600.0,22773700,6008600.0,5762300,88428200,27133500,13090200.0,555300
2024-02-19,53341300.0,111382900,83753500,67950100,82867500.0,19932100.0,89709800.0,2607800.0,19247100,3107400.0,8429500,48617400,25251500,10044100.0,587100
2024-02-20,63997700.0,160872600,87312000,37554100,267636700.0,10218500.0,41623800.0,2365100.0,25789800,4743300.0,5677400,42400100,29689600,9295000.0,1178700
2024-02-21,75371600.0,168423000,128063900,54476400,152787100.0,13076000.0,68374800.0,2391800.0,42514700,4232000.0,10104200,33174100,49738700,7854800.0,976800
2024-02-22,66913000.0,100256000,85735800,37676100,93555100.0,19314000.0,41938600.0,2192600.0,14447400,4281600.0,9489900,26672500,46945600,6881000.0,2016900
2024-02-23,55192300.0,148643000,109404700,50216600,87665800.0,18017000.0,81214600.0,2730500.0,14969800,4537500.0,8713200,36344800,58962900,3933700.0,1340300
2024-02-26,41356000.0,98920800,65407700,27500000,55761700.0,11997000.0,50291500.0,2112000.0,30113500,2626300.0,7884800,67334500,26407900,11071200.0,1321700
2024-02-27,43735800.0,99187500,58066100,38645200,119637000.0,6817000.0,46555200.0,5853700.0,23069800,3928400.0,5456800,23172600,45781700,5649800.0,970200
2024-02-28,54043100.0,97236700,49888400,27278600,77255300.0,11323100.0,216020000.0,6239000.0,23977800,1213000.0,2090500,9295000,22569900,4858100.0,812400
2024-02-29,126671200.0,173774600,150713600,48736000,157431900.0,33510600.0,85412900.0,6885600.0,33006500,5965900.0,10783000,61501900,48482200,16546000.0,1201700
2024-03-01,51520600.0,76286400,90739400,71774400,139582000.0,151823300.0,64835200.0,2829700.0,13019300,9250500.0,6023600,31150600,27751500,8631800.0,574800
2024-03-04,43822900.0,70354900,44707200,35600700,81580800.0,34192700.0,57118400.0,3593600.0,9755100,3310000.0,5809200,42941300,31713700,27146000.0,1795200
2024-03-05,61952900.0,115084600,92557200,49795500,100671500.0,27310600.0,53172900.0,3829900.0,9041900,3559500.0,6990600,18808600,37549800,69921100.0,2812200
2024-03-06,70242200.0,84108800,74178100,28923100,83251500.0,56279900.0,29210000.0,3278000.0,8404900,4603700.0,4956200,11294200,81197000,27998700.0,1752800
2024-03-07,118369300.0,117724700,94950400,47464200,86888100.0,18712000.0,55244400.0,5365900.0,18964900,14189000.0,11093000,22144800,84824100,30004000.0,2561500
2024-03-08,100947200.0,163060000,109032400,73185000,101556500.0,37508200.0,39983000.0,2820700.0,9291000,10088700.0,11796000,40731700,52659100,34845300.0,1098100
2024-03-13,141622600.0,195173100,126022700,87861700,106191400.0,16938500.0,63672300.0,8514900.0,18542100,13549200.0,13159000,35365600,116310700,33678100.0,2104000
2024-03-14,110681100.0,271254000,161193000,88145400,122570700.0,15293000.0,79465800.0,3875200.0,23624800,9405800.0,9245200,26353000,69006400,31781000.0,1344900
2024-03-15,154176800.0,305995800,250581100,144447600,184885900.0,22191300.0,164222200.0,10622400.0,31980100,15472200.0,21189100,159383200,51840100,49866500.0,3447300
2024-03-18,62444100.0,110564700,105778200,48979300,57508300.0,11745500.0,50943600.0,2128700.0,31870900,9332700.0,5242800,32143000,66602000,12802300.0,830100
2024-03-19,55004800.0,114338600,100836600,34162200,51629700.0,13058300.0,48398600.0,1701500.0,7212400,12233400.0,9572300,40795900,49266200,21766300.0,800200
2024-03-20,66269700.0,120885400,83416700,32725900,84777400.0,10560500.0,56191300.0,1929300.0,20534200,4770900.0,5278100,25865500,38425600,14828300.0,1673500
2024-03-21,90279400.0,136020000,81774800,50976000,81520900.0,22103100.0,67351800.0,3500300.0,10191700,8369200.0,7929300,42424300,85481500,26602900.0,2232500
2024-03-22,91968200.0,46529200,65219900,29927600,44501700.0,16212000.0,46341000.0,2660100.0,12568600,4113600.0,3483700,12094700,42163600,15643300.0,1236200
2024-03-25,66971000.0,115729600,78212700,43514000,313394400.0,26681100.0,39759600.0,2976400.0,9638300,4031700.0,5631900,22175400,51279200,13402300.0,1650500
2024-03-26,65742700.0,120748400,74274300,29383900,354086400.0,17637200.0,57175300.0,4020000.0,12137600,17108300.0,14396800,32682200,35072600,13218400.0,1067700
2024-03-27,39514100.0,73308900,46295700,19643200,496202800.0,90965400.0,47174800.0,3195300.0,8171400,5181700.0,9153300,20490100,34509200,12763000.0,2285300
2024-03-28,79229700.0,288926900,90900900,40077400,258985200.0,16894400.0,107123600.0,4523000.0,22405000,8583800.0,6138100,30183200,62687900,24637300.0,7868300
2024-04-01,79248700.0,217207800,158358600,100174400,248116300.0,44328600.0,42828200.0,3481400.0,10886900,5789500.0,9236200,30519700,61273100,32364300.0,2598500
2024-04-02,76763100.0,412180900,135764900,121164600,233017700.0,26378000.0,41029100.0,6997100.0,7454900,4363900.0,12799100,46015200,46410200,16327900.0,1748900
2024-04-03,177418400.0,333518700,115372600,126994500,150265700.0,13027600.0,39260600.0,4933500.0,10531600,2469800.0,10251600,38921200,55402400,17802900.0,2480100
2024-04-04,75993500.0,131936100,63174900,163113100,205184000.0,14852100.0,48395600.0,2738800.0,15061600,2527700.0,4924100,12988800,47280700,9335400.0,1331700
2024-04-05,70428600.0,178817800,46111500,36818200,116051700.0,12443700.0,59190300.0,2163800.0,4694500,2242100.0,6930600,5654100,35349900,9068600.0,2061100
2024-04-16,283265900.0,600717500,180012400,164123600,490658200.0,16666400.0,137258300.0,11555700.0,20692600,18880100.0,31099400,47729000,201068200,58080000.0,5801000
2024-04-17,95620700.0,244002000,83840200,68948000,187876400.0,22034500.0,47211000.0,4004900.0,35911000,14369100.0,12128500,24631000,97314200,36783600.0,4189600
2024-04-18,127134000.0,247410700,106893900,57785900,337490100.0,21685400.0,81583700.0,4682400.0,13303400,11022600.0,11611100,25353800,105257300,26810000.0,2177700
2024-04-19,147784300.0,258211500,47943300,52519300,149997000.0,41032300.0,185008500.0,3059000.0,13199200,11496400.0,10631200,21853800,86892700,22919300.0,1532800
2024-04-22,128908000.0,342282800,121727900,62509300,140971800.0,33345400.0,57689200.0,3983900.0,6973300,8329600.0,8102700,19470000,70463000,19618600.0,1050800
2024-04-23,178833000.0,281403100,106699200,45322700,312052300.0,26506900.0,49438000.0,5906300.0,13225400,5539400.0,7475600,14086900,53092100,8395600.0,1003500
2024-04-24,132832700.0,471241400,117586500,44771200,327330800.0,24318700.0,65796800.0,8926400.0,14639700,8075100.0,5024200,18850300,42661100,31018500.0,994300
2024-04-25,104874100.0,479170900,111803500,35922300,369525200.0,26956000.0,52139300.0,4990600.0,49635500,16918500.0,7265800,20178700,77798400,23582700.0,1366500
2024-04-26,100932900.0,782589900,125875000,80482400,442527900.0,12354600.0,70877700.0,4944300.0,31837700,4076200.0,5110600,17000000,45105100,11557400.0,1283800
2024-04-29,90063500.0,700644800,77938400,41068600,172773600.0,53577000.0,68303100.0,5182100.0,20630300,4497500.0,5155300,49323400,44759600,11267600.0,1155600
2024-04-30,109623000.0,565609200,189991300,73658500,273121800.0,54566800.0,142632100.0,6749600.0,21069900,6660300.0,8890900,51225600,42746700,14322600.0,1274700
2024-05-02,97079400.0,636922100,501849300,183458300,157637100.0,20110600.0,100889100.0,6755200.0,12789700,5930000.0,9811900,58959900,100915200,45398700.0,814700
2024-05-03,81200400.0,321697200,269305400,89058400,127945300.0,27834200.0,44094400.0,8328400.0,12159100,3524800.0,3416500,24941100,70316700,15044700.0,607100
2024-05-06,53076200.0,262707400,184234200,81862000,221330900.0,19427500.0,70400000.0,7044600.0,4220900,2850400.0,5501200,29176400,41690800,14822200.0,892000
2024-05-07,66746800.0,304013600,130410300,82580800,124914600.0,8681600.0,58780600.0,4786800.0,8625300,2877500.0,4465300,31043500,40340300,19836200.0,390400
2024-05-08,112808900.0,572275800,117065300,58548300,120622600.0,36134700.0,86738900.0,6823300.0,11512500,4333600.0,6840500,48390500,109109000,89508200.0,1023900
2024-05-13,145469900.0,320067100,128638300,54329600,133048300.0,66807800.0,143316000.0,5549600.0,23948700,7265800.0,10170800,37882500,36491800,20604500.0,2061100
2024-05-14,95363500.0,341458900,94048400,70014900,104126800.0,29590100.0,264535600.0,3991500.0,10089800,8204800.0,7383800,36320000,31675400,22326100.0,621700
2024-05-15,54741900.0,298990300,80923000,85730700,149143600.0,30721600.0,109962400.0,3645600.0,7512400,5442200.0,7161400,36425200,51245200,16338100.0,1212000
2024-05-16,61126000.0,371295000,114806300,118382400,196239200.0,56882300.0,149039700.0,4701000.0,8083900,4835200.0,8487800,36922100,52891500,21537000.0,705700
2024-05-17,99848500.0,208991800,133153900,67679700,120345300.0,32066800.0,101492400.0,1884000.0,9948800,4102700.0,6993300,53345000,88081100,30769200.0,1081800
2024-05-20,87890100.0,335150700,168796000,76605300,215877500.0,41465900.0,58021800.0,4692000.0,6973900,2328300.0,6498900,23932100,113540600,72080600.0,792300
2024-05-21,75311400.0,271568800,307362900,87501700,138864400.0,32093400.0,57558000.0,4259000.0,44624100,3604100.0,9376200,46767000,58009600,61531400.0,864500
2024-05-22,121712700.0,215066000,171675900,60859500,145109200.0,15021700.0,25932300.0,3633900.0,50452500,3951100.0,3596200,55916700,42177500,18229700.0,559900
2024-05-27,128578500.0,363719300,258450900,60499200,246979600.0,14872500.0,86050000.0,3000300.0,54566200,4798800.0,9550900,48754200,34506000,21414000.0,651700
2024-05-28,73945700.0,258070200,93701700,25799600,113093300.0,23942800.0,42542400.0,3405500.0,29382200,4378100.0,5510700,27878800,33679300,11910700.0,592900
2024-05-29,117351600.0,465008500,169386300,111830200,148952900.0,12753300.0,148814900.0,2738700.0,28321900,2905300.0,8131100,29138000,27076800,14743600.0,745800
2024-05-30,207115100.0,502927800,236632600,81608700,253471800.0,12911700.0,112636300.0,3150400.0,32045000,6573700.0,9246200,30139500,38241900,9640300.0,1044000
2024-05-31,756431600.0,655144100,169567000,145978300,411324600.0,46339600.0,144592700.0,14689400.0,93435800,13874400.0,30407000,117693500,81505200,15709000.0,1656200
2024-06-03,72197700.0,345770100,92525600,53865700,124570400.0,8246100.0,77444200.0,8682500.0,16632800,7155200.0,11655600,28092300,29619200,16723300.0,1208500
2024-06-04,75353100.0,332902200,137800600,52885400,130203100.0,20388800.0,92676800.0,4707400.0,20118800,2538200.0,6440500,30497600,60287600,11333500.0,1173200
2024-06-05,82087300.0,240788500,102327300,46536400,141157300.0,26625800.0,65856400.0,2641200.0,15373900,3586600.0,4633000,73123500,104191600,9835700.0,1071300
2024-06-06,44991300.0,281534200,85735200,69154900,107996900.0,16631700.0,43632400.0,4000100.0,9097200,3304700.0,5444400,69323600,73528000,4891100.0,720300
2024-06-07,51599800.0,375439600,99092800,45575300,67191100.0,13475400.0,34027900.0,4005700.0,18546500,2828600.0,3728000,68422100,77512800,7711700.0,414700
2024-06-10,45584700.0,181387000,80154400,65704900,66983900.0,6153700.0,19932200.0,2503400.0,16337700,3375400.0,4207500,36525400,98034100,13448200.0,880300
2024-06-11,68690900.0,197854400,56254400,95286400,172688100.0,7662700.0,71234400.0,8097000.0,9309500,2464400.0,5396100,26347800,64084300,12171100.0,1090100
2024-06-12,49785700.0,187332500,120857200,112781100,91584500.0,11288500.0,65665400.0,4300800.0,9454500,4456800.0,6352800,10933200,35959900,6485000.0,822100
2024-06-13,84652200.0,238349600,162616700,47763900,95740000.0,5778900.0,55824400.0,3585000.0,11469600,4244200.0,5135700,24309100,40672000,14098000.0,405700
2024-06-14,52986300.0,358893200,203241500,65046900,202750500.0,17354900.0,57967500.0,5698200.0,31693600,7605600.0,7040000,19618600,48922900,5659700.0,693400
2024-06-19,100051000.0,410338400,116004200,60373800,128843500.0,21624600.0,48727600.0,5043300.0,26712400,6183700.0,12196300,24324500,36744000,5276200.0,829300
2024-06-20,81474800.0,387133400,82660000,50579900,55434800.0,20261800.0,35160300.0,2530200.0,15901600,7627200.0,8634300,16419000,33480600,6492600.0,390100
2024-06-21,166841200.0,532713300,184240600,108982500,184918000.0,22542800.0,98313200.0,8057800.0,31954300,8739800.0,17023600,46830200,55789200,18936500.0,749400
2024-06-24,79592300.0,303830800,58831900,49112400,111618800.0,11920500.0,36677200.0,3234100.0,11463100,1715900.0,6285700,38790000,22559600,6459100.0,923700
2024-06-25,80029000.0,383572500,159983800,44861500,89913400.0,24987800.0,50385000.0,2727800.0,6407300,3239400.0,5323200,18020100,29652400,6880400.0,1221400
2024-06-26,77913200.0,150303400,92895700,34063700,73994000.0,15587200.0,38397100.0,2216800.0,10002000,4923000.0,7732400,11745400,29664300,6341900.0,595100
2024-06-27,89150700.0,299430600,117602400,85462100,70154600.0,13170500.0,21784700.0,2199500.0,11445600,5913800.0,6280500,16625500,24220600,4573400.0,397500
2024-06-28,166172300.0,581319300,191371600,95384300,213539300.0,23093800.0,127293900.0,3994400.0,22976500,6499600.0,10535600,25765800,54955600,12859800.0,819300
2024-07-01,68634600.0,261421200,100408200,43250900,134082800.0,17656000.0,141627300.0,5852700.0,19111600,2453800.0,8021400,19433500,69300100,9767100.0,603300
2024-07-02,78848500.0,234403100,159356600,35142800,79024200.0,28766500.0,72229800.0,4902100.0,18080200,3564300.0,6210100,62377100,58443100,9422500.0,1712400
2024-07-03,55860200.0,176310400,70017100,41531700,51977100.0,14716100.0,30743200.0,8772600.0,13475700,5316900.0,6800500,29725600,40057600,10030300.0,2145800
2024-07-04,67054000.0,422261500,90147800,61435900,93100500.0,17834000.0,44755400.0,4671000.0,9162800,3803000.0,3875700,20834000,46070600,18794900.0,1974000
2024-07-05,36946900.0,218278000,111646800,67585600,69339200.0,15812300.0,53196500.0,2121400.0,3813800,2943200.0,5046400,17277000,21984500,9942000.0,1414100
2024-07-08,72903600.0,222042100,138144000,36004700,125004600.0,16997900.0,69535000.0,3710900.0,13331300,6163500.0,11876600,47099200,61088000,7491700.0,918200
2024-07-09,61853200.0,291320400,84177600,87456600,118245600.0,18838000.0,84784500.0,2585500.0,9920600,10883600.0,10614700,31780300,39832500,10477700.0,2057800
2024-07-10,62325900.0,167619700,59685300,48700200,120007400.0,17274900.0,44563900.0,3284800.0,7287100,3171100.0,7017700,9716000,25808000,7337200.0,572800
2024-07-11,55908400.0,170461300,66789800,37573700,126490000.0,14115400.0,71140800.0,2196100.0,15616700,3371100.0,6350700,21348500,36563500,4841300.0,740300
2024-07-12,62646500.0,301125400,136132200,151520700,135830300.0,26838800.0,54299700.0,2252700.0,8178100,1985800.0,3555500,29000600,34695000,7888600.0,664200
2024-07-15,36682600.0,188713000,66071800,94794900,100918500.0,12011400.0,53234000.0,2293500.0,11015000,3988500.0,3834200,17232700,27711000,12266200.0,544100
2024-07-16,37192700.0,189271400,64687900,66371200,78769700.0,15377100.0,83814800.0,3031900.0,16544200,1382300.0,3606700,47366600,30321900,6947800.0,1359300
2024-07-17,90666000.0,263325400,109729800,59615300,167149300.0,14377600.0,49379700.0,3733100.0,6442600,9906800.0,7001500,42543100,65083200,7325200.0,822400
2024-07-18,65383200.0,296614900,132532000,86127800,98903500.0,9450200.0,54184300.0,5230200.0,15388600,3682500.0,5349000,27278200,53937000,26806000.0,1600200
2024-07-19,53880300.0,135104800,63165500,66907300,138117200.0,23923900.0,40785800.0,6120800.0,13042200,4951000.0,6000100,49564300,60206400,30356300.0,2390000
2024-07-22,31285300.0,140128300,110467000,32378000,139383000.0,14478300.0,33128600.0,7633600.0,11835200,2848600.0,4423500,16838600,35890600,18786400.0,3903100
2024-07-23,39321100.0,170919500,77861700,30554100,74338000.0,20722100.0,46427300.0,3513500.0,9975200,4947600.0,5032300,14509200,48954700,21142700.0,3158000
2024-07-24,24658000.0,116037600,63940900,23442100,98752100.0,8864100.0,50741700.0,3332200.0,8819600,2054400.0,9933700,15333000,28205300,11115400.0,1127700
2024-07-25,98088100.0,274397700,66655400,52463300,67060000.0,10370600.0,40364400.0,3157400.0,49706400,3684200.0,9087300,18442600,44789300,10327000.0,1374300
2024-07-26,75565800.0,192267300,76519500,41982600,94900300.0,13159800.0,92236800.0,3073200.0,10432400,6806800.0,5425500,27215900,33791400,8478400.0,447800
2024-07-29,69092500.0,126109900,54435300,19854800,90885600.0,11877000.0,42232800.0,2178100.0,15273200,5727200.0,4808700,34373400,62519500,10990800.0,1074900
2024-07-30,32122900.0,201835700,86701400,36234500,321472800.0,9632600.0,40995800.0,4414000.0,13418000,2399400.0,4096800,18284100,30531700,7184600.0,842800
2024-07-31,82519900.0,168490300,99004100,34106000,207440800.0,13824100.0,170406600.0,9902100.0,12819500,2971700.0,14631000,39831000,34840100,10266700.0,1271500
2024-08-01,61176200.0,169636700,163086200,54207300,121021800.0,9289100.0,50775700.0,4227300.0,12299900,6655400.0,15237800,68481800,54534700,9702200.0,1142300
2024-08-02,55699900.0,113328400,167892400,75959300,105816800.0,17463200.0,47509800.0,4665000.0,12724200,7335300.0,6432100,30857100,32243400,22835800.0,1614900
2024-08-05,126328300.0,329430900,184384000,65485300,105246400.0,34132200.0,93952300.0,8787200.0,12797900,10163800.0,12489900,18928900,65319000,48501700.0,2754700
2024-08-06,78473900.0,238051800,95785000,51827100,98524200.0,27207800.0,56748800.0,7129900.0,13817000,7517800.0,11577400,34238100,27910200,19166600.0,2320900
2024-08-07,52327400.0,125937500,84582200,32547900,77263000.0,22667000.0,72464900.0,4726300.0,7543700,5618600.0,4240800,18663700,20663100,10480400.0,1622400
2024-08-08,54162100.0,131343400,81408500,51493100,99533000.0,13277100.0,116387300.0,3126500.0,6237100,5063700.0,9398000,39547500,46868600,8760900.0,815600
2024-08-09,47062400.0,98730900,79710700,33031700,80800300.0,10220500.0,44489500.0,2528100.0,4069500,4031800.0,7072600,28726400,26308700,7434400.0,1016300
2024-08-12,40364100.0,83552800,50756000,14296000,62746600.0,14234700.0,34027600.0,5446800.0,6165000,3494700.0,5556100,24929900,38054700,13483400.0,1560000
2024-08-13,55207100.0,109533400,68666000,26196400,82063600.0,14197800.0,43904800.0,3163000.0,9960500,5104600.0,10450200,23657700,109937300,8739100.0,1205800
2024-08-14,47999100.0,262716500,97695100,93112500,70188800.0,31351400.0,91874600.0,3223400.0,19701700,9082000.0,29984700,85483000,46923100,22031400.0,2048100
2024-08-15,33396600.0,214394900,75955500,33034700,79724100.0,18137500.0,46694800.0,3558000.0,14678100,3778300.0,9582600,33440700,177044200,19410100.0,916500
2024-08-16,40731400.0,149701700,64266400,33604900,207060000.0,22212100.0,65502100.0,4087400.0,15338700,5379900.0,9525600,20882800,377536100,25829000.0,1122000
2024-08-19,51054400.0,196203200,50246100,55661900,68692700.0,17094500.0,54296700.0,1369500.0,27231100,5734300.0,10034100,36968000,179600100,11115900.0,792200
2024-08-20,60304400.0,310085500,102615900,69978300,100434600.0,34519400.0,94493800.0,3138200.0,47604400,9564900.0,15255400,48149200,88428900,9550300.0,800000
2024-08-21,84848800.0,390307000,88487800,92703900,111842200.0,13335800.0,94502800.0,2428200.0,58997300,2674000.0,15685700,27468300,133225200,12353000.0,859100
2024-08-22,56611600.0,474043100,157323000,72626600,90336300.0,36594100.0,63177200.0,10021000.0,23164600,4855400.0,12105900,39387100,73634500,17628700.0,1942500
2024-08-23,46651600.0,217759300,111752100,69905300,86092500.0,19262900.0,52275100.0,10662800.0,17697600,4846300.0,12451800,14712400,45814100,22179900.0,1979500
2024-08-26,35145600.0,361169800,78515400,68435700,88941900.0,24896500.0,30540900.0,2805300.0,20397600,6606600.0,14052700,36332700,75022900,12227700.0,1913400
2024-08-27,60448400.0,271088700,91686700,57135700,71223800.0,13980100.0,30475700.0,4744400.0,53066300,4355700.0,12167700,41882400,37690700,16790600.0,964900
2024-08-28,38489900.0,277561700,114606200,48476500,68736300.0,18115400.0,64090900.0,9220800.0,33915800,4722500.0,9438700,29151100,41278000,10744200.0,1236800
2024-08-29,53004700.0,160041900,94475900,40749200,160714800.0,20368100.0,42502100.0,3975300.0,16896700,3988700.0,13268500,18397600,111056900,15032300.0,2526100
2024-08-30,158403700.0,275298000,153760500,86718500,195809000.0,24368900.0,74429400.0,8569100.0,35048000,7521300.0,22109100,76268200,764070300,21459200.0,1453400
2024-09-02,72008600.0,136717200,82176000,22988100,118928500.0,37685800.0,84858600.0,5370100.0,33193700,7506100.0,7855400,19751100,116937200,30665600.0,4146500
2024-09-03,50950200.0,166033900,75100800,20288700,82172000.0,20055400.0,34864300.0,2578800.0,20121900,4461700.0,11645700,27745900,87618500,14953700.0,2851500
2024-09-04,44817000.0,141890400,78789800,47278700,81041700.0,34779700.0,45331200.0,2090400.0,17653400,6155200.0,8269000,18218900,98870900,14767300.0,2729700
2024-09-05,39332900.0,166436800,59432000,62221800,78989400.0,77986300.0,34711100.0,3362100.0,19923600,7236600.0,24214500,29701400,106245300,14614200.0,2444900
2024-09-06,31541800.0,170520700,63619300,139365300,82391200.0,17716300.0,32014300.0,5239200.0,22143400,4077500.0,14297700,38817500,77347000,13816400.0,1709600
2024-09-09,36185100.0,201448700,71430300,78827500,69264400.0,46668300.0,55466500.0,6924400.0,28639100,8829500.0,7130200,32323400,92572800,22601600.0,3133800
2024-09-10,55093100.0,202326400,73515700,55033900,46436100.0,22336200.0,58871700.0,4888100.0,15566300,4439800.0,12142200,37848800,61469800,17035500.0,2918600
2024-09-11,64621300.0,165284900,91822300,33792600,62899600.0,27376800.0,27381100.0,5507400.0,19451900,3358600.0,9456400,12867500,95724000,9549300.0,1520000
2024-09-12,70759100.0,138542100,68254300,43318600,85785000.0,18383100.0,24718300.0,5337400.0,19386200,2736700.0,22469600,22782500,104507600,20896600.0,2487100
2024-09-13,70057100.0,259722600,45854000,34311700,125032200.0,23420500.0,24921900.0,2559200.0,22249000,4657400.0,10834600,26363700,101550200,10996900.0,850600
2024-09-17,89745000.0,201331600,96428000,40776200,56181000.0,13473900.0,35574000.0,3545000.0,16822800,3279400.0,7883900,11301100,153082200,32828500.0,2332800
2024-09-18,65420200.0,186877300,47279200,64489200,87120700.0,27383100.0,123540100.0,2423100.0,14504400,1922500.0,5432300,17766800,54056600,9166700.0,886200
2024-09-19,140886600.0,332941100,124377800,93847800,130418300.0,30650500.0,57254000.0,2357100.0,71191900,7514700.0,10922700,36027300,64130700,10019700.0,1246700
2024-09-20,142194600.0,260437400,97901700,47673600,152477400.0,15215000.0,47509500.0,3949100.0,41017800,11064700.0,26483100,53855900,66852400,85703000.0,1742900
2024-09-23,72553800.0,245292000,79675600,48008700,82274400.0,19014500.0,23362800.0,3043800.0,17520500,5239500.0,12867300,26807400,124951500,127993400.0,2831400
2024-09-24,105191100.0,195415700,81817100,39900400,92256900.0,14693100.0,43482600.0,2358500.0,25946800,12381000.0,15044300,50069500,99822100,42900500.0,3048500
2024-09-25,158369100.0,607065900,192197100,120885200,215241700.0,27480300.0,63437200.0,4933400.0,36252700,7539700.0,17985300,43953100,213527100,41602600.0,2864200
2024-09-26,84960100.0,855266800,173044000,59306200,120042500.0,62261500.0,56030300.0,3559000.0,24682000,12978300.0,17996900,43183000,119737300,30074500.0,1414900
2024-09-27,93027400.0,304694300,161405200,79718100,291217300.0,18629500.0,57476200.0,6214300.0,38117300,7139400.0,9528100,26166200,146334800,43117300.0,2047400
2024-09-30,144692100.0,539169900,166203500,69417600,150844800.0,19119000.0,66737800.0,6814500.0,29424700,7362100.0,11723100,32208200,131933000,37413700.0,1689000
2024-10-01,59797700.0,197069300,82690100,40085600,77208500.0,46699700.0,39024000.0,3331300.0,19633500,6887000.0,10450000,17776300,123533000,55814500.0,1321400
2024-10-02,86746200.0,307487600,91076400,27716400,124629400.0,70390800.0,39888600.0,3323800.0,28428400,8171200.0,9654400,34292400,254461600,23254500.0,1625400
2024-10-03,60887000.0,354814800,86264900,42597000,92510900.0,49199900.0,56763900.0,2465500.0,17310900,10296200.0,6836300,29339700,199006700,18192500.0,827100
2024-10-04,58500400.0,289960700,79485300,35822100,76757200.0,20383800.0,35939300.0,3472700.0,8635300,5569800.0,5621400,23888900,75683200,27042800.0,704700
2024-10-07,91867900.0,308452200,103943100,52624000,84507100.0,22665500.0,27889100.0,5963900.0,27472500,4128800.0,10832200,15628300,85637900,31774800.0,1790500
2024-10-08,99622900.0,527474400,132141500,90686900,135357200.0,33185900.0,42347600.0,4799200.0,31078200,5779300.0,8899500,29450900,137208800,21266900.0,1439500
2024-10-09,56835200.0,309336600,76515700,70831500,69435900.0,76992700.0,33544900.0,3140800.0,24865600,4270800.0,9822000,22130300,73795700,14404900.0,1072300
2024-10-10,51080000.0,226564700,44291900,25892500,57867000.0,31771900.0,27734400.0,4306100.0,11655300,1908600.0,11875300,20146400,59202600,15849000.0,857400
2024-10-11,44632100.0,104875300,45331500,14488900,40454300.0,22785400.0,39320000.0,2164600.0,11215100,4363700.0,4466300,21201000,86316100,10016300.0,665000
2024-10-14,31738600.0,125414400,55885300,36808100,66631500.0,13767700.0,71369100.0,2835000.0,15728600,3228200.0,3970200,14663800,173551800,30455100.0,573800
2024-10-15,66635200.0,142372200,90358600,44248600,74529600.0,17391400.0,61263600.0,3490800.0,40827200,4111700.0,17967100,40200700,131950900,24711000.0,1248300
2024-10-16,63255900.0,118014300,133022500,26629100,163988000.0,6553300.0,80530100.0,5882600.0,43977800,3719000.0,8884800,23659600,89196200,21907400.0,2334900
2024-10-17,66993300.0,188127700,90219900,48570900,107040100.0,7896800.0,54164800.0,4325400.0,21524500,5359100.0,5424900,30025500,103812400,12348900.0,838300
2024-10-18,56299600.0,157113000,57379200,58870300,138783600.0,17640200.0,39805400.0,2136700.0,12024900,5069700.0,23782600,26148500,83020900,12261800.0,508600
2024-10-21,36472500.0,110708200,43056000,50980600,92240300.0,11981700.0,88954300.0,3041200.0,20893700,3698000.0,8431800,28486500,243375700,15196900.0,671700
2024-10-22,94799500.0,199707500,43582700,59956900,93662500.0,9414300.0,132222000.0,4095800.0,21455700,2545600.0,14443100,39527600,87540600,7584100.0,871200
2024-10-23,48903000.0,222147300,38222900,63163700,99423700.0,32648400.0,64519100.0,2255900.0,12440600,3484200.0,19206700,17965800,66120100,29092600.0,1536100
2024-10-24,85341200.0,218162100,65877100,26445200,72559000.0,17145200.0,50777100.0,1516700.0,81409800,1918300.0,9344600,14515800,55964600,13921900.0,517400
2024-10-25,34847500.0,195647800,34637500,20200300,50694200.0,10612200.0,27247500.0,1790100.0,30244700,3657800.0,6074400,24172100,84326300,17372800.0,1081200
2024-10-28,39061500.0,191211000,114500800,48523000,38720700.0,23161100.0,40165900.0,1739600.0,23210300,2159300.0,4958500,21951600,75462300,16500200.0,1217000
2024-10-29,49680100.0,203658600,91268300,77068500,67727500.0,10744800.0,45247600.0,2023700.0,31036200,1739200.0,10860100,24616400,50332700,9846900.0,532400
2024-10-30,114484100.0,296314500,122132700,58411700,123573100.0,27167000.0,33200300.0,4383000.0,29695000,3915400.0,9561400,35374700,114888200,17122400.0,1243800
2024-10-31,97553400.0,307110400,126730700,50040800,139590300.0,19731800.0,77263000.0,9741000.0,12410700,2305900.0,25840000,32896000,219900400,22804100.0,2220200
2024-11-01,47710000.0,235656400,101423100,21870200,99364500.0,30958300.0,54219100.0,2627300.0,9685800,4011200.0,15829400,47179900,86562200,14265400.0,1298000
2024-11-04,49275700.0,209831500,80208800,31669500,63112300.0,9890900.0,52362100.0,2410900.0,22080600,3534000.0,15494300,30367700,90822600,9847800.0,622400
2024-11-05,50296500.0,199499300,88661200,32446400,96721100.0,38293800.0,31165800.0,2680500.0,44741100,3941300.0,29732300,27950900,113169500,13393700.0,770500
2024-11-06,50324900.0,249059500,147272800,67214100,66808900.0,13521200.0,32975900.0,5360700.0,35209700,4396900.0,13926400,35557100,70410300,9440000.0,1119800
2024-11-07,131579100.0,296218600,154758500,63745800,79485800.0,29866000.0,46053500.0,4194400.0,19840000,7684900.0,19304100,31997100,119230900,9943500.0,916900
2024-11-08,92166100.0,198589900,192423000,51133100,66113200.0,14025700.0,32828900.0,4231500.0,19093300,2920900.0,5888900,32730500,61159000,9176000.0,830500
2024-11-11,128707600.0,507192300,125606000,44028300,108153500.0,55011300.0,49885000.0,4067600.0,22473500,3367300.0,11979400,47392200,49021500,16646500.0,773600
2024-11-12,80378500.0,252380100,117281700,70220900,215910600.0,42836700.0,43239600.0,4228400.0,24318400,3318200.0,13959400,34349300,50902500,18297100.0,1657700
2024-11-13,62933100.0,209627200,102748300,64548800,142812600.0,35064900.0,24479600.0,2402100.0,22535900,4027500.0,5007600,21328400,52007900,11390000.0,2726900
2024-11-14,56381400.0,159871800,69750600,33431400,185269500.0,10741600.0,38255700.0,4118900.0,12795300,5482800.0,16757100,45388000,63863000,8777600.0,2185100
2024-11-15,63598200.0,106365600,41079700,32785700,103680400.0,29011300.0,14867600.0,3965800.0,25035400,3792500.0,4657800,42311800,99868300,8098700.0,2175500
2024-11-18,65716200.0,253272300,77471700,22240200,119481300.0,18665300.0,17408700.0,3489200.0,9937400,2830700.0,10756900,32904100,32739700,11015500.0,3255700
2024-11-19,85295300.0,294838700,95495700,28214800,275670300.0,18243300.0,36816800.0,3589000.0,7647900,5336100.0,8208700,30992400,82940100,6834200.0,1827600
2024-11-20,58584400.0,298734600,68707200,24693600,150242900.0,7781800.0,18634300.0,2877800.0,8032900,2082200.0,5830300,29233300,63724300,5495500.0,1193000
2024-11-21,93181200.0,376788400,76579300,45727200,128294600.0,25595800.0,27662900.0,4192700.0,21864200,4577300.0,7336900,45074800,47253500,4713200.0,5154500
2024-11-22,58396100.0,280188100,80236400,50258400,135265300.0,14758500.0,21241800.0,4332300.0,11683400,7267400.0,11199100,21926100,33202000,5347300.0,4856600
2024-11-25,165369400.0,401446400,183449100,98405900,358617100.0,10402600.0,84518400.0,10559100.0,51638500,9711300.0,19268900,260635400,68021900,12285400.0,2875200
2024-11-26,62310100.0,266677500,107194300,37322800,106721000.0,12581900.0,45059300.0,3365800.0,25359300,4931800.0,8590100,27441400,30282300,6816800.0,1507600
2024-11-28,57443500.0,277081800,81883200,28337000,102808400.0,23408200.0,30554200.0,2831500.0,18645200,3166900.0,8604300,31493700,30730300,5875400.0,929700
2024-11-29,76886000.0,412519800,157628700,48885400,103162000.0,16408800.0,48756800.0,3598000.0,15027900,4519900.0,12609500,26937300,44703300,10744500.0,2146000
2024-12-02,87879600.0,337188900,114555300,49318100,66025900.0,4443100.0,47373200.0,3899900.0,8835100,4943400.0,7732700,23689200,28640700,12311800.0,1315000
2024-12-03,126087100.0,384146700,99509800,60101100,167603900.0,8521400.0,46752800.0,2433500.0,8008800,6398300.0,18804600,27013500,61191200,6349300.0,1664700
2024-12-04,97876300.0,345762200,75260000,46942200,83412800.0,19841100.0,51733400.0,2384200.0,11996400,4248900.0,16801400,39806500,46067800,10573800.0,1310900
2024-12-05,96904400.0,183249300,69528700,33537600,96025400.0,19719700.0,21948400.0,1133200.0,6319800,4593600.0,7087100,27924000,57649600,8311500.0,882600
2024-12-06,68247200.0,151433000,75989700,25735100,48179800.0,31275700.0,36599600.0,2622700.0,3507600,1582600.0,15943900,31354700,33502500,7213200.0,1861800
2024-12-09,64458400.0,158897200,74220300,43938100,63671900.0,21671000.0,37208600.0,3842500.0,7794200,4161700.0,17366100,36920200,42618200,10858500.0,1043800
2024-12-10,61230400.0,196160900,92245000,39158900,124138200.0,39344600.0,41536400.0,3040000.0,39307500,3743300.0,9525000,30932300,158162400,28227200.0,1045200
2024-12-11,37934300.0,203980300,62509600,39770900,140611400.0,150736700.0,41090000.0,3233200.0,19931300,3453500.0,12998600,27058500,72947100,13120800.0,4022500
2024-12-12,44780100.0,226698900,96707500,45911900,66977700.0,69544600.0,37254100.0,2407100.0,7574000,3262700.0,8878600,47343600,62213000,9050900.0,1132700
2024-12-13,75126400.0,287838100,135581400,72851000,77540100.0,15409700.0,27732300.0,2534000.0,8899500,4752600.0,7183300,30597900,42789500,4660300.0,687700
2024-12-16,57746100.0,325441900,105375900,83736700,147655600.0,36978500.0,35937800.0,2294000.0,7627000,3537900.0,5622300,38742700,28443900,9329800.0,908800
2024-12-17,99845900.0,327919000,72109300,119873700,113785500.0,15176300.0,48682400.0,7094300.0,17086100,3251800.0,10833500,20721100,45849900,12049200.0,1186600
2024-12-18,84868500.0,205055500,153164600,56470100,79565300.0,44342600.0,27412000.0,2372600.0,10167000,7023500.0,7359400,32062400,25835100,5529700.0,667200
2024-12-19,104254100.0,381986300,277793000,71247000,123504200.0,14885600.0,39151900.0,2782200.0,6313900,7376500.0,9507300,53629000,40890300,23987000.0,1383000
2024-12-20,91576900.0,252689600,148568600,83872500,110308800.0,32850700.0,44851200.0,7273800.0,16051300,3806300.0,14593200,116319600,31468500,6238800.0,1888500
2024-12-23,43292100.0,167689800,82910100,43668100,72113700.0,12274000.0,29678900.0,4394000.0,5679500,2328700.0,5529200,44241100,31957000,7109000.0,1456000
2024-12-24,32415700.0,199536100,41240900,21458900,117582400.0,8138800.0,22600500.0,1643700.0,3695800,1809000.0,3634000,21049300,19521500,5148700.0,981100
2024-12-27,24016700.0,143104400,46126800,22838700,92727600.0,14920000.0,14456700.0,1661000.0,9226300,5274600.0,3653300,38834800,51044700,7571900.0,571200
2024-12-30,56350100.0,153934700,96782100,43899600,74279200.0,11078300.0,23926400.0,3934400.0,9186900,2852100.0,4827500,43195600,42238300,16423500.0,1317600
2025-01-02,38124800.0,181361700,82914600,56985400,38776700.0,3579000.0,17924000.0,3884300.0,6628000,846100.0,6664900,14746400,33508800,11358800.0,894700
2025-01-03,41916000.0,134632300,58067100,76388000,49907500.0,10856200.0,12711800.0,3428600.0,22048300,1377300.0,6037900,25497900,18198800,6270800.0,453800
2025-01-06,41593900.0,153048700,68443700,26008100,54087800.0,27702500.0,18412500.0,2878100.0,8325600,1981900.0,5623300,22169200,28169500,8069600.0,981400
2025-01-07,71318600.0,171997400,96982300,36973900,109758000.0,14638000.0,20452200.0,4428000.0,6024700,3994000.0,9008100,19463100,36008100,10403000.0,526200
2025-01-08,55943100.0,133655700,118246100,39476000,100688500.0,14502800.0,23739400.0,3282800.0,10493000,5788600.0,4544100,32640900,34414800,7642200.0,836400
2025-01-09,42733800.0,99300400,56491700,25545500,55206700.0,11661300.0,23802600.0,2091600.0,6587100,1495000.0,4878300,19039900,30949900,7940500.0,594700
2025-01-10,72531300.0,132774300,77751500,28235300,54496800.0,6550900.0,31951800.0,3075600.0,6937800,2469200.0,9687000,34369300,43730900,13279300.0,798900
2025-01-13,88270100.0,413408100,99953900,54029800,90816500.0,24819600.0,46247300.0,4009100.0,6631600,3913400.0,9607900,28554700,40835000,14542900.0,1550600
2025-01-14,70942600.0,293621700,97351900,71568000,53116800.0,2570500.0,28096700.0,2289400.0,13966800,3999700.0,11063800,25570500,59977600,10125500.0,735000
2025-01-15,77098000.0,407813500,194025700,82038200,52867900.0,5603600.0,27497200.0,1736400.0,7251900,4810100.0,8521800,27373400,28123600,10005600.0,532800
2025-01-16,76979000.0,349387500,204359900,113849300,118890200.0,4455400.0,30520200.0,2570100.0,12071200,3687800.0,12172900,26983900,32746500,13448300.0,676500
2025-01-17,71033100.0,268758600,114054600,40130000,107245400.0,3647500.0,23691900.0,2917500.0,3435700,2690000.0,7870400,28924700,14490400,8275600.0,538900
2025-01-20,112111200.0,167348600,84338400,67692300,49752300.0,2890500.0,11873200.0,2690200.0,5138200,2593900.0,6379800,17223300,19484000,8433900.0,611500
2025-01-21,124547900.0,345223800,115355900,96008700,86549000.0,5804000.0,21762200.0,2606400.0,6381600,5679300.0,6124100,39341900,22004000,6286700.0,689600
2025-01-22,90154800.0,193218900,117929800,55899500,128617700.0,28523100.0,33116700.0,2601600.0,11612400,5640100.0,11271200,31461300,23644500,10055500.0,1068000
2025-01-23,120515400.0,216018100,120893700,86704800,63216100.0,11541500.0,17049700.0,2287000.0,12035700,2962600.0,10736000,16196600,30835200,6637800.0,826200
2025-01-24,152057000.0,276421900,96161800,42140900,49844700.0,12541000.0,19663900.0,2611600.0,7185100,4293800.0,8203900,21583000,19564100,5699600.0,426400
2025-01-30,154645800.0,220222400,101400400,23980100,89736900.0,26126300.0,28147100.0,4037500.0,8535800,2052100.0,6145500,28410500,92858400,7985700.0,683300
2025-01-31,112982800.0,192622700,107861000,78958600,83736900.0,30369600.0,27064100.0,3379800.0,12703300,2701400.0,11044600,15686200,61882500,9102600.0,683500
2025-02-03,90439900.0,220285800,182181700,63072700,91801900.0,14236800.0,33116100.0,2278000.0,12109000,3242900.0,10474800,27741200,49107900,8952800.0,709200
2025-02-04,94607700.0,231917500,121871500,44266700,95311100.0,9073700.0,20631500.0,2061300.0,9816400,2543100.0,7501300,27751900,67722800,8784900.0,376800
2025-02-05,98229900.0,209834400,185656000,52077600,110400300.0,12121900.0,20436200.0,3431600.0,7078900,4420400.0,9710600,35245500,87360400,8030000.0,583900
2025-02-06,171477800.0,378545500,642118700,72520900,90471900.0,11868300.0,61645400.0,3032100.0,11260100,3635900.0,6866800,50754500,60107000,9826200.0,925900
2025-02-07,131162200.0,259636200,407896100,69268900,105020200.0,7059800.0,33223300.0,2811700.0,23092400,4344400.0,7629300,51937400,54097100,6640700.0,691800
2025-02-10,76209100.0,201999400,169384300,46856100,153328500.0,8736900.0,40230000.0,3925000.0,22972400,6793800.0,14592500,47231200,40971800,7866600.0,417400
2025-02-11,71188300.0,276382800,316743200,52994400,254907800.0,30824600.0,32956400.0,2780500.0,12501100,4041900.0,6946200,34737600,52510000,5596900.0,660800
2025-02-12,121172600.0,362571900,225073300,57782300,173407600.0,8503500.0,30762900.0,2726000.0,47552000,2337100.0,5349600,23966600,33267100,4652700.0,619300
2025-02-13,90439700.0,341640600,215271400,38173200,219425500.0,24839900.0,21320200.0,2606900.0,74244500,3580600.0,8661800,23376500,90550900,7256600.0,344100
2025-02-14,116274500.0,524909600,239709300,61932800,156474300.0,8179100.0,31409000.0,1981700.0,30530500,6318600.0,3998600,30724900,121036100,9924200.0,453200
2025-02-17,89096400.0,265737100,223837300,52492800,113998200.0,13377400.0,30270200.0,2133500.0,30852000,1815500.0,4776400,11683600,67708700,5549300.0,533100
2025-02-18,107318300.0,374350700,157430200,73992700,115881200.0,62641900.0,31828200.0,1909700.0,24087300,4037000.0,2868600,29474700,33927800,6466600.0,352400
2025-02-19,154438200.0,348358600,204335500,72328000,119388200.0,17799900.0,47951400.0,3952300.0,36371600,4837300.0,12307500,43136000,64348100,11910500.0,728200
2025-02-20,119260800.0,312753300,98363500,49467500,90411700.0,5153400.0,23653800.0,3703300.0,29020400,2565800.0,7553700,41528100,167232000,8642500.0,644900
2025-02-21,106054700.0,205268800,152528600,70115400,75110600.0,7135500.0,31937400.0,2283200.0,37424600,4313200.0,8930700,44742900,75344800,7654900.0,468400
2025-02-24,108530300.0,138610800,127578500,61467000,42327600.0,4867900.0,22303600.0,1932400.0,33750800,3749400.0,4720100,29051600,52458900,8644300.0,379700
2025-02-25,101592700.0,404555100,224607800,45778400,111687700.0,11451300.0,42728600.0,7395400.0,116532600,4676200.0,5652200,29002100,60916100,10908400.0,990000
2025-02-26,117843500.0,242834100,161836900,42114300,65752000.0,11317700.0,19351300.0,4548200.0,123211400,10117200.0,11788900,34121600,51465900,7508100.0,691600
2025-02-27,199991600.0,410928000,334919800,58362900,88741400.0,34585600.0,37731000.0,7783600.0,64065200,10113900.0,7256500,45990500,44544100,11462100.0,973900
2025-02-28,293095000.0,1000597600,464696700,156574800,249795300.0,21449600.0,70620000.0,9195200.0,785826000,9319700.0,22647000,120318100,88545000,21109800.0,2066100
2025-03-03,192944300.0,744626800,257118300,156616300,178833400.0,34418600.0,65345600.0,6022800.0,505933700,3313000.0,7086800,69021200,88386800,8847900.0,727100
2025-03-04,125418500.0,338434700,144346500,71340000,131347800.0,38207000.0,40873900.0,3062000.0,169188900,3491200.0,6242600,61796300,45571400,11829000.0,1785400
2025-03-05,155207900.0,441151000,252222800,101995600,167407400.0,34618800.0,86703900.0,6473400.0,152284100,5465900.0,7505800,68134600,64897700,13004500.0,1186700
2025-03-06,96270100.0,434485100,194909200,104226000,131136100.0,7445700.0,51276300.0,7949000.0,75420000,3741000.0,6797700,94422400,34278000,8411300.0,1027300
2025-03-07,82295300.0,243793600,117916600,61630700,182407000.0,3856800.0,59830500.0,4288900.0,116830700,3290700.0,6418600,70165600,36726500,5569000.0,913500
2025-03-10,97652100.0,232192200,231152200,43038000,88949400.0,13384800.0,53139600.0,2002700.0,73948200,3750000.0,9491200,64822400,102645500,11349200.0,1178200
2025-03-11,109295600.0,273961800,150738100,44323600,102235600.0,35330000.0,35571600.0,2667100.0,35888100,1234500.0,9518800,49708100,39764400,5507500.0,1112100
2025-03-12,87968900.0,271631200,129973900,44656600,98938700.0,15948300.0,29264500.0,2375900.0,59364000,4504800.0,8069300,61160600,66399100,7374600.0,1057100
2025-03-13,83030700.0,209225700,176286000,48947400,66706500.0,5183800.0,41066600.0,2738400.0,123437300,3685600.0,7096800,48437200,47350400,9681000.0,1342600
2025-03-14,111397800.0,156131900,154331400,50335900,107627100.0,18134800.0,35967600.0,2657100.0,148060700,2173400.0,8582900,38546500,64294500,5732000.0,473200
2025-03-17,151365700.0,162467700,135692800,60911900,58129400.0,10858300.0,23856300.0,1996100.0,98617100,1895300.0,6236900,36823400,101971200,6458800.0,1119500
2025-03-18,417305700.0,416894600,387565100,80141500,139758600.0,36281400.0,66583100.0,5435500.0,112819800,3133000.0,11584800,65897200,72950300,13320600.0,1516000
2025-03-19,214108200.0,352217700,273084900,110420100,96825800.0,33064700.0,37556400.0,4929100.0,84280900,3129100.0,6108300,77682000,60532100,6280300.0,822100
2025-03-20,152917300.0,313033000,138209700,109598400,94823100.0,7433800.0,23310500.0,2893300.0,72533700,2096000.0,7613900,54985600,59817400,7010200.0,586600
2025-03-21,377916400.0,627645600,374396400,246727700,204534000.0,13786500.0,57730500.0,11578400.0,76199400,4579600.0,15614200,100617100,40953200,13568500.0,1740200
2025-03-24,331836800.0,342883200,319017400,135658700,105865000.0,38485800.0,29695400.0,2517500.0,34134300,8524900.0,6570900,37714500,46998300,13409000.0,1593900
2025-03-25,136341700.0,331285900,313034100,157671900,107964200.0,47250500.0,26320300.0,2182200.0,26275100,2272600.0,7669000,51446800,24572800,13581800.0,966900
2025-03-26,283104600.0,540888800,582172700,229422000,215856700.0,78268000.0,30508200.0,3551000.0,24278400,3818000.0,8108100,56225800,39601200,13483000.0,1743400
2025-03-27,122943900.0,322553200,301025300,101189600,120411200.0,41365600.0,44551200.0,2953300.0,24029300,6715200.0,9073700,49328700,32277300,8070300.0,1181800
2025-04-08,533073600.0,734807100,738455000,185281600,409973200.0,45401900.0,94752400.0,14254900.0,43015400,13575500.0,18379600,79017500,133964900,19199300.0,3073300
2025-04-09,136753900.0,366649900,316821100,81414200,120363300.0,40348600.0,46086300.0,6180300.0,37069200,6675700.0,13927700,57273200,160024000,12180100.0,3290600
2025-04-10,144148600.0,417562900,559966600,131182600,139327100.0,9909900.0,43115600.0,5663600.0,43797500,6369200.0,6975500,59919800,175844900,27346700.0,3388300
2025-04-11,82603000.0,301200600,384917500,90221600,60214100.0,16820800.0,31446100.0,3308000.0,27972400,5910000.0,5546900,48934700,187903400,13694600.0,1245500
2025-04-14,83319300.0,169458300,423716000,162128800,116968600.0,23111600.0,39843200.0,4202900.0,49982800,3364000.0,6748100,62712300,190556900,13422200.0,4473900
2025-04-15,83431800.0,254224400,230981700,156480600,99064500.0,15689000.0,56488100.0,3996700.0,30552000,5346100.0,8352000,62264800,300016300,13376700.0,4223600
2025-04-16,76874900.0,233772400,201660000,109735100,121853000.0,8490700.0,44479500.0,4093900.0,21173800,3047800.0,4270600,36807400,255794800,13161700.0,3318400
2025-04-17,83540600.0,121059300,165381400,68392500,195577900.0,12382100.0,28099700.0,4299600.0,18038000,7789900.0,5807700,43557100,208479100,7922200.0,5325400
2025-04-21,40683800.0,107470200,83034600,67071400,84209300.0,13877800.0,14313200.0,2175500.0,43443800,1425200.0,1676700,27306800,319927200,8532900.0,6782300
2025-04-22,56537100.0,147116900,126426200,84001100,44958000.0,14468200.0,29906300.0,4352600.0,31082500,1806100.0,5953600,36425000,360805600,19672500.0,2911500
2025-04-23,92329600.0,432999900,273395600,128948700,128704200.0,17721000.0,38609800.0,4577400.0,57026800,7661100.0,9914800,57924400,297133100,18149700.0,3329300
2025-04-24,143675300.0,272537300,282970000,145433700,75733400.0,16326800.0,42307000.0,5416500.0,77362800,4147600.0,6334700,43000100,252026600,13587300.0,2916400
2025-04-25,58297000.0,136517100,134208400,102065100,93439600.0,9918000.0,45465200.0,8712600.0,238892100,4395500.0,5156600,34274700,151595100,22505600.0,2714200
2025-04-28,73235400.0,212945800,90697900,68481300,51086400.0,8257300.0,22380800.0,6636800.0,80356100,1094100.0,2930700,35812200,145265800,26690700.0,1644000
2025-04-29,60315700.0,160631400,108857600,61824000,56546100.0,18034100.0,46881000.0,7189600.0,31457700,2295500.0,4792000,18816100,162278000,26130000.0,1698900
2025-04-30,164597500.0,226832200,278360600,85510000,96333300.0,11983200.0,46038900.0,8997100.0,50952000,2335600.0,12400500,80081900,320158300,35320900.0,1870400
2025-05-02,92219000.0,205628100,146800800,81966800,132357600.0,20384200.0,61301400.0,5846200.0,44238500,10223300.0,6382300,28583800,357918800,21611100.0,1423800
2025-05-05,86385600.0,196917100,154073100,60392100,85592500.0,5151000.0,30747900.0,5795000.0,47018900,3839600.0,4796000,53736700,152617900,16635000.0,1268000
2025-05-06,48860500.0,111333800,120165500,66444400,76948300.0,10342300.0,53222000.0,7751200.0,30049700,4443700.0,5787600,39508900,333198600,10763800.0,2018600
2025-05-07,77382000.0,119763100,100674600,57689300,100293700.0,17398300.0,47790800.0,9371400.0,22389700,4410500.0,12039700,40719000,617628300,14513800.0,2375000
2025-05-08,99614500.0,224121900,205199700,77995600,122965300.0,18105900.0,92459500.0,5812200.0,36530300,3008000.0,8457100,51958600,522454300,15449000.0,1592200
2025-05-09,47167500.0,147638100,164014200,37787800,59433500.0,14798300.0,38964000.0,4584300.0,14223700,2031000.0,7224600,32101300,218194600,10006700.0,638400
2025-05-14,149002900.0,461642400,342468200,179465400,132760900.0,13368200.0,92389200.0,7941400.0,24584500,5245800.0,8262400,50685500,356244400,19082400.0,2269500
2025-05-15,101401300.0,537151700,300147300,120598100,120039700.0,5356900.0,69701600.0,4968500.0,18453900,3943900.0,10055700,52005200,332822200,19167800.0,1764100
2025-05-16,63007500.0,289337600,229382100,88956700,101569600.0,5237800.0,64271600.0,3448700.0,21422400,7428000.0,12696200,32918800,174863200,53076400.0,2323600
2025-05-19,111597200.0,145935500,191440600,60120200,164194700.0,9167900.0,97782400.0,2920100.0,32689200,5847100.0,12109700,34073200,210292700,34963000.0,2527500
2025-05-20,160614800.0,209576900,145525700,81048500,129805200.0,11191300.0,127610600.0,4812000.0,31119800,6391600.0,12129200,42540900,163229300,36974900.0,2735800
2025-05-21,169739200.0,256020200,167239400,79967600,120242100.0,5250000.0,115335300.0,4423200.0,27634600,4312500.0,10053600,41062800,329772300,42906300.0,1890000
2025-05-22,103113000.0,208291800,137585600,42314700,131277300.0,10509300.0,52032700.0,3654300.0,86079500,3175000.0,12044100,72142000,367750100,19170600.0,1369400
2025-05-23,48521800.0,108182800,67336400,21621500,141199500.0,14720000.0,42300400.0,1692700.0,12099800,1811100.0,5849700,51529300,209432100,7835700.0,615400
2025-05-26,56625300.0,149418600,102960800,36713800,186806300.0,3306000.0,40971400.0,2773800.0,18393000,4661200.0,5293300,44934900,305568000,15733300.0,1469500
2025-05-27,93212000.0,180028000,86083800,40871300,279180500.0,8294200.0,38680100.0,2323800.0,14533400,4928700.0,5098100,46620000,193424600,22143500.0,876900
2025-05-28,236950800.0,466133500,190669100,63745800,531309500.0,13214100.0,188036300.0,7558800.0,25197600,7578200.0,13336000,162559500,285387300,30732700.0,2043900
2025-06-02,264428700.0,389541100,373474500,68993300,211393400.0,14385700.0,115876200.0,5007400.0,26515500,10667100.0,9732500,62511300,324002700,23519300.0,2012500
2025-06-03,128318100.0,277902300,169321800,42954800,142896600.0,4430800.0,51574100.0,5893200.0,31456000,2685000.0,8012300,41513300,278458600,13790600.0,1445200
2025-06-04,93357200.0,279755300,139577800,35499900,125006700.0,3954800.0,55901000.0,5321500.0,31712900,3186300.0,19738900,55364000,422549000,13894600.0,970400
2025-06-05,95529000.0,230129500,69179700,36143400,95008500.0,5090500.0,38381400.0,2769600.0,17144300,1482700.0,10392100,34653900,193549500,24750100.0,1457000
2025-06-10,80406400.0,179827500,158265000,45818600,213564000.0,7097000.0,60469600.0,3609400.0,16264300,4733600.0,7197900,40629100,437510400,52866600.0,1808000
2025-06-11,56632600.0,196558700,90666100,35008700,200609800.0,9225600.0,50550100.0,3822900.0,23130800,5451900.0,20164400,38326400,237081700,79019800.0,1067200
2025-06-12,41337300.0,113850500,72423700,29571100,97099100.0,4713200.0,54629900.0,3581300.0,23384800,4172700.0,10971300,31893000,249105300,122174600.0,1083600
2025-06-13,83318000.0,283826000,128071000,30548300,81111300.0,8340900.0,38510500.0,3844200.0,34564600,4299100.0,11957200,78871400,224736200,48234700.0,1663400
2025-06-16,57825000.0,155450700,61695600,90223800,46641000.0,7151600.0,29939400.0,5394500.0,32740100,3557500.0,7501300,27361800,177098300,55322700.0,4774000
2025-06-17,54927900.0,125769400,70657700,44876400,59643500.0,3875900.0,29978400.0,2988700.0,21223700,2443900.0,7753400,25995500,289461100,36623700.0,2106500
2025-06-18,86270200.0,140882100,53353000,40711200,70757600.0,3067000.0,19386900.0,2434800.0,27062700,2999200.0,8305600,29411300,242733200,42362000.0,1233000
2025-06-19,78879500.0,355413000,114769600,87781700,98911200.0,19103400.0,30832700.0,3095700.0,27276600,4446100.0,4749400,29501400,230240300,54886200.0,3290300
2025-06-20,445915100.0,516177900,301154300,178503500,243027500.0,21394500.0,50116600.0,7082300.0,31257500,14686100.0,13421400,62568700,223744600,86319100.0,6660000
2025-06-23,87324500.0,222067700,119439200,53486300,73554200.0,15694500.0,28820000.0,4743900.0,48228000,8896600.0,4733500,44385700,210462500,89814500.0,2240200
2025-06-24,110158900.0,281594300,126563900,51925200,107300200.0,11201500.0,37523200.0,1890100.0,47068000,3624700.0,12219000,37331600,144315500,50087000.0,2644700
2025-06-25,117561000.0,164257700,139963400,33883900,79958900.0,4031500.0,33217200.0,3475000.0,24246700,2262900.0,7393900,23007500,220301500,24482300.0,1607900
2025-06-26,117281700.0,171427000,94704500,31912200,132868200.0,9699600.0,26909800.0,2992700.0,9127100,10959700.0,7694800,30150200,230140900,17939900.0,1949200
2025-06-30,185441800.0,271933200,220479900,53732100,124299500.0,6193300.0,41865200.0,3917400.0,17199800,12168800.0,9281800,45070900,264452100,24171400.0,1986500
2025-07-01,82364500.0,212288800,319875800,55711200,73006700.0,16347400.0,27410600.0,3875500.0,22311700,4235400.0,8235500,19239300,166923600,11130800.0,1262900
2025-07-02,68545100.0,220273500,159152200,31192900,92321600.0,4781500.0,34231600.0,3927300.0,37642300,3473000.0,11433200,32190200,98971800,10843500.0,1375700
2025-07-03,50370800.0,119674300,103849000,49947500,69094400.0,4839800.0,24120100.0,1664100.0,55965500,3199900.0,8038300,17692800,151677300,14752400.0,1454600
2025-07-04,43593300.0,91141200,104170500,30396500,53587300.0,3760700.0,25298100.0,1945200.0,38933100,1376400.0,7561600,8125900,159485200,8575200.0,998800
2025-07-07,49936900.0,78783800,120538300,28005400,33446600.0,1942800.0,20181800.0,1941800.0,16928200,5720900.0,5535000,18135700,100132700,5802100.0,543200
2025-07-08,215611000.0,115551200,132853800,27867600,45926000.0,1789400.0,21173700.0,2482100.0,18964100,7659400.0,4585500,17530400,114484400,15150600.0,1107200
2025-07-09,94459300.0,92437900,110198500,27904300,44897100.0,2862200.0,32577400.0,2693500.0,8633400,6547300.0,7330800,65326300,97849400,12099400.0,897700
2025-07-10,111769400.0,290117200,160889700,44060900,41108700.0,8271100.0,21464100.0,4626400.0,38371900,3168500.0,4624300,17066700,188109100,9847900.0,1024900
2025-07-11,135986500.0,255634700,219980300,48939300,47851300.0,3405400.0,19382400.0,3363700.0,30404800,2731600.0,8348300,32423100,97432200,22480400.0,1142000
2025-07-14,125196000.0,167151400,429438700,68377100,60458400.0,7126800.0,32985800.0,4771000.0,12776800,4153500.0,10098800,40882700,170174900,15473600.0,1112400
2025-07-15,77219300.0,183209300,206958200,30497400,35309100.0,33910500.0,25045900.0,2514400.0,9128300,12047900.0,17749200,16552200,77789300,8920800.0,846100
2025-07-16,97475300.0,241966800,323831100,66349800,43385900.0,35481300.0,53394000.0,2967400.0,14183800,2396100.0,12711100,15518200,126818600,8773000.0,694900
2025-07-17,86016400.0,111359500,120304000,25818000,102642100.0,29616200.0,37859000.0,2291500.0,24874600,13247400.0,7185300,16505200,149618400,12575300.0,614100
2025-07-18,80432200.0,111030000,161262400,35072000,83762800.0,17202800.0,23680400.0,2968600.0,23315100,12730500.0,3995500,26728200,116561200,9030100.0,1068900
2025-07-21,95383500.0,89765800,103387400,35004100,52553200.0,12369200.0,17018900.0,3346100.0,25039900,11341700.0,4406300,20593200,222853800,13727500.0,1393600
2025-07-22,77981700.0,84902800,132984400,32607800,108243300.0,7287400.0,47232600.0,4614300.0,15936600,2916000.0,3519800,16426800,426088000,16287900.0,2102800
2025-07-23,70969500.0,132305000,115298400,23315700,86077600.0,4746000.0,94669900.0,10111100.0,15743800,3234000.0,4557000,12421000,195644700,8733700.0,1586300
2025-07-24,138256800.0,206654200,273623100,57276100,74224200.0,5734700.0,72459700.0,4356300.0,24659800,2976000.0,4995300,36113700,97755800,10467000.0,1649700
2025-07-25,58682800.0,86263700,88471700,48597600,41296200.0,4113700.0,28079000.0,2563800.0,14119700,6635900.0,3388300,29346100,61092600,7215000.0,1610900
2025-07-28,99484300.0,94898300,112048900,45451600,40193800.0,2322400.0,59414600.0,3839800.0,26625700,5895900.0,3305800,16114600,85126700,5804000.0,1455200
2025-07-29,104240300.0,98887100,74422700,27287100,46357400.0,6111000.0,36861000.0,2656100.0,29894600,23316400.0,3728500,21654100,53886500,5767100.0,1126400
2025-07-30,98098100.0,206358500,141263400,33919100,99062400.0,4536400.0,53075600.0,3178000.0,16040100,11795400.0,6796700,18006500,58846000,7429700.0,2376600
2025-07-31,206006300.0,163371700,155903600,50384500,201065700.0,11874900.0,44048400.0,4018200.0,213621800,4990600.0,16887300,36989700,235205600,13453400.0,2701500
2025-08-01,86196100.0,134100500,157949900,32295500,130977000.0,17478700.0,33392000.0,2340600.0,99467400,9390400.0,7232800,77411800,102024200,8947200.0,1632900
2025-08-04,49054500.0,104446300,174404800,30440700,96385300.0,9305400.0,21561700.0,3634900.0,37102700,12748700.0,3449300,43961200,75538900,12680300.0,1102700
2025-08-05,69475900.0,184822600,277668300,93772600,99396900.0,8765000.0,20210600.0,1859600.0,85662300,8541600.0,4715600,15900700,151094800,10816200.0,1064100
2025-08-06,56325400.0,100168200,79277900,27975700,86215200.0,4783000.0,24786300.0,5234100.0,33639400,5467100.0,5560300,27885600,192180500,16496700.0,1150600
2025-08-07,43621300.0,92746000,61453100,21207800,46506200.0,3286900.0,25930000.0,2599600.0,15105200,6473400.0,8381800,30437600,222004300,7148800.0,885300
2025-08-08,68378700.0,133180100,71516700,43531000,46945800.0,20042400.0,20639400.0,2356800.0,12034100,7653700.0,3960800,31285900,102084600,14962200.0,1786400
2025-08-11,128561300.0,143167900,105204200,61703500,74978300.0,33630000.0,21955000.0,1923100.0,18272400,7665100.0,5238000,48976400,141894900,8915300.0,2788200
2025-08-12,171015700.0,404797800,301599000,120908000,217607800.0,42252100.0,22725500.0,2648300.0,38523100,6203500.0,3719100,39294900,111654300,9569000.0,7191100
2025-08-13,129083900.0,292104000,180844900,54042400,465722400.0,55040400.0,103458500.0,3620200.0,26026700,9967500.0,5999800,58057200,112931000,11480600.0,2367200
2025-08-14,122930900.0,164408100,109457100,43156900,232557200.0,38366100.0,31796500.0,2142100.0,85270700,25589500.0,8223400,105068500,109598600,8775800.0,1698600
2025-08-15,68754200.0,269255400,126685400,62301400,182893900.0,19693600.0,16434700.0,1942100.0,36984000,18332000.0,10269600,63199000,59231900,4658600.0,2124100
2025-08-19,128591700.0,208409700,116454000,34407300,164921000.0,48087800.0,260942000.0,3955800.0,40630500,6045500.0,9976000,47228800,111569000,9605000.0,3385300
2025-08-20,202260200.0,173260400,144622900,52897600,80084600.0,35763100.0,74517000.0,2607800.0,21223900,5730000.0,5064200,61840200,67288600,10212100.0,1804800
2025-08-21,69470200.0,112477700,132019200,60899400,63861900.0,27857400.0,76746200.0,10584600.0,10486800,3901000.0,3961700,25083300,66397100,8972300.0,1485900
2025-08-22,66394100.0,71971500,73104500,32633000,61351700.0,7563200.0,73126900.0,4907200.0,14344500,3331700.0,4607300,84423900,29415000,4639600.0,1067500
2025-08-25,64052700.0,195322200,149580800,53434200,93221500.0,25527700.0,60737900.0,5207300.0,10311100,5199200.0,9881300,55259900,72067200,6953800.0,1821700
2025-08-26,326794200.0,267465600,308891700,85603900,227364800.0,14139800.0,79136200.0,6672800.0,14548700,9031900.0,15558500,226638000,84364800,20508700.0,1590500
2025-08-27,111915700.0,123874000,113576300,45966700,118158900.0,74625600.0,33172600.0,2370500.0,15955700,3413900.0,12730200,91193200,135734500,10527100.0,1218300
2025-08-28,81281400.0,60838200,111707400,37274600,55940600.0,19323100.0,18032900.0,2568100.0,13246200,4029300.0,12993000,64079300,121877400,7643700.0,667000
2025-08-29,236499300.0,217276600,176485100,60711900,72585500.0,15778600.0,62869000.0,4363900.0,24836500,12958600.0,10405300,114238800,222596200,13505600.0,2852800
2025-09-01,421127500.0,234206100,320335300,60513100,130027900.0,12285400.0,67904000.0,4447100.0,15262900,5969700.0,10597600,163562600,545677100,20954100.0,2715700
2025-09-02,155531500.0,111856000,150045600,28513000,64402900.0,10096500.0,21623300.0,5195100.0,15840700,3319500.0,5774100,92292500,441940600,8182200.0,995100
2025-09-03,212372700.0,112507500,131617900,29754100,113875700.0,2578800.0,45471600.0,5081600.0,11426700,2439300.0,9930600,161024600,393011500,8285200.0,1490800
2025-09-04,103534800.0,87402700,88735300,17346200,37223800.0,9286000.0,26987400.0,3176800.0,27702300,2740200.0,4236900,93346300,142473100,12386800.0,1016800
2025-09-08,321191900.0,143993900,200234500,55687200,93725000.0,9275600.0,57081800.0,11781400.0,38625200,8124700.0,8650500,100014900,400454400,13472000.0,1626400
2025-09-09,595368700.0,327167200,509366600,102884200,104463400.0,10969300.0,49240100.0,8888100.0,54269100,4218400.0,8540500,106777100,514308300,14794500.0,1474200
2025-09-10,246849600.0,117680500,293494200,64536400,49840200.0,2015800.0,22964700.0,3134400.0,26787800,2211300.0,9453600,63404200,192134400,8457200.0,943900
2025-09-11,235173400.0,281910400,366697800,130159900,71919900.0,6134400.0,28151500.0,2943000.0,10286400,4876500.0,5294000,107859700,174842200,13348700.0,1168400
2025-09-12,156084700.0,235383800,216960200,109797000,61521400.0,2133100.0,30653500.0,2220400.0,10326000,4228300.0,4229700,59780200,126314000,10868900.0,704500
2025-09-15,142567700.0,157482000,231346000,74523200,115361300.0,3221300.0,26368000.0,3309300.0,44103900,3520100.0,3733700,47783400,104996600,10496000.0,746900
2025-09-16,129312900.0,167511900,122027400,52083500,80642900.0,5949900.0,15987900.0,2320300.0,28476400,2267100.0,3203500,45211600,150013900,11733200.0,780100
2025-09-17,183725900.0,245154800,232702500,54546000,73539700.0,8137700.0,23879700.0,2792600.0,12700500,3034300.0,5049900,33420100,138761900,11005300.0,1065700
2025-09-18,275378700.0,332670300,177560100,90929900,99501600.0,12881100.0,27261300.0,3305400.0,11695200,2855900.0,4903700,42359400,117203300,5634400.0,1829600
2025-09-19,149025300.0,211373200,235975900,100584800,113834400.0,14595400.0,52162200.0,3614500.0,22797600,6110200.0,9938400,56164100,164297600,9270300.0,2706500
2025-09-22,92588800.0,157592800,107176100,63520200,53704700.0,6169700.0,35106300.0,2093900.0,12021400,4473300.0,6114900,54722600,128254500,6894200.0,1827400
2025-09-23,102606200.0,110771700,90675500,39154400,40100300.0,3916800.0,41044200.0,3277000.0,29171000,1955400.0,4161400,45133400,212809600,11688500.0,1347400
2025-09-24,150428400.0,124591600,85439100,28653700,37086500.0,15657200.0,61167600.0,2905500.0,23291800,5779000.0,9415800,45664900,173507600,9053800.0,1174200
2025-09-25,147986600.0,129656800,73946900,35633900,37627500.0,5136900.0,35805100.0,2227700.0,14402500,6445600.0,8761000,67569400,400098200,15375900.0,1643000
2025-09-26,121657700.0,146229200,86572900,39380500,66789300.0,6125700.0,42677800.0,1811300.0,134223700,8532100.0,8003900,37088000,164732500,10245200.0,659900
2025-09-29,116454700.0,126611800,63753600,41037000,85911300.0,3849400.0,20892700.0,2710100.0,37519500,6132900.0,6642100,67023000,148733800,12694800.0,1026300
2025-09-30,170666700.0,217357100,108639600,60162600,117025800.0,9501100.0,41266900.0,3295500.0,23784800,6069800.0,15147300,72629000,209921800,7579300.0,1041000
2025-10-01,202433400.0,223133600,92265100,37812400,59779700.0,9951600.0,26508200.0,3451300.0,22048100,3535600.0,11257700,64880000,125660700,7058500.0,1151000
2025-10-02,126952400.0,379620000,93387400,34730200,113431700.0,16314900.0,29346300.0,1119100.0,24568600,2820900.0,9613900,52394800,133099000,12049700.0,733300
2025-10-03,76787500.0,214737100,102459100,26763100,59116700.0,13846200.0,27951100.0,2096600.0,33563100,2598800.0,6066500,64037200,98382600,9129300.0,957000
2025-10-06,104032400.0,190283900,96040500,35060200,59707600.0,3868100.0,21809400.0,1812400.0,22207000,2234600.0,5279100,89645000,111584900,11174600.0,1053700
2025-10-07,74282600.0,155933000,100237500,41251900,30353000.0,4994700.0,43328700.0,4114100.0,27722000,4053100.0,7673100,77283300,114789800,16627300.0,1495400
2025-10-08,168080800.0,148263700,97466800,28812600,66090700.0,3076500.0,30080700.0,2331800.0,15182700,3003600.0,7314000,42761000,303472900,16846500.0,1512100
2025-10-09,293567400.0,479239500,183242600,106114200,54769300.0,9445900.0,27699300.0,2619800.0,78749900,7056400.0,11257300,48770900,173139700,33979600.0,1177100
2025-10-10,107426000.0,277252300,139911200,48778300,62254500.0,7775400.0,27133800.0,2095300.0,14263100,11183000.0,10190700,58140600,127536400,19662700.0,990600
2025-10-13,101847900.0,181694400,79178600,38351600,46978500.0,10427000.0,29034500.0,2941600.0,25615900,4920500.0,5518800,66540900,199311000,9587100.0,835100
2025-10-14,151862300.0,278639100,188507000,69452000,38518800.0,5736600.0,53096200.0,1736200.0,26174800,10863600.0,4104000,55476800,322581200,14060200.0,1398000
2025-10-15,133206400.0,468733500,270562400,84578200,67503700.0,12281900.0,96604500.0,2045800.0,23439100,9029700.0,8979000,100033400,198843300,31527000.0,2147300
2025-10-16,120611200.0,227629500,125979600,55980800,103687000.0,3315800.0,15044500.0,1187600.0,80433300,10168600.0,13547200,144767000,256647500,13972300.0,950000
2025-10-17,157334400.0,244442400,247510000,60733400,82482200.0,6089100.0,31793700.0,7298900.0,51732500,8398300.0,6505800,92124900,216427700,13410100.0,1146100
2025-10-20,393421800.0,391510300,331939200,146203400,96029300.0,6019500.0,29959700.0,3474200.0,86711600,7951500.0,10833500,102938300,160783200,10329300.0,525700
2025-10-21,529802600.0,293000200,230858900,88064800,223104600.0,6710900.0,46181700.0,4098600.0,29597600,3346700.0,4968000,61675400,96567900,16072500.0,1169100
2025-10-22,392957200.0,329470700,216261300,81226400,128796800.0,6978200.0,98615300.0,4310200.0,49090900,7695400.0,8148100,47977900,114865300,12005500.0,485200
2025-10-23,187003900.0,225902700,202102500,130641200,218967200.0,12258100.0,60009000.0,2807400.0,130049800,14457700.0,6107200,42036800,66747300,5932800.0,544300
2025-10-24,133355100.0,313903600,350420300,177603900,115104000.0,9185600.0,93344500.0,2606300.0,267179900,7447900.0,7664600,136374100,84454900,16373900.0,1350400
2025-10-27,182275600.0,332539600,245576100,102355700,105683900.0,15128300.0,64262300.0,5861000.0,277535000,8921900.0,12897100,147021500,84512600,30696100.0,974600
2025-10-28,180270000.0,239026800,174666600,58463900,143082100.0,33087700.0,37953500.0,3128400.0,156918700,12338900.0,8341000,131078000,101193900,7232900.0,849900
2025-10-29,239156800.0,215008600,176978800,71743700,93073800.0,12085900.0,39818900.0,2460300.0,73171300,16526500.0,5612700,49672400,91690700,10528000.0,749300
2025-10-30,259009800.0,287905300,390256000,91042600,83523100.0,19326600.0,28976800.0,2818600.0,49537500,13885200.0,10517900,51262000,93691300,30872400.0,3069600
2025-10-31,177088000.0,348755700,227378000,69141700,126790400.0,30971100.0,64790000.0,12245200.0,63108200,9693500.0,11495400,77521700,92327900,13522200.0,1861800
2025-11-03,115007100.0,163770500,129834200,40455000,107151300.0,12031500.0,59085000.0,4994700.0,49127900,14837200.0,7609300,47089200,56974500,10144900.0,2336300
2025-11-04,155231500.0,241154700,136412400,73342900,227450800.0,24451800.0,62249200.0,6373900.0,57648100,14071000.0,18602600,82252800,173682100,10187200.0,1140500
2025-11-05,125731500.0,139859100,102878900,43447700,182624300.0,7853000.0,43439100.0,4335300.0,41343200,7693000.0,10041400,113133900,115174300,10530900.0,2653100
2025-11-06,89756900.0,130808100,57932600,31809500,71766000.0,4084700.0,48979900.0,2596200.0,29525900,15202700.0,8261500,148218800,73006600,5407600.0,1837100
2025-11-07,75241900.0,87287600,58845500,36148800,58917900.0,5969100.0,42960800.0,1718000.0,48504400,5446000.0,4622900,103737300,91022900,9184800.0,1131000
2025-11-10,79897700.0,148552900,88738200,45518800,88941900.0,16620700.0,45533400.0,2620400.0,49312800,6371300.0,5129400,55426800,156986000,5360900.0,1717800
2025-11-11,130897600.0,179000200,168794500,48792200,63130300.0,7659600.0,43529600.0,1783100.0,47905800,9738300.0,4661800,51423600,102211800,7638300.0,2277900
2025-11-12,85415600.0,111115400,138539800,35386800,61339600.0,14001500.0,37083400.0,4204400.0,35515000,7459700.0,5851900,46610400,70551600,8223400.0,2294900
2025-11-13,104113800.0,99373200,108100300,20207300,57467900.0,15990100.0,21200000.0,2214000.0,16292900,9366500.0,8371600,36067000,69463700,7304300.0,1830600
2025-11-14,89815300.0,100717300,73479600,34602500,55079600.0,5517900.0,23431700.0,1727200.0,16720600,9077300.0,5161800,80370400,247808900,7367200.0,1536000
2025-11-17,129411100.0,140868100,136477100,28453300,76833800.0,8008400.0,40681500.0,1640800.0,37359900,21504300.0,4245000,50255000,258066200,7490900.0,1226000
2025-11-18,119377900.0,205257700,127022100,36957300,97747000.0,13377900.0,27510900.0,3085600.0,28725900,14213100.0,7331100,127789000,160550100,9919300.0,1814200
2025-11-19,114209700.0,107451000,107585700,34300600,109911100.0,13720600.0,45476700.0,2083900.0,13777400,20237100.0,5448800,152788800,72939900,5694700.0,813500
2025-11-20,124087400.0,183008400,234717700,54706000,52200700.0,7149800.0,30547700.0,2288100.0,20738000,15336300.0,8110900,91578500,60338300,5732100.0,1125900
2025-11-21,103917100.0,112666100,142452600,45565700,93181600.0,20482500.0,43653200.0,2051500.0,27647200,9262700.0,7423400,130150400,70438500,5794800.0,1232000
2025-11-24,279590600.0,262302000,303252000,76652700,241304000.0,14435200.0,71721700.0,6369800.0,32673700,176275900.0,18591600,1980522600,77562700,7934900.0,1224000
2025-11-25,98807700.0,396959100,169379300,36142900,84816600.0,11463300.0,20954400.0,2328200.0,25207700,36155100.0,7894800,382404300,96478900,5470900.0,788400
2025-11-26,77094400.0,288419400,128492000,31686100,111114600.0,24929600.0,29331000.0,2627300.0,21031000,19741000.0,7662600,156911100,115088600,5543000.0,1313400
2025-11-27,71051300.0,283451800,170213000,33618200,48436500.0,7543200.0,23737100.0,3673200.0,34235900,17082500.0,4580000,118868900,59437500,5256000.0,1687100
2025-11-28,67559300.0,353872800,128777200,40758200,70943000.0,9139100.0,38378700.0,2742600.0,18013700,8785500.0,4591700,102883300,131327000,6650100.0,1670100
2025-12-01,76359200.0,299669500,58603700,19335100,89045500.0,10493200.0,38669000.0,3000800.0,17322300,5346900.0,4108900,55450200,66998800,7593800.0,1358600
2025-12-02,97044000.0,277714300,104013500,39091800,62155900.0,20677200.0,53567600.0,4451300.0,35263000,43427600.0,7221100,376504800,62836100,5398600.0,946200
2025-12-03,103550900.0,225357100,102556300,28263900,60429900.0,4127100.0,24386200.0,2378800.0,65741000,10525100.0,9217900,159365800,64422400,3128800.0,842300
2025-12-04,71410400.0,221121100,59392600,23544900,38947500.0,9560800.0,38510600.0,12219400.0,40071400,13673600.0,4479400,117885800,51907700,4369500.0,635100
2025-12-05,71162300.0,156161100,53969200,28877500,50641400.0,88365500.0,67707300.0,5572500.0,34350200,16859700.0,8852600,66764200,45650000,3949700.0,777400
2025-12-08,61745200.0,124094700,62947600,28219300,64911000.0,69727100.0,38776000.0,5912500.0,34429000,11661200.0,8844700,85060100,59521000,6949200.0,635500
2025-12-09,113057200.0,201089800,134575200,34461400,94381800.0,66937200.0,38482800.0,6501700.0,44953900,16634200.0,12610800,128666300,48402900,8121300.0,1115400
2025-12-10,143418300.0,172677700,96005900,19908000,68644900.0,91703600.0,34524000.0,3015900.0,29651800,8871000.0,3688400,76714900,50602100,10110400.0,1498600
2025-12-11,140766000.0,327591200,151956700,43389300,84823100.0,28086600.0,42116700.0,3297600.0,30830400,10206100.0,35995900,61058000,95234500,11068100.0,1457600
2025-12-12,100006800.0,169747600,111830600,23240100,67076200.0,19712800.0,28841900.0,4647700.0,14728100,8185400.0,6481400,40485600,304157500,9574000.0,993400
2025-12-15,143105700.0,312694100,122451500,57531500,121707400.0,11077000.0,38096700.0,3238700.0,18476400,15671200.0,6213700,143415000,211858600,14821100.0,1307900
2025-12-16,122332000.0,237949900,137373200,36287500,120576700.0,35579700.0,34723600.0,2697300.0,32058000,17355800.0,5528400,84031800,91357800,5695500.0,3723300
2025-12-17,89802700.0,273544100,94254100,27653900,118452300.0,26642300.0,32681400.0,5006500.0,20817800,5997500.0,6792100,67928600,107358300,14496300.0,1254600
2025-12-18,88497200.0,262527300,150669000,45694900,111042200.0,20263700.0,20454400.0,4630000.0,17521000,6171700.0,9005600,88737900,143068000,11761300.0,1272100
2025-12-19,131069800.0,228583500,161960800,47290300,236770700.0,24263700.0,61201100.0,14764500.0,28983500,11114100.0,12787800,59204600,272901900,7515700.0,722000
2025-12-22,72424200.0,161680300,93615600,28113800,113720300.0,11651700.0,30755900.0,5642100.0,22606200,6241200.0,3858800,38199100,263625800,5773900.0,877100
2025-12-23,85044100.0,138427000,44307700,26801700,39083700.0,6751800.0,13756700.0,2561000.0,17218500,4615400.0,2079500,33588200,178083800,5748100.0,1149700
2025-12-24,71260500.0,121073600,40272500,18160600,30919800.0,6263300.0,20273000.0,1669600.0,10056300,1899500.0,1566700,40215200,219895200,4387200.0,826300
2025-12-29,78399400.0,238061500,55697500,24490400,53079900.0,14987400.0,20982300.0,3747900.0,13763200,6435900.0,3540900,45958800,283900400,9022100.0,944000
2025-12-30,101995600.0,274402200,74077800,44229200,48019100.0,8850500.0,23486000.0,4433400.0,17928600,3807000.0,4210100,29402100,209417500,6256500.0,943700
2026-01-02,68612400.0,191985100,59263700,32693200,34812500.0,10798500.0,19569100.0,2932800.0,7859600,4906200.0,7568100,33532500,80535600,6217500.0,797600
2026-01-05,73408800.0,230544800,108458200,48778200,77224000.0,13583500.0,30633400.0,5271500.0,13513400,6465500.0,9359300,46518200,203158600,8906900.0,1043500
2026-01-06,97624300.0,175820800,180600600,53908900,77477100.0,28187200.0,33964700.0,4260000.0,16595700,6207700.0,12215300,56139100,194028600,16784600.0,1571900
2026-01-07,93152500.0,195024700,284261700,39295200,60466200.0,39205800.0,55249800.0,4616800.0,18804300,9501900.0,16067800,66577900,607319400,34828200.0,1680800
2026-01-08,79823700.0,182019700,108534300,40059400,61219400.0,39681000.0,30845500.0,2504900.0,44404400,10684500.0,25370300,40194800,354486100,15692800.0,1190400
2026-01-09,79484700.0,143474700,104703800,35407500,82708700.0,72161000.0,29171000.0,4066400.0,23053000,5016300.0,13134000,19865000,268748100,8648400.0,1625600
2026-01-12,82935700.0,215159700,118384500,24965900,89165400.0,51011800.0,24915100.0,2643600.0,44075100,10239900.0,11215000,60842500,465569800,19351700.0,1332200
2026-01-13,80536300.0,227620800,93419500,76022000,129812000.0,27044400.0,65659900.0,2386400.0,33925600,3957300.0,7063700,39389900,211536700,17873600.0,1602000
2026-01-14,105724300.0,170097000,114314800,41778700,98179400.0,26166100.0,40658400.0,2675500.0,15761400,5323700.0,9495000,45697500,271845900,22448800.0,2009000
2026-01-15,151753100.0,407151300,245024400,132483000,83981800.0,13266700.0,26410300.0,2853700.0,51451800,5660000.0,6184100,62817300,174954300,14964900.0,803300
2026-01-19,172100000.0,359652500,197645100,123397300,147127900.0,16304200.0,51590900.0,3893200.0,56292600,9458500.0,10624000,59028000,187759300,18156900.0,1009000
2026-01-20,82672500.0,170245800,93803800,67785900,89987800.0,33650900.0,21167100.0,5647100.0,18395300,4869500.0,12443600,63111000,159637300,14155200.0,941900
2026-01-21,301825600.0,273678200,117548600,54281000,104120400.0,18124300.0,269454100.0,46189400.0,30521200,9619600.0,11404500,45022400,325128500,42532000.0,1294000
2026-01-22,268025900.0,153742700,145002200,60255300,149259700.0,41320000.0,70220500.0,29386100.0,21043700,13969100.0,8856900,68058100,184847000,38152400.0,2256000
2026-01-23,202878600.0,164603900,116237200,37564400,109079700.0,24894900.0,52227800.0,5197700.0,20403500,11745000.0,7862000,40388700,203511600,30704900.0,1206900
2026-01-26,213044100.0,120002700,225443300,79139000,91258600.0,31067400.0,55468700.0,7015600.0,27241300,11911100.0,9878400,54910900,491662800,25968800.0,1094400
2026-01-27,259830900.0,157633200,160620600,40655600,161704800.0,22273300.0,145465800.0,21562000.0,35658400,8344200.0,17356900,111926900,225492900,25926900.0,1591800
2026-01-28,1027287500.0,726740400,643802800,114151800,439277400.0,94714500.0,200262500.0,20669600.0,39800600,21932000.0,29694200,84670900,589421400,50716500.0,3444700
2026-01-29,1432993400.0,781321200,907054600,242945800,582049700.0,296795800.0,136295200.0,13460000.0,74521700,29324800.0,38464300,90047800,818266300,37405600.0,4205400
2026-01-30,528434900.0,532329000,343393600,167017600,332372800.0,99260600.0,101087200.0,14599200.0,33230400,18174200.0,15374100,82357300,259289200,21023000.0,1885300
2026-02-02,326948700.0,334659200,290622800,85790700,157041400.0,103514500.0,71571500.0,8495900.0,52588100,19372900.0,17102800,81332000,388915700,65842000.0,2255200
2026-02-03,206015400.0,201224300,169775800,82653800,155611200.0,63196600.0,63526500.0,8608000.0,46081200,17576700.0,18698500,44686600,203197400,18391400.0,1327000
2026-02-04,193370800.0,251005600,232816800,92915700,215692700.0,52879100.0,58211100.0,13042700.0,49767000,9948300.0,13541400,45098700,215322600,21583800.0,1017500
2026-02-05,142332400.0,342757200,209505400,94551800,148908600.0,44540300.0,72792600.0,5215200.0,71314600,7338300.0,10782800,44406000,201930600,52650600.0,970400
2026-02-06,176352600.0,279127200,278775900,59930200,137552600.0,30593300.0,49547300.0,5591300.0,71485600,10290000.0,10579300,33933600,182489100,22364000.0,2329700
2026-02-09,174758300.0,215606400,177079900,51513700,109053400.0,24893800.0,34797900.0,4055300.0,23163100,13201700.0,8702900,33061100,146110600,14194400.0,961300
2026-02-10,127704200.0,181835800,177110700,38280100,129254100.0,29122400.0,45371100.0,5781600.0,56389900,4255800.0,8380100,44580100,114039900,13434000.0,1029900
2026-02-11,213505000.0,147378100,201135900,54082900,151785400.0,50191500.0,41050100.0,7662800.0,18622600,4709900.0,44043400,32635700,143161900,17360100.0,1043600
2026-02-12,237465300.0,185678800,121407500,27571700,114656400.0,22676100.0,26536900.0,8902300.0,40499400,2880200.0,13363300,42552400,225356100,14860100.0,970000
2026-02-13,356015300.0,144473700,157236900,25116200,102244000.0,45312000.0,31212900.0,6423500.0,19683200,7720000.0,13926900,50565600,140456700,7763900.0,695400
2026-02-18,125301200.0,135223700,212076100,38802300,82797000.0,23378300.0,25858200.0,6128700.0,16593000,4370200.0,7616100,35272100,73672200,26334600.0,886700
2026-02-19,133463400.0,154562300,133827800,54011700,70690600.0,31891500.0,46704000.0,6794600.0,17971200,7449100.0,11967400,24202800,181438200,36299700.0,1383000
2026-02-20,122959500.0,191533500,88563800,48070400,75231500.0,66330000.0,28160900.0,3743400.0,7587400,12383500.0,14729900,72620200,123609900,14520100.0,1528100
2026-02-23,100443800.0,189611200,131077800,34453500,59621900.0,80576000.0,38075400.0,4506600.0,34184100,6422300.0,18992200,68164800,153052900,9446400.0,721300
2026-02-24,159225400.0,191295900,203553200,58150200,119024300.0,38168400.0,51297100.0,5270600.0,24678900,13392800.0,26059800,64915700,166385100,15217600.0,1149100
2026-02-25,133278000.0,263027700,147700600,53012100,66237300.0,50473100.0,45214100.0,3953100.0,15559900,4880000.0,25622600,78710500,103583700,11896300.0,1005600
2026-02-26,127811900.0,146158100,120621100,53377800,111136200.0,59793000.0,30901600.0,4379000.0,15417900,11033700.0,24736800,62743300,99948100,12915200.0,1855500
2026-02-27,193104700.0,263179300,206461200,83010300,140862100.0,25405000.0,68396400.0,10181300.0,68472600,7916500.0,290204300,36614300,80407900,9458900.0,1892300
2026-03-02,156182700.0,204655700,168721700,77493000,80022100.0,52989100.0,60477400.0,3834500.0,23912200,13451700.0,44951600,52038500,212481100,73917100.0,5014000
2026-03-03,103031100.0,113600400,106384700,34412500,125403800.0,25175600.0,31573300.0,4095100.0,29682000,5983700.0,18791500,66036500,149780600,148905100.0,8806300
2026-03-04,216518700.0,215656600,294487200,101732000,206478300.0,37465900.0,49747800.0,6998000.0,31919800,14354800.0,43486700,71675300,227497200,121906900.0,11958000
2026-03-05,110256300.0,96625300,133690000,52177600,137853600.0,22068400.0,38471400.0,3964900.0,14954200,6618400.0,17643600,52394200,71419500,88323100.0,6643300
2026-03-06,102725700.0,136987800,127625100,47786400,84932600.0,70218200.0,38071100.0,3331200.0,11788500,3343800.0,25222700,30081300,59681800,94306700.0,8683800
2026-03-09,150426400.0,215587500,217673200,102376100,126776600.0,67840700.0,46625500.0,4326200.0,20756600,11547600.0,18757800,87464700,173997700,72725300.0,13040800
2026-03-10,129977900.0,175353400,124581800,66622300,288339600.0,33166400.0,33964900.0,4821100.0,11695700,2522500.0,24380900,33206500,97669800,26486000.0,8255200
2026-03-11,91723400.0,100862200,86606500,54719700,209073500.0,19637600.0,18403300.0,3405900.0,19351000,3376700.0,10903300,37421700,48115500,25995900.0,6949700
2026-03-12,98787400.0,141366700,85989900,87013000,100856000.0,12846900.0,20628100.0,3435000.0,27876700,9775100.0,21623200,41169800,73154200,25949100.0,7123500
2026-03-13,107940600.0,159393900,187462500,99440600,102546800.0,16904100.0,27856000.0,2328200.0,12154900,4264700.0,12186300,32279800,64088000,16326800.0,4222200
2026-03-16,127757500.0,160328700,149035900,126138200,95426400.0,13206800.0,37696400.0,2908000.0,10659400,3602000.0,15644300,32183000,111081300,27882300.0,4073900
2026-03-17,160903900.0,204208500,274977700,209818800,164842700.0,46060600.0,89895700.0,5571900.0,50594200,5574000.0,11855500,55949700,114095000,18156300.0,6875400
2026-03-25,314281100.0,379422800,389331300,247976300,228354400.0,15125700.0,134276600.0,5282600.0,34597400,2837600.0,36909800,39170900,151532000,134168900.0,9429900
2026-03-26,145934900.0,162060500,120735200,90175900,130477500.0,12835600.0,45012000.0,4291000.0,20185700,2518000.0,11366700,33142900,119229100,38485700.0,5321200
2026-03-27,283556500.0,207067900,73158700,76824500,72337500.0,4443300.0,32993200.0,3464100.0,20510900,2839300.0,9763500,38418400,91494700,26659000.0,4104500
2026-03-30,242278100.0,317467700,110819500,82872100,115529200.0,15141200.0,48246100.0,2942900.0,14256600,2735600.0,10150600,40685700,60550100,38180700.0,6757500
2026-03-31,150657800.0,298589200,184777500,76852900,95463800.0,25385000.0,31516100.0,5621600.0,21371200,10698900.0,34136900,69203800,99833000,48824200.0,4610000
2026-04-01,132798100.0,279604500,162832600,88881000,68303100.0,18952300.0,37708800.0,5616400.0,46209400,2712700.0,20919900,21828100,140581600,60499300.0,7678700
2026-04-02,72725400.0,242569200,109496300,53750100,56283200.0,14206800.0,37842500.0,2966100.0,17567700,3685000.0,17333500,17965800,71715300,41964800.0,7979300
2026-04-06,57914600.0,184143400,60887500,45425200,37192400.0,14570900.0,15705000.0,955600.0,5661100,2031700.0,11555400,17609800,41205300,21950500.0,3313300
2026-04-07,65168700.0,273842700,190831700,101448300,49528200.0,11893300.0,22912400.0,1611800.0,3248600,1337800.0,11285700,28107800,129402200,33065800.0,2692200
2026-04-08,163594000.0,416112900,169872400,112845200,78411200.0,36354400.0,28419500.0,2841700.0,11687600,2420400.0,12894700,47741700,157473100,53019400.0,5005100
2026-04-09,182409800.0,319141400,128431200,55090400,58857300.0,30722800.0,25785600.0,3237800.0,10902500,3881800.0,17733300,28820200,129289900,19539100.0,4225300
2026-04-10,167336100.0,353451500,103583800,58848500,70335700.0,8525300.0,37451300.0,5090400.0,8206300,3243900.0,11637300,45879800,65131200,14675500.0,1683900
2026-04-13,81955300.0,176083800,103202100,36975400,77410000.0,8868800.0,35616700.0,1164700.0,7397900,5113800.0,11177700,22636600,88027100,27124500.0,3088700
2026-04-14,105010900.0,280543100,135501000,51368500,92852900.0,21799600.0,35499900.0,3921900.0,10440100,4643000.0,11118600,31073200,125422900,18535000.0,1980700
2026-04-15,104880600.0,332898200,104621600,57711000,89181500.0,10030400.0,54204700.0,2887900.0,11235900,6618700.0,12647200,75915800,96315100,18766700.0,2475400
2026-04-16,122416100.0,228465700,120500900,30456000,57013000.0,4319700.0,28237100.0,3008600.0,13626400,3765900.0,13791900,29569300,139830400,13610400.0,3156200
2026-04-17,156827000.0,209108800,125867600,22706000,96349500.0,6978900.0,25291100.0,2600100.0,9601000,2626700.0,8501300,37100900,69561300,11032000.0,2272800
2026-04-20,137435700.0,354461400,104938900,36946800,142308900.0,6438600.0,18307400.0,1659300.0,14771400,3932800.0,7789700,66056600,57759300,14870300.0,3747600
2026-04-21,112151900.0,398239800,120070400,30514900,137586500.0,9250200.0,25696400.0,3372500.0,13679100,3851300.0,8007700,41518200,48530300,17370400.0,2223100
2026-04-22,95673700.0,223077500,113814200,58900700,57088500.0,6479800.0,42250100.0,3460500.0,20485500,7957300.0,8697100,30437600,81890600,26315500.0,1726600
2026-04-23,95913400.0,352657300,133792200,56532500,164145000.0,10719900.0,31725300.0,3299700.0,46396500,6103600.0,9401600,68701100,65595800,21797100.0,1484900
2026-04-24,435004800.0,428089200,218703100,53993700,254588000.0,7629600.0,27751700.0,2912800.0,41658200,8562900.0,9547700,96851500,79334000,20405800.0,2039600
2026-04-27,273263100.0,216480300,257209000,27549200,77838700.0,3996800.0,19496400.0,2868500.0,40053800,4100900.0,4716400,70628000,97987200,11926400.0,3652200
2026-04-28,174091200.0,232596600,246361500,31602700,146311100.0,3360500.0,36965000.0,2181700.0,42672500,5589600.0,12570200,56885700,171366200,9708300.0,2374700
2026-04-29,176050900.0,180641600,201458600,27956600,144598700.0,3188900.0,26325800.0,1691600.0,38824200,6155900.0,5758000,51235600,93317900,8737300.0,2182700
2026-04-30,303405400.0,382750500,186960200,57549500,134260800.0,8030100.0,47690300.0,7029800.0,50188300,6568000.0,12872200,55352100,212842500,14060300.0,3761700
2026-05-04,207566700.0,190480000,166294600,39293500,81120300.0,5226200.0,33999000.0,3439500.0,36660100,6688000.0,11508000,53274600,81668400,17446300.0,2025800
2026-05-05,179928300.0,253157600,186702000,52767900,71127200.0,5726100.0,38038400.0,2598800.0,42348300,7234600.0,6591100,48076500,111553900,11847100.0,2074600
2026-05-06,90843100.0,185002500,156255400,41949100,82205900.0,4498200.0,27273500.0,2535000.0,75977100,6494900.0,8219400,30325500,97302500,10142900.0,1875300
2026-05-07,238690900.0,312804400,262269600,56083300,102205600.0,16614400.0,37017100.0,1826700.0,47653800,13524700.0,11398100,111628500,147286400,15964800.0,1914500
2026-05-08,201784700.0,335638700,369212800,58943300,102107300.0,8249300.0,36425000.0,4791100.0,18226100,7207100.0,6743500,140026400,147682400,12602300.0,2500300
2026-05-11,126301300.0,196431000,424518900,31597700,58491000.0,5380600.0,26376000.0,3776000.0,15722700,5072900.0,8963200,107445200,182583700,15126200.0,2203400
2026-05-12,107394400.0,151508100,221247900,44682300,91619700.0,4637800.0,25658100.0,3876600.0,15541900,5044900.0,5254700,104098100,129829300,10044200.0,1211500
2026-05-13,147339600.0,155231500,192288300,24634300,62623700.0,7305900.0,32026500.0,2598700.0,6834600,4991500.0,7820400,57659500,183268100,7812400.0,837200
2026-05-14,0.0,0,0,0,0.0,0.0,0.0,0.0,0,0.0,0,0,0,0.0,0
2026-05-15,0.0,0,0,0,0.0,0.0,0.0,0.0,0,0.0,0,0,0,0.0,0
2026-05-18,208748400.0,348373200,316067300,37869300,148994300.0,9743400.0,54305300.0,5329700.0,18683500,5351100.0,9733400,70061400,304786400,17488500.0,2486900
2026-05-19,184830100.0,224758600,306901800,42431700,147808100.0,16937900.0,34901400.0,3883000.0,14016100,4197400.0,6597300,41127700,328516700,39725400.0,3354300
2026-05-20,195107100.0,273501800,308468000,54487000,191400600.0,12691300.0,37175000.0,3562100.0,19068500,7512200.0,11119500,60103300,249846500,46764500.0,2610100
2026-05-21,210976100.0,173346000,137461700,29621700,141907000.0,13571800.0,57790800.0,2919700.0,17561800,6240200.0,11456400,50675500,161809600,23420700.0,2544700
2026-05-22,288919700.0,158122200,190022900,25045300,138085300.0,16279400.0,65064200.0,5451100.0,8894800,5072300.0,2979100,41432000,223541100,15862400.0,2403800
2026-05-25,263179200.0,242782900,235113500,56968300,88999600.0,12293400.0,92115700.0,4283500.0,9593400,6552500.0,8238700,35730100,151195300,27203100.0,1065200
2026-05-26,225158700.0,185037400,181583300,25818200,136083800.0,6432900.0,82648100.0,5015300.0,16040300,3354100.0,13244900,31534700,164671000,13647500.0,1265200
2026-05-27,0.0,0,0,0,0.0,0.0,0.0,0.0,0,0.0,0,0,0,0.0,0
2026-05-28,0.0,0,0,0,0.0,0.0,0.0,0.0,0,0.0,0,0,0,0.0,0
2026-05-29,1014028000.0,1073661600,442625300,160150400,835364400.0,18199600.0,481573900.0,28939600.0,133330600,5777900.0,37316900,152452300,401178500,29747600.0,2677500
2026-06-02,346305200.0,320974000,261911500,50891200,242446000.0,4873200.0,156532600.0,8257600.0,28441900,9456000.0,9446300,81017600,203427800,16488300.0,6760300
2026-06-03,353332300.0,411746000,287274100,60855300,168085400.0,11602800.0,101108500.0,7258900.0,30595500,9366000.0,11477700,76738700,438971300,28439300.0,2687200
2026-06-04,550059500.0,493450500,328529500,107483200,197151900.0,24462900.0,160423900.0,6039600.0,17974200,8176900.0,13518400,84196500,327693500,30880500.0,3266900
2026-06-05,572612000.0,310053600,320689600,87511600,105040300.0,6281600.0,64364700.0,5219300.0,24377100,7736900.0,11566100,53014000,263284100,16106500.0,3580500
2026-06-08,705093300.0,626878600,387103400,146586500,331947700.0,8762900.0,85460100.0,5393000.0,16472200,3951800.0,16754300,54722800,272942900,21406900.0,3400200
2026-06-09,772898000.0,873192700,484957600,182146000,371055600.0,13673500.0,84193600.0,5605400.0,14614800,4113300.0,10906900,78074500,291597400,20332400.0,6614100
2026-06-10,747366000.0,704423000,359183100,213541800,391732600.0,9944700.0,91880000.0,6375900.0,33735000,10357600.0,12536900,75251500,397843000,25276800.0,5830400
2026-06-11,543032300.0,465509700,308861000,135430000,274793100.0,11882800.0,85205900.0,4444900.0,22363100,12389600.0,8452500,97543500,276318200,31537200.0,7003700
2026-06-12,415872300.0,450530000,241735800,74824100,181531900.0,9433800.0,66162000.0,5608900.0,28345900,13984100.0,11991600,92741200,174808500,46138000.0,2791300
2026-06-15,480395000.0,622216400,310948900,110833800,156789000.0,10275500.0,89864300.0,5603800.0,41419400,9935600.0,7175600,146299700,378696400,39951600.0,7083900
2026-06-17,467494300.0,512048000,286865700,90260200,200799700.0,9852200.0,72821600.0,2812200.0,12881200,5517400.0,6440200,195547400,172876200,26024100.0,1753700
2026-06-18,232489300.0,356398400,190568200,70456300,210813900.0,4830200.0,60565200.0,7435400.0,9988800,4188900.0,3259000,111130400,113192200,13982900.0,1023200
2026-06-19,366595500.0,514857200,377274300,95367400,374544500.0,14479900.0,229098200.0,17466500.0,59195200,13041800.0,42676900,183948700,148007500,26880500.0,1495000
2026-06-22,193401600.0,250025400,101336500,56952800,194270900.0,2781200.0,46627400.0,5489500.0,8146100,2886500.0,6044100,111214500,158864000,38825500.0,914100
2026-06-23,144561900.0,271555000,248512500,69805600,173184800.0,3507000.0,57376700.0,3731800.0,7518300,3657800.0,8861900,233666800,124924800,19977700.0,1212800
2026-06-24,144928800.0,330171300,254221600,102475500,173348900.0,3553200.0,53683100.0,4021000.0,11911100,3799500.0,5758100,98567100,130253500,13699200.0,1884300
2026-06-25,197935000.0,343497900,275422800,51645300,94937900.0,6861700.0,88497000.0,6633000.0,49717400,5717300.0,9285900,135032500,146277100,17171200.0,2290700
2026-06-26,163378700.0,200394100,247361000,75387100,220918000.0,2152700.0,64841400.0,5771900.0,16495000,1870300.0,9093200,71542200,114300800,16820300.0,828500
2026-06-29,189886600.0,173099600,120733900,30133200,124858100.0,3785000.0,25237300.0,2991600.0,11099300,3793300.0,3207500,80694700,72627000,12422600.0,597100
2026-06-30,440738300.0,346190100,200553100,68047800,318664200.0,6765100.0,81706000.0,5806300.0,37171400,8402500.0,4441900,94397300,101996000,16909100.0,1257600
2026-07-01,124123800.0,302582100,142033400,68356600,111997100.0,2972600.0,30899300.0,3260800.0,13228800,4211000.0,4788900,30082600,70203300,10118100.0,1271500
2026-07-02,145119400.0,366662800,181957900,56394800,112046100.0,4229700.0,52263400.0,3250400.0,7673700,1095800.0,6095500,72368400,107845500,10241400.0,1259500
2026-07-03,200465200.0,219292600,97694100,28681500,83587600.0,6663200.0,24908400.0,4589100.0,7797200,4350800.0,5134800,41752900,103473600,8696800.0,718100
2026-07-06,148684900.0,257473000,143666300,29228500,48614200.0,3232700.0,31139400.0,2241800.0,7874100,2710500.0,5732800,62451200,70223700,6111200.0,561100
2026-07-07,183472100.0,265534600,181399100,60892800,119404100.0,4491700.0,44556600.0,3165900.0,9647400,1799300.0,5930500,59673700,38269200,9252000.0,454300
2026-07-08,181123400.0,253336100,107252600,55410800,98228500.0,2747000.0,44811600.0,3202100.0,8601900,1316000.0,5253100,53470500,75494400,7131800.0,799800
2026-07-09,181155800.0,244821900,109084100,24656200,68742100.0,6002000.0,43391100.0,2807200.0,3144000,2586500.0,3590100,45312000,60437300,5477200.0,968200
2026-07-10,138050500.0,144957900,73997600,29336200,129033800.0,2157900.0,24557100.0,3530400.0,3626900,1048800.0,5934100,33849600,60196300,8656000.0,829000
2026-07-13,180061600.0,211532100,140381100,51536900,80358400.0,3587100.0,43780800.0,5522400.0,27320400,1627400.0,6692300,44899800,56479200,10203500.0,1218000
2026-07-14,159868800.0,273911200,186937300,48830900,118565500.0,5084100.0,50811200.0,5239300.0,14159900,2030800.0,3274800,58809400,101305400,8463100.0,1560400
2026-07-15,140824900.0,182403300,145283200,34196500,142706600.0,3595500.0,37729500.0,3349900.0,9093900,1502200.0,6437400,156611300,154583300,6308500.0,757100
2026-07-16,94235100.0,197705800,103434900,49344600,56858100.0,6884000.0,72624500.0,5460400.0,9252900,1186500.0,4840400,98438200,91739100,4940900.0,1228300
2026-07-17,314564200.0,439266600,258763500,102411200,143963900.0,3073000.0,65960600.0,3399300.0,13265800,3779700.0,4332200,114748600,80284500,15088000.0,2118500
2026-07-20,298183300.0,393555500,197096400,71579400,146905500.0,6975500.0,67793400.0,5489400.0,22167900,3538400.0,9576600,84900400,109006600,13428700.0,1425800
2026-07-21,146064700.0,320262200,135068500,61348500,140279600.0,6154100.0,40894600.0,4167600.0,17491600,3888200.0,6085000,75672200,134948200,12797400.0,1360800
2026-07-22,112178900.0,200041000,93136600,45262500,122114100.0,8271000.0,93334100.0,3860800.0,18808800,4595100.0,7297400,82538000,164522700,9281500.0,1087800
2026-07-23,207037900.0,217693500,160468800,42071600,91296700.0,10683700.0,66257200.0,4396900.0,12951900,5277300.0,7430400,81978800,133197300,18558900.0,895900
2026-07-24,191428900.0,290905700,403126400,38325800,92442500.0,8346800.0,73314000.0,3622000.0,9819500,3966600.0,3847000,48296500,75686900,12444000.0,1324600
2026-07-27,125142500.0,201363300,233516000,62103400,60467000.0,4837600.0,21049300.0,2856500.0,6492500,1978400.0,5749000,28351700,98598300,10881400.0,985700
2026-07-28,122920300.0,220772100,162841200,21024300,69694800.0,7592700.0,34388400.0,3292200.0,10422500,3002700.0,5868800,87568200,87944700,9691400.0,988600
2026-07-29,122379600.0,132102100,125647800,34501600,76414900.0,2755500.0,23808100.0,4799300.0,10834900,1554100.0,9713500,62351800,66694800,10043500.0,937400
2026-07-30,152663200.0,220548900,100897800,42430600,103302600.0,3486200.0,33910100.0,9314000.0,9551500,2459800.0,5657600,66825100,76364900,9252500.0,2895000
2026-07-31,153174800.0,226634400,97657300,48321300,91987400.0,2392900.0,46139800.0,6777400.0,25612000,2245400.0,13210100,137568700,98459300,27670000.0,1422600
2026-08-03,68143700.0,119721600,76254300,19986000,112278700.0,8010900.0,30943600.0,4528600.0,7946900,6342500.0,10645600,115402300,46158100,14504100.0,1332900
2026-08-04,138953100.0,191121700,121374800,65344400,90753600.0,1918700.0,39489500.0,4196500.0,21581300,3618500.0,6701800,45379600,70023600,9082700.0,644700
2026-08-05,101666100.0,111460100,122781400,40879400,109494500.0,4775600.0,49014700.0,5001400.0,26005100,5071600.0,10861900,254510300,187572000,13690100.0,819900
2026-08-06,80734000.0,117685400,95744300,37046200,138223900.0,6373600.0,53209500.0,3604900.0,19384100,6652200.0,6946100,135313700,172099500,9337400.0,1157600
2026-08-07,111930800.0,349136300,110106100,22690800,66412400.0,4237400.0,34507300.0,3126900.0,12769600,10181700.0,8266900,53498900,108524600,9940400.0,1191200
2026-08-10,88666100.0,232230700,148614700,22297300,93974000.0,3968100.0,70515600.0,4484600.0,13969800,6810700.0,3093800,74995200,107393800,10339700.0,697800
2026-08-11,112490800.0,179274900,148404100,29926000,84124100.0,8128800.0,49228200.0,3289700.0,14732400,2946500.0,7061200,92383400,110426400,9427900.0,1752600
2026-08-12,87177100.0,158307500,153658300,23117900,120373100.0,26942600.0,62946100.0,4416100.0,7995300,2882200.0,5345700,76975100,57409700,10222900.0,1090100
2026-08-13,83208000.0,165084600,108708200,25813700,76115000.0,13349800.0,48407300.0,3430900.0,9995800,3348500.0,5678500,41788700,86077700,5823800.0,1477600
2026-08-14,56953500.0,118492200,75934800,19651900,80799200.0,19243500.0,31883200.0,2698800.0,7372300,3782100.0,3755500,105488600,83223900,10351500.0,1540400
2026-08-18,114945500.0,153801000,116514200,26064000,80089000.0,10371800.0,59420100.0,4130500.0,13363200,3579400.0,4309800,95384200,90263100,10452300.0,2189200
2026-08-19,68105000.0,101112000,79287200,21565300,45580300.0,10094800.0,44815500.0,1940700.0,6136400,2160100.0,5453400,67853800,93004300,9062800.0,1466300
2026-08-20,67749800.0,156120300,74796300,33838500,86747700.0,5310100.0,40700200.0,5422900.0,19369300,3523100.0,5790400,119959500,141884600,7825700.0,1544000
2026-08-21,100684300.0,349663900,142906200,92322200,72276500.0,3456700.0,48756800.0,3736300.0,10450200,2480400.0,3187500,68915900,114077500,8314400.0,1103800
2026-08-24,81295600.0,151200300,86046100,33072400,46321100.0,10104100.0,35455200.0,3088600.0,3955100,3562400.0,2097400,57678100,114351200,33941000.0,1220400
2026-08-25,,0,0,0,0.0,,0.0,0.0,0,,0,0,0,0.0,0
2026-08-26,86115900.0,159003300,156162500,38659400,82579200.0,5159000.0,47671400.0,8561500.0,8457300,10588000.0,6185900,76892300,125424800,19885800.0,2132500
2026-08-27,60556000.0,164832300,66036800,47055500,115845900.0,4733500.0,37802400.0,1865900.0,10229600,7535100.0,2745600,46279000,71295100,23812700.0,1959800
2026-08-28,156445200.0,135419900,111542000,48082900,78958600.0,5397800.0,53631000.0,3900400.0,9388700,3700600.0,2584300,33275500,62500400,37465600.0,1557900
2026-08-31,230904500.0,353834000,231356300,115236500,204591800.0,9277600.0,79688700.0,11778800.0,140113900,11298400.0,13822100,47708700,88604100,30232000.0,2525900
2026-09-01,117969900.0,393505600,191597900,31808400,82430900.0,4177500.0,72626100.0,7683500.0,18693200,8792900.0,8292900,55558100,87778200,115499100.0,2048900
2026-09-02,100935400.0,205175100,134416100,22198300,105899600.0,4979400.0,46788800.0,4146100.0,15880100,6945900.0,6992300,67163900,97962500,93828700.0,2217400
2026-09-03,112324100.0,244699100,234996500,44387300,76989700.0,4344000.0,84978900.0,3627200.0,10622000,5230500.0,4136800,89382600,136685600,109722100.0,1458100
2026-09-04,93923500.0,152173900,95373200,27444800,84953700.0,6732000.0,50573000.0,3324100.0,12529100,6086500.0,4091200,61674800,83943400,26032000.0,920300
2026-09-07,65118000.0,140651200,94899700,21661900,42030200.0,1682300.0,41646800.0,2415300.0,11070200,6982400.0,7819800,192424800,72342200,92569800.0,1487400
2026-09-08,108127600.0,148330400,91930900,44905000,173160300.0,3136500.0,40418500.0,2465400.0,12456800,10089400.0,7573600,107323500,96926900,67132000.0,1324400
2026-09-09,193375100.0,156865000,125622500,52644400,119056300.0,6836800.0,35658000.0,5932800.0,8950100,7180200.0,7929800,117405100,205956800,104634100.0,1872500
2026-09-10,196819200.0,194894800,132956900,37595400,87447500.0,9761700.0,36057400.0,5299700.0,17776200,3613500.0,2936900,78226800,255111300,81084900.0,1755400
2026-09-11,187922700.0,217302800,126557800,27943800,88455300.0,6844300.0,42109400.0,2728900.0,16732500,2205300.0,4993900,108297500,135708200,51290600.0,1291300
2026-09-14,218017200.0,278495400,229164500,88939600,139730300.0,7008000.0,51166200.0,3504700.0,26738400,3026600.0,4621500,53615300,153989700,46598300.0,1773600
2026-09-15,95608200.0,158042700,128314600,39238000,142432700.0,3888900.0,30001800.0,3085100.0,20072700,10118100.0,2381300,123325000,136346800,22338600.0,1177100
2026-09-16,72157400.0,118364900,140870900,20577300,72687900.0,5181800.0,35084600.0,3413600.0,26907500,3961900.0,5718000,67032400,142697700,25481200.0,1982500
2026-09-17,61812000.0,132493900,110580900,24338700,90206300.0,3041600.0,20770400.0,3053100.0,8239000,2555300.0,5887200,67880000,71211300,49391500.0,1179500
2026-09-18,176753700.0,242737200,186217000,45318800,212768300.0,36585900.0,63499200.0,7669800.0,14395300,7167000.0,11056200,56569900,135669000,35040000.0,2297900
2026-09-21,69914100.0,102594200,74720000,24461400,73848400.0,7498000.0,23075000.0,2826000.0,9360200,3673700.0,6604200,26266800,108664300,15402900.0,915600
2026-09-22,93211200.0,272879800,123121600,33279300,111856600.0,8627100.0,31702600.0,4116400.0,13581800,5892900.0,4772300,62569400,80058600,22639100.0,1562500
