Date,BBCA.JK,BBRI.JK,BMRI.JK,BBNI.JK,TLKM.JK,EXCL.JK,ASII.JK,UNTR.JK,UNVR.JK,ICBP.JK,INDF.JK,KLBF.JK,ANTM.JK,PTBA.JK,ITMG.JK
2016-09-22,2434.920166015625,1330.638671875,1721.7630615234375,1874.9781494140625,2544.745849609375,2175.39501953125,5189.04296875,8756.5068359375,6119.6904296875,7533.45947265625,5919.1357421875,1405.750732421875,507.1108093261719,588.0050048828125,2740.89990234375
2016-09-23,2454.748046875,1330.638671875,1699.5947265625,1858.162353515625,2544.745849609375,2175.39501953125,5085.55859375,8732.1484375,6222.14208984375,7553.33837890625,6055.60009765625,1422.0965576171875,499.5980529785156,598.4517822265625,2734.3583984375
2016-09-26,2434.920166015625,1325.128662109375,1721.7630615234375,1858.162353515625,2550.761962890625,2091.7255859375,4982.07275390625,8378.96484375,6126.5205078125,7434.07373046875,5970.31005859375,1401.6641845703125,484.5725402832031,588.0050048828125,2740.89990234375
2016-09-27,2538.027587890625,1333.3935546875,1736.5423583984375,1883.38623046875,2574.82568359375,2091.7255859375,5178.49853515625,8817.4013671875,6205.064453125,7394.3212890625,6226.18115234375,1413.9234619140625,578.48193359375,585.0202026367188,2767.066162109375
2016-09-28,2446.8173828125,1333.3935546875,1670.0364990234375,1891.794189453125,2556.777587890625,2158.660888671875,5193.3798828125,8890.4736328125,6208.47998046875,7652.72314453125,6140.89111328125,1467.0478515625,597.2637939453125,579.0506591796875,2780.148681640625
2016-09-29,2494.40478515625,1347.1683349609375,1688.51025390625,1883.38623046875,2580.841064453125,2300.8984375,5163.6181640625,9083.435546875,6242.6298828125,7732.2314453125,6243.23876953125,1426.1829833984375,623.5584106445312,598.4517822265625,2943.68701171875
2016-09-30,2490.439208984375,1344.413330078125,1655.257568359375,1866.5704345703125,2592.87353515625,2259.063720703125,4910.6455078125,8690.634765625,6085.541015625,7533.45947265625,5936.193359375,1401.6641845703125,616.0457153320312,574.5734252929688,2852.10595703125
2016-10-03,2534.0615234375,1352.677978515625,1666.34130859375,1891.794189453125,2634.985107421875,2317.63232421875,5044.572265625,9009.7841796875,6174.33056640625,7752.1103515625,6243.23876953125,1409.8370361328125,604.7764892578125,593.9745483398438,2930.604248046875
2016-10-04,2530.095703125,1352.677978515625,1655.257568359375,1874.9781494140625,2622.952880859375,2225.595947265625,5118.97607421875,9058.8828125,6153.8408203125,7752.1103515625,6089.71630859375,1422.0965576171875,623.5584106445312,613.375732421875,2982.936279296875
2016-10-05,2506.3017578125,1355.4327392578125,1625.698974609375,1858.162353515625,2586.857666015625,2250.69677734375,5014.810546875,9181.634765625,6123.10595703125,7732.2314453125,6072.658203125,1397.5777587890625,597.2637939453125,611.8834228515625,2982.936279296875
2016-10-06,2502.33544921875,1366.452880859375,1618.3095703125,1816.12255859375,2532.7138671875,2175.39501953125,4970.16796875,9476.23046875,6170.9140625,7732.2314453125,6072.658203125,1397.5777587890625,593.50732421875,635.7616577148438,3224.972412109375
2016-10-07,2506.3017578125,1319.618896484375,1610.920166015625,1782.4903564453125,2526.697998046875,2208.8623046875,4880.88427734375,9549.8798828125,6078.70947265625,7612.96923828125,6072.658203125,1397.5777587890625,601.0202026367188,647.7008056640625,3368.885498046875
2016-10-10,2490.439208984375,1305.843994140625,1610.920166015625,1782.4903564453125,2502.63427734375,2175.39501953125,4925.52685546875,9255.2822265625,6092.36962890625,7652.72314453125,5953.25244140625,1401.6641845703125,593.50732421875,668.5944213867188,3408.135009765625
2016-10-11,2506.3017578125,1316.864013671875,1603.5303955078125,1748.8587646484375,2502.63427734375,2217.229248046875,4955.28662109375,9549.8798828125,6181.16015625,7791.86474609375,6089.71630859375,1405.750732421875,623.5584106445312,696.9501342773438,3650.171630859375
2016-10-12,2474.576904296875,1322.3739013671875,1625.698974609375,1740.4508056640625,2490.6025390625,2183.76171875,4940.40771484375,9378.03125,6147.01123046875,7791.86474609375,6089.71630859375,1397.5777587890625,631.0711669921875,693.9652709960938,3637.088623046875
2016-10-13,2450.7822265625,1319.618896484375,1633.0887451171875,1807.7144775390625,2514.666015625,2150.2939453125,4880.88427734375,9525.330078125,6078.70947265625,7533.45947265625,5936.193359375,1409.8370361328125,623.5584106445312,692.4727783203125,3493.175048828125
2016-10-14,2506.3017578125,1347.1683349609375,1677.42578125,1841.346435546875,2532.7138671875,2116.826416015625,4955.28662109375,9427.1318359375,6147.01123046875,7791.86474609375,6021.484375,1409.8370361328125,619.802001953125,698.4423828125,3532.42529296875
2016-10-17,2522.164306640625,1338.9034423828125,1681.1204833984375,1849.7547607421875,2550.761962890625,2066.625,4895.7646484375,9721.7275390625,6109.4453125,7632.845703125,5885.01904296875,1418.0101318359375,627.3148803710938,741.7220458984375,3663.255126953125
2016-10-18,2545.958984375,1344.413330078125,1684.8154296875,1816.12255859375,2544.745849609375,2024.7904052734375,5044.572265625,9721.7275390625,6075.29541015625,7573.21435546875,5902.07763671875,1418.0101318359375,623.5584106445312,728.2903442382812,3532.42529296875
2016-10-19,2534.0615234375,1338.9034423828125,1681.1204833984375,1816.12255859375,2526.697998046875,1974.5888671875,4985.04931640625,9869.029296875,6054.80517578125,7513.5830078125,5833.84619140625,1413.9234619140625,619.802001953125,747.6914672851562,3676.337890625
2016-10-20,2498.3701171875,1336.148681640625,1670.0364990234375,1832.9385986328125,2526.697998046875,2083.359130859375,4985.04931640625,9844.4794921875,6051.3896484375,7533.45947265625,5867.9619140625,1413.9234619140625,608.532958984375,746.1991577148438,3552.049072265625
2016-10-21,2506.3017578125,1347.1683349609375,1658.951904296875,1824.5302734375,2532.7138671875,2091.7255859375,4985.04931640625,9918.1279296875,6030.90087890625,7612.96923828125,5953.25244140625,1405.750732421875,616.0457153320312,716.351318359375,3453.926025390625
2016-10-24,2486.4736328125,1344.413330078125,1655.257568359375,1832.9385986328125,2538.729736328125,2074.991943359375,4940.40771484375,9979.5009765625,6065.05029296875,7553.33837890625,5953.25244140625,1413.9234619140625,631.0711669921875,726.7979736328125,3421.218017578125
2016-10-25,2458.7138671875,1338.9034423828125,1651.5625,1841.346435546875,2526.697998046875,2024.7904052734375,4866.00341796875,10188.1767578125,6068.46435546875,7632.845703125,5816.7880859375,1405.750732421875,627.3148803710938,732.7676391601562,3591.299072265625
2016-10-26,2458.7138671875,1330.638671875,1636.7835693359375,1832.9385986328125,2520.682373046875,1949.4881591796875,4880.88427734375,10384.5751953125,6078.70947265625,7573.21435546875,5816.7880859375,1430.2694091796875,631.0711669921875,756.6459350585938,3767.919677734375
2016-10-27,2462.6796875,1344.413330078125,1673.73095703125,1858.162353515625,2550.761962890625,1957.855224609375,4910.6455078125,10580.9736328125,6068.46435546875,7612.96923828125,5885.01904296875,1426.1829833984375,657.3657836914062,746.1991577148438,3846.417724609375
2016-10-28,2474.576904296875,1344.413330078125,1681.1204833984375,1858.162353515625,2544.745849609375,1916.0203857421875,4866.00341796875,10360.025390625,6082.125,7573.21435546875,5816.7880859375,1413.9234619140625,649.8530883789062,717.8436279296875,3794.085693359375
2016-10-31,2462.6796875,1344.413330078125,1695.899658203125,1874.9781494140625,2538.729736328125,1840.7186279296875,4895.7646484375,10617.7978515625,6075.29541015625,7473.82861328125,5799.73046875,1422.0965576171875,672.3912353515625,710.3815307617188,3748.294921875
2016-11-01,2450.7822265625,1347.1683349609375,1688.51025390625,1858.162353515625,2526.697998046875,1832.351806640625,4955.28662109375,10936.947265625,6071.87890625,7314.81103515625,5799.73046875,1418.0101318359375,676.1477661132812,756.6459350585938,3892.20947265625
2016-11-02,2454.748046875,1366.452880859375,1699.5947265625,1858.162353515625,2526.697998046875,1807.2509765625,4955.28662109375,10936.947265625,6068.46435546875,7275.05712890625,5765.61376953125,1405.750732421875,676.1477661132812,756.6459350585938,3990.3310546875
2016-11-03,2446.8173828125,1358.1881103515625,1647.8677978515625,1841.346435546875,2496.618408203125,1899.2872314453125,4836.24072265625,10728.271484375,6034.31494140625,6996.775390625,5595.033203125,1409.8370361328125,668.6349487304688,704.412109375,3872.583984375
2016-11-04,2458.7138671875,1366.452880859375,1640.4781494140625,1883.38623046875,2496.618408203125,1907.65380859375,4836.24072265625,10728.271484375,6006.9951171875,7235.30224609375,5577.97607421875,1409.8370361328125,683.6604614257812,744.7067260742188,4029.5810546875
2016-11-07,2442.850830078125,1371.9627685546875,1681.1204833984375,1874.9781494140625,2496.618408203125,1899.2872314453125,4895.7646484375,10936.947265625,6010.40869140625,7374.443359375,5560.91748046875,1381.2318115234375,683.6604614257812,779.031982421875,4343.57373046875
2016-11-08,2458.7138671875,1418.796875,1710.6788330078125,1925.4261474609375,2574.82568359375,2100.092529296875,4985.04931640625,11268.3671875,6061.63525390625,7612.96923828125,5714.43896484375,1397.5777587890625,683.6604614257812,768.5851440429688,4433.40234375
2016-11-09,2426.988525390625,1388.4923095703125,1677.42578125,1874.9781494140625,2478.570556640625,2091.7255859375,4910.6455078125,11157.8935546875,6061.63525390625,7513.5830078125,5595.033203125,1397.5777587890625,668.6349487304688,768.5851440429688,4278.9052734375
2016-11-10,2415.091796875,1399.51220703125,1688.51025390625,1874.9781494140625,2520.682373046875,2158.660888671875,4940.40771484375,11427.943359375,5969.43115234375,7493.70654296875,5663.265625,1364.8858642578125,672.3912353515625,799.9255981445312,4567.74853515625
2016-11-11,2327.84716796875,1319.618896484375,1603.5303955078125,1732.0428466796875,2382.315185546875,2008.0565185546875,4583.26904296875,11219.267578125,5600.60888671875,6976.89892578125,5236.81494140625,1254.550537109375,676.1477661132812,811.8648071289062,4836.43896484375
2016-11-14,2280.2587890625,1225.95068359375,1525.940185546875,1723.6346435546875,2280.044189453125,1907.65380859375,4538.626953125,10703.7216796875,5600.60888671875,6798.00341796875,5185.64111328125,1221.8587646484375,664.8785400390625,765.6004638671875,4775.9833984375
2016-11-15,2308.01904296875,1214.9312744140625,1559.1934814453125,1681.5948486328125,2310.12353515625,1857.452392578125,4538.626953125,10163.626953125,5597.19384765625,6877.5126953125,5185.64111328125,1205.5128173828125,664.8785400390625,685.0109252929688,4299.056640625
2016-11-16,2335.778076171875,1267.2750244140625,1599.83544921875,1757.2669677734375,2406.379150390625,1882.5531005859375,4657.67333984375,11243.818359375,5614.26904296875,7016.65380859375,5253.873046875,1205.5128173828125,661.1221923828125,747.6914672851562,4325.92626953125
2016-11-17,2339.744140625,1267.2750244140625,1610.920166015625,1757.2669677734375,2406.379150390625,1991.3228759765625,4672.55322265625,10752.8232421875,5532.30859375,7235.30224609375,5339.1630859375,1209.59912109375,676.1477661132812,711.8740844726562,4124.40771484375
2016-11-18,2335.778076171875,1267.2750244140625,1614.6148681640625,1757.2669677734375,2388.331298828125,1957.855224609375,4672.55322265625,10458.2236328125,5498.15869140625,7235.30224609375,5305.04638671875,1197.3399658203125,676.1477661132812,664.1173095703125,3956.47607421875
2016-11-21,2335.778076171875,1261.7650146484375,1581.362060546875,1748.8587646484375,2364.267333984375,1882.5531005859375,4702.314453125,10200.4521484375,5464.0107421875,6976.89892578125,5322.10498046875,1193.25341796875,668.6349487304688,664.1173095703125,3949.759033203125
2016-11-22,2323.881591796875,1264.52001953125,1614.6148681640625,1765.674560546875,2376.29931640625,1907.65380859375,4613.03076171875,10519.6025390625,5436.689453125,6937.14453125,5253.873046875,1193.25341796875,683.6604614257812,689.488037109375,4184.86328125
2016-11-23,2331.812744140625,1267.2750244140625,1610.920166015625,1723.6346435546875,2370.283447265625,1882.5531005859375,4627.91162109375,10752.8232421875,5525.47900390625,6976.89892578125,5253.873046875,1225.9453125,732.4933471679688,710.3815307617188,4352.79541015625
2016-11-24,2308.01904296875,1245.2354736328125,1492.6875,1681.5948486328125,2292.075927734375,1807.2509765625,4479.103515625,10544.1474609375,5477.66943359375,6798.00341796875,5083.29248046875,1180.9937744140625,728.7369995117188,682.0260620117188,4352.79541015625
2016-11-25,2304.052978515625,1203.9110107421875,1500.0771484375,1690.0028076171875,2304.108154296875,1790.51708984375,4538.626953125,10752.8232421875,5491.3291015625,6579.35498046875,5066.23388671875,1152.388671875,724.9805908203125,704.412109375,4419.96826171875
2016-11-28,2280.2587890625,1154.322265625,1500.0771484375,1706.81884765625,2310.12353515625,1706.8480224609375,4657.67333984375,10556.4228515625,5477.66943359375,6638.9853515625,4998.00244140625,1144.215576171875,740.0060424804688,689.488037109375,4245.318359375
2016-11-29,2276.293212890625,1162.5867919921875,1525.940185546875,1715.2269287109375,2310.12353515625,1765.41650390625,4583.26904296875,10691.447265625,5549.384765625,6698.61767578125,5134.466796875,1193.25341796875,732.4933471679688,689.488037109375,4245.318359375
2016-11-30,2268.361572265625,1201.1561279296875,1551.8038330078125,1740.4508056640625,2274.0283203125,1924.3876953125,4493.98486328125,10310.9267578125,5535.72412109375,6877.5126953125,5168.58251953125,1225.9453125,728.7369995117188,704.412109375,4299.056640625
2016-12-01,2311.40185546875,1217.6859130859375,1551.8038330078125,1774.0826416015625,2322.156005859375,1857.452392578125,4583.26904296875,10924.6669921875,5726.9638671875,6857.6357421875,5253.873046875,1299.501953125,717.4678955078125,723.813232421875,4372.947265625
2016-12-02,2339.29833984375,1245.2354736328125,1581.362060546875,1782.4903564453125,2352.23583984375,1890.9200439453125,4672.55322265625,11280.6455078125,5791.8486328125,6957.021484375,5083.29248046875,1258.6373291015625,724.9805908203125,734.2600708007812,4561.03125
2016-12-05,2335.312744140625,1225.95068359375,1573.97265625,1790.898681640625,2382.315185546875,1899.2872314453125,4687.43359375,11538.4150390625,5767.94482421875,7056.408203125,5134.466796875,1246.377685546875,724.9805908203125,804.4027099609375,4628.20458984375
2016-12-06,2339.29833984375,1247.990478515625,1573.97265625,1807.7144775390625,2352.23583984375,1907.65380859375,4672.55322265625,11415.6669921875,5761.052734375,6917.267578125,5117.408203125,1283.1563720703125,721.2241821289062,779.031982421875,4500.5751953125
2016-12-07,2335.312744140625,1259.010009765625,1581.362060546875,1799.306640625,2316.139892578125,1907.65380859375,4627.91162109375,11305.193359375,5695.58740234375,6897.3896484375,5373.27880859375,1283.1563720703125,721.2241821289062,762.615478515625,4366.2294921875
2016-12-08,2343.283203125,1267.2750244140625,1618.3095703125,1824.5302734375,2370.283447265625,1991.3228759765625,4642.7919921875,11096.5205078125,5712.81494140625,7036.53076171875,5526.80126953125,1295.41552734375,713.71142578125,752.1688842773438,4473.70654296875
2016-12-09,2343.283203125,1264.52001953125,1622.0045166015625,1841.346435546875,2382.315185546875,1991.3228759765625,4657.67333984375,11194.716796875,5712.81494140625,7036.53076171875,5492.68505859375,1287.2425537109375,709.955078125,758.1383056640625,4446.83642578125
2016-12-13,2343.283203125,1292.0693359375,1599.83544921875,1841.346435546875,2388.331298828125,1991.3228759765625,4672.55322265625,11035.1455078125,5612.8916015625,7116.03955078125,5543.859375,1262.7237548828125,676.1477661132812,753.6611328125,4594.61767578125
2016-12-14,2351.253662109375,1267.2750244140625,1607.2252197265625,1841.346435546875,2358.25146484375,1957.855224609375,4627.91162109375,10961.4951171875,5519.8603515625,7096.1611328125,5441.51123046875,1254.550537109375,661.1221923828125,752.1688842773438,4742.3974609375
2016-12-15,2355.23876953125,1256.2550048828125,1596.1409912109375,1816.12255859375,2363.921875,1899.2872314453125,4613.03076171875,11071.970703125,5533.64306640625,6917.267578125,5441.51123046875,1250.4642333984375,672.3912353515625,758.1383056640625,4702.09375
2016-12-16,2359.2236328125,1242.4803466796875,1588.7510986328125,1799.306640625,2309.50927734375,1932.7545166015625,4508.865234375,10789.6474609375,5509.5234375,6857.6357421875,5287.98974609375,1250.4642333984375,664.8785400390625,746.1991577148438,4628.20458984375
2016-12-19,2347.268310546875,1239.725341796875,1599.83544921875,1824.5302734375,2297.417236328125,1949.4881591796875,4538.626953125,10360.025390625,5492.29638671875,6619.10888671875,5253.873046875,1193.25341796875,653.6094970703125,734.2600708007812,4608.0517578125
2016-12-20,2355.23876953125,1236.970458984375,1596.1409912109375,1816.12255859375,2255.0966796875,1966.2222900390625,4493.98486328125,10163.626953125,5464.7314453125,6499.8447265625,5202.69921875,1197.3399658203125,649.8530883789062,722.32080078125,4453.55419921875
2016-12-21,2339.29833984375,1212.1759033203125,1588.7510986328125,1799.306640625,2285.32568359375,1857.452392578125,4583.26904296875,9893.5771484375,5306.23388671875,6301.07373046875,5032.1181640625,1189.1668701171875,664.8785400390625,726.7979736328125,4487.140625
2016-12-22,2319.372314453125,1198.4012451171875,1588.7510986328125,1782.4903564453125,2267.188720703125,1874.18603515625,4479.103515625,9586.705078125,5233.87548828125,6181.810546875,4946.828125,1168.734619140625,646.0966796875,726.7979736328125,4319.2099609375
2016-12-23,2303.431396484375,1198.4012451171875,1592.4464111328125,1765.674560546875,2230.91357421875,1882.5531005859375,4360.05810546875,9660.3564453125,5220.09326171875,6002.91552734375,4963.88623046875,1176.9075927734375,642.3402709960938,704.412109375,4325.92626953125
2016-12-27,2359.2236328125,1212.1759033203125,1596.1409912109375,1765.674560546875,2255.0966796875,1882.5531005859375,4538.626953125,9844.4794921875,5264.8857421875,6320.951171875,5219.7568359375,1197.3399658203125,638.5838623046875,722.32080078125,4299.056640625
2016-12-28,2347.268310546875,1253.5001220703125,1647.8677978515625,1807.7144775390625,2315.555419921875,1916.0203857421875,4657.67333984375,10200.4521484375,5416.49267578125,6619.10888671875,5202.69921875,1254.550537109375,668.6349487304688,725.3056640625,4346.07763671875
2016-12-29,2446.897705078125,1283.8045654296875,1710.6788330078125,1841.346435546875,2382.05908203125,1966.2222900390625,4836.24072265625,10286.3740234375,5512.9697265625,6857.6357421875,5356.22119140625,1270.8966064453125,672.3912353515625,746.1991577148438,4433.40234375
2016-12-30,2470.80908203125,1286.559814453125,1710.6788330078125,1858.162353515625,2406.24267578125,1932.7545166015625,4925.52685546875,10433.6728515625,5347.58056640625,6817.88134765625,5407.39501953125,1238.204833984375,672.3912353515625,746.1991577148438,4534.162109375
2017-01-02,2470.80908203125,1286.559814453125,1710.6788330078125,1858.162353515625,2406.24267578125,1932.7545166015625,4925.52685546875,10433.6728515625,5347.58056640625,6817.88134765625,5407.39501953125,1238.204833984375,672.3912353515625,746.1991577148438,4534.162109375
2017-01-03,2514.6455078125,1311.3538818359375,1670.0364990234375,1841.346435546875,2388.10498046875,1907.65380859375,4880.88427734375,10310.9267578125,5351.0263671875,6837.7587890625,5270.93115234375,1234.1182861328125,664.8785400390625,762.615478515625,4648.35498046875
2017-01-04,2502.690673828125,1344.413330078125,1677.42578125,1883.38623046875,2388.10498046875,1941.12158203125,4761.83740234375,10507.322265625,5540.5341796875,6837.7587890625,5322.10498046875,1258.6373291015625,649.8530883789062,738.7371826171875,4567.74853515625
2017-01-05,2498.705078125,1333.3935546875,1662.6468505859375,1891.794189453125,2388.10498046875,2141.92724609375,4836.24072265625,10789.6474609375,5588.77294921875,6817.88134765625,5458.5693359375,1279.0694580078125,653.6094970703125,719.3360595703125,4413.25146484375
2017-01-06,2486.749267578125,1333.3935546875,1681.1204833984375,1883.38623046875,2418.33447265625,2217.229248046875,4866.00341796875,10654.6240234375,5595.66455078125,6778.1259765625,5475.6279296875,1279.0694580078125,649.8530883789062,732.7676391601562,4460.271484375
2017-01-09,2446.897705078125,1294.8243408203125,1666.34130859375,1866.5704345703125,2430.426025390625,2208.8623046875,4851.1220703125,10752.8232421875,5533.64306640625,6996.775390625,5339.1630859375,1258.6373291015625,642.3402709960938,717.8436279296875,4359.5126953125
2017-01-10,2454.867919921875,1300.334228515625,1684.8154296875,1883.38623046875,2418.33447265625,2233.963134765625,4880.88427734375,10777.37109375,5526.751953125,6976.89892578125,5441.51123046875,1266.81005859375,649.8530883789062,719.3360595703125,4238.60107421875
2017-01-11,2438.927490234375,1300.334228515625,1681.1204833984375,1883.38623046875,2394.15087890625,2250.69677734375,4776.71826171875,10703.7216796875,5509.5234375,6817.88134765625,5424.45361328125,1262.7237548828125,657.3657836914062,722.32080078125,4178.14697265625
2017-01-12,2442.91259765625,1308.5992431640625,1670.0364990234375,1866.5704345703125,2394.15087890625,2317.63232421875,4717.19580078125,10421.3994140625,5506.07861328125,6798.00341796875,5373.27880859375,1250.4642333984375,649.8530883789062,728.2903442382812,4258.75341796875
2017-01-13,2434.942138671875,1316.864013671875,1640.4781494140625,1841.346435546875,2388.10498046875,2317.63232421875,4761.83740234375,10765.0947265625,5457.83984375,6778.1259765625,5373.27880859375,1238.204833984375,691.1732177734375,732.7676391601562,4278.9052734375
2017-01-16,2419.00146484375,1311.3538818359375,1614.6148681640625,1841.346435546875,2388.10498046875,2325.998779296875,4746.95703125,10580.9736328125,5461.28564453125,6718.4951171875,5322.10498046875,1230.0318603515625,679.904052734375,728.2903442382812,4245.318359375
2017-01-17,2419.00146484375,1314.10888671875,1614.6148681640625,1858.162353515625,2400.197021484375,2317.63232421875,4791.599609375,10507.322265625,5461.28564453125,6698.61767578125,5322.10498046875,1217.772216796875,672.3912353515625,720.8284301757812,4218.44970703125
2017-01-18,2438.927490234375,1316.864013671875,1633.0887451171875,1874.9781494140625,2394.15087890625,2275.7978515625,4836.24072265625,10654.6240234375,5637.01123046875,6817.88134765625,5424.45361328125,1246.377685546875,672.3912353515625,719.3360595703125,4238.60107421875
2017-01-19,2450.8828125,1322.3739013671875,1633.0887451171875,1832.9385986328125,2400.197021484375,2217.229248046875,4851.1220703125,10691.447265625,5568.09912109375,6837.7587890625,5475.6279296875,1225.9453125,676.1477661132812,717.8436279296875,4198.29736328125
2017-01-20,2430.957763671875,1300.334228515625,1625.698974609375,1832.9385986328125,2315.555419921875,2225.595947265625,4761.83740234375,10801.921875,5581.88232421875,6758.2490234375,5492.68505859375,1225.9453125,664.8785400390625,704.412109375,4057.235107421875
2017-01-23,2399.076171875,1300.334228515625,1622.0045166015625,1858.162353515625,2321.6005859375,2200.49560546875,4776.71826171875,10789.6474609375,5678.3583984375,6718.4951171875,5526.80126953125,1201.42626953125,649.8530883789062,698.4423828125,4063.95263671875
2017-01-24,2399.076171875,1303.0889892578125,1625.698974609375,1866.5704345703125,2363.921875,2242.330078125,4791.599609375,11194.716796875,5788.61865234375,6738.37255859375,5458.5693359375,1221.8587646484375,604.7764892578125,674.5640258789062,3976.627685546875
2017-01-25,2383.135009765625,1289.314453125,1625.698974609375,1849.7547607421875,2357.8759765625,2367.83349609375,4821.36083984375,11108.7939453125,5774.83642578125,6837.7587890625,5458.5693359375,1221.8587646484375,604.7764892578125,655.1629028320312,3902.737060546875
2017-01-26,2438.927490234375,1294.8243408203125,1610.920166015625,1883.38623046875,2382.05908203125,2434.76904296875,4806.47998046875,11243.818359375,5761.052734375,6798.00341796875,5458.5693359375,1234.1182861328125,608.532958984375,644.7161254882812,3848.999267578125
2017-01-27,2454.867919921875,1292.0693359375,1622.0045166015625,1933.83447265625,2351.830322265625,2401.301025390625,4821.36083984375,11096.5205078125,5747.27099609375,6798.00341796875,5458.5693359375,1209.59912109375,604.7764892578125,646.2084350585938,3902.737060546875
2017-01-30,2462.838623046875,1294.8243408203125,1629.3941650390625,1925.4261474609375,2333.692626953125,2418.03515625,4702.314453125,10986.0439453125,5695.58740234375,6738.37255859375,5322.10498046875,1197.3399658203125,601.0202026367188,676.0564575195312,4030.36572265625
2017-01-31,2438.927490234375,1292.0693359375,1610.920166015625,1917.01806640625,2339.73876953125,2434.76904296875,4732.076171875,10728.271484375,5678.3583984375,6678.74072265625,5407.39501953125,1185.0804443359375,601.0202026367188,692.4727783203125,4030.36572265625
2017-02-01,2458.853515625,1316.864013671875,1622.0045166015625,2001.09765625,2382.05908203125,2384.5673828125,4791.599609375,10949.220703125,5688.6953125,6698.61767578125,5407.39501953125,1213.685791015625,608.532958984375,698.4423828125,4077.38671875
2017-02-02,2462.838623046875,1319.618896484375,1625.698974609375,2026.3218994140625,2388.10498046875,2434.76904296875,4821.36083984375,11096.5205078125,5726.59716796875,6718.4951171875,5407.39501953125,1205.5128173828125,631.0711669921875,692.4727783203125,4151.27685546875
2017-02-03,2466.823486328125,1322.3739013671875,1636.7835693359375,2009.505859375,2388.10498046875,2426.4013671875,4821.36083984375,11292.9169921875,5788.61865234375,6718.4951171875,5373.27880859375,1201.42626953125,623.5584106445312,701.4273071289062,4245.318359375
2017-02-06,2486.749267578125,1327.884033203125,1681.1204833984375,2026.3218994140625,2394.15087890625,2443.135498046875,4836.24072265625,11329.7431640625,5747.27099609375,6817.88134765625,5424.45361328125,1209.59912109375,612.289306640625,668.5944213867188,4245.318359375
2017-02-07,2490.73486328125,1325.128662109375,1684.8154296875,2051.545654296875,2369.9677734375,2426.4013671875,4836.24072265625,11342.017578125,5750.71728515625,6738.37255859375,5407.39501953125,1201.42626953125,604.7764892578125,656.6553344726562,4191.58056640625
2017-02-08,2486.749267578125,1316.864013671875,1658.951904296875,2059.95361328125,2339.73876953125,2568.639404296875,4791.599609375,11292.9169921875,5750.71728515625,6758.2490234375,5424.45361328125,1205.5128173828125,604.7764892578125,680.5335693359375,4164.7119140625
2017-02-09,2490.73486328125,1319.618896484375,1695.899658203125,2085.177490234375,2339.73876953125,2577.00634765625,4806.47998046875,11170.169921875,5764.49853515625,6758.2490234375,5424.45361328125,1209.59912109375,601.0202026367188,661.1324462890625,4205.015625
2017-02-10,2391.10498046875,1325.128662109375,1684.8154296875,2101.993896484375,2351.830322265625,2568.639404296875,4791.599609375,11292.9169921875,5871.31201171875,6798.00341796875,5458.5693359375,1213.685791015625,608.532958984375,656.6553344726562,4137.8427734375
2017-02-13,2474.7939453125,1330.638671875,1692.2052001953125,2118.8095703125,2369.9677734375,2543.538330078125,4821.36083984375,11452.4921875,5847.193359375,6758.2490234375,5458.5693359375,1221.8587646484375,608.532958984375,661.1324462890625,4037.08251953125
2017-02-14,2470.80908203125,1322.3739013671875,1688.51025390625,2118.8095703125,2333.692626953125,2618.840576171875,4806.47998046875,11305.193359375,5847.193359375,6718.4951171875,5441.51123046875,1205.5128173828125,601.0202026367188,652.1780395507812,4050.517578125
2017-02-15,2470.80908203125,1322.3739013671875,1688.51025390625,2118.8095703125,2333.692626953125,2618.840576171875,4806.47998046875,11305.193359375,5847.193359375,6718.4951171875,5441.51123046875,1205.5128173828125,601.0202026367188,652.1780395507812,4050.517578125
2017-02-16,2470.80908203125,1322.3739013671875,1655.257568359375,2085.177490234375,2339.73876953125,2635.57421875,4821.36083984375,11697.986328125,5871.31201171875,6678.74072265625,5458.5693359375,1213.685791015625,601.0202026367188,641.7313232421875,4110.9736328125
2017-02-17,2466.823486328125,1289.314453125,1636.7835693359375,2118.8095703125,2339.73876953125,2618.840576171875,4702.314453125,11722.5400390625,5871.31201171875,6658.86376953125,5458.5693359375,1201.42626953125,597.2637939453125,637.254150390625,4110.9736328125
2017-02-20,2462.838623046875,1294.8243408203125,1666.34130859375,2110.4013671875,2339.73876953125,2702.50927734375,4732.076171875,11992.587890625,5802.400390625,6658.86376953125,5543.859375,1193.25341796875,589.7510375976562,662.6248779296875,4157.9931640625
2017-02-21,2470.80908203125,1311.3538818359375,1647.8677978515625,2110.4013671875,2345.784423828125,2568.639404296875,4717.19580078125,12017.1357421875,5891.98681640625,6559.47705078125,5560.91748046875,1193.25341796875,593.50732421875,671.5792236328125,4440.12060546875
2017-02-22,2470.80908203125,1322.3739013671875,1670.0364990234375,2110.4013671875,2345.784423828125,2618.840576171875,4746.95703125,11968.0380859375,5909.21435546875,6559.47705078125,5543.859375,1221.8587646484375,589.7510375976562,668.5944213867188,4386.3818359375
2017-02-23,2470.80908203125,1314.10888671875,1647.8677978515625,2127.2177734375,2321.6005859375,2710.876953125,4791.599609375,12103.060546875,5823.07421875,6599.23095703125,5509.74365234375,1221.8587646484375,589.7510375976562,674.5640258789062,4487.140625
2017-02-24,2470.80908203125,1316.864013671875,1640.4781494140625,2135.6259765625,2321.6005859375,2610.4736328125,4836.24072265625,12520.4091796875,5823.07421875,6619.10888671875,5526.80126953125,1221.8587646484375,574.7255859375,665.6096801757812,4628.20458984375
2017-02-27,2470.80908203125,1308.5992431640625,1651.5625,2076.769775390625,2339.73876953125,2518.43798828125,4776.71826171875,12238.0869140625,5823.07421875,6638.9853515625,5441.51123046875,1254.550537109375,555.943603515625,658.1476440429688,4514.009765625
2017-02-28,2462.838623046875,1316.864013671875,1670.0364990234375,2101.993896484375,2327.64697265625,2501.7041015625,4880.88427734375,12103.060546875,5812.7373046875,6619.10888671875,5543.859375,1250.4642333984375,559.7000122070312,667.10205078125,4728.96337890625
2017-03-01,2470.80908203125,1316.864013671875,1677.42578125,2093.585693359375,2327.64697265625,2459.869384765625,4955.28662109375,11734.8125,5812.7373046875,6579.35498046875,5458.5693359375,1221.8587646484375,563.4564819335938,664.1173095703125,4702.09375
2017-03-02,2470.80908203125,1305.843994140625,1673.73095703125,2093.585693359375,2315.555419921875,2434.76904296875,5044.572265625,12311.732421875,5802.400390625,6559.47705078125,5475.6279296875,1205.5128173828125,578.48193359375,668.5944213867188,4823.00439453125
2017-03-03,2466.823486328125,1305.843994140625,1677.42578125,2135.6259765625,2327.64697265625,2418.03515625,4999.93017578125,12324.009765625,5785.17236328125,6539.60009765625,5492.68505859375,1213.685791015625,567.2127075195312,655.1629028320312,4708.81103515625
2017-03-06,2466.823486328125,1316.864013671875,1670.0364990234375,2118.8095703125,2369.9677734375,2426.4013671875,5089.21484375,12864.10546875,5840.302734375,6599.23095703125,5509.74365234375,1246.377685546875,570.9691162109375,641.7313232421875,4587.8994140625
2017-03-07,2462.838623046875,1322.3739013671875,1673.73095703125,2118.8095703125,2388.10498046875,2401.301025390625,5059.4521484375,12765.9072265625,5854.08447265625,6539.60009765625,5475.6279296875,1221.8587646484375,563.4564819335938,653.6704711914062,4608.0517578125
2017-03-08,2470.80908203125,1322.3739013671875,1673.73095703125,2110.4013671875,2345.784423828125,2367.83349609375,4999.93017578125,12569.5078125,5847.193359375,6519.72265625,5441.51123046875,1225.9453125,548.4309692382812,644.7161254882812,4601.33349609375
2017-03-09,2490.73486328125,1330.638671875,1681.1204833984375,2152.44140625,2394.15087890625,2476.603515625,4910.6455078125,12716.8076171875,5847.193359375,6479.96875,5458.5693359375,1193.25341796875,552.187255859375,647.7008056640625,4668.5068359375
2017-03-10,2490.73486328125,1330.638671875,1684.8154296875,2118.8095703125,2388.10498046875,2493.3369140625,4851.1220703125,12643.1572265625,5829.9658203125,6479.96875,5407.39501953125,1201.42626953125,548.4309692382812,619.3453369140625,4379.66357421875
2017-03-13,2478.779052734375,1330.638671875,1684.8154296875,2135.6259765625,2388.10498046875,2510.07080078125,4910.6455078125,12471.3076171875,5843.74658203125,6619.10888671875,5424.45361328125,1213.685791015625,544.6744384765625,620.8377075195312,4379.66357421875
2017-03-14,2498.705078125,1327.884033203125,1688.51025390625,2144.03369140625,2448.5634765625,2551.90576171875,4880.88427734375,12741.3544921875,5816.18408203125,6658.86376953125,5407.39501953125,1209.59912109375,529.6489868164062,644.7161254882812,4514.009765625
2017-03-15,2494.719482421875,1338.9034423828125,1692.2052001953125,2152.44140625,2442.517578125,2518.43798828125,4866.00341796875,12446.7568359375,5812.7373046875,6738.37255859375,5441.51123046875,1205.5128173828125,522.1362915039062,653.6704711914062,4567.74853515625
2017-03-16,2530.58642578125,1380.227294921875,1710.6788330078125,2219.70556640625,2502.976318359375,2660.675048828125,5104.09423828125,12618.6103515625,6009.13671875,7016.65380859375,5663.265625,1221.8587646484375,537.1617431640625,680.5335693359375,4708.81103515625
2017-03-17,2542.542236328125,1432.5716552734375,1718.068359375,2253.3369140625,2484.838623046875,2719.243408203125,5044.572265625,13256.90234375,6064.26611328125,6917.267578125,5680.322265625,1234.1182861328125,570.9691162109375,682.0260620117188,4769.26611328125
2017-03-20,2562.467529296875,1432.5716552734375,1740.2369384765625,2219.70556640625,2478.792724609375,2677.408935546875,5059.4521484375,12802.7314453125,6053.9306640625,6937.14453125,5577.97607421875,1242.291259765625,570.9691162109375,676.0564575195312,4849.8740234375
2017-03-21,2590.3642578125,1432.5716552734375,1743.931396484375,2211.297119140625,2472.746826171875,2719.243408203125,5044.572265625,13379.65234375,6053.9306640625,6937.14453125,5543.859375,1242.291259765625,563.4564819335938,685.0109252929688,5044.6748046875
2017-03-22,2602.31982421875,1454.6109619140625,1780.4119873046875,2219.70556640625,2460.6552734375,2660.675048828125,4999.93017578125,13649.7021484375,5905.7685546875,6996.775390625,5526.80126953125,1217.772216796875,555.943603515625,690.9804077148438,5011.08837890625
2017-03-23,2646.156494140625,1497.7327880859375,1799.312744140625,2320.601318359375,2472.746826171875,2744.34423828125,5029.69091796875,13551.501953125,5857.53076171875,6976.89892578125,5509.74365234375,1217.772216796875,559.7000122070312,693.9652709960938,5158.8701171875
2017-03-24,2638.186279296875,1497.7327880859375,1799.312744140625,2359.747314453125,2466.700927734375,2735.977294921875,5074.33447265625,13637.4267578125,5947.1162109375,6837.7587890625,5492.68505859375,1230.0318603515625,548.4309692382812,705.9044189453125,5340.23486328125
2017-03-27,2638.186279296875,1455.0218505859375,1769.072021484375,2264.316650390625,2466.700927734375,2752.711181640625,5074.33447265625,13330.5537109375,5974.68017578125,6698.61767578125,5424.45361328125,1242.291259765625,540.918212890625,701.4273071289062,5299.93212890625
2017-03-29,2662.09716796875,1460.7166748046875,1780.4119873046875,2290.34326171875,2509.021728515625,2660.675048828125,5193.3798828125,13674.25,6016.029296875,6658.86376953125,5458.5693359375,1258.6373291015625,559.7000122070312,731.275390625,5387.255859375
2017-03-30,2682.0234375,1474.95361328125,1780.4119873046875,2212.263427734375,2502.976318359375,2694.14306640625,5163.6181640625,13674.25,6022.92041015625,6559.47705078125,5458.5693359375,1266.81005859375,544.6744384765625,771.5700073242188,5353.66845703125
2017-03-31,2638.186279296875,1477.8009033203125,1769.072021484375,2246.965576171875,2496.93017578125,2560.272216796875,5133.85595703125,13011.404296875,5971.23583984375,6479.96875,5458.5693359375,1258.6373291015625,548.4309692382812,787.9862670898438,5427.55908203125
2017-04-03,2642.171630859375,1483.4959716796875,1776.63232421875,2238.289794921875,2521.11376953125,2535.171875,5223.14111328125,13661.9765625,6047.0390625,6698.61767578125,5458.5693359375,1270.8966064453125,537.1617431640625,787.9862670898438,5427.55908203125
2017-04-04,2670.067626953125,1483.4959716796875,1776.63232421875,2272.9921875,2569.480224609375,2585.373046875,5223.14111328125,14312.5458984375,6102.16796875,6678.74072265625,5509.74365234375,1307.675048828125,540.918212890625,826.7886352539062,5964.9423828125
2017-04-05,2670.067626953125,1483.4959716796875,1776.63232421875,2281.667236328125,2569.480224609375,2585.373046875,5223.14111328125,14312.5458984375,6102.16796875,6678.74072265625,5441.51123046875,1307.675048828125,533.4053344726562,826.7886352539062,5790.29345703125
2017-04-06,2761.72607421875,1500.580322265625,1878.6942138671875,2325.045166015625,2521.11376953125,2543.538330078125,5208.2607421875,14238.8974609375,6202.09130859375,6539.60009765625,5458.5693359375,1315.847900390625,537.1617431640625,767.0928955078125,5802.45361328125
2017-04-07,2765.711669921875,1486.34326171875,1844.673828125,2246.965576171875,2496.93017578125,2459.869384765625,5104.09423828125,14091.599609375,6215.8740234375,6499.8447265625,5441.51123046875,1279.0694580078125,537.1617431640625,782.0167236328125,5802.45361328125
2017-04-10,2765.711669921875,1492.0382080078125,1821.9931640625,2238.289794921875,2478.792724609375,2451.502685546875,5118.97607421875,14042.49609375,6243.43798828125,6499.8447265625,5441.51123046875,1266.81005859375,529.6489868164062,777.5394897460938,5703.14501953125
2017-04-11,2781.65234375,1469.2587890625,1776.63232421875,2212.263427734375,2509.021728515625,2459.869384765625,5104.09423828125,14238.8974609375,6188.30859375,6460.09130859375,5441.51123046875,1266.81005859375,525.8926391601562,774.5547485351562,5660.58544921875
2017-04-12,2813.533203125,1455.0218505859375,1769.072021484375,2212.263427734375,2509.021728515625,2543.538330078125,5104.09423828125,14238.8974609375,6267.55810546875,6440.2138671875,5441.51123046875,1303.588623046875,544.6744384765625,714.8588256835938,5632.21142578125
2017-04-13,2765.711669921875,1446.4796142578125,1761.5118408203125,2177.56103515625,2472.746826171875,2535.171875,5059.4521484375,13821.5537109375,6246.8837890625,6460.09130859375,5441.51123046875,1291.3289794921875,552.187255859375,746.1991577148438,5618.0234375
2017-04-17,2718.331787109375,1415.1583251953125,1757.73193359375,2168.885498046875,2424.38037109375,2459.869384765625,4985.04931640625,13367.376953125,6243.43798828125,6479.96875,5441.51123046875,1258.6373291015625,540.918212890625,765.6004638671875,5561.275390625
2017-04-18,2718.331787109375,1466.411376953125,1776.63232421875,2203.587646484375,2460.6552734375,2510.07080078125,4985.04931640625,13674.25,6243.43798828125,6519.72265625,5424.45361328125,1266.81005859375,533.4053344726562,752.1688842773438,5696.0517578125
2017-04-19,2718.331787109375,1466.411376953125,1776.63232421875,2203.587646484375,2460.6552734375,2510.07080078125,4985.04931640625,13674.25,6243.43798828125,6519.72265625,5424.45361328125,1266.81005859375,533.4053344726562,752.1688842773438,5696.0517578125
2017-04-20,2782.575439453125,1452.1744384765625,1742.611572265625,2168.885498046875,2484.838623046875,2510.07080078125,5104.09423828125,13453.302734375,6243.43798828125,6499.8447265625,5424.45361328125,1283.1563720703125,525.8926391601562,752.1688842773438,5589.6494140625
2017-04-21,2806.667236328125,1472.1063232421875,1723.7113037109375,2134.183349609375,2672.260009765625,2510.07080078125,5446.35205078125,13220.076171875,6274.4482421875,6678.74072265625,5475.6279296875,1291.3289794921875,525.8926391601562,743.2144775390625,5334.2841796875
2017-04-25,2794.62158203125,1494.8853759765625,1746.391845703125,2151.534423828125,2672.260009765625,2669.041748046875,5371.9482421875,13060.50390625,6243.43798828125,6758.2490234375,5526.80126953125,1307.675048828125,525.8926391601562,756.6459350585938,5419.40625
2017-04-26,2890.988037109375,1506.275146484375,1787.972412109375,2220.93896484375,2660.167724609375,2702.50927734375,5371.9482421875,13904.2265625,6312.35009765625,6778.1259765625,5543.859375,1311.761474609375,525.8926391601562,756.6459350585938,5532.9013671875
2017-04-27,2814.69775390625,1480.6484375,1772.8521728515625,2212.263427734375,2642.030517578125,2685.77587890625,5357.0673828125,13580.2919921875,6305.458984375,6917.267578125,5765.61376953125,1303.588623046875,522.1362915039062,767.0928955078125,5568.36962890625
2017-04-28,2850.835205078125,1469.2587890625,1769.072021484375,2212.263427734375,2642.030517578125,2685.77587890625,5327.3056640625,13405.8662109375,6133.1796875,6976.89892578125,5714.43896484375,1295.41552734375,522.1362915039062,756.6459350585938,5426.5009765625
2017-05-02,2874.92724609375,1486.34326171875,1765.2919921875,2229.614501953125,2666.21337890625,2577.00634765625,5425.5703125,12957.341796875,6243.43798828125,6798.00341796875,5748.55517578125,1238.204833984375,514.6235961914062,754.233642578125,5284.63037109375
2017-05-03,2850.835205078125,1503.4273681640625,1750.171630859375,2220.93896484375,2695.63427734375,2577.00634765625,5335.142578125,12907.509765625,6215.8740234375,6837.7587890625,5782.67138671875,1262.7237548828125,499.5980529785156,755.760498046875,5121.48095703125
2017-05-04,2862.881103515625,1586.0025634765625,1769.072021484375,2299.018798828125,2714.267822265625,2660.675048828125,5305.0009765625,12483.8994140625,6260.666015625,6837.7587890625,5782.67138671875,1287.2425537109375,484.5725402832031,725.224609375,5242.06982421875
2017-05-05,2854.8505859375,1586.0025634765625,1810.6529541015625,2281.667236328125,2695.63427734375,2627.207275390625,5244.716796875,12483.8994140625,6267.55810546875,6857.6357421875,5782.67138671875,1266.81005859375,473.3034362792969,702.3228149414062,5220.78955078125
2017-05-08,2882.9580078125,1605.93408203125,1821.9931640625,2333.720947265625,2695.63427734375,2560.272216796875,5305.0009765625,12907.509765625,6339.916015625,6837.7587890625,5765.61376953125,1242.291259765625,480.8161315917969,711.4834594726562,5220.78955078125
2017-05-09,2890.988037109375,1594.5443115234375,1814.43310546875,2307.694580078125,2695.63427734375,2610.4736328125,5244.716796875,12708.166015625,6367.4794921875,6857.6357421875,5782.67138671875,1270.8966064453125,473.3034362792969,694.6888427734375,4944.14453125
2017-05-10,2878.942138671875,1591.6968994140625,1818.2130126953125,2281.667236328125,2714.267822265625,2635.57421875,5184.43310546875,12483.8994140625,6388.1533203125,6917.267578125,5731.498046875,1287.2425537109375,469.54705810546875,662.626220703125,4617.84521484375
2017-05-12,2890.988037109375,1597.3917236328125,1814.43310546875,2316.369873046875,2732.901123046875,2551.90576171875,5229.64599609375,12147.509765625,6450.1748046875,6837.7587890625,5782.67138671875,1254.550537109375,465.7906494140625,670.2601928710938,4525.630859375
2017-05-15,2931.140625,1628.7132568359375,1833.3331298828125,2264.316650390625,2708.056396484375,2610.4736328125,5244.716796875,12234.7236328125,6615.56298828125,6857.6357421875,5782.67138671875,1246.377685546875,458.2778625488281,664.153076171875,4298.64013671875
2017-05-16,2794.62158203125,1597.3917236328125,1810.6529541015625,2272.9921875,2695.63427734375,2518.43798828125,5184.43310546875,11873.4150390625,6588.0,6817.88134765625,5714.43896484375,1234.1182861328125,525.8926391601562,662.626220703125,4256.078125
2017-05-17,2722.346923828125,1605.93408203125,1814.43310546875,2255.640869140625,2695.63427734375,2577.00634765625,5033.72216796875,11512.1005859375,6581.1064453125,6917.267578125,5782.67138671875,1225.9453125,529.6489868164062,645.8316650390625,4213.5185546875
2017-05-18,2794.62158203125,1605.93408203125,1837.113525390625,2264.316650390625,2677.000732421875,2535.171875,5124.1494140625,11686.529296875,6556.98779296875,6917.267578125,5765.61376953125,1254.550537109375,522.1362915039062,647.3585205078125,4341.2001953125
2017-05-19,2874.92724609375,1651.492431640625,1950.515625,2325.045166015625,2813.645751953125,2560.272216796875,5274.8583984375,12035.376953125,6718.93212890625,7235.30224609375,5902.07763671875,1291.3289794921875,525.8926391601562,659.5726928710938,4468.8828125
2017-05-22,2834.774169921875,1665.7294921875,1893.8143310546875,2368.4228515625,2776.379150390625,2501.7041015625,5289.9306640625,12159.970703125,6539.7607421875,6957.021484375,5936.193359375,1283.1563720703125,522.1362915039062,656.5191650390625,4305.732421875
2017-05-23,2842.8046875,1648.6448974609375,1852.2335205078125,2281.667236328125,2732.901123046875,2510.07080078125,5244.716796875,12259.64453125,6705.14697265625,7016.65380859375,6004.42724609375,1262.7237548828125,529.6489868164062,658.0459594726562,4369.57421875
2017-05-24,2806.667236328125,1611.6290283203125,1874.9141845703125,2264.316650390625,2708.056396484375,2543.538330078125,5259.787109375,12010.4619140625,6577.66162109375,7016.65380859375,6004.42724609375,1238.204833984375,529.6489868164062,656.5191650390625,4355.38671875
2017-05-26,2822.728759765625,1620.171142578125,1837.113525390625,2246.965576171875,2776.379150390625,2476.603515625,5274.8583984375,12247.1826171875,6574.21484375,6996.775390625,5970.31005859375,1230.0318603515625,525.8926391601562,656.5191650390625,4539.81640625
2017-05-29,2854.8505859375,1617.323974609375,1867.35400390625,2264.316650390625,2726.68994140625,2577.00634765625,5244.716796875,12969.802734375,6522.53076171875,7016.65380859375,6038.54150390625,1250.4642333984375,563.4564819335938,654.992431640625,4483.06884765625
2017-05-30,2826.743896484375,1617.323974609375,1878.6942138671875,2264.316650390625,2689.423095703125,2510.07080078125,5229.64599609375,13493.080078125,6339.916015625,6897.3896484375,5987.36865234375,1246.377685546875,552.187255859375,650.4120483398438,4504.349609375
2017-05-31,2754.46875,1648.6448974609375,1905.154541015625,2272.9921875,2701.845458984375,2476.603515625,5274.8583984375,13841.9345703125,6364.03466796875,6917.267578125,5970.31005859375,1258.6373291015625,582.2383422851562,665.6798706054688,4312.8271484375
2017-06-01,2754.46875,1648.6448974609375,1905.154541015625,2272.9921875,2701.845458984375,2476.603515625,5274.8583984375,13841.9345703125,6364.03466796875,6917.267578125,5970.31005859375,1258.6373291015625,582.2383422851562,665.6798706054688,4312.8271484375
2017-06-02,2818.7138671875,1679.966552734375,1905.154541015625,2238.289794921875,2720.478759765625,2543.538330078125,5425.5703125,13231.443359375,6463.9560546875,6917.267578125,6021.484375,1266.81005859375,570.9691162109375,659.5726928710938,4405.041015625
2017-06-05,2846.820068359375,1711.2877197265625,1916.4949951171875,2246.965576171875,2695.63427734375,2685.77587890625,5425.5703125,13231.443359375,6501.85888671875,6996.775390625,6055.60009765625,1270.8966064453125,544.6744384765625,661.0995483398438,4468.8828125
2017-06-06,2818.7138671875,1671.424072265625,1890.0345458984375,2255.640869140625,2677.000732421875,2794.5458984375,5350.2138671875,13430.7861328125,6453.61962890625,6957.021484375,6055.60009765625,1270.8966064453125,540.918212890625,674.840576171875,4639.125
2017-06-07,2858.86572265625,1699.898193359375,1874.9141845703125,2246.965576171875,2683.212158203125,2853.1142578125,5365.28515625,13530.458984375,6505.30322265625,6937.14453125,6089.71630859375,1274.9830322265625,540.918212890625,694.6888427734375,4823.5556640625
2017-06-08,2878.942138671875,1668.576904296875,1863.57373046875,2238.289794921875,2670.7900390625,2744.34423828125,5320.06982421875,13555.3759765625,6553.5439453125,6738.37255859375,5867.9619140625,1283.1563720703125,537.1617431640625,684.0013427734375,4951.23779296875
2017-06-09,2842.8046875,1637.2554931640625,1848.4534912109375,2220.93896484375,2689.423095703125,2802.912353515625,5214.57470703125,13206.5224609375,6553.5439453125,6678.74072265625,5799.73046875,1266.81005859375,537.1617431640625,687.054931640625,4873.2099609375
2017-06-12,2850.835205078125,1665.7294921875,1848.4534912109375,2238.289794921875,2689.423095703125,2828.013427734375,5259.787109375,13493.080078125,6505.30322265625,6864.21630859375,5947.0908203125,1254.550537109375,529.6489868164062,674.840576171875,4851.9296875
2017-06-13,2870.912109375,1648.6448974609375,1852.2335205078125,2238.289794921875,2708.056396484375,2677.408935546875,5305.0009765625,13617.6708984375,6601.78125,6884.46435546875,5947.0908203125,1285.2303466796875,544.6744384765625,684.0013427734375,4880.30322265625
2017-06-14,2886.972412109375,1691.356201171875,1890.0345458984375,2255.640869140625,2708.056396484375,2853.1142578125,5515.99462890625,13804.5556640625,6684.4765625,7086.94873046875,5999.720703125,1297.668212890625,555.943603515625,705.3764038085938,5128.57421875
2017-06-15,2899.018310546875,1671.424072265625,1890.0345458984375,2281.667236328125,2708.056396484375,2744.34423828125,5365.28515625,13692.4248046875,6732.71435546875,7086.94873046875,5964.63427734375,1301.8138427734375,544.6744384765625,696.2156372070312,4972.51806640625
2017-06-16,2858.86572265625,1671.424072265625,1886.2542724609375,2255.640869140625,2714.267822265625,2643.94140625,5259.787109375,13206.5224609375,6588.0,7086.94873046875,5841.83251953125,1305.9595947265625,540.918212890625,696.2156372070312,4823.5556640625
2017-06-19,2878.942138671875,1685.661376953125,1886.2542724609375,2272.9921875,2732.901123046875,2702.50927734375,5259.787109375,13181.6083984375,6560.43359375,7026.203125,5841.83251953125,1318.397705078125,529.6489868164062,697.7424926757812,4887.3974609375
2017-06-20,2907.048828125,1705.5931396484375,1893.8143310546875,2325.045166015625,2788.80126953125,2710.876953125,5395.42626953125,13455.7041015625,6650.01953125,7107.197265625,5964.63427734375,1330.8353271484375,533.4053344726562,723.6979370117188,4979.61181640625
2017-06-21,2923.110107421875,1742.609130859375,1920.27490234375,2299.018798828125,2807.43505859375,2811.27978515625,5365.28515625,13555.3759765625,6753.38671875,7127.44482421875,5964.63427734375,1347.4189453125,522.1362915039062,723.6979370117188,5064.7333984375
2017-06-22,2915.079833984375,1736.9146728515625,1927.835205078125,2290.34326171875,2807.43505859375,2853.1142578125,5380.35595703125,13679.9619140625,6725.82373046875,7127.44482421875,6034.806640625,1347.4189453125,522.1362915039062,729.8051147460938,4908.6767578125
2017-06-23,2915.079833984375,1736.9146728515625,1927.835205078125,2290.34326171875,2807.43505859375,2853.1142578125,5380.35595703125,13679.9619140625,6725.82373046875,7127.44482421875,6034.806640625,1347.4189453125,522.1362915039062,729.8051147460938,4908.6767578125
2017-06-26,2915.079833984375,1736.9146728515625,1927.835205078125,2290.34326171875,2807.43505859375,2853.1142578125,5380.35595703125,13679.9619140625,6725.82373046875,7127.44482421875,6034.806640625,1347.4189453125,522.1362915039062,729.8051147460938,4908.6767578125
2017-06-27,2915.079833984375,1736.9146728515625,1927.835205078125,2290.34326171875,2807.43505859375,2853.1142578125,5380.35595703125,13679.9619140625,6725.82373046875,7127.44482421875,6034.806640625,1347.4189453125,522.1362915039062,729.8051147460938,4908.6767578125
2017-06-28,2915.079833984375,1736.9146728515625,1927.835205078125,2290.34326171875,2807.43505859375,2853.1142578125,5380.35595703125,13679.9619140625,6725.82373046875,7127.44482421875,6034.806640625,1347.4189453125,522.1362915039062,729.8051147460938,4908.6767578125
2017-06-29,2915.079833984375,1736.9146728515625,1927.835205078125,2290.34326171875,2807.43505859375,2853.1142578125,5380.35595703125,13679.9619140625,6725.82373046875,7127.44482421875,6034.806640625,1347.4189453125,522.1362915039062,729.8051147460938,4908.6767578125
2017-06-30,2915.079833984375,1736.9146728515625,1927.835205078125,2290.34326171875,2807.43505859375,2853.1142578125,5380.35595703125,13679.9619140625,6725.82373046875,7127.44482421875,6034.806640625,1347.4189453125,522.1362915039062,729.8051147460938,4908.6767578125
2017-07-03,2971.29345703125,1765.388671875,2041.2369384765625,2290.34326171875,2975.13525390625,2769.444580078125,5289.9306640625,14377.6708984375,6815.408203125,7127.44482421875,6157.6083984375,1372.29443359375,525.8926391601562,735.9122314453125,5050.546875
2017-07-04,2979.323486328125,1742.609130859375,2041.2369384765625,2281.667236328125,2850.91259765625,2752.711181640625,5289.9306640625,14203.2431640625,6718.93212890625,7127.44482421875,6140.06494140625,1372.29443359375,529.6489868164062,757.2872924804688,5007.98583984375
2017-07-05,2947.201416015625,1731.2198486328125,2014.7767333984375,2307.694580078125,2844.70166015625,2719.243408203125,5305.0009765625,13866.8505859375,6684.4765625,7026.203125,6140.06494140625,1359.856689453125,525.8926391601562,738.9657592773438,5007.98583984375
2017-07-06,2927.125244140625,1714.1351318359375,2014.7767333984375,2351.072021484375,2888.1796875,2685.77587890625,5305.0009765625,14003.900390625,6804.1396484375,6904.71240234375,6140.06494140625,1359.856689453125,522.1362915039062,748.1265869140625,5192.41650390625
2017-07-07,2971.29345703125,1714.1351318359375,2003.4365234375,2333.720947265625,2875.75732421875,2677.408935546875,5289.9306640625,13555.3759765625,6692.8251953125,6884.46435546875,6140.06494140625,1347.4189453125,533.4053344726562,757.2872924804688,5178.2294921875
2017-07-10,2939.17041015625,1677.119140625,1980.756103515625,2377.098388671875,2838.490478515625,2618.840576171875,5289.9306640625,13767.1787109375,6501.501953125,6884.46435546875,6034.806640625,1314.251708984375,529.6489868164062,757.2872924804688,5171.13525390625
2017-07-11,2943.1865234375,1665.7294921875,1961.855712890625,2394.44970703125,2857.124267578125,2694.14306640625,5259.787109375,13941.6044921875,6609.337890625,6864.21630859375,6087.43505859375,1322.543701171875,522.1362915039062,735.9122314453125,5291.72412109375
2017-07-12,2959.24755859375,1688.5089111328125,1999.65625,2429.15185546875,2869.546630859375,2761.078125,5259.787109375,13916.6865234375,6720.65234375,6904.71240234375,6104.978515625,1326.6893310546875,525.8926391601562,763.3943481445312,5483.248046875
2017-07-13,2971.29345703125,1697.0506591796875,2026.116943359375,2437.827392578125,2857.124267578125,2761.078125,5259.787109375,13954.0615234375,6748.48095703125,6965.458984375,6140.06494140625,1334.9813232421875,525.8926391601562,757.2872924804688,5582.55615234375
2017-07-14,2955.232421875,1685.661376953125,2048.79736328125,2463.85400390625,2857.124267578125,2761.078125,5259.787109375,13954.0615234375,6762.39599609375,7046.4521484375,6157.6083984375,1359.856689453125,522.1362915039062,763.3943481445312,5575.462890625
2017-07-17,2939.17041015625,1708.4403076171875,2052.577392578125,2437.827392578125,2888.1796875,2752.711181640625,5259.787109375,13929.1474609375,6724.13037109375,7005.955078125,6157.6083984375,1364.002685546875,540.918212890625,790.8765869140625,5660.58544921875
2017-07-18,2947.201416015625,1697.0506591796875,2045.0172119140625,2429.15185546875,2875.75732421875,2719.243408203125,5229.64599609375,13941.6044921875,6630.20947265625,6985.70703125,6157.6083984375,1368.1484375,537.1617431640625,786.296142578125,5504.52783203125
2017-07-19,2967.27783203125,1677.119140625,2014.7767333984375,2429.15185546875,2857.124267578125,2702.50927734375,5109.0771484375,14228.162109375,6609.337890625,6884.46435546875,6087.43505859375,1388.8780517578125,544.6744384765625,806.1444091796875,5986.88330078125
2017-07-20,2963.2626953125,1677.119140625,2041.2369384765625,2411.80078125,2875.75732421875,2702.50927734375,5154.2900390625,14377.6708984375,6717.17431640625,6884.46435546875,6157.6083984375,1388.8780517578125,537.1617431640625,812.2515869140625,6128.75341796875
2017-07-21,2927.125244140625,1671.424072265625,1973.1959228515625,2411.80078125,2832.279296875,2635.57421875,4943.29638671875,14365.2109375,6640.64453125,6864.21630859375,6017.26318359375,1393.02392578125,529.6489868164062,803.0908813476562,6001.0712890625
2017-07-24,2983.339111328125,1671.424072265625,2007.216552734375,2446.503173828125,2888.1796875,2677.408935546875,4958.36767578125,14103.5712890625,6727.611328125,7005.955078125,6122.52294921875,1409.607421875,525.8926391601562,793.9300537109375,5944.3232421875
2017-07-25,2983.339111328125,1685.661376953125,2018.5567626953125,2463.85400390625,2931.65771484375,2744.34423828125,4883.0126953125,14402.587890625,6685.86572265625,7026.203125,6122.52294921875,1417.8994140625,525.8926391601562,800.037353515625,5816.640625
2017-07-26,3015.4609375,1682.8138427734375,2018.5567626953125,2481.205078125,2919.2353515625,2685.77587890625,4883.0126953125,14377.6708984375,6644.123046875,6985.70703125,6052.34912109375,1409.607421875,540.918212890625,790.8765869140625,5887.5751953125
2017-07-27,3019.476318359375,1674.271484375,2022.336669921875,2533.258544921875,2888.1796875,2761.078125,4867.94140625,14427.5029296875,6651.0810546875,6965.458984375,6034.806640625,1417.8994140625,537.1617431640625,792.4033813476562,5816.640625
2017-07-28,3019.476318359375,1651.492431640625,2022.336669921875,2550.609375,2919.2353515625,2761.078125,4792.58642578125,14626.84765625,6731.0888671875,6864.21630859375,6034.806640625,1426.1912841796875,518.3798828125,804.6176147460938,5823.73388671875
2017-07-31,3003.4150390625,1682.8138427734375,2063.91748046875,2585.311279296875,2913.024169921875,2811.27978515625,4807.6572265625,15000.6162109375,6811.0966796875,6762.97314453125,5876.9189453125,1438.6287841796875,518.3798828125,800.037353515625,5674.771484375
2017-08-01,3039.552001953125,1685.661376953125,2026.116943359375,2515.90771484375,2962.71337890625,2903.315185546875,4732.30224609375,15199.9619140625,6745.00341796875,6742.7255859375,5824.2900390625,1401.3157958984375,518.3798828125,816.83203125,5937.22900390625
2017-08-02,3039.552001953125,1702.7457275390625,2007.216552734375,2524.582763671875,2981.3466796875,3012.08544921875,4717.23095703125,15150.1279296875,6745.00341796875,6722.4765625,5824.2900390625,1434.482666015625,514.6235961914062,821.412353515625,5901.7626953125
2017-08-03,3011.4453125,1691.356201171875,1984.5361328125,2489.880615234375,2919.2353515625,2986.984619140625,4687.0888671875,14552.09375,6637.166015625,6722.4765625,5789.2041015625,1438.6287841796875,510.86712646484375,813.7783203125,5788.26611328125
2017-08-04,2983.339111328125,1699.898193359375,1976.975830078125,2524.582763671875,2900.60205078125,2869.847900390625,4687.0888671875,14552.09375,6619.77392578125,6722.4765625,5771.662109375,1471.7962646484375,495.8416748046875,825.99267578125,5845.01513671875
2017-08-07,2991.369384765625,1697.0506591796875,1992.0963134765625,2489.880615234375,2900.60205078125,2836.380126953125,4762.44384765625,14302.916015625,6550.2021484375,6702.22900390625,5754.11767578125,1405.4615478515625,488.3288269042969,839.7338256835938,5845.01513671875
2017-08-08,3051.597900390625,1702.7457275390625,2029.89697265625,2507.231689453125,2913.024169921875,2945.14990234375,4822.72802734375,14552.09375,6598.90185546875,6762.97314453125,5894.46240234375,1442.774658203125,503.3543395996094,827.51953125,5717.33251953125
2017-08-09,3047.582763671875,1711.2877197265625,2026.116943359375,2524.582763671875,2925.4462890625,2861.48095703125,4822.72802734375,14863.568359375,6692.8251953125,6762.97314453125,5894.46240234375,1442.774658203125,522.1362915039062,800.037353515625,5738.61328125
2017-08-10,3023.49169921875,1708.4403076171875,2014.7767333984375,2524.582763671875,2925.4462890625,2886.58154296875,4777.5146484375,15162.5830078125,6682.38916015625,6722.4765625,5929.54833984375,1442.774658203125,525.8926391601562,822.9391479492188,5717.33251953125
2017-08-11,2999.3994140625,1708.4403076171875,1995.8763427734375,2524.582763671875,2906.813232421875,2836.380126953125,4687.0888671875,14751.4384765625,6609.337890625,6762.97314453125,5789.2041015625,1430.3372802734375,518.3798828125,812.2515869140625,5660.58544921875
2017-08-14,3011.4453125,1716.982666015625,2003.4365234375,2533.258544921875,2925.4462890625,2844.7470703125,4732.30224609375,14900.9453125,6713.6962890625,6762.97314453125,5789.2041015625,1430.3372802734375,514.6235961914062,807.6713256835938,5660.58544921875
2017-08-15,2999.3994140625,1714.1351318359375,2010.9967041015625,2567.96044921875,2937.86865234375,2920.04931640625,4717.23095703125,15037.9921875,6720.65234375,6803.47119140625,5841.83251953125,1426.1912841796875,510.86712646484375,803.0908813476562,5795.3603515625
2017-08-16,3035.53759765625,1736.9146728515625,2014.7767333984375,2567.96044921875,2962.71337890625,2894.948486328125,4732.30224609375,14938.322265625,6866.75439453125,7026.203125,5876.9189453125,1455.21240234375,510.86712646484375,803.0908813476562,5816.640625
2017-08-17,3035.53759765625,1736.9146728515625,2014.7767333984375,2567.96044921875,2962.71337890625,2894.948486328125,4732.30224609375,14938.322265625,6866.75439453125,7026.203125,5876.9189453125,1455.21240234375,510.86712646484375,803.0908813476562,5816.640625
2017-08-18,3003.4150390625,1725.524658203125,1980.756103515625,2567.96044921875,2968.92431640625,2878.214599609375,4762.44384765625,14689.1435546875,6884.14794921875,7046.4521484375,5894.46240234375,1451.0667724609375,514.6235961914062,803.0908813476562,5837.92138671875
2017-08-21,3019.476318359375,1739.761962890625,1995.8763427734375,2567.96044921875,2962.71337890625,2828.013427734375,4747.373046875,14402.587890625,6724.13037109375,7026.203125,5824.2900390625,1459.3582763671875,537.1617431640625,787.8231201171875,5681.86376953125
2017-08-22,3019.476318359375,1742.609130859375,2003.4365234375,2567.96044921875,2975.13525390625,2861.48095703125,4777.5146484375,14726.51953125,6856.3193359375,7066.7001953125,5841.83251953125,1471.7962646484375,544.6744384765625,800.037353515625,5681.86376953125
2017-08-23,3075.689453125,1742.609130859375,2007.216552734375,2567.96044921875,2981.3466796875,3003.718017578125,4807.6572265625,14701.6015625,6946.7626953125,7066.7001953125,5859.37646484375,1455.21240234375,540.918212890625,803.0908813476562,5703.14501953125
2017-08-24,3043.567626953125,1734.06689453125,1995.8763427734375,2576.6357421875,2968.92431640625,2936.78271484375,4807.6572265625,15187.5048828125,6887.626953125,6965.458984375,5894.46240234375,1430.3372802734375,555.943603515625,806.1444091796875,5738.61328125
2017-08-25,3067.65966796875,1742.609130859375,1992.0963134765625,2576.6357421875,2962.71337890625,3062.28662109375,4822.72802734375,15125.2080078125,6950.24072265625,7167.94287109375,6034.806640625,1430.3372802734375,540.918212890625,800.037353515625,5681.86376953125
2017-08-28,3063.643798828125,1734.06689453125,1999.65625,2559.28515625,2950.291015625,3037.185791015625,4822.72802734375,15249.7998046875,6929.3701171875,7127.44482421875,6052.34912109375,1426.1912841796875,537.1617431640625,786.296142578125,5603.8369140625
2017-08-29,3063.643798828125,1705.5931396484375,1980.756103515625,2550.609375,2937.86865234375,3037.185791015625,4762.44384765625,15249.7998046875,7026.76904296875,7026.203125,6087.43505859375,1446.9207763671875,548.4309692382812,792.4033813476562,5447.78173828125
2017-08-30,3067.65966796875,1716.982666015625,1980.756103515625,2550.609375,2944.079833984375,3045.552734375,4747.373046875,15100.2890625,7026.76904296875,7005.955078125,6087.43505859375,1422.045166015625,567.2127075195312,758.81396484375,5263.3505859375
2017-08-31,3043.567626953125,1722.6773681640625,1980.756103515625,2550.609375,2913.024169921875,3012.08544921875,4747.373046875,15100.2890625,7033.7265625,7066.7001953125,5876.9189453125,1417.8994140625,555.943603515625,755.760498046875,5518.71533203125
2017-09-01,3043.567626953125,1722.6773681640625,1980.756103515625,2550.609375,2913.024169921875,3012.08544921875,4747.373046875,15100.2890625,7033.7265625,7066.7001953125,5876.9189453125,1417.8994140625,555.943603515625,755.760498046875,5518.71533203125
2017-09-04,3031.521728515625,1694.2037353515625,1973.1959228515625,2498.55615234375,2906.813232421875,3095.754150390625,4672.017578125,14801.275390625,7092.86376953125,7026.203125,5876.9189453125,1405.4615478515625,533.4053344726562,714.537109375,5391.03369140625
2017-09-05,3051.597900390625,1708.4403076171875,1976.975830078125,2507.231689453125,2888.1796875,3120.85498046875,4702.15966796875,15150.1279296875,7096.34228515625,6945.21044921875,5876.9189453125,1422.045166015625,533.4053344726562,742.0193481445312,5405.2197265625
2017-09-06,3035.53759765625,1691.356201171875,1958.075439453125,2498.55615234375,2925.4462890625,3221.257568359375,4717.23095703125,15112.7509765625,7040.68359375,7107.197265625,5876.9189453125,1405.4615478515625,529.6489868164062,749.6533203125,5490.3408203125
2017-09-07,3043.567626953125,1708.4403076171875,1969.4158935546875,2533.258544921875,2919.2353515625,3187.7900390625,4611.7333984375,15935.041015625,7040.68359375,7066.7001953125,5982.17724609375,1409.607421875,522.1362915039062,738.9657592773438,5433.59228515625
2017-09-08,3027.5068359375,1708.4403076171875,2007.216552734375,2507.231689453125,2931.65771484375,3196.156982421875,4717.23095703125,15748.1552734375,7068.5126953125,7066.7001953125,6069.892578125,1434.482666015625,525.8926391601562,755.760498046875,5575.462890625
2017-09-11,3035.53759765625,1702.7457275390625,1995.8763427734375,2507.231689453125,2925.4462890625,3196.156982421875,4762.44384765625,15872.7451171875,7030.24853515625,7046.4521484375,6034.806640625,1430.3372802734375,518.3798828125,754.233642578125,5802.45361328125
2017-09-12,3055.61376953125,1699.898193359375,1995.8763427734375,2515.90771484375,2931.65771484375,3237.990966796875,4762.44384765625,15748.1552734375,7040.68359375,7107.197265625,6104.978515625,1430.3372802734375,510.86712646484375,743.5460815429688,5724.42529296875
2017-09-13,3059.628662109375,1697.0506591796875,1988.3162841796875,2515.90771484375,2913.024169921875,3304.92626953125,4762.44384765625,15137.666015625,7124.1708984375,7107.197265625,6017.26318359375,1426.1912841796875,503.3543395996094,615.2958984375,5490.3408203125
2017-09-14,3067.65966796875,1688.5089111328125,1980.756103515625,2515.90771484375,2900.60205078125,3363.4951171875,4762.44384765625,14950.78125,7110.255859375,7066.7001953125,5982.17724609375,1430.3372802734375,510.86712646484375,609.1887817382812,5532.9013671875
2017-09-15,3031.521728515625,1691.356201171875,2003.4365234375,2524.582763671875,2913.024169921875,3346.76123046875,4732.30224609375,15474.05859375,7085.90625,7046.4521484375,5964.63427734375,1430.3372802734375,510.86712646484375,587.813720703125,5589.6494140625
2017-09-18,3047.582763671875,1708.4403076171875,1988.3162841796875,2515.90771484375,2925.4462890625,3321.660400390625,4732.30224609375,15299.6328125,7096.34228515625,7107.197265625,5947.0908203125,1451.0667724609375,510.86712646484375,633.6173095703125,5703.14501953125
2017-09-19,3063.643798828125,1711.2877197265625,1995.8763427734375,2550.609375,2925.4462890625,3221.257568359375,4777.5146484375,15498.9765625,7096.34228515625,7147.6943359375,6017.26318359375,1451.0667724609375,507.1108093261719,638.19775390625,5731.51806640625
2017-09-20,3059.628662109375,1711.2877197265625,1995.8763427734375,2559.28515625,2913.024169921875,3179.423095703125,4717.23095703125,15935.041015625,7096.34228515625,7167.94287109375,6122.52294921875,1438.6287841796875,510.86712646484375,636.6709594726562,5596.74365234375
2017-09-21,3059.628662109375,1711.2877197265625,1995.8763427734375,2559.28515625,2913.024169921875,3179.423095703125,4717.23095703125,15935.041015625,7096.34228515625,7167.94287109375,6122.52294921875,1438.6287841796875,510.86712646484375,636.6709594726562,5596.74365234375
2017-09-22,3192.132568359375,1785.320556640625,1995.8763427734375,2593.9873046875,2881.968505859375,3221.257568359375,4687.0888671875,15287.177734375,6957.1962890625,7188.19140625,5982.17724609375,1442.774658203125,507.1108093261719,627.5101928710938,5603.8369140625
2017-09-25,3160.010498046875,1785.320556640625,1988.3162841796875,2602.66259765625,2888.1796875,3162.689453125,4702.15966796875,15087.830078125,6915.45361328125,7208.4384765625,6052.34912109375,1413.7532958984375,488.3288269042969,609.1887817382812,5532.9013671875
2017-09-26,3155.9951171875,1771.0833740234375,1980.756103515625,2567.96044921875,2913.024169921875,3162.689453125,4702.15966796875,15449.1416015625,6866.75439453125,7127.44482421875,5982.17724609375,1393.02392578125,484.5725402832031,604.6083984375,5320.09765625
2017-09-27,3172.056396484375,1736.9146728515625,1995.8763427734375,2524.582763671875,2919.2353515625,3154.322509765625,4717.23095703125,15162.5830078125,6957.1962890625,7147.6943359375,5999.720703125,1442.774658203125,469.54705810546875,563.3850708007812,5313.00341796875
2017-09-28,3184.1015625,1674.271484375,1988.3162841796875,2533.258544921875,2925.4462890625,3095.754150390625,4641.87548828125,15648.482421875,6845.88330078125,7066.7001953125,5894.46240234375,1384.7320556640625,473.3034362792969,610.7154541015625,5518.71533203125
2017-09-29,3260.3916015625,1739.761962890625,2033.6768798828125,2567.96044921875,2906.813232421875,3129.22216796875,4762.44384765625,15947.498046875,6814.57568359375,7066.7001953125,5912.00537109375,1380.5860595703125,480.8161315917969,638.19775390625,5745.70556640625
2017-10-02,3264.406982421875,1736.9146728515625,2026.116943359375,2593.9873046875,2906.813232421875,3095.754150390625,4777.5146484375,15997.3388671875,6978.06982421875,7188.19140625,5999.720703125,1388.8780517578125,480.8161315917969,613.7691040039062,5561.275390625
2017-10-03,3268.422119140625,1745.4566650390625,2026.116943359375,2654.715576171875,2913.024169921875,3045.552734375,4856.43115234375,16445.861328125,7071.99169921875,7046.4521484375,6034.806640625,1388.8780517578125,484.5725402832031,647.3585205078125,5554.18310546875
2017-10-04,3264.406982421875,1739.761962890625,2010.9967041015625,2646.0400390625,2913.024169921875,3079.0205078125,4856.43115234375,16719.958984375,7082.42724609375,7107.197265625,6034.806640625,1430.3372802734375,488.3288269042969,650.4120483398438,5639.3037109375
2017-10-05,3256.37646484375,1745.4566650390625,1995.8763427734375,2602.66259765625,2894.390869140625,3062.28662109375,4826.080078125,16034.7138671875,6971.11279296875,7026.203125,5912.00537109375,1393.02392578125,484.5725402832031,661.0995483398438,5696.0517578125
2017-10-06,3284.48388671875,1751.1513671875,1995.8763427734375,2576.6357421875,2894.390869140625,3079.0205078125,4841.25634765625,16352.4619140625,6953.71923828125,7005.955078125,5894.46240234375,1397.169921875,488.3288269042969,677.8942260742188,5745.70556640625
2017-10-09,3268.422119140625,1751.1513671875,1995.8763427734375,2559.28515625,2869.546630859375,3045.552734375,4841.25634765625,16654.12109375,6929.3701171875,7046.4521484375,5894.46240234375,1417.8994140625,488.3288269042969,671.787109375,5774.0791015625
2017-10-10,3272.4375,1739.761962890625,2026.116943359375,2533.258544921875,2813.645751953125,3037.185791015625,4841.25634765625,17219.732421875,6863.275390625,7046.4521484375,5912.00537109375,1430.3372802734375,495.8416748046875,662.626220703125,5781.17333984375
2017-10-11,3272.4375,1739.761962890625,2033.6768798828125,2533.258544921875,2732.901123046875,2894.948486328125,4871.6083984375,17219.732421875,6800.6611328125,7066.7001953125,5876.9189453125,1434.482666015625,480.8161315917969,688.5818481445312,5894.6689453125
2017-10-12,3340.697265625,1751.1513671875,2063.91748046875,2602.66259765625,2757.745849609375,2953.516845703125,4977.84326171875,17445.9765625,6818.0546875,7046.4521484375,5894.46240234375,1409.607421875,488.3288269042969,684.0013427734375,6001.0712890625
2017-10-13,3320.62060546875,1748.3040771484375,2048.79736328125,2646.0400390625,2751.5341796875,2953.516845703125,5144.78271484375,17219.732421875,6852.83984375,7147.6943359375,5841.83251953125,1409.607421875,484.5725402832031,676.3673706054688,5901.7626953125
2017-10-16,3328.651123046875,1748.3040771484375,2094.158203125,2611.338134765625,2763.956787109375,2961.8837890625,5084.07763671875,17320.28515625,6845.88330078125,7046.4521484375,5841.83251953125,1409.607421875,492.0852966308594,650.4120483398438,6072.00439453125
2017-10-17,3292.51416015625,1753.9990234375,2124.3984375,2620.013671875,2732.901123046875,2953.516845703125,5008.1953125,17106.61328125,6957.1962890625,7167.94287109375,5789.2041015625,1409.607421875,488.3288269042969,656.5191650390625,6157.1259765625
2017-10-18,3244.3310546875,1753.9990234375,2139.51904296875,2654.715576171875,2670.7900390625,2844.7470703125,4886.78515625,17546.529296875,6953.71923828125,7188.19140625,5841.83251953125,1409.607421875,492.0852966308594,667.2066040039062,6114.56689453125
2017-10-19,3264.406982421875,1765.388671875,2109.278564453125,2663.39111328125,2614.889404296875,2819.646240234375,4810.9033203125,17270.01171875,6911.97607421875,7228.6865234375,5719.0322265625,1409.607421875,495.8416748046875,671.787109375,6348.64990234375
2017-10-20,3268.422119140625,1779.6256103515625,2147.0791015625,2654.715576171875,2652.15625,2844.7470703125,4856.43115234375,16591.27734375,6894.58251953125,7066.7001953125,5771.662109375,1409.607421875,495.8416748046875,647.3585205078125,6341.55712890625
2017-10-23,3372.819091796875,1779.6256103515625,2101.718017578125,2620.013671875,2639.73388671875,2844.7470703125,4886.78515625,16163.92578125,6838.92578125,7167.94287109375,5859.37646484375,1397.169921875,484.5725402832031,653.4656982421875,6440.865234375
2017-10-24,3308.57470703125,1762.5411376953125,2063.91748046875,2620.013671875,2627.3115234375,2702.50927734375,4962.6669921875,16113.6494140625,6838.92578125,7066.7001953125,5894.46240234375,1376.4403076171875,484.5725402832031,659.5726928710938,6525.98779296875
2017-10-25,3380.849853515625,1776.7781982421875,2116.838623046875,2637.364990234375,2540.355712890625,2844.7470703125,4947.4892578125,17571.669921875,6887.626953125,7188.19140625,5947.0908203125,1376.4403076171875,484.5725402832031,654.992431640625,6440.865234375
2017-10-26,3336.681640625,1779.6256103515625,2124.3984375,2637.364990234375,2583.833984375,2786.1787109375,4856.43115234375,16742.103515625,6891.10498046875,7208.4384765625,5947.0908203125,1326.6893310546875,492.0852966308594,673.3138427734375,6100.37939453125
2017-10-27,3260.3916015625,1776.7781982421875,2101.718017578125,2672.066650390625,2577.62255859375,2828.013427734375,4795.7265625,16427.876953125,6838.92578125,7208.4384765625,5789.2041015625,1343.273193359375,484.5725402832031,667.2066040039062,6036.53759765625
2017-10-30,3280.468505859375,1771.0833740234375,2139.51904296875,2637.364990234375,2534.14453125,2769.444580078125,4856.43115234375,17144.31640625,6838.92578125,7147.6943359375,5719.0322265625,1343.273193359375,484.5725402832031,697.7424926757812,6291.9033203125
2017-10-31,3356.758056640625,1776.7781982421875,2131.958740234375,2637.364990234375,2503.089111328125,2828.013427734375,4856.43115234375,17433.41015625,6901.54052734375,7127.44482421875,5754.11767578125,1326.6893310546875,484.5725402832031,700.7960815429688,6298.99658203125
2017-11-01,3425.017822265625,1788.167724609375,2147.0791015625,2750.146728515625,2453.399658203125,2928.416015625,4901.96142578125,18225.265625,6901.54052734375,7167.94287109375,5754.11767578125,1326.6893310546875,533.4053344726562,713.0103759765625,6469.240234375
2017-11-02,3449.10888671875,1816.641845703125,2199.99951171875,2715.445068359375,2503.089111328125,2978.617431640625,4947.4892578125,17848.189453125,6828.48876953125,6985.70703125,5683.9453125,1318.397705078125,503.3543395996094,706.9031982421875,6384.1171875
2017-11-03,3376.834716796875,1822.3367919921875,2192.43994140625,2689.418212890625,2540.355712890625,2978.617431640625,4917.13818359375,17747.640625,6939.8046875,7167.94287109375,5771.662109375,1334.9813232421875,503.3543395996094,705.3764038085938,6384.1171875
2017-11-06,3372.819091796875,1850.8104248046875,2184.879638671875,2672.066650390625,2602.46728515625,2970.250732421875,4901.96142578125,17747.640625,6842.4052734375,7086.94873046875,5754.11767578125,1334.9813232421875,503.3543395996094,696.2156372070312,6466.9296875
2017-11-07,3380.849853515625,1845.11572265625,2154.63916015625,2758.822509765625,2602.46728515625,2986.984619140625,4977.84326171875,17986.453125,6866.75439453125,6945.21044921875,5701.4892578125,1343.273193359375,522.1362915039062,735.9122314453125,6481.9873046875
2017-11-08,3340.697265625,1873.5897216796875,2169.759521484375,2732.796142578125,2546.56689453125,2945.14990234375,5038.54736328125,17219.732421875,6880.66748046875,6884.46435546875,5666.40234375,1326.6893310546875,529.6489868164062,717.5907592773438,6376.58935546875
2017-11-09,3340.697265625,1873.5897216796875,2139.51904296875,2767.498046875,2583.833984375,2945.14990234375,5023.3720703125,17144.31640625,6859.7958984375,6884.46435546875,5578.68798828125,1326.6893310546875,533.4053344726562,720.6444091796875,6369.06103515625
2017-11-10,3316.60546875,1867.894775390625,2131.958740234375,2767.498046875,2558.9892578125,2928.416015625,5068.900390625,16453.013671875,6842.4052734375,6904.71240234375,5631.3173828125,1326.6893310546875,529.6489868164062,725.224609375,6474.45947265625
2017-11-13,3288.498779296875,1856.5057373046875,2131.958740234375,2724.120361328125,2546.56689453125,2928.416015625,5068.900390625,16528.4296875,6849.361328125,6924.96142578125,5578.68798828125,1326.6893310546875,514.6235961914062,732.858642578125,6316.361328125
2017-11-14,3288.498779296875,1805.2520751953125,2101.718017578125,2732.796142578125,2534.14453125,2811.27978515625,5038.54736328125,16855.23046875,6814.57568359375,6924.96142578125,5578.68798828125,1326.6893310546875,510.86712646484375,720.6444091796875,6195.90673828125
2017-11-15,3376.834716796875,1788.167724609375,2109.278564453125,2663.39111328125,2565.2001953125,2786.1787109375,4962.6669921875,16440.4453125,6814.57568359375,6945.21044921875,5526.05859375,1322.543701171875,495.8416748046875,685.528076171875,6022.7529296875
2017-11-16,3376.834716796875,1828.031494140625,2147.0791015625,2732.796142578125,2608.678466796875,2719.243408203125,5008.1953125,16691.83203125,6852.83984375,7086.94873046875,5438.34375,1326.6893310546875,495.8416748046875,679.4210205078125,6158.2646484375
2017-11-17,3400.92529296875,1873.5897216796875,2215.1201171875,2836.90234375,2608.678466796875,2685.77587890625,4977.84326171875,16628.984375,6908.4970703125,7248.9365234375,5473.42919921875,1343.273193359375,495.8416748046875,684.0013427734375,6143.20703125
2017-11-20,3376.834716796875,1902.064208984375,2245.360595703125,2767.498046875,2577.62255859375,2669.041748046875,4977.84326171875,16189.060546875,6877.189453125,7228.6865234375,5473.42919921875,1351.56494140625,499.5980529785156,682.4745483398438,6090.5087890625
2017-11-21,3392.895751953125,1867.894775390625,2237.80078125,2750.146728515625,2608.678466796875,2585.373046875,4932.31396484375,15874.833984375,6873.7109375,7208.4384765625,5420.80029296875,1368.1484375,499.5980529785156,658.0459594726562,5932.4111328125
2017-11-22,3400.92529296875,1936.232421875,2230.239990234375,2862.928955078125,2608.678466796875,2510.07080078125,5129.60595703125,16339.8916015625,6880.66748046875,7147.6943359375,5420.80029296875,1359.856689453125,495.8416748046875,674.840576171875,6022.7529296875
2017-11-23,3372.819091796875,1913.453125,2252.9208984375,2854.253662109375,2639.73388671875,2568.639404296875,5144.78271484375,16277.046875,6866.75439453125,7066.7001953125,5473.42919921875,1355.710693359375,495.8416748046875,665.6798706054688,5970.052734375
2017-11-24,3372.819091796875,1907.7584228515625,2252.9208984375,2854.253662109375,2683.212158203125,2518.43798828125,5190.31103515625,15987.955078125,6929.3701171875,6924.96142578125,5403.25732421875,1372.29443359375,495.8416748046875,659.5726928710938,5917.3544921875
2017-11-27,3421.001708984375,1879.2845458984375,2245.360595703125,2828.2265625,2670.7900390625,2426.4013671875,5175.1357421875,15987.955078125,7012.8544921875,7026.203125,5490.97314453125,1388.8780517578125,492.0852966308594,665.6798706054688,5962.52490234375
2017-11-28,3421.001708984375,1924.843017578125,2245.360595703125,2914.982421875,2633.523193359375,2493.3369140625,5084.07763671875,16289.6171875,7096.34228515625,7026.203125,5403.25732421875,1359.856689453125,488.3288269042969,662.626220703125,5962.52490234375
2017-11-29,3413.747314453125,1879.2845458984375,2237.80078125,2914.982421875,2608.678466796875,2618.840576171875,5068.900390625,17043.763671875,6988.5048828125,7107.197265625,5333.0849609375,1355.710693359375,499.5980529785156,687.054931640625,6233.548828125
2017-11-30,3280.744140625,1828.031494140625,2237.80078125,2810.8759765625,2577.62255859375,2577.00634765625,4841.25634765625,16842.66015625,6916.25634765625,6843.96826171875,5140.111328125,1326.6893310546875,499.5980529785156,687.054931640625,6369.06103515625
2017-12-01,3280.744140625,1828.031494140625,2237.80078125,2810.8759765625,2577.62255859375,2577.00634765625,4841.25634765625,16842.66015625,6916.25634765625,6843.96826171875,5140.111328125,1326.6893310546875,499.5980529785156,687.054931640625,6369.06103515625
2017-12-04,3353.291748046875,1879.2845458984375,2252.9208984375,2854.253662109375,2608.678466796875,2476.603515625,4917.13818359375,16591.27734375,6916.25634765625,7086.94873046875,5122.56884765625,1334.9813232421875,488.3288269042969,700.7960815429688,6361.5322265625
2017-12-05,3385.534912109375,1907.7584228515625,2260.480712890625,2932.33349609375,2608.678466796875,2518.43798828125,4977.84326171875,16453.013671875,6965.35791015625,7005.955078125,5122.56884765625,1334.9813232421875,473.3034362792969,684.0013427734375,6354.00341796875
2017-12-06,3433.899658203125,1970.4013671875,2260.480712890625,2958.360107421875,2608.678466796875,2493.3369140625,5068.900390625,16427.876953125,6965.35791015625,7167.94287109375,5140.111328125,1364.002685546875,458.2778625488281,677.8942260742188,6414.22998046875
2017-12-07,3381.504638671875,1924.843017578125,2222.679931640625,2958.360107421875,2608.678466796875,2468.236328125,5038.54736328125,16591.27734375,7056.54443359375,7026.203125,5140.111328125,1372.29443359375,454.521484375,668.7334594726562,6384.1171875
2017-12-08,3405.6865234375,1919.1483154296875,2260.480712890625,3071.1416015625,2571.41162109375,2459.869384765625,5008.1953125,16540.99609375,7140.71875,7107.197265625,5175.197265625,1388.8780517578125,469.54705810546875,674.840576171875,6354.00341796875
2017-12-11,3397.625732421875,1959.011962890625,2260.480712890625,3088.492919921875,2571.41162109375,2426.4013671875,5099.25341796875,16314.751953125,7154.7470703125,7046.4521484375,5175.197265625,1359.856689453125,454.521484375,667.2066040039062,6256.13427734375
2017-12-12,3425.83837890625,1964.7066650390625,2252.9208984375,3053.790771484375,2590.045166015625,2568.639404296875,4977.84326171875,16088.5126953125,7168.7763671875,7127.44482421875,5157.65478515625,1372.29443359375,454.521484375,671.787109375,6256.13427734375
2017-12-13,3373.44384765625,1964.7066650390625,2260.480712890625,3157.89697265625,2608.678466796875,2585.373046875,4917.13818359375,16641.552734375,7154.7470703125,7107.197265625,5245.3701171875,1376.4403076171875,465.7906494140625,684.0013427734375,6233.548828125
2017-12-14,3401.656494140625,1970.4013671875,2260.480712890625,3201.27490234375,2639.73388671875,2551.90576171875,5053.72509765625,16779.8125,7154.7470703125,7127.44482421875,5280.4560546875,1405.4615478515625,477.05975341796875,684.0013427734375,6263.6630859375
2017-12-15,3401.656494140625,1930.5377197265625,2245.360595703125,3253.328125,2627.3115234375,2510.07080078125,5038.54736328125,16616.412109375,7312.57275390625,7066.7001953125,5227.8271484375,1380.5860595703125,473.3034362792969,696.2156372070312,6158.2646484375
2017-12-18,3401.656494140625,1930.5377197265625,2268.041015625,3227.302001953125,2633.523193359375,2501.7041015625,4962.6669921875,16641.552734375,7431.8193359375,7228.6865234375,5262.9130859375,1397.169921875,477.05975341796875,690.1085205078125,6128.150390625
2017-12-19,3401.656494140625,1959.011962890625,2260.480712890625,3305.38134765625,2602.46728515625,2468.236328125,4962.6669921875,16792.3828125,7589.64453125,7188.19140625,5368.17138671875,1397.169921875,484.5725402832031,751.1801147460938,6173.32177734375
2017-12-20,3373.44384765625,1936.232421875,2252.9208984375,3305.38134765625,2583.833984375,2376.200439453125,4856.43115234375,16503.291015625,7435.32763671875,7228.6865234375,5297.99853515625,1388.8780517578125,473.3034362792969,751.1801147460938,6022.7529296875
2017-12-21,3401.656494140625,1947.622314453125,2305.842041015625,3418.1640625,2639.73388671875,2409.66796875,4917.13818359375,16955.779296875,7512.48486328125,7350.17822265625,5333.0849609375,1364.002685546875,469.54705810546875,778.6622924804688,6113.0927734375
2017-12-22,3466.14306640625,1970.4013671875,2320.962158203125,3418.1640625,2670.7900390625,2409.66796875,4977.84326171875,17219.732421875,7593.14990234375,7289.43359375,5350.6279296875,1368.1484375,473.3034362792969,769.5016479492188,6143.20703125
2017-12-25,3466.14306640625,1970.4013671875,2320.962158203125,3418.1640625,2670.7900390625,2409.66796875,4977.84326171875,17219.732421875,7593.14990234375,7289.43359375,5350.6279296875,1368.1484375,473.3034362792969,769.5016479492188,6143.20703125
2017-12-26,3466.14306640625,1970.4013671875,2320.962158203125,3418.1640625,2670.7900390625,2409.66796875,4977.84326171875,17219.732421875,7593.14990234375,7289.43359375,5350.6279296875,1368.1484375,473.3034362792969,769.5016479492188,6143.20703125
2017-12-27,3470.173583984375,2021.654541015625,2419.243896484375,3435.514892578125,2670.7900390625,2418.03515625,4947.4892578125,17383.126953125,7593.14990234375,7289.43359375,5350.6279296875,1397.169921875,477.05975341796875,766.447998046875,6256.13427734375
2017-12-28,3534.659423828125,2067.21337890625,2404.123779296875,3444.190185546875,2726.68994140625,2484.97021484375,4886.78515625,17395.701171875,7631.73095703125,7208.4384765625,5403.25732421875,1397.169921875,465.7906494140625,763.3943481445312,6158.2646484375
2017-12-29,3530.62939453125,2072.90771484375,2419.243896484375,3435.514892578125,2757.745849609375,2476.603515625,5038.54736328125,17797.91015625,7842.1630859375,7208.4384765625,5350.6279296875,1401.3157958984375,469.54705810546875,751.1801147460938,6233.548828125
2018-01-01,3530.62939453125,2072.90771484375,2419.243896484375,3435.514892578125,2757.745849609375,2476.603515625,5038.54736328125,17797.91015625,7842.1630859375,7208.4384765625,5350.6279296875,1401.3157958984375,469.54705810546875,751.1801147460938,6233.548828125
2018-01-02,3530.62939453125,2067.21337890625,2373.8828125,3392.137451171875,2739.112060546875,2409.66796875,4977.84326171875,17169.45703125,7838.65625,7370.4267578125,5297.99853515625,1434.482666015625,477.05975341796875,763.3943481445312,6165.7939453125
2018-01-03,3530.62939453125,2055.823486328125,2328.522216796875,3270.679931640625,2627.3115234375,2443.135498046875,4886.78515625,16628.984375,7575.61474609375,7370.4267578125,5368.17138671875,1405.4615478515625,473.3034362792969,745.0729370117188,6015.2236328125
2018-01-04,3583.024169921875,2021.654541015625,2366.322998046875,3262.00390625,2621.1005859375,2443.135498046875,4993.01904296875,17094.04296875,7491.44287109375,7390.6748046875,5420.80029296875,1446.9207763671875,480.8161315917969,757.2872924804688,6052.8662109375
2018-01-05,3587.0546875,2044.4337158203125,2366.322998046875,3227.302001953125,2658.36767578125,2518.43798828125,5038.54736328125,17810.484375,7575.61474609375,7512.166015625,5385.71484375,1459.3582763671875,492.0852966308594,796.9837646484375,6346.474609375
2018-01-08,3603.17626953125,2044.4337158203125,2396.5634765625,3227.302001953125,2645.9453125,2685.77587890625,5038.54736328125,17948.744140625,7631.73095703125,7289.43359375,5508.515625,1480.087890625,488.3288269042969,815.30517578125,6918.6357421875
2018-01-09,3631.388916015625,2033.044189453125,2389.00341796875,3227.302001953125,2608.678466796875,2802.912353515625,4962.6669921875,18049.29296875,7505.470703125,7188.19140625,5490.97314453125,1475.942138671875,492.0852966308594,833.6266479492188,7008.978515625
2018-01-10,3619.297607421875,2010.2650146484375,2389.00341796875,3218.626220703125,2602.46728515625,2702.50927734375,5023.3720703125,18552.060546875,7603.6728515625,7066.7001953125,5490.97314453125,1442.774658203125,488.3288269042969,830.5731811523438,7182.1318359375
2018-01-11,3659.6015625,2015.9598388671875,2441.92431640625,3218.626220703125,2590.045166015625,2752.711181640625,5008.1953125,18526.923828125,7628.22314453125,7066.7001953125,5526.05859375,1451.0667724609375,488.3288269042969,855.0016479492188,7136.96142578125
2018-01-12,3615.266845703125,2015.9598388671875,2449.484375,3218.626220703125,2565.2001953125,2677.408935546875,4962.6669921875,18614.90625,7610.6875,7167.94287109375,5508.515625,1405.4615478515625,499.5980529785156,882.4839477539062,7152.01806640625
2018-01-15,3623.32861328125,2021.654541015625,2479.72509765625,3296.7060546875,2558.9892578125,2660.675048828125,4962.6669921875,18690.32421875,7659.78857421875,7167.94287109375,5473.42919921875,1393.02392578125,495.8416748046875,925.2339477539062,7483.26953125
2018-01-16,3643.480224609375,2055.823486328125,2487.28515625,3331.408203125,2614.889404296875,2694.14306640625,4993.01904296875,18765.734375,7715.9052734375,7167.94287109375,5543.6015625,1446.9207763671875,529.6489868164062,934.394775390625,7679.01025390625
2018-01-17,3570.93359375,2067.21337890625,2449.484375,3331.408203125,2608.678466796875,2694.14306640625,4977.84326171875,18954.2734375,7624.7158203125,7188.19140625,5578.68798828125,1434.482666015625,548.4309692382812,922.180419921875,7799.46484375
2018-01-18,3639.44970703125,2061.51806640625,2457.044921875,3296.7060546875,2590.045166015625,2677.408935546875,5038.54736328125,18702.892578125,7624.7158203125,7188.19140625,5543.6015625,1438.6287841796875,555.943603515625,928.28759765625,7776.876953125
2018-01-19,3619.297607421875,2061.51806640625,2441.92431640625,3270.679931640625,2583.833984375,2635.57421875,5068.900390625,18803.447265625,7638.7451171875,7046.4521484375,5561.14501953125,1413.7532958984375,570.9691162109375,952.716064453125,7995.2041015625
2018-01-22,3623.32861328125,2078.602294921875,2441.92431640625,3262.00390625,2565.2001953125,2510.07080078125,5008.1953125,19369.056640625,7631.73095703125,7046.4521484375,5666.40234375,1405.4615478515625,582.2383422851562,1007.6804809570312,8574.892578125
2018-01-23,3651.541259765625,2232.362060546875,2472.164794921875,3348.75927734375,2540.355712890625,2602.10693359375,5175.1357421875,20324.314453125,7786.05029296875,7167.94287109375,5701.4892578125,1438.6287841796875,601.0202026367188,1013.7876586914062,8582.421875
2018-01-24,3639.44970703125,2181.10888671875,2494.844970703125,3374.785888671875,2472.033203125,2585.373046875,5296.5458984375,20110.638671875,7800.07666015625,7167.94287109375,5666.40234375,1430.3372802734375,585.9946899414062,1016.84130859375,8958.84375
2018-01-25,3639.44970703125,2146.940185546875,2464.60498046875,3331.408203125,2465.822265625,2518.43798828125,5296.5458984375,20098.0703125,7719.4111328125,7147.6943359375,5613.77392578125,1430.3372802734375,634.8275146484375,1019.8948364257812,9131.9970703125
2018-01-26,3659.6015625,2192.498779296875,2479.72509765625,3331.408203125,2577.62255859375,2618.840576171875,5235.8408203125,19934.666015625,7652.775390625,7147.6943359375,5666.40234375,1405.4615478515625,642.3402709960938,1016.84130859375,9049.185546875
2018-01-29,3675.723876953125,2164.02490234375,2472.164794921875,3296.7060546875,2527.93359375,2618.840576171875,5251.017578125,20010.080078125,7772.0205078125,7188.19140625,5666.40234375,1405.4615478515625,679.904052734375,1047.3773193359375,9425.607421875
2018-01-30,3675.723876953125,2118.46630859375,2434.364501953125,3201.27490234375,2465.822265625,2526.804443359375,5114.4306640625,19356.48828125,7698.369140625,7046.4521484375,5473.42919921875,1376.4403076171875,683.6604614257812,1038.21630859375,9064.2421875
2018-01-31,3663.631591796875,2107.07666015625,2464.60498046875,3262.00390625,2478.244384765625,2501.7041015625,5159.95947265625,19557.59375,7631.73095703125,7066.7001953125,5438.34375,1380.5860595703125,687.4168090820312,1038.21630859375,9124.47265625
2018-02-01,3768.422607421875,2107.07666015625,2479.72509765625,3235.976806640625,2472.033203125,2459.869384765625,5205.48876953125,19507.31640625,7631.73095703125,7046.4521484375,5403.25732421875,1397.169921875,683.6604614257812,1019.8948364257812,9275.0390625
2018-02-02,3865.15234375,2129.85595703125,2457.044921875,3227.302001953125,2484.45556640625,2510.07080078125,5281.37060546875,19708.423828125,7719.4111328125,7127.44482421875,5455.88623046875,1376.4403076171875,679.904052734375,1007.6804809570312,8913.6728515625
2018-02-05,3836.939453125,2152.635009765625,2457.044921875,3218.626220703125,2490.666748046875,2459.869384765625,5175.1357421875,19394.193359375,7593.14990234375,7086.94873046875,5473.42919921875,1372.29443359375,653.6094970703125,1007.6804809570312,8913.6728515625
2018-02-06,3792.605224609375,2095.686767578125,2426.80419921875,3149.221923828125,2447.1884765625,2426.4013671875,5114.4306640625,18954.2734375,7561.5869140625,7086.94873046875,5368.17138671875,1359.856689453125,638.5838623046875,967.9840698242188,8763.1044921875
2018-02-07,3788.57470703125,2107.07666015625,2457.044921875,3314.056884765625,2472.033203125,2476.603515625,5129.60595703125,19356.48828125,7670.3095703125,7147.6943359375,5561.14501953125,1393.02392578125,653.6094970703125,967.9840698242188,8672.7626953125
2018-02-08,3820.81884765625,2118.46630859375,2472.164794921875,3296.7060546875,2496.877685546875,2434.76904296875,5084.07763671875,19482.181640625,7628.22314453125,7248.9365234375,5508.515625,1384.7320556640625,642.3402709960938,955.7697143554688,8732.9892578125
2018-02-09,3800.666015625,2112.771728515625,2487.28515625,3270.679931640625,2453.399658203125,2392.93408203125,4977.84326171875,19406.763671875,7772.0205078125,7228.6865234375,5438.34375,1364.002685546875,623.5584106445312,931.3412475585938,8522.193359375
2018-02-12,3788.57470703125,2164.02490234375,2479.72509765625,3305.38134765625,2459.61083984375,2392.93408203125,4977.84326171875,18929.134765625,7715.9052734375,7208.4384765625,5455.88623046875,1351.56494140625,642.3402709960938,943.555419921875,8552.30859375
2018-02-13,3836.939453125,2209.583251953125,2502.405517578125,3366.1103515625,2509.300048828125,2476.603515625,5023.3720703125,18929.134765625,7705.38330078125,7208.4384765625,5438.34375,1343.273193359375,657.3657836914062,998.5198364257812,8702.876953125
2018-02-14,3820.81884765625,2198.193359375,2509.965576171875,3366.1103515625,2509.300048828125,2434.76904296875,5084.07763671875,18966.845703125,7645.759765625,7248.9365234375,5490.97314453125,1343.273193359375,664.8785400390625,986.3057250976562,8785.6904296875
2018-02-15,3780.51416015625,2186.8037109375,2509.965576171875,3340.08349609375,2490.666748046875,2434.76904296875,5023.3720703125,18979.4140625,7652.775390625,7269.18505859375,5473.42919921875,1326.6893310546875,683.6604614257812,989.359130859375,9056.712890625
2018-02-16,3780.51416015625,2186.8037109375,2509.965576171875,3340.08349609375,2490.666748046875,2434.76904296875,5023.3720703125,18979.4140625,7652.775390625,7269.18505859375,5473.42919921875,1326.6893310546875,683.6604614257812,989.359130859375,9056.712890625
2018-02-19,3909.486572265625,2198.193359375,2562.886474609375,3426.8388671875,2515.51123046875,2434.76904296875,5114.4306640625,19205.66015625,7687.8466796875,7370.4267578125,5508.515625,1355.710693359375,691.1732177734375,1013.7876586914062,9034.1279296875
2018-02-20,3873.212646484375,2164.02490234375,2736.769775390625,3444.190185546875,2527.93359375,2443.135498046875,5038.54736328125,18778.306640625,7638.7451171875,7188.19140625,5438.34375,1343.273193359375,676.1477661132812,1016.84130859375,9026.599609375
2018-02-21,3873.212646484375,2164.02490234375,2661.16845703125,3530.94580078125,2527.93359375,2451.502685546875,4962.6669921875,18602.33984375,7645.759765625,7147.6943359375,5350.6279296875,1355.710693359375,683.6604614257812,1032.109130859375,8913.6728515625
2018-02-22,3853.061279296875,2146.940185546875,2608.24755859375,3392.137451171875,2490.666748046875,2451.502685546875,4856.43115234375,18036.728515625,7575.61474609375,7208.4384765625,5403.25732421875,1339.1273193359375,676.1477661132812,1026.0020751953125,9192.2255859375
2018-02-23,3909.486572265625,2158.329833984375,2585.5673828125,3418.1640625,2503.089111328125,2484.97021484375,4977.84326171875,18602.33984375,7638.7451171875,7228.6865234375,5350.6279296875,1326.6893310546875,672.3912353515625,1038.21630859375,9546.0625
2018-02-26,3792.605224609375,2129.85595703125,2509.965576171875,3409.48828125,2503.089111328125,2493.3369140625,4917.13818359375,18401.232421875,7572.10888671875,7228.6865234375,5297.99853515625,1330.8353271484375,676.1477661132812,989.359130859375,9478.306640625
2018-02-27,3796.63525390625,2146.940185546875,2547.766357421875,3409.48828125,2496.877685546875,2518.43798828125,4977.84326171875,18401.232421875,7572.10888671875,7289.43359375,5315.5419921875,1334.9813232421875,709.955078125,949.66259765625,9214.8115234375
2018-02-28,3736.180419921875,2152.635009765625,2509.965576171875,3374.785888671875,2484.45556640625,2468.236328125,4901.96142578125,17898.46484375,7561.5869140625,7269.18505859375,5315.5419921875,1326.6893310546875,717.4678955078125,967.9840698242188,9275.0390625
2018-03-01,3736.180419921875,2158.329833984375,2532.64599609375,3340.08349609375,2521.72265625,2418.03515625,4901.96142578125,18363.525390625,7572.10888671875,7289.43359375,5455.88623046875,1326.6893310546875,706.1986694335938,967.9840698242188,9086.8271484375
2018-03-02,3687.814208984375,2158.329833984375,2562.886474609375,3305.38134765625,2527.93359375,2376.200439453125,4947.4892578125,17948.744140625,7561.5869140625,7370.4267578125,5403.25732421875,1343.273193359375,691.1732177734375,937.4483642578125,8635.1201171875
2018-03-05,3687.814208984375,2146.940185546875,2487.28515625,3314.056884765625,2496.877685546875,2392.93408203125,4947.4892578125,17684.791015625,7572.10888671875,7289.43359375,5333.0849609375,1326.6893310546875,683.6604614257812,943.555419921875,8221.056640625
2018-03-06,3671.693359375,2124.160888671875,2434.364501953125,3183.923828125,2496.877685546875,2401.301025390625,4886.78515625,18137.279296875,7368.68896484375,7228.6865234375,5227.8271484375,1293.5223388671875,679.904052734375,931.3412475585938,8190.9423828125
2018-03-07,3643.480224609375,2084.29736328125,2396.5634765625,3149.221923828125,2484.45556640625,2309.26513671875,4750.1982421875,17546.529296875,7175.7919921875,7066.7001953125,5105.02587890625,1252.0631103515625,664.8785400390625,894.6983032226562,7995.2041015625
2018-03-08,3756.33251953125,2146.940185546875,2449.484375,3244.65283203125,2571.41162109375,2275.7978515625,4765.37451171875,18087.00390625,7182.8076171875,7127.44482421875,5140.111328125,1243.771240234375,657.3657836914062,855.0016479492188,8100.60205078125
2018-03-09,3756.33251953125,2101.38232421875,2449.484375,3262.00390625,2577.62255859375,2300.8984375,4719.8447265625,18212.693359375,7091.6171875,7289.43359375,5227.8271484375,1281.08447265625,638.5838623046875,882.4839477539062,8168.3583984375
2018-03-12,3808.7265625,2141.245361328125,2517.525634765625,3244.65283203125,2608.678466796875,2284.164306640625,4735.02099609375,18325.8203125,7077.58935546875,7370.4267578125,5297.99853515625,1305.9595947265625,676.1477661132812,916.0732421875,8702.876953125
2018-03-13,3780.51416015625,2141.245361328125,2472.164794921875,3209.95068359375,2540.355712890625,2217.229248046875,4674.3154296875,17697.359375,7077.58935546875,7066.7001953125,5262.9130859375,1260.355224609375,661.1221923828125,894.6983032226562,8431.8544921875
2018-03-14,3772.452880859375,2135.55029296875,2479.72509765625,3279.3544921875,2521.72265625,2167.027587890625,4598.4345703125,16943.212890625,7031.99658203125,7046.4521484375,5140.111328125,1223.041748046875,661.1221923828125,870.2697143554688,7950.033203125
2018-03-15,3768.422607421875,2072.90771484375,2419.243896484375,3262.00390625,2440.9775390625,2133.56005859375,4522.55322265625,16943.212890625,7031.99658203125,6985.70703125,5034.85302734375,1231.3336181640625,646.0966796875,851.9481811523438,7829.5771484375
2018-03-16,3764.391845703125,2095.686767578125,2396.5634765625,3305.38134765625,2372.655029296875,2091.7255859375,4522.55322265625,16377.6005859375,6972.37060546875,7086.94873046875,5017.31005859375,1218.89599609375,634.8275146484375,858.0552978515625,8379.154296875
2018-03-19,3764.391845703125,2101.38232421875,2441.92431640625,3331.408203125,2372.655029296875,2175.39501953125,4416.3173828125,16339.8916015625,7000.43115234375,7147.6943359375,5052.396484375,1227.1876220703125,616.0457153320312,867.2161865234375,8281.2841796875
2018-03-20,3752.30029296875,2129.85595703125,2449.484375,3209.95068359375,2273.276611328125,2133.56005859375,4431.494140625,16113.6494140625,7014.45849609375,6945.21044921875,4912.0517578125,1189.8746337890625,604.7764892578125,876.3768920898438,8085.5458984375
2018-03-21,3768.422607421875,2169.71923828125,2479.72509765625,3218.626220703125,2304.332763671875,2158.660888671875,4431.494140625,16289.6171875,7193.326171875,6965.458984375,5105.02587890625,1202.312255859375,627.3148803710938,879.430419921875,8401.7392578125
2018-03-22,3780.51416015625,2089.991943359375,2419.243896484375,3088.492919921875,2298.12109375,2116.826416015625,4461.84765625,16440.4453125,7119.6767578125,7086.94873046875,5017.31005859375,1185.7286376953125,616.0457153320312,882.4839477539062,8544.7802734375
2018-03-23,3836.939453125,2050.12841796875,2434.364501953125,3027.76416015625,2273.276611328125,2058.25830078125,4416.3173828125,16088.5126953125,7151.2412109375,7046.4521484375,5017.31005859375,1185.7286376953125,593.50732421875,882.4839477539062,8702.876953125
2018-03-26,3752.30029296875,2050.12841796875,2441.92431640625,3175.248779296875,2229.798583984375,2108.45947265625,4385.96484375,16088.5126953125,7063.55908203125,6924.96142578125,5052.396484375,1160.853271484375,589.7510375976562,894.6983032226562,8748.044921875
2018-03-27,3780.51416015625,2050.12841796875,2419.243896484375,3192.599609375,2211.16552734375,2108.45947265625,4431.494140625,16088.5126953125,7014.45849609375,6783.22265625,5017.31005859375,1194.0205078125,582.2383422851562,900.8053588867188,8906.14453125
2018-03-28,3760.3623046875,2021.654541015625,2358.762939453125,3087.50146484375,2217.376708984375,2108.45947265625,4310.08349609375,15987.955078125,6930.28515625,6864.21630859375,4999.76708984375,1194.0205078125,578.48193359375,888.5911254882812,8469.4970703125
2018-03-29,3756.33251953125,2050.12841796875,2381.734619140625,3096.425048828125,2236.010009765625,2108.45947265625,4431.494140625,16088.5126953125,6947.82177734375,6702.22900390625,5052.396484375,1243.771240234375,582.2383422851562,897.751953125,8582.421875
2018-03-30,3756.33251953125,2050.12841796875,2381.734619140625,3096.425048828125,2236.010009765625,2108.45947265625,4431.494140625,16088.5126953125,6947.82177734375,6702.22900390625,5052.396484375,1243.771240234375,582.2383422851562,897.751953125,8582.421875
2018-04-02,3772.452880859375,2112.776123046875,2428.283447265625,3114.271484375,2279.488037109375,2033.157470703125,4583.2578125,16163.92578125,7042.5166015625,6762.97314453125,5157.65478515625,1281.08447265625,597.2637939453125,934.394775390625,8620.0654296875
2018-04-03,3772.452880859375,2112.776123046875,2420.52490234375,3078.577880859375,2254.643310546875,1974.5888671875,4659.14013671875,16138.787109375,7028.48876953125,6641.4833984375,5017.31005859375,1285.2303466796875,604.7764892578125,943.555419921875,8681.2099609375
2018-04-04,3756.33251953125,2048.219482421875,2358.460693359375,2953.650146484375,2236.010009765625,2125.193115234375,4598.4345703125,16088.5126953125,6951.328125,6600.98681640625,5052.396484375,1293.5223388671875,582.2383422851562,931.3412475585938,8463.9814453125
2018-04-05,3716.027099609375,2036.4814453125,2373.9765625,2926.8798828125,2285.69873046875,2150.2939453125,4613.61083984375,16189.060546875,7017.9658203125,6641.4833984375,4999.76708984375,1285.2303466796875,601.0202026367188,986.3057250976562,8817.9873046875
2018-04-06,3663.631591796875,2042.3505859375,2342.944091796875,2962.573974609375,2267.065673828125,2141.92724609375,4568.08154296875,16189.060546875,7123.18310546875,6621.23388671875,4982.22412109375,1281.08447265625,604.7764892578125,971.0377197265625,8817.9873046875
2018-04-09,3671.693359375,2071.694580078125,2350.702392578125,3033.9609375,2341.599609375,2150.2939453125,4704.6689453125,17332.857421875,7281.0078125,6702.22900390625,5034.85302734375,1260.355224609375,638.5838623046875,980.1984252929688,8826.033203125
2018-04-10,3756.33251953125,2101.038818359375,2443.79931640625,3114.271484375,2397.49951171875,2284.164306640625,4750.1982421875,17923.607421875,7295.03759765625,6823.71923828125,5087.48291015625,1264.500732421875,638.5838623046875,1007.6804809570312,9155.9013671875
2018-04-11,3760.3623046875,2142.12060546875,2498.106201171875,3060.731689453125,2403.7109375,2300.8984375,4826.080078125,17885.89453125,7281.0078125,6803.47119140625,5069.939453125,1281.08447265625,649.8530883789062,1044.3236083984375,8817.9873046875
2018-04-12,3732.14892578125,2106.9072265625,2490.347900390625,3087.50146484375,2329.17724609375,2242.330078125,4689.4921875,17697.359375,7252.94873046875,6762.97314453125,4999.76708984375,1322.543701171875,649.8530883789062,1044.3236083984375,8745.5751953125
2018-04-13,3719.9658203125,2083.432373046875,2490.347900390625,3149.965087890625,2273.276611328125,2192.128173828125,4568.08154296875,17647.08203125,7042.5166015625,6762.97314453125,4964.6806640625,1297.668212890625,661.1221923828125,1047.3773193359375,8713.392578125
2018-04-16,3719.9658203125,2083.432373046875,2490.347900390625,3149.965087890625,2273.276611328125,2192.128173828125,4568.08154296875,17647.08203125,7042.5166015625,6762.97314453125,4947.13818359375,1297.668212890625,649.8530883789062,1047.3773193359375,8657.0751953125
2018-04-17,3719.9658203125,2083.432373046875,2490.347900390625,3149.965087890625,2273.276611328125,2192.128173828125,4568.08154296875,17647.08203125,7042.5166015625,6762.97314453125,4982.22412109375,1297.668212890625,653.6094970703125,1047.3773193359375,8649.0283203125
2018-04-18,3732.148193359375,2147.989013671875,2498.106201171875,3132.11865234375,2341.599609375,2100.092529296875,4568.08154296875,18501.7890625,7235.41259765625,6742.7255859375,4947.13818359375,1289.376220703125,664.8785400390625,1062.64501953125,8665.119140625
2018-04-19,3732.148193359375,2147.989013671875,2498.106201171875,3132.11865234375,2341.599609375,2100.092529296875,4568.08154296875,18501.7890625,7235.41259765625,6742.7255859375,5017.31005859375,1289.376220703125,702.4423217773438,1169.7071533203125,8970.8525390625
2018-04-20,3732.148193359375,2147.989013671875,2498.106201171875,3132.11865234375,2341.599609375,2100.092529296875,4568.08154296875,18501.7890625,7235.41259765625,6742.7255859375,4982.22412109375,1289.376220703125,681.354248046875,1169.7071533203125,8938.669921875
2018-04-23,3736.20947265625,2101.038818359375,2482.590087890625,3114.271484375,2329.17724609375,2066.625,4537.72900390625,18903.998046875,7126.689453125,6783.22265625,4912.0517578125,1264.500732421875,673.825439453125,1126.0111083984375,8850.169921875
2018-04-24,3724.02685546875,2048.219482421875,2397.250732421875,2989.343994140625,2378.866455078125,2024.7904052734375,4446.6708984375,19369.5859375,6733.88037109375,6762.97314453125,4841.8798828125,1214.75,647.4747314453125,1119.2886962890625,8576.6171875
2018-04-25,3724.02685546875,2048.219482421875,2397.250732421875,2989.343994140625,2378.866455078125,2024.7904052734375,4446.6708984375,19369.5859375,6733.88037109375,6762.97314453125,4824.33642578125,1214.75,639.9459228515625,1119.2886962890625,8190.42822265625
2018-04-26,3724.02685546875,2048.219482421875,2397.250732421875,2989.343994140625,2378.866455078125,2024.7904052734375,4446.6708984375,19369.5859375,6733.88037109375,6762.97314453125,4736.62158203125,1214.75,624.888427734375,1119.2886962890625,7989.2880859375
2018-04-27,3724.02685546875,2048.219482421875,2397.250732421875,2989.343994140625,2378.866455078125,2024.7904052734375,4446.6708984375,19369.5859375,6733.88037109375,6762.97314453125,4754.1640625,1214.75,624.888427734375,1119.2886962890625,7595.05419921875
2018-04-30,3590.010498046875,1889.760986328125,2211.056884765625,2873.33984375,2378.866455078125,1773.783447265625,4340.4365234375,17427.515625,6502.40283203125,7026.203125,4894.5087890625,1247.917236328125,636.1815795898438,1089.0377197265625,7611.14501953125
2018-05-01,3590.010498046875,1889.760986328125,2211.056884765625,2873.33984375,2378.866455078125,1773.783447265625,4340.4365234375,17427.515625,6502.40283203125,7026.203125,4894.5087890625,1247.917236328125,636.1815795898438,1089.0377197265625,7611.14501953125
2018-05-02,3719.9658203125,1895.630126953125,2234.3310546875,2855.49267578125,2403.7109375,1757.0494384765625,4477.0234375,16993.10546875,6446.287109375,7046.4521484375,4859.42333984375,1256.2091064453125,651.2391357421875,1152.9010009765625,7755.96630859375
2018-05-03,3622.498779296875,1848.67919921875,2125.7177734375,2757.335205078125,2322.9658203125,1627.362548828125,4416.3173828125,17120.875,6341.07080078125,6641.4833984375,4719.07861328125,1198.1663818359375,632.4171752929688,1102.4825439453125,7192.7744140625
2018-05-04,3577.82763671875,1778.2535400390625,2055.89501953125,2668.100830078125,2316.754638671875,1531.143310546875,4481.2177734375,17184.76171875,6362.11474609375,6641.4833984375,4455.93310546875,1152.5615234375,624.888427734375,1126.0111083984375,7233.00048828125
2018-05-07,3622.498779296875,1789.9910888671875,2110.20166015625,2614.560546875,2360.232421875,1589.7115478515625,4373.05078125,16763.125,6719.8515625,6945.21044921875,4473.47607421875,1227.1876220703125,609.8308715820312,1099.121337890625,7514.59814453125
2018-05-08,3577.82763671875,1801.7286376953125,2110.20166015625,2614.560546875,2352.214599609375,1497.6756591796875,4295.7890625,16482.03515625,6600.60595703125,6843.96826171875,4350.6748046875,1206.458251953125,594.7732543945312,1095.7601318359375,7208.86572265625
2018-05-09,3719.9658203125,1883.8919677734375,2226.572998046875,2873.33984375,2404.19677734375,1581.3447265625,4388.5029296875,16903.669921875,6937.298828125,6864.21630859375,4473.47607421875,1189.8746337890625,606.0665283203125,1152.9010009765625,7466.32568359375
2018-05-10,3719.9658203125,1883.8919677734375,2226.572998046875,2873.33984375,2404.19677734375,1581.3447265625,4388.5029296875,16903.669921875,6937.298828125,6864.21630859375,4473.47607421875,1189.8746337890625,606.0665283203125,1152.9010009765625,7466.32568359375
2018-05-11,3695.599365234375,1854.54833984375,2234.3310546875,2953.650146484375,2358.71240234375,1652.463134765625,4357.59814453125,18079.130859375,6874.16943359375,6783.22265625,4561.19189453125,1202.312255859375,609.8308715820312,1159.6234130859375,8246.748046875
2018-05-14,3732.148193359375,1872.155029296875,2234.3310546875,2926.8798828125,2300.2314453125,1589.7115478515625,4342.14599609375,18296.3359375,6874.16943359375,6762.97314453125,4526.10498046875,1198.1663818359375,613.59521484375,1196.5970458984375,8335.25
2018-05-15,3606.255126953125,1801.7286376953125,2125.7177734375,2882.2626953125,2189.768798828125,1464.2080078125,4280.3359375,17734.15625,6656.72119140625,6641.4833984375,4543.64794921875,1148.41552734375,617.3596801757812,1186.5133056640625,8472.0244140625
2018-05-16,3634.682373046875,1801.7286376953125,2125.7177734375,2855.49267578125,2261.244873046875,1514.4095458984375,4264.88330078125,17772.48828125,6418.22802734375,6722.4765625,4508.56201171875,1111.102294921875,609.8308715820312,1176.4296875,8826.033203125
2018-05-17,3573.76708984375,1754.7781982421875,2079.169189453125,2784.105224609375,2267.74267578125,1823.98486328125,4156.716796875,18539.09375,6383.15771484375,6621.23388671875,4420.84716796875,1094.518798828125,621.1240844726562,1193.23583984375,8488.1181640625
2018-05-18,3525.03271484375,1725.43408203125,2110.20166015625,2703.794677734375,2267.74267578125,1790.51708984375,4033.096435546875,18309.11328125,6477.85302734375,6479.49609375,4473.47607421875,1053.0596923828125,639.9459228515625,1240.29296875,8367.4306640625
2018-05-21,3516.9111328125,1619.7952880859375,2071.4111328125,2605.637451171875,2222.258056640625,1706.8480224609375,4033.096435546875,18040.802734375,6481.35888671875,6479.49609375,4420.84716796875,1069.643310546875,662.5322265625,1287.35009765625,8576.6171875
2018-05-22,3573.76708984375,1596.320068359375,2024.8624267578125,2543.17333984375,2254.747314453125,1690.1143798828125,4295.7890625,18385.7734375,6481.35888671875,6560.4892578125,4596.27685546875,1094.518798828125,636.1815795898438,1273.9051513671875,8431.798828125
2018-05-23,3573.76708984375,1690.22119140625,2102.443359375,2569.943603515625,2254.747314453125,1807.2509765625,4326.693359375,18615.75390625,6509.4189453125,6499.744140625,4771.7080078125,1065.4974365234375,636.1815795898438,1267.1827392578125,8045.60791015625
2018-05-24,3646.86572265625,1795.859619140625,2172.266357421875,2739.48828125,2313.2275390625,1941.12158203125,4465.765625,18884.0703125,6747.91015625,6681.97998046875,4894.5087890625,1094.518798828125,666.296630859375,1263.8214111328125,7868.60400390625
2018-05-25,3663.11083984375,1831.072998046875,2172.266357421875,2846.5693359375,2313.2275390625,1907.65380859375,4481.2177734375,19165.15625,6565.533203125,6722.4765625,4929.5947265625,1135.977783203125,655.003662109375,1260.4603271484375,8093.88330078125
2018-05-28,3711.843505859375,1907.367431640625,2288.637451171875,3060.731689453125,2397.698974609375,1890.9200439453125,4434.85986328125,18449.662109375,6607.61962890625,6985.70703125,4964.6806640625,1164.999267578125,643.7103271484375,1230.2093505859375,8166.29248046875
2018-05-29,3711.843505859375,1907.367431640625,2288.637451171875,3060.731689453125,2397.698974609375,1890.9200439453125,4434.85986328125,18449.662109375,6607.61962890625,6985.70703125,4964.6806640625,1164.999267578125,643.7103271484375,1230.2093505859375,8166.29248046875
2018-05-30,3687.47705078125,1842.810302734375,2249.84716796875,3087.50146484375,2339.218505859375,1807.2509765625,4326.693359375,18807.408203125,6530.4609375,6884.46435546875,4929.5947265625,1135.977783203125,639.9459228515625,1270.5440673828125,8335.25
2018-05-31,3687.47705078125,1807.597412109375,2187.782470703125,3025.037841796875,2287.236083984375,1757.0494384765625,4264.88330078125,17913.033203125,6397.18505859375,7046.4521484375,4964.6806640625,1135.977783203125,651.2391357421875,1277.266357421875,8311.111328125
2018-06-01,3687.47705078125,1807.597412109375,2187.782470703125,3025.037841796875,2287.236083984375,1757.0494384765625,4264.88330078125,17913.033203125,6397.18505859375,7046.4521484375,4964.6806640625,1135.977783203125,651.2391357421875,1277.266357421875,8311.111328125
2018-06-04,3724.02685546875,1836.94189453125,2288.637451171875,3025.037841796875,2365.2099609375,1982.9556884765625,4326.693359375,18270.78125,6440.45361328125,7026.203125,4929.5947265625,1131.8319091796875,662.5322265625,1331.046142578125,8504.2080078125
2018-06-05,3691.537353515625,1825.2042236328125,2280.87939453125,2953.650146484375,2488.6689453125,2125.193115234375,4326.693359375,18654.0859375,6639.05810546875,7107.197265625,5052.396484375,1173.2908935546875,666.296630859375,1344.4908447265625,9075.4453125
2018-06-06,3740.271484375,1848.67919921875,2273.121337890625,2944.72705078125,2462.677490234375,2225.595947265625,4311.2412109375,18130.23828125,6553.94140625,7167.94287109375,4894.5087890625,1169.14501953125,749.1132202148438,1314.239990234375,8898.4423828125
2018-06-07,3732.148193359375,1919.1053466796875,2288.637451171875,3016.1142578125,2449.68212890625,2141.92724609375,4311.2412109375,18487.98828125,6553.94140625,7289.43359375,4982.22412109375,1214.75,711.4693603515625,1324.3236083984375,8640.9833984375
2018-06-08,3614.376953125,1842.810302734375,2156.75,2873.33984375,2345.716796875,2200.49560546875,4264.88330078125,17785.265625,6440.45361328125,7167.94287109375,4876.96533203125,1127.6861572265625,681.354248046875,1368.0196533203125,8689.2568359375
2018-06-11,3614.376953125,1842.810302734375,2156.75,2873.33984375,2345.716796875,2200.49560546875,4264.88330078125,17785.265625,6440.45361328125,7167.94287109375,4876.96533203125,1127.6861572265625,681.354248046875,1368.0196533203125,8689.2568359375
2018-06-12,3614.376953125,1842.810302734375,2156.75,2873.33984375,2345.716796875,2200.49560546875,4264.88330078125,17785.265625,6440.45361328125,7167.94287109375,4876.96533203125,1127.6861572265625,681.354248046875,1368.0196533203125,8689.2568359375
2018-06-13,3614.376953125,1842.810302734375,2156.75,2873.33984375,2345.716796875,2200.49560546875,4264.88330078125,17785.265625,6440.45361328125,7167.94287109375,4876.96533203125,1127.6861572265625,681.354248046875,1368.0196533203125,8689.2568359375
2018-06-14,3614.376953125,1842.810302734375,2156.75,2873.33984375,2345.716796875,2200.49560546875,4264.88330078125,17785.265625,6440.45361328125,7167.94287109375,4876.96533203125,1127.6861572265625,681.354248046875,1368.0196533203125,8689.2568359375
2018-06-15,3614.376953125,1842.810302734375,2156.75,2873.33984375,2345.716796875,2200.49560546875,4264.88330078125,17785.265625,6440.45361328125,7167.94287109375,4876.96533203125,1127.6861572265625,681.354248046875,1368.0196533203125,8689.2568359375
2018-06-18,3614.376953125,1842.810302734375,2156.75,2873.33984375,2345.716796875,2200.49560546875,4264.88330078125,17785.265625,6440.45361328125,7167.94287109375,4876.96533203125,1127.6861572265625,681.354248046875,1368.0196533203125,8689.2568359375
2018-06-19,3614.376953125,1842.810302734375,2156.75,2873.33984375,2345.716796875,2200.49560546875,4264.88330078125,17785.265625,6440.45361328125,7167.94287109375,4876.96533203125,1127.6861572265625,681.354248046875,1368.0196533203125,8689.2568359375
2018-06-20,3492.544921875,1737.1717529296875,2079.169189453125,2685.947998046875,2410.69482421875,2108.45947265625,4295.7890625,17120.875,6280.86083984375,7095.33935546875,4867.52197265625,1090.372802734375,662.5322265625,1425.160400390625,8270.8837890625
2018-06-21,3435.688720703125,1707.82763671875,2079.169189453125,2641.330810546875,2345.716796875,2150.2939453125,4125.8115234375,17056.990234375,6270.22216796875,6806.57470703125,4740.384765625,1036.47607421875,670.0610961914062,1378.103271484375,7828.37548828125
2018-06-22,3561.5830078125,1748.9091796875,2079.169189453125,2641.330810546875,2326.22314453125,2175.39501953125,4079.454345703125,16852.560546875,6270.22216796875,6930.33154296875,4758.546875,1108.39501953125,685.1185913085938,1394.9095458984375,7619.19091796875
2018-06-25,3606.255126953125,1696.0899658203125,2079.169189453125,2605.637451171875,2378.205810546875,2158.660888671875,4079.454345703125,16763.125,6383.70947265625,7219.09521484375,4813.03466796875,1095.7032470703125,670.0610961914062,1388.186767578125,7361.73193359375
2018-06-26,3472.239013671875,1655.00830078125,2055.89501953125,2552.096435546875,2397.698974609375,2091.7255859375,4141.263671875,16622.578125,6319.873046875,7260.34619140625,4813.03466796875,1070.3201904296875,655.003662109375,1378.103271484375,7329.548828125
2018-06-27,3468.177734375,1666.745849609375,2048.13671875,2516.403076171875,2410.69482421875,2125.193115234375,3971.287109375,16456.482421875,6302.14013671875,7074.712890625,4758.546875,1049.1676025390625,632.4171752929688,1357.93603515625,7168.63623046875
2018-06-28,3403.200439453125,1613.9263916015625,2017.104736328125,2427.1689453125,2378.205810546875,2083.359130859375,3924.9287109375,15958.185546875,6319.873046875,7033.46044921875,4613.24853515625,977.2490844726562,628.6527709960938,1290.7113037109375,7055.9970703125
2018-06-29,3488.483154296875,1666.745849609375,2125.7177734375,2516.403076171875,2436.68603515625,2108.45947265625,4079.454345703125,16149.83984375,6539.755859375,7301.599609375,4831.1962890625,1032.245361328125,670.0610961914062,1334.4073486328125,7200.8203125
2018-07-02,3484.42236328125,1672.61474609375,2024.8624267578125,2516.403076171875,2436.68603515625,2116.826416015625,3863.118896484375,16558.697265625,6433.361328125,7322.22509765625,4740.384765625,1057.628662109375,617.3596801757812,1344.4908447265625,7088.1796875
2018-07-03,3346.3447265625,1660.876953125,1962.797607421875,2480.709716796875,2404.19677734375,2083.359130859375,3770.404052734375,16303.16015625,6337.60400390625,7280.97265625,4540.59814453125,1036.47607421875,602.3021240234375,1344.4908447265625,6854.857421875
2018-07-04,3447.8720703125,1719.5653076171875,2048.13671875,2569.943603515625,2443.18408203125,1974.5888671875,3863.118896484375,16405.373046875,6592.95361328125,7487.23193359375,4667.73486328125,1057.628662109375,606.0665283203125,1344.4908447265625,7176.6826171875
2018-07-05,3447.8720703125,1707.82763671875,2024.8624267578125,2534.249755859375,2488.6689453125,2016.423828125,3894.023681640625,16993.10546875,6561.03466796875,7342.85009765625,4576.9228515625,1057.628662109375,602.3021240234375,1344.4908447265625,7482.41552734375
2018-07-06,3399.13916015625,1666.745849609375,1955.039306640625,2480.709716796875,2508.162353515625,2049.89111328125,3894.023681640625,17159.203125,6490.10302734375,7177.84326171875,4504.2734375,1057.628662109375,587.2445678710938,1327.684814453125,7908.8330078125
2018-07-09,3557.522216796875,1766.515869140625,1993.8299560546875,2569.943603515625,2586.13623046875,2192.128173828125,3909.4765625,16660.91015625,6582.31494140625,7239.720703125,4758.546875,1074.55078125,602.3021240234375,1344.4908447265625,7957.10498046875
2018-07-10,3557.522216796875,1789.9910888671875,2001.58837890625,2605.637451171875,2618.62548828125,2233.963134765625,3924.9287109375,17069.767578125,6685.1611328125,7342.85009765625,4831.1962890625,1108.39501953125,609.8308715820312,1341.1297607421875,8045.60791015625
2018-07-11,3626.560546875,1754.7781982421875,1970.555908203125,2561.02001953125,2638.118896484375,2217.229248046875,4094.906494140625,16763.125,6741.90673828125,7260.34619140625,4813.03466796875,1112.625244140625,636.1815795898438,1368.0196533203125,8142.1552734375
2018-07-12,3707.78173828125,1743.040283203125,2001.58837890625,2507.479736328125,2664.110107421875,2334.365966796875,4125.8115234375,16354.2646484375,6653.24169921875,7280.97265625,4758.546875,1104.1644287109375,647.4747314453125,1421.79931640625,7957.10498046875
2018-07-13,3740.271484375,1743.040283203125,2048.13671875,2587.79052734375,2612.127685546875,2334.365966796875,4203.07421875,16890.88671875,6653.24169921875,7322.22509765625,4740.384765625,1108.39501953125,685.1185913085938,1401.6319580078125,7884.6962890625
2018-07-16,3756.515625,1743.040283203125,2032.6207275390625,2623.484130859375,2560.14501953125,2242.330078125,4141.263671875,17018.66015625,6490.10302734375,7280.97265625,4740.384765625,1116.85595703125,677.58984375,1425.160400390625,7627.2373046875
2018-07-17,3691.537353515625,1684.35205078125,1962.797607421875,2650.254150390625,2560.14501953125,2284.164306640625,4094.906494140625,16763.125,6440.45361328125,7157.21630859375,4667.73486328125,1078.78125,662.5322265625,1472.2177734375,7788.1484375
2018-07-18,3768.69873046875,1672.61474609375,1986.0721435546875,2632.4072265625,2605.629638671875,2376.200439453125,4110.359375,16865.337890625,6493.65087890625,7136.59130859375,4649.5732421875,1074.55078125,666.296630859375,1455.411376953125,7989.2880859375
2018-07-19,3768.69873046875,1696.0899658203125,1978.3138427734375,2632.4072265625,2540.651611328125,2342.73291015625,4141.263671875,16852.560546875,6348.2451171875,7095.33935546875,4595.0859375,1083.0118408203125,658.7678833007812,1478.9400634765625,8142.1552734375
2018-07-20,3752.45361328125,1748.9091796875,1970.555908203125,2587.79052734375,2592.634033203125,2384.5673828125,4125.8115234375,16507.587890625,6270.22216796875,7095.33935546875,4558.7607421875,1091.47265625,655.003662109375,1431.8828125,7788.1484375
2018-07-23,3793.065185546875,1784.1224365234375,1986.0721435546875,2605.637451171875,2638.118896484375,2493.3369140625,4125.8115234375,16865.337890625,6312.77978515625,7157.21630859375,4667.73486328125,1087.2421875,666.296630859375,1448.6890869140625,8013.4248046875
2018-07-24,3821.493408203125,1766.515869140625,2024.8624267578125,2623.484130859375,2618.62548828125,2493.3369140625,4110.359375,16814.232421875,6312.77978515625,7157.21630859375,4649.5732421875,1112.625244140625,666.296630859375,1425.160400390625,8142.1552734375
2018-07-25,3829.615478515625,1754.7781982421875,2009.34619140625,2605.637451171875,2534.1533203125,2401.301025390625,4249.43017578125,17657.498046875,6248.94140625,7054.08642578125,4613.24853515625,1104.1644287109375,662.5322265625,1452.0501708984375,8480.0712890625
2018-07-26,3789.005126953125,1784.1224365234375,2032.6207275390625,2703.794677734375,2553.647216796875,2367.83349609375,4125.8115234375,17849.1484375,6231.208984375,7136.59130859375,4631.41015625,1108.39501953125,670.0610961914062,1489.0234375,9051.3095703125
2018-07-27,3772.76025390625,1813.4664306640625,2040.3787841796875,2659.177490234375,2560.14501953125,2409.66796875,4311.2412109375,18091.904296875,6287.9541015625,7095.33935546875,4558.7607421875,1091.47265625,677.58984375,1546.1644287109375,9332.9033203125
2018-07-30,3780.88134765625,1807.597412109375,2086.92724609375,2677.0244140625,2540.651611328125,2359.466552734375,4388.5029296875,18360.21875,6256.03564453125,7239.720703125,4558.7607421875,1116.85595703125,718.9981689453125,1465.4952392578125,9654.7294921875
2018-07-31,3780.88134765625,1801.7286376953125,2063.653076171875,2641.330810546875,2319.725341796875,2300.8984375,4419.40869140625,18015.244140625,6135.45458984375,7198.46875,4613.24853515625,1095.7032470703125,688.8829956054688,1505.829833984375,9163.9462890625
2018-08-01,3813.37109375,1872.155029296875,2172.266357421875,2793.029052734375,2306.7294921875,2284.164306640625,4620.2900390625,18385.7734375,6344.6982421875,7198.46875,4667.73486328125,1150.699951171875,707.7049560546875,1525.9971923828125,9405.3154296875
2018-08-02,3809.310302734375,1907.367431640625,2187.782470703125,2784.105224609375,2274.240478515625,2284.164306640625,4512.12255859375,18155.791015625,6376.615234375,7239.720703125,4649.5732421875,1112.625244140625,688.8829956054688,1509.1910400390625,9268.541015625
2018-08-03,3809.310302734375,1954.318359375,2234.3310546875,2819.798828125,2248.249267578125,2284.164306640625,4403.95654296875,17836.37109375,6376.615234375,7239.720703125,4631.41015625,1099.9337158203125,677.58984375,1512.55224609375,9332.9033203125
2018-08-06,3866.16552734375,2001.268798828125,2265.363525390625,2926.8798828125,2371.707763671875,2384.5673828125,4589.3857421875,18296.3359375,6344.6982421875,7425.3544921875,4794.87158203125,1099.9337158203125,703.9405517578125,1539.4422607421875,9236.357421875
2018-08-07,3866.16552734375,1966.0557861328125,2234.3310546875,2891.1865234375,2326.22314453125,2551.90576171875,4558.48095703125,18385.7734375,6178.0126953125,7425.3544921875,4776.7099609375,1099.9337158203125,696.4118041992188,1606.666748046875,9316.814453125
2018-08-08,3886.470947265625,1954.318359375,2273.121337890625,2891.1865234375,2306.7294921875,2551.90576171875,4589.3857421875,18411.326171875,6099.9892578125,7384.10205078125,4685.8974609375,1091.47265625,692.6473999023438,1616.750244140625,9220.2666015625
2018-08-09,3914.89794921875,1954.318359375,2257.60498046875,2837.64599609375,2267.74267578125,2643.94140625,4635.7431640625,18705.1953125,6099.9892578125,7404.72900390625,4667.73486328125,1078.78125,685.1185913085938,1613.3892822265625,9051.3095703125
2018-08-10,3878.34912109375,1989.5311279296875,2280.87939453125,2846.5693359375,2274.240478515625,2568.639404296875,4573.93359375,18539.09375,6178.0126953125,7404.72900390625,4649.5732421875,1091.47265625,673.825439453125,1643.64013671875,8946.7158203125
2018-08-13,3789.005126953125,1842.810302734375,2148.991943359375,2641.330810546875,2189.768798828125,2384.5673828125,4388.5029296875,17631.943359375,6043.2451171875,7054.08642578125,4504.2734375,1066.08984375,643.7103271484375,1630.1954345703125,8496.1630859375
2018-08-14,3817.43212890625,1836.94189453125,2086.92724609375,2605.637451171875,2176.773193359375,2284.164306640625,4218.5263671875,17401.9609375,5816.26904296875,6765.32275390625,4449.7861328125,1032.245361328125,636.1815795898438,1398.2705078125,8335.25
2018-08-15,3809.310302734375,1883.8919677734375,2110.20166015625,2632.4072265625,2228.75537109375,2443.135498046875,4311.2412109375,17376.408203125,5787.896484375,7054.08642578125,4449.7861328125,1028.01513671875,651.2391357421875,1354.57470703125,8608.8017578125
2018-08-16,3797.126953125,1789.9910888671875,2079.169189453125,2525.326416015625,2176.773193359375,2418.03515625,4388.5029296875,17069.767578125,6032.60595703125,7136.59130859375,4431.6240234375,1023.7845458984375,624.888427734375,1384.8258056640625,8423.751953125
2018-08-17,3797.126953125,1789.9910888671875,2079.169189453125,2525.326416015625,2176.773193359375,2418.03515625,4388.5029296875,17069.767578125,6032.60595703125,7136.59130859375,4431.6240234375,1023.7845458984375,624.888427734375,1384.8258056640625,8423.751953125
2018-08-20,3882.410400390625,1866.2857666015625,2086.92724609375,2596.713623046875,2202.76416015625,2501.7041015625,4573.93359375,17874.703125,6007.77978515625,7095.33935546875,4504.2734375,1028.01513671875,643.7103271484375,1431.8828125,8890.3974609375
2018-08-21,3878.34912109375,1848.67919921875,2079.169189453125,2632.4072265625,2176.773193359375,2551.90576171875,4620.2900390625,17721.384765625,6043.2451171875,7260.34619140625,4704.0595703125,1116.85595703125,628.6527709960938,1384.8258056640625,8624.8916015625
2018-08-22,3878.34912109375,1848.67919921875,2079.169189453125,2632.4072265625,2176.773193359375,2551.90576171875,4620.2900390625,17721.384765625,6043.2451171875,7260.34619140625,4704.0595703125,1116.85595703125,628.6527709960938,1384.8258056640625,8624.8916015625
2018-08-23,3992.059814453125,1919.1053466796875,2125.7177734375,2694.871337890625,2144.28369140625,2501.7041015625,4589.3857421875,17887.478515625,6149.6396484375,7363.47607421875,4794.87158203125,1121.0863037109375,655.003662109375,1357.93603515625,8262.8388671875
2018-08-24,4073.281005859375,1919.1053466796875,2102.443359375,2650.254150390625,2137.785888671875,2468.236328125,4558.48095703125,17478.62109375,6099.9892578125,7322.22509765625,4849.3583984375,1099.9337158203125,658.7678833007812,1368.0196533203125,8335.25
2018-08-27,4024.54736328125,1983.662353515625,2164.508544921875,2739.48828125,2248.249267578125,2493.3369140625,4682.1005859375,17849.1484375,6199.29150390625,7260.34619140625,4849.3583984375,1099.9337158203125,673.825439453125,1364.658447265625,8335.25
2018-08-28,4057.037109375,1954.318359375,2172.266357421875,2810.8759765625,2326.22314453125,2459.869384765625,4543.0283203125,17580.837890625,6266.6748046875,7115.96533203125,4685.8974609375,1095.7032470703125,662.5322265625,1391.54833984375,8938.669921875
2018-08-29,4028.60888671875,1930.8427734375,2172.266357421875,2801.952392578125,2326.22314453125,2585.373046875,4620.2900390625,17887.478515625,6305.6875,7280.97265625,4631.41015625,1108.39501953125,658.7678833007812,1394.9095458984375,9107.626953125
2018-08-30,4073.281005859375,1872.155029296875,2125.7177734375,2721.641357421875,2280.73828125,2635.57421875,4620.2900390625,17606.388671875,6284.4072265625,7260.34619140625,4576.9228515625,1138.008544921875,651.2391357421875,1398.2705078125,9332.9033203125
2018-08-31,4028.60888671875,1866.2857666015625,2141.23388671875,2784.105224609375,2267.74267578125,2660.675048828125,4481.2177734375,17580.837890625,6220.5703125,7157.21630859375,4631.41015625,1138.008544921875,655.003662109375,1361.297119140625,9107.626953125
2018-09-03,4024.54736328125,1860.4168701171875,2079.169189453125,2801.952392578125,2267.74267578125,2577.00634765625,4388.5029296875,17427.515625,6195.744140625,7177.84326171875,4631.41015625,1116.85595703125,624.888427734375,1378.103271484375,8866.26171875
2018-09-04,4020.48779296875,1825.2042236328125,2040.3787841796875,2677.0244140625,2222.258056640625,2434.76904296875,4373.05078125,17120.875,6238.30224609375,7136.59130859375,4613.24853515625,1074.55078125,606.0665283203125,1344.4908447265625,8761.66796875
2018-09-05,3898.654541015625,1719.5653076171875,1962.797607421875,2525.326416015625,2124.790283203125,2342.73291015625,4187.62158203125,16584.248046875,5901.3837890625,6930.33154296875,4322.64990234375,1023.7845458984375,583.4801025390625,1273.9051513671875,8335.25
2018-09-06,4012.364013671875,1737.1717529296875,2032.6207275390625,2596.713623046875,2183.27099609375,2367.83349609375,4203.07421875,16865.337890625,5968.767578125,7136.59130859375,4322.64990234375,1028.01513671875,602.3021240234375,1280.6275634765625,8182.38427734375
2018-09-07,4036.732177734375,1778.2535400390625,2055.89501953125,2623.484130859375,2202.76416015625,2468.236328125,4434.85986328125,16929.220703125,6309.23291015625,7301.599609375,4431.6240234375,1044.93701171875,598.5376586914062,1267.1827392578125,8166.29248046875
2018-09-10,4020.48779296875,1743.040283203125,2040.3787841796875,2596.713623046875,2196.265869140625,2426.4013671875,4434.85986328125,16712.017578125,6458.185546875,7342.85009765625,4449.7861328125,1036.47607421875,598.5376586914062,1250.376708984375,8109.9736328125
2018-09-11,4020.48779296875,1743.040283203125,2040.3787841796875,2596.713623046875,2196.265869140625,2426.4013671875,4434.85986328125,16712.017578125,6458.185546875,7342.85009765625,4449.7861328125,1036.47607421875,598.5376586914062,1250.376708984375,8109.9736328125
2018-09-12,3882.410400390625,1707.82763671875,1978.3138427734375,2543.17333984375,2157.279541015625,2451.502685546875,4403.95654296875,16418.1484375,6543.302734375,7322.22509765625,4449.7861328125,1015.3236694335938,587.2445678710938,1324.3236083984375,8295.021484375
2018-09-13,3898.654541015625,1760.64697265625,2040.3787841796875,2623.484130859375,2241.751220703125,2484.97021484375,4373.05078125,16456.482421875,6603.5927734375,7301.599609375,4358.97509765625,1006.8623657226562,606.0665283203125,1334.4073486328125,8335.25
2018-09-14,3894.5927734375,1801.7286376953125,2094.68505859375,2685.947998046875,2332.720703125,2535.171875,4465.765625,16801.453125,6681.6162109375,7363.47607421875,4486.111328125,1044.93701171875,602.3021240234375,1334.4073486328125,8721.439453125
2018-09-17,3886.470947265625,1743.040283203125,2001.58837890625,2578.8671875,2254.747314453125,2484.97021484375,4295.7890625,16430.9296875,6532.66162109375,7280.97265625,4431.6240234375,1032.245361328125,594.7732543945312,1320.96240234375,8455.93359375
2018-09-18,3898.654541015625,1725.43408203125,1978.3138427734375,2578.8671875,2319.725341796875,2476.603515625,4342.14599609375,16341.4921875,6458.185546875,7239.720703125,4304.4873046875,1023.7845458984375,594.7732543945312,1388.186767578125,8415.7080078125
2018-09-19,3898.654541015625,1760.64697265625,1986.0721435546875,2561.02001953125,2306.7294921875,2501.7041015625,4573.93359375,16507.587890625,6553.94140625,7198.46875,4250.00048828125,1061.859375,594.7732543945312,1391.54833984375,8455.93359375
2018-09-20,3890.531982421875,1813.4664306640625,2071.4111328125,2605.637451171875,2339.218505859375,2443.135498046875,4635.7431640625,16763.125,6614.232421875,7301.599609375,4358.97509765625,1066.08984375,598.5376586914062,1398.2705078125,8689.2568359375
2018-09-21,3849.921630859375,1831.072998046875,2125.7177734375,2730.56494140625,2339.218505859375,2384.5673828125,4481.2177734375,17018.66015625,6678.0693359375,7384.10205078125,4413.46142578125,1091.47265625,617.3596801757812,1401.6319580078125,8496.1630859375
2018-09-24,3886.470947265625,1766.515869140625,2094.68505859375,2632.4072265625,2300.2314453125,2351.099609375,4403.95654296875,16584.248046875,6678.0693359375,7260.34619140625,4340.8125,1091.47265625,602.3021240234375,1384.8258056640625,8182.38427734375
2018-09-25,3886.470947265625,1778.2535400390625,2055.89501953125,2623.484130859375,2313.2275390625,2334.365966796875,4450.3125,16430.9296875,6525.5693359375,7301.599609375,4358.97509765625,1116.85595703125,606.0665283203125,1388.186767578125,8238.7021484375
2018-09-26,3931.143310546875,1754.7781982421875,2048.13671875,2614.560546875,2300.2314453125,2351.099609375,4543.0283203125,15907.0810546875,6536.20947265625,7095.33935546875,4340.8125,1116.85595703125,606.0665283203125,1381.46435546875,8190.42822265625
2018-09-27,3898.654541015625,1801.7286376953125,2055.89501953125,2623.484130859375,2326.22314453125,2359.466552734375,4558.48095703125,16443.70703125,6688.70947265625,7280.97265625,4340.8125,1146.4693603515625,628.6527709960938,1398.2705078125,8270.8837890625
2018-09-28,3923.020263671875,1848.67919921875,2086.92724609375,2641.330810546875,2365.2099609375,2309.26513671875,4543.0283203125,16865.337890625,6670.97705078125,7280.97265625,4286.32470703125,1167.6220703125,636.1815795898438,1452.0501708984375,8319.16015625
2018-10-01,3890.531982421875,1866.2857666015625,2079.169189453125,2677.0244140625,2384.70361328125,2342.73291015625,4527.576171875,16750.345703125,6568.1279296875,7280.97265625,4377.13720703125,1171.8526611328125,621.1240844726562,1478.9400634765625,8367.4306640625
2018-10-02,3890.531982421875,1825.2042236328125,2001.58837890625,2596.713623046875,2352.214599609375,2300.8984375,4450.3125,16571.470703125,6493.65087890625,7384.10205078125,4340.8125,1163.3916015625,598.5376586914062,1542.8033447265625,8286.9765625
2018-10-03,3886.470947265625,1819.335205078125,2017.104736328125,2587.79052734375,2339.218505859375,2392.93408203125,4450.3125,16609.80078125,6362.43115234375,7280.97265625,4322.64990234375,1167.6220703125,609.8308715820312,1566.3319091796875,8367.4306640625
2018-10-04,3833.6767578125,1760.64697265625,1931.765380859375,2462.86279296875,2339.218505859375,2334.365966796875,4373.05078125,16315.9365234375,6103.53515625,7280.97265625,4286.32470703125,1099.9337158203125,602.3021240234375,1583.1383056640625,8262.8388671875
2018-10-05,3744.332275390625,1748.9091796875,1947.2813720703125,2453.939208984375,2293.73388671875,2401.301025390625,4332.53125,16853.59765625,6053.88525390625,7260.34619140625,4195.5126953125,1070.3201904296875,602.3021240234375,1593.2218017578125,8262.8388671875
2018-10-08,3809.310302734375,1743.040283203125,1924.0072021484375,2436.092041015625,2287.236083984375,2451.502685546875,4270.19189453125,16582.18359375,6270.22216796875,7280.97265625,4050.21435546875,1091.47265625,609.8308715820312,1576.415771484375,8447.888671875
2018-10-09,3858.04345703125,1772.3848876953125,1970.555908203125,2436.092041015625,2332.720703125,2409.66796875,4379.28466796875,16543.408203125,6298.5927734375,7322.22509765625,4068.376220703125,1057.628662109375,609.8308715820312,1512.55224609375,8286.9765625
2018-10-10,3797.126953125,1766.515869140625,2009.34619140625,2480.709716796875,2339.218505859375,2367.83349609375,4332.53125,16698.501953125,6369.52392578125,7115.96533203125,4141.02587890625,1087.2421875,617.3596801757812,1525.9971923828125,8206.521484375
2018-10-11,3691.537353515625,1707.82763671875,1947.2813720703125,2400.398681640625,2319.725341796875,2300.8984375,4192.27001953125,16233.2216796875,6256.03564453125,7074.712890625,4013.889404296875,1061.859375,591.0089111328125,1502.468505859375,8037.564453125
2018-10-12,3776.8212890625,1731.302734375,1986.0721435546875,2471.785888671875,2391.201171875,2317.63232421875,4270.19189453125,16375.392578125,6284.4072265625,7198.46875,4050.21435546875,1074.55078125,598.5376586914062,1532.7196044921875,8029.515625
2018-10-15,3874.28759765625,1760.64697265625,1978.3138427734375,2516.403076171875,2378.205810546875,2309.26513671875,4270.19189453125,16259.0693359375,6185.10546875,7198.46875,4013.889404296875,1087.2421875,575.951416015625,1492.385009765625,7957.10498046875
2018-10-16,3914.89794921875,1760.64697265625,2017.104736328125,2587.79052734375,2456.179931640625,2334.365966796875,4348.11474609375,16414.1640625,6468.82470703125,7219.09521484375,4104.701171875,1142.2388916015625,572.1869506835938,1475.5791015625,8118.01953125
2018-10-17,3902.715087890625,1801.7286376953125,2040.3787841796875,2614.560546875,2534.1533203125,2367.83349609375,4379.28466796875,16543.408203125,6383.70947265625,7260.34619140625,4358.97509765625,1150.699951171875,587.2445678710938,1512.55224609375,8367.4306640625
2018-10-18,3833.6767578125,1813.4664306640625,2017.104736328125,2569.943603515625,2443.18408203125,2367.83349609375,4379.28466796875,16504.634765625,6326.9658203125,7301.599609375,4431.6240234375,1154.930419921875,575.951416015625,1509.1910400390625,8367.4306640625
2018-10-19,3797.126953125,1772.3848876953125,2001.58837890625,2561.02001953125,2423.6904296875,2325.998779296875,4550.7158203125,16750.201171875,6362.43115234375,7239.720703125,4358.97509765625,1167.6220703125,575.951416015625,1525.9971923828125,8029.515625
2018-10-22,3760.57666015625,1789.9910888671875,2001.58837890625,2561.02001953125,2469.175048828125,2401.301025390625,4535.13037109375,16737.27734375,6309.23291015625,7219.09521484375,4322.64990234375,1133.7779541015625,575.951416015625,1549.52587890625,8158.24658203125
2018-10-23,3728.088134765625,1772.3848876953125,1993.8299560546875,2543.17333984375,2404.19677734375,2359.466552734375,4581.88525390625,16608.03125,6312.77978515625,7219.09521484375,4213.67578125,1116.85595703125,568.4225463867188,1515.9136962890625,7965.15185546875
2018-10-24,3679.354736328125,1731.302734375,1962.797607421875,2516.403076171875,2287.236083984375,2309.26513671875,4550.7158203125,16440.013671875,6099.9892578125,7219.09521484375,4141.02587890625,1083.0118408203125,557.12939453125,1445.3277587890625,8295.021484375
2018-10-25,3719.9658203125,1760.64697265625,2009.34619140625,2525.326416015625,2306.7294921875,2292.53125,4597.470703125,16569.2578125,6284.4072265625,7239.720703125,4213.67578125,1112.625244140625,542.0718994140625,1509.1910400390625,8399.6142578125
2018-10-26,3833.6767578125,1754.7781982421875,2001.58837890625,2534.249755859375,2358.71240234375,2309.26513671875,4628.638671875,17267.181640625,6266.6748046875,7239.720703125,4141.02587890625,1129.547607421875,545.836181640625,1428.5216064453125,8673.166015625
2018-10-29,3756.515625,1731.302734375,1986.0721435546875,2525.326416015625,2378.205810546875,2242.330078125,4675.3935546875,16801.896484375,6234.7548828125,7260.34619140625,4104.701171875,1133.7779541015625,530.7786865234375,1408.3543701171875,8351.3408203125
2018-10-30,3817.43212890625,1778.2535400390625,2024.8624267578125,2561.02001953125,2469.175048828125,2200.49560546875,4800.07080078125,16905.294921875,6312.77978515625,7136.59130859375,4141.02587890625,1142.2388916015625,508.1924133300781,1408.3543701171875,8351.3408203125
2018-10-31,3841.797607421875,1848.67919921875,2125.7177734375,2614.560546875,2501.664306640625,2192.128173828125,4924.748046875,17318.87890625,6131.9072265625,7363.47607421875,4340.8125,1159.1611328125,511.956787109375,1428.5216064453125,8477.30859375
2018-11-01,3866.16552734375,1878.0235595703125,2242.088623046875,2650.254150390625,2521.158203125,1857.452392578125,5018.2548828125,17305.953125,5986.5009765625,7363.47607421875,4304.4873046875,1133.7779541015625,515.72119140625,1421.79931640625,8443.263671875
2018-11-02,3898.654541015625,1924.9737548828125,2304.15380859375,2775.181884765625,2560.14501953125,1748.6827392578125,5096.17822265625,16995.767578125,6060.9775390625,7363.47607421875,4377.13720703125,1150.699951171875,523.2499389648438,1411.7156982421875,8341.1279296875
2018-11-05,3927.08251953125,1919.1053466796875,2288.637451171875,2712.71826171875,2527.65576171875,1757.0494384765625,5142.93212890625,16879.447265625,6110.6279296875,7404.72900390625,4340.8125,1133.7779541015625,519.485595703125,1475.5791015625,8111.32080078125
2018-11-06,3963.631103515625,1954.318359375,2280.87939453125,2766.25830078125,2527.65576171875,1865.8194580078125,5049.4248046875,17318.87890625,6099.9892578125,7390.61083984375,4278.380859375,1129.547607421875,511.956787109375,1495.7462158203125,8264.525390625
2018-11-07,3914.89794921875,1977.7933349609375,2280.87939453125,2784.105224609375,2566.642578125,1807.2509765625,5127.34716796875,17564.4453125,5986.5009765625,7245.29052734375,4204.9326171875,1176.0830078125,523.2499389648438,1502.468505859375,8256.013671875
2018-11-08,3898.654541015625,2024.743896484375,2327.427978515625,2819.798828125,2599.1318359375,1899.2872314453125,5111.7626953125,17965.109375,6000.68603515625,7266.05126953125,4388.5537109375,1188.774658203125,534.5430297851562,1502.468505859375,7992.16259765625
2018-11-09,3898.654541015625,1960.1873779296875,2242.088623046875,2855.49267578125,2547.149658203125,1899.2872314453125,5096.17822265625,18042.654296875,5720.513671875,7120.72998046875,4241.65673828125,1201.466064453125,527.0142822265625,1455.411376953125,7855.98046875
2018-11-12,3849.921630859375,1924.9737548828125,2164.508544921875,2712.71826171875,2508.162353515625,1832.351806640625,4909.1630859375,17099.162109375,5585.7451171875,6996.1689453125,4094.759033203125,1129.547607421875,515.72119140625,1485.66259765625,8128.34423828125
2018-11-13,3910.837646484375,1966.0557861328125,2218.814697265625,2819.798828125,2488.6689453125,1773.783447265625,4987.08544921875,18042.654296875,5667.314453125,7099.96923828125,4113.12158203125,1226.84912109375,519.485595703125,1562.9708251953125,8000.67431640625
2018-11-14,3906.776611328125,1966.0557861328125,2211.056884765625,2864.416015625,2436.68603515625,1790.51708984375,5096.17822265625,17835.861328125,5674.40869140625,7224.53076171875,4149.84619140625,1256.462890625,504.427978515625,1640.279052734375,7685.75390625
2018-11-15,3927.08251953125,2001.268798828125,2296.3955078125,2944.72705078125,2540.651611328125,1807.2509765625,5314.36376953125,18133.126953125,5830.45458984375,7245.29052734375,4315.10498046875,1281.8460693359375,504.427978515625,1579.7769775390625,7855.98046875
2018-11-16,4032.670654296875,2048.219482421875,2311.912109375,2962.573974609375,2631.62109375,1840.7186279296875,5329.94775390625,17990.955078125,5942.93701171875,7286.81103515625,4370.19140625,1298.768310546875,511.956787109375,1593.2218017578125,7753.84423828125
2018-11-19,4077.3427734375,2065.825927734375,2319.669677734375,2998.267822265625,2566.642578125,1832.351806640625,5298.7783203125,17784.1640625,5917.861328125,7286.81103515625,4370.19140625,1302.99853515625,508.1924133300781,1566.3319091796875,7498.50244140625
2018-11-20,4077.3427734375,2065.825927734375,2319.669677734375,2998.267822265625,2566.642578125,1832.351806640625,5298.7783203125,17784.1640625,5917.861328125,7286.81103515625,4370.19140625,1302.99853515625,508.1924133300781,1566.3319091796875,7498.50244140625
2018-11-21,4028.60888671875,2013.0062255859375,2257.60498046875,2944.72705078125,2573.140625,1823.98486328125,5267.60888671875,16517.55859375,5860.54541015625,7349.091796875,4406.91552734375,1319.9207763671875,485.6060485839844,1462.1339111328125,6817.59423828125
2018-11-22,4077.3427734375,2083.432373046875,2273.121337890625,2998.267822265625,2586.13623046875,1849.08544921875,5267.60888671875,16440.013671875,5892.78515625,7432.1318359375,4590.53662109375,1345.3037109375,470.5485534667969,1418.43798828125,6681.41357421875
2018-11-23,4077.3427734375,2042.3505859375,2265.363525390625,3007.19091796875,2592.634033203125,1857.452392578125,5236.43994140625,16465.86328125,6039.65771484375,7411.37109375,4590.53662109375,1324.151123046875,470.5485534667969,1448.6890869140625,6817.59423828125
2018-11-26,4097.64794921875,2077.563720703125,2288.637451171875,3007.19091796875,2592.634033203125,1849.08544921875,5189.6865234375,15858.408203125,6036.076171875,7390.61083984375,4608.8994140625,1362.225830078125,455.4909362792969,1324.3236083984375,6868.66357421875
2018-11-27,4142.3203125,2112.776123046875,2311.912109375,3087.50146484375,2521.158203125,1840.7186279296875,5236.43994140625,15483.59765625,6053.98681640625,7432.1318359375,4572.17578125,1328.3814697265625,447.962158203125,1300.795166015625,6723.970703125
2018-11-28,4134.19775390625,2142.12060546875,2296.3955078125,3051.80810546875,2417.19287109375,1698.4813232421875,5236.43994140625,14992.4638671875,5803.22998046875,7473.65234375,4443.6396484375,1332.6119384765625,451.7265319824219,1341.1297607421875,6987.822265625
2018-11-29,4256.0302734375,2177.333740234375,2373.9765625,3132.11865234375,2430.188232421875,1715.215087890625,5283.19287109375,15173.4052734375,6032.494140625,8054.935546875,4700.71044921875,1298.768310546875,470.5485534667969,1391.54833984375,7234.65283203125
2018-11-30,4231.6640625,2124.513671875,2296.3955078125,3033.9609375,2391.201171875,1706.8480224609375,5329.94775390625,14216.9921875,6053.98681640625,8179.49755859375,4847.607421875,1290.3067626953125,463.0196533203125,1351.2135009765625,7234.65283203125
2018-12-03,4204.77294921875,2165.595947265625,2358.460693359375,3123.195068359375,2404.19677734375,1690.1143798828125,5361.1171875,14785.669921875,6276.0859375,7992.65576171875,4884.33154296875,1315.6900634765625,553.364990234375,1331.046142578125,7149.53759765625
2018-12-04,4269.962890625,2177.333740234375,2373.9765625,3141.0419921875,2456.179931640625,1656.646728515625,5314.36376953125,15418.9755859375,6304.7431640625,8096.45703125,4865.9697265625,1353.7646484375,534.5430297851562,1344.4908447265625,7294.23193359375
2018-12-05,4261.814453125,2142.12060546875,2350.702392578125,3123.195068359375,2449.68212890625,1581.3447265625,5189.6865234375,15367.2763671875,6268.921875,8096.45703125,4829.2451171875,1362.225830078125,557.12939453125,1327.684814453125,7013.35595703125
2018-12-06,4286.26025390625,2142.12060546875,2319.669677734375,3087.50146484375,2410.69482421875,1631.5460205078125,5049.4248046875,14992.4638671875,6333.400390625,8054.935546875,4902.693359375,1379.1478271484375,553.364990234375,1371.380615234375,7081.44677734375
2018-12-07,4229.21923828125,2124.513671875,2327.427978515625,3060.731689453125,2384.70361328125,1639.912841796875,5127.34716796875,15186.3330078125,6304.7431640625,8054.935546875,4921.0556640625,1383.3782958984375,545.836181640625,1341.1297607421875,6953.7763671875
2018-12-10,4221.06982421875,2118.6455078125,2304.15380859375,3060.731689453125,2391.201171875,1602.2618408203125,5080.59423828125,15380.1982421875,6297.57861328125,8075.6962890625,4792.52099609375,1336.8426513671875,542.0718994140625,1351.2135009765625,6740.9931640625
2018-12-11,4204.77294921875,2124.513671875,2311.912109375,3016.1142578125,2352.214599609375,1572.977783203125,5080.59423828125,15031.2412109375,6258.173828125,8054.935546875,4829.2451171875,1273.385009765625,568.4225463867188,1438.60546875,6843.12939453125
2018-12-12,4208.84716796875,2124.513671875,2319.669677734375,3016.1142578125,2371.707763671875,1602.2618408203125,5142.93212890625,15147.560546875,6304.7431640625,8034.17724609375,4939.41748046875,1248.001708984375,568.4225463867188,1448.6890869140625,7183.5830078125
2018-12-13,4208.84716796875,2159.72705078125,2389.49267578125,3051.80810546875,2436.68603515625,1627.362548828125,5267.60888671875,15147.560546875,6365.6416015625,8158.73681640625,5067.953125,1269.1544189453125,575.951416015625,1512.55224609375,7217.62841796875
2018-12-14,4208.84716796875,2159.72705078125,2350.702392578125,3069.654541015625,2423.6904296875,1606.4451904296875,5267.60888671875,15212.1826171875,6376.388671875,8387.099609375,5196.48828125,1260.6934814453125,568.4225463867188,1499.1072998046875,7021.8671875
2018-12-17,4208.84716796875,2112.776123046875,2296.3955078125,3060.731689453125,2410.69482421875,1598.0784912109375,5174.10205078125,14837.37109375,6233.09912109375,8407.8583984375,5123.0390625,1248.001708984375,549.6007080078125,1475.5791015625,6860.15283203125
2018-12-18,4127.3603515625,2130.383056640625,2280.87939453125,3078.577880859375,2430.188232421875,1618.9954833984375,5220.85546875,15057.0859375,6297.57861328125,8345.578125,5196.48828125,1235.310302734375,564.6582641601562,1421.79931640625,6809.08349609375
2018-12-19,4261.814453125,2153.858154296875,2304.15380859375,3105.348388671875,2475.673095703125,1706.8480224609375,5252.02490234375,14811.5205078125,6448.0322265625,8470.1376953125,5361.74755859375,1260.6934814453125,572.1869506835938,1418.43798828125,6817.59423828125
2018-12-20,4168.103515625,2142.12060546875,2265.363525390625,3096.425048828125,2430.188232421875,1681.74755859375,5283.19287109375,14901.9912109375,6483.85498046875,8698.5009765625,5398.4716796875,1294.5374755859375,575.951416015625,1435.2440185546875,6809.08349609375
2018-12-21,4212.921875,2124.513671875,2242.088623046875,3096.425048828125,2443.18408203125,1715.215087890625,5252.02490234375,14449.6328125,6677.296875,8740.021484375,5508.64501953125,1307.22900390625,579.7157592773438,1421.79931640625,6775.03759765625
2018-12-24,4212.921875,2124.513671875,2242.088623046875,3096.425048828125,2443.18408203125,1715.215087890625,5252.02490234375,14449.6328125,6677.296875,8740.021484375,5508.64501953125,1307.22900390625,579.7157592773438,1421.79931640625,6775.03759765625
2018-12-25,4212.921875,2124.513671875,2242.088623046875,3096.425048828125,2443.18408203125,1715.215087890625,5252.02490234375,14449.6328125,6677.296875,8740.021484375,5508.64501953125,1307.22900390625,579.7157592773438,1421.79931640625,6775.03759765625
2018-12-26,4257.740234375,2112.776123046875,2242.088623046875,3105.348388671875,2423.6904296875,1623.1790771484375,5065.00927734375,14036.0478515625,6523.25927734375,8511.6591796875,5416.833984375,1277.615478515625,579.7157592773438,1441.9664306640625,6775.03759765625
2018-12-27,4233.29443359375,2147.989013671875,2257.60498046875,3141.0419921875,2436.68603515625,1673.380615234375,5127.34716796875,14268.6923828125,6677.296875,8885.341796875,5471.92041015625,1290.3067626953125,579.7157592773438,1441.9664306640625,6826.1064453125
2018-12-28,4237.36865234375,2147.989013671875,2288.637451171875,3141.0419921875,2436.68603515625,1656.646728515625,5127.34716796875,14139.4443359375,6505.34814453125,8677.7412109375,5471.92041015625,1286.076416015625,575.951416015625,1445.3277587890625,6894.19677734375
2018-12-31,4237.36865234375,2147.989013671875,2288.637451171875,3141.0419921875,2436.68603515625,1656.646728515625,5127.34716796875,14139.4443359375,6505.34814453125,8677.7412109375,5471.92041015625,1286.076416015625,575.951416015625,1445.3277587890625,6894.19677734375
2019-01-01,4237.36865234375,2147.989013671875,2288.637451171875,3141.0419921875,2436.68603515625,1656.646728515625,5127.34716796875,14139.4443359375,6505.34814453125,8677.7412109375,5471.92041015625,1286.076416015625,575.951416015625,1445.3277587890625,6894.19677734375
2019-01-02,4269.962890625,2118.6455078125,2273.121337890625,3114.271484375,2423.6904296875,1656.646728515625,5111.7626953125,14126.5185546875,6648.638671875,8636.220703125,5343.38525390625,1290.3067626953125,557.12939453125,1425.160400390625,6834.6181640625
2019-01-03,4221.06982421875,2124.513671875,2226.572998046875,3114.271484375,2430.188232421875,1690.1143798828125,5220.85546875,14255.7646484375,6806.25634765625,8781.541015625,5490.2822265625,1302.99853515625,564.6582641601562,1398.2705078125,6775.03759765625
2019-01-04,4241.443359375,2147.989013671875,2311.912109375,3114.271484375,2410.69482421875,1706.8480224609375,5205.27099609375,14992.4638671875,6849.24267578125,8802.302734375,5453.55810546875,1328.3814697265625,572.1869506835938,1472.2177734375,7345.29931640625
2019-01-07,4274.037109375,2147.989013671875,2304.15380859375,3167.81201171875,2449.68212890625,1790.51708984375,5080.59423828125,14462.5595703125,6963.87451171875,8594.7001953125,5453.55810546875,1349.534423828125,579.7157592773438,1478.9400634765625,7098.470703125
2019-01-08,4269.962890625,2159.72705078125,2280.87939453125,3176.73583984375,2469.175048828125,1832.351806640625,5096.17822265625,14216.9921875,6784.76416015625,8449.3798828125,5361.74755859375,1324.151123046875,572.1869506835938,1468.8563232421875,7515.525390625
2019-01-09,4282.185546875,2183.2021484375,2350.702392578125,3158.888671875,2423.6904296875,1882.5531005859375,5111.7626953125,14527.1806640625,6591.322265625,8511.6591796875,5380.10986328125,1302.99853515625,587.2445678710938,1455.411376953125,7643.1962890625
2019-01-10,4282.185546875,2200.80859375,2389.49267578125,3158.888671875,2469.175048828125,1882.5531005859375,5111.7626953125,14591.802734375,6924.470703125,8428.619140625,5471.92041015625,1353.7646484375,594.7732543945312,1441.9664306640625,7489.99267578125
2019-01-11,4278.11181640625,2189.071044921875,2389.49267578125,3185.6591796875,2508.162353515625,1840.7186279296875,5174.10205078125,14372.0859375,6942.3818359375,8428.619140625,5490.2822265625,1370.686767578125,594.7732543945312,1455.411376953125,7668.7314453125
2019-01-14,4237.36865234375,2224.283935546875,2389.49267578125,3167.81201171875,2501.664306640625,1765.41650390625,5080.59423828125,13441.5205078125,6956.7119140625,8304.0576171875,5435.19580078125,1366.456298828125,587.2445678710938,1475.5791015625,7575.10400390625
2019-01-15,4286.26025390625,2218.414794921875,2420.52490234375,3212.42919921875,2553.647216796875,1832.351806640625,5080.59423828125,13234.728515625,7135.82275390625,8387.099609375,5508.64501953125,1383.3782958984375,617.3596801757812,1472.2177734375,7438.923828125
2019-01-16,4306.6328125,2218.414794921875,2420.52490234375,3301.663330078125,2592.634033203125,1932.7545166015625,5142.93212890625,13467.3720703125,6867.154296875,8324.8193359375,5508.64501953125,1374.9171142578125,655.003662109375,1472.2177734375,7447.43603515625
2019-01-17,4343.302734375,2236.021240234375,2443.79931640625,3301.663330078125,2592.634033203125,1924.3876953125,5158.51708984375,13880.9541015625,7003.279296875,8304.0576171875,5508.64501953125,1362.225830078125,636.1815795898438,1495.7462158203125,7634.6865234375
2019-01-18,4420.71630859375,2241.890380859375,2443.79931640625,3355.204345703125,2612.127685546875,1916.0203857421875,5283.19287109375,13919.7275390625,7010.44384765625,8428.619140625,5508.64501953125,1366.456298828125,639.9459228515625,1502.468505859375,7864.49267578125
2019-01-21,4518.50146484375,2230.15283203125,2420.52490234375,3292.739990234375,2618.62548828125,1882.5531005859375,5189.6865234375,13880.9541015625,6985.36865234375,8470.1376953125,5508.64501953125,1357.9951171875,643.7103271484375,1502.468505859375,7949.60546875
2019-01-22,4563.31982421875,2212.546630859375,2405.009033203125,3301.663330078125,2599.1318359375,1899.2872314453125,5111.7626953125,13493.2197265625,7028.3564453125,8677.7412109375,5563.7314453125,1366.456298828125,624.888427734375,1485.66259765625,7626.1748046875
2019-01-23,4481.83203125,2212.546630859375,2319.669677734375,3230.276123046875,2547.149658203125,1941.12158203125,5096.17822265625,13751.7080078125,7014.02685546875,8698.5009765625,5618.8173828125,1353.7646484375,647.4747314453125,1475.5791015625,7575.10400390625
2019-01-24,4449.2373046875,2224.283935546875,2319.669677734375,3212.42919921875,2508.162353515625,1949.4881591796875,5252.02490234375,13764.6337890625,7031.9384765625,9009.9033203125,5710.62841796875,1353.7646484375,673.825439453125,1475.5791015625,7592.12890625
2019-01-25,4481.83203125,2218.414794921875,2288.637451171875,3248.122802734375,2521.158203125,1832.351806640625,5252.02490234375,13661.23828125,7028.3564453125,8926.861328125,5765.71484375,1366.456298828125,700.1761474609375,1468.8563232421875,7532.54931640625
2019-01-28,4477.75732421875,2218.414794921875,2226.572998046875,3248.122802734375,2456.179931640625,1782.150390625,5220.85546875,13596.6162109375,6845.66162109375,8926.861328125,5655.5419921875,1362.225830078125,685.1185913085938,1462.1339111328125,7532.54931640625
2019-01-29,4514.42724609375,2165.595947265625,2211.056884765625,3221.35302734375,2495.16650390625,1723.5819091796875,5220.85546875,13260.5771484375,6820.58544921875,8906.1015625,5655.5419921875,1362.225830078125,692.6473999023438,1472.2177734375,7438.923828125
2019-01-30,4498.12939453125,2200.80859375,2249.84716796875,3212.42919921875,2508.162353515625,1765.41650390625,5205.27099609375,13389.822265625,7031.9384765625,8947.623046875,5655.5419921875,1362.225830078125,715.233642578125,1445.3277587890625,7404.87841796875
2019-01-31,4591.83935546875,2259.49658203125,2311.912109375,3239.19970703125,2534.1533203125,1815.6177978515625,5267.60888671875,13299.349609375,7164.48193359375,8947.623046875,5692.26611328125,1353.7646484375,726.5269165039062,1448.6890869140625,7762.35546875
2019-02-01,4591.83935546875,2300.57861328125,2358.460693359375,3301.663330078125,2514.66015625,1757.0494384765625,5267.60888671875,13493.2197265625,7164.48193359375,8926.861328125,5710.62841796875,1366.456298828125,722.7625732421875,1452.0501708984375,7549.572265625
2019-02-04,4481.83203125,2288.84130859375,2280.87939453125,3257.04638671875,2456.179931640625,1773.783447265625,5111.7626953125,13570.7646484375,7006.86328125,8843.822265625,5582.0927734375,1357.9951171875,760.4064331054688,1425.160400390625,7575.10400390625
2019-02-05,4481.83203125,2288.84130859375,2280.87939453125,3257.04638671875,2456.179931640625,1773.783447265625,5111.7626953125,13570.7646484375,7006.86328125,8843.822265625,5582.0927734375,1357.9951171875,760.4064331054688,1425.160400390625,7575.10400390625
2019-02-06,4510.35302734375,2300.57861328125,2319.669677734375,3248.122802734375,2508.162353515625,1840.7186279296875,5127.34716796875,13725.8583984375,7146.57080078125,8802.302734375,5618.8173828125,1349.534423828125,824.4009399414062,1441.9664306640625,7600.640625
2019-02-07,4506.2783203125,2306.447509765625,2342.944091796875,3239.19970703125,2508.162353515625,1815.6177978515625,5111.7626953125,13700.0087890625,7125.07470703125,8740.021484375,5582.0927734375,1362.225830078125,798.0502319335938,1448.6890869140625,7549.572265625
2019-02-08,4498.12939453125,2282.9716796875,2350.702392578125,3203.505859375,2501.664306640625,1823.98486328125,5080.59423828125,13299.349609375,7139.4052734375,8802.302734375,5655.5419921875,1349.534423828125,771.6995239257812,1445.3277587890625,7447.43603515625
2019-02-11,4477.75732421875,2271.234619140625,2366.218505859375,3230.276123046875,2553.647216796875,1782.150390625,4987.08544921875,13118.408203125,7003.279296875,8719.2607421875,5692.26611328125,1349.534423828125,737.820068359375,1431.8828125,7243.1630859375
2019-02-12,4449.2373046875,2259.49658203125,2304.15380859375,3176.73583984375,2482.1708984375,1731.9488525390625,4768.9013671875,12834.0654296875,7035.51953125,8677.7412109375,5582.0927734375,1328.3814697265625,722.7625732421875,1408.3543701171875,7285.7197265625
2019-02-13,4416.64208984375,2224.283935546875,2249.84716796875,3087.50146484375,2462.677490234375,1690.1143798828125,4784.4853515625,13053.7841796875,7057.01416015625,8656.9814453125,5582.0927734375,1328.3814697265625,760.4064331054688,1384.8258056640625,7200.60693359375
2019-02-14,4384.04638671875,2230.15283203125,2226.572998046875,3132.11865234375,2430.188232421875,1715.215087890625,4737.7314453125,13208.876953125,7003.279296875,8719.2607421875,5545.369140625,1341.0732421875,752.8776245117188,1361.297119140625,7183.5830078125
2019-02-15,4367.7490234375,2212.546630859375,2226.572998046875,3132.11865234375,2462.677490234375,1957.855224609375,4737.7314453125,12937.4599609375,6877.90185546875,8656.9814453125,5453.55810546875,1332.6119384765625,715.233642578125,1337.7686767578125,7081.44677734375
2019-02-18,4465.53466796875,2253.628173828125,2257.60498046875,3203.505859375,2534.1533203125,2116.826416015625,4909.1630859375,13519.0654296875,7082.08984375,8760.78125,5600.455078125,1332.6119384765625,749.1132202148438,1337.7686767578125,7183.5830078125
2019-02-19,4384.04638671875,2294.709716796875,2234.3310546875,3167.81201171875,2547.149658203125,2183.76171875,4846.82421875,13467.3720703125,7064.177734375,8698.5009765625,5508.64501953125,1311.45947265625,771.6995239257812,1411.7156982421875,7285.7197265625
2019-02-20,4481.83203125,2282.9716796875,2203.298583984375,3149.965087890625,2514.66015625,2192.128173828125,4846.82421875,13441.5205078125,7168.06298828125,8719.2607421875,5508.64501953125,1307.22900390625,798.0502319335938,1398.2705078125,7481.4814453125
2019-02-21,4485.9072265625,2294.709716796875,2273.121337890625,3185.6591796875,2514.66015625,2217.229248046875,4800.07080078125,13700.0087890625,7096.41748046875,8698.5009765625,5545.369140625,1294.5374755859375,779.228271484375,1411.7156982421875,7838.95703125
2019-02-22,4473.68359375,2288.84130859375,2203.298583984375,3114.271484375,2495.16650390625,2208.8623046875,4753.31640625,14449.6328125,7092.83544921875,8636.220703125,5600.455078125,1277.615478515625,794.285888671875,1388.186767578125,8051.74169921875
2019-02-25,4473.68359375,2324.053955078125,2249.84716796875,3141.0419921875,2540.651611328125,2167.027587890625,4768.9013671875,14087.7470703125,6996.1162109375,8511.6591796875,5582.0927734375,1273.385009765625,816.872314453125,1388.186767578125,7796.400390625
2019-02-26,4526.650390625,2312.31640625,2257.60498046875,3158.888671875,2553.647216796875,2091.7255859375,4737.7314453125,14372.0859375,7160.8984375,8636.220703125,5582.0927734375,1273.385009765625,786.7572021484375,1394.9095458984375,7549.572265625
2019-02-27,4534.7998046875,2271.234619140625,2234.3310546875,3158.888671875,2540.651611328125,2008.0565185546875,4737.7314453125,14268.6923828125,7021.19140625,8656.9814453125,5490.2822265625,1286.076416015625,775.4639282226562,1378.103271484375,7379.34375
2019-02-28,4494.05517578125,2259.49658203125,2211.056884765625,3141.0419921875,2508.162353515625,2008.0565185546875,4457.2080078125,13700.0087890625,6974.62255859375,8490.8994140625,5196.48828125,1264.923828125,764.1707763671875,1337.7686767578125,7277.20947265625
2019-03-01,4514.42724609375,2271.234619140625,2226.572998046875,3203.505859375,2540.651611328125,2083.359130859375,4503.9619140625,13700.0087890625,7028.3564453125,8553.1806640625,5361.74755859375,1302.99853515625,794.285888671875,1357.93603515625,7251.673828125
2019-03-04,4510.35302734375,2277.103271484375,2203.298583984375,3194.58251953125,2501.664306640625,2049.89111328125,4457.2080078125,14216.9921875,7021.19140625,8594.7001953125,5416.833984375,1281.8460693359375,790.5214233398438,1364.658447265625,7728.310546875
2019-03-05,4477.75732421875,2265.365966796875,2156.75,3141.0419921875,2514.66015625,2008.0565185546875,4550.7158203125,13893.8759765625,6971.0390625,8532.419921875,5251.5751953125,1273.385009765625,779.228271484375,1334.4073486328125,7626.1748046875
2019-03-06,4473.68359375,2288.84130859375,2195.54052734375,3141.0419921875,2482.1708984375,2024.7904052734375,4566.30029296875,13751.7080078125,7006.86328125,8511.6591796875,5288.298828125,1277.615478515625,786.7572021484375,1357.93603515625,7592.12890625
2019-03-07,4473.68359375,2288.84130859375,2195.54052734375,3141.0419921875,2482.1708984375,2024.7904052734375,4566.30029296875,13751.7080078125,7006.86328125,8511.6591796875,5288.298828125,1277.615478515625,786.7572021484375,1357.93603515625,7592.12890625
2019-03-08,4432.9384765625,2259.49658203125,2141.23388671875,3096.425048828125,2430.188232421875,1966.2222900390625,4457.2080078125,13493.2197265625,6892.22900390625,8511.6591796875,5325.02294921875,1290.3067626953125,745.3487548828125,1344.4908447265625,7583.61669921875
2019-03-11,4485.9072265625,2265.365966796875,2125.7177734375,3096.425048828125,2469.175048828125,2008.0565185546875,4503.9619140625,13906.802734375,6885.06591796875,8553.1806640625,5251.5751953125,1286.076416015625,749.1132202148438,1351.2135009765625,7838.95703125
2019-03-12,4481.83203125,2253.628173828125,2086.92724609375,3096.425048828125,2443.18408203125,2058.25830078125,4472.79248046875,13519.0654296875,7021.19140625,8490.8994140625,5214.849609375,1269.1544189453125,730.291259765625,1341.1297607421875,7745.3330078125
2019-03-13,4481.83203125,2224.283935546875,2079.169189453125,3069.654541015625,2417.19287109375,2192.128173828125,4441.62353515625,13583.69140625,7085.67138671875,8594.7001953125,5269.9365234375,1273.385009765625,726.5269165039062,1351.2135009765625,7932.5830078125
2019-03-14,4465.53466796875,2253.628173828125,2141.23388671875,3149.965087890625,2430.188232421875,2141.92724609375,4488.376953125,13506.142578125,7114.32958984375,8615.458984375,5196.48828125,1269.1544189453125,726.5269165039062,1351.2135009765625,7762.35546875
2019-03-15,4514.42724609375,2318.184814453125,2203.298583984375,3239.19970703125,2436.68603515625,2167.027587890625,4566.30029296875,13687.0859375,7135.82275390625,8656.9814453125,5269.9365234375,1307.22900390625,734.0556640625,1361.297119140625,7779.3798828125
2019-03-18,4522.576171875,2347.529052734375,2203.298583984375,3337.35693359375,2482.1708984375,2259.063720703125,4566.30029296875,13868.03125,7092.83544921875,8615.458984375,5306.6611328125,1307.22900390625,718.9981689453125,1361.297119140625,7838.95703125
2019-03-19,4473.68359375,2335.791748046875,2288.637451171875,3337.35693359375,2456.179931640625,2217.229248046875,4535.13037109375,14216.9921875,7053.431640625,8553.1806640625,5361.74755859375,1315.6900634765625,722.7625732421875,1351.2135009765625,7779.3798828125
2019-03-20,4457.38525390625,2341.66064453125,2296.3955078125,3319.5107421875,2443.18408203125,2259.063720703125,4535.13037109375,14372.0859375,7092.83544921875,8615.458984375,5343.38525390625,1286.076416015625,722.7625732421875,1351.2135009765625,7770.86572265625
2019-03-21,4461.4599609375,2341.66064453125,2319.669677734375,3399.821044921875,2462.677490234375,2242.330078125,4519.54638671875,14320.38671875,7031.9384765625,8615.458984375,5361.74755859375,1273.385009765625,726.5269165039062,1357.93603515625,7958.11767578125
2019-03-22,4469.60888671875,2376.873779296875,2311.912109375,3426.591552734375,2469.175048828125,2225.595947265625,4503.9619140625,14449.6328125,7042.68212890625,8573.939453125,5435.19580078125,1277.615478515625,722.7625732421875,1371.380615234375,7941.09423828125
2019-03-25,4445.1630859375,2353.3984375,2226.572998046875,3283.81689453125,2462.677490234375,2167.027587890625,4394.869140625,14010.2001953125,6949.54638671875,7805.81396484375,4976.14208984375,1273.385009765625,692.6473999023438,1391.54833984375,8119.83154296875
2019-03-26,4457.38525390625,2382.7421875,2265.363525390625,3346.280029296875,2482.1708984375,2242.330078125,4426.0380859375,14074.8212890625,6913.72412109375,7951.134765625,5067.953125,1281.8460693359375,688.8829956054688,1425.160400390625,8162.38916015625
2019-03-27,4469.60888671875,2376.873779296875,2242.088623046875,3337.35693359375,2482.1708984375,2242.330078125,4472.79248046875,14087.7470703125,6992.53369140625,7598.21337890625,4810.88232421875,1281.8460693359375,677.58984375,1384.8258056640625,8102.8115234375
2019-03-28,4457.38525390625,2388.611083984375,2288.637451171875,3364.1279296875,2521.158203125,2242.330078125,4426.0380859375,13958.5009765625,7049.84912109375,7702.013671875,4829.2451171875,1286.076416015625,662.5322265625,1398.2705078125,8119.83154296875
2019-03-29,4489.98095703125,2412.086181640625,2319.669677734375,3355.204345703125,2573.140625,2242.330078125,4550.7158203125,13958.5009765625,7049.84912109375,7743.53466796875,4682.34814453125,1286.076416015625,666.296630859375,1415.0767822265625,8145.36669921875
2019-04-01,4481.83203125,2435.5615234375,2327.427978515625,3373.050537109375,2553.647216796875,2267.4306640625,4581.88525390625,14126.5185546875,7057.01416015625,7681.25341796875,4608.8994140625,1260.6934814453125,707.7049560546875,1411.7156982421875,8094.298828125
2019-04-02,4481.83203125,2435.5615234375,2304.15380859375,3381.974365234375,2553.647216796875,2242.330078125,4628.638671875,13803.4052734375,7074.9248046875,7473.65234375,4572.17578125,1277.615478515625,692.6473999023438,1401.6319580078125,8128.34423828125
2019-04-03,4481.83203125,2435.5615234375,2304.15380859375,3381.974365234375,2553.647216796875,2242.330078125,4628.638671875,13803.4052734375,7074.9248046875,7473.65234375,4572.17578125,1277.615478515625,692.6473999023438,1401.6319580078125,8128.34423828125
2019-04-04,4514.42724609375,2476.643310546875,2381.734619140625,3462.284912109375,2618.62548828125,2200.49560546875,4706.5625,13700.0087890625,7017.60888671875,7515.171875,4719.07177734375,1298.768310546875,688.8829956054688,1357.93603515625,7782.0625
2019-04-05,4506.2783203125,2505.987548828125,2342.944091796875,3471.20849609375,2638.118896484375,2208.8623046875,4768.9013671875,13635.3876953125,6988.95166015625,7535.93212890625,4755.79638671875,1277.615478515625,681.354248046875,1351.2135009765625,7521.4150390625
2019-04-08,4465.53466796875,2494.249755859375,2327.427978515625,3381.974365234375,2566.642578125,2116.826416015625,4690.97705078125,13389.822265625,6913.72412109375,7494.4130859375,4774.158203125,1286.076416015625,666.296630859375,1357.93603515625,7270.08251953125
2019-04-09,4510.35302734375,2523.59423828125,2381.734619140625,3453.36181640625,2566.642578125,2133.56005859375,4784.4853515625,13648.3115234375,7017.60888671875,7681.25341796875,4810.88232421875,1294.5374755859375,677.58984375,1368.0196533203125,7353.8603515625
2019-04-10,4502.20263671875,2529.463134765625,2342.944091796875,3462.284912109375,2553.647216796875,2158.660888671875,4768.9013671875,13441.5205078125,7035.51953125,7722.775390625,4792.52099609375,1290.3067626953125,673.825439453125,1347.8524169921875,7335.24365234375
2019-04-11,4465.53466796875,2523.59423828125,2296.3955078125,3435.514404296875,2527.65576171875,2233.963134765625,4690.97705078125,13157.1787109375,6971.0390625,7515.171875,4535.4501953125,1281.8460693359375,673.825439453125,1347.8524169921875,7446.9482421875
2019-04-12,4481.83203125,2529.463134765625,2273.121337890625,3453.36181640625,2488.6689453125,2351.099609375,4690.97705078125,13157.1787109375,7035.51953125,7515.171875,4645.623046875,1269.1544189453125,662.5322265625,1354.57470703125,7605.1962890625
2019-04-15,4485.9072265625,2552.93798828125,2280.87939453125,3444.438232421875,2488.6689453125,2317.63232421875,4737.7314453125,13415.671875,6992.53369140625,7515.171875,4700.71044921875,1264.923828125,666.296630859375,1334.4073486328125,7521.4150390625
2019-04-16,4477.75732421875,2547.0693359375,2366.218505859375,3462.284912109375,2514.66015625,2309.26513671875,4831.2392578125,13661.23828125,7078.5068359375,7535.93212890625,4737.4345703125,1264.923828125,673.825439453125,1337.7686767578125,7465.5654296875
2019-04-17,4477.75732421875,2547.0693359375,2366.218505859375,3462.284912109375,2514.66015625,2309.26513671875,4831.2392578125,13661.23828125,7078.5068359375,7535.93212890625,4737.4345703125,1264.923828125,673.825439453125,1337.7686767578125,7465.5654296875
2019-04-18,4583.69140625,2617.495361328125,2420.52490234375,3515.82568359375,2508.162353515625,2384.5673828125,4893.578125,13480.294921875,7078.5068359375,7556.693359375,4608.8994140625,1264.923828125,666.296630859375,1327.684814453125,7344.55126953125
2019-04-19,4583.69140625,2617.495361328125,2420.52490234375,3515.82568359375,2508.162353515625,2384.5673828125,4893.578125,13480.294921875,7078.5068359375,7556.693359375,4608.8994140625,1264.923828125,666.296630859375,1327.684814453125,7344.55126953125
2019-04-22,4583.69140625,2605.757568359375,2405.009033203125,3453.36181640625,2456.179931640625,2342.73291015625,4690.97705078125,13480.294921875,6917.30712890625,7494.4130859375,4590.53662109375,1252.232421875,643.7103271484375,1361.297119140625,7325.93505859375
2019-04-23,4587.76708984375,2599.888671875,2381.734619140625,3497.978515625,2501.664306640625,2451.502685546875,4768.9013671875,14061.8994140625,7057.01416015625,7639.7333984375,4663.98583984375,1269.1544189453125,670.0610961914062,1361.297119140625,7493.49072265625
2019-04-24,4629.70458984375,2582.2822265625,2381.734619140625,3497.978515625,2495.16650390625,2401.301025390625,4768.9013671875,14242.8408203125,6971.0390625,7639.7333984375,4645.623046875,1277.615478515625,662.5322265625,1388.186767578125,7521.4150390625
2019-04-25,4600.923828125,2541.2001953125,2373.9765625,3426.591552734375,2488.6689453125,2392.93408203125,4706.5625,14307.462890625,6648.638671875,7535.93212890625,4590.53662109375,1243.771240234375,655.003662109375,1354.57470703125,7530.72802734375
2019-04-26,4621.4814453125,2541.2001953125,2397.250732421875,3444.438232421875,2540.651611328125,2401.301025390625,4768.9013671875,14268.6923828125,6519.67822265625,7618.974609375,4700.71044921875,1281.8460693359375,658.7678833007812,1351.2135009765625,7558.65185546875
2019-04-29,4674.93310546875,2547.0693359375,2412.766845703125,3435.514404296875,2508.162353515625,2426.4013671875,4737.7314453125,14363.5595703125,6448.0322265625,7722.775390625,4719.07177734375,1269.1544189453125,658.7678833007812,1327.684814453125,7437.64111328125
2019-04-30,4728.3837890625,2564.67626953125,2397.250732421875,3426.591552734375,2462.677490234375,2443.135498046875,4753.31640625,14483.4775390625,6519.67822265625,8075.6962890625,5104.6767578125,1307.22900390625,651.2391357421875,1331.046142578125,7158.37939453125
2019-05-01,4728.3837890625,2564.67626953125,2397.250732421875,3426.591552734375,2462.677490234375,2443.135498046875,4753.31640625,14483.4775390625,6519.67822265625,8075.6962890625,5104.6767578125,1307.22900390625,651.2391357421875,1331.046142578125,7158.37939453125
2019-05-02,4674.93310546875,2564.67626953125,2389.49267578125,3364.1279296875,2488.6689453125,2325.998779296875,4659.80859375,14296.939453125,6480.2724609375,8054.935546875,5141.4013671875,1277.615478515625,617.3596801757812,1324.3236083984375,7009.4404296875
2019-05-03,4666.7099609375,2570.54443359375,2373.9765625,3301.663330078125,2482.1708984375,2325.998779296875,4628.638671875,14190.3447265625,6397.88037109375,7992.65576171875,4994.50439453125,1264.923828125,594.7732543945312,1273.9051513671875,6786.03125
2019-05-06,4621.4814453125,2482.511962890625,2335.186279296875,3167.81201171875,2495.16650390625,2384.5673828125,4628.638671875,14350.232421875,6494.6025390625,7971.89599609375,4976.14208984375,1248.001708984375,581.5656127929688,1273.9051513671875,6748.796875
2019-05-07,4654.37451171875,2494.249755859375,2373.9765625,3194.58251953125,2534.1533203125,2493.3369140625,4790.41796875,14470.1513671875,6376.388671875,8054.935546875,5031.22900390625,1269.1544189453125,585.3917846679688,1255.30859375,6739.48779296875
2019-05-08,4687.26611328125,2476.643310546875,2335.186279296875,3123.195068359375,2534.1533203125,2476.603515625,4710.84375,14470.1513671875,6419.37451171875,8054.935546875,4957.78076171875,1269.1544189453125,585.3917846679688,1177.774658203125,6674.32763671875
2019-05-09,4629.70458984375,2417.955078125,2327.427978515625,3060.731689453125,2469.175048828125,2476.603515625,4551.693359375,13910.533203125,6168.6171875,8034.17724609375,4865.9697265625,1235.310302734375,558.609130859375,1148.2381591796875,6311.2880859375
2019-05-10,4613.2578125,2417.955078125,2319.669677734375,3069.654541015625,2462.677490234375,2451.502685546875,4567.60791015625,13990.478515625,6333.400390625,8158.73681640625,4884.33154296875,1222.61865234375,570.0873413085938,1137.1617431640625,6497.4619140625
2019-05-13,4613.2578125,2406.21728515625,2335.186279296875,3033.9609375,2449.68212890625,2309.26513671875,4472.1181640625,13604.076171875,6247.42724609375,7992.65576171875,4700.71044921875,1218.38818359375,558.609130859375,1085.4727783203125,6618.47412109375
2019-05-14,4518.6904296875,2376.873779296875,2311.912109375,3016.1142578125,2443.18408203125,2317.63232421875,4456.203125,13604.076171875,6139.96142578125,8013.41748046875,4682.34814453125,1176.0830078125,543.3046875,1126.0855712890625,6590.5498046875
2019-05-15,4489.90966796875,2282.9716796875,2304.15380859375,2935.8037109375,2378.205810546875,2217.229248046875,4424.37353515625,13510.806640625,6018.1640625,7909.6162109375,4590.53662109375,1142.2388916015625,535.652587890625,1070.704345703125,6460.2275390625
2019-05-16,4341.8896484375,2265.365966796875,2280.87939453125,2917.956787109375,2339.218505859375,2141.92724609375,4312.96826171875,13244.3203125,5989.505859375,7888.85498046875,4480.3642578125,1095.7032470703125,524.17431640625,1037.4755859375,6329.90625
2019-05-17,4259.65673828125,2224.283935546875,2195.54052734375,2891.1865234375,2280.73828125,2125.193115234375,4265.22314453125,13230.99609375,5960.8486328125,7722.775390625,4406.91552734375,1066.08984375,512.6959838867188,1015.3231201171875,6032.02783203125
2019-05-20,4424.123046875,2200.80859375,2242.088623046875,3007.19091796875,2339.218505859375,2217.229248046875,4392.54345703125,13057.779296875,6061.1513671875,7785.0537109375,4572.17578125,1125.3170166015625,524.17431640625,1037.4755859375,6041.33740234375
2019-05-21,4489.90966796875,2200.80859375,2249.84716796875,3069.654541015625,2339.218505859375,2233.963134765625,4456.203125,13177.6982421875,6071.8974609375,7992.65576171875,4590.53662109375,1133.7779541015625,543.3046875,1037.4755859375,6339.21435546875
2019-05-22,4489.90966796875,2212.546630859375,2265.363525390625,3033.5771484375,2300.2314453125,2208.8623046875,4456.203125,13004.484375,6028.91064453125,7888.85498046875,4590.53662109375,1121.0863037109375,543.3046875,1052.2440185546875,6339.21435546875
2019-05-23,4609.146484375,2259.49658203125,2350.702392578125,3106.675048828125,2378.205810546875,2292.53125,4519.86279296875,13617.3994140625,6175.78271484375,8075.6962890625,4700.71044921875,1133.7779541015625,566.26123046875,1063.3203125,6395.0673828125
2019-05-24,4613.2578125,2339.824951171875,2389.49267578125,3161.4990234375,2436.68603515625,2334.365966796875,4567.60791015625,13377.5615234375,6236.681640625,8054.935546875,4627.26123046875,1138.008544921875,558.609130859375,1063.3203125,6367.140625
2019-05-27,4674.93310546875,2382.367431640625,2474.777587890625,3179.7734375,2482.1708984375,2351.099609375,4535.77880859375,13244.3203125,6190.1123046875,8117.216796875,4792.52099609375,1138.008544921875,566.26123046875,1063.3203125,6348.52392578125
2019-05-28,4716.04931640625,2315.51513671875,2362.65185546875,2978.75341796875,2397.698974609375,2334.365966796875,4503.9482421875,12951.1845703125,6089.81005859375,8075.6962890625,4700.71044921875,1150.699951171875,550.9569702148438,1107.625244140625,6329.90625
2019-05-29,4720.16162109375,2394.5224609375,2418.714599609375,2978.75341796875,2456.179931640625,2426.4013671875,4583.52294921875,13257.642578125,6233.09912109375,8075.6962890625,4663.98583984375,1146.4693603515625,547.130859375,1107.625244140625,6422.99267578125
2019-05-30,4720.16162109375,2394.5224609375,2418.714599609375,2978.75341796875,2456.179931640625,2426.4013671875,4583.52294921875,13257.642578125,6233.09912109375,8075.6962890625,4663.98583984375,1146.4693603515625,547.130859375,1107.625244140625,6422.99267578125
2019-05-31,4785.94677734375,2491.761962890625,2458.759765625,3070.12646484375,2534.1533203125,2392.93408203125,4742.673828125,13510.806640625,6492.05126953125,8137.97802734375,4847.607421875,1188.774658203125,554.782958984375,1129.7777099609375,6525.3876953125
2019-06-03,4785.94677734375,2491.761962890625,2458.759765625,3070.12646484375,2534.1533203125,2392.93408203125,4742.673828125,13510.806640625,6492.05126953125,8137.97802734375,4847.607421875,1188.774658203125,554.782958984375,1129.7777099609375,6525.3876953125
2019-06-04,4785.94677734375,2491.761962890625,2458.759765625,3070.12646484375,2534.1533203125,2392.93408203125,4742.673828125,13510.806640625,6492.05126953125,8137.97802734375,4847.607421875,1188.774658203125,554.782958984375,1129.7777099609375,6525.3876953125
2019-06-05,4785.94677734375,2491.761962890625,2458.759765625,3070.12646484375,2534.1533203125,2392.93408203125,4742.673828125,13510.806640625,6492.05126953125,8137.97802734375,4847.607421875,1188.774658203125,554.782958984375,1129.7777099609375,6525.3876953125
2019-06-06,4785.94677734375,2491.761962890625,2458.759765625,3070.12646484375,2534.1533203125,2392.93408203125,4742.673828125,13510.806640625,6492.05126953125,8137.97802734375,4847.607421875,1188.774658203125,554.782958984375,1129.7777099609375,6525.3876953125
2019-06-07,4785.94677734375,2491.761962890625,2458.759765625,3070.12646484375,2534.1533203125,2392.93408203125,4742.673828125,13510.806640625,6492.05126953125,8137.97802734375,4847.607421875,1188.774658203125,554.782958984375,1129.7777099609375,6525.3876953125
2019-06-10,4835.28662109375,2570.768798828125,2514.822509765625,3170.63623046875,2625.123291015625,2459.869384765625,4885.908203125,14150.3701171875,6513.93310546875,8137.97802734375,5067.953125,1249.98046875,596.8699951171875,1085.4727783203125,6329.90625
2019-06-11,4859.9560546875,2570.768798828125,2522.83203125,3134.08740234375,2612.127685546875,2459.869384765625,4854.078125,14230.3173828125,6462.87353515625,8428.619140625,5178.1259765625,1258.60107421875,608.3482666015625,1081.780517578125,6329.90625
2019-06-12,4806.5048828125,2558.6142578125,2522.83203125,3143.22412109375,2668.908203125,2426.4013671875,4774.50390625,14270.2880859375,6564.99462890625,8428.619140625,5159.76416015625,1249.98046875,600.696044921875,1063.3203125,6367.140625
2019-06-13,4773.61181640625,2552.537109375,2506.813720703125,3161.4990234375,2702.77734375,2392.93408203125,4774.50390625,14256.9638671875,6550.40673828125,8304.0576171875,5159.76416015625,1241.360107421875,596.8699951171875,1048.552001953125,6329.90625
2019-06-14,4769.50048828125,2570.768798828125,2506.813720703125,3106.675048828125,2702.77734375,2392.93408203125,4726.7578125,14336.91015625,6535.81689453125,8283.2978515625,5178.1259765625,1288.7730712890625,604.5221557617188,1044.8597412109375,6255.4365234375
2019-06-17,4765.38916015625,2552.537109375,2498.8046875,3088.400634765625,2641.812255859375,2384.5673828125,4694.92919921875,14403.533203125,6535.81689453125,8377.5986328125,5193.93408203125,1206.8780517578125,585.3917846679688,1041.1678466796875,6274.05322265625
2019-06-18,4851.73388671875,2589.001220703125,2514.822509765625,3188.91064453125,2696.00341796875,2434.76904296875,4774.50390625,14496.8017578125,6652.529296875,8524.943359375,5306.8447265625,1267.2216796875,593.0439453125,1063.3203125,6329.90625
2019-06-19,4884.62646484375,2607.23388671875,2554.86767578125,3252.871826171875,,2468.236328125,,,6696.2958984375,,5306.8447265625,1275.8421630859375,608.3482666015625,,6339.21435546875
2019-06-20,4859.9560546875,2619.38916015625,2546.85888671875,3216.322509765625,2736.646484375,2501.7041015625,4838.16357421875,14656.693359375,6725.47314453125,8545.9921875,5269.20849609375,1267.2216796875,616.00048828125,1078.0885009765625,6329.90625
2019-06-21,4835.28662109375,2649.776611328125,2554.86767578125,3234.596923828125,2736.646484375,2426.4013671875,4742.673828125,14630.04296875,6608.76123046875,8440.74609375,5325.6640625,1254.290771484375,612.1744384765625,1070.704345703125,6329.90625
2019-06-24,4831.1748046875,2619.38916015625,2554.86767578125,3243.734130859375,2696.00341796875,2392.93408203125,4679.013671875,14630.04296875,6517.5810546875,8377.5986328125,5306.8447265625,1262.9114990234375,608.3482666015625,1063.3203125,6339.21435546875
2019-06-25,4859.9560546875,2631.54345703125,2546.85888671875,3262.009033203125,2716.324951171875,2392.93408203125,4679.013671875,14816.583984375,6597.81982421875,8419.697265625,5250.388671875,1275.8421630859375,646.609130859375,1129.7777099609375,6702.2529296875
2019-06-26,4822.9521484375,2649.776611328125,2546.85888671875,3234.596923828125,2696.00341796875,2443.135498046875,4615.35302734375,14816.583984375,6539.46435546875,8461.794921875,5231.57080078125,1267.2216796875,631.3048706054688,1103.93310546875,6590.5498046875
2019-06-27,4880.51513671875,2661.931396484375,2562.87646484375,3252.871826171875,2770.516357421875,2443.135498046875,4694.92919921875,14963.150390625,6543.111328125,8545.9921875,5269.20849609375,1254.290771484375,635.130859375,1092.8568115234375,6618.47412109375
2019-06-28,4929.85400390625,2649.776611328125,2570.88525390625,3362.51904296875,2804.385498046875,2493.3369140625,4742.673828125,15029.7705078125,6564.99462890625,8545.9921875,5288.02685546875,1258.60107421875,646.609130859375,1092.8568115234375,6534.69677734375
2019-07-01,4925.74267578125,2686.2412109375,2562.87646484375,3426.4794921875,2858.576416015625,2501.7041015625,4694.92919921875,15362.8798828125,6564.99462890625,8524.943359375,5325.6640625,1249.98046875,650.4352416992188,1129.7777099609375,6637.09326171875
2019-07-02,4933.96630859375,2680.1630859375,2570.88525390625,3417.3427734375,2878.89794921875,2476.603515625,4647.18310546875,15176.3408203125,6575.9365234375,8524.943359375,5363.30029296875,1249.98046875,642.7830810546875,1115.0093994140625,6422.99267578125
2019-07-03,4933.96630859375,2674.086181640625,2570.88525390625,3408.205322265625,2872.12451171875,2392.93408203125,4631.267578125,15056.421875,6550.40673828125,8524.943359375,5344.48193359375,1245.670166015625,623.6526489257812,1107.625244140625,6432.30078125
2019-07-04,4925.74267578125,2668.008544921875,2570.88525390625,3426.4794921875,2878.89794921875,2384.5673828125,4615.35302734375,14763.2861328125,6561.34814453125,8503.89453125,5306.8447265625,1241.360107421875,627.4786987304688,1126.0855712890625,6404.3759765625
2019-07-05,4909.2958984375,2674.086181640625,2506.813720703125,3362.51904296875,2899.2197265625,2426.4013671875,4551.693359375,14936.5,6557.7001953125,8503.89453125,5269.20849609375,1241.360107421875,619.8265380859375,1126.0855712890625,6627.7841796875
2019-07-08,4835.28662109375,2674.086181640625,2522.83203125,3280.283447265625,2892.446044921875,2392.93408203125,4647.18310546875,14550.0986328125,6564.99462890625,8440.74609375,5212.75244140625,1237.0498046875,631.3048706054688,1100.2412109375,6441.60986328125
2019-07-09,4933.96630859375,2680.1630859375,2530.840576171875,3344.24462890625,2946.63671875,2451.502685546875,4631.267578125,14763.2861328125,6568.64208984375,8503.89453125,5156.29638671875,1249.98046875,631.3048706054688,1081.780517578125,6478.845703125
2019-07-10,4933.96630859375,2716.628173828125,2546.85888671875,3344.24462890625,2905.99365234375,2418.03515625,4742.673828125,14936.5,6564.99462890625,8524.943359375,5193.93408203125,1262.9114990234375,627.4786987304688,1085.4727783203125,6516.080078125
2019-07-11,4954.52490234375,2740.938232421875,2562.87646484375,3380.79345703125,2892.446044921875,2426.4013671875,4790.41796875,14923.17578125,6535.81689453125,8630.189453125,5156.29638671875,1241.360107421875,650.4352416992188,1074.3966064453125,6516.080078125
2019-07-12,4942.189453125,2740.938232421875,2586.903564453125,3362.51904296875,2831.48095703125,2392.93408203125,4742.673828125,14843.234375,6532.1708984375,8651.2392578125,5099.8408203125,1181.01611328125,646.609130859375,1048.552001953125,6422.99267578125
2019-07-15,5020.31005859375,2753.093017578125,2610.930908203125,3353.3818359375,2899.2197265625,2451.502685546875,4726.7578125,14936.5,6484.755859375,8735.435546875,5099.8408203125,1258.60107421875,673.3917236328125,1048.552001953125,6488.15380859375
2019-07-16,5003.86376953125,2765.248046875,2586.903564453125,3316.832763671875,2872.12451171875,2459.869384765625,4742.673828125,14816.583984375,6477.46142578125,8777.5341796875,5193.93408203125,1237.0498046875,684.8700561523438,1048.552001953125,6488.15380859375
2019-07-17,5057.3154296875,2747.015869140625,2554.86767578125,3307.6953125,2865.350341796875,2493.3369140625,4519.86279296875,14923.17578125,6550.40673828125,8945.927734375,5250.388671875,1254.290771484375,688.6961669921875,1041.1678466796875,6413.6845703125
2019-07-18,5053.2041015625,2704.473388671875,2514.822509765625,3243.734130859375,2872.12451171875,2602.10693359375,4551.693359375,14536.7734375,6674.4111328125,9030.1259765625,5306.8447265625,1271.531982421875,726.95703125,1059.6282958984375,6413.6845703125
2019-07-19,5098.43115234375,2722.7060546875,2522.83203125,3252.871826171875,2892.446044921875,2602.10693359375,4519.86279296875,14536.7734375,6681.70654296875,9135.3720703125,5306.8447265625,1284.4630126953125,719.304931640625,1063.3203125,6385.75927734375
2019-07-22,5172.4404296875,2734.86083984375,2490.79541015625,3234.596923828125,2885.671875,2593.739990234375,4519.86279296875,14177.01953125,6605.115234375,8966.9765625,5231.57080078125,1280.152587890625,734.6092529296875,1048.552001953125,6274.05322265625
2019-07-23,5127.21142578125,2728.783203125,2466.76904296875,3152.361572265625,2878.89794921875,2643.94140625,4551.693359375,14390.2060546875,6645.23486328125,9030.1259765625,5325.6640625,1267.2216796875,719.304931640625,1044.8597412109375,6311.2880859375
2019-07-24,5139.54833984375,2704.473388671875,2466.76904296875,3079.263671875,2838.255126953125,2610.4736328125,4567.60791015625,14376.8837890625,6626.99853515625,8903.830078125,5231.57080078125,1241.360107421875,723.1309814453125,1026.3994140625,6348.52392578125
2019-07-25,5139.54833984375,2710.551025390625,2498.8046875,3106.675048828125,2851.802734375,2719.243408203125,4647.18310546875,14363.5595703125,6557.7001953125,9009.076171875,5250.388671875,1271.531982421875,711.6526489257812,1030.0914306640625,6311.2880859375
2019-07-26,5094.3203125,2698.396240234375,2482.78662109375,3079.263671875,2817.933349609375,2652.308349609375,4503.9482421875,14137.046875,6535.81689453125,8903.830078125,5024.56591796875,1249.98046875,681.0440063476562,1015.3231201171875,6329.90625
2019-07-29,5090.2080078125,2710.551025390625,2498.8046875,3051.851318359375,2845.029052734375,2735.977294921875,4567.60791015625,13630.7236328125,6302.39599609375,8882.7802734375,5193.93408203125,1258.60107421875,684.8700561523438,996.8627319335938,6357.8310546875
2019-07-30,5114.8779296875,2734.86083984375,2546.85888671875,3051.851318359375,2892.446044921875,2761.078125,4631.267578125,13590.7509765625,6280.51123046875,8945.927734375,5193.93408203125,1258.60107421875,715.4786987304688,1007.93896484375,6236.81982421875
2019-07-31,5090.2080078125,2722.7060546875,2554.86767578125,3097.5380859375,2912.767578125,2702.50927734375,4456.203125,13284.29296875,6360.7509765625,9009.076171875,5325.6640625,1267.2216796875,715.4786987304688,1011.6310424804688,6264.7451171875
2019-08-01,5106.65478515625,2704.473388671875,2490.79541015625,3015.302490234375,2899.2197265625,2744.34423828125,4472.1181640625,13031.130859375,6645.23486328125,9009.076171875,5438.57568359375,1280.152587890625,707.8265991210938,1007.93896484375,6274.05322265625
2019-08-02,5069.64990234375,2704.473388671875,2458.759765625,2960.47900390625,2899.2197265625,2727.6103515625,4503.9482421875,13097.75390625,6564.99462890625,9135.3720703125,5325.6640625,1254.290771484375,688.6961669921875,993.170654296875,6274.05322265625
2019-08-05,4933.96630859375,2595.079345703125,2378.669921875,2896.517822265625,2763.7421875,2618.840576171875,4408.45751953125,12724.6728515625,6393.5751953125,9156.4208984375,5306.8447265625,1215.498291015625,658.0874633789062,967.3259887695312,6274.05322265625
2019-08-06,4835.28662109375,2491.761962890625,2322.60693359375,2859.96875,2797.61181640625,2627.207275390625,4297.0537109375,12125.080078125,6466.52099609375,9072.2236328125,5306.8447265625,1193.9468994140625,719.304931640625,941.4814453125,5976.17578125
2019-08-07,4942.189453125,2582.924072265625,2354.64306640625,2878.243408203125,2851.802734375,2761.078125,4281.13818359375,12151.73046875,6539.46435546875,9451.1103515625,5419.75732421875,1232.7396240234375,769.0440063476562,945.173583984375,5845.85400390625
2019-08-08,4938.07763671875,2607.23388671875,2402.69677734375,2969.6162109375,2885.671875,2802.912353515625,4392.54345703125,12364.9208984375,6513.93310546875,9409.0107421875,5589.12451171875,1219.80859375,780.5223388671875,948.8655395507812,5706.22412109375
2019-08-09,4987.4169921875,2631.54345703125,2386.678955078125,2896.517822265625,2885.671875,2769.444580078125,4312.96826171875,12351.5947265625,6539.46435546875,9514.2568359375,5626.76171875,1241.360107421875,814.9571533203125,937.7892456054688,5603.8291015625
2019-08-12,4966.85888671875,2613.311767578125,2370.66064453125,2896.517822265625,2885.671875,2811.27978515625,4297.0537109375,11565.462890625,6561.34814453125,9493.208984375,5664.39794921875,1262.9114990234375,792.0005493164062,915.6369018554688,5454.88916015625
2019-08-13,4946.30126953125,2601.156494140625,2354.64306640625,2887.38037109375,2878.89794921875,2794.5458984375,4249.3076171875,11312.302734375,6459.22607421875,9472.1591796875,5570.3056640625,1258.60107421875,814.9571533203125,893.484375,5212.86376953125
2019-08-14,4942.189453125,2631.54345703125,2402.69677734375,2960.47900390625,2905.99365234375,2811.27978515625,4249.3076171875,11498.841796875,6550.40673828125,9556.3564453125,5607.9423828125,1275.8421630859375,849.391845703125,897.1763916015625,5203.5546875
2019-08-15,4933.96630859375,2582.924072265625,2370.66064453125,2933.066650390625,2905.99365234375,2777.81201171875,4153.8173828125,11059.140625,6521.22802734375,9682.6513671875,5702.0361328125,1284.4630126953125,857.0440673828125,878.7158813476562,4989.455078125
2019-08-16,4901.07275390625,2558.6142578125,2362.65185546875,2896.517822265625,2899.2197265625,2719.243408203125,4137.90283203125,10925.8984375,6561.34814453125,9787.8974609375,5702.0361328125,1301.703857421875,857.0440673828125,900.8684692382812,4803.28173828125
2019-08-19,4946.30126953125,2540.3818359375,2354.64306640625,2878.243408203125,2939.86279296875,2719.243408203125,4090.158447265625,11032.4912109375,6492.05126953125,9703.7001953125,5777.310546875,1349.116943359375,830.2615356445312,904.5606079101562,4821.8984375
2019-08-20,4921.63037109375,2491.761962890625,2362.65185546875,2832.556640625,3027.92333984375,2719.243408203125,4090.158447265625,10952.5458984375,6590.52587890625,10019.439453125,5852.58544921875,1353.42724609375,803.4788208007812,908.2525634765625,4812.5908203125
2019-08-21,4913.4072265625,2461.374755859375,2314.597900390625,2768.595703125,2987.280029296875,2735.977294921875,4042.412353515625,10672.7373046875,6546.759765625,9935.2431640625,5796.12939453125,1357.737548828125,818.783203125,893.484375,4617.107421875
2019-08-22,4933.96630859375,2473.530029296875,2314.597900390625,2777.7333984375,3014.375732421875,2802.912353515625,4026.49755859375,10646.0859375,6608.76123046875,9956.291015625,5720.8544921875,1400.8404541015625,795.8267211914062,893.484375,4477.47802734375
2019-08-23,4929.85400390625,2479.607421875,2298.579833984375,2786.8701171875,2966.958740234375,2786.1787109375,4185.6484375,10925.8984375,6685.35302734375,9914.193359375,5852.58544921875,1396.530029296875,776.6962890625,919.328857421875,4496.0947265625
2019-08-26,4925.74267578125,2473.530029296875,2258.534912109375,2741.18408203125,2933.089599609375,2777.81201171875,4185.6484375,10726.033203125,6692.6474609375,9893.14453125,5814.947265625,1396.530029296875,788.1744995117188,889.792236328125,4468.1689453125
2019-08-27,4938.07763671875,2552.537109375,2250.526123046875,2768.595703125,2966.958740234375,2828.013427734375,4153.8173828125,11032.4912109375,6896.89306640625,9893.14453125,5833.7666015625,1400.8404541015625,780.5223388671875,893.484375,4542.63818359375
2019-08-28,4929.85400390625,2546.459228515625,2258.534912109375,2777.7333984375,2960.1845703125,2786.1787109375,4106.07275390625,11139.0888671875,6984.4248046875,9956.291015625,5833.7666015625,1426.7021484375,803.4788208007812,889.792236328125,4551.94677734375
2019-08-29,4938.07763671875,2552.537109375,2266.5439453125,2750.3212890625,2966.958740234375,2836.380126953125,4090.158447265625,11019.1689453125,6980.77783203125,10103.63671875,5890.22216796875,1439.6328125,807.3049926757812,889.792236328125,4710.1953125
2019-08-30,5016.19873046875,2595.079345703125,2322.60693359375,2814.2822265625,3014.375732421875,2911.682373046875,4249.3076171875,11152.4111328125,7126.66650390625,10145.7353515625,5965.49609375,1456.8740234375,818.783203125,911.9446411132812,4840.51611328125
2019-09-02,4933.96630859375,2564.69140625,2298.579833984375,2786.8701171875,2987.280029296875,3028.819091796875,4169.73291015625,10979.1962890625,6995.36767578125,10082.5859375,6021.95166015625,1443.943115234375,895.3049926757812,893.484375,4635.72412109375
2019-09-03,4979.193359375,2522.1494140625,2210.4814453125,2722.909423828125,2946.63671875,2928.416015625,4121.98828125,10872.599609375,6926.06982421875,10103.63671875,6021.95166015625,1422.3917236328125,849.391845703125,900.8684692382812,4682.26953125
2019-09-04,4950.412109375,2528.22705078125,2218.489990234375,2713.77197265625,2905.99365234375,2928.416015625,4137.90283203125,10899.25,6940.658203125,10103.63671875,5965.49609375,1431.0123291015625,841.7398071289062,900.8684692382812,4896.36865234375
2019-09-05,4966.85888671875,2564.69140625,2234.508056640625,2750.3212890625,2926.315185546875,2945.14990234375,4265.22314453125,11205.70703125,7006.30859375,10103.63671875,6040.77099609375,1439.6328125,841.7398071289062,911.9446411132812,5222.17236328125
2019-09-06,4954.52490234375,2595.079345703125,2258.534912109375,2777.7333984375,2851.802734375,2735.977294921875,4297.0537109375,11498.841796875,6864.0673828125,10019.439453125,6003.13330078125,1443.943115234375,822.6092529296875,959.9418334960938,5371.111328125
2019-09-09,4962.7470703125,2534.30419921875,2234.508056640625,2759.458740234375,2892.446044921875,2744.34423828125,4233.3935546875,12418.2158203125,6958.89453125,9977.33984375,6021.95166015625,1443.943115234375,857.0440673828125,996.8627319335938,5547.97607421875
2019-09-10,4979.193359375,2546.459228515625,2258.534912109375,2832.556640625,2892.446044921875,2744.34423828125,4249.3076171875,12231.6748046875,6951.6005859375,10124.685546875,5984.31494140625,1448.2532958984375,864.6962890625,978.4022827148438,5473.5068359375
2019-09-11,5016.19873046875,2582.924072265625,2290.57080078125,2923.9296875,2878.89794921875,2735.977294921875,4408.45751953125,12524.80859375,6802.064453125,10061.5380859375,5833.7666015625,1448.2532958984375,860.8700561523438,993.170654296875,5445.5810546875
2019-09-12,4950.412109375,2601.156494140625,2290.57080078125,2878.243408203125,2824.707275390625,2802.912353515625,4297.0537109375,12284.9736328125,6721.826171875,10040.4892578125,5683.21728515625,1456.8740234375,857.0440673828125,967.3259887695312,5240.78955078125
2019-09-13,4958.6357421875,2619.38916015625,2306.589111328125,2869.10595703125,2817.933349609375,2886.58154296875,4297.0537109375,12138.4052734375,6798.41796875,9766.8486328125,5645.580078125,1448.2532958984375,818.783203125,945.173583984375,4970.83740234375
2019-09-16,4938.07763671875,2546.459228515625,2242.516845703125,2805.144775390625,2858.576416015625,2828.013427734375,4265.22314453125,12298.2978515625,6849.47802734375,9956.291015625,5833.7666015625,1448.2532958984375,803.4788208007812,952.5577392578125,4952.22021484375
2019-09-17,4958.6357421875,2582.924072265625,2234.508056640625,2832.556640625,2892.446044921875,2878.214599609375,4121.98828125,12178.376953125,6849.47802734375,10061.5380859375,5852.58544921875,1448.2532958984375,803.4788208007812,948.8655395507812,4952.22021484375
2019-09-18,4966.85888671875,2576.846435546875,2306.589111328125,2887.38037109375,2878.89794921875,2928.416015625,4265.22314453125,12005.1640625,6809.3583984375,9998.3916015625,5927.85888671875,1448.2532958984375,814.9571533203125,941.4814453125,4812.5908203125
2019-09-19,4958.6357421875,2564.69140625,2274.552978515625,2841.69384765625,2851.802734375,2903.315185546875,4201.56298828125,11592.1123046875,6794.7705078125,10019.439453125,5927.85888671875,1448.2532958984375,799.65283203125,908.2525634765625,4747.42919921875
2019-09-20,4925.74267578125,2528.22705078125,2266.5439453125,2796.0078125,2905.99365234375,2853.1142578125,4185.6484375,11725.3525390625,6732.7666015625,10061.5380859375,5796.12939453125,1435.3226318359375,814.9571533203125,911.9446411132812,4626.4169921875
2019-09-23,4954.52490234375,2540.3818359375,2242.516845703125,2768.595703125,2878.89794921875,2836.380126953125,4217.4775390625,11778.6494140625,6900.5390625,9998.3916015625,5758.4921875,1435.3226318359375,807.3049926757812,886.1002197265625,4635.72412109375
2019-09-24,4888.73828125,2497.83935546875,2226.4990234375,2722.909423828125,2851.802734375,2752.711181640625,4121.98828125,11298.9765625,6896.89306640625,9935.2431640625,5720.8544921875,1431.0123291015625,776.6962890625,856.5634765625,4803.28173828125
2019-09-25,4880.51513671875,2479.607421875,2210.4814453125,2732.046630859375,2858.576416015625,2761.078125,4137.90283203125,11259.00390625,6856.7724609375,9935.2431640625,5739.67333984375,1439.6328125,772.8701782226562,849.1792602539062,4756.73828125
2019-09-26,4983.3046875,2558.6142578125,2274.552978515625,2759.458740234375,2953.410400390625,2928.416015625,4265.22314453125,11112.4384765625,6820.30078125,10103.63671875,5814.947265625,1439.6328125,776.6962890625,849.1792602539062,4766.04638671875
2019-09-27,4991.529296875,2540.3818359375,2234.508056640625,2713.77197265625,2919.54150390625,2928.416015625,4233.3935546875,10912.57421875,6856.7724609375,10061.5380859375,5890.22216796875,1443.943115234375,757.5657958984375,849.1792602539062,4719.5029296875
2019-09-30,4991.529296875,2503.9169921875,2234.508056640625,2686.360595703125,2919.54150390625,2878.214599609375,4201.56298828125,10965.8681640625,6783.828125,10124.685546875,5796.12939453125,1443.943115234375,746.0874633789062,834.4110107421875,4617.107421875
2019-10-01,4966.85888671875,2473.530029296875,2210.4814453125,2658.948486328125,2878.89794921875,2886.58154296875,4169.73291015625,10952.5458984375,6740.060546875,10040.4892578125,5739.67333984375,1443.943115234375,730.783203125,841.795166015625,4645.03369140625
2019-10-02,4975.08203125,2388.445068359375,2090.345947265625,2531.026611328125,2845.029052734375,2886.58154296875,4106.07275390625,10766.005859375,6630.6455078125,10272.03125,5777.310546875,1439.6328125,704.00048828125,827.0267333984375,4524.02099609375
2019-10-03,4966.85888671875,2315.51513671875,2050.301513671875,2521.8896484375,2845.029052734375,2828.013427734375,4121.98828125,10766.005859375,6575.9365234375,10272.03125,5777.310546875,1422.3917236328125,738.4353637695312,827.0267333984375,4514.7119140625
2019-10-04,4970.970703125,2400.599853515625,2050.301513671875,2512.751953125,2838.255126953125,2802.912353515625,4090.158447265625,10766.005859375,6626.99853515625,10293.078125,5909.041015625,1422.3917236328125,734.6092529296875,812.2584838867188,4477.47802734375
2019-10-07,4991.529296875,2370.212890625,2034.283203125,2439.65380859375,2784.06396484375,2802.912353515625,4062.538818359375,10872.599609375,6419.1064453125,10335.1787109375,5796.12939453125,1405.150634765625,730.783203125,793.7980346679688,4505.40283203125
2019-10-08,5016.19873046875,2388.445068359375,2082.33740234375,2494.477294921875,2770.516357421875,2886.58154296875,4078.59619140625,10999.3193359375,6524.8759765625,10440.423828125,5852.58544921875,1431.0123291015625,711.6526489257812,823.334716796875,4617.107421875
2019-10-09,4991.529296875,2406.67724609375,2058.31005859375,2467.065673828125,2790.837890625,2878.214599609375,4030.424072265625,10904.142578125,6448.283203125,10103.63671875,5871.40283203125,1422.3917236328125,757.5657958984375,827.0267333984375,4710.1953125
2019-10-10,5024.42138671875,2364.135009765625,2090.345947265625,2467.065673828125,2784.06396484375,2920.04931640625,4030.424072265625,10958.529296875,6400.87109375,9640.552734375,5758.4921875,1422.3917236328125,761.391845703125,834.4110107421875,4793.97314453125
2019-10-11,5036.75732421875,2382.367431640625,2098.355224609375,2549.30126953125,2824.707275390625,2920.04931640625,4158.88427734375,11053.701171875,6444.63720703125,9787.8974609375,5758.4921875,1431.0123291015625,776.6962890625,838.10302734375,4812.5908203125
2019-10-14,5098.43115234375,2382.367431640625,2114.373046875,2531.026611328125,2838.255126953125,2920.04931640625,4126.76953125,11216.85546875,6492.05126953125,9766.8486328125,5796.12939453125,1439.6328125,765.2179565429688,830.7189331054688,4896.36865234375
2019-10-15,5077.873046875,2394.5224609375,2106.3642578125,2613.261962890625,2824.707275390625,2953.516845703125,4110.7119140625,11366.4150390625,6528.5234375,9577.4052734375,5720.8544921875,1431.0123291015625,753.7396240234375,834.4110107421875,4840.51611328125
2019-10-16,5110.7666015625,2424.909912109375,2122.38232421875,2649.8115234375,2824.707275390625,2953.516845703125,4094.654052734375,11067.2978515625,6652.529296875,9535.306640625,5702.0361328125,1426.7021484375,734.6092529296875,834.4110107421875,4719.5029296875
2019-10-17,5028.53271484375,2461.374755859375,2146.408935546875,2695.49755859375,2824.707275390625,2953.516845703125,4255.228515625,11080.8935546875,6528.5234375,9724.751953125,5758.4921875,1426.7021484375,730.783203125,819.6427001953125,4635.72412109375
2019-10-18,5065.5380859375,2534.30419921875,2170.435791015625,2732.046630859375,2838.255126953125,2961.8837890625,4303.4013671875,11339.22265625,6291.45361328125,9493.208984375,5683.21728515625,1400.8404541015625,715.4786987304688,867.6397094726562,4561.25634765625
2019-10-21,5114.8779296875,2503.9169921875,2178.4453125,2695.49755859375,2845.029052734375,2928.416015625,4319.458984375,11298.4345703125,6335.220703125,9598.455078125,5626.76171875,1409.4608154296875,707.8265991210938,867.6397094726562,4747.42919921875
2019-10-22,5180.6640625,2516.072021484375,2186.4541015625,2677.222900390625,2865.350341796875,2945.14990234375,4335.5166015625,11692.72265625,6411.81201171875,9619.5029296875,5551.4873046875,1405.150634765625,711.6526489257812,871.3318481445312,4728.8115234375
2019-10-23,5160.1064453125,2540.3818359375,2266.5439453125,2759.458740234375,2885.671875,2911.682373046875,4335.5166015625,11760.703125,6459.22607421875,9682.6513671875,5683.21728515625,1387.9093017578125,730.783203125,904.5606079101562,5008.07275390625
2019-10-24,5180.6640625,2613.311767578125,2314.597900390625,2887.38037109375,2946.63671875,2886.58154296875,4463.97607421875,11923.857421875,6459.22607421875,9766.8486328125,5758.4921875,1392.2196044921875,746.0874633789062,889.792236328125,5026.68994140625
2019-10-25,5098.43115234375,2570.768798828125,2242.516845703125,2859.96875,2899.2197265625,2836.380126953125,4367.6318359375,11529.568359375,6295.10009765625,9619.5029296875,5683.21728515625,1353.42724609375,730.783203125,867.6397094726562,5017.380859375
2019-10-28,5102.5419921875,2570.768798828125,2242.516845703125,2841.69384765625,2885.671875,2894.948486328125,4431.861328125,11665.5302734375,6346.16259765625,9851.044921875,5796.12939453125,1383.59912109375,700.1744384765625,875.0239868164062,5017.380859375
2019-10-29,5114.8779296875,2570.768798828125,2274.552978515625,2823.41943359375,2933.089599609375,2945.14990234375,4480.0322265625,11597.548828125,6357.10400390625,9766.8486328125,5645.580078125,1409.4608154296875,707.8265991210938,867.6397094726562,4961.529296875
2019-10-30,5151.88427734375,2582.924072265625,2250.526123046875,2832.556640625,2892.446044921875,2970.250732421875,4463.97607421875,11801.4931640625,6360.7509765625,9829.9970703125,5720.8544921875,1418.0814208984375,711.6526489257812,863.9476318359375,5008.07275390625
2019-10-31,5172.4404296875,2558.6142578125,2250.526123046875,2805.144775390625,2784.06396484375,2970.250732421875,4463.97607421875,11787.8974609375,6378.9873046875,9787.8974609375,5796.12939453125,1374.978515625,681.0440063476562,830.7189331054688,4952.22021484375
2019-11-01,5201.22216796875,2540.3818359375,2234.508056640625,2805.144775390625,2763.7421875,2945.14990234375,4367.6318359375,11692.72265625,6375.3388671875,9787.8974609375,5833.7666015625,1400.8404541015625,654.2613525390625,808.5664672851562,4973.84619140625
2019-11-04,5160.1064453125,2528.22705078125,2202.47216796875,2786.8701171875,2811.15966796875,2970.250732421875,4303.4013671875,11733.5107421875,6276.865234375,9556.3564453125,5871.40283203125,1336.1861572265625,642.7830810546875,849.1792602539062,4914.86669921875
2019-11-05,5230.00439453125,2613.311767578125,2306.589111328125,2823.41943359375,2845.029052734375,2928.416015625,4431.861328125,12644.4560546875,6397.22216796875,9430.060546875,6021.95166015625,1387.9093017578125,638.9569702148438,897.1763916015625,5013.16455078125
2019-11-06,5176.55322265625,2528.22705078125,2234.508056640625,2741.18408203125,2790.837890625,2945.14990234375,4399.74609375,12426.9169921875,6338.8671875,9451.1103515625,5927.85888671875,1379.2889404296875,650.4352416992188,908.2525634765625,4993.50537109375
2019-11-07,5168.3291015625,2430.987548828125,2242.516845703125,2777.7333984375,2756.96826171875,2928.416015625,4319.458984375,11991.83984375,6324.27880859375,9093.2734375,5833.7666015625,1366.3580322265625,646.609130859375,882.4081420898438,4875.54833984375
2019-11-08,5164.2177734375,2424.909912109375,2274.552978515625,2805.144775390625,2784.06396484375,2886.58154296875,4255.228515625,12658.0517578125,6295.10009765625,9493.208984375,5833.7666015625,1366.3580322265625,638.9569702148438,952.5577392578125,5072.1435546875
2019-11-11,5176.55322265625,2430.987548828125,2258.534912109375,2759.458740234375,2777.2900390625,2761.078125,4271.28662109375,12685.2451171875,6313.33740234375,9598.455078125,5965.49609375,1340.4964599609375,635.130859375,959.9418334960938,5150.78173828125
2019-11-12,5151.88427734375,2430.987548828125,2250.526123046875,2777.7333984375,2831.48095703125,2894.948486328125,4351.57373046875,12943.57421875,6302.39599609375,9598.455078125,5890.22216796875,1336.1861572265625,627.4786987304688,967.3259887695312,5062.3134765625
2019-11-13,5164.2177734375,2406.67724609375,2202.47216796875,2686.360595703125,2811.15966796875,2878.214599609375,4319.458984375,12630.8583984375,6174.74267578125,9661.6025390625,5852.58544921875,1310.3245849609375,627.4786987304688,941.4814453125,4914.86669921875
2019-11-14,5155.99462890625,2394.5224609375,2202.47216796875,2668.086181640625,2743.420654296875,2911.682373046875,4223.1142578125,12195.78125,6244.03955078125,9598.455078125,5796.12939453125,1301.703857421875,623.6526489257812,908.2525634765625,4855.89013671875
2019-11-15,5160.1064453125,2485.684814453125,2226.4990234375,2722.909423828125,2763.7421875,2911.682373046875,4190.99853515625,12168.5888671875,6160.15380859375,9598.455078125,5927.85888671875,1301.703857421875,631.3048706054688,926.713134765625,4865.71875
2019-11-18,5164.2177734375,2503.9169921875,2234.508056640625,2713.77197265625,2709.551025390625,2911.682373046875,4239.17138671875,11910.2607421875,6149.21240234375,9598.455078125,6003.13330078125,1301.703857421875,627.4786987304688,926.713134765625,4796.9111328125
2019-11-19,5192.99853515625,2546.459228515625,2290.57080078125,2777.7333984375,2723.09912109375,2953.516845703125,4271.28662109375,12209.37890625,6244.03955078125,9619.5029296875,5984.31494140625,1310.3245849609375,638.9569702148438,915.6369018554688,4737.93212890625
2019-11-20,5221.78173828125,2564.69140625,2274.552978515625,2796.0078125,2770.516357421875,2970.250732421875,4255.228515625,12331.7451171875,6207.56787109375,9619.5029296875,6021.95166015625,1314.634765625,631.3048706054688,904.5606079101562,4718.2724609375
2019-11-21,5180.6640625,2564.69140625,2298.579833984375,2814.2822265625,2723.09912109375,2928.416015625,4239.17138671875,12019.0302734375,6130.9765625,9598.455078125,5984.31494140625,1314.634765625,623.6526489257812,878.7158813476562,4659.29443359375
2019-11-22,5184.77490234375,2558.6142578125,2266.5439453125,2796.0078125,2743.420654296875,2961.8837890625,4255.228515625,12372.533203125,6149.21240234375,9619.5029296875,5965.49609375,1306.014404296875,619.8265380859375,897.1763916015625,4531.50830078125
2019-11-25,5160.1064453125,2509.99462890625,2234.508056640625,2741.18408203125,2675.681884765625,2970.250732421875,4174.94140625,12154.9931640625,6138.2705078125,9598.455078125,5984.31494140625,1306.014404296875,623.6526489257812,923.02099609375,4531.50830078125
2019-11-26,5168.3291015625,2522.1494140625,2218.489990234375,2741.18408203125,2614.716552734375,2920.04931640625,4078.59619140625,11624.7412109375,6054.38427734375,9577.4052734375,5984.31494140625,1318.9449462890625,619.8265380859375,971.01806640625,4443.03955078125
2019-11-27,5180.6640625,2534.30419921875,2210.4814453125,2732.046630859375,2628.264892578125,2836.380126953125,4126.76953125,11747.107421875,5981.44091796875,9577.4052734375,5984.31494140625,1306.014404296875,596.8699951171875,952.5577392578125,4305.42333984375
2019-11-28,5139.54833984375,2461.374755859375,2170.435791015625,2704.634765625,2587.621337890625,2702.50927734375,4110.7119140625,11366.4150390625,6098.15087890625,9535.306640625,5965.49609375,1280.152587890625,573.91357421875,911.9446411132812,4157.97802734375
2019-11-29,5164.2177734375,2485.684814453125,2234.508056640625,2741.18408203125,2662.13427734375,2794.5458984375,4174.94140625,11380.01171875,6098.15087890625,9535.306640625,5984.31494140625,1314.634765625,573.91357421875,893.484375,4020.3623046875
2019-12-02,5283.455078125,2558.6142578125,2274.552978515625,2759.458740234375,2675.681884765625,2836.380126953125,4271.28662109375,11815.08984375,6251.33544921875,9598.455078125,6021.95166015625,1353.42724609375,604.5221557617188,934.0973510742188,4177.6376953125
2019-12-03,5242.33837890625,2534.30419921875,2298.579833984375,2759.458740234375,2655.35986328125,2861.48095703125,4190.99853515625,11502.3779296875,6288.9130859375,9598.455078125,5984.31494140625,1379.2889404296875,593.0439453125,923.02099609375,4040.0205078125
2019-12-04,5234.1162109375,2509.99462890625,2266.5439453125,2713.77197265625,2702.77734375,2853.1142578125,4207.05615234375,11257.64453125,6189.44091796875,9345.86328125,5909.041015625,1353.42724609375,600.696044921875,908.2525634765625,4010.53173828125
2019-12-05,5213.55712890625,2564.69140625,2298.579833984375,2722.909423828125,2750.194580078125,2802.912353515625,4303.4013671875,11312.029296875,6211.54443359375,9472.1591796875,5927.85888671875,1349.116943359375,616.00048828125,945.173583984375,3971.2119140625
2019-12-06,5275.4267578125,2534.30419921875,2298.579833984375,2768.595703125,2777.2900390625,2844.7470703125,4351.57373046875,11597.548828125,6226.28173828125,9619.5029296875,6021.95166015625,1353.42724609375,619.8265380859375,941.4814453125,3971.2119140625
2019-12-09,5275.4267578125,2540.3818359375,2322.60693359375,2768.595703125,2756.96826171875,2735.977294921875,4287.34326171875,11611.1455078125,6229.9658203125,9577.4052734375,6040.77099609375,1349.116943359375,631.3048706054688,956.2498779296875,4010.53173828125
2019-12-10,5250.67919921875,2534.30419921875,2362.65185546875,2777.7333984375,2736.646484375,2761.078125,4271.28662109375,11583.9541015625,6215.22900390625,9577.4052734375,5984.31494140625,1353.42724609375,631.3048706054688,941.4814453125,4266.10498046875
2019-12-11,5263.0537109375,2558.6142578125,2354.64306640625,2750.3212890625,2743.420654296875,2761.078125,4207.05615234375,11312.029296875,6204.17724609375,9640.552734375,5909.041015625,1349.116943359375,631.3048706054688,930.4052124023438,4216.95654296875
2019-12-12,5230.05615234375,2582.924072265625,2338.625,2750.3212890625,2675.681884765625,2727.6103515625,4207.05615234375,11121.681640625,6042.072265625,9577.4052734375,5739.67333984375,1353.42724609375,638.9569702148438,911.9446411132812,4226.78662109375
2019-12-13,5246.5546875,2601.156494140625,2362.65185546875,2796.0078125,2702.77734375,2710.876953125,4399.74609375,11515.9716796875,6075.2294921875,9640.552734375,5833.7666015625,1379.2889404296875,650.4352416992188,952.5577392578125,4344.7431640625
2019-12-16,5246.5546875,2631.54345703125,2354.64306640625,2814.2822265625,2689.229736328125,2685.77587890625,4480.0322265625,11964.646484375,6027.33544921875,9556.3564453125,5927.85888671875,1357.737548828125,661.9135131835938,993.170654296875,4472.529296875
2019-12-17,5362.04443359375,2643.69873046875,2354.64306640625,2814.2822265625,2696.00341796875,2769.444580078125,4463.97607421875,12168.5888671875,6038.38818359375,9682.6513671875,5984.31494140625,1409.4608154296875,658.0874633789062,978.4022827148438,4433.21044921875
2019-12-18,5572.40087890625,2674.086181640625,2410.705810546875,2859.96875,2702.77734375,2786.1787109375,4431.861328125,11855.8759765625,6031.01904296875,9682.6513671875,5984.31494140625,1409.4608154296875,635.130859375,985.7864379882812,4452.86962890625
2019-12-19,5444.537109375,2643.69873046875,2434.73291015625,2859.96875,2641.812255859375,2694.14306640625,4399.74609375,11815.08984375,5997.861328125,9619.5029296875,5965.49609375,1387.9093017578125,638.9569702148438,978.4022827148438,4413.55078125
2019-12-20,5494.03369140625,2649.776611328125,2466.76904296875,2850.831298828125,2723.09912109375,2777.81201171875,4447.91796875,11556.759765625,6134.177734375,9703.7001953125,5965.49609375,1387.9093017578125,635.130859375,959.9418334960938,4462.69921875
2019-12-23,5494.03369140625,2704.473388671875,2474.777587890625,2896.517822265625,2723.09912109375,2769.444580078125,4431.861328125,11529.568359375,6137.86083984375,9598.455078125,5984.31494140625,1400.8404541015625,631.3048706054688,963.6339721679688,4393.89208984375
2019-12-26,5510.5322265625,2680.1630859375,2498.8046875,2905.655029296875,2709.551025390625,2727.6103515625,4415.80224609375,11760.703125,6255.755859375,9493.208984375,5871.40283203125,1374.978515625,642.7830810546875,974.710205078125,4423.380859375
2019-12-27,5522.90576171875,2692.318359375,2482.78662109375,2896.517822265625,2702.77734375,2719.243408203125,4447.91796875,11787.8974609375,6307.33349609375,9409.0107421875,5965.49609375,1392.2196044921875,638.9569702148438,978.4022827148438,4413.55078125
2019-12-30,5514.65625,2674.086181640625,2458.759765625,2869.10595703125,2689.229736328125,2635.57421875,4447.91796875,11706.3203125,6189.44091796875,9387.962890625,5965.49609375,1396.530029296875,642.7830810546875,982.0943603515625,4511.84814453125
2020-01-02,5518.78173828125,2680.1630859375,2482.78662109375,2841.69384765625,2648.58642578125,2685.77587890625,4415.80224609375,11692.72265625,6299.96435546875,9387.962890625,6003.13330078125,1392.2196044921875,642.7830810546875,971.01806640625,4462.69921875
2020-01-03,5609.52392578125,2686.2412109375,2474.777587890625,2850.831298828125,2696.00341796875,2677.408935546875,4463.97607421875,11570.3564453125,6318.3876953125,9472.1591796875,6040.77099609375,1409.4608154296875,650.4352416992188,985.7864379882812,4610.14599609375
2020-01-06,5555.90234375,2655.854248046875,2434.73291015625,2786.8701171875,2682.45556640625,2710.876953125,4335.5166015625,11733.5107421875,6244.70263671875,9682.6513671875,6021.95166015625,1413.7711181640625,677.2177734375,1007.93896484375,4639.63525390625
2020-01-07,5560.0283203125,2674.086181640625,2434.73291015625,2759.458740234375,2668.908203125,2719.243408203125,4351.57373046875,11556.759765625,6226.28173828125,9682.6513671875,6172.5009765625,1409.4608154296875,669.565673828125,1000.554931640625,4678.9541015625
2020-01-08,5510.5322265625,2661.931396484375,2402.69677734375,2713.77197265625,2641.812255859375,2761.078125,4351.57373046875,11719.9140625,6134.177734375,9724.751953125,6191.31982421875,1366.3580322265625,692.5222778320312,985.7864379882812,4610.14599609375
2020-01-09,5560.0283203125,2674.086181640625,2466.76904296875,2814.2822265625,2682.45556640625,2752.711181640625,4415.80224609375,11597.548828125,6152.5986328125,9703.7001953125,6210.138671875,1379.2889404296875,673.3917236328125,985.7864379882812,4649.46484375
2020-01-10,5547.654296875,2680.1630859375,2474.777587890625,2823.41943359375,2696.00341796875,2752.711181640625,4383.68896484375,12100.609375,6078.9140625,9703.7001953125,6210.138671875,1379.2889404296875,677.2177734375,1026.3994140625,4983.67529296875
2020-01-13,5564.15234375,2740.938232421875,2474.777587890625,2841.69384765625,2729.872802734375,2769.444580078125,4447.91796875,12535.6865234375,6189.44091796875,9724.751953125,6134.86376953125,1379.2889404296875,665.7396850585938,1044.8597412109375,5249.078125
2020-01-14,5667.2685546875,2777.4033203125,2482.78662109375,2869.10595703125,2675.681884765625,2786.1787109375,4608.49267578125,12345.3408203125,6244.70263671875,9766.8486328125,6116.04541015625,1366.3580322265625,650.4352416992188,1030.0914306640625,5229.4189453125
2020-01-15,5638.39697265625,2783.480712890625,2450.750732421875,2805.144775390625,2628.264892578125,2719.243408203125,4624.55029296875,11964.646484375,6244.70263671875,9661.6025390625,6059.58935546875,1362.0478515625,638.9569702148438,993.170654296875,4993.50537109375
2020-01-16,5650.77001953125,2777.4033203125,2418.714599609375,2814.2822265625,2607.94287109375,2786.1787109375,4576.37890625,11910.2607421875,6207.861328125,9766.8486328125,6153.6826171875,1435.3226318359375,646.609130859375,989.4786376953125,4993.50537109375
2020-01-17,5671.39306640625,2813.867919921875,2474.777587890625,2841.69384765625,2580.847412109375,2811.27978515625,4544.26318359375,11842.279296875,6189.44091796875,9745.798828125,6210.138671875,1392.2196044921875,642.7830810546875,985.7864379882812,5022.9951171875
2020-01-20,5638.39697265625,2832.1005859375,2442.741943359375,2759.458740234375,2580.847412109375,2811.27978515625,4496.0908203125,11692.72265625,6134.177734375,9766.8486328125,6210.138671875,1396.530029296875,608.3482666015625,956.2498779296875,4865.71875
2020-01-21,5634.271484375,2838.17822265625,2466.76904296875,2768.595703125,2635.03857421875,2761.078125,4512.1484375,11461.5869140625,6134.177734375,9851.044921875,6210.138671875,1387.9093017578125,608.3482666015625,945.173583984375,4777.25146484375
2020-01-22,5642.52099609375,2862.487548828125,2498.8046875,2786.8701171875,2614.716552734375,2677.408935546875,4496.0908203125,11203.2578125,6115.75537109375,9893.14453125,6059.58935546875,1370.6683349609375,589.2178344726562,915.6369018554688,4728.10302734375
2020-01-23,5642.52099609375,2880.720458984375,2490.79541015625,2796.0078125,2628.264892578125,2694.14306640625,4528.205078125,11067.2978515625,6134.177734375,9851.044921875,6134.86376953125,1357.737548828125,596.8699951171875,889.792236328125,4659.29443359375
2020-01-24,5617.77294921875,2880.720458984375,2538.849853515625,2814.2822265625,2655.35986328125,2669.041748046875,4480.0322265625,10985.72265625,6023.65185546875,9851.044921875,6172.5009765625,1327.565673828125,600.696044921875,875.0239868164062,4600.31591796875
2020-01-27,5642.52099609375,2826.023193359375,2474.777587890625,2722.909423828125,2601.16943359375,2560.272216796875,4319.458984375,10836.1630859375,6097.3349609375,9808.947265625,6116.04541015625,1310.3245849609375,573.91357421875,827.0267333984375,4462.69921875
2020-01-28,5601.27392578125,2807.790283203125,2482.78662109375,2732.046630859375,2594.395263671875,2551.90576171875,4383.68896484375,10808.9716796875,6078.9140625,9787.8974609375,6116.04541015625,1293.0833740234375,573.91357421875,860.2554931640625,4393.89208984375
2020-01-29,5597.14990234375,2807.790283203125,2498.8046875,2686.360595703125,2641.812255859375,2518.43798828125,4383.68896484375,10890.546875,6078.9140625,9851.044921875,5965.49609375,1314.634765625,573.91357421875,860.2554931640625,4285.763671875
2020-01-30,5560.0283203125,2783.480712890625,2450.750732421875,2649.8115234375,2614.716552734375,2459.869384765625,4255.228515625,10863.3544921875,6060.4931640625,9787.8974609375,5946.677734375,1306.014404296875,566.26123046875,827.0267333984375,4226.78662109375
2020-01-31,5345.546875,2710.551025390625,2418.714599609375,2631.536865234375,2574.073486328125,2426.4013671875,4078.59619140625,10441.8740234375,5857.86328125,9577.4052734375,5890.22216796875,1232.7396240234375,550.9569702148438,815.9505615234375,3951.553466796875
2020-02-03,5312.54833984375,2710.551025390625,2402.69677734375,2604.125,2533.430419921875,2376.200439453125,4030.424072265625,10373.8916015625,5784.17919921875,9598.455078125,5777.310546875,1267.2216796875,547.130859375,801.1822509765625,3951.553466796875
2020-02-04,5444.537109375,2771.325439453125,2410.705810546875,2686.360595703125,2546.97802734375,2376.200439453125,4110.7119140625,10210.73828125,5802.60009765625,9766.8486328125,5833.7666015625,1275.8421630859375,558.609130859375,823.334716796875,3990.8720703125
2020-02-05,5551.7783203125,2771.325439453125,2466.76904296875,2713.77197265625,2553.752197265625,2418.03515625,4110.7119140625,10197.140625,5968.388671875,9682.6513671875,5833.7666015625,1280.152587890625,554.782958984375,856.5634765625,4108.82958984375
2020-02-06,5560.0283203125,2765.248046875,2466.76904296875,2686.360595703125,2546.97802734375,2418.03515625,4174.94140625,10169.9482421875,5857.86328125,9682.6513671875,5796.12939453125,1258.60107421875,562.4351196289062,845.4872436523438,4138.318359375
2020-02-07,5576.52685546875,2765.248046875,2474.777587890625,2686.360595703125,2567.2998046875,2426.4013671875,4110.7119140625,10224.3349609375,5821.02099609375,9682.6513671875,5909.041015625,1267.2216796875,558.609130859375,856.5634765625,4099.0
2020-02-10,5597.14990234375,2734.86083984375,2474.777587890625,2677.222900390625,2580.847412109375,2342.73291015625,3982.251953125,9938.814453125,5802.60009765625,9745.798828125,5833.7666015625,1275.8421630859375,550.9569702148438,830.7189331054688,3990.8720703125
2020-02-11,5593.0244140625,2740.938232421875,2490.79541015625,2668.086181640625,2567.2998046875,2392.93408203125,3918.021240234375,9802.853515625,5784.17919921875,9661.6025390625,5777.310546875,1258.60107421875,550.9569702148438,852.8712768554688,3990.8720703125
2020-02-12,5609.52392578125,2753.093017578125,2498.8046875,2658.948486328125,2587.621337890625,2392.93408203125,3837.734375,9626.1005859375,5599.96875,9051.173828125,5269.20849609375,1215.498291015625,547.130859375,841.795166015625,3961.3828125
2020-02-13,5601.27392578125,2777.4033203125,2514.822509765625,2704.634765625,2526.656494140625,2267.4306640625,3821.6767578125,9585.3125,5452.6025390625,9093.2734375,5269.20849609375,1181.01611328125,520.3482055664062,841.795166015625,3990.8720703125
2020-02-14,5510.5322265625,2765.248046875,2506.813720703125,2750.3212890625,2465.691650390625,2192.128173828125,3918.021240234375,9966.005859375,5507.86474609375,9072.2236328125,5382.1201171875,1198.25732421875,516.5221557617188,860.2554931640625,3951.553466796875
2020-02-17,5543.52880859375,2716.628173828125,2514.822509765625,2786.8701171875,2445.3701171875,2217.229248046875,3918.021240234375,9979.603515625,5452.6025390625,9135.3720703125,5382.1201171875,1198.25732421875,520.3482055664062,863.9476318359375,4128.48828125
2020-02-18,5522.90576171875,2674.086181640625,2506.813720703125,2814.2822265625,2452.14404296875,2275.7978515625,3918.021240234375,9979.603515625,5452.6025390625,9135.3720703125,5344.48193359375,1202.5673828125,528.0003662109375,878.7158813476562,4305.42333984375
2020-02-19,5522.90576171875,2722.7060546875,2546.85888671875,2841.69384765625,2452.14404296875,2309.26513671875,4014.366455078125,10047.583984375,5507.86474609375,9261.66796875,5306.8447265625,1237.0498046875,539.4786376953125,886.1002197265625,4246.4453125
2020-02-20,5440.41357421875,2771.325439453125,2562.87646484375,2896.517822265625,2458.917724609375,2242.330078125,4030.424072265625,10020.3896484375,5636.8115234375,9451.1103515625,5495.03173828125,1224.11865234375,543.3046875,919.328857421875,4295.5947265625
2020-02-21,5456.91162109375,2740.938232421875,2530.840576171875,2841.69384765625,2499.56103515625,2175.39501953125,3982.251953125,9911.623046875,5526.28515625,9219.568359375,5419.75732421875,1176.705810546875,535.652587890625,889.792236328125,4157.97802734375
2020-02-24,5382.66748046875,2728.783203125,2490.79541015625,2768.595703125,2465.691650390625,2108.45947265625,3918.021240234375,9734.87109375,5323.65478515625,9282.7158203125,5419.75732421875,1168.08544921875,524.17431640625,867.6397094726562,4187.466796875
2020-02-25,5386.79248046875,2734.86083984375,2498.8046875,2741.18408203125,2431.822509765625,2158.660888671875,3998.30908203125,9938.814453125,5378.91845703125,9240.6181640625,5438.57568359375,1116.3619384765625,505.04388427734375,889.792236328125,4325.083984375
2020-02-26,5296.05078125,2722.7060546875,2450.750732421875,2668.086181640625,2377.631103515625,2125.193115234375,3885.9072265625,9789.255859375,5378.91845703125,9114.3212890625,5288.02685546875,1107.7413330078125,482.08734130859375,871.3318481445312,4384.06201171875
2020-02-27,5188.80908203125,2607.908935546875,2354.64306640625,2585.850341796875,2350.53564453125,2058.25830078125,3821.6767578125,9558.1220703125,5268.39306640625,8882.7802734375,5193.93408203125,1077.5694580078125,459.1307067871094,845.4872436523438,4334.91259765625
2020-02-28,5188.80908203125,2645.796142578125,2448.315673828125,2567.575927734375,2364.083251953125,2167.027587890625,3548.700439453125,9027.8681640625,5028.9208984375,8651.2392578125,4892.8359375,1051.7076416015625,440.0003356933594,827.0267333984375,4443.03955078125
2020-03-02,5015.57421875,2513.190673828125,2338.940673828125,2541.684814453125,2330.214111328125,2108.45947265625,3661.101806640625,9068.6591796875,5084.18310546875,8545.9921875,5024.56591796875,1030.15625,447.6524963378906,812.2584838867188,4275.93505859375
2020-03-03,5213.55712890625,2588.965087890625,2423.0751953125,2560.511962890625,2452.14404296875,2091.7255859375,3789.562255859375,9598.9111328125,5249.97021484375,9219.568359375,5363.30029296875,1043.0872802734375,470.6090087890625,875.0239868164062,4344.7431640625
2020-03-04,5312.54833984375,2664.739501953125,2515.623291015625,2616.993896484375,2594.395263671875,2125.193115234375,3837.734375,10061.181640625,5471.0224609375,9219.568359375,5400.9384765625,1099.120849609375,482.08734130859375,911.9446411132812,4305.42333984375
2020-03-05,5308.4248046875,2620.537841796875,2557.690673828125,2569.925537109375,2594.395263671875,2074.991943359375,3885.9072265625,9802.853515625,5452.6025390625,9219.568359375,5419.75732421875,1146.533935546875,482.08734130859375,908.2525634765625,4285.763671875
2020-03-06,5114.56591796875,2532.134521484375,2439.902099609375,2409.893798828125,2540.2041015625,1932.7545166015625,3645.045166015625,9408.564453125,5489.4443359375,9219.568359375,5231.57080078125,1064.6385498046875,466.7829284667969,904.5606079101562,4099.0
2020-03-09,4772.21923828125,2367.955810546875,2212.73876953125,2127.484375,2370.857177734375,1757.0494384765625,3227.550537109375,8592.7919921875,5176.2880859375,8735.435546875,4798.7431640625,982.7432861328125,424.6959228515625,815.9505615234375,3754.958984375
2020-03-10,4887.7099609375,2468.98876953125,2313.700439453125,2136.89794921875,2364.083251953125,1782.150390625,3307.83837890625,8987.08203125,5231.55029296875,9072.2236328125,5081.02294921875,995.6742553710938,440.0003356933594,852.8712768554688,3735.299560546875
2020-03-11,4825.83984375,2468.98876953125,2296.873291015625,2080.416259765625,2303.11865234375,1669.1971435546875,3291.78076171875,8864.71484375,5378.91845703125,9219.568359375,5118.65966796875,961.1919555664062,413.2176818847656,812.2584838867188,3548.534423828125
2020-03-12,4586.61083984375,2279.552490234375,2162.258056640625,1892.1431884765625,2242.1533203125,1560.427490234375,3153.686279296875,8266.484375,5323.65478515625,8861.73046875,5005.74755859375,900.8480834960938,374.956787109375,760.5693359375,3263.471923828125
2020-03-13,4586.61083984375,2349.012451171875,2137.01806640625,1892.1431884765625,2242.1533203125,1506.042724609375,3153.686279296875,8266.484375,5323.65478515625,9240.6181640625,5193.93408203125,900.8480834960938,365.7742004394531,760.5693359375,3135.685546875
2020-03-16,4586.61083984375,2210.09228515625,2137.01806640625,1822.482177734375,2140.54541015625,1401.4561767578125,2948.150634765625,7899.3857421875,5139.44482421875,8756.484375,4836.38037109375,862.0556640625,341.2872009277344,760.5693359375,2929.26123046875
2020-03-17,4223.6416015625,2058.543212890625,1859.37353515625,1698.2218017578125,1991.5201416015625,1317.787109375,2742.61572265625,7355.53955078125,4789.44775390625,8209.2041015625,4610.55712890625,857.7451782226562,318.3306579589844,631.346435546875,2732.66650390625
2020-03-18,4124.65087890625,1982.7681884765625,1733.171875,1581.4927978515625,1903.4595947265625,1267.5859375,2665.539794921875,7287.556640625,4457.8701171875,7851.3671875,4572.919921875,900.8480834960938,296.9045104980469,588.8873291015625,2545.9013671875
2020-03-19,3835.923828125,1850.162841796875,1612.01806640625,1472.29443359375,1774.756103515625,1179.7332763671875,2479.273193359375,6852.47998046875,4163.13525390625,7451.43212890625,4253.00390625,840.5042114257812,277.0088806152344,548.2745361328125,2368.966064453125
2020-03-20,3906.043701171875,1774.388427734375,1500.9605712890625,1370.6270751953125,1950.876953125,1334.5208740234375,2427.88916015625,8076.1357421875,4586.8173828125,7556.677734375,4328.27783203125,844.8145141601562,286.1915283203125,664.5750732421875,2683.517578125
2020-03-23,3654.43994140625,1654.411865234375,1396.633544921875,1276.4906005859375,1815.399169921875,1242.485107421875,2260.891845703125,7518.69384765625,4273.6611328125,7030.44775390625,4027.180419921875,788.7808837890625,266.29583740234375,618.424072265625,2516.412109375
2020-03-24,3712.184326171875,1540.750244140625,1299.03759765625,1189.8848876953125,1774.756103515625,1179.7332763671875,2106.739990234375,7600.26953125,4181.55615234375,6988.34814453125,3801.357666015625,745.677978515625,278.539306640625,660.8829956054688,2614.70947265625
2020-03-26,4355.63037109375,1856.4776611328125,1504.325927734375,1351.7996826171875,2018.6156005859375,1472.574951171875,2325.121337890625,8171.31005859375,4992.078125,7998.71142578125,4497.646484375,818.9527587890625,318.3306579589844,745.801025390625,3007.8994140625
2020-03-27,4545.36474609375,2039.5994873046875,1662.498779296875,1502.4180908203125,2093.128173828125,1506.042724609375,2620.57861328125,8429.6357421875,5010.498046875,8398.6474609375,5118.65966796875,870.6760864257812,352.000244140625,753.1851196289062,3106.1962890625
2020-03-30,4532.990234375,1900.6793212890625,1548.0758056640625,1400.7508544921875,2126.99755859375,1506.042724609375,2440.735107421875,7845.00048828125,4734.1845703125,8125.0068359375,4779.92529296875,900.8480834960938,330.57415771484375,701.4959106445312,2889.942138671875
2020-03-31,4557.73876953125,1906.9940185546875,1574.9989013671875,1438.4053955078125,2140.54541015625,1673.380615234375,2504.964599609375,9191.0244140625,5342.0751953125,8609.140625,4779.92529296875,1034.466552734375,344.34808349609375,804.8743286132812,3184.834228515625
2020-04-01,4520.6162109375,1850.162841796875,1551.4410400390625,1385.68896484375,2099.90234375,1631.5460205078125,2421.4658203125,9041.46484375,5268.39306640625,8545.9921875,4779.92529296875,1004.2947387695312,333.635009765625,756.8772583007812,3184.834228515625
2020-04-02,4462.87109375,1812.2755126953125,1598.556640625,1449.70166015625,2120.223876953125,1715.215087890625,2524.233642578125,9191.0244140625,5323.65478515625,8588.0908203125,5118.65966796875,1107.7413330078125,345.8785400390625,749.4931030273438,3204.49365234375
2020-04-03,4532.990234375,1824.9049072265625,1691.104736328125,1509.9490966796875,2167.640625,1798.88427734375,2504.964599609375,9326.984375,5231.55029296875,8419.697265625,4968.1103515625,1077.5694580078125,355.0611267089844,779.02978515625,3233.98291015625
2020-04-06,4730.97265625,1906.9940185546875,1749.9986572265625,1615.3818359375,2255.701416015625,1991.3228759765625,2588.4638671875,9789.255859375,5378.91845703125,8630.189453125,5062.20361328125,1094.810546875,413.2176818847656,797.4901123046875,3391.258544921875
2020-04-07,4664.978515625,1913.3084716796875,1724.7584228515625,1622.9127197265625,2181.18896484375,1907.65380859375,2607.732421875,9571.7177734375,5360.49755859375,8482.8447265625,4911.6552734375,1060.3284912109375,424.6959228515625,775.3377075195312,3243.812744140625
2020-04-08,4648.48046875,1780.7030029296875,1605.2872314453125,1509.9490966796875,2106.67626953125,1849.08544921875,2472.85009765625,9517.3330078125,5249.97021484375,8082.91015625,4704.64990234375,987.0537719726562,397.9133605957031,736.57080078125,3155.34521484375
2020-04-09,4615.4833984375,1761.7591552734375,1571.6334228515625,1502.4180908203125,2113.4501953125,1798.88427734375,2627.001708984375,9313.3896484375,5342.0751953125,8503.89453125,4798.7431640625,982.7432861328125,397.9133605957031,731.0326538085938,3037.38818359375
2020-04-13,4537.11474609375,1749.1300048828125,1504.325927734375,1502.4180908203125,2154.093505859375,1815.6177978515625,2543.502685546875,9544.5244140625,5231.55029296875,8588.0908203125,4817.56201171875,948.2611694335938,409.3916015625,738.416748046875,3047.21826171875
2020-04-14,4549.4892578125,1831.219482421875,1537.9796142578125,1562.6654052734375,2194.736572265625,1899.2872314453125,2543.502685546875,9925.216796875,5268.39306640625,8714.38671875,4855.19921875,1021.5359497070312,424.6959228515625,767.9534301757812,3135.685546875
2020-04-15,4524.74072265625,1742.815673828125,1480.7681884765625,1581.4927978515625,2106.67626953125,1865.8194580078125,2453.580810546875,9639.6982421875,5139.44482421875,8567.0419921875,4836.38037109375,1043.0872802734375,401.7394104003906,723.6484375,3106.1962890625
2020-04-16,4322.63232421875,1648.0975341796875,1416.825927734375,1498.652587890625,2032.16357421875,1773.783447265625,2325.121337890625,9041.46484375,4899.97412109375,8335.4990234375,4554.1015625,987.0537719726562,386.4350891113281,703.342041015625,2968.580078125
2020-04-17,4475.2451171875,1787.0174560546875,1474.037353515625,1566.4310302734375,2187.962890625,2008.0565185546875,2440.735107421875,9422.158203125,5065.76171875,8588.0908203125,4704.64990234375,1030.15625,397.9133605957031,731.0326538085938,3027.55859375
2020-04-20,4417.5,1755.444580078125,1470.6719970703125,1543.838134765625,2113.4501953125,1966.2222900390625,2389.35107421875,9408.564453125,5157.86669921875,8482.8447265625,4685.83203125,1034.466552734375,382.6089782714844,714.4182739257812,2948.920654296875
2020-04-21,4330.22412109375,1717.5576171875,1463.9412841796875,1517.47998046875,2079.58056640625,1924.3876953125,2337.9677734375,8919.099609375,5102.6044921875,8398.6474609375,4723.46875,1043.0872802734375,368.8350524902344,673.8052978515625,2811.3046875
2020-04-22,4317.63623046875,1761.7591552734375,1511.056396484375,1513.7147216796875,2140.54541015625,2141.92724609375,2337.9677734375,8837.5234375,5231.55029296875,8440.74609375,4742.287109375,1077.5694580078125,376.4872131347656,684.8815307617188,2722.836669921875
2020-04-23,4296.6572265625,1768.0738525390625,1514.4219970703125,1513.7147216796875,2079.58056640625,2016.423828125,2415.04296875,8810.3310546875,5526.28515625,8545.9921875,4911.6552734375,1090.500244140625,381.0785827636719,697.803955078125,2742.49609375
2020-04-24,4128.818359375,1660.7265625,1440.383544921875,1430.8743896484375,2093.128173828125,1991.3228759765625,2331.544189453125,8823.92578125,5526.28515625,8335.4990234375,4761.1064453125,1081.879638671875,378.0176696777344,683.0355224609375,2713.0068359375
2020-04-27,4162.38525390625,1679.6700439453125,1396.633544921875,1430.8743896484375,2133.771728515625,2074.991943359375,2382.927978515625,8919.099609375,5526.28515625,8356.5498046875,4742.287109375,1146.533935546875,386.4350891113281,673.8052978515625,2791.644775390625
2020-04-28,4053.292236328125,1635.46826171875,1396.633544921875,1438.4053955078125,2140.54541015625,2133.56005859375,2402.197021484375,8456.8291015625,5784.17919921875,8440.74609375,4874.017578125,1245.670166015625,376.4872131347656,657.1909790039062,2713.0068359375
2020-04-29,4070.074462890625,1629.153564453125,1346.1529541015625,1415.8125,2269.2490234375,2167.027587890625,2370.08203125,8484.021484375,5894.705078125,8419.697265625,5024.56591796875,1267.2216796875,381.0785827636719,660.8829956054688,2722.836669921875
2020-04-30,4338.6162109375,1723.8721923828125,1500.9605712890625,1543.838134765625,2370.857177734375,2125.193115234375,2472.85009765625,8864.71484375,6097.3349609375,8314.451171875,4911.6552734375,1241.360107421875,390.26116943359375,692.265869140625,2830.9638671875
2020-05-04,4380.57568359375,1660.7265625,1443.7490234375,1476.06005859375,2248.927490234375,2049.89111328125,2318.6982421875,8443.2333984375,5839.4423828125,8167.10693359375,4968.1103515625,1189.63671875,378.0176696777344,670.1132202148438,2752.325927734375
2020-05-05,4435.12353515625,1660.7265625,1420.1912841796875,1445.936279296875,2248.927490234375,2024.7904052734375,2318.6982421875,8266.484375,6115.75537109375,8209.2041015625,4911.6552734375,1172.3956298828125,382.6089782714844,670.1132202148438,3007.8994140625
2020-05-06,4493.86572265625,1654.411865234375,1399.9990234375,1442.1707763671875,2194.736572265625,1941.12158203125,2337.9677734375,8320.8681640625,5968.388671875,8146.0576171875,4892.8359375,1211.188232421875,382.6089782714844,699.64990234375,3086.53662109375
2020-05-08,4401.55517578125,1635.46826171875,1413.460693359375,1430.8743896484375,2160.866943359375,1991.3228759765625,2402.197021484375,8606.388671875,5931.5458984375,8103.95751953125,4986.92919921875,1206.8780517578125,409.3916015625,760.5693359375,3096.366455078125
2020-05-11,4443.5146484375,1654.411865234375,1423.5567626953125,1430.8743896484375,2181.18896484375,2008.0565185546875,2517.81103515625,8552.0029296875,5949.96728515625,8209.2041015625,4911.6552734375,1193.9468994140625,405.56549072265625,756.8772583007812,3066.877197265625
2020-05-12,4380.57568359375,1572.3226318359375,1349.5184326171875,1378.157958984375,2133.771728515625,1916.0203857421875,2453.580810546875,8429.6357421875,6023.65185546875,8209.2041015625,4761.1064453125,1193.9468994140625,394.0872497558594,734.7247924804688,3027.55859375
2020-05-13,4288.26513671875,1559.6937255859375,1349.5184326171875,1400.7508544921875,2140.54541015625,2008.0565185546875,2395.774169921875,8307.2734375,6078.9140625,8125.0068359375,4761.1064453125,1206.8780517578125,409.3916015625,703.342041015625,3007.8994140625
2020-05-14,4128.818359375,1483.9190673828125,1329.325927734375,1332.972412109375,2079.58056640625,1966.2222900390625,2293.006103515625,8157.71435546875,6115.75537109375,8188.15625,4949.29150390625,1206.8780517578125,394.0872497558594,688.5736694335938,2958.750244140625
2020-05-15,4015.52734375,1414.4591064453125,1265.3836669921875,1257.6632080078125,2099.90234375,2058.25830078125,2382.927978515625,7749.8271484375,6318.3876953125,8167.10693359375,4949.29150390625,1206.8780517578125,397.9133605957031,670.1132202148438,2909.6015625
2020-05-18,3998.743408203125,1370.2572021484375,1251.9219970703125,1253.8978271484375,2181.18896484375,2100.092529296875,2511.387939453125,7695.44189453125,6244.70263671875,8188.15625,4892.8359375,1206.8780517578125,401.7394104003906,701.4959106445312,3037.38818359375
2020-05-19,3927.413330078125,1496.5482177734375,1299.03759765625,1325.4415283203125,2215.05810546875,2074.991943359375,2537.080078125,7885.78955078125,6078.9140625,8335.4990234375,5081.02294921875,1198.25732421875,401.7394104003906,707.0340576171875,3086.53662109375
2020-05-20,3998.743408203125,1566.0084228515625,1369.710693359375,1355.5653076171875,2154.093505859375,2008.0565185546875,2549.92578125,7940.1748046875,5931.5458984375,8082.91015625,4836.38037109375,1155.1544189453125,397.9133605957031,708.880126953125,3017.728515625
2020-05-26,4170.7783203125,1591.2666015625,1379.806640625,1366.8616943359375,2201.51025390625,2033.157470703125,2781.1533203125,8198.5009765625,6005.22998046875,7535.62890625,4516.4638671875,1142.2237548828125,405.56549072265625,753.1851196289062,3184.834228515625
2020-05-27,4166.58154296875,1660.7265625,1383.172119140625,1366.8616943359375,2147.319580078125,2200.49560546875,2793.999755859375,8130.52099609375,6042.072265625,7009.3974609375,4215.36669921875,1137.9134521484375,397.9133605957031,771.6455688476562,3224.1533203125
2020-05-28,4443.5146484375,1723.8721923828125,1443.7490234375,1378.157958984375,2120.223876953125,2083.359130859375,2916.035888671875,8212.09765625,5913.1259765625,7009.3974609375,4271.822265625,1168.08544921875,401.7394104003906,771.6455688476562,3224.1533203125
2020-05-29,4355.3994140625,1862.7919921875,1504.325927734375,1442.1707763671875,2133.771728515625,2167.027587890625,3063.764404296875,8538.4072265625,5710.49462890625,6862.0537109375,4328.27783203125,1219.80859375,409.3916015625,718.1103515625,3184.834228515625
2020-06-02,4498.0625,2008.026611328125,1554.8065185546875,1494.8870849609375,2201.51025390625,2167.027587890625,3038.072509765625,8905.50390625,5968.388671875,7135.693359375,4535.2822265625,1211.064453125,424.6959228515625,767.9534301757812,3332.2802734375
2020-06-03,4850.52197265625,1957.51025390625,1635.57568359375,1555.134521484375,2228.605712890625,2175.4599609375,3140.84033203125,9286.1982421875,6060.4931640625,7156.7421875,4667.0126953125,1237.297119140625,424.6959228515625,779.02978515625,3469.896240234375
2020-06-04,4858.91455078125,1932.251953125,1591.8255615234375,1558.900146484375,2235.379638671875,2234.48388671875,3057.341552734375,9245.41015625,6023.65185546875,7156.7421875,4629.3759765625,1232.9248046875,436.1742248535156,804.8743286132812,3509.215576171875
2020-06-05,4804.3662109375,1963.8250732421875,1632.2103271484375,1600.3199462890625,2187.962890625,2301.93994140625,3211.493408203125,9299.79296875,5931.5458984375,7261.98828125,4629.3759765625,1232.9248046875,451.4786071777344,815.9505615234375,3509.215576171875
2020-06-08,4951.224609375,2083.80126953125,1766.8255615234375,1818.7166748046875,2187.962890625,2276.644287109375,3227.550537109375,9544.5244140625,6042.072265625,7388.2841796875,4667.0126953125,1246.041015625,482.08734130859375,849.1792602539062,3612.11865234375
2020-06-09,4871.501953125,2026.97021484375,1775.2393798828125,1830.0130615234375,2126.99755859375,2234.48388671875,3211.493408203125,9666.890625,6115.75537109375,7493.52978515625,4742.287109375,1232.9248046875,466.7829284667969,882.4081420898438,3549.1171875
2020-06-10,4867.30615234375,1913.3084716796875,1652.402587890625,1701.9874267578125,2106.67626953125,2226.052001953125,3115.148681640625,9367.7744140625,6042.072265625,7283.0380859375,4629.3759765625,1285.3897705078125,455.3046569824219,875.0239868164062,3328.609619140625
2020-06-11,4766.603515625,1875.4210205078125,1578.3642578125,1585.25830078125,2086.3544921875,2150.163818359375,3018.803955078125,8946.2919921875,6042.072265625,7240.93994140625,4591.73828125,1241.6690673828125,443.8264465332031,841.795166015625,3255.107177734375
2020-06-12,4758.2109375,1913.3084716796875,1645.671875,1683.1602783203125,2052.48486328125,2158.595947265625,3076.6103515625,8946.2919921875,6042.072265625,7240.93994140625,4591.73828125,1206.6925048828125,443.8264465332031,882.4081420898438,3286.608154296875
2020-06-15,4615.54833984375,1831.219482421875,1588.4603271484375,1581.4927978515625,2093.128173828125,2133.2998046875,3044.49609375,8769.54296875,6097.3349609375,7325.13671875,4667.0126953125,1228.552734375,432.34814453125,871.3318481445312,3181.604736328125
2020-06-16,4833.73828125,1976.4542236328125,1691.104736328125,1735.87646484375,2167.640625,2200.755859375,3192.224365234375,9218.2158203125,6097.3349609375,7472.4814453125,4817.56201171875,1246.041015625,466.7829284667969,900.8684692382812,3297.1083984375
2020-06-17,4800.17041015625,1957.51025390625,1649.037353515625,1713.28369140625,2174.414794921875,2268.212158203125,3192.224365234375,9626.1005859375,6097.3349609375,7535.62890625,4930.47314453125,1250.4132080078125,485.9134216308594,911.9446411132812,3286.608154296875
2020-06-18,4686.8798828125,1925.9376220703125,1622.1142578125,1694.45654296875,2221.83203125,2318.804443359375,3083.0341796875,9598.9111328125,5931.5458984375,7367.23583984375,4874.017578125,1232.9248046875,474.43511962890625,904.5606079101562,3255.107177734375
2020-06-19,4678.48828125,1957.51025390625,1642.306396484375,1686.9256591796875,2221.83203125,2352.532470703125,3140.84033203125,9707.6787109375,5931.5458984375,7514.57958984375,4949.29150390625,1276.6456298828125,466.7829284667969,971.2096557617188,3034.60009765625
2020-06-22,4649.1162109375,1932.251953125,1618.7489013671875,1683.1602783203125,2167.640625,2293.50830078125,3140.84033203125,9625.0986328125,5931.5458984375,7661.923828125,4949.29150390625,1285.3897705078125,465.1070251464844,907.3142700195312,3139.60400390625
2020-06-23,4716.251953125,1900.6793212890625,1612.01806640625,1649.2711181640625,2120.223876953125,2268.212158203125,3147.263671875,9440.0,5894.705078125,7514.57958984375,4836.38037109375,1254.7852783203125,457.4192810058594,886.0157470703125,3108.102294921875
2020-06-24,4787.5830078125,1970.139404296875,1733.171875,1784.827392578125,2154.093505859375,2268.212158203125,3211.493408203125,9525.4296875,5949.96728515625,7640.875,4911.6552734375,1276.6456298828125,465.1070251464844,903.0545654296875,3108.102294921875
2020-06-25,4804.3662109375,1932.251953125,1691.104736328125,1713.28369140625,2140.54541015625,2226.052001953125,3249.291748046875,9383.044921875,5821.02099609375,7556.677734375,4798.7431640625,1272.2735595703125,461.2630920410156,877.4964599609375,3055.6005859375
2020-06-26,4737.232421875,1913.3084716796875,1682.691162109375,1724.580078125,2160.866943359375,2318.804443359375,3249.291748046875,9383.044921875,5821.02099609375,7767.169921875,5024.56591796875,1263.529296875,465.1070251464844,877.4964599609375,3045.099609375
2020-06-29,4762.4072265625,1919.623046875,1662.498779296875,1728.3455810546875,2154.093505859375,2335.668212890625,3182.97900390625,9511.1904296875,5839.4423828125,7914.515625,5081.02294921875,1259.157470703125,457.4192810058594,864.7174072265625,3034.60009765625
2020-06-30,4779.19091796875,1913.3084716796875,1665.8641357421875,1724.580078125,2171.22705078125,2335.668212890625,3182.97900390625,9425.759765625,5821.02099609375,7872.41552734375,4911.6552734375,1276.6456298828125,465.1070251464844,860.457763671875,2982.09814453125
2020-07-01,4867.30615234375,1932.251953125,1679.32568359375,1709.5181884765625,2164.108154296875,2301.93994140625,3189.610107421875,9682.05078125,5747.33642578125,7746.12060546875,4930.47314453125,1281.0177001953125,461.2630920410156,890.2755737304688,3045.099609375
2020-07-02,4926.048828125,1932.251953125,1682.691162109375,1728.3455810546875,2235.295654296875,2293.50830078125,3229.39794921875,9767.4794921875,5931.5458984375,8040.81103515625,4949.29150390625,1307.2501220703125,468.95086669921875,881.7562255859375,3087.1015625
2020-07-03,4926.048828125,1925.9376220703125,1682.691162109375,1717.0491943359375,2221.058349609375,2335.668212890625,3216.13525390625,9767.4794921875,5821.02099609375,7935.56494140625,5024.56591796875,1307.2501220703125,461.2630920410156,873.2367553710938,3076.6015625
2020-07-06,4980.5966796875,1919.623046875,1707.931396484375,1735.87646484375,2171.22705078125,2487.44482421875,3209.504150390625,9810.1943359375,5821.02099609375,7935.56494140625,4986.92919921875,1337.8548583984375,492.0140380859375,881.7562255859375,3118.60302734375
2020-07-07,5026.7529296875,1913.3084716796875,1699.51806640625,1732.1112060546875,2221.058349609375,2445.2841796875,3202.873046875,9867.1484375,5839.4423828125,7998.71142578125,4949.29150390625,1324.7384033203125,499.7016906738281,873.2367553710938,3118.60302734375
2020-07-08,5202.98291015625,2014.341552734375,1775.2393798828125,1807.420166015625,2242.41455078125,2495.87646484375,3255.92236328125,10507.8720703125,5968.388671875,7956.61328125,4986.92919921875,1329.110595703125,507.3894958496094,886.0157470703125,3139.60400390625
2020-07-09,5119.0634765625,1982.7681884765625,1766.8255615234375,1781.06201171875,2213.939453125,2462.1484375,3249.291748046875,10507.8720703125,5876.28369140625,7872.41552734375,4930.47314453125,1337.8548583984375,499.7016906738281,894.5352783203125,3234.106689453125
2020-07-10,5202.98291015625,1963.8250732421875,1741.5850830078125,1758.4693603515625,2213.939453125,2411.556396484375,3202.873046875,10208.869140625,5839.4423828125,7767.169921875,4892.8359375,1285.3897705078125,495.85791015625,881.7562255859375,3129.10302734375
2020-07-13,5182.0029296875,1995.3974609375,1766.8255615234375,1788.5928955078125,2199.701904296875,2479.012451171875,3249.291748046875,10536.349609375,5913.1259765625,7788.22021484375,4949.29150390625,1276.6456298828125,518.9210815429688,924.35302734375,3255.107177734375
2020-07-14,5202.98291015625,2001.712158203125,1783.65283203125,1777.2967529296875,2192.5830078125,2504.308349609375,3282.447509765625,10436.6787109375,5949.96728515625,7956.61328125,4968.1103515625,1315.9942626953125,507.3894958496094,911.5740356445312,3202.60546875
2020-07-15,5161.02294921875,1976.4542236328125,1775.2393798828125,1773.53125,2199.701904296875,2470.580322265625,3415.07177734375,10393.96484375,5931.5458984375,7956.61328125,4911.6552734375,1320.3662109375,503.545654296875,915.8336181640625,3223.606201171875
2020-07-16,5186.19921875,1982.7681884765625,1775.2393798828125,1769.7657470703125,2206.82080078125,2419.988525390625,3481.38330078125,10436.6787109375,5968.388671875,8061.86083984375,4986.92919921875,1298.5059814453125,499.7016906738281,903.0545654296875,3223.606201171875
2020-07-17,5135.84716796875,1957.51025390625,1741.5850830078125,1758.4693603515625,2178.345703125,2403.124267578125,3448.227783203125,10507.8720703125,5986.8095703125,7809.26953125,4930.47314453125,1281.0177001953125,507.3894958496094,911.5740356445312,3297.1083984375
2020-07-20,5152.630859375,1925.9376220703125,1716.3447265625,1709.5181884765625,2178.345703125,2419.988525390625,3381.916015625,10479.39453125,5986.8095703125,7851.3671875,4968.1103515625,1298.5059814453125,499.7016906738281,886.0157470703125,3223.606201171875
2020-07-21,5202.98291015625,1989.0828857421875,1783.65283203125,1762.2347412109375,2178.345703125,2394.692138671875,3564.273193359375,11006.212890625,5894.705078125,7851.3671875,5024.56591796875,1329.110595703125,526.6088256835938,898.7949829101562,3276.10791015625
2020-07-22,5186.19921875,1957.51025390625,1825.7198486328125,1758.4693603515625,2185.46435546875,2360.96435546875,3514.5400390625,11390.6484375,5894.705078125,7893.4658203125,5024.56591796875,1377.203125,526.6088256835938,886.0157470703125,3255.107177734375
2020-07-23,5202.98291015625,1982.7681884765625,1918.267822265625,1773.53125,2185.46435546875,2377.828125,3431.64990234375,11433.3623046875,5931.5458984375,7914.515625,5062.20361328125,1412.179931640625,530.45263671875,898.7949829101562,3318.109130859375
2020-07-24,5119.0634765625,1951.1956787109375,1884.614013671875,1735.87646484375,2149.870361328125,2327.236083984375,3348.75927734375,11077.404296875,5931.5458984375,7905.8994140625,5084.189453125,1372.831298828125,526.6088256835938,881.7562255859375,3223.606201171875
2020-07-27,5119.0634765625,1989.0828857421875,1977.162109375,1750.9385986328125,2164.108154296875,2360.96435546875,3398.4931640625,11960.1806640625,5949.96728515625,7755.10546875,5084.189453125,1355.3427734375,557.359619140625,886.0157470703125,3360.11083984375
2020-07-28,5190.39453125,1982.7681884765625,1968.7484130859375,1762.2347412109375,2149.870361328125,2301.93994140625,3431.64990234375,12301.8994140625,6005.22998046875,7798.18798828125,5044.92919921875,1324.7384033203125,553.5158081054688,886.0157470703125,3381.111083984375
2020-07-29,5148.4345703125,1970.139404296875,1918.267822265625,1728.3455810546875,2135.633056640625,2141.73193359375,3365.337646484375,12244.9453125,6078.9140625,7862.814453125,5025.298828125,1333.4825439453125,561.2034912109375,881.7562255859375,3318.109130859375
2020-07-30,5236.54931640625,1995.3974609375,1951.921630859375,1732.1112060546875,2171.22705078125,2108.003662109375,3415.07177734375,12159.5166015625,6189.44091796875,7927.43994140625,5064.55908203125,1368.459228515625,561.2034912109375,864.7174072265625,3318.109130859375
2020-08-03,5144.23876953125,1888.0501708984375,1850.960205078125,1671.8638916015625,2078.682861328125,2006.8194580078125,3236.029541015625,11646.935546875,6078.9140625,8013.60888671875,5084.189453125,1364.087158203125,538.1403198242188,841.2890014648438,3213.106201171875
2020-08-04,5211.3740234375,1944.8812255859375,1876.2005615234375,1717.0491943359375,2100.0390625,2057.411865234375,3289.078857421875,11646.935546875,6060.4931640625,8638.3251953125,5300.12060546875,1377.203125,541.9841918945312,856.1979370117188,3244.60693359375
2020-08-05,5207.177734375,1944.8812255859375,1918.267822265625,1743.407470703125,2149.870361328125,2091.139892578125,3348.75927734375,12259.1845703125,6159.03759765625,9090.7060546875,5555.3115234375,1412.179931640625,576.5789794921875,868.97705078125,3244.60693359375
2020-08-06,5253.33349609375,1963.8250732421875,1943.5079345703125,1747.173095703125,2149.870361328125,2133.2998046875,3464.805908203125,13540.6328125,6103.046875,8896.828125,5516.05078125,1399.0635986328125,641.924560546875,886.0157470703125,3349.60986328125
2020-08-07,5186.19921875,1963.8250732421875,1951.921630859375,1739.6419677734375,2121.395263671875,2057.411865234375,3497.9619140625,14067.4482421875,6065.71826171875,8767.576171875,5398.27001953125,1381.5753173828125,645.7684326171875,873.2367553710938,3297.1083984375
2020-08-10,5135.84716796875,1976.4542236328125,1951.921630859375,1739.6419677734375,2114.276611328125,2065.84375,3398.4931640625,14110.1650390625,6047.05615234375,8767.576171875,5476.7900390625,1407.8077392578125,634.2368774414062,903.0545654296875,3601.6181640625
2020-08-11,5182.0029296875,2014.341552734375,2010.81591796875,1799.8892822265625,2085.801513671875,2032.1158447265625,3464.805908203125,13825.396484375,6009.72705078125,8789.119140625,5535.6806640625,1399.0635986328125,615.017578125,894.5352783203125,3517.615966796875
2020-08-12,5253.33349609375,2115.3740234375,2069.710205078125,1929.7974853515625,2100.0390625,2048.979736328125,3580.851806640625,13398.2490234375,6009.72705078125,8746.0341796875,5535.6806640625,1412.179931640625,591.9544067382812,877.4964599609375,3412.61181640625
2020-08-13,5286.90087890625,2102.7451171875,2036.056396484375,1910.970458984375,2142.75146484375,2200.755859375,3580.851806640625,13270.103515625,6103.046875,8832.2021484375,5673.09130859375,1420.924072265625,591.9544067382812,881.7562255859375,3433.613037109375
2020-08-14,5375.01708984375,2109.0595703125,2027.6427001953125,1882.7293701171875,2156.989013671875,2150.163818359375,3564.273193359375,13141.9580078125,6121.71044921875,8767.576171875,5751.61181640625,1420.924072265625,603.4859619140625,877.4964599609375,3412.61181640625
2020-08-18,5337.25341796875,2222.7216796875,2069.710205078125,1901.556640625,2171.22705078125,2124.867919921875,3564.273193359375,13440.962890625,6140.37451171875,8789.119140625,5692.72119140625,1416.5518798828125,618.8613891601562,886.0157470703125,3444.113525390625
2020-08-19,5312.07763671875,2247.979248046875,2052.883056640625,1901.556640625,2135.633056640625,2124.867919921875,3514.5400390625,13369.7724609375,6121.71044921875,8702.951171875,5653.4609375,1403.4356689453125,611.1737060546875,898.7949829101562,3444.113525390625
2020-08-24,5299.48876953125,2298.495849609375,2019.22900390625,1920.3841552734375,2135.633056640625,2099.571533203125,3514.5400390625,13099.244140625,6103.046875,8810.66015625,5889.02197265625,1399.0635986328125,599.6421508789062,894.5352783203125,3423.112548828125
2020-08-25,5341.44921875,2399.52880859375,2103.36328125,1986.2796630859375,2121.395263671875,2091.139892578125,3514.5400390625,13412.4873046875,6121.71044921875,8982.9951171875,6163.84326171875,1416.5518798828125,607.3297119140625,903.0545654296875,3486.114501953125
2020-08-26,5320.46875,2361.640869140625,2137.01806640625,2005.10693359375,2149.870361328125,2141.73193359375,3547.695556640625,13241.62890625,6121.71044921875,8918.3701171875,6026.4326171875,1390.3197021484375,603.4859619140625,907.3142700195312,3528.115966796875
2020-08-27,5538.658203125,2336.38330078125,2120.190673828125,1995.693115234375,2128.51416015625,2141.73193359375,3514.5400390625,13398.2490234375,6159.03759765625,8918.3701171875,6026.4326171875,1412.179931640625,611.1737060546875,907.3142700195312,3570.1171875
2020-08-28,5450.5439453125,2330.069091796875,2094.95068359375,1976.865966796875,2107.15771484375,2150.163818359375,3531.11767578125,13341.296875,6159.03759765625,8896.828125,5987.17236328125,1407.8077392578125,630.3929443359375,907.3142700195312,3612.11865234375
2020-08-31,5265.92138671875,2216.40673828125,2002.4022216796875,1920.3841552734375,2035.969970703125,2057.411865234375,3381.916015625,13099.244140625,6140.37451171875,8810.66015625,5987.17236328125,1381.5753173828125,630.3929443359375,868.97705078125,3475.614501953125
2020-09-01,5471.52392578125,2279.552490234375,2061.296630859375,1948.6248779296875,2064.445068359375,2040.547607421875,3481.38330078125,13384.01171875,6140.37451171875,8810.66015625,6006.802734375,1394.6917724609375,645.7684326171875,894.5352783203125,3633.11962890625
2020-09-02,5400.19287109375,2311.12451171875,2044.4696044921875,1967.4525146484375,2100.0390625,2032.1158447265625,3514.5400390625,13298.580078125,6084.3828125,8789.119140625,6085.32275390625,1399.0635986328125,653.4561157226562,915.8336181640625,3654.119873046875
2020-09-03,5454.7392578125,2260.608642578125,2010.81591796875,2014.5205078125,2064.445068359375,1973.091552734375,3431.64990234375,13327.056640625,6103.046875,8810.66015625,6065.69287109375,1394.6917724609375,638.0806884765625,911.5740356445312,3633.11962890625
2020-09-04,5354.03759765625,2241.6650390625,1993.989013671875,1967.4525146484375,2035.969970703125,1939.3634033203125,3348.75927734375,13156.1962890625,6271.02099609375,8875.2861328125,5967.5419921875,1390.3197021484375,634.2368774414062,894.5352783203125,3570.1171875
2020-09-07,5274.31298828125,2216.40673828125,1968.7484130859375,1976.865966796875,2064.445068359375,1897.2034912109375,3332.181640625,13184.673828125,6252.3564453125,8896.828125,6124.58251953125,1399.0635986328125,634.2368774414062,898.7949829101562,3591.1181640625
2020-09-08,5316.2724609375,2222.7216796875,2010.81591796875,1976.865966796875,2035.969970703125,1888.771240234375,3398.4931640625,13184.673828125,6252.3564453125,8896.828125,6203.10302734375,1381.5753173828125,634.2368774414062,886.0157470703125,3591.1181640625
2020-09-09,5240.74658203125,2153.26123046875,1943.5079345703125,1892.1431884765625,1993.25732421875,1846.611328125,3249.291748046875,12899.9091796875,6159.03759765625,8853.7451171875,5947.91259765625,1359.7149658203125,611.1737060546875,868.97705078125,3517.615966796875
2020-09-10,4875.6982421875,2008.026611328125,1808.8929443359375,1762.2347412109375,1922.0694580078125,1720.131103515625,3023.830078125,12187.994140625,5953.736328125,8595.240234375,5692.72119140625,1294.1339111328125,568.8912353515625,809.3413696289062,3276.10791015625
2020-09-11,4955.4208984375,2052.228515625,1842.546630859375,1833.778564453125,2000.3759765625,1846.611328125,3070.248291015625,13056.5302734375,6196.36572265625,8832.2021484375,5947.91259765625,1377.203125,595.7982788085938,839.1592407226562,3465.113525390625
2020-09-14,5077.1044921875,2172.204833984375,1935.0950927734375,1901.556640625,2057.326171875,1914.067626953125,3176.34765625,13099.244140625,6121.71044921875,9090.7060546875,6124.58251953125,1390.3197021484375,615.017578125,873.2367553710938,3517.615966796875
2020-09-15,4917.6572265625,2102.7451171875,1909.854248046875,1860.1368408203125,2014.613525390625,1855.0433349609375,3196.24169921875,13597.5849609375,6047.05615234375,8961.4541015625,6026.4326171875,1350.970947265625,618.8613891601562,873.2367553710938,3549.1171875
2020-09-16,4825.34619140625,2058.543212890625,1901.4407958984375,1833.778564453125,1986.1385498046875,1796.019287109375,3169.717041015625,13683.0146484375,5972.40087890625,9004.5390625,5967.5419921875,1346.5987548828125,611.1737060546875,868.97705078125,3528.115966796875
2020-09-17,4829.54248046875,2020.65576171875,1876.2005615234375,1777.2967529296875,2007.4949951171875,1762.2911376953125,3222.766357421875,13327.056640625,6028.39208984375,8789.119140625,5810.501953125,1324.7384033203125,595.7982788085938,856.1979370117188,3486.114501953125
2020-09-18,4724.6435546875,2033.2847900390625,1876.2005615234375,1784.827392578125,2057.326171875,1812.88330078125,3169.717041015625,13554.873046875,5991.064453125,8767.576171875,5908.65185546875,1350.970947265625,607.3297119140625,851.938232421875,3496.614990234375
2020-09-21,4703.6630859375,2014.341552734375,1842.546630859375,1728.3455810546875,2000.3759765625,1736.9951171875,3096.7734375,13440.962890625,5972.40087890625,8746.0341796875,5908.65185546875,1311.6220703125,588.1105346679688,851.938232421875,3475.614501953125
2020-09-22,4573.58984375,1976.4542236328125,1783.65283203125,1709.5181884765625,1979.019775390625,1711.69921875,3096.7734375,12999.578125,5935.0732421875,8832.2021484375,5908.65185546875,1272.2735595703125,565.0473022460938,851.938232421875,3496.614990234375
2020-09-23,4619.74560546875,1944.8812255859375,1749.9986572265625,1664.3328857421875,1993.25732421875,1673.7550048828125,3070.248291015625,13184.673828125,5916.41015625,8918.3701171875,5830.13232421875,1337.8548583984375,576.5789794921875,843.4189453125,3454.613525390625
2020-09-24,4569.392578125,1913.3084716796875,1707.931396484375,1630.4437255859375,1943.426025390625,1627.37890625,3050.35546875,13028.052734375,5823.09033203125,8702.951171875,5594.57080078125,1324.7384033203125,553.5158081054688,830.639892578125,3381.111083984375
2020-09-25,4707.8603515625,1995.3974609375,1800.4796142578125,1732.1112060546875,1914.950927734375,1656.89111328125,3222.766357421875,13213.150390625,5916.41015625,8659.8671875,5594.57080078125,1381.5753173828125,561.2034912109375,847.6787109375,3433.613037109375
2020-09-28,4628.13720703125,1951.1956787109375,1733.171875,1709.5181884765625,1893.5946044921875,1694.8349609375,3143.19189453125,12857.1943359375,5897.7451171875,8681.4091796875,5496.42041015625,1333.4825439453125,557.359619140625,839.1592407226562,3391.61181640625
2020-09-29,4619.74560546875,1919.623046875,1707.931396484375,1698.2218017578125,1872.238037109375,1677.9710693359375,3030.461669921875,12899.9091796875,5953.736328125,8746.0341796875,5496.42041015625,1320.3662109375,549.6719360351562,845.5487670898438,3433.613037109375
2020-09-30,4548.4130859375,1919.623046875,1669.2296142578125,1671.8638916015625,1822.4068603515625,1711.69921875,2957.5185546875,12985.3388671875,6047.05615234375,8681.4091796875,5614.20166015625,1355.3427734375,541.9841918945312,839.1592407226562,3423.112548828125
2020-10-01,4674.29296875,1995.3974609375,1749.9986572265625,1720.814697265625,1957.66357421875,1855.0433349609375,3056.986328125,12971.0986328125,5991.064453125,8746.0341796875,5633.83154296875,1407.8077392578125,565.0473022460938,851.938232421875,3444.113525390625
2020-10-02,4619.74560546875,1957.51025390625,1749.9986572265625,1698.2218017578125,1907.8319091796875,1770.7232666015625,3043.72412109375,12914.1484375,5972.40087890625,8681.4091796875,5555.3115234375,1372.831298828125,557.359619140625,839.1592407226562,3412.61181640625
2020-10-05,4632.33251953125,1995.3974609375,1800.4796142578125,1739.6419677734375,1886.4757080078125,1762.2911376953125,3023.830078125,12714.8095703125,6028.39208984375,8702.951171875,5574.9404296875,1368.459228515625,553.5158081054688,830.639892578125,3391.61181640625
2020-10-06,4783.38671875,2014.341552734375,1850.960205078125,1758.4693603515625,1886.4757080078125,1787.5872802734375,3063.617431640625,12885.669921875,5953.736328125,8702.951171875,5673.09130859375,1368.459228515625,553.5158081054688,839.1592407226562,3412.61181640625
2020-10-07,4829.54248046875,1970.139404296875,1867.7869873046875,1758.4693603515625,1893.5946044921875,1838.179443359375,3088.297119140625,12782.94921875,5972.40087890625,8616.783203125,5594.57080078125,1390.3197021484375,549.6719360351562,837.0294189453125,3402.1123046875
2020-10-08,4850.52197265625,1989.0828857421875,1834.1334228515625,1758.4693603515625,1922.0694580078125,1855.0433349609375,3168.339599609375,12969.4560546875,5991.064453125,8681.4091796875,5673.09130859375,1399.0635986328125,553.5158081054688,847.6787109375,3412.61181640625
2020-10-09,4846.326171875,1989.0828857421875,1867.7869873046875,1747.173095703125,1943.426025390625,1855.0433349609375,3161.6689453125,12854.6826171875,6009.72705078125,8659.8671875,5673.09130859375,1372.831298828125,588.1105346679688,845.5487670898438,3402.1123046875
2020-10-12,4913.4619140625,2014.341552734375,1893.02783203125,1758.4693603515625,1943.426025390625,1863.475341796875,3134.98876953125,12912.06640625,5935.0732421875,8573.69921875,5653.4609375,1381.5753173828125,599.6421508789062,860.457763671875,3444.113525390625
2020-10-13,4913.4619140625,2071.17236328125,1909.854248046875,1792.3583984375,1943.426025390625,1846.611328125,3161.6689453125,12912.06640625,5953.736328125,8552.158203125,5692.72119140625,1385.947509765625,588.1105346679688,864.7174072265625,3444.113525390625
2020-10-14,4951.224609375,2121.6884765625,1943.5079345703125,1863.90234375,2000.3759765625,1863.475341796875,3215.031005859375,12897.720703125,5916.41015625,8573.69921875,5594.57080078125,1390.3197021484375,734.1773071289062,873.2367553710938,3454.613525390625
2020-10-15,4854.7177734375,2090.11572265625,1884.614013671875,1799.8892822265625,1979.019775390625,1796.019287109375,3161.6689453125,12452.9716796875,5916.41015625,8401.36328125,5535.6806640625,1364.087158203125,718.8017578125,856.1979370117188,3402.1123046875
2020-10-16,4833.73828125,2052.228515625,1876.2005615234375,1811.185791015625,1957.66357421875,1796.019287109375,3288.40234375,12553.3974609375,5972.40087890625,8401.36328125,5555.3115234375,1355.3427734375,722.6456298828125,873.2367553710938,3486.114501953125
2020-10-19,4951.224609375,2071.17236328125,1918.267822265625,1841.3095703125,1929.1883544921875,1796.019287109375,3335.093505859375,12653.8271484375,5897.7451171875,8465.990234375,5614.20166015625,1372.831298828125,811.054443359375,873.2367553710938,3549.1171875
2020-10-20,4871.501953125,2052.228515625,1901.4407958984375,1811.185791015625,1900.71337890625,1762.2911376953125,3451.82275390625,12782.94921875,5972.40087890625,8379.8212890625,5516.05078125,1368.459228515625,795.6788940429688,856.1979370117188,3507.11572265625
2020-10-21,4850.52197265625,2045.9136962890625,1859.37353515625,1837.5439453125,1907.8319091796875,1728.5631103515625,3501.848876953125,12782.94921875,5935.0732421875,8358.2802734375,5555.3115234375,1368.459228515625,845.649169921875,851.938232421875,3454.613525390625
2020-10-22,4867.30615234375,2083.80126953125,1834.1334228515625,1830.0130615234375,1922.0694580078125,1779.1551513671875,3501.848876953125,12711.212890625,5860.41845703125,8315.1953125,5673.09130859375,1381.5753173828125,834.1175537109375,837.0294189453125,3381.111083984375
2020-10-23,4842.12939453125,2077.48681640625,1867.7869873046875,1826.247802734375,1872.238037109375,1745.427001953125,3601.902587890625,12582.0908203125,5916.41015625,8379.8212890625,5555.3115234375,1385.947509765625,834.1175537109375,834.8994750976562,3391.61181640625
2020-10-26,4879.89453125,2109.0595703125,1943.5079345703125,1826.247802734375,1886.4757080078125,1720.131103515625,3601.902587890625,12467.3193359375,5879.08154296875,8422.904296875,5555.3115234375,1350.970947265625,814.8982543945312,839.1592407226562,3412.61181640625
2020-10-27,4858.91455078125,2121.6884765625,1943.5079345703125,1784.827392578125,1865.1195068359375,1711.69921875,3618.57666015625,12122.99609375,5841.75439453125,8315.1953125,5496.42041015625,1333.4825439453125,811.054443359375,834.8994750976562,3412.61181640625
2020-11-02,4884.08984375,2134.31787109375,2010.81591796875,1754.7039794921875,1822.4068603515625,1694.8349609375,3601.902587890625,11735.6328125,5692.44384765625,8401.36328125,5516.05078125,1307.2501220703125,845.649169921875,826.3801879882812,3465.113525390625
2020-11-03,4942.8330078125,2134.31787109375,2019.22900390625,1758.4693603515625,1836.644287109375,1694.8349609375,3668.60400390625,11993.8759765625,5841.75439453125,8379.8212890625,5496.42041015625,1289.76171875,853.3367919921875,830.639892578125,3486.114501953125
2020-11-04,4884.08984375,2077.48681640625,1918.267822265625,1739.6419677734375,1836.644287109375,1673.7550048828125,3601.902587890625,11821.7138671875,5823.09033203125,8422.904296875,5457.16015625,1272.2735595703125,849.4930419921875,824.2503662109375,3475.614501953125
2020-11-05,5161.02294921875,2203.77783203125,2010.81591796875,1818.7166748046875,1971.9010009765625,1779.1551513671875,3668.60400390625,11979.5283203125,5897.7451171875,8530.6142578125,5594.57080078125,1311.6220703125,864.8683471679688,839.1592407226562,3507.11572265625
2020-11-06,5286.90087890625,2247.979248046875,2036.056396484375,1867.6678466796875,2014.613525390625,1838.179443359375,3885.38427734375,12036.9169921875,6028.39208984375,8509.0732421875,5633.83154296875,1324.7384033203125,864.8683471679688,847.6787109375,3591.1181640625
2020-11-09,5274.31298828125,2330.069091796875,2069.710205078125,1920.3841552734375,2050.207763671875,1796.019287109375,3735.305908203125,11979.5283203125,5935.0732421875,8401.36328125,5653.4609375,1294.1339111328125,953.2772216796875,856.1979370117188,3601.6181640625
2020-11-10,5437.95654296875,2525.8193359375,2145.430908203125,2005.10693359375,2035.969970703125,1846.611328125,3835.358154296875,11850.408203125,5823.09033203125,8336.73828125,5614.20166015625,1307.2501220703125,922.5261840820312,860.457763671875,3680.89990234375
2020-11-11,5488.30712890625,2601.594482421875,2145.430908203125,2061.5888671875,2192.5830078125,1973.091552734375,4002.113525390625,12309.50390625,5785.76171875,8272.1123046875,5535.6806640625,1285.3897705078125,918.6824340820312,881.7562255859375,3713.5703125
2020-11-12,5387.60498046875,2494.246826171875,2078.123291015625,2023.933837890625,2164.108154296875,1930.9312744140625,4002.113525390625,12108.6474609375,5823.09033203125,8422.904296875,5633.83154296875,1298.5059814453125,899.463134765625,868.97705078125,3724.46044921875
2020-11-13,5362.4287109375,2525.8193359375,2103.36328125,2127.484375,2128.51416015625,1930.9312744140625,3935.4111328125,12122.99609375,5785.76171875,8358.2802734375,5574.9404296875,1307.2501220703125,899.463134765625,868.97705078125,3691.789794921875
2020-11-16,5437.95654296875,2500.561279296875,2086.537109375,2136.89794921875,2185.46435546875,1956.2276611328125,3952.08740234375,12194.73046875,5767.0986328125,8401.36328125,5614.20166015625,1302.878173828125,910.9946899414062,907.3142700195312,3964.045166015625
2020-11-17,5496.69873046875,2500.561279296875,2103.36328125,2165.138916015625,2292.24609375,1939.3634033203125,3868.709228515625,12079.95703125,5804.4267578125,8832.2021484375,5712.35107421875,1311.6220703125,914.8385620117188,898.7949829101562,3985.826416015625
2020-11-18,5513.4833984375,2551.07763671875,2137.01806640625,2155.72509765625,2263.77099609375,1939.3634033203125,3852.033935546875,12051.2646484375,5823.09033203125,8853.7451171875,5771.24169921875,1315.9942626953125,953.2772216796875,898.7949829101562,4007.60595703125
2020-11-19,5551.24658203125,2551.07763671875,2128.60400390625,2165.138916015625,2256.65234375,1939.3634033203125,3818.68310546875,12338.19921875,5804.4267578125,8918.3701171875,5712.35107421875,1307.2501220703125,949.4332885742188,949.9111938476562,4475.88671875
2020-11-20,5538.658203125,2538.448974609375,2120.190673828125,2136.89794921875,2292.24609375,1939.3634033203125,3818.68310546875,12223.4228515625,5767.0986328125,8702.951171875,5673.09130859375,1307.2501220703125,930.2140502929688,932.8724975585938,4421.43603515625
2020-11-23,5538.658203125,2576.336181640625,2153.8447265625,2221.620849609375,2363.433837890625,2048.979736328125,3868.709228515625,12682.51953125,5841.75439453125,8789.119140625,5712.35107421875,1307.2501220703125,964.8087158203125,971.2096557617188,4573.8994140625
2020-11-24,5509.2861328125,2652.110595703125,2162.258056640625,2240.447998046875,2384.7900390625,2108.003662109375,3868.709228515625,12869.0283203125,5860.41845703125,8724.4931640625,5692.72119140625,1298.5059814453125,949.4332885742188,971.2096557617188,4769.9228515625
2020-11-25,5379.21240234375,2727.884765625,2195.911865234375,2278.102783203125,2334.958740234375,2099.571533203125,3701.9541015625,13901.9921875,5767.0986328125,8616.783203125,5614.20166015625,1285.3897705078125,926.3702392578125,971.2096557617188,4878.8251953125
2020-11-26,5437.95654296875,2708.941650390625,2263.219482421875,2372.239013671875,2470.21533203125,2141.73193359375,3768.656494140625,14059.8056640625,5785.76171875,8724.4931640625,5673.09130859375,1302.878173828125,930.2140502929688,1005.2872314453125,5009.5078125
2020-11-27,5358.2333984375,2696.312744140625,2237.97900390625,2391.066650390625,2463.0966796875,2133.2998046875,3701.9541015625,14188.927734375,5785.76171875,9133.791015625,5731.9814453125,1294.1339111328125,945.58935546875,1026.585693359375,5161.9716796875
2020-11-30,5207.177734375,2582.650634765625,2128.60400390625,2259.275146484375,2299.364990234375,2032.1158447265625,3535.200439453125,13199.0009765625,5767.0986328125,8530.6142578125,5574.9404296875,1315.9942626953125,880.2437744140625,1005.2872314453125,5706.48291015625
2020-12-01,5366.62451171875,2677.36865234375,2195.911865234375,2353.41162109375,2306.483642578125,2065.84375,3701.9541015625,13873.30078125,5813.91259765625,8702.951171875,5574.9404296875,1298.5059814453125,887.9315185546875,1035.10498046875,6011.41015625
2020-12-02,5412.77978515625,2715.256103515625,2237.97900390625,2391.066650390625,2370.552490234375,2074.275634765625,3818.68310546875,14920.611328125,5776.1591796875,8767.576171875,5614.20166015625,1307.2501220703125,957.1209106445312,1043.6243896484375,6479.68994140625
2020-12-03,5421.171875,2778.401611328125,2212.73876953125,2391.066650390625,2349.196044921875,2040.547607421875,3751.980712890625,14977.998046875,5700.6552734375,8638.3251953125,5535.6806640625,1281.0177001953125,964.8087158203125,1039.36474609375,6490.580078125
2020-12-04,5362.4287109375,2715.256103515625,2221.152099609375,2391.066650390625,2313.60205078125,2065.84375,3802.00732421875,15207.548828125,5738.40673828125,8573.69921875,5516.05078125,1295.065673828125,957.1209106445312,1056.4034423828125,6512.36181640625
2020-12-07,5471.52392578125,2778.401611328125,2254.80615234375,2504.0302734375,2370.552490234375,2124.867919921875,3902.060302734375,15480.1376953125,5795.0361328125,8573.69921875,5574.9404296875,1303.845947265625,984.028076171875,1141.5975341796875,6523.25
2020-12-08,5462.84619140625,2778.401611328125,2246.392578125,2504.0302734375,2349.196044921875,2091.139892578125,3802.00732421875,15365.359375,5757.2822265625,8444.4482421875,5496.42041015625,1295.065673828125,999.4033813476562,1201.2330322265625,6457.90966796875
2020-12-10,5534.39306640625,2734.19970703125,2288.4599609375,2485.202880859375,2320.72119140625,2040.547607421875,3885.38427734375,14934.9560546875,5700.6552734375,8573.69921875,5476.7900390625,1299.4560546875,1072.4368896484375,1192.713623046875,6207.43359375
2020-12-11,5669.0703125,2702.626953125,2280.046142578125,2475.7890625,2334.958740234375,2074.275634765625,3785.33251953125,15006.69140625,5644.025390625,8465.990234375,5437.53076171875,1286.285888671875,1114.71923828125,1196.973388671875,6392.5673828125
2020-12-14,5740.6171875,2702.626953125,2263.219482421875,2475.7890625,2363.433837890625,2209.18798828125,3785.33251953125,15724.0283203125,5662.90087890625,8465.990234375,5516.05078125,1303.845947265625,1172.3773193359375,1299.2059326171875,6708.38525390625
2020-12-15,5715.36572265625,2702.626953125,2254.80615234375,2447.54833984375,2455.977783203125,2276.644287109375,3968.762451171875,15250.587890625,5644.025390625,8358.2802734375,5417.900390625,1303.845947265625,1199.2843017578125,1307.7252197265625,6632.15234375
2020-12-16,5850.04296875,2727.884765625,2280.046142578125,2513.44384765625,2569.87841796875,2445.2841796875,4085.490966796875,15594.908203125,5662.90087890625,8422.904296875,5417.900390625,1356.526611328125,1395.321044921875,1350.3221435546875,6643.04345703125
2020-12-17,5837.4169921875,2734.19970703125,2313.700439453125,2513.44384765625,2520.046875,2352.532470703125,4135.5166015625,15566.2158203125,5606.2724609375,8379.8212890625,5378.64013671875,1352.13671875,1395.321044921875,1294.946044921875,6414.3486328125
2020-12-18,5723.783203125,2702.626953125,2254.80615234375,2504.0302734375,2498.6904296875,2352.532470703125,4135.5166015625,15279.2802734375,5738.40673828125,8358.2802734375,5359.0107421875,1352.13671875,1499.105224609375,1269.38818359375,6479.68994140625
2020-12-21,5749.0341796875,2658.42529296875,2254.80615234375,2485.202880859375,2505.80908203125,2445.2841796875,4102.166015625,16226.1669921875,5757.2822265625,8422.904296875,5535.6806640625,1356.526611328125,1510.63671875,1294.946044921875,6566.81103515625
2020-12-22,5652.23583984375,2607.908935546875,2153.8447265625,2372.239013671875,2391.908935546875,2327.236083984375,4052.1396484375,15178.85546875,5644.025390625,8272.1123046875,5359.0107421875,1321.40625,1410.696533203125,1226.791259765625,6218.32421875
2020-12-23,5660.65283203125,2626.8525390625,2137.01806640625,2353.41162109375,2363.433837890625,2285.076171875,4002.113525390625,14963.6494140625,5606.2724609375,8207.4853515625,5339.3798828125,1286.285888671875,1376.1016845703125,1201.2330322265625,6207.43359375
2020-12-28,5706.94873046875,2683.683349609375,2195.911865234375,2428.720947265625,2441.740234375,2369.39599609375,4052.1396484375,15451.4404296875,5625.1494140625,8164.40185546875,5437.53076171875,1317.0162353515625,1537.5438232421875,1214.01220703125,6250.99560546875
2020-12-29,5694.32177734375,2639.4814453125,2162.258056640625,2372.239013671875,2434.62158203125,2403.124267578125,4035.464599609375,15207.548828125,5549.6435546875,8013.60888671875,5359.0107421875,1308.236083984375,1495.261474609375,1231.05078125,6218.32421875
2020-12-30,5698.5302734375,2633.1669921875,2128.60400390625,2325.1708984375,2356.31494140625,2301.93994140625,4018.788330078125,15264.93359375,5549.6435546875,8250.5712890625,5378.64013671875,1299.4560546875,1487.5736083984375,1196.973388671875,6033.1904296875
2021-01-04,5753.24365234375,2721.57080078125,2187.498291015625,2400.480224609375,2484.452880859375,2394.692138671875,4152.19189453125,15293.6259765625,5644.025390625,8250.5712890625,5359.0107421875,1295.065673828125,1683.610595703125,1188.453857421875,5946.06787109375
2021-01-05,5967.8857421875,2696.312744140625,2162.258056640625,2447.54833984375,2470.21533203125,2369.39599609375,4118.84228515625,15092.7744140625,5568.5205078125,8142.85986328125,5378.64013671875,1290.67578125,1714.361328125,1179.9344482421875,5924.2880859375
2021-01-06,5845.833984375,2652.110595703125,2162.258056640625,2409.893798828125,2399.02734375,2310.3720703125,4102.166015625,14805.837890625,5436.38525390625,8121.318359375,5300.12060546875,1317.0162353515625,1706.673583984375,1141.5975341796875,5717.373046875
2021-01-07,5862.66845703125,2702.626953125,2179.0849609375,2419.30712890625,2413.265380859375,2301.93994140625,4052.1396484375,15379.708984375,5436.38525390625,8185.943359375,5319.75048828125,1303.845947265625,1998.8067626953125,1201.2330322265625,5869.8369140625
2021-01-08,5934.21630859375,2772.0869140625,2204.3251953125,2438.135009765625,2541.4033203125,2369.39599609375,4285.5966796875,15652.298828125,5417.50830078125,8207.4853515625,5339.3798828125,1312.6258544921875,1998.8067626953125,1214.01220703125,5924.2880859375
2021-01-11,6182.52734375,2936.265625,2305.28662109375,2456.9619140625,2562.759521484375,2352.532470703125,4352.2978515625,15236.240234375,5436.38525390625,8207.4853515625,5300.12060546875,1545.2989501953125,1983.431640625,1239.5703125,6131.20166015625
2021-01-12,6026.80712890625,2980.46728515625,2338.940673828125,2447.54833984375,2498.6904296875,2327.236083984375,4352.2978515625,15049.7333984375,5360.8798828125,8121.318359375,5280.490234375,1475.0579833984375,2129.498291015625,1218.271728515625,6142.09326171875
2021-01-13,5993.13818359375,3024.669189453125,2330.527099609375,2456.9619140625,2477.334228515625,2318.804443359375,4519.052734375,15035.38671875,5304.25146484375,8035.150390625,5260.859375,1374.0869140625,2398.568603515625,1294.946044921875,6370.78857421875
2021-01-14,5908.96337890625,3012.03955078125,2305.28662109375,2428.720947265625,2491.571533203125,2276.644287109375,4519.052734375,15092.7744140625,5285.375,8056.69091796875,5280.490234375,1400.42724609375,2444.69482421875,1277.9073486328125,6403.4580078125
2021-01-15,5854.251953125,2892.063720703125,2263.219482421875,2381.65283203125,2477.334228515625,2192.32421875,4385.64892578125,15035.38671875,5247.6220703125,8078.23388671875,5241.2294921875,1444.32763671875,2398.568603515625,1252.349365234375,6185.65380859375
2021-01-18,5993.13818359375,2917.321533203125,2330.527099609375,2372.239013671875,2455.977783203125,2091.139892578125,4452.35107421875,15322.3212890625,5662.90087890625,8293.65234375,5378.64013671875,1457.497802734375,2237.12646484375,1256.6090087890625,6044.08056640625
2021-01-19,5972.09423828125,2917.321533203125,2347.354248046875,2343.998046875,2427.5029296875,2217.6201171875,4452.35107421875,14877.5712890625,5719.53076171875,8401.36328125,5339.3798828125,1391.64697265625,2083.3720703125,1214.01220703125,5869.8369140625
2021-01-20,5972.09423828125,3087.814697265625,2481.96923828125,2419.30712890625,2470.21533203125,2167.027587890625,4452.35107421875,14906.2646484375,5587.396484375,8336.73828125,5300.12060546875,1396.0369873046875,2452.382568359375,1226.791259765625,5946.06787109375
2021-01-21,5955.2587890625,3024.669189453125,2439.902099609375,2419.30712890625,2477.334228515625,2150.163818359375,4535.7275390625,14863.224609375,5530.76611328125,8250.5712890625,5319.75048828125,1453.107666015625,2375.505126953125,1218.271728515625,5902.5068359375
2021-01-22,5959.46728515625,2980.46728515625,2423.0751953125,2362.82568359375,2413.265380859375,2048.979736328125,4469.0263671875,14447.16796875,5493.01513671875,8164.40185546875,5241.2294921875,1417.987548828125,2214.063232421875,1179.9344482421875,5684.70166015625
2021-01-25,5921.59033203125,3018.3544921875,2456.729248046875,2343.998046875,2399.02734375,2023.6837158203125,4318.947265625,13916.3408203125,5474.1376953125,8185.943359375,5201.9697265625,1409.2071533203125,2206.375244140625,1150.11669921875,5510.458984375
2021-01-26,5740.6171875,2936.265625,2481.96923828125,2287.5166015625,2320.72119140625,1930.9312744140625,4235.5703125,13744.1787109375,5474.1376953125,8185.943359375,5162.70947265625,1356.526611328125,2052.62109375,1175.6748046875,5412.44677734375
2021-01-27,5715.36572265625,2917.321533203125,2456.729248046875,2249.86181640625,2406.146240234375,1981.523681640625,4185.54296875,13428.5498046875,5379.755859375,8185.943359375,5143.0791015625,1325.796142578125,1960.3685302734375,1141.5975341796875,5183.7509765625
2021-01-28,5807.9560546875,2822.603271484375,2372.59423828125,2174.552490234375,2306.483642578125,1914.067626953125,4185.54296875,13701.138671875,5342.00341796875,8056.69091796875,4966.40869140625,1330.1861572265625,1829.6771240234375,1103.2601318359375,5161.9716796875
2021-01-29,5690.11328125,2639.4814453125,2212.73876953125,2089.829833984375,2213.939453125,1871.9073486328125,4068.814453125,13112.921875,5228.74609375,7841.27197265625,4750.4775390625,1286.285888671875,1706.673583984375,1099.00048828125,5336.21533203125
2021-02-01,5740.6171875,2778.401611328125,2254.80615234375,2202.79345703125,2299.364990234375,1947.7955322265625,4018.788330078125,13686.7919921875,5304.25146484375,7948.9814453125,4907.51806640625,1308.236083984375,1998.8067626953125,1111.779541015625,5434.22705078125
2021-02-02,5723.783203125,2753.1435546875,2179.0849609375,2221.620849609375,2327.840087890625,1914.067626953125,3985.437744140625,12955.1083984375,5285.375,8185.943359375,4966.40869140625,1334.576416015625,1860.4281005859375,1060.6630859375,5259.984375
2021-02-03,5744.826171875,2765.772705078125,2187.498291015625,2372.239013671875,2306.483642578125,1973.091552734375,4102.166015625,12883.375,5417.50830078125,8121.318359375,4946.7783203125,1369.69677734375,1791.238525390625,1026.585693359375,5085.73974609375
2021-02-04,5770.07861328125,2835.232421875,2212.73876953125,2362.82568359375,2342.077392578125,2032.1158447265625,4135.5166015625,12825.986328125,5511.89111328125,8035.150390625,4966.40869140625,1356.526611328125,1845.0523681640625,1056.4034423828125,5281.76318359375
2021-02-05,5820.58203125,2822.603271484375,2204.3251953125,2372.239013671875,2342.077392578125,1998.3876953125,4068.814453125,13256.3916015625,5455.26220703125,7948.9814453125,4966.40869140625,1396.0369873046875,2044.9334716796875,1090.4810791015625,5488.67822265625
2021-02-08,5824.791015625,2816.289306640625,2212.73876953125,2372.239013671875,2334.958740234375,1973.091552734375,4068.814453125,13959.3798828125,5360.8798828125,7841.27197265625,4907.51806640625,1378.476806640625,2175.625,1111.779541015625,5543.12939453125
2021-02-09,5875.29443359375,2917.321533203125,2187.498291015625,2343.998046875,2278.008056640625,1964.6595458984375,3885.38427734375,13500.283203125,5360.8798828125,7582.76806640625,4828.99853515625,1334.576416015625,2098.7470703125,1103.2601318359375,5477.7890625
2021-02-10,5824.791015625,2936.265625,2187.498291015625,2334.58447265625,2270.889404296875,1973.091552734375,3935.4111328125,13471.58984375,5398.63330078125,7755.10546875,4809.36865234375,1338.96630859375,2252.501708984375,1086.2213134765625,5445.1171875
2021-02-11,5791.12109375,2955.209228515625,2187.498291015625,2334.58447265625,2270.889404296875,1973.091552734375,3902.060302734375,13485.9384765625,5417.50830078125,7733.5625,4946.7783203125,1338.96630859375,2206.375244140625,1103.2601318359375,5641.1416015625
2021-02-15,5723.783203125,2974.15283203125,2187.498291015625,2343.998046875,2292.24609375,1939.3634033203125,3968.762451171875,13342.470703125,5323.12744140625,7733.5625,4828.99853515625,1338.96630859375,2229.4384765625,1107.519775390625,5554.0205078125
2021-02-16,5841.62548828125,2948.894775390625,2179.0849609375,2391.066650390625,2285.126953125,1863.475341796875,3952.08740234375,13256.3916015625,5304.25146484375,7604.31103515625,4789.73828125,1338.96630859375,2206.375244140625,1107.519775390625,5521.34912109375
2021-02-17,5807.9560546875,2923.63623046875,2137.01806640625,2315.75732421875,2242.41455078125,1821.3154296875,3868.709228515625,13112.921875,5360.8798828125,7604.31103515625,4789.73828125,1330.1861572265625,2114.122802734375,1090.4810791015625,5379.77685546875
2021-02-18,5669.0703125,2948.894775390625,2103.36328125,2268.688720703125,2263.77099609375,1838.179443359375,3818.68310546875,13184.6572265625,5266.49853515625,7539.68603515625,4750.4775390625,1308.236083984375,2137.18603515625,1090.4810791015625,5292.654296875
2021-02-19,5744.826171875,3024.669189453125,2145.430908203125,2259.275146484375,2285.126953125,1804.451171875,3852.033935546875,13242.0439453125,5247.6220703125,7410.43359375,4770.10791015625,1391.64697265625,2214.063232421875,1086.2213134765625,5314.4345703125
2021-02-22,5715.36572265625,3024.669189453125,2145.430908203125,2231.034423828125,2256.65234375,1796.019287109375,3802.00732421875,13342.470703125,5190.9931640625,7431.97509765625,4750.4775390625,1378.476806640625,2267.876953125,1167.155517578125,5564.91064453125
2021-02-23,5744.826171875,3024.669189453125,2128.60400390625,2240.447998046875,2470.21533203125,1871.9073486328125,3818.68310546875,13270.73828125,5172.11669921875,7367.349609375,4750.4775390625,1352.13671875,2260.189208984375,1158.6361083984375,5347.10546875
2021-02-24,5660.65283203125,2986.78173828125,2145.430908203125,2287.5166015625,2477.334228515625,1821.3154296875,3751.980712890625,12940.76171875,5172.11669921875,7453.517578125,4789.73828125,1321.40625,2237.12646484375,1120.298828125,5281.76318359375
2021-02-25,5643.8173828125,2986.78173828125,2111.777587890625,2287.5166015625,2484.452880859375,1871.9073486328125,3718.63037109375,13572.0166015625,5115.48779296875,7388.8916015625,4809.36865234375,1317.0162353515625,2275.56494140625,1141.5975341796875,5270.8740234375
2021-02-26,5648.0263671875,2974.15283203125,2069.710205078125,2240.447998046875,2484.452880859375,1855.0433349609375,3601.902587890625,12940.76171875,5285.375,7388.8916015625,4750.4775390625,1290.67578125,2183.312255859375,1154.3765869140625,5314.4345703125
2021-03-01,5930.0078125,3049.927001953125,2212.73876953125,2343.998046875,2484.452880859375,1871.9073486328125,3735.305908203125,13170.3115234375,5153.2412109375,7410.43359375,4789.73828125,1334.576416015625,2183.312255859375,1158.6361083984375,5249.09375
2021-03-02,5904.75634765625,3030.98388671875,2221.152099609375,2315.75732421875,2463.0966796875,1897.2034912109375,3718.63037109375,13141.6162109375,5153.2412109375,7496.60107421875,4927.14892578125,1360.91650390625,2098.7470703125,1162.895751953125,5227.31298828125
2021-03-03,5892.1298828125,3062.556396484375,2221.152099609375,2268.688720703125,2448.859130859375,1888.771240234375,3785.33251953125,13069.8818359375,5190.9931640625,7518.1435546875,4946.7783203125,1360.91650390625,2075.684326171875,1154.3765869140625,5194.64208984375
2021-03-04,5656.44482421875,3005.7255859375,2204.3251953125,2259.275146484375,2391.908935546875,1871.9073486328125,3718.63037109375,12825.986328125,5077.7353515625,7410.43359375,4868.25830078125,1365.3067626953125,1937.305419921875,1154.3765869140625,5183.7509765625
2021-03-05,5723.783203125,3012.03955078125,2179.0849609375,2259.275146484375,2363.433837890625,1846.611328125,3668.60400390625,12510.3583984375,5077.7353515625,7324.265625,4809.36865234375,1365.3067626953125,1860.4281005859375,1154.3765869140625,5085.73974609375
2021-03-08,5656.44482421875,2986.78173828125,2162.258056640625,2259.275146484375,2377.671142578125,1838.179443359375,3701.9541015625,13385.509765625,5021.1064453125,7216.5556640625,4848.6279296875,1365.3067626953125,1752.7999267578125,1141.5975341796875,5074.849609375
2021-03-09,5559.64599609375,2892.063720703125,2162.258056640625,2249.86181640625,2342.077392578125,1796.019287109375,3685.27978515625,12926.4150390625,4945.6005859375,7173.4716796875,4868.25830078125,1356.526611328125,1714.361328125,1111.779541015625,4987.7275390625
2021-03-10,5643.8173828125,2923.63623046875,2187.498291015625,2278.102783203125,2420.384033203125,1787.5872802734375,3618.57666015625,12166.03515625,4964.47705078125,7216.5556640625,5025.298828125,1391.64697265625,1714.361328125,1107.519775390625,4976.837890625
2021-03-12,5694.32177734375,2892.063720703125,2263.219482421875,2315.75732421875,2455.977783203125,1812.88330078125,3651.927978515625,12180.3837890625,5058.85791015625,7216.5556640625,5005.6689453125,1400.42724609375,1860.4281005859375,1162.895751953125,5031.28857421875
2021-03-15,5610.1494140625,2885.749267578125,2237.97900390625,2381.65283203125,2406.146240234375,1812.88330078125,3685.27978515625,12108.6474609375,4964.47705078125,7324.265625,5025.298828125,1391.64697265625,1798.92626953125,1167.155517578125,5151.0810546875
2021-03-16,5576.4794921875,2980.46728515625,2204.3251953125,2343.998046875,2391.908935546875,1871.9073486328125,3701.9541015625,12151.6884765625,4945.6005859375,7410.43359375,5025.298828125,1391.64697265625,1745.1124267578125,1154.3765869140625,5172.861328125
2021-03-17,5563.853515625,2948.894775390625,2195.911865234375,2296.93017578125,2413.265380859375,1863.475341796875,3718.63037109375,12079.95703125,4888.9716796875,7431.97509765625,4986.0390625,1396.0369873046875,1768.175537109375,1154.3765869140625,5107.52001953125
2021-03-18,5643.8173828125,3005.7255859375,2288.4599609375,2362.82568359375,2455.977783203125,1863.475341796875,3818.68310546875,12452.9716796875,4983.35302734375,7496.60107421875,4946.7783203125,1382.8670654296875,1760.487548828125,1171.415283203125,5347.10546875
2021-03-19,5690.11328125,2948.894775390625,2280.046142578125,2315.75732421875,2448.859130859375,1863.475341796875,3852.033935546875,12553.3974609375,5096.6123046875,7604.31103515625,5103.8193359375,1409.2071533203125,1729.7366943359375,1175.6748046875,5390.6669921875
2021-03-22,5572.27099609375,2923.63623046875,2229.56591796875,2296.93017578125,2406.146240234375,1821.3154296875,3718.63037109375,12409.931640625,5058.85791015625,7604.31103515625,4986.0390625,1404.8172607421875,1737.4246826171875,1179.9344482421875,5423.3369140625
2021-03-23,5525.9755859375,2948.894775390625,2246.392578125,2296.93017578125,2391.908935546875,1812.88330078125,3718.63037109375,12309.50390625,5096.6123046875,7927.43994140625,5241.2294921875,1382.8670654296875,1745.1124267578125,1192.713623046875,5510.458984375
2021-03-24,5420.759765625,2948.894775390625,2236.046630859375,2240.447998046875,2399.02734375,1753.859130859375,3635.253662109375,12108.6474609375,4964.47705078125,7970.5244140625,5280.490234375,1338.96630859375,1668.235107421875,1167.155517578125,5259.984375
2021-03-25,5361.837890625,2917.321533203125,2227.345947265625,2221.620849609375,2427.5029296875,1762.2911376953125,3635.253662109375,12252.1171875,5021.1064453125,7712.0205078125,5201.9697265625,1396.0369873046875,1675.9227294921875,1145.8570556640625,5205.53271484375
2021-03-26,5399.7158203125,2980.46728515625,2236.046630859375,2278.102783203125,2484.452880859375,1770.7232666015625,3735.305908203125,12567.74609375,4983.35302734375,7841.27197265625,5300.12060546875,1387.2569580078125,1868.11572265625,1150.11669921875,5314.4345703125
2021-03-29,5353.42041015625,2980.46728515625,2218.64501953125,2278.102783203125,2427.5029296875,1762.2911376953125,3685.27978515625,12510.3583984375,5077.7353515625,7948.9814453125,5339.3798828125,1352.13671875,1737.4246826171875,1141.5975341796875,5303.54443359375
2021-03-30,5382.880859375,2841.547119140625,2201.244140625,2183.96630859375,2406.146240234375,1728.5631103515625,3601.902587890625,12338.19921875,4945.6005859375,7819.73046875,5260.859375,1352.13671875,1698.986083984375,1120.298828125,5161.9716796875
2021-03-31,5231.369140625,2778.401611328125,2140.340087890625,2155.72509765625,2434.62158203125,1762.2911376953125,3518.524658203125,12696.8681640625,4964.47705078125,7927.43994140625,5182.33935546875,1378.476806640625,1729.7366943359375,1116.0390625,4976.837890625
2021-04-01,5239.78662109375,2708.941650390625,2157.741455078125,2136.89794921875,2413.265380859375,1762.2911376953125,3568.550537109375,12725.5595703125,5002.2294921875,7712.0205078125,5280.490234375,1360.91650390625,1722.049072265625,1128.8182373046875,5096.6298828125
2021-04-05,5180.8662109375,2652.110595703125,2166.44189453125,2165.138916015625,2406.146240234375,1745.427001953125,3568.550537109375,12739.908203125,4888.9716796875,7690.478515625,5221.599609375,1360.91650390625,1691.29833984375,1081.9615478515625,5532.23974609375
2021-04-06,5189.28271484375,2716.071533203125,2183.84326171875,2193.3798828125,2399.02734375,1821.3154296875,3568.550537109375,12811.642578125,4888.9716796875,7604.31103515625,5300.12060546875,1365.3067626953125,1791.238525390625,1073.4422607421875,5477.7890625
2021-04-07,5260.82958984375,2716.071533203125,2201.244140625,2174.552490234375,2420.384033203125,1855.0433349609375,3551.875732421875,12811.642578125,4926.724609375,7668.9365234375,5319.75048828125,1360.91650390625,1814.3018798828125,1073.4422607421875,5488.67822265625
2021-04-08,5236.4189453125,2813.073974609375,2183.84326171875,2200.742431640625,2413.265380859375,1821.3154296875,3535.200439453125,12955.1083984375,4983.35302734375,7582.76806640625,5241.2294921875,1374.0869140625,1898.8665771484375,1081.9615478515625,5477.7890625
2021-04-09,5291.8974609375,2813.073974609375,2253.447509765625,2276.6298828125,2391.908935546875,1821.3154296875,3518.524658203125,13041.1884765625,4888.9716796875,7647.3955078125,5182.33935546875,1360.91650390625,1798.92626953125,1081.9615478515625,5390.6669921875
2021-04-12,5176.67138671875,2722.5380859375,2192.543701171875,2219.71435546875,2356.31494140625,1745.427001953125,3385.12109375,12295.158203125,4775.71337890625,7453.517578125,5182.33935546875,1325.796142578125,1729.7366943359375,1047.884033203125,5183.7509765625
2021-04-13,5121.19189453125,2690.2041015625,2192.543701171875,2200.742431640625,2370.552490234375,1720.131103515625,3385.12109375,12926.4150390625,4700.20849609375,7431.97509765625,5162.70947265625,1308.236083984375,1745.1124267578125,1047.884033203125,5096.6298828125
2021-04-14,5381.5185546875,2813.073974609375,2201.244140625,2238.686279296875,2377.671142578125,1745.427001953125,3501.848876953125,12768.6015625,4756.83740234375,7539.68603515625,5162.70947265625,1312.6258544921875,1791.238525390625,1063.1256103515625,5259.984375
2021-04-15,5360.1806640625,2851.875,2192.543701171875,2267.14404296875,2391.908935546875,1728.5631103515625,3501.848876953125,12452.9716796875,4832.34326171875,7539.68603515625,5221.599609375,1330.1861572265625,1783.551025390625,1041.1602783203125,5267.49267578125
2021-04-16,5355.9130859375,2806.60693359375,2192.543701171875,2257.657958984375,2391.908935546875,1694.8349609375,3501.848876953125,12668.1728515625,4775.71337890625,7712.0205078125,5260.859375,1312.6258544921875,1850.71875,1045.55322265625,5267.49267578125
2021-04-19,5351.646484375,2832.474609375,2166.44189453125,2229.2001953125,2377.671142578125,1711.69921875,3468.498291015625,12739.908203125,4756.83740234375,7712.0205078125,5300.12060546875,1312.6258544921875,1812.000732421875,1063.1256103515625,5565.65234375
2021-04-20,5321.771484375,2787.20654296875,2157.741455078125,2248.172119140625,2363.433837890625,1711.69921875,3535.200439453125,12899.984375,4700.20849609375,7668.9365234375,5300.12060546875,1312.6258544921875,1819.744384765625,1063.1256103515625,5411.0517578125
2021-04-21,5262.02490234375,2735.471923828125,2131.6396484375,2191.25634765625,2334.958740234375,1703.26708984375,3485.17333984375,13178.505859375,4605.82763671875,7582.76806640625,5319.75048828125,1312.6258544921875,1835.2314453125,1049.9462890625,5366.87939453125
2021-04-22,5304.701171875,2716.071533203125,2131.6396484375,2153.3125,2370.552490234375,1736.9951171875,3635.253662109375,12636.12109375,4624.703125,7539.68603515625,5241.2294921875,1308.236083984375,1819.744384765625,1036.76708984375,5333.75146484375
2021-04-23,5454.06982421875,2748.405517578125,2140.340087890625,2191.25634765625,2356.31494140625,1720.131103515625,3751.980712890625,12665.439453125,4586.94970703125,7647.3955078125,5300.12060546875,1317.0162353515625,1796.5137939453125,1049.9462890625,5333.75146484375
2021-04-26,5364.44873046875,2677.2705078125,2079.4365234375,2172.284423828125,2313.60205078125,1711.69921875,3751.980712890625,12636.12109375,4624.703125,7496.60107421875,5241.2294921875,1303.845947265625,1850.71875,1049.9462890625,5234.3642578125
2021-04-27,5466.8720703125,2696.6708984375,2105.537841796875,2238.686279296875,2249.533203125,1703.26708984375,3685.27978515625,12665.439453125,4549.197265625,7410.43359375,5123.44970703125,1295.065673828125,1850.71875,1049.9462890625,5201.23486328125
2021-04-28,5394.3232421875,2670.8037109375,2157.741455078125,2210.228271484375,2235.295654296875,1728.5631103515625,3568.550537109375,12562.8251953125,4586.94970703125,7388.8916015625,5241.2294921875,1290.67578125,1881.693115234375,1054.3394775390625,5256.44921875
2021-04-29,5471.14013671875,2690.2041015625,2166.44189453125,2229.2001953125,2278.008056640625,1762.2911376953125,3618.57666015625,12533.5048828125,4568.0732421875,7431.97509765625,5123.44970703125,1290.67578125,1943.6417236328125,1063.1256103515625,5300.62158203125
2021-04-30,5466.8720703125,2619.06884765625,2149.040771484375,2162.79833984375,2278.008056640625,1762.2911376953125,3668.60400390625,12416.232421875,4530.32080078125,7496.60107421875,5123.44970703125,1264.3353271484375,1928.1544189453125,1041.1602783203125,5245.40673828125
2021-05-03,5454.06982421875,2593.201171875,2105.537841796875,2115.368408203125,2256.65234375,1736.9951171875,3676.73583984375,12284.3017578125,4454.8154296875,7367.349609375,5084.189453125,1259.9454345703125,1951.3856201171875,1001.6224365234375,5245.40673828125
2021-05-04,5462.6044921875,2625.53564453125,2122.93896484375,2134.3408203125,2285.126953125,1738.4510498046875,3727.567138671875,12650.7802734375,4341.5576171875,7345.806640625,5162.70947265625,1290.67578125,2028.821533203125,1010.4086303710938,5344.7939453125
2021-05-05,5483.94384765625,2644.936279296875,2105.537841796875,2153.3125,2278.008056640625,1764.1424560546875,3744.5107421875,13002.5966796875,4360.43408203125,7345.806640625,5103.8193359375,1268.7255859375,2036.56494140625,1006.0156860351562,5300.62158203125
2021-05-06,5483.94384765625,2657.869873046875,2114.23876953125,2162.79833984375,2270.889404296875,1738.4510498046875,3676.73583984375,12782.7099609375,4190.546875,7324.265625,5143.0791015625,1281.895751953125,2028.821533203125,1006.0156860351562,5355.8359375
2021-05-07,5462.6044921875,2619.06884765625,2070.735595703125,2124.854736328125,2270.889404296875,1738.4510498046875,3608.962646484375,12753.3935546875,4171.67041015625,7281.181640625,5103.8193359375,1281.895751953125,2028.821533203125,1001.6224365234375,5377.92236328125
2021-05-10,5479.67431640625,2619.06884765625,2079.4365234375,2115.368408203125,2256.65234375,1738.4510498046875,3642.849365234375,12753.3935546875,4303.8056640625,7410.43359375,5162.70947265625,1290.67578125,2075.282958984375,1001.6224365234375,5455.2236328125
2021-05-11,5530.8876953125,2580.267578125,2053.334716796875,2096.39697265625,2263.77099609375,1729.88720703125,3541.1884765625,12577.4833984375,4247.17626953125,7345.806640625,5162.70947265625,1268.7255859375,2067.539306640625,1001.6224365234375,5687.12451171875
2021-05-17,5547.9580078125,2522.066162109375,2062.03515625,2086.910888671875,2270.889404296875,1695.632080078125,3507.302001953125,12562.8251953125,4228.2998046875,7108.84619140625,4986.0390625,1281.895751953125,1943.6417236328125,992.8362426757812,5742.34033203125
2021-05-18,5454.06982421875,2522.066162109375,2053.334716796875,2067.939208984375,2263.77099609375,1764.1424560546875,3490.3583984375,12841.34765625,4209.423828125,7151.9296875,5005.6689453125,1273.115478515625,2013.333984375,992.8362426757812,5775.46923828125
2021-05-19,5415.66064453125,2502.666015625,1975.0294189453125,1992.05126953125,2249.533203125,1764.1424560546875,3422.584228515625,12826.6865234375,4115.04150390625,7130.38818359375,5005.6689453125,1268.7255859375,1974.6163330078125,979.656982421875,5642.9541015625
2021-05-20,5445.5341796875,2509.1328125,1966.328857421875,1992.05126953125,2356.31494140625,1901.1630859375,3507.302001953125,12914.6435546875,4247.17626953125,7216.5556640625,5005.6689453125,1281.895751953125,1873.9495849609375,948.905517578125,5609.8251953125
2021-05-21,5428.46337890625,2515.599365234375,2027.23291015625,2020.5091552734375,2327.840087890625,1918.2906494140625,3422.584228515625,12709.416015625,4209.423828125,7173.4716796875,4986.0390625,1290.67578125,1804.2572021484375,944.5123901367188,5620.86767578125
2021-05-24,5398.59033203125,2612.60205078125,2001.13134765625,2011.0230712890625,2320.72119140625,1909.72705078125,3456.4716796875,12430.8916015625,4322.681640625,7065.76220703125,4927.14892578125,1273.115478515625,1757.7957763671875,931.333251953125,5753.3828125
2021-05-25,5424.1953125,2625.53564453125,2053.334716796875,2020.5091552734375,2349.196044921875,1961.109619140625,3439.528076171875,12606.8037109375,4284.92919921875,7044.2197265625,4946.7783203125,1281.895751953125,1804.2572021484375,962.084716796875,5731.29736328125
2021-05-27,5351.646484375,2554.400390625,2001.13134765625,1954.107666015625,2406.146240234375,2046.747802734375,3490.3583984375,12694.7578125,4398.1875,7130.38818359375,4907.51806640625,1246.775146484375,1850.71875,957.691650390625,5720.25390625
2021-05-28,5411.39208984375,2632.002685546875,2018.531982421875,1973.0797119140625,2327.840087890625,2021.05615234375,3490.3583984375,12797.3720703125,4360.43408203125,7001.13623046875,4887.888671875,1264.3353271484375,1904.9237060546875,962.084716796875,5731.29736328125
2021-05-31,5441.2666015625,2754.872314453125,2088.136962890625,2048.967041015625,2448.859130859375,2106.694580078125,3558.132080078125,13222.4833984375,4417.0634765625,7065.76220703125,4986.0390625,1273.115478515625,1897.180419921875,970.8709716796875,5709.2119140625
2021-06-02,5518.083984375,2754.872314453125,2122.93896484375,2105.8828125,2455.977783203125,2209.4599609375,3608.962646484375,13940.77734375,4417.0634765625,7087.30322265625,5064.55908203125,1268.7255859375,1974.6163330078125,1032.3740234375,6250.31640625
2021-06-03,5633.310546875,2819.540771484375,2175.142578125,2181.7705078125,2484.452880859375,2192.33251953125,3625.90625,13867.4814453125,4360.43408203125,7496.60107421875,5241.2294921875,1317.0162353515625,1951.3856201171875,1019.19482421875,6206.14453125
2021-06-04,5616.240234375,2806.60693359375,2131.6396484375,2134.3408203125,2491.571533203125,2183.768310546875,3541.1884765625,13794.185546875,4266.052734375,7281.181640625,5162.70947265625,1303.845947265625,1881.693115234375,1001.6224365234375,6228.23095703125
2021-06-07,5573.564453125,2748.405517578125,2131.6396484375,2096.39697265625,2527.165283203125,2218.0234375,3558.132080078125,13471.6884765625,4247.17626953125,7195.013671875,5162.70947265625,1312.6258544921875,1842.97509765625,975.2639770507812,6073.62890625
2021-06-08,5488.2109375,2716.071533203125,2088.136962890625,2096.39697265625,2491.571533203125,2081.0029296875,3575.075927734375,13735.5517578125,4208.74072265625,7044.2197265625,5005.6689453125,1297.4149169921875,1819.744384765625,962.084716796875,6283.4453125
2021-06-09,5573.564453125,2729.0048828125,2140.340087890625,2134.3408203125,2534.9501953125,2115.25830078125,3608.962646484375,13706.2333984375,4074.214599609375,7022.6787109375,4927.14892578125,1288.46728515625,1904.9237060546875,975.2639770507812,6261.3603515625
2021-06-10,5650.3818359375,2780.73974609375,2157.741455078125,2153.3125,2602.249267578125,2200.89599609375,3659.79345703125,13251.802734375,4074.214599609375,7022.6787109375,4907.51806640625,1288.46728515625,1873.9495849609375,966.477783203125,6228.23095703125
2021-06-11,5522.35107421875,2767.805908203125,2183.84326171875,2153.3125,2594.77197265625,2200.89599609375,3575.075927734375,13471.6884765625,4112.650390625,7044.2197265625,4927.14892578125,1297.4149169921875,1920.4111328125,1006.0156860351562,6581.60546875
2021-06-14,5471.14013671875,2813.073974609375,2183.84326171875,2105.8828125,2549.905517578125,2123.822021484375,3507.302001953125,13193.1640625,4035.7783203125,7022.6787109375,4927.14892578125,1283.993408203125,1866.2060546875,1006.0156860351562,6636.8203125
2021-06-15,5522.35107421875,2735.471923828125,2201.244140625,2096.39697265625,2572.338623046875,2140.94921875,3490.3583984375,12929.302734375,3978.125,7022.6787109375,4907.51806640625,1297.4149169921875,1827.4881591796875,984.0501708984375,6703.078125
2021-06-16,5449.802734375,2593.201171875,2183.84326171875,2039.480712890625,2549.905517578125,2277.970458984375,3490.3583984375,13281.119140625,3997.3427734375,7044.2197265625,4927.14892578125,1275.0457763671875,1796.5137939453125,992.8362426757812,6714.1201171875
2021-06-17,5402.85791015625,2606.135009765625,2157.741455078125,1992.05126953125,2505.0390625,2218.0234375,3456.4716796875,12899.984375,3901.252197265625,7001.13623046875,4907.51806640625,1257.150390625,1804.2572021484375,966.477783203125,6647.86328125
2021-06-18,5398.59033203125,2528.533447265625,2157.741455078125,1874.425537109375,2505.0390625,2209.4599609375,3388.69677734375,13354.4150390625,3766.725830078125,6678.00732421875,4691.587890625,1216.8858642578125,1726.8211669921875,931.333251953125,6449.08984375
2021-06-21,5334.57470703125,2547.93359375,2096.837158203125,1885.80859375,2467.650390625,2312.2255859375,3334.478515625,12665.439453125,3920.470947265625,6828.80078125,4730.84765625,1324.2581787109375,1703.590576171875,913.7608642578125,6360.74560546875
2021-06-22,5411.39208984375,2612.60205078125,2149.040771484375,1878.219970703125,2467.650390625,2380.73583984375,3334.478515625,12680.09765625,3882.03515625,6936.51025390625,4848.6279296875,1270.5718994140625,1750.0521240234375,922.5470581054688,6482.21826171875
2021-06-23,5317.50390625,2547.93359375,2096.837158203125,1840.276123046875,2519.994384765625,2355.044677734375,3341.255126953125,12372.25390625,3835.91162109375,6871.884765625,4730.84765625,1216.8858642578125,1742.308349609375,900.5816040039062,6349.703125
2021-06-24,5300.43408203125,2580.267578125,2079.4365234375,1828.8927001953125,2430.26171875,2337.916748046875,3348.032958984375,12489.5283203125,3812.849365234375,6914.9677734375,4691.587890625,1225.83349609375,1742.308349609375,891.79541015625,6338.6611328125
2021-06-25,5283.36328125,2580.267578125,2053.334716796875,1806.12646484375,2430.26171875,2337.916748046875,3334.478515625,12518.84765625,3843.59814453125,6914.9677734375,4750.4775390625,1212.4119873046875,1781.0264892578125,891.79541015625,6449.08984375
2021-06-28,5168.1357421875,2541.466796875,1983.72998046875,1737.8275146484375,2370.43994140625,2252.27880859375,3192.153076171875,11961.8017578125,3862.816650390625,6871.884765625,4711.21728515625,1230.3072509765625,1734.5648193359375,883.00927734375,6349.703125
2021-06-29,5159.60009765625,2522.066162109375,2009.8319091796875,1737.8275146484375,2362.962158203125,2252.27880859375,3280.259521484375,11873.849609375,3843.59814453125,7108.84619140625,4887.888671875,1230.3072509765625,1719.07763671875,878.6161499023438,6095.71533203125
2021-06-30,5142.52978515625,2547.93359375,2053.334716796875,1756.7994384765625,2355.484375,2286.5341796875,3348.032958984375,11873.849609375,3805.162841796875,7022.6787109375,4848.6279296875,1252.6763916015625,1781.0264892578125,878.6161499023438,6272.40283203125
2021-07-01,5142.52978515625,2547.93359375,2079.4365234375,1783.3602294921875,2325.573486328125,2260.8427734375,3405.640869140625,11917.82421875,4016.560546875,7324.265625,5143.0791015625,1252.6763916015625,1726.8211669921875,883.00927734375,6173.01611328125
2021-07-02,5206.544921875,2580.267578125,2070.735595703125,1832.6871337890625,2295.662841796875,2252.27880859375,3388.69677734375,11961.8017578125,3958.906005859375,7259.6396484375,5162.70947265625,1252.6763916015625,1719.07763671875,922.5470581054688,6305.53125
2021-07-05,5215.0810546875,2522.066162109375,2035.9332275390625,1790.9490966796875,2273.229248046875,2183.768310546875,3348.032958984375,11859.189453125,3805.162841796875,7087.30322265625,5064.55908203125,1243.7288818359375,1734.5648193359375,904.974609375,6184.05810546875
2021-07-06,5168.1357421875,2515.599365234375,2009.8319091796875,1787.1546630859375,2250.796142578125,2218.0234375,3320.923828125,12167.0283203125,3843.59814453125,7238.09765625,5064.55908203125,1225.83349609375,1920.4111328125,944.5123901367188,6835.59375
2021-07-07,5176.67138671875,2470.33154296875,2001.13134765625,1794.7432861328125,2265.751708984375,2226.587646484375,3320.923828125,11947.14453125,3789.7880859375,7281.181640625,5064.55908203125,1212.4119873046875,1904.9237060546875,922.5470581054688,6680.9921875
2021-07-08,5133.9951171875,2502.666015625,2053.334716796875,1806.12646484375,2250.796142578125,2192.33251953125,3307.368896484375,11756.576171875,3735.9775390625,7302.72314453125,5044.92919921875,1185.56884765625,1974.6163330078125,909.3677368164062,6515.3466796875
2021-07-09,5138.26318359375,2457.397705078125,2009.8319091796875,1760.593994140625,2362.962158203125,2226.587646484375,3327.700927734375,11434.078125,3759.039306640625,7367.349609375,5084.189453125,1181.094970703125,2005.5908203125,935.7262573242188,6559.52001953125
2021-07-12,5266.29248046875,2431.53076171875,2018.531982421875,1783.3602294921875,2340.529052734375,2235.151123046875,3334.478515625,11419.416015625,3862.816650390625,7604.31103515625,5182.33935546875,1194.5166015625,1974.6163330078125,931.333251953125,6548.4765625
2021-07-13,5159.60009765625,2444.46435546875,2009.8319091796875,1771.97705078125,2295.662841796875,2089.56689453125,3320.923828125,11155.5537109375,3920.470947265625,7712.0205078125,5201.9697265625,1190.042724609375,1966.872802734375,913.7608642578125,6338.6611328125
2021-07-14,5112.65625,2399.1962890625,1983.72998046875,1737.8275146484375,2288.184814453125,2132.3857421875,3205.707275390625,10906.3505859375,3920.470947265625,7496.60107421875,5201.9697265625,1221.359619140625,2005.5908203125,909.3677368164062,6581.60546875
2021-07-15,5219.3486328125,2463.86474609375,2044.634033203125,1790.9490966796875,2340.529052734375,2123.822021484375,3259.926513671875,11272.8251953125,3958.906005859375,7475.05908203125,5241.2294921875,1221.359619140625,2021.0780029296875,922.5470581054688,6647.86328125
2021-07-16,5215.0810546875,2483.265380859375,2044.634033203125,1825.098388671875,2370.43994140625,2132.3857421875,3307.368896484375,11316.802734375,3958.906005859375,7388.8916015625,5201.9697265625,1243.7288818359375,2028.821533203125,935.7262573242188,6736.20654296875
2021-07-19,5125.45947265625,2444.46435546875,2001.13134765625,1828.8927001953125,2407.82861328125,2115.25830078125,3239.5947265625,11199.5302734375,3901.252197265625,7324.265625,5221.599609375,1243.7288818359375,2044.3087158203125,940.1192626953125,6835.59375
2021-07-21,5129.7275390625,2470.33154296875,2062.03515625,1859.2479248046875,2400.350830078125,2115.25830078125,3300.591064453125,11170.212890625,3939.6884765625,7324.265625,5123.44970703125,1207.9381103515625,1982.35986328125,935.7262573242188,6780.37939453125
2021-07-22,5253.490234375,2522.066162109375,2105.537841796875,1954.107666015625,2437.739501953125,2149.51318359375,3375.142578125,11800.5546875,3862.816650390625,7604.31103515625,5123.44970703125,1212.4119873046875,1990.103515625,988.4431762695312,7266.2685546875
2021-07-23,5151.0654296875,2502.666015625,2079.4365234375,1925.649658203125,2370.43994140625,2098.130615234375,3354.810302734375,11580.6669921875,3689.8544921875,7453.517578125,5084.189453125,1203.464111328125,2028.821533203125,975.2639770507812,7200.01123046875
2021-07-26,5125.45947265625,2476.79833984375,2018.531982421875,1916.1634521484375,2385.3955078125,2063.875244140625,3232.817138671875,11844.529296875,3612.982666015625,7518.1435546875,5103.8193359375,1203.464111328125,2036.56494140625,984.0501708984375,7078.53857421875
2021-07-27,5125.45947265625,2457.397705078125,2027.23291015625,1906.677734375,2445.217041015625,2081.0029296875,3226.040283203125,11727.2587890625,3459.238525390625,7324.265625,5162.70947265625,1198.990234375,1959.129150390625,979.656982421875,7067.49609375
2021-07-28,5104.12158203125,2412.130126953125,2053.334716796875,1882.014404296875,2385.3955078125,2055.311279296875,3192.153076171875,11595.3251953125,3420.802734375,7324.265625,5103.8193359375,1176.62109375,1951.3856201171875,970.8709716796875,7398.78515625
2021-07-29,5155.3330078125,2437.997314453125,2001.13134765625,1870.6309814453125,2415.306396484375,2175.204833984375,3151.488037109375,11580.6669921875,3328.55615234375,7195.013671875,5005.6689453125,1158.725830078125,2005.5908203125,984.0501708984375,7531.30029296875
2021-07-30,5095.58642578125,2399.1962890625,1983.72998046875,1813.7152099609375,2422.7841796875,2303.661376953125,3198.93017578125,11463.3935546875,3243.9970703125,7001.13623046875,4770.10791015625,1127.408935546875,1951.3856201171875,979.656982421875,7487.1279296875
2021-08-02,5087.05126953125,2418.596923828125,1975.0294189453125,1828.8927001953125,2475.128173828125,2269.40673828125,3266.7041015625,11316.802734375,3382.366455078125,7001.13623046875,4848.6279296875,1167.6734619140625,1943.6417236328125,984.0501708984375,7487.1279296875
2021-08-03,5244.9541015625,2425.063720703125,2009.8319091796875,1878.219970703125,2490.083740234375,2277.970458984375,3348.032958984375,11228.84765625,3366.99169921875,7087.30322265625,4809.36865234375,1176.62109375,1912.66748046875,975.2639770507812,7476.08544921875
2021-08-04,5223.61572265625,2489.732177734375,2027.23291015625,1916.1634521484375,2519.994384765625,2286.5341796875,3320.923828125,11096.91796875,3328.55615234375,7044.2197265625,4848.6279296875,1167.6734619140625,1873.9495849609375,992.8362426757812,7398.78515625
2021-08-05,5377.25146484375,2619.06884765625,2105.537841796875,1973.0797119140625,2497.5615234375,2235.151123046875,3314.145751953125,11082.2587890625,3413.115478515625,7022.6787109375,4868.25830078125,1158.725830078125,1835.2314453125,962.084716796875,7122.7099609375
2021-08-06,5257.75634765625,2541.466796875,2079.4365234375,1944.6212158203125,2482.60546875,2218.0234375,3348.032958984375,11082.2587890625,3397.74072265625,7130.38818359375,4887.888671875,1136.3565673828125,1804.2572021484375,975.2639770507812,7144.79638671875
2021-08-09,5291.8974609375,2489.732177734375,2018.531982421875,1889.602783203125,2430.26171875,2192.33251953125,3293.813720703125,10964.9853515625,3313.181640625,7022.6787109375,4828.99853515625,1109.5135498046875,1750.0521240234375,970.8709716796875,7310.44140625
2021-08-10,5377.25146484375,2470.33154296875,2018.531982421875,1893.397216796875,2415.306396484375,2175.204833984375,3327.700927734375,11140.8955078125,3267.05908203125,6936.51025390625,4809.36865234375,1167.6734619140625,1812.000732421875,988.4431762695312,7553.38623046875
2021-08-12,5377.25146484375,2463.86474609375,2062.03515625,1925.649658203125,2505.0390625,2235.151123046875,3348.032958984375,12137.712890625,3236.310302734375,6958.052734375,4868.25830078125,1154.251953125,1858.462158203125,1041.1602783203125,7641.72998046875
2021-08-13,5471.14013671875,2502.666015625,2088.136962890625,1935.1356201171875,2467.650390625,2200.89599609375,3405.640869140625,12108.392578125,3267.05908203125,7065.76220703125,4887.888671875,1163.19970703125,1842.97509765625,1027.9808349609375,7553.38623046875
2021-08-16,5479.67431640625,2541.466796875,2079.4365234375,1954.107666015625,2497.5615234375,2218.0234375,3439.528076171875,11829.87109375,3190.186767578125,7108.84619140625,4986.0390625,1163.19970703125,1850.71875,1023.5878295898438,7663.81640625
2021-08-18,5633.310546875,2632.002685546875,2105.537841796875,2058.453125,2557.38330078125,2295.097900390625,3541.1884765625,11566.0068359375,3251.684326171875,7195.013671875,5025.298828125,1172.1474609375,1858.462158203125,988.4431762695312,7244.18310546875
2021-08-19,5633.310546875,2509.1328125,2035.9332275390625,2011.0230712890625,2534.9501953125,2226.587646484375,3490.3583984375,11316.802734375,3159.438232421875,7022.6787109375,4907.51806640625,1118.4613037109375,1757.7957763671875,944.5123901367188,7067.49609375
2021-08-20,5633.310546875,2541.466796875,2053.334716796875,2058.453125,2542.427734375,2312.2255859375,3456.4716796875,11140.8955078125,3128.68896484375,7022.6787109375,4848.6279296875,1158.725830078125,1765.5391845703125,926.9400024414062,6979.15185546875
2021-08-23,5624.7763671875,2560.867431640625,2079.4365234375,2029.9951171875,2572.338623046875,2337.916748046875,3456.4716796875,11155.5537109375,3121.002197265625,7087.30322265625,4887.888671875,1163.19970703125,1773.28271484375,922.5470581054688,7089.58154296875
2021-08-24,5633.310546875,2515.599365234375,2027.23291015625,2020.5091552734375,2542.427734375,2260.8427734375,3439.528076171875,11038.2822265625,3136.376220703125,7065.76220703125,4946.7783203125,1158.725830078125,1757.7957763671875,913.7608642578125,6758.29345703125
2021-08-25,5633.310546875,2515.599365234375,2070.735595703125,1992.05126953125,2519.994384765625,2295.097900390625,3490.3583984375,11214.1904296875,3205.56103515625,7087.30322265625,4966.40869140625,1198.990234375,1781.0264892578125,918.1538696289062,6802.46484375
2021-08-26,5599.169921875,2502.666015625,2027.23291015625,1982.5655517578125,2512.516845703125,2277.970458984375,3456.4716796875,11302.1455078125,3144.063720703125,7087.30322265625,4927.14892578125,1203.464111328125,1757.7957763671875,922.5470581054688,6824.55078125
2021-08-27,5556.49267578125,2483.265380859375,2018.531982421875,2011.0230712890625,2482.60546875,2269.40673828125,3422.584228515625,11419.416015625,3097.940673828125,7151.9296875,5044.92919921875,1221.359619140625,1750.0521240234375,913.7608642578125,6736.20654296875
2021-08-30,5603.4375,2547.93359375,2070.735595703125,2048.967041015625,2542.427734375,2286.5341796875,3575.075927734375,11727.2587890625,3174.8125,7410.43359375,5123.44970703125,1248.20263671875,1788.7698974609375,926.9400024414062,6979.15185546875
2021-08-31,5590.63427734375,2541.466796875,2122.93896484375,2048.967041015625,2542.427734375,2286.5341796875,3541.1884765625,11771.2333984375,3113.31494140625,7259.6396484375,4848.6279296875,1203.464111328125,1850.71875,926.9400024414062,7067.49609375
2021-09-01,5603.4375,2515.599365234375,2088.136962890625,2020.5091552734375,2497.5615234375,2286.5341796875,3507.302001953125,11756.576171875,3151.7509765625,7238.09765625,4986.0390625,1221.359619140625,1850.71875,957.691650390625,7177.92431640625
2021-09-02,5582.09912109375,2502.666015625,2105.537841796875,1992.05126953125,2519.994384765625,2295.097900390625,3558.132080078125,11917.82421875,3190.186767578125,7281.181640625,5064.55908203125,1239.255126953125,1796.5137939453125,962.084716796875,7310.44140625
2021-09-03,5633.310546875,2541.466796875,2131.6396484375,2067.939208984375,2534.9501953125,2277.970458984375,3625.90625,12533.5048828125,3259.371337890625,7302.72314453125,5123.44970703125,1288.46728515625,1819.744384765625,1006.0156860351562,7476.08544921875
2021-09-06,5611.97265625,2489.732177734375,2157.741455078125,2067.939208984375,2534.9501953125,2260.8427734375,3676.73583984375,12753.3935546875,3267.05908203125,7345.806640625,5084.189453125,1324.2581787109375,1842.97509765625,1014.8016357421875,7453.9990234375
2021-09-07,5607.705078125,2528.533447265625,2175.142578125,2048.967041015625,2527.47216796875,2260.8427734375,3625.90625,12636.12109375,3267.05908203125,7447.4638671875,5127.67138671875,1306.3626708984375,1819.744384765625,1001.6224365234375,7498.1708984375
2021-09-08,5496.74658203125,2653.388916015625,2175.142578125,2020.5091552734375,2490.083740234375,2235.151123046875,3558.132080078125,12254.984375,3151.7509765625,7447.4638671875,5066.13916015625,1306.3626708984375,1796.5137939453125,1010.4086303710938,7641.72998046875
2021-09-09,5607.705078125,2653.388916015625,2209.94482421875,2048.967041015625,2534.9501953125,2269.40673828125,3693.68017578125,12782.7099609375,3151.7509765625,7535.86083984375,5148.1826171875,1333.205810546875,1889.4366455078125,1027.9808349609375,7641.72998046875
2021-09-10,5565.02880859375,2688.956787109375,2157.741455078125,2067.939208984375,2490.083740234375,2303.661376953125,3676.73583984375,12445.5517578125,3136.376220703125,7513.76220703125,5107.16162109375,1315.310302734375,2005.5908203125,1032.3740234375,7564.43017578125
2021-09-13,5594.90283203125,2632.0478515625,2140.340087890625,2048.967041015625,2505.0390625,2320.7890625,3693.68017578125,12240.32421875,3105.627685546875,7447.4638671875,5107.16162109375,1315.310302734375,1951.3856201171875,1023.5878295898438,7707.98779296875
2021-09-14,5586.36669921875,2632.0478515625,2122.93896484375,2048.967041015625,2572.338623046875,2526.3203125,3744.5107421875,12548.1640625,3113.31494140625,7469.5634765625,5066.13916015625,1324.2581787109375,1912.66748046875,1041.1602783203125,7851.54638671875
2021-09-15,5543.6904296875,2603.593505859375,2131.6396484375,2029.9951171875,2579.81640625,2569.13916015625,3659.79345703125,12694.7578125,3105.627685546875,7403.26513671875,5127.67138671875,1333.205810546875,1928.1544189453125,1058.7325439453125,7950.93408203125
2021-09-16,5547.9580078125,2589.3662109375,2140.340087890625,2001.537353515625,2572.338623046875,2543.447998046875,3642.849365234375,12694.7578125,3082.566162109375,7270.6689453125,5086.650390625,1288.46728515625,1866.2060546875,1058.7325439453125,8061.36083984375
2021-09-17,5565.02880859375,2568.025146484375,2105.537841796875,2011.0230712890625,2639.63818359375,2569.13916015625,3676.73583984375,12020.4384765625,3036.44287109375,7204.37255859375,5086.650390625,1297.4149169921875,1858.462158203125,1019.19482421875,7873.630859375
2021-09-20,5620.5087890625,2553.798095703125,2096.837158203125,1954.107666015625,2632.16064453125,2552.011962890625,3592.019775390625,12064.4150390625,2982.63232421875,7182.2724609375,5045.62939453125,1279.5196533203125,1819.744384765625,1006.0156860351562,7796.3310546875
2021-09-21,5539.4228515625,2539.570556640625,2079.4365234375,1944.6212158203125,2639.63818359375,2586.26708984375,3541.1884765625,12079.07421875,2951.883056640625,7336.96728515625,5045.62939453125,1257.150390625,1827.4881591796875,1001.6224365234375,7818.41650390625
2021-09-22,5594.90283203125,2568.025146484375,2114.23876953125,1954.107666015625,2684.50439453125,2560.57568359375,3575.075927734375,12240.32421875,3105.627685546875,7248.5703125,5086.650390625,1270.5718994140625,1812.000732421875,1032.3740234375,8017.1904296875
2021-09-23,5616.240234375,2681.84326171875,2114.23876953125,1944.6212158203125,2662.0712890625,2552.011962890625,3490.3583984375,12357.595703125,3113.31494140625,7292.7685546875,5045.62939453125,1248.20263671875,1773.28271484375,1063.1256103515625,8271.1787109375
2021-09-24,5620.5087890625,2717.411865234375,2079.4365234375,1935.1356201171875,2662.0712890625,2526.3203125,3490.3583984375,12943.9609375,3051.8173828125,7336.96728515625,5045.62939453125,1252.6763916015625,1773.28271484375,1076.3048095703125,8149.705078125
2021-09-27,5616.240234375,2667.6162109375,2053.334716796875,1925.649658203125,2632.16064453125,2474.937744140625,3507.302001953125,13413.05078125,2967.258056640625,7381.166015625,5004.60791015625,1252.6763916015625,1773.28271484375,1080.6978759765625,8182.83544921875
2021-09-28,5565.02880859375,2646.275146484375,2070.735595703125,1916.1634521484375,2639.63818359375,2517.756591796875,3439.528076171875,14072.70703125,2936.50927734375,7270.6689453125,5045.62939453125,1234.7811279296875,1757.7957763671875,1155.3802490234375,8701.853515625
2021-09-29,5616.240234375,2660.50244140625,2088.136962890625,1982.5655517578125,2639.63818359375,2517.756591796875,3608.962646484375,14952.2529296875,3013.381591796875,7270.6689453125,5045.62939453125,1261.624267578125,1788.7698974609375,1159.7733154296875,8624.5537109375
2021-09-30,5974.724609375,2738.7529296875,2140.340087890625,2039.480712890625,2759.28173828125,2603.39453125,3727.567138671875,15245.4345703125,3036.44287109375,7381.166015625,5209.71484375,1279.5196533203125,1773.28271484375,1212.490478515625,9187.7451171875
2021-10-01,5769.8759765625,2774.32080078125,2122.93896484375,2029.9951171875,2736.8486328125,2569.13916015625,3693.68017578125,15245.4345703125,2967.258056640625,7359.06689453125,5127.67138671875,1252.6763916015625,1719.07763671875,1194.9180908203125,9353.388671875
2021-10-04,5940.58203125,2824.1162109375,2253.447509765625,2162.79833984375,2744.326416015625,2577.703369140625,3778.397705078125,15890.435546875,3059.50439453125,7646.35791015625,5271.24658203125,1234.7811279296875,1788.7698974609375,1269.6004638671875,10855.232421875
2021-10-05,5927.779296875,2795.661376953125,2236.046630859375,2162.79833984375,2744.326416015625,2500.62890625,3761.45361328125,15304.0703125,3190.186767578125,7801.052734375,5332.77880859375,1225.83349609375,1781.0264892578125,1247.635009765625,10965.6611328125
2021-10-06,6128.359375,2930.82080078125,2296.95068359375,2276.6298828125,2811.625732421875,2466.373779296875,4049.493408203125,15553.2763671875,3282.432861328125,7823.15283203125,5414.8212890625,1225.83349609375,1781.0264892578125,1247.635009765625,11330.0791015625
2021-10-07,6111.28955078125,2930.82080078125,2331.7529296875,2267.14404296875,2781.715087890625,2457.81005859375,3863.11474609375,15381.0537109375,3712.916015625,7823.15283203125,5496.86376953125,1225.83349609375,1804.2572021484375,1177.3458251953125,10546.0302734375
2021-10-08,6222.248046875,2959.275634765625,2401.35693359375,2333.5458984375,2841.536865234375,2569.13916015625,4030.482177734375,15514.6748046875,3659.10595703125,7867.35107421875,5496.86376953125,1234.7811279296875,1812.000732421875,1221.2764892578125,10976.7041015625
2021-10-11,6192.37451171875,2973.502685546875,2401.35693359375,2428.405517578125,2849.0146484375,2740.415283203125,3945.09130859375,15648.294921875,3712.916015625,7823.15283203125,5435.33203125,1216.8858642578125,1873.9495849609375,1247.635009765625,11815.9697265625
2021-10-12,6247.8544921875,3001.957763671875,2436.15966796875,2428.405517578125,2826.581298828125,2766.106689453125,4013.403564453125,15603.75390625,3789.7880859375,7845.25244140625,5476.35302734375,1225.83349609375,1835.2314453125,1243.241943359375,11672.4111328125
2021-10-13,6422.82861328125,3044.6396484375,2470.961669921875,2532.7509765625,2819.103515625,2697.59619140625,4286.65673828125,15574.0595703125,4035.7783203125,7911.548828125,5558.396484375,1239.255126953125,1812.000732421875,1225.669677734375,11595.109375
2021-10-14,6614.87255859375,3023.29833984375,2497.0634765625,2608.638427734375,2863.969970703125,2714.72412109375,4252.5009765625,15262.283203125,4093.432861328125,8243.0390625,5619.92822265625,1283.993408203125,1873.9495849609375,1238.848876953125,11285.908203125
2021-10-15,6529.5205078125,3073.09375,2488.36279296875,2561.208740234375,2849.0146484375,2697.59619140625,4269.5791015625,15143.509765625,4016.560546875,8198.83984375,5558.396484375,1292.941162109375,1912.66748046875,1243.241943359375,11484.6806640625
2021-10-18,6422.82861328125,3137.11669921875,2497.0634765625,2684.526123046875,2834.059326171875,2646.213623046875,4252.5009765625,15618.6015625,3920.470947265625,8220.9404296875,5558.396484375,1288.46728515625,1943.6417236328125,1256.4210205078125,11341.12109375
2021-10-19,6401.4892578125,3130.0029296875,2505.763916015625,2741.442138671875,2796.67041015625,2637.64990234375,4337.89208984375,15232.58984375,3939.6884765625,8220.9404296875,5599.41796875,1297.4149169921875,1959.129150390625,1238.848876953125,11230.6923828125
2021-10-21,6316.13671875,3101.548583984375,2497.0634765625,2779.385986328125,2878.92529296875,2637.64990234375,4201.26611328125,14668.4189453125,3843.59814453125,8154.64111328125,5496.86376953125,1333.205810546875,1897.180419921875,1194.9180908203125,10700.6298828125
2021-10-22,6422.82861328125,3130.0029296875,2505.763916015625,2826.8154296875,2893.881103515625,2663.34130859375,4218.3447265625,14074.556640625,3728.2900390625,8044.14501953125,5455.8427734375,1301.8887939453125,1881.693115234375,1172.9525146484375,10512.8984375
2021-10-25,6422.82861328125,3058.866455078125,2479.662841796875,2788.871826171875,2826.581298828125,2637.64990234375,4132.95263671875,14252.7138671875,3520.736083984375,8044.14501953125,5455.8427734375,1310.8365478515625,1873.9495849609375,1203.7041015625,10976.7041015625
2021-10-26,6422.82861328125,3094.4345703125,2497.0634765625,2760.41357421875,2841.536865234375,2637.64990234375,4201.26611328125,14549.6455078125,3566.859375,8044.14501953125,5476.35302734375,1377.9443359375,1858.462158203125,1230.0626220703125,11131.3046875
2021-10-27,6358.81298828125,3051.752685546875,2488.36279296875,2684.526123046875,2834.059326171875,2629.086181640625,4098.79541015625,14549.6455078125,3489.9873046875,7823.15283203125,5312.26806640625,1431.63037109375,1819.744384765625,1221.2764892578125,10667.5029296875
2021-10-28,6294.798828125,3016.1845703125,2444.860107421875,2675.040283203125,2804.148193359375,2586.26708984375,4098.79541015625,13658.8515625,3413.115478515625,7778.953125,5250.73583984375,1422.6826171875,1796.5137939453125,1159.7733154296875,9927.623046875
2021-10-29,6380.15185546875,3023.29833984375,2497.0634765625,2656.068359375,2841.536865234375,2637.64990234375,4115.87451171875,13985.4755859375,3397.74072265625,7778.953125,5209.71484375,1431.63037109375,1812.000732421875,1177.3458251953125,9541.119140625
2021-11-01,6316.13671875,3009.070556640625,2497.0634765625,2599.152587890625,2766.759765625,2569.13916015625,4115.87451171875,14015.169921875,3397.74072265625,7778.953125,5148.1826171875,1422.6826171875,1804.2572021484375,1172.9525146484375,9828.236328125
2021-11-02,6230.783203125,2994.843505859375,2444.860107421875,2580.1806640625,2736.8486328125,2526.3203125,4030.482177734375,13658.8515625,3436.177490234375,7823.15283203125,5148.1826171875,1449.5257568359375,1788.7698974609375,1142.201171875,9507.9912109375
2021-11-03,6273.4599609375,3051.752685546875,2479.662841796875,2665.554443359375,2781.715087890625,2577.703369140625,4081.7177734375,13257.9951171875,3420.802734375,7756.8544921875,5127.67138671875,1462.947265625,1796.5137939453125,1159.7733154296875,9850.322265625
2021-11-04,6294.798828125,3023.29833984375,2497.0634765625,2656.068359375,2819.103515625,2543.447998046875,4081.7177734375,13302.53515625,3420.802734375,7778.953125,5148.1826171875,1458.4732666015625,1842.97509765625,1177.3458251953125,9894.4931640625
2021-11-05,6358.81298828125,3016.1845703125,2470.961669921875,2637.096435546875,2819.103515625,2560.57568359375,4047.561279296875,13302.53515625,3405.428466796875,7778.953125,5127.67138671875,1458.4732666015625,1827.4881591796875,1164.1666259765625,9861.36328125
2021-11-08,6465.50537109375,3009.070556640625,2436.15966796875,2675.040283203125,2804.148193359375,2560.57568359375,4047.561279296875,13747.9306640625,3428.490234375,7867.35107421875,5148.1826171875,1449.5257568359375,1835.2314453125,1177.3458251953125,9993.8818359375
2021-11-09,6550.85791015625,3023.29833984375,2392.65673828125,2675.040283203125,2774.237060546875,2603.39453125,3996.326171875,13688.5458984375,3405.428466796875,7889.44873046875,5209.71484375,1449.5257568359375,1812.000732421875,1177.3458251953125,10015.9658203125
2021-11-10,6529.5205078125,3023.29833984375,2488.36279296875,2684.526123046875,2766.759765625,2594.8310546875,4218.3447265625,13391.6123046875,3359.30517578125,7867.35107421875,5148.1826171875,1453.99951171875,1812.000732421875,1177.3458251953125,9839.2783203125
2021-11-11,6550.85791015625,3023.29833984375,2514.46484375,2665.554443359375,2729.370849609375,2569.13916015625,4218.3447265625,13287.6875,3582.234130859375,7823.15283203125,5189.20361328125,1422.6826171875,1835.2314453125,1177.3458251953125,10081.3232421875
2021-11-12,6422.82861328125,3001.957763671875,2470.961669921875,2618.12451171875,2691.982177734375,2569.13916015625,4201.26611328125,13540.078125,3536.110107421875,7911.548828125,5209.71484375,1440.5780029296875,1858.462158203125,1168.5594482421875,9707.5087890625
2021-11-15,6401.4892578125,2959.275634765625,2453.56103515625,2580.1806640625,2691.982177734375,2517.756591796875,4184.18701171875,13228.3017578125,3466.92578125,7889.44873046875,5168.69287109375,1427.1566162109375,1850.71875,1102.663330078125,9029.9697265625
2021-11-16,6380.15185546875,2937.93505859375,2514.46484375,2608.638427734375,2744.326416015625,2500.62890625,4218.3447265625,13317.380859375,3513.048828125,7801.052734375,5168.69287109375,1449.5257568359375,1842.97509765625,1102.663330078125,8924.8359375
2021-11-17,6487.20166015625,2987.730224609375,2514.46484375,2656.068359375,2714.41552734375,2509.19287109375,4269.5791015625,13644.005859375,3459.238525390625,7823.15283203125,5168.69287109375,1445.052001953125,1819.744384765625,1120.235595703125,9322.01171875
2021-11-18,6337.33203125,2973.502685546875,2497.0634765625,2627.61083984375,2714.41552734375,2449.246337890625,4235.4228515625,13525.2314453125,3443.8642578125,8022.044921875,5373.7998046875,1445.052001953125,1804.2572021484375,1115.8426513671875,9111.7421875
2021-11-19,6358.74169921875,3044.6396484375,2523.16552734375,2665.554443359375,2916.31396484375,2552.011962890625,4252.5009765625,13465.845703125,3582.234130859375,7977.84765625,5373.7998046875,1427.1566162109375,1850.71875,1150.9871826171875,9427.1474609375
2021-11-22,6401.56201171875,3044.6396484375,2557.968017578125,2722.469970703125,2841.536865234375,2534.88427734375,4235.4228515625,13658.8515625,3720.603271484375,8022.044921875,5435.33203125,1431.63037109375,1835.2314453125,1142.201171875,9345.375
2021-11-23,6401.56201171875,2994.843505859375,2488.36279296875,2656.068359375,2841.536865234375,2517.756591796875,4269.5791015625,13450.998046875,3751.3515625,7911.548828125,5414.8212890625,1440.5780029296875,1858.462158203125,1159.7733154296875,9836.0078125
2021-11-24,6401.56201171875,2994.843505859375,2488.36279296875,2684.526123046875,2841.536865234375,2543.447998046875,4252.5009765625,13332.2275390625,3720.603271484375,7955.748046875,5373.7998046875,1440.5780029296875,1889.4366455078125,1168.5594482421875,9847.6904296875
2021-11-25,6358.74169921875,3001.957763671875,2557.968017578125,2722.469970703125,2991.091552734375,2577.703369140625,4252.5009765625,13569.7705078125,3705.228759765625,7911.548828125,5312.26806640625,1449.5257568359375,1889.4366455078125,1186.1318359375,10069.642578125
2021-11-26,6230.2822265625,2959.275634765625,2470.961669921875,2608.638427734375,2998.5693359375,2526.3203125,4030.482177734375,12946.21484375,3620.669677734375,7845.25244140625,5209.71484375,1422.6826171875,1812.000732421875,1142.201171875,9543.962890625
2021-11-29,6337.33203125,2966.388916015625,2497.0634765625,2637.096435546875,3095.779541015625,2569.13916015625,4081.7177734375,12961.0625,3559.171630859375,7845.25244140625,5332.77880859375,1436.1041259765625,1804.2572021484375,1168.5594482421875,9754.236328125
2021-11-30,6230.2822265625,2909.480224609375,2436.15966796875,2580.1806640625,2983.613525390625,2629.086181640625,3945.09130859375,12678.978515625,3493.666015625,7469.5634765625,5168.69287109375,1431.63037109375,1781.0264892578125,1142.201171875,10069.642578125
2021-12-01,6251.69140625,2902.366455078125,2462.261474609375,2523.26513671875,3050.91357421875,2629.086181640625,3859.699462890625,13079.833984375,3361.093505859375,7889.44873046875,5353.28955078125,1422.6826171875,1757.7957763671875,1142.201171875,9765.9169921875
2021-12-02,6422.970703125,2987.730224609375,2505.763916015625,2589.66650390625,3110.73486328125,2697.59619140625,3996.326171875,13792.4697265625,3345.4970703125,7823.15283203125,5312.26806640625,1445.052001953125,1812.000732421875,1203.7041015625,10221.5048828125
2021-12-03,6315.92236328125,2966.388916015625,2488.36279296875,2551.72314453125,3043.435546875,2689.032470703125,3928.0126953125,13480.6923828125,3290.908447265625,7690.556640625,5291.75732421875,1440.5780029296875,1812.000732421875,1190.5250244140625,10069.642578125
2021-12-06,6294.51171875,2923.70751953125,2497.0634765625,2599.152587890625,3118.212890625,2671.905029296875,3859.699462890625,13332.2275390625,3275.31201171875,7734.755859375,5271.24658203125,1413.73486328125,1796.5137939453125,1208.09716796875,10046.279296875
2021-12-07,6294.51171875,3009.070556640625,2540.566650390625,2675.040283203125,3103.25732421875,2671.905029296875,4047.561279296875,13658.8515625,3329.900146484375,7734.755859375,5209.71484375,1445.052001953125,1812.000732421875,1208.09716796875,9812.64453125
2021-12-08,6358.74169921875,2994.843505859375,2488.36279296875,2599.152587890625,3058.390869140625,2671.905029296875,3962.1689453125,13272.8408203125,3329.900146484375,7756.8544921875,5230.22509765625,1427.1566162109375,1804.2572021484375,1194.9180908203125,9730.8720703125
2021-12-09,6294.51171875,2980.616455078125,2557.968017578125,2589.66650390625,3103.25732421875,2663.34130859375,4098.79541015625,13257.9951171875,3407.884033203125,7911.548828125,5373.7998046875,1440.5780029296875,1804.2572021484375,1194.9180908203125,9695.8271484375
2021-12-10,6315.92236328125,2937.93505859375,2505.763916015625,2570.69482421875,3103.25732421875,2671.905029296875,4047.561279296875,13658.8515625,3454.67431640625,7823.15283203125,5435.33203125,1440.5780029296875,1796.5137939453125,1203.7041015625,9392.1025390625
2021-12-13,6251.69140625,2959.275634765625,2479.662841796875,2599.152587890625,3050.91357421875,2714.72412109375,4030.482177734375,13079.833984375,3415.681884765625,7734.755859375,5373.7998046875,1436.1041259765625,1796.5137939453125,1190.5250244140625,9450.5126953125
2021-12-14,6251.69140625,2937.93505859375,2497.0634765625,2608.638427734375,3065.86865234375,2731.851318359375,4013.403564453125,13064.9873046875,3345.4970703125,7690.556640625,5291.75732421875,1440.5780029296875,1773.28271484375,1199.3111572265625,9497.23828125
2021-12-15,6251.69140625,2987.730224609375,2531.86572265625,2608.638427734375,3050.91357421875,2680.46875,4098.79541015625,12886.830078125,3329.900146484375,7778.953125,5332.77880859375,1445.052001953125,1765.5391845703125,1186.1318359375,9497.23828125
2021-12-16,6230.2822265625,2945.048095703125,2523.16552734375,2561.208740234375,3065.86865234375,2714.72412109375,3962.1689453125,12961.0625,3283.110595703125,7734.755859375,5271.24658203125,1453.99951171875,1773.28271484375,1177.3458251953125,9345.375
2021-12-17,6422.970703125,2923.70751953125,2488.36279296875,2561.208740234375,3065.86865234375,2766.106689453125,3962.1689453125,12901.677734375,3236.320068359375,7778.953125,5312.26806640625,1440.5780029296875,1742.308349609375,1199.3111572265625,9660.7822265625
2021-12-20,6315.92236328125,2930.82080078125,2462.261474609375,2551.72314453125,3050.91357421875,2723.287841796875,3876.77734375,12649.2841796875,3228.521728515625,7801.052734375,5230.22509765625,1445.052001953125,1719.07763671875,1164.1666259765625,9357.0576171875
2021-12-21,6315.92236328125,2902.366455078125,2488.36279296875,2542.23681640625,3110.73486328125,2714.72412109375,3859.699462890625,13079.833984375,3181.7314453125,7734.755859375,5230.22509765625,1436.1041259765625,1750.0521240234375,1181.73876953125,9532.2841796875
2021-12-22,6273.10205078125,2881.02587890625,2453.56103515625,2513.77880859375,3073.346435546875,2689.032470703125,3842.62060546875,12946.21484375,3166.135009765625,7668.45703125,5168.69287109375,1404.7872314453125,1742.308349609375,1186.1318359375,9415.4658203125
2021-12-23,6251.69140625,2916.59375,2462.261474609375,2523.26513671875,3110.73486328125,2646.213623046875,3910.93408203125,13198.607421875,3181.7314453125,7756.8544921875,5230.22509765625,1422.6826171875,1734.5648193359375,1186.1318359375,9368.7392578125
2021-12-24,6251.69140625,2895.2529296875,2453.56103515625,2551.72314453125,3073.346435546875,2637.64990234375,3876.77734375,13154.0673828125,3275.31201171875,7712.65625,5250.73583984375,1409.2611083984375,1765.5391845703125,1190.5250244140625,9392.1025390625
2021-12-27,6294.51171875,2888.13916015625,2436.15966796875,2561.208740234375,3050.91357421875,2646.213623046875,3876.77734375,13079.833984375,3283.110595703125,7646.35791015625,5230.22509765625,1440.5780029296875,1781.0264892578125,1186.1318359375,9415.4658203125
2021-12-28,6294.51171875,2909.480224609375,2453.56103515625,2542.23681640625,3058.390869140625,2629.086181640625,3910.93408203125,13629.16015625,3259.71533203125,7690.556640625,5189.20361328125,1436.1041259765625,1750.0521240234375,1230.0626220703125,9987.8701171875
2021-12-29,6251.69140625,2902.366455078125,2470.961669921875,2551.72314453125,3050.91357421875,2680.46875,3928.0126953125,13540.078125,3212.925048828125,7668.45703125,5250.73583984375,1445.052001953125,1757.7957763671875,1225.669677734375,9871.0537109375
2021-12-30,6251.69140625,2923.70751953125,2444.860107421875,2561.208740234375,3021.001953125,2714.72412109375,3893.855712890625,13154.0673828125,3205.126953125,7690.556640625,5189.20361328125,1445.052001953125,1742.308349609375,1190.5250244140625,9532.2841796875
2022-01-03,6273.10205078125,2973.502685546875,2453.56103515625,2551.72314453125,3125.690673828125,2706.160400390625,3910.93408203125,12961.0625,3298.70703125,7624.25830078125,5127.67138671875,1449.5257568359375,1812.000732421875,1172.9525146484375,9170.1494140625
2022-01-04,6337.33203125,2959.275634765625,2497.0634765625,2665.554443359375,3118.212890625,2689.032470703125,3945.09130859375,13020.447265625,3314.303955078125,7756.8544921875,5148.1826171875,1449.5257568359375,1781.0264892578125,1186.1318359375,9310.3310546875
2022-01-05,6380.1513671875,2994.843505859375,2444.860107421875,2637.096435546875,3028.47998046875,2646.213623046875,3808.464111328125,13035.294921875,3283.110595703125,7801.052734375,5107.16162109375,1453.99951171875,1757.7957763671875,1199.3111572265625,9368.7392578125
2022-01-06,6401.56201171875,2959.275634765625,2444.860107421875,2637.096435546875,3080.82421875,2543.447998046875,3876.77734375,12901.677734375,3298.70703125,7823.15283203125,5168.69287109375,1449.5257568359375,1726.8211669921875,1186.1318359375,9170.1494140625
2022-01-07,6551.43115234375,2980.616455078125,2453.56103515625,2684.526123046875,3118.212890625,2586.26708984375,3893.855712890625,13168.9150390625,3290.908447265625,7845.25244140625,5271.24658203125,1480.842529296875,1726.8211669921875,1225.669677734375,9357.0576171875
2022-01-10,6508.611328125,2973.502685546875,2453.56103515625,2675.040283203125,3065.86865234375,2569.13916015625,3859.699462890625,12946.21484375,3314.303955078125,7823.15283203125,5250.73583984375,1516.6334228515625,1719.07763671875,1221.2764892578125,9368.7392578125
2022-01-11,6594.25048828125,2952.161865234375,2453.56103515625,2665.554443359375,3058.390869140625,2509.19287109375,3893.855712890625,12916.5224609375,3259.71533203125,7690.556640625,5353.28955078125,1498.7381591796875,1610.66748046875,1243.241943359375,9427.1474609375
2022-01-12,6594.25048828125,2959.275634765625,2488.36279296875,2675.040283203125,3073.346435546875,2526.3203125,3910.93408203125,13124.375,3376.6904296875,7734.755859375,5414.8212890625,1521.1072998046875,1498.38525390625,1212.490478515625,9427.1474609375
2022-01-13,6594.25048828125,2980.616455078125,2479.662841796875,2665.554443359375,3125.690673828125,2586.26708984375,3945.09130859375,13465.845703125,3329.900146484375,7756.8544921875,5414.8212890625,1521.1072998046875,1521.615966796875,1234.4556884765625,9625.736328125
2022-01-14,6722.71044921875,2973.502685546875,2497.0634765625,2694.012451171875,3133.168212890625,2646.213623046875,3910.93408203125,13970.630859375,3290.908447265625,7734.755859375,5332.77880859375,1516.6334228515625,1510.0006103515625,1243.241943359375,9672.4638671875
2022-01-17,6637.0703125,2994.843505859375,2505.763916015625,2731.956298828125,3125.690673828125,2611.95849609375,3876.77734375,13955.78515625,3236.320068359375,7756.8544921875,5312.26806640625,1525.5809326171875,1436.4365234375,1234.4556884765625,9871.0537109375
2022-01-18,6572.8408203125,2980.616455078125,2523.16552734375,2684.526123046875,3178.03466796875,2560.57568359375,3859.699462890625,14044.86328125,3205.126953125,7756.8544921875,5271.24658203125,1534.5286865234375,1378.359619140625,1238.848876953125,9730.8720703125
2022-01-19,6572.8408203125,2937.93505859375,2444.860107421875,2694.012451171875,3178.03466796875,2611.95849609375,3825.54296875,13807.318359375,3197.328369140625,7734.755859375,5271.24658203125,1521.1072998046875,1335.769775390625,1234.4556884765625,9789.28125
2022-01-20,6658.48046875,2937.93505859375,2497.0634765625,2712.98388671875,3155.6015625,2620.522216796875,3774.30810546875,13569.7705078125,3197.328369140625,7535.86083984375,5209.71484375,1521.1072998046875,1498.38525390625,1238.848876953125,9730.8720703125
2022-01-21,6808.35009765625,2966.388916015625,2540.566650390625,2722.469970703125,3237.856201171875,2611.95849609375,3825.54296875,13955.78515625,3236.320068359375,7668.45703125,5312.26806640625,1525.5809326171875,1506.12890625,1243.241943359375,9719.1904296875
2022-01-24,6679.890625,2930.82080078125,2531.86572265625,2694.012451171875,3215.423095703125,2560.57568359375,3774.30810546875,13896.3974609375,3181.7314453125,7602.15966796875,5250.73583984375,1521.1072998046875,1459.6673583984375,1260.814208984375,10046.279296875
2022-01-25,6658.48046875,2895.2529296875,2514.46484375,2580.1806640625,3207.945556640625,2517.756591796875,3723.073486328125,13747.9306640625,3166.135009765625,7734.755859375,5209.71484375,1521.1072998046875,1362.872314453125,1234.4556884765625,9917.7802734375
2022-01-26,6594.25048828125,2909.480224609375,2601.470703125,2703.498291015625,3282.722900390625,2637.64990234375,3723.073486328125,13525.2314453125,3220.723388671875,7734.755859375,5291.75732421875,1521.1072998046875,1397.7186279296875,1260.814208984375,9999.552734375
2022-01-27,6679.890625,2945.048095703125,2627.572265625,2731.956298828125,3192.989990234375,2706.160400390625,3740.151123046875,13807.318359375,3166.135009765625,7690.556640625,5271.24658203125,1512.1595458984375,1366.7442626953125,1273.9935302734375,10350.00390625
2022-01-28,6658.48046875,2945.048095703125,2662.374755859375,2845.78759765625,3185.51220703125,2817.489501953125,3740.151123046875,13807.318359375,3158.336669921875,7668.45703125,5230.22509765625,1494.2642822265625,1370.615966796875,1265.207275390625,10536.9111328125
2022-01-31,6530.02099609375,2895.2529296875,2601.470703125,2779.385986328125,3133.168212890625,2843.18115234375,3740.151123046875,13733.0869140625,3142.739990234375,7712.65625,5189.20361328125,1467.4210205078125,1370.615966796875,1252.028076171875,10116.369140625
2022-02-02,6679.890625,2895.2529296875,2601.470703125,2798.357666015625,3118.212890625,2834.6171875,3757.229736328125,13614.3115234375,3158.336669921875,7668.45703125,5250.73583984375,1512.1595458984375,1378.359619140625,1234.4556884765625,9964.5068359375
2022-02-03,6615.66015625,2937.93505859375,2601.470703125,2769.89990234375,3140.64599609375,2800.362060546875,3757.229736328125,13554.927734375,3127.14306640625,7513.76220703125,5271.24658203125,1485.3165283203125,1424.8211669921875,1238.848876953125,9777.599609375
2022-02-04,6615.66015625,2994.843505859375,2601.470703125,2779.385986328125,3163.0791015625,2731.851318359375,3757.229736328125,13361.919921875,3134.94140625,7624.25830078125,5271.24658203125,1512.1595458984375,1401.59033203125,1225.669677734375,9719.1904296875
2022-02-07,6679.890625,3130.0029296875,2610.171142578125,2798.357666015625,3207.945556640625,2663.34130859375,3740.151123046875,13421.3056640625,3119.3447265625,7646.35791015625,5312.26806640625,1507.6856689453125,1401.59033203125,1238.848876953125,9847.6904296875
2022-02-08,6615.66015625,3158.457763671875,2653.673583984375,2845.78759765625,3163.0791015625,2629.086181640625,3791.385986328125,13168.9150390625,3119.3447265625,7624.25830078125,5230.22509765625,1467.4210205078125,1386.1031494140625,1247.635009765625,9730.8720703125
2022-02-09,6808.35009765625,3165.5712890625,2671.074951171875,2874.24560546875,3200.468017578125,2629.086181640625,3791.385986328125,13465.845703125,3088.1513671875,7668.45703125,5209.71484375,1476.3687744140625,1378.359619140625,1260.814208984375,10116.369140625
2022-02-10,6637.0703125,3179.799072265625,2688.47607421875,2912.189208984375,3335.06689453125,2646.213623046875,3723.073486328125,13540.078125,3103.747802734375,7624.25830078125,5189.20361328125,1467.4210205078125,1455.7955322265625,1247.635009765625,9929.4619140625
2022-02-11,6701.30078125,3165.5712890625,2688.47607421875,2921.675048828125,3327.58935546875,2637.64990234375,3723.073486328125,13688.5458984375,3041.36083984375,7646.35791015625,5209.71484375,1462.947265625,1428.69287109375,1265.207275390625,10221.5048828125
2022-02-14,6594.25048828125,3137.11669921875,2714.577880859375,2921.675048828125,3290.200439453125,2552.011962890625,3620.603515625,13926.0908203125,3002.369384765625,7557.96044921875,5209.71484375,1431.63037109375,1463.5390625,1278.386474609375,10712.13671875
2022-02-15,6744.1201171875,3151.343994140625,2749.380126953125,3007.048828125,3297.67822265625,2552.011962890625,3757.229736328125,14356.6416015625,3017.965576171875,7557.96044921875,5230.22509765625,1467.4210205078125,1455.7955322265625,1278.386474609375,10922.408203125
2022-02-16,6829.7587890625,3144.230224609375,2731.978759765625,3016.534912109375,3290.200439453125,2552.011962890625,3740.151123046875,14133.9443359375,3017.965576171875,7513.76220703125,5168.69287109375,1449.5257568359375,1455.7955322265625,1273.9935302734375,10969.1337890625
2022-02-17,6765.5302734375,3130.0029296875,2731.978759765625,2997.562744140625,3297.67822265625,2500.62890625,3740.151123046875,14089.404296875,2986.772216796875,7535.86083984375,5230.22509765625,1431.63037109375,1506.12890625,1273.9935302734375,10735.5
2022-02-18,6786.93896484375,3151.343994140625,2731.978759765625,3026.02099609375,3290.200439453125,2526.3203125,3825.54296875,14208.1748046875,3002.369384765625,7535.86083984375,5230.22509765625,1431.63037109375,1618.4110107421875,1287.1729736328125,10793.9091796875
2022-02-21,6808.35009765625,3194.02587890625,2731.978759765625,2997.562744140625,3267.767578125,2466.373779296875,3808.464111328125,13955.78515625,3002.369384765625,7513.76220703125,5148.1826171875,1422.6826171875,1680.3597412109375,1291.5657958984375,10817.271484375
2022-02-22,6765.5302734375,3151.343994140625,2740.6796875,2940.64697265625,3215.423095703125,2449.246337890625,3808.464111328125,13940.9384765625,2971.175537109375,7535.86083984375,5250.73583984375,1449.5257568359375,1688.103271484375,1291.5657958984375,10840.6357421875
2022-02-23,6893.9892578125,3186.912109375,2740.6796875,3007.048828125,3252.811767578125,2466.373779296875,3859.699462890625,14252.7138671875,2978.97412109375,7690.556640625,5250.73583984375,1476.3687744140625,1703.590576171875,1322.3175048828125,11202.7705078125
2022-02-24,6851.169921875,3122.88916015625,2679.775146484375,2969.10498046875,3170.55712890625,2372.172119140625,3893.855712890625,14965.3505859375,2877.595458984375,7535.86083984375,5189.20361328125,1458.4732666015625,1719.07763671875,1392.606689453125,12604.5771484375
2022-02-25,6893.9892578125,3236.70751953125,2679.775146484375,3035.506591796875,3245.334228515625,2449.246337890625,3962.1689453125,14787.1904296875,2869.796875,7513.76220703125,5086.650390625,1471.8948974609375,1719.07763671875,1379.4273681640625,12464.3955078125
2022-03-01,6893.9892578125,3293.61669921875,2662.374755859375,3007.048828125,3252.811767578125,2466.373779296875,3893.855712890625,14757.498046875,2869.796875,7292.7685546875,5066.13916015625,1413.73486328125,1750.0521240234375,1401.392822265625,12919.9814453125
2022-03-02,6829.7587890625,3243.8212890625,2653.673583984375,2950.133056640625,3207.945556640625,2372.172119140625,3774.30810546875,15158.357421875,2854.2001953125,7005.47802734375,5086.650390625,1431.63037109375,1773.28271484375,1427.7513427734375,13141.9365234375
2022-03-04,6765.5302734375,3322.0712890625,2662.374755859375,2997.562744140625,3290.200439453125,2346.480712890625,3842.62060546875,16078.8447265625,2745.0234375,6917.0810546875,4984.0966796875,1467.4210205078125,1897.180419921875,1555.150634765625,13655.9306640625
2022-03-07,6594.25048828125,3215.366455078125,2627.572265625,2931.1611328125,3372.455322265625,2260.8427734375,3962.1689453125,16242.1552734375,2674.837890625,6541.392578125,4696.94775390625,1436.1041259765625,2183.693115234375,1590.29541015625,14053.1083984375
2022-03-08,6551.43115234375,3151.343994140625,2627.572265625,2883.7314453125,3454.710693359375,2218.0234375,4269.5791015625,15262.283203125,2620.249755859375,6718.1875,4861.0322265625,1422.6826171875,2199.180419921875,1528.7921142578125,13223.70703125
2022-03-09,6722.71044921875,3250.934814453125,2653.673583984375,2950.133056640625,3320.111328125,2277.970458984375,4303.7353515625,15677.9873046875,2651.44287109375,6740.287109375,4881.54345703125,1418.208740234375,2052.05224609375,1555.150634765625,12990.07421875
2022-03-10,6786.93896484375,3250.934814453125,2671.074951171875,2950.133056640625,3297.67822265625,2295.097900390625,4269.5791015625,15410.7470703125,2674.837890625,6850.78271484375,4984.0966796875,1436.1041259765625,1990.103515625,1524.399169921875,12686.34765625
2022-03-11,6808.35009765625,3254.0791015625,2662.374755859375,3016.534912109375,3432.27734375,2389.2998046875,4286.65673828125,15856.1455078125,2628.048095703125,6673.98876953125,4963.5859375,1445.052001953125,1951.3856201171875,1528.7921142578125,12639.62109375
2022-03-14,6915.39892578125,3342.826904296875,2697.1767578125,3073.45068359375,3424.7998046875,2346.480712890625,4354.97021484375,14757.498046875,2635.846435546875,6651.88916015625,5004.60791015625,1458.4732666015625,1858.462158203125,1454.1097412109375,12160.669921875
2022-03-15,6979.6298828125,3409.387451171875,2705.87744140625,3063.96435546875,3454.710693359375,2260.8427734375,4303.7353515625,14534.80078125,2557.86279296875,6563.49267578125,4963.5859375,1449.5257568359375,1835.2314453125,1449.7166748046875,12067.216796875
2022-03-16,7022.44921875,3438.970458984375,2766.78125,3168.309814453125,3462.188232421875,2312.2255859375,4372.048828125,14846.578125,2690.43505859375,6740.287109375,5045.62939453125,1449.5257568359375,1850.71875,1484.861328125,12604.5771484375
2022-03-17,6851.169921875,3438.970458984375,2766.78125,3120.88037109375,3350.0224609375,2260.8427734375,4389.126953125,14995.0419921875,2667.039794921875,6696.087890625,5025.11865234375,1440.5780029296875,1819.744384765625,1458.5029296875,12289.1689453125
2022-03-18,6765.5302734375,3387.20068359375,2758.08056640625,3149.338134765625,3394.888671875,2269.40673828125,4372.048828125,15098.9697265625,2620.249755859375,6696.087890625,4943.0751953125,1458.4732666015625,1850.71875,1401.392822265625,12604.5771484375
2022-03-21,6765.5302734375,3394.596435546875,2789.304443359375,3063.96435546875,3402.366455078125,2303.661376953125,4508.67529296875,15054.4296875,2698.232666015625,6585.59130859375,4902.0546875,1476.3687744140625,1827.4881591796875,1414.5721435546875,12452.7119140625
2022-03-22,6786.93896484375,3431.57421875,2798.419921875,3044.992431640625,3402.366455078125,2329.353271484375,4491.59716796875,15173.203125,2721.628173828125,6607.69091796875,4943.0751953125,1480.842529296875,1974.6163330078125,1449.7166748046875,12779.802734375
2022-03-23,6765.5302734375,3438.970458984375,2834.881591796875,3063.96435546875,3402.366455078125,2312.2255859375,4423.28369140625,15277.12890625,2659.2412109375,6629.7900390625,4902.0546875,1485.3165283203125,1935.8984375,1462.8961181640625,13106.888671875
2022-03-24,6786.93896484375,3498.13525390625,2889.57373046875,3178.465576171875,3409.84423828125,2363.6083984375,4491.59716796875,15796.7587890625,2635.846435546875,6673.98876953125,4881.54345703125,1512.1595458984375,2044.3087158203125,1471.68212890625,12990.07421875
2022-03-25,6808.35009765625,3483.34375,2862.227783203125,3178.465576171875,3379.93310546875,2363.6083984375,4372.048828125,15633.4453125,2651.44287109375,6408.79736328125,4737.96875,1494.2642822265625,2059.7958984375,1458.5029296875,13328.8427734375
2022-03-28,6869.21630859375,3498.13525390625,2871.343017578125,3284.736328125,3439.755126953125,2389.2998046875,4576.98876953125,15796.7587890625,2698.232666015625,6430.896484375,4758.4794921875,1458.4732666015625,2036.56494140625,1506.8267822265625,13714.337890625
2022-03-29,6825.74072265625,3468.552490234375,2889.57373046875,3236.431396484375,3409.84423828125,2363.6083984375,4474.5185546875,15455.287109375,2713.829833984375,6452.9951171875,4778.990234375,1458.4732666015625,1959.129150390625,1480.46826171875,13539.1142578125
2022-03-30,6847.478515625,3483.34375,2871.343017578125,3246.092529296875,3424.7998046875,2320.7890625,4542.8330078125,15366.208984375,2900.990478515625,6519.29296875,4861.0322265625,1485.3165283203125,1943.6417236328125,1440.9306640625,13235.388671875
2022-03-31,6934.4296875,3446.365478515625,2880.45849609375,3188.126220703125,3424.7998046875,2269.40673828125,4491.59716796875,15173.203125,2854.2001953125,6497.1943359375,4881.54345703125,1440.5780029296875,1889.4366455078125,1445.32373046875,13340.525390625
2022-04-01,6890.95361328125,3498.13525390625,2871.343017578125,3168.804443359375,3424.7998046875,2235.151123046875,4576.98876953125,15395.9013671875,2823.007080078125,6651.88916015625,4963.5859375,1445.052001953125,1943.6417236328125,1462.8961181640625,13469.021484375
2022-04-04,6869.21630859375,3475.9482421875,2853.1123046875,3255.75341796875,3394.888671875,2295.097900390625,4662.38037109375,15900.68359375,2784.01513671875,6673.98876953125,5004.60791015625,1507.6856689453125,2044.3087158203125,1476.0751953125,14012.27734375
2022-04-05,6869.21630859375,3475.9482421875,2853.1123046875,3236.431396484375,3379.93310546875,2312.2255859375,4713.615234375,16153.078125,2869.796875,6696.087890625,5004.60791015625,1440.5780029296875,2067.539306640625,1528.7921142578125,13698.861328125
2022-04-06,6738.78759765625,3401.99169921875,2798.419921875,3149.482421875,3312.633544921875,2312.2255859375,4781.92822265625,16301.541015625,2807.41015625,6541.392578125,5004.60791015625,1427.1566162109375,2052.05224609375,1533.185302734375,14430.162109375
2022-04-07,6738.78759765625,3424.1787109375,2807.535400390625,3207.4482421875,3394.888671875,2277.970458984375,4713.615234375,16123.3818359375,2784.01513671875,6696.087890625,5004.60791015625,1413.73486328125,2137.231689453125,1537.578369140625,14208.162109375
2022-04-08,6825.74072265625,3409.387451171875,2807.535400390625,3255.75341796875,3424.7998046875,2303.661376953125,4781.92822265625,16984.484375,2760.6201171875,6585.59130859375,5025.11865234375,1413.73486328125,2168.2060546875,1581.5091552734375,14351.8076171875
2022-04-11,6717.0498046875,3379.804931640625,2798.419921875,3246.092529296875,3432.27734375,2209.4599609375,4679.45849609375,16895.40625,2698.232666015625,6651.88916015625,4984.0966796875,1418.208740234375,2036.56494140625,1559.5435791015625,14351.8076171875
2022-04-12,6782.26416015625,3409.387451171875,2807.535400390625,3255.75341796875,3462.188232421875,2200.89599609375,4747.77197265625,16598.474609375,2745.0234375,6541.392578125,5045.62939453125,1418.208740234375,2067.539306640625,1541.9715576171875,13907.8046875
2022-04-13,6782.26416015625,3409.387451171875,2816.650634765625,3265.4140625,3507.054931640625,2329.353271484375,4764.85009765625,17385.341796875,2682.63623046875,6475.0947265625,5086.650390625,1427.1566162109375,2160.462646484375,1651.7984619140625,14717.4599609375
2022-04-14,6695.31201171875,3357.617919921875,2798.419921875,3246.092529296875,3499.576904296875,2320.7890625,4696.537109375,17697.12109375,2651.44287109375,6342.4990234375,5025.11865234375,1418.208740234375,2152.718994140625,1656.1915283203125,14782.75390625
2022-04-18,6695.31201171875,3365.013916015625,2780.189453125,3255.75341796875,3522.01025390625,2517.756591796875,4781.92822265625,17815.89453125,2643.64453125,6276.201171875,5025.11865234375,1431.63037109375,2245.641845703125,1651.7984619140625,14469.3408203125
2022-04-19,6630.09814453125,3379.804931640625,2761.958740234375,3246.092529296875,3499.576904296875,2526.3203125,4713.615234375,17578.34765625,2612.45068359375,6342.4990234375,5086.650390625,1409.2611083984375,2206.923828125,1647.4053955078125,14168.984375
2022-04-20,6651.83642578125,3586.8828125,2862.227783203125,3468.294677734375,3462.188232421875,2723.287841796875,4713.615234375,17367.001953125,2706.03125,6475.0947265625,5107.16162109375,1395.839599609375,2183.693115234375,1625.43994140625,14182.04296875
2022-04-21,6890.95361328125,3549.904296875,3026.304443359375,3622.870849609375,3454.710693359375,2774.670654296875,4781.92822265625,17229.16796875,2651.44287109375,6563.49267578125,5127.67138671875,1431.63037109375,2160.462646484375,1634.2261962890625,14247.337890625
2022-04-22,6847.478515625,3512.9267578125,3017.189208984375,3613.2099609375,3454.710693359375,2706.160400390625,4816.08544921875,17336.373046875,2674.837890625,6452.9951171875,5168.69287109375,1409.2611083984375,2121.744873046875,1621.0469970703125,14247.337890625
2022-04-25,6956.16845703125,3579.487060546875,2998.958251953125,3671.17578125,3522.01025390625,2817.489501953125,4833.1630859375,16922.873046875,2877.595458984375,6563.49267578125,5168.69287109375,1436.1041259765625,2028.821533203125,1625.43994140625,13999.216796875
2022-04-26,7064.8583984375,3653.443115234375,3044.53515625,3709.820068359375,3559.39892578125,2740.415283203125,4918.5546875,17612.041015625,3033.5625,6696.087890625,5168.69287109375,1453.99951171875,1935.8984375,1599.08154296875,13738.0361328125
2022-04-27,7130.07275390625,3586.8828125,2998.958251953125,3651.853759765625,3566.87646484375,2723.287841796875,4867.31982421875,17703.9296875,2971.175537109375,6718.1875,5209.71484375,1445.052001953125,1982.35986328125,1625.43994140625,14155.9228515625
2022-04-28,7064.8583984375,3601.67431640625,3263.304443359375,3564.90478515625,3454.710693359375,2731.851318359375,5174.72998046875,18546.244140625,3033.5625,6740.287109375,5168.69287109375,1467.4210205078125,2013.333984375,1678.156982421875,14834.990234375
2022-05-09,6608.3603515625,3350.222900390625,3035.420166015625,3410.3291015625,3222.90087890625,2603.39453125,4942.66943359375,17903.0234375,3127.14306640625,6541.392578125,5025.11865234375,1368.9964599609375,1959.129150390625,1656.1915283203125,14913.345703125
2022-05-10,6543.14599609375,3350.222900390625,2953.38134765625,3439.31201171875,3245.334228515625,2560.57568359375,4907.61474609375,18148.05859375,3415.681884765625,7049.6767578125,5250.73583984375,1445.052001953125,1873.9495849609375,1607.8675537109375,14978.6416015625
2022-05-11,6651.83642578125,3320.640380859375,2916.920166015625,3391.007080078125,3237.856201171875,2605.009033203125,4837.50634765625,18515.61328125,3805.599853515625,7336.96728515625,5291.75732421875,1462.947265625,1858.462158203125,1629.8330078125,15096.1708984375
2022-05-12,6325.76513671875,3194.9140625,2871.343017578125,3168.804443359375,3215.423095703125,2430.760986328125,4802.45166015625,17948.966796875,3657.431396484375,7093.875,5250.73583984375,1413.73486328125,1804.2572021484375,1603.474609375,15409.5849609375
2022-05-13,6369.2412109375,3143.14453125,2843.996826171875,3188.126220703125,3185.51220703125,2483.035400390625,4995.25146484375,18515.61328125,3743.213623046875,7226.47119140625,5291.75732421875,1431.63037109375,1804.2572021484375,1669.370849609375,16571.833984375
2022-05-17,6434.4560546875,3291.0576171875,2862.227783203125,3265.4140625,3125.690673828125,2430.760986328125,4907.61474609375,18423.724609375,3743.213623046875,6917.0810546875,5332.77880859375,1453.99951171875,1850.71875,1801.1632080078125,17394.55078125
2022-05-18,6586.6220703125,3291.0576171875,2880.45849609375,3381.34619140625,3178.03466796875,2361.0615234375,4977.72412109375,18561.560546875,3918.6767578125,7160.1728515625,5332.77880859375,1453.99951171875,1858.462158203125,1757.2322998046875,16976.6640625
2022-05-19,6477.931640625,3283.661865234375,2880.45849609375,3352.36328125,3148.12353515625,2317.499755859375,4907.61474609375,18362.466796875,3805.599853515625,7049.6767578125,5291.75732421875,1436.1041259765625,1904.9237060546875,1735.2669677734375,16428.185546875
2022-05-20,6434.4560546875,3276.266357421875,2916.920166015625,3391.007080078125,3118.212890625,2343.63671875,4995.25146484375,18316.5234375,3938.17333984375,7115.974609375,5291.75732421875,1453.99951171875,1928.1544189453125,1779.1978759765625,17263.958984375
2022-05-23,6412.71826171875,3202.3095703125,2871.343017578125,3419.990234375,3073.346435546875,2265.225341796875,4872.560546875,18163.375,3805.599853515625,7049.6767578125,5250.73583984375,1458.4732666015625,1959.129150390625,1801.1632080078125,17185.60546875
2022-05-24,6390.9794921875,3298.452880859375,2889.57373046875,3506.939208984375,3103.25732421875,2265.225341796875,5012.779296875,18561.560546875,3751.011962890625,7204.37255859375,5148.1826171875,1445.052001953125,1990.103515625,1932.95556640625,17263.958984375
2022-05-25,6412.71826171875,3217.100830078125,2862.227783203125,3448.973388671875,3140.64599609375,2239.087646484375,4977.72412109375,18484.986328125,3719.818359375,7292.7685546875,5250.73583984375,1458.4732666015625,1928.1544189453125,1928.5625,17342.310546875
2022-05-27,6586.6220703125,3357.617919921875,2953.38134765625,3555.243896484375,3215.423095703125,2326.212158203125,5065.35986328125,18622.8203125,3712.020263671875,7624.25830078125,5271.24658203125,1440.5780029296875,1912.66748046875,1941.741943359375,17159.48828125
2022-05-30,6586.6220703125,3276.266357421875,2989.843017578125,3555.243896484375,3178.03466796875,2343.63671875,5082.88720703125,18530.9296875,3626.238037109375,7557.96044921875,5291.75732421875,1458.4732666015625,1982.35986328125,1946.134765625,17107.251953125
2022-05-31,6738.78759765625,3424.1787109375,3099.227294921875,3545.5830078125,3222.90087890625,2300.07470703125,5152.99560546875,19174.15234375,3688.62548828125,7580.06005859375,5414.8212890625,1531.625732421875,1943.6417236328125,1990.0657958984375,18282.560546875
2022-06-02,6586.6220703125,3313.244140625,2989.843017578125,3419.990234375,3207.945556640625,2334.924560546875,5135.46923828125,19373.244140625,3735.4150390625,7557.96044921875,5496.86376953125,1467.6173095703125,1943.6417236328125,1998.851806640625,18112.791015625
2022-06-03,6608.3603515625,3342.826904296875,2989.843017578125,3458.63427734375,3222.90087890625,2300.07470703125,5117.94189453125,19970.521484375,3680.826171875,7580.06005859375,5476.35302734375,1463.04541015625,1935.8984375,2033.996337890625,18256.439453125
2022-06-06,6477.931640625,3276.266357421875,2971.6123046875,3439.31201171875,3245.334228515625,2239.087646484375,5065.35986328125,19710.169921875,3719.818359375,7646.35791015625,5681.46044921875,1499.62158203125,1927.039306640625,2224.16796875,18360.9140625
2022-06-07,6412.71826171875,3254.0791015625,3026.304443359375,3439.31201171875,3178.03466796875,2256.5126953125,5047.8330078125,20108.35546875,3688.62548828125,7580.06005859375,5681.46044921875,1458.473388671875,1903.4427490234375,2100.31640625,19039.98046875
2022-06-08,6608.3603515625,3305.84912109375,3062.765869140625,3477.956298828125,3178.0078125,2326.212158203125,5030.30615234375,20246.189453125,3813.398681640625,7580.06005859375,5722.48095703125,1485.9053955078125,1903.4427490234375,2089.99560546875,18360.9140625
2022-06-09,6521.4072265625,3320.640380859375,3071.881591796875,3352.36328125,3139.25146484375,2265.225341796875,5047.8330078125,19848.00390625,3758.81005859375,7624.25830078125,5640.4384765625,1495.049560546875,1887.711669921875,2100.31640625,18282.560546875
2022-06-10,6390.9794921875,3254.0791015625,2980.727294921875,3207.4482421875,3115.998046875,2230.375732421875,4855.033203125,19725.484375,3704.221923828125,7513.76220703125,5640.4384765625,1485.9053955078125,1801.1917724609375,2022.9091796875,17590.435546875
2022-06-13,6390.9794921875,3209.70556640625,2953.38134765625,3188.126220703125,3162.505615234375,2099.689697265625,4925.14208984375,18791.283203125,3657.431396484375,7602.15966796875,5599.41796875,1485.9053955078125,1777.5953369140625,1997.1068115234375,17133.37109375
2022-06-14,6434.4560546875,3224.496826171875,2989.843017578125,3197.78759765625,3185.759033203125,2125.826904296875,4890.087890625,19327.30078125,3696.423095703125,7646.35791015625,5640.4384765625,1485.9053955078125,1714.671630859375,2002.2672119140625,17172.546875
2022-06-15,6369.2412109375,3291.0576171875,3026.304443359375,3197.78759765625,3147.003173828125,2099.689697265625,4697.2890625,18224.634765625,3743.213623046875,7602.15966796875,5578.90673828125,1476.761474609375,1706.8060302734375,1899.0576171875,16428.185546875
2022-06-16,6586.6220703125,3276.266357421875,3053.650634765625,3188.126220703125,3131.500244140625,2073.55224609375,4802.45166015625,18377.78125,3743.213623046875,7668.45703125,5578.90673828125,1485.9053955078125,1691.0751953125,1971.304443359375,17028.8984375
2022-06-17,6521.4072265625,3231.89208984375,2944.265869140625,3159.143310546875,3193.51025390625,2029.990234375,4872.560546875,17642.669921875,3626.238037109375,7557.96044921875,5599.41796875,1485.9053955078125,1659.61328125,1924.8602294921875,16611.009765625
2022-06-20,6630.09814453125,3254.0791015625,3008.073486328125,3139.8212890625,3131.500244140625,2021.2779541015625,4855.033203125,17765.19140625,3918.6767578125,7933.64794921875,5660.94970703125,1481.33349609375,1628.1513671875,1924.8602294921875,16349.830078125
2022-06-21,6651.83642578125,3239.287841796875,3008.073486328125,3265.4140625,3185.759033203125,2178.10107421875,4802.45166015625,17857.078125,3938.17333984375,8088.34423828125,5640.4384765625,1485.9053955078125,1691.0751953125,2079.67431640625,17224.78125
2022-06-22,6521.4072265625,3194.9140625,2971.6123046875,3149.482421875,3139.25146484375,2160.676513671875,4767.3974609375,17887.708984375,3813.398681640625,8154.64111328125,5722.48095703125,1485.9053955078125,1588.8240966796875,2126.11865234375,17211.7265625
2022-06-23,6543.14599609375,3187.5185546875,2971.6123046875,3149.482421875,3224.515380859375,2326.212158203125,4819.978515625,17933.650390625,3867.987060546875,8243.0390625,5845.54541015625,1554.48583984375,1545.56396484375,2110.637451171875,16819.953125
2022-06-24,6499.669921875,3209.70556640625,3026.304443359375,3149.482421875,3216.76416015625,2291.3623046875,4679.76220703125,17933.650390625,3958.42041015625,8331.4365234375,5804.52490234375,1563.6297607421875,1549.496826171875,2110.637451171875,16819.953125
2022-06-27,6390.9794921875,3165.33203125,2998.958251953125,3110.83837890625,3154.75439453125,2334.924560546875,4662.23486328125,17887.708984375,3950.487060546875,8397.734375,5907.07763671875,1549.913818359375,1486.5728759765625,2048.71142578125,16571.833984375
2022-06-28,6347.5029296875,3180.122802734375,2962.496826171875,3120.49951171875,3123.749267578125,2291.3623046875,4697.2890625,18255.263671875,4006.01708984375,8397.734375,5948.09912109375,1554.48583984375,1466.909423828125,2079.67431640625,16689.365234375
2022-06-29,6325.76513671875,3091.37548828125,2898.689453125,3101.177490234375,3131.500244140625,2221.6630859375,4557.0712890625,17474.208984375,3918.756591796875,8353.53515625,5825.03466796875,1545.3416748046875,1443.31298828125,2059.032470703125,16467.361328125
2022-06-30,6304.02783203125,3069.188720703125,2889.57373046875,3033.550537109375,3100.49560546875,2265.225341796875,4644.70751953125,17397.63671875,3783.900390625,8441.93359375,5784.013671875,1517.9095458984375,1415.7838134765625,1971.304443359375,16023.3564453125
2022-07-01,6304.02783203125,3061.79248046875,2771.073974609375,3033.550537109375,3115.998046875,2230.375732421875,4574.5986328125,16233.708984375,3831.496826171875,8265.1376953125,5763.5029296875,1540.769775390625,1376.45654296875,1919.6995849609375,15683.822265625
2022-07-04,6130.12353515625,2987.836181640625,2698.15087890625,2956.2626953125,3092.744384765625,2090.97705078125,4557.0712890625,16249.021484375,3728.37158203125,8154.64111328125,5599.41796875,1495.049560546875,1352.860107421875,1899.0576171875,15696.884765625
2022-07-05,6304.02783203125,3024.81494140625,2789.304443359375,2994.906494140625,3092.744384765625,2073.55224609375,4434.38134765625,17137.283203125,3775.968017578125,8110.443359375,5681.46044921875,1545.3416748046875,1407.9183349609375,2038.390625,17237.83984375
2022-07-06,6347.5029296875,3017.4189453125,2743.727783203125,2956.2626953125,3115.998046875,1951.5784912109375,4259.10888671875,16417.484375,3791.8330078125,8353.53515625,5742.9921875,1540.769775390625,1352.860107421875,1991.9462890625,16715.484375
2022-07-07,6173.59912109375,2995.232421875,2707.2666015625,2936.9404296875,3131.500244140625,1969.00341796875,4171.47265625,16402.169921875,3966.3525390625,8375.6337890625,5660.94970703125,1536.197509765625,1352.860107421875,1986.785888671875,16637.12890625
2022-07-08,6217.0751953125,3106.16650390625,2725.4970703125,2936.9404296875,3108.246826171875,2003.85302734375,4189.00048828125,16815.66796875,3879.093017578125,8331.4365234375,5763.5029296875,1527.0537109375,1348.9273681640625,2028.069580078125,16872.19140625
2022-07-11,6195.33740234375,3047.00146484375,2725.4970703125,2898.296875,3131.500244140625,1960.2911376953125,4241.58154296875,16677.837890625,3807.69873046875,8353.53515625,5763.5029296875,1554.48583984375,1352.860107421875,1997.1068115234375,16389.0078125
2022-07-12,6238.81396484375,3039.60595703125,2707.2666015625,2878.974609375,3108.246826171875,2003.85302734375,4276.63623046875,16494.05859375,3871.15966796875,8243.0390625,5784.013671875,1536.197509765625,1368.5909423828125,2053.872314453125,17394.55078125
2022-07-13,6086.64794921875,3002.627685546875,2652.57421875,2792.02587890625,3053.988037109375,2003.85302734375,4083.836669921875,17321.060546875,3887.025146484375,8220.9404296875,5599.41796875,1545.3416748046875,1352.860107421875,2079.67431640625,17655.728515625
2022-07-14,6108.38525390625,3010.023193359375,2652.57421875,2811.34765625,3115.998046875,1986.4281005859375,4276.63623046875,18255.263671875,3887.025146484375,8176.7412109375,5681.46044921875,1572.77392578125,1297.8017578125,2095.15576171875,17773.259765625
2022-07-15,6086.64794921875,3039.60595703125,2616.112548828125,2811.34765625,3216.76416015625,2021.2779541015625,4171.47265625,17780.501953125,3831.496826171875,8265.1376953125,5660.94970703125,1536.197509765625,1211.2816162109375,2033.2301025390625,17237.83984375
2022-07-18,6217.0751953125,3061.79248046875,2679.92041015625,2830.669677734375,3247.76904296875,2038.70263671875,4224.0546875,17673.298828125,3950.487060546875,8397.734375,5784.013671875,1513.3375244140625,1227.0126953125,2007.427734375,17250.90234375
2022-07-19,6238.81396484375,3039.60595703125,2707.2666015625,2821.0087890625,3224.515380859375,2178.10107421875,4259.10888671875,17826.447265625,3942.55419921875,8353.53515625,5866.05712890625,1554.48583984375,1301.734619140625,2053.872314453125,17629.61328125
2022-07-20,6434.4560546875,3180.122802734375,2880.45849609375,2965.923828125,3263.271240234375,2204.23828125,4399.32666015625,18484.986328125,3942.55419921875,8353.53515625,5825.03466796875,1581.9178466796875,1333.1964111328125,2079.67431640625,17786.318359375
2022-07-21,6434.4560546875,3187.5185546875,2880.45849609375,2985.245361328125,3302.027587890625,2143.25146484375,4329.2177734375,18377.78125,3966.3525390625,8397.734375,5886.5673828125,1536.197509765625,1317.465576171875,2074.51416015625,17838.5546875
2022-07-22,6369.2412109375,3157.935546875,2862.227783203125,2975.5849609375,3278.77392578125,2143.25146484375,4259.10888671875,18423.724609375,3966.3525390625,8309.3369140625,5784.013671875,1568.20166015625,1400.052978515625,2089.99560546875,18321.73828125
2022-07-25,6347.5029296875,3143.14453125,2834.881591796875,2936.9404296875,3286.525390625,2134.5390625,4259.10888671875,18730.021484375,3910.823974609375,8353.53515625,5763.5029296875,1545.3416748046875,1380.3892822265625,2095.15576171875,18308.677734375
2022-07-26,6347.5029296875,3202.3095703125,2916.920166015625,2965.923828125,3294.276611328125,2073.55224609375,4276.63623046875,18745.33984375,3910.823974609375,8287.2373046875,5742.9921875,1549.913818359375,1407.9183349609375,2110.637451171875,18595.974609375
2022-07-27,6369.2412109375,3194.9140625,2953.38134765625,3004.567626953125,3333.03271484375,2064.840087890625,4276.63623046875,19051.634765625,3744.236572265625,8198.83984375,5742.9921875,1545.3416748046875,1403.985595703125,2203.526123046875,20319.7578125
2022-07-28,6390.9794921875,3224.496826171875,2935.150634765625,3023.8896484375,3286.525390625,2073.55224609375,4241.58154296875,19174.15234375,3577.650146484375,7933.64794921875,5660.94970703125,1527.0537109375,1573.0931396484375,2203.526123046875,20463.40625
2022-07-29,6390.9794921875,3224.496826171875,3017.189208984375,3033.550537109375,3278.77392578125,2064.840087890625,4434.38134765625,19786.748046875,3577.650146484375,7801.052734375,5578.90673828125,1481.33349609375,1537.69873046875,2219.007568359375,20685.412109375
2022-08-01,6521.4072265625,3224.496826171875,2907.804443359375,3072.194580078125,3333.03271484375,2099.689697265625,4539.5439453125,19710.169921875,3609.381103515625,7867.35107421875,5660.94970703125,1449.329345703125,1636.0169677734375,2208.686279296875,21286.12109375
2022-08-02,6608.3603515625,3254.0791015625,2980.727294921875,3120.49951171875,3449.301025390625,2090.97705078125,4539.5439453125,20138.984375,3649.044189453125,8130.04833984375,5727.62939453125,1453.9013671875,1569.160400390625,2162.2421875,20763.763671875
2022-08-03,6630.09814453125,3239.287841796875,3008.073486328125,3139.8212890625,3488.0576171875,2247.800537109375,4627.1806640625,20797.521484375,3641.111572265625,7971.52392578125,5620.77099609375,1453.9013671875,1549.496826171875,2182.88427734375,21024.94140625
2022-08-04,6782.26416015625,3224.496826171875,3008.073486328125,3091.516357421875,3526.813720703125,2256.5126953125,4627.1806640625,20338.078125,3649.044189453125,8084.7548828125,5684.8857421875,1458.473388671875,1549.496826171875,2120.958251953125,20580.939453125
2022-08-05,6847.478515625,3224.496826171875,3008.073486328125,3188.126220703125,3604.32568359375,2265.225341796875,4644.70751953125,19909.263671875,3744.236572265625,7971.52392578125,5663.5146484375,1453.9013671875,1588.8240966796875,2126.11865234375,20763.763671875
2022-08-08,6847.478515625,3231.89208984375,3044.53515625,3188.126220703125,3643.082275390625,2282.650146484375,4697.2890625,19848.00390625,3799.765869140625,7971.52392578125,5663.5146484375,1476.761474609375,1620.285888671875,2084.8349609375,20685.412109375
2022-08-09,6869.21630859375,3261.474853515625,3090.1123046875,3265.4140625,3596.57470703125,2273.9375,4732.3427734375,19832.689453125,3744.236572265625,7903.58544921875,5599.3994140625,1449.329345703125,1714.671630859375,2100.31640625,21011.88671875
2022-08-10,6869.21630859375,3187.5185546875,3135.68896484375,3275.0751953125,3534.56494140625,2369.774169921875,4802.45166015625,19817.373046875,3791.8330078125,7903.58544921875,5663.5146484375,1463.04541015625,1667.478759765625,2151.921142578125,21051.060546875
2022-08-11,6912.6923828125,3217.100830078125,3108.343017578125,3294.397216796875,3542.316162109375,2395.9111328125,4872.560546875,19541.70703125,3768.035400390625,8039.4638671875,5642.142578125,1449.329345703125,1761.8642578125,2141.600341796875,19640.693359375
2022-08-12,6890.95361328125,3194.9140625,3090.1123046875,3294.397216796875,3526.813720703125,2413.336181640625,4872.560546875,19357.9296875,3783.900390625,7858.2919921875,5663.5146484375,1476.761474609375,1746.1334228515625,2141.600341796875,19719.048828125
2022-08-15,6912.6923828125,3180.122802734375,3080.99658203125,3304.058349609375,3449.301025390625,2378.486572265625,4819.978515625,19909.263671875,3775.968017578125,8039.4638671875,5663.5146484375,1458.473388671875,1675.34423828125,2131.279296875,19483.986328125
2022-08-16,6934.4296875,3165.33203125,3108.343017578125,3313.71923828125,3418.296142578125,2300.07470703125,4890.087890625,19848.00390625,3783.900390625,7926.232421875,5599.3994140625,1495.049560546875,1636.0169677734375,2105.47705078125,19170.568359375
2022-08-18,6956.16845703125,3202.3095703125,3135.68896484375,3342.7021484375,3526.813720703125,2265.225341796875,4890.087890625,19602.96875,3799.765869140625,7948.8779296875,5620.77099609375,1495.049560546875,1612.4205322265625,2131.279296875,19222.806640625
2022-08-19,6869.21630859375,3180.122802734375,3099.227294921875,3284.736328125,3565.570068359375,2265.225341796875,4890.087890625,19388.560546875,3752.170166015625,7880.93896484375,5620.77099609375,1472.1895751953125,1620.285888671875,2172.56298828125,19588.455078125
2022-08-22,6956.16845703125,3157.935546875,3108.343017578125,3207.4482421875,3604.32568359375,2204.23828125,4855.033203125,19480.451171875,3768.035400390625,7903.58544921875,5684.8857421875,1472.1895751953125,1561.294921875,2115.7978515625,19301.158203125
2022-08-23,6869.21630859375,3180.122802734375,3144.8046875,3207.4482421875,3612.077392578125,2317.499755859375,4890.087890625,19679.541015625,3815.63134765625,7971.52392578125,5684.8857421875,1485.9053955078125,1596.6895751953125,2193.205078125,19980.224609375
2022-08-24,6912.6923828125,3172.726806640625,3144.8046875,3207.4482421875,3681.838134765625,2326.212158203125,4942.66943359375,19985.837890625,3847.36181640625,7948.8779296875,5684.8857421875,1476.761474609375,1580.9586181640625,2234.489013671875,20149.98828125
2022-08-25,7021.38232421875,3157.935546875,3126.57373046875,3197.78759765625,3542.316162109375,2334.924560546875,4890.087890625,20184.927734375,3839.429443359375,7948.8779296875,5620.77099609375,1472.1895751953125,1569.160400390625,2249.970458984375,20110.814453125
2022-08-26,6956.16845703125,3157.935546875,3099.227294921875,3207.4482421875,3480.306640625,2352.349365234375,4819.978515625,20276.81640625,3656.976806640625,7903.58544921875,5556.65576171875,1481.33349609375,1537.69873046875,2249.970458984375,20110.814453125
2022-08-29,7086.59716796875,3143.14453125,3117.4580078125,3168.804443359375,3503.5595703125,2300.07470703125,4784.9248046875,20215.560546875,3633.178955078125,8016.8173828125,5663.5146484375,1490.4775390625,1494.4385986328125,2249.970458984375,20659.291015625
2022-08-30,7108.33447265625,3150.540283203125,3153.919677734375,3255.75341796875,3472.55517578125,2378.486572265625,4837.50634765625,20414.650390625,3633.178955078125,7903.58544921875,5556.65576171875,1490.4775390625,1561.294921875,2239.6494140625,20593.99609375
2022-08-31,7130.07275390625,3209.70556640625,3226.843017578125,3294.397216796875,3534.56494140625,2291.3623046875,4890.087890625,20736.263671875,3641.111572265625,7518.59619140625,5321.56640625,1536.197509765625,1565.2276611328125,2193.205078125,20528.703125
2022-09-01,7086.59716796875,3246.68359375,3254.18896484375,3294.397216796875,3550.0673828125,2334.924560546875,4855.033203125,20384.025390625,3601.4482421875,7880.93896484375,5364.31005859375,1513.3375244140625,1521.967529296875,2188.044677734375,20998.826171875
2022-09-02,7151.810546875,3291.0576171875,3226.843017578125,3362.024169921875,3565.570068359375,2291.3623046875,4855.033203125,20766.892578125,3609.381103515625,7903.58544921875,5471.1689453125,1531.625732421875,1494.4385986328125,2198.36572265625,21142.47265625
2022-09-05,7195.28662109375,3394.596435546875,3263.304443359375,3419.990234375,3581.072265625,2300.07470703125,4819.978515625,21042.560546875,3593.515380859375,7880.93896484375,5449.796875,1499.62158203125,1549.496826171875,2296.414794921875,22226.369140625
2022-09-06,7195.28662109375,3372.409423828125,3217.727294921875,3381.34619140625,3495.80859375,2282.650146484375,4837.50634765625,21747.04296875,3577.650146484375,7835.64599609375,5428.42529296875,1517.9095458984375,1565.2276611328125,2306.735595703125,23075.201171875
2022-09-07,7282.2392578125,3298.452880859375,3235.9580078125,3313.71923828125,3480.306640625,2282.650146484375,4662.23486328125,21486.69140625,3641.111572265625,7745.06005859375,5385.681640625,1522.481689453125,1533.7657470703125,2286.09375,22996.84765625
2022-09-08,7260.50048828125,3401.99169921875,3263.304443359375,3391.007080078125,3534.56494140625,2352.349365234375,4662.23486328125,21073.189453125,3585.5830078125,7722.41357421875,5342.9375,1522.481689453125,1510.1693115234375,2234.489013671875,22278.603515625
2022-09-09,7282.2392578125,3409.387451171875,3308.881103515625,3400.668212890625,3565.570068359375,2326.212158203125,4749.8701171875,21011.9296875,3569.717529296875,7654.47509765625,5321.56640625,1554.48583984375,1553.429443359375,2224.16796875,22631.1953125
2022-09-12,7282.2392578125,3372.409423828125,3345.342529296875,3400.668212890625,3519.062255859375,2300.07470703125,4890.087890625,21134.447265625,3609.381103515625,7790.353515625,5321.56640625,1600.2059326171875,1557.3621826171875,2239.6494140625,22905.43359375
2022-09-13,7412.6669921875,3387.20068359375,3445.61181640625,3468.294677734375,3503.5595703125,2308.787109375,5047.8330078125,21042.560546875,3704.573486328125,7722.41357421875,5300.19482421875,1641.3541259765625,1628.1513671875,2255.130859375,22748.7265625
2022-09-14,7390.927734375,3387.20068359375,3390.919677734375,3439.31201171875,3472.55517578125,2256.5126953125,5012.779296875,20828.15234375,3672.84228515625,7722.41357421875,5321.56640625,1641.3541259765625,1667.478759765625,2249.970458984375,22748.7265625
2022-09-15,7608.30810546875,3409.387451171875,3409.14990234375,3545.5830078125,3488.0576171875,2247.800537109375,4942.66943359375,21379.48828125,3649.044189453125,7790.353515625,5278.82275390625,1677.9300537109375,1628.1513671875,2275.772705078125,22983.787109375
2022-09-16,7347.4521484375,3328.03564453125,3317.99658203125,3458.63427734375,3418.296142578125,2178.10107421875,4837.50634765625,21027.244140625,3672.84228515625,7835.64599609375,5385.681640625,1737.366455078125,1604.554931640625,2229.32861328125,22683.431640625
2022-09-19,7521.35693359375,3379.804931640625,3363.5732421875,3468.294677734375,3488.0576171875,2221.6630859375,4995.25146484375,21011.9296875,3649.044189453125,7880.93896484375,5300.19482421875,1714.50634765625,1612.4205322265625,2177.7236328125,22082.71875
2022-09-20,7434.40576171875,3320.640380859375,3354.4580078125,3468.294677734375,3472.55517578125,2221.6630859375,5030.30615234375,20920.044921875,3752.170166015625,8039.4638671875,5300.19482421875,1691.6463623046875,1612.4205322265625,2167.40283203125,21991.306640625
2022-09-21,7369.19091796875,3365.013916015625,3381.803955078125,3468.294677734375,3433.798583984375,2195.52587890625,5012.779296875,21027.244140625,3815.63134765625,7880.93896484375,5342.9375,1682.502197265625,1636.0169677734375,2172.56298828125,22213.310546875
2022-09-22,7369.19091796875,3372.409423828125,3354.4580078125,3477.956298828125,3433.798583984375,2221.6630859375,5030.30615234375,21502.001953125,3815.63134765625,7994.17041015625,5342.9375,1696.21826171875,1636.0169677734375,2239.6494140625,22866.2578125
2022-09-23,7282.2392578125,3313.244140625,3354.4580078125,3477.956298828125,3395.042724609375,2178.10107421875,5012.779296875,20828.15234375,3815.63134765625,8152.69482421875,5300.19482421875,1687.07421875,1604.554931640625,2219.007568359375,22592.021484375
2022-09-26,7325.71533203125,3357.617919921875,3372.6884765625,3477.956298828125,3457.052490234375,2143.25146484375,4890.087890625,20399.33984375,3799.765869140625,8220.6337890625,5300.19482421875,1691.6463623046875,1549.496826171875,2141.600341796875,21573.419921875
2022-09-27,7217.0244140625,3350.222900390625,3409.14990234375,3477.956298828125,3441.550048828125,2204.23828125,4872.560546875,20460.59765625,3807.69873046875,8016.8173828125,5257.451171875,1691.6463623046875,1545.56396484375,2151.921142578125,21808.484375
2022-09-28,7238.76318359375,3342.826904296875,3390.919677734375,3477.956298828125,3464.8037109375,2178.10107421875,4767.3974609375,20215.560546875,3815.63134765625,7971.52392578125,5214.70751953125,1664.214111328125,1514.102294921875,2141.600341796875,21547.302734375
2022-09-29,7282.2392578125,3313.244140625,3372.6884765625,3468.294677734375,3441.550048828125,2134.5390625,4749.8701171875,20292.134765625,3847.36181640625,8016.8173828125,5150.5927734375,1673.3582763671875,1510.1693115234375,2136.439697265625,21677.888671875
2022-09-30,7434.40576171875,3320.640380859375,3436.49658203125,3468.294677734375,3457.052490234375,2143.25146484375,4644.70751953125,20108.35546875,3831.496826171875,7835.64599609375,5150.5927734375,1673.3582763671875,1525.900390625,2151.921142578125,21638.712890625
2022-10-03,7390.927734375,3350.222900390625,3381.803955078125,3439.31201171875,3457.052490234375,2134.5390625,4644.70751953125,20215.560546875,3847.36181640625,7903.58544921875,5150.5927734375,1655.070068359375,1486.5728759765625,2146.7607421875,22017.423828125
2022-10-04,7434.40576171875,3431.57421875,3363.5732421875,3419.990234375,3441.550048828125,2178.10107421875,4714.8154296875,20705.634765625,3863.22802734375,7722.41357421875,5171.9638671875,1659.6422119140625,1514.102294921875,2188.044677734375,23062.142578125
2022-10-05,7347.4521484375,3357.617919921875,3381.803955078125,3419.990234375,3457.052490234375,2212.95068359375,4679.76220703125,20764.017578125,3831.496826171875,7835.64599609375,5150.5927734375,1687.07421875,1525.900390625,2172.56298828125,22774.845703125
2022-10-06,7325.71533203125,3335.43115234375,3400.034912109375,3439.31201171875,3433.798583984375,2221.6630859375,4627.1806640625,20622.765625,3887.025146484375,7994.17041015625,5214.70751953125,1691.6463623046875,1518.034912109375,2182.88427734375,22618.13671875
2022-10-07,7130.07275390625,3283.661865234375,3436.49658203125,3391.007080078125,3371.788818359375,2195.52587890625,4539.5439453125,20716.93359375,3839.429443359375,8062.10986328125,5193.33642578125,1687.07421875,1521.967529296875,2213.84716796875,22879.31640625
2022-10-10,7217.0244140625,3231.89208984375,3390.919677734375,3381.34619140625,3426.047607421875,2178.10107421875,4557.0712890625,20277.484375,3807.69873046875,8107.4013671875,5236.0791015625,1732.7943115234375,1502.303955078125,2141.600341796875,21886.8359375
2022-10-11,7173.548828125,3276.266357421875,3390.919677734375,3362.024169921875,3340.783935546875,2186.8134765625,4574.5986328125,20214.705078125,3752.170166015625,8152.69482421875,5236.0791015625,1677.9300537109375,1490.505859375,2177.7236328125,21782.361328125
2022-10-12,7238.76318359375,3254.0791015625,3436.49658203125,3342.7021484375,3364.03759765625,2134.5390625,4512.77001953125,20308.873046875,3799.765869140625,8107.4013671875,5193.33642578125,1737.366455078125,1478.7076416015625,2198.36572265625,21978.24609375
2022-10-13,7195.28662109375,3217.100830078125,3454.726806640625,3381.34619140625,3333.03271484375,2151.964111328125,4512.77001953125,20214.705078125,3839.429443359375,8016.8173828125,5171.9638671875,1700.7901611328125,1439.3802490234375,2193.205078125,22200.25
2022-10-14,7173.548828125,3157.935546875,3427.380615234375,3255.75341796875,3325.28125,2073.55224609375,4512.77001953125,21187.771484375,3815.63134765625,7880.93896484375,5171.9638671875,1687.07421875,1431.5147705078125,2182.88427734375,22004.365234375
2022-10-17,7173.548828125,3180.122802734375,3445.61181640625,3313.71923828125,3356.286376953125,2090.97705078125,4566.0703125,20654.154296875,3831.496826171875,7994.17041015625,5236.0791015625,1764.7984619140625,1419.716552734375,2193.205078125,22174.1328125
2022-10-18,7217.0244140625,3172.726806640625,3463.84228515625,3352.36328125,3294.276611328125,2160.676513671875,4512.77001953125,20089.1484375,3887.025146484375,8107.4013671875,5278.82275390625,1737.366455078125,1411.85107421875,2043.551025390625,21886.8359375
2022-10-19,7195.28662109375,3180.122802734375,3454.726806640625,3391.007080078125,3255.5205078125,2169.388916015625,4637.1376953125,19963.591796875,4243.99755859375,8265.9267578125,5321.56640625,1810.5186767578125,1435.447509765625,1924.8602294921875,21886.8359375
2022-10-20,7390.927734375,3246.68359375,3609.6884765625,3477.956298828125,3371.788818359375,2230.375732421875,4566.0703125,19979.287109375,4283.6611328125,8605.6220703125,5428.42529296875,1856.2388916015625,1431.5147705078125,1976.46484375,22696.4921875
2022-10-21,7521.35693359375,3276.266357421875,3773.76513671875,3477.956298828125,3379.5400390625,2151.964111328125,4672.6708984375,20089.1484375,4204.333984375,8537.68359375,5364.31005859375,1805.9466552734375,1415.7838134765625,1976.46484375,22814.025390625
2022-10-24,7738.73828125,3328.03564453125,3737.3037109375,3613.2099609375,3418.296142578125,2090.97705078125,4725.9716796875,20324.56640625,4224.166015625,8537.68359375,5385.681640625,1824.2347412109375,1411.85107421875,1950.6624755859375,23062.142578125
2022-10-25,7564.83349609375,3394.596435546875,3728.188232421875,3642.19287109375,3402.794189453125,2090.97705078125,4761.50537109375,20089.1484375,4184.501953125,8628.2685546875,5300.19482421875,1828.8067626953125,1392.1873779296875,1935.1810302734375,22853.19921875
2022-10-26,7434.40576171875,3350.222900390625,3719.072998046875,3564.90478515625,3387.29150390625,2108.40185546875,4672.6708984375,20842.490234375,4283.6611328125,8877.3798828125,5407.05322265625,1865.3828125,1423.6492919921875,1966.1436767578125,23688.970703125
2022-10-27,7564.83349609375,3401.99169921875,3719.072998046875,3613.2099609375,3387.29150390625,2108.40185546875,4725.9716796875,20559.986328125,4243.99755859375,8900.0263671875,5385.681640625,1837.950927734375,1447.2457275390625,1955.8228759765625,23401.67578125
2022-10-28,7608.30810546875,3424.1787109375,3719.072998046875,3603.548828125,3449.301025390625,2134.5390625,4654.9052734375,20246.09375,3950.487060546875,8877.3798828125,5449.796875,1847.0947265625,1443.31298828125,1955.8228759765625,23258.025390625
2022-10-31,7651.78564453125,3438.970458984375,3846.68798828125,3632.53173828125,3402.794189453125,2195.52587890625,4725.9716796875,20277.484375,3680.775390625,8809.4404296875,5513.912109375,1874.52685546875,1451.1783447265625,2017.7486572265625,23532.263671875
2022-11-01,7651.78564453125,3446.365478515625,3791.995849609375,3632.53173828125,3426.047607421875,2151.964111328125,4672.6708984375,19743.8671875,3593.515380859375,8605.6220703125,5513.912109375,1815.0906982421875,1423.6492919921875,1935.1810302734375,22095.77734375
2022-11-02,7608.30810546875,3409.387451171875,3673.49560546875,3574.56591796875,3271.022705078125,2117.1142578125,4566.0703125,19273.02734375,3569.717529296875,8696.2080078125,5492.5400390625,1801.374755859375,1466.909423828125,1930.0203857421875,21899.892578125
2022-11-03,7651.78564453125,3438.970458984375,3709.957275390625,3593.88818359375,3201.26171875,2117.1142578125,4530.537109375,19461.361328125,3577.650146484375,8650.916015625,5449.796875,1801.374755859375,1439.3802490234375,1935.1810302734375,22774.845703125
2022-11-04,7630.04638671875,3438.970458984375,3700.842041015625,3584.226806640625,3263.271240234375,2117.1142578125,4566.0703125,19634.00390625,3601.4482421875,8741.5009765625,5513.912109375,1796.802490234375,1506.236572265625,1935.1810302734375,22774.845703125
2022-11-07,7695.2607421875,3468.552490234375,3737.3037109375,3584.226806640625,3317.5302734375,2143.25146484375,4619.37060546875,19634.00390625,3664.91015625,8832.0869140625,5556.65576171875,1847.0947265625,1573.0931396484375,1976.46484375,22761.787109375
2022-11-08,7608.30810546875,3416.783447265625,3700.842041015625,3574.56591796875,3271.022705078125,2125.826904296875,4637.1376953125,19571.22265625,3672.84228515625,8832.0869140625,5535.28369140625,1810.5186767578125,1561.294921875,1955.8228759765625,22448.369140625
2022-11-09,7716.99951171875,3438.970458984375,3700.842041015625,3593.88818359375,3247.76904296875,2125.826904296875,4654.9052734375,19461.361328125,3601.4482421875,8832.0869140625,5599.3994140625,1792.230712890625,1573.0931396484375,1888.736572265625,21899.892578125
2022-11-10,7651.78564453125,3350.222900390625,3682.611572265625,3584.226806640625,3232.2666015625,2090.97705078125,4637.1376953125,18456.904296875,3617.313720703125,8809.4404296875,5535.28369140625,1810.5186767578125,1573.0931396484375,1790.6875,21090.236328125
2022-11-11,7695.2607421875,3438.970458984375,3801.111572265625,3593.88818359375,3216.76416015625,2090.97705078125,4583.8369140625,18205.791015625,3601.4482421875,8922.6708984375,5471.1689453125,1828.8067626953125,1667.478759765625,1795.847900390625,21848.384765625
2022-11-14,7608.30810546875,3387.20068359375,3737.3037109375,3516.599853515625,3139.25146484375,2090.97705078125,4477.23583984375,18017.455078125,3641.111572265625,8832.0869140625,5535.28369140625,1837.950927734375,1667.478759765625,1795.847900390625,21586.552734375
2022-11-15,7651.78564453125,3387.20068359375,3737.3037109375,3526.26123046875,3139.25146484375,2082.2646484375,4423.93603515625,17986.06640625,3656.976806640625,8877.3798828125,5556.65576171875,1856.2388916015625,1698.9405517578125,1806.1689453125,21979.302734375
2022-11-16,7477.88134765625,3342.826904296875,3646.14990234375,3516.599853515625,3139.25146484375,1969.00341796875,4388.40234375,18048.84375,3656.976806640625,8854.732421875,5556.65576171875,1856.2388916015625,1596.6895751953125,1806.1689453125,22110.216796875
2022-11-17,7586.57177734375,3453.761474609375,3609.6884765625,3584.226806640625,3131.500244140625,2003.85302734375,4477.23583984375,17970.37109375,3641.111572265625,8764.1474609375,5578.02734375,1856.2388916015625,1553.429443359375,1831.97119140625,22124.763671875
2022-11-18,7673.52392578125,3409.387451171875,3709.957275390625,3555.243896484375,3108.246826171875,1995.1405029296875,4423.93603515625,18080.232421875,3680.775390625,8741.5009765625,5556.65576171875,1883.6710205078125,1541.6312255859375,1831.97119140625,22357.501953125
2022-11-21,7586.57177734375,3394.596435546875,3682.611572265625,3545.5830078125,3123.749267578125,1977.7158203125,4495.0029296875,18080.232421875,3609.381103515625,8877.3798828125,5578.02734375,1929.3909912109375,1541.6312255859375,1883.576171875,23128.453125
2022-11-22,7738.73828125,3394.596435546875,3691.72705078125,3574.56591796875,3100.49560546875,1986.4281005859375,4423.93603515625,18174.400390625,3617.313720703125,8741.5009765625,5513.912109375,1847.0947265625,1521.967529296875,1904.2181396484375,24132.140625
2022-11-23,7716.99951171875,3453.761474609375,3719.072998046875,3574.56591796875,3077.24169921875,1986.4281005859375,4406.1689453125,18598.15625,3609.381103515625,8967.9638671875,5513.912109375,1874.52685546875,1553.429443359375,1909.3785400390625,24073.953125
2022-11-24,7825.68994140625,3490.739501953125,3728.188232421875,3584.226806640625,3123.749267578125,1977.7158203125,4406.1689453125,18817.880859375,3617.313720703125,8877.3798828125,5492.5400390625,1892.81494140625,1549.496826171875,1904.2181396484375,24233.958984375
2022-11-25,7803.95068359375,3512.9267578125,3709.957275390625,3593.88818359375,3123.749267578125,1925.44140625,4388.40234375,18739.408203125,3649.044189453125,8967.9638671875,5407.05322265625,1920.2471923828125,1533.7657470703125,1878.4156494140625,23812.12109375
2022-11-28,7847.42724609375,3564.695556640625,3691.72705078125,3584.226806640625,3084.9931640625,1925.44140625,4423.93603515625,18676.630859375,3736.304443359375,9035.9033203125,5364.31005859375,1938.53515625,1506.236572265625,1899.0576171875,23884.853515625
2022-11-29,7803.95068359375,3586.8828125,3764.64990234375,3622.870849609375,3084.9931640625,1916.72900390625,4299.568359375,19273.02734375,3728.37158203125,9035.9033203125,5407.05322265625,1920.2471923828125,1545.56396484375,1935.1810302734375,24350.33203125
2022-11-30,8086.54541015625,3683.02587890625,3837.5732421875,3825.751708984375,3131.500244140625,1890.5916748046875,4299.568359375,19335.802734375,3864.431884765625,9149.1357421875,5513.912109375,1892.81494140625,1561.294921875,1960.9835205078125,24292.1484375
2022-12-01,7825.68994140625,3653.443115234375,3791.995849609375,3748.463623046875,3069.490478515625,1960.2911376953125,4388.40234375,19257.33203125,3791.973876953125,9194.427734375,5706.2578125,1874.52685546875,1604.554931640625,1966.1436767578125,24437.611328125
2022-12-02,7768.94970703125,3616.465087890625,3837.5732421875,3767.785888671875,3100.49560546875,2003.85302734375,4352.8681640625,18347.041015625,3791.973876953125,9239.720703125,5791.74462890625,1883.6710205078125,1604.554931640625,1945.5018310546875,24204.87109375
2022-12-05,7659.83642578125,3616.465087890625,3965.18798828125,3767.785888671875,2976.475830078125,2003.85302734375,4281.8017578125,17891.896484375,3816.1259765625,9375.599609375,5791.74462890625,1883.6710205078125,1620.285888671875,1904.2181396484375,23739.392578125
2022-12-06,7572.544921875,3594.278076171875,3974.303466796875,3690.497802734375,2790.446044921875,1995.1405029296875,4175.20068359375,17640.783203125,3816.1259765625,9375.599609375,5791.74462890625,1856.2388916015625,1545.56396484375,1888.736572265625,23855.76171875
2022-12-07,7376.13720703125,3520.32177734375,3782.880859375,3671.17578125,2852.455810546875,1934.15380859375,4068.599609375,17609.392578125,3783.922607421875,9352.9521484375,5855.8603515625,1856.2388916015625,1510.1693115234375,1904.2181396484375,24059.408203125
2022-12-08,7419.78369140625,3579.487060546875,3664.38037109375,3671.17578125,2898.96337890625,1890.5916748046875,4033.066162109375,17138.5546875,3751.71923828125,9239.720703125,5898.603515625,1956.8232421875,1565.2276611328125,1909.3785400390625,23652.11328125
2022-12-09,7485.2529296875,3549.904296875,3618.803466796875,3690.497802734375,2829.2021484375,1803.4676513671875,4033.066162109375,16400.90625,3719.515625,9194.427734375,5919.9755859375,1947.67919921875,1521.967529296875,1868.0948486328125,22837.525390625
2022-12-12,7594.3662109375,3586.8828125,3627.9189453125,3680.836669921875,2867.95849609375,1803.4676513671875,4033.066162109375,16871.74609375,3775.871826171875,9420.8916015625,5962.71875,1965.9674072265625,1533.7657470703125,1960.9835205078125,23215.728515625
2022-12-13,7594.3662109375,3675.630126953125,3609.6884765625,3729.141845703125,2906.714599609375,1759.90576171875,4139.6669921875,16840.35546875,3800.02490234375,9330.306640625,5919.9755859375,1929.3909912109375,1518.034912109375,1919.6995849609375,22895.708984375
2022-12-14,7528.8984375,3683.02587890625,3627.9189453125,3680.836669921875,2906.714599609375,1812.1800537109375,4139.6669921875,16856.05078125,3800.02490234375,9352.9521484375,5941.34716796875,1938.53515625,1525.900390625,1955.8228759765625,23564.833984375
2022-12-15,7419.78369140625,3631.256591796875,3609.6884765625,3661.51513671875,2844.704833984375,1786.0428466796875,4121.900390625,16652.01953125,3783.922607421875,9330.306640625,5962.71875,1874.52685546875,1521.967529296875,1945.5018310546875,23433.919921875
2022-12-16,7507.07421875,3683.02587890625,3682.611572265625,3787.107666015625,2852.455810546875,1751.1932373046875,4104.13330078125,16667.71484375,3920.788330078125,9443.5390625,5941.34716796875,1938.53515625,1588.8240966796875,1960.9835205078125,23623.0234375
2022-12-19,7550.72119140625,3675.630126953125,3646.14990234375,3642.19287109375,2883.460693359375,1786.0428466796875,4050.832763671875,16856.05078125,3808.0751953125,9194.427734375,5984.0908203125,1984.255126953125,1604.554931640625,1971.304443359375,23666.662109375
2022-12-20,7485.2529296875,3631.256591796875,3664.38037109375,3651.853759765625,2883.460693359375,1829.6048583984375,4050.832763671875,16730.494140625,3840.279296875,9330.306640625,5962.71875,1920.2471923828125,1580.9586181640625,1945.5018310546875,23724.845703125
2022-12-21,7572.544921875,3616.465087890625,3646.14990234375,3613.2099609375,2937.719482421875,1803.4676513671875,4050.832763671875,16714.798828125,3848.330322265625,9262.3671875,5898.603515625,1920.2471923828125,1604.554931640625,1940.3414306640625,23855.76171875
2022-12-22,7485.2529296875,3668.234619140625,3627.9189453125,3642.19287109375,2906.714599609375,1829.6048583984375,4104.13330078125,16950.21875,3896.63525390625,9171.78125,5813.11669921875,1883.6710205078125,1596.6895751953125,1940.3414306640625,23855.76171875
2022-12-23,7419.78369140625,3609.069580078125,3618.803466796875,3603.548828125,2929.96826171875,1812.1800537109375,4033.066162109375,16871.74609375,3880.533447265625,9081.1962890625,5834.48828125,1865.3828125,1573.0931396484375,1930.0203857421875,23753.939453125
2022-12-26,7485.2529296875,3646.048095703125,3664.38037109375,3603.548828125,2906.714599609375,1812.1800537109375,4015.299072265625,16573.546875,3824.17724609375,9194.427734375,5877.23193359375,1892.81494140625,1573.0931396484375,1909.3785400390625,23506.650390625
2022-12-27,7507.07421875,3601.67431640625,3627.9189453125,3593.88818359375,2953.221923828125,1855.7421875,4033.066162109375,16714.798828125,3872.482177734375,9126.4892578125,5813.11669921875,1856.2388916015625,1565.2276611328125,1904.2181396484375,23419.373046875
2022-12-28,7550.72119140625,3564.695556640625,3637.034423828125,3564.90478515625,2891.212158203125,1873.1671142578125,3997.53271484375,16432.294921875,3840.279296875,9217.0751953125,5749.00146484375,1856.2388916015625,1580.9586181640625,1893.8973388671875,23157.54296875
2022-12-29,7485.2529296875,3601.67431640625,3637.034423828125,3564.90478515625,2929.96826171875,1864.4544677734375,4015.299072265625,16495.07421875,3832.22802734375,9217.0751953125,5813.11669921875,1911.1031494140625,1580.9586181640625,1893.8973388671875,22866.623046875
2022-12-30,7463.4296875,3653.443115234375,3618.803466796875,3564.90478515625,2906.714599609375,1864.4544677734375,4050.832763671875,16369.515625,3783.922607421875,9058.5498046875,5749.00146484375,1911.1031494140625,1561.294921875,1904.2181396484375,22706.611328125
2023-01-02,7463.4296875,3601.67431640625,3600.572998046875,3564.90478515625,2945.470703125,1890.5916748046875,4050.832763671875,16196.875,3719.515625,9194.427734375,5791.74462890625,1883.6710205078125,1557.3621826171875,1904.2181396484375,23041.17578125
2023-01-03,7463.4296875,3586.8828125,3627.9189453125,3584.226806640625,2991.978271484375,2047.4151611328125,4015.299072265625,16259.6533203125,3703.413330078125,9217.0751953125,5770.373046875,1938.53515625,1573.0931396484375,1924.8602294921875,22721.16015625
2023-01-04,7288.84619140625,3527.717529296875,3655.265625,3545.5830078125,2960.973388671875,2038.70263671875,4033.066162109375,15161.029296875,3735.61767578125,9149.1357421875,5855.8603515625,1911.1031494140625,1612.4205322265625,1868.0948486328125,21833.837890625
2023-01-05,7201.55419921875,3431.57421875,3582.34228515625,3477.956298828125,2922.217041015625,1995.1405029296875,3819.864501953125,15490.615234375,3808.0751953125,9262.3671875,5855.8603515625,1892.81494140625,1545.56396484375,1759.7244873046875,20451.953125
2023-01-06,7245.201171875,3416.783447265625,3573.2275390625,3439.31201171875,2875.70947265625,1969.00341796875,3873.1650390625,15678.953125,3832.22802734375,9217.0751953125,5941.34716796875,1874.52685546875,1561.294921875,1770.0455322265625,20597.412109375
2023-01-09,7376.13720703125,3394.596435546875,3545.88134765625,3477.956298828125,2937.719482421875,1995.1405029296875,3802.09716796875,15506.3095703125,3832.22802734375,9239.720703125,5941.34716796875,1920.2471923828125,1620.285888671875,1692.6383056640625,20248.306640625
2023-01-10,7136.08544921875,3317.463623046875,3381.803955078125,3371.68505859375,2968.724365234375,2003.85302734375,3784.3310546875,15663.2578125,3775.871826171875,9239.720703125,5706.2578125,1874.52685546875,1604.554931640625,1733.922119140625,21004.705078125
2023-01-11,7092.4404296875,3280.020751953125,3263.304443359375,3284.736328125,2999.7294921875,2021.2779541015625,3713.26318359375,15741.7314453125,3783.922607421875,9534.1240234375,5706.2578125,1865.3828125,1628.1513671875,1754.5640869140625,20990.162109375
2023-01-12,7136.08544921875,3369.8837890625,3354.4580078125,3323.38037109375,2991.978271484375,1995.1405029296875,3802.09716796875,15663.2578125,3832.22802734375,9466.185546875,5663.5146484375,1847.0947265625,1675.34423828125,1718.4407958984375,20291.943359375
2023-01-13,7026.9716796875,3354.906494140625,3345.342529296875,3352.36328125,2929.96826171875,1977.7158203125,3873.1650390625,15161.029296875,3856.38134765625,9466.185546875,5727.62939453125,1874.52685546875,1691.0751953125,1718.4407958984375,20539.23046875
2023-01-16,7114.26318359375,3384.861083984375,3390.919677734375,3391.007080078125,2984.226806640625,1995.1405029296875,3979.765380859375,15208.11328125,3840.279296875,9420.8916015625,5727.62939453125,1883.6710205078125,1714.671630859375,1713.2802734375,20408.3125
2023-01-17,7267.02392578125,3414.8154296875,3554.99609375,3448.973388671875,3061.7392578125,2003.85302734375,3944.23193359375,15270.8916015625,3832.22802734375,9375.599609375,5834.48828125,1892.81494140625,1785.460693359375,1728.7615966796875,20684.689453125
2023-01-18,7245.201171875,3444.770263671875,3482.0732421875,3429.651123046875,3046.23681640625,2047.4151611328125,4015.299072265625,15537.701171875,3864.431884765625,9488.8310546875,5941.34716796875,1911.1031494140625,1777.5953369140625,1759.7244873046875,20771.966796875
2023-01-19,7267.02392578125,3452.259033203125,3554.99609375,3458.63427734375,3015.23193359375,2099.689697265625,4157.43359375,16479.37890625,3864.431884765625,9511.4775390625,5877.23193359375,1920.2471923828125,1785.460693359375,1801.0084228515625,21441.091796875
2023-01-20,7245.201171875,3482.21337890625,3637.034423828125,3487.616943359375,2999.7294921875,2056.12744140625,4192.966796875,16808.966796875,3872.482177734375,9511.4775390625,5877.23193359375,1883.6710205078125,1824.7882080078125,1842.292236328125,22299.3203125
2023-01-24,7179.73193359375,3459.74755859375,3609.6884765625,3497.278076171875,2984.226806640625,2056.12744140625,4210.73388671875,16400.90625,3888.584228515625,9420.8916015625,5919.9755859375,1883.6710205078125,1824.7882080078125,1826.8109130859375,21819.294921875
2023-01-25,7157.9091796875,3414.8154296875,3536.765380859375,3506.939208984375,2976.475830078125,2029.990234375,4228.50048828125,16353.8212890625,3904.686279296875,9443.5390625,5813.11669921875,1874.52685546875,1801.1917724609375,1795.847900390625,21251.990234375
2023-01-26,7397.96044921875,3437.28173828125,3582.34228515625,3661.51513671875,3077.24169921875,2003.85302734375,4192.966796875,15851.591796875,3864.431884765625,9126.4892578125,5727.62939453125,1865.3828125,1824.7882080078125,1749.4036865234375,20437.404296875
2023-01-27,7594.3662109375,3474.724609375,3655.265625,3690.497802734375,3069.490478515625,1995.1405029296875,4175.20068359375,16055.625,3824.17724609375,9058.5498046875,5727.62939453125,1874.52685546875,1809.05712890625,1790.6875,21004.705078125
2023-01-30,7594.3662109375,3452.259033203125,3627.9189453125,3593.88818359375,3069.490478515625,1951.5784912109375,4175.20068359375,15851.591796875,3832.22802734375,9149.1357421875,5813.11669921875,1965.9674072265625,1801.1917724609375,1780.366455078125,20742.875
2023-01-31,7397.96044921875,3429.792724609375,3627.9189453125,3535.921875,2984.226806640625,2003.85302734375,4264.03466796875,15412.1416015625,3751.71923828125,9149.1357421875,5749.00146484375,1883.6710205078125,1816.9224853515625,1754.5640869140625,21062.892578125
2023-02-01,7419.78369140625,3504.67919921875,3536.765380859375,3526.26123046875,2999.7294921875,1986.4281005859375,4264.03466796875,15522.005859375,3727.566650390625,9398.2451171875,5684.8857421875,1901.9591064453125,1864.115478515625,1744.2430419921875,20655.599609375
2023-02-02,7376.13720703125,3444.770263671875,3545.88134765625,3516.599853515625,3015.23193359375,1942.8662109375,4210.73388671875,15129.640625,3808.0751953125,9285.013671875,5642.142578125,2011.6875,1848.384521484375,1764.885009765625,20422.859375
2023-02-03,7594.3662109375,3557.099853515625,3618.803466796875,3593.88818359375,3007.48046875,1951.5784912109375,4175.20068359375,15066.859375,3775.871826171875,9488.8310546875,5727.62939453125,1993.3994140625,1832.653564453125,1718.4407958984375,19942.833984375
2023-02-06,7616.189453125,3549.61083984375,3600.572998046875,3613.2099609375,3007.48046875,2003.85302734375,4157.43359375,15019.77734375,3808.0751953125,9307.66015625,5706.2578125,1984.255126953125,1785.460693359375,1682.3172607421875,19724.64453125
2023-02-07,7725.3037109375,3557.099853515625,3709.957275390625,3622.870849609375,2945.470703125,2012.5654296875,4175.20068359375,15631.869140625,3912.7373046875,9307.66015625,5706.2578125,2020.8311767578125,1769.7298583984375,1790.6875,21237.4453125
2023-02-08,7703.4814453125,3587.053955078125,3719.072998046875,3661.51513671875,2976.475830078125,1986.4281005859375,4121.900390625,15569.087890625,4045.577392578125,9352.9521484375,5813.11669921875,2057.40771484375,1761.8642578125,1801.0084228515625,21004.705078125
2023-02-09,7768.94970703125,3602.031494140625,3737.3037109375,3690.497802734375,2922.217041015625,1951.5784912109375,4033.066162109375,15380.75390625,3961.042236328125,9330.306640625,5791.74462890625,2057.40771484375,1746.1334228515625,1795.847900390625,20582.869140625
2023-02-10,7703.4814453125,3639.474609375,3755.53466796875,3680.836669921875,2945.470703125,1960.2911376953125,4050.832763671875,15380.75390625,3687.31201171875,9330.306640625,5898.603515625,2157.9921875,1746.1334228515625,1739.0826416015625,19870.103515625
2023-02-13,7747.126953125,3594.54296875,3773.76513671875,3671.17578125,2937.719482421875,2003.85302734375,4068.599609375,15459.2275390625,3639.00634765625,9307.66015625,5749.00146484375,2039.119384765625,1761.8642578125,1739.0826416015625,20495.591796875
2023-02-14,7812.595703125,3646.962890625,3782.880859375,3651.853759765625,2945.470703125,1977.7158203125,4068.599609375,15537.701171875,3671.21044921875,9330.306640625,5770.373046875,2130.559814453125,1738.267822265625,1754.5640869140625,20437.404296875
2023-02-15,7747.126953125,3646.962890625,3728.188232421875,3642.19287109375,2937.719482421875,1969.00341796875,4033.066162109375,15616.173828125,3663.15966796875,9330.306640625,5706.2578125,2112.27197265625,1730.4024658203125,1775.2059326171875,20611.9609375
2023-02-16,7594.3662109375,3646.962890625,3709.957275390625,3613.2099609375,2922.217041015625,1986.4281005859375,4050.832763671875,15474.921875,3639.00634765625,9239.720703125,5642.142578125,2093.98388671875,1659.61328125,1811.32958984375,20597.412109375
2023-02-17,7616.189453125,3654.451904296875,3755.53466796875,3584.226806640625,2914.4658203125,1960.2911376953125,4033.066162109375,15459.2275390625,3630.955322265625,9375.599609375,5642.142578125,2057.40771484375,1643.88232421875,1801.0084228515625,20437.404296875
2023-02-20,7638.0126953125,3654.451904296875,3746.419189453125,3535.921875,2960.973388671875,2038.70263671875,3979.765380859375,15255.1982421875,3655.1083984375,9375.599609375,5663.5146484375,2103.1279296875,1636.0169677734375,1842.292236328125,20655.599609375
2023-02-21,7594.3662109375,3609.52001953125,3719.072998046875,3497.278076171875,2976.475830078125,2047.4151611328125,3961.998779296875,15066.859375,3622.90478515625,9330.306640625,5578.02734375,2093.98388671875,1636.0169677734375,1816.48974609375,20451.953125
2023-02-22,7572.544921875,3564.588134765625,3646.14990234375,3419.990234375,2991.978271484375,1986.4281005859375,3997.53271484375,15270.8916015625,3606.8037109375,9262.3671875,5642.142578125,1975.1112060546875,1612.4205322265625,1826.8109130859375,20699.236328125
2023-02-23,7616.189453125,3594.54296875,3673.49560546875,3458.63427734375,3077.24169921875,1977.7158203125,4015.299072265625,15506.3095703125,3542.395751953125,9262.3671875,5620.77099609375,1993.3994140625,1596.6895751953125,1837.1318359375,20888.337890625
2023-02-24,7572.544921875,3564.588134765625,3691.72705078125,3439.31201171875,3131.500244140625,1986.4281005859375,4086.3662109375,15663.2578125,3502.1416015625,9217.0751953125,5620.77099609375,2075.695556640625,1573.0931396484375,1888.736572265625,20961.06640625
2023-02-27,7659.83642578125,3602.031494140625,3700.842041015625,3458.63427734375,3069.490478515625,1890.5916748046875,4121.900390625,15804.5078125,3461.886962890625,9103.841796875,5642.142578125,1984.255126953125,1580.9586181640625,1924.8602294921875,20975.615234375
2023-02-28,7638.0126953125,3497.1904296875,3646.14990234375,3391.007080078125,3007.48046875,1820.892578125,4335.10205078125,17515.2265625,3365.2763671875,9171.78125,5535.28369140625,1929.3909912109375,1565.2276611328125,1991.9462890625,21644.7421875
2023-03-01,7507.07421875,3534.6337890625,3682.611572265625,3458.63427734375,3046.23681640625,1794.75537109375,4370.634765625,17311.1953125,3341.123291015625,8967.9638671875,5364.31005859375,1929.3909912109375,1573.0931396484375,2002.2672119140625,21513.826171875
2023-03-02,7528.8984375,3579.565673828125,3728.188232421875,3429.651123046875,3007.48046875,1812.1800537109375,4370.634765625,17782.03515625,3341.123291015625,8922.6708984375,5342.9375,1920.2471923828125,1580.9586181640625,2064.19287109375,22110.216796875
2023-03-03,7397.96044921875,3564.588134765625,3664.38037109375,3381.34619140625,3022.983154296875,1820.892578125,4299.568359375,17656.4765625,3268.665283203125,8809.4404296875,5364.31005859375,1883.6710205078125,1569.160400390625,2069.353515625,22081.125
2023-03-06,7332.49169921875,3587.053955078125,3691.72705078125,3400.668212890625,3007.48046875,1794.75537109375,4317.3349609375,17358.279296875,3357.22509765625,8832.0869140625,5342.9375,1929.3909912109375,1541.6312255859375,2059.032470703125,21964.759765625
2023-03-07,7354.314453125,3624.497802734375,3709.957275390625,3439.31201171875,3007.48046875,1812.1800537109375,4228.50048828125,16840.35546875,3284.767333984375,9035.9033203125,5342.9375,1901.9591064453125,1525.900390625,1976.46484375,21542.9140625
2023-03-08,7485.2529296875,3624.497802734375,3746.419189453125,3429.651123046875,3053.988037109375,1794.75537109375,4210.73388671875,16573.546875,3300.86865234375,8877.3798828125,5257.451171875,1920.2471923828125,1482.6402587890625,1991.9462890625,22052.033203125
2023-03-09,7485.2529296875,3602.031494140625,3810.226806640625,3535.921875,3077.24169921875,1803.4676513671875,4281.8017578125,16965.9140625,3300.86865234375,8877.3798828125,5257.451171875,1901.9591064453125,1474.7747802734375,2033.2301025390625,22313.861328125
2023-03-10,7376.13720703125,3609.52001953125,3782.880859375,3487.616943359375,3108.246826171875,1803.4676513671875,4246.26806640625,16840.35546875,3308.919921875,8832.0869140625,5236.0791015625,1883.6710205078125,1478.7076416015625,2007.427734375,22139.310546875
2023-03-13,7463.4296875,3617.0087890625,3773.76513671875,3477.956298828125,3154.75439453125,1803.4676513671875,4210.73388671875,17625.087890625,3349.17431640625,8741.5009765625,5236.0791015625,1929.3909912109375,1455.1112060546875,2028.069580078125,22546.60546875
2023-03-14,7267.02392578125,3527.1455078125,3618.803466796875,3391.007080078125,3115.998046875,1759.90576171875,4104.13330078125,17012.998046875,3389.428955078125,8741.5009765625,5278.82275390625,1911.1031494140625,1427.58203125,1976.46484375,21804.748046875
2023-03-15,7267.02392578125,3519.656494140625,3664.38037109375,3400.668212890625,3108.246826171875,1655.3568115234375,4104.13330078125,17107.166015625,3300.86865234375,8447.09765625,5214.70751953125,1892.81494140625,1459.0439453125,1966.1436767578125,22052.033203125
2023-03-16,7245.201171875,3542.12255859375,3591.457763671875,3458.63427734375,3139.25146484375,1629.2197265625,4157.43359375,16903.134765625,3276.71630859375,8515.037109375,5257.451171875,1947.67919921875,1411.85107421875,1883.576171875,21644.7421875
2023-03-17,7310.6689453125,3669.429443359375,3682.611572265625,3487.616943359375,3139.25146484375,1698.9188232421875,4157.43359375,17860.509765625,3349.17431640625,8650.916015625,5236.0791015625,2029.9755859375,1490.505859375,2002.2672119140625,22837.525390625
2023-03-20,7332.49169921875,3654.451904296875,3646.14990234375,3477.956298828125,3092.744384765625,1655.3568115234375,4175.20068359375,17389.669921875,3349.17431640625,8718.8544921875,5300.19482421875,1984.255126953125,1494.4385986328125,1976.46484375,22226.58984375
2023-03-21,7419.78369140625,3669.429443359375,3828.457763671875,3564.90478515625,3193.51025390625,1786.0428466796875,4175.20068359375,17248.41796875,3381.3779296875,8786.7939453125,5236.0791015625,2020.8311767578125,1482.6402587890625,1935.1810302734375,22313.861328125
2023-03-24,7703.4814453125,3748.984130859375,3974.303466796875,3719.480712890625,3154.75439453125,1742.4810791015625,4228.50048828125,17373.97265625,3437.734375,9035.9033203125,5407.05322265625,1947.67919921875,1490.505859375,1914.5389404296875,22342.95703125
2023-03-27,7594.3662109375,3725.406005859375,3908.900634765625,3671.17578125,3139.25146484375,1733.7685546875,4175.20068359375,17452.447265625,3453.8359375,9035.9033203125,5449.796875,1920.2471923828125,1541.6312255859375,1909.3785400390625,22401.140625
2023-03-28,7572.544921875,3748.984130859375,3880.158935546875,3638.032470703125,3139.25146484375,1786.0428466796875,4157.43359375,17938.982421875,3461.886962890625,9149.1357421875,5449.796875,1965.9674072265625,1569.160400390625,1966.1436767578125,23113.904296875
2023-03-29,7835.201171875,3780.421875,3966.385009765625,3708.576171875,3178.0078125,1777.3304443359375,4228.50048828125,18284.265625,3510.192138671875,9035.9033203125,5428.42529296875,2011.6875,1636.0169677734375,2017.7486572265625,23739.392578125
2023-03-30,7857.46044921875,3733.265625,3918.4814453125,3769.042236328125,3170.2568359375,1759.90576171875,4192.966796875,18190.095703125,3429.68310546875,8945.3173828125,5471.1689453125,1984.255126953125,1643.88232421875,1997.1068115234375,22793.888671875
2023-03-31,7790.68212890625,3717.54638671875,3956.80419921875,3769.042236328125,3147.003173828125,1725.05615234375,4264.03466796875,18268.568359375,3502.1416015625,9035.9033203125,5300.19482421875,1920.2471923828125,1643.88232421875,2059.032470703125,22924.8046875
2023-04-03,7835.201171875,3772.56298828125,4033.448974609375,3769.042236328125,3162.505615234375,1751.1932373046875,4264.03466796875,18111.62109375,3453.8359375,9035.9033203125,5278.82275390625,1901.9591064453125,1643.88232421875,2084.8349609375,23215.728515625
2023-04-04,7812.943359375,3788.28125,3985.5458984375,3769.042236328125,3147.003173828125,1729.4122314453125,4281.8017578125,18598.15625,3453.8359375,9239.720703125,5428.42529296875,1920.2471923828125,1612.4205322265625,2115.7978515625,23579.3828125
2023-04-05,7768.423828125,3796.14111328125,4004.70751953125,3758.96435546875,3216.76416015625,1729.4122314453125,4264.03466796875,18708.01953125,3421.63232421875,9171.78125,5364.31005859375,1911.1031494140625,1651.747802734375,2100.31640625,23797.578125
2023-04-06,7790.68212890625,3804.000244140625,3966.385009765625,3779.11962890625,3294.276611328125,1707.63134765625,4210.73388671875,18708.01953125,3421.63232421875,9126.4892578125,5342.9375,1874.52685546875,1651.747802734375,2079.67431640625,23928.4921875
2023-04-10,7835.201171875,3819.718994140625,3908.900634765625,3758.96435546875,3333.03271484375,1633.5758056640625,4246.26806640625,18959.130859375,3453.8359375,9126.4892578125,5407.05322265625,1892.81494140625,1588.8240966796875,2043.551025390625,23783.029296875
2023-04-11,7857.46044921875,3835.4384765625,3908.900634765625,3779.11962890625,3333.03271484375,1585.6575927734375,4317.3349609375,19084.69140625,3381.3779296875,9239.720703125,5428.42529296875,1892.81494140625,1659.61328125,2053.872314453125,26244.22265625
2023-04-12,7924.2373046875,3874.736328125,3947.223388671875,3769.042236328125,3340.783935546875,1598.726318359375,4441.7021484375,19618.30859375,3373.326904296875,9103.841796875,5364.31005859375,1865.3828125,1659.61328125,2022.9091796875,24415.23828125
2023-04-13,7946.49560546875,3914.033935546875,3928.062255859375,3779.11962890625,3364.03759765625,1568.2327880859375,4441.7021484375,19492.75,3300.86865234375,9285.013671875,5364.31005859375,1856.2388916015625,1675.34423828125,2053.872314453125,23880.345703125
2023-04-14,8013.2744140625,3988.699462890625,4004.70751953125,3789.197265625,3364.03759765625,1572.5889892578125,4406.1689453125,18974.826171875,3341.123291015625,9285.013671875,5385.681640625,1883.6710205078125,1659.61328125,2048.71142578125,23276.435546875
2023-04-17,8035.533203125,3921.89306640625,3928.062255859375,3809.3525390625,3309.779052734375,1555.1641845703125,4423.93603515625,19147.46875,3325.021728515625,9262.3671875,5407.05322265625,1865.3828125,1667.478759765625,2038.390625,22258.4140625
2023-04-18,8124.5693359375,3890.455078125,3966.385009765625,3819.4306640625,3309.779052734375,1563.8765869140625,4566.0703125,19508.4453125,3292.818115234375,9239.720703125,5428.42529296875,1883.6710205078125,1651.747802734375,2084.8349609375,23259.181640625
2023-04-26,8191.34716796875,3949.4013671875,3985.5458984375,3859.74072265625,3410.544921875,1537.7393798828125,4761.50537109375,19712.4765625,3300.86865234375,9239.720703125,5556.65576171875,1901.9591064453125,1659.61328125,2136.439697265625,23379.962890625
2023-04-27,8146.828125,4047.645263671875,3985.5458984375,3829.5078125,3348.53515625,1533.3831787109375,4761.50537109375,19508.4453125,3542.395751953125,9285.013671875,5492.5400390625,1938.53515625,1636.0169677734375,2131.279296875,23190.16015625
2023-04-28,8057.79150390625,4008.347412109375,3966.385009765625,3799.275146484375,3294.276611328125,1524.670654296875,4797.03955078125,22651.4296875,3542.395751953125,9579.4169921875,5513.912109375,1938.53515625,1651.747802734375,2136.439697265625,22983.107421875
2023-05-02,8057.79150390625,4047.645263671875,4023.86865234375,3849.663330078125,3247.76904296875,1507.2459716796875,4743.73779296875,21083.85546875,3542.395751953125,9420.8916015625,5556.65576171875,1892.81494140625,1620.285888671875,1991.9462890625,21861.560546875
2023-05-03,7946.49560546875,4008.347412109375,4004.70751953125,3819.4306640625,3216.76416015625,1585.6575927734375,4708.2041015625,19614.2578125,3542.395751953125,9737.94140625,5684.8857421875,1883.6710205078125,1667.478759765625,1852.6131591796875,21913.322265625
2023-05-04,8013.2744140625,4047.645263671875,3966.385009765625,3748.886962890625,3216.76416015625,1594.3699951171875,4690.4384765625,19202.767578125,3582.650634765625,9783.2333984375,5663.5146484375,1911.1031494140625,1675.34423828125,1759.7244873046875,21516.46875
2023-05-05,8013.2744140625,4106.591796875,3966.385009765625,3728.7314453125,3232.2666015625,1581.301513671875,4769.54248046875,18928.4453125,3614.853759765625,9851.173828125,5727.62939453125,1965.9674072265625,1604.554931640625,1733.922119140625,20463.9375
2023-05-08,8013.2744140625,4008.347412109375,3928.062255859375,3688.420654296875,3147.003173828125,1576.9453125,4750.154296875,19594.6640625,3598.752197265625,9987.0517578125,5877.23193359375,1920.2471923828125,1628.1513671875,1801.0084228515625,20705.501953125
2023-05-09,7946.49560546875,4027.996337890625,3870.578369140625,3678.343505859375,3154.75439453125,1659.713134765625,4905.26123046875,19810.203125,3534.344970703125,9964.4052734375,5834.48828125,1883.6710205078125,1659.61328125,1801.0084228515625,20619.228515625
2023-05-10,7946.49560546875,4047.645263671875,3889.73974609375,3708.576171875,3201.26171875,1655.3568115234375,4905.26123046875,19810.203125,3622.90478515625,9873.818359375,5898.603515625,1883.6710205078125,1651.747802734375,1801.0084228515625,20843.5390625
2023-05-11,7857.46044921875,4047.645263671875,3908.900634765625,3688.420654296875,3170.2568359375,1703.2750244140625,4847.09619140625,19457.498046875,3566.548828125,9941.7587890625,5813.11669921875,1947.67919921875,1604.554931640625,1775.2059326171875,19514.935546875
2023-05-12,7835.201171875,4047.645263671875,3832.255615234375,3627.955078125,3084.9931640625,1711.987548828125,4827.7080078125,19437.904296875,3542.395751953125,9851.173828125,5749.00146484375,1964.4373779296875,1573.0931396484375,1754.5640869140625,19204.3515625
2023-05-15,7812.943359375,4047.645263671875,3870.578369140625,3587.644287109375,3084.9931640625,1690.20654296875,4924.64990234375,19202.767578125,3622.90478515625,9964.4052734375,5749.00146484375,1992.367919921875,1565.2276611328125,1759.7244873046875,19152.58984375
2023-05-16,7746.1640625,4086.943359375,3824.59130859375,3527.178466796875,3084.9931640625,1705.34521484375,4866.484375,19163.580078125,3630.955322265625,9964.4052734375,5834.48828125,2048.228759765625,1549.496826171875,1739.0826416015625,18980.04296875
2023-05-17,7812.943359375,4086.943359375,3832.255615234375,3527.178466796875,3092.744384765625,1745.418701171875,4905.26123046875,18830.470703125,3590.70166015625,9964.4052734375,5813.11669921875,2010.988037109375,1521.967529296875,1687.477783203125,18151.822265625
2023-05-19,8013.2744140625,4244.1328125,3889.73974609375,3557.411376953125,3115.998046875,1789.9447021484375,5021.59130859375,18262.2265625,3566.548828125,9919.111328125,5941.34716796875,2020.2982177734375,1537.69873046875,1610.0706787109375,17047.53125
2023-05-22,8013.2744140625,4263.78125,4004.70751953125,3567.489013671875,3131.500244140625,1789.9447021484375,5118.53369140625,18712.900390625,3558.497314453125,9964.4052734375,5898.603515625,1983.0577392578125,1525.900390625,1630.7125244140625,17375.365234375
2023-05-23,8124.5693359375,4322.72802734375,3928.062255859375,3607.7998046875,3131.500244140625,1727.6082763671875,5118.53369140625,19202.767578125,3582.650634765625,10122.9296875,5941.34716796875,1973.74755859375,1529.8330078125,1625.552001953125,17582.421875
2023-05-24,8035.533203125,4401.3232421875,3889.73974609375,3557.411376953125,3224.515380859375,1732.0609130859375,5176.69921875,19281.146484375,3550.44677734375,10145.5751953125,5941.34716796875,1899.2666015625,1533.7657470703125,1604.91015625,17220.072265625
2023-05-25,8057.79150390625,4303.0791015625,3966.385009765625,3627.955078125,3193.51025390625,1749.871337890625,5118.53369140625,18418.982421875,3550.44677734375,10145.5751953125,6069.5771484375,1908.57666015625,1529.8330078125,1553.3052978515625,16426.36328125
2023-05-26,8146.828125,4401.3232421875,3928.062255859375,3607.7998046875,3201.26171875,1727.6082763671875,5118.53369140625,18085.873046875,3526.2939453125,10145.5751953125,6155.064453125,1908.57666015625,1510.1693115234375,1517.181884765625,16236.5634765625
2023-05-29,8146.828125,4362.025390625,3947.223388671875,3648.1103515625,3255.5205078125,1732.0609130859375,5118.53369140625,17929.115234375,3663.15966796875,10122.9296875,6155.064453125,1964.4373779296875,1521.967529296875,1527.5029296875,15856.962890625
2023-05-30,8235.865234375,4322.72802734375,3947.223388671875,3638.032470703125,3193.51025390625,1754.323974609375,5040.97998046875,17635.1953125,3655.1083984375,10145.5751953125,6112.3212890625,1927.1968994140625,1525.900390625,1594.589111328125,15925.9814453125
2023-05-31,8057.79150390625,4381.67431640625,3870.578369140625,3648.1103515625,3131.500244140625,1767.681640625,5002.20263671875,17419.654296875,3647.057373046875,10598.50390625,6069.5771484375,1889.9564208984375,1490.505859375,1579.107666015625,15270.306640625
2023-06-05,8191.34716796875,4263.78125,3889.73974609375,3627.955078125,3162.505615234375,1767.681640625,5293.02880859375,17909.51953125,3622.90478515625,10462.6259765625,6197.80810546875,1908.57666015625,1553.429443359375,1625.552001953125,15701.673828125
2023-06-06,8146.828125,4283.43017578125,3870.578369140625,3708.576171875,3170.2568359375,1754.323974609375,5273.640625,18183.845703125,3590.70166015625,10236.1611328125,6304.6669921875,1899.2666015625,1580.9586181640625,1692.6383056640625,16340.0908203125
2023-06-07,8102.31103515625,4244.1328125,3851.417236328125,3688.420654296875,3216.76416015625,1825.5654296875,5273.640625,17909.51953125,3679.260986328125,10236.1611328125,6368.7822265625,1908.57666015625,1588.8240966796875,1646.1939697265625,15805.19921875
2023-06-08,8124.5693359375,4303.0791015625,3851.417236328125,3708.576171875,3232.2666015625,1887.90185546875,5254.25146484375,18281.818359375,3703.413330078125,10236.1611328125,6347.41015625,1899.2666015625,1561.294921875,1702.959228515625,16236.5634765625
2023-06-09,8102.31103515625,4263.78125,3928.062255859375,3718.653564453125,3216.76416015625,1825.5654296875,5273.640625,18085.873046875,3663.15966796875,10304.1005859375,6347.41015625,1908.57666015625,1553.429443359375,1744.2430419921875,16064.0185546875
2023-06-12,8146.828125,4244.1328125,3908.900634765625,3748.886962890625,3271.366455078125,1816.6602783203125,5254.25146484375,18438.576171875,3711.464599609375,10236.1611328125,6368.7822265625,1917.8868408203125,1569.160400390625,1821.650390625,16253.8193359375
2023-06-13,8146.828125,4362.025390625,3908.900634765625,3678.343505859375,3255.211669921875,1825.5654296875,5234.86376953125,18007.49609375,3630.955322265625,10190.869140625,6283.294921875,1936.507080078125,1580.9586181640625,1801.0084228515625,16219.310546875
2023-06-14,8080.05126953125,4362.025390625,3870.578369140625,3617.876953125,3230.9794921875,1789.9447021484375,5351.1943359375,18007.49609375,3574.59912109375,10236.1611328125,6347.41015625,1908.57666015625,1596.6895751953125,1795.847900390625,16236.5634765625
2023-06-15,8057.79150390625,4342.376953125,3928.062255859375,3668.265380859375,3247.13427734375,1798.849853515625,5331.80517578125,18144.65625,3639.00634765625,10258.8076171875,6368.7822265625,1936.507080078125,1604.554931640625,1873.255126953125,16736.947265625
2023-06-16,8057.79150390625,4362.025390625,3947.223388671875,3638.032470703125,3206.7470703125,1798.849853515625,5312.4169921875,17948.7109375,3534.344970703125,10145.5751953125,6219.1796875,1955.1273193359375,1620.285888671875,1971.304443359375,16719.693359375
2023-06-19,8013.2744140625,4342.376953125,3928.062255859375,3648.1103515625,3198.669677734375,1754.323974609375,5331.80517578125,18144.65625,3526.2939453125,10190.869140625,6326.0390625,1927.1968994140625,1596.6895751953125,1955.8228759765625,16564.400390625
2023-06-20,8057.79150390625,4362.025390625,3908.900634765625,3658.18798828125,3222.902099609375,1749.871337890625,5273.640625,18125.064453125,3461.886962890625,10145.5751953125,6112.3212890625,1927.1968994140625,1588.8240966796875,1986.785888671875,16512.638671875
2023-06-21,8124.5693359375,4381.67431640625,3908.900634765625,3668.265380859375,3214.824462890625,1740.966064453125,5370.58251953125,18301.4140625,3510.192138671875,10258.8076171875,6304.6669921875,1908.57666015625,1580.9586181640625,1986.785888671875,16564.400390625
2023-06-22,8057.79150390625,4303.0791015625,3889.73974609375,3648.1103515625,3182.5146484375,1718.703125,5254.25146484375,18438.576171875,3421.63232421875,10122.9296875,6176.4365234375,1880.646240234375,1580.9586181640625,1950.6624755859375,16581.65625
2023-06-23,8057.79150390625,4244.1328125,3889.73974609375,3638.032470703125,3190.59228515625,1718.703125,5254.25146484375,18321.009765625,3437.734375,10122.9296875,6240.5517578125,1908.57666015625,1580.9586181640625,1909.3785400390625,16495.3828125
2023-06-26,8080.05126953125,4283.43017578125,3928.062255859375,3678.343505859375,3222.902099609375,1763.2291259765625,5273.640625,18242.62890625,3405.53076171875,10258.8076171875,6261.923828125,1927.1968994140625,1596.92919921875,2308.00390625,16564.400390625
2023-06-27,8146.828125,4263.78125,3985.5458984375,3688.420654296875,3230.9794921875,1740.966064453125,5254.25146484375,18242.62890625,3429.68310546875,10258.8076171875,6283.294921875,1908.57666015625,1596.92919921875,1963.635009765625,16650.673828125
2023-07-03,8080.05126953125,4303.0791015625,4100.513671875,3718.653564453125,3230.9794921875,1745.418701171875,5293.02880859375,18066.28125,3469.937744140625,10485.271484375,6197.80810546875,1880.646240234375,1609.2132568359375,1992.9429931640625,17030.2734375
2023-07-04,8057.79150390625,4283.43017578125,4023.86865234375,3668.265380859375,3206.7470703125,1758.7763671875,5254.25146484375,18105.46875,3486.03955078125,10394.685546875,6304.6669921875,1848.0609130859375,1613.30810546875,2000.27001953125,17133.8046875
2023-07-05,8057.79150390625,4283.43017578125,4043.0302734375,3688.420654296875,3214.824462890625,1781.03955078125,5254.25146484375,18575.740234375,3469.937744140625,10372.0400390625,6347.41015625,1871.336181640625,1625.592041015625,2036.9051513671875,17202.822265625
2023-07-06,8080.05126953125,4263.78125,4062.19091796875,3668.265380859375,3198.669677734375,1816.6602783203125,5273.640625,18850.064453125,3478.942138671875,10326.7470703125,6368.7822265625,1852.7158203125,1654.2548828125,2058.885986328125,17668.6953125
2023-07-07,8035.533203125,4224.48388671875,3947.223388671875,3658.18798828125,3198.669677734375,1834.470703125,5293.02880859375,18614.9296875,3470.756103515625,10384.7724609375,6441.38623046875,1852.7158203125,1617.4027099609375,2029.578125,17151.056640625
2023-07-10,8057.79150390625,4244.1328125,3966.385009765625,3648.1103515625,3190.59228515625,1807.755126953125,5254.25146484375,18889.25390625,3478.942138671875,10430.8251953125,6419.2509765625,1862.0260009765625,1621.497314453125,2036.9051513671875,17565.16796875
2023-07-11,8035.533203125,4263.78125,4043.0302734375,3617.876953125,3214.824462890625,1816.6602783203125,5273.640625,19183.17578125,3478.942138671875,10615.033203125,6463.52197265625,1889.9564208984375,1637.8760986328125,2022.2510986328125,17703.203125
2023-07-12,8169.0869140625,4283.43017578125,4062.19091796875,3607.7998046875,3214.824462890625,1825.5654296875,5254.25146484375,18810.873046875,3446.199462890625,10730.1640625,6552.06298828125,1862.0260009765625,1629.686767578125,2000.27001953125,17427.130859375
2023-07-13,8124.5693359375,4283.43017578125,4100.513671875,3587.644287109375,3166.35986328125,1789.9447021484375,5273.640625,18928.4453125,3478.942138671875,10776.216796875,6596.33349609375,1880.646240234375,1629.686767578125,2007.5970458984375,17185.56640625
2023-07-14,8191.34716796875,4342.376953125,4138.83642578125,3597.72216796875,3174.437255859375,1807.755126953125,5234.86376953125,18928.4453125,3478.942138671875,10845.294921875,6596.33349609375,1927.1968994140625,1637.8760986328125,2029.578125,17392.62109375
2023-07-17,8169.0869140625,4381.67431640625,4119.67529296875,3607.7998046875,3158.282470703125,1807.755126953125,5176.69921875,18987.228515625,3495.3134765625,10730.1640625,6463.52197265625,1880.646240234375,1629.686767578125,2044.23193359375,17547.912109375
2023-07-18,8146.828125,4420.9716796875,4100.513671875,3587.644287109375,3109.817626953125,1781.03955078125,5099.14501953125,19006.822265625,3495.3134765625,10822.2685546875,6507.79248046875,1862.0260009765625,1629.686767578125,2014.923828125,17427.130859375
2023-07-20,8146.828125,4420.9716796875,4234.64306640625,3648.1103515625,3109.817626953125,1843.375732421875,5060.3681640625,19104.794921875,3454.384765625,10568.982421875,6485.6572265625,1815.475341796875,1629.686767578125,2029.578125,17599.677734375
2023-07-21,8146.828125,4420.9716796875,4253.80419921875,3648.1103515625,3117.89501953125,1834.470703125,5002.20263671875,19202.767578125,3511.68505859375,10592.0078125,6485.6572265625,1834.0955810546875,1617.4027099609375,2044.23193359375,18479.66015625
2023-07-24,8102.31103515625,4401.3232421875,4215.48095703125,3638.032470703125,3150.204833984375,1825.5654296875,5079.7568359375,19908.17578125,3511.68505859375,10615.033203125,6441.38623046875,1834.0955810546875,1617.4027099609375,2110.175048828125,19325.134765625
2023-07-25,8146.828125,4440.62060546875,4253.80419921875,3638.032470703125,3134.050048828125,1816.6602783203125,5040.97998046875,19908.17578125,3315.22705078125,10338.7216796875,6352.84521484375,1829.4405517578125,1617.4027099609375,2088.194091796875,18997.298828125
2023-07-26,8324.9013671875,4460.26953125,4272.9658203125,3607.7998046875,3134.050048828125,1843.375732421875,5118.53369140625,20691.9609375,3249.741455078125,10292.66796875,6352.84521484375,1801.51025390625,1625.592041015625,2110.175048828125,19411.408203125
2023-07-27,8213.6064453125,4440.62060546875,4311.28759765625,3587.644287109375,3004.81103515625,1843.375732421875,5060.3681640625,20672.37109375,3143.326416015625,10292.66796875,6419.2509765625,1773.579833984375,1613.30810546875,2073.5400390625,19342.390625
2023-07-28,8124.5693359375,4479.91845703125,4368.771484375,3577.566650390625,3004.81103515625,2003.66943359375,5137.921875,20887.908203125,3167.8837890625,10315.6943359375,6485.6572265625,1778.23486328125,1605.1185302734375,2051.558837890625,19238.86328125
2023-07-31,8124.5693359375,4440.62060546875,4387.93310546875,3577.566650390625,3004.81103515625,2021.47998046875,5312.4169921875,21573.720703125,3151.51220703125,10315.6943359375,6485.6572265625,1782.889892578125,1625.592041015625,2029.578125,18772.98828125
2023-08-01,8124.5693359375,4479.91845703125,4330.44873046875,3496.945556640625,3029.043212890625,2030.3848876953125,5331.80517578125,21573.720703125,3086.026611328125,10200.564453125,6197.8974609375,1680.478515625,1670.6336669921875,2000.27001953125,18634.953125
2023-08-02,8191.34716796875,4479.91845703125,4368.771484375,3577.566650390625,2980.578369140625,2039.2901611328125,5312.4169921875,20946.693359375,3020.540283203125,10292.66796875,6242.16845703125,1671.1683349609375,1646.0655517578125,2007.5970458984375,18376.1328125
2023-08-03,8235.865234375,4479.91845703125,4445.41650390625,3607.7998046875,3004.81103515625,2021.47998046875,5293.02880859375,21279.802734375,3086.026611328125,10315.6943359375,6242.16845703125,1754.95947265625,1646.0655517578125,2007.5970458984375,18755.734375
2023-08-04,8146.828125,4381.67431640625,4426.25537109375,3627.955078125,2980.578369140625,2021.47998046875,5273.640625,21416.96484375,3061.46875,10361.74609375,6242.16845703125,1745.6494140625,1654.2548828125,2036.9051513671875,18790.2421875
2023-08-07,8258.1240234375,4479.91845703125,4502.89990234375,3627.955078125,2972.501220703125,2021.47998046875,5331.80517578125,21495.345703125,3045.097412109375,10246.6162109375,6264.3037109375,1722.3741455078125,1670.6336669921875,2029.578125,18790.2421875
2023-08-08,8191.34716796875,4420.9716796875,4522.0615234375,3597.72216796875,3012.888427734375,2074.9111328125,5312.4169921875,21573.720703125,3069.65478515625,10269.642578125,6197.8974609375,1727.0291748046875,1646.0655517578125,2029.578125,18962.7890625
2023-08-09,8369.4189453125,4479.91845703125,4522.0615234375,3658.18798828125,3045.197998046875,2074.9111328125,5331.80517578125,21750.072265625,3045.097412109375,10223.58984375,6175.76171875,1745.6494140625,1646.0655517578125,2036.9051513671875,19290.625
2023-08-10,8369.4189453125,4479.91845703125,4579.54541015625,3668.265380859375,3069.430419921875,2074.9111328125,5234.86376953125,21632.505859375,3012.3544921875,10545.9560546875,6264.3037109375,1717.718994140625,1629.686767578125,2044.23193359375,19583.951171875
2023-08-11,8369.4189453125,4440.62060546875,4541.22314453125,3668.265380859375,3077.508056640625,2030.3848876953125,5234.86376953125,21240.61328125,3028.72607421875,10568.982421875,6242.16845703125,1722.3741455078125,1629.686767578125,2029.578125,19049.060546875
2023-08-14,8324.9013671875,4440.62060546875,4560.384765625,3708.576171875,3093.662841796875,1994.7640380859375,5273.640625,21514.9375,3053.283203125,10499.9033203125,6242.16845703125,1722.3741455078125,1637.8760986328125,2036.9051513671875,19376.900390625
2023-08-15,8280.3828125,4381.67431640625,4445.41650390625,3668.265380859375,3085.585205078125,2030.3848876953125,5215.47509765625,21456.15234375,3053.283203125,10568.982421875,6197.8974609375,1722.3741455078125,1629.686767578125,2044.23193359375,19497.6796875
2023-08-16,8280.3828125,4342.376953125,4445.41650390625,3668.265380859375,3093.662841796875,2092.721435546875,5234.86376953125,21554.126953125,3053.283203125,10753.1904296875,6286.4384765625,1740.9942626953125,1605.1185302734375,2029.578125,19463.171875
2023-08-18,8235.865234375,4381.67431640625,4426.25537109375,3648.1103515625,3037.12060546875,2155.057861328125,5060.3681640625,21005.4765625,3020.540283203125,10776.216796875,6242.16845703125,1717.718994140625,1596.92919921875,2044.23193359375,19359.64453125
2023-08-21,8169.0869140625,4322.72802734375,4464.57763671875,3678.343505859375,3020.9658203125,2137.247314453125,5021.59130859375,21221.01953125,3036.911865234375,10753.1904296875,6197.8974609375,1717.718994140625,1596.92919921875,2051.558837890625,19480.42578125
2023-08-22,8280.3828125,4381.67431640625,4560.384765625,3668.265380859375,3029.043212890625,2128.34228515625,5079.7568359375,21632.505859375,3036.911865234375,10615.033203125,6197.8974609375,1727.0291748046875,1592.83447265625,2190.77197265625,20291.390625
2023-08-23,8280.3828125,4401.3232421875,4483.73876953125,3658.18798828125,3020.9658203125,2137.247314453125,5079.7568359375,21848.048828125,3069.65478515625,10592.0078125,6264.3037109375,1685.133544921875,1601.0240478515625,2212.7529296875,20429.427734375
2023-08-24,8191.34716796875,4362.025390625,4560.384765625,3678.343505859375,3004.81103515625,2119.436767578125,5021.59130859375,20927.099609375,3045.097412109375,10453.8515625,6220.03271484375,1685.133544921875,1633.781494140625,2161.4638671875,20118.84765625
2023-08-25,8258.1240234375,4401.3232421875,4522.0615234375,3668.265380859375,3004.81103515625,2119.436767578125,5002.20263671875,20417.63671875,3077.84033203125,10522.9287109375,6308.57421875,1685.133544921875,1629.686767578125,2132.156005859375,19808.265625
2023-08-28,8191.34716796875,4362.025390625,4598.70703125,3668.265380859375,2988.656005859375,2190.6787109375,4982.814453125,20691.9609375,3094.2119140625,10407.798828125,6286.4384765625,1680.478515625,1633.781494140625,2176.117919921875,20170.609375
2023-08-29,8235.865234375,4401.3232421875,4560.384765625,3688.420654296875,3004.81103515625,2217.394287109375,4963.42578125,20652.775390625,3077.84033203125,10476.876953125,6330.70947265625,1731.6842041015625,1633.781494140625,2168.791015625,20049.828125
2023-08-30,8191.34716796875,4342.376953125,4579.54541015625,3708.576171875,3077.508056640625,2279.730712890625,5002.20263671875,20496.015625,3061.46875,10361.74609375,6242.16845703125,1717.718994140625,1633.781494140625,2132.156005859375,20136.099609375
2023-08-31,8169.0869140625,4362.025390625,4617.8681640625,3698.49853515625,3012.888427734375,2226.29931640625,5002.20263671875,20378.447265625,3004.168701171875,10315.6943359375,6286.4384765625,1689.78857421875,1629.686767578125,2095.52099609375,19963.552734375
2023-09-01,8213.6064453125,4381.67431640625,4656.1904296875,3698.49853515625,3004.81103515625,2172.8681640625,5079.7568359375,20652.775390625,2995.98291015625,10315.6943359375,6197.8974609375,1652.5482177734375,1601.0240478515625,2110.175048828125,20153.357421875
2023-09-04,8213.6064453125,4420.9716796875,4675.35205078125,3809.3525390625,3012.888427734375,2181.7734375,5118.53369140625,21025.072265625,2995.98291015625,10315.6943359375,6109.35595703125,1661.858154296875,1596.92919921875,2139.48291015625,21378.431640625
2023-09-05,8213.6064453125,4420.9716796875,4675.35205078125,3879.896240234375,3020.9658203125,2217.394287109375,5118.53369140625,21318.994140625,2963.239990234375,10292.66796875,6065.08544921875,1647.89306640625,1596.92919921875,2146.81005859375,21343.919921875
2023-09-06,8146.828125,4381.67431640625,4637.02978515625,3859.74072265625,3061.35302734375,2208.489013671875,5060.3681640625,21475.748046875,2987.797119140625,10177.5380859375,6087.220703125,1619.962646484375,1592.83447265625,2190.77197265625,21464.703125
2023-09-07,8169.0869140625,4283.43017578125,4502.89990234375,3829.5078125,3037.12060546875,2030.3848876953125,4963.42578125,21279.802734375,2971.42578125,10315.6943359375,6153.62646484375,1587.3770751953125,1601.0240478515625,2139.48291015625,21223.138671875
2023-09-08,8124.5693359375,4204.83544921875,4522.0615234375,3779.11962890625,2980.578369140625,2083.816162109375,4963.42578125,21397.37109375,2955.054443359375,10246.6162109375,6131.49169921875,1601.3424072265625,1592.83447265625,2146.81005859375,21223.138671875
2023-09-11,8124.5693359375,4263.78125,4541.22314453125,3809.3525390625,2988.656005859375,2128.34228515625,4944.0380859375,21083.85546875,2987.797119140625,10292.66796875,6153.62646484375,1731.6842041015625,1601.0240478515625,2110.175048828125,20964.322265625
2023-09-12,8102.31103515625,4224.48388671875,4502.89990234375,3748.886962890625,2996.7333984375,2092.721435546875,4885.87255859375,21221.01953125,2963.239990234375,10315.6943359375,6065.08544921875,1694.4437255859375,1592.83447265625,2102.847900390625,21255.54296875
2023-09-13,8080.05126953125,4244.1328125,4483.73876953125,3769.042236328125,2996.7333984375,2119.436767578125,4885.87255859375,21299.3984375,2938.6826171875,10315.6943359375,6109.35595703125,1661.858154296875,1568.266357421875,2073.5400390625,21501.3828125
2023-09-14,8102.31103515625,4263.78125,4464.57763671875,3809.3525390625,2972.501220703125,2128.34228515625,4905.26123046875,21475.748046875,2914.12548828125,10131.4853515625,5932.27294921875,1661.858154296875,1555.982421875,2117.502197265625,22201.076171875
2023-09-15,8013.2744140625,4224.48388671875,4541.22314453125,3819.4306640625,3004.81103515625,2092.721435546875,4885.87255859375,22279.130859375,2865.01123046875,10108.4599609375,5976.5439453125,1643.2379150390625,1555.982421875,2088.194091796875,21936.326171875
2023-09-18,8013.2744140625,4185.1865234375,4522.0615234375,3769.042236328125,2972.501220703125,2074.9111328125,4885.87255859375,22024.400390625,2840.453857421875,9993.3291015625,5843.73193359375,1689.78857421875,1510.940673828125,2080.866943359375,21690.490234375
2023-09-19,8080.05126953125,4224.48388671875,4598.70703125,3809.3525390625,3012.888427734375,2048.1953125,4924.64990234375,22200.75390625,2930.4970703125,9970.3037109375,5910.1376953125,1666.5133056640625,1506.8460693359375,2110.175048828125,21936.326171875
2023-09-20,8146.828125,4224.48388671875,4656.1904296875,3859.74072265625,3077.508056640625,2083.816162109375,4885.87255859375,22337.9140625,2971.42578125,9993.3291015625,6020.81494140625,1629.2728271484375,1523.2247314453125,2102.847900390625,21936.326171875
2023-09-21,8124.5693359375,4204.83544921875,4598.70703125,3869.81884765625,3077.508056640625,2092.721435546875,4808.3193359375,22200.75390625,3086.026611328125,10315.6943359375,5932.27294921875,1689.78857421875,1502.7513427734375,2066.213134765625,21766.130859375
2023-09-22,8080.05126953125,4204.83544921875,4598.70703125,3930.28466796875,3117.89501953125,2163.962890625,4808.3193359375,22220.345703125,3151.51220703125,10453.8515625,5998.67919921875,1657.2032470703125,1515.035400390625,2095.52099609375,21860.68359375
2023-09-25,8013.2744140625,4165.5380859375,4598.70703125,4051.216552734375,3045.197998046875,2119.436767578125,4847.09619140625,22141.96875,3126.954833984375,10361.74609375,5998.67919921875,1652.5482177734375,1515.035400390625,2088.194091796875,21993.05859375
2023-09-26,7968.75537109375,4086.943359375,4541.22314453125,4020.9833984375,3037.12060546875,2083.816162109375,4808.3193359375,21750.072265625,3126.954833984375,10292.66796875,5932.27294921875,1680.478515625,1506.8460693359375,2058.885986328125,21558.11328125
2023-09-27,7901.978515625,4106.591796875,4598.70703125,4081.448974609375,3004.81103515625,2101.62646484375,4769.54248046875,22181.15625,3086.026611328125,10131.4853515625,5976.5439453125,1633.9278564453125,1490.46728515625,2051.558837890625,21463.55859375
2023-09-29,7857.46044921875,4106.591796875,4617.8681640625,4162.07080078125,3029.043212890625,2119.436767578125,4827.7080078125,22141.96875,3061.46875,10200.564453125,5865.8671875,1633.9278564453125,1486.37255859375,2051.558837890625,21917.41796875
2023-10-02,8080.05126953125,4126.24072265625,4637.02978515625,4151.99267578125,3029.043212890625,2146.15283203125,4866.484375,21887.23828125,3028.72607421875,10223.58984375,5976.5439453125,1661.858154296875,1478.1832275390625,2051.558837890625,21690.490234375
2023-10-03,8191.34716796875,4145.88916015625,4656.1904296875,4202.38134765625,3045.197998046875,2172.8681640625,4808.3193359375,21162.234375,2938.6826171875,10085.43359375,5954.40869140625,1671.1683349609375,1445.4256591796875,2007.5970458984375,21217.72265625
2023-10-04,8191.34716796875,4126.24072265625,4694.51318359375,4182.2255859375,3053.275390625,2110.531982421875,4711.37646484375,20829.126953125,2930.4970703125,10315.6943359375,5976.5439453125,1643.2379150390625,1424.9522705078125,1970.9620361328125,20574.763671875
2023-10-05,8080.05126953125,4067.29443359375,4694.51318359375,4182.2255859375,3004.81103515625,2110.531982421875,4672.6005859375,20496.015625,2995.98291015625,10707.138671875,6087.220703125,1708.4088134765625,1396.289306640625,1948.981201171875,19912.890625
2023-10-06,8035.533203125,4067.29443359375,4617.8681640625,4192.3037109375,3053.275390625,2101.62646484375,4711.37646484375,20691.9609375,3110.58349609375,10592.0078125,6087.220703125,1708.4088134765625,1404.4788818359375,1948.981201171875,20007.443359375
2023-10-09,8057.79150390625,4027.996337890625,4522.0615234375,4111.68212890625,3037.12060546875,2101.62646484375,4750.154296875,20927.099609375,3045.097412109375,10223.58984375,6065.08544921875,1657.2032470703125,1482.2779541015625,1992.9429931640625,20404.56640625
2023-10-10,7946.49560546875,4067.29443359375,4598.70703125,4192.3037109375,3077.508056640625,2110.531982421875,4691.98876953125,21064.26171875,3004.168701171875,9993.3291015625,6020.81494140625,1633.9278564453125,1486.37255859375,2014.923828125,20536.939453125
2023-10-11,7946.49560546875,4126.24072265625,4637.02978515625,4172.1484375,3053.275390625,2119.436767578125,4691.98876953125,21145.544921875,2955.054443359375,9855.1728515625,5976.5439453125,1629.2728271484375,1486.37255859375,2007.5970458984375,20782.779296875
2023-10-12,8057.79150390625,4165.5380859375,4656.1904296875,4293.080078125,3093.662841796875,2119.436767578125,4690.412109375,20823.630859375,2971.42578125,10108.4599609375,5954.40869140625,1619.962646484375,1453.6151123046875,1985.6160888671875,20310.015625
2023-10-13,8080.05126953125,4145.88916015625,4656.1904296875,4172.1484375,3109.817626953125,2119.436767578125,4710.11962890625,20984.5859375,2987.797119140625,10016.3544921875,5932.27294921875,1629.2728271484375,1437.236328125,1970.9620361328125,20574.763671875
2023-10-16,8102.31103515625,4126.24072265625,4617.8681640625,4192.3037109375,3037.12060546875,2119.436767578125,4611.58203125,21286.380859375,2987.797119140625,10039.3818359375,5954.40869140625,1638.5828857421875,1478.1832275390625,1985.6160888671875,20782.779296875
2023-10-17,7968.75537109375,4047.645263671875,4598.70703125,4192.3037109375,3061.35302734375,2119.436767578125,4611.58203125,21226.021484375,3135.14013671875,10039.3818359375,6065.08544921875,1699.0987548828125,1482.2779541015625,1992.9429931640625,20858.421875
2023-10-18,7879.71826171875,4047.645263671875,4483.73876953125,4131.83740234375,3029.043212890625,2048.1953125,4591.8740234375,21165.6640625,3126.954833984375,9786.09375,6020.81494140625,1680.478515625,1515.035400390625,1992.9429931640625,21066.439453125
2023-10-19,7790.68212890625,3929.75244140625,4387.93310546875,3982.68798828125,3012.888427734375,1994.7640380859375,4513.0439453125,20944.34765625,3118.769287109375,9601.8857421875,5976.5439453125,1675.823486328125,1486.37255859375,1970.9620361328125,21142.08203125
2023-10-20,7991.01513671875,3969.050537109375,4407.09423828125,4006.87451171875,2988.656005859375,1959.1434326171875,4493.3359375,20783.39453125,3159.697998046875,9763.0673828125,5910.1376953125,1647.89306640625,1494.56201171875,1992.9429931640625,21293.365234375
2023-10-23,7879.71826171875,3929.75244140625,4349.60986328125,4022.9990234375,2915.958740234375,1941.3331298828125,4414.50537109375,20119.451171875,3143.326416015625,9670.9638671875,5843.73193359375,1647.89306640625,1433.1416015625,1948.981201171875,20707.134765625
2023-10-24,7812.943359375,4008.347412109375,4407.09423828125,4031.06103515625,2948.268798828125,1950.2381591796875,4572.1669921875,20320.64453125,3266.112548828125,9947.27734375,5954.40869140625,1699.0987548828125,1445.4256591796875,1956.30810546875,20726.048828125
2023-10-25,7901.978515625,4067.29443359375,4483.73876953125,4006.87451171875,2907.881591796875,1896.80712890625,4552.458984375,21185.783203125,3339.784423828125,9624.9111328125,5976.5439453125,1638.5828857421875,1416.762939453125,1970.9620361328125,20612.583984375
2023-10-26,7768.423828125,3866.876220703125,4368.771484375,3934.315673828125,2810.9521484375,1861.1861572265625,4513.0439453125,21065.064453125,3257.927001953125,9463.728515625,5976.5439453125,1629.2728271484375,1416.762939453125,1948.981201171875,20310.015625
2023-10-27,7746.1640625,3929.75244140625,4368.771484375,3910.129150390625,2827.107177734375,1887.90185546875,4513.0439453125,20541.958984375,3257.927001953125,9693.9892578125,5976.5439453125,1633.9278564453125,1412.6680908203125,1948.981201171875,20404.56640625
2023-10-30,7879.71826171875,3929.75244140625,4387.93310546875,3910.129150390625,2762.487548828125,1825.5654296875,4572.1669921875,19636.583984375,3102.397705078125,9693.9892578125,5954.40869140625,1587.3770751953125,1412.6680908203125,1897.692138671875,19856.158203125
2023-10-31,7790.68212890625,3898.314453125,4349.60986328125,3861.75634765625,2819.029541015625,2021.47998046875,4552.458984375,20220.048828125,2963.239990234375,9532.806640625,5888.00244140625,1573.4119873046875,1396.289306640625,1817.09521484375,20064.17578125
2023-11-01,7657.1279296875,3796.14111328125,4330.44873046875,3885.94287109375,2924.036376953125,1834.470703125,4572.1669921875,19395.150390625,2930.4970703125,9555.8330078125,5888.00244140625,1494.27587890625,1351.247802734375,1729.171142578125,18929.537109375
2023-11-02,7879.71826171875,3929.75244140625,4522.0615234375,3926.253662109375,2924.036376953125,1807.755126953125,4572.1669921875,19093.359375,2938.6826171875,9532.806640625,5733.05517578125,1484.9658203125,1351.247802734375,1743.8251953125,19080.822265625
2023-11-03,7924.2373046875,4008.347412109375,4464.57763671875,3942.377685546875,2883.649169921875,1825.5654296875,4650.9970703125,19133.59765625,2905.93994140625,9624.9111328125,5644.513671875,1480.310791015625,1355.342529296875,1751.1522216796875,19251.01953125
2023-11-06,8057.79150390625,4086.943359375,4541.22314453125,4006.87451171875,2948.268798828125,1878.9967041015625,4670.70458984375,19113.4765625,2963.239990234375,9647.9375,5622.37841796875,1503.5860595703125,1392.19482421875,1758.4791259765625,19402.302734375
2023-11-07,7991.01513671875,4126.24072265625,4502.89990234375,3982.68798828125,2883.649169921875,1878.9967041015625,4591.8740234375,18811.6875,2922.311279296875,9647.9375,5644.513671875,1494.27587890625,1384.00537109375,1729.171142578125,19175.375
2023-11-08,8013.2744140625,4106.591796875,4483.73876953125,3934.315673828125,2843.26171875,1923.5225830078125,4513.0439453125,18348.94140625,2946.86865234375,9647.9375,5622.37841796875,1503.5860595703125,1359.437255859375,1707.190185546875,18702.609375
2023-11-09,8013.2744140625,4086.943359375,4502.89990234375,3918.191650390625,2851.339111328125,1932.427734375,4532.75146484375,18409.298828125,2946.86865234375,9624.9111328125,5600.2431640625,1508.2410888671875,1355.342529296875,1721.84423828125,18740.431640625
2023-11-10,7857.46044921875,3988.699462890625,4426.25537109375,3918.191650390625,2867.494140625,1976.953857421875,4552.458984375,18590.373046875,2938.6826171875,9740.04296875,5600.2431640625,1480.310791015625,1330.7744140625,1714.5172119140625,18797.1640625
2023-11-13,7901.978515625,3949.4013671875,4464.57763671875,3942.377685546875,2843.26171875,1959.1434326171875,4453.92041015625,18711.087890625,2889.568603515625,9555.8330078125,5710.91943359375,1489.6207275390625,1326.6796875,1729.171142578125,18664.787109375
2023-11-14,7946.49560546875,3988.699462890625,4464.57763671875,3934.315673828125,2827.107177734375,1923.5225830078125,4473.62841796875,18711.087890625,2848.639404296875,9624.9111328125,5644.513671875,1494.27587890625,1326.6796875,1751.1522216796875,18910.62890625
2023-11-15,8057.79150390625,4126.24072265625,4541.22314453125,4014.93701171875,2867.494140625,1914.6175537109375,4532.75146484375,18831.8046875,2807.7109375,9740.04296875,5688.7841796875,1498.9310302734375,1343.0584716796875,1758.4791259765625,19213.197265625
2023-11-16,8080.05126953125,4126.24072265625,4541.22314453125,3990.75048828125,2859.416748046875,1870.0914306640625,4591.8740234375,18872.044921875,2832.26806640625,9740.04296875,5710.91943359375,1503.5860595703125,1351.247802734375,1743.8251953125,19232.107421875
2023-11-17,8080.05126953125,4106.591796875,4522.0615234375,4014.93701171875,2867.494140625,1852.281005859375,4493.3359375,18409.298828125,2840.453857421875,9647.9375,5688.7841796875,1508.2410888671875,1338.963623046875,1758.4791259765625,19269.927734375
2023-11-20,7901.978515625,4126.24072265625,4502.89990234375,4014.93701171875,2899.803955078125,1861.1861572265625,4572.1669921875,18469.65625,2832.26806640625,9693.9892578125,5666.6494140625,1512.8961181640625,1318.4903564453125,1773.1331787109375,19364.482421875
2023-11-21,7812.943359375,4086.943359375,4502.89990234375,4091.52685546875,2924.036376953125,1843.375732421875,4552.458984375,18328.8203125,2848.639404296875,9670.9638671875,5688.7841796875,1494.27587890625,1326.6796875,1780.460205078125,19364.482421875
2023-11-22,7901.978515625,4145.88916015625,4502.89990234375,4091.52685546875,2915.958740234375,1843.375732421875,4473.62841796875,17966.671875,2865.01123046875,9670.9638671875,5622.37841796875,1531.516357421875,1314.3956298828125,1773.1331787109375,19307.75
2023-11-23,7946.49560546875,4204.83544921875,4522.0615234375,4151.99267578125,2907.881591796875,1861.1861572265625,4493.3359375,18127.626953125,2897.754150390625,9717.015625,5622.37841796875,1526.861328125,1310.3009033203125,1780.460205078125,19269.927734375
2023-11-24,7946.49560546875,4244.1328125,4502.89990234375,4192.3037109375,2924.036376953125,1852.281005859375,4513.0439453125,18208.103515625,2889.568603515625,9601.8857421875,5688.7841796875,1484.9658203125,1314.3956298828125,1802.4410400390625,19213.197265625
2023-11-27,7901.978515625,4204.83544921875,4522.0615234375,4252.76904296875,2972.501220703125,1870.0914306640625,4434.21337890625,18067.267578125,2881.38232421875,9809.1201171875,5666.6494140625,1512.8961181640625,1326.6796875,1787.787109375,19061.912109375
2023-11-28,7901.978515625,4204.83544921875,4522.0615234375,4172.1484375,3045.197998046875,1914.6175537109375,4375.0908203125,18107.505859375,2946.86865234375,9809.1201171875,5644.513671875,1494.27587890625,1355.342529296875,1787.787109375,18891.71484375
2023-11-29,7924.2373046875,4165.5380859375,4483.73876953125,4212.458984375,3004.81103515625,1923.5225830078125,4355.3828125,18067.267578125,2971.42578125,9670.9638671875,5688.7841796875,1494.27587890625,1392.19482421875,1773.1331787109375,18683.69921875
2023-11-30,7991.01513671875,4145.88916015625,4483.73876953125,4252.76904296875,3037.12060546875,1887.90185546875,4256.84521484375,17624.640625,2987.797119140625,10638.060546875,5688.7841796875,1503.5860595703125,1424.9522705078125,1773.1331787109375,18570.236328125
2023-12-01,7968.75537109375,4204.83544921875,4522.0615234375,4232.6142578125,3093.662841796875,1852.281005859375,4532.75146484375,17825.833984375,2971.42578125,9693.9892578125,5600.2431640625,1550.1365966796875,1396.289306640625,1780.460205078125,18570.236328125
2023-12-04,7984.40966796875,4322.72802734375,4598.70703125,4272.92431640625,3077.508056640625,1843.375732421875,4532.75146484375,18047.1484375,2971.42578125,9670.9638671875,5622.37841796875,1526.861328125,1433.1416015625,1802.4410400390625,18589.1484375
2023-12-05,7962.0458984375,4283.43017578125,4579.54541015625,4272.92431640625,3109.817626953125,1825.5654296875,4513.0439453125,17745.359375,3015.57666015625,9832.146484375,5733.05517578125,1545.4815673828125,1429.0469970703125,1773.1331787109375,18116.37890625
2023-12-06,7872.58447265625,4263.78125,4445.41650390625,4212.458984375,3166.35986328125,1905.712158203125,4513.0439453125,17403.32421875,2923.943115234375,9809.1201171875,5755.1904296875,1582.72216796875,1392.19482421875,1765.80615234375,18040.740234375
2023-12-07,7894.9501953125,4303.0791015625,4407.09423828125,4252.76904296875,3158.282470703125,1843.375732421875,4473.62841796875,17463.68359375,2973.9248046875,9809.1201171875,5710.91943359375,1554.791748046875,1338.963623046875,1773.1331787109375,17946.185546875
2023-12-08,7827.85302734375,4224.48388671875,4368.771484375,4091.52685546875,3182.5146484375,1816.6602783203125,4473.62841796875,17946.55078125,2923.943115234375,10108.4599609375,5666.6494140625,1531.516357421875,1379.9107666015625,1765.80615234375,18154.201171875
2023-12-11,7827.85302734375,4165.5380859375,4426.25537109375,4172.1484375,3214.824462890625,1732.0609130859375,4414.50537109375,17564.28125,2915.61279296875,9693.9892578125,5644.513671875,1517.55126953125,1355.342529296875,1736.498291015625,18002.916015625
2023-12-12,7783.123046875,4185.1865234375,4445.41650390625,4252.76904296875,3158.282470703125,1718.703125,4394.7978515625,17584.40234375,2857.300537109375,9786.09375,5688.7841796875,1498.9310302734375,1330.7744140625,1721.84423828125,18154.201171875
2023-12-13,7760.7587890625,4165.5380859375,4387.93310546875,4172.1484375,3166.35986328125,1714.25048828125,4355.3828125,16839.982421875,2873.961181640625,9717.015625,5666.6494140625,1498.9310302734375,1306.2061767578125,1685.209228515625,18002.916015625
2023-12-14,8096.2373046875,4362.025390625,4560.384765625,4313.2353515625,3182.5146484375,1732.0609130859375,4434.21337890625,17262.490234375,2832.309326171875,9740.04296875,5666.6494140625,1489.6207275390625,1343.0584716796875,1692.5361328125,18210.93359375
2023-12-15,8252.794921875,4362.025390625,4522.0615234375,4252.76904296875,3214.824462890625,1718.703125,4453.92041015625,17121.654296875,2915.61279296875,9601.8857421875,5600.2431640625,1489.6207275390625,1367.6265869140625,1692.5361328125,18494.591796875
2023-12-18,8230.4296875,4322.72802734375,4541.22314453125,4192.3037109375,3206.7470703125,1687.534912109375,4414.50537109375,17544.162109375,2840.6396484375,9763.0673828125,5555.97216796875,1503.5860595703125,1363.5318603515625,1707.190185546875,18305.486328125
2023-12-19,8275.16015625,4362.025390625,4579.54541015625,4192.3037109375,3206.7470703125,1732.0609130859375,4434.21337890625,17564.28125,2857.300537109375,9740.04296875,5600.2431640625,1545.4815673828125,1343.0584716796875,1736.498291015625,18551.326171875
2023-12-20,8319.890625,4362.025390625,4541.22314453125,4192.3037109375,3198.669677734375,1758.7763671875,4434.21337890625,17544.162109375,2882.29150390625,9740.04296875,5555.97216796875,1503.5860595703125,1338.963623046875,1729.171142578125,18759.341796875
2023-12-21,8342.2568359375,4381.67431640625,4579.54541015625,4151.99267578125,3190.59228515625,1763.2291259765625,4375.0908203125,17705.1171875,2890.621826171875,9717.015625,5555.97216796875,1489.6207275390625,1338.963623046875,1743.8251953125,18929.537109375
2023-12-22,8342.2568359375,4460.26953125,4579.54541015625,4232.6142578125,3198.669677734375,1789.9447021484375,4375.0908203125,17725.23828125,2890.621826171875,9693.9892578125,5555.97216796875,1475.6556396484375,1363.5318603515625,1758.4791259765625,19175.375
2023-12-27,8386.9853515625,4420.9716796875,4598.70703125,4252.76904296875,3182.5146484375,1754.323974609375,4375.0908203125,18047.1484375,2890.621826171875,9740.04296875,5622.37841796875,1508.2410888671875,1420.8575439453125,1787.787109375,19175.375
2023-12-28,8409.3515625,4499.56689453125,4694.51318359375,4313.2353515625,3198.669677734375,1754.323974609375,4414.50537109375,18268.46484375,2948.933837890625,9809.1201171875,5710.91943359375,1508.2410888671875,1404.4788818359375,1802.4410400390625,19288.83984375
2023-12-29,8409.3515625,4499.56689453125,4637.02978515625,4333.39111328125,3190.59228515625,1781.03955078125,4453.92041015625,18208.103515625,2940.603515625,9740.04296875,5710.91943359375,1498.9310302734375,1396.289306640625,1787.787109375,19402.302734375
2024-01-02,8431.7177734375,4526.68798828125,4694.51318359375,4333.39111328125,3222.902099609375,1781.03955078125,4493.3359375,18892.166015625,2957.26416015625,9809.1201171875,5710.91943359375,1508.2410888671875,1420.8575439453125,1853.7301025390625,19950.708984375
2024-01-03,8364.62109375,4466.86328125,4675.35205078125,4313.2353515625,3198.669677734375,1825.5654296875,4414.50537109375,18690.970703125,2940.603515625,9786.09375,5666.6494140625,1494.27587890625,1392.19482421875,1853.7301025390625,19477.9453125
2024-01-04,8476.447265625,4546.62890625,4866.96533203125,4514.7880859375,3206.7470703125,1861.1861572265625,4493.3359375,18731.208984375,2932.273193359375,10177.5380859375,5710.91943359375,1480.310791015625,1379.9107666015625,1941.6541748046875,20120.90625
2024-01-05,8565.91015625,4586.51123046875,4924.44873046875,4494.63330078125,3142.127685546875,1870.0914306640625,4434.21337890625,18711.087890625,2932.273193359375,9878.1982421875,5710.91943359375,1471.00048828125,1371.7213134765625,1948.981201171875,20253.28125
2024-01-08,8565.91015625,4486.8046875,4905.2880859375,4494.63330078125,3142.127685546875,1878.9967041015625,4394.7978515625,18530.015625,2898.9521484375,9901.224609375,5666.6494140625,1480.310791015625,1351.247802734375,1927.0,20499.1171875
2024-01-09,8610.6396484375,4546.62890625,4886.12646484375,4555.09912109375,3198.669677734375,1878.9967041015625,4394.7978515625,18590.373046875,2857.300537109375,10154.51171875,5644.513671875,1480.310791015625,1347.1531982421875,1927.0,20404.56640625
2024-01-10,8543.5439453125,4546.62890625,4924.44873046875,4514.7880859375,3230.9794921875,1914.6175537109375,4355.3828125,18751.328125,2840.6396484375,10453.8515625,5622.37841796875,1471.00048828125,1355.342529296875,1941.6541748046875,20404.56640625
2024-01-11,8565.91015625,4586.51123046875,4943.60986328125,4514.7880859375,3222.902099609375,2030.3848876953125,4375.0908203125,18751.328125,2840.6396484375,10246.6162109375,5622.37841796875,1484.9658203125,1338.963623046875,1919.673095703125,20272.193359375
2024-01-12,8677.734375,4666.27685546875,5039.41650390625,4514.7880859375,3239.056884765625,1959.1434326171875,4414.50537109375,19234.193359375,2890.621826171875,10292.66796875,5644.513671875,1484.9658203125,1330.7744140625,1934.3270263671875,20385.65625
2024-01-15,8700.1015625,4646.33544921875,4981.9326171875,4534.943359375,3230.9794921875,2030.3848876953125,4355.3828125,19898.13671875,2857.300537109375,10246.6162109375,5710.91943359375,1480.310791015625,1314.3956298828125,1985.6160888671875,20763.8671875
2024-01-16,8677.734375,4646.33544921875,5001.09375,4514.7880859375,3239.056884765625,2021.47998046875,4335.67529296875,19797.5390625,2840.6396484375,10200.564453125,5710.91943359375,1475.6556396484375,1314.3956298828125,1978.2890625,20726.048828125
2024-01-17,8722.4658203125,4606.45263671875,5001.09375,4474.4775390625,3222.902099609375,2003.66943359375,4256.84521484375,19495.74609375,2765.666748046875,10246.6162109375,5666.6494140625,1471.00048828125,1314.3956298828125,1948.981201171875,20726.048828125
2024-01-18,8655.3701171875,4586.51123046875,5001.09375,4474.4775390625,3190.59228515625,2066.005859375,4237.13720703125,19395.150390625,2749.006591796875,10384.7724609375,5644.513671875,1471.00048828125,1326.6796875,1934.3270263671875,20499.1171875
2024-01-19,8610.6396484375,4626.39404296875,5001.09375,4434.16748046875,3182.5146484375,2110.531982421875,4217.4296875,19375.03125,2699.024169921875,10638.060546875,5710.91943359375,1447.7252197265625,1347.1531982421875,1919.673095703125,20272.193359375
2024-01-22,8610.6396484375,4606.45263671875,4981.9326171875,4454.32275390625,3214.824462890625,2137.247314453125,4118.8916015625,18711.087890625,2599.06005859375,10499.9033203125,5688.7841796875,1447.7252197265625,1347.1531982421875,1868.3841552734375,19856.158203125
2024-01-23,8588.2734375,4546.62890625,4981.9326171875,4373.70068359375,3190.59228515625,2163.962890625,4040.06103515625,18268.46484375,2649.04248046875,10476.876953125,5666.6494140625,1447.7252197265625,1318.4903564453125,1861.0572509765625,19591.41015625
2024-01-24,8521.1787109375,4506.74560546875,4905.2880859375,4414.01171875,3206.7470703125,2092.721435546875,4000.64599609375,18147.74609375,2665.703125,10499.9033203125,5710.91943359375,1484.9658203125,1257.070068359375,1839.076171875,19496.857421875
2024-01-25,8498.8125,4407.0390625,4809.48046875,4353.54638671875,3214.824462890625,2101.62646484375,3980.9384765625,18610.4921875,2632.3818359375,10499.9033203125,5666.6494140625,1466.345458984375,1273.44873046875,1883.0380859375,20064.17578125
2024-01-26,8364.62109375,4327.27392578125,4828.6416015625,4373.70068359375,3214.824462890625,2074.9111328125,4000.64599609375,18489.775390625,2632.3818359375,10545.9560546875,5688.7841796875,1433.760009765625,1289.8275146484375,1883.0380859375,20196.548828125
2024-01-29,8543.5439453125,4446.92236328125,4962.77099609375,4494.63330078125,3239.056884765625,2057.1005859375,3886.341552734375,18771.447265625,2565.739013671875,10499.9033203125,5688.7841796875,1405.8297119140625,1281.6380615234375,1883.0380859375,20272.193359375
2024-01-30,8633.0048828125,4486.8046875,5096.89990234375,4555.09912109375,3230.9794921875,2003.66943359375,4020.353515625,18389.1796875,2607.390869140625,10338.7216796875,5666.6494140625,1405.8297119140625,1281.6380615234375,1897.692138671875,20083.083984375
2024-01-31,8543.5439453125,4546.62890625,5096.89990234375,4635.72021484375,3198.669677734375,2066.005859375,4040.06103515625,18469.65625,2582.399658203125,10845.294921875,5644.513671875,1405.8297119140625,1269.35400390625,1912.3460693359375,20461.298828125
2024-02-01,8677.734375,4586.51123046875,5020.25537109375,4615.56494140625,3263.289306640625,2048.1953125,4040.06103515625,18348.94140625,2582.399658203125,10661.0859375,5622.37841796875,1405.8297119140625,1257.070068359375,1875.711181640625,20139.818359375
2024-02-02,8677.734375,4666.27685546875,5116.06103515625,4655.87548828125,3222.902099609375,2057.1005859375,4197.7216796875,18389.1796875,2640.712158203125,10661.0859375,5666.6494140625,1433.760009765625,1248.8804931640625,1861.0572509765625,19837.24609375
2024-02-05,8565.91015625,4606.45263671875,5231.029296875,4635.72021484375,3214.824462890625,2021.47998046875,4079.476318359375,18248.34375,2665.703125,10568.982421875,5578.10791015625,1438.4151611328125,1179.270751953125,1861.0572509765625,19818.3359375
2024-02-06,8610.6396484375,4646.33544921875,5250.19091796875,4655.87548828125,3214.824462890625,2110.531982421875,4138.5986328125,18348.94140625,2707.3544921875,10615.033203125,5622.37841796875,1438.4151611328125,1166.9866943359375,1875.711181640625,20158.7265625
2024-02-07,8677.734375,4666.27685546875,5326.8359375,4635.72021484375,3214.824462890625,2048.1953125,4197.7216796875,18429.41796875,2724.01513671875,10522.9287109375,5622.37841796875,1396.5194091796875,1154.70263671875,1912.3460693359375,20196.548828125
2024-02-12,8767.1962890625,4805.8662109375,5441.802734375,4796.96240234375,3230.9794921875,2074.9111328125,4178.0146484375,18690.970703125,2432.453857421875,10730.1640625,5666.6494140625,1387.20947265625,1199.744384765625,1941.6541748046875,20461.298828125
2024-02-13,8700.1015625,4785.9248046875,5384.3193359375,4736.49658203125,3214.824462890625,2057.1005859375,4099.18359375,18630.611328125,2332.489990234375,10476.876953125,5622.37841796875,1377.899169921875,1265.25927734375,1934.3270263671875,20518.03125
2024-02-15,8811.927734375,4885.6318359375,5518.4482421875,4837.27294921875,3255.211669921875,2057.1005859375,4040.06103515625,18670.8515625,2440.784423828125,10730.1640625,5666.6494140625,1354.6239013671875,1261.1646728515625,1948.981201171875,20480.2109375
2024-02-16,8901.388671875,4905.5732421875,5518.4482421875,4837.27294921875,3360.21875,2021.47998046875,4099.18359375,18711.087890625,2357.481201171875,10545.9560546875,5688.7841796875,1382.554443359375,1252.9752197265625,1963.635009765625,20442.38671875
2024-02-19,8834.2919921875,4865.68994140625,5480.1259765625,4736.49658203125,3360.21875,1959.1434326171875,4040.06103515625,18469.65625,2332.489990234375,10661.0859375,5733.05517578125,1368.589111328125,1240.691162109375,1970.9620361328125,20328.923828125
2024-02-20,8968.484375,5025.22119140625,5480.1259765625,4857.42822265625,3400.605712890625,1968.048583984375,4099.18359375,18429.41796875,2299.1689453125,10638.060546875,5799.46142578125,1396.5194091796875,1232.5018310546875,1934.3270263671875,20101.99609375
2024-02-21,8923.75390625,5025.22119140625,5556.7705078125,4837.27294921875,3376.37353515625,1985.8590087890625,4138.5986328125,18530.015625,2240.856689453125,10568.982421875,5843.73193359375,1387.20947265625,1203.8388671875,1912.3460693359375,20026.35546875
2024-02-22,8834.2919921875,4985.33837890625,5441.802734375,4796.96240234375,3303.676513671875,2057.1005859375,4158.306640625,18610.4921875,2265.847412109375,10684.1123046875,5954.40869140625,1382.554443359375,1228.4071044921875,1927.0,19723.78515625
2024-02-23,8789.5615234375,4885.6318359375,5403.48046875,4756.65234375,3311.75390625,2083.816162109375,4040.06103515625,18348.94140625,2240.856689453125,10638.060546875,5954.40869140625,1373.244140625,1269.35400390625,1927.0,19818.3359375
2024-02-26,8767.1962890625,4925.5146484375,5403.48046875,4756.65234375,3303.676513671875,2039.2901611328125,4040.06103515625,18509.896484375,2157.55322265625,10638.060546875,5865.8671875,1368.589111328125,1240.691162109375,1890.364990234375,19515.767578125
2024-02-27,8834.2919921875,4885.6318359375,5422.64208984375,4837.27294921875,3222.902099609375,2074.9111328125,4079.476318359375,19193.955078125,2182.54443359375,10684.1123046875,5821.5966796875,1359.2789306640625,1212.0283203125,1897.692138671875,19723.78515625
2024-02-28,8946.1181640625,4965.3974609375,5460.96435546875,4817.1181640625,3222.902099609375,2074.9111328125,4118.8916015625,19193.955078125,2249.18701171875,10684.1123046875,5865.8671875,1354.6239013671875,1220.2177734375,1919.673095703125,19950.708984375
2024-02-29,8834.2919921875,4885.6318359375,5365.158203125,4837.27294921875,3230.9794921875,2119.436767578125,4118.8916015625,18932.404296875,2274.177734375,10638.060546875,5865.8671875,1387.20947265625,1195.649658203125,1875.711181640625,19818.3359375
2024-03-01,8789.5615234375,4885.6318359375,5384.3193359375,4756.65234375,3166.35986328125,2279.730712890625,4118.8916015625,19093.359375,2274.177734375,10707.138671875,5910.1376953125,1387.20947265625,1212.0283203125,1890.364990234375,19856.158203125
2024-03-04,8722.4658203125,4825.80712890625,5384.3193359375,4736.49658203125,3182.5146484375,2217.394287109375,4099.18359375,19314.673828125,2224.196044921875,10545.9560546875,5799.46142578125,1396.5194091796875,1195.649658203125,1970.9620361328125,19950.708984375
2024-03-05,8767.1962890625,4885.6318359375,5384.3193359375,4756.65234375,3125.97265625,2261.920166015625,4020.353515625,19415.26953125,2224.196044921875,10476.876953125,5755.1904296875,1382.554443359375,1195.649658203125,2007.5970458984375,20555.8515625
2024-03-06,8901.388671875,4945.45556640625,5422.64208984375,4796.96240234375,3150.204833984375,2137.247314453125,4079.476318359375,19576.2265625,2240.856689453125,10269.642578125,5755.1904296875,1396.5194091796875,1248.8804931640625,2036.9051513671875,20518.03125
2024-03-07,9057.9453125,4965.3974609375,5441.802734375,4817.1181640625,3150.204833984375,2146.15283203125,4040.06103515625,19314.673828125,2274.177734375,9855.1728515625,5622.37841796875,1363.9342041015625,1289.8275146484375,2080.866943359375,20952.974609375
2024-03-08,9080.310546875,5065.10400390625,5460.96435546875,4917.89501953125,3117.89501953125,2190.6787109375,4059.7685546875,19455.509765625,2215.865966796875,9924.25,5622.37841796875,1340.65869140625,1281.6380615234375,2124.828857421875,20915.150390625
2024-03-13,8946.1181640625,5104.98681640625,5575.93212890625,5018.67138671875,3150.204833984375,2199.583740234375,4059.7685546875,18932.404296875,2265.847412109375,9878.1982421875,5578.10791015625,1326.693603515625,1326.6796875,2051.558837890625,20423.478515625
2024-03-14,9236.8681640625,5092.56591796875,5671.73876953125,4958.20458984375,3198.669677734375,2172.8681640625,4158.306640625,19415.26953125,2240.856689453125,10039.3818359375,5688.7841796875,1336.003662109375,1347.1531982421875,2110.175048828125,20726.048828125
2024-03-15,9080.310546875,4947.6552734375,5671.73876953125,4899.49169921875,3206.7470703125,2137.247314453125,4079.476318359375,19455.509765625,2199.204833984375,9878.1982421875,5688.7841796875,1331.3486328125,1322.5849609375,2080.866943359375,20499.1171875
2024-03-18,9080.310546875,4968.3564453125,5499.28759765625,4899.49169921875,3166.35986328125,2146.15283203125,4059.7685546875,19535.986328125,2307.499267578125,9993.3291015625,5710.91943359375,1317.3834228515625,1355.342529296875,2088.194091796875,20707.134765625
2024-03-19,9102.6748046875,4968.3564453125,5575.93212890625,4941.728515625,3182.5146484375,2199.583740234375,4118.8916015625,19616.46484375,2282.508056640625,10131.4853515625,5688.7841796875,1317.3834228515625,1359.437255859375,2146.81005859375,20593.671875
2024-03-20,9057.9453125,5051.162109375,5679.82666015625,4962.84716796875,3174.437255859375,2172.8681640625,4158.306640625,19757.30078125,2299.1689453125,10338.7216796875,5733.05517578125,1377.899169921875,1359.437255859375,2117.502197265625,20896.2421875
2024-03-21,9057.9453125,5051.162109375,5679.82666015625,4899.49169921875,3142.127685546875,2137.247314453125,4217.4296875,19938.376953125,2265.847412109375,10085.43359375,5710.91943359375,1359.2789306640625,1392.19482421875,2161.4638671875,20990.796875
2024-03-22,9035.5810546875,5071.8642578125,5679.82666015625,4941.728515625,3150.204833984375,2128.34228515625,4237.13720703125,19797.5390625,2265.847412109375,10246.6162109375,5688.7841796875,1382.554443359375,1367.6265869140625,2154.136962890625,21028.6171875
2024-03-25,9220.9140625,5175.37158203125,5840.9560546875,5005.08447265625,3012.888427734375,2146.15283203125,4217.4296875,19757.30078125,2299.1689453125,10315.6943359375,5710.91943359375,1415.1397705078125,1359.437255859375,2146.81005859375,20990.796875
2024-03-26,9198.0341796875,5216.7744140625,5780.533203125,5026.20263671875,2924.036376953125,2128.34228515625,4178.0146484375,19556.10546875,2307.499267578125,9993.3291015625,5644.513671875,1401.1746826171875,1363.5318603515625,2154.136962890625,21009.70703125
2024-03-27,9220.9140625,5175.37158203125,5780.533203125,5005.08447265625,2819.029541015625,2030.3848876953125,4158.306640625,19797.5390625,2274.177734375,10131.4853515625,5600.2431640625,1359.2789306640625,1338.963623046875,2161.4638671875,21501.3828125
2024-03-28,9220.9140625,5009.75927734375,5840.9560546875,4983.9658203125,2802.87451171875,2012.574462890625,4059.7685546875,19455.509765625,2249.18701171875,10684.1123046875,5644.513671875,1373.244140625,1310.3009033203125,2176.117919921875,20196.548828125
2024-04-01,9014.98828125,4906.251953125,5558.9794921875,4772.78076171875,2835.1845703125,2021.47998046875,4099.18359375,19334.79296875,2274.177734375,10338.7216796875,5688.7841796875,1363.9342041015625,1293.922119140625,2117.502197265625,19893.978515625
2024-04-02,9060.75,4699.23779296875,5558.9794921875,4624.951171875,2819.029541015625,2048.1953125,4158.306640625,20038.97265625,2282.508056640625,10315.6943359375,5843.73193359375,1373.244140625,1343.0584716796875,2139.48291015625,20177.640625
2024-04-03,8717.5390625,4657.83447265625,5458.27294921875,4498.240234375,2762.487548828125,2021.47998046875,4138.5986328125,20320.64453125,2240.856689453125,10131.4853515625,5799.46142578125,1396.5194091796875,1347.1531982421875,2139.48291015625,20404.56640625
2024-04-04,9014.98828125,4719.93896484375,5538.837890625,4519.35888671875,2786.7197265625,2083.816162109375,4079.476318359375,20159.689453125,2257.51708984375,10154.51171875,5755.1904296875,1396.5194091796875,1359.437255859375,2146.81005859375,20347.833984375
2024-04-05,8992.107421875,4678.53564453125,5498.5556640625,4477.12158203125,2770.56494140625,2048.1953125,4158.306640625,20320.64453125,2232.526123046875,9993.3291015625,5755.1904296875,1377.899169921875,1367.6265869140625,2146.81005859375,20310.015625
2024-04-16,8671.77734375,4430.1181640625,5337.42578125,4392.64794921875,2600.938232421875,2021.47998046875,4020.353515625,21125.421875,2115.90185546875,9302.5458984375,5445.2958984375,1349.9688720703125,1482.2779541015625,2271.36865234375,20726.048828125
2024-04-17,8717.5390625,4388.71533203125,5337.42578125,4434.884765625,2584.783447265625,1887.90185546875,4040.06103515625,20582.197265625,1974.286376953125,9348.5986328125,5356.75439453125,1354.6239013671875,1469.993896484375,2264.0419921875,20885.2109375
2024-04-18,8671.77734375,4533.625,5478.41455078125,4477.12158203125,2625.1708984375,1950.2381591796875,4020.353515625,20541.958984375,1990.947021484375,9302.5458984375,5423.16015625,1317.3834228515625,1412.6680908203125,2293.349853515625,20945.806640625
2024-04-19,8671.77734375,4368.01318359375,5417.9912109375,4413.7666015625,2544.396240234375,1950.2381591796875,3862.692626953125,20401.123046875,1982.6168212890625,8957.154296875,5401.02490234375,1303.4180908203125,1441.3310546875,2300.6767578125,20764.01953125
2024-04-22,8557.3740234375,4388.71533203125,5417.9912109375,4519.35888671875,2560.55126953125,2048.1953125,3902.107421875,20360.884765625,2007.607666015625,9026.232421875,5445.2958984375,1308.0733642578125,1449.5203857421875,2256.715087890625,20663.029296875
2024-04-23,8900.583984375,4388.71533203125,5498.5556640625,4434.884765625,2504.00927734375,2128.34228515625,3961.23046875,20079.2109375,1940.965087890625,9141.3642578125,5334.61865234375,1326.693603515625,1424.9522705078125,2242.06103515625,20622.630859375
2024-04-24,9106.5107421875,4326.6103515625,5679.82666015625,4477.12158203125,2455.54443359375,2119.436767578125,3870.575439453125,19998.736328125,1990.947021484375,9371.625,5356.75439453125,1308.0733642578125,1375.81591796875,2168.791015625,20481.2421875
2024-04-25,8946.3466796875,4264.50634765625,5599.26220703125,4477.12158203125,2455.54443359375,2119.436767578125,3902.107421875,19515.869140625,2199.204833984375,9855.1728515625,5489.56640625,1331.3486328125,1302.111572265625,2117.502197265625,20178.263671875
2024-04-26,8809.0615234375,3999.52685546875,5438.13232421875,4350.41064453125,2447.466796875,2119.436767578125,3846.926513671875,19435.390625,2157.55322265625,9763.0673828125,5356.75439453125,1308.0733642578125,1306.2061767578125,2110.175048828125,19794.494140625
2024-04-29,8969.2255859375,3949.843505859375,5579.12060546875,4413.7666015625,2487.854248046875,2172.8681640625,3961.23046875,20018.8515625,2157.55322265625,9832.146484375,5467.4306640625,1308.0733642578125,1322.5849609375,2198.09912109375,20158.06640625
2024-04-30,8969.2255859375,4090.61376953125,5558.9794921875,4434.884765625,2560.55126953125,2199.583740234375,4059.7685546875,19978.615234375,2182.54443359375,10016.3544921875,5533.83642578125,1354.6239013671875,1343.0584716796875,2220.079833984375,20380.25
2024-05-02,8740.4189453125,3941.562744140625,5095.73095703125,4080.093994140625,2520.1640625,2155.057861328125,4079.476318359375,19556.10546875,2199.204833984375,9647.9375,5511.70166015625,1387.20947265625,1236.596435546875,2117.502197265625,20117.669921875
2024-05-03,9014.98828125,3933.28271484375,4954.74267578125,4080.093994140625,2552.4736328125,2208.489013671875,4118.8916015625,19274.43359375,2165.883544921875,9993.3291015625,5511.70166015625,1387.20947265625,1220.2177734375,2146.81005859375,20057.07421875
2024-05-06,8969.2255859375,3966.40478515625,5055.4482421875,4063.19921875,2463.621826171875,2146.15283203125,4020.353515625,19290.796875,2165.883544921875,9993.3291015625,5511.70166015625,1354.6239013671875,1240.691162109375,2146.81005859375,19794.494140625
2024-05-07,8877.7021484375,3867.03759765625,5055.4482421875,3970.277587890625,2495.931640625,2163.962890625,3980.9384765625,19161.619140625,2115.90185546875,9924.25,5445.2958984375,1345.3138427734375,1232.5018310546875,2110.175048828125,20036.875
2024-05-08,8580.25390625,3875.318603515625,5055.4482421875,3944.935302734375,2487.854248046875,2208.489013671875,4040.06103515625,19032.4375,2132.5625,9924.25,5489.56640625,1322.038330078125,1257.070068359375,2146.81005859375,20481.2421875
2024-05-13,8717.5390625,3875.318603515625,4995.02490234375,4037.85693359375,2495.931640625,2324.25634765625,4000.64599609375,19118.55859375,2207.535400390625,9486.7548828125,5401.02490234375,1326.693603515625,1248.8804931640625,2146.81005859375,19915.685546875
2024-05-14,8740.4189453125,3916.720947265625,4995.02490234375,4164.56787109375,2520.1640625,2315.3515625,3937.03466796875,19376.916015625,2249.18701171875,9486.7548828125,5467.4306640625,1312.7283935546875,1248.8804931640625,2139.48291015625,19794.494140625
2024-05-15,8694.658203125,3991.2470703125,5136.013671875,4244.818359375,2504.00927734375,2297.541015625,3894.05322265625,19161.619140625,2232.526123046875,9763.0673828125,5401.02490234375,1345.3138427734375,1281.6380615234375,2132.156005859375,19471.318359375
2024-05-16,8786.1806640625,4007.807861328125,5115.87255859375,4392.64794921875,2579.865966796875,2160.127685546875,4048.784423828125,19075.498046875,2249.18701171875,9740.04296875,5445.2958984375,1345.3138427734375,1281.6380615234375,2146.81005859375,19552.11328125
2024-05-17,8923.4658203125,4074.052978515625,5297.1435546875,4371.529296875,2562.723876953125,2214.584716796875,4126.1494140625,19204.677734375,2257.51708984375,9717.015625,5445.2958984375,1396.5194091796875,1326.6796875,2139.48291015625,19451.12109375
2024-05-20,8671.77734375,3991.2470703125,5095.73095703125,4206.80517578125,2562.723876953125,2232.7373046875,4074.57275390625,19678.3359375,2249.18701171875,9670.9638671875,5511.70166015625,1424.449951171875,1355.342529296875,2146.81005859375,19673.3046875
2024-05-21,8580.25390625,3875.318603515625,4854.0361328125,4029.40966796875,2528.43994140625,2241.813232421875,4040.187744140625,19312.328125,2424.123779296875,9578.859375,5445.2958984375,1401.1746826171875,1389.135498046875,2178.781494140625,19592.509765625
2024-05-22,8626.0166015625,3908.440673828125,4874.177734375,4020.9619140625,2519.868896484375,2241.813232421875,4048.784423828125,19463.037109375,2549.07861328125,9647.9375,5445.2958984375,1452.3802490234375,1353.63037109375,2195.73681640625,19653.10546875
2024-05-27,8511.61328125,3767.670166015625,4692.90625,3944.935302734375,2408.4462890625,2232.7373046875,3911.245849609375,19484.56640625,2715.684814453125,9601.8857421875,5423.16015625,1457.035400390625,1327.001708984375,2136.392578125,19592.509765625
2024-05-28,8511.61328125,3751.109375,4793.61279296875,3978.725341796875,2451.301025390625,2214.584716796875,3876.86083984375,19355.38671875,2732.34521484375,9763.0673828125,5423.16015625,1443.0701904296875,1344.7542724609375,2127.914794921875,19632.90625
2024-05-29,8374.3291015625,3651.7421875,4672.76513671875,3826.672119140625,2408.4462890625,2187.3564453125,3833.880615234375,19398.447265625,2507.4267578125,9601.8857421875,5423.16015625,1439.2701416015625,1353.63037109375,2094.00390625,19693.501953125
2024-05-30,8237.0458984375,3626.900390625,4733.1884765625,3792.882080078125,2408.4462890625,2205.508544921875,3713.534423828125,19183.1484375,2590.72998046875,9348.5986328125,5356.75439453125,1444.020263671875,1322.5634765625,2110.959228515625,20158.06640625
2024-05-31,8465.8515625,3593.77783203125,4753.330078125,3716.855712890625,2485.585205078125,2096.594482421875,3687.746337890625,19010.908203125,2599.06005859375,8980.1806640625,5201.80712890625,1415.519775390625,1300.3729248046875,2110.959228515625,20178.263671875
2024-06-03,8488.732421875,3751.109375,4914.4599609375,3902.69873046875,2511.298095703125,2105.6708984375,3868.264892578125,19785.984375,2565.739013671875,9394.650390625,5356.75439453125,1444.020263671875,1304.81103515625,2187.259033203125,20380.25
2024-06-04,8557.3740234375,3684.864501953125,4954.74267578125,3919.59326171875,2571.294921875,2078.442138671875,3937.03466796875,19785.984375,2607.390869140625,9509.78125,5401.02490234375,1463.0205078125,1278.1822509765625,2178.781494140625,20521.638671875
2024-06-05,8648.896484375,3643.46142578125,4833.89501953125,3894.2509765625,2622.720947265625,2096.594482421875,3954.226806640625,19441.505859375,2557.408935546875,9624.9111328125,5423.16015625,1472.5205078125,1189.4195556640625,2144.870361328125,20077.2734375
2024-06-06,8671.77734375,3726.267822265625,4974.8837890625,4029.40966796875,2614.14990234375,2042.1376953125,3919.841796875,19441.505859375,2565.739013671875,9763.0673828125,5489.56640625,1496.2708740234375,1167.2288818359375,2127.914794921875,19875.287109375
2024-06-07,8534.4931640625,3602.05859375,5055.4482421875,3970.277587890625,2614.14990234375,2023.9852294921875,3919.841796875,19635.27734375,2507.4267578125,9740.04296875,5489.56640625,1520.0211181640625,1153.9144287109375,2144.870361328125,19996.48046875
2024-06-10,8717.5390625,3643.46142578125,5055.4482421875,3894.2509765625,2579.865966796875,2023.9852294921875,3876.86083984375,19226.208984375,2557.408935546875,9670.9638671875,5467.4306640625,1515.271240234375,1100.656982421875,2102.481689453125,19733.8984375
2024-06-11,8511.61328125,3593.77783203125,4934.60107421875,3784.434814453125,2468.443115234375,2014.9091796875,3739.322998046875,18817.140625,2549.07861328125,9717.015625,5423.16015625,1477.2706298828125,1113.9713134765625,2068.570556640625,19471.318359375
2024-06-12,8465.8515625,3602.05859375,4773.4716796875,3742.197998046875,2502.72705078125,1978.6044921875,3747.918701171875,18946.318359375,2549.07861328125,9740.04296875,5489.56640625,1486.770751953125,1127.2857666015625,2060.0927734375,19632.90625
2024-06-13,8420.0908203125,3568.936279296875,4733.1884765625,3784.434814453125,2434.1591796875,1960.4521484375,3833.880615234375,18967.849609375,2549.07861328125,9832.146484375,5423.16015625,1486.770751953125,1113.9713134765625,2136.392578125,19552.11328125
2024-06-14,8420.0908203125,3461.288330078125,4632.48291015625,3640.8291015625,2331.307373046875,1887.8427734375,3799.49609375,18278.892578125,2665.703125,9670.9638671875,5378.89013671875,1486.770751953125,1074.028076171875,2085.52587890625,19430.921875
2024-06-19,8282.806640625,3395.043701171875,4632.48291015625,3632.3818359375,2425.58837890625,1933.2236328125,3825.284423828125,18429.6015625,2557.408935546875,9394.650390625,5246.0771484375,1477.2706298828125,1078.4661865234375,2060.0927734375,19289.533203125
2024-06-20,8626.0166015625,3535.81396484375,4793.61279296875,3716.855712890625,2434.1591796875,1942.2996826171875,3825.284423828125,18989.380859375,2532.41796875,9371.625,5246.0771484375,1482.020751953125,1078.4661865234375,2051.615234375,19309.73046875
2024-06-21,8786.1806640625,3676.583740234375,4934.60107421875,3835.119384765625,2528.43994140625,1978.6044921875,3859.668701171875,18623.369140625,2490.766357421875,9486.7548828125,5290.34814453125,1491.5208740234375,1091.7806396484375,2051.615234375,19592.509765625
2024-06-24,8786.1806640625,3643.46142578125,4833.89501953125,3835.119384765625,2528.43994140625,1960.4521484375,3808.092041015625,18709.490234375,2507.4267578125,9486.7548828125,5246.0771484375,1472.5205078125,1109.5330810546875,2060.0927734375,19309.73046875
2024-06-25,8786.1806640625,3626.900390625,4773.4716796875,3784.434814453125,2562.723876953125,1960.4521484375,3782.303955078125,18623.369140625,2507.4267578125,9325.5712890625,5268.212890625,1448.7701416015625,1087.342529296875,2043.13720703125,19067.349609375
2024-06-26,8694.658203125,3618.61962890625,4713.04736328125,3733.75048828125,2571.294921875,1978.6044921875,3799.49609375,18731.021484375,2507.4267578125,9555.8330078125,5223.9423828125,1458.2703857421875,1078.4661865234375,2068.570556640625,19228.9375
2024-06-27,8923.4658203125,3693.145263671875,4833.89501953125,3868.90869140625,2597.0078125,1996.7568359375,3808.092041015625,18731.021484375,2565.739013671875,9670.9638671875,5334.61865234375,1463.0205078125,1091.7806396484375,2060.0927734375,19188.5390625
2024-06-28,9083.6298828125,3809.073486328125,4954.74267578125,3936.488037109375,2682.7177734375,1960.4521484375,3833.880615234375,18924.7890625,2515.75732421875,9486.7548828125,5378.89013671875,1448.7701416015625,1109.5330810546875,2077.04833984375,19309.73046875
2024-07-01,9037.8681640625,3833.9150390625,5035.3076171875,3978.725341796875,2648.433837890625,1978.6044921875,3971.4189453125,19053.970703125,2530.289306640625,9486.7548828125,5401.02490234375,1429.7698974609375,1158.3526611328125,2119.43701171875,19612.70703125
2024-07-02,9060.75,3784.231689453125,4995.02490234375,3978.725341796875,2605.578857421875,1987.6805419921875,3894.05322265625,19204.677734375,2538.83740234375,9440.703125,5401.02490234375,1368.0191650390625,1149.476318359375,2110.959228515625,20198.46484375
2024-07-03,9152.271484375,3809.073486328125,5015.166015625,3928.041015625,2597.0078125,1969.5281982421875,3928.43798828125,20151.9921875,2513.192626953125,9463.728515625,5401.02490234375,1382.269287109375,1167.2288818359375,2119.43701171875,20844.814453125
2024-07-04,8992.107421875,3966.40478515625,5035.3076171875,3978.725341796875,2537.010986328125,2005.8328857421875,3911.245849609375,20410.3515625,2496.095947265625,9417.67578125,5378.89013671875,1396.5194091796875,1176.1051025390625,2144.870361328125,21127.591796875
2024-07-05,9106.5107421875,3974.685302734375,5176.2958984375,3970.277587890625,2588.436767578125,1978.6044921875,3937.03466796875,20496.47265625,2487.5478515625,9463.728515625,5423.16015625,1415.519775390625,1162.790771484375,2153.34814453125,21127.591796875
2024-07-08,9198.0341796875,3933.28271484375,5015.166015625,3944.935302734375,2639.86279296875,2005.8328857421875,3988.610595703125,20668.7109375,2607.223876953125,9578.859375,5489.56640625,1482.020751953125,1211.6102294921875,2161.82568359375,21006.404296875
2024-07-09,9220.9140625,4032.6494140625,5136.013671875,4105.4365234375,2639.86279296875,2060.2900390625,3919.841796875,20388.822265625,2564.482177734375,9696.2470703125,5505.2958984375,1472.5205078125,1193.857666015625,2144.870361328125,20622.630859375
2024-07-10,9243.794921875,4016.088623046875,5136.013671875,4071.646484375,2708.4306640625,2060.2900390625,3902.649658203125,20281.171875,2530.289306640625,9672.7705078125,5551.55859375,1453.520263671875,1193.857666015625,2153.34814453125,20723.623046875
2024-07-11,9220.9140625,4007.807861328125,5156.1552734375,4113.8837890625,2725.57275390625,2060.2900390625,3876.86083984375,20238.11328125,2478.99951171875,9672.7705078125,5482.1640625,1486.770751953125,1207.172119140625,2161.82568359375,20602.43359375
2024-07-12,9220.9140625,4057.49169921875,5176.2958984375,4244.818359375,2759.8564453125,2069.3662109375,3902.649658203125,20238.11328125,2496.095947265625,9743.203125,5505.2958984375,1482.020751953125,1207.172119140625,2144.870361328125,20642.830078125
2024-07-15,9198.0341796875,3991.2470703125,5115.87255859375,4244.818359375,2708.4306640625,2033.0614013671875,3842.4765625,20453.41015625,2504.64453125,9931.0234375,5528.42724609375,1482.020751953125,1198.2958984375,2136.392578125,20602.43359375
2024-07-16,9106.5107421875,3916.720947265625,5115.87255859375,4206.80517578125,2657.0048828125,2033.0614013671875,3765.111083984375,20496.47265625,2402.065185546875,9837.1123046875,5505.2958984375,1486.770751953125,1189.4195556640625,2144.870361328125,20966.005859375
2024-07-17,8969.2255859375,3941.562744140625,5196.43701171875,4223.69970703125,2785.569580078125,2033.0614013671875,3833.880615234375,20496.47265625,2444.806640625,10095.3662109375,5597.82177734375,1491.5208740234375,1224.924560546875,2153.34814453125,20844.814453125
2024-07-18,9243.794921875,4049.210693359375,5277.00244140625,4287.05517578125,2751.28564453125,2033.0614013671875,3902.649658203125,20970.12890625,2393.516845703125,10095.3662109375,5620.95361328125,1491.5208740234375,1220.4864501953125,2221.170166015625,21147.79296875
2024-07-19,9266.6748046875,4057.49169921875,5256.86083984375,4308.173828125,2691.28857421875,1978.6044921875,3894.05322265625,21228.48828125,2393.516845703125,10142.322265625,5620.95361328125,1496.2708740234375,1198.2958984375,2229.64794921875,21430.5703125
2024-07-22,9243.794921875,4065.77197265625,5397.849609375,4308.173828125,2657.0048828125,1996.7568359375,3885.45751953125,21788.265625,2342.227294921875,10236.2314453125,5574.6904296875,1496.2708740234375,1189.4195556640625,2272.03662109375,22097.12109375
2024-07-23,9312.435546875,3966.40478515625,5337.42578125,4265.93701171875,2708.4306640625,2042.1376953125,3825.284423828125,21400.728515625,2333.678955078125,10071.8896484375,5644.08447265625,1496.2708740234375,1167.2288818359375,2246.603271484375,21531.560546875
2024-07-24,9220.9140625,3958.12451171875,5216.578125,4308.173828125,2622.720947265625,2005.8328857421875,3894.05322265625,21379.197265625,2325.130615234375,10142.322265625,5551.55859375,1496.2708740234375,1162.790771484375,2221.170166015625,21289.181640625
2024-07-25,9426.83984375,3891.87939453125,5297.1435546875,4244.818359375,2648.433837890625,1987.6805419921875,3859.668701171875,21443.787109375,2128.520263671875,10189.27734375,5644.08447265625,1510.5211181640625,1136.1619873046875,2212.692138671875,21046.798828125
2024-07-26,9449.7197265625,3941.562744140625,5277.00244140625,4223.69970703125,2657.0048828125,1978.6044921875,3962.82275390625,21508.376953125,2128.520263671875,10189.27734375,5667.21630859375,1496.2708740234375,1149.476318359375,2255.0810546875,21329.578125
2024-07-29,9381.078125,3958.12451171875,5216.578125,4244.818359375,2614.14990234375,1969.5281982421875,3962.82275390625,21250.017578125,2102.87548828125,10165.798828125,5620.95361328125,1482.020751953125,1162.790771484375,2263.558837890625,21147.79296875
2024-07-30,9312.435546875,3867.03759765625,5216.578125,4181.462890625,2468.443115234375,1969.5281982421875,3902.649658203125,21529.90625,2077.23046875,10236.2314453125,5597.82177734375,1486.770751953125,1153.9144287109375,2238.12548828125,21289.181640625
2024-07-31,9403.9599609375,3867.03759765625,5156.1552734375,4198.357421875,2468.443115234375,1969.5281982421875,4057.38037109375,22218.865234375,2085.779052734375,10259.7099609375,5667.21630859375,1510.5211181640625,1167.2288818359375,2272.03662109375,21248.783203125
2024-08-01,9495.482421875,3933.28271484375,5438.13232421875,4287.05517578125,2468.443115234375,1969.5281982421875,4074.57275390625,22003.564453125,2137.06884765625,10330.142578125,5690.34814453125,1567.52197265625,1193.857666015625,2263.558837890625,21511.365234375
2024-08-02,9335.318359375,3900.16015625,5478.41455078125,4308.173828125,2442.730224609375,1969.5281982421875,4031.592041015625,22089.68359375,2077.23046875,10494.4853515625,5644.08447265625,1558.021728515625,1193.857666015625,2305.94775390625,21794.142578125
2024-08-05,9037.8681640625,3751.109375,5297.1435546875,4189.91015625,2391.30419921875,1887.8427734375,3919.841796875,21034.716796875,2060.13427734375,10236.2314453125,5597.82177734375,1548.5216064453125,1140.60009765625,2170.303466796875,20703.42578125
2024-08-06,9152.271484375,3809.073486328125,5337.42578125,4244.818359375,2391.30419921875,1987.6805419921875,3962.82275390625,20797.890625,2102.87548828125,10330.142578125,5644.08447265625,1562.7718505859375,1149.476318359375,2195.73681640625,20622.630859375
2024-08-07,9243.794921875,3825.63427734375,5458.27294921875,4223.69970703125,2417.017333984375,1969.5281982421875,3980.015625,21293.078125,2119.97216796875,10377.09765625,5667.21630859375,1567.52197265625,1149.476318359375,2212.692138671875,20844.814453125
2024-08-08,9358.197265625,3858.7568359375,5478.41455078125,4244.818359375,2442.730224609375,1942.2996826171875,4074.57275390625,21206.95703125,2102.87548828125,10306.6650390625,5759.7421875,1572.27197265625,1127.2857666015625,2195.73681640625,20865.013671875
2024-08-09,9289.5556640625,3867.03759765625,5518.697265625,4329.2919921875,2425.58837890625,1960.4521484375,4091.764892578125,21271.548828125,2102.87548828125,10517.962890625,5806.00537109375,1581.7720947265625,1140.60009765625,2187.259033203125,20885.2109375
2024-08-12,9335.318359375,3875.318603515625,5558.9794921875,4329.2919921875,2459.8720703125,1978.6044921875,4091.764892578125,21702.14453125,2102.87548828125,10330.142578125,5782.87353515625,1586.522216796875,1162.790771484375,2246.603271484375,21390.173828125
2024-08-13,9426.83984375,3908.440673828125,5639.54443359375,4371.529296875,2442.730224609375,1987.6805419921875,4091.764892578125,21551.4375,2094.327392578125,10494.4853515625,5852.2685546875,1581.7720947265625,1162.790771484375,2255.0810546875,21672.951171875
2024-08-14,9335.318359375,3991.2470703125,5699.96826171875,4456.0029296875,2451.301025390625,2051.213623046875,4203.5146484375,21572.966796875,2077.23046875,10658.8291015625,6014.18896484375,1596.022216796875,1158.3526611328125,2305.94775390625,21188.1875
2024-08-15,9358.197265625,3999.52685546875,5659.685546875,4434.884765625,2459.8720703125,2014.9091796875,4203.5146484375,21357.666015625,2034.4893798828125,10588.396484375,5991.05712890625,1586.522216796875,1229.36279296875,2288.991943359375,21167.98828125
2024-08-16,9449.7197265625,3999.52685546875,5699.96826171875,4477.12158203125,2537.010986328125,2033.0614013671875,4272.28369140625,21594.49609375,2043.037353515625,10682.3056640625,6037.3203125,1567.52197265625,1295.9346923828125,2314.42529296875,21349.775390625
2024-08-19,9495.482421875,3991.2470703125,5760.3916015625,4519.35888671875,2511.298095703125,2033.0614013671875,4319.5625,21616.025390625,2017.392822265625,10705.7841796875,5967.92578125,1529.5213623046875,1304.81103515625,2297.4697265625,21390.173828125
2024-08-20,9541.244140625,4098.89404296875,5800.673828125,4624.951171875,2554.153076171875,2105.6708984375,4405.5244140625,21680.615234375,2025.9412841796875,10729.26171875,6037.3203125,1615.0225830078125,1309.2491455078125,2305.94775390625,21329.578125
2024-08-21,9541.244140625,4223.10302734375,5840.9560546875,4603.83251953125,2545.58203125,2078.442138671875,4362.54345703125,21659.0859375,2017.392822265625,10752.7392578125,6129.84619140625,1643.52294921875,1304.81103515625,2297.4697265625,21551.76171875
2024-08-22,9449.7197265625,4181.7001953125,5679.82666015625,4456.0029296875,2502.72705078125,2005.8328857421875,4298.072265625,22584.87109375,2008.8443603515625,10658.8291015625,6152.97802734375,1638.77294921875,1278.1822509765625,2305.94775390625,21592.15625
2024-08-23,9449.7197265625,4264.50634765625,5679.82666015625,4603.83251953125,2528.43994140625,2051.213623046875,4384.03369140625,23187.708984375,2008.8443603515625,10776.216796875,6199.24072265625,1634.0228271484375,1287.0584716796875,2339.8583984375,21551.76171875
2024-08-26,9449.7197265625,4388.71533203125,5679.82666015625,4667.1884765625,2554.153076171875,2023.9852294921875,4427.0146484375,23209.240234375,2008.8443603515625,10705.7841796875,6338.029296875,1643.52294921875,1313.687255859375,2348.33642578125,21814.341796875
2024-08-27,9335.318359375,4285.2080078125,5659.685546875,4561.59619140625,2562.723876953125,2033.0614013671875,4427.0146484375,23467.599609375,1957.554931640625,10729.26171875,6291.7666015625,1653.0230712890625,1304.81103515625,2356.814208984375,21814.341796875
2024-08-28,9472.6005859375,4264.50634765625,5820.8154296875,4540.4775390625,2554.153076171875,2033.0614013671875,4319.5625,23855.13671875,1923.36181640625,10705.7841796875,6314.8984375,1638.77294921875,1287.0584716796875,2356.814208984375,21996.126953125
2024-08-29,9358.197265625,4243.8046875,5720.10888671875,4477.12158203125,2597.0078125,2023.9852294921875,4362.54345703125,23532.1875,1914.8134765625,10705.7841796875,6291.7666015625,1615.0225830078125,1251.5533447265625,2356.814208984375,21955.73046875
2024-08-30,9449.7197265625,4264.50634765625,5740.25048828125,4519.35888671875,2622.720947265625,2023.9852294921875,4384.03369140625,23295.359375,1940.4581298828125,10776.216796875,6338.029296875,1567.52197265625,1233.8009033203125,2314.42529296875,21996.126953125
2024-09-02,9403.9599609375,4285.2080078125,5800.673828125,4519.35888671875,2691.28857421875,2060.2900390625,4469.9951171875,24027.375,1957.554931640625,10799.6943359375,6222.3720703125,1596.022216796875,1238.239013671875,2390.724853515625,22359.69921875
2024-09-03,9312.435546875,4285.2080078125,5699.96826171875,4540.4775390625,2639.86279296875,2060.2900390625,4405.5244140625,23919.7265625,1923.36181640625,10682.3056640625,6268.63525390625,1596.022216796875,1216.04833984375,2373.76953125,22460.69140625
2024-09-04,9426.83984375,4223.10302734375,5780.533203125,4519.35888671875,2639.86279296875,2023.9852294921875,4341.0537109375,23812.078125,1914.8134765625,10705.7841796875,6199.24072265625,1643.52294921875,1193.857666015625,2339.8583984375,22218.30859375
2024-09-05,9381.078125,4264.50634765625,5780.533203125,4603.83251953125,2588.436767578125,2141.975341796875,4362.54345703125,23704.42578125,1897.716796875,10940.560546875,6453.68701171875,1605.5224609375,1193.857666015625,2331.380859375,22036.5234375
2024-09-06,9426.83984375,4326.6103515625,5840.9560546875,4772.78076171875,2605.578857421875,2114.746826171875,4341.0537109375,23295.359375,1897.716796875,10752.7392578125,6499.9501953125,1624.522705078125,1184.9814453125,2297.4697265625,21996.126953125
2024-09-09,9403.9599609375,4285.2080078125,5840.9560546875,4836.13623046875,2597.0078125,2042.1376953125,4319.5625,23467.599609375,1872.072021484375,10893.6044921875,6407.42431640625,1653.0230712890625,1171.6671142578125,2272.03662109375,21996.126953125
2024-09-10,9472.6005859375,4347.31201171875,5840.9560546875,4815.017578125,2597.0078125,2060.2900390625,4319.5625,22993.939453125,1889.168701171875,10870.1279296875,6523.08154296875,1653.0230712890625,1171.6671142578125,2263.558837890625,22083.2734375
2024-09-11,9541.244140625,4285.2080078125,5941.6630859375,4772.78076171875,2605.578857421875,2060.2900390625,4319.5625,22584.87109375,1872.072021484375,10870.1279296875,6476.81884765625,1634.0228271484375,1167.2288818359375,2255.0810546875,21998.6640625
2024-09-12,9587.00390625,4285.2080078125,5881.23876953125,4730.54345703125,2614.14990234375,2078.442138671875,4319.5625,22692.521484375,1897.716796875,10776.216796875,6615.607421875,1653.0230712890625,1193.857666015625,2305.94775390625,22315.951171875
2024-09-13,9541.244140625,4388.71533203125,5861.09765625,4751.662109375,2665.57568359375,2105.6708984375,4362.54345703125,22692.521484375,1880.6202392578125,10635.3505859375,6569.34423828125,1619.7725830078125,1184.9814453125,2314.42529296875,22167.884765625
2024-09-17,9609.884765625,4388.71533203125,5981.94482421875,4772.78076171875,2648.433837890625,2078.442138671875,4362.54345703125,22972.412109375,1863.5238037109375,10705.7841796875,6569.34423828125,1619.7725830078125,1224.924560546875,2373.76953125,21871.75
2024-09-18,9724.2880859375,4430.1181640625,5961.80419921875,4815.017578125,2674.146728515625,2069.3662109375,4512.9755859375,23015.470703125,1889.168701171875,10799.6943359375,6546.21337890625,1662.523193359375,1211.6102294921875,2356.814208984375,21935.20703125
2024-09-19,9975.9765625,4471.521484375,5961.80419921875,4920.6103515625,2691.28857421875,2087.5185546875,4534.46630859375,22929.349609375,1880.6202392578125,10987.515625,6546.21337890625,1643.52294921875,1220.4864501953125,2356.814208984375,21998.6640625
2024-09-20,9861.572265625,4450.8193359375,5881.23876953125,4857.2548828125,2699.859619140625,2069.3662109375,4491.48583984375,23187.708984375,1854.9755859375,11269.2470703125,6615.607421875,1634.0228271484375,1216.04833984375,2500.935791015625,21914.0546875
2024-09-23,10021.73828125,4554.3271484375,6002.0859375,4899.49169921875,2717.001708984375,2087.5185546875,4491.48583984375,23359.94921875,1889.168701171875,11457.0673828125,6569.34423828125,1648.27294921875,1238.239013671875,2645.057373046875,22146.734375
2024-09-24,9884.4541015625,4575.0283203125,5981.94482421875,4899.49169921875,2708.4306640625,2078.442138671875,4534.46630859375,23575.248046875,1931.909912109375,11668.3662109375,6638.7392578125,1657.773193359375,1251.5533447265625,2628.10205078125,22760.15625
2024-09-25,9930.2158203125,4409.41650390625,5800.673828125,4730.54345703125,2734.1435546875,2096.594482421875,4491.48583984375,23639.837890625,1966.103271484375,11691.8427734375,6638.7392578125,1653.0230712890625,1278.1822509765625,2611.146484375,22442.869140625
2024-09-26,9792.931640625,4181.7001953125,5780.533203125,4730.54345703125,2717.001708984375,2132.899169921875,4512.9755859375,23510.658203125,1966.103271484375,11997.0517578125,6685.001953125,1653.0230712890625,1264.8677978515625,2636.57958984375,22421.716796875
2024-09-27,9747.1689453125,4223.10302734375,5679.82666015625,4603.83251953125,2614.14990234375,2096.594482421875,4384.03369140625,23855.13671875,1940.4581298828125,11879.6630859375,6638.7392578125,1648.27294921875,1304.81103515625,2662.012939453125,22421.716796875
2024-09-30,9449.7197265625,4098.89404296875,5579.12060546875,4519.35888671875,2562.723876953125,2078.442138671875,4341.0537109375,23381.478515625,1889.168701171875,11574.455078125,6523.08154296875,1638.77294921875,1313.687255859375,2611.146484375,22400.5625
2024-10-01,9655.6455078125,4202.40185546875,5679.82666015625,4540.4775390625,2588.436767578125,2051.213623046875,4448.5048828125,23639.837890625,1889.168701171875,11691.8427734375,6638.7392578125,1653.0230712890625,1331.4398193359375,2602.668701171875,22294.80078125
2024-10-02,9609.884765625,4090.61376953125,5619.40283203125,4519.35888671875,2502.72705078125,1996.7568359375,4427.0146484375,23467.599609375,1854.9755859375,11457.0673828125,6546.21337890625,1638.77294921875,1362.5067138671875,2585.713134765625,22019.81640625
2024-10-03,9564.123046875,4074.052978515625,5679.82666015625,4540.4775390625,2477.01416015625,2051.213623046875,4512.9755859375,23446.068359375,1872.072021484375,11269.2470703125,6569.34423828125,1653.0230712890625,1362.5067138671875,2594.19091796875,22083.2734375
2024-10-04,9587.00390625,4024.369140625,5599.26220703125,4498.240234375,2468.443115234375,2042.1376953125,4427.0146484375,23489.12890625,1854.9755859375,11386.634765625,6523.08154296875,1653.0230712890625,1353.63037109375,2534.8466796875,21977.513671875
2024-10-07,9426.83984375,3991.2470703125,5538.837890625,4392.64794921875,2485.585205078125,2051.213623046875,4384.03369140625,23316.888671875,1940.4581298828125,11269.2470703125,6407.42431640625,1643.52294921875,1371.383056640625,2628.10205078125,22273.6484375
2024-10-08,9518.3623046875,4140.296875,5699.96826171875,4519.35888671875,2562.723876953125,2060.2900390625,4491.48583984375,23331.900390625,1974.6512451171875,11550.9775390625,6476.81884765625,1615.0225830078125,1353.63037109375,2611.146484375,22040.96875
2024-10-09,9541.244140625,4082.333251953125,5599.26220703125,4498.240234375,2537.010986328125,2087.5185546875,4362.54345703125,23486.4140625,1949.006591796875,11339.6796875,6407.42431640625,1586.522216796875,1344.7542724609375,2585.713134765625,22040.96875
2024-10-10,9609.884765625,4024.369140625,5599.26220703125,4498.240234375,2528.43994140625,2105.6708984375,4405.5244140625,22868.3515625,1949.006591796875,11316.201171875,6499.9501953125,1567.52197265625,1362.5067138671875,2560.27978515625,22019.81640625
2024-10-11,9495.482421875,4057.49169921875,5599.26220703125,4540.4775390625,2519.868896484375,2096.594482421875,4362.54345703125,23089.087890625,1940.4581298828125,11504.0224609375,6476.81884765625,1634.0228271484375,1389.135498046875,2568.7578125,21935.20703125
2024-10-14,9609.884765625,4057.49169921875,5579.12060546875,4582.7138671875,2485.585205078125,2078.442138671875,4321.34619140625,22978.720703125,1983.1995849609375,11597.9326171875,6523.08154296875,1629.272705078125,1446.831298828125,2628.10205078125,21956.359375
2024-10-15,9724.2880859375,4074.052978515625,5679.82666015625,4646.06982421875,2519.868896484375,2078.442138671875,4321.34619140625,22757.984375,2008.8443603515625,11809.23046875,6661.87060546875,1662.523193359375,1420.202392578125,2628.10205078125,22125.58203125
2024-10-16,9587.00390625,4098.89404296875,5639.54443359375,4624.951171875,2571.294921875,2087.5185546875,4347.642578125,23243.60546875,2085.779052734375,11738.798828125,6638.7392578125,1643.52294921875,1393.5736083984375,2611.146484375,21871.75
2024-10-17,9815.8125,4123.73583984375,5820.8154296875,4646.06982421875,2605.578857421875,2060.2900390625,4338.876953125,23596.783203125,2025.9412841796875,11738.798828125,6638.7392578125,1605.5224609375,1437.9549560546875,2594.19091796875,21956.359375
2024-10-18,9838.693359375,4115.45556640625,5780.533203125,4772.78076171875,2657.0048828125,2078.442138671875,4312.58056640625,23596.783203125,1991.748046875,12020.529296875,6870.05419921875,1629.272705078125,1442.3931884765625,2585.713134765625,21935.20703125
2024-10-21,9770.05078125,4132.0166015625,5800.673828125,4751.662109375,2657.0048828125,2087.5185546875,4470.3583984375,23596.783203125,1991.748046875,11738.798828125,6846.92236328125,1577.02197265625,1500.0888671875,2560.27978515625,21892.90234375
2024-10-22,9609.884765625,4057.49169921875,5699.96826171875,4772.78076171875,2579.865966796875,2069.3662109375,4623.75244140625,23905.81640625,1983.1995849609375,11762.275390625,6870.05419921875,1596.022216796875,1482.3363037109375,2577.235595703125,21935.20703125
2024-10-23,9747.1689453125,4024.369140625,5699.96826171875,4793.8994140625,2519.868896484375,2051.213623046875,4645.66650390625,23861.66796875,1991.748046875,11832.7080078125,6939.44873046875,1591.272216796875,1464.583740234375,2500.935791015625,21723.681640625
2024-10-24,9792.931640625,3991.2470703125,5619.40283203125,4751.662109375,2485.585205078125,2051.213623046875,4623.75244140625,23729.2265625,1820.782470703125,11762.275390625,6962.57958984375,1562.7718505859375,1437.9549560546875,2475.50244140625,21723.681640625
2024-10-25,9838.693359375,3949.843505859375,5679.82666015625,4772.78076171875,2494.156005859375,2060.2900390625,4579.92578125,23663.005859375,1795.1375732421875,11879.6630859375,6939.44873046875,1539.021484375,1406.8880615234375,2441.591552734375,21596.763671875
2024-10-28,9701.4072265625,3941.562744140625,5498.5556640625,4646.06982421875,2502.72705078125,2042.1376953125,4601.8388671875,23663.005859375,1726.75146484375,11879.6630859375,6962.57958984375,1548.5216064453125,1429.0787353515625,2433.113525390625,21596.763671875
2024-10-29,9609.884765625,3891.87939453125,5498.5556640625,4477.12158203125,2485.585205078125,2069.3662109375,4492.271484375,23265.6796875,1726.75146484375,11809.23046875,7008.84326171875,1534.271484375,1433.516845703125,2416.158203125,21533.30859375
2024-10-30,9472.6005859375,3900.16015625,5438.13232421875,4413.7666015625,2485.585205078125,2051.213623046875,4558.01220703125,23331.900390625,1675.4617919921875,11691.8427734375,6916.31689453125,1524.771240234375,1446.831298828125,2407.680419921875,21279.4765625
2024-10-31,9381.078125,3974.685302734375,5397.849609375,4434.884765625,2417.017333984375,2042.1376953125,4470.3583984375,24236.921875,1679.73583984375,11574.455078125,7031.974609375,1534.271484375,1420.202392578125,2509.413330078125,21216.01953125
2024-11-01,9541.244140625,3891.87939453125,5357.56689453125,4392.64794921875,2382.733154296875,2042.1376953125,4448.4443359375,24060.33203125,1671.1876220703125,11363.15625,6754.396484375,1491.5208740234375,1349.1922607421875,2475.50244140625,21575.61328125
2024-11-04,9495.482421875,3908.440673828125,5438.13232421875,4477.12158203125,2399.875244140625,2033.0614013671875,4492.271484375,24148.626953125,1598.52734375,11574.455078125,6893.185546875,1510.5211181640625,1353.63037109375,2433.113525390625,21258.326171875
2024-11-05,9609.884765625,3900.16015625,5579.12060546875,4561.59619140625,2374.162353515625,2023.9852294921875,4536.0986328125,23839.59375,1521.5928955078125,11832.7080078125,7286.4208984375,1520.0211181640625,1398.0118408203125,2450.0693359375,21469.8515625
2024-11-06,9564.123046875,3809.073486328125,5277.00244140625,4329.2919921875,2348.449462890625,2014.9091796875,4426.53076171875,24016.18359375,1500.22216796875,11410.111328125,7217.0263671875,1510.5211181640625,1366.94482421875,2424.635986328125,21364.087890625
2024-11-07,9312.435546875,3767.670166015625,5176.2958984375,4244.818359375,2365.59130859375,2005.8328857421875,4382.70361328125,24038.2578125,1483.1256103515625,11339.6796875,7309.55224609375,1491.5208740234375,1398.0118408203125,2399.202880859375,21512.154296875
2024-11-08,9220.9140625,3742.82861328125,5095.73095703125,4206.80517578125,2357.0205078125,2005.8328857421875,4347.642578125,24236.921875,1504.496337890625,11363.15625,7124.50048828125,1463.0205078125,1406.8880615234375,2373.76953125,21364.087890625
2024-11-11,9198.0341796875,3693.145263671875,5115.87255859375,4215.25244140625,2305.594482421875,1942.2996826171875,4356.4072265625,23044.94140625,1487.3997802734375,11222.291015625,7217.0263671875,1434.52001953125,1358.068603515625,2348.33642578125,21279.4765625
2024-11-12,9289.5556640625,3726.267822265625,5136.013671875,4164.56787109375,2228.455810546875,1933.2236328125,4356.4072265625,23596.783203125,1560.0601806640625,11128.380859375,7263.28955078125,1425.0198974609375,1389.135498046875,2433.113525390625,21744.833984375
2024-11-13,9289.5556640625,3792.51220703125,5176.2958984375,4189.91015625,2211.313720703125,1951.3759765625,4404.61767578125,23309.826171875,1538.689453125,11128.380859375,7147.6318359375,1425.0198974609375,1331.4398193359375,2382.247314453125,22167.884765625
2024-11-14,9243.794921875,3726.267822265625,5136.013671875,4181.462890625,2168.458740234375,1960.4521484375,4338.876953125,22934.57421875,1513.0445556640625,10752.7392578125,7124.50048828125,1377.5191650390625,1313.687255859375,2348.33642578125,22252.494140625
2024-11-15,9312.435546875,3701.425537109375,5115.87255859375,4147.6728515625,2177.029541015625,1942.2996826171875,4330.11181640625,23442.267578125,1577.156494140625,10964.037109375,7147.6318359375,1349.018798828125,1242.67724609375,2331.380859375,22421.716796875
2024-11-18,9152.271484375,3602.05859375,5095.73095703125,4113.8837890625,2219.884765625,1951.3759765625,4321.34619140625,22824.203125,1555.7860107421875,11245.7685546875,7147.6318359375,1363.26904296875,1238.239013671875,2305.94775390625,22717.8515625
2024-11-19,9083.6298828125,3610.339111328125,5035.3076171875,4096.98876953125,2382.733154296875,1978.6044921875,4356.4072265625,23265.6796875,1542.9635009765625,11175.3359375,7217.0263671875,1353.7689208984375,1309.2491455078125,2348.33642578125,22675.546875
2024-11-20,9220.9140625,3585.49755859375,5015.166015625,4096.98876953125,2297.023681640625,1969.5281982421875,4382.70361328125,23331.900390625,1542.9635009765625,11081.4248046875,7217.0263671875,1391.76953125,1304.81103515625,2322.903076171875,22590.935546875
2024-11-21,9059.951171875,3519.252685546875,4954.74267578125,3987.172607421875,2374.162353515625,2005.8328857421875,4286.2841796875,23552.63671875,1487.3997802734375,11081.4248046875,7055.10595703125,1377.5191650390625,1322.5634765625,2305.94775390625,23162.056640625
2024-11-22,9059.951171875,3643.46142578125,5035.3076171875,4088.541259765625,2357.0205078125,1978.6044921875,4303.8154296875,23839.59375,1534.415283203125,11269.2470703125,6916.31689453125,1396.5194091796875,1287.0584716796875,2348.33642578125,23648.56640625
2024-11-25,9358.8818359375,3701.425537109375,5297.1435546875,4215.25244140625,2348.449462890625,1987.6805419921875,4536.0986328125,24369.36328125,1636.99462890625,11222.291015625,7031.974609375,1425.0198974609375,1318.1253662109375,2373.76953125,23352.427734375
2024-11-26,9197.9189453125,3643.46142578125,5156.1552734375,4181.462890625,2322.736328125,1978.6044921875,4514.18505859375,24281.068359375,1598.52734375,11245.7685546875,7078.2373046875,1406.0196533203125,1287.0584716796875,2339.8583984375,23204.359375
2024-11-28,9197.9189453125,3585.49755859375,5196.43701171875,4244.818359375,2331.307373046875,1978.6044921875,4492.271484375,24170.69921875,1611.3497314453125,11175.3359375,7078.2373046875,1420.269775390625,1260.4296875,2365.291748046875,23098.59765625
2024-11-29,9197.9189453125,3519.252685546875,4954.74267578125,4206.80517578125,2322.736328125,2014.9091796875,4470.3583984375,23640.931640625,1594.2530517578125,11175.3359375,6985.71142578125,1425.0198974609375,1269.3060302734375,2288.991943359375,22548.630859375
2024-12-02,8967.9716796875,3453.008056640625,4833.89501953125,3978.725341796875,2297.023681640625,2023.9852294921875,4330.11181640625,24192.7734375,1602.801513671875,11128.380859375,6985.71142578125,1401.26953125,1251.5533447265625,2263.558837890625,22760.15625
2024-12-03,9381.87890625,3510.97216796875,5055.4482421875,4037.85693359375,2417.017333984375,2033.0614013671875,4492.271484375,23972.037109375,1602.801513671875,11198.8134765625,7193.89501953125,1406.0196533203125,1287.0584716796875,2288.991943359375,22929.37890625
2024-12-04,9381.87890625,3602.05859375,5136.013671875,4181.462890625,2434.1591796875,2023.9852294921875,4579.92578125,24391.4375,1632.7203369140625,11081.4248046875,7263.28955078125,1410.7696533203125,1300.3729248046875,2297.4697265625,23267.818359375
2024-12-05,9427.8671875,3527.533447265625,4954.74267578125,4071.646484375,2374.162353515625,2042.1376953125,4558.01220703125,24391.4375,1637.9619140625,11175.3359375,7286.4208984375,1429.7698974609375,1322.5634765625,2322.903076171875,23225.513671875
2024-12-06,9266.904296875,3568.936279296875,5015.166015625,4105.4365234375,2365.59130859375,2096.594482421875,4514.18505859375,24678.39453125,1633.593994140625,11104.9033203125,7332.68408203125,1391.76953125,1318.1253662109375,2314.42529296875,23437.041015625
2024-12-09,9519.845703125,3635.18115234375,5136.013671875,4223.69970703125,2348.449462890625,2087.5185546875,4579.92578125,25164.015625,1655.4334716796875,11057.9482421875,7587.13037109375,1410.7696533203125,1322.5634765625,2331.380859375,23563.953125
2024-12-10,9519.845703125,3610.339111328125,5075.58935546875,4308.173828125,2374.162353515625,2078.442138671875,4579.92578125,24899.1328125,1747.1593017578125,11010.9921875,7540.8671875,1429.7698974609375,1442.3931884765625,2399.202880859375,23585.107421875
2024-12-11,9588.8310546875,3626.900390625,5075.58935546875,4287.05517578125,2451.301025390625,2033.0614013671875,4601.8388671875,24523.880859375,1699.1124267578125,11010.9921875,7587.13037109375,1429.7698974609375,1420.202392578125,2373.76953125,23860.087890625
2024-12-12,9358.8818359375,3527.533447265625,4934.60107421875,4122.3310546875,2417.017333984375,2051.213623046875,4470.3583984375,24678.39453125,1664.1693115234375,10893.6044921875,7587.13037109375,1382.269287109375,1433.516845703125,2373.76953125,23712.021484375
2024-12-13,9243.9091796875,3453.008056640625,4854.0361328125,3995.619873046875,2391.30419921875,2060.2900390625,4492.271484375,24832.912109375,1633.593994140625,11128.380859375,7563.9990234375,1372.7691650390625,1406.8880615234375,2356.814208984375,23563.953125
2024-12-16,9289.8994140625,3519.252685546875,4894.318359375,3919.59326171875,2279.881591796875,2060.2900390625,4492.271484375,24744.6171875,1594.2828369140625,11081.4248046875,7517.73583984375,1368.0191650390625,1384.6973876953125,2322.903076171875,23479.34375
2024-12-17,9105.9404296875,3436.44677734375,4793.61279296875,3775.98779296875,2245.597412109375,2069.3662109375,4365.1728515625,23177.3828125,1537.500244140625,10823.171875,7448.34130859375,1330.0185546875,1340.3160400390625,2263.558837890625,23056.291015625
2024-12-18,9013.9599609375,3436.44677734375,4692.90625,3742.197998046875,2202.74267578125,2051.213623046875,4382.70361328125,23199.458984375,1576.811279296875,10635.3505859375,7240.158203125,1311.018310546875,1344.7542724609375,2272.03662109375,22971.681640625
2024-12-19,8898.986328125,3386.76318359375,4572.05859375,3640.8291015625,2168.458740234375,2033.0614013671875,4277.51904296875,23221.53125,1546.2359619140625,10517.962890625,7078.2373046875,1254.0174560546875,1304.81103515625,2187.259033203125,22273.6484375
2024-12-20,8875.9921875,3361.921142578125,4572.05859375,3598.59228515625,2185.6005859375,2069.3662109375,4268.75390625,22669.689453125,1528.764404296875,10564.91796875,7055.10595703125,1211.2669677734375,1260.4296875,2195.73681640625,21596.763671875
2024-12-23,8990.966796875,3486.13037109375,4692.90625,3699.961181640625,2271.310546875,2069.3662109375,4338.876953125,22471.025390625,1559.3397216796875,10729.26171875,7147.6318359375,1263.5177001953125,1291.49658203125,2195.73681640625,21702.529296875
2024-12-24,8967.9716796875,3477.849609375,4632.48291015625,3699.961181640625,2348.449462890625,2051.213623046875,4277.51904296875,22250.287109375,1554.9716796875,10870.1279296875,7055.10595703125,1330.0185546875,1273.744140625,2195.73681640625,21406.39453125
2024-12-27,9013.9599609375,3507.79443359375,4672.76513671875,3683.066162109375,2357.0205078125,2042.1376953125,4321.34619140625,22426.87890625,1607.3865966796875,10729.26171875,7124.50048828125,1287.2679443359375,1353.63037109375,2221.170166015625,21871.75
2024-12-30,8898.986328125,3490.68310546875,4592.2001953125,3674.618896484375,2322.736328125,2042.1376953125,4295.05029296875,23640.931640625,1646.6976318359375,10682.3056640625,7124.50048828125,1292.01806640625,1353.63037109375,2331.380859375,22590.935546875
2025-01-02,9105.9404296875,3601.90576171875,4713.04736328125,3877.3564453125,2314.165283203125,2042.1376953125,4338.876953125,22691.76171875,1603.0186767578125,10541.44140625,6916.31689453125,1273.0177001953125,1371.383056640625,2272.03662109375,22146.734375
2025-01-03,9059.951171875,3550.572265625,4672.76513671875,3835.119384765625,2357.0205078125,2023.9852294921875,4338.876953125,22581.396484375,1550.6038818359375,10682.3056640625,6985.71142578125,1258.767578125,1349.1922607421875,2288.991943359375,22252.494140625
2025-01-06,8898.986328125,3507.79443359375,4572.05859375,3742.197998046875,2305.594482421875,2033.0614013671875,4259.98828125,22426.87890625,1524.396484375,10494.4853515625,6823.791015625,1216.0169677734375,1300.3729248046875,2246.603271484375,21829.443359375
2025-01-07,8761.0185546875,3447.905029296875,4511.6357421875,3683.066162109375,2202.74267578125,2023.9852294921875,4312.58056640625,22824.203125,1554.9716796875,10259.7099609375,6893.185546875,1225.51708984375,1273.744140625,2238.12548828125,21829.443359375
2025-01-08,8898.986328125,3490.68310546875,4632.48291015625,3691.513671875,2271.310546875,2042.1376953125,4216.1611328125,22228.21484375,1506.9249267578125,10424.052734375,6916.31689453125,1211.2669677734375,1269.3060302734375,2238.12548828125,21469.8515625
2025-01-09,9059.951171875,3447.905029296875,4632.48291015625,3699.961181640625,2245.597412109375,2023.9852294921875,4321.34619140625,22051.625,1476.349609375,10353.6201171875,6939.44873046875,1206.516845703125,1260.4296875,2221.170166015625,21406.39453125
2025-01-10,8944.9765625,3430.7939453125,4511.6357421875,3674.618896484375,2297.023681640625,2023.9852294921875,4295.05029296875,22161.994140625,1489.4532470703125,10400.5751953125,7147.6318359375,1197.0167236328125,1300.3729248046875,2280.514404296875,21385.240234375
2025-01-13,8898.986328125,3293.904541015625,4451.2119140625,3556.355224609375,2288.45263671875,2060.2900390625,4163.568359375,22426.87890625,1502.5570068359375,10424.052734375,7147.6318359375,1201.7667236328125,1313.687255859375,2212.692138671875,21342.935546875
2025-01-14,8761.0185546875,3251.12646484375,4350.505859375,3488.77587890625,2245.597412109375,2042.1376953125,4163.568359375,22515.173828125,1524.396484375,10095.3662109375,6962.57958984375,1163.7662353515625,1349.1922607421875,2221.170166015625,21491.00390625
2025-01-15,9013.9599609375,3499.238525390625,4632.48291015625,3725.30322265625,2254.16845703125,2060.2900390625,4330.11181640625,22691.76171875,1515.6607666015625,10118.84375,7124.50048828125,1192.2667236328125,1358.068603515625,2263.558837890625,21787.138671875
2025-01-16,8967.9716796875,3559.127685546875,4733.1884765625,3801.329833984375,2219.884765625,2060.2900390625,4277.51904296875,23111.162109375,1559.3397216796875,10259.7099609375,7008.84326171875,1173.266357421875,1349.1922607421875,2280.514404296875,21998.6640625
2025-01-17,9105.9404296875,3499.238525390625,4733.1884765625,3775.98779296875,2279.881591796875,2060.2900390625,4330.11181640625,23331.900390625,1563.7076416015625,10165.798828125,7031.974609375,1163.7662353515625,1349.1922607421875,2272.03662109375,22083.2734375
2025-01-20,8852.998046875,3610.46142578125,4833.89501953125,3902.69873046875,2237.0263671875,2042.1376953125,4303.8154296875,22934.57421875,1528.764404296875,9884.0673828125,6823.791015625,1159.0162353515625,1340.3160400390625,2255.0810546875,21914.0546875
2025-01-21,8807.0078125,3644.68408203125,4874.177734375,4004.0673828125,2254.16845703125,2060.2900390625,4303.8154296875,22691.76171875,1511.2928466796875,10330.142578125,6893.185546875,1178.016357421875,1340.3160400390625,2280.514404296875,22104.42578125
2025-01-22,8830.001953125,3644.68408203125,4954.74267578125,4046.30419921875,2339.87841796875,2069.3662109375,4347.642578125,22890.42578125,1480.7174072265625,10682.3056640625,7055.10595703125,1197.0167236328125,1349.1922607421875,2297.4697265625,22358.2578125
2025-01-23,8830.001953125,3678.906005859375,4974.8837890625,3928.041015625,2322.736328125,2096.594482421875,4295.05029296875,22471.025390625,1520.028564453125,10588.396484375,6939.44873046875,1173.266357421875,1322.5634765625,2288.991943359375,22337.10546875
2025-01-24,8600.0537109375,3584.794921875,4934.60107421875,3894.2509765625,2305.594482421875,2078.442138671875,4268.75390625,22161.994140625,1476.349609375,10729.26171875,6985.71142578125,1159.0162353515625,1322.5634765625,2288.991943359375,22273.6484375
2025-01-30,8416.0966796875,3524.905517578125,4914.4599609375,3919.59326171875,2262.739501953125,2060.2900390625,4189.86474609375,21610.150390625,1441.406494140625,10870.1279296875,7055.10595703125,1173.266357421875,1238.239013671875,2272.03662109375,21914.0546875
2025-01-31,8692.033203125,3610.46142578125,4854.0361328125,4029.40966796875,2279.881591796875,2060.2900390625,4207.3955078125,21963.330078125,1423.934814453125,10799.6943359375,7263.28955078125,1201.7667236328125,1233.8009033203125,2280.514404296875,21892.90234375
2025-02-03,8600.0537109375,3636.12841796875,4672.76513671875,4037.85693359375,2254.16845703125,2078.442138671875,4172.333984375,22073.69921875,1380.255859375,10541.44140625,7055.10595703125,1140.0159912109375,1224.924560546875,2263.558837890625,22062.123046875
2025-02-04,8439.0908203125,3644.68408203125,4572.05859375,3970.277587890625,2262.739501953125,2078.442138671875,4207.3955078125,22073.69921875,1367.1522216796875,10424.052734375,7124.50048828125,1187.5166015625,1242.67724609375,2280.514404296875,21892.90234375
2025-02-05,8393.1005859375,3542.0166015625,4451.2119140625,3801.329833984375,2245.597412109375,2060.2900390625,4154.80322265625,22206.140625,1367.1522216796875,10236.2314453125,6962.57958984375,1149.5159912109375,1287.0584716796875,2305.94775390625,22040.96875
2025-02-06,8232.1376953125,3396.571533203125,4108.810546875,3623.9345703125,2194.171630859375,2078.442138671875,3988.260498046875,21566.00390625,1319.1053466796875,10283.1865234375,6962.57958984375,1235.0172119140625,1242.67724609375,2246.603271484375,21533.30859375
2025-02-07,8600.0537109375,3447.905029296875,4149.09326171875,3607.03955078125,2219.884765625,2078.442138671875,4075.9150390625,21897.109375,1244.85107421875,10682.3056640625,7078.2373046875,1201.7667236328125,1269.3060302734375,2263.558837890625,21723.681640625
2025-02-10,8416.0966796875,3396.571533203125,4028.24560546875,3505.670654296875,2091.31982421875,2069.3662109375,4005.79150390625,21301.119140625,1314.7374267578125,10588.396484375,7193.89501953125,1254.0174560546875,1229.36279296875,2221.170166015625,21321.783203125
2025-02-11,8347.111328125,3430.7939453125,3931.568115234375,3438.091552734375,1988.468017578125,2060.2900390625,4040.853271484375,21566.00390625,1244.85107421875,10541.44140625,7124.50048828125,1187.5166015625,1242.67724609375,2221.170166015625,21216.01953125
2025-02-12,8416.0966796875,3447.905029296875,3979.906982421875,3632.3818359375,2125.603759765625,2060.2900390625,4067.149169921875,21963.330078125,1201.1719970703125,10471.0087890625,7217.0263671875,1220.76708984375,1238.239013671875,2238.12548828125,21448.697265625
2025-02-13,8278.1279296875,3413.682861328125,4048.38720703125,3590.144775390625,2074.177978515625,2069.3662109375,4084.68017578125,21632.2265625,1236.115234375,10541.44140625,7217.0263671875,1225.51708984375,1304.81103515625,2280.514404296875,21512.154296875
2025-02-14,8255.1328125,3302.4599609375,4128.9521484375,3691.513671875,2168.458740234375,2069.3662109375,4102.2109375,22117.845703125,1279.794189453125,10823.171875,7170.763671875,1225.51708984375,1358.068603515625,2297.4697265625,21660.224609375
2025-02-17,8577.0595703125,3447.905029296875,4370.64697265625,3860.46142578125,2271.310546875,2060.2900390625,4154.80322265625,21897.109375,1257.95458984375,10799.6943359375,7240.158203125,1220.76708984375,1380.25927734375,2297.4697265625,21765.986328125
2025-02-18,8554.0654296875,3550.572265625,4390.7880859375,4012.5146484375,2297.023681640625,2060.2900390625,4207.3955078125,21830.888671875,1266.6904296875,10823.171875,7263.28955078125,1230.2672119140625,1375.8211669921875,2280.514404296875,21808.291015625
2025-02-19,8232.1376953125,3439.349609375,4169.23486328125,3818.224365234375,2288.45263671875,2051.213623046875,4119.7421875,22250.287109375,1201.1719970703125,10940.560546875,7402.07861328125,1173.266357421875,1398.0118408203125,2255.0810546875,21744.833984375
2025-02-20,8278.1279296875,3345.238037109375,4149.09326171875,3767.540283203125,2288.45263671875,2060.2900390625,4137.2724609375,21852.9609375,1179.33251953125,10846.6494140625,7378.94677734375,1149.5159912109375,1495.650634765625,2263.558837890625,21342.935546875
2025-02-21,8278.1279296875,3328.126708984375,4088.669677734375,3632.3818359375,2271.310546875,2042.1376953125,4163.568359375,21698.4453125,1126.917724609375,10799.6943359375,7124.50048828125,1159.0162353515625,1437.9549560546875,2255.0810546875,21385.240234375
2025-02-24,8209.142578125,3353.793701171875,4048.38720703125,3547.907958984375,2228.455810546875,2051.213623046875,4119.7421875,22073.69921875,1105.078369140625,11151.8583984375,7309.55224609375,1149.5159912109375,1455.70751953125,2238.12548828125,21321.783203125
2025-02-25,8117.1640625,3251.12646484375,3923.511474609375,3573.25,2108.461669921875,2033.0614013671875,3997.025634765625,20749.275390625,1004.6165771484375,10635.3505859375,7240.158203125,1102.015380859375,1451.2694091796875,2221.170166015625,21004.494140625
2025-02-26,8071.17529296875,3268.237548828125,3963.793701171875,3674.618896484375,2159.887939453125,2033.0614013671875,4014.556884765625,20660.982421875,1048.295654296875,9860.5908203125,7147.6318359375,1125.765625,1446.831298828125,2212.692138671875,20877.580078125
2025-02-27,7841.2255859375,3105.681396484375,3754.3251953125,3666.17138671875,2134.1748046875,2033.0614013671875,4023.322021484375,20683.0546875,1048.295654296875,9766.6796875,7031.974609375,1083.01513671875,1442.3931884765625,2221.170166015625,21004.494140625
2025-02-28,7749.24658203125,2874.680419921875,3705.986328125,3404.302001953125,2014.1810302734375,2005.8328857421875,3970.729736328125,19733.88671875,886.683349609375,9813.634765625,6592.47607421875,1026.0142822265625,1406.8880615234375,2195.73681640625,20052.62890625
2025-03-03,8094.16845703125,3139.90380859375,3947.680908203125,3598.59228515625,2057.035888671875,2014.9091796875,4102.2109375,19800.107421875,982.7771606445312,9931.0234375,6800.65966796875,1054.5146484375,1406.8880615234375,2187.259033203125,20327.611328125
2025-03-04,8140.158203125,3139.90380859375,3899.34228515625,3564.802490234375,2039.89404296875,2014.9091796875,4110.9765625,19579.37109375,952.2018432617188,9931.0234375,6777.5283203125,1054.5146484375,1366.94482421875,2127.914794921875,19523.814453125
2025-03-05,8278.1279296875,3285.348876953125,3915.454833984375,3767.540283203125,2099.890869140625,2060.2900390625,4295.05029296875,20903.79296875,978.4091796875,9766.6796875,6870.05419921875,1035.514404296875,1437.9549560546875,2187.259033203125,19650.73046875
2025-03-06,8255.1328125,3379.46044921875,3923.511474609375,3877.3564453125,2057.035888671875,2042.1376953125,4295.05029296875,22007.478515625,995.8807983398438,9719.724609375,6754.396484375,1092.5152587890625,1442.3931884765625,2187.259033203125,19883.41015625
2025-03-07,8209.142578125,3259.68212890625,3899.34228515625,3835.119384765625,2065.60693359375,2042.1376953125,4321.34619140625,21234.8984375,1048.295654296875,9907.5458984375,6708.1337890625,1102.015380859375,1446.831298828125,2161.82568359375,20052.62890625
2025-03-10,8209.142578125,3216.904052734375,3794.607666015625,3759.0927734375,2048.46484375,2060.2900390625,4181.099609375,20881.71875,1030.8240966796875,9954.5009765625,6985.71142578125,1026.0142822265625,1322.5634765625,2127.914794921875,20179.544921875
2025-03-11,8209.142578125,3242.57080078125,3818.777099609375,3759.0927734375,2031.3231201171875,2051.213623046875,4207.3955078125,20925.865234375,1039.559814453125,9790.158203125,6731.2646484375,1007.0140380859375,1349.1922607421875,2110.959228515625,20221.849609375
2025-03-12,8393.1005859375,3328.126708984375,3931.568115234375,3826.672119140625,2099.890869140625,2060.2900390625,4216.1611328125,20616.8359375,1004.6165771484375,10259.7099609375,6916.31689453125,1016.5142211914062,1371.383056640625,2102.481689453125,19693.03515625
2025-03-13,8255.1328125,3251.12646484375,3818.777099609375,3826.672119140625,2082.7490234375,2042.1376953125,4146.0380859375,20351.94921875,1100.71044921875,10330.142578125,6754.396484375,1030.764404296875,1362.5067138671875,2077.04833984375,19798.798828125
2025-03-14,8048.1787109375,3208.348388671875,3818.777099609375,3742.197998046875,2074.177978515625,2051.213623046875,4049.618408203125,20064.9921875,1135.6534423828125,10095.3662109375,6638.7392578125,997.513916015625,1411.326171875,2077.04833984375,19566.12109375
2025-03-17,7910.2099609375,3276.793212890625,3770.438232421875,3657.723876953125,2074.177978515625,2060.2900390625,4049.618408203125,20506.466796875,1192.4361572265625,10283.1865234375,6731.2646484375,1007.0140380859375,1469.0218505859375,2077.04833984375,19396.900390625
2025-03-18,7634.27392578125,3148.459228515625,3649.590576171875,3539.46044921875,2074.177978515625,2042.1376953125,4075.9150390625,19822.18359375,1188.068359375,10165.798828125,6546.21337890625,964.2634887695312,1451.2694091796875,2051.615234375,19037.3046875
2025-03-19,7657.26806640625,3174.1259765625,3770.438232421875,3522.565673828125,2082.7490234375,2060.2900390625,4110.9765625,19711.8125,1188.068359375,10071.8896484375,6661.87060546875,978.513671875,1473.4600830078125,2060.0927734375,19164.220703125
2025-03-20,7703.25732421875,3131.34814453125,3722.099609375,3446.5390625,2048.46484375,2060.2900390625,4128.50732421875,19976.6953125,1140.021484375,9954.5009765625,6499.9501953125,1035.514404296875,1460.1456298828125,2043.13720703125,19375.748046875
2025-03-21,7489.9365234375,3165.570556640625,3552.912841796875,3184.669677734375,1979.89697265625,2051.213623046875,4242.45703125,20197.435546875,1131.28564453125,9931.0234375,6453.68701171875,1064.014892578125,1406.8880615234375,1966.837646484375,19016.15234375
2025-03-24,7537.34130859375,3088.570068359375,3593.1953125,3142.4326171875,1997.0390625,2051.213623046875,4110.9765625,20042.91796875,1091.974609375,9790.158203125,6291.7666015625,1049.7646484375,1411.326171875,1949.8822021484375,18508.4921875
2025-03-25,7632.150390625,3251.12646484375,3818.777099609375,3294.48583984375,2005.6099853515625,2023.9852294921875,4075.9150390625,20153.287109375,1087.606689453125,9743.203125,6291.7666015625,1078.2650146484375,1420.202392578125,2077.04833984375,18995.001953125
2025-03-26,8082.494140625,3422.23828125,4149.09326171875,3590.144775390625,2091.31982421875,2042.1376953125,4207.3955078125,20749.275390625,1083.23876953125,9907.5458984375,6407.42431640625,1045.0146484375,1464.583740234375,2127.914794921875,19418.05078125
2025-03-27,8058.79248046875,3465.016357421875,4189.37548828125,3581.697265625,2065.60693359375,2069.3662109375,4312.58056640625,20793.423828125,1105.078369140625,9555.3818359375,6569.34423828125,1078.2650146484375,1451.2694091796875,2136.392578125,19418.05078125
2025-04-08,7371.42431640625,3114.23681640625,3762.3818359375,3404.302001953125,1962.7552490234375,1996.7568359375,3926.90283203125,17747.25390625,1030.8240966796875,9109.3076171875,6661.87060546875,1002.263916015625,1242.67724609375,2051.615234375,18466.185546875
2025-04-09,7513.638671875,3105.681396484375,3794.607666015625,3412.749267578125,1988.468017578125,2042.1376953125,4049.618408203125,18144.580078125,1008.9844360351562,8991.919921875,6176.10888671875,1049.7646484375,1309.2491455078125,2085.52587890625,19269.982421875
2025-04-10,7798.06640625,3251.12646484375,4048.38720703125,3598.59228515625,2014.1810302734375,2069.3662109375,4128.50732421875,19248.265625,1122.5499267578125,9391.0390625,6546.21337890625,1087.76513671875,1446.831298828125,2272.03662109375,19693.03515625
2025-04-11,7845.470703125,3285.88623046875,4108.810546875,3708.408447265625,1997.0390625,1996.7568359375,4128.50732421875,19292.412109375,1144.3892822265625,9320.60546875,6384.29296875,1121.0157470703125,1500.0888671875,2272.03662109375,19798.798828125
2025-04-14,7963.98291015625,3340.1982421875,4211.83154296875,3843.566650390625,2082.7490234375,2068.248291015625,4321.34619140625,19998.771484375,1188.068359375,9696.2470703125,6592.47607421875,1178.016357421875,1624.3565673828125,2322.903076171875,20983.341796875
2025-04-15,8129.8994140625,3340.1982421875,4176.36376953125,3939.342041015625,2099.890869140625,2049.360107421875,4268.75390625,20153.287109375,1161.8609619140625,9837.1123046875,6754.396484375,1135.265869140625,1650.9853515625,2339.8583984375,20898.732421875
2025-04-16,8035.08984375,3303.990478515625,4105.42724609375,3773.668701171875,2125.603759765625,2068.248291015625,4189.86474609375,19623.517578125,1153.125244140625,9625.814453125,6846.92236328125,1192.2667236328125,1708.6810302734375,2297.4697265625,20814.12109375
2025-04-17,8058.79248046875,3294.938232421875,4078.82666015625,3718.4443359375,2185.6005859375,2058.80419921875,4163.568359375,19623.517578125,1153.125244140625,9954.5009765625,6754.396484375,1140.0159912109375,1726.43359375,2314.42529296875,20983.341796875
2025-04-21,7869.17431640625,3276.834228515625,4087.69384765625,3672.423828125,2202.74267578125,2002.139892578125,4198.63037109375,20219.5078125,1174.9647216796875,9907.5458984375,6800.65966796875,1163.7662353515625,1855.139404296875,2314.42529296875,20629.8203125
2025-04-22,8058.79248046875,3285.88623046875,4185.23095703125,3690.83203125,2185.6005859375,1983.2518310546875,4154.80322265625,20329.875,1209.90771484375,9837.1123046875,6661.87060546875,1140.0159912109375,1943.902099609375,2339.8583984375,20769.3671875
2025-04-23,8272.11328125,3403.562744140625,4344.8369140625,3819.68896484375,2254.16845703125,1992.69580078125,4224.9267578125,20351.94921875,1244.85107421875,10048.4111328125,6800.65966796875,1216.0169677734375,1837.386962890625,2356.814208984375,20746.109375
2025-04-24,8035.08984375,3376.406494140625,4335.97021484375,3838.09716796875,2254.16845703125,1973.8077392578125,4181.099609375,20351.94921875,1306.0015869140625,10330.142578125,6708.1337890625,1201.7667236328125,1908.3970947265625,2356.814208984375,20513.53125
2025-04-25,8153.60107421875,3385.458740234375,4344.8369140625,3865.70947265625,2228.455810546875,1983.2518310546875,4259.98828125,20396.09765625,1528.764404296875,10330.142578125,6916.31689453125,1178.016357421875,1899.520751953125,2356.814208984375,20560.046875
2025-04-28,8319.5185546875,3475.978759765625,4362.57080078125,3856.50537109375,2194.171630859375,1983.2518310546875,4286.2841796875,20219.5078125,1454.5101318359375,10330.142578125,6870.05419921875,1197.0167236328125,1890.64453125,2348.33642578125,20536.7890625
2025-04-29,8272.11328125,3485.031005859375,4380.30517578125,3810.48486328125,2219.884765625,2011.583984375,4207.3955078125,20020.84375,1467.6138916015625,10564.91796875,6939.44873046875,1197.0167236328125,1935.0257568359375,2365.291748046875,20513.53125
2025-04-30,8366.9228515625,3485.031005859375,4335.97021484375,3847.30126953125,2262.739501953125,2030.4720458984375,4207.3955078125,20042.91796875,1498.1890869140625,10658.8291015625,7402.07861328125,1296.76806640625,1926.1495361328125,2339.8583984375,20467.013671875
2025-05-02,8509.13671875,3512.18701171875,4398.0390625,3865.70947265625,2297.023681640625,2096.58056640625,4198.63037109375,20109.140625,1533.13232421875,10330.142578125,7124.50048828125,1249.267333984375,2032.664794921875,2322.903076171875,20420.498046875
2025-05-05,8509.13671875,3494.0830078125,4415.77294921875,3874.91357421875,2314.165283203125,2077.6923828125,4189.86474609375,20131.212890625,1550.6038818359375,10517.962890625,7031.974609375,1320.5185546875,2059.293701171875,2305.94775390625,20513.53125
2025-05-06,8556.541015625,3512.18701171875,4415.77294921875,3847.30126953125,2297.023681640625,2058.80419921875,4163.568359375,20197.435546875,1603.0186767578125,10588.396484375,6962.57958984375,1339.5186767578125,2254.571533203125,2297.4697265625,20722.8515625
2025-05-07,8603.9453125,3539.343017578125,4389.17236328125,3828.89306640625,2245.597412109375,2058.80419921875,4233.69189453125,20536.40234375,1581.17919921875,10400.5751953125,7170.763671875,1334.7686767578125,2440.972900390625,2339.8583984375,20792.625
2025-05-08,8509.13671875,3430.71875,4247.2998046875,3792.076904296875,2202.74267578125,2011.583984375,4189.86474609375,20276.748046875,1554.9716796875,10705.7841796875,7193.89501953125,1368.0191650390625,2316.705322265625,2305.94775390625,20583.3046875
2025-05-09,8532.8388671875,3475.978759765625,4229.5654296875,3773.668701171875,2228.455810546875,2039.9161376953125,4189.86474609375,20064.30078125,1554.9716796875,10517.962890625,7378.94677734375,1377.5191650390625,2378.839111328125,2297.4697265625,20560.046875
2025-05-14,8793.564453125,3702.279541015625,4477.84228515625,4022.178466796875,2219.884765625,2087.136474609375,4216.1611328125,20725.2421875,1559.3397216796875,10494.4853515625,7286.4208984375,1406.0196533203125,2263.44775390625,2365.291748046875,20908.916015625
2025-05-15,8793.564453125,3865.216064453125,4721.68505859375,4141.83154296875,2279.881591796875,2039.9161376953125,4224.9267578125,20418.376953125,1563.7076416015625,10377.09765625,7494.6044921875,1448.7701416015625,2263.44775390625,2348.33642578125,20885.658203125
2025-05-16,8817.2666015625,3847.112060546875,4854.6904296875,4141.83154296875,2348.449462890625,2058.80419921875,4277.51904296875,20678.033203125,1541.8681640625,10400.5751953125,7818.4453125,1429.7698974609375,2343.334228515625,2424.635986328125,21025.20703125
2025-05-19,9006.884765625,3829.0078125,4899.025390625,4105.01513671875,2417.017333984375,2087.136474609375,4330.11181640625,20866.873046875,1541.8681640625,10283.1865234375,7610.26171875,1382.269287109375,2414.34423828125,2458.546875,21211.26953125
2025-05-20,8983.18359375,3810.90380859375,4788.18798828125,4095.81103515625,2348.449462890625,2049.360107421875,4259.98828125,20536.40234375,1493.8212890625,10095.3662109375,7286.4208984375,1425.0198974609375,2423.220458984375,2390.724853515625,20769.3671875
2025-05-21,9196.5029296875,3856.1640625,4832.52294921875,4160.23974609375,2357.0205078125,2058.80419921875,4370.41845703125,20583.61328125,1537.500244140625,10165.798828125,7378.94677734375,1453.520263671875,2582.9931640625,2365.291748046875,20978.69140625
2025-05-22,9149.0986328125,3892.3720703125,4832.52294921875,4114.21923828125,2399.875244140625,2049.360107421875,4332.984375,20654.427734375,1585.547119140625,10142.322265625,7309.55224609375,1368.0191650390625,2627.37451171875,2390.724853515625,21071.72265625
2025-05-23,9172.8017578125,3937.63232421875,4810.35546875,4151.03564453125,2305.594482421875,2049.360107421875,4435.927734375,20725.2421875,1559.3397216796875,10165.798828125,7263.28955078125,1387.0194091796875,2778.27099609375,2407.680419921875,20932.17578125
2025-05-26,9125.3974609375,3910.47607421875,4854.6904296875,4141.83154296875,2399.875244140625,2049.360107421875,4426.5693359375,20512.796875,1541.8681640625,10353.6201171875,7263.28955078125,1444.020263671875,2760.5185546875,2399.202880859375,20839.140625
2025-05-27,8959.48046875,3955.736328125,4788.18798828125,4169.44384765625,2425.58837890625,2058.80419921875,4398.494140625,20678.033203125,1520.028564453125,10447.5302734375,7286.4208984375,1491.5208740234375,2689.508544921875,2416.158203125,20955.43359375
2025-05-28,8912.0751953125,4028.152587890625,4699.51708984375,4132.62744140625,2417.017333984375,2077.6923828125,4538.87158203125,21197.345703125,1511.2928466796875,10236.2314453125,7286.4208984375,1439.2701416015625,2760.5185546875,2450.0693359375,21001.94921875
2025-06-02,8627.6484375,3801.851806640625,4500.009765625,4022.178466796875,2382.733154296875,2058.80419921875,4473.36181640625,20678.033203125,1511.2928466796875,10142.322265625,7101.369140625,1482.020751953125,2946.920166015625,2424.635986328125,20676.3359375
2025-06-03,8580.2431640625,3801.851806640625,4477.84228515625,4022.178466796875,2399.875244140625,2039.9161376953125,4398.494140625,20205.931640625,1476.349609375,9977.978515625,7240.158203125,1472.5205078125,2982.425048828125,2424.635986328125,20653.078125
2025-06-04,8509.13671875,3693.2275390625,4455.6748046875,3957.75,2417.017333984375,2068.248291015625,4314.267578125,20205.931640625,1437.03857421875,10165.798828125,7610.26171875,1556.164306640625,3151.07421875,2416.158203125,20746.109375
2025-06-05,8461.7314453125,3711.331787109375,4500.009765625,4068.198974609375,2434.1591796875,2077.6923828125,4314.267578125,20229.537109375,1419.5670166015625,10048.4111328125,7540.8671875,1556.164306640625,3062.3115234375,2433.113525390625,20653.078125
2025-06-10,8627.6484375,3756.591796875,4655.1826171875,4160.23974609375,2494.156005859375,2058.80419921875,4304.90869140625,20276.748046875,1415.198974609375,10001.4560546875,7587.13037109375,1536.7122802734375,2893.66259765625,2509.413330078125,20885.658203125
2025-06-11,8580.2431640625,3684.175537109375,4610.84716796875,4178.64794921875,2588.897216796875,2096.58056640625,4314.267578125,20418.376953125,1410.8311767578125,10048.4111328125,7864.70849609375,1497.8082275390625,2911.4150390625,2551.80224609375,21025.20703125
2025-06-12,8651.3505859375,3684.175537109375,4588.68017578125,4178.64794921875,2570.405029296875,2068.248291015625,4267.474609375,20418.376953125,1419.5670166015625,10024.93359375,7610.26171875,1492.9451904296875,2813.776123046875,2526.369140625,21094.98046875
2025-06-13,8556.541015625,3620.811279296875,4566.51220703125,4178.64794921875,2533.4208984375,2068.248291015625,4276.83349609375,20748.84765625,1362.7843017578125,9954.5009765625,7702.78759765625,1488.0821533203125,2929.16748046875,2517.89111328125,21350.818359375
2025-06-16,8461.7314453125,3611.75927734375,4566.51220703125,4049.790771484375,2533.4208984375,2096.58056640625,4314.267578125,20866.873046875,1351.074951171875,9931.0234375,7610.26171875,1488.0821533203125,2911.4150390625,2551.80224609375,21955.525390625
2025-06-17,8603.9453125,3584.60302734375,4522.17724609375,4012.974609375,2551.912841796875,2115.468505859375,4304.90869140625,20630.822265625,1333.0606689453125,9977.978515625,7587.13037109375,1551.3013916015625,3080.06396484375,2568.7578125,21792.71875
2025-06-18,8438.0283203125,3566.4990234375,4500.009765625,3957.75,2561.158935546875,2096.58056640625,4295.55029296875,20583.61328125,1324.0533447265625,10001.4560546875,7517.73583984375,1507.5341796875,3151.07421875,2560.27978515625,21932.265625
2025-06-19,8319.5185546875,3439.770751953125,4406.90576171875,3801.281005859375,2487.1904296875,2106.0244140625,4239.3994140625,20253.140625,1306.0390625,9813.634765625,7448.34130859375,1473.4931640625,2955.79638671875,2534.8466796875,21188.01171875
2025-06-20,8248.41015625,3430.71875,4371.43798828125,3782.872802734375,2440.960205078125,2115.468505859375,4201.96533203125,20253.140625,1242.9888916015625,9790.158203125,7448.34130859375,1458.904052734375,2840.40478515625,2500.935791015625,20815.8828125
2025-06-23,8177.3046875,3367.3544921875,4362.57080078125,3736.852294921875,2385.48388671875,2124.91259765625,4145.814453125,19733.830078125,1229.4781494140625,9344.083984375,7332.68408203125,1390.8218994140625,2972.51171875,2398.165283203125,20769.3671875
2025-06-24,8319.5185546875,3421.66650390625,4455.6748046875,3810.48486328125,2394.72998046875,2096.58056640625,4183.24853515625,19993.486328125,1301.5355224609375,9602.3369140625,7332.68408203125,1454.041015625,2879.32958984375,2331.2841796875,20653.078125
2025-06-25,8153.60107421875,3403.562744140625,4327.10302734375,3782.872802734375,2422.468017578125,2124.91259765625,4183.24853515625,19922.671875,1310.542724609375,9602.3369140625,7448.34130859375,1497.8082275390625,2730.238037109375,2312.17529296875,20560.046875
2025-06-26,8201.005859375,3466.927001953125,4455.6748046875,3792.076904296875,2505.6826171875,2115.468505859375,4164.53173828125,19922.671875,1315.0462646484375,9531.904296875,7448.34130859375,1473.4931640625,2739.556396484375,2293.06640625,20490.271484375
2025-06-30,8224.708984375,3385.458740234375,4327.10302734375,3792.076904296875,2570.405029296875,2124.91259765625,4211.32373046875,20253.140625,1306.0390625,9860.5908203125,7517.73583984375,1483.2191162109375,2832.738525390625,2350.39306640625,20467.013671875
2025-07-01,8248.41015625,3349.25048828125,4211.83154296875,3690.83203125,2598.143310546875,2181.576904296875,4164.53173828125,20276.748046875,1324.0533447265625,9977.978515625,7587.13037109375,1478.356201171875,2860.693115234375,2350.39306640625,20536.7890625
2025-07-02,8224.708984375,3331.146484375,4229.5654296875,3700.0361328125,2570.405029296875,2153.244873046875,4248.7578125,20111.51171875,1324.0533447265625,10098.1953125,7639.81884765625,1468.630126953125,2786.1474609375,2331.2841796875,20722.8515625
2025-07-03,8153.60107421875,3331.146484375,4202.96484375,3654.015869140625,2505.6826171875,2172.1328125,4276.83349609375,20300.3515625,1436.64306640625,10338.6279296875,7759.5654296875,1517.26025390625,2907.2841796875,2312.17529296875,20536.7890625
2025-07-04,8201.005859375,3322.094482421875,4202.96484375,3681.6279296875,2431.714111328125,2172.1328125,4323.6259765625,20347.560546875,1391.6070556640625,10242.455078125,7759.5654296875,1473.4931640625,2795.465576171875,2321.729736328125,20560.046875
2025-07-07,8177.3046875,3349.25048828125,4202.96484375,3681.6279296875,2496.4365234375,2162.68896484375,4379.77685546875,20253.140625,1405.117919921875,10098.1953125,7759.5654296875,1458.904052734375,2711.6015625,2331.2841796875,20560.046875
2025-07-08,8058.79248046875,3322.094482421875,4185.23095703125,3654.015869140625,2450.206298828125,2134.356689453125,4361.06005859375,20394.771484375,1369.0892333984375,10098.1953125,7687.7177734375,1458.904052734375,2730.238037109375,2293.06640625,20490.271484375
2025-07-09,8058.79248046875,3331.146484375,4176.36376953125,3681.6279296875,2468.698486328125,2162.68896484375,4417.2109375,20748.84765625,1364.585693359375,10122.23828125,7831.4130859375,1468.630126953125,2720.919921875,2283.511962890625,20513.53125
2025-07-10,8153.60107421875,3503.134765625,4273.90087890625,3782.872802734375,2487.1904296875,2172.1328125,4379.77685546875,20961.29296875,1423.1322021484375,10050.1083984375,7807.4638671875,1463.76708984375,2786.1474609375,2321.729736328125,20722.8515625
2025-07-11,8177.3046875,3512.18701171875,4406.90576171875,3847.30126953125,2524.1748046875,2162.68896484375,4407.8525390625,21150.134765625,1418.628662109375,9929.8916015625,7903.26123046875,1551.3013916015625,2786.1474609375,2369.501953125,20932.17578125
2025-07-14,8082.494140625,3421.66650390625,4158.6298828125,3718.4443359375,2487.1904296875,2191.02099609375,4398.494140625,21315.369140625,1418.628662109375,10002.021484375,7999.05810546875,1517.26025390625,2823.42041015625,2379.056396484375,20885.658203125
2025-07-15,8106.19677734375,3512.18701171875,4167.49658203125,3727.6484375,2440.960205078125,2351.570068359375,4398.494140625,21338.974609375,1414.1251220703125,10002.021484375,7975.10888671875,1488.0821533203125,2795.465576171875,2359.947509765625,20839.140625
2025-07-16,8082.494140625,3512.18701171875,4158.6298828125,3801.281005859375,2450.206298828125,2427.122314453125,4445.2861328125,21315.369140625,1405.117919921875,9953.935546875,7927.21044921875,1468.630126953125,2786.1474609375,2350.39306640625,20908.916015625
2025-07-17,8082.494140625,3521.239013671875,4185.23095703125,3782.872802734375,2561.158935546875,2521.56298828125,4482.72021484375,21338.974609375,1418.628662109375,9953.935546875,7879.31201171875,1463.76708984375,2804.783935546875,2331.2841796875,20885.658203125
2025-07-18,7987.6845703125,3494.0830078125,4202.96484375,3792.076904296875,2561.158935546875,2483.786865234375,4445.2861328125,21220.94921875,1360.0821533203125,10002.021484375,7879.31201171875,1468.630126953125,2767.510986328125,2340.838623046875,20955.43359375
2025-07-21,8011.38720703125,3466.927001953125,4149.7626953125,3746.056396484375,2588.897216796875,2464.898681640625,4454.64453125,21669.4453125,1396.1107177734375,10098.1953125,7951.15966796875,1463.76708984375,2972.51171875,2312.17529296875,20978.69140625
2025-07-22,7963.98291015625,3475.978759765625,4132.02880859375,3727.6484375,2635.12744140625,2427.122314453125,4389.1357421875,21763.865234375,1414.1251220703125,9953.935546875,7879.31201171875,1420.0,2758.19287109375,2312.17529296875,21211.26953125
2025-07-23,7987.6845703125,3439.770751953125,4149.7626953125,3773.668701171875,2635.12744140625,2436.56640625,4632.45654296875,22660.857421875,1414.1251220703125,10050.1083984375,7999.05810546875,1454.041015625,2832.738525390625,2331.2841796875,21327.560546875
2025-07-24,8058.79248046875,3575.55126953125,4256.1669921875,3884.117431640625,2625.88134765625,2464.898681640625,4726.041015625,22873.3046875,1427.6358642578125,9953.935546875,7999.05810546875,1468.630126953125,2823.42041015625,2359.947509765625,21490.365234375
2025-07-25,8011.38720703125,3512.18701171875,4158.6298828125,3764.464599609375,2607.389404296875,2408.234375,4679.24853515625,22519.228515625,1391.6070556640625,10146.28125,8046.95654296875,1444.3150634765625,2767.510986328125,2340.838623046875,21350.818359375
2025-07-28,8058.79248046875,3566.4990234375,4167.49658203125,3874.91357421875,2644.37353515625,2379.902099609375,4772.833984375,22826.09375,1400.6143798828125,9833.71875,8023.00732421875,1434.5889892578125,2767.510986328125,2350.39306640625,21629.9140625
2025-07-29,7963.98291015625,3548.395263671875,4176.36376953125,3819.68896484375,2662.86572265625,2408.234375,4772.833984375,22802.48828125,1400.6143798828125,9617.3291015625,7951.15966796875,1449.1781005859375,2795.465576171875,2350.39306640625,21606.65625
2025-07-30,7940.2802734375,3421.66650390625,4096.56103515625,3792.076904296875,2662.86572265625,2370.4580078125,4819.62646484375,23014.93359375,1378.096435546875,9545.1982421875,8023.00732421875,1444.3150634765625,2786.1474609375,2340.838623046875,21815.9765625
2025-07-31,7845.470703125,3358.302490234375,3999.0234375,3690.83203125,2662.86572265625,2379.902099609375,4772.833984375,22802.48828125,1540.2254638671875,9424.982421875,8166.703125,1390.8218994140625,2655.6923828125,2312.17529296875,21397.333984375
2025-08-01,7869.17431640625,3385.458740234375,4016.75732421875,3690.83203125,2755.326416015625,2427.122314453125,4679.24853515625,22684.462890625,1594.268310546875,9521.1552734375,8118.8046875,1390.8218994140625,2683.64697265625,2312.17529296875,21327.560546875
2025-08-04,7845.470703125,3358.302490234375,4096.56103515625,3690.83203125,2801.556640625,2474.3427734375,4702.64501953125,23132.9609375,1585.26123046875,9184.548828125,8023.00732421875,1376.23291015625,2711.6015625,2293.06640625,21490.365234375
2025-08-05,7987.6845703125,3385.458740234375,4211.83154296875,3884.117431640625,2801.556640625,2436.56640625,4702.64501953125,22991.328125,1621.2899169921875,9208.591796875,7975.10888671875,1376.23291015625,2739.556396484375,2293.06640625,21420.591796875
2025-08-06,7869.17431640625,3358.302490234375,4167.49658203125,3773.668701171875,2764.572265625,2436.56640625,4585.6640625,22708.068359375,1562.743408203125,9184.548828125,7855.3623046875,1356.78076171875,2870.011474609375,2312.17529296875,21467.107421875
2025-08-07,7869.17431640625,3358.302490234375,4149.7626953125,3792.076904296875,2727.588134765625,2389.34619140625,4641.81494140625,22755.27734375,1589.764892578125,9136.4619140625,7855.3623046875,1342.1917724609375,2935.239013671875,2293.06640625,21513.623046875
2025-08-08,7869.17431640625,3349.25048828125,4140.89599609375,3746.056396484375,2718.342041015625,2493.230712890625,4604.380859375,22802.48828125,1576.2540283203125,8992.2021484375,7807.4638671875,1337.3287353515625,2879.32958984375,2293.06640625,21722.9453125
2025-08-11,8106.19677734375,3448.82275390625,4185.23095703125,3865.70947265625,2764.572265625,2549.895263671875,4585.6640625,22920.513671875,1585.26123046875,9184.548828125,7735.6162109375,1332.4656982421875,2739.556396484375,2302.620849609375,22048.556640625
2025-08-12,8390.6240234375,3666.0712890625,4353.7041015625,4012.974609375,2940.24755859375,2691.555908203125,4669.89013671875,22849.69921875,1612.2828369140625,9184.548828125,7711.6669921875,1342.1917724609375,2702.283447265625,2331.2841796875,20978.69140625
2025-08-13,8461.7314453125,3693.2275390625,4318.23583984375,4022.178466796875,3106.6767578125,2748.220458984375,4843.0224609375,22660.857421875,1607.7791748046875,9112.4189453125,7687.7177734375,1361.643798828125,2711.6015625,2340.838623046875,20908.916015625
2025-08-14,8319.5185546875,3675.12353515625,4300.50146484375,4040.586669921875,3162.153076171875,2795.440673828125,4772.833984375,22826.09375,1648.3114013671875,9352.8525390625,7807.4638671875,1395.6849365234375,2692.96533203125,2312.17529296875,20839.140625
2025-08-15,8248.41015625,3729.435546875,4300.50146484375,4022.178466796875,3060.4462890625,2757.664306640625,4702.64501953125,22660.857421875,1576.2540283203125,9521.1552734375,7711.6669921875,1347.0548095703125,2702.283447265625,2312.17529296875,20699.59375
2025-08-19,8058.79248046875,3657.01953125,4256.1669921875,3985.3623046875,3004.969970703125,2795.440673828125,5170.56982421875,22353.9921875,1648.3114013671875,9400.9384765625,7591.92041015625,1327.6026611328125,2618.41943359375,2293.06640625,20513.53125
2025-08-20,8082.494140625,3756.591796875,4389.17236328125,4077.403076171875,2977.231689453125,2785.99658203125,5170.56982421875,23038.5390625,1625.79345703125,9280.7216796875,7639.81884765625,1361.643798828125,2646.374267578125,2321.729736328125,20722.8515625
2025-08-21,8106.19677734375,3756.591796875,4344.8369140625,4132.62744140625,3004.969970703125,2767.1083984375,5264.15478515625,24360.421875,1634.8006591796875,9184.548828125,7591.92041015625,1371.369873046875,2637.055908203125,2321.729736328125,20722.8515625
2025-08-22,8011.38720703125,3711.331787109375,4335.97021484375,4040.586669921875,2995.723876953125,2767.1083984375,5334.34326171875,24360.421875,1594.268310546875,9208.591796875,7520.07275390625,1317.876708984375,2627.73779296875,2312.17529296875,20746.109375
2025-08-25,8035.08984375,3810.90380859375,4389.17236328125,4095.81103515625,3060.4462890625,2767.1083984375,5381.13623046875,23817.505859375,1598.77197265625,9136.4619140625,7376.376953125,1264.383544921875,2674.328857421875,2312.17529296875,20839.140625
2025-08-26,7821.7685546875,3774.69580078125,4344.8369140625,4178.64794921875,3014.216064453125,2795.440673828125,5264.15478515625,23227.380859375,1612.2828369140625,9016.2451171875,7472.17431640625,1254.657470703125,2683.64697265625,2388.61083984375,20815.8828125
2025-08-27,7869.17431640625,3738.48779296875,4256.1669921875,4095.81103515625,2931.00146484375,2606.5595703125,5147.17333984375,23605.060546875,1580.7576904296875,8968.1591796875,7280.580078125,1254.657470703125,2758.19287109375,2340.838623046875,20839.140625
2025-08-28,7892.8759765625,3747.53955078125,4229.5654296875,4105.01513671875,2940.24755859375,2616.003662109375,5217.3623046875,23298.193359375,1576.2540283203125,8944.115234375,7280.580078125,1235.2054443359375,2776.8291015625,2321.729736328125,20862.3984375
2025-08-29,7655.8525390625,3666.0712890625,4194.09814453125,4031.382568359375,2894.017333984375,2597.115478515625,5147.17333984375,23038.5390625,1531.21826171875,8631.552734375,7136.88427734375,1181.7122802734375,2832.738525390625,2293.06640625,20583.3046875
2025-09-01,7584.74560546875,3602.707275390625,4078.82666015625,3976.158203125,2875.525146484375,2568.783203125,5100.38134765625,23109.353515625,1531.21826171875,8847.9423828125,7088.98583984375,1142.8082275390625,2981.830078125,2293.06640625,20653.078125
2025-09-02,7584.74560546875,3584.60302734375,4052.225830078125,3966.9541015625,2838.540771484375,2616.003662109375,5123.77734375,24454.841796875,1531.21826171875,8847.9423828125,7184.78271484375,1128.2191162109375,3233.421875,2312.17529296875,20792.625
2025-09-03,7561.04345703125,3647.96728515625,4096.56103515625,4058.994873046875,2875.525146484375,2597.115478515625,5147.17333984375,24171.58203125,1540.2254638671875,8944.115234375,7376.376953125,1147.6712646484375,3242.740234375,2312.17529296875,20722.8515625
2025-09-04,7584.74560546875,3620.811279296875,4149.7626953125,4022.178466796875,2912.50927734375,2587.67138671875,5147.17333984375,23935.53125,1535.7218017578125,8896.029296875,7208.73193359375,1147.6712646484375,3158.876220703125,2302.620849609375,20792.625
2025-09-08,7300.3173828125,3530.291015625,3981.289306640625,3847.30126953125,2857.032958984375,2531.007080078125,5076.9853515625,24974.154296875,1526.714599609375,9016.2451171875,7112.93505859375,1118.4931640625,3363.876953125,2302.620849609375,20722.8515625
2025-09-09,7134.4013671875,3430.71875,3821.68310546875,3755.260498046875,2820.048828125,2446.010498046875,5170.56982421875,25682.3046875,1490.68603515625,8871.9853515625,7041.0869140625,1108.76708984375,3410.468017578125,2293.06640625,20699.59375
2025-09-10,7395.126953125,3512.18701171875,3901.486328125,3773.668701171875,2912.50927734375,2455.45458984375,5123.77734375,24879.734375,1531.21826171875,8871.9853515625,7112.93505859375,1128.2191162109375,3270.69482421875,2273.95751953125,20653.078125
2025-09-11,7442.53125,3693.2275390625,3972.42236328125,4068.198974609375,2847.786865234375,2446.010498046875,5193.96630859375,25044.96875,1549.2325439453125,8944.115234375,7160.83349609375,1167.123291015625,3158.876220703125,2264.403076171875,20769.3671875
2025-09-12,7513.638671875,3783.747802734375,4007.890625,4160.23974609375,2866.279052734375,2446.010498046875,5310.94775390625,24997.759765625,1526.714599609375,8896.029296875,7232.68115234375,1147.6712646484375,3252.058349609375,2283.511962890625,20769.3671875
2025-09-15,7608.4482421875,3747.53955078125,4016.75732421875,4058.994873046875,3014.216064453125,2446.010498046875,5264.15478515625,24832.5234375,1522.2110595703125,8871.9853515625,7328.478515625,1142.8082275390625,3252.058349609375,2273.95751953125,20885.658203125
2025-09-16,7513.638671875,3738.48779296875,3972.42236328125,4022.178466796875,3051.2001953125,2502.6748046875,5287.55126953125,25210.205078125,1567.246826171875,8944.115234375,7328.478515625,1157.397216796875,3354.558837890625,2273.95751953125,20792.625
2025-09-17,7442.53125,3819.9560546875,3999.0234375,4095.81103515625,3088.1845703125,2606.5595703125,5334.34326171875,25493.46484375,1562.743408203125,9136.4619140625,7448.224609375,1157.397216796875,3224.103759765625,2273.95751953125,21001.94921875
2025-09-18,7300.3173828125,3847.112060546875,3919.220458984375,3994.56640625,3004.969970703125,2653.77978515625,5217.3623046875,24926.943359375,1540.2254638671875,9064.33203125,7328.478515625,1128.2191162109375,3186.830810546875,2254.8486328125,21094.98046875
2025-09-19,7395.126953125,3847.112060546875,3883.751953125,3930.137939453125,2986.477783203125,2644.335693359375,5357.73974609375,25257.416015625,1544.72900390625,9328.80859375,7496.12353515625,1147.6712646484375,3214.785400390625,2273.95751953125,21490.365234375
2025-09-22,7324.02001953125,3765.643798828125,3919.220458984375,3874.91357421875,2977.231689453125,2578.227294921875,5334.34326171875,25257.416015625,1544.72900390625,9256.6787109375,7520.07275390625,1147.6712646484375,3335.92236328125,2264.403076171875,21490.365234375
2025-09-23,7466.23388671875,3747.53955078125,3910.353271484375,3865.70947265625,2949.49365234375,2549.895263671875,5521.513671875,25682.3046875,1598.77197265625,9328.80859375,7448.224609375,1157.397216796875,3419.786376953125,2273.95751953125,21374.076171875
2025-09-24,7371.42431640625,3774.69580078125,3892.619384765625,3856.50537109375,2921.75537109375,2578.227294921875,5521.513671875,25162.99609375,1562.743408203125,9184.548828125,7544.02197265625,1133.0821533203125,3233.421875,2273.95751953125,21234.529296875
2025-09-25,7300.3173828125,3684.175537109375,3866.018310546875,3856.50537109375,2884.771240234375,2549.895263671875,5404.5322265625,25186.599609375,1562.743408203125,9424.982421875,7424.275390625,1113.630126953125,2953.87548828125,2245.294189453125,21094.98046875
2025-09-26,7229.21044921875,3657.01953125,3919.220458984375,3847.30126953125,2875.525146484375,2568.783203125,5498.11767578125,24879.734375,1648.3114013671875,9617.3291015625,7328.478515625,1133.0821533203125,2991.148193359375,2245.294189453125,21164.75390625
2025-09-29,7371.42431640625,3602.707275390625,3901.486328125,3838.09716796875,2847.786865234375,2559.339111328125,5404.5322265625,25422.6484375,1585.26123046875,9280.7216796875,7256.63037109375,1089.3150634765625,3075.01220703125,2226.185302734375,21234.529296875
2025-09-30,7229.21044921875,3530.291015625,3901.486328125,3773.668701171875,2829.294921875,2512.118896484375,5404.5322265625,25281.01953125,1603.2755126953125,9112.4189453125,6921.3408203125,1099.0411376953125,2944.55712890625,2245.294189453125,21281.044921875
2025-10-01,7110.69921875,3448.82275390625,3883.751953125,3727.6484375,2829.294921875,2464.898681640625,5310.94775390625,24596.47265625,1603.2755126953125,8968.1591796875,6801.59423828125,1069.863037109375,2991.148193359375,2226.185302734375,20955.43359375
2025-10-02,7110.69921875,3358.302490234375,3866.018310546875,3718.4443359375,2894.017333984375,2370.4580078125,5334.34326171875,24690.892578125,1612.2828369140625,9136.4619140625,6729.74658203125,1069.863037109375,2897.966064453125,2207.076416015625,21025.20703125
2025-10-03,7134.4013671875,3340.1982421875,3821.68310546875,3718.4443359375,2838.540771484375,2483.786865234375,5451.32470703125,25021.36328125,1652.81494140625,9184.548828125,6849.49267578125,1050.410888671875,2981.830078125,2216.630859375,21118.23828125
2025-10-06,7110.69921875,3313.042236328125,3777.34814453125,3681.6279296875,2783.064453125,2483.786865234375,5451.32470703125,24926.943359375,1675.3328857421875,9136.4619140625,6801.59423828125,1040.6849365234375,2972.51171875,2207.076416015625,20932.17578125
2025-10-07,7181.80615234375,3358.302490234375,3803.94921875,3672.423828125,2783.064453125,2474.3427734375,5381.13623046875,24171.58203125,1648.3114013671875,8847.9423828125,6921.3408203125,1030.9588623046875,2925.920654296875,2168.858642578125,20862.3984375
2025-10-08,6992.18701171875,3367.3544921875,3768.481201171875,3626.403564453125,2764.572265625,2502.6748046875,5357.73974609375,24308.6953125,1670.8292236328125,8847.9423828125,6945.2900390625,1030.9588623046875,3102.966796875,2168.858642578125,20606.5625
2025-10-09,7158.10400390625,3494.0830078125,3892.619384765625,3773.668701171875,2783.064453125,2436.56640625,5544.91015625,24960.466796875,1724.872314453125,8751.76953125,6849.49267578125,1055.27392578125,3000.466552734375,2235.73974609375,20885.658203125
2025-10-10,7015.8896484375,3376.406494140625,3768.481201171875,3654.015869140625,2810.802734375,2549.895263671875,5521.513671875,24719.0703125,1711.361572265625,8511.3359375,6897.3916015625,1055.27392578125,3084.330322265625,2273.95751953125,21188.01171875
2025-10-13,6944.78271484375,3313.042236328125,3750.7470703125,3589.58740234375,2792.310546875,2455.45458984375,5427.9287109375,25105.306640625,1666.32568359375,8463.2490234375,6897.3916015625,1055.27392578125,3140.23974609375,2235.73974609375,21025.20703125
2025-10-14,6873.67578125,3213.469970703125,3626.60888671875,3497.546630859375,2736.834228515625,2398.790283203125,5545.0166015625,24646.650390625,1621.2899169921875,8150.68603515625,6753.69580078125,1026.0958251953125,3121.603271484375,2197.52197265625,20746.109375
2025-10-15,6873.67578125,3168.2099609375,3591.140625,3469.934326171875,2847.786865234375,2332.681884765625,5497.419921875,25057.02734375,1652.81494140625,8343.0322265625,6610.0,1055.27392578125,3168.1943359375,2073.314208984375,20467.013671875
2025-10-16,6921.080078125,3195.365966796875,3626.60888671875,3543.56689453125,2727.588134765625,2370.4580078125,5473.62158203125,25081.166015625,1787.9224853515625,8896.029296875,6777.64501953125,1157.397216796875,3196.149169921875,2111.531982421875,20815.8828125
2025-10-17,7110.69921875,3168.2099609375,3591.140625,3497.546630859375,2662.86572265625,2285.461669921875,5354.6298828125,26022.615234375,1711.361572265625,9040.2890625,6825.54345703125,1157.397216796875,3214.785400390625,2111.531982421875,20676.3359375
2025-10-20,7466.23388671875,3331.146484375,3812.816162109375,3718.4443359375,2718.342041015625,2285.461669921875,5640.2099609375,25684.658203125,1873.490478515625,9016.2451171875,6945.2900390625,1167.123291015625,3047.0576171875,2168.858642578125,20885.658203125
2025-10-21,8035.08984375,3403.562744140625,3857.1513671875,3727.6484375,3032.708251953125,2361.01416015625,5711.60498046875,26022.615234375,1846.468994140625,8920.072265625,6969.2392578125,1186.5753173828125,3065.694091796875,2235.73974609375,20978.69140625
2025-10-22,7774.3642578125,3349.25048828125,3839.417236328125,3709.240234375,2912.50927734375,2285.461669921875,5878.193359375,25950.1953125,1864.4833984375,8559.4228515625,6873.4423828125,1147.6712646484375,2953.87548828125,2187.967529296875,20978.69140625
2025-10-23,7892.8759765625,3457.874755859375,3928.087158203125,3902.525634765625,3106.6767578125,2464.898681640625,6020.9833984375,26360.5703125,2035.6195068359375,8487.29296875,7065.03662109375,1152.5341796875,2972.51171875,2216.630859375,21094.98046875
2025-10-24,7845.470703125,3485.031005859375,4034.4912109375,4022.178466796875,3041.9541015625,2446.010498046875,6258.96728515625,26191.59375,2278.813232421875,8463.2490234375,6993.1884765625,1191.4383544921875,2916.6025390625,2245.294189453125,21118.23828125
2025-10-27,7916.57861328125,3494.0830078125,3963.5556640625,4022.178466796875,3078.9384765625,2313.793701171875,6282.765625,26939.923828125,2440.94189453125,8511.3359375,7136.88427734375,1240.0684814453125,2935.239013671875,2235.73974609375,21141.49609375
2025-10-28,7845.470703125,3485.031005859375,3999.0234375,4022.178466796875,3143.660888671875,2294.90576171875,6020.9833984375,26674.38671875,2242.784423828125,8439.2060546875,7184.78271484375,1293.5616455078125,2888.64794921875,2245.294189453125,21211.26953125
2025-10-29,8153.60107421875,3521.239013671875,4123.1611328125,4086.607177734375,3041.9541015625,2408.234375,6163.7734375,26674.38671875,2323.848876953125,8367.076171875,7112.93505859375,1288.6986083984375,2981.830078125,2264.403076171875,21374.076171875
2025-10-30,8082.494140625,3539.343017578125,4256.1669921875,4058.994873046875,3004.969970703125,2483.786865234375,5973.38671875,27012.34375,2305.83447265625,8463.2490234375,7088.98583984375,1278.9725341796875,2907.2841796875,2321.729736328125,21862.4921875
2025-10-31,8082.494140625,3602.707275390625,4185.23095703125,4031.382568359375,2967.98583984375,2464.898681640625,5854.39501953125,25974.3359375,2323.848876953125,8367.076171875,7088.98583984375,1240.0684814453125,2888.64794921875,2293.06640625,21862.4921875
2025-11-03,8201.005859375,3657.01953125,4220.69873046875,4077.403076171875,3097.4306640625,2540.451171875,6044.78173828125,26336.431640625,2404.913330078125,8174.7294921875,6897.3916015625,1215.75341796875,2897.966064453125,2293.06640625,21420.591796875
2025-11-04,8201.005859375,3593.6552734375,4194.09814453125,4095.81103515625,3236.12158203125,2578.227294921875,5997.18505859375,26264.01171875,2422.927734375,8150.68603515625,6777.64501953125,1191.4383544921875,2758.19287109375,2293.06640625,21583.3984375
2025-11-05,8248.41015625,3602.707275390625,4229.5654296875,4105.01513671875,3273.105712890625,2549.895263671875,5949.58837890625,26070.89453125,2422.927734375,8367.076171875,6825.54345703125,1283.8355712890625,2776.8291015625,2273.95751953125,21955.525390625
2025-11-06,8106.19677734375,3620.811279296875,4211.83154296875,4086.607177734375,3217.62939453125,2587.67138671875,6020.9833984375,26432.990234375,2359.87744140625,8246.859375,6729.74658203125,1215.75341796875,2730.238037109375,2293.06640625,21769.4609375
2025-11-07,8224.708984375,3602.707275390625,4211.83154296875,4141.83154296875,3208.38330078125,2587.67138671875,6116.1767578125,26553.689453125,2278.813232421875,8270.90234375,6825.54345703125,1230.3424072265625,2702.283447265625,2283.511962890625,21769.4609375
2025-11-10,8129.8994140625,3557.447021484375,4194.09814453125,4068.198974609375,3180.64501953125,2597.115478515625,6116.1767578125,26915.78515625,2278.813232421875,8318.9892578125,6801.59423828125,1235.2054443359375,2711.6015625,2283.511962890625,21722.9453125
2025-11-11,7963.98291015625,3521.239013671875,4149.7626953125,4068.198974609375,3254.613525390625,2597.115478515625,6211.37060546875,26988.203125,2242.784423828125,8222.81640625,6753.69580078125,1249.7945556640625,2683.64697265625,2283.511962890625,21583.3984375
2025-11-12,8058.79248046875,3530.291015625,4220.69873046875,4105.01513671875,3291.597900390625,2597.115478515625,6139.97509765625,27326.16015625,2296.827392578125,8198.7724609375,6873.4423828125,1230.3424072265625,2683.64697265625,2273.95751953125,21490.365234375
2025-11-13,7940.2802734375,3503.134765625,4167.49658203125,4068.198974609375,3236.12158203125,2597.115478515625,6068.580078125,27277.880859375,2242.784423828125,8150.68603515625,6849.49267578125,1249.7945556640625,2692.96533203125,2254.8486328125,21767.138671875
2025-11-14,7987.6845703125,3530.291015625,4211.83154296875,4040.586669921875,3282.351806640625,2568.783203125,6092.37841796875,27084.763671875,2260.798828125,8102.599609375,6801.59423828125,1201.164306640625,2832.738525390625,2235.73974609375,21550.91015625
2025-11-17,8129.8994140625,3566.4990234375,4273.90087890625,4040.586669921875,3337.828125,2578.227294921875,6139.97509765625,27060.623046875,2332.85595703125,8054.5126953125,6801.59423828125,1191.4383544921875,2851.375,2245.294189453125,21526.884765625
2025-11-18,7963.98291015625,3593.6552734375,4247.2998046875,4105.01513671875,3347.07421875,2559.339111328125,6116.1767578125,26312.291015625,2260.798828125,8006.42626953125,6705.79736328125,1147.6712646484375,2804.783935546875,2207.076416015625,21238.578125
2025-11-19,8035.08984375,3620.811279296875,4300.50146484375,4105.01513671875,3374.8125,2597.115478515625,6092.37841796875,26360.5703125,2323.848876953125,8078.55615234375,6729.74658203125,1196.3013916015625,2795.465576171875,2216.630859375,21286.62890625
2025-11-20,7987.6845703125,3611.75927734375,4380.30517578125,4105.01513671875,3365.56640625,2606.5595703125,6116.1767578125,26070.89453125,2341.863037109375,8006.42626953125,6777.64501953125,1176.8492431640625,2776.8291015625,2226.185302734375,21238.578125
2025-11-21,7963.98291015625,3584.60302734375,4389.17236328125,4040.586669921875,3236.12158203125,2578.227294921875,6116.1767578125,26095.03515625,2287.820068359375,8030.46923828125,6825.54345703125,1176.8492431640625,2711.6015625,2216.630859375,21262.603515625
2025-11-24,8035.08984375,3602.707275390625,4522.17724609375,4040.586669921875,3421.042724609375,2606.5595703125,6163.7734375,26360.5703125,2404.913330078125,8030.46923828125,7136.88427734375,1137.9451904296875,2730.238037109375,2226.185302734375,21382.73046875
2025-11-25,8058.79248046875,3466.927001953125,4455.6748046875,4068.198974609375,3374.8125,2597.115478515625,6139.97509765625,26432.990234375,2368.884765625,8246.859375,6945.2900390625,1196.3013916015625,2795.465576171875,2207.076416015625,21238.578125
2025-11-26,7987.6845703125,3430.71875,4455.6748046875,4058.994873046875,3439.534912109375,2701.0,6282.765625,26843.365234375,2341.863037109375,8270.90234375,7112.93505859375,1220.616455078125,2823.42041015625,2216.630859375,21190.525390625
2025-11-27,7892.8759765625,3385.458740234375,4309.36865234375,4003.7705078125,3300.843994140625,2682.112060546875,6258.96728515625,27374.439453125,2341.863037109375,8222.81640625,7065.03662109375,1191.4383544921875,2795.465576171875,2197.52197265625,21142.474609375
2025-11-28,7845.470703125,3331.146484375,4282.76806640625,3920.933837890625,3245.36767578125,2729.332275390625,6235.1689453125,27036.482421875,2341.863037109375,8126.642578125,7041.0869140625,1167.123291015625,2711.6015625,2207.076416015625,21190.525390625
2025-12-01,7963.98291015625,3322.094482421875,4309.36865234375,3966.9541015625,3374.8125,2701.0,6068.580078125,27012.34375,2359.87744140625,8078.55615234375,7041.0869140625,1171.986328125,2786.1474609375,2187.967529296875,21046.373046875
2025-12-02,7940.2802734375,3358.302490234375,4300.50146484375,3930.137939453125,3291.597900390625,2810.0,6306.56396484375,27543.41796875,2386.89892578125,7790.0361328125,6897.3916015625,1108.76708984375,2776.8291015625,2207.076416015625,21142.474609375
2025-12-03,7921.19384765625,3313.042236328125,4327.10302734375,3920.933837890625,3310.090087890625,2790.0,6282.765625,27712.39453125,2494.98486328125,7814.07958984375,6753.69580078125,1142.8082275390625,2720.919921875,2207.076416015625,21118.44921875
2025-12-04,7849.6162109375,3340.1982421875,4362.57080078125,3966.9541015625,3356.3203125,2890.0,6401.75732421875,29619.43359375,2494.98486328125,7886.20947265625,6729.74658203125,1157.397216796875,2702.283447265625,2197.52197265625,21094.423828125
2025-12-05,7921.19384765625,3303.990478515625,4344.8369140625,3948.5458984375,3421.042724609375,3200.0,6377.958984375,29788.41015625,2440.94189453125,7741.94970703125,6801.59423828125,1128.2191162109375,2711.6015625,2197.52197265625,21142.474609375
2025-12-08,7921.19384765625,3322.094482421875,4389.17236328125,3966.9541015625,3356.3203125,3300.0,6401.75732421875,28340.02734375,2359.87744140625,7765.99267578125,6681.84814453125,1157.397216796875,2767.510986328125,2197.52197265625,21142.474609375
2025-12-09,7730.32080078125,3331.146484375,4335.97021484375,3976.158203125,3300.843994140625,3440.0,6282.765625,28484.8671875,2404.913330078125,7693.86279296875,6562.1015625,1137.9451904296875,2720.919921875,2187.967529296875,21070.3984375
2025-12-10,7706.46240234375,3313.042236328125,4406.90576171875,3966.9541015625,3365.56640625,3710.0,6306.56396484375,28967.66015625,2458.956298828125,7717.90625,6610.0,1142.8082275390625,2730.238037109375,2187.967529296875,21046.373046875
2025-12-11,7634.88525390625,3276.834228515625,4389.17236328125,3893.321533203125,3300.843994140625,3700.0,6139.97509765625,28412.447265625,2377.89208984375,7717.90625,6298.65966796875,1103.904052734375,2692.96533203125,2159.30419921875,20902.220703125
2025-12-12,7634.88525390625,3285.88623046875,4273.90087890625,3902.525634765625,3282.351806640625,3790.0,6282.765625,27881.373046875,2368.884765625,7765.99267578125,6490.25390625,1128.2191162109375,2842.056640625,2159.30419921875,20878.193359375
2025-12-15,7921.19384765625,3421.66650390625,4424.64013671875,4086.607177734375,3208.38330078125,3710.0,6282.765625,27374.439453125,2403.351318359375,7982.3828125,6490.25390625,1186.5753173828125,2823.42041015625,2159.30419921875,20710.015625
2025-12-16,7706.46240234375,3340.1982421875,4433.5068359375,4049.790771484375,3254.613525390625,3700.0,6282.765625,27181.322265625,2524.450439453125,8030.46923828125,6490.25390625,1167.123291015625,2767.510986328125,2178.4130859375,20325.607421875
2025-12-17,7658.74462890625,3394.510498046875,4455.6748046875,4022.178466796875,3236.12158203125,3850.0,6282.765625,27084.763671875,2449.927978515625,8006.42626953125,6490.25390625,1191.4383544921875,2814.10205078125,2168.858642578125,20565.861328125
2025-12-18,7801.89794921875,3421.66650390625,4566.51220703125,4031.382568359375,3199.13720703125,3690.0,6187.572265625,27977.931640625,2468.55859375,7934.2958984375,6586.05078125,1191.4383544921875,2897.966064453125,2159.30419921875,20493.78515625
2025-12-19,7682.603515625,3412.61474609375,4588.68017578125,3994.56640625,3152.906982421875,3900.0,6211.37060546875,28774.54296875,2580.34228515625,8102.599609375,6466.3046875,1167.123291015625,2860.693115234375,2168.858642578125,20734.041015625
2025-12-22,7801.89794921875,3403.562744140625,4522.17724609375,3985.3623046875,3208.38330078125,3760.0,6258.96728515625,28943.521484375,2515.13525390625,8030.46923828125,6562.1015625,1191.4383544921875,2972.51171875,2178.4130859375,20710.015625
2025-12-23,7658.74462890625,3412.61474609375,4477.84228515625,3948.5458984375,3208.38330078125,3740.0,6187.572265625,28774.54296875,2431.29736328125,7934.2958984375,6514.203125,1181.7122802734375,2972.51171875,2178.4130859375,21022.34765625
2025-12-24,7658.74462890625,3412.61474609375,4477.84228515625,3930.137939453125,3199.13720703125,3750.0,6306.56396484375,28629.705078125,2421.98193359375,7934.2958984375,6514.203125,1176.8492431640625,3000.466552734375,2178.4130859375,21142.474609375
2025-12-29,7658.74462890625,3421.66650390625,4500.009765625,3920.933837890625,3226.87548828125,3830.0,6354.16064453125,28581.42578125,2421.98193359375,7982.3828125,6490.25390625,1196.3013916015625,3075.01220703125,2216.630859375,21118.44921875
2025-12-30,7706.46240234375,3437.6337890625,4522.17724609375,4022.178466796875,3217.62939453125,3750.0,6377.958984375,28484.8671875,2421.98193359375,7886.20947265625,6490.25390625,1171.986328125,2935.239013671875,2207.076416015625,21022.34765625
2026-01-02,7658.74462890625,3418.848876953125,4500.009765625,3920.933837890625,3208.38330078125,3750.0,6473.15234375,29064.21875,2440.612548828125,7765.99267578125,6394.45654296875,1171.986328125,2991.148193359375,2216.630859375,21166.5
2026-01-05,7706.46240234375,3409.45654296875,4477.84228515625,3893.321533203125,3310.090087890625,3820.0,6544.54736328125,29740.130859375,2403.351318359375,7790.0361328125,6562.1015625,1191.4383544921875,3158.876220703125,2235.73974609375,21070.3984375
2026-01-06,7801.89794921875,3456.418701171875,4414.51904296875,3902.525634765625,3254.613525390625,3800.0,6568.345703125,30198.787109375,2431.29736328125,7790.0361328125,6705.79736328125,1162.26025390625,3214.785400390625,2264.403076171875,21118.44921875
2026-01-07,7778.0390625,3475.20361328125,4351.1962890625,3865.70947265625,3273.105712890625,4000.0,6687.33740234375,30416.04296875,2421.98193359375,7741.94970703125,6442.35498046875,1162.26025390625,3587.51416015625,2312.17529296875,21166.5
2026-01-08,7682.603515625,3484.595947265625,4351.1962890625,3874.91357421875,3263.859619140625,4300.0,6663.5390625,30560.8828125,2440.612548828125,7717.90625,6346.55810546875,1157.397216796875,3252.058349609375,2283.511962890625,21142.474609375
2026-01-09,7754.18017578125,3456.418701171875,4305.96533203125,3847.30126953125,3189.89111328125,4260.0,6544.54736328125,30416.04296875,2440.612548828125,7693.86279296875,6322.60888671875,1152.5341796875,3382.513427734375,2283.511962890625,21070.3984375
2026-01-12,7658.74462890625,3475.20361328125,4315.01123046875,3884.117431640625,3254.613525390625,4010.0,6663.5390625,30271.205078125,2421.98193359375,7597.689453125,6322.60888671875,1186.5753173828125,3568.8779296875,2273.95751953125,20998.322265625
2026-01-13,7706.46240234375,3493.988525390625,4360.2421875,3994.56640625,3347.07421875,3910.0,6949.119140625,30367.763671875,2421.98193359375,7669.81982421875,6418.40576171875,1196.3013916015625,3615.468994140625,2312.17529296875,21142.474609375
2026-01-14,7634.88525390625,3493.988525390625,4378.3349609375,4012.974609375,3374.8125,4110.0,6782.53076171875,30416.04296875,2403.351318359375,7645.7763671875,6442.35498046875,1196.3013916015625,3811.151611328125,2331.2841796875,21286.62890625
2026-01-15,7706.46240234375,3587.912841796875,4514.02685546875,4178.64794921875,3384.05859375,4010.0,6711.1357421875,29981.529296875,2282.252197265625,7741.94970703125,6466.3046875,1171.986328125,3773.878662109375,2340.838623046875,21406.755859375
2026-01-19,7754.18017578125,3606.69775390625,4523.07275390625,4252.2802734375,3347.07421875,3940.0,7044.31298828125,30416.04296875,2170.468505859375,7790.0361328125,6538.15234375,1181.7122802734375,3727.28759765625,2350.39306640625,21454.806640625
2026-01-20,7634.88525390625,3616.09033203125,4545.6884765625,4206.259765625,3328.58203125,4270.0,6925.32080078125,30874.69921875,2161.153076171875,7814.07958984375,6418.40576171875,1157.397216796875,3839.106201171875,2359.947509765625,21526.884765625
2026-01-21,7348.57666015625,3587.912841796875,4514.02685546875,4224.66796875,3328.58203125,4150.0,6282.765625,26264.01171875,2133.207275390625,7790.0361328125,6418.40576171875,1167.123291015625,3978.87939453125,2369.501953125,21430.78125
2026-01-22,7300.85888671875,3578.5205078125,4504.98046875,4224.66796875,3458.027099609375,4310.0,6449.35400390625,26505.41015625,2123.891845703125,8006.42626953125,6466.3046875,1191.4383544921875,3932.288330078125,2417.274169921875,21839.216796875
2026-01-23,7300.85888671875,3616.09033203125,4514.02685546875,4233.8720703125,3485.76513671875,4360.0,6496.95068359375,26336.431640625,2095.946044921875,7958.33935546875,6538.15234375,1186.5753173828125,3997.515869140625,2445.9375,21622.986328125
2026-01-26,7300.85888671875,3616.09033203125,4441.65771484375,4169.44384765625,3559.733642578125,4360.0,6544.54736328125,26336.431640625,2002.7928466796875,8078.55615234375,6514.203125,1147.6712646484375,4435.47216796875,2474.600830078125,21767.138671875
2026-01-27,7157.705078125,3587.912841796875,4351.1962890625,4141.83154296875,3642.9482421875,4490.0,5997.18505859375,24791.490234375,1918.9549560546875,7910.2529296875,6418.40576171875,1103.904052734375,4295.69873046875,2474.600830078125,21334.6796875
2026-01-28,6704.3837890625,3371.88671875,4125.04248046875,4086.607177734375,3208.38330078125,3820.0,5878.193359375,24091.4375,1844.4324951171875,7477.47314453125,6562.1015625,1069.863037109375,4118.65283203125,2340.838623046875,21070.3984375
2026-01-29,6871.396484375,3550.343017578125,4188.365234375,4068.198974609375,3189.89111328125,3250.0,6163.7734375,23560.36328125,1732.648681640625,7381.2998046875,6490.25390625,1055.27392578125,4025.470458984375,2331.2841796875,21334.6796875
2026-01-30,7062.26904296875,3578.5205078125,4360.2421875,4132.62744140625,3328.58203125,3300.0,6044.78173828125,25153.5859375,1793.1982421875,7645.7763671875,6514.203125,1113.630126953125,3922.97021484375,2369.501953125,21094.423828125
2026-02-02,7253.140625,3597.305419921875,4342.14990234375,4141.83154296875,3236.12158203125,2910.0,5973.38671875,23608.642578125,1891.009033203125,8054.5126953125,6729.74658203125,1108.76708984375,3550.241455078125,2426.82861328125,21046.373046875
2026-02-03,7300.85888671875,3569.1279296875,4369.28857421875,4224.66796875,3189.89111328125,3130.0,6473.15234375,25274.283203125,1872.37841796875,8246.859375,6897.3916015625,1118.4931640625,3662.06005859375,2407.7197265625,21166.5
2026-02-04,7444.01318359375,3634.875,4523.07275390625,4261.484375,3078.9384765625,3100.0,6354.16064453125,26891.64453125,1909.6396484375,7982.3828125,6753.69580078125,1108.76708984375,3717.96923828125,2436.383056640625,21190.525390625
2026-02-05,7444.01318359375,3616.09033203125,4568.3037109375,4206.259765625,3041.9541015625,2920.0,6615.9423828125,26457.130859375,2058.684814453125,7982.3828125,6705.79736328125,1084.4520263671875,3550.241455078125,2474.600830078125,21262.603515625
2026-02-06,7324.7177734375,3550.343017578125,4568.3037109375,4169.44384765625,3125.168701171875,2890.0,6377.958984375,25491.541015625,2142.5224609375,7765.99267578125,6562.1015625,1089.3150634765625,3457.05908203125,2436.383056640625,21094.423828125
2026-02-09,7157.705078125,3540.95068359375,4523.07275390625,4160.23974609375,3097.4306640625,2930.0,6330.3623046875,26070.89453125,2142.5224609375,7765.99267578125,6538.15234375,1074.7259521484375,3624.787109375,2465.04638671875,21166.5
2026-02-10,7133.84619140625,3550.343017578125,4613.5341796875,4151.03564453125,3143.660888671875,2900.0,6520.7490234375,26529.548828125,2142.5224609375,7814.07958984375,6610.0,1079.5889892578125,3624.787109375,2465.04638671875,21238.578125
2026-02-11,7109.98681640625,3569.1279296875,4545.6884765625,4123.42333984375,3263.859619140625,3010.0,6425.5556640625,27470.998046875,2105.26123046875,7862.166015625,6418.40576171875,1074.7259521484375,3717.96923828125,2436.383056640625,21382.73046875
2026-02-12,6990.69189453125,3559.735595703125,4590.9189453125,4151.03564453125,3291.597900390625,3010.0,6449.35400390625,27760.673828125,2142.5224609375,7886.20947265625,6490.25390625,1069.863037109375,3839.106201171875,2436.383056640625,21166.5
2026-02-13,6871.396484375,3550.343017578125,4590.9189453125,4123.42333984375,3189.89111328125,2850.0,6330.3623046875,28388.306640625,2142.5224609375,7886.20947265625,6394.45654296875,1050.410888671875,3773.878662109375,2436.383056640625,21334.6796875
2026-02-18,6942.9736328125,3597.305419921875,4771.84228515625,4132.62744140625,3226.87548828125,2890.0,6377.958984375,28943.521484375,2105.26123046875,7886.20947265625,6466.3046875,1050.410888671875,3773.878662109375,2503.26416015625,21478.83203125
2026-02-19,6847.53759765625,3540.95068359375,4590.9189453125,4095.81103515625,3217.62939453125,2860.0,6282.765625,29233.197265625,2068.0,7814.07958984375,6442.35498046875,1050.410888671875,3941.6064453125,2522.373046875,21719.087890625
2026-02-20,6895.25537109375,3606.69775390625,4636.14990234375,4114.21923828125,3217.62939453125,3120.0,6235.1689453125,29667.712890625,2086.630615234375,7717.90625,6370.50732421875,1026.0958251953125,3932.288330078125,2503.26416015625,21598.9609375
2026-02-23,6966.83251953125,3663.052490234375,4771.84228515625,4141.83154296875,3282.351806640625,3280.0,6306.56396484375,29667.712890625,2207.729736328125,7838.123046875,6370.50732421875,1050.410888671875,4090.697998046875,2512.818603515625,21743.11328125
2026-02-24,6895.25537109375,3634.875,4862.3037109375,4095.81103515625,3310.090087890625,3170.0,6235.1689453125,29740.130859375,2189.09912109375,7645.7763671875,6322.60888671875,1030.9588623046875,4081.3798828125,2474.600830078125,21767.138671875
2026-02-25,6990.69189453125,3728.799560546875,4794.45703125,4141.83154296875,3328.58203125,3360.0,6330.3623046875,30416.04296875,2170.468505859375,7717.90625,6298.65966796875,1084.4520263671875,4155.92578125,2512.818603515625,21695.0625
2026-02-26,6966.83251953125,3710.0146484375,4817.07275390625,4105.01513671875,3374.8125,3180.0,6401.75732421875,29353.896484375,2151.837890625,7597.689453125,6442.35498046875,1045.5479736328125,4034.788818359375,2493.709716796875,21574.935546875
2026-02-27,6847.53759765625,3672.44482421875,4771.84228515625,4049.790771484375,3273.105712890625,3170.0,6354.16064453125,27615.8359375,2217.045166015625,7549.60302734375,6178.9130859375,1069.863037109375,4053.42529296875,2484.1552734375,21887.267578125
2026-03-02,6704.3837890625,3587.912841796875,4590.9189453125,3957.75,3189.89111328125,2960.0,5997.18505859375,27712.39453125,2095.946044921875,7309.169921875,6131.0146484375,1021.2328491210938,4295.69873046875,2627.471923828125,22584.0078125
2026-03-03,6752.10205078125,3540.95068359375,4613.5341796875,3957.75,3189.89111328125,2930.0,5973.38671875,28436.5859375,1937.5855712890625,7405.34326171875,6131.0146484375,1006.643798828125,4109.33447265625,2789.8974609375,24025.541015625
2026-03-04,6561.2294921875,3465.81103515625,4504.98046875,3819.68896484375,2958.73974609375,2820.0,5854.39501953125,27905.513671875,1802.5135498046875,7188.953125,5867.57275390625,987.1917724609375,3773.878662109375,2732.57080078125,24025.541015625
2026-03-05,6775.9609375,3522.165771484375,4636.14990234375,3939.342041015625,3014.216064453125,2870.0,6020.9833984375,28605.564453125,1853.747802734375,7188.953125,5963.36962890625,1011.5068359375,3848.42431640625,2837.669677734375,24962.53515625
2026-03-06,6680.52490234375,3447.0263671875,4504.98046875,3930.137939453125,2949.49365234375,2760.0,5830.5966796875,28677.984375,1839.7747802734375,7164.90966796875,6011.26806640625,996.9177856445312,3764.560302734375,2847.22412109375,25923.55859375
2026-03-09,6561.2294921875,3353.101806640625,4360.2421875,3948.5458984375,2866.279052734375,2580.0,5568.81494140625,28557.28515625,1751.279296875,6852.3466796875,5795.724609375,967.7396850585938,3559.5595703125,2818.560791015625,27196.912109375
2026-03-10,6656.66552734375,3343.70947265625,4441.65771484375,3920.933837890625,2736.834228515625,2850.0,5711.60498046875,28750.40234375,1811.828857421875,6972.5634765625,5747.826171875,972.6027221679688,3745.924072265625,2818.560791015625,26932.630859375
2026-03-11,6513.51123046875,3362.494384765625,4414.51904296875,3948.5458984375,2773.818359375,2780.0,5664.00830078125,28002.072265625,1863.0631103515625,6972.5634765625,5771.775390625,972.6027221679688,3699.332763671875,2742.125244140625,25226.81640625
2026-03-12,6585.08837890625,3353.101806640625,4486.88818359375,3939.342041015625,2792.310546875,2820.0,5664.00830078125,28943.521484375,1760.5946044921875,7285.12646484375,5795.724609375,972.6027221679688,3624.787109375,2780.343017578125,26644.32421875
2026-03-13,6561.2294921875,3296.7470703125,4296.9189453125,3902.525634765625,2746.080322265625,2650.0,5545.0166015625,28074.490234375,1741.9639892578125,6972.5634765625,5652.029296875,938.5616455078125,3550.241455078125,2780.343017578125,26644.32421875
2026-03-16,6441.93408203125,3268.56982421875,4251.6884765625,3976.158203125,2736.834228515625,2560.0,5568.81494140625,28460.7265625,1727.990966796875,6804.26025390625,5723.876953125,943.4246215820312,3391.83154296875,2789.8974609375,26740.42578125
2026-03-17,6465.79345703125,3268.56982421875,4278.8271484375,4040.586669921875,2820.048828125,2960.0,5521.21826171875,28967.66015625,1863.0631103515625,6828.30322265625,5723.876953125,958.013671875,3494.33203125,2780.343017578125,26908.60546875
2026-03-25,6585.08837890625,3324.924560546875,4495.93408203125,4040.0,3051.2001953125,2920.0,6282.765625,29715.9921875,1802.5135498046875,6972.5634765625,5771.775390625,967.7396850585938,3373.1953125,3019.2041015625,28878.69921875
2026-03-26,6561.2294921875,3277.96240234375,4378.3349609375,4000.0,2931.00146484375,2910.0,5949.58837890625,29740.130859375,1807.1712646484375,6996.6064453125,5819.673828125,958.013671875,3196.149169921875,2990.540771484375,28350.13671875
2026-03-27,6394.21630859375,3212.215087890625,4305.96533203125,3900.0,2820.048828125,2830.0,5830.5966796875,29547.013671875,1732.648681640625,6828.30322265625,5723.876953125,933.6986083984375,3261.376708984375,2961.87744140625,27701.447265625
2026-03-30,6425.0966796875,3155.860595703125,4251.6884765625,3850.0,2810.802734375,2850.0,6044.78173828125,30053.947265625,1709.3603515625,6948.52001953125,5699.927734375,914.24658203125,3261.376708984375,3009.649658203125,28902.724609375
2026-03-31,6425.0966796875,3127.68310546875,4269.78125,3760.0,2829.294921875,2950.0,5949.58837890625,29981.529296875,1695.387451171875,7068.736328125,6083.1162109375,943.4246215820312,3261.376708984375,3038.31298828125,28566.3671875
2026-04-01,6474.9033203125,3146.468017578125,4269.78125,3720.0,2912.50927734375,3000.0,5949.58837890625,29860.830078125,1779.2252197265625,7116.8232421875,6298.65966796875,953.1506958007812,3457.05908203125,2847.22412109375,26692.375
2026-04-02,6549.61376953125,3118.290771484375,4206.45751953125,3700.0,2894.017333984375,2900.0,5783.0,29691.8515625,1797.8558349609375,7092.77978515625,6346.55810546875,943.4246215820312,3391.83154296875,2780.343017578125,26259.916015625
2026-04-06,6474.9033203125,3108.8984375,4170.2734375,3640.0,2921.75537109375,2900.0,5806.79833984375,29498.734375,1783.8829345703125,7140.86669921875,6298.65966796875,933.6986083984375,3401.14990234375,2847.22412109375,25611.2265625
2026-04-07,6474.9033203125,3033.7587890625,4079.811767578125,3510.0,2866.279052734375,2830.0,5616.41162109375,28967.66015625,1774.567626953125,7044.693359375,6298.65966796875,923.9725952148438,3233.421875,2799.451904296875,25611.2265625
2026-04-08,6723.93798828125,3137.07568359375,4224.55029296875,3780.0,2921.75537109375,3120.0,5901.99169921875,30029.80859375,1821.1441650390625,7237.0400390625,6370.50732421875,958.013671875,3485.013916015625,2732.57080078125,25154.740234375
2026-04-09,6450.0,3080.720947265625,4134.0888671875,3710.0,2949.49365234375,3090.0,5878.193359375,28991.80078125,1779.2252197265625,7164.90966796875,6322.60888671875,953.1506958007812,3494.33203125,2751.6796875,26067.7109375
2026-04-10,6674.13134765625,3184.037841796875,4224.55029296875,3730.0,2967.98583984375,3160.0,5997.18505859375,30222.92578125,1788.54052734375,7092.77978515625,6418.40576171875,958.013671875,3457.05908203125,2761.234130859375,25947.583984375
2026-04-13,6549.61376953125,3165.2529296875,4161.22705078125,3680.0,2949.49365234375,3110.0,5878.193359375,29812.55078125,1779.2252197265625,6948.52001953125,6466.3046875,953.1506958007812,3494.33203125,2789.8974609375,25611.2265625
2026-04-14,6723.93798828125,3249.784912109375,4260.73486328125,3740.0,2884.771240234375,3190.0,5854.39501953125,30222.92578125,1779.2252197265625,6948.52001953125,6538.15234375,953.1506958007812,3634.105224609375,2799.451904296875,26187.837890625
2026-04-15,6524.71044921875,3193.430419921875,4206.45751953125,3670.0,2857.032958984375,3190.0,5997.18505859375,30391.904296875,1765.2523193359375,6924.4765625,6538.15234375,962.876708984375,3671.378173828125,2770.78857421875,26356.017578125
2026-04-16,6499.80712890625,3202.82275390625,4197.41162109375,3700.0,2884.771240234375,3160.0,5901.99169921875,30391.904296875,1732.648681640625,6996.6064453125,6681.84814453125,948.2876586914062,3783.19677734375,2742.125244140625,25779.404296875
2026-04-17,6400.19287109375,3221.607666015625,4179.31982421875,3710.0,2866.279052734375,3280.0,6068.580078125,30609.162109375,1737.306396484375,7020.64990234375,6681.84814453125,933.6986083984375,3792.51513671875,2770.78857421875,25539.1484375
2026-04-20,6450.0,3231.0,4179.31982421875,3670.0,2866.279052734375,3200.0,6044.78173828125,30512.603515625,1695.387451171875,6900.43310546875,6633.94921875,909.383544921875,3736.605712890625,2742.125244140625,25058.638671875
2026-04-21,6474.9033203125,3270.0,4251.6884765625,3730.0,2783.064453125,3210.0,6020.9833984375,30874.69921875,1676.7568359375,6876.39013671875,6705.79736328125,914.24658203125,3755.2421875,2780.343017578125,25226.81640625
2026-04-22,6425.0966796875,3240.0,4296.9189453125,3830.0,2773.818359375,3170.0,6282.765625,31381.6328125,1644.1531982421875,6828.30322265625,6729.74658203125,914.24658203125,3820.4697265625,2866.3330078125,25755.37890625
2026-04-23,6400.19287109375,3160.0,4188.365234375,3870.0,2662.86572265625,3140.0,6020.9833984375,31381.6328125,1560.3153076171875,6804.26025390625,6681.84814453125,885.0684814453125,3745.924072265625,2828.115234375,25707.328125
2026-04-24,6026.64111328125,3070.0,4070.765380859375,3770.0,2598.143310546875,3070.0,6020.9833984375,30754.0,1467.1622314453125,6563.82666015625,6610.0,851.0274047851562,3773.878662109375,2770.78857421875,25370.970703125
2026-04-27,5951.9306640625,3050.0,3980.30419921875,3720.0,2616.635498046875,3140.0,5830.5966796875,30675.0,1415.927978515625,6635.95654296875,6610.0,851.0274047851562,3839.106201171875,2780.343017578125,24458.0
2026-04-28,5976.833984375,3070.0,4007.4423828125,3790.0,2607.389404296875,3030.0,5735.4033203125,30175.0,1383.3243408203125,6515.740234375,6538.15234375,860.75341796875,3764.560302734375,2761.234130859375,25475.0
2026-04-29,5951.9306640625,3070.0,4007.4423828125,3800.0,2653.61962890625,3000.0,5759.20166015625,30425.0,1467.1622314453125,6467.6533203125,6562.1015625,851.0274047851562,3615.468994140625,2780.343017578125,26200.0
2026-04-30,5827.4130859375,2990.0,3971.258056640625,3720.0,2598.143310546875,2940.0,5687.806640625,29050.0,1429.90087890625,6515.740234375,6466.3046875,841.3013305664062,3485.013916015625,2742.125244140625,26650.0
2026-05-04,5877.22021484375,3040.0,3998.396484375,3840.0,2672.11181640625,3030.0,5783.0,29100.0,1453.189208984375,6539.78369140625,6657.89892578125,841.3013305664062,3540.923095703125,2818.560791015625,26800.0
2026-05-05,5927.02685546875,3150.0,4061.719482421875,3920.0,2662.86572265625,3070.0,5875.0,28750.0,1527.7117919921875,6467.6533203125,6657.89892578125,826.7123413085938,3438.4228515625,2818.560791015625,26850.0
2026-05-06,5927.02685546875,3160.0,4079.811767578125,3830.0,2681.35791015625,3110.0,5750.0,29350.0,1681.4144287109375,6539.78369140625,6753.69580078125,841.3013305664062,3540.923095703125,2799.451904296875,26175.0
2026-05-07,6200.96533203125,3310.0,4197.41162109375,3980.0,2709.095947265625,3230.0,5850.0,29550.0,1709.3603515625,6900.43310546875,6825.54345703125,875.3424682617188,3615.468994140625,2751.6796875,25500.0
2026-05-08,6151.158203125,3260.0,4188.365234375,3860.0,2736.834228515625,3050.0,5825.0,27400.0,1676.7568359375,6780.216796875,6681.84814453125,894.7944946289062,3382.513427734375,2732.57080078125,24300.0
2026-05-11,6126.2548828125,3200.0,4185.36865234375,3820.0,2736.834228515625,3020.0,6050.0,27175.0,1662.7838134765625,6828.30322265625,6633.94921875,865.616455078125,3447.740966796875,2742.125244140625,24150.0
2026-05-12,6101.35107421875,3220.0,4175.52099609375,3910.0,2727.588134765625,3100.0,5850.0,27175.0,1676.7568359375,6684.04345703125,6681.84814453125,846.1643676757812,3326.60400390625,2732.57080078125,24100.0
2026-05-13,6076.44775390625,3120.0,4136.12890625,3870.0,2736.834228515625,3030.0,5750.0,26900.0,1662.7838134765625,6563.82666015625,6538.15234375,826.7123413085938,3261.376708984375,2703.907470703125,23950.0
2026-05-14,6076.44775390625,3120.0,4136.12890625,3870.0,2736.834228515625,3030.0,5750.0,26900.0,1662.7838134765625,6563.82666015625,6538.15234375,826.7123413085938,3261.376708984375,2703.907470703125,23950.0
2026-05-15,6076.44775390625,3120.0,4136.12890625,3870.0,2736.834228515625,3030.0,5750.0,26900.0,1662.7838134765625,6563.82666015625,6538.15234375,826.7123413085938,3261.376708984375,2703.907470703125,23950.0
2026-05-18,6101.35107421875,3060.0,4067.193603515625,3800.0,2847.786865234375,2940.0,6000.0,26475.0,1648.810791015625,6539.78369140625,6442.35498046875,816.9862670898438,2944.55712890625,2723.016357421875,24950.0
2026-05-19,5927.02685546875,3040.0,4067.193603515625,3810.0,2847.786865234375,2930.0,5950.0,25500.0,1634.837890625,6467.6533203125,6370.50732421875,812.123291015625,2851.375,2531.927490234375,23225.0
2026-05-20,5951.9306640625,3040.0,4165.6728515625,3800.0,2866.279052734375,2910.0,5975.0,24850.0,1672.09912109375,6491.69677734375,6322.60888671875,807.26025390625,2888.64794921875,2694.35302734375,23525.0
2026-05-21,5927.02685546875,3020.0,4106.58544921875,3800.0,2773.818359375,2660.0,5600.0,24100.0,1630.18017578125,6419.56689453125,6466.3046875,787.8082275390625,2767.510986328125,2589.254150390625,22325.0
2026-05-22,5877.22021484375,3050.0,4057.345703125,3780.0,2699.849853515625,2750.0,5400.0,24050.0,1644.1531982421875,6563.82666015625,6442.35498046875,778.0821533203125,2879.32958984375,2598.80859375,23175.0
2026-05-25,6076.44775390625,3170.0,4155.8251953125,3890.0,2709.095947265625,2880.0,5600.0,24575.0,1648.810791015625,6828.30322265625,6657.89892578125,787.8082275390625,2860.693115234375,2675.244140625,22525.0
2026-05-26,5951.9306640625,3070.0,4067.193603515625,3840.0,2857.032958984375,2770.0,5125.0,23800.0,1639.4954833984375,6611.91357421875,6538.15234375,773.2191772460938,2758.19287109375,2713.4619140625,22725.0
2026-05-27,5951.9306640625,3070.0,4067.193603515625,3840.0,2857.032958984375,2770.0,5125.0,23800.0,1639.4954833984375,6611.91357421875,6538.15234375,773.2191772460938,2758.19287109375,2713.4619140625,22725.0
2026-05-28,5951.9306640625,3070.0,4067.193603515625,3840.0,2857.032958984375,2770.0,5125.0,23800.0,1639.4954833984375,6611.91357421875,6538.15234375,773.2191772460938,2758.19287109375,2713.4619140625,22725.0
2026-05-29,5677.9921875,2950.0,4017.9541015625,3700.0,2801.556640625,2830.0,5000.0,22925.0,1592.9189453125,6828.30322265625,6633.94921875,748.9041137695312,2702.283447265625,2656.13525390625,22100.0
2026-06-02,5802.509765625,3040.0,4106.58544921875,3760.0,2727.588134765625,2880.0,4900.0,22500.0,1551.0,6539.78369140625,6298.65966796875,724.5890502929688,2758.19287109375,2637.0263671875,22000.0
2026-06-03,5503.66796875,2900.0,3988.41015625,3570.0,2635.12744140625,2830.0,4840.0,22000.0,1490.450439453125,6275.30712890625,5987.31884765625,710.0,2432.05517578125,2503.26416015625,22075.0
2026-06-04,5404.05419921875,2810.0,3909.626708984375,3420.0,2681.35791015625,2670.0,4630.0,22000.0,1504.4234619140625,6371.48046875,5987.31884765625,720.0,2571.828369140625,2541.48193359375,22075.0
2026-06-05,5055.4052734375,2740.0,3781.603759765625,3210.0,2551.912841796875,2650.0,4570.0,21250.0,1462.5045166015625,6203.1767578125,5795.724609375,695.0,2562.51025390625,2474.600830078125,21900.0
2026-06-08,4831.27392578125,2590.0,3653.580810546875,3010.0,2172.824462890625,2440.0,4360.0,20875.0,1467.1622314453125,5770.39697265625,5675.978515625,665.0,2357.50927734375,2388.61083984375,21875.0
2026-06-09,5130.11572265625,2790.0,4027.802001953125,3270.0,2422.468017578125,2510.0,4670.0,21875.0,1495.108154296875,6082.96044921875,5939.42041015625,705.0,2683.64697265625,2522.373046875,21800.0
2026-06-10,5628.18505859375,2880.0,4195.216796875,3450.0,2598.143310546875,2540.0,4700.0,22000.0,1490.450439453125,6010.83056640625,5987.31884765625,705.0,2562.51025390625,2617.91748046875,22000.0
2026-06-11,5802.509765625,2850.0,4185.36865234375,3500.0,2653.61962890625,2610.0,4700.0,21750.0,1523.0540771484375,6010.83056640625,5963.36962890625,725.0,2534.555419921875,2512.818603515625,22350.0
2026-06-12,5902.12353515625,2850.0,4136.12890625,3560.0,2644.37353515625,2570.0,4740.0,22500.0,1551.0,6107.00390625,6154.9638671875,740.0,2655.6923828125,2503.26416015625,23475.0
2026-06-15,6250.77197265625,2990.0,4431.56689453125,3800.0,2709.095947265625,2550.0,4890.0,22750.0,1660.0,6347.43701171875,6370.50732421875,740.0,2916.6025390625,2503.26416015625,23375.0
2026-06-17,6250.77197265625,3080.0,4421.71923828125,3800.0,2736.834228515625,2580.0,4800.0,23000.0,1650.0,6371.48046875,6466.3046875,720.0,2944.55712890625,2474.600830078125,22550.0
2026-06-18,6051.54443359375,2960.0,4402.02294921875,3730.0,2780.0,2550.0,4770.0,22800.0,1665.0,6371.48046875,6514.203125,710.0,2953.87548828125,2465.04638671875,22250.0
2026-06-19,6275.67578125,2930.0,4244.45654296875,3670.0,2580.0,2580.0,4810.0,22675.0,1685.0,6443.6103515625,6442.35498046875,700.0,2870.011474609375,2417.274169921875,22225.0
2026-06-22,6200.96533203125,2870.0,4155.8251953125,3490.0,2510.0,2520.0,4730.0,22325.0,1700.0,6323.3935546875,6442.35498046875,680.0,2960.0,2455.491943359375,22550.0
2026-06-23,6101.35107421875,2910.0,4057.345703125,3430.0,2540.0,2530.0,4680.0,22500.0,1655.0,6347.43701171875,6466.3046875,760.0,2870.0,2480.0,22350.0
2026-06-24,5902.12353515625,2810.0,3909.626708984375,3320.0,2500.0,2490.0,4640.0,22000.0,1685.0,6251.263671875,6466.3046875,765.0,2750.0,2420.0,21975.0
2026-06-25,6001.7373046875,2850.0,3939.170654296875,3350.0,2500.0,2520.0,4920.0,22500.0,1735.0,6467.6533203125,6442.35498046875,780.0,2740.0,2370.0,21900.0
2026-06-26,6151.158203125,2870.0,3929.32275390625,3320.0,2480.0,2480.0,4760.0,22600.0,1730.0,6347.43701171875,6442.35498046875,790.0,2710.0,2360.0,22050.0
2026-06-29,5902.12353515625,2840.0,3880.0830078125,3260.0,2410.0,2380.0,4710.0,22575.0,1770.0,6395.5234375,6322.60888671875,780.0,2720.0,2320.0,22100.0
2026-06-30,5528.5712890625,2730.0,3791.45166015625,3160.0,2350.0,2370.0,4520.0,23000.0,1805.0,6539.78369140625,6394.45654296875,765.0,2590.0,2290.0,22025.0
2026-07-01,5578.37841796875,2670.0,3752.06005859375,3100.0,2440.0,2370.0,4600.0,22025.0,1775.0,6539.78369140625,6322.60888671875,765.0,2610.0,2290.0,22350.0
2026-07-02,5777.60595703125,2690.0,3840.69140625,3170.0,2450.0,2410.0,4580.0,22800.0,1760.0,6491.69677734375,6490.25390625,745.0,2760.0,2270.0,22475.0
2026-07-03,6026.64111328125,2710.0,3949.0185546875,3250.0,2520.0,2530.0,4810.0,24000.0,1800.0,6684.04345703125,6633.94921875,750.0,2930.0,2310.0,22525.0
2026-07-06,6101.35107421875,2790.0,3968.71435546875,3280.0,2480.0,2510.0,4780.0,23800.0,1770.0,6660.0,6610.0,750.0,2940.0,2330.0,22625.0
2026-07-07,6275.67578125,2860.0,4008.106201171875,3470.0,2480.0,2590.0,4930.0,24000.0,1765.0,6725.0,6675.0,745.0,2930.0,2370.0,22750.0
2026-07-08,6151.158203125,2790.0,3909.626708984375,3380.0,2510.0,2510.0,4890.0,24300.0,1735.0,6625.0,6575.0,740.0,2790.0,2350.0,22875.0
2026-07-09,6176.0615234375,2780.0,3978.562255859375,3420.0,2510.0,2450.0,4880.0,24050.0,1715.0,6675.0,6625.0,725.0,2850.0,2360.0,23000.0
2026-07-10,6151.158203125,2790.0,4017.9541015625,3420.0,2480.0,2450.0,4810.0,24500.0,1730.0,6650.0,6775.0,725.0,2900.0,2380.0,23300.0
2026-07-13,6200.96533203125,2870.0,4185.36865234375,3530.0,2510.0,2480.0,4850.0,25900.0,1680.0,6625.0,6750.0,725.0,2920.0,2410.0,23925.0
2026-07-14,6101.35107421875,2800.0,4096.7373046875,3470.0,2560.0,2530.0,4880.0,27500.0,1675.0,6650.0,6775.0,730.0,2920.0,2420.0,24000.0
2026-07-15,6101.35107421875,2830.0,4136.12890625,3460.0,2520.0,2550.0,4850.0,27400.0,1670.0,6600.0,6750.0,705.0,3040.0,2420.0,24025.0
2026-07-16,6200.96533203125,2860.0,4244.45654296875,3500.0,2530.0,2600.0,5100.0,26925.0,1685.0,6700.0,6750.0,720.0,3080.0,2420.0,23825.0
2026-07-17,6450.0,2970.0,4411.87109375,3580.0,2660.0,2580.0,5100.0,26550.0,1700.0,6850.0,6700.0,760.0,3070.0,2410.0,23850.0
2026-07-20,6450.0,3020.0,4382.3271484375,3590.0,2710.0,2600.0,5050.0,26200.0,1735.0,6900.0,6800.0,770.0,3000.0,2440.0,24325.0
2026-07-21,6499.80712890625,3070.0,4411.87109375,3620.0,2750.0,2570.0,5100.0,26100.0,1710.0,7000.0,6850.0,745.0,3060.0,2420.0,24175.0
2026-07-22,6474.9033203125,3020.0,4352.78369140625,3610.0,2700.0,2550.0,5150.0,25550.0,1705.0,7075.0,6900.0,730.0,3120.0,2430.0,24275.0
2026-07-23,6250.77197265625,2990.0,4313.3916015625,3600.0,2650.0,2540.0,5000.0,25500.0,1680.0,7125.0,6925.0,725.0,3080.0,2440.0,24400.0
2026-07-24,6250.77197265625,2960.0,4067.193603515625,3520.0,2630.0,2410.0,4980.0,25500.0,1685.0,6975.0,6850.0,720.0,2990.0,2390.0,24500.0
2026-07-27,6275.67578125,2950.0,4096.7373046875,3520.0,2590.0,2370.0,4910.0,25400.0,1680.0,6950.0,6875.0,715.0,2970.0,2360.0,24350.0
2026-07-28,6200.96533203125,2930.0,4037.64990234375,3480.0,2560.0,2440.0,4970.0,25000.0,1705.0,6950.0,6850.0,700.0,2890.0,2330.0,24225.0
2026-07-29,6250.77197265625,2920.0,4027.802001953125,3460.0,2560.0,2420.0,4960.0,24500.0,1695.0,6950.0,6875.0,700.0,2840.0,2330.0,24450.0
2026-07-30,6425.0966796875,2990.0,4096.7373046875,3550.0,2670.0,2460.0,4950.0,24250.0,1715.0,7025.0,6950.0,695.0,2860.0,2350.0,24800.0
2026-07-31,6300.5791015625,3040.0,4126.28125,3530.0,2630.0,2440.0,5100.0,23950.0,1755.0,6975.0,6975.0,725.0,2880.0,2320.0,24575.0
2026-08-03,6275.67578125,3020.0,4106.58544921875,3520.0,2740.0,2530.0,5050.0,23800.0,1740.0,7200.0,7075.0,725.0,2870.0,2320.0,24625.0
2026-08-04,6474.9033203125,3060.0,4195.216796875,3660.0,2790.0,2510.0,5125.0,24000.0,1820.0,7175.0,7200.0,735.0,2890.0,2360.0,24825.0
2026-08-05,6425.0966796875,3020.0,4155.8251953125,3630.0,2710.0,2560.0,5025.0,23800.0,1845.0,7300.0,7250.0,800.0,3070.0,2360.0,24700.0
2026-08-06,6325.482421875,3040.0,4136.12890625,3620.0,2650.0,2500.0,5100.0,23800.0,1805.0,7450.0,7275.0,790.0,3080.0,2350.0,24700.0
2026-08-07,6350.38623046875,3130.0,4175.52099609375,3630.0,2710.0,2550.0,5100.0,23675.0,1820.0,7750.0,7450.0,790.0,3160.0,2370.0,25125.0
2026-08-10,6350.38623046875,3090.0,4116.43310546875,3650.0,2620.0,2500.0,5000.0,24050.0,1800.0,7600.0,7325.0,785.0,3140.0,2390.0,24900.0
2026-08-11,6275.67578125,3090.0,4057.345703125,3550.0,2610.0,2410.0,4870.0,23625.0,1745.0,7575.0,7275.0,800.0,3090.0,2350.0,24675.0
2026-08-12,6325.482421875,3130.0,4067.193603515625,3580.0,2590.0,2560.0,4860.0,23300.0,1760.0,7550.0,7375.0,800.0,3090.0,2350.0,24750.0
2026-08-13,6350.38623046875,3110.0,4067.193603515625,3610.0,2590.0,2630.0,4800.0,23075.0,1730.0,7550.0,7350.0,800.0,3000.0,2340.0,24425.0
2026-08-14,6325.482421875,3120.0,4106.58544921875,3630.0,2620.0,2800.0,4780.0,23275.0,1775.0,7600.0,7425.0,800.0,3070.0,2360.0,25000.0
2026-08-18,6275.67578125,3080.0,4086.889404296875,3590.0,2600.0,2910.0,4790.0,23325.0,1800.0,7625.0,7350.0,800.0,3100.0,2370.0,24750.0
2026-08-19,6275.67578125,3080.0,4077.04150390625,3560.0,2600.0,2860.0,4730.0,23575.0,1780.0,7675.0,7275.0,780.0,3030.0,2370.0,25000.0
2026-08-20,6375.28955078125,3140.0,4086.889404296875,3590.0,2610.0,2830.0,4790.0,23825.0,1835.0,7700.0,7350.0,825.0,3140.0,2400.0,25400.0
2026-08-21,6425.0966796875,3230.0,4155.8251953125,3730.0,2610.0,2840.0,4780.0,23900.0,1795.0,7625.0,7375.0,810.0,3170.0,2400.0,25200.0
2026-08-24,6375.28955078125,3180.0,4136.12890625,3680.0,2620.0,2700.0,4790.0,24125.0,1800.0,7750.0,7375.0,805.0,3190.0,2480.0,25400.0
2026-08-25,,3180.0,4136.12890625,3680.0,2620.0,,4790.0,24125.0,1800.0,,7375.0,805.0,3190.0,2480.0,25400.0
2026-08-26,6325.482421875,3130.0,4096.7373046875,3680.0,2600.0,2700.0,4780.0,23850.0,1765.0,7850.0,7275.0,805.0,3160.0,2420.0,25100.0
2026-08-27,6375.28955078125,3150.0,4145.97705078125,3710.0,2610.0,2770.0,4790.0,24475.0,1760.0,7950.0,7300.0,805.0,3180.0,2500.0,25550.0
2026-08-28,6450.0,3190.0,4185.36865234375,3780.0,2570.0,2770.0,4800.0,24000.0,1755.0,7950.0,7300.0,800.0,3160.0,2530.0,25650.0
2026-08-31,6475.0,3250.0,4165.6728515625,3860.0,2600.0,2820.0,4800.0,24200.0,1755.0,7600.0,7500.0,785.0,3100.0,2560.0,26050.0
2026-09-01,6600.0,3380.0,4254.30419921875,3870.0,2610.0,2770.0,4920.0,25575.0,1710.0,7375.0,7200.0,775.0,3080.0,2670.0,26000.0
2026-09-02,6675.0,3390.0,4293.69580078125,3900.0,2590.0,2710.0,4840.0,25050.0,1700.0,7375.0,7175.0,755.0,3030.0,2720.0,26100.0
2026-09-03,6775.0,3410.0,4392.17529296875,3960.0,2600.0,2740.0,5050.0,25300.0,1710.0,7375.0,7250.0,780.0,3150.0,2890.0,26150.0
2026-09-04,6700.0,3390.0,4352.78369140625,3940.0,2610.0,2710.0,4900.0,24950.0,1685.0,7275.0,7225.0,775.0,3120.0,2880.0,26100.0
2026-09-07,6625.0,3370.0,4323.23974609375,3910.0,2610.0,2710.0,4910.0,25300.0,1670.0,7250.0,7350.0,785.0,3080.0,3010.0,26525.0
2026-09-08,6675.0,3410.0,4362.63134765625,3870.0,2650.0,2740.0,4930.0,25875.0,1675.0,7200.0,7500.0,780.0,3080.0,3000.0,26750.0
2026-09-09,6525.0,3420.0,4323.23974609375,3820.0,2660.0,2730.0,4850.0,26000.0,1675.0,7200.0,7500.0,760.0,3200.0,3100.0,26550.0
2026-09-10,6425.0,3320.0,4303.5439453125,3800.0,2630.0,2700.0,4870.0,26375.0,1655.0,7175.0,7325.0,755.0,3270.0,3100.0,26100.0
2026-09-11,6325.0,3270.0,4293.69580078125,3750.0,2600.0,2630.0,4910.0,26300.0,1630.0,7125.0,7300.0,735.0,3270.0,3100.0,26100.0
2026-09-14,6500.0,3400.0,4372.4794921875,3870.0,2690.0,2550.0,4980.0,26400.0,1620.0,7125.0,7250.0,735.0,3190.0,3080.0,26150.0
2026-09-15,6400.0,3320.0,4274.0,3750.0,2700.0,2550.0,4890.0,26100.0,1625.0,6900.0,7275.0,770.0,3270.0,3020.0,26175.0
2026-09-16,6325.0,3330.0,4260.0,3730.0,2660.0,2540.0,4850.0,26075.0,1620.0,7025.0,7225.0,760.0,3220.0,3000.0,26225.0
2026-09-17,6350.0,3330.0,4350.0,3740.0,2590.0,2580.0,4900.0,25700.0,1640.0,6950.0,7175.0,775.0,3280.0,3140.0,26500.0
2026-09-18,6300.0,3310.0,4260.0,3650.0,2560.0,2500.0,4820.0,24825.0,1650.0,6900.0,7025.0,760.0,3340.0,3090.0,26700.0
2026-09-21,6225.0,3300.0,4200.0,3620.0,2500.0,2420.0,4820.0,24700.0,1620.0,6800.0,7000.0,750.0,3240.0,3080.0,26125.0
2026-09-22,6200.0,3180.0,4160.0,3570.0,2470.0,2410.0,4780.0,24325.0,1620.0,6650.0,6925.0,750.0,3170.0,3010.0,25300.0
